interval_start_local,interval_start_utc,interval_end_local,interval_end_utc,market,location,location_type,lmp,energy,congestion,loss,ghg
2025-10-05 00:00:00-07:00,2025-10-05 07:00:00+00:00,2025-10-05 00:05:00-07:00,2025-10-05 07:05:00+00:00,REAL_TIME_5_MIN,OAKLAND_1_N001,Node,46.7095,45.0198,0.00146,1.68824,0.0
2025-10-05 00:00:00-07:00,2025-10-05 07:00:00+00:00,2025-10-05 00:05:00-07:00,2025-10-05 07:05:00+00:00,REAL_TIME_5_MIN,PGSF_2_PDRP58-APND,AP Node,47.26859,45.0198,0.00157,2.24723,0.0
2025-10-05 00:00:00-07:00,2025-10-05 07:00:00+00:00,2025-10-05 00:05:00-07:00,2025-10-05 07:05:00+00:00,REAL_TIME_5_MIN,SNJOSEB_1_N001,Node,47.45243,45.0198,0.00157,2.43107,0.0
2025-10-05 00:05:00-07:00,2025-10-05 07:05:00+00:00,2025-10-05 00:10:00-07:00,2025-10-05 07:10:00+00:00,REAL_TIME_5_MIN,OAKLAND_1_N001,Node,45.8586,44.20106,0.0,1.65754,0.0
2025-10-05 00:05:00-07:00,2025-10-05 07:05:00+00:00,2025-10-05 00:10:00-07:00,2025-10-05 07:10:00+00:00,REAL_TIME_5_MIN,PGSF_2_PDRP58-APND,AP Node,46.40741,44.20106,0.0,2.20636,0.0
2025-10-05 00:05:00-07:00,2025-10-05 07:05:00+00:00,2025-10-05 00:10:00-07:00,2025-10-05 07:10:00+00:00,REAL_TIME_5_MIN,SNJOSEB_1_N001,Node,46.58791,44.20106,0.0,2.38686,0.0
2025-10-05 00:10:00-07:00,2025-10-05 07:10:00+00:00,2025-10-05 00:15:00-07:00,2025-10-05 07:15:00+00:00,REAL_TIME_5_MIN,OAKLAND_1_N001,Node,45.23814,43.59719,0.00606,1.63489,0.0
2025-10-05 00:10:00-07:00,2025-10-05 07:10:00+00:00,2025-10-05 00:15:00-07:00,2025-10-05 07:15:00+00:00,REAL_TIME_5_MIN,PGSF_2_PDRP58-APND,AP Node,45.8986,43.59719,0.12519,2.17622,0.0
2025-10-05 00:10:00-07:00,2025-10-05 07:10:00+00:00,2025-10-05 00:15:00-07:00,2025-10-05 07:15:00+00:00,REAL_TIME_5_MIN,SNJOSEB_1_N001,Node,46.08209,43.59719,0.13065,2.35425,0.0
2025-10-05 00:15:00-07:00,2025-10-05 07:15:00+00:00,2025-10-05 00:20:00-07:00,2025-10-05 07:20:00+00:00,REAL_TIME_5_MIN,OAKLAND_1_N001,Node,39.1312,39.12518,0.00602,0.0,0.0
2025-10-05 00:15:00-07:00,2025-10-05 07:15:00+00:00,2025-10-05 00:20:00-07:00,2025-10-05 07:20:00+00:00,REAL_TIME_5_MIN,PGSF_2_PDRP58-APND,AP Node,44.3191,39.12518,5.19392,0.0,0.0
2025-10-05 00:15:00-07:00,2025-10-05 07:15:00+00:00,2025-10-05 00:20:00-07:00,2025-10-05 07:20:00+00:00,REAL_TIME_5_MIN,SNJOSEB_1_N001,Node,44.31914,39.12518,5.19396,0.0,0.0
2025-10-05 00:20:00-07:00,2025-10-05 07:20:00+00:00,2025-10-05 00:25:00-07:00,2025-10-05 07:25:00+00:00,REAL_TIME_5_MIN,OAKLAND_1_N001,Node,40.42767,40.42475,0.00292,0.0,0.0
2025-10-05 00:20:00-07:00,2025-10-05 07:20:00+00:00,2025-10-05 00:25:00-07:00,2025-10-05 07:25:00+00:00,REAL_TIME_5_MIN,PGSF_2_PDRP58-APND,AP Node,45.21865,40.42475,4.7939,0.0,0.0
2025-10-05 00:20:00-07:00,2025-10-05 07:20:00+00:00,2025-10-05 00:25:00-07:00,2025-10-05 07:25:00+00:00,REAL_TIME_5_MIN,SNJOSEB_1_N001,Node,45.21865,40.42475,4.7939,0.0,0.0
2025-10-05 00:25:00-07:00,2025-10-05 07:25:00+00:00,2025-10-05 00:30:00-07:00,2025-10-05 07:30:00+00:00,REAL_TIME_5_MIN,OAKLAND_1_N001,Node,40.97,40.97,0.0,0.0,0.0
2025-10-05 00:25:00-07:00,2025-10-05 07:25:00+00:00,2025-10-05 00:30:00-07:00,2025-10-05 07:30:00+00:00,REAL_TIME_5_MIN,PGSF_2_PDRP58-APND,AP Node,45.5955,40.97,4.6255,0.0,0.0
2025-10-05 00:25:00-07:00,2025-10-05 07:25:00+00:00,2025-10-05 00:30:00-07:00,2025-10-05 07:30:00+00:00,REAL_TIME_5_MIN,SNJOSEB_1_N001,Node,45.5955,40.97,4.6255,0.0,0.0
2025-10-05 00:30:00-07:00,2025-10-05 07:30:00+00:00,2025-10-05 00:35:00-07:00,2025-10-05 07:35:00+00:00,REAL_TIME_5_MIN,OAKLAND_1_N001,Node,42.155,42.1536,0.0014,0.0,0.0
2025-10-05 00:30:00-07:00,2025-10-05 07:30:00+00:00,2025-10-05 00:35:00-07:00,2025-10-05 07:35:00+00:00,REAL_TIME_5_MIN,PGSF_2_PDRP58-APND,AP Node,43.99686,42.1536,1.84326,0.0,0.0
2025-10-05 00:30:00-07:00,2025-10-05 07:30:00+00:00,2025-10-05 00:35:00-07:00,2025-10-05 07:35:00+00:00,REAL_TIME_5_MIN,SNJOSEB_1_N001,Node,43.99689,42.1536,1.84329,0.0,0.0
2025-10-05 00:35:00-07:00,2025-10-05 07:35:00+00:00,2025-10-05 00:40:00-07:00,2025-10-05 07:40:00+00:00,REAL_TIME_5_MIN,OAKLAND_1_N001,Node,40.97005,40.96865,0.0014,0.0,0.0
2025-10-05 00:35:00-07:00,2025-10-05 07:35:00+00:00,2025-10-05 00:40:00-07:00,2025-10-05 07:40:00+00:00,REAL_TIME_5_MIN,PGSF_2_PDRP58-APND,AP Node,43.6955,40.96865,2.72685,0.0,0.0
2025-10-05 00:35:00-07:00,2025-10-05 07:35:00+00:00,2025-10-05 00:40:00-07:00,2025-10-05 07:40:00+00:00,REAL_TIME_5_MIN,SNJOSEB_1_N001,Node,43.69553,40.96865,2.72688,0.0,0.0
2025-10-05 00:40:00-07:00,2025-10-05 07:40:00+00:00,2025-10-05 00:45:00-07:00,2025-10-05 07:45:00+00:00,REAL_TIME_5_MIN,OAKLAND_1_N001,Node,37.89271,37.88851,0.0042,0.0,0.0
2025-10-05 00:40:00-07:00,2025-10-05 07:40:00+00:00,2025-10-05 00:45:00-07:00,2025-10-05 07:45:00+00:00,REAL_TIME_5_MIN,PGSF_2_PDRP58-APND,AP Node,43.45806,37.88851,5.56955,0.0,0.0
2025-10-05 00:40:00-07:00,2025-10-05 07:40:00+00:00,2025-10-05 00:45:00-07:00,2025-10-05 07:45:00+00:00,REAL_TIME_5_MIN,SNJOSEB_1_N001,Node,43.45815,37.88851,5.56964,0.0,0.0
2025-10-05 00:45:00-07:00,2025-10-05 07:45:00+00:00,2025-10-05 00:50:00-07:00,2025-10-05 07:50:00+00:00,REAL_TIME_5_MIN,OAKLAND_1_N001,Node,37.78065,37.77464,0.00601,0.0,0.0
2025-10-05 00:45:00-07:00,2025-10-05 07:45:00+00:00,2025-10-05 00:50:00-07:00,2025-10-05 07:50:00+00:00,REAL_TIME_5_MIN,PGSF_2_PDRP58-APND,AP Node,43.38122,37.77464,5.60658,0.0,0.0
2025-10-05 00:45:00-07:00,2025-10-05 07:45:00+00:00,2025-10-05 00:50:00-07:00,2025-10-05 07:50:00+00:00,REAL_TIME_5_MIN,SNJOSEB_1_N001,Node,43.38128,37.77464,5.60665,0.0,0.0
2025-10-05 00:50:00-07:00,2025-10-05 07:50:00+00:00,2025-10-05 00:55:00-07:00,2025-10-05 07:55:00+00:00,REAL_TIME_5_MIN,OAKLAND_1_N001,Node,37.1182,37.11219,0.00601,0.0,0.0
2025-10-05 00:50:00-07:00,2025-10-05 07:50:00+00:00,2025-10-05 00:55:00-07:00,2025-10-05 07:55:00+00:00,REAL_TIME_5_MIN,PGSF_2_PDRP58-APND,AP Node,42.92118,37.11219,5.80899,0.0,0.0
2025-10-05 00:50:00-07:00,2025-10-05 07:50:00+00:00,2025-10-05 00:55:00-07:00,2025-10-05 07:55:00+00:00,REAL_TIME_5_MIN,SNJOSEB_1_N001,Node,42.92125,37.11219,5.80906,0.0,0.0
2025-10-05 00:55:00-07:00,2025-10-05 07:55:00+00:00,2025-10-05 01:00:00-07:00,2025-10-05 08:00:00+00:00,REAL_TIME_5_MIN,OAKLAND_1_N001,Node,37.76523,37.75921,0.00601,0.0,0.0
2025-10-05 00:55:00-07:00,2025-10-05 07:55:00+00:00,2025-10-05 01:00:00-07:00,2025-10-05 08:00:00+00:00,REAL_TIME_5_MIN,PGSF_2_PDRP58-APND,AP Node,43.03388,37.75921,5.27466,0.0,0.0
2025-10-05 00:55:00-07:00,2025-10-05 07:55:00+00:00,2025-10-05 01:00:00-07:00,2025-10-05 08:00:00+00:00,REAL_TIME_5_MIN,SNJOSEB_1_N001,Node,43.03394,37.75921,5.27473,0.0,0.0
2025-10-05 01:00:00-07:00,2025-10-05 08:00:00+00:00,2025-10-05 01:05:00-07:00,2025-10-05 08:05:00+00:00,REAL_TIME_5_MIN,OAKLAND_1_N001,Node,40.69574,40.69574,0.0,0.0,0.0
2025-10-05 01:00:00-07:00,2025-10-05 08:00:00+00:00,2025-10-05 01:05:00-07:00,2025-10-05 08:05:00+00:00,REAL_TIME_5_MIN,PGSF_2_PDRP58-APND,AP Node,45.41091,40.69574,4.71517,0.0,0.0
2025-10-05 01:00:00-07:00,2025-10-05 08:00:00+00:00,2025-10-05 01:05:00-07:00,2025-10-05 08:05:00+00:00,REAL_TIME_5_MIN,SNJOSEB_1_N001,Node,45.41091,40.69574,4.71517,0.0,0.0
2025-10-05 01:05:00-07:00,2025-10-05 08:05:00+00:00,2025-10-05 01:10:00-07:00,2025-10-05 08:10:00+00:00,REAL_TIME_5_MIN,OAKLAND_1_N001,Node,40.41691,40.41691,0.0,0.0,0.0
2025-10-05 01:05:00-07:00,2025-10-05 08:05:00+00:00,2025-10-05 01:10:00-07:00,2025-10-05 08:10:00+00:00,REAL_TIME_5_MIN,PGSF_2_PDRP58-APND,AP Node,44.96168,40.41691,4.54478,0.0,0.0
2025-10-05 01:05:00-07:00,2025-10-05 08:05:00+00:00,2025-10-05 01:10:00-07:00,2025-10-05 08:10:00+00:00,REAL_TIME_5_MIN,SNJOSEB_1_N001,Node,44.96168,40.41691,4.54478,0.0,0.0
2025-10-05 01:10:00-07:00,2025-10-05 08:10:00+00:00,2025-10-05 01:15:00-07:00,2025-10-05 08:15:00+00:00,REAL_TIME_5_MIN,OAKLAND_1_N001,Node,38.89333,38.89333,0.0,0.0,0.0
2025-10-05 01:10:00-07:00,2025-10-05 08:10:00+00:00,2025-10-05 01:15:00-07:00,2025-10-05 08:15:00+00:00,REAL_TIME_5_MIN,PGSF_2_PDRP58-APND,AP Node,44.17188,38.89333,5.27855,0.0,0.0
2025-10-05 01:10:00-07:00,2025-10-05 08:10:00+00:00,2025-10-05 01:15:00-07:00,2025-10-05 08:15:00+00:00,REAL_TIME_5_MIN,SNJOSEB_1_N001,Node,44.17188,38.89333,5.27855,0.0,0.0
2025-10-05 01:15:00-07:00,2025-10-05 08:15:00+00:00,2025-10-05 01:20:00-07:00,2025-10-05 08:20:00+00:00,REAL_TIME_5_MIN,OAKLAND_1_N001,Node,39.78461,39.78321,0.0014,0.0,0.0
2025-10-05 01:15:00-07:00,2025-10-05 08:15:00+00:00,2025-10-05 01:20:00-07:00,2025-10-05 08:20:00+00:00,REAL_TIME_5_MIN,PGSF_2_PDRP58-APND,AP Node,44.77215,39.78321,4.98894,0.0,0.0
2025-10-05 01:15:00-07:00,2025-10-05 08:15:00+00:00,2025-10-05 01:20:00-07:00,2025-10-05 08:20:00+00:00,REAL_TIME_5_MIN,SNJOSEB_1_N001,Node,44.7722,39.78321,4.98899,0.0,0.0
2025-10-05 01:20:00-07:00,2025-10-05 08:20:00+00:00,2025-10-05 01:25:00-07:00,2025-10-05 08:25:00+00:00,REAL_TIME_5_MIN,OAKLAND_1_N001,Node,38.6902,38.6888,0.0014,0.0,0.0
2025-10-05 01:20:00-07:00,2025-10-05 08:20:00+00:00,2025-10-05 01:25:00-07:00,2025-10-05 08:25:00+00:00,REAL_TIME_5_MIN,PGSF_2_PDRP58-APND,AP Node,44.75299,38.6888,6.06419,0.0,0.0
2025-10-05 01:20:00-07:00,2025-10-05 08:20:00+00:00,2025-10-05 01:25:00-07:00,2025-10-05 08:25:00+00:00,REAL_TIME_5_MIN,SNJOSEB_1_N001,Node,44.75304,38.6888,6.06424,0.0,0.0
2025-10-05 01:25:00-07:00,2025-10-05 08:25:00+00:00,2025-10-05 01:30:00-07:00,2025-10-05 08:30:00+00:00,REAL_TIME_5_MIN,OAKLAND_1_N001,Node,38.88889,38.88889,0.0,0.0,0.0
2025-10-05 01:25:00-07:00,2025-10-05 08:25:00+00:00,2025-10-05 01:30:00-07:00,2025-10-05 08:30:00+00:00,REAL_TIME_5_MIN,PGSF_2_PDRP58-APND,AP Node,44.73315,38.88889,5.84426,0.0,0.0
2025-10-05 01:25:00-07:00,2025-10-05 08:25:00+00:00,2025-10-05 01:30:00-07:00,2025-10-05 08:30:00+00:00,REAL_TIME_5_MIN,SNJOSEB_1_N001,Node,44.73315,38.88889,5.84426,0.0,0.0
2025-10-05 01:30:00-07:00,2025-10-05 08:30:00+00:00,2025-10-05 01:35:00-07:00,2025-10-05 08:35:00+00:00,REAL_TIME_5_MIN,OAKLAND_1_N001,Node,38.4318,38.4264,0.0054,0.0,0.0
2025-10-05 01:30:00-07:00,2025-10-05 08:30:00+00:00,2025-10-05 01:35:00-07:00,2025-10-05 08:35:00+00:00,REAL_TIME_5_MIN,PGSF_2_PDRP58-APND,AP Node,44.50396,38.4264,6.07756,0.0,0.0
2025-10-05 01:30:00-07:00,2025-10-05 08:30:00+00:00,2025-10-05 01:35:00-07:00,2025-10-05 08:35:00+00:00,REAL_TIME_5_MIN,SNJOSEB_1_N001,Node,44.50416,38.4264,6.07776,0.0,0.0
2025-10-05 01:35:00-07:00,2025-10-05 08:35:00+00:00,2025-10-05 01:40:00-07:00,2025-10-05 08:40:00+00:00,REAL_TIME_5_MIN,OAKLAND_1_N001,Node,38.30383,38.29843,0.0054,0.0,0.0
2025-10-05 01:35:00-07:00,2025-10-05 08:35:00+00:00,2025-10-05 01:40:00-07:00,2025-10-05 08:40:00+00:00,REAL_TIME_5_MIN,PGSF_2_PDRP58-APND,AP Node,42.51704,38.29843,4.2186,0.0,0.0
2025-10-05 01:35:00-07:00,2025-10-05 08:35:00+00:00,2025-10-05 01:40:00-07:00,2025-10-05 08:40:00+00:00,REAL_TIME_5_MIN,SNJOSEB_1_N001,Node,42.51724,38.29843,4.2188,0.0,0.0
2025-10-05 01:40:00-07:00,2025-10-05 08:40:00+00:00,2025-10-05 01:45:00-07:00,2025-10-05 08:45:00+00:00,REAL_TIME_5_MIN,OAKLAND_1_N001,Node,37.96323,37.95783,0.0054,0.0,0.0
2025-10-05 01:40:00-07:00,2025-10-05 08:40:00+00:00,2025-10-05 01:45:00-07:00,2025-10-05 08:45:00+00:00,REAL_TIME_5_MIN,PGSF_2_PDRP58-APND,AP Node,41.00075,37.95783,3.04292,0.0,0.0
2025-10-05 01:40:00-07:00,2025-10-05 08:40:00+00:00,2025-10-05 01:45:00-07:00,2025-10-05 08:45:00+00:00,REAL_TIME_5_MIN,SNJOSEB_1_N001,Node,41.00095,37.95783,3.04312,0.0,0.0
2025-10-05 01:45:00-07:00,2025-10-05 08:45:00+00:00,2025-10-05 01:50:00-07:00,2025-10-05 08:50:00+00:00,REAL_TIME_5_MIN,OAKLAND_1_N001,Node,37.77957,37.77417,0.0054,0.0,0.0
2025-10-05 01:45:00-07:00,2025-10-05 08:45:00+00:00,2025-10-05 01:50:00-07:00,2025-10-05 08:50:00+00:00,REAL_TIME_5_MIN,PGSF_2_PDRP58-APND,AP Node,40.71537,37.77417,2.9412,0.0,0.0
2025-10-05 01:45:00-07:00,2025-10-05 08:45:00+00:00,2025-10-05 01:50:00-07:00,2025-10-05 08:50:00+00:00,REAL_TIME_5_MIN,SNJOSEB_1_N001,Node,40.71557,37.77417,2.9414,0.0,0.0
2025-10-05 01:50:00-07:00,2025-10-05 08:50:00+00:00,2025-10-05 01:55:00-07:00,2025-10-05 08:55:00+00:00,REAL_TIME_5_MIN,OAKLAND_1_N001,Node,37.3378,37.3324,0.0054,0.0,0.0
2025-10-05 01:50:00-07:00,2025-10-05 08:50:00+00:00,2025-10-05 01:55:00-07:00,2025-10-05 08:55:00+00:00,REAL_TIME_5_MIN,PGSF_2_PDRP58-APND,AP Node,41.31708,37.3324,3.98468,0.0,0.0
2025-10-05 01:50:00-07:00,2025-10-05 08:50:00+00:00,2025-10-05 01:55:00-07:00,2025-10-05 08:55:00+00:00,REAL_TIME_5_MIN,SNJOSEB_1_N001,Node,41.31728,37.3324,3.98488,0.0,0.0
2025-10-05 01:55:00-07:00,2025-10-05 08:55:00+00:00,2025-10-05 02:00:00-07:00,2025-10-05 09:00:00+00:00,REAL_TIME_5_MIN,OAKLAND_1_N001,Node,37.87875,37.87335,0.0054,0.0,0.0
2025-10-05 01:55:00-07:00,2025-10-05 08:55:00+00:00,2025-10-05 02:00:00-07:00,2025-10-05 09:00:00+00:00,REAL_TIME_5_MIN,PGSF_2_PDRP58-APND,AP Node,41.36216,37.87335,3.48881,0.0,0.0
2025-10-05 01:55:00-07:00,2025-10-05 08:55:00+00:00,2025-10-05 02:00:00-07:00,2025-10-05 09:00:00+00:00,REAL_TIME_5_MIN,SNJOSEB_1_N001,Node,41.36236,37.87335,3.48901,0.0,0.0
2025-10-05 02:00:00-07:00,2025-10-05 09:00:00+00:00,2025-10-05 02:05:00-07:00,2025-10-05 09:05:00+00:00,REAL_TIME_5_MIN,OAKLAND_1_N001,Node,39.77255,39.77115,0.0014,0.0,0.0
2025-10-05 02:00:00-07:00,2025-10-05 09:00:00+00:00,2025-10-05 02:05:00-07:00,2025-10-05 09:05:00+00:00,REAL_TIME_5_MIN,PGSF_2_PDRP58-APND,AP Node,45.71004,39.77115,5.93889,0.0,0.0
2025-10-05 02:00:00-07:00,2025-10-05 09:00:00+00:00,2025-10-05 02:05:00-07:00,2025-10-05 09:05:00+00:00,REAL_TIME_5_MIN,SNJOSEB_1_N001,Node,45.71009,39.77115,5.93894,0.0,0.0
2025-10-05 02:05:00-07:00,2025-10-05 09:05:00+00:00,2025-10-05 02:10:00-07:00,2025-10-05 09:10:00+00:00,REAL_TIME_5_MIN,OAKLAND_1_N001,Node,39.77255,39.77115,0.0014,0.0,0.0
2025-10-05 02:05:00-07:00,2025-10-05 09:05:00+00:00,2025-10-05 02:10:00-07:00,2025-10-05 09:10:00+00:00,REAL_TIME_5_MIN,PGSF_2_PDRP58-APND,AP Node,45.80417,39.77115,6.03302,0.0,0.0
2025-10-05 02:05:00-07:00,2025-10-05 09:05:00+00:00,2025-10-05 02:10:00-07:00,2025-10-05 09:10:00+00:00,REAL_TIME_5_MIN,SNJOSEB_1_N001,Node,45.80422,39.77115,6.03307,0.0,0.0
2025-10-05 02:10:00-07:00,2025-10-05 09:10:00+00:00,2025-10-05 02:15:00-07:00,2025-10-05 09:15:00+00:00,REAL_TIME_5_MIN,OAKLAND_1_N001,Node,39.9085,39.9057,0.0028,0.0,0.0
2025-10-05 02:10:00-07:00,2025-10-05 09:10:00+00:00,2025-10-05 02:15:00-07:00,2025-10-05 09:15:00+00:00,REAL_TIME_5_MIN,PGSF_2_PDRP58-APND,AP Node,41.48401,39.9057,1.57831,0.0,0.0
2025-10-05 02:10:00-07:00,2025-10-05 09:10:00+00:00,2025-10-05 02:15:00-07:00,2025-10-05 09:15:00+00:00,REAL_TIME_5_MIN,SNJOSEB_1_N001,Node,41.48411,39.9057,1.57841,0.0,0.0
2025-10-05 02:15:00-07:00,2025-10-05 09:15:00+00:00,2025-10-05 02:20:00-07:00,2025-10-05 09:20:00+00:00,REAL_TIME_5_MIN,OAKLAND_1_N001,Node,39.2424,39.2424,0.0,0.0,0.0
2025-10-05 02:15:00-07:00,2025-10-05 09:15:00+00:00,2025-10-05 02:20:00-07:00,2025-10-05 09:20:00+00:00,REAL_TIME_5_MIN,PGSF_2_PDRP58-APND,AP Node,39.2424,39.2424,0.0,0.0,0.0
2025-10-05 02:15:00-07:00,2025-10-05 09:15:00+00:00,2025-10-05 02:20:00-07:00,2025-10-05 09:20:00+00:00,REAL_TIME_5_MIN,SNJOSEB_1_N001,Node,39.2424,39.2424,0.0,0.0,0.0
2025-10-05 02:20:00-07:00,2025-10-05 09:20:00+00:00,2025-10-05 02:25:00-07:00,2025-10-05 09:25:00+00:00,REAL_TIME_5_MIN,OAKLAND_1_N001,Node,39.2424,39.2424,0.0,0.0,0.0
2025-10-05 02:20:00-07:00,2025-10-05 09:20:00+00:00,2025-10-05 02:25:00-07:00,2025-10-05 09:25:00+00:00,REAL_TIME_5_MIN,PGSF_2_PDRP58-APND,AP Node,39.2424,39.2424,0.0,0.0,0.0
2025-10-05 02:20:00-07:00,2025-10-05 09:20:00+00:00,2025-10-05 02:25:00-07:00,2025-10-05 09:25:00+00:00,REAL_TIME_5_MIN,SNJOSEB_1_N001,Node,39.2424,39.2424,0.0,0.0,0.0
2025-10-05 02:25:00-07:00,2025-10-05 09:25:00+00:00,2025-10-05 02:30:00-07:00,2025-10-05 09:30:00+00:00,REAL_TIME_5_MIN,OAKLAND_1_N001,Node,39.41105,39.41105,0.0,0.0,0.0
2025-10-05 02:25:00-07:00,2025-10-05 09:25:00+00:00,2025-10-05 02:30:00-07:00,2025-10-05 09:30:00+00:00,REAL_TIME_5_MIN,PGSF_2_PDRP58-APND,AP Node,39.41105,39.41105,0.0,0.0,0.0
2025-10-05 02:25:00-07:00,2025-10-05 09:25:00+00:00,2025-10-05 02:30:00-07:00,2025-10-05 09:30:00+00:00,REAL_TIME_5_MIN,SNJOSEB_1_N001,Node,39.41105,39.41105,0.0,0.0,0.0
2025-10-05 02:30:00-07:00,2025-10-05 09:30:00+00:00,2025-10-05 02:35:00-07:00,2025-10-05 09:35:00+00:00,REAL_TIME_5_MIN,OAKLAND_1_N001,Node,38.8524,38.8524,0.0,0.0,0.0
2025-10-05 02:30:00-07:00,2025-10-05 09:30:00+00:00,2025-10-05 02:35:00-07:00,2025-10-05 09:35:00+00:00,REAL_TIME_5_MIN,PGSF_2_PDRP58-APND,AP Node,38.8524,38.8524,0.0,0.0,0.0
2025-10-05 02:30:00-07:00,2025-10-05 09:30:00+00:00,2025-10-05 02:35:00-07:00,2025-10-05 09:35:00+00:00,REAL_TIME_5_MIN,SNJOSEB_1_N001,Node,38.8524,38.8524,0.0,0.0,0.0
2025-10-05 02:35:00-07:00,2025-10-05 09:35:00+00:00,2025-10-05 02:40:00-07:00,2025-10-05 09:40:00+00:00,REAL_TIME_5_MIN,OAKLAND_1_N001,Node,38.9724,38.9724,0.0,0.0,0.0
2025-10-05 02:35:00-07:00,2025-10-05 09:35:00+00:00,2025-10-05 02:40:00-07:00,2025-10-05 09:40:00+00:00,REAL_TIME_5_MIN,PGSF_2_PDRP58-APND,AP Node,38.9724,38.9724,0.0,0.0,0.0
2025-10-05 02:35:00-07:00,2025-10-05 09:35:00+00:00,2025-10-05 02:40:00-07:00,2025-10-05 09:40:00+00:00,REAL_TIME_5_MIN,SNJOSEB_1_N001,Node,38.9724,38.9724,0.0,0.0,0.0
2025-10-05 02:40:00-07:00,2025-10-05 09:40:00+00:00,2025-10-05 02:45:00-07:00,2025-10-05 09:45:00+00:00,REAL_TIME_5_MIN,OAKLAND_1_N001,Node,39.2424,39.2424,0.0,0.0,0.0
2025-10-05 02:40:00-07:00,2025-10-05 09:40:00+00:00,2025-10-05 02:45:00-07:00,2025-10-05 09:45:00+00:00,REAL_TIME_5_MIN,PGSF_2_PDRP58-APND,AP Node,39.2424,39.2424,0.0,0.0,0.0
2025-10-05 02:40:00-07:00,2025-10-05 09:40:00+00:00,2025-10-05 02:45:00-07:00,2025-10-05 09:45:00+00:00,REAL_TIME_5_MIN,SNJOSEB_1_N001,Node,39.2424,39.2424,0.0,0.0,0.0
2025-10-05 02:45:00-07:00,2025-10-05 09:45:00+00:00,2025-10-05 02:50:00-07:00,2025-10-05 09:50:00+00:00,REAL_TIME_5_MIN,OAKLAND_1_N001,Node,39.08444,39.08444,0.0,0.0,0.0
2025-10-05 02:45:00-07:00,2025-10-05 09:45:00+00:00,2025-10-05 02:50:00-07:00,2025-10-05 09:50:00+00:00,REAL_TIME_5_MIN,PGSF_2_PDRP58-APND,AP Node,39.08444,39.08444,0.0,0.0,0.0
2025-10-05 02:45:00-07:00,2025-10-05 09:45:00+00:00,2025-10-05 02:50:00-07:00,2025-10-05 09:50:00+00:00,REAL_TIME_5_MIN,SNJOSEB_1_N001,Node,39.08444,39.08444,0.0,0.0,0.0
2025-10-05 02:50:00-07:00,2025-10-05 09:50:00+00:00,2025-10-05 02:55:00-07:00,2025-10-05 09:55:00+00:00,REAL_TIME_5_MIN,OAKLAND_1_N001,Node,38.42637,38.42637,0.0,0.0,0.0
2025-10-05 02:50:00-07:00,2025-10-05 09:50:00+00:00,2025-10-05 02:55:00-07:00,2025-10-05 09:55:00+00:00,REAL_TIME_5_MIN,PGSF_2_PDRP58-APND,AP Node,38.42637,38.42637,0.0,0.0,0.0
2025-10-05 02:50:00-07:00,2025-10-05 09:50:00+00:00,2025-10-05 02:55:00-07:00,2025-10-05 09:55:00+00:00,REAL_TIME_5_MIN,SNJOSEB_1_N001,Node,38.42637,38.42637,0.0,0.0,0.0
2025-10-05 02:55:00-07:00,2025-10-05 09:55:00+00:00,2025-10-05 03:00:00-07:00,2025-10-05 10:00:00+00:00,REAL_TIME_5_MIN,OAKLAND_1_N001,Node,39.5676,39.5676,0.0,0.0,0.0
2025-10-05 02:55:00-07:00,2025-10-05 09:55:00+00:00,2025-10-05 03:00:00-07:00,2025-10-05 10:00:00+00:00,REAL_TIME_5_MIN,PGSF_2_PDRP58-APND,AP Node,39.5676,39.5676,0.0,0.0,0.0
2025-10-05 02:55:00-07:00,2025-10-05 09:55:00+00:00,2025-10-05 03:00:00-07:00,2025-10-05 10:00:00+00:00,REAL_TIME_5_MIN,SNJOSEB_1_N001,Node,39.5676,39.5676,0.0,0.0,0.0
2025-10-05 03:00:00-07:00,2025-10-05 10:00:00+00:00,2025-10-05 03:05:00-07:00,2025-10-05 10:05:00+00:00,REAL_TIME_5_MIN,OAKLAND_1_N001,Node,40.11,40.11,0.0,0.0,0.0
2025-10-05 03:00:00-07:00,2025-10-05 10:00:00+00:00,2025-10-05 03:05:00-07:00,2025-10-05 10:05:00+00:00,REAL_TIME_5_MIN,PGSF_2_PDRP58-APND,AP Node,40.11,40.11,0.0,0.0,0.0
2025-10-05 03:00:00-07:00,2025-10-05 10:00:00+00:00,2025-10-05 03:05:00-07:00,2025-10-05 10:05:00+00:00,REAL_TIME_5_MIN,SNJOSEB_1_N001,Node,40.11,40.11,0.0,0.0,0.0
2025-10-05 03:05:00-07:00,2025-10-05 10:05:00+00:00,2025-10-05 03:10:00-07:00,2025-10-05 10:10:00+00:00,REAL_TIME_5_MIN,OAKLAND_1_N001,Node,40.4024,40.4024,0.0,0.0,0.0
2025-10-05 03:05:00-07:00,2025-10-05 10:05:00+00:00,2025-10-05 03:10:00-07:00,2025-10-05 10:10:00+00:00,REAL_TIME_5_MIN,PGSF_2_PDRP58-APND,AP Node,40.4024,40.4024,0.0,0.0,0.0
2025-10-05 03:05:00-07:00,2025-10-05 10:05:00+00:00,2025-10-05 03:10:00-07:00,2025-10-05 10:10:00+00:00,REAL_TIME_5_MIN,SNJOSEB_1_N001,Node,40.4024,40.4024,0.0,0.0,0.0
2025-10-05 03:10:00-07:00,2025-10-05 10:10:00+00:00,2025-10-05 03:15:00-07:00,2025-10-05 10:15:00+00:00,REAL_TIME_5_MIN,OAKLAND_1_N001,Node,41.3,41.3,0.0,0.0,0.0
2025-10-05 03:10:00-07:00,2025-10-05 10:10:00+00:00,2025-10-05 03:15:00-07:00,2025-10-05 10:15:00+00:00,REAL_TIME_5_MIN,PGSF_2_PDRP58-APND,AP Node,41.3,41.3,0.0,0.0,0.0
2025-10-05 03:10:00-07:00,2025-10-05 10:10:00+00:00,2025-10-05 03:15:00-07:00,2025-10-05 10:15:00+00:00,REAL_TIME_5_MIN,SNJOSEB_1_N001,Node,41.3,41.3,0.0,0.0,0.0
2025-10-05 03:15:00-07:00,2025-10-05 10:15:00+00:00,2025-10-05 03:20:00-07:00,2025-10-05 10:20:00+00:00,REAL_TIME_5_MIN,OAKLAND_1_N001,Node,41.3,41.3,0.0,0.0,0.0
2025-10-05 03:15:00-07:00,2025-10-05 10:15:00+00:00,2025-10-05 03:20:00-07:00,2025-10-05 10:20:00+00:00,REAL_TIME_5_MIN,PGSF_2_PDRP58-APND,AP Node,41.3,41.3,0.0,0.0,0.0
2025-10-05 03:15:00-07:00,2025-10-05 10:15:00+00:00,2025-10-05 03:20:00-07:00,2025-10-05 10:20:00+00:00,REAL_TIME_5_MIN,SNJOSEB_1_N001,Node,41.3,41.3,0.0,0.0,0.0
2025-10-05 03:20:00-07:00,2025-10-05 10:20:00+00:00,2025-10-05 03:25:00-07:00,2025-10-05 10:25:00+00:00,REAL_TIME_5_MIN,OAKLAND_1_N001,Node,41.2424,41.2424,0.0,0.0,0.0
2025-10-05 03:20:00-07:00,2025-10-05 10:20:00+00:00,2025-10-05 03:25:00-07:00,2025-10-05 10:25:00+00:00,REAL_TIME_5_MIN,PGSF_2_PDRP58-APND,AP Node,41.2424,41.2424,0.0,0.0,0.0
2025-10-05 03:20:00-07:00,2025-10-05 10:20:00+00:00,2025-10-05 03:25:00-07:00,2025-10-05 10:25:00+00:00,REAL_TIME_5_MIN,SNJOSEB_1_N001,Node,41.2424,41.2424,0.0,0.0,0.0
2025-10-05 03:25:00-07:00,2025-10-05 10:25:00+00:00,2025-10-05 03:30:00-07:00,2025-10-05 10:30:00+00:00,REAL_TIME_5_MIN,OAKLAND_1_N001,Node,41.3,41.3,0.0,0.0,0.0
2025-10-05 03:25:00-07:00,2025-10-05 10:25:00+00:00,2025-10-05 03:30:00-07:00,2025-10-05 10:30:00+00:00,REAL_TIME_5_MIN,PGSF_2_PDRP58-APND,AP Node,41.3,41.3,0.0,0.0,0.0
2025-10-05 03:25:00-07:00,2025-10-05 10:25:00+00:00,2025-10-05 03:30:00-07:00,2025-10-05 10:30:00+00:00,REAL_TIME_5_MIN,SNJOSEB_1_N001,Node,41.3,41.3,0.0,0.0,0.0
2025-10-05 03:30:00-07:00,2025-10-05 10:30:00+00:00,2025-10-05 03:35:00-07:00,2025-10-05 10:35:00+00:00,REAL_TIME_5_MIN,OAKLAND_1_N001,Node,41.29998,41.29799,0.00199,0.0,0.0
2025-10-05 03:30:00-07:00,2025-10-05 10:30:00+00:00,2025-10-05 03:35:00-07:00,2025-10-05 10:35:00+00:00,REAL_TIME_5_MIN,PGSF_2_PDRP58-APND,AP Node,41.3,41.29799,0.00201,0.0,0.0
2025-10-05 03:30:00-07:00,2025-10-05 10:30:00+00:00,2025-10-05 03:35:00-07:00,2025-10-05 10:35:00+00:00,REAL_TIME_5_MIN,SNJOSEB_1_N001,Node,41.30002,41.29799,0.00203,0.0,0.0
2025-10-05 03:35:00-07:00,2025-10-05 10:35:00+00:00,2025-10-05 03:40:00-07:00,2025-10-05 10:40:00+00:00,REAL_TIME_5_MIN,OAKLAND_1_N001,Node,41.3,41.3,0.0,0.0,0.0
2025-10-05 03:35:00-07:00,2025-10-05 10:35:00+00:00,2025-10-05 03:40:00-07:00,2025-10-05 10:40:00+00:00,REAL_TIME_5_MIN,PGSF_2_PDRP58-APND,AP Node,41.3,41.3,0.0,0.0,0.0
2025-10-05 03:35:00-07:00,2025-10-05 10:35:00+00:00,2025-10-05 03:40:00-07:00,2025-10-05 10:40:00+00:00,REAL_TIME_5_MIN,SNJOSEB_1_N001,Node,41.3,41.3,0.0,0.0,0.0
2025-10-05 03:40:00-07:00,2025-10-05 10:40:00+00:00,2025-10-05 03:45:00-07:00,2025-10-05 10:45:00+00:00,REAL_TIME_5_MIN,OAKLAND_1_N001,Node,40.01098,40.005,0.00597,0.0,0.0
2025-10-05 03:40:00-07:00,2025-10-05 10:40:00+00:00,2025-10-05 03:45:00-07:00,2025-10-05 10:45:00+00:00,REAL_TIME_5_MIN,PGSF_2_PDRP58-APND,AP Node,40.01104,40.005,0.00604,0.0,0.0
2025-10-05 03:40:00-07:00,2025-10-05 10:40:00+00:00,2025-10-05 03:45:00-07:00,2025-10-05 10:45:00+00:00,REAL_TIME_5_MIN,SNJOSEB_1_N001,Node,40.01111,40.005,0.0061,0.0,0.0
2025-10-05 03:45:00-07:00,2025-10-05 10:45:00+00:00,2025-10-05 03:50:00-07:00,2025-10-05 10:50:00+00:00,REAL_TIME_5_MIN,OAKLAND_1_N001,Node,41.3,40.24208,1.05792,0.0,0.0
2025-10-05 03:45:00-07:00,2025-10-05 10:45:00+00:00,2025-10-05 03:50:00-07:00,2025-10-05 10:50:00+00:00,REAL_TIME_5_MIN,PGSF_2_PDRP58-APND,AP Node,42.27838,40.24208,2.0363,0.0,0.0
2025-10-05 03:45:00-07:00,2025-10-05 10:45:00+00:00,2025-10-05 03:50:00-07:00,2025-10-05 10:50:00+00:00,REAL_TIME_5_MIN,SNJOSEB_1_N001,Node,42.31756,40.24208,2.07548,0.0,0.0
2025-10-05 03:50:00-07:00,2025-10-05 10:50:00+00:00,2025-10-05 03:55:00-07:00,2025-10-05 10:55:00+00:00,REAL_TIME_5_MIN,OAKLAND_1_N001,Node,41.3,40.03922,1.26078,0.0,0.0
2025-10-05 03:50:00-07:00,2025-10-05 10:50:00+00:00,2025-10-05 03:55:00-07:00,2025-10-05 10:55:00+00:00,REAL_TIME_5_MIN,PGSF_2_PDRP58-APND,AP Node,42.19645,40.03922,2.15723,0.0,0.0
2025-10-05 03:50:00-07:00,2025-10-05 10:50:00+00:00,2025-10-05 03:55:00-07:00,2025-10-05 10:55:00+00:00,REAL_TIME_5_MIN,SNJOSEB_1_N001,Node,42.24314,40.03922,2.20392,0.0,0.0
2025-10-05 03:55:00-07:00,2025-10-05 10:55:00+00:00,2025-10-05 04:00:00-07:00,2025-10-05 11:00:00+00:00,REAL_TIME_5_MIN,OAKLAND_1_N001,Node,41.3,40.598,0.702,0.0,0.0
2025-10-05 03:55:00-07:00,2025-10-05 10:55:00+00:00,2025-10-05 04:00:00-07:00,2025-10-05 11:00:00+00:00,REAL_TIME_5_MIN,PGSF_2_PDRP58-APND,AP Node,42.42213,40.598,1.82413,0.0,0.0
2025-10-05 03:55:00-07:00,2025-10-05 10:55:00+00:00,2025-10-05 04:00:00-07:00,2025-10-05 11:00:00+00:00,REAL_TIME_5_MIN,SNJOSEB_1_N001,Node,42.44813,40.598,1.85013,0.0,0.0
2025-10-05 04:00:00-07:00,2025-10-05 11:00:00+00:00,2025-10-05 04:05:00-07:00,2025-10-05 11:05:00+00:00,REAL_TIME_5_MIN,OAKLAND_1_N001,Node,39.95983,38.90763,1.0522,0.0,0.0
2025-10-05 04:00:00-07:00,2025-10-05 11:00:00+00:00,2025-10-05 04:05:00-07:00,2025-10-05 11:05:00+00:00,REAL_TIME_5_MIN,PGSF_2_PDRP58-APND,AP Node,40.03777,38.90763,1.13014,0.0,0.0
2025-10-05 04:00:00-07:00,2025-10-05 11:00:00+00:00,2025-10-05 04:05:00-07:00,2025-10-05 11:05:00+00:00,REAL_TIME_5_MIN,SNJOSEB_1_N001,Node,40.07674,38.90763,1.16911,0.0,0.0
2025-10-05 04:05:00-07:00,2025-10-05 11:05:00+00:00,2025-10-05 04:10:00-07:00,2025-10-05 11:10:00+00:00,REAL_TIME_5_MIN,OAKLAND_1_N001,Node,40.44947,39.4724,0.97707,0.0,0.0
2025-10-05 04:05:00-07:00,2025-10-05 11:05:00+00:00,2025-10-05 04:10:00-07:00,2025-10-05 11:10:00+00:00,REAL_TIME_5_MIN,PGSF_2_PDRP58-APND,AP Node,40.52185,39.4724,1.04945,0.0,0.0
2025-10-05 04:05:00-07:00,2025-10-05 11:05:00+00:00,2025-10-05 04:10:00-07:00,2025-10-05 11:10:00+00:00,REAL_TIME_5_MIN,SNJOSEB_1_N001,Node,40.55804,39.4724,1.08564,0.0,0.0
2025-10-05 04:10:00-07:00,2025-10-05 11:10:00+00:00,2025-10-05 04:15:00-07:00,2025-10-05 11:15:00+00:00,REAL_TIME_5_MIN,OAKLAND_1_N001,Node,39.98689,39.66518,0.3217,0.0,0.0
2025-10-05 04:10:00-07:00,2025-10-05 11:10:00+00:00,2025-10-05 04:15:00-07:00,2025-10-05 11:15:00+00:00,REAL_TIME_5_MIN,PGSF_2_PDRP58-APND,AP Node,40.01071,39.66518,0.34553,0.0,0.0
2025-10-05 04:10:00-07:00,2025-10-05 11:10:00+00:00,2025-10-05 04:15:00-07:00,2025-10-05 11:15:00+00:00,REAL_TIME_5_MIN,SNJOSEB_1_N001,Node,40.02263,39.66518,0.35745,0.0,0.0
2025-10-05 04:15:00-07:00,2025-10-05 11:15:00+00:00,2025-10-05 04:20:00-07:00,2025-10-05 11:20:00+00:00,REAL_TIME_5_MIN,OAKLAND_1_N001,Node,41.4139,39.66088,0.0,1.75301,0.0
2025-10-05 04:15:00-07:00,2025-10-05 11:15:00+00:00,2025-10-05 04:20:00-07:00,2025-10-05 11:20:00+00:00,REAL_TIME_5_MIN,PGSF_2_PDRP58-APND,AP Node,43.23325,39.66088,1.47057,2.1018,0.0
2025-10-05 04:15:00-07:00,2025-10-05 11:15:00+00:00,2025-10-05 04:20:00-07:00,2025-10-05 11:20:00+00:00,REAL_TIME_5_MIN,SNJOSEB_1_N001,Node,43.45162,39.66088,1.47057,2.32016,0.0
2025-10-05 04:20:00-07:00,2025-10-05 11:20:00+00:00,2025-10-05 04:25:00-07:00,2025-10-05 11:25:00+00:00,REAL_TIME_5_MIN,OAKLAND_1_N001,Node,41.4139,39.66088,0.0,1.75301,0.0
2025-10-05 04:20:00-07:00,2025-10-05 11:20:00+00:00,2025-10-05 04:25:00-07:00,2025-10-05 11:25:00+00:00,REAL_TIME_5_MIN,PGSF_2_PDRP58-APND,AP Node,51.34042,39.66088,9.57774,2.1018,0.0
2025-10-05 04:20:00-07:00,2025-10-05 11:20:00+00:00,2025-10-05 04:25:00-07:00,2025-10-05 11:25:00+00:00,REAL_TIME_5_MIN,SNJOSEB_1_N001,Node,51.55879,39.66088,9.57774,2.32016,0.0
2025-10-05 04:25:00-07:00,2025-10-05 11:25:00+00:00,2025-10-05 04:30:00-07:00,2025-10-05 11:30:00+00:00,REAL_TIME_5_MIN,OAKLAND_1_N001,Node,42.51971,40.71989,0.0,1.79982,0.0
2025-10-05 04:25:00-07:00,2025-10-05 11:25:00+00:00,2025-10-05 04:30:00-07:00,2025-10-05 11:30:00+00:00,REAL_TIME_5_MIN,PGSF_2_PDRP58-APND,AP Node,70.60656,40.71989,27.72875,2.15792,0.0
2025-10-05 04:25:00-07:00,2025-10-05 11:25:00+00:00,2025-10-05 04:30:00-07:00,2025-10-05 11:30:00+00:00,REAL_TIME_5_MIN,SNJOSEB_1_N001,Node,70.83076,40.71989,27.72875,2.38211,0.0
2025-10-05 04:30:00-07:00,2025-10-05 11:30:00+00:00,2025-10-05 04:35:00-07:00,2025-10-05 11:35:00+00:00,REAL_TIME_5_MIN,OAKLAND_1_N001,Node,43.50923,41.68749,0.0,1.82174,0.0
2025-10-05 04:30:00-07:00,2025-10-05 11:30:00+00:00,2025-10-05 04:35:00-07:00,2025-10-05 11:35:00+00:00,REAL_TIME_5_MIN,PGSF_2_PDRP58-APND,AP Node,75.20668,41.68749,31.34184,2.17734,0.0
2025-10-05 04:30:00-07:00,2025-10-05 11:30:00+00:00,2025-10-05 04:35:00-07:00,2025-10-05 11:35:00+00:00,REAL_TIME_5_MIN,SNJOSEB_1_N001,Node,75.43053,41.68749,31.34184,2.4012,0.0
2025-10-05 04:35:00-07:00,2025-10-05 11:35:00+00:00,2025-10-05 04:40:00-07:00,2025-10-05 11:40:00+00:00,REAL_TIME_5_MIN,OAKLAND_1_N001,Node,43.46036,41.64067,0.0,1.8197,0.0
2025-10-05 04:35:00-07:00,2025-10-05 11:35:00+00:00,2025-10-05 04:40:00-07:00,2025-10-05 11:40:00+00:00,REAL_TIME_5_MIN,PGSF_2_PDRP58-APND,AP Node,75.77126,41.64067,31.95569,2.1749,0.0
2025-10-05 04:35:00-07:00,2025-10-05 11:35:00+00:00,2025-10-05 04:40:00-07:00,2025-10-05 11:40:00+00:00,REAL_TIME_5_MIN,SNJOSEB_1_N001,Node,75.99486,41.64067,31.95569,2.3985,0.0
2025-10-05 04:40:00-07:00,2025-10-05 11:40:00+00:00,2025-10-05 04:45:00-07:00,2025-10-05 11:45:00+00:00,REAL_TIME_5_MIN,OAKLAND_1_N001,Node,43.76197,41.92775,0.00197,1.83224,0.0
2025-10-05 04:40:00-07:00,2025-10-05 11:40:00+00:00,2025-10-05 04:45:00-07:00,2025-10-05 11:45:00+00:00,REAL_TIME_5_MIN,PGSF_2_PDRP58-APND,AP Node,44.11964,41.92775,0.00199,2.18989,0.0
2025-10-05 04:40:00-07:00,2025-10-05 11:40:00+00:00,2025-10-05 04:45:00-07:00,2025-10-05 11:45:00+00:00,REAL_TIME_5_MIN,SNJOSEB_1_N001,Node,44.3448,41.92775,0.00201,2.41504,0.0
2025-10-05 04:45:00-07:00,2025-10-05 11:45:00+00:00,2025-10-05 04:50:00-07:00,2025-10-05 11:50:00+00:00,REAL_TIME_5_MIN,OAKLAND_1_N001,Node,43.45841,41.75712,0.00595,1.69534,0.0
2025-10-05 04:45:00-07:00,2025-10-05 11:45:00+00:00,2025-10-05 04:50:00-07:00,2025-10-05 11:50:00+00:00,REAL_TIME_5_MIN,PGSF_2_PDRP58-APND,AP Node,44.36428,41.75712,0.00601,2.60114,0.0
2025-10-05 04:45:00-07:00,2025-10-05 11:45:00+00:00,2025-10-05 04:50:00-07:00,2025-10-05 11:50:00+00:00,REAL_TIME_5_MIN,SNJOSEB_1_N001,Node,44.15586,41.75712,0.00606,2.39268,0.0
2025-10-05 04:50:00-07:00,2025-10-05 11:50:00+00:00,2025-10-05 04:55:00-07:00,2025-10-05 11:55:00+00:00,REAL_TIME_5_MIN,OAKLAND_1_N001,Node,43.17434,41.48414,0.00595,1.68426,0.0
2025-10-05 04:50:00-07:00,2025-10-05 11:50:00+00:00,2025-10-05 04:55:00-07:00,2025-10-05 11:55:00+00:00,REAL_TIME_5_MIN,PGSF_2_PDRP58-APND,AP Node,44.07429,41.48414,0.00601,2.58414,0.0
2025-10-05 04:50:00-07:00,2025-10-05 11:50:00+00:00,2025-10-05 04:55:00-07:00,2025-10-05 11:55:00+00:00,REAL_TIME_5_MIN,SNJOSEB_1_N001,Node,43.86724,41.48414,0.00606,2.37704,0.0
2025-10-05 04:55:00-07:00,2025-10-05 11:55:00+00:00,2025-10-05 05:00:00-07:00,2025-10-05 12:00:00+00:00,REAL_TIME_5_MIN,OAKLAND_1_N001,Node,43.12177,41.43552,0.00397,1.68228,0.0
2025-10-05 04:55:00-07:00,2025-10-05 11:55:00+00:00,2025-10-05 05:00:00-07:00,2025-10-05 12:00:00+00:00,REAL_TIME_5_MIN,PGSF_2_PDRP58-APND,AP Node,44.02064,41.43552,0.00401,2.58111,0.0
2025-10-05 04:55:00-07:00,2025-10-05 11:55:00+00:00,2025-10-05 05:00:00-07:00,2025-10-05 12:00:00+00:00,REAL_TIME_5_MIN,SNJOSEB_1_N001,Node,43.81382,41.43552,0.00404,2.37426,0.0
2025-10-05 05:00:00-07:00,2025-10-05 12:00:00+00:00,2025-10-05 05:05:00-07:00,2025-10-05 12:05:00+00:00,REAL_TIME_5_MIN,OAKLAND_1_N001,Node,42.62872,40.79504,0.00198,1.8317,0.0
2025-10-05 05:00:00-07:00,2025-10-05 12:00:00+00:00,2025-10-05 05:05:00-07:00,2025-10-05 12:05:00+00:00,REAL_TIME_5_MIN,PGSF_2_PDRP58-APND,AP Node,43.50807,40.79504,0.002,2.71103,0.0
2025-10-05 05:00:00-07:00,2025-10-05 12:00:00+00:00,2025-10-05 05:05:00-07:00,2025-10-05 12:05:00+00:00,REAL_TIME_5_MIN,SNJOSEB_1_N001,Node,43.30596,40.79504,0.00202,2.5089,0.0
2025-10-05 05:05:00-07:00,2025-10-05 12:05:00+00:00,2025-10-05 05:10:00-07:00,2025-10-05 12:10:00+00:00,REAL_TIME_5_MIN,OAKLAND_1_N001,Node,42.56752,40.73457,0.00397,1.82898,0.0
2025-10-05 05:05:00-07:00,2025-10-05 12:05:00+00:00,2025-10-05 05:10:00-07:00,2025-10-05 12:10:00+00:00,REAL_TIME_5_MIN,PGSF_2_PDRP58-APND,AP Node,43.44558,40.73457,0.004,2.70701,0.0
2025-10-05 05:05:00-07:00,2025-10-05 12:05:00+00:00,2025-10-05 05:10:00-07:00,2025-10-05 12:10:00+00:00,REAL_TIME_5_MIN,SNJOSEB_1_N001,Node,43.24379,40.73457,0.00404,2.50518,0.0
2025-10-05 05:10:00-07:00,2025-10-05 12:10:00+00:00,2025-10-05 05:15:00-07:00,2025-10-05 12:15:00+00:00,REAL_TIME_5_MIN,OAKLAND_1_N001,Node,42.17814,40.36572,0.0,1.81242,0.0
2025-10-05 05:10:00-07:00,2025-10-05 12:10:00+00:00,2025-10-05 05:15:00-07:00,2025-10-05 12:15:00+00:00,REAL_TIME_5_MIN,PGSF_2_PDRP58-APND,AP Node,43.04822,40.36572,0.0,2.6825,0.0
2025-10-05 05:10:00-07:00,2025-10-05 12:10:00+00:00,2025-10-05 05:15:00-07:00,2025-10-05 12:15:00+00:00,REAL_TIME_5_MIN,SNJOSEB_1_N001,Node,42.84822,40.36572,0.0,2.48249,0.0
2025-10-05 05:15:00-07:00,2025-10-05 12:15:00+00:00,2025-10-05 05:20:00-07:00,2025-10-05 12:20:00+00:00,REAL_TIME_5_MIN,OAKLAND_1_N001,Node,42.38086,40.59482,0.00393,1.78211,0.0
2025-10-05 05:15:00-07:00,2025-10-05 12:15:00+00:00,2025-10-05 05:20:00-07:00,2025-10-05 12:20:00+00:00,REAL_TIME_5_MIN,PGSF_2_PDRP58-APND,AP Node,43.25592,40.59482,0.00397,2.65713,0.0
2025-10-05 05:15:00-07:00,2025-10-05 12:15:00+00:00,2025-10-05 05:20:00-07:00,2025-10-05 12:20:00+00:00,REAL_TIME_5_MIN,SNJOSEB_1_N001,Node,43.04669,40.59482,0.004,2.44787,0.0
2025-10-05 05:20:00-07:00,2025-10-05 12:20:00+00:00,2025-10-05 05:25:00-07:00,2025-10-05 12:25:00+00:00,REAL_TIME_5_MIN,OAKLAND_1_N001,Node,42.3808,40.59288,0.00589,1.78203,0.0
2025-10-05 05:20:00-07:00,2025-10-05 12:20:00+00:00,2025-10-05 05:25:00-07:00,2025-10-05 12:25:00+00:00,REAL_TIME_5_MIN,PGSF_2_PDRP58-APND,AP Node,43.25584,40.59288,0.00596,2.657,0.0
2025-10-05 05:20:00-07:00,2025-10-05 12:20:00+00:00,2025-10-05 05:25:00-07:00,2025-10-05 12:25:00+00:00,REAL_TIME_5_MIN,SNJOSEB_1_N001,Node,43.04663,40.59288,0.006,2.44775,0.0
2025-10-05 05:25:00-07:00,2025-10-05 12:25:00+00:00,2025-10-05 05:30:00-07:00,2025-10-05 12:30:00+00:00,REAL_TIME_5_MIN,OAKLAND_1_N001,Node,42.36627,40.1518,0.45181,1.76266,0.0
2025-10-05 05:25:00-07:00,2025-10-05 12:25:00+00:00,2025-10-05 05:30:00-07:00,2025-10-05 12:30:00+00:00,REAL_TIME_5_MIN,PGSF_2_PDRP58-APND,AP Node,43.23676,40.1518,0.45683,2.62813,0.0
2025-10-05 05:25:00-07:00,2025-10-05 12:25:00+00:00,2025-10-05 05:30:00-07:00,2025-10-05 12:30:00+00:00,REAL_TIME_5_MIN,SNJOSEB_1_N001,Node,43.03313,40.1518,0.46017,2.42115,0.0
2025-10-05 05:30:00-07:00,2025-10-05 12:30:00+00:00,2025-10-05 05:35:00-07:00,2025-10-05 12:35:00+00:00,REAL_TIME_5_MIN,OAKLAND_1_N001,Node,43.63173,40.8941,0.89331,1.84432,0.0
2025-10-05 05:30:00-07:00,2025-10-05 12:30:00+00:00,2025-10-05 05:35:00-07:00,2025-10-05 12:35:00+00:00,REAL_TIME_5_MIN,PGSF_2_PDRP58-APND,AP Node,44.54763,40.8941,0.90327,2.75027,0.0
2025-10-05 05:30:00-07:00,2025-10-05 12:30:00+00:00,2025-10-05 05:35:00-07:00,2025-10-05 12:35:00+00:00,REAL_TIME_5_MIN,SNJOSEB_1_N001,Node,44.31491,40.8941,0.90991,2.5109,0.0
2025-10-05 05:35:00-07:00,2025-10-05 12:35:00+00:00,2025-10-05 05:40:00-07:00,2025-10-05 12:40:00+00:00,REAL_TIME_5_MIN,OAKLAND_1_N001,Node,44.72355,41.41495,1.44078,1.86781,0.0
2025-10-05 05:35:00-07:00,2025-10-05 12:35:00+00:00,2025-10-05 05:40:00-07:00,2025-10-05 12:40:00+00:00,REAL_TIME_5_MIN,PGSF_2_PDRP58-APND,AP Node,45.6571,41.41495,1.45685,2.7853,0.0
2025-10-05 05:35:00-07:00,2025-10-05 12:35:00+00:00,2025-10-05 05:40:00-07:00,2025-10-05 12:40:00+00:00,REAL_TIME_5_MIN,SNJOSEB_1_N001,Node,45.42539,41.41495,1.46756,2.54288,0.0
2025-10-05 05:40:00-07:00,2025-10-05 12:40:00+00:00,2025-10-05 05:45:00-07:00,2025-10-05 12:45:00+00:00,REAL_TIME_5_MIN,OAKLAND_1_N001,Node,44.74897,42.60266,0.22494,1.92138,0.0
2025-10-05 05:40:00-07:00,2025-10-05 12:40:00+00:00,2025-10-05 05:45:00-07:00,2025-10-05 12:45:00+00:00,REAL_TIME_5_MIN,PGSF_2_PDRP58-APND,AP Node,45.69527,42.60266,0.22744,2.86517,0.0
2025-10-05 05:40:00-07:00,2025-10-05 12:40:00+00:00,2025-10-05 05:45:00-07:00,2025-10-05 12:45:00+00:00,REAL_TIME_5_MIN,SNJOSEB_1_N001,Node,45.44757,42.60266,0.22912,2.6158,0.0
2025-10-05 05:45:00-07:00,2025-10-05 12:45:00+00:00,2025-10-05 05:50:00-07:00,2025-10-05 12:50:00+00:00,REAL_TIME_5_MIN,OAKLAND_1_N001,Node,44.73962,42.93666,0.00391,1.79905,0.0
2025-10-05 05:45:00-07:00,2025-10-05 12:45:00+00:00,2025-10-05 05:50:00-07:00,2025-10-05 12:50:00+00:00,REAL_TIME_5_MIN,PGSF_2_PDRP58-APND,AP Node,45.43328,42.93666,0.00396,2.49266,0.0
2025-10-05 05:45:00-07:00,2025-10-05 12:45:00+00:00,2025-10-05 05:50:00-07:00,2025-10-05 12:50:00+00:00,REAL_TIME_5_MIN,SNJOSEB_1_N001,Node,45.41811,42.93666,0.004,2.47745,0.0
2025-10-05 05:50:00-07:00,2025-10-05 12:50:00+00:00,2025-10-05 05:55:00-07:00,2025-10-05 12:55:00+00:00,REAL_TIME_5_MIN,OAKLAND_1_N001,Node,45.67946,43.84246,0.0,1.837,0.0
2025-10-05 05:50:00-07:00,2025-10-05 12:50:00+00:00,2025-10-05 05:55:00-07:00,2025-10-05 12:55:00+00:00,REAL_TIME_5_MIN,PGSF_2_PDRP58-APND,AP Node,46.38771,43.84246,0.0,2.54524,0.0
2025-10-05 05:50:00-07:00,2025-10-05 12:50:00+00:00,2025-10-05 05:55:00-07:00,2025-10-05 12:55:00+00:00,REAL_TIME_5_MIN,SNJOSEB_1_N001,Node,46.37217,43.84246,0.0,2.52971,0.0
2025-10-05 05:55:00-07:00,2025-10-05 12:55:00+00:00,2025-10-05 06:00:00-07:00,2025-10-05 13:00:00+00:00,REAL_TIME_5_MIN,OAKLAND_1_N001,Node,46.24887,44.38897,0.0,1.8599,0.0
2025-10-05 05:55:00-07:00,2025-10-05 12:55:00+00:00,2025-10-05 06:00:00-07:00,2025-10-05 13:00:00+00:00,REAL_TIME_5_MIN,PGSF_2_PDRP58-APND,AP Node,46.96594,44.38897,0.0,2.57697,0.0
2025-10-05 05:55:00-07:00,2025-10-05 12:55:00+00:00,2025-10-05 06:00:00-07:00,2025-10-05 13:00:00+00:00,REAL_TIME_5_MIN,SNJOSEB_1_N001,Node,46.95021,44.38897,0.0,2.56124,0.0
2025-10-05 06:00:00-07:00,2025-10-05 13:00:00+00:00,2025-10-05 06:05:00-07:00,2025-10-05 13:05:00+00:00,REAL_TIME_5_MIN,OAKLAND_1_N001,Node,44.74327,42.79605,0.0,1.94722,0.0
2025-10-05 06:00:00-07:00,2025-10-05 13:00:00+00:00,2025-10-05 06:05:00-07:00,2025-10-05 13:05:00+00:00,REAL_TIME_5_MIN,PGSF_2_PDRP58-APND,AP Node,45.73254,42.79605,0.0,2.93649,0.0
2025-10-05 06:00:00-07:00,2025-10-05 13:00:00+00:00,2025-10-05 06:05:00-07:00,2025-10-05 13:05:00+00:00,REAL_TIME_5_MIN,SNJOSEB_1_N001,Node,45.4708,42.79605,0.0,2.67475,0.0
2025-10-05 06:05:00-07:00,2025-10-05 13:05:00+00:00,2025-10-05 06:10:00-07:00,2025-10-05 13:10:00+00:00,REAL_TIME_5_MIN,OAKLAND_1_N001,Node,44.57084,42.63113,0.0,1.93972,0.0
2025-10-05 06:05:00-07:00,2025-10-05 13:05:00+00:00,2025-10-05 06:10:00-07:00,2025-10-05 13:10:00+00:00,REAL_TIME_5_MIN,PGSF_2_PDRP58-APND,AP Node,45.5563,42.63113,0.0,2.92517,0.0
2025-10-05 06:05:00-07:00,2025-10-05 13:05:00+00:00,2025-10-05 06:10:00-07:00,2025-10-05 13:10:00+00:00,REAL_TIME_5_MIN,SNJOSEB_1_N001,Node,45.29557,42.63113,0.0,2.66445,0.0
2025-10-05 06:10:00-07:00,2025-10-05 13:10:00+00:00,2025-10-05 06:15:00-07:00,2025-10-05 13:15:00+00:00,REAL_TIME_5_MIN,OAKLAND_1_N001,Node,44.54015,42.60177,0.0,1.93838,0.0
2025-10-05 06:10:00-07:00,2025-10-05 13:10:00+00:00,2025-10-05 06:15:00-07:00,2025-10-05 13:15:00+00:00,REAL_TIME_5_MIN,PGSF_2_PDRP58-APND,AP Node,45.52493,42.60177,0.0,2.92316,0.0
2025-10-05 06:10:00-07:00,2025-10-05 13:10:00+00:00,2025-10-05 06:15:00-07:00,2025-10-05 13:15:00+00:00,REAL_TIME_5_MIN,SNJOSEB_1_N001,Node,45.26438,42.60177,0.0,2.66261,0.0
2025-10-05 06:15:00-07:00,2025-10-05 13:15:00+00:00,2025-10-05 06:20:00-07:00,2025-10-05 13:20:00+00:00,REAL_TIME_5_MIN,OAKLAND_1_N001,Node,44.81743,42.7036,0.0,2.11383,0.0
2025-10-05 06:15:00-07:00,2025-10-05 13:15:00+00:00,2025-10-05 06:20:00-07:00,2025-10-05 13:20:00+00:00,REAL_TIME_5_MIN,PGSF_2_PDRP58-APND,AP Node,45.52857,42.7036,0.0,2.82497,0.0
2025-10-05 06:15:00-07:00,2025-10-05 13:15:00+00:00,2025-10-05 06:20:00-07:00,2025-10-05 13:20:00+00:00,REAL_TIME_5_MIN,SNJOSEB_1_N001,Node,45.47933,42.7036,0.0,2.77573,0.0
2025-10-05 06:20:00-07:00,2025-10-05 13:20:00+00:00,2025-10-05 06:25:00-07:00,2025-10-05 13:25:00+00:00,REAL_TIME_5_MIN,OAKLAND_1_N001,Node,46.13448,43.95853,0.0,2.17595,0.0
2025-10-05 06:20:00-07:00,2025-10-05 13:20:00+00:00,2025-10-05 06:25:00-07:00,2025-10-05 13:25:00+00:00,REAL_TIME_5_MIN,PGSF_2_PDRP58-APND,AP Node,46.86652,43.95853,0.0,2.90798,0.0
2025-10-05 06:20:00-07:00,2025-10-05 13:20:00+00:00,2025-10-05 06:25:00-07:00,2025-10-05 13:25:00+00:00,REAL_TIME_5_MIN,SNJOSEB_1_N001,Node,46.81584,43.95853,0.0,2.8573,0.0
2025-10-05 06:25:00-07:00,2025-10-05 13:25:00+00:00,2025-10-05 06:30:00-07:00,2025-10-05 13:30:00+00:00,REAL_TIME_5_MIN,OAKLAND_1_N001,Node,46.18308,44.00484,0.0,2.17824,0.0
2025-10-05 06:25:00-07:00,2025-10-05 13:25:00+00:00,2025-10-05 06:30:00-07:00,2025-10-05 13:30:00+00:00,REAL_TIME_5_MIN,PGSF_2_PDRP58-APND,AP Node,46.91589,44.00484,0.0,2.91105,0.0
2025-10-05 06:25:00-07:00,2025-10-05 13:25:00+00:00,2025-10-05 06:30:00-07:00,2025-10-05 13:30:00+00:00,REAL_TIME_5_MIN,SNJOSEB_1_N001,Node,46.86515,44.00484,0.0,2.86031,0.0
2025-10-05 06:30:00-07:00,2025-10-05 13:30:00+00:00,2025-10-05 06:35:00-07:00,2025-10-05 13:35:00+00:00,REAL_TIME_5_MIN,OAKLAND_1_N001,Node,47.21534,44.89003,0.0,2.3253,0.0
2025-10-05 06:30:00-07:00,2025-10-05 13:30:00+00:00,2025-10-05 06:35:00-07:00,2025-10-05 13:35:00+00:00,REAL_TIME_5_MIN,PGSF_2_PDRP58-APND,AP Node,47.93595,44.89003,0.0,3.04592,0.0
2025-10-05 06:30:00-07:00,2025-10-05 13:30:00+00:00,2025-10-05 06:35:00-07:00,2025-10-05 13:35:00+00:00,REAL_TIME_5_MIN,SNJOSEB_1_N001,Node,47.89317,44.89003,0.0,3.00314,0.0
2025-10-05 06:35:00-07:00,2025-10-05 13:35:00+00:00,2025-10-05 06:40:00-07:00,2025-10-05 13:40:00+00:00,REAL_TIME_5_MIN,OAKLAND_1_N001,Node,47.451,45.11409,0.0,2.33691,0.0
2025-10-05 06:35:00-07:00,2025-10-05 13:35:00+00:00,2025-10-05 06:40:00-07:00,2025-10-05 13:40:00+00:00,REAL_TIME_5_MIN,PGSF_2_PDRP58-APND,AP Node,48.17521,45.11409,0.0,3.06112,0.0
2025-10-05 06:35:00-07:00,2025-10-05 13:35:00+00:00,2025-10-05 06:40:00-07:00,2025-10-05 13:40:00+00:00,REAL_TIME_5_MIN,SNJOSEB_1_N001,Node,48.13223,45.11409,0.0,3.01813,0.0
2025-10-05 06:40:00-07:00,2025-10-05 13:40:00+00:00,2025-10-05 06:45:00-07:00,2025-10-05 13:45:00+00:00,REAL_TIME_5_MIN,OAKLAND_1_N001,Node,47.294,44.96483,0.0,2.32918,0.0
2025-10-05 06:40:00-07:00,2025-10-05 13:40:00+00:00,2025-10-05 06:45:00-07:00,2025-10-05 13:45:00+00:00,REAL_TIME_5_MIN,PGSF_2_PDRP58-APND,AP Node,48.01582,44.96483,0.0,3.05099,0.0
2025-10-05 06:40:00-07:00,2025-10-05 13:40:00+00:00,2025-10-05 06:45:00-07:00,2025-10-05 13:45:00+00:00,REAL_TIME_5_MIN,SNJOSEB_1_N001,Node,47.97297,44.96483,0.0,3.00815,0.0
2025-10-05 06:45:00-07:00,2025-10-05 13:45:00+00:00,2025-10-05 06:50:00-07:00,2025-10-05 13:50:00+00:00,REAL_TIME_5_MIN,OAKLAND_1_N001,Node,47.25857,45.04307,0.00389,2.21161,0.0
2025-10-05 06:45:00-07:00,2025-10-05 13:45:00+00:00,2025-10-05 06:50:00-07:00,2025-10-05 13:50:00+00:00,REAL_TIME_5_MIN,PGSF_2_PDRP58-APND,AP Node,47.98282,45.04307,0.00394,2.93582,0.0
2025-10-05 06:45:00-07:00,2025-10-05 13:45:00+00:00,2025-10-05 06:50:00-07:00,2025-10-05 13:50:00+00:00,REAL_TIME_5_MIN,SNJOSEB_1_N001,Node,47.90727,45.04307,0.00397,2.86023,0.0
2025-10-05 06:50:00-07:00,2025-10-05 13:50:00+00:00,2025-10-05 06:55:00-07:00,2025-10-05 13:55:00+00:00,REAL_TIME_5_MIN,OAKLAND_1_N001,Node,47.2587,45.04133,0.00584,2.21153,0.0
2025-10-05 06:50:00-07:00,2025-10-05 13:50:00+00:00,2025-10-05 06:55:00-07:00,2025-10-05 13:55:00+00:00,REAL_TIME_5_MIN,PGSF_2_PDRP58-APND,AP Node,47.98294,45.04133,0.0059,2.9357,0.0
2025-10-05 06:50:00-07:00,2025-10-05 13:50:00+00:00,2025-10-05 06:55:00-07:00,2025-10-05 13:55:00+00:00,REAL_TIME_5_MIN,SNJOSEB_1_N001,Node,47.9074,45.04133,0.00595,2.86012,0.0
2025-10-05 06:55:00-07:00,2025-10-05 13:55:00+00:00,2025-10-05 07:00:00-07:00,2025-10-05 14:00:00+00:00,REAL_TIME_5_MIN,OAKLAND_1_N001,Node,47.2587,45.04133,0.00584,2.21153,0.0
2025-10-05 06:55:00-07:00,2025-10-05 13:55:00+00:00,2025-10-05 07:00:00-07:00,2025-10-05 14:00:00+00:00,REAL_TIME_5_MIN,PGSF_2_PDRP58-APND,AP Node,47.98294,45.04133,0.0059,2.9357,0.0
2025-10-05 06:55:00-07:00,2025-10-05 13:55:00+00:00,2025-10-05 07:00:00-07:00,2025-10-05 14:00:00+00:00,REAL_TIME_5_MIN,SNJOSEB_1_N001,Node,47.9074,45.04133,0.00595,2.86012,0.0
2025-10-05 07:00:00-07:00,2025-10-05 14:00:00+00:00,2025-10-05 07:05:00-07:00,2025-10-05 14:05:00+00:00,REAL_TIME_5_MIN,OAKLAND_1_N001,Node,57.86106,55.3165,0.0,2.54456,0.0
2025-10-05 07:00:00-07:00,2025-10-05 14:00:00+00:00,2025-10-05 07:05:00-07:00,2025-10-05 14:05:00+00:00,REAL_TIME_5_MIN,PGSF_2_PDRP58-APND,AP Node,59.11754,55.3165,0.0,3.80105,0.0
2025-10-05 07:00:00-07:00,2025-10-05 14:00:00+00:00,2025-10-05 07:05:00-07:00,2025-10-05 14:05:00+00:00,REAL_TIME_5_MIN,SNJOSEB_1_N001,Node,58.72399,55.3165,0.0,3.4075,0.0
2025-10-05 07:05:00-07:00,2025-10-05 14:05:00+00:00,2025-10-05 07:10:00-07:00,2025-10-05 14:10:00+00:00,REAL_TIME_5_MIN,OAKLAND_1_N001,Node,58.47732,55.90566,0.0,2.57166,0.0
2025-10-05 07:05:00-07:00,2025-10-05 14:05:00+00:00,2025-10-05 07:10:00-07:00,2025-10-05 14:10:00+00:00,REAL_TIME_5_MIN,PGSF_2_PDRP58-APND,AP Node,59.74719,55.90566,0.0,3.84153,0.0
2025-10-05 07:05:00-07:00,2025-10-05 14:05:00+00:00,2025-10-05 07:10:00-07:00,2025-10-05 14:10:00+00:00,REAL_TIME_5_MIN,SNJOSEB_1_N001,Node,59.34945,55.90566,0.0,3.44379,0.0
2025-10-05 07:10:00-07:00,2025-10-05 14:10:00+00:00,2025-10-05 07:15:00-07:00,2025-10-05 14:15:00+00:00,REAL_TIME_5_MIN,OAKLAND_1_N001,Node,57.58393,55.05156,0.0,2.53237,0.0
2025-10-05 07:10:00-07:00,2025-10-05 14:10:00+00:00,2025-10-05 07:15:00-07:00,2025-10-05 14:15:00+00:00,REAL_TIME_5_MIN,PGSF_2_PDRP58-APND,AP Node,58.8344,55.05156,0.0,3.78284,0.0
2025-10-05 07:10:00-07:00,2025-10-05 14:10:00+00:00,2025-10-05 07:15:00-07:00,2025-10-05 14:15:00+00:00,REAL_TIME_5_MIN,SNJOSEB_1_N001,Node,58.44273,55.05156,0.0,3.39118,0.0
2025-10-05 07:15:00-07:00,2025-10-05 14:15:00+00:00,2025-10-05 07:20:00-07:00,2025-10-05 14:20:00+00:00,REAL_TIME_5_MIN,OAKLAND_1_N001,Node,57.19708,47.90564,6.76202,2.52942,0.0
2025-10-05 07:15:00-07:00,2025-10-05 14:15:00+00:00,2025-10-05 07:20:00-07:00,2025-10-05 14:20:00+00:00,REAL_TIME_5_MIN,PGSF_2_PDRP58-APND,AP Node,58.29822,47.90564,6.83915,3.55343,0.0
2025-10-05 07:15:00-07:00,2025-10-05 14:15:00+00:00,2025-10-05 07:20:00-07:00,2025-10-05 14:20:00+00:00,REAL_TIME_5_MIN,SNJOSEB_1_N001,Node,57.93403,47.90564,6.89057,3.13782,0.0
2025-10-05 07:20:00-07:00,2025-10-05 14:20:00+00:00,2025-10-05 07:25:00-07:00,2025-10-05 14:25:00+00:00,REAL_TIME_5_MIN,OAKLAND_1_N001,Node,58.24139,45.03803,10.82535,2.37801,0.0
2025-10-05 07:20:00-07:00,2025-10-05 14:20:00+00:00,2025-10-05 07:25:00-07:00,2025-10-05 14:25:00+00:00,REAL_TIME_5_MIN,PGSF_2_PDRP58-APND,AP Node,59.32759,45.03803,10.94884,3.34072,0.0
2025-10-05 07:20:00-07:00,2025-10-05 14:20:00+00:00,2025-10-05 07:25:00-07:00,2025-10-05 14:25:00+00:00,REAL_TIME_5_MIN,SNJOSEB_1_N001,Node,59.01918,45.03803,11.03116,2.94999,0.0
2025-10-05 07:25:00-07:00,2025-10-05 14:25:00+00:00,2025-10-05 07:30:00-07:00,2025-10-05 14:30:00+00:00,REAL_TIME_5_MIN,OAKLAND_1_N001,Node,58.01919,40.56742,15.30981,2.14196,0.0
2025-10-05 07:25:00-07:00,2025-10-05 14:25:00+00:00,2025-10-05 07:30:00-07:00,2025-10-05 14:30:00+00:00,REAL_TIME_5_MIN,PGSF_2_PDRP58-APND,AP Node,59.07824,40.56742,15.50171,3.00911,0.0
2025-10-05 07:25:00-07:00,2025-10-05 14:25:00+00:00,2025-10-05 07:30:00-07:00,2025-10-05 14:30:00+00:00,REAL_TIME_5_MIN,SNJOSEB_1_N001,Node,58.86503,40.56742,15.64044,2.65717,0.0
2025-10-05 07:30:00-07:00,2025-10-05 14:30:00+00:00,2025-10-05 07:35:00-07:00,2025-10-05 14:35:00+00:00,REAL_TIME_5_MIN,OAKLAND_1_N001,Node,56.23026,37.02176,17.20933,1.99917,0.0
2025-10-05 07:30:00-07:00,2025-10-05 14:30:00+00:00,2025-10-05 07:35:00-07:00,2025-10-05 14:35:00+00:00,REAL_TIME_5_MIN,PGSF_2_PDRP58-APND,AP Node,57.23814,37.02176,17.41751,2.79887,0.0
2025-10-05 07:30:00-07:00,2025-10-05 14:30:00+00:00,2025-10-05 07:35:00-07:00,2025-10-05 14:35:00+00:00,REAL_TIME_5_MIN,SNJOSEB_1_N001,Node,57.02848,37.02176,17.56328,2.44344,0.0
2025-10-05 07:35:00-07:00,2025-10-05 14:35:00+00:00,2025-10-05 07:40:00-07:00,2025-10-05 14:40:00+00:00,REAL_TIME_5_MIN,OAKLAND_1_N001,Node,48.69168,29.00731,18.11797,1.56639,0.0
2025-10-05 07:35:00-07:00,2025-10-05 14:35:00+00:00,2025-10-05 07:40:00-07:00,2025-10-05 14:40:00+00:00,REAL_TIME_5_MIN,PGSF_2_PDRP58-APND,AP Node,49.53306,29.00731,18.33277,2.19297,0.0
2025-10-05 07:35:00-07:00,2025-10-05 14:35:00+00:00,2025-10-05 07:40:00-07:00,2025-10-05 14:40:00+00:00,REAL_TIME_5_MIN,SNJOSEB_1_N001,Node,49.40239,29.00731,18.48059,1.91448,0.0
2025-10-05 07:40:00-07:00,2025-10-05 14:40:00+00:00,2025-10-05 07:45:00-07:00,2025-10-05 14:45:00+00:00,REAL_TIME_5_MIN,OAKLAND_1_N001,Node,45.80203,23.86587,20.64741,1.28876,0.0
2025-10-05 07:40:00-07:00,2025-10-05 14:40:00+00:00,2025-10-05 07:45:00-07:00,2025-10-05 14:45:00+00:00,REAL_TIME_5_MIN,PGSF_2_PDRP58-APND,AP Node,46.55717,23.86587,20.88702,1.80428,0.0
2025-10-05 07:40:00-07:00,2025-10-05 14:40:00+00:00,2025-10-05 07:45:00-07:00,2025-10-05 14:45:00+00:00,REAL_TIME_5_MIN,SNJOSEB_1_N001,Node,46.48979,23.86587,21.04877,1.57515,0.0
2025-10-05 07:45:00-07:00,2025-10-05 14:45:00+00:00,2025-10-05 07:50:00-07:00,2025-10-05 14:50:00+00:00,REAL_TIME_5_MIN,OAKLAND_1_N001,Node,44.18358,20.24043,22.89672,1.04643,0.0
2025-10-05 07:45:00-07:00,2025-10-05 14:45:00+00:00,2025-10-05 07:50:00-07:00,2025-10-05 14:50:00+00:00,REAL_TIME_5_MIN,PGSF_2_PDRP58-APND,AP Node,44.86955,20.24043,23.15965,1.46947,0.0
2025-10-05 07:45:00-07:00,2025-10-05 14:45:00+00:00,2025-10-05 07:50:00-07:00,2025-10-05 14:50:00+00:00,REAL_TIME_5_MIN,SNJOSEB_1_N001,Node,44.84901,20.24043,23.33546,1.27312,0.0
2025-10-05 07:50:00-07:00,2025-10-05 14:50:00+00:00,2025-10-05 07:55:00-07:00,2025-10-05 14:55:00+00:00,REAL_TIME_5_MIN,OAKLAND_1_N001,Node,42.87992,19.0003,22.8973,0.98232,0.0
2025-10-05 07:50:00-07:00,2025-10-05 14:50:00+00:00,2025-10-05 07:55:00-07:00,2025-10-05 14:55:00+00:00,REAL_TIME_5_MIN,PGSF_2_PDRP58-APND,AP Node,43.53706,19.0003,23.15732,1.37944,0.0
2025-10-05 07:50:00-07:00,2025-10-05 14:50:00+00:00,2025-10-05 07:55:00-07:00,2025-10-05 14:55:00+00:00,REAL_TIME_5_MIN,SNJOSEB_1_N001,Node,43.53265,19.0003,23.33723,1.19512,0.0
2025-10-05 07:55:00-07:00,2025-10-05 14:55:00+00:00,2025-10-05 08:00:00-07:00,2025-10-05 15:00:00+00:00,REAL_TIME_5_MIN,OAKLAND_1_N001,Node,41.30529,18.00691,22.36743,0.93096,0.0
2025-10-05 07:55:00-07:00,2025-10-05 14:55:00+00:00,2025-10-05 08:00:00-07:00,2025-10-05 15:00:00+00:00,REAL_TIME_5_MIN,PGSF_2_PDRP58-APND,AP Node,41.92235,18.00691,22.60813,1.30731,0.0
2025-10-05 07:55:00-07:00,2025-10-05 14:55:00+00:00,2025-10-05 08:00:00-07:00,2025-10-05 15:00:00+00:00,REAL_TIME_5_MIN,SNJOSEB_1_N001,Node,41.9421,18.00691,22.80256,1.13263,0.0
2025-10-05 08:00:00-07:00,2025-10-05 15:00:00+00:00,2025-10-05 08:05:00-07:00,2025-10-05 15:05:00+00:00,REAL_TIME_5_MIN,OAKLAND_1_N001,Node,34.31776,19.4896,13.76792,1.06023,0.0
2025-10-05 08:00:00-07:00,2025-10-05 15:00:00+00:00,2025-10-05 08:05:00-07:00,2025-10-05 15:05:00+00:00,REAL_TIME_5_MIN,PGSF_2_PDRP58-APND,AP Node,34.86907,19.4896,13.92679,1.45269,0.0
2025-10-05 08:00:00-07:00,2025-10-05 15:00:00+00:00,2025-10-05 08:05:00-07:00,2025-10-05 15:05:00+00:00,REAL_TIME_5_MIN,SNJOSEB_1_N001,Node,34.82453,19.4896,14.08565,1.24928,0.0
2025-10-05 08:05:00-07:00,2025-10-05 15:05:00+00:00,2025-10-05 08:10:00-07:00,2025-10-05 15:10:00+00:00,REAL_TIME_5_MIN,OAKLAND_1_N001,Node,40.59041,23.30384,16.01884,1.26773,0.0
2025-10-05 08:05:00-07:00,2025-10-05 15:05:00+00:00,2025-10-05 08:10:00-07:00,2025-10-05 15:10:00+00:00,REAL_TIME_5_MIN,PGSF_2_PDRP58-APND,AP Node,41.24451,23.30384,16.20367,1.73699,0.0
2025-10-05 08:05:00-07:00,2025-10-05 15:05:00+00:00,2025-10-05 08:10:00-07:00,2025-10-05 15:10:00+00:00,REAL_TIME_5_MIN,SNJOSEB_1_N001,Node,41.18612,23.30384,16.3885,1.49378,0.0
2025-10-05 08:10:00-07:00,2025-10-05 15:10:00+00:00,2025-10-05 08:15:00-07:00,2025-10-05 15:15:00+00:00,REAL_TIME_5_MIN,OAKLAND_1_N001,Node,41.43219,22.49095,17.71774,1.22351,0.0
2025-10-05 08:10:00-07:00,2025-10-05 15:10:00+00:00,2025-10-05 08:15:00-07:00,2025-10-05 15:15:00+00:00,REAL_TIME_5_MIN,PGSF_2_PDRP58-APND,AP Node,42.08952,22.49095,17.92217,1.6764,0.0
2025-10-05 08:10:00-07:00,2025-10-05 15:10:00+00:00,2025-10-05 08:15:00-07:00,2025-10-05 15:15:00+00:00,REAL_TIME_5_MIN,SNJOSEB_1_N001,Node,42.05922,22.49095,18.12661,1.44167,0.0
2025-10-05 08:15:00-07:00,2025-10-05 15:15:00+00:00,2025-10-05 08:20:00-07:00,2025-10-05 15:20:00+00:00,REAL_TIME_5_MIN,OAKLAND_1_N001,Node,44.21534,20.99828,22.08316,1.13391,0.0
2025-10-05 08:15:00-07:00,2025-10-05 15:15:00+00:00,2025-10-05 08:20:00-07:00,2025-10-05 15:20:00+00:00,REAL_TIME_5_MIN,PGSF_2_PDRP58-APND,AP Node,44.8901,20.99828,22.33796,1.55386,0.0
2025-10-05 08:15:00-07:00,2025-10-05 15:15:00+00:00,2025-10-05 08:20:00-07:00,2025-10-05 15:20:00+00:00,REAL_TIME_5_MIN,SNJOSEB_1_N001,Node,44.8227,20.99828,22.50783,1.31659,0.0
2025-10-05 08:20:00-07:00,2025-10-05 15:20:00+00:00,2025-10-05 08:25:00-07:00,2025-10-05 15:25:00+00:00,REAL_TIME_5_MIN,OAKLAND_1_N001,Node,43.01551,19.9143,22.02583,1.07537,0.0
2025-10-05 08:20:00-07:00,2025-10-05 15:20:00+00:00,2025-10-05 08:25:00-07:00,2025-10-05 15:25:00+00:00,REAL_TIME_5_MIN,PGSF_2_PDRP58-APND,AP Node,43.66792,19.9143,22.27998,1.47364,0.0
2025-10-05 08:20:00-07:00,2025-10-05 15:20:00+00:00,2025-10-05 08:25:00-07:00,2025-10-05 15:25:00+00:00,REAL_TIME_5_MIN,SNJOSEB_1_N001,Node,43.61233,19.9143,22.44941,1.24863,0.0
2025-10-05 08:25:00-07:00,2025-10-05 15:25:00+00:00,2025-10-05 08:30:00-07:00,2025-10-05 15:30:00+00:00,REAL_TIME_5_MIN,OAKLAND_1_N001,Node,42.19032,18.59908,22.58689,1.00435,0.0
2025-10-05 08:25:00-07:00,2025-10-05 15:25:00+00:00,2025-10-05 08:30:00-07:00,2025-10-05 15:30:00+00:00,REAL_TIME_5_MIN,PGSF_2_PDRP58-APND,AP Node,42.66267,18.59908,22.68727,1.37632,0.0
2025-10-05 08:25:00-07:00,2025-10-05 15:25:00+00:00,2025-10-05 08:30:00-07:00,2025-10-05 15:30:00+00:00,REAL_TIME_5_MIN,SNJOSEB_1_N001,Node,42.65329,18.59908,22.88805,1.16616,0.0
2025-10-05 08:30:00-07:00,2025-10-05 15:30:00+00:00,2025-10-05 08:35:00-07:00,2025-10-05 15:35:00+00:00,REAL_TIME_5_MIN,OAKLAND_1_N001,Node,40.32045,16.29225,23.14678,0.88141,0.0
2025-10-05 08:30:00-07:00,2025-10-05 15:30:00+00:00,2025-10-05 08:35:00-07:00,2025-10-05 15:35:00+00:00,REAL_TIME_5_MIN,PGSF_2_PDRP58-APND,AP Node,40.71116,16.29225,23.21657,1.20233,0.0
2025-10-05 08:30:00-07:00,2025-10-05 15:30:00+00:00,2025-10-05 08:35:00-07:00,2025-10-05 15:35:00+00:00,REAL_TIME_5_MIN,SNJOSEB_1_N001,Node,39.56604,16.29225,22.26204,1.01175,0.0
2025-10-05 08:35:00-07:00,2025-10-05 15:35:00+00:00,2025-10-05 08:40:00-07:00,2025-10-05 15:40:00+00:00,REAL_TIME_5_MIN,OAKLAND_1_N001,Node,41.06869,16.61755,23.55213,0.89901,0.0
2025-10-05 08:35:00-07:00,2025-10-05 15:35:00+00:00,2025-10-05 08:40:00-07:00,2025-10-05 15:40:00+00:00,REAL_TIME_5_MIN,PGSF_2_PDRP58-APND,AP Node,41.36908,16.61755,23.52519,1.22634,0.0
2025-10-05 08:35:00-07:00,2025-10-05 15:35:00+00:00,2025-10-05 08:40:00-07:00,2025-10-05 15:40:00+00:00,REAL_TIME_5_MIN,SNJOSEB_1_N001,Node,38.55431,16.61755,20.90481,1.03195,0.0
2025-10-05 08:40:00-07:00,2025-10-05 15:40:00+00:00,2025-10-05 08:45:00-07:00,2025-10-05 15:45:00+00:00,REAL_TIME_5_MIN,OAKLAND_1_N001,Node,42.86729,17.3588,24.56938,0.93911,0.0
2025-10-05 08:40:00-07:00,2025-10-05 15:40:00+00:00,2025-10-05 08:45:00-07:00,2025-10-05 15:45:00+00:00,REAL_TIME_5_MIN,PGSF_2_PDRP58-APND,AP Node,43.10581,17.3588,24.46597,1.28104,0.0
2025-10-05 08:40:00-07:00,2025-10-05 15:40:00+00:00,2025-10-05 08:45:00-07:00,2025-10-05 15:45:00+00:00,REAL_TIME_5_MIN,SNJOSEB_1_N001,Node,38.90116,17.3588,20.46438,1.07798,0.0
2025-10-05 08:45:00-07:00,2025-10-05 15:45:00+00:00,2025-10-05 08:50:00-07:00,2025-10-05 15:50:00+00:00,REAL_TIME_5_MIN,OAKLAND_1_N001,Node,43.13318,16.82287,25.42542,0.88488,0.0
2025-10-05 08:45:00-07:00,2025-10-05 15:45:00+00:00,2025-10-05 08:50:00-07:00,2025-10-05 15:50:00+00:00,REAL_TIME_5_MIN,PGSF_2_PDRP58-APND,AP Node,43.32349,16.82287,25.27701,1.22362,0.0
2025-10-05 08:45:00-07:00,2025-10-05 15:45:00+00:00,2025-10-05 08:50:00-07:00,2025-10-05 15:50:00+00:00,REAL_TIME_5_MIN,SNJOSEB_1_N001,Node,38.81306,16.82287,20.96568,1.02451,0.0
2025-10-05 08:50:00-07:00,2025-10-05 15:50:00+00:00,2025-10-05 08:55:00-07:00,2025-10-05 15:55:00+00:00,REAL_TIME_5_MIN,OAKLAND_1_N001,Node,47.60685,16.12166,30.63719,0.848,0.0
2025-10-05 08:50:00-07:00,2025-10-05 15:50:00+00:00,2025-10-05 08:55:00-07:00,2025-10-05 15:55:00+00:00,REAL_TIME_5_MIN,PGSF_2_PDRP58-APND,AP Node,52.45227,16.12166,35.158,1.17261,0.0
2025-10-05 08:50:00-07:00,2025-10-05 15:50:00+00:00,2025-10-05 08:55:00-07:00,2025-10-05 15:55:00+00:00,REAL_TIME_5_MIN,SNJOSEB_1_N001,Node,56.96939,16.12166,39.86592,0.98181,0.0
2025-10-05 08:55:00-07:00,2025-10-05 15:55:00+00:00,2025-10-05 09:00:00-07:00,2025-10-05 16:00:00+00:00,REAL_TIME_5_MIN,OAKLAND_1_N001,Node,48.62781,15.61065,32.19604,0.82112,0.0
2025-10-05 08:55:00-07:00,2025-10-05 15:55:00+00:00,2025-10-05 09:00:00-07:00,2025-10-05 16:00:00+00:00,REAL_TIME_5_MIN,PGSF_2_PDRP58-APND,AP Node,53.87537,15.61065,37.12928,1.13545,0.0
2025-10-05 08:55:00-07:00,2025-10-05 15:55:00+00:00,2025-10-05 09:00:00-07:00,2025-10-05 16:00:00+00:00,REAL_TIME_5_MIN,SNJOSEB_1_N001,Node,58.82254,15.61065,42.26121,0.95069,0.0
2025-10-05 09:00:00-07:00,2025-10-05 16:00:00+00:00,2025-10-05 09:05:00-07:00,2025-10-05 16:05:00+00:00,REAL_TIME_5_MIN,OAKLAND_1_N001,Node,47.68646,18.71721,27.96789,1.00137,0.0
2025-10-05 09:00:00-07:00,2025-10-05 16:00:00+00:00,2025-10-05 09:05:00-07:00,2025-10-05 16:05:00+00:00,REAL_TIME_5_MIN,PGSF_2_PDRP58-APND,AP Node,52.96447,18.71721,32.90267,1.34458,0.0
2025-10-05 09:00:00-07:00,2025-10-05 16:00:00+00:00,2025-10-05 09:05:00-07:00,2025-10-05 16:05:00+00:00,REAL_TIME_5_MIN,SNJOSEB_1_N001,Node,57.85392,18.71721,38.01743,1.11929,0.0
2025-10-05 09:05:00-07:00,2025-10-05 16:05:00+00:00,2025-10-05 09:10:00-07:00,2025-10-05 16:10:00+00:00,REAL_TIME_5_MIN,OAKLAND_1_N001,Node,47.76329,18.29293,28.49168,0.97867,0.0
2025-10-05 09:05:00-07:00,2025-10-05 16:05:00+00:00,2025-10-05 09:10:00-07:00,2025-10-05 16:10:00+00:00,REAL_TIME_5_MIN,PGSF_2_PDRP58-APND,AP Node,52.9928,18.29293,33.38576,1.31411,0.0
2025-10-05 09:05:00-07:00,2025-10-05 16:05:00+00:00,2025-10-05 09:10:00-07:00,2025-10-05 16:10:00+00:00,REAL_TIME_5_MIN,SNJOSEB_1_N001,Node,57.84851,18.29293,38.46165,1.09392,0.0
2025-10-05 09:10:00-07:00,2025-10-05 16:10:00+00:00,2025-10-05 09:15:00-07:00,2025-10-05 16:15:00+00:00,REAL_TIME_5_MIN,OAKLAND_1_N001,Node,47.67904,18.72287,27.95449,1.00167,0.0
2025-10-05 09:10:00-07:00,2025-10-05 16:10:00+00:00,2025-10-05 09:15:00-07:00,2025-10-05 16:15:00+00:00,REAL_TIME_5_MIN,PGSF_2_PDRP58-APND,AP Node,52.94561,18.72287,32.87775,1.34499,0.0
2025-10-05 09:10:00-07:00,2025-10-05 16:10:00+00:00,2025-10-05 09:15:00-07:00,2025-10-05 16:15:00+00:00,REAL_TIME_5_MIN,SNJOSEB_1_N001,Node,57.80715,18.72287,37.96464,1.11963,0.0
2025-10-05 09:15:00-07:00,2025-10-05 16:15:00+00:00,2025-10-05 09:20:00-07:00,2025-10-05 16:20:00+00:00,REAL_TIME_5_MIN,OAKLAND_1_N001,Node,46.71745,18.12997,27.61209,0.97539,0.0
2025-10-05 09:15:00-07:00,2025-10-05 16:15:00+00:00,2025-10-05 09:20:00-07:00,2025-10-05 16:20:00+00:00,REAL_TIME_5_MIN,PGSF_2_PDRP58-APND,AP Node,50.56551,18.12997,31.34458,1.09097,0.0
2025-10-05 09:15:00-07:00,2025-10-05 16:15:00+00:00,2025-10-05 09:20:00-07:00,2025-10-05 16:20:00+00:00,REAL_TIME_5_MIN,SNJOSEB_1_N001,Node,53.22729,18.12997,34.02946,1.06786,0.0
2025-10-05 09:20:00-07:00,2025-10-05 16:20:00+00:00,2025-10-05 09:25:00-07:00,2025-10-05 16:25:00+00:00,REAL_TIME_5_MIN,OAKLAND_1_N001,Node,46.70732,17.4473,28.32135,0.93866,0.0
2025-10-05 09:20:00-07:00,2025-10-05 16:20:00+00:00,2025-10-05 09:25:00-07:00,2025-10-05 16:25:00+00:00,REAL_TIME_5_MIN,PGSF_2_PDRP58-APND,AP Node,50.51359,17.4473,32.01641,1.04989,0.0
2025-10-05 09:20:00-07:00,2025-10-05 16:20:00+00:00,2025-10-05 09:25:00-07:00,2025-10-05 16:25:00+00:00,REAL_TIME_5_MIN,SNJOSEB_1_N001,Node,53.149,17.4473,34.67406,1.02765,0.0
2025-10-05 09:25:00-07:00,2025-10-05 16:25:00+00:00,2025-10-05 09:30:00-07:00,2025-10-05 16:30:00+00:00,REAL_TIME_5_MIN,OAKLAND_1_N001,Node,46.70673,17.4082,28.36197,0.93656,0.0
2025-10-05 09:25:00-07:00,2025-10-05 16:25:00+00:00,2025-10-05 09:30:00-07:00,2025-10-05 16:30:00+00:00,REAL_TIME_5_MIN,PGSF_2_PDRP58-APND,AP Node,50.51067,17.4082,32.05493,1.04753,0.0
2025-10-05 09:25:00-07:00,2025-10-05 16:25:00+00:00,2025-10-05 09:30:00-07:00,2025-10-05 16:30:00+00:00,REAL_TIME_5_MIN,SNJOSEB_1_N001,Node,53.1446,17.4082,34.71106,1.02534,0.0
2025-10-05 09:30:00-07:00,2025-10-05 16:30:00+00:00,2025-10-05 09:35:00-07:00,2025-10-05 16:35:00+00:00,REAL_TIME_5_MIN,OAKLAND_1_N001,Node,45.26191,16.81887,27.53314,0.9099,0.0
2025-10-05 09:30:00-07:00,2025-10-05 16:30:00+00:00,2025-10-05 09:35:00-07:00,2025-10-05 16:35:00+00:00,REAL_TIME_5_MIN,PGSF_2_PDRP58-APND,AP Node,48.55166,16.81887,30.7157,1.01709,0.0
2025-10-05 09:30:00-07:00,2025-10-05 16:30:00+00:00,2025-10-05 09:35:00-07:00,2025-10-05 16:35:00+00:00,REAL_TIME_5_MIN,SNJOSEB_1_N001,Node,50.44616,16.81887,32.65685,0.97045,0.0
2025-10-05 09:35:00-07:00,2025-10-05 16:35:00+00:00,2025-10-05 09:40:00-07:00,2025-10-05 16:40:00+00:00,REAL_TIME_5_MIN,OAKLAND_1_N001,Node,44.79686,16.00323,27.92785,0.86577,0.0
2025-10-05 09:35:00-07:00,2025-10-05 16:35:00+00:00,2025-10-05 09:40:00-07:00,2025-10-05 16:40:00+00:00,REAL_TIME_5_MIN,PGSF_2_PDRP58-APND,AP Node,48.43447,16.00323,31.46347,0.96777,0.0
2025-10-05 09:35:00-07:00,2025-10-05 16:35:00+00:00,2025-10-05 09:40:00-07:00,2025-10-05 16:40:00+00:00,REAL_TIME_5_MIN,SNJOSEB_1_N001,Node,50.72352,16.00323,33.7969,0.92339,0.0
2025-10-05 09:40:00-07:00,2025-10-05 16:40:00+00:00,2025-10-05 09:45:00-07:00,2025-10-05 16:45:00+00:00,REAL_TIME_5_MIN,OAKLAND_1_N001,Node,40.90839,14.36722,25.7639,0.77727,0.0
2025-10-05 09:40:00-07:00,2025-10-05 16:40:00+00:00,2025-10-05 09:45:00-07:00,2025-10-05 16:45:00+00:00,REAL_TIME_5_MIN,PGSF_2_PDRP58-APND,AP Node,44.22563,14.36722,28.98958,0.86883,0.0
2025-10-05 09:40:00-07:00,2025-10-05 16:40:00+00:00,2025-10-05 09:45:00-07:00,2025-10-05 16:45:00+00:00,REAL_TIME_5_MIN,SNJOSEB_1_N001,Node,46.14958,14.36722,30.95338,0.82899,0.0
2025-10-05 09:45:00-07:00,2025-10-05 16:45:00+00:00,2025-10-05 09:50:00-07:00,2025-10-05 16:50:00+00:00,REAL_TIME_5_MIN,OAKLAND_1_N001,Node,40.49013,13.33916,26.40798,0.74299,0.0
2025-10-05 09:45:00-07:00,2025-10-05 16:45:00+00:00,2025-10-05 09:50:00-07:00,2025-10-05 16:50:00+00:00,REAL_TIME_5_MIN,PGSF_2_PDRP58-APND,AP Node,44.81756,13.33916,30.64556,0.83284,0.0
2025-10-05 09:45:00-07:00,2025-10-05 16:45:00+00:00,2025-10-05 09:50:00-07:00,2025-10-05 16:50:00+00:00,REAL_TIME_5_MIN,SNJOSEB_1_N001,Node,48.70113,13.33916,34.57229,0.78968,0.0
2025-10-05 09:50:00-07:00,2025-10-05 16:50:00+00:00,2025-10-05 09:55:00-07:00,2025-10-05 16:55:00+00:00,REAL_TIME_5_MIN,OAKLAND_1_N001,Node,40.5512,13.0139,26.81242,0.72487,0.0
2025-10-05 09:50:00-07:00,2025-10-05 16:50:00+00:00,2025-10-05 09:55:00-07:00,2025-10-05 16:55:00+00:00,REAL_TIME_5_MIN,PGSF_2_PDRP58-APND,AP Node,45.23497,13.0139,31.40853,0.81253,0.0
2025-10-05 09:50:00-07:00,2025-10-05 16:50:00+00:00,2025-10-05 09:55:00-07:00,2025-10-05 16:55:00+00:00,REAL_TIME_5_MIN,SNJOSEB_1_N001,Node,49.38704,13.0139,35.60272,0.77042,0.0
2025-10-05 09:55:00-07:00,2025-10-05 16:55:00+00:00,2025-10-05 10:00:00-07:00,2025-10-05 17:00:00+00:00,REAL_TIME_5_MIN,OAKLAND_1_N001,Node,30.67765,10.05429,20.06333,0.56002,0.0
2025-10-05 09:55:00-07:00,2025-10-05 16:55:00+00:00,2025-10-05 10:00:00-07:00,2025-10-05 17:00:00+00:00,REAL_TIME_5_MIN,PGSF_2_PDRP58-APND,AP Node,35.97392,10.05429,25.29188,0.62775,0.0
2025-10-05 09:55:00-07:00,2025-10-05 16:55:00+00:00,2025-10-05 10:00:00-07:00,2025-10-05 17:00:00+00:00,REAL_TIME_5_MIN,SNJOSEB_1_N001,Node,38.01321,10.05429,27.3637,0.59521,0.0
2025-10-05 10:00:00-07:00,2025-10-05 17:00:00+00:00,2025-10-05 10:05:00-07:00,2025-10-05 17:05:00+00:00,REAL_TIME_5_MIN,OAKLAND_1_N001,Node,25.74663,10.0401,15.16938,0.53715,0.0
2025-10-05 10:00:00-07:00,2025-10-05 17:00:00+00:00,2025-10-05 10:05:00-07:00,2025-10-05 17:05:00+00:00,REAL_TIME_5_MIN,PGSF_2_PDRP58-APND,AP Node,25.70183,10.0401,14.86294,0.79879,0.0
2025-10-05 10:00:00-07:00,2025-10-05 17:00:00+00:00,2025-10-05 10:05:00-07:00,2025-10-05 17:05:00+00:00,REAL_TIME_5_MIN,SNJOSEB_1_N001,Node,21.18419,10.0401,10.54469,0.59939,0.0
2025-10-05 10:05:00-07:00,2025-10-05 17:05:00+00:00,2025-10-05 10:10:00-07:00,2025-10-05 17:10:00+00:00,REAL_TIME_5_MIN,OAKLAND_1_N001,Node,25.12328,9.97576,14.61382,0.5337,0.0
2025-10-05 10:05:00-07:00,2025-10-05 17:05:00+00:00,2025-10-05 10:10:00-07:00,2025-10-05 17:10:00+00:00,REAL_TIME_5_MIN,PGSF_2_PDRP58-APND,AP Node,25.07743,9.97576,14.308,0.79367,0.0
2025-10-05 10:05:00-07:00,2025-10-05 17:05:00+00:00,2025-10-05 10:10:00-07:00,2025-10-05 17:10:00+00:00,REAL_TIME_5_MIN,SNJOSEB_1_N001,Node,20.59308,9.97576,10.02177,0.59555,0.0
2025-10-05 10:10:00-07:00,2025-10-05 17:10:00+00:00,2025-10-05 10:15:00-07:00,2025-10-05 17:15:00+00:00,REAL_TIME_5_MIN,OAKLAND_1_N001,Node,24.43733,9.654,14.26683,0.51649,0.0
2025-10-05 10:10:00-07:00,2025-10-05 17:10:00+00:00,2025-10-05 10:15:00-07:00,2025-10-05 17:15:00+00:00,REAL_TIME_5_MIN,PGSF_2_PDRP58-APND,AP Node,24.38687,9.654,13.9648,0.76807,0.0
2025-10-05 10:10:00-07:00,2025-10-05 17:10:00+00:00,2025-10-05 10:15:00-07:00,2025-10-05 17:15:00+00:00,REAL_TIME_5_MIN,SNJOSEB_1_N001,Node,19.96924,9.654,9.73889,0.57634,0.0
2025-10-05 10:15:00-07:00,2025-10-05 17:15:00+00:00,2025-10-05 10:20:00-07:00,2025-10-05 17:20:00+00:00,REAL_TIME_5_MIN,OAKLAND_1_N001,Node,25.18753,10.01063,14.58126,0.59563,0.0
2025-10-05 10:15:00-07:00,2025-10-05 17:15:00+00:00,2025-10-05 10:20:00-07:00,2025-10-05 17:20:00+00:00,REAL_TIME_5_MIN,PGSF_2_PDRP58-APND,AP Node,25.14058,10.01063,14.27282,0.85713,0.0
2025-10-05 10:15:00-07:00,2025-10-05 17:15:00+00:00,2025-10-05 10:20:00-07:00,2025-10-05 17:20:00+00:00,REAL_TIME_5_MIN,SNJOSEB_1_N001,Node,20.6209,10.01063,9.95858,0.65169,0.0
2025-10-05 10:20:00-07:00,2025-10-05 17:20:00+00:00,2025-10-05 10:25:00-07:00,2025-10-05 17:25:00+00:00,REAL_TIME_5_MIN,OAKLAND_1_N001,Node,26.32784,10.42696,15.28048,0.6204,0.0
2025-10-05 10:20:00-07:00,2025-10-05 17:20:00+00:00,2025-10-05 10:25:00-07:00,2025-10-05 17:25:00+00:00,REAL_TIME_5_MIN,PGSF_2_PDRP58-APND,AP Node,26.23069,10.42696,14.91095,0.89278,0.0
2025-10-05 10:20:00-07:00,2025-10-05 17:20:00+00:00,2025-10-05 10:25:00-07:00,2025-10-05 17:25:00+00:00,REAL_TIME_5_MIN,SNJOSEB_1_N001,Node,20.94455,10.42696,9.8388,0.67879,0.0
2025-10-05 10:25:00-07:00,2025-10-05 17:25:00+00:00,2025-10-05 10:30:00-07:00,2025-10-05 17:30:00+00:00,REAL_TIME_5_MIN,OAKLAND_1_N001,Node,23.52245,8.84271,14.1536,0.52614,0.0
2025-10-05 10:25:00-07:00,2025-10-05 17:25:00+00:00,2025-10-05 10:30:00-07:00,2025-10-05 17:30:00+00:00,REAL_TIME_5_MIN,PGSF_2_PDRP58-APND,AP Node,23.43921,8.84271,13.83936,0.75713,0.0
2025-10-05 10:25:00-07:00,2025-10-05 17:25:00+00:00,2025-10-05 10:30:00-07:00,2025-10-05 17:30:00+00:00,REAL_TIME_5_MIN,SNJOSEB_1_N001,Node,18.89342,8.84271,9.47505,0.57566,0.0
2025-10-05 10:30:00-07:00,2025-10-05 17:30:00+00:00,2025-10-05 10:35:00-07:00,2025-10-05 17:35:00+00:00,REAL_TIME_5_MIN,OAKLAND_1_N001,Node,28.53278,11.40747,16.46254,0.66277,0.0
2025-10-05 10:30:00-07:00,2025-10-05 17:30:00+00:00,2025-10-05 10:35:00-07:00,2025-10-05 17:35:00+00:00,REAL_TIME_5_MIN,PGSF_2_PDRP58-APND,AP Node,28.45592,11.40747,16.06421,0.98424,0.0
2025-10-05 10:30:00-07:00,2025-10-05 17:30:00+00:00,2025-10-05 10:35:00-07:00,2025-10-05 17:35:00+00:00,REAL_TIME_5_MIN,SNJOSEB_1_N001,Node,22.52496,11.40747,10.37714,0.74035,0.0
2025-10-05 10:35:00-07:00,2025-10-05 17:35:00+00:00,2025-10-05 10:40:00-07:00,2025-10-05 17:40:00+00:00,REAL_TIME_5_MIN,OAKLAND_1_N001,Node,27.25972,10.56554,16.08033,0.61386,0.0
2025-10-05 10:35:00-07:00,2025-10-05 17:35:00+00:00,2025-10-05 10:40:00-07:00,2025-10-05 17:40:00+00:00,REAL_TIME_5_MIN,PGSF_2_PDRP58-APND,AP Node,27.20602,10.56554,15.72888,0.9116,0.0
2025-10-05 10:35:00-07:00,2025-10-05 17:35:00+00:00,2025-10-05 10:40:00-07:00,2025-10-05 17:40:00+00:00,REAL_TIME_5_MIN,SNJOSEB_1_N001,Node,21.86308,10.56554,10.61184,0.6857,0.0
2025-10-05 10:40:00-07:00,2025-10-05 17:40:00+00:00,2025-10-05 10:45:00-07:00,2025-10-05 17:45:00+00:00,REAL_TIME_5_MIN,OAKLAND_1_N001,Node,26.8067,10.62554,15.56382,0.61734,0.0
2025-10-05 10:40:00-07:00,2025-10-05 17:40:00+00:00,2025-10-05 10:45:00-07:00,2025-10-05 17:45:00+00:00,REAL_TIME_5_MIN,PGSF_2_PDRP58-APND,AP Node,26.74551,10.62554,15.2032,0.91677,0.0
2025-10-05 10:40:00-07:00,2025-10-05 17:40:00+00:00,2025-10-05 10:45:00-07:00,2025-10-05 17:45:00+00:00,REAL_TIME_5_MIN,SNJOSEB_1_N001,Node,21.32756,10.62554,10.01243,0.6896,0.0
2025-10-05 10:45:00-07:00,2025-10-05 17:45:00+00:00,2025-10-05 10:50:00-07:00,2025-10-05 17:50:00+00:00,REAL_TIME_5_MIN,OAKLAND_1_N001,Node,27.60407,10.9083,16.06963,0.62614,0.0
2025-10-05 10:45:00-07:00,2025-10-05 17:45:00+00:00,2025-10-05 10:50:00-07:00,2025-10-05 17:50:00+00:00,REAL_TIME_5_MIN,PGSF_2_PDRP58-APND,AP Node,27.41723,10.9083,15.65379,0.85514,0.0
2025-10-05 10:45:00-07:00,2025-10-05 17:45:00+00:00,2025-10-05 10:50:00-07:00,2025-10-05 17:50:00+00:00,REAL_TIME_5_MIN,SNJOSEB_1_N001,Node,21.38407,10.9083,9.79073,0.68504,0.0
2025-10-05 10:50:00-07:00,2025-10-05 17:50:00+00:00,2025-10-05 10:55:00-07:00,2025-10-05 17:55:00+00:00,REAL_TIME_5_MIN,OAKLAND_1_N001,Node,27.93739,11.08752,16.21344,0.63642,0.0
2025-10-05 10:50:00-07:00,2025-10-05 17:50:00+00:00,2025-10-05 10:55:00-07:00,2025-10-05 17:55:00+00:00,REAL_TIME_5_MIN,PGSF_2_PDRP58-APND,AP Node,27.80148,11.08752,15.84477,0.86919,0.0
2025-10-05 10:50:00-07:00,2025-10-05 17:50:00+00:00,2025-10-05 10:55:00-07:00,2025-10-05 17:55:00+00:00,REAL_TIME_5_MIN,SNJOSEB_1_N001,Node,22.30552,11.08752,10.5217,0.6963,0.0
2025-10-05 10:55:00-07:00,2025-10-05 17:55:00+00:00,2025-10-05 11:00:00-07:00,2025-10-05 18:00:00+00:00,REAL_TIME_5_MIN,OAKLAND_1_N001,Node,29.51925,11.80648,17.03508,0.67769,0.0
2025-10-05 10:55:00-07:00,2025-10-05 17:55:00+00:00,2025-10-05 11:00:00-07:00,2025-10-05 18:00:00+00:00,REAL_TIME_5_MIN,PGSF_2_PDRP58-APND,AP Node,29.37109,11.80648,16.63906,0.92555,0.0
2025-10-05 10:55:00-07:00,2025-10-05 17:55:00+00:00,2025-10-05 11:00:00-07:00,2025-10-05 18:00:00+00:00,REAL_TIME_5_MIN,SNJOSEB_1_N001,Node,23.49323,11.80648,10.94531,0.74145,0.0
2025-10-05 11:00:00-07:00,2025-10-05 18:00:00+00:00,2025-10-05 11:05:00-07:00,2025-10-05 18:05:00+00:00,REAL_TIME_5_MIN,OAKLAND_1_N001,Node,28.71444,12.91802,15.06009,0.73633,0.0
2025-10-05 11:00:00-07:00,2025-10-05 18:00:00+00:00,2025-10-05 11:05:00-07:00,2025-10-05 18:05:00+00:00,REAL_TIME_5_MIN,PGSF_2_PDRP58-APND,AP Node,28.76584,12.91802,14.73967,1.10815,0.0
2025-10-05 11:00:00-07:00,2025-10-05 18:00:00+00:00,2025-10-05 11:05:00-07:00,2025-10-05 18:05:00+00:00,REAL_TIME_5_MIN,SNJOSEB_1_N001,Node,21.75091,12.91802,8.00355,0.82934,0.0
2025-10-05 11:05:00-07:00,2025-10-05 18:05:00+00:00,2025-10-05 11:10:00-07:00,2025-10-05 18:10:00+00:00,REAL_TIME_5_MIN,OAKLAND_1_N001,Node,29.32751,12.86309,15.73122,0.7332,0.0
2025-10-05 11:05:00-07:00,2025-10-05 18:05:00+00:00,2025-10-05 11:10:00-07:00,2025-10-05 18:10:00+00:00,REAL_TIME_5_MIN,PGSF_2_PDRP58-APND,AP Node,29.38814,12.86309,15.4216,1.10344,0.0
2025-10-05 11:05:00-07:00,2025-10-05 18:05:00+00:00,2025-10-05 11:10:00-07:00,2025-10-05 18:10:00+00:00,REAL_TIME_5_MIN,SNJOSEB_1_N001,Node,22.46853,12.86309,8.77963,0.82581,0.0
2025-10-05 11:10:00-07:00,2025-10-05 18:10:00+00:00,2025-10-05 11:15:00-07:00,2025-10-05 18:15:00+00:00,REAL_TIME_5_MIN,OAKLAND_1_N001,Node,29.392,12.78338,15.87997,0.72865,0.0
2025-10-05 11:10:00-07:00,2025-10-05 18:10:00+00:00,2025-10-05 11:15:00-07:00,2025-10-05 18:15:00+00:00,REAL_TIME_5_MIN,PGSF_2_PDRP58-APND,AP Node,29.4518,12.78338,15.57182,1.0966,0.0
2025-10-05 11:10:00-07:00,2025-10-05 18:10:00+00:00,2025-10-05 11:15:00-07:00,2025-10-05 18:15:00+00:00,REAL_TIME_5_MIN,SNJOSEB_1_N001,Node,22.54567,12.78338,8.9416,0.82069,0.0
2025-10-05 11:15:00-07:00,2025-10-05 18:15:00+00:00,2025-10-05 11:20:00-07:00,2025-10-05 18:20:00+00:00,REAL_TIME_5_MIN,OAKLAND_1_N001,Node,34.68762,15.30178,18.5167,0.86914,0.0
2025-10-05 11:15:00-07:00,2025-10-05 18:15:00+00:00,2025-10-05 11:20:00-07:00,2025-10-05 18:20:00+00:00,REAL_TIME_5_MIN,PGSF_2_PDRP58-APND,AP Node,34.77223,15.30178,18.16296,1.30749,0.0
2025-10-05 11:15:00-07:00,2025-10-05 18:15:00+00:00,2025-10-05 11:20:00-07:00,2025-10-05 18:20:00+00:00,REAL_TIME_5_MIN,SNJOSEB_1_N001,Node,27.07109,15.30178,10.78999,0.97931,0.0
2025-10-05 11:20:00-07:00,2025-10-05 18:20:00+00:00,2025-10-05 11:25:00-07:00,2025-10-05 18:25:00+00:00,REAL_TIME_5_MIN,OAKLAND_1_N001,Node,34.68015,15.12507,18.69597,0.8591,0.0
2025-10-05 11:20:00-07:00,2025-10-05 18:20:00+00:00,2025-10-05 11:25:00-07:00,2025-10-05 18:25:00+00:00,REAL_TIME_5_MIN,PGSF_2_PDRP58-APND,AP Node,34.75747,15.12507,18.34001,1.29239,0.0
2025-10-05 11:20:00-07:00,2025-10-05 18:20:00+00:00,2025-10-05 11:25:00-07:00,2025-10-05 18:25:00+00:00,REAL_TIME_5_MIN,SNJOSEB_1_N001,Node,27.00956,15.12507,10.91648,0.968,0.0
2025-10-05 11:25:00-07:00,2025-10-05 18:25:00+00:00,2025-10-05 11:30:00-07:00,2025-10-05 18:30:00+00:00,REAL_TIME_5_MIN,OAKLAND_1_N001,Node,34.89403,15.34745,18.67485,0.87173,0.0
2025-10-05 11:25:00-07:00,2025-10-05 18:25:00+00:00,2025-10-05 11:30:00-07:00,2025-10-05 18:30:00+00:00,REAL_TIME_5_MIN,PGSF_2_PDRP58-APND,AP Node,34.97074,15.34745,18.31189,1.3114,0.0
2025-10-05 11:25:00-07:00,2025-10-05 18:25:00+00:00,2025-10-05 11:30:00-07:00,2025-10-05 18:30:00+00:00,REAL_TIME_5_MIN,SNJOSEB_1_N001,Node,27.09839,15.34745,10.76871,0.98224,0.0
2025-10-05 11:30:00-07:00,2025-10-05 18:30:00+00:00,2025-10-05 11:35:00-07:00,2025-10-05 18:35:00+00:00,REAL_TIME_5_MIN,OAKLAND_1_N001,Node,36.2215,15.96881,19.34567,0.90703,0.0
2025-10-05 11:30:00-07:00,2025-10-05 18:30:00+00:00,2025-10-05 11:35:00-07:00,2025-10-05 18:35:00+00:00,REAL_TIME_5_MIN,PGSF_2_PDRP58-APND,AP Node,36.29395,15.96881,18.97327,1.35187,0.0
2025-10-05 11:30:00-07:00,2025-10-05 18:30:00+00:00,2025-10-05 11:35:00-07:00,2025-10-05 18:35:00+00:00,REAL_TIME_5_MIN,SNJOSEB_1_N001,Node,28.22448,15.96881,11.22408,1.03159,0.0
2025-10-05 11:35:00-07:00,2025-10-05 18:35:00+00:00,2025-10-05 11:40:00-07:00,2025-10-05 18:40:00+00:00,REAL_TIME_5_MIN,OAKLAND_1_N001,Node,34.69431,15.02282,18.8182,0.8533,0.0
2025-10-05 11:35:00-07:00,2025-10-05 18:35:00+00:00,2025-10-05 11:40:00-07:00,2025-10-05 18:40:00+00:00,REAL_TIME_5_MIN,PGSF_2_PDRP58-APND,AP Node,34.76621,15.02282,18.47162,1.27178,0.0
2025-10-05 11:35:00-07:00,2025-10-05 18:35:00+00:00,2025-10-05 11:40:00-07:00,2025-10-05 18:40:00+00:00,REAL_TIME_5_MIN,SNJOSEB_1_N001,Node,27.19571,15.02282,11.20242,0.97047,0.0
2025-10-05 11:40:00-07:00,2025-10-05 18:40:00+00:00,2025-10-05 11:45:00-07:00,2025-10-05 18:45:00+00:00,REAL_TIME_5_MIN,OAKLAND_1_N001,Node,34.69199,14.93944,18.90399,0.84856,0.0
2025-10-05 11:40:00-07:00,2025-10-05 18:40:00+00:00,2025-10-05 11:45:00-07:00,2025-10-05 18:45:00+00:00,REAL_TIME_5_MIN,PGSF_2_PDRP58-APND,AP Node,34.77231,14.93944,18.56815,1.26472,0.0
2025-10-05 11:40:00-07:00,2025-10-05 18:40:00+00:00,2025-10-05 11:45:00-07:00,2025-10-05 18:45:00+00:00,REAL_TIME_5_MIN,SNJOSEB_1_N001,Node,27.3838,14.93944,11.47927,0.96509,0.0
2025-10-05 11:45:00-07:00,2025-10-05 18:45:00+00:00,2025-10-05 11:50:00-07:00,2025-10-05 18:50:00+00:00,REAL_TIME_5_MIN,OAKLAND_1_N001,Node,34.73387,14.97864,18.92092,0.83431,0.0
2025-10-05 11:45:00-07:00,2025-10-05 18:45:00+00:00,2025-10-05 11:50:00-07:00,2025-10-05 18:50:00+00:00,REAL_TIME_5_MIN,PGSF_2_PDRP58-APND,AP Node,34.72159,14.97864,18.57525,1.1677,0.0
2025-10-05 11:45:00-07:00,2025-10-05 18:45:00+00:00,2025-10-05 11:50:00-07:00,2025-10-05 18:50:00+00:00,REAL_TIME_5_MIN,SNJOSEB_1_N001,Node,27.24654,14.97864,11.31826,0.94965,0.0
2025-10-05 11:50:00-07:00,2025-10-05 18:50:00+00:00,2025-10-05 11:55:00-07:00,2025-10-05 18:55:00+00:00,REAL_TIME_5_MIN,OAKLAND_1_N001,Node,35.00663,15.05916,19.10867,0.8388,0.0
2025-10-05 11:50:00-07:00,2025-10-05 18:50:00+00:00,2025-10-05 11:55:00-07:00,2025-10-05 18:55:00+00:00,REAL_TIME_5_MIN,PGSF_2_PDRP58-APND,AP Node,35.00132,15.05916,18.76818,1.17398,0.0
2025-10-05 11:50:00-07:00,2025-10-05 18:50:00+00:00,2025-10-05 11:55:00-07:00,2025-10-05 18:55:00+00:00,REAL_TIME_5_MIN,SNJOSEB_1_N001,Node,27.60233,15.05916,11.58842,0.95475,0.0
2025-10-05 11:55:00-07:00,2025-10-05 18:55:00+00:00,2025-10-05 12:00:00-07:00,2025-10-05 19:00:00+00:00,REAL_TIME_5_MIN,OAKLAND_1_N001,Node,36.30766,15.71229,19.7202,0.87517,0.0
2025-10-05 11:55:00-07:00,2025-10-05 18:55:00+00:00,2025-10-05 12:00:00-07:00,2025-10-05 19:00:00+00:00,REAL_TIME_5_MIN,PGSF_2_PDRP58-APND,AP Node,36.29988,15.71229,19.3627,1.22489,0.0
2025-10-05 11:55:00-07:00,2025-10-05 18:55:00+00:00,2025-10-05 12:00:00-07:00,2025-10-05 19:00:00+00:00,REAL_TIME_5_MIN,SNJOSEB_1_N001,Node,28.5489,15.71229,11.84045,0.99616,0.0
2025-10-05 12:00:00-07:00,2025-10-05 19:00:00+00:00,2025-10-05 12:05:00-07:00,2025-10-05 19:05:00+00:00,REAL_TIME_5_MIN,OAKLAND_1_N001,Node,36.24835,15.8236,19.49748,0.92726,0.0
2025-10-05 12:00:00-07:00,2025-10-05 19:00:00+00:00,2025-10-05 12:05:00-07:00,2025-10-05 19:05:00+00:00,REAL_TIME_5_MIN,PGSF_2_PDRP58-APND,AP Node,36.23093,15.8236,19.13161,1.27572,0.0
2025-10-05 12:00:00-07:00,2025-10-05 19:00:00+00:00,2025-10-05 12:05:00-07:00,2025-10-05 19:05:00+00:00,REAL_TIME_5_MIN,SNJOSEB_1_N001,Node,28.34131,15.8236,11.48917,1.02853,0.0
2025-10-05 12:05:00-07:00,2025-10-05 19:05:00+00:00,2025-10-05 12:10:00-07:00,2025-10-05 19:10:00+00:00,REAL_TIME_5_MIN,OAKLAND_1_N001,Node,37.91334,16.56086,20.38202,0.97047,0.0
2025-10-05 12:05:00-07:00,2025-10-05 19:05:00+00:00,2025-10-05 12:10:00-07:00,2025-10-05 19:10:00+00:00,REAL_TIME_5_MIN,PGSF_2_PDRP58-APND,AP Node,37.91344,16.56086,20.01742,1.33516,0.0
2025-10-05 12:05:00-07:00,2025-10-05 19:05:00+00:00,2025-10-05 12:10:00-07:00,2025-10-05 19:10:00+00:00,REAL_TIME_5_MIN,SNJOSEB_1_N001,Node,29.97551,16.56086,12.33819,1.07646,0.0
2025-10-05 12:10:00-07:00,2025-10-05 19:10:00+00:00,2025-10-05 12:15:00-07:00,2025-10-05 19:15:00+00:00,REAL_TIME_5_MIN,OAKLAND_1_N001,Node,38.3654,16.6606,20.7285,0.97631,0.0
2025-10-05 12:10:00-07:00,2025-10-05 19:10:00+00:00,2025-10-05 12:15:00-07:00,2025-10-05 19:15:00+00:00,REAL_TIME_5_MIN,PGSF_2_PDRP58-APND,AP Node,38.38606,16.6606,20.38226,1.3432,0.0
2025-10-05 12:10:00-07:00,2025-10-05 19:10:00+00:00,2025-10-05 12:15:00-07:00,2025-10-05 19:15:00+00:00,REAL_TIME_5_MIN,SNJOSEB_1_N001,Node,30.74173,16.6606,12.99819,1.08294,0.0
2025-10-05 12:15:00-07:00,2025-10-05 19:15:00+00:00,2025-10-05 12:20:00-07:00,2025-10-05 19:20:00+00:00,REAL_TIME_5_MIN,OAKLAND_1_N001,Node,34.98239,15.02613,19.07422,0.88203,0.0
2025-10-05 12:15:00-07:00,2025-10-05 19:15:00+00:00,2025-10-05 12:20:00-07:00,2025-10-05 19:20:00+00:00,REAL_TIME_5_MIN,PGSF_2_PDRP58-APND,AP Node,34.96869,15.02613,18.72551,1.21704,0.0
2025-10-05 12:15:00-07:00,2025-10-05 19:15:00+00:00,2025-10-05 12:20:00-07:00,2025-10-05 19:20:00+00:00,REAL_TIME_5_MIN,SNJOSEB_1_N001,Node,27.424,15.02613,11.41215,0.98571,0.0
2025-10-05 12:20:00-07:00,2025-10-05 19:20:00+00:00,2025-10-05 12:25:00-07:00,2025-10-05 19:25:00+00:00,REAL_TIME_5_MIN,OAKLAND_1_N001,Node,38.07306,16.28627,20.83079,0.956,0.0
2025-10-05 12:20:00-07:00,2025-10-05 19:20:00+00:00,2025-10-05 12:25:00-07:00,2025-10-05 19:25:00+00:00,REAL_TIME_5_MIN,PGSF_2_PDRP58-APND,AP Node,38.10115,16.28627,20.49577,1.31911,0.0
2025-10-05 12:20:00-07:00,2025-10-05 19:20:00+00:00,2025-10-05 12:25:00-07:00,2025-10-05 19:25:00+00:00,REAL_TIME_5_MIN,SNJOSEB_1_N001,Node,30.65781,16.28627,13.30316,1.06838,0.0
2025-10-05 12:25:00-07:00,2025-10-05 19:25:00+00:00,2025-10-05 12:30:00-07:00,2025-10-05 19:30:00+00:00,REAL_TIME_5_MIN,OAKLAND_1_N001,Node,38.38381,16.43019,20.98917,0.96445,0.0
2025-10-05 12:25:00-07:00,2025-10-05 19:25:00+00:00,2025-10-05 12:30:00-07:00,2025-10-05 19:30:00+00:00,REAL_TIME_5_MIN,PGSF_2_PDRP58-APND,AP Node,38.40787,16.43019,20.64691,1.33076,0.0
2025-10-05 12:25:00-07:00,2025-10-05 19:25:00+00:00,2025-10-05 12:30:00-07:00,2025-10-05 19:30:00+00:00,REAL_TIME_5_MIN,SNJOSEB_1_N001,Node,30.82625,16.43019,13.31824,1.07782,0.0
2025-10-05 12:30:00-07:00,2025-10-05 19:30:00+00:00,2025-10-05 12:35:00-07:00,2025-10-05 19:35:00+00:00,REAL_TIME_5_MIN,OAKLAND_1_N001,Node,38.50869,16.60751,20.923,0.97818,0.0
2025-10-05 12:30:00-07:00,2025-10-05 19:30:00+00:00,2025-10-05 12:35:00-07:00,2025-10-05 19:35:00+00:00,REAL_TIME_5_MIN,PGSF_2_PDRP58-APND,AP Node,38.5147,16.60751,20.56151,1.34568,0.0
2025-10-05 12:30:00-07:00,2025-10-05 19:30:00+00:00,2025-10-05 12:35:00-07:00,2025-10-05 19:35:00+00:00,REAL_TIME_5_MIN,SNJOSEB_1_N001,Node,30.61261,16.60751,12.90734,1.09776,0.0
2025-10-05 12:35:00-07:00,2025-10-05 19:35:00+00:00,2025-10-05 12:40:00-07:00,2025-10-05 19:40:00+00:00,REAL_TIME_5_MIN,OAKLAND_1_N001,Node,38.51367,16.64059,20.89295,0.98013,0.0
2025-10-05 12:35:00-07:00,2025-10-05 19:35:00+00:00,2025-10-05 12:40:00-07:00,2025-10-05 19:40:00+00:00,REAL_TIME_5_MIN,PGSF_2_PDRP58-APND,AP Node,38.51593,16.64059,20.52699,1.34836,0.0
2025-10-05 12:35:00-07:00,2025-10-05 19:35:00+00:00,2025-10-05 12:40:00-07:00,2025-10-05 19:40:00+00:00,REAL_TIME_5_MIN,SNJOSEB_1_N001,Node,30.53781,16.64059,12.79728,1.09994,0.0
2025-10-05 12:40:00-07:00,2025-10-05 19:40:00+00:00,2025-10-05 12:45:00-07:00,2025-10-05 19:45:00+00:00,REAL_TIME_5_MIN,OAKLAND_1_N001,Node,38.50342,16.58458,20.94201,0.97683,0.0
2025-10-05 12:40:00-07:00,2025-10-05 19:40:00+00:00,2025-10-05 12:45:00-07:00,2025-10-05 19:45:00+00:00,REAL_TIME_5_MIN,PGSF_2_PDRP58-APND,AP Node,38.51405,16.58458,20.58565,1.34382,0.0
2025-10-05 12:40:00-07:00,2025-10-05 19:40:00+00:00,2025-10-05 12:45:00-07:00,2025-10-05 19:45:00+00:00,REAL_TIME_5_MIN,SNJOSEB_1_N001,Node,30.70016,16.58458,13.01935,1.09624,0.0
2025-10-05 12:45:00-07:00,2025-10-05 19:45:00+00:00,2025-10-05 12:50:00-07:00,2025-10-05 19:50:00+00:00,REAL_TIME_5_MIN,OAKLAND_1_N001,Node,38.21243,16.4909,20.75351,0.96802,0.0
2025-10-05 12:45:00-07:00,2025-10-05 19:45:00+00:00,2025-10-05 12:50:00-07:00,2025-10-05 19:50:00+00:00,REAL_TIME_5_MIN,PGSF_2_PDRP58-APND,AP Node,38.19609,16.4909,20.37886,1.32633,0.0
2025-10-05 12:45:00-07:00,2025-10-05 19:45:00+00:00,2025-10-05 12:50:00-07:00,2025-10-05 19:50:00+00:00,REAL_TIME_5_MIN,SNJOSEB_1_N001,Node,30.08211,16.4909,12.51106,1.08015,0.0
2025-10-05 12:50:00-07:00,2025-10-05 19:50:00+00:00,2025-10-05 12:55:00-07:00,2025-10-05 19:55:00+00:00,REAL_TIME_5_MIN,OAKLAND_1_N001,Node,38.21149,16.47706,20.76723,0.9672,0.0
2025-10-05 12:50:00-07:00,2025-10-05 19:50:00+00:00,2025-10-05 12:55:00-07:00,2025-10-05 19:55:00+00:00,REAL_TIME_5_MIN,PGSF_2_PDRP58-APND,AP Node,38.19698,16.47706,20.39471,1.32522,0.0
2025-10-05 12:50:00-07:00,2025-10-05 19:50:00+00:00,2025-10-05 12:55:00-07:00,2025-10-05 19:55:00+00:00,REAL_TIME_5_MIN,SNJOSEB_1_N001,Node,30.11937,16.47706,12.56307,1.07925,0.0
2025-10-05 12:55:00-07:00,2025-10-05 19:55:00+00:00,2025-10-05 13:00:00-07:00,2025-10-05 20:00:00+00:00,REAL_TIME_5_MIN,OAKLAND_1_N001,Node,38.21147,16.47025,20.77442,0.9668,0.0
2025-10-05 12:55:00-07:00,2025-10-05 19:55:00+00:00,2025-10-05 13:00:00-07:00,2025-10-05 20:00:00+00:00,REAL_TIME_5_MIN,PGSF_2_PDRP58-APND,AP Node,38.19594,16.47025,20.40102,1.32467,0.0
2025-10-05 12:55:00-07:00,2025-10-05 19:55:00+00:00,2025-10-05 13:00:00-07:00,2025-10-05 20:00:00+00:00,REAL_TIME_5_MIN,SNJOSEB_1_N001,Node,30.10263,16.47025,12.55359,1.0788,0.0
2025-10-05 13:00:00-07:00,2025-10-05 20:00:00+00:00,2025-10-05 13:05:00-07:00,2025-10-05 20:05:00+00:00,REAL_TIME_5_MIN,OAKLAND_1_N001,Node,36.6263,15.8028,19.91484,0.90866,0.0
2025-10-05 13:00:00-07:00,2025-10-05 20:00:00+00:00,2025-10-05 13:05:00-07:00,2025-10-05 20:05:00+00:00,REAL_TIME_5_MIN,PGSF_2_PDRP58-APND,AP Node,36.73866,15.8028,19.6571,1.27876,0.0
2025-10-05 13:00:00-07:00,2025-10-05 20:00:00+00:00,2025-10-05 13:05:00-07:00,2025-10-05 20:05:00+00:00,REAL_TIME_5_MIN,SNJOSEB_1_N001,Node,28.51924,15.8028,11.67504,1.0414,0.0
2025-10-05 13:05:00-07:00,2025-10-05 20:05:00+00:00,2025-10-05 13:10:00-07:00,2025-10-05 20:10:00+00:00,REAL_TIME_5_MIN,OAKLAND_1_N001,Node,36.6241,15.80258,19.91287,0.90865,0.0
2025-10-05 13:05:00-07:00,2025-10-05 20:05:00+00:00,2025-10-05 13:10:00-07:00,2025-10-05 20:10:00+00:00,REAL_TIME_5_MIN,PGSF_2_PDRP58-APND,AP Node,36.73498,15.80258,19.65365,1.27875,0.0
2025-10-05 13:05:00-07:00,2025-10-05 20:05:00+00:00,2025-10-05 13:10:00-07:00,2025-10-05 20:10:00+00:00,REAL_TIME_5_MIN,SNJOSEB_1_N001,Node,28.54251,15.80258,11.69854,1.04139,0.0
2025-10-05 13:10:00-07:00,2025-10-05 20:10:00+00:00,2025-10-05 13:15:00-07:00,2025-10-05 20:15:00+00:00,REAL_TIME_5_MIN,OAKLAND_1_N001,Node,36.6219,15.76091,19.95473,0.90625,0.0
2025-10-05 13:10:00-07:00,2025-10-05 20:10:00+00:00,2025-10-05 13:15:00-07:00,2025-10-05 20:15:00+00:00,REAL_TIME_5_MIN,PGSF_2_PDRP58-APND,AP Node,36.73164,15.76091,19.69535,1.27538,0.0
2025-10-05 13:10:00-07:00,2025-10-05 20:10:00+00:00,2025-10-05 13:15:00-07:00,2025-10-05 20:15:00+00:00,REAL_TIME_5_MIN,SNJOSEB_1_N001,Node,28.55365,15.76091,11.75409,1.03864,0.0
2025-10-05 13:15:00-07:00,2025-10-05 20:15:00+00:00,2025-10-05 13:20:00-07:00,2025-10-05 20:20:00+00:00,REAL_TIME_5_MIN,OAKLAND_1_N001,Node,36.9757,15.73332,20.34402,0.89837,0.0
2025-10-05 13:15:00-07:00,2025-10-05 20:15:00+00:00,2025-10-05 13:20:00-07:00,2025-10-05 20:20:00+00:00,REAL_TIME_5_MIN,PGSF_2_PDRP58-APND,AP Node,36.7706,15.73332,19.77516,1.26213,0.0
2025-10-05 13:15:00-07:00,2025-10-05 20:15:00+00:00,2025-10-05 13:20:00-07:00,2025-10-05 20:20:00+00:00,REAL_TIME_5_MIN,SNJOSEB_1_N001,Node,28.59696,15.73332,11.83311,1.03053,0.0
2025-10-05 13:20:00-07:00,2025-10-05 20:20:00+00:00,2025-10-05 13:25:00-07:00,2025-10-05 20:25:00+00:00,REAL_TIME_5_MIN,OAKLAND_1_N001,Node,36.96821,15.57064,20.50849,0.88908,0.0
2025-10-05 13:20:00-07:00,2025-10-05 20:20:00+00:00,2025-10-05 13:25:00-07:00,2025-10-05 20:25:00+00:00,REAL_TIME_5_MIN,PGSF_2_PDRP58-APND,AP Node,36.76273,15.57064,19.94301,1.24908,0.0
2025-10-05 13:20:00-07:00,2025-10-05 20:20:00+00:00,2025-10-05 13:25:00-07:00,2025-10-05 20:25:00+00:00,REAL_TIME_5_MIN,SNJOSEB_1_N001,Node,28.6261,15.57064,12.03558,1.01988,0.0
2025-10-05 13:25:00-07:00,2025-10-05 20:25:00+00:00,2025-10-05 13:30:00-07:00,2025-10-05 20:30:00+00:00,REAL_TIME_5_MIN,OAKLAND_1_N001,Node,36.9681,15.54559,20.53486,0.88765,0.0
2025-10-05 13:25:00-07:00,2025-10-05 20:25:00+00:00,2025-10-05 13:30:00-07:00,2025-10-05 20:30:00+00:00,REAL_TIME_5_MIN,PGSF_2_PDRP58-APND,AP Node,36.76092,15.54559,19.96826,1.24707,0.0
2025-10-05 13:25:00-07:00,2025-10-05 20:25:00+00:00,2025-10-05 13:30:00-07:00,2025-10-05 20:30:00+00:00,REAL_TIME_5_MIN,SNJOSEB_1_N001,Node,28.60954,15.54559,12.04571,1.01824,0.0
2025-10-05 13:30:00-07:00,2025-10-05 20:30:00+00:00,2025-10-05 13:35:00-07:00,2025-10-05 20:35:00+00:00,REAL_TIME_5_MIN,OAKLAND_1_N001,Node,38.1776,16.05937,21.22211,0.89611,0.0
2025-10-05 13:30:00-07:00,2025-10-05 20:30:00+00:00,2025-10-05 13:35:00-07:00,2025-10-05 20:35:00+00:00,REAL_TIME_5_MIN,PGSF_2_PDRP58-APND,AP Node,37.9763,16.05937,20.63654,1.28038,0.0
2025-10-05 13:30:00-07:00,2025-10-05 20:30:00+00:00,2025-10-05 13:35:00-07:00,2025-10-05 20:35:00+00:00,REAL_TIME_5_MIN,SNJOSEB_1_N001,Node,29.56584,16.05937,12.44013,1.06634,0.0
2025-10-05 13:35:00-07:00,2025-10-05 20:35:00+00:00,2025-10-05 13:40:00-07:00,2025-10-05 20:40:00+00:00,REAL_TIME_5_MIN,OAKLAND_1_N001,Node,38.40676,17.15979,20.28945,0.95752,0.0
2025-10-05 13:35:00-07:00,2025-10-05 20:35:00+00:00,2025-10-05 13:40:00-07:00,2025-10-05 20:40:00+00:00,REAL_TIME_5_MIN,PGSF_2_PDRP58-APND,AP Node,38.2454,17.15979,19.71749,1.36812,0.0
2025-10-05 13:35:00-07:00,2025-10-05 20:35:00+00:00,2025-10-05 13:40:00-07:00,2025-10-05 20:40:00+00:00,REAL_TIME_5_MIN,SNJOSEB_1_N001,Node,28.98743,17.15979,10.68823,1.13941,0.0
2025-10-05 13:40:00-07:00,2025-10-05 20:40:00+00:00,2025-10-05 13:45:00-07:00,2025-10-05 20:45:00+00:00,REAL_TIME_5_MIN,OAKLAND_1_N001,Node,39.49654,16.63007,21.93851,0.92796,0.0
2025-10-05 13:40:00-07:00,2025-10-05 20:40:00+00:00,2025-10-05 13:45:00-07:00,2025-10-05 20:45:00+00:00,REAL_TIME_5_MIN,PGSF_2_PDRP58-APND,AP Node,39.42913,16.63007,21.47317,1.32589,0.0
2025-10-05 13:40:00-07:00,2025-10-05 20:40:00+00:00,2025-10-05 13:45:00-07:00,2025-10-05 20:45:00+00:00,REAL_TIME_5_MIN,SNJOSEB_1_N001,Node,31.17262,16.63007,13.4383,1.10424,0.0
2025-10-05 13:45:00-07:00,2025-10-05 20:45:00+00:00,2025-10-05 13:50:00-07:00,2025-10-05 20:50:00+00:00,REAL_TIME_5_MIN,OAKLAND_1_N001,Node,36.9284,15.46582,20.61505,0.84753,0.0
2025-10-05 13:45:00-07:00,2025-10-05 20:45:00+00:00,2025-10-05 13:50:00-07:00,2025-10-05 20:50:00+00:00,REAL_TIME_5_MIN,PGSF_2_PDRP58-APND,AP Node,36.92236,15.46582,20.23795,1.21859,0.0
2025-10-05 13:45:00-07:00,2025-10-05 20:45:00+00:00,2025-10-05 13:50:00-07:00,2025-10-05 20:50:00+00:00,REAL_TIME_5_MIN,SNJOSEB_1_N001,Node,28.54963,15.46582,12.06307,1.02074,0.0
2025-10-05 13:50:00-07:00,2025-10-05 20:50:00+00:00,2025-10-05 13:55:00-07:00,2025-10-05 20:55:00+00:00,REAL_TIME_5_MIN,OAKLAND_1_N001,Node,37.06321,15.50692,20.70652,0.84978,0.0
2025-10-05 13:50:00-07:00,2025-10-05 20:50:00+00:00,2025-10-05 13:55:00-07:00,2025-10-05 20:55:00+00:00,REAL_TIME_5_MIN,PGSF_2_PDRP58-APND,AP Node,37.06085,15.50692,20.33211,1.22182,0.0
2025-10-05 13:50:00-07:00,2025-10-05 20:50:00+00:00,2025-10-05 13:55:00-07:00,2025-10-05 20:55:00+00:00,REAL_TIME_5_MIN,SNJOSEB_1_N001,Node,28.72992,15.50692,12.19955,1.02346,0.0
2025-10-05 13:55:00-07:00,2025-10-05 20:55:00+00:00,2025-10-05 14:00:00-07:00,2025-10-05 21:00:00+00:00,REAL_TIME_5_MIN,OAKLAND_1_N001,Node,39.26049,16.40528,21.95621,0.89901,0.0
2025-10-05 13:55:00-07:00,2025-10-05 20:55:00+00:00,2025-10-05 14:00:00-07:00,2025-10-05 21:00:00+00:00,REAL_TIME_5_MIN,PGSF_2_PDRP58-APND,AP Node,39.27302,16.40528,21.57514,1.29261,0.0
2025-10-05 13:55:00-07:00,2025-10-05 20:55:00+00:00,2025-10-05 14:00:00-07:00,2025-10-05 21:00:00+00:00,REAL_TIME_5_MIN,SNJOSEB_1_N001,Node,30.72668,16.40528,13.23866,1.08275,0.0
2025-10-05 14:00:00-07:00,2025-10-05 21:00:00+00:00,2025-10-05 14:05:00-07:00,2025-10-05 21:05:00+00:00,REAL_TIME_5_MIN,OAKLAND_1_N001,Node,37.6474,15.25775,21.55963,0.83002,0.0
2025-10-05 14:00:00-07:00,2025-10-05 21:00:00+00:00,2025-10-05 14:05:00-07:00,2025-10-05 21:05:00+00:00,REAL_TIME_5_MIN,PGSF_2_PDRP58-APND,AP Node,37.67778,15.25775,21.20316,1.21688,0.0
2025-10-05 14:00:00-07:00,2025-10-05 21:00:00+00:00,2025-10-05 14:05:00-07:00,2025-10-05 21:05:00+00:00,REAL_TIME_5_MIN,SNJOSEB_1_N001,Node,29.27505,15.25775,13.01945,0.99786,0.0
2025-10-05 14:05:00-07:00,2025-10-05 21:05:00+00:00,2025-10-05 14:10:00-07:00,2025-10-05 21:10:00+00:00,REAL_TIME_5_MIN,OAKLAND_1_N001,Node,37.95644,15.62871,21.47753,0.8502,0.0
2025-10-05 14:05:00-07:00,2025-10-05 21:05:00+00:00,2025-10-05 14:10:00-07:00,2025-10-05 21:10:00+00:00,REAL_TIME_5_MIN,PGSF_2_PDRP58-APND,AP Node,37.98934,15.62871,21.11416,1.24646,0.0
2025-10-05 14:05:00-07:00,2025-10-05 21:05:00+00:00,2025-10-05 14:10:00-07:00,2025-10-05 21:10:00+00:00,REAL_TIME_5_MIN,SNJOSEB_1_N001,Node,29.46806,15.62871,12.81723,1.02212,0.0
2025-10-05 14:10:00-07:00,2025-10-05 21:10:00+00:00,2025-10-05 14:15:00-07:00,2025-10-05 21:15:00+00:00,REAL_TIME_5_MIN,OAKLAND_1_N001,Node,39.66253,16.45492,22.31246,0.89515,0.0
2025-10-05 14:10:00-07:00,2025-10-05 21:10:00+00:00,2025-10-05 14:15:00-07:00,2025-10-05 21:15:00+00:00,REAL_TIME_5_MIN,PGSF_2_PDRP58-APND,AP Node,39.71482,16.45492,21.94754,1.31236,0.0
2025-10-05 14:10:00-07:00,2025-10-05 21:10:00+00:00,2025-10-05 14:15:00-07:00,2025-10-05 21:15:00+00:00,REAL_TIME_5_MIN,SNJOSEB_1_N001,Node,31.07274,16.45492,13.54167,1.07615,0.0
2025-10-05 14:15:00-07:00,2025-10-05 21:15:00+00:00,2025-10-05 14:20:00-07:00,2025-10-05 21:20:00+00:00,REAL_TIME_5_MIN,OAKLAND_1_N001,Node,37.92946,15.68162,21.39163,0.85622,0.0
2025-10-05 14:15:00-07:00,2025-10-05 21:15:00+00:00,2025-10-05 14:20:00-07:00,2025-10-05 21:20:00+00:00,REAL_TIME_5_MIN,PGSF_2_PDRP58-APND,AP Node,37.94181,15.68162,21.00695,1.25323,0.0
2025-10-05 14:15:00-07:00,2025-10-05 21:15:00+00:00,2025-10-05 14:20:00-07:00,2025-10-05 21:20:00+00:00,REAL_TIME_5_MIN,SNJOSEB_1_N001,Node,29.36433,15.68162,12.654,1.02871,0.0
2025-10-05 14:20:00-07:00,2025-10-05 21:20:00+00:00,2025-10-05 14:25:00-07:00,2025-10-05 21:25:00+00:00,REAL_TIME_5_MIN,OAKLAND_1_N001,Node,35.51361,14.65001,20.06371,0.79989,0.0
2025-10-05 14:20:00-07:00,2025-10-05 21:20:00+00:00,2025-10-05 14:25:00-07:00,2025-10-05 21:25:00+00:00,REAL_TIME_5_MIN,PGSF_2_PDRP58-APND,AP Node,35.50742,14.65001,19.68662,1.17079,0.0
2025-10-05 14:20:00-07:00,2025-10-05 21:20:00+00:00,2025-10-05 14:25:00-07:00,2025-10-05 21:25:00+00:00,REAL_TIME_5_MIN,SNJOSEB_1_N001,Node,27.16965,14.65001,11.55859,0.96104,0.0
2025-10-05 14:25:00-07:00,2025-10-05 21:25:00+00:00,2025-10-05 14:30:00-07:00,2025-10-05 21:30:00+00:00,REAL_TIME_5_MIN,OAKLAND_1_N001,Node,36.89836,15.12765,20.94474,0.82597,0.0
2025-10-05 14:25:00-07:00,2025-10-05 21:25:00+00:00,2025-10-05 14:30:00-07:00,2025-10-05 21:30:00+00:00,REAL_TIME_5_MIN,PGSF_2_PDRP58-APND,AP Node,36.90591,15.12765,20.5693,1.20896,0.0
2025-10-05 14:25:00-07:00,2025-10-05 21:25:00+00:00,2025-10-05 14:30:00-07:00,2025-10-05 21:30:00+00:00,REAL_TIME_5_MIN,SNJOSEB_1_N001,Node,28.53239,15.12765,12.41237,0.99237,0.0
2025-10-05 14:30:00-07:00,2025-10-05 21:30:00+00:00,2025-10-05 14:35:00-07:00,2025-10-05 21:35:00+00:00,REAL_TIME_5_MIN,OAKLAND_1_N001,Node,35.96962,14.68249,20.47666,0.81047,0.0
2025-10-05 14:30:00-07:00,2025-10-05 21:30:00+00:00,2025-10-05 14:35:00-07:00,2025-10-05 21:35:00+00:00,REAL_TIME_5_MIN,PGSF_2_PDRP58-APND,AP Node,36.07617,14.68249,20.21297,1.18071,0.0
2025-10-05 14:30:00-07:00,2025-10-05 21:30:00+00:00,2025-10-05 14:35:00-07:00,2025-10-05 21:35:00+00:00,REAL_TIME_5_MIN,SNJOSEB_1_N001,Node,27.55196,14.68249,11.88133,0.98813,0.0
2025-10-05 14:35:00-07:00,2025-10-05 21:35:00+00:00,2025-10-05 14:40:00-07:00,2025-10-05 21:40:00+00:00,REAL_TIME_5_MIN,OAKLAND_1_N001,Node,35.66827,14.55933,20.30526,0.80367,0.0
2025-10-05 14:35:00-07:00,2025-10-05 21:35:00+00:00,2025-10-05 14:40:00-07:00,2025-10-05 21:40:00+00:00,REAL_TIME_5_MIN,PGSF_2_PDRP58-APND,AP Node,35.77559,14.55933,20.04546,1.1708,0.0
2025-10-05 14:35:00-07:00,2025-10-05 21:35:00+00:00,2025-10-05 14:40:00-07:00,2025-10-05 21:40:00+00:00,REAL_TIME_5_MIN,SNJOSEB_1_N001,Node,27.36358,14.55933,11.82441,0.97984,0.0
2025-10-05 14:40:00-07:00,2025-10-05 21:40:00+00:00,2025-10-05 14:45:00-07:00,2025-10-05 21:45:00+00:00,REAL_TIME_5_MIN,OAKLAND_1_N001,Node,37.13419,15.02946,21.27511,0.82963,0.0
2025-10-05 14:40:00-07:00,2025-10-05 21:40:00+00:00,2025-10-05 14:45:00-07:00,2025-10-05 21:45:00+00:00,REAL_TIME_5_MIN,PGSF_2_PDRP58-APND,AP Node,37.25374,15.02946,21.01568,1.20861,0.0
2025-10-05 14:40:00-07:00,2025-10-05 21:40:00+00:00,2025-10-05 14:45:00-07:00,2025-10-05 21:45:00+00:00,REAL_TIME_5_MIN,SNJOSEB_1_N001,Node,28.75459,15.02946,12.71365,1.01148,0.0
2025-10-05 14:45:00-07:00,2025-10-05 21:45:00+00:00,2025-10-05 14:50:00-07:00,2025-10-05 21:50:00+00:00,REAL_TIME_5_MIN,OAKLAND_1_N001,Node,38.22063,15.37813,21.94288,0.89962,0.0
2025-10-05 14:45:00-07:00,2025-10-05 21:45:00+00:00,2025-10-05 14:50:00-07:00,2025-10-05 21:50:00+00:00,REAL_TIME_5_MIN,PGSF_2_PDRP58-APND,AP Node,38.02226,15.37813,21.36888,1.27526,0.0
2025-10-05 14:45:00-07:00,2025-10-05 21:45:00+00:00,2025-10-05 14:50:00-07:00,2025-10-05 21:50:00+00:00,REAL_TIME_5_MIN,SNJOSEB_1_N001,Node,29.46838,15.37813,13.00917,1.08108,0.0
2025-10-05 14:50:00-07:00,2025-10-05 21:50:00+00:00,2025-10-05 14:55:00-07:00,2025-10-05 21:55:00+00:00,REAL_TIME_5_MIN,OAKLAND_1_N001,Node,37.26958,14.9382,21.45749,0.87388,0.0
2025-10-05 14:50:00-07:00,2025-10-05 21:50:00+00:00,2025-10-05 14:55:00-07:00,2025-10-05 21:55:00+00:00,REAL_TIME_5_MIN,PGSF_2_PDRP58-APND,AP Node,37.06626,14.9382,20.88928,1.23878,0.0
2025-10-05 14:50:00-07:00,2025-10-05 21:50:00+00:00,2025-10-05 14:55:00-07:00,2025-10-05 21:55:00+00:00,REAL_TIME_5_MIN,SNJOSEB_1_N001,Node,28.61413,14.9382,12.62577,1.05016,0.0
2025-10-05 14:55:00-07:00,2025-10-05 21:55:00+00:00,2025-10-05 15:00:00-07:00,2025-10-05 22:00:00+00:00,REAL_TIME_5_MIN,OAKLAND_1_N001,Node,36.82869,14.75056,21.21522,0.86291,0.0
2025-10-05 14:55:00-07:00,2025-10-05 21:55:00+00:00,2025-10-05 15:00:00-07:00,2025-10-05 22:00:00+00:00,REAL_TIME_5_MIN,PGSF_2_PDRP58-APND,AP Node,36.62328,14.75056,20.64951,1.22322,0.0
2025-10-05 14:55:00-07:00,2025-10-05 21:55:00+00:00,2025-10-05 15:00:00-07:00,2025-10-05 22:00:00+00:00,REAL_TIME_5_MIN,SNJOSEB_1_N001,Node,28.21645,14.75056,12.42893,1.03696,0.0
2025-10-05 15:00:00-07:00,2025-10-05 22:00:00+00:00,2025-10-05 15:05:00-07:00,2025-10-05 22:05:00+00:00,REAL_TIME_5_MIN,OAKLAND_1_N001,Node,34.95401,13.3508,20.84489,0.75833,0.0
2025-10-05 15:00:00-07:00,2025-10-05 22:00:00+00:00,2025-10-05 15:05:00-07:00,2025-10-05 22:05:00+00:00,REAL_TIME_5_MIN,PGSF_2_PDRP58-APND,AP Node,34.75216,13.3508,20.29519,1.10618,0.0
2025-10-05 15:00:00-07:00,2025-10-05 22:00:00+00:00,2025-10-05 15:05:00-07:00,2025-10-05 22:05:00+00:00,REAL_TIME_5_MIN,SNJOSEB_1_N001,Node,32.56693,13.3508,18.29626,0.91987,0.0
2025-10-05 15:05:00-07:00,2025-10-05 22:05:00+00:00,2025-10-05 15:10:00-07:00,2025-10-05 22:10:00+00:00,REAL_TIME_5_MIN,OAKLAND_1_N001,Node,33.40616,12.63768,20.05066,0.71782,0.0
2025-10-05 15:05:00-07:00,2025-10-05 22:05:00+00:00,2025-10-05 15:10:00-07:00,2025-10-05 22:10:00+00:00,REAL_TIME_5_MIN,PGSF_2_PDRP58-APND,AP Node,33.19525,12.63768,19.51047,1.04709,0.0
2025-10-05 15:05:00-07:00,2025-10-05 22:05:00+00:00,2025-10-05 15:10:00-07:00,2025-10-05 22:10:00+00:00,REAL_TIME_5_MIN,SNJOSEB_1_N001,Node,31.05706,12.63768,17.54864,0.87074,0.0
2025-10-05 15:10:00-07:00,2025-10-05 22:10:00+00:00,2025-10-05 15:15:00-07:00,2025-10-05 22:15:00+00:00,REAL_TIME_5_MIN,OAKLAND_1_N001,Node,32.7082,12.37495,19.63035,0.7029,0.0
2025-10-05 15:10:00-07:00,2025-10-05 22:10:00+00:00,2025-10-05 15:15:00-07:00,2025-10-05 22:15:00+00:00,REAL_TIME_5_MIN,PGSF_2_PDRP58-APND,AP Node,32.49402,12.37495,19.09375,1.02532,0.0
2025-10-05 15:10:00-07:00,2025-10-05 22:10:00+00:00,2025-10-05 15:15:00-07:00,2025-10-05 22:15:00+00:00,REAL_TIME_5_MIN,SNJOSEB_1_N001,Node,30.3742,12.37495,17.14662,0.85263,0.0
2025-10-05 15:15:00-07:00,2025-10-05 22:15:00+00:00,2025-10-05 15:20:00-07:00,2025-10-05 22:20:00+00:00,REAL_TIME_5_MIN,OAKLAND_1_N001,Node,36.05631,13.59254,21.68763,0.77613,0.0
2025-10-05 15:15:00-07:00,2025-10-05 22:15:00+00:00,2025-10-05 15:20:00-07:00,2025-10-05 22:20:00+00:00,REAL_TIME_5_MIN,PGSF_2_PDRP58-APND,AP Node,36.05073,13.59254,21.32433,1.13385,0.0
2025-10-05 15:15:00-07:00,2025-10-05 22:15:00+00:00,2025-10-05 15:20:00-07:00,2025-10-05 22:20:00+00:00,REAL_TIME_5_MIN,SNJOSEB_1_N001,Node,33.65954,13.59254,19.12095,0.94604,0.0
2025-10-05 15:20:00-07:00,2025-10-05 22:20:00+00:00,2025-10-05 15:25:00-07:00,2025-10-05 22:25:00+00:00,REAL_TIME_5_MIN,OAKLAND_1_N001,Node,35.15927,12.89451,21.52849,0.73628,0.0
2025-10-05 15:20:00-07:00,2025-10-05 22:20:00+00:00,2025-10-05 15:25:00-07:00,2025-10-05 22:25:00+00:00,REAL_TIME_5_MIN,PGSF_2_PDRP58-APND,AP Node,35.14129,12.89451,21.17116,1.07562,0.0
2025-10-05 15:20:00-07:00,2025-10-05 22:20:00+00:00,2025-10-05 15:25:00-07:00,2025-10-05 22:25:00+00:00,REAL_TIME_5_MIN,SNJOSEB_1_N001,Node,32.79337,12.89451,19.00141,0.89746,0.0
2025-10-05 15:25:00-07:00,2025-10-05 22:25:00+00:00,2025-10-05 15:30:00-07:00,2025-10-05 22:30:00+00:00,REAL_TIME_5_MIN,OAKLAND_1_N001,Node,37.54887,14.06937,22.67615,0.80336,0.0
2025-10-05 15:25:00-07:00,2025-10-05 22:25:00+00:00,2025-10-05 15:30:00-07:00,2025-10-05 22:30:00+00:00,REAL_TIME_5_MIN,PGSF_2_PDRP58-APND,AP Node,37.55233,14.06937,22.30933,1.17363,0.0
2025-10-05 15:25:00-07:00,2025-10-05 22:25:00+00:00,2025-10-05 15:30:00-07:00,2025-10-05 22:30:00+00:00,REAL_TIME_5_MIN,SNJOSEB_1_N001,Node,35.12284,14.06937,20.07425,0.97923,0.0
2025-10-05 15:30:00-07:00,2025-10-05 22:30:00+00:00,2025-10-05 15:35:00-07:00,2025-10-05 22:35:00+00:00,REAL_TIME_5_MIN,OAKLAND_1_N001,Node,39.32831,14.9278,23.55112,0.84939,0.0
2025-10-05 15:30:00-07:00,2025-10-05 22:30:00+00:00,2025-10-05 15:35:00-07:00,2025-10-05 22:35:00+00:00,REAL_TIME_5_MIN,PGSF_2_PDRP58-APND,AP Node,39.35837,14.9278,23.20066,1.22991,0.0
2025-10-05 15:30:00-07:00,2025-10-05 22:30:00+00:00,2025-10-05 15:35:00-07:00,2025-10-05 22:35:00+00:00,REAL_TIME_5_MIN,SNJOSEB_1_N001,Node,37.40012,14.9278,21.3393,1.13302,0.0
2025-10-05 15:35:00-07:00,2025-10-05 22:35:00+00:00,2025-10-05 15:40:00-07:00,2025-10-05 22:40:00+00:00,REAL_TIME_5_MIN,OAKLAND_1_N001,Node,41.49758,15.87399,24.72036,0.90323,0.0
2025-10-05 15:35:00-07:00,2025-10-05 22:35:00+00:00,2025-10-05 15:40:00-07:00,2025-10-05 22:40:00+00:00,REAL_TIME_5_MIN,PGSF_2_PDRP58-APND,AP Node,41.55242,15.87399,24.37056,1.30787,0.0
2025-10-05 15:35:00-07:00,2025-10-05 22:35:00+00:00,2025-10-05 15:40:00-07:00,2025-10-05 22:40:00+00:00,REAL_TIME_5_MIN,SNJOSEB_1_N001,Node,39.57862,15.87399,22.4998,1.20484,0.0
2025-10-05 15:40:00-07:00,2025-10-05 22:40:00+00:00,2025-10-05 15:45:00-07:00,2025-10-05 22:45:00+00:00,REAL_TIME_5_MIN,OAKLAND_1_N001,Node,45.45739,17.48593,26.97652,0.99495,0.0
2025-10-05 15:40:00-07:00,2025-10-05 22:40:00+00:00,2025-10-05 15:45:00-07:00,2025-10-05 22:45:00+00:00,REAL_TIME_5_MIN,PGSF_2_PDRP58-APND,AP Node,45.56447,17.48593,26.63787,1.44068,0.0
2025-10-05 15:40:00-07:00,2025-10-05 22:40:00+00:00,2025-10-05 15:45:00-07:00,2025-10-05 22:45:00+00:00,REAL_TIME_5_MIN,SNJOSEB_1_N001,Node,43.60745,17.48593,24.79435,1.32718,0.0
2025-10-05 15:45:00-07:00,2025-10-05 22:45:00+00:00,2025-10-05 15:50:00-07:00,2025-10-05 22:50:00+00:00,REAL_TIME_5_MIN,OAKLAND_1_N001,Node,45.90517,17.77873,27.09705,1.02939,0.0
2025-10-05 15:45:00-07:00,2025-10-05 22:45:00+00:00,2025-10-05 15:50:00-07:00,2025-10-05 22:50:00+00:00,REAL_TIME_5_MIN,PGSF_2_PDRP58-APND,AP Node,46.08835,17.77873,26.83834,1.47127,0.0
2025-10-05 15:45:00-07:00,2025-10-05 22:45:00+00:00,2025-10-05 15:50:00-07:00,2025-10-05 22:50:00+00:00,REAL_TIME_5_MIN,SNJOSEB_1_N001,Node,44.13091,17.77873,25.01344,1.33874,0.0
2025-10-05 15:50:00-07:00,2025-10-05 22:50:00+00:00,2025-10-05 15:55:00-07:00,2025-10-05 22:55:00+00:00,REAL_TIME_5_MIN,OAKLAND_1_N001,Node,45.87538,17.40311,27.46462,1.00764,0.0
2025-10-05 15:50:00-07:00,2025-10-05 22:50:00+00:00,2025-10-05 15:55:00-07:00,2025-10-05 22:55:00+00:00,REAL_TIME_5_MIN,PGSF_2_PDRP58-APND,AP Node,46.06049,17.40311,27.21719,1.44019,0.0
2025-10-05 15:50:00-07:00,2025-10-05 22:50:00+00:00,2025-10-05 15:55:00-07:00,2025-10-05 22:55:00+00:00,REAL_TIME_5_MIN,SNJOSEB_1_N001,Node,44.14405,17.40311,25.43048,1.31045,0.0
2025-10-05 15:55:00-07:00,2025-10-05 22:55:00+00:00,2025-10-05 16:00:00-07:00,2025-10-05 23:00:00+00:00,REAL_TIME_5_MIN,OAKLAND_1_N001,Node,45.69569,17.75206,26.91579,1.02784,0.0
2025-10-05 15:55:00-07:00,2025-10-05 22:55:00+00:00,2025-10-05 16:00:00-07:00,2025-10-05 23:00:00+00:00,REAL_TIME_5_MIN,PGSF_2_PDRP58-APND,AP Node,45.87731,17.75206,26.65618,1.46907,0.0
2025-10-05 15:55:00-07:00,2025-10-05 22:55:00+00:00,2025-10-05 16:00:00-07:00,2025-10-05 23:00:00+00:00,REAL_TIME_5_MIN,SNJOSEB_1_N001,Node,43.92108,17.75206,24.83228,1.33673,0.0
2025-10-05 16:00:00-07:00,2025-10-05 23:00:00+00:00,2025-10-05 16:05:00-07:00,2025-10-05 23:05:00+00:00,REAL_TIME_5_MIN,OAKLAND_1_N001,Node,45.49929,14.61675,30.03768,0.84485,0.0
2025-10-05 16:00:00-07:00,2025-10-05 23:00:00+00:00,2025-10-05 16:05:00-07:00,2025-10-05 23:05:00+00:00,REAL_TIME_5_MIN,PGSF_2_PDRP58-APND,AP Node,45.67549,14.61675,29.82627,1.23247,0.0
2025-10-05 16:00:00-07:00,2025-10-05 23:00:00+00:00,2025-10-05 16:05:00-07:00,2025-10-05 23:05:00+00:00,REAL_TIME_5_MIN,SNJOSEB_1_N001,Node,44.07212,14.61675,28.33864,1.11672,0.0
2025-10-05 16:05:00-07:00,2025-10-05 23:05:00+00:00,2025-10-05 16:10:00-07:00,2025-10-05 23:10:00+00:00,REAL_TIME_5_MIN,OAKLAND_1_N001,Node,45.52869,14.4956,30.19525,0.83785,0.0
2025-10-05 16:05:00-07:00,2025-10-05 23:05:00+00:00,2025-10-05 16:10:00-07:00,2025-10-05 23:10:00+00:00,REAL_TIME_5_MIN,PGSF_2_PDRP58-APND,AP Node,45.70336,14.4956,29.98551,1.22225,0.0
2025-10-05 16:05:00-07:00,2025-10-05 23:05:00+00:00,2025-10-05 16:10:00-07:00,2025-10-05 23:10:00+00:00,REAL_TIME_5_MIN,SNJOSEB_1_N001,Node,44.10551,14.4956,28.50245,1.10746,0.0
2025-10-05 16:10:00-07:00,2025-10-05 23:10:00+00:00,2025-10-05 16:15:00-07:00,2025-10-05 23:15:00+00:00,REAL_TIME_5_MIN,OAKLAND_1_N001,Node,46.14247,14.49821,30.80626,0.838,0.0
2025-10-05 16:10:00-07:00,2025-10-05 23:10:00+00:00,2025-10-05 16:15:00-07:00,2025-10-05 23:15:00+00:00,REAL_TIME_5_MIN,PGSF_2_PDRP58-APND,AP Node,46.28841,14.49821,30.56774,1.22247,0.0
2025-10-05 16:10:00-07:00,2025-10-05 23:10:00+00:00,2025-10-05 16:15:00-07:00,2025-10-05 23:15:00+00:00,REAL_TIME_5_MIN,SNJOSEB_1_N001,Node,44.5517,14.49821,28.94582,1.10766,0.0
2025-10-05 16:15:00-07:00,2025-10-05 23:15:00+00:00,2025-10-05 16:20:00-07:00,2025-10-05 23:20:00+00:00,REAL_TIME_5_MIN,OAKLAND_1_N001,Node,32.42482,12.50285,19.26557,0.6564,0.0
2025-10-05 16:15:00-07:00,2025-10-05 23:15:00+00:00,2025-10-05 16:20:00-07:00,2025-10-05 23:20:00+00:00,REAL_TIME_5_MIN,PGSF_2_PDRP58-APND,AP Node,33.27254,12.50285,19.75719,1.0125,0.0
2025-10-05 16:15:00-07:00,2025-10-05 23:15:00+00:00,2025-10-05 16:20:00-07:00,2025-10-05 23:20:00+00:00,REAL_TIME_5_MIN,SNJOSEB_1_N001,Node,32.80423,12.50285,19.24238,1.05899,0.0
2025-10-05 16:20:00-07:00,2025-10-05 23:20:00+00:00,2025-10-05 16:25:00-07:00,2025-10-05 23:25:00+00:00,REAL_TIME_5_MIN,OAKLAND_1_N001,Node,36.99595,14.14474,22.10862,0.7426,0.0
2025-10-05 16:20:00-07:00,2025-10-05 23:20:00+00:00,2025-10-05 16:25:00-07:00,2025-10-05 23:25:00+00:00,REAL_TIME_5_MIN,PGSF_2_PDRP58-APND,AP Node,37.16817,14.14474,21.87797,1.14546,0.0
2025-10-05 16:20:00-07:00,2025-10-05 23:20:00+00:00,2025-10-05 16:25:00-07:00,2025-10-05 23:25:00+00:00,REAL_TIME_5_MIN,SNJOSEB_1_N001,Node,35.86059,14.14474,20.51779,1.19806,0.0
2025-10-05 16:25:00-07:00,2025-10-05 23:25:00+00:00,2025-10-05 16:30:00-07:00,2025-10-05 23:30:00+00:00,REAL_TIME_5_MIN,OAKLAND_1_N001,Node,39.05985,15.23609,23.02386,0.79989,0.0
2025-10-05 16:25:00-07:00,2025-10-05 23:25:00+00:00,2025-10-05 16:30:00-07:00,2025-10-05 23:30:00+00:00,REAL_TIME_5_MIN,PGSF_2_PDRP58-APND,AP Node,39.26723,15.23609,22.7973,1.23384,0.0
2025-10-05 16:25:00-07:00,2025-10-05 23:25:00+00:00,2025-10-05 16:30:00-07:00,2025-10-05 23:30:00+00:00,REAL_TIME_5_MIN,SNJOSEB_1_N001,Node,38.01162,15.23609,21.48503,1.2905,0.0
2025-10-05 16:30:00-07:00,2025-10-05 23:30:00+00:00,2025-10-05 16:35:00-07:00,2025-10-05 23:35:00+00:00,REAL_TIME_5_MIN,OAKLAND_1_N001,Node,51.29156,19.22967,30.74466,1.31723,0.0
2025-10-05 16:30:00-07:00,2025-10-05 23:30:00+00:00,2025-10-05 16:35:00-07:00,2025-10-05 23:35:00+00:00,REAL_TIME_5_MIN,PGSF_2_PDRP58-APND,AP Node,58.86543,19.22967,37.75413,1.88163,0.0
2025-10-05 16:30:00-07:00,2025-10-05 23:30:00+00:00,2025-10-05 16:35:00-07:00,2025-10-05 23:35:00+00:00,REAL_TIME_5_MIN,SNJOSEB_1_N001,Node,64.18794,19.22967,42.97376,1.9845,0.0
2025-10-05 16:35:00-07:00,2025-10-05 23:35:00+00:00,2025-10-05 16:40:00-07:00,2025-10-05 23:40:00+00:00,REAL_TIME_5_MIN,OAKLAND_1_N001,Node,53.41967,25.24499,26.4454,1.72928,0.0
2025-10-05 16:35:00-07:00,2025-10-05 23:35:00+00:00,2025-10-05 16:40:00-07:00,2025-10-05 23:40:00+00:00,REAL_TIME_5_MIN,PGSF_2_PDRP58-APND,AP Node,61.65334,25.24499,33.93813,2.47023,0.0
2025-10-05 16:35:00-07:00,2025-10-05 23:35:00+00:00,2025-10-05 16:40:00-07:00,2025-10-05 23:40:00+00:00,REAL_TIME_5_MIN,SNJOSEB_1_N001,Node,67.4195,25.24499,39.56923,2.60528,0.0
2025-10-05 16:40:00-07:00,2025-10-05 23:40:00+00:00,2025-10-05 16:45:00-07:00,2025-10-05 23:45:00+00:00,REAL_TIME_5_MIN,OAKLAND_1_N001,Node,61.51669,30.38982,29.04517,2.0817,0.0
2025-10-05 16:40:00-07:00,2025-10-05 23:40:00+00:00,2025-10-05 16:45:00-07:00,2025-10-05 23:45:00+00:00,REAL_TIME_5_MIN,PGSF_2_PDRP58-APND,AP Node,70.95108,30.38982,37.58761,2.97366,0.0
2025-10-05 16:40:00-07:00,2025-10-05 23:40:00+00:00,2025-10-05 16:45:00-07:00,2025-10-05 23:45:00+00:00,REAL_TIME_5_MIN,SNJOSEB_1_N001,Node,77.63209,30.38982,44.10605,3.13623,0.0
2025-10-05 16:45:00-07:00,2025-10-05 23:45:00+00:00,2025-10-05 16:50:00-07:00,2025-10-05 23:50:00+00:00,REAL_TIME_5_MIN,OAKLAND_1_N001,Node,52.5253,36.59435,13.76822,2.16273,0.0
2025-10-05 16:45:00-07:00,2025-10-05 23:45:00+00:00,2025-10-05 16:50:00-07:00,2025-10-05 23:50:00+00:00,REAL_TIME_5_MIN,PGSF_2_PDRP58-APND,AP Node,53.17489,36.59435,13.91175,2.66878,0.0
2025-10-05 16:45:00-07:00,2025-10-05 23:45:00+00:00,2025-10-05 16:50:00-07:00,2025-10-05 23:50:00+00:00,REAL_TIME_5_MIN,SNJOSEB_1_N001,Node,51.78239,36.59435,12.27879,2.90925,0.0
2025-10-05 16:50:00-07:00,2025-10-05 23:50:00+00:00,2025-10-05 16:55:00-07:00,2025-10-05 23:55:00+00:00,REAL_TIME_5_MIN,OAKLAND_1_N001,Node,57.26958,41.14861,13.68908,2.43188,0.0
2025-10-05 16:50:00-07:00,2025-10-05 23:50:00+00:00,2025-10-05 16:55:00-07:00,2025-10-05 23:55:00+00:00,REAL_TIME_5_MIN,PGSF_2_PDRP58-APND,AP Node,58.33347,41.14861,14.18394,3.00091,0.0
2025-10-05 16:50:00-07:00,2025-10-05 23:50:00+00:00,2025-10-05 16:55:00-07:00,2025-10-05 23:55:00+00:00,REAL_TIME_5_MIN,SNJOSEB_1_N001,Node,57.39576,41.14861,12.97584,3.27131,0.0
2025-10-05 16:55:00-07:00,2025-10-05 23:55:00+00:00,2025-10-05 17:00:00-07:00,2025-10-06 00:00:00+00:00,REAL_TIME_5_MIN,OAKLAND_1_N001,Node,56.5056,40.82806,13.2646,2.41294,0.0
2025-10-05 16:55:00-07:00,2025-10-05 23:55:00+00:00,2025-10-05 17:00:00-07:00,2025-10-06 00:00:00+00:00,REAL_TIME_5_MIN,PGSF_2_PDRP58-APND,AP Node,57.2516,40.82806,13.446,2.97754,0.0
2025-10-05 16:55:00-07:00,2025-10-05 23:55:00+00:00,2025-10-05 17:00:00-07:00,2025-10-06 00:00:00+00:00,REAL_TIME_5_MIN,SNJOSEB_1_N001,Node,55.97195,40.82806,11.89806,3.24583,0.0
2025-10-05 17:00:00-07:00,2025-10-06 00:00:00+00:00,2025-10-05 17:05:00-07:00,2025-10-06 00:05:00+00:00,REAL_TIME_5_MIN,OAKLAND_1_N001,Node,45.66636,32.67119,10.69184,2.30332,0.0
2025-10-05 17:00:00-07:00,2025-10-06 00:00:00+00:00,2025-10-05 17:05:00-07:00,2025-10-06 00:05:00+00:00,REAL_TIME_5_MIN,PGSF_2_PDRP58-APND,AP Node,45.82569,32.67119,10.29721,2.85728,0.0
2025-10-05 17:00:00-07:00,2025-10-06 00:00:00+00:00,2025-10-05 17:05:00-07:00,2025-10-06 00:05:00+00:00,REAL_TIME_5_MIN,SNJOSEB_1_N001,Node,43.82775,32.67119,8.35337,2.80319,0.0
2025-10-05 17:05:00-07:00,2025-10-06 00:05:00+00:00,2025-10-05 17:10:00-07:00,2025-10-06 00:10:00+00:00,REAL_TIME_5_MIN,OAKLAND_1_N001,Node,47.29433,35.89346,8.87038,2.53049,0.0
2025-10-05 17:05:00-07:00,2025-10-06 00:05:00+00:00,2025-10-05 17:10:00-07:00,2025-10-06 00:10:00+00:00,REAL_TIME_5_MIN,PGSF_2_PDRP58-APND,AP Node,47.48253,35.89346,8.44998,3.13909,0.0
2025-10-05 17:05:00-07:00,2025-10-06 00:05:00+00:00,2025-10-05 17:10:00-07:00,2025-10-06 00:10:00+00:00,REAL_TIME_5_MIN,SNJOSEB_1_N001,Node,45.70237,35.89346,6.72925,3.07966,0.0
2025-10-05 17:10:00-07:00,2025-10-06 00:10:00+00:00,2025-10-05 17:15:00-07:00,2025-10-06 00:15:00+00:00,REAL_TIME_5_MIN,OAKLAND_1_N001,Node,50.38654,39.85951,7.71694,2.8101,0.0
2025-10-05 17:10:00-07:00,2025-10-06 00:10:00+00:00,2025-10-05 17:15:00-07:00,2025-10-06 00:15:00+00:00,REAL_TIME_5_MIN,PGSF_2_PDRP58-APND,AP Node,50.69666,39.85951,7.35121,3.48594,0.0
2025-10-05 17:10:00-07:00,2025-10-06 00:10:00+00:00,2025-10-05 17:15:00-07:00,2025-10-06 00:15:00+00:00,REAL_TIME_5_MIN,SNJOSEB_1_N001,Node,49.13368,39.85951,5.85423,3.41995,0.0
2025-10-05 17:15:00-07:00,2025-10-06 00:15:00+00:00,2025-10-05 17:20:00-07:00,2025-10-06 00:20:00+00:00,REAL_TIME_5_MIN,OAKLAND_1_N001,Node,51.98805,46.93217,2.39013,2.66575,0.0
2025-10-05 17:15:00-07:00,2025-10-06 00:15:00+00:00,2025-10-05 17:20:00-07:00,2025-10-06 00:20:00+00:00,REAL_TIME_5_MIN,PGSF_2_PDRP58-APND,AP Node,53.10419,46.93217,2.23079,3.94122,0.0
2025-10-05 17:15:00-07:00,2025-10-06 00:15:00+00:00,2025-10-05 17:20:00-07:00,2025-10-06 00:20:00+00:00,REAL_TIME_5_MIN,SNJOSEB_1_N001,Node,52.32218,46.93217,1.75276,3.63724,0.0
2025-10-05 17:20:00-07:00,2025-10-06 00:20:00+00:00,2025-10-05 17:25:00-07:00,2025-10-06 00:25:00+00:00,REAL_TIME_5_MIN,OAKLAND_1_N001,Node,52.77277,49.93638,0.0,2.83639,0.0
2025-10-05 17:20:00-07:00,2025-10-06 00:20:00+00:00,2025-10-05 17:25:00-07:00,2025-10-06 00:25:00+00:00,REAL_TIME_5_MIN,PGSF_2_PDRP58-APND,AP Node,54.12989,49.93638,0.0,4.19351,0.0
2025-10-05 17:20:00-07:00,2025-10-06 00:20:00+00:00,2025-10-05 17:25:00-07:00,2025-10-06 00:25:00+00:00,REAL_TIME_5_MIN,SNJOSEB_1_N001,Node,53.80645,49.93638,0.0,3.87007,0.0
2025-10-05 17:25:00-07:00,2025-10-06 00:25:00+00:00,2025-10-05 17:30:00-07:00,2025-10-06 00:30:00+00:00,REAL_TIME_5_MIN,OAKLAND_1_N001,Node,56.98318,53.92049,0.0,3.06268,0.0
2025-10-05 17:25:00-07:00,2025-10-06 00:25:00+00:00,2025-10-05 17:30:00-07:00,2025-10-06 00:30:00+00:00,REAL_TIME_5_MIN,PGSF_2_PDRP58-APND,AP Node,58.44857,53.92049,0.0,4.52808,0.0
2025-10-05 17:25:00-07:00,2025-10-06 00:25:00+00:00,2025-10-05 17:30:00-07:00,2025-10-06 00:30:00+00:00,REAL_TIME_5_MIN,SNJOSEB_1_N001,Node,58.09933,53.92049,0.0,4.17884,0.0
2025-10-05 17:30:00-07:00,2025-10-06 00:30:00+00:00,2025-10-05 17:35:00-07:00,2025-10-06 00:35:00+00:00,REAL_TIME_5_MIN,OAKLAND_1_N001,Node,63.83048,60.543,0.0,3.28748,0.0
2025-10-05 17:30:00-07:00,2025-10-06 00:30:00+00:00,2025-10-05 17:35:00-07:00,2025-10-06 00:35:00+00:00,REAL_TIME_5_MIN,PGSF_2_PDRP58-APND,AP Node,65.20775,60.543,0.0,4.66475,0.0
2025-10-05 17:30:00-07:00,2025-10-06 00:30:00+00:00,2025-10-05 17:35:00-07:00,2025-10-06 00:35:00+00:00,REAL_TIME_5_MIN,SNJOSEB_1_N001,Node,65.33195,60.543,0.0,4.78895,0.0
2025-10-05 17:35:00-07:00,2025-10-06 00:35:00+00:00,2025-10-05 17:40:00-07:00,2025-10-06 00:40:00+00:00,REAL_TIME_5_MIN,OAKLAND_1_N001,Node,64.54386,61.21964,0.0,3.32423,0.0
2025-10-05 17:35:00-07:00,2025-10-06 00:35:00+00:00,2025-10-05 17:40:00-07:00,2025-10-06 00:40:00+00:00,REAL_TIME_5_MIN,PGSF_2_PDRP58-APND,AP Node,65.93652,61.21964,0.0,4.71688,0.0
2025-10-05 17:35:00-07:00,2025-10-06 00:35:00+00:00,2025-10-05 17:40:00-07:00,2025-10-06 00:40:00+00:00,REAL_TIME_5_MIN,SNJOSEB_1_N001,Node,66.06211,61.21964,0.0,4.84247,0.0
2025-10-05 17:40:00-07:00,2025-10-06 00:40:00+00:00,2025-10-05 17:45:00-07:00,2025-10-06 00:45:00+00:00,REAL_TIME_5_MIN,OAKLAND_1_N001,Node,67.37875,63.90852,0.0,3.47023,0.0
2025-10-05 17:40:00-07:00,2025-10-06 00:40:00+00:00,2025-10-05 17:45:00-07:00,2025-10-06 00:45:00+00:00,REAL_TIME_5_MIN,PGSF_2_PDRP58-APND,AP Node,68.83258,63.90852,0.0,4.92406,0.0
2025-10-05 17:40:00-07:00,2025-10-06 00:40:00+00:00,2025-10-05 17:45:00-07:00,2025-10-06 00:45:00+00:00,REAL_TIME_5_MIN,SNJOSEB_1_N001,Node,68.96368,63.90852,0.0,5.05516,0.0
2025-10-05 17:45:00-07:00,2025-10-06 00:45:00+00:00,2025-10-05 17:50:00-07:00,2025-10-06 00:50:00+00:00,REAL_TIME_5_MIN,OAKLAND_1_N001,Node,95.92198,90.71494,0.0,5.20704,0.0
2025-10-05 17:45:00-07:00,2025-10-06 00:45:00+00:00,2025-10-05 17:50:00-07:00,2025-10-06 00:50:00+00:00,REAL_TIME_5_MIN,PGSF_2_PDRP58-APND,AP Node,98.10582,90.71494,0.0,7.39088,0.0
2025-10-05 17:45:00-07:00,2025-10-06 00:45:00+00:00,2025-10-05 17:50:00-07:00,2025-10-06 00:50:00+00:00,REAL_TIME_5_MIN,SNJOSEB_1_N001,Node,98.28964,90.71494,0.0,7.5747,0.0
2025-10-05 17:50:00-07:00,2025-10-06 00:50:00+00:00,2025-10-05 17:55:00-07:00,2025-10-06 00:55:00+00:00,REAL_TIME_5_MIN,OAKLAND_1_N001,Node,131.2953,124.16805,0.0,7.12725,0.0
2025-10-05 17:50:00-07:00,2025-10-06 00:50:00+00:00,2025-10-05 17:55:00-07:00,2025-10-06 00:55:00+00:00,REAL_TIME_5_MIN,PGSF_2_PDRP58-APND,AP Node,134.28448,124.16805,0.0,10.11643,0.0
2025-10-05 17:50:00-07:00,2025-10-06 00:50:00+00:00,2025-10-05 17:55:00-07:00,2025-10-06 00:55:00+00:00,REAL_TIME_5_MIN,SNJOSEB_1_N001,Node,134.53609,124.16805,0.0,10.36803,0.0
2025-10-05 17:55:00-07:00,2025-10-06 00:55:00+00:00,2025-10-05 18:00:00-07:00,2025-10-06 01:00:00+00:00,REAL_TIME_5_MIN,OAKLAND_1_N001,Node,166.34251,157.31274,0.0,9.02975,0.0
2025-10-05 17:55:00-07:00,2025-10-06 00:55:00+00:00,2025-10-05 18:00:00-07:00,2025-10-06 01:00:00+00:00,REAL_TIME_5_MIN,PGSF_2_PDRP58-APND,AP Node,170.1296,157.31274,0.0,12.81685,0.0
2025-10-05 17:55:00-07:00,2025-10-06 00:55:00+00:00,2025-10-05 18:00:00-07:00,2025-10-06 01:00:00+00:00,REAL_TIME_5_MIN,SNJOSEB_1_N001,Node,170.44836,157.31274,0.0,13.13562,0.0
2025-10-05 18:00:00-07:00,2025-10-06 01:00:00+00:00,2025-10-05 18:05:00-07:00,2025-10-06 01:05:00+00:00,REAL_TIME_5_MIN,OAKLAND_1_N001,Node,56.83848,53.03581,0.0,3.80267,0.0
2025-10-05 18:00:00-07:00,2025-10-06 01:00:00+00:00,2025-10-05 18:05:00-07:00,2025-10-06 01:05:00+00:00,REAL_TIME_5_MIN,PGSF_2_PDRP58-APND,AP Node,58.15187,53.03581,0.0,5.11606,0.0
2025-10-05 18:00:00-07:00,2025-10-06 01:00:00+00:00,2025-10-05 18:05:00-07:00,2025-10-06 01:05:00+00:00,REAL_TIME_5_MIN,SNJOSEB_1_N001,Node,58.09543,53.03581,0.0,5.05962,0.0
2025-10-05 18:05:00-07:00,2025-10-06 01:05:00+00:00,2025-10-05 18:10:00-07:00,2025-10-06 01:10:00+00:00,REAL_TIME_5_MIN,OAKLAND_1_N001,Node,57.5997,53.7461,0.0,3.8536,0.0
2025-10-05 18:05:00-07:00,2025-10-06 01:05:00+00:00,2025-10-05 18:10:00-07:00,2025-10-06 01:10:00+00:00,REAL_TIME_5_MIN,PGSF_2_PDRP58-APND,AP Node,58.93068,53.7461,0.0,5.18457,0.0
2025-10-05 18:05:00-07:00,2025-10-06 01:05:00+00:00,2025-10-05 18:10:00-07:00,2025-10-06 01:10:00+00:00,REAL_TIME_5_MIN,SNJOSEB_1_N001,Node,58.87348,53.7461,0.0,5.12738,0.0
2025-10-05 18:10:00-07:00,2025-10-06 01:10:00+00:00,2025-10-05 18:15:00-07:00,2025-10-06 01:15:00+00:00,REAL_TIME_5_MIN,OAKLAND_1_N001,Node,62.19331,58.03238,0.0,4.16092,0.0
2025-10-05 18:10:00-07:00,2025-10-06 01:10:00+00:00,2025-10-05 18:15:00-07:00,2025-10-06 01:15:00+00:00,REAL_TIME_5_MIN,PGSF_2_PDRP58-APND,AP Node,63.63043,58.03238,0.0,5.59805,0.0
2025-10-05 18:10:00-07:00,2025-10-06 01:10:00+00:00,2025-10-05 18:15:00-07:00,2025-10-06 01:15:00+00:00,REAL_TIME_5_MIN,SNJOSEB_1_N001,Node,63.56867,58.03238,0.0,5.53629,0.0
2025-10-05 18:15:00-07:00,2025-10-06 01:15:00+00:00,2025-10-05 18:20:00-07:00,2025-10-06 01:20:00+00:00,REAL_TIME_5_MIN,OAKLAND_1_N001,Node,70.32065,65.5915,0.0,4.72915,0.0
2025-10-05 18:15:00-07:00,2025-10-06 01:15:00+00:00,2025-10-05 18:20:00-07:00,2025-10-06 01:20:00+00:00,REAL_TIME_5_MIN,PGSF_2_PDRP58-APND,AP Node,71.8924,65.5915,0.0,6.3009,0.0
2025-10-05 18:15:00-07:00,2025-10-06 01:15:00+00:00,2025-10-05 18:20:00-07:00,2025-10-06 01:20:00+00:00,REAL_TIME_5_MIN,SNJOSEB_1_N001,Node,71.78334,65.5915,0.0,6.19184,0.0
2025-10-05 18:20:00-07:00,2025-10-06 01:20:00+00:00,2025-10-05 18:25:00-07:00,2025-10-06 01:25:00+00:00,REAL_TIME_5_MIN,OAKLAND_1_N001,Node,72.11435,67.26457,0.0,4.84978,0.0
2025-10-05 18:20:00-07:00,2025-10-06 01:20:00+00:00,2025-10-05 18:25:00-07:00,2025-10-06 01:25:00+00:00,REAL_TIME_5_MIN,PGSF_2_PDRP58-APND,AP Node,73.7262,67.26457,0.0,6.46162,0.0
2025-10-05 18:20:00-07:00,2025-10-06 01:20:00+00:00,2025-10-05 18:25:00-07:00,2025-10-06 01:25:00+00:00,REAL_TIME_5_MIN,SNJOSEB_1_N001,Node,73.61435,67.26457,0.0,6.34978,0.0
2025-10-05 18:25:00-07:00,2025-10-06 01:25:00+00:00,2025-10-05 18:30:00-07:00,2025-10-06 01:30:00+00:00,REAL_TIME_5_MIN,OAKLAND_1_N001,Node,71.71796,66.89485,0.0,4.82312,0.0
2025-10-05 18:25:00-07:00,2025-10-06 01:25:00+00:00,2025-10-05 18:30:00-07:00,2025-10-06 01:30:00+00:00,REAL_TIME_5_MIN,PGSF_2_PDRP58-APND,AP Node,73.32095,66.89485,0.0,6.4261,0.0
2025-10-05 18:25:00-07:00,2025-10-06 01:25:00+00:00,2025-10-05 18:30:00-07:00,2025-10-06 01:30:00+00:00,REAL_TIME_5_MIN,SNJOSEB_1_N001,Node,73.20972,66.89485,0.0,6.31487,0.0
2025-10-05 18:30:00-07:00,2025-10-06 01:30:00+00:00,2025-10-05 18:35:00-07:00,2025-10-06 01:35:00+00:00,REAL_TIME_5_MIN,OAKLAND_1_N001,Node,70.34852,65.58691,0.0,4.76161,0.0
2025-10-05 18:30:00-07:00,2025-10-06 01:30:00+00:00,2025-10-05 18:35:00-07:00,2025-10-06 01:35:00+00:00,REAL_TIME_5_MIN,PGSF_2_PDRP58-APND,AP Node,71.92252,65.58691,0.0,6.33562,0.0
2025-10-05 18:30:00-07:00,2025-10-06 01:30:00+00:00,2025-10-05 18:35:00-07:00,2025-10-06 01:35:00+00:00,REAL_TIME_5_MIN,SNJOSEB_1_N001,Node,71.82422,65.58691,0.0,6.23731,0.0
2025-10-05 18:35:00-07:00,2025-10-06 01:35:00+00:00,2025-10-05 18:40:00-07:00,2025-10-06 01:40:00+00:00,REAL_TIME_5_MIN,OAKLAND_1_N001,Node,70.24006,65.48579,0.0,4.75427,0.0
2025-10-05 18:35:00-07:00,2025-10-06 01:35:00+00:00,2025-10-05 18:40:00-07:00,2025-10-06 01:40:00+00:00,REAL_TIME_5_MIN,PGSF_2_PDRP58-APND,AP Node,71.81164,65.48579,0.0,6.32585,0.0
2025-10-05 18:35:00-07:00,2025-10-06 01:35:00+00:00,2025-10-05 18:40:00-07:00,2025-10-06 01:40:00+00:00,REAL_TIME_5_MIN,SNJOSEB_1_N001,Node,71.71349,65.48579,0.0,6.2277,0.0
2025-10-05 18:40:00-07:00,2025-10-06 01:40:00+00:00,2025-10-05 18:45:00-07:00,2025-10-06 01:45:00+00:00,REAL_TIME_5_MIN,OAKLAND_1_N001,Node,69.10793,64.43029,0.0,4.67764,0.0
2025-10-05 18:40:00-07:00,2025-10-06 01:40:00+00:00,2025-10-05 18:45:00-07:00,2025-10-06 01:45:00+00:00,REAL_TIME_5_MIN,PGSF_2_PDRP58-APND,AP Node,70.65418,64.43029,0.0,6.22389,0.0
2025-10-05 18:40:00-07:00,2025-10-06 01:40:00+00:00,2025-10-05 18:45:00-07:00,2025-10-06 01:45:00+00:00,REAL_TIME_5_MIN,SNJOSEB_1_N001,Node,70.55761,64.43029,0.0,6.12732,0.0
2025-10-05 18:45:00-07:00,2025-10-06 01:45:00+00:00,2025-10-05 18:50:00-07:00,2025-10-06 01:50:00+00:00,REAL_TIME_5_MIN,OAKLAND_1_N001,Node,65.74869,61.10473,0.0,4.64396,0.0
2025-10-05 18:45:00-07:00,2025-10-06 01:45:00+00:00,2025-10-05 18:50:00-07:00,2025-10-06 01:50:00+00:00,REAL_TIME_5_MIN,PGSF_2_PDRP58-APND,AP Node,67.25781,61.10473,0.0,6.15308,0.0
2025-10-05 18:45:00-07:00,2025-10-06 01:45:00+00:00,2025-10-05 18:50:00-07:00,2025-10-06 01:50:00+00:00,REAL_TIME_5_MIN,SNJOSEB_1_N001,Node,66.79969,61.10473,0.0,5.69496,0.0
2025-10-05 18:50:00-07:00,2025-10-06 01:50:00+00:00,2025-10-05 18:55:00-07:00,2025-10-06 01:55:00+00:00,REAL_TIME_5_MIN,OAKLAND_1_N001,Node,65.87319,61.22044,0.0,4.65275,0.0
2025-10-05 18:50:00-07:00,2025-10-06 01:50:00+00:00,2025-10-05 18:55:00-07:00,2025-10-06 01:55:00+00:00,REAL_TIME_5_MIN,PGSF_2_PDRP58-APND,AP Node,67.38518,61.22044,0.0,6.16474,0.0
2025-10-05 18:50:00-07:00,2025-10-06 01:50:00+00:00,2025-10-05 18:55:00-07:00,2025-10-06 01:55:00+00:00,REAL_TIME_5_MIN,SNJOSEB_1_N001,Node,66.92619,61.22044,0.0,5.70575,0.0
2025-10-05 18:55:00-07:00,2025-10-06 01:55:00+00:00,2025-10-05 19:00:00-07:00,2025-10-06 02:00:00+00:00,REAL_TIME_5_MIN,OAKLAND_1_N001,Node,68.71512,63.86163,0.0,4.85348,0.0
2025-10-05 18:55:00-07:00,2025-10-06 01:55:00+00:00,2025-10-05 19:00:00-07:00,2025-10-06 02:00:00+00:00,REAL_TIME_5_MIN,PGSF_2_PDRP58-APND,AP Node,70.29233,63.86163,0.0,6.4307,0.0
2025-10-05 18:55:00-07:00,2025-10-06 01:55:00+00:00,2025-10-05 19:00:00-07:00,2025-10-06 02:00:00+00:00,REAL_TIME_5_MIN,SNJOSEB_1_N001,Node,69.81354,63.86163,0.0,5.9519,0.0
2025-10-05 19:00:00-07:00,2025-10-06 02:00:00+00:00,2025-10-05 19:05:00-07:00,2025-10-06 02:05:00+00:00,REAL_TIME_5_MIN,OAKLAND_1_N001,Node,67.23941,57.06855,5.67387,4.497,0.0
2025-10-05 19:00:00-07:00,2025-10-06 02:00:00+00:00,2025-10-05 19:05:00-07:00,2025-10-06 02:05:00+00:00,REAL_TIME_5_MIN,PGSF_2_PDRP58-APND,AP Node,69.79779,57.06855,7.18639,5.54286,0.0
2025-10-05 19:00:00-07:00,2025-10-06 02:00:00+00:00,2025-10-05 19:05:00-07:00,2025-10-06 02:05:00+00:00,REAL_TIME_5_MIN,SNJOSEB_1_N001,Node,71.2973,57.06855,8.88714,5.34162,0.0
2025-10-05 19:05:00-07:00,2025-10-06 02:05:00+00:00,2025-10-05 19:10:00-07:00,2025-10-06 02:10:00+00:00,REAL_TIME_5_MIN,OAKLAND_1_N001,Node,66.22643,56.09722,5.70875,4.42046,0.0
2025-10-05 19:05:00-07:00,2025-10-06 02:05:00+00:00,2025-10-05 19:10:00-07:00,2025-10-06 02:10:00+00:00,REAL_TIME_5_MIN,PGSF_2_PDRP58-APND,AP Node,68.74249,56.09722,7.19676,5.44851,0.0
2025-10-05 19:05:00-07:00,2025-10-06 02:05:00+00:00,2025-10-05 19:10:00-07:00,2025-10-06 02:10:00+00:00,REAL_TIME_5_MIN,SNJOSEB_1_N001,Node,70.21013,56.09722,8.86221,5.2507,0.0
2025-10-05 19:10:00-07:00,2025-10-06 02:10:00+00:00,2025-10-05 19:15:00-07:00,2025-10-06 02:15:00+00:00,REAL_TIME_5_MIN,OAKLAND_1_N001,Node,57.88586,52.47469,1.27616,4.13501,0.0
2025-10-05 19:10:00-07:00,2025-10-06 02:10:00+00:00,2025-10-05 19:15:00-07:00,2025-10-06 02:15:00+00:00,REAL_TIME_5_MIN,PGSF_2_PDRP58-APND,AP Node,58.93868,52.47469,1.36731,5.09667,0.0
2025-10-05 19:10:00-07:00,2025-10-06 02:10:00+00:00,2025-10-05 19:15:00-07:00,2025-10-06 02:15:00+00:00,REAL_TIME_5_MIN,SNJOSEB_1_N001,Node,58.79921,52.47469,1.41289,4.91163,0.0
2025-10-05 19:15:00-07:00,2025-10-06 02:15:00+00:00,2025-10-05 19:20:00-07:00,2025-10-06 02:20:00+00:00,REAL_TIME_5_MIN,OAKLAND_1_N001,Node,58.16071,51.99035,1.82916,4.34119,0.0
2025-10-05 19:15:00-07:00,2025-10-06 02:15:00+00:00,2025-10-05 19:20:00-07:00,2025-10-06 02:20:00+00:00,REAL_TIME_5_MIN,PGSF_2_PDRP58-APND,AP Node,59.43401,51.99035,2.15113,5.29253,0.0
2025-10-05 19:15:00-07:00,2025-10-06 02:15:00+00:00,2025-10-05 19:20:00-07:00,2025-10-06 02:20:00+00:00,REAL_TIME_5_MIN,SNJOSEB_1_N001,Node,59.54791,51.99035,2.4729,5.08466,0.0
2025-10-05 19:20:00-07:00,2025-10-06 02:20:00+00:00,2025-10-05 19:25:00-07:00,2025-10-06 02:25:00+00:00,REAL_TIME_5_MIN,OAKLAND_1_N001,Node,58.34633,51.60788,2.4292,4.30926,0.0
2025-10-05 19:20:00-07:00,2025-10-06 02:20:00+00:00,2025-10-05 19:25:00-07:00,2025-10-06 02:25:00+00:00,REAL_TIME_5_MIN,PGSF_2_PDRP58-APND,AP Node,59.75895,51.60788,2.89748,5.25359,0.0
2025-10-05 19:20:00-07:00,2025-10-06 02:20:00+00:00,2025-10-05 19:25:00-07:00,2025-10-06 02:25:00+00:00,REAL_TIME_5_MIN,SNJOSEB_1_N001,Node,60.03448,51.60788,3.37934,5.04725,0.0
2025-10-05 19:25:00-07:00,2025-10-06 02:25:00+00:00,2025-10-05 19:30:00-07:00,2025-10-06 02:30:00+00:00,REAL_TIME_5_MIN,OAKLAND_1_N001,Node,57.72203,51.38283,2.04874,4.29047,0.0
2025-10-05 19:25:00-07:00,2025-10-06 02:25:00+00:00,2025-10-05 19:30:00-07:00,2025-10-06 02:30:00+00:00,REAL_TIME_5_MIN,PGSF_2_PDRP58-APND,AP Node,58.99777,51.38283,2.38425,5.23069,0.0
2025-10-05 19:25:00-07:00,2025-10-06 02:25:00+00:00,2025-10-05 19:30:00-07:00,2025-10-06 02:30:00+00:00,REAL_TIME_5_MIN,SNJOSEB_1_N001,Node,59.11907,51.38283,2.711,5.02524,0.0
2025-10-05 19:30:00-07:00,2025-10-06 02:30:00+00:00,2025-10-05 19:35:00-07:00,2025-10-06 02:35:00+00:00,REAL_TIME_5_MIN,OAKLAND_1_N001,Node,56.66498,51.22044,1.5313,3.91324,0.0
2025-10-05 19:30:00-07:00,2025-10-06 02:30:00+00:00,2025-10-05 19:35:00-07:00,2025-10-06 02:35:00+00:00,REAL_TIME_5_MIN,PGSF_2_PDRP58-APND,AP Node,57.68087,51.22044,1.64067,4.81976,0.0
2025-10-05 19:30:00-07:00,2025-10-06 02:30:00+00:00,2025-10-05 19:35:00-07:00,2025-10-06 02:35:00+00:00,REAL_TIME_5_MIN,SNJOSEB_1_N001,Node,57.48979,51.22044,1.69536,4.57399,0.0
2025-10-05 19:35:00-07:00,2025-10-06 02:35:00+00:00,2025-10-05 19:40:00-07:00,2025-10-06 02:40:00+00:00,REAL_TIME_5_MIN,OAKLAND_1_N001,Node,56.44713,51.02253,1.52648,3.89812,0.0
2025-10-05 19:35:00-07:00,2025-10-06 02:35:00+00:00,2025-10-05 19:40:00-07:00,2025-10-06 02:40:00+00:00,REAL_TIME_5_MIN,PGSF_2_PDRP58-APND,AP Node,57.45918,51.02253,1.63552,4.80113,0.0
2025-10-05 19:35:00-07:00,2025-10-06 02:35:00+00:00,2025-10-05 19:40:00-07:00,2025-10-06 02:40:00+00:00,REAL_TIME_5_MIN,SNJOSEB_1_N001,Node,57.26888,51.02253,1.69003,4.55631,0.0
2025-10-05 19:40:00-07:00,2025-10-06 02:40:00+00:00,2025-10-05 19:45:00-07:00,2025-10-06 02:45:00+00:00,REAL_TIME_5_MIN,OAKLAND_1_N001,Node,54.58317,49.6655,1.12323,3.79444,0.0
2025-10-05 19:40:00-07:00,2025-10-06 02:40:00+00:00,2025-10-05 19:45:00-07:00,2025-10-06 02:45:00+00:00,REAL_TIME_5_MIN,PGSF_2_PDRP58-APND,AP Node,55.5424,49.6655,1.20346,4.67344,0.0
2025-10-05 19:40:00-07:00,2025-10-06 02:40:00+00:00,2025-10-05 19:45:00-07:00,2025-10-06 02:45:00+00:00,REAL_TIME_5_MIN,SNJOSEB_1_N001,Node,55.3442,49.6655,1.24358,4.43513,0.0
2025-10-05 19:45:00-07:00,2025-10-06 02:45:00+00:00,2025-10-05 19:50:00-07:00,2025-10-06 02:50:00+00:00,REAL_TIME_5_MIN,OAKLAND_1_N001,Node,54.18148,48.91458,1.61298,3.65392,0.0
2025-10-05 19:45:00-07:00,2025-10-06 02:45:00+00:00,2025-10-05 19:50:00-07:00,2025-10-06 02:50:00+00:00,REAL_TIME_5_MIN,PGSF_2_PDRP58-APND,AP Node,55.50116,48.91458,1.72819,4.85839,0.0
2025-10-05 19:45:00-07:00,2025-10-06 02:45:00+00:00,2025-10-05 19:50:00-07:00,2025-10-06 02:50:00+00:00,REAL_TIME_5_MIN,SNJOSEB_1_N001,Node,55.05378,48.91458,1.7858,4.3534,0.0
2025-10-05 19:50:00-07:00,2025-10-06 02:50:00+00:00,2025-10-05 19:55:00-07:00,2025-10-06 02:55:00+00:00,REAL_TIME_5_MIN,OAKLAND_1_N001,Node,54.18408,49.20133,1.3074,3.67534,0.0
2025-10-05 19:50:00-07:00,2025-10-06 02:50:00+00:00,2025-10-05 19:55:00-07:00,2025-10-06 02:55:00+00:00,REAL_TIME_5_MIN,PGSF_2_PDRP58-APND,AP Node,55.48899,49.20133,1.40079,4.88687,0.0
2025-10-05 19:50:00-07:00,2025-10-06 02:50:00+00:00,2025-10-05 19:55:00-07:00,2025-10-06 02:55:00+00:00,REAL_TIME_5_MIN,SNJOSEB_1_N001,Node,55.02773,49.20133,1.44748,4.37892,0.0
2025-10-05 19:55:00-07:00,2025-10-06 02:55:00+00:00,2025-10-05 20:00:00-07:00,2025-10-06 03:00:00+00:00,REAL_TIME_5_MIN,OAKLAND_1_N001,Node,54.18422,49.21765,1.29002,3.67656,0.0
2025-10-05 19:55:00-07:00,2025-10-06 02:55:00+00:00,2025-10-05 20:00:00-07:00,2025-10-06 03:00:00+00:00,REAL_TIME_5_MIN,PGSF_2_PDRP58-APND,AP Node,55.4883,49.21765,1.38216,4.88849,0.0
2025-10-05 19:55:00-07:00,2025-10-06 02:55:00+00:00,2025-10-05 20:00:00-07:00,2025-10-06 03:00:00+00:00,REAL_TIME_5_MIN,SNJOSEB_1_N001,Node,55.02625,49.21765,1.42823,4.38037,0.0
2025-10-05 20:00:00-07:00,2025-10-06 03:00:00+00:00,2025-10-05 20:05:00-07:00,2025-10-06 03:05:00+00:00,REAL_TIME_5_MIN,OAKLAND_1_N001,Node,57.08843,50.35176,2.76895,3.96772,0.0
2025-10-05 20:00:00-07:00,2025-10-06 03:00:00+00:00,2025-10-05 20:05:00-07:00,2025-10-06 03:05:00+00:00,REAL_TIME_5_MIN,PGSF_2_PDRP58-APND,AP Node,58.4972,50.35176,2.96674,5.1787,0.0
2025-10-05 20:00:00-07:00,2025-10-06 03:00:00+00:00,2025-10-05 20:05:00-07:00,2025-10-06 03:05:00+00:00,REAL_TIME_5_MIN,SNJOSEB_1_N001,Node,58.08499,50.35176,3.06563,4.66761,0.0
2025-10-05 20:05:00-07:00,2025-10-06 03:05:00+00:00,2025-10-05 20:10:00-07:00,2025-10-06 03:10:00+00:00,REAL_TIME_5_MIN,OAKLAND_1_N001,Node,54.00121,48.93654,1.20847,3.8562,0.0
2025-10-05 20:05:00-07:00,2025-10-06 03:05:00+00:00,2025-10-05 20:10:00-07:00,2025-10-06 03:10:00+00:00,REAL_TIME_5_MIN,PGSF_2_PDRP58-APND,AP Node,55.26447,48.93654,1.29479,5.03315,0.0
2025-10-05 20:05:00-07:00,2025-10-06 03:05:00+00:00,2025-10-05 20:10:00-07:00,2025-10-06 03:10:00+00:00,REAL_TIME_5_MIN,SNJOSEB_1_N001,Node,54.8109,48.93654,1.33795,4.53642,0.0
2025-10-05 20:10:00-07:00,2025-10-06 03:10:00+00:00,2025-10-05 20:15:00-07:00,2025-10-06 03:15:00+00:00,REAL_TIME_5_MIN,OAKLAND_1_N001,Node,53.67379,48.57656,1.2694,3.82783,0.0
2025-10-05 20:10:00-07:00,2025-10-06 03:10:00+00:00,2025-10-05 20:15:00-07:00,2025-10-06 03:15:00+00:00,REAL_TIME_5_MIN,PGSF_2_PDRP58-APND,AP Node,54.93275,48.57656,1.36007,4.99612,0.0
2025-10-05 20:10:00-07:00,2025-10-06 03:10:00+00:00,2025-10-05 20:15:00-07:00,2025-10-06 03:15:00+00:00,REAL_TIME_5_MIN,SNJOSEB_1_N001,Node,54.48502,48.57656,1.40541,4.50305,0.0
2025-10-05 20:15:00-07:00,2025-10-06 03:15:00+00:00,2025-10-05 20:20:00-07:00,2025-10-06 03:20:00+00:00,REAL_TIME_5_MIN,OAKLAND_1_N001,Node,55.56833,47.49894,4.27422,3.79517,0.0
2025-10-05 20:15:00-07:00,2025-10-06 03:15:00+00:00,2025-10-05 20:20:00-07:00,2025-10-06 03:20:00+00:00,REAL_TIME_5_MIN,PGSF_2_PDRP58-APND,AP Node,56.92462,47.49894,4.57952,4.84616,0.0
2025-10-05 20:15:00-07:00,2025-10-06 03:15:00+00:00,2025-10-05 20:20:00-07:00,2025-10-06 03:20:00+00:00,REAL_TIME_5_MIN,SNJOSEB_1_N001,Node,56.45786,47.49894,4.57952,4.3794,0.0
2025-10-05 20:20:00-07:00,2025-10-06 03:20:00+00:00,2025-10-05 20:25:00-07:00,2025-10-06 03:25:00+00:00,REAL_TIME_5_MIN,OAKLAND_1_N001,Node,56.44595,48.35444,4.22799,3.86352,0.0
2025-10-05 20:20:00-07:00,2025-10-06 03:20:00+00:00,2025-10-05 20:25:00-07:00,2025-10-06 03:25:00+00:00,REAL_TIME_5_MIN,PGSF_2_PDRP58-APND,AP Node,57.81788,48.35444,4.52999,4.93345,0.0
2025-10-05 20:20:00-07:00,2025-10-06 03:20:00+00:00,2025-10-05 20:25:00-07:00,2025-10-06 03:25:00+00:00,REAL_TIME_5_MIN,SNJOSEB_1_N001,Node,57.34271,48.35444,4.52999,4.45828,0.0
2025-10-05 20:25:00-07:00,2025-10-06 03:25:00+00:00,2025-10-05 20:30:00-07:00,2025-10-06 03:30:00+00:00,REAL_TIME_5_MIN,OAKLAND_1_N001,Node,52.02644,46.73882,1.55318,3.73443,0.0
2025-10-05 20:25:00-07:00,2025-10-06 03:25:00+00:00,2025-10-05 20:30:00-07:00,2025-10-06 03:30:00+00:00,REAL_TIME_5_MIN,PGSF_2_PDRP58-APND,AP Node,53.17156,46.73882,1.66412,4.76861,0.0
2025-10-05 20:25:00-07:00,2025-10-06 03:25:00+00:00,2025-10-05 20:30:00-07:00,2025-10-06 03:30:00+00:00,REAL_TIME_5_MIN,SNJOSEB_1_N001,Node,52.71226,46.73882,1.66412,4.30932,0.0
2025-10-05 20:30:00-07:00,2025-10-06 03:30:00+00:00,2025-10-05 20:35:00-07:00,2025-10-06 03:35:00+00:00,REAL_TIME_5_MIN,OAKLAND_1_N001,Node,52.90563,47.66096,1.69393,3.55074,0.0
2025-10-05 20:30:00-07:00,2025-10-06 03:30:00+00:00,2025-10-05 20:35:00-07:00,2025-10-06 03:35:00+00:00,REAL_TIME_5_MIN,PGSF_2_PDRP58-APND,AP Node,54.07876,47.66096,1.79335,4.62446,0.0
2025-10-05 20:30:00-07:00,2025-10-06 03:30:00+00:00,2025-10-05 20:35:00-07:00,2025-10-06 03:35:00+00:00,REAL_TIME_5_MIN,SNJOSEB_1_N001,Node,53.63674,47.66096,1.79591,4.17987,0.0
2025-10-05 20:35:00-07:00,2025-10-06 03:35:00+00:00,2025-10-05 20:40:00-07:00,2025-10-06 03:40:00+00:00,REAL_TIME_5_MIN,OAKLAND_1_N001,Node,53.90619,47.77873,2.56795,3.55952,0.0
2025-10-05 20:35:00-07:00,2025-10-06 03:35:00+00:00,2025-10-05 20:40:00-07:00,2025-10-06 03:40:00+00:00,REAL_TIME_5_MIN,PGSF_2_PDRP58-APND,AP Node,55.08265,47.77873,2.66804,4.63588,0.0
2025-10-05 20:35:00-07:00,2025-10-06 03:35:00+00:00,2025-10-05 20:40:00-07:00,2025-10-06 03:40:00+00:00,REAL_TIME_5_MIN,SNJOSEB_1_N001,Node,54.64557,47.77873,2.67665,4.19019,0.0
2025-10-05 20:40:00-07:00,2025-10-06 03:40:00+00:00,2025-10-05 20:45:00-07:00,2025-10-06 03:45:00+00:00,REAL_TIME_5_MIN,OAKLAND_1_N001,Node,54.07413,48.67367,1.77428,3.62619,0.0
2025-10-05 20:40:00-07:00,2025-10-06 03:40:00+00:00,2025-10-05 20:45:00-07:00,2025-10-06 03:45:00+00:00,REAL_TIME_5_MIN,PGSF_2_PDRP58-APND,AP Node,55.25853,48.67367,1.86215,4.72272,0.0
2025-10-05 20:40:00-07:00,2025-10-06 03:40:00+00:00,2025-10-05 20:45:00-07:00,2025-10-06 03:45:00+00:00,REAL_TIME_5_MIN,SNJOSEB_1_N001,Node,54.80851,48.67367,1.86616,4.26868,0.0
2025-10-05 20:45:00-07:00,2025-10-06 03:45:00+00:00,2025-10-05 20:50:00-07:00,2025-10-06 03:50:00+00:00,REAL_TIME_5_MIN,OAKLAND_1_N001,Node,53.61989,48.48029,1.53267,3.60693,0.0
2025-10-05 20:45:00-07:00,2025-10-06 03:45:00+00:00,2025-10-05 20:50:00-07:00,2025-10-06 03:50:00+00:00,REAL_TIME_5_MIN,PGSF_2_PDRP58-APND,AP Node,55.09011,48.48029,1.62162,4.9882,0.0
2025-10-05 20:45:00-07:00,2025-10-06 03:45:00+00:00,2025-10-05 20:50:00-07:00,2025-10-06 03:50:00+00:00,REAL_TIME_5_MIN,SNJOSEB_1_N001,Node,54.38033,48.48029,1.62407,4.27596,0.0
2025-10-05 20:50:00-07:00,2025-10-06 03:50:00+00:00,2025-10-05 20:55:00-07:00,2025-10-06 03:55:00+00:00,REAL_TIME_5_MIN,OAKLAND_1_N001,Node,52.88995,47.87601,1.45196,3.56197,0.0
2025-10-05 20:50:00-07:00,2025-10-06 03:50:00+00:00,2025-10-05 20:55:00-07:00,2025-10-06 03:55:00+00:00,REAL_TIME_5_MIN,PGSF_2_PDRP58-APND,AP Node,54.35042,47.87601,1.54839,4.92602,0.0
2025-10-05 20:50:00-07:00,2025-10-06 03:50:00+00:00,2025-10-05 20:55:00-07:00,2025-10-06 03:55:00+00:00,REAL_TIME_5_MIN,SNJOSEB_1_N001,Node,53.64819,47.87601,1.54952,4.22266,0.0
2025-10-05 20:55:00-07:00,2025-10-06 03:55:00+00:00,2025-10-05 21:00:00-07:00,2025-10-06 04:00:00+00:00,REAL_TIME_5_MIN,OAKLAND_1_N001,Node,53.42736,48.70862,1.09482,3.62392,0.0
2025-10-05 20:55:00-07:00,2025-10-06 03:55:00+00:00,2025-10-05 21:00:00-07:00,2025-10-06 04:00:00+00:00,REAL_TIME_5_MIN,PGSF_2_PDRP58-APND,AP Node,54.89333,48.70862,1.17302,5.01169,0.0
2025-10-05 20:55:00-07:00,2025-10-06 03:55:00+00:00,2025-10-05 21:00:00-07:00,2025-10-06 04:00:00+00:00,REAL_TIME_5_MIN,SNJOSEB_1_N001,Node,54.17774,48.70862,1.17302,4.2961,0.0
2025-10-05 21:00:00-07:00,2025-10-06 04:00:00+00:00,2025-10-05 21:05:00-07:00,2025-10-06 04:05:00+00:00,REAL_TIME_5_MIN,OAKLAND_1_N001,Node,55.14929,51.79309,0.0,3.35619,0.0
2025-10-05 21:00:00-07:00,2025-10-06 04:00:00+00:00,2025-10-05 21:05:00-07:00,2025-10-06 04:05:00+00:00,REAL_TIME_5_MIN,PGSF_2_PDRP58-APND,AP Node,56.57903,51.79309,0.0,4.78594,0.0
2025-10-05 21:00:00-07:00,2025-10-06 04:00:00+00:00,2025-10-05 21:05:00-07:00,2025-10-06 04:05:00+00:00,REAL_TIME_5_MIN,SNJOSEB_1_N001,Node,55.89511,51.79309,0.0,4.10201,0.0
2025-10-05 21:05:00-07:00,2025-10-06 04:05:00+00:00,2025-10-05 21:10:00-07:00,2025-10-06 04:10:00+00:00,REAL_TIME_5_MIN,OAKLAND_1_N001,Node,55.07685,51.72507,0.0,3.35178,0.0
2025-10-05 21:05:00-07:00,2025-10-06 04:05:00+00:00,2025-10-05 21:10:00-07:00,2025-10-06 04:10:00+00:00,REAL_TIME_5_MIN,PGSF_2_PDRP58-APND,AP Node,56.50472,51.72507,0.0,4.77965,0.0
2025-10-05 21:05:00-07:00,2025-10-06 04:05:00+00:00,2025-10-05 21:10:00-07:00,2025-10-06 04:10:00+00:00,REAL_TIME_5_MIN,SNJOSEB_1_N001,Node,55.82169,51.72507,0.0,4.09663,0.0
2025-10-05 21:10:00-07:00,2025-10-06 04:10:00+00:00,2025-10-05 21:15:00-07:00,2025-10-06 04:15:00+00:00,REAL_TIME_5_MIN,OAKLAND_1_N001,Node,55.14624,51.79023,0.0,3.35601,0.0
2025-10-05 21:10:00-07:00,2025-10-06 04:10:00+00:00,2025-10-05 21:15:00-07:00,2025-10-06 04:15:00+00:00,REAL_TIME_5_MIN,PGSF_2_PDRP58-APND,AP Node,56.57591,51.79023,0.0,4.78567,0.0
2025-10-05 21:10:00-07:00,2025-10-06 04:10:00+00:00,2025-10-05 21:15:00-07:00,2025-10-06 04:15:00+00:00,REAL_TIME_5_MIN,SNJOSEB_1_N001,Node,55.89202,51.79023,0.0,4.10179,0.0
2025-10-05 21:15:00-07:00,2025-10-06 04:15:00+00:00,2025-10-05 21:20:00-07:00,2025-10-06 04:20:00+00:00,REAL_TIME_5_MIN,OAKLAND_1_N001,Node,53.00209,49.89371,0.0,3.10838,0.0
2025-10-05 21:15:00-07:00,2025-10-06 04:15:00+00:00,2025-10-05 21:20:00-07:00,2025-10-06 04:20:00+00:00,REAL_TIME_5_MIN,PGSF_2_PDRP58-APND,AP Node,54.36451,49.89371,0.0,4.4708,0.0
2025-10-05 21:15:00-07:00,2025-10-06 04:15:00+00:00,2025-10-05 21:20:00-07:00,2025-10-06 04:20:00+00:00,REAL_TIME_5_MIN,SNJOSEB_1_N001,Node,53.73054,49.89371,0.0,3.83683,0.0
2025-10-05 21:20:00-07:00,2025-10-06 04:20:00+00:00,2025-10-05 21:25:00-07:00,2025-10-06 04:25:00+00:00,REAL_TIME_5_MIN,OAKLAND_1_N001,Node,58.33759,54.9163,0.0,3.42129,0.0
2025-10-05 21:20:00-07:00,2025-10-06 04:20:00+00:00,2025-10-05 21:25:00-07:00,2025-10-06 04:25:00+00:00,REAL_TIME_5_MIN,PGSF_2_PDRP58-APND,AP Node,59.83716,54.9163,0.0,4.92085,0.0
2025-10-05 21:20:00-07:00,2025-10-06 04:20:00+00:00,2025-10-05 21:25:00-07:00,2025-10-06 04:25:00+00:00,REAL_TIME_5_MIN,SNJOSEB_1_N001,Node,59.13937,54.9163,0.0,4.22306,0.0
2025-10-05 21:25:00-07:00,2025-10-06 04:25:00+00:00,2025-10-05 21:30:00-07:00,2025-10-06 04:30:00+00:00,REAL_TIME_5_MIN,OAKLAND_1_N001,Node,58.01884,54.61625,0.0,3.40259,0.0
2025-10-05 21:25:00-07:00,2025-10-06 04:25:00+00:00,2025-10-05 21:30:00-07:00,2025-10-06 04:30:00+00:00,REAL_TIME_5_MIN,PGSF_2_PDRP58-APND,AP Node,59.51021,54.61625,0.0,4.89397,0.0
2025-10-05 21:25:00-07:00,2025-10-06 04:25:00+00:00,2025-10-05 21:30:00-07:00,2025-10-06 04:30:00+00:00,REAL_TIME_5_MIN,SNJOSEB_1_N001,Node,58.81624,54.61625,0.0,4.19999,0.0
2025-10-05 21:30:00-07:00,2025-10-06 04:30:00+00:00,2025-10-05 21:35:00-07:00,2025-10-06 04:35:00+00:00,REAL_TIME_5_MIN,OAKLAND_1_N001,Node,57.89714,54.46067,0.0,3.43647,0.0
2025-10-05 21:30:00-07:00,2025-10-06 04:30:00+00:00,2025-10-05 21:35:00-07:00,2025-10-06 04:35:00+00:00,REAL_TIME_5_MIN,PGSF_2_PDRP58-APND,AP Node,59.40945,54.46067,0.0,4.94878,0.0
2025-10-05 21:30:00-07:00,2025-10-06 04:30:00+00:00,2025-10-05 21:35:00-07:00,2025-10-06 04:35:00+00:00,REAL_TIME_5_MIN,SNJOSEB_1_N001,Node,58.70315,54.46067,0.0,4.24249,0.0
2025-10-05 21:35:00-07:00,2025-10-06 04:35:00+00:00,2025-10-05 21:40:00-07:00,2025-10-06 04:40:00+00:00,REAL_TIME_5_MIN,OAKLAND_1_N001,Node,57.36886,53.96375,0.0,3.40511,0.0
2025-10-05 21:35:00-07:00,2025-10-06 04:35:00+00:00,2025-10-05 21:40:00-07:00,2025-10-06 04:40:00+00:00,REAL_TIME_5_MIN,PGSF_2_PDRP58-APND,AP Node,58.86738,53.96375,0.0,4.90363,0.0
2025-10-05 21:35:00-07:00,2025-10-06 04:35:00+00:00,2025-10-05 21:40:00-07:00,2025-10-06 04:40:00+00:00,REAL_TIME_5_MIN,SNJOSEB_1_N001,Node,58.16753,53.96375,0.0,4.20378,0.0
2025-10-05 21:40:00-07:00,2025-10-06 04:40:00+00:00,2025-10-05 21:45:00-07:00,2025-10-06 04:45:00+00:00,REAL_TIME_5_MIN,OAKLAND_1_N001,Node,56.43253,53.08299,0.0,3.34954,0.0
2025-10-05 21:40:00-07:00,2025-10-06 04:40:00+00:00,2025-10-05 21:45:00-07:00,2025-10-06 04:45:00+00:00,REAL_TIME_5_MIN,PGSF_2_PDRP58-APND,AP Node,57.90659,53.08299,0.0,4.8236,0.0
2025-10-05 21:40:00-07:00,2025-10-06 04:40:00+00:00,2025-10-05 21:45:00-07:00,2025-10-06 04:45:00+00:00,REAL_TIME_5_MIN,SNJOSEB_1_N001,Node,57.21815,53.08299,0.0,4.13516,0.0
2025-10-05 21:45:00-07:00,2025-10-06 04:45:00+00:00,2025-10-05 21:50:00-07:00,2025-10-06 04:50:00+00:00,REAL_TIME_5_MIN,OAKLAND_1_N001,Node,53.43238,50.45074,0.0,2.98164,0.0
2025-10-05 21:45:00-07:00,2025-10-06 04:45:00+00:00,2025-10-05 21:50:00-07:00,2025-10-06 04:50:00+00:00,REAL_TIME_5_MIN,PGSF_2_PDRP58-APND,AP Node,54.81001,50.45074,0.0,4.35927,0.0
2025-10-05 21:45:00-07:00,2025-10-06 04:45:00+00:00,2025-10-05 21:50:00-07:00,2025-10-06 04:50:00+00:00,REAL_TIME_5_MIN,SNJOSEB_1_N001,Node,54.18914,50.45074,0.0,3.7384,0.0
2025-10-05 21:50:00-07:00,2025-10-06 04:50:00+00:00,2025-10-05 21:55:00-07:00,2025-10-06 04:55:00+00:00,REAL_TIME_5_MIN,OAKLAND_1_N001,Node,54.76487,51.70887,0.0,3.05599,0.0
2025-10-05 21:50:00-07:00,2025-10-06 04:50:00+00:00,2025-10-05 21:55:00-07:00,2025-10-06 04:55:00+00:00,REAL_TIME_5_MIN,PGSF_2_PDRP58-APND,AP Node,56.17685,51.70887,0.0,4.46798,0.0
2025-10-05 21:50:00-07:00,2025-10-06 04:50:00+00:00,2025-10-05 21:55:00-07:00,2025-10-06 04:55:00+00:00,REAL_TIME_5_MIN,SNJOSEB_1_N001,Node,55.5405,51.70887,0.0,3.83163,0.0
2025-10-05 21:55:00-07:00,2025-10-06 04:55:00+00:00,2025-10-05 22:00:00-07:00,2025-10-06 05:00:00+00:00,REAL_TIME_5_MIN,OAKLAND_1_N001,Node,54.41091,51.37466,0.0,3.03624,0.0
2025-10-05 21:55:00-07:00,2025-10-06 04:55:00+00:00,2025-10-05 22:00:00-07:00,2025-10-06 05:00:00+00:00,REAL_TIME_5_MIN,PGSF_2_PDRP58-APND,AP Node,55.81376,51.37466,0.0,4.4391,0.0
2025-10-05 21:55:00-07:00,2025-10-06 04:55:00+00:00,2025-10-05 22:00:00-07:00,2025-10-06 05:00:00+00:00,REAL_TIME_5_MIN,SNJOSEB_1_N001,Node,55.18153,51.37466,0.0,3.80686,0.0
2025-10-05 22:00:00-07:00,2025-10-06 05:00:00+00:00,2025-10-05 22:05:00-07:00,2025-10-06 05:05:00+00:00,REAL_TIME_5_MIN,OAKLAND_1_N001,Node,60.98167,57.0402,0.0,3.94148,0.0
2025-10-05 22:00:00-07:00,2025-10-06 05:00:00+00:00,2025-10-05 22:05:00-07:00,2025-10-06 05:05:00+00:00,REAL_TIME_5_MIN,PGSF_2_PDRP58-APND,AP Node,62.49939,57.0402,0.0,5.45919,0.0
2025-10-05 22:00:00-07:00,2025-10-06 05:00:00+00:00,2025-10-05 22:05:00-07:00,2025-10-06 05:05:00+00:00,REAL_TIME_5_MIN,SNJOSEB_1_N001,Node,61.79164,57.0402,0.0,4.75145,0.0
2025-10-05 22:05:00-07:00,2025-10-06 05:05:00+00:00,2025-10-05 22:10:00-07:00,2025-10-06 05:10:00+00:00,REAL_TIME_5_MIN,OAKLAND_1_N001,Node,60.77204,56.84412,0.0,3.92793,0.0
2025-10-05 22:05:00-07:00,2025-10-06 05:05:00+00:00,2025-10-05 22:10:00-07:00,2025-10-06 05:10:00+00:00,REAL_TIME_5_MIN,PGSF_2_PDRP58-APND,AP Node,62.28454,56.84412,0.0,5.44043,0.0
2025-10-05 22:05:00-07:00,2025-10-06 05:05:00+00:00,2025-10-05 22:10:00-07:00,2025-10-06 05:10:00+00:00,REAL_TIME_5_MIN,SNJOSEB_1_N001,Node,61.57923,56.84412,0.0,4.73511,0.0
2025-10-05 22:10:00-07:00,2025-10-06 05:10:00+00:00,2025-10-05 22:15:00-07:00,2025-10-06 05:15:00+00:00,REAL_TIME_5_MIN,OAKLAND_1_N001,Node,59.57094,55.72065,0.0,3.8503,0.0
2025-10-05 22:10:00-07:00,2025-10-06 05:10:00+00:00,2025-10-05 22:15:00-07:00,2025-10-06 05:15:00+00:00,REAL_TIME_5_MIN,PGSF_2_PDRP58-APND,AP Node,61.05355,55.72065,0.0,5.3329,0.0
2025-10-05 22:10:00-07:00,2025-10-06 05:10:00+00:00,2025-10-05 22:15:00-07:00,2025-10-06 05:15:00+00:00,REAL_TIME_5_MIN,SNJOSEB_1_N001,Node,60.36218,55.72065,0.0,4.64153,0.0
2025-10-05 22:15:00-07:00,2025-10-06 05:15:00+00:00,2025-10-05 22:20:00-07:00,2025-10-06 05:20:00+00:00,REAL_TIME_5_MIN,OAKLAND_1_N001,Node,57.89953,54.42196,0.0,3.47756,0.0
2025-10-05 22:15:00-07:00,2025-10-06 05:15:00+00:00,2025-10-05 22:20:00-07:00,2025-10-06 05:20:00+00:00,REAL_TIME_5_MIN,PGSF_2_PDRP58-APND,AP Node,59.31704,54.42196,0.0,4.89508,0.0
2025-10-05 22:15:00-07:00,2025-10-06 05:15:00+00:00,2025-10-05 22:20:00-07:00,2025-10-06 05:20:00+00:00,REAL_TIME_5_MIN,SNJOSEB_1_N001,Node,58.6832,54.42196,0.0,4.26124,0.0
2025-10-05 22:20:00-07:00,2025-10-06 05:20:00+00:00,2025-10-05 22:25:00-07:00,2025-10-06 05:25:00+00:00,REAL_TIME_5_MIN,OAKLAND_1_N001,Node,60.04864,56.442,0.0,3.60664,0.0
2025-10-05 22:20:00-07:00,2025-10-06 05:20:00+00:00,2025-10-05 22:25:00-07:00,2025-10-06 05:25:00+00:00,REAL_TIME_5_MIN,PGSF_2_PDRP58-APND,AP Node,61.51877,56.442,0.0,5.07677,0.0
2025-10-05 22:20:00-07:00,2025-10-06 05:20:00+00:00,2025-10-05 22:25:00-07:00,2025-10-06 05:25:00+00:00,REAL_TIME_5_MIN,SNJOSEB_1_N001,Node,60.8614,56.442,0.0,4.41941,0.0
2025-10-05 22:25:00-07:00,2025-10-06 05:25:00+00:00,2025-10-05 22:30:00-07:00,2025-10-06 05:30:00+00:00,REAL_TIME_5_MIN,OAKLAND_1_N001,Node,59.29203,55.73083,0.0,3.5612,0.0
2025-10-05 22:25:00-07:00,2025-10-06 05:25:00+00:00,2025-10-05 22:30:00-07:00,2025-10-06 05:30:00+00:00,REAL_TIME_5_MIN,PGSF_2_PDRP58-APND,AP Node,60.74363,55.73083,0.0,5.0128,0.0
2025-10-05 22:25:00-07:00,2025-10-06 05:25:00+00:00,2025-10-05 22:30:00-07:00,2025-10-06 05:30:00+00:00,REAL_TIME_5_MIN,SNJOSEB_1_N001,Node,60.09455,55.73083,0.0,4.36372,0.0
2025-10-05 22:30:00-07:00,2025-10-06 05:30:00+00:00,2025-10-05 22:35:00-07:00,2025-10-06 05:35:00+00:00,REAL_TIME_5_MIN,OAKLAND_1_N001,Node,58.8678,55.23344,0.0,3.63436,0.0
2025-10-05 22:30:00-07:00,2025-10-06 05:30:00+00:00,2025-10-05 22:35:00-07:00,2025-10-06 05:35:00+00:00,REAL_TIME_5_MIN,PGSF_2_PDRP58-APND,AP Node,60.24776,55.23344,0.0,5.01432,0.0
2025-10-05 22:30:00-07:00,2025-10-06 05:30:00+00:00,2025-10-05 22:35:00-07:00,2025-10-06 05:35:00+00:00,REAL_TIME_5_MIN,SNJOSEB_1_N001,Node,59.63554,55.23344,0.0,4.4021,0.0
2025-10-05 22:35:00-07:00,2025-10-06 05:35:00+00:00,2025-10-05 22:40:00-07:00,2025-10-06 05:40:00+00:00,REAL_TIME_5_MIN,OAKLAND_1_N001,Node,57.9532,54.3753,0.0,3.57789,0.0
2025-10-05 22:35:00-07:00,2025-10-06 05:35:00+00:00,2025-10-05 22:40:00-07:00,2025-10-06 05:40:00+00:00,REAL_TIME_5_MIN,PGSF_2_PDRP58-APND,AP Node,59.31172,54.3753,0.0,4.93642,0.0
2025-10-05 22:35:00-07:00,2025-10-06 05:35:00+00:00,2025-10-05 22:40:00-07:00,2025-10-06 05:40:00+00:00,REAL_TIME_5_MIN,SNJOSEB_1_N001,Node,58.70901,54.3753,0.0,4.33371,0.0
2025-10-05 22:40:00-07:00,2025-10-06 05:40:00+00:00,2025-10-05 22:45:00-07:00,2025-10-06 05:45:00+00:00,REAL_TIME_5_MIN,OAKLAND_1_N001,Node,57.75261,54.18709,0.0,3.56551,0.0
2025-10-05 22:40:00-07:00,2025-10-06 05:40:00+00:00,2025-10-05 22:45:00-07:00,2025-10-06 05:45:00+00:00,REAL_TIME_5_MIN,PGSF_2_PDRP58-APND,AP Node,59.10642,54.18709,0.0,4.91933,0.0
2025-10-05 22:40:00-07:00,2025-10-06 05:40:00+00:00,2025-10-05 22:45:00-07:00,2025-10-06 05:45:00+00:00,REAL_TIME_5_MIN,SNJOSEB_1_N001,Node,58.50581,54.18709,0.0,4.31871,0.0
2025-10-05 22:45:00-07:00,2025-10-06 05:45:00+00:00,2025-10-05 22:50:00-07:00,2025-10-06 05:50:00+00:00,REAL_TIME_5_MIN,OAKLAND_1_N001,Node,57.49976,54.00052,0.0,3.49923,0.0
2025-10-05 22:45:00-07:00,2025-10-06 05:45:00+00:00,2025-10-05 22:50:00-07:00,2025-10-06 05:50:00+00:00,REAL_TIME_5_MIN,PGSF_2_PDRP58-APND,AP Node,58.82056,54.00052,0.0,4.82003,0.0
2025-10-05 22:45:00-07:00,2025-10-06 05:45:00+00:00,2025-10-05 22:50:00-07:00,2025-10-06 05:50:00+00:00,REAL_TIME_5_MIN,SNJOSEB_1_N001,Node,58.25577,54.00052,0.0,4.25524,0.0
2025-10-05 22:50:00-07:00,2025-10-06 05:50:00+00:00,2025-10-05 22:55:00-07:00,2025-10-06 05:55:00+00:00,REAL_TIME_5_MIN,OAKLAND_1_N001,Node,57.44736,53.95132,0.0,3.49605,0.0
2025-10-05 22:50:00-07:00,2025-10-06 05:50:00+00:00,2025-10-05 22:55:00-07:00,2025-10-06 05:55:00+00:00,REAL_TIME_5_MIN,PGSF_2_PDRP58-APND,AP Node,58.76696,53.95132,0.0,4.81564,0.0
2025-10-05 22:50:00-07:00,2025-10-06 05:50:00+00:00,2025-10-05 22:55:00-07:00,2025-10-06 05:55:00+00:00,REAL_TIME_5_MIN,SNJOSEB_1_N001,Node,58.20268,53.95132,0.0,4.25136,0.0
2025-10-05 22:55:00-07:00,2025-10-06 05:55:00+00:00,2025-10-05 23:00:00-07:00,2025-10-06 06:00:00+00:00,REAL_TIME_5_MIN,OAKLAND_1_N001,Node,57.41831,53.92404,0.0,3.49428,0.0
2025-10-05 22:55:00-07:00,2025-10-06 05:55:00+00:00,2025-10-05 23:00:00-07:00,2025-10-06 06:00:00+00:00,REAL_TIME_5_MIN,PGSF_2_PDRP58-APND,AP Node,58.73724,53.92404,0.0,4.81321,0.0
2025-10-05 22:55:00-07:00,2025-10-06 05:55:00+00:00,2025-10-05 23:00:00-07:00,2025-10-06 06:00:00+00:00,REAL_TIME_5_MIN,SNJOSEB_1_N001,Node,58.17325,53.92404,0.0,4.24921,0.0
2025-10-05 23:00:00-07:00,2025-10-06 06:00:00+00:00,2025-10-05 23:05:00-07:00,2025-10-06 06:05:00+00:00,REAL_TIME_5_MIN,OAKLAND_1_N001,Node,58.09026,54.90573,0.0,3.18453,0.0
2025-10-05 23:00:00-07:00,2025-10-06 06:00:00+00:00,2025-10-05 23:05:00-07:00,2025-10-06 06:05:00+00:00,REAL_TIME_5_MIN,PGSF_2_PDRP58-APND,AP Node,59.47111,54.90573,0.0,4.56539,0.0
2025-10-05 23:00:00-07:00,2025-10-06 06:00:00+00:00,2025-10-05 23:05:00-07:00,2025-10-06 06:05:00+00:00,REAL_TIME_5_MIN,SNJOSEB_1_N001,Node,58.91384,54.90573,0.0,4.00812,0.0
2025-10-05 23:05:00-07:00,2025-10-06 06:05:00+00:00,2025-10-05 23:10:00-07:00,2025-10-06 06:10:00+00:00,REAL_TIME_5_MIN,OAKLAND_1_N001,Node,58.2993,55.10331,0.0,3.19599,0.0
2025-10-05 23:05:00-07:00,2025-10-06 06:05:00+00:00,2025-10-05 23:10:00-07:00,2025-10-06 06:10:00+00:00,REAL_TIME_5_MIN,PGSF_2_PDRP58-APND,AP Node,59.68513,55.10331,0.0,4.58182,0.0
2025-10-05 23:05:00-07:00,2025-10-06 06:05:00+00:00,2025-10-05 23:10:00-07:00,2025-10-06 06:10:00+00:00,REAL_TIME_5_MIN,SNJOSEB_1_N001,Node,59.12585,55.10331,0.0,4.02254,0.0
2025-10-05 23:10:00-07:00,2025-10-06 06:10:00+00:00,2025-10-05 23:15:00-07:00,2025-10-06 06:15:00+00:00,REAL_TIME_5_MIN,OAKLAND_1_N001,Node,59.38514,56.12962,0.0,3.25552,0.0
2025-10-05 23:10:00-07:00,2025-10-06 06:10:00+00:00,2025-10-05 23:15:00-07:00,2025-10-06 06:15:00+00:00,REAL_TIME_5_MIN,PGSF_2_PDRP58-APND,AP Node,60.79677,56.12962,0.0,4.66715,0.0
2025-10-05 23:10:00-07:00,2025-10-06 06:10:00+00:00,2025-10-05 23:15:00-07:00,2025-10-06 06:15:00+00:00,REAL_TIME_5_MIN,SNJOSEB_1_N001,Node,60.22708,56.12962,0.0,4.09746,0.0
2025-10-05 23:15:00-07:00,2025-10-06 06:15:00+00:00,2025-10-05 23:20:00-07:00,2025-10-06 06:20:00+00:00,REAL_TIME_5_MIN,OAKLAND_1_N001,Node,59.20183,56.0889,0.0,3.11293,0.0
2025-10-05 23:15:00-07:00,2025-10-06 06:15:00+00:00,2025-10-05 23:20:00-07:00,2025-10-06 06:20:00+00:00,REAL_TIME_5_MIN,PGSF_2_PDRP58-APND,AP Node,60.56975,56.0889,0.0,4.48085,0.0
2025-10-05 23:15:00-07:00,2025-10-06 06:15:00+00:00,2025-10-05 23:20:00-07:00,2025-10-06 06:20:00+00:00,REAL_TIME_5_MIN,SNJOSEB_1_N001,Node,60.02634,56.0889,0.0,3.93744,0.0
2025-10-05 23:20:00-07:00,2025-10-06 06:20:00+00:00,2025-10-05 23:25:00-07:00,2025-10-06 06:25:00+00:00,REAL_TIME_5_MIN,OAKLAND_1_N001,Node,58.93743,55.8384,0.0,3.09903,0.0
2025-10-05 23:20:00-07:00,2025-10-06 06:20:00+00:00,2025-10-05 23:25:00-07:00,2025-10-06 06:25:00+00:00,REAL_TIME_5_MIN,PGSF_2_PDRP58-APND,AP Node,60.29924,55.8384,0.0,4.46084,0.0
2025-10-05 23:20:00-07:00,2025-10-06 06:20:00+00:00,2025-10-05 23:25:00-07:00,2025-10-06 06:25:00+00:00,REAL_TIME_5_MIN,SNJOSEB_1_N001,Node,59.75826,55.8384,0.0,3.91986,0.0
2025-10-05 23:25:00-07:00,2025-10-06 06:25:00+00:00,2025-10-05 23:30:00-07:00,2025-10-06 06:30:00+00:00,REAL_TIME_5_MIN,OAKLAND_1_N001,Node,60.14028,56.978,0.0,3.16228,0.0
2025-10-05 23:25:00-07:00,2025-10-06 06:25:00+00:00,2025-10-05 23:30:00-07:00,2025-10-06 06:30:00+00:00,REAL_TIME_5_MIN,PGSF_2_PDRP58-APND,AP Node,61.52988,56.978,0.0,4.55188,0.0
2025-10-05 23:25:00-07:00,2025-10-06 06:25:00+00:00,2025-10-05 23:30:00-07:00,2025-10-06 06:30:00+00:00,REAL_TIME_5_MIN,SNJOSEB_1_N001,Node,60.97786,56.978,0.0,3.99986,0.0
2025-10-05 23:30:00-07:00,2025-10-06 06:30:00+00:00,2025-10-05 23:35:00-07:00,2025-10-06 06:35:00+00:00,REAL_TIME_5_MIN,OAKLAND_1_N001,Node,58.48468,55.50938,0.0,2.9753,0.0
2025-10-05 23:30:00-07:00,2025-10-06 06:30:00+00:00,2025-10-05 23:35:00-07:00,2025-10-06 06:35:00+00:00,REAL_TIME_5_MIN,PGSF_2_PDRP58-APND,AP Node,59.82389,55.50938,0.0,4.31451,0.0
2025-10-05 23:30:00-07:00,2025-10-06 06:30:00+00:00,2025-10-05 23:35:00-07:00,2025-10-06 06:35:00+00:00,REAL_TIME_5_MIN,SNJOSEB_1_N001,Node,59.32287,55.50938,0.0,3.81349,0.0
2025-10-05 23:35:00-07:00,2025-10-06 06:35:00+00:00,2025-10-05 23:40:00-07:00,2025-10-06 06:40:00+00:00,REAL_TIME_5_MIN,OAKLAND_1_N001,Node,58.91911,55.92171,0.0,2.9974,0.0
2025-10-05 23:35:00-07:00,2025-10-06 06:35:00+00:00,2025-10-05 23:40:00-07:00,2025-10-06 06:40:00+00:00,REAL_TIME_5_MIN,PGSF_2_PDRP58-APND,AP Node,60.26827,55.92171,0.0,4.34656,0.0
2025-10-05 23:35:00-07:00,2025-10-06 06:35:00+00:00,2025-10-05 23:40:00-07:00,2025-10-06 06:40:00+00:00,REAL_TIME_5_MIN,SNJOSEB_1_N001,Node,59.76353,55.92171,0.0,3.84182,0.0
2025-10-05 23:40:00-07:00,2025-10-06 06:40:00+00:00,2025-10-05 23:45:00-07:00,2025-10-06 06:45:00+00:00,REAL_TIME_5_MIN,OAKLAND_1_N001,Node,55.99939,53.15052,0.0,2.84887,0.0
2025-10-05 23:40:00-07:00,2025-10-06 06:40:00+00:00,2025-10-05 23:45:00-07:00,2025-10-06 06:45:00+00:00,REAL_TIME_5_MIN,PGSF_2_PDRP58-APND,AP Node,57.28169,53.15052,0.0,4.13117,0.0
2025-10-05 23:40:00-07:00,2025-10-06 06:40:00+00:00,2025-10-05 23:45:00-07:00,2025-10-06 06:45:00+00:00,REAL_TIME_5_MIN,SNJOSEB_1_N001,Node,56.80196,53.15052,0.0,3.65144,0.0
2025-10-05 23:45:00-07:00,2025-10-06 06:45:00+00:00,2025-10-05 23:50:00-07:00,2025-10-06 06:50:00+00:00,REAL_TIME_5_MIN,OAKLAND_1_N001,Node,56.51233,53.53067,0.0,2.98166,0.0
2025-10-05 23:45:00-07:00,2025-10-06 06:45:00+00:00,2025-10-05 23:50:00-07:00,2025-10-06 06:50:00+00:00,REAL_TIME_5_MIN,PGSF_2_PDRP58-APND,AP Node,57.7537,53.53067,0.0,4.22303,0.0
2025-10-05 23:45:00-07:00,2025-10-06 06:45:00+00:00,2025-10-05 23:50:00-07:00,2025-10-06 06:50:00+00:00,REAL_TIME_5_MIN,SNJOSEB_1_N001,Node,57.27782,53.53067,0.0,3.74715,0.0
2025-10-05 23:50:00-07:00,2025-10-06 06:50:00+00:00,2025-10-05 23:55:00-07:00,2025-10-06 06:55:00+00:00,REAL_TIME_5_MIN,OAKLAND_1_N001,Node,54.44323,51.57074,0.0,2.87249,0.0
2025-10-05 23:50:00-07:00,2025-10-06 06:50:00+00:00,2025-10-05 23:55:00-07:00,2025-10-06 06:55:00+00:00,REAL_TIME_5_MIN,PGSF_2_PDRP58-APND,AP Node,55.63915,51.57074,0.0,4.06841,0.0
2025-10-05 23:50:00-07:00,2025-10-06 06:50:00+00:00,2025-10-05 23:55:00-07:00,2025-10-06 06:55:00+00:00,REAL_TIME_5_MIN,SNJOSEB_1_N001,Node,55.18069,51.57074,0.0,3.60995,0.0
2025-10-05 23:55:00-07:00,2025-10-06 06:55:00+00:00,2025-10-06 00:00:00-07:00,2025-10-06 07:00:00+00:00,REAL_TIME_5_MIN,OAKLAND_1_N001,Node,54.44185,51.56944,0.0,2.87242,0.0
2025-10-05 23:55:00-07:00,2025-10-06 06:55:00+00:00,2025-10-06 00:00:00-07:00,2025-10-06 07:00:00+00:00,REAL_TIME_5_MIN,PGSF_2_PDRP58-APND,AP Node,55.63774,51.56944,0.0,4.06831,0.0
2025-10-05 23:55:00-07:00,2025-10-06 06:55:00+00:00,2025-10-06 00:00:00-07:00,2025-10-06 07:00:00+00:00,REAL_TIME_5_MIN,SNJOSEB_1_N001,Node,55.1793,51.56944,0.0,3.60986,0.0
2025-10-05 00:00:00-07:00,2025-10-05 07:00:00+00:00,2025-10-05 00:05:00-07:00,2025-10-05 07:05:00+00:00,REAL_TIME_5_MIN,BALCH1_7_N001,Node,45.79183,45.0198,0.00219,0.76984,0.0
2025-10-05 00:00:00-07:00,2025-10-05 07:00:00+00:00,2025-10-05 00:05:00-07:00,2025-10-05 07:05:00+00:00,REAL_TIME_5_MIN,BEARTAP_1_N001,Node,44.59013,45.0198,-0.00198,-0.42769,0.0
2025-10-05 00:00:00-07:00,2025-10-05 07:00:00+00:00,2025-10-05 00:05:00-07:00,2025-10-05 07:05:00+00:00,REAL_TIME_5_MIN,SOUTHBY_6_N001,Node,46.16026,45.0198,0.00146,1.139,0.0
2025-10-05 00:05:00-07:00,2025-10-05 07:05:00+00:00,2025-10-05 00:10:00-07:00,2025-10-05 07:10:00+00:00,REAL_TIME_5_MIN,BALCH1_7_N001,Node,44.95689,44.20106,0.0,0.75584,0.0
2025-10-05 00:05:00-07:00,2025-10-05 07:05:00+00:00,2025-10-05 00:10:00-07:00,2025-10-05 07:10:00+00:00,REAL_TIME_5_MIN,BEARTAP_1_N001,Node,43.78115,44.20106,0.0,-0.41991,0.0
2025-10-05 00:05:00-07:00,2025-10-05 07:05:00+00:00,2025-10-05 00:10:00-07:00,2025-10-05 07:10:00+00:00,REAL_TIME_5_MIN,SOUTHBY_6_N001,Node,45.31934,44.20106,0.0,1.11829,0.0
2025-10-05 00:10:00-07:00,2025-10-05 07:10:00+00:00,2025-10-05 00:15:00-07:00,2025-10-05 07:15:00+00:00,REAL_TIME_5_MIN,BALCH1_7_N001,Node,44.73688,43.59719,0.39418,0.74551,0.0
2025-10-05 00:10:00-07:00,2025-10-05 07:10:00+00:00,2025-10-05 00:15:00-07:00,2025-10-05 07:15:00+00:00,REAL_TIME_5_MIN,BEARTAP_1_N001,Node,43.02848,43.59719,-0.15453,-0.41417,0.0
2025-10-05 00:10:00-07:00,2025-10-05 07:10:00+00:00,2025-10-05 00:15:00-07:00,2025-10-05 07:15:00+00:00,REAL_TIME_5_MIN,SOUTHBY_6_N001,Node,44.70628,43.59719,0.00608,1.10301,0.0
2025-10-05 00:15:00-07:00,2025-10-05 07:15:00+00:00,2025-10-05 00:20:00-07:00,2025-10-05 07:20:00+00:00,REAL_TIME_5_MIN,BALCH1_7_N001,Node,56.34383,39.12518,17.21865,0.0,0.0
2025-10-05 00:15:00-07:00,2025-10-05 07:15:00+00:00,2025-10-05 00:20:00-07:00,2025-10-05 07:20:00+00:00,REAL_TIME_5_MIN,BEARTAP_1_N001,Node,32.51948,39.12518,-6.6057,0.0,0.0
2025-10-05 00:15:00-07:00,2025-10-05 07:15:00+00:00,2025-10-05 00:20:00-07:00,2025-10-05 07:20:00+00:00,REAL_TIME_5_MIN,SOUTHBY_6_N001,Node,39.13125,39.12518,0.00607,0.0,0.0
2025-10-05 00:20:00-07:00,2025-10-05 07:20:00+00:00,2025-10-05 00:25:00-07:00,2025-10-05 07:25:00+00:00,REAL_TIME_5_MIN,BALCH1_7_N001,Node,56.32576,40.42475,15.90101,0.0,0.0
2025-10-05 00:20:00-07:00,2025-10-05 07:20:00+00:00,2025-10-05 00:25:00-07:00,2025-10-05 07:25:00+00:00,REAL_TIME_5_MIN,BEARTAP_1_N001,Node,34.32355,40.42475,-6.1012,0.0,0.0
2025-10-05 00:20:00-07:00,2025-10-05 07:20:00+00:00,2025-10-05 00:25:00-07:00,2025-10-05 07:25:00+00:00,REAL_TIME_5_MIN,SOUTHBY_6_N001,Node,40.42767,40.42475,0.00292,0.0,0.0
2025-10-05 00:25:00-07:00,2025-10-05 07:25:00+00:00,2025-10-05 00:30:00-07:00,2025-10-05 07:30:00+00:00,REAL_TIME_5_MIN,BALCH1_7_N001,Node,56.31825,40.97,15.34825,0.0,0.0
2025-10-05 00:25:00-07:00,2025-10-05 07:25:00+00:00,2025-10-05 00:30:00-07:00,2025-10-05 07:30:00+00:00,REAL_TIME_5_MIN,BEARTAP_1_N001,Node,35.083,40.97,-5.887,0.0,0.0
2025-10-05 00:25:00-07:00,2025-10-05 07:25:00+00:00,2025-10-05 00:30:00-07:00,2025-10-05 07:30:00+00:00,REAL_TIME_5_MIN,SOUTHBY_6_N001,Node,40.97,40.97,0.0,0.0,0.0
2025-10-05 00:30:00-07:00,2025-10-05 07:30:00+00:00,2025-10-05 00:35:00-07:00,2025-10-05 07:35:00+00:00,REAL_TIME_5_MIN,BALCH1_7_N001,Node,48.26709,42.1536,6.11349,0.0,0.0
2025-10-05 00:30:00-07:00,2025-10-05 07:30:00+00:00,2025-10-05 00:35:00-07:00,2025-10-05 07:35:00+00:00,REAL_TIME_5_MIN,BEARTAP_1_N001,Node,39.80761,42.1536,-2.34599,0.0,0.0
2025-10-05 00:30:00-07:00,2025-10-05 07:30:00+00:00,2025-10-05 00:35:00-07:00,2025-10-05 07:35:00+00:00,REAL_TIME_5_MIN,SOUTHBY_6_N001,Node,42.155,42.1536,0.0014,0.0,0.0
2025-10-05 00:35:00-07:00,2025-10-05 07:35:00+00:00,2025-10-05 00:40:00-07:00,2025-10-05 07:40:00+00:00,REAL_TIME_5_MIN,BALCH1_7_N001,Node,50.01406,40.96865,9.04541,0.0,0.0
2025-10-05 00:35:00-07:00,2025-10-05 07:35:00+00:00,2025-10-05 00:40:00-07:00,2025-10-05 07:40:00+00:00,REAL_TIME_5_MIN,BEARTAP_1_N001,Node,37.49809,40.96865,-3.47056,0.0,0.0
2025-10-05 00:35:00-07:00,2025-10-05 07:35:00+00:00,2025-10-05 00:40:00-07:00,2025-10-05 07:40:00+00:00,REAL_TIME_5_MIN,SOUTHBY_6_N001,Node,40.97005,40.96865,0.0014,0.0,0.0
2025-10-05 00:40:00-07:00,2025-10-05 07:40:00+00:00,2025-10-05 00:45:00-07:00,2025-10-05 07:45:00+00:00,REAL_TIME_5_MIN,BALCH1_7_N001,Node,56.36096,37.88851,18.47245,0.0,0.0
2025-10-05 00:40:00-07:00,2025-10-05 07:40:00+00:00,2025-10-05 00:45:00-07:00,2025-10-05 07:45:00+00:00,REAL_TIME_5_MIN,BEARTAP_1_N001,Node,30.79991,37.88851,-7.08861,0.0,0.0
2025-10-05 00:40:00-07:00,2025-10-05 07:40:00+00:00,2025-10-05 00:45:00-07:00,2025-10-05 07:45:00+00:00,REAL_TIME_5_MIN,SOUTHBY_6_N001,Node,37.89271,37.88851,0.0042,0.0,0.0
2025-10-05 00:45:00-07:00,2025-10-05 07:45:00+00:00,2025-10-05 00:50:00-07:00,2025-10-05 07:50:00+00:00,REAL_TIME_5_MIN,BALCH1_7_N001,Node,56.36259,37.77464,18.58795,0.0,0.0
2025-10-05 00:45:00-07:00,2025-10-05 07:45:00+00:00,2025-10-05 00:50:00-07:00,2025-10-05 07:50:00+00:00,REAL_TIME_5_MIN,BEARTAP_1_N001,Node,30.64368,37.77464,-7.13096,0.0,0.0
2025-10-05 00:45:00-07:00,2025-10-05 07:45:00+00:00,2025-10-05 00:50:00-07:00,2025-10-05 07:50:00+00:00,REAL_TIME_5_MIN,SOUTHBY_6_N001,Node,37.7807,37.77464,0.00606,0.0,0.0
2025-10-05 00:50:00-07:00,2025-10-05 07:50:00+00:00,2025-10-05 00:55:00-07:00,2025-10-05 07:55:00+00:00,REAL_TIME_5_MIN,BALCH1_7_N001,Node,56.37179,37.11219,19.2596,0.0,0.0
2025-10-05 00:50:00-07:00,2025-10-05 07:50:00+00:00,2025-10-05 00:55:00-07:00,2025-10-05 07:55:00+00:00,REAL_TIME_5_MIN,BEARTAP_1_N001,Node,29.72361,37.11219,-7.38858,0.0,0.0
2025-10-05 00:50:00-07:00,2025-10-05 07:50:00+00:00,2025-10-05 00:55:00-07:00,2025-10-05 07:55:00+00:00,REAL_TIME_5_MIN,SOUTHBY_6_N001,Node,37.11825,37.11219,0.00606,0.0,0.0
2025-10-05 00:55:00-07:00,2025-10-05 07:55:00+00:00,2025-10-05 01:00:00-07:00,2025-10-05 08:00:00+00:00,REAL_TIME_5_MIN,BALCH1_7_N001,Node,55.2458,37.75921,17.48659,0.0,0.0
2025-10-05 00:55:00-07:00,2025-10-05 07:55:00+00:00,2025-10-05 01:00:00-07:00,2025-10-05 08:00:00+00:00,REAL_TIME_5_MIN,BEARTAP_1_N001,Node,31.05069,37.75921,-6.70852,0.0,0.0
2025-10-05 00:55:00-07:00,2025-10-05 07:55:00+00:00,2025-10-05 01:00:00-07:00,2025-10-05 08:00:00+00:00,REAL_TIME_5_MIN,SOUTHBY_6_N001,Node,37.76527,37.75921,0.00606,0.0,0.0
2025-10-05 01:00:00-07:00,2025-10-05 08:00:00+00:00,2025-10-05 01:05:00-07:00,2025-10-05 08:05:00+00:00,REAL_TIME_5_MIN,BALCH1_7_N001,Node,56.34154,40.69574,15.6458,0.0,0.0
2025-10-05 01:00:00-07:00,2025-10-05 08:00:00+00:00,2025-10-05 01:05:00-07:00,2025-10-05 08:05:00+00:00,REAL_TIME_5_MIN,BEARTAP_1_N001,Node,34.69461,40.69574,-6.00113,0.0,0.0
2025-10-05 01:00:00-07:00,2025-10-05 08:00:00+00:00,2025-10-05 01:05:00-07:00,2025-10-05 08:05:00+00:00,REAL_TIME_5_MIN,SOUTHBY_6_N001,Node,40.69574,40.69574,0.0,0.0,0.0
2025-10-05 01:05:00-07:00,2025-10-05 08:05:00+00:00,2025-10-05 01:10:00-07:00,2025-10-05 08:10:00+00:00,REAL_TIME_5_MIN,BALCH1_7_N001,Node,55.4973,40.41691,15.08039,0.0,0.0
2025-10-05 01:05:00-07:00,2025-10-05 08:05:00+00:00,2025-10-05 01:10:00-07:00,2025-10-05 08:10:00+00:00,REAL_TIME_5_MIN,BEARTAP_1_N001,Node,34.63265,40.41691,-5.78426,0.0,0.0
2025-10-05 01:05:00-07:00,2025-10-05 08:05:00+00:00,2025-10-05 01:10:00-07:00,2025-10-05 08:10:00+00:00,REAL_TIME_5_MIN,SOUTHBY_6_N001,Node,40.41691,40.41691,0.0,0.0,0.0
2025-10-05 01:10:00-07:00,2025-10-05 08:10:00+00:00,2025-10-05 01:15:00-07:00,2025-10-05 08:15:00+00:00,REAL_TIME_5_MIN,BALCH1_7_N001,Node,56.40851,38.89333,17.51518,0.0,0.0
2025-10-05 01:10:00-07:00,2025-10-05 08:10:00+00:00,2025-10-05 01:15:00-07:00,2025-10-05 08:15:00+00:00,REAL_TIME_5_MIN,BEARTAP_1_N001,Node,32.17518,38.89333,-6.71815,0.0,0.0
2025-10-05 01:10:00-07:00,2025-10-05 08:10:00+00:00,2025-10-05 01:15:00-07:00,2025-10-05 08:15:00+00:00,REAL_TIME_5_MIN,SOUTHBY_6_N001,Node,38.89333,38.89333,0.0,0.0,0.0
2025-10-05 01:15:00-07:00,2025-10-05 08:15:00+00:00,2025-10-05 01:20:00-07:00,2025-10-05 08:20:00+00:00,REAL_TIME_5_MIN,BALCH1_7_N001,Node,56.3347,39.78321,16.5515,0.0,0.0
2025-10-05 01:15:00-07:00,2025-10-05 08:15:00+00:00,2025-10-05 01:20:00-07:00,2025-10-05 08:20:00+00:00,REAL_TIME_5_MIN,BEARTAP_1_N001,Node,33.43359,39.78321,-6.34961,0.0,0.0
2025-10-05 01:15:00-07:00,2025-10-05 08:15:00+00:00,2025-10-05 01:20:00-07:00,2025-10-05 08:20:00+00:00,REAL_TIME_5_MIN,SOUTHBY_6_N001,Node,39.78461,39.78321,0.0014,0.0,0.0
2025-10-05 01:20:00-07:00,2025-10-05 08:20:00+00:00,2025-10-05 01:25:00-07:00,2025-10-05 08:25:00+00:00,REAL_TIME_5_MIN,BALCH1_7_N001,Node,58.80816,38.6888,20.11936,0.0,0.0
2025-10-05 01:20:00-07:00,2025-10-05 08:20:00+00:00,2025-10-05 01:25:00-07:00,2025-10-05 08:25:00+00:00,REAL_TIME_5_MIN,BEARTAP_1_N001,Node,30.97069,38.6888,-7.71811,0.0,0.0
2025-10-05 01:20:00-07:00,2025-10-05 08:20:00+00:00,2025-10-05 01:25:00-07:00,2025-10-05 08:25:00+00:00,REAL_TIME_5_MIN,SOUTHBY_6_N001,Node,38.6902,38.6888,0.0014,0.0,0.0
2025-10-05 01:25:00-07:00,2025-10-05 08:25:00+00:00,2025-10-05 01:30:00-07:00,2025-10-05 08:30:00+00:00,REAL_TIME_5_MIN,BALCH1_7_N001,Node,58.28122,38.88889,19.39233,0.0,0.0
2025-10-05 01:25:00-07:00,2025-10-05 08:25:00+00:00,2025-10-05 01:30:00-07:00,2025-10-05 08:30:00+00:00,REAL_TIME_5_MIN,BEARTAP_1_N001,Node,31.45074,38.88889,-7.43815,0.0,0.0
2025-10-05 01:25:00-07:00,2025-10-05 08:25:00+00:00,2025-10-05 01:30:00-07:00,2025-10-05 08:30:00+00:00,REAL_TIME_5_MIN,SOUTHBY_6_N001,Node,38.88889,38.88889,0.0,0.0,0.0
2025-10-05 01:30:00-07:00,2025-10-05 08:30:00+00:00,2025-10-05 01:35:00-07:00,2025-10-05 08:35:00+00:00,REAL_TIME_5_MIN,BALCH1_7_N001,Node,58.582,38.4264,20.1556,0.0,0.0
2025-10-05 01:30:00-07:00,2025-10-05 08:30:00+00:00,2025-10-05 01:35:00-07:00,2025-10-05 08:35:00+00:00,REAL_TIME_5_MIN,BEARTAP_1_N001,Node,30.69111,38.4264,-7.73529,0.0,0.0
2025-10-05 01:30:00-07:00,2025-10-05 08:30:00+00:00,2025-10-05 01:35:00-07:00,2025-10-05 08:35:00+00:00,REAL_TIME_5_MIN,SOUTHBY_6_N001,Node,38.432,38.4264,0.0056,0.0,0.0
2025-10-05 01:35:00-07:00,2025-10-05 08:35:00+00:00,2025-10-05 01:40:00-07:00,2025-10-05 08:40:00+00:00,REAL_TIME_5_MIN,BALCH1_7_N001,Node,52.28568,38.29843,13.98724,0.0,0.0
2025-10-05 01:35:00-07:00,2025-10-05 08:35:00+00:00,2025-10-05 01:40:00-07:00,2025-10-05 08:40:00+00:00,REAL_TIME_5_MIN,BEARTAP_1_N001,Node,32.92909,38.29843,-5.36935,0.0,0.0
2025-10-05 01:35:00-07:00,2025-10-05 08:35:00+00:00,2025-10-05 01:40:00-07:00,2025-10-05 08:40:00+00:00,REAL_TIME_5_MIN,SOUTHBY_6_N001,Node,38.30403,38.29843,0.0056,0.0,0.0
2025-10-05 01:40:00-07:00,2025-10-05 08:40:00+00:00,2025-10-05 01:45:00-07:00,2025-10-05 08:45:00+00:00,REAL_TIME_5_MIN,BALCH1_7_N001,Node,48.04394,37.95783,10.08611,0.0,0.0
2025-10-05 01:40:00-07:00,2025-10-05 08:40:00+00:00,2025-10-05 01:45:00-07:00,2025-10-05 08:45:00+00:00,REAL_TIME_5_MIN,BEARTAP_1_N001,Node,34.0848,37.95783,-3.87302,0.0,0.0
2025-10-05 01:40:00-07:00,2025-10-05 08:40:00+00:00,2025-10-05 01:45:00-07:00,2025-10-05 08:45:00+00:00,REAL_TIME_5_MIN,SOUTHBY_6_N001,Node,37.96343,37.95783,0.0056,0.0,0.0
2025-10-05 01:45:00-07:00,2025-10-05 08:45:00+00:00,2025-10-05 01:50:00-07:00,2025-10-05 08:50:00+00:00,REAL_TIME_5_MIN,BALCH1_7_N001,Node,47.52276,37.77417,9.74859,0.0,0.0
2025-10-05 01:45:00-07:00,2025-10-05 08:45:00+00:00,2025-10-05 01:50:00-07:00,2025-10-05 08:50:00+00:00,REAL_TIME_5_MIN,BEARTAP_1_N001,Node,34.03061,37.77417,-3.74356,0.0,0.0
2025-10-05 01:45:00-07:00,2025-10-05 08:45:00+00:00,2025-10-05 01:50:00-07:00,2025-10-05 08:50:00+00:00,REAL_TIME_5_MIN,SOUTHBY_6_N001,Node,37.77977,37.77417,0.0056,0.0,0.0
2025-10-05 01:50:00-07:00,2025-10-05 08:50:00+00:00,2025-10-05 01:55:00-07:00,2025-10-05 08:55:00+00:00,REAL_TIME_5_MIN,BALCH1_7_N001,Node,50.54346,37.3324,13.21106,0.0,0.0
2025-10-05 01:50:00-07:00,2025-10-05 08:50:00+00:00,2025-10-05 01:55:00-07:00,2025-10-05 08:55:00+00:00,REAL_TIME_5_MIN,BEARTAP_1_N001,Node,32.26077,37.3324,-5.07163,0.0,0.0
2025-10-05 01:50:00-07:00,2025-10-05 08:50:00+00:00,2025-10-05 01:55:00-07:00,2025-10-05 08:55:00+00:00,REAL_TIME_5_MIN,SOUTHBY_6_N001,Node,37.338,37.3324,0.0056,0.0,0.0
2025-10-05 01:55:00-07:00,2025-10-05 08:55:00+00:00,2025-10-05 02:00:00-07:00,2025-10-05 09:00:00+00:00,REAL_TIME_5_MIN,BALCH1_7_N001,Node,49.43902,37.87335,11.56567,0.0,0.0
2025-10-05 01:55:00-07:00,2025-10-05 08:55:00+00:00,2025-10-05 02:00:00-07:00,2025-10-05 09:00:00+00:00,REAL_TIME_5_MIN,BEARTAP_1_N001,Node,33.43283,37.87335,-4.44053,0.0,0.0
2025-10-05 01:55:00-07:00,2025-10-05 08:55:00+00:00,2025-10-05 02:00:00-07:00,2025-10-05 09:00:00+00:00,REAL_TIME_5_MIN,SOUTHBY_6_N001,Node,37.87895,37.87335,0.0056,0.0,0.0
2025-10-05 02:00:00-07:00,2025-10-05 09:00:00+00:00,2025-10-05 02:05:00-07:00,2025-10-05 09:05:00+00:00,REAL_TIME_5_MIN,BALCH1_7_N001,Node,59.47474,39.77115,19.70359,0.0,0.0
2025-10-05 02:00:00-07:00,2025-10-05 09:00:00+00:00,2025-10-05 02:05:00-07:00,2025-10-05 09:05:00+00:00,REAL_TIME_5_MIN,BEARTAP_1_N001,Node,32.21251,39.77115,-7.55864,0.0,0.0
2025-10-05 02:00:00-07:00,2025-10-05 09:00:00+00:00,2025-10-05 02:05:00-07:00,2025-10-05 09:05:00+00:00,REAL_TIME_5_MIN,SOUTHBY_6_N001,Node,39.77255,39.77115,0.0014,0.0,0.0
2025-10-05 02:05:00-07:00,2025-10-05 09:05:00+00:00,2025-10-05 02:10:00-07:00,2025-10-05 09:10:00+00:00,REAL_TIME_5_MIN,BALCH1_7_N001,Node,59.78709,39.77115,20.01594,0.0,0.0
2025-10-05 02:05:00-07:00,2025-10-05 09:05:00+00:00,2025-10-05 02:10:00-07:00,2025-10-05 09:10:00+00:00,REAL_TIME_5_MIN,BEARTAP_1_N001,Node,32.09271,39.77115,-7.67844,0.0,0.0
2025-10-05 02:05:00-07:00,2025-10-05 09:05:00+00:00,2025-10-05 02:10:00-07:00,2025-10-05 09:10:00+00:00,REAL_TIME_5_MIN,SOUTHBY_6_N001,Node,39.77255,39.77115,0.0014,0.0,0.0
2025-10-05 02:10:00-07:00,2025-10-05 09:10:00+00:00,2025-10-05 02:15:00-07:00,2025-10-05 09:15:00+00:00,REAL_TIME_5_MIN,BALCH1_7_N001,Node,45.13739,39.9057,5.23169,0.0,0.0
2025-10-05 02:10:00-07:00,2025-10-05 09:10:00+00:00,2025-10-05 02:15:00-07:00,2025-10-05 09:15:00+00:00,REAL_TIME_5_MIN,BEARTAP_1_N001,Node,37.89683,39.9057,-2.00887,0.0,0.0
2025-10-05 02:10:00-07:00,2025-10-05 09:10:00+00:00,2025-10-05 02:15:00-07:00,2025-10-05 09:15:00+00:00,REAL_TIME_5_MIN,SOUTHBY_6_N001,Node,39.9085,39.9057,0.0028,0.0,0.0
2025-10-05 02:15:00-07:00,2025-10-05 09:15:00+00:00,2025-10-05 02:20:00-07:00,2025-10-05 09:20:00+00:00,REAL_TIME_5_MIN,BALCH1_7_N001,Node,39.2424,39.2424,0.0,0.0,0.0
2025-10-05 02:15:00-07:00,2025-10-05 09:15:00+00:00,2025-10-05 02:20:00-07:00,2025-10-05 09:20:00+00:00,REAL_TIME_5_MIN,BEARTAP_1_N001,Node,39.2424,39.2424,0.0,0.0,0.0
2025-10-05 02:15:00-07:00,2025-10-05 09:15:00+00:00,2025-10-05 02:20:00-07:00,2025-10-05 09:20:00+00:00,REAL_TIME_5_MIN,SOUTHBY_6_N001,Node,39.2424,39.2424,0.0,0.0,0.0
2025-10-05 02:20:00-07:00,2025-10-05 09:20:00+00:00,2025-10-05 02:25:00-07:00,2025-10-05 09:25:00+00:00,REAL_TIME_5_MIN,BALCH1_7_N001,Node,39.2424,39.2424,0.0,0.0,0.0
2025-10-05 02:20:00-07:00,2025-10-05 09:20:00+00:00,2025-10-05 02:25:00-07:00,2025-10-05 09:25:00+00:00,REAL_TIME_5_MIN,BEARTAP_1_N001,Node,39.2424,39.2424,0.0,0.0,0.0
2025-10-05 02:20:00-07:00,2025-10-05 09:20:00+00:00,2025-10-05 02:25:00-07:00,2025-10-05 09:25:00+00:00,REAL_TIME_5_MIN,SOUTHBY_6_N001,Node,39.2424,39.2424,0.0,0.0,0.0
2025-10-05 02:25:00-07:00,2025-10-05 09:25:00+00:00,2025-10-05 02:30:00-07:00,2025-10-05 09:30:00+00:00,REAL_TIME_5_MIN,BALCH1_7_N001,Node,39.41105,39.41105,0.0,0.0,0.0
2025-10-05 02:25:00-07:00,2025-10-05 09:25:00+00:00,2025-10-05 02:30:00-07:00,2025-10-05 09:30:00+00:00,REAL_TIME_5_MIN,BEARTAP_1_N001,Node,39.41105,39.41105,0.0,0.0,0.0
2025-10-05 02:25:00-07:00,2025-10-05 09:25:00+00:00,2025-10-05 02:30:00-07:00,2025-10-05 09:30:00+00:00,REAL_TIME_5_MIN,SOUTHBY_6_N001,Node,39.41105,39.41105,0.0,0.0,0.0
2025-10-05 02:30:00-07:00,2025-10-05 09:30:00+00:00,2025-10-05 02:35:00-07:00,2025-10-05 09:35:00+00:00,REAL_TIME_5_MIN,BALCH1_7_N001,Node,38.8524,38.8524,0.0,0.0,0.0
2025-10-05 02:30:00-07:00,2025-10-05 09:30:00+00:00,2025-10-05 02:35:00-07:00,2025-10-05 09:35:00+00:00,REAL_TIME_5_MIN,BEARTAP_1_N001,Node,38.8524,38.8524,0.0,0.0,0.0
2025-10-05 02:30:00-07:00,2025-10-05 09:30:00+00:00,2025-10-05 02:35:00-07:00,2025-10-05 09:35:00+00:00,REAL_TIME_5_MIN,SOUTHBY_6_N001,Node,38.8524,38.8524,0.0,0.0,0.0
2025-10-05 02:35:00-07:00,2025-10-05 09:35:00+00:00,2025-10-05 02:40:00-07:00,2025-10-05 09:40:00+00:00,REAL_TIME_5_MIN,BALCH1_7_N001,Node,38.9724,38.9724,0.0,0.0,0.0
2025-10-05 02:35:00-07:00,2025-10-05 09:35:00+00:00,2025-10-05 02:40:00-07:00,2025-10-05 09:40:00+00:00,REAL_TIME_5_MIN,BEARTAP_1_N001,Node,38.9724,38.9724,0.0,0.0,0.0
2025-10-05 02:35:00-07:00,2025-10-05 09:35:00+00:00,2025-10-05 02:40:00-07:00,2025-10-05 09:40:00+00:00,REAL_TIME_5_MIN,SOUTHBY_6_N001,Node,38.9724,38.9724,0.0,0.0,0.0
2025-10-05 02:40:00-07:00,2025-10-05 09:40:00+00:00,2025-10-05 02:45:00-07:00,2025-10-05 09:45:00+00:00,REAL_TIME_5_MIN,BALCH1_7_N001,Node,39.2424,39.2424,0.0,0.0,0.0
2025-10-05 02:40:00-07:00,2025-10-05 09:40:00+00:00,2025-10-05 02:45:00-07:00,2025-10-05 09:45:00+00:00,REAL_TIME_5_MIN,BEARTAP_1_N001,Node,39.2424,39.2424,0.0,0.0,0.0
2025-10-05 02:40:00-07:00,2025-10-05 09:40:00+00:00,2025-10-05 02:45:00-07:00,2025-10-05 09:45:00+00:00,REAL_TIME_5_MIN,SOUTHBY_6_N001,Node,39.2424,39.2424,0.0,0.0,0.0
2025-10-05 02:45:00-07:00,2025-10-05 09:45:00+00:00,2025-10-05 02:50:00-07:00,2025-10-05 09:50:00+00:00,REAL_TIME_5_MIN,BALCH1_7_N001,Node,39.08444,39.08444,0.0,0.0,0.0
2025-10-05 02:45:00-07:00,2025-10-05 09:45:00+00:00,2025-10-05 02:50:00-07:00,2025-10-05 09:50:00+00:00,REAL_TIME_5_MIN,BEARTAP_1_N001,Node,39.08444,39.08444,0.0,0.0,0.0
2025-10-05 02:45:00-07:00,2025-10-05 09:45:00+00:00,2025-10-05 02:50:00-07:00,2025-10-05 09:50:00+00:00,REAL_TIME_5_MIN,SOUTHBY_6_N001,Node,39.08444,39.08444,0.0,0.0,0.0
2025-10-05 02:50:00-07:00,2025-10-05 09:50:00+00:00,2025-10-05 02:55:00-07:00,2025-10-05 09:55:00+00:00,REAL_TIME_5_MIN,BALCH1_7_N001,Node,38.42637,38.42637,0.0,0.0,0.0
2025-10-05 02:50:00-07:00,2025-10-05 09:50:00+00:00,2025-10-05 02:55:00-07:00,2025-10-05 09:55:00+00:00,REAL_TIME_5_MIN,BEARTAP_1_N001,Node,38.42637,38.42637,0.0,0.0,0.0
2025-10-05 02:50:00-07:00,2025-10-05 09:50:00+00:00,2025-10-05 02:55:00-07:00,2025-10-05 09:55:00+00:00,REAL_TIME_5_MIN,SOUTHBY_6_N001,Node,38.42637,38.42637,0.0,0.0,0.0
2025-10-05 02:55:00-07:00,2025-10-05 09:55:00+00:00,2025-10-05 03:00:00-07:00,2025-10-05 10:00:00+00:00,REAL_TIME_5_MIN,BALCH1_7_N001,Node,39.5676,39.5676,0.0,0.0,0.0
2025-10-05 02:55:00-07:00,2025-10-05 09:55:00+00:00,2025-10-05 03:00:00-07:00,2025-10-05 10:00:00+00:00,REAL_TIME_5_MIN,BEARTAP_1_N001,Node,39.5676,39.5676,0.0,0.0,0.0
2025-10-05 02:55:00-07:00,2025-10-05 09:55:00+00:00,2025-10-05 03:00:00-07:00,2025-10-05 10:00:00+00:00,REAL_TIME_5_MIN,SOUTHBY_6_N001,Node,39.5676,39.5676,0.0,0.0,0.0
2025-10-05 03:00:00-07:00,2025-10-05 10:00:00+00:00,2025-10-05 03:05:00-07:00,2025-10-05 10:05:00+00:00,REAL_TIME_5_MIN,BALCH1_7_N001,Node,40.11,40.11,0.0,0.0,0.0
2025-10-05 03:00:00-07:00,2025-10-05 10:00:00+00:00,2025-10-05 03:05:00-07:00,2025-10-05 10:05:00+00:00,REAL_TIME_5_MIN,BEARTAP_1_N001,Node,40.11,40.11,0.0,0.0,0.0
2025-10-05 03:00:00-07:00,2025-10-05 10:00:00+00:00,2025-10-05 03:05:00-07:00,2025-10-05 10:05:00+00:00,REAL_TIME_5_MIN,SOUTHBY_6_N001,Node,40.11,40.11,0.0,0.0,0.0
2025-10-05 03:05:00-07:00,2025-10-05 10:05:00+00:00,2025-10-05 03:10:00-07:00,2025-10-05 10:10:00+00:00,REAL_TIME_5_MIN,BALCH1_7_N001,Node,40.4024,40.4024,0.0,0.0,0.0
2025-10-05 03:05:00-07:00,2025-10-05 10:05:00+00:00,2025-10-05 03:10:00-07:00,2025-10-05 10:10:00+00:00,REAL_TIME_5_MIN,BEARTAP_1_N001,Node,40.4024,40.4024,0.0,0.0,0.0
2025-10-05 03:05:00-07:00,2025-10-05 10:05:00+00:00,2025-10-05 03:10:00-07:00,2025-10-05 10:10:00+00:00,REAL_TIME_5_MIN,SOUTHBY_6_N001,Node,40.4024,40.4024,0.0,0.0,0.0
2025-10-05 03:10:00-07:00,2025-10-05 10:10:00+00:00,2025-10-05 03:15:00-07:00,2025-10-05 10:15:00+00:00,REAL_TIME_5_MIN,BALCH1_7_N001,Node,41.3,41.3,0.0,0.0,0.0
2025-10-05 03:10:00-07:00,2025-10-05 10:10:00+00:00,2025-10-05 03:15:00-07:00,2025-10-05 10:15:00+00:00,REAL_TIME_5_MIN,BEARTAP_1_N001,Node,41.3,41.3,0.0,0.0,0.0
2025-10-05 03:10:00-07:00,2025-10-05 10:10:00+00:00,2025-10-05 03:15:00-07:00,2025-10-05 10:15:00+00:00,REAL_TIME_5_MIN,SOUTHBY_6_N001,Node,41.3,41.3,0.0,0.0,0.0
2025-10-05 03:15:00-07:00,2025-10-05 10:15:00+00:00,2025-10-05 03:20:00-07:00,2025-10-05 10:20:00+00:00,REAL_TIME_5_MIN,BALCH1_7_N001,Node,41.3,41.3,0.0,0.0,0.0
2025-10-05 03:15:00-07:00,2025-10-05 10:15:00+00:00,2025-10-05 03:20:00-07:00,2025-10-05 10:20:00+00:00,REAL_TIME_5_MIN,BEARTAP_1_N001,Node,41.3,41.3,0.0,0.0,0.0
2025-10-05 03:15:00-07:00,2025-10-05 10:15:00+00:00,2025-10-05 03:20:00-07:00,2025-10-05 10:20:00+00:00,REAL_TIME_5_MIN,SOUTHBY_6_N001,Node,41.3,41.3,0.0,0.0,0.0
2025-10-05 03:20:00-07:00,2025-10-05 10:20:00+00:00,2025-10-05 03:25:00-07:00,2025-10-05 10:25:00+00:00,REAL_TIME_5_MIN,BALCH1_7_N001,Node,41.2424,41.2424,0.0,0.0,0.0
2025-10-05 03:20:00-07:00,2025-10-05 10:20:00+00:00,2025-10-05 03:25:00-07:00,2025-10-05 10:25:00+00:00,REAL_TIME_5_MIN,BEARTAP_1_N001,Node,41.2424,41.2424,0.0,0.0,0.0
2025-10-05 03:20:00-07:00,2025-10-05 10:20:00+00:00,2025-10-05 03:25:00-07:00,2025-10-05 10:25:00+00:00,REAL_TIME_5_MIN,SOUTHBY_6_N001,Node,41.2424,41.2424,0.0,0.0,0.0
2025-10-05 03:25:00-07:00,2025-10-05 10:25:00+00:00,2025-10-05 03:30:00-07:00,2025-10-05 10:30:00+00:00,REAL_TIME_5_MIN,BALCH1_7_N001,Node,41.3,41.3,0.0,0.0,0.0
2025-10-05 03:25:00-07:00,2025-10-05 10:25:00+00:00,2025-10-05 03:30:00-07:00,2025-10-05 10:30:00+00:00,REAL_TIME_5_MIN,BEARTAP_1_N001,Node,41.3,41.3,0.0,0.0,0.0
2025-10-05 03:25:00-07:00,2025-10-05 10:25:00+00:00,2025-10-05 03:30:00-07:00,2025-10-05 10:30:00+00:00,REAL_TIME_5_MIN,SOUTHBY_6_N001,Node,41.3,41.3,0.0,0.0,0.0
2025-10-05 03:30:00-07:00,2025-10-05 10:30:00+00:00,2025-10-05 03:35:00-07:00,2025-10-05 10:35:00+00:00,REAL_TIME_5_MIN,BALCH1_7_N001,Node,41.29947,41.29799,0.00148,0.0,0.0
2025-10-05 03:30:00-07:00,2025-10-05 10:30:00+00:00,2025-10-05 03:35:00-07:00,2025-10-05 10:35:00+00:00,REAL_TIME_5_MIN,BEARTAP_1_N001,Node,41.29696,41.29799,-0.00103,0.0,0.0
2025-10-05 03:30:00-07:00,2025-10-05 10:30:00+00:00,2025-10-05 03:35:00-07:00,2025-10-05 10:35:00+00:00,REAL_TIME_5_MIN,SOUTHBY_6_N001,Node,41.29999,41.29799,0.002,0.0,0.0
2025-10-05 03:35:00-07:00,2025-10-05 10:35:00+00:00,2025-10-05 03:40:00-07:00,2025-10-05 10:40:00+00:00,REAL_TIME_5_MIN,BALCH1_7_N001,Node,41.3,41.3,0.0,0.0,0.0
2025-10-05 03:35:00-07:00,2025-10-05 10:35:00+00:00,2025-10-05 03:40:00-07:00,2025-10-05 10:40:00+00:00,REAL_TIME_5_MIN,BEARTAP_1_N001,Node,41.3,41.3,0.0,0.0,0.0
2025-10-05 03:35:00-07:00,2025-10-05 10:35:00+00:00,2025-10-05 03:40:00-07:00,2025-10-05 10:40:00+00:00,REAL_TIME_5_MIN,SOUTHBY_6_N001,Node,41.3,41.3,0.0,0.0,0.0
2025-10-05 03:40:00-07:00,2025-10-05 10:40:00+00:00,2025-10-05 03:45:00-07:00,2025-10-05 10:45:00+00:00,REAL_TIME_5_MIN,BALCH1_7_N001,Node,40.00944,40.005,0.00443,0.0,0.0
2025-10-05 03:40:00-07:00,2025-10-05 10:40:00+00:00,2025-10-05 03:45:00-07:00,2025-10-05 10:45:00+00:00,REAL_TIME_5_MIN,BEARTAP_1_N001,Node,40.00191,40.005,-0.0031,0.0,0.0
2025-10-05 03:40:00-07:00,2025-10-05 10:40:00+00:00,2025-10-05 03:45:00-07:00,2025-10-05 10:45:00+00:00,REAL_TIME_5_MIN,SOUTHBY_6_N001,Node,40.01102,40.005,0.00601,0.0,0.0
2025-10-05 03:45:00-07:00,2025-10-05 10:45:00+00:00,2025-10-05 03:50:00-07:00,2025-10-05 10:50:00+00:00,REAL_TIME_5_MIN,BALCH1_7_N001,Node,44.87415,40.24208,4.63207,0.0,0.0
2025-10-05 03:45:00-07:00,2025-10-05 10:45:00+00:00,2025-10-05 03:50:00-07:00,2025-10-05 10:50:00+00:00,REAL_TIME_5_MIN,BEARTAP_1_N001,Node,37.60768,40.24208,-2.6344,0.0,0.0
2025-10-05 03:45:00-07:00,2025-10-05 10:45:00+00:00,2025-10-05 03:50:00-07:00,2025-10-05 10:50:00+00:00,REAL_TIME_5_MIN,SOUTHBY_6_N001,Node,41.33918,40.24208,1.0971,0.0,0.0
2025-10-05 03:50:00-07:00,2025-10-05 10:50:00+00:00,2025-10-05 03:55:00-07:00,2025-10-05 10:55:00+00:00,REAL_TIME_5_MIN,BALCH1_7_N001,Node,44.66513,40.03922,4.6259,0.0,0.0
2025-10-05 03:50:00-07:00,2025-10-05 10:50:00+00:00,2025-10-05 03:55:00-07:00,2025-10-05 10:55:00+00:00,REAL_TIME_5_MIN,BEARTAP_1_N001,Node,37.24272,40.03922,-2.7965,0.0,0.0
2025-10-05 03:50:00-07:00,2025-10-05 10:50:00+00:00,2025-10-05 03:55:00-07:00,2025-10-05 10:55:00+00:00,REAL_TIME_5_MIN,SOUTHBY_6_N001,Node,41.3467,40.03922,1.30747,0.0,0.0
2025-10-05 03:55:00-07:00,2025-10-05 10:55:00+00:00,2025-10-05 04:00:00-07:00,2025-10-05 11:00:00+00:00,REAL_TIME_5_MIN,BALCH1_7_N001,Node,45.2409,40.598,4.6429,0.0,0.0
2025-10-05 03:55:00-07:00,2025-10-05 10:55:00+00:00,2025-10-05 04:00:00-07:00,2025-10-05 11:00:00+00:00,REAL_TIME_5_MIN,BEARTAP_1_N001,Node,38.24801,40.598,-2.34999,0.0,0.0
2025-10-05 03:55:00-07:00,2025-10-05 10:55:00+00:00,2025-10-05 04:00:00-07:00,2025-10-05 11:00:00+00:00,REAL_TIME_5_MIN,SOUTHBY_6_N001,Node,41.326,40.598,0.728,0.0,0.0
2025-10-05 04:00:00-07:00,2025-10-05 11:00:00+00:00,2025-10-05 04:05:00-07:00,2025-10-05 11:05:00+00:00,REAL_TIME_5_MIN,BALCH1_7_N001,Node,40.54438,38.90763,1.63675,0.0,0.0
2025-10-05 04:00:00-07:00,2025-10-05 11:00:00+00:00,2025-10-05 04:05:00-07:00,2025-10-05 11:05:00+00:00,REAL_TIME_5_MIN,BEARTAP_1_N001,Node,37.42676,38.90763,-1.48087,0.0,0.0
2025-10-05 04:00:00-07:00,2025-10-05 11:00:00+00:00,2025-10-05 04:05:00-07:00,2025-10-05 11:05:00+00:00,REAL_TIME_5_MIN,SOUTHBY_6_N001,Node,39.9988,38.90763,1.09117,0.0,0.0
2025-10-05 04:05:00-07:00,2025-10-05 11:05:00+00:00,2025-10-05 04:10:00-07:00,2025-10-05 11:10:00+00:00,REAL_TIME_5_MIN,BALCH1_7_N001,Node,40.99229,39.4724,1.51989,0.0,0.0
2025-10-05 04:05:00-07:00,2025-10-05 11:05:00+00:00,2025-10-05 04:10:00-07:00,2025-10-05 11:10:00+00:00,REAL_TIME_5_MIN,BEARTAP_1_N001,Node,38.09726,39.4724,-1.37514,0.0,0.0
2025-10-05 04:05:00-07:00,2025-10-05 11:05:00+00:00,2025-10-05 04:10:00-07:00,2025-10-05 11:10:00+00:00,REAL_TIME_5_MIN,SOUTHBY_6_N001,Node,40.48566,39.4724,1.01326,0.0,0.0
2025-10-05 04:10:00-07:00,2025-10-05 11:10:00+00:00,2025-10-05 04:15:00-07:00,2025-10-05 11:15:00+00:00,REAL_TIME_5_MIN,BALCH1_7_N001,Node,40.16561,39.66518,0.50043,0.0,0.0
2025-10-05 04:10:00-07:00,2025-10-05 11:10:00+00:00,2025-10-05 04:15:00-07:00,2025-10-05 11:15:00+00:00,REAL_TIME_5_MIN,BEARTAP_1_N001,Node,39.21242,39.66518,-0.45277,0.0,0.0
2025-10-05 04:10:00-07:00,2025-10-05 11:10:00+00:00,2025-10-05 04:15:00-07:00,2025-10-05 11:15:00+00:00,REAL_TIME_5_MIN,SOUTHBY_6_N001,Node,39.9988,39.66518,0.33362,0.0,0.0
2025-10-05 04:15:00-07:00,2025-10-05 11:15:00+00:00,2025-10-05 04:20:00-07:00,2025-10-05 11:20:00+00:00,REAL_TIME_5_MIN,BALCH1_7_N001,Node,45.86577,39.66088,4.81279,1.3921,0.0
2025-10-05 04:15:00-07:00,2025-10-05 11:15:00+00:00,2025-10-05 04:20:00-07:00,2025-10-05 11:20:00+00:00,REAL_TIME_5_MIN,BEARTAP_1_N001,Node,37.55525,39.66088,-1.87164,-0.234,0.0
2025-10-05 04:15:00-07:00,2025-10-05 11:15:00+00:00,2025-10-05 04:20:00-07:00,2025-10-05 11:20:00+00:00,REAL_TIME_5_MIN,SOUTHBY_6_N001,Node,40.99746,39.66088,0.0,1.33657,0.0
2025-10-05 04:20:00-07:00,2025-10-05 11:20:00+00:00,2025-10-05 04:25:00-07:00,2025-10-05 11:25:00+00:00,REAL_TIME_5_MIN,BALCH1_7_N001,Node,72.39831,39.66088,31.34533,1.3921,0.0
2025-10-05 04:20:00-07:00,2025-10-05 11:20:00+00:00,2025-10-05 04:25:00-07:00,2025-10-05 11:25:00+00:00,REAL_TIME_5_MIN,BEARTAP_1_N001,Node,27.23704,39.66088,-12.18985,-0.234,0.0
2025-10-05 04:20:00-07:00,2025-10-05 11:20:00+00:00,2025-10-05 04:25:00-07:00,2025-10-05 11:25:00+00:00,REAL_TIME_5_MIN,SOUTHBY_6_N001,Node,40.99746,39.66088,0.0,1.33657,0.0
2025-10-05 04:25:00-07:00,2025-10-05 11:25:00+00:00,2025-10-05 04:30:00-07:00,2025-10-05 11:30:00+00:00,REAL_TIME_5_MIN,BALCH1_7_N001,Node,132.8978,40.71989,90.74863,1.42927,0.0
2025-10-05 04:25:00-07:00,2025-10-05 11:25:00+00:00,2025-10-05 04:30:00-07:00,2025-10-05 11:30:00+00:00,REAL_TIME_5_MIN,BEARTAP_1_N001,Node,5.18851,40.71989,-35.29113,-0.24025,0.0
2025-10-05 04:25:00-07:00,2025-10-05 11:25:00+00:00,2025-10-05 04:30:00-07:00,2025-10-05 11:30:00+00:00,REAL_TIME_5_MIN,SOUTHBY_6_N001,Node,42.09215,40.71989,0.0,1.37226,0.0
2025-10-05 04:30:00-07:00,2025-10-05 11:30:00+00:00,2025-10-05 04:35:00-07:00,2025-10-05 11:35:00+00:00,REAL_TIME_5_MIN,BALCH1_7_N001,Node,145.58646,41.68749,102.5733,1.32566,0.0
2025-10-05 04:30:00-07:00,2025-10-05 11:30:00+00:00,2025-10-05 04:35:00-07:00,2025-10-05 11:35:00+00:00,REAL_TIME_5_MIN,BEARTAP_1_N001,Node,1.49772,41.68749,-39.88962,-0.30015,0.0
2025-10-05 04:30:00-07:00,2025-10-05 11:30:00+00:00,2025-10-05 04:35:00-07:00,2025-10-05 11:35:00+00:00,REAL_TIME_5_MIN,SOUTHBY_6_N001,Node,43.05901,41.68749,0.0,1.37152,0.0
2025-10-05 04:35:00-07:00,2025-10-05 11:35:00+00:00,2025-10-05 04:40:00-07:00,2025-10-05 11:40:00+00:00,REAL_TIME_5_MIN,BALCH1_7_N001,Node,147.5471,41.64067,104.58226,1.32417,0.0
2025-10-05 04:35:00-07:00,2025-10-05 11:35:00+00:00,2025-10-05 04:40:00-07:00,2025-10-05 11:40:00+00:00,REAL_TIME_5_MIN,BEARTAP_1_N001,Node,0.66998,41.64067,-40.67088,-0.29981,0.0
2025-10-05 04:35:00-07:00,2025-10-05 11:35:00+00:00,2025-10-05 04:40:00-07:00,2025-10-05 11:40:00+00:00,REAL_TIME_5_MIN,SOUTHBY_6_N001,Node,43.01064,41.64067,0.0,1.36998,0.0
2025-10-05 04:40:00-07:00,2025-10-05 11:40:00+00:00,2025-10-05 04:45:00-07:00,2025-10-05 11:45:00+00:00,REAL_TIME_5_MIN,BALCH1_7_N001,Node,43.26252,41.92775,0.00146,1.3333,0.0
2025-10-05 04:40:00-07:00,2025-10-05 11:40:00+00:00,2025-10-05 04:45:00-07:00,2025-10-05 11:45:00+00:00,REAL_TIME_5_MIN,BEARTAP_1_N001,Node,41.62485,41.92775,-0.00103,-0.30188,0.0
2025-10-05 04:40:00-07:00,2025-10-05 11:40:00+00:00,2025-10-05 04:45:00-07:00,2025-10-05 11:45:00+00:00,REAL_TIME_5_MIN,SOUTHBY_6_N001,Node,43.30916,41.92775,0.00199,1.37942,0.0
2025-10-05 04:45:00-07:00,2025-10-05 11:45:00+00:00,2025-10-05 04:50:00-07:00,2025-10-05 11:50:00+00:00,REAL_TIME_5_MIN,BALCH1_7_N001,Node,43.62805,41.75712,0.00439,1.86654,0.0
2025-10-05 04:45:00-07:00,2025-10-05 11:45:00+00:00,2025-10-05 04:50:00-07:00,2025-10-05 11:50:00+00:00,REAL_TIME_5_MIN,BEARTAP_1_N001,Node,41.45337,41.75712,-0.0031,-0.30065,0.0
2025-10-05 04:45:00-07:00,2025-10-05 11:45:00+00:00,2025-10-05 04:50:00-07:00,2025-10-05 11:50:00+00:00,REAL_TIME_5_MIN,SOUTHBY_6_N001,Node,43.09097,41.75712,0.00597,1.32788,0.0
2025-10-05 04:50:00-07:00,2025-10-05 11:50:00+00:00,2025-10-05 04:55:00-07:00,2025-10-05 11:55:00+00:00,REAL_TIME_5_MIN,BALCH1_7_N001,Node,43.34287,41.48414,0.00439,1.85434,0.0
2025-10-05 04:50:00-07:00,2025-10-05 11:50:00+00:00,2025-10-05 04:55:00-07:00,2025-10-05 11:55:00+00:00,REAL_TIME_5_MIN,BEARTAP_1_N001,Node,41.18235,41.48414,-0.0031,-0.29869,0.0
2025-10-05 04:50:00-07:00,2025-10-05 11:50:00+00:00,2025-10-05 04:55:00-07:00,2025-10-05 11:55:00+00:00,REAL_TIME_5_MIN,SOUTHBY_6_N001,Node,42.8093,41.48414,0.00597,1.3192,0.0
2025-10-05 04:55:00-07:00,2025-10-05 11:55:00+00:00,2025-10-05 05:00:00-07:00,2025-10-05 12:00:00+00:00,REAL_TIME_5_MIN,BALCH1_7_N001,Node,43.29062,41.43552,0.00293,1.85217,0.0
2025-10-05 04:55:00-07:00,2025-10-05 11:55:00+00:00,2025-10-05 05:00:00-07:00,2025-10-05 12:00:00+00:00,REAL_TIME_5_MIN,BEARTAP_1_N001,Node,41.13512,41.43552,-0.00206,-0.29834,0.0
2025-10-05 04:55:00-07:00,2025-10-05 11:55:00+00:00,2025-10-05 05:00:00-07:00,2025-10-05 12:00:00+00:00,REAL_TIME_5_MIN,SOUTHBY_6_N001,Node,42.75715,41.43552,0.00398,1.31765,0.0
2025-10-05 05:00:00-07:00,2025-10-05 12:00:00+00:00,2025-10-05 05:05:00-07:00,2025-10-05 12:05:00+00:00,REAL_TIME_5_MIN,BALCH1_7_N001,Node,42.90969,40.79504,0.00146,2.11318,0.0
2025-10-05 05:00:00-07:00,2025-10-05 12:00:00+00:00,2025-10-05 05:05:00-07:00,2025-10-05 12:05:00+00:00,REAL_TIME_5_MIN,BEARTAP_1_N001,Node,40.58595,40.79504,-0.00103,-0.20805,0.0
2025-10-05 05:00:00-07:00,2025-10-05 12:00:00+00:00,2025-10-05 05:05:00-07:00,2025-10-05 12:05:00+00:00,REAL_TIME_5_MIN,SOUTHBY_6_N001,Node,42.25749,40.79504,0.00199,1.46046,0.0
2025-10-05 05:05:00-07:00,2025-10-05 12:05:00+00:00,2025-10-05 05:10:00-07:00,2025-10-05 12:10:00+00:00,REAL_TIME_5_MIN,BALCH1_7_N001,Node,42.84755,40.73457,0.00293,2.11005,0.0
2025-10-05 05:05:00-07:00,2025-10-05 12:05:00+00:00,2025-10-05 05:10:00-07:00,2025-10-05 12:10:00+00:00,REAL_TIME_5_MIN,BEARTAP_1_N001,Node,40.52476,40.73457,-0.00206,-0.20775,0.0
2025-10-05 05:05:00-07:00,2025-10-05 12:05:00+00:00,2025-10-05 05:10:00-07:00,2025-10-05 12:10:00+00:00,REAL_TIME_5_MIN,SOUTHBY_6_N001,Node,42.19685,40.73457,0.00398,1.4583,0.0
2025-10-05 05:10:00-07:00,2025-10-05 12:10:00+00:00,2025-10-05 05:15:00-07:00,2025-10-05 12:15:00+00:00,REAL_TIME_5_MIN,BALCH1_7_N001,Node,42.45667,40.36572,0.0,2.09094,0.0
2025-10-05 05:10:00-07:00,2025-10-05 12:10:00+00:00,2025-10-05 05:15:00-07:00,2025-10-05 12:15:00+00:00,REAL_TIME_5_MIN,BEARTAP_1_N001,Node,40.15986,40.36572,0.0,-0.20587,0.0
2025-10-05 05:10:00-07:00,2025-10-05 12:10:00+00:00,2025-10-05 05:15:00-07:00,2025-10-05 12:15:00+00:00,REAL_TIME_5_MIN,SOUTHBY_6_N001,Node,41.81082,40.36572,0.0,1.44509,0.0
2025-10-05 05:15:00-07:00,2025-10-05 12:15:00+00:00,2025-10-05 05:20:00-07:00,2025-10-05 12:20:00+00:00,REAL_TIME_5_MIN,BALCH1_7_N001,Node,42.59906,40.59482,0.00291,2.00132,0.0
2025-10-05 05:15:00-07:00,2025-10-05 12:15:00+00:00,2025-10-05 05:20:00-07:00,2025-10-05 12:20:00+00:00,REAL_TIME_5_MIN,BEARTAP_1_N001,Node,40.31265,40.59482,-0.00207,-0.2801,0.0
2025-10-05 05:15:00-07:00,2025-10-05 12:15:00+00:00,2025-10-05 05:20:00-07:00,2025-10-05 12:20:00+00:00,REAL_TIME_5_MIN,SOUTHBY_6_N001,Node,41.9993,40.59482,0.00396,1.40052,0.0
2025-10-05 05:20:00-07:00,2025-10-05 12:20:00+00:00,2025-10-05 05:25:00-07:00,2025-10-05 12:25:00+00:00,REAL_TIME_5_MIN,BALCH1_7_N001,Node,42.59847,40.59288,0.00436,2.00123,0.0
2025-10-05 05:20:00-07:00,2025-10-05 12:20:00+00:00,2025-10-05 05:25:00-07:00,2025-10-05 12:25:00+00:00,REAL_TIME_5_MIN,BEARTAP_1_N001,Node,40.30969,40.59288,-0.0031,-0.28009,0.0
2025-10-05 05:20:00-07:00,2025-10-05 12:20:00+00:00,2025-10-05 05:25:00-07:00,2025-10-05 12:25:00+00:00,REAL_TIME_5_MIN,SOUTHBY_6_N001,Node,41.99927,40.59288,0.00593,1.40045,0.0
2025-10-05 05:25:00-07:00,2025-10-05 12:25:00+00:00,2025-10-05 05:30:00-07:00,2025-10-05 12:30:00+00:00,REAL_TIME_5_MIN,BALCH1_7_N001,Node,42.46596,40.1518,0.33467,1.97948,0.0
2025-10-05 05:25:00-07:00,2025-10-05 12:25:00+00:00,2025-10-05 05:30:00-07:00,2025-10-05 12:30:00+00:00,REAL_TIME_5_MIN,BEARTAP_1_N001,Node,39.63714,40.1518,-0.23762,-0.27705,0.0
2025-10-05 05:25:00-07:00,2025-10-05 12:25:00+00:00,2025-10-05 05:30:00-07:00,2025-10-05 12:30:00+00:00,REAL_TIME_5_MIN,SOUTHBY_6_N001,Node,41.99219,40.1518,0.45515,1.38524,0.0
2025-10-05 05:30:00-07:00,2025-10-05 12:30:00+00:00,2025-10-05 05:35:00-07:00,2025-10-05 12:35:00+00:00,REAL_TIME_5_MIN,BALCH1_7_N001,Node,43.47288,40.8941,0.66085,1.91793,0.0
2025-10-05 05:30:00-07:00,2025-10-05 12:30:00+00:00,2025-10-05 05:35:00-07:00,2025-10-05 12:35:00+00:00,REAL_TIME_5_MIN,BEARTAP_1_N001,Node,40.08389,40.8941,-0.47488,-0.33533,0.0
2025-10-05 05:30:00-07:00,2025-10-05 12:30:00+00:00,2025-10-05 05:35:00-07:00,2025-10-05 12:35:00+00:00,REAL_TIME_5_MIN,SOUTHBY_6_N001,Node,43.23761,40.8941,0.89995,1.44356,0.0
2025-10-05 05:35:00-07:00,2025-10-05 12:35:00+00:00,2025-10-05 05:40:00-07:00,2025-10-05 12:40:00+00:00,REAL_TIME_5_MIN,BALCH1_7_N001,Node,44.42317,41.41495,1.06586,1.94236,0.0
2025-10-05 05:35:00-07:00,2025-10-05 12:35:00+00:00,2025-10-05 05:40:00-07:00,2025-10-05 12:40:00+00:00,REAL_TIME_5_MIN,BEARTAP_1_N001,Node,40.30943,41.41495,-0.76592,-0.3396,0.0
2025-10-05 05:35:00-07:00,2025-10-05 12:35:00+00:00,2025-10-05 05:40:00-07:00,2025-10-05 12:40:00+00:00,REAL_TIME_5_MIN,SOUTHBY_6_N001,Node,44.32839,41.41495,1.4515,1.46195,0.0
2025-10-05 05:40:00-07:00,2025-10-05 12:40:00+00:00,2025-10-05 05:45:00-07:00,2025-10-05 12:45:00+00:00,REAL_TIME_5_MIN,BALCH1_7_N001,Node,44.76712,42.60266,0.1664,1.99806,0.0
2025-10-05 05:40:00-07:00,2025-10-05 12:40:00+00:00,2025-10-05 05:45:00-07:00,2025-10-05 12:45:00+00:00,REAL_TIME_5_MIN,BEARTAP_1_N001,Node,42.13374,42.60266,-0.11958,-0.34934,0.0
2025-10-05 05:40:00-07:00,2025-10-05 12:40:00+00:00,2025-10-05 05:45:00-07:00,2025-10-05 12:45:00+00:00,REAL_TIME_5_MIN,SOUTHBY_6_N001,Node,44.33314,42.60266,0.22661,1.50387,0.0
2025-10-05 05:45:00-07:00,2025-10-05 12:45:00+00:00,2025-10-05 05:50:00-07:00,2025-10-05 12:50:00+00:00,REAL_TIME_5_MIN,BALCH1_7_N001,Node,44.88888,42.93666,0.00289,1.94932,0.0
2025-10-05 05:45:00-07:00,2025-10-05 12:45:00+00:00,2025-10-05 05:50:00-07:00,2025-10-05 12:50:00+00:00,REAL_TIME_5_MIN,BEARTAP_1_N001,Node,42.62115,42.93666,-0.00208,-0.31344,0.0
2025-10-05 05:45:00-07:00,2025-10-05 12:45:00+00:00,2025-10-05 05:50:00-07:00,2025-10-05 12:50:00+00:00,REAL_TIME_5_MIN,SOUTHBY_6_N001,Node,44.32317,42.93666,0.00394,1.38256,0.0
2025-10-05 05:50:00-07:00,2025-10-05 12:50:00+00:00,2025-10-05 05:55:00-07:00,2025-10-05 12:55:00+00:00,REAL_TIME_5_MIN,BALCH1_7_N001,Node,45.83291,43.84246,0.0,1.99045,0.0
2025-10-05 05:50:00-07:00,2025-10-05 12:50:00+00:00,2025-10-05 05:55:00-07:00,2025-10-05 12:55:00+00:00,REAL_TIME_5_MIN,BEARTAP_1_N001,Node,43.52241,43.84246,0.0,-0.32005,0.0
2025-10-05 05:50:00-07:00,2025-10-05 12:50:00+00:00,2025-10-05 05:55:00-07:00,2025-10-05 12:55:00+00:00,REAL_TIME_5_MIN,SOUTHBY_6_N001,Node,45.25419,43.84246,0.0,1.41173,0.0
2025-10-05 05:55:00-07:00,2025-10-05 12:55:00+00:00,2025-10-05 06:00:00-07:00,2025-10-05 13:00:00+00:00,REAL_TIME_5_MIN,BALCH1_7_N001,Node,46.40423,44.38897,0.0,2.01526,0.0
2025-10-05 05:55:00-07:00,2025-10-05 12:55:00+00:00,2025-10-05 06:00:00-07:00,2025-10-05 13:00:00+00:00,REAL_TIME_5_MIN,BEARTAP_1_N001,Node,44.06493,44.38897,0.0,-0.32404,0.0
2025-10-05 05:55:00-07:00,2025-10-05 12:55:00+00:00,2025-10-05 06:00:00-07:00,2025-10-05 13:00:00+00:00,REAL_TIME_5_MIN,SOUTHBY_6_N001,Node,45.81829,44.38897,0.0,1.42932,0.0
2025-10-05 06:00:00-07:00,2025-10-05 13:00:00+00:00,2025-10-05 06:05:00-07:00,2025-10-05 13:05:00+00:00,REAL_TIME_5_MIN,BALCH1_7_N001,Node,44.38378,42.79605,0.0,1.58773,0.0
2025-10-05 06:00:00-07:00,2025-10-05 13:00:00+00:00,2025-10-05 06:05:00-07:00,2025-10-05 13:05:00+00:00,REAL_TIME_5_MIN,BEARTAP_1_N001,Node,42.50076,42.79605,0.0,-0.29529,0.0
2025-10-05 06:00:00-07:00,2025-10-05 13:00:00+00:00,2025-10-05 06:05:00-07:00,2025-10-05 13:05:00+00:00,REAL_TIME_5_MIN,SOUTHBY_6_N001,Node,44.31959,42.79605,0.0,1.52354,0.0
2025-10-05 06:05:00-07:00,2025-10-05 13:05:00+00:00,2025-10-05 06:10:00-07:00,2025-10-05 13:10:00+00:00,REAL_TIME_5_MIN,BALCH1_7_N001,Node,44.21274,42.63113,0.0,1.58161,0.0
2025-10-05 06:05:00-07:00,2025-10-05 13:05:00+00:00,2025-10-05 06:10:00-07:00,2025-10-05 13:10:00+00:00,REAL_TIME_5_MIN,BEARTAP_1_N001,Node,42.33697,42.63113,0.0,-0.29415,0.0
2025-10-05 06:05:00-07:00,2025-10-05 13:05:00+00:00,2025-10-05 06:10:00-07:00,2025-10-05 13:10:00+00:00,REAL_TIME_5_MIN,SOUTHBY_6_N001,Node,44.14879,42.63113,0.0,1.51767,0.0
2025-10-05 06:10:00-07:00,2025-10-05 13:10:00+00:00,2025-10-05 06:15:00-07:00,2025-10-05 13:15:00+00:00,REAL_TIME_5_MIN,BALCH1_7_N001,Node,44.1823,42.60177,0.0,1.58053,0.0
2025-10-05 06:10:00-07:00,2025-10-05 13:10:00+00:00,2025-10-05 06:15:00-07:00,2025-10-05 13:15:00+00:00,REAL_TIME_5_MIN,BEARTAP_1_N001,Node,42.30782,42.60177,0.0,-0.29395,0.0
2025-10-05 06:10:00-07:00,2025-10-05 13:10:00+00:00,2025-10-05 06:15:00-07:00,2025-10-05 13:15:00+00:00,REAL_TIME_5_MIN,SOUTHBY_6_N001,Node,44.11839,42.60177,0.0,1.51662,0.0
2025-10-05 06:15:00-07:00,2025-10-05 13:15:00+00:00,2025-10-05 06:20:00-07:00,2025-10-05 13:20:00+00:00,REAL_TIME_5_MIN,BALCH1_7_N001,Node,44.34769,42.7036,0.0,1.64409,0.0
2025-10-05 06:15:00-07:00,2025-10-05 13:15:00+00:00,2025-10-05 06:20:00-07:00,2025-10-05 13:20:00+00:00,REAL_TIME_5_MIN,BEARTAP_1_N001,Node,42.4004,42.7036,0.0,-0.3032,0.0
2025-10-05 06:15:00-07:00,2025-10-05 13:15:00+00:00,2025-10-05 06:20:00-07:00,2025-10-05 13:20:00+00:00,REAL_TIME_5_MIN,SOUTHBY_6_N001,Node,44.33915,42.7036,0.0,1.63555,0.0
2025-10-05 06:20:00-07:00,2025-10-05 13:20:00+00:00,2025-10-05 06:25:00-07:00,2025-10-05 13:25:00+00:00,REAL_TIME_5_MIN,BALCH1_7_N001,Node,45.65093,43.95853,0.0,1.6924,0.0
2025-10-05 06:20:00-07:00,2025-10-05 13:20:00+00:00,2025-10-05 06:25:00-07:00,2025-10-05 13:25:00+00:00,REAL_TIME_5_MIN,BEARTAP_1_N001,Node,43.64643,43.95853,0.0,-0.31211,0.0
2025-10-05 06:20:00-07:00,2025-10-05 13:20:00+00:00,2025-10-05 06:25:00-07:00,2025-10-05 13:25:00+00:00,REAL_TIME_5_MIN,SOUTHBY_6_N001,Node,45.64214,43.95853,0.0,1.68361,0.0
2025-10-05 06:25:00-07:00,2025-10-05 13:25:00+00:00,2025-10-05 06:30:00-07:00,2025-10-05 13:30:00+00:00,REAL_TIME_5_MIN,BALCH1_7_N001,Node,45.69902,44.00484,0.0,1.69419,0.0
2025-10-05 06:25:00-07:00,2025-10-05 13:25:00+00:00,2025-10-05 06:30:00-07:00,2025-10-05 13:30:00+00:00,REAL_TIME_5_MIN,BEARTAP_1_N001,Node,43.6924,44.00484,0.0,-0.31243,0.0
2025-10-05 06:25:00-07:00,2025-10-05 13:25:00+00:00,2025-10-05 06:30:00-07:00,2025-10-05 13:30:00+00:00,REAL_TIME_5_MIN,SOUTHBY_6_N001,Node,45.69022,44.00484,0.0,1.68539,0.0
2025-10-05 06:30:00-07:00,2025-10-05 13:30:00+00:00,2025-10-05 06:35:00-07:00,2025-10-05 13:35:00+00:00,REAL_TIME_5_MIN,BALCH1_7_N001,Node,46.35345,44.89003,0.0,1.46342,0.0
2025-10-05 06:30:00-07:00,2025-10-05 13:30:00+00:00,2025-10-05 06:35:00-07:00,2025-10-05 13:35:00+00:00,REAL_TIME_5_MIN,BEARTAP_1_N001,Node,44.46807,44.89003,0.0,-0.42197,0.0
2025-10-05 06:30:00-07:00,2025-10-05 13:30:00+00:00,2025-10-05 06:35:00-07:00,2025-10-05 13:35:00+00:00,REAL_TIME_5_MIN,SOUTHBY_6_N001,Node,46.6587,44.89003,0.0,1.76867,0.0
2025-10-05 06:35:00-07:00,2025-10-05 13:35:00+00:00,2025-10-05 06:40:00-07:00,2025-10-05 13:40:00+00:00,REAL_TIME_5_MIN,BALCH1_7_N001,Node,46.58481,45.11409,0.0,1.47072,0.0
2025-10-05 06:35:00-07:00,2025-10-05 13:35:00+00:00,2025-10-05 06:40:00-07:00,2025-10-05 13:40:00+00:00,REAL_TIME_5_MIN,BEARTAP_1_N001,Node,44.69002,45.11409,0.0,-0.42407,0.0
2025-10-05 06:35:00-07:00,2025-10-05 13:35:00+00:00,2025-10-05 06:40:00-07:00,2025-10-05 13:40:00+00:00,REAL_TIME_5_MIN,SOUTHBY_6_N001,Node,46.89159,45.11409,0.0,1.7775,0.0
2025-10-05 06:40:00-07:00,2025-10-05 13:40:00+00:00,2025-10-05 06:45:00-07:00,2025-10-05 13:45:00+00:00,REAL_TIME_5_MIN,BALCH1_7_N001,Node,46.43068,44.96483,0.0,1.46585,0.0
2025-10-05 06:40:00-07:00,2025-10-05 13:40:00+00:00,2025-10-05 06:45:00-07:00,2025-10-05 13:45:00+00:00,REAL_TIME_5_MIN,BEARTAP_1_N001,Node,44.54216,44.96483,0.0,-0.42267,0.0
2025-10-05 06:40:00-07:00,2025-10-05 13:40:00+00:00,2025-10-05 06:45:00-07:00,2025-10-05 13:45:00+00:00,REAL_TIME_5_MIN,SOUTHBY_6_N001,Node,46.73644,44.96483,0.0,1.77161,0.0
2025-10-05 06:45:00-07:00,2025-10-05 13:45:00+00:00,2025-10-05 06:50:00-07:00,2025-10-05 13:50:00+00:00,REAL_TIME_5_MIN,BALCH1_7_N001,Node,46.4918,45.04307,0.00285,1.44588,0.0
2025-10-05 06:45:00-07:00,2025-10-05 13:45:00+00:00,2025-10-05 06:50:00-07:00,2025-10-05 13:50:00+00:00,REAL_TIME_5_MIN,BEARTAP_1_N001,Node,44.64905,45.04307,-0.00214,-0.39187,0.0
2025-10-05 06:45:00-07:00,2025-10-05 13:45:00+00:00,2025-10-05 06:50:00-07:00,2025-10-05 13:50:00+00:00,REAL_TIME_5_MIN,SOUTHBY_6_N001,Node,46.68204,45.04307,0.00391,1.63506,0.0
2025-10-05 06:50:00-07:00,2025-10-05 13:50:00+00:00,2025-10-05 06:55:00-07:00,2025-10-05 13:55:00+00:00,REAL_TIME_5_MIN,BALCH1_7_N001,Node,46.49144,45.04133,0.00428,1.44583,0.0
2025-10-05 06:50:00-07:00,2025-10-05 13:50:00+00:00,2025-10-05 06:55:00-07:00,2025-10-05 13:55:00+00:00,REAL_TIME_5_MIN,BEARTAP_1_N001,Node,44.64627,45.04133,-0.0032,-0.39186,0.0
2025-10-05 06:50:00-07:00,2025-10-05 13:50:00+00:00,2025-10-05 06:55:00-07:00,2025-10-05 13:55:00+00:00,REAL_TIME_5_MIN,SOUTHBY_6_N001,Node,46.68219,45.04133,0.00586,1.635,0.0
2025-10-05 06:55:00-07:00,2025-10-05 13:55:00+00:00,2025-10-05 07:00:00-07:00,2025-10-05 14:00:00+00:00,REAL_TIME_5_MIN,BALCH1_7_N001,Node,46.49144,45.04133,0.00428,1.44583,0.0
2025-10-05 06:55:00-07:00,2025-10-05 13:55:00+00:00,2025-10-05 07:00:00-07:00,2025-10-05 14:00:00+00:00,REAL_TIME_5_MIN,BEARTAP_1_N001,Node,44.64627,45.04133,-0.0032,-0.39186,0.0
2025-10-05 06:55:00-07:00,2025-10-05 13:55:00+00:00,2025-10-05 07:00:00-07:00,2025-10-05 14:00:00+00:00,REAL_TIME_5_MIN,SOUTHBY_6_N001,Node,46.68219,45.04133,0.00586,1.635,0.0
2025-10-05 07:00:00-07:00,2025-10-05 14:00:00+00:00,2025-10-05 07:05:00-07:00,2025-10-05 14:05:00+00:00,REAL_TIME_5_MIN,BALCH1_7_N001,Node,59.16099,55.3165,0.0,3.8445,0.0
2025-10-05 07:00:00-07:00,2025-10-05 14:00:00+00:00,2025-10-05 07:05:00-07:00,2025-10-05 14:05:00+00:00,REAL_TIME_5_MIN,BEARTAP_1_N001,Node,54.88503,55.3165,0.0,-0.43147,0.0
2025-10-05 07:00:00-07:00,2025-10-05 14:00:00+00:00,2025-10-05 07:05:00-07:00,2025-10-05 14:05:00+00:00,REAL_TIME_5_MIN,SOUTHBY_6_N001,Node,57.20832,55.3165,0.0,1.89182,0.0
2025-10-05 07:05:00-07:00,2025-10-05 14:05:00+00:00,2025-10-05 07:10:00-07:00,2025-10-05 14:10:00+00:00,REAL_TIME_5_MIN,BALCH1_7_N001,Node,59.7911,55.90566,0.0,3.88544,0.0
2025-10-05 07:05:00-07:00,2025-10-05 14:05:00+00:00,2025-10-05 07:10:00-07:00,2025-10-05 14:10:00+00:00,REAL_TIME_5_MIN,BEARTAP_1_N001,Node,55.4696,55.90566,0.0,-0.43606,0.0
2025-10-05 07:05:00-07:00,2025-10-05 14:05:00+00:00,2025-10-05 07:10:00-07:00,2025-10-05 14:10:00+00:00,REAL_TIME_5_MIN,SOUTHBY_6_N001,Node,57.81763,55.90566,0.0,1.91197,0.0
2025-10-05 07:10:00-07:00,2025-10-05 14:10:00+00:00,2025-10-05 07:15:00-07:00,2025-10-05 14:15:00+00:00,REAL_TIME_5_MIN,BALCH1_7_N001,Node,58.87764,55.05156,0.0,3.82608,0.0
2025-10-05 07:10:00-07:00,2025-10-05 14:10:00+00:00,2025-10-05 07:15:00-07:00,2025-10-05 14:15:00+00:00,REAL_TIME_5_MIN,BEARTAP_1_N001,Node,54.62215,55.05156,0.0,-0.4294,0.0
2025-10-05 07:10:00-07:00,2025-10-05 14:10:00+00:00,2025-10-05 07:15:00-07:00,2025-10-05 14:15:00+00:00,REAL_TIME_5_MIN,SOUTHBY_6_N001,Node,56.93432,55.05156,0.0,1.88276,0.0
2025-10-05 07:15:00-07:00,2025-10-05 14:15:00+00:00,2025-10-05 07:20:00-07:00,2025-10-05 14:20:00+00:00,REAL_TIME_5_MIN,BALCH1_7_N001,Node,56.03924,47.90564,4.96224,3.17135,0.0
2025-10-05 07:15:00-07:00,2025-10-05 14:15:00+00:00,2025-10-05 07:20:00-07:00,2025-10-05 14:20:00+00:00,REAL_TIME_5_MIN,BEARTAP_1_N001,Node,43.65312,47.90564,-3.83095,-0.42157,0.0
2025-10-05 07:15:00-07:00,2025-10-05 14:15:00+00:00,2025-10-05 07:20:00-07:00,2025-10-05 14:20:00+00:00,REAL_TIME_5_MIN,SOUTHBY_6_N001,Node,56.52033,47.90564,6.81344,1.80125,0.0
2025-10-05 07:20:00-07:00,2025-10-05 14:20:00+00:00,2025-10-05 07:25:00-07:00,2025-10-05 14:25:00+00:00,REAL_TIME_5_MIN,BALCH1_7_N001,Node,55.96363,45.03803,7.94408,2.98152,0.0
2025-10-05 07:20:00-07:00,2025-10-05 14:20:00+00:00,2025-10-05 07:25:00-07:00,2025-10-05 14:25:00+00:00,REAL_TIME_5_MIN,BEARTAP_1_N001,Node,38.5087,45.03803,-6.133,-0.39633,0.0
2025-10-05 07:20:00-07:00,2025-10-05 14:20:00+00:00,2025-10-05 07:25:00-07:00,2025-10-05 14:25:00+00:00,REAL_TIME_5_MIN,SOUTHBY_6_N001,Node,57.63914,45.03803,10.90768,1.69343,0.0
2025-10-05 07:25:00-07:00,2025-10-05 14:25:00+00:00,2025-10-05 07:30:00-07:00,2025-10-05 14:30:00+00:00,REAL_TIME_5_MIN,BALCH1_7_N001,Node,55.0687,40.56742,11.81572,2.68556,0.0
2025-10-05 07:25:00-07:00,2025-10-05 14:25:00+00:00,2025-10-05 07:30:00-07:00,2025-10-05 14:30:00+00:00,REAL_TIME_5_MIN,BEARTAP_1_N001,Node,34.00829,40.56742,-6.20213,-0.35699,0.0
2025-10-05 07:25:00-07:00,2025-10-05 14:25:00+00:00,2025-10-05 07:30:00-07:00,2025-10-05 14:30:00+00:00,REAL_TIME_5_MIN,SOUTHBY_6_N001,Node,57.5413,40.56742,15.44855,1.52533,0.0
2025-10-05 07:30:00-07:00,2025-10-05 14:30:00+00:00,2025-10-05 07:35:00-07:00,2025-10-05 14:35:00+00:00,REAL_TIME_5_MIN,BALCH1_7_N001,Node,52.00143,37.02176,12.9879,1.99177,0.0
2025-10-05 07:30:00-07:00,2025-10-05 14:30:00+00:00,2025-10-05 07:35:00-07:00,2025-10-05 14:35:00+00:00,REAL_TIME_5_MIN,BEARTAP_1_N001,Node,28.33581,37.02176,-8.24909,-0.43686,0.0
2025-10-05 07:30:00-07:00,2025-10-05 14:30:00+00:00,2025-10-05 07:35:00-07:00,2025-10-05 14:35:00+00:00,REAL_TIME_5_MIN,SOUTHBY_6_N001,Node,55.78369,37.02176,17.35511,1.40683,0.0
2025-10-05 07:35:00-07:00,2025-10-05 14:35:00+00:00,2025-10-05 07:40:00-07:00,2025-10-05 14:40:00+00:00,REAL_TIME_5_MIN,BALCH1_7_N001,Node,44.0938,29.00731,13.5259,1.56059,0.0
2025-10-05 07:35:00-07:00,2025-10-05 14:35:00+00:00,2025-10-05 07:40:00-07:00,2025-10-05 14:40:00+00:00,REAL_TIME_5_MIN,BEARTAP_1_N001,Node,19.35103,29.00731,-9.31399,-0.34229,0.0
2025-10-05 07:35:00-07:00,2025-10-05 14:35:00+00:00,2025-10-05 07:40:00-07:00,2025-10-05 14:40:00+00:00,REAL_TIME_5_MIN,SOUTHBY_6_N001,Node,48.37538,29.00731,18.26579,1.10228,0.0
2025-10-05 07:40:00-07:00,2025-10-05 14:40:00+00:00,2025-10-05 07:45:00-07:00,2025-10-05 14:45:00+00:00,REAL_TIME_5_MIN,BALCH1_7_N001,Node,40.38885,23.86587,15.239,1.28398,0.0
2025-10-05 07:40:00-07:00,2025-10-05 14:40:00+00:00,2025-10-05 07:45:00-07:00,2025-10-05 14:45:00+00:00,REAL_TIME_5_MIN,BEARTAP_1_N001,Node,12.22355,23.86587,-11.36071,-0.28162,0.0
2025-10-05 07:40:00-07:00,2025-10-05 14:40:00+00:00,2025-10-05 07:45:00-07:00,2025-10-05 14:45:00+00:00,REAL_TIME_5_MIN,SOUTHBY_6_N001,Node,45.58193,23.86587,20.80916,0.9069,0.0
2025-10-05 07:45:00-07:00,2025-10-05 14:45:00+00:00,2025-10-05 07:50:00-07:00,2025-10-05 14:50:00+00:00,REAL_TIME_5_MIN,BALCH1_7_N001,Node,38.29875,20.24043,16.76496,1.29336,0.0
2025-10-05 07:45:00-07:00,2025-10-05 14:45:00+00:00,2025-10-05 07:50:00-07:00,2025-10-05 14:50:00+00:00,REAL_TIME_5_MIN,BEARTAP_1_N001,Node,6.8341,20.24043,-13.20594,-0.20038,0.0
2025-10-05 07:45:00-07:00,2025-10-05 14:45:00+00:00,2025-10-05 07:50:00-07:00,2025-10-05 14:50:00+00:00,REAL_TIME_5_MIN,SOUTHBY_6_N001,Node,44.03097,20.24043,23.07201,0.71854,0.0
2025-10-05 07:50:00-07:00,2025-10-05 14:50:00+00:00,2025-10-05 07:55:00-07:00,2025-10-05 14:55:00+00:00,REAL_TIME_5_MIN,BALCH1_7_N001,Node,37.08384,19.0003,16.86942,1.21412,0.0
2025-10-05 07:50:00-07:00,2025-10-05 14:50:00+00:00,2025-10-05 07:55:00-07:00,2025-10-05 14:55:00+00:00,REAL_TIME_5_MIN,BEARTAP_1_N001,Node,6.07173,19.0003,-12.74047,-0.1881,0.0
2025-10-05 07:50:00-07:00,2025-10-05 14:50:00+00:00,2025-10-05 07:55:00-07:00,2025-10-05 14:55:00+00:00,REAL_TIME_5_MIN,SOUTHBY_6_N001,Node,42.74546,19.0003,23.07065,0.67451,0.0
2025-10-05 07:55:00-07:00,2025-10-05 14:55:00+00:00,2025-10-05 08:00:00-07:00,2025-10-05 15:00:00+00:00,REAL_TIME_5_MIN,BALCH1_7_N001,Node,36.11228,18.00691,16.95473,1.15064,0.0
2025-10-05 07:55:00-07:00,2025-10-05 14:55:00+00:00,2025-10-05 08:00:00-07:00,2025-10-05 15:00:00+00:00,REAL_TIME_5_MIN,BEARTAP_1_N001,Node,7.51285,18.00691,-10.31579,-0.17827,0.0
2025-10-05 07:55:00-07:00,2025-10-05 14:55:00+00:00,2025-10-05 08:00:00-07:00,2025-10-05 15:00:00+00:00,REAL_TIME_5_MIN,SOUTHBY_6_N001,Node,41.17405,18.00691,22.5279,0.63925,0.0
2025-10-05 08:00:00-07:00,2025-10-05 15:00:00+00:00,2025-10-05 08:05:00-07:00,2025-10-05 15:05:00+00:00,REAL_TIME_5_MIN,BALCH1_7_N001,Node,30.19198,19.4896,10.06118,0.64121,0.0
2025-10-05 08:00:00-07:00,2025-10-05 15:00:00+00:00,2025-10-05 08:05:00-07:00,2025-10-05 15:05:00+00:00,REAL_TIME_5_MIN,BEARTAP_1_N001,Node,11.15466,19.4896,-7.99777,-0.33717,0.0
2025-10-05 08:00:00-07:00,2025-10-05 15:00:00+00:00,2025-10-05 08:05:00-07:00,2025-10-05 15:05:00+00:00,REAL_TIME_5_MIN,SOUTHBY_6_N001,Node,34.12157,19.4896,13.87383,0.75815,0.0
2025-10-05 08:05:00-07:00,2025-10-05 15:05:00+00:00,2025-10-05 08:10:00-07:00,2025-10-05 15:10:00+00:00,REAL_TIME_5_MIN,BALCH1_7_N001,Node,35.77661,23.30384,11.70607,0.7667,0.0
2025-10-05 08:05:00-07:00,2025-10-05 15:05:00+00:00,2025-10-05 08:10:00-07:00,2025-10-05 15:10:00+00:00,REAL_TIME_5_MIN,BEARTAP_1_N001,Node,13.74508,23.30384,-9.1556,-0.40316,0.0
2025-10-05 08:05:00-07:00,2025-10-05 15:05:00+00:00,2025-10-05 08:10:00-07:00,2025-10-05 15:10:00+00:00,REAL_TIME_5_MIN,SOUTHBY_6_N001,Node,40.35242,23.30384,16.14206,0.90652,0.0
2025-10-05 08:10:00-07:00,2025-10-05 15:10:00+00:00,2025-10-05 08:15:00-07:00,2025-10-05 15:15:00+00:00,REAL_TIME_5_MIN,BALCH1_7_N001,Node,36.17847,22.49095,12.94758,0.73995,0.0
2025-10-05 08:10:00-07:00,2025-10-05 15:10:00+00:00,2025-10-05 08:15:00-07:00,2025-10-05 15:15:00+00:00,REAL_TIME_5_MIN,BEARTAP_1_N001,Node,11.74379,22.49095,-10.35806,-0.38909,0.0
2025-10-05 08:10:00-07:00,2025-10-05 15:10:00+00:00,2025-10-05 08:15:00-07:00,2025-10-05 15:15:00+00:00,REAL_TIME_5_MIN,SOUTHBY_6_N001,Node,41.21987,22.49095,17.85403,0.8749,0.0
2025-10-05 08:15:00-07:00,2025-10-05 15:15:00+00:00,2025-10-05 08:20:00-07:00,2025-10-05 15:20:00+00:00,REAL_TIME_5_MIN,BALCH1_7_N001,Node,37.9087,20.99828,16.13769,0.77274,0.0
2025-10-05 08:15:00-07:00,2025-10-05 15:15:00+00:00,2025-10-05 08:20:00-07:00,2025-10-05 15:20:00+00:00,REAL_TIME_5_MIN,BEARTAP_1_N001,Node,7.58627,20.99828,-12.91015,-0.50186,0.0
2025-10-05 08:15:00-07:00,2025-10-05 15:15:00+00:00,2025-10-05 08:20:00-07:00,2025-10-05 15:20:00+00:00,REAL_TIME_5_MIN,SOUTHBY_6_N001,Node,44.03034,20.99828,22.25303,0.77904,0.0
2025-10-05 08:20:00-07:00,2025-10-05 15:20:00+00:00,2025-10-05 08:25:00-07:00,2025-10-05 15:25:00+00:00,REAL_TIME_5_MIN,BALCH1_7_N001,Node,36.74295,19.9143,16.0958,0.73285,0.0
2025-10-05 08:20:00-07:00,2025-10-05 15:20:00+00:00,2025-10-05 08:25:00-07:00,2025-10-05 15:25:00+00:00,REAL_TIME_5_MIN,BEARTAP_1_N001,Node,6.56171,19.9143,-12.87664,-0.47595,0.0
2025-10-05 08:20:00-07:00,2025-10-05 15:20:00+00:00,2025-10-05 08:25:00-07:00,2025-10-05 15:25:00+00:00,REAL_TIME_5_MIN,SOUTHBY_6_N001,Node,42.84838,19.9143,22.19526,0.73882,0.0
2025-10-05 08:25:00-07:00,2025-10-05 15:25:00+00:00,2025-10-05 08:30:00-07:00,2025-10-05 15:30:00+00:00,REAL_TIME_5_MIN,BALCH1_7_N001,Node,19.28352,18.59908,0.0,0.68445,0.0
2025-10-05 08:25:00-07:00,2025-10-05 15:25:00+00:00,2025-10-05 08:30:00-07:00,2025-10-05 15:30:00+00:00,REAL_TIME_5_MIN,BEARTAP_1_N001,Node,-1.11958,18.59908,-19.27414,-0.44452,0.0
2025-10-05 08:25:00-07:00,2025-10-05 15:25:00+00:00,2025-10-05 08:30:00-07:00,2025-10-05 15:30:00+00:00,REAL_TIME_5_MIN,SOUTHBY_6_N001,Node,41.97638,18.59908,22.68727,0.69003,0.0
2025-10-05 08:30:00-07:00,2025-10-05 15:30:00+00:00,2025-10-05 08:35:00-07:00,2025-10-05 15:35:00+00:00,REAL_TIME_5_MIN,BALCH1_7_N001,Node,12.23568,16.29225,-4.44596,0.38938,0.0
2025-10-05 08:30:00-07:00,2025-10-05 15:30:00+00:00,2025-10-05 08:35:00-07:00,2025-10-05 15:35:00+00:00,REAL_TIME_5_MIN,BEARTAP_1_N001,Node,-4.61654,16.29225,-20.48845,-0.42034,0.0
2025-10-05 08:30:00-07:00,2025-10-05 15:30:00+00:00,2025-10-05 08:35:00-07:00,2025-10-05 15:35:00+00:00,REAL_TIME_5_MIN,SOUTHBY_6_N001,Node,40.51852,16.29225,23.62671,0.59955,0.0
2025-10-05 08:35:00-07:00,2025-10-05 15:35:00+00:00,2025-10-05 08:40:00-07:00,2025-10-05 15:40:00+00:00,REAL_TIME_5_MIN,BALCH1_7_N001,Node,6.51565,16.61755,-10.49905,0.39716,0.0
2025-10-05 08:35:00-07:00,2025-10-05 15:35:00+00:00,2025-10-05 08:40:00-07:00,2025-10-05 15:40:00+00:00,REAL_TIME_5_MIN,BEARTAP_1_N001,Node,-5.27072,16.61755,-21.45953,-0.42873,0.0
2025-10-05 08:35:00-07:00,2025-10-05 15:35:00+00:00,2025-10-05 08:40:00-07:00,2025-10-05 15:40:00+00:00,REAL_TIME_5_MIN,SOUTHBY_6_N001,Node,41.63554,16.61755,24.40647,0.61153,0.0
2025-10-05 08:40:00-07:00,2025-10-05 15:40:00+00:00,2025-10-05 08:45:00-07:00,2025-10-05 15:45:00+00:00,REAL_TIME_5_MIN,BALCH1_7_N001,Node,2.22674,17.3588,-15.54693,0.41488,0.0
2025-10-05 08:40:00-07:00,2025-10-05 15:40:00+00:00,2025-10-05 08:45:00-07:00,2025-10-05 15:45:00+00:00,REAL_TIME_5_MIN,BEARTAP_1_N001,Node,-5.94625,17.3588,-22.85719,-0.44786,0.0
2025-10-05 08:40:00-07:00,2025-10-05 15:40:00+00:00,2025-10-05 08:45:00-07:00,2025-10-05 15:45:00+00:00,REAL_TIME_5_MIN,SOUTHBY_6_N001,Node,43.73964,17.3588,25.74204,0.6388,0.0
2025-10-05 08:45:00-07:00,2025-10-05 15:45:00+00:00,2025-10-05 08:50:00-07:00,2025-10-05 15:50:00+00:00,REAL_TIME_5_MIN,BALCH1_7_N001,Node,0.47495,16.82287,-16.67092,0.323,0.0
2025-10-05 08:45:00-07:00,2025-10-05 15:45:00+00:00,2025-10-05 08:50:00-07:00,2025-10-05 15:50:00+00:00,REAL_TIME_5_MIN,BEARTAP_1_N001,Node,-7.43789,16.82287,-23.78804,-0.47272,0.0
2025-10-05 08:45:00-07:00,2025-10-05 15:45:00+00:00,2025-10-05 08:50:00-07:00,2025-10-05 15:50:00+00:00,REAL_TIME_5_MIN,SOUTHBY_6_N001,Node,44.00295,16.82287,26.57109,0.60899,0.0
2025-10-05 08:50:00-07:00,2025-10-05 15:50:00+00:00,2025-10-05 08:55:00-07:00,2025-10-05 15:55:00+00:00,REAL_TIME_5_MIN,BALCH1_7_N001,Node,-4.49238,16.12166,-20.92358,0.30954,0.0
2025-10-05 08:50:00-07:00,2025-10-05 15:50:00+00:00,2025-10-05 08:55:00-07:00,2025-10-05 15:55:00+00:00,REAL_TIME_5_MIN,BEARTAP_1_N001,Node,-12.50399,16.12166,-28.17263,-0.45302,0.0
2025-10-05 08:50:00-07:00,2025-10-05 15:50:00+00:00,2025-10-05 08:55:00-07:00,2025-10-05 15:55:00+00:00,REAL_TIME_5_MIN,SOUTHBY_6_N001,Node,38.50297,16.12166,21.7977,0.5836,0.0
2025-10-05 08:55:00-07:00,2025-10-05 15:55:00+00:00,2025-10-05 09:00:00-07:00,2025-10-05 16:00:00+00:00,REAL_TIME_5_MIN,BALCH1_7_N001,Node,-6.6285,15.61065,-22.53887,0.29972,0.0
2025-10-05 08:55:00-07:00,2025-10-05 15:55:00+00:00,2025-10-05 09:00:00-07:00,2025-10-05 16:00:00+00:00,REAL_TIME_5_MIN,BEARTAP_1_N001,Node,-14.49734,15.61065,-29.66933,-0.43866,0.0
2025-10-05 08:55:00-07:00,2025-10-05 15:55:00+00:00,2025-10-05 09:00:00-07:00,2025-10-05 16:00:00+00:00,REAL_TIME_5_MIN,SOUTHBY_6_N001,Node,38.70901,15.61065,22.53326,0.56511,0.0
2025-10-05 09:00:00-07:00,2025-10-05 16:00:00+00:00,2025-10-05 09:05:00-07:00,2025-10-05 16:05:00+00:00,REAL_TIME_5_MIN,BALCH1_7_N001,Node,-4.93234,18.71721,-23.92469,0.27514,0.0
2025-10-05 09:00:00-07:00,2025-10-05 16:00:00+00:00,2025-10-05 09:05:00-07:00,2025-10-05 16:05:00+00:00,REAL_TIME_5_MIN,BEARTAP_1_N001,Node,-7.85741,18.71721,-25.99813,-0.57649,0.0
2025-10-05 09:00:00-07:00,2025-10-05 16:00:00+00:00,2025-10-05 09:05:00-07:00,2025-10-05 16:05:00+00:00,REAL_TIME_5_MIN,SOUTHBY_6_N001,Node,37.62954,18.71721,18.24413,0.6682,0.0
2025-10-05 09:05:00-07:00,2025-10-05 16:05:00+00:00,2025-10-05 09:10:00-07:00,2025-10-05 16:10:00+00:00,REAL_TIME_5_MIN,BALCH1_7_N001,Node,-5.11614,18.29293,-23.67798,0.26891,0.0
2025-10-05 09:05:00-07:00,2025-10-05 16:05:00+00:00,2025-10-05 09:10:00-07:00,2025-10-05 16:10:00+00:00,REAL_TIME_5_MIN,BEARTAP_1_N001,Node,-8.6738,18.29293,-26.40331,-0.56342,0.0
2025-10-05 09:05:00-07:00,2025-10-05 16:05:00+00:00,2025-10-05 09:10:00-07:00,2025-10-05 16:10:00+00:00,REAL_TIME_5_MIN,SOUTHBY_6_N001,Node,37.80446,18.29293,18.85847,0.65306,0.0
2025-10-05 09:10:00-07:00,2025-10-05 16:10:00+00:00,2025-10-05 09:15:00-07:00,2025-10-05 16:15:00+00:00,REAL_TIME_5_MIN,BALCH1_7_N001,Node,-4.93741,18.72287,-23.93551,0.27523,0.0
2025-10-05 09:10:00-07:00,2025-10-05 16:10:00+00:00,2025-10-05 09:15:00-07:00,2025-10-05 16:15:00+00:00,REAL_TIME_5_MIN,BEARTAP_1_N001,Node,-7.84294,18.72287,-25.98914,-0.57666,0.0
2025-10-05 09:10:00-07:00,2025-10-05 16:10:00+00:00,2025-10-05 09:15:00-07:00,2025-10-05 16:15:00+00:00,REAL_TIME_5_MIN,SOUTHBY_6_N001,Node,37.64731,18.72287,18.25603,0.66841,0.0
2025-10-05 09:15:00-07:00,2025-10-05 16:15:00+00:00,2025-10-05 09:20:00-07:00,2025-10-05 16:20:00+00:00,REAL_TIME_5_MIN,BALCH1_7_N001,Node,-4.92684,18.12997,-23.36865,0.31184,0.0
2025-10-05 09:15:00-07:00,2025-10-05 16:15:00+00:00,2025-10-05 09:20:00-07:00,2025-10-05 16:20:00+00:00,REAL_TIME_5_MIN,BEARTAP_1_N001,Node,-8.2139,18.12997,-25.81447,-0.5294,0.0
2025-10-05 09:15:00-07:00,2025-10-05 16:15:00+00:00,2025-10-05 09:20:00-07:00,2025-10-05 16:20:00+00:00,REAL_TIME_5_MIN,SOUTHBY_6_N001,Node,39.37256,18.12997,20.57721,0.66537,0.0
2025-10-05 09:20:00-07:00,2025-10-05 16:20:00+00:00,2025-10-05 09:25:00-07:00,2025-10-05 16:25:00+00:00,REAL_TIME_5_MIN,BALCH1_7_N001,Node,-5.35992,17.4473,-23.10731,0.30009,0.0
2025-10-05 09:20:00-07:00,2025-10-05 16:20:00+00:00,2025-10-05 09:25:00-07:00,2025-10-05 16:25:00+00:00,REAL_TIME_5_MIN,BEARTAP_1_N001,Node,-9.45486,17.4473,-26.39269,-0.50946,0.0
2025-10-05 09:20:00-07:00,2025-10-05 16:20:00+00:00,2025-10-05 09:25:00-07:00,2025-10-05 16:25:00+00:00,REAL_TIME_5_MIN,SOUTHBY_6_N001,Node,39.46646,17.4473,21.37884,0.64032,0.0
2025-10-05 09:25:00-07:00,2025-10-05 16:25:00+00:00,2025-10-05 09:30:00-07:00,2025-10-05 16:30:00+00:00,REAL_TIME_5_MIN,BALCH1_7_N001,Node,-5.38445,17.4082,-23.09207,0.29942,0.0
2025-10-05 09:25:00-07:00,2025-10-05 16:25:00+00:00,2025-10-05 09:30:00-07:00,2025-10-05 16:30:00+00:00,REAL_TIME_5_MIN,BEARTAP_1_N001,Node,-9.52527,17.4082,-26.42515,-0.50832,0.0
2025-10-05 09:25:00-07:00,2025-10-05 16:25:00+00:00,2025-10-05 09:30:00-07:00,2025-10-05 16:30:00+00:00,REAL_TIME_5_MIN,SOUTHBY_6_N001,Node,39.47172,17.4082,21.42464,0.63888,0.0
2025-10-05 09:30:00-07:00,2025-10-05 16:30:00+00:00,2025-10-05 09:35:00-07:00,2025-10-05 16:35:00+00:00,REAL_TIME_5_MIN,BALCH1_7_N001,Node,-5.51114,16.81887,-22.52679,0.19678,0.0
2025-10-05 09:30:00-07:00,2025-10-05 16:30:00+00:00,2025-10-05 09:35:00-07:00,2025-10-05 16:35:00+00:00,REAL_TIME_5_MIN,BEARTAP_1_N001,Node,-9.33185,16.81887,-25.61924,-0.53148,0.0
2025-10-05 09:30:00-07:00,2025-10-05 16:30:00+00:00,2025-10-05 09:35:00-07:00,2025-10-05 16:35:00+00:00,REAL_TIME_5_MIN,SOUTHBY_6_N001,Node,38.78038,16.81887,21.34931,0.61221,0.0
2025-10-05 09:35:00-07:00,2025-10-05 16:35:00+00:00,2025-10-05 09:40:00-07:00,2025-10-05 16:40:00+00:00,REAL_TIME_5_MIN,BALCH1_7_N001,Node,-8.02936,16.00323,-24.21983,0.18724,0.0
2025-10-05 09:35:00-07:00,2025-10-05 16:35:00+00:00,2025-10-05 09:40:00-07:00,2025-10-05 16:40:00+00:00,REAL_TIME_5_MIN,BEARTAP_1_N001,Node,-10.56888,16.00323,-26.06642,-0.5057,0.0
2025-10-05 09:35:00-07:00,2025-10-05 16:35:00+00:00,2025-10-05 09:40:00-07:00,2025-10-05 16:40:00+00:00,REAL_TIME_5_MIN,SOUTHBY_6_N001,Node,37.59508,16.00323,21.00933,0.58252,0.0
2025-10-05 09:40:00-07:00,2025-10-05 16:40:00+00:00,2025-10-05 09:45:00-07:00,2025-10-05 16:45:00+00:00,REAL_TIME_5_MIN,BALCH1_7_N001,Node,-8.37921,14.36722,-22.91453,0.1681,0.0
2025-10-05 09:40:00-07:00,2025-10-05 16:40:00+00:00,2025-10-05 09:45:00-07:00,2025-10-05 16:45:00+00:00,REAL_TIME_5_MIN,BEARTAP_1_N001,Node,-10.25698,14.36722,-24.17019,-0.454,0.0
2025-10-05 09:40:00-07:00,2025-10-05 16:40:00+00:00,2025-10-05 09:45:00-07:00,2025-10-05 16:45:00+00:00,REAL_TIME_5_MIN,SOUTHBY_6_N001,Node,34.35641,14.36722,19.46622,0.52297,0.0
2025-10-05 09:45:00-07:00,2025-10-05 16:45:00+00:00,2025-10-05 09:50:00-07:00,2025-10-05 16:50:00+00:00,REAL_TIME_5_MIN,BALCH1_7_N001,Node,-9.1591,13.33916,-22.66634,0.16807,0.0
2025-10-05 09:45:00-07:00,2025-10-05 16:45:00+00:00,2025-10-05 09:50:00-07:00,2025-10-05 16:50:00+00:00,REAL_TIME_5_MIN,BEARTAP_1_N001,Node,-11.62811,13.33916,-24.53509,-0.43219,0.0
2025-10-05 09:45:00-07:00,2025-10-05 16:45:00+00:00,2025-10-05 09:50:00-07:00,2025-10-05 16:50:00+00:00,REAL_TIME_5_MIN,SOUTHBY_6_N001,Node,31.97643,13.33916,18.12237,0.51489,0.0
2025-10-05 09:50:00-07:00,2025-10-05 16:50:00+00:00,2025-10-05 09:55:00-07:00,2025-10-05 16:55:00+00:00,REAL_TIME_5_MIN,BALCH1_7_N001,Node,-11.705,13.0139,-24.88287,0.16398,0.0
2025-10-05 09:50:00-07:00,2025-10-05 16:50:00+00:00,2025-10-05 09:55:00-07:00,2025-10-05 16:55:00+00:00,REAL_TIME_5_MIN,BEARTAP_1_N001,Node,-12.46222,13.0139,-25.05447,-0.42165,0.0
2025-10-05 09:50:00-07:00,2025-10-05 16:50:00+00:00,2025-10-05 09:55:00-07:00,2025-10-05 16:55:00+00:00,REAL_TIME_5_MIN,SOUTHBY_6_N001,Node,31.32078,13.0139,17.80454,0.50234,0.0
2025-10-05 09:55:00-07:00,2025-10-05 16:55:00+00:00,2025-10-05 10:00:00-07:00,2025-10-05 17:00:00+00:00,REAL_TIME_5_MIN,BALCH1_7_N001,Node,-16.7258,10.05429,-26.90678,0.12668,0.0
2025-10-05 09:55:00-07:00,2025-10-05 16:55:00+00:00,2025-10-05 10:00:00-07:00,2025-10-05 17:00:00+00:00,REAL_TIME_5_MIN,BEARTAP_1_N001,Node,-14.74261,10.05429,-24.47114,-0.32576,0.0
2025-10-05 09:55:00-07:00,2025-10-05 16:55:00+00:00,2025-10-05 10:00:00-07:00,2025-10-05 17:00:00+00:00,REAL_TIME_5_MIN,SOUTHBY_6_N001,Node,21.19942,10.05429,10.75703,0.3881,0.0
2025-10-05 10:00:00-07:00,2025-10-05 17:00:00+00:00,2025-10-05 10:05:00-07:00,2025-10-05 17:05:00+00:00,REAL_TIME_5_MIN,BALCH1_7_N001,Node,-6.63592,10.0401,-16.76237,0.08634,0.0
2025-10-05 10:00:00-07:00,2025-10-05 17:00:00+00:00,2025-10-05 10:05:00-07:00,2025-10-05 17:05:00+00:00,REAL_TIME_5_MIN,BEARTAP_1_N001,Node,-5.08628,10.0401,-14.78803,-0.33835,0.0
2025-10-05 10:00:00-07:00,2025-10-05 17:00:00+00:00,2025-10-05 10:05:00-07:00,2025-10-05 17:05:00+00:00,REAL_TIME_5_MIN,SOUTHBY_6_N001,Node,26.68509,10.0401,16.27451,0.37048,0.0
2025-10-05 10:05:00-07:00,2025-10-05 17:05:00+00:00,2025-10-05 10:10:00-07:00,2025-10-05 17:10:00+00:00,REAL_TIME_5_MIN,BALCH1_7_N001,Node,-6.56167,9.97576,-16.62322,0.08579,0.0
2025-10-05 10:05:00-07:00,2025-10-05 17:05:00+00:00,2025-10-05 10:10:00-07:00,2025-10-05 17:10:00+00:00,REAL_TIME_5_MIN,BEARTAP_1_N001,Node,-4.65552,9.97576,-14.29509,-0.33618,0.0
2025-10-05 10:05:00-07:00,2025-10-05 17:05:00+00:00,2025-10-05 10:10:00-07:00,2025-10-05 17:10:00+00:00,REAL_TIME_5_MIN,SOUTHBY_6_N001,Node,26.05172,9.97576,15.70785,0.36811,0.0
2025-10-05 10:10:00-07:00,2025-10-05 17:10:00+00:00,2025-10-05 10:15:00-07:00,2025-10-05 17:15:00+00:00,REAL_TIME_5_MIN,BALCH1_7_N001,Node,-6.64748,9.654,-16.38451,0.08302,0.0
2025-10-05 10:10:00-07:00,2025-10-05 17:10:00+00:00,2025-10-05 10:15:00-07:00,2025-10-05 17:15:00+00:00,REAL_TIME_5_MIN,BEARTAP_1_N001,Node,-4.643,9.654,-13.97167,-0.32534,0.0
2025-10-05 10:10:00-07:00,2025-10-05 17:10:00+00:00,2025-10-05 10:15:00-07:00,2025-10-05 17:15:00+00:00,REAL_TIME_5_MIN,SOUTHBY_6_N001,Node,25.35478,9.654,15.34455,0.35623,0.0
2025-10-05 10:15:00-07:00,2025-10-05 17:15:00+00:00,2025-10-05 10:20:00-07:00,2025-10-05 17:20:00+00:00,REAL_TIME_5_MIN,BALCH1_7_N001,Node,-6.62832,10.01063,-16.72605,0.08709,0.0
2025-10-05 10:15:00-07:00,2025-10-05 17:15:00+00:00,2025-10-05 10:20:00-07:00,2025-10-05 17:20:00+00:00,REAL_TIME_5_MIN,BEARTAP_1_N001,Node,-4.53401,10.01063,-14.19627,-0.34837,0.0
2025-10-05 10:15:00-07:00,2025-10-05 17:15:00+00:00,2025-10-05 10:20:00-07:00,2025-10-05 17:20:00+00:00,REAL_TIME_5_MIN,SOUTHBY_6_N001,Node,26.11641,10.01063,15.68132,0.42445,0.0
2025-10-05 10:20:00-07:00,2025-10-05 17:20:00+00:00,2025-10-05 10:25:00-07:00,2025-10-05 17:25:00+00:00,REAL_TIME_5_MIN,BALCH1_7_N001,Node,-9.08448,10.42696,-19.60215,0.09071,0.0
2025-10-05 10:20:00-07:00,2025-10-05 17:20:00+00:00,2025-10-05 10:25:00-07:00,2025-10-05 17:25:00+00:00,REAL_TIME_5_MIN,BEARTAP_1_N001,Node,-5.03038,10.42696,-15.09447,-0.36286,0.0
2025-10-05 10:20:00-07:00,2025-10-05 17:20:00+00:00,2025-10-05 10:25:00-07:00,2025-10-05 17:25:00+00:00,REAL_TIME_5_MIN,SOUTHBY_6_N001,Node,27.43072,10.42696,16.56166,0.4421,0.0
2025-10-05 10:25:00-07:00,2025-10-05 17:25:00+00:00,2025-10-05 10:30:00-07:00,2025-10-05 17:30:00+00:00,REAL_TIME_5_MIN,BALCH1_7_N001,Node,-7.9806,8.84271,-16.90025,0.07693,0.0
2025-10-05 10:25:00-07:00,2025-10-05 17:25:00+00:00,2025-10-05 10:30:00-07:00,2025-10-05 17:30:00+00:00,REAL_TIME_5_MIN,BEARTAP_1_N001,Node,-5.31461,8.84271,-13.8496,-0.30773,0.0
2025-10-05 10:25:00-07:00,2025-10-05 17:25:00+00:00,2025-10-05 10:30:00-07:00,2025-10-05 17:30:00+00:00,REAL_TIME_5_MIN,SOUTHBY_6_N001,Node,24.48018,8.84271,15.26254,0.37493,0.0
2025-10-05 10:30:00-07:00,2025-10-05 17:30:00+00:00,2025-10-05 10:35:00-07:00,2025-10-05 17:35:00+00:00,REAL_TIME_5_MIN,BALCH1_7_N001,Node,-10.37615,11.40747,-21.89199,0.10837,0.0
2025-10-05 10:30:00-07:00,2025-10-05 17:30:00+00:00,2025-10-05 10:35:00-07:00,2025-10-05 17:35:00+00:00,REAL_TIME_5_MIN,BEARTAP_1_N001,Node,-5.28723,11.40747,-16.29772,-0.39698,0.0
2025-10-05 10:30:00-07:00,2025-10-05 17:30:00+00:00,2025-10-05 10:35:00-07:00,2025-10-05 17:35:00+00:00,REAL_TIME_5_MIN,SOUTHBY_6_N001,Node,29.77044,11.40747,17.8907,0.47227,0.0
2025-10-05 10:35:00-07:00,2025-10-05 17:35:00+00:00,2025-10-05 10:40:00-07:00,2025-10-05 17:40:00+00:00,REAL_TIME_5_MIN,BALCH1_7_N001,Node,-9.06634,10.56554,-19.73225,0.10037,0.0
2025-10-05 10:35:00-07:00,2025-10-05 17:35:00+00:00,2025-10-05 10:40:00-07:00,2025-10-05 17:40:00+00:00,REAL_TIME_5_MIN,BEARTAP_1_N001,Node,-5.54625,10.56554,-15.74411,-0.36768,0.0
2025-10-05 10:35:00-07:00,2025-10-05 17:35:00+00:00,2025-10-05 10:40:00-07:00,2025-10-05 17:40:00+00:00,REAL_TIME_5_MIN,SOUTHBY_6_N001,Node,28.37607,10.56554,17.37312,0.43741,0.0
2025-10-05 10:40:00-07:00,2025-10-05 17:40:00+00:00,2025-10-05 10:45:00-07:00,2025-10-05 17:45:00+00:00,REAL_TIME_5_MIN,BALCH1_7_N001,Node,-9.26973,10.62554,-19.99621,0.10094,0.0
2025-10-05 10:40:00-07:00,2025-10-05 17:40:00+00:00,2025-10-05 10:45:00-07:00,2025-10-05 17:45:00+00:00,REAL_TIME_5_MIN,BEARTAP_1_N001,Node,-5.07789,10.62554,-15.33366,-0.36977,0.0
2025-10-05 10:40:00-07:00,2025-10-05 17:40:00+00:00,2025-10-05 10:45:00-07:00,2025-10-05 17:45:00+00:00,REAL_TIME_5_MIN,SOUTHBY_6_N001,Node,27.93609,10.62554,16.87065,0.4399,0.0
2025-10-05 10:45:00-07:00,2025-10-05 17:45:00+00:00,2025-10-05 10:50:00-07:00,2025-10-05 17:50:00+00:00,REAL_TIME_5_MIN,BALCH1_7_N001,Node,-10.60996,10.9083,-21.64589,0.12763,0.0
2025-10-05 10:45:00-07:00,2025-10-05 17:45:00+00:00,2025-10-05 10:50:00-07:00,2025-10-05 17:50:00+00:00,REAL_TIME_5_MIN,BEARTAP_1_N001,Node,-5.41796,10.9083,-15.95429,-0.37197,0.0
2025-10-05 10:45:00-07:00,2025-10-05 17:45:00+00:00,2025-10-05 10:50:00-07:00,2025-10-05 17:50:00+00:00,REAL_TIME_5_MIN,SOUTHBY_6_N001,Node,28.89611,10.9083,17.5362,0.4516,0.0
2025-10-05 10:50:00-07:00,2025-10-05 17:50:00+00:00,2025-10-05 10:55:00-07:00,2025-10-05 17:55:00+00:00,REAL_TIME_5_MIN,BALCH1_7_N001,Node,-8.32936,11.08752,-19.5466,0.12972,0.0
2025-10-05 10:50:00-07:00,2025-10-05 17:50:00+00:00,2025-10-05 10:55:00-07:00,2025-10-05 17:55:00+00:00,REAL_TIME_5_MIN,BEARTAP_1_N001,Node,-5.1454,11.08752,-15.85484,-0.37808,0.0
2025-10-05 10:50:00-07:00,2025-10-05 17:50:00+00:00,2025-10-05 10:55:00-07:00,2025-10-05 17:55:00+00:00,REAL_TIME_5_MIN,SOUTHBY_6_N001,Node,29.1014,11.08752,17.55485,0.45902,0.0
2025-10-05 10:55:00-07:00,2025-10-05 17:55:00+00:00,2025-10-05 11:00:00-07:00,2025-10-05 18:00:00+00:00,REAL_TIME_5_MIN,BALCH1_7_N001,Node,-8.98317,11.80648,-20.92779,0.13814,0.0
2025-10-05 10:55:00-07:00,2025-10-05 17:55:00+00:00,2025-10-05 11:00:00-07:00,2025-10-05 18:00:00+00:00,REAL_TIME_5_MIN,BEARTAP_1_N001,Node,-5.2957,11.80648,-16.69957,-0.4026,0.0
2025-10-05 10:55:00-07:00,2025-10-05 17:55:00+00:00,2025-10-05 11:00:00-07:00,2025-10-05 18:00:00+00:00,REAL_TIME_5_MIN,SOUTHBY_6_N001,Node,30.76329,11.80648,18.46803,0.48879,0.0
2025-10-05 11:00:00-07:00,2025-10-05 18:00:00+00:00,2025-10-05 11:05:00-07:00,2025-10-05 18:05:00+00:00,REAL_TIME_5_MIN,BALCH1_7_N001,Node,-11.06501,12.91802,-24.10963,0.1266,0.0
2025-10-05 11:00:00-07:00,2025-10-05 18:00:00+00:00,2025-10-05 11:05:00-07:00,2025-10-05 18:05:00+00:00,REAL_TIME_5_MIN,BEARTAP_1_N001,Node,-3.65172,12.91802,-16.08015,-0.48959,0.0
2025-10-05 11:00:00-07:00,2025-10-05 18:00:00+00:00,2025-10-05 11:05:00-07:00,2025-10-05 18:05:00+00:00,REAL_TIME_5_MIN,SOUTHBY_6_N001,Node,30.17464,12.91802,16.72698,0.52964,0.0
2025-10-05 11:05:00-07:00,2025-10-05 18:05:00+00:00,2025-10-05 11:10:00-07:00,2025-10-05 18:10:00+00:00,REAL_TIME_5_MIN,BALCH1_7_N001,Node,-11.11708,12.86309,-24.10623,0.12606,0.0
2025-10-05 11:05:00-07:00,2025-10-05 18:05:00+00:00,2025-10-05 11:10:00-07:00,2025-10-05 18:10:00+00:00,REAL_TIME_5_MIN,BEARTAP_1_N001,Node,-3.45016,12.86309,-15.82574,-0.48751,0.0
2025-10-05 11:05:00-07:00,2025-10-05 18:05:00+00:00,2025-10-05 11:10:00-07:00,2025-10-05 18:10:00+00:00,REAL_TIME_5_MIN,SOUTHBY_6_N001,Node,30.77579,12.86309,17.38531,0.52739,0.0
2025-10-05 11:10:00-07:00,2025-10-05 18:10:00+00:00,2025-10-05 11:15:00-07:00,2025-10-05 18:15:00+00:00,REAL_TIME_5_MIN,BALCH1_7_N001,Node,-11.13785,12.78338,-24.0465,0.12528,0.0
2025-10-05 11:10:00-07:00,2025-10-05 18:10:00+00:00,2025-10-05 11:15:00-07:00,2025-10-05 18:15:00+00:00,REAL_TIME_5_MIN,BEARTAP_1_N001,Node,-3.659,12.78338,-15.95789,-0.48449,0.0
2025-10-05 11:10:00-07:00,2025-10-05 18:10:00+00:00,2025-10-05 11:15:00-07:00,2025-10-05 18:15:00+00:00,REAL_TIME_5_MIN,SOUTHBY_6_N001,Node,30.84062,12.78338,17.53313,0.52412,0.0
2025-10-05 11:15:00-07:00,2025-10-05 18:15:00+00:00,2025-10-05 11:20:00-07:00,2025-10-05 18:20:00+00:00,REAL_TIME_5_MIN,BALCH1_7_N001,Node,-11.19334,15.30178,-26.60529,0.11017,0.0
2025-10-05 11:15:00-07:00,2025-10-05 18:15:00+00:00,2025-10-05 11:20:00-07:00,2025-10-05 18:20:00+00:00,REAL_TIME_5_MIN,BEARTAP_1_N001,Node,-3.64098,15.30178,-18.39649,-0.54627,0.0
2025-10-05 11:15:00-07:00,2025-10-05 18:15:00+00:00,2025-10-05 11:20:00-07:00,2025-10-05 18:20:00+00:00,REAL_TIME_5_MIN,SOUTHBY_6_N001,Node,36.24687,15.30178,20.3116,0.63349,0.0
2025-10-05 11:20:00-07:00,2025-10-05 18:20:00+00:00,2025-10-05 11:25:00-07:00,2025-10-05 18:25:00+00:00,REAL_TIME_5_MIN,BALCH1_7_N001,Node,-11.55023,15.12507,-26.7842,0.1089,0.0
2025-10-05 11:20:00-07:00,2025-10-05 18:20:00+00:00,2025-10-05 11:25:00-07:00,2025-10-05 18:25:00+00:00,REAL_TIME_5_MIN,BEARTAP_1_N001,Node,-3.98085,15.12507,-18.56595,-0.53997,0.0
2025-10-05 11:20:00-07:00,2025-10-05 18:20:00+00:00,2025-10-05 11:25:00-07:00,2025-10-05 18:25:00+00:00,REAL_TIME_5_MIN,SOUTHBY_6_N001,Node,36.25476,15.12507,20.50351,0.62618,0.0
2025-10-05 11:25:00-07:00,2025-10-05 18:25:00+00:00,2025-10-05 11:30:00-07:00,2025-10-05 18:30:00+00:00,REAL_TIME_5_MIN,BALCH1_7_N001,Node,-11.77981,15.34745,-27.23776,0.1105,0.0
2025-10-05 11:25:00-07:00,2025-10-05 18:25:00+00:00,2025-10-05 11:30:00-07:00,2025-10-05 18:30:00+00:00,REAL_TIME_5_MIN,BEARTAP_1_N001,Node,-3.79859,15.34745,-18.59814,-0.5479,0.0
2025-10-05 11:25:00-07:00,2025-10-05 18:25:00+00:00,2025-10-05 11:30:00-07:00,2025-10-05 18:30:00+00:00,REAL_TIME_5_MIN,SOUTHBY_6_N001,Node,36.49229,15.34745,20.50946,0.63538,0.0
2025-10-05 11:30:00-07:00,2025-10-05 18:30:00+00:00,2025-10-05 11:35:00-07:00,2025-10-05 18:35:00+00:00,REAL_TIME_5_MIN,BALCH1_7_N001,Node,-11.84914,15.96881,-27.92813,0.11018,0.0
2025-10-05 11:30:00-07:00,2025-10-05 18:30:00+00:00,2025-10-05 11:35:00-07:00,2025-10-05 18:35:00+00:00,REAL_TIME_5_MIN,BEARTAP_1_N001,Node,-3.90658,15.96881,-19.32606,-0.54933,0.0
2025-10-05 11:30:00-07:00,2025-10-05 18:30:00+00:00,2025-10-05 11:35:00-07:00,2025-10-05 18:35:00+00:00,REAL_TIME_5_MIN,SOUTHBY_6_N001,Node,37.85181,15.96881,21.23148,0.65153,0.0
2025-10-05 11:35:00-07:00,2025-10-05 18:35:00+00:00,2025-10-05 11:40:00-07:00,2025-10-05 18:40:00+00:00,REAL_TIME_5_MIN,BALCH1_7_N001,Node,-11.06628,15.02282,-26.19276,0.10366,0.0
2025-10-05 11:35:00-07:00,2025-10-05 18:35:00+00:00,2025-10-05 11:40:00-07:00,2025-10-05 18:40:00+00:00,REAL_TIME_5_MIN,BEARTAP_1_N001,Node,-4.09708,15.02282,-18.60311,-0.51678,0.0
2025-10-05 11:35:00-07:00,2025-10-05 18:35:00+00:00,2025-10-05 11:40:00-07:00,2025-10-05 18:40:00+00:00,REAL_TIME_5_MIN,SOUTHBY_6_N001,Node,36.22717,15.02282,20.59142,0.61293,0.0
2025-10-05 11:40:00-07:00,2025-10-05 18:40:00+00:00,2025-10-05 11:45:00-07:00,2025-10-05 18:45:00+00:00,REAL_TIME_5_MIN,BALCH1_7_N001,Node,-10.46307,14.93944,-25.50559,0.10308,0.0
2025-10-05 11:40:00-07:00,2025-10-05 18:40:00+00:00,2025-10-05 11:45:00-07:00,2025-10-05 18:45:00+00:00,REAL_TIME_5_MIN,BEARTAP_1_N001,Node,-4.17378,14.93944,-18.5993,-0.51392,0.0
2025-10-05 11:40:00-07:00,2025-10-05 18:40:00+00:00,2025-10-05 11:45:00-07:00,2025-10-05 18:45:00+00:00,REAL_TIME_5_MIN,SOUTHBY_6_N001,Node,36.18572,14.93944,20.63675,0.60953,0.0
2025-10-05 11:45:00-07:00,2025-10-05 18:45:00+00:00,2025-10-05 11:50:00-07:00,2025-10-05 18:50:00+00:00,REAL_TIME_5_MIN,BALCH1_7_N001,Node,-11.05116,14.97864,-26.0942,0.06441,0.0
2025-10-05 11:45:00-07:00,2025-10-05 18:45:00+00:00,2025-10-05 11:50:00-07:00,2025-10-05 18:50:00+00:00,REAL_TIME_5_MIN,BEARTAP_1_N001,Node,-4.18384,14.97864,-18.64271,-0.51976,0.0
2025-10-05 11:45:00-07:00,2025-10-05 18:45:00+00:00,2025-10-05 11:50:00-07:00,2025-10-05 18:50:00+00:00,REAL_TIME_5_MIN,SOUTHBY_6_N001,Node,36.26949,14.97864,20.69171,0.59915,0.0
2025-10-05 11:50:00-07:00,2025-10-05 18:50:00+00:00,2025-10-05 11:55:00-07:00,2025-10-05 18:55:00+00:00,REAL_TIME_5_MIN,BALCH1_7_N001,Node,-10.66469,15.05916,-25.7886,0.06475,0.0
2025-10-05 11:50:00-07:00,2025-10-05 18:50:00+00:00,2025-10-05 11:55:00-07:00,2025-10-05 18:55:00+00:00,REAL_TIME_5_MIN,BEARTAP_1_N001,Node,-4.22858,15.05916,-18.76519,-0.52255,0.0
2025-10-05 11:50:00-07:00,2025-10-05 18:50:00+00:00,2025-10-05 11:55:00-07:00,2025-10-05 18:55:00+00:00,REAL_TIME_5_MIN,SOUTHBY_6_N001,Node,36.52462,15.05916,20.86309,0.60237,0.0
2025-10-05 11:55:00-07:00,2025-10-05 18:55:00+00:00,2025-10-05 12:00:00-07:00,2025-10-05 19:00:00+00:00,REAL_TIME_5_MIN,BALCH1_7_N001,Node,-11.24414,15.71229,-27.02399,0.06756,0.0
2025-10-05 11:55:00-07:00,2025-10-05 18:55:00+00:00,2025-10-05 12:00:00-07:00,2025-10-05 19:00:00+00:00,REAL_TIME_5_MIN,BEARTAP_1_N001,Node,-4.23869,15.71229,-19.40577,-0.54522,0.0
2025-10-05 11:55:00-07:00,2025-10-05 18:55:00+00:00,2025-10-05 12:00:00-07:00,2025-10-05 19:00:00+00:00,REAL_TIME_5_MIN,SOUTHBY_6_N001,Node,37.89725,15.71229,21.55647,0.62849,0.0
2025-10-05 12:00:00-07:00,2025-10-05 19:00:00+00:00,2025-10-05 12:05:00-07:00,2025-10-05 19:05:00+00:00,REAL_TIME_5_MIN,BALCH1_7_N001,Node,-11.62122,15.8236,-27.51444,0.06962,0.0
2025-10-05 12:00:00-07:00,2025-10-05 19:00:00+00:00,2025-10-05 12:05:00-07:00,2025-10-05 19:05:00+00:00,REAL_TIME_5_MIN,BEARTAP_1_N001,Node,-3.95153,15.8236,-19.18966,-0.58547,0.0
2025-10-05 12:00:00-07:00,2025-10-05 19:00:00+00:00,2025-10-05 12:05:00-07:00,2025-10-05 19:05:00+00:00,REAL_TIME_5_MIN,SOUTHBY_6_N001,Node,37.85223,15.8236,21.35929,0.66934,0.0
2025-10-05 12:05:00-07:00,2025-10-05 19:05:00+00:00,2025-10-05 12:10:00-07:00,2025-10-05 19:10:00+00:00,REAL_TIME_5_MIN,BALCH1_7_N001,Node,-10.95669,16.56086,-27.59041,0.07287,0.0
2025-10-05 12:05:00-07:00,2025-10-05 19:05:00+00:00,2025-10-05 12:10:00-07:00,2025-10-05 19:10:00+00:00,REAL_TIME_5_MIN,BEARTAP_1_N001,Node,-3.97972,16.56086,-19.92783,-0.61275,0.0
2025-10-05 12:05:00-07:00,2025-10-05 19:05:00+00:00,2025-10-05 12:10:00-07:00,2025-10-05 19:10:00+00:00,REAL_TIME_5_MIN,SOUTHBY_6_N001,Node,39.51917,16.56086,22.25779,0.70052,0.0
2025-10-05 12:10:00-07:00,2025-10-05 19:10:00+00:00,2025-10-05 12:15:00-07:00,2025-10-05 19:15:00+00:00,REAL_TIME_5_MIN,BALCH1_7_N001,Node,-9.7153,16.6606,-26.4492,0.07331,0.0
2025-10-05 12:10:00-07:00,2025-10-05 19:10:00+00:00,2025-10-05 12:15:00-07:00,2025-10-05 19:15:00+00:00,REAL_TIME_5_MIN,BEARTAP_1_N001,Node,-4.04057,16.6606,-20.08472,-0.61644,0.0
2025-10-05 12:10:00-07:00,2025-10-05 19:10:00+00:00,2025-10-05 12:15:00-07:00,2025-10-05 19:15:00+00:00,REAL_TIME_5_MIN,SOUTHBY_6_N001,Node,39.90466,16.6606,22.53932,0.70474,0.0
2025-10-05 12:15:00-07:00,2025-10-05 19:15:00+00:00,2025-10-05 12:20:00-07:00,2025-10-05 19:20:00+00:00,REAL_TIME_5_MIN,BALCH1_7_N001,Node,-10.87622,15.02613,-25.96546,0.06311,0.0
2025-10-05 12:15:00-07:00,2025-10-05 19:15:00+00:00,2025-10-05 12:20:00-07:00,2025-10-05 19:20:00+00:00,REAL_TIME_5_MIN,BEARTAP_1_N001,Node,-4.09501,15.02613,-18.61477,-0.50638,0.0
2025-10-05 12:15:00-07:00,2025-10-05 19:15:00+00:00,2025-10-05 12:20:00-07:00,2025-10-05 19:20:00+00:00,REAL_TIME_5_MIN,SOUTHBY_6_N001,Node,36.53194,15.02613,20.85818,0.64763,0.0
2025-10-05 12:20:00-07:00,2025-10-05 19:20:00+00:00,2025-10-05 12:25:00-07:00,2025-10-05 19:25:00+00:00,REAL_TIME_5_MIN,BALCH1_7_N001,Node,-9.02511,16.28627,-25.37978,0.0684,0.0
2025-10-05 12:20:00-07:00,2025-10-05 19:20:00+00:00,2025-10-05 12:25:00-07:00,2025-10-05 19:25:00+00:00,REAL_TIME_5_MIN,BEARTAP_1_N001,Node,-4.24577,16.28627,-19.98319,-0.54885,0.0
2025-10-05 12:20:00-07:00,2025-10-05 19:20:00+00:00,2025-10-05 12:25:00-07:00,2025-10-05 19:25:00+00:00,REAL_TIME_5_MIN,SOUTHBY_6_N001,Node,39.58655,16.28627,22.59835,0.70194,0.0
2025-10-05 12:25:00-07:00,2025-10-05 19:25:00+00:00,2025-10-05 12:30:00-07:00,2025-10-05 19:30:00+00:00,REAL_TIME_5_MIN,BALCH1_7_N001,Node,-9.37856,16.43019,-25.87776,0.06901,0.0
2025-10-05 12:25:00-07:00,2025-10-05 19:25:00+00:00,2025-10-05 12:30:00-07:00,2025-10-05 19:30:00+00:00,REAL_TIME_5_MIN,BEARTAP_1_N001,Node,-4.29407,16.43019,-20.17056,-0.5537,0.0
2025-10-05 12:25:00-07:00,2025-10-05 19:25:00+00:00,2025-10-05 12:30:00-07:00,2025-10-05 19:30:00+00:00,REAL_TIME_5_MIN,SOUTHBY_6_N001,Node,39.92701,16.43019,22.78868,0.70814,0.0
2025-10-05 12:30:00-07:00,2025-10-05 19:30:00+00:00,2025-10-05 12:35:00-07:00,2025-10-05 19:35:00+00:00,REAL_TIME_5_MIN,BALCH1_7_N001,Node,-10.3797,16.60751,-27.05198,0.06477,0.0
2025-10-05 12:30:00-07:00,2025-10-05 19:30:00+00:00,2025-10-05 12:35:00-07:00,2025-10-05 19:35:00+00:00,REAL_TIME_5_MIN,BEARTAP_1_N001,Node,-4.14312,16.60751,-20.15941,-0.59123,0.0
2025-10-05 12:30:00-07:00,2025-10-05 19:30:00+00:00,2025-10-05 12:35:00-07:00,2025-10-05 19:35:00+00:00,REAL_TIME_5_MIN,SOUTHBY_6_N001,Node,40.10415,16.60751,22.7958,0.70084,0.0
2025-10-05 12:35:00-07:00,2025-10-05 19:35:00+00:00,2025-10-05 12:40:00-07:00,2025-10-05 19:40:00+00:00,REAL_TIME_5_MIN,BALCH1_7_N001,Node,-10.63233,16.64059,-27.33781,0.0649,0.0
2025-10-05 12:35:00-07:00,2025-10-05 19:35:00+00:00,2025-10-05 12:40:00-07:00,2025-10-05 19:40:00+00:00,REAL_TIME_5_MIN,BEARTAP_1_N001,Node,-4.12065,16.64059,-20.16883,-0.5924,0.0
2025-10-05 12:35:00-07:00,2025-10-05 19:35:00+00:00,2025-10-05 12:40:00-07:00,2025-10-05 19:40:00+00:00,REAL_TIME_5_MIN,SOUTHBY_6_N001,Node,40.12557,16.64059,22.78275,0.70223,0.0
2025-10-05 12:40:00-07:00,2025-10-05 19:40:00+00:00,2025-10-05 12:45:00-07:00,2025-10-05 19:45:00+00:00,REAL_TIME_5_MIN,BALCH1_7_N001,Node,-10.07155,16.58458,-26.72081,0.06468,0.0
2025-10-05 12:40:00-07:00,2025-10-05 19:40:00+00:00,2025-10-05 12:45:00-07:00,2025-10-05 19:45:00+00:00,REAL_TIME_5_MIN,BEARTAP_1_N001,Node,-4.1415,16.58458,-20.13567,-0.59041,0.0
2025-10-05 12:40:00-07:00,2025-10-05 19:40:00+00:00,2025-10-05 12:45:00-07:00,2025-10-05 19:45:00+00:00,REAL_TIME_5_MIN,SOUTHBY_6_N001,Node,40.07938,16.58458,22.79494,0.69987,0.0
2025-10-05 12:45:00-07:00,2025-10-05 19:45:00+00:00,2025-10-05 12:50:00-07:00,2025-10-05 19:50:00+00:00,REAL_TIME_5_MIN,BALCH1_7_N001,Node,-11.28121,16.4909,-27.81828,0.04617,0.0
2025-10-05 12:45:00-07:00,2025-10-05 19:45:00+00:00,2025-10-05 12:50:00-07:00,2025-10-05 19:50:00+00:00,REAL_TIME_5_MIN,BEARTAP_1_N001,Node,-4.09267,16.4909,-20.02288,-0.56069,0.0
2025-10-05 12:45:00-07:00,2025-10-05 19:45:00+00:00,2025-10-05 12:50:00-07:00,2025-10-05 19:50:00+00:00,REAL_TIME_5_MIN,SOUTHBY_6_N001,Node,39.86034,16.4909,22.67353,0.69592,0.0
2025-10-05 12:50:00-07:00,2025-10-05 19:50:00+00:00,2025-10-05 12:55:00-07:00,2025-10-05 19:55:00+00:00,REAL_TIME_5_MIN,BALCH1_7_N001,Node,-11.15813,16.47706,-27.68132,0.04614,0.0
2025-10-05 12:50:00-07:00,2025-10-05 19:50:00+00:00,2025-10-05 12:55:00-07:00,2025-10-05 19:55:00+00:00,REAL_TIME_5_MIN,BEARTAP_1_N001,Node,-4.10059,16.47706,-20.01743,-0.56022,0.0
2025-10-05 12:50:00-07:00,2025-10-05 19:50:00+00:00,2025-10-05 12:55:00-07:00,2025-10-05 19:55:00+00:00,REAL_TIME_5_MIN,SOUTHBY_6_N001,Node,39.85149,16.47706,22.6791,0.69533,0.0
2025-10-05 12:55:00-07:00,2025-10-05 19:55:00+00:00,2025-10-05 13:00:00-07:00,2025-10-05 20:00:00+00:00,REAL_TIME_5_MIN,BALCH1_7_N001,Node,-11.22369,16.47025,-27.74005,0.04612,0.0
2025-10-05 12:55:00-07:00,2025-10-05 19:55:00+00:00,2025-10-05 13:00:00-07:00,2025-10-05 20:00:00+00:00,REAL_TIME_5_MIN,BEARTAP_1_N001,Node,-4.12002,16.47025,-20.03027,-0.55999,0.0
2025-10-05 12:55:00-07:00,2025-10-05 19:55:00+00:00,2025-10-05 13:00:00-07:00,2025-10-05 20:00:00+00:00,REAL_TIME_5_MIN,SOUTHBY_6_N001,Node,39.85522,16.47025,22.68993,0.69504,0.0
2025-10-05 13:00:00-07:00,2025-10-05 20:00:00+00:00,2025-10-05 13:05:00-07:00,2025-10-05 20:05:00+00:00,REAL_TIME_5_MIN,BALCH1_7_N001,Node,-11.86308,15.8028,-27.75596,0.09008,0.0
2025-10-05 13:00:00-07:00,2025-10-05 20:00:00+00:00,2025-10-05 13:05:00-07:00,2025-10-05 20:05:00+00:00,REAL_TIME_5_MIN,BEARTAP_1_N001,Node,-4.01889,15.8028,-19.3002,-0.52149,0.0
2025-10-05 13:00:00-07:00,2025-10-05 20:00:00+00:00,2025-10-05 13:05:00-07:00,2025-10-05 20:05:00+00:00,REAL_TIME_5_MIN,SOUTHBY_6_N001,Node,38.61525,15.8028,22.13925,0.6732,0.0
2025-10-05 13:05:00-07:00,2025-10-05 20:05:00+00:00,2025-10-05 13:10:00-07:00,2025-10-05 20:10:00+00:00,REAL_TIME_5_MIN,BALCH1_7_N001,Node,-11.81816,15.80258,-27.71082,0.09007,0.0
2025-10-05 13:05:00-07:00,2025-10-05 20:05:00+00:00,2025-10-05 13:10:00-07:00,2025-10-05 20:10:00+00:00,REAL_TIME_5_MIN,BEARTAP_1_N001,Node,-3.98326,15.80258,-19.26435,-0.52149,0.0
2025-10-05 13:05:00-07:00,2025-10-05 20:05:00+00:00,2025-10-05 13:10:00-07:00,2025-10-05 20:10:00+00:00,REAL_TIME_5_MIN,SOUTHBY_6_N001,Node,38.60622,15.80258,22.13045,0.67319,0.0
2025-10-05 13:10:00-07:00,2025-10-05 20:10:00+00:00,2025-10-05 13:15:00-07:00,2025-10-05 20:15:00+00:00,REAL_TIME_5_MIN,BALCH1_7_N001,Node,-11.8243,15.76091,-27.67505,0.08984,0.0
2025-10-05 13:10:00-07:00,2025-10-05 20:10:00+00:00,2025-10-05 13:15:00-07:00,2025-10-05 20:15:00+00:00,REAL_TIME_5_MIN,BEARTAP_1_N001,Node,-4.04239,15.76091,-19.28319,-0.52011,0.0
2025-10-05 13:10:00-07:00,2025-10-05 20:10:00+00:00,2025-10-05 13:15:00-07:00,2025-10-05 20:15:00+00:00,REAL_TIME_5_MIN,SOUTHBY_6_N001,Node,38.60137,15.76091,22.16904,0.67141,0.0
2025-10-05 13:15:00-07:00,2025-10-05 20:15:00+00:00,2025-10-05 13:20:00-07:00,2025-10-05 20:20:00+00:00,REAL_TIME_5_MIN,BALCH1_7_N001,Node,-11.82711,15.73332,-27.63123,0.0708,0.0
2025-10-05 13:15:00-07:00,2025-10-05 20:15:00+00:00,2025-10-05 13:20:00-07:00,2025-10-05 20:20:00+00:00,REAL_TIME_5_MIN,BEARTAP_1_N001,Node,-4.03652,15.73332,-19.25535,-0.51448,0.0
2025-10-05 13:15:00-07:00,2025-10-05 20:15:00+00:00,2025-10-05 13:20:00-07:00,2025-10-05 20:20:00+00:00,REAL_TIME_5_MIN,SOUTHBY_6_N001,Node,38.64043,15.73332,22.24946,0.65765,0.0
2025-10-05 13:20:00-07:00,2025-10-05 20:20:00+00:00,2025-10-05 13:25:00-07:00,2025-10-05 20:25:00+00:00,REAL_TIME_5_MIN,BALCH1_7_N001,Node,-11.84684,15.57064,-27.48754,0.07007,0.0
2025-10-05 13:20:00-07:00,2025-10-05 20:20:00+00:00,2025-10-05 13:25:00-07:00,2025-10-05 20:25:00+00:00,REAL_TIME_5_MIN,BEARTAP_1_N001,Node,-4.30693,15.57064,-19.36841,-0.50916,0.0
2025-10-05 13:20:00-07:00,2025-10-05 20:20:00+00:00,2025-10-05 13:25:00-07:00,2025-10-05 20:25:00+00:00,REAL_TIME_5_MIN,SOUTHBY_6_N001,Node,38.62868,15.57064,22.40719,0.65085,0.0
2025-10-05 13:25:00-07:00,2025-10-05 20:25:00+00:00,2025-10-05 13:30:00-07:00,2025-10-05 20:30:00+00:00,REAL_TIME_5_MIN,BALCH1_7_N001,Node,-11.92571,15.54559,-27.54125,0.06996,0.0
2025-10-05 13:25:00-07:00,2025-10-05 20:25:00+00:00,2025-10-05 13:30:00-07:00,2025-10-05 20:30:00+00:00,REAL_TIME_5_MIN,BEARTAP_1_N001,Node,-4.3582,15.54559,-19.39544,-0.50834,0.0
2025-10-05 13:25:00-07:00,2025-10-05 20:25:00+00:00,2025-10-05 13:30:00-07:00,2025-10-05 20:30:00+00:00,REAL_TIME_5_MIN,SOUTHBY_6_N001,Node,38.6325,15.54559,22.43711,0.64981,0.0
2025-10-05 13:30:00-07:00,2025-10-05 20:30:00+00:00,2025-10-05 13:35:00-07:00,2025-10-05 20:35:00+00:00,REAL_TIME_5_MIN,BALCH1_7_N001,Node,-12.23431,16.05937,-28.37879,0.08511,0.0
2025-10-05 13:30:00-07:00,2025-10-05 20:30:00+00:00,2025-10-05 13:35:00-07:00,2025-10-05 20:35:00+00:00,REAL_TIME_5_MIN,BEARTAP_1_N001,Node,-4.09925,16.05937,-19.64472,-0.5139,0.0
2025-10-05 13:30:00-07:00,2025-10-05 20:30:00+00:00,2025-10-05 13:35:00-07:00,2025-10-05 20:35:00+00:00,REAL_TIME_5_MIN,SOUTHBY_6_N001,Node,39.9091,16.05937,23.18969,0.66004,0.0
2025-10-05 13:35:00-07:00,2025-10-05 20:35:00+00:00,2025-10-05 13:40:00-07:00,2025-10-05 20:40:00+00:00,REAL_TIME_5_MIN,BALCH1_7_N001,Node,-12.68049,17.15979,-29.93124,0.09095,0.0
2025-10-05 13:35:00-07:00,2025-10-05 20:35:00+00:00,2025-10-05 13:40:00-07:00,2025-10-05 20:40:00+00:00,REAL_TIME_5_MIN,BEARTAP_1_N001,Node,-3.42819,17.15979,-20.03887,-0.54911,0.0
2025-10-05 13:35:00-07:00,2025-10-05 20:35:00+00:00,2025-10-05 13:40:00-07:00,2025-10-05 20:40:00+00:00,REAL_TIME_5_MIN,SOUTHBY_6_N001,Node,40.30547,17.15979,22.44041,0.70527,0.0
2025-10-05 13:40:00-07:00,2025-10-05 20:40:00+00:00,2025-10-05 13:45:00-07:00,2025-10-05 20:45:00+00:00,REAL_TIME_5_MIN,BALCH1_7_N001,Node,-12.0117,16.63007,-28.72991,0.08814,0.0
2025-10-05 13:40:00-07:00,2025-10-05 20:40:00+00:00,2025-10-05 13:45:00-07:00,2025-10-05 20:45:00+00:00,REAL_TIME_5_MIN,BEARTAP_1_N001,Node,-4.12545,16.63007,-20.22336,-0.53216,0.0
2025-10-05 13:40:00-07:00,2025-10-05 20:40:00+00:00,2025-10-05 13:45:00-07:00,2025-10-05 20:45:00+00:00,REAL_TIME_5_MIN,SOUTHBY_6_N001,Node,40.97068,16.63007,23.65711,0.6835,0.0
2025-10-05 13:45:00-07:00,2025-10-05 20:45:00+00:00,2025-10-05 13:50:00-07:00,2025-10-05 20:50:00+00:00,REAL_TIME_5_MIN,BALCH1_7_N001,Node,-12.06172,15.46582,-27.6126,0.08506,0.0
2025-10-05 13:45:00-07:00,2025-10-05 20:45:00+00:00,2025-10-05 13:50:00-07:00,2025-10-05 20:50:00+00:00,REAL_TIME_5_MIN,BEARTAP_1_N001,Node,-3.94183,15.46582,-18.90501,-0.50264,0.0
2025-10-05 13:45:00-07:00,2025-10-05 20:45:00+00:00,2025-10-05 13:50:00-07:00,2025-10-05 20:50:00+00:00,REAL_TIME_5_MIN,SOUTHBY_6_N001,Node,38.62668,15.46582,22.52985,0.63101,0.0
2025-10-05 13:50:00-07:00,2025-10-05 20:50:00+00:00,2025-10-05 13:55:00-07:00,2025-10-05 20:55:00+00:00,REAL_TIME_5_MIN,BALCH1_7_N001,Node,-11.85686,15.50692,-27.44907,0.08529,0.0
2025-10-05 13:50:00-07:00,2025-10-05 20:50:00+00:00,2025-10-05 13:55:00-07:00,2025-10-05 20:55:00+00:00,REAL_TIME_5_MIN,BEARTAP_1_N001,Node,-3.95394,15.50692,-18.95688,-0.50397,0.0
2025-10-05 13:50:00-07:00,2025-10-05 20:50:00+00:00,2025-10-05 13:55:00-07:00,2025-10-05 20:55:00+00:00,REAL_TIME_5_MIN,SOUTHBY_6_N001,Node,38.7522,15.50692,22.6126,0.63268,0.0
2025-10-05 13:55:00-07:00,2025-10-05 20:55:00+00:00,2025-10-05 14:00:00-07:00,2025-10-05 21:00:00+00:00,REAL_TIME_5_MIN,BALCH1_7_N001,Node,-11.56596,16.40528,-28.06147,0.09023,0.0
2025-10-05 13:55:00-07:00,2025-10-05 20:55:00+00:00,2025-10-05 14:00:00-07:00,2025-10-05 21:00:00+00:00,REAL_TIME_5_MIN,BEARTAP_1_N001,Node,-4.11201,16.40528,-19.98411,-0.53317,0.0
2025-10-05 13:55:00-07:00,2025-10-05 20:55:00+00:00,2025-10-05 14:00:00-07:00,2025-10-05 21:00:00+00:00,REAL_TIME_5_MIN,SOUTHBY_6_N001,Node,40.98911,16.40528,23.9145,0.66934,0.0
2025-10-05 14:00:00-07:00,2025-10-05 21:00:00+00:00,2025-10-05 14:05:00-07:00,2025-10-05 21:05:00+00:00,REAL_TIME_5_MIN,BALCH1_7_N001,Node,-11.81841,15.25775,-27.20585,0.12969,0.0
2025-10-05 14:00:00-07:00,2025-10-05 21:00:00+00:00,2025-10-05 14:05:00-07:00,2025-10-05 21:05:00+00:00,REAL_TIME_5_MIN,BEARTAP_1_N001,Node,-4.59053,15.25775,-19.37986,-0.46841,0.0
2025-10-05 14:00:00-07:00,2025-10-05 21:00:00+00:00,2025-10-05 14:05:00-07:00,2025-10-05 21:05:00+00:00,REAL_TIME_5_MIN,SOUTHBY_6_N001,Node,39.4183,15.25775,23.54261,0.61794,0.0
2025-10-05 14:05:00-07:00,2025-10-05 21:05:00+00:00,2025-10-05 14:10:00-07:00,2025-10-05 21:10:00+00:00,REAL_TIME_5_MIN,BALCH1_7_N001,Node,-11.8582,15.62871,-27.61975,0.13284,0.0
2025-10-05 14:05:00-07:00,2025-10-05 21:05:00+00:00,2025-10-05 14:10:00-07:00,2025-10-05 21:10:00+00:00,REAL_TIME_5_MIN,BEARTAP_1_N001,Node,-4.21218,15.62871,-19.36109,-0.4798,0.0
2025-10-05 14:05:00-07:00,2025-10-05 21:05:00+00:00,2025-10-05 14:10:00-07:00,2025-10-05 21:10:00+00:00,REAL_TIME_5_MIN,SOUTHBY_6_N001,Node,39.74554,15.62871,23.48387,0.63296,0.0
2025-10-05 14:10:00-07:00,2025-10-05 21:10:00+00:00,2025-10-05 14:15:00-07:00,2025-10-05 21:15:00+00:00,REAL_TIME_5_MIN,BALCH1_7_N001,Node,-11.37598,16.45492,-27.97077,0.13987,0.0
2025-10-05 14:10:00-07:00,2025-10-05 21:10:00+00:00,2025-10-05 14:15:00-07:00,2025-10-05 21:15:00+00:00,REAL_TIME_5_MIN,BEARTAP_1_N001,Node,-4.17842,16.45492,-20.12818,-0.50517,0.0
2025-10-05 14:10:00-07:00,2025-10-05 21:10:00+00:00,2025-10-05 14:15:00-07:00,2025-10-05 21:15:00+00:00,REAL_TIME_5_MIN,SOUTHBY_6_N001,Node,41.47247,16.45492,24.35112,0.66642,0.0
2025-10-05 14:15:00-07:00,2025-10-05 21:15:00+00:00,2025-10-05 14:20:00-07:00,2025-10-05 21:20:00+00:00,REAL_TIME_5_MIN,BALCH1_7_N001,Node,-11.9238,15.68162,-27.72303,0.11761,0.0
2025-10-05 14:15:00-07:00,2025-10-05 21:15:00+00:00,2025-10-05 14:20:00-07:00,2025-10-05 21:20:00+00:00,REAL_TIME_5_MIN,BEARTAP_1_N001,Node,-4.09879,15.68162,-19.29114,-0.48927,0.0
2025-10-05 14:15:00-07:00,2025-10-05 21:15:00+00:00,2025-10-05 14:20:00-07:00,2025-10-05 21:20:00+00:00,REAL_TIME_5_MIN,SOUTHBY_6_N001,Node,39.66119,15.68162,23.34917,0.6304,0.0
2025-10-05 14:20:00-07:00,2025-10-05 21:20:00+00:00,2025-10-05 14:25:00-07:00,2025-10-05 21:25:00+00:00,REAL_TIME_5_MIN,BALCH1_7_N001,Node,-12.30327,14.65001,-27.06315,0.10988,0.0
2025-10-05 14:20:00-07:00,2025-10-05 21:20:00+00:00,2025-10-05 14:25:00-07:00,2025-10-05 21:25:00+00:00,REAL_TIME_5_MIN,BEARTAP_1_N001,Node,-4.02696,14.65001,-18.21989,-0.45708,0.0
2025-10-05 14:20:00-07:00,2025-10-05 21:20:00+00:00,2025-10-05 14:25:00-07:00,2025-10-05 21:25:00+00:00,REAL_TIME_5_MIN,SOUTHBY_6_N001,Node,37.203,14.65001,21.96406,0.58893,0.0
2025-10-05 14:25:00-07:00,2025-10-05 21:25:00+00:00,2025-10-05 14:30:00-07:00,2025-10-05 21:30:00+00:00,REAL_TIME_5_MIN,BALCH1_7_N001,Node,-11.82497,15.12765,-27.06607,0.11346,0.0
2025-10-05 14:25:00-07:00,2025-10-05 21:25:00+00:00,2025-10-05 14:30:00-07:00,2025-10-05 21:30:00+00:00,REAL_TIME_5_MIN,BEARTAP_1_N001,Node,-4.22321,15.12765,-18.87888,-0.47198,0.0
2025-10-05 14:25:00-07:00,2025-10-05 21:25:00+00:00,2025-10-05 14:30:00-07:00,2025-10-05 21:30:00+00:00,REAL_TIME_5_MIN,SOUTHBY_6_N001,Node,38.59245,15.12765,22.85668,0.60813,0.0
2025-10-05 14:30:00-07:00,2025-10-05 21:30:00+00:00,2025-10-05 14:35:00-07:00,2025-10-05 21:35:00+00:00,REAL_TIME_5_MIN,BALCH1_7_N001,Node,-12.44633,14.68249,-27.23601,0.10718,0.0
2025-10-05 14:30:00-07:00,2025-10-05 21:30:00+00:00,2025-10-05 14:35:00-07:00,2025-10-05 21:35:00+00:00,REAL_TIME_5_MIN,BEARTAP_1_N001,Node,-4.24078,14.68249,-18.47252,-0.45075,0.0
2025-10-05 14:30:00-07:00,2025-10-05 21:30:00+00:00,2025-10-05 14:35:00-07:00,2025-10-05 21:35:00+00:00,REAL_TIME_5_MIN,SOUTHBY_6_N001,Node,37.97428,14.68249,22.71036,0.58143,0.0
2025-10-05 14:35:00-07:00,2025-10-05 21:35:00+00:00,2025-10-05 14:40:00-07:00,2025-10-05 21:40:00+00:00,REAL_TIME_5_MIN,BALCH1_7_N001,Node,-12.19654,14.55933,-26.86215,0.10628,0.0
2025-10-05 14:35:00-07:00,2025-10-05 21:35:00+00:00,2025-10-05 14:40:00-07:00,2025-10-05 21:40:00+00:00,REAL_TIME_5_MIN,BEARTAP_1_N001,Node,-4.18805,14.55933,-18.3004,-0.44697,0.0
2025-10-05 14:35:00-07:00,2025-10-05 21:35:00+00:00,2025-10-05 14:40:00-07:00,2025-10-05 21:40:00+00:00,REAL_TIME_5_MIN,SOUTHBY_6_N001,Node,37.64582,14.55933,22.50994,0.57655,0.0
2025-10-05 14:40:00-07:00,2025-10-05 21:40:00+00:00,2025-10-05 14:45:00-07:00,2025-10-05 21:45:00+00:00,REAL_TIME_5_MIN,BALCH1_7_N001,Node,-11.89415,15.02946,-27.03332,0.10972,0.0
2025-10-05 14:40:00-07:00,2025-10-05 21:40:00+00:00,2025-10-05 14:45:00-07:00,2025-10-05 21:45:00+00:00,REAL_TIME_5_MIN,BEARTAP_1_N001,Node,-4.47557,15.02946,-19.04362,-0.4614,0.0
2025-10-05 14:40:00-07:00,2025-10-05 21:40:00+00:00,2025-10-05 14:45:00-07:00,2025-10-05 21:45:00+00:00,REAL_TIME_5_MIN,SOUTHBY_6_N001,Node,39.13091,15.02946,23.50629,0.59517,0.0
2025-10-05 14:45:00-07:00,2025-10-05 21:45:00+00:00,2025-10-05 14:50:00-07:00,2025-10-05 21:50:00+00:00,REAL_TIME_5_MIN,BALCH1_7_N001,Node,-11.67147,15.37813,-27.19569,0.14609,0.0
2025-10-05 14:45:00-07:00,2025-10-05 21:45:00+00:00,2025-10-05 14:50:00-07:00,2025-10-05 21:50:00+00:00,REAL_TIME_5_MIN,BEARTAP_1_N001,Node,-4.35758,15.37813,-19.27283,-0.46288,0.0
2025-10-05 14:45:00-07:00,2025-10-05 21:45:00+00:00,2025-10-05 14:50:00-07:00,2025-10-05 21:50:00+00:00,REAL_TIME_5_MIN,SOUTHBY_6_N001,Node,39.9013,15.37813,23.87729,0.64588,0.0
2025-10-05 14:50:00-07:00,2025-10-05 21:50:00+00:00,2025-10-05 14:55:00-07:00,2025-10-05 21:55:00+00:00,REAL_TIME_5_MIN,BALCH1_7_N001,Node,-11.83134,14.9382,-26.91145,0.14191,0.0
2025-10-05 14:50:00-07:00,2025-10-05 21:50:00+00:00,2025-10-05 14:55:00-07:00,2025-10-05 21:55:00+00:00,REAL_TIME_5_MIN,BEARTAP_1_N001,Node,-4.39425,14.9382,-18.88282,-0.44964,0.0
2025-10-05 14:50:00-07:00,2025-10-05 21:50:00+00:00,2025-10-05 14:55:00-07:00,2025-10-05 21:55:00+00:00,REAL_TIME_5_MIN,SOUTHBY_6_N001,Node,38.93387,14.9382,23.36827,0.6274,0.0
2025-10-05 14:55:00-07:00,2025-10-05 21:55:00+00:00,2025-10-05 15:00:00-07:00,2025-10-05 22:00:00+00:00,REAL_TIME_5_MIN,BALCH1_7_N001,Node,-11.8971,14.75056,-26.78779,0.14013,0.0
2025-10-05 14:55:00-07:00,2025-10-05 21:55:00+00:00,2025-10-05 15:00:00-07:00,2025-10-05 22:00:00+00:00,REAL_TIME_5_MIN,BEARTAP_1_N001,Node,-4.38367,14.75056,-18.69023,-0.44399,0.0
2025-10-05 14:55:00-07:00,2025-10-05 21:55:00+00:00,2025-10-05 15:00:00-07:00,2025-10-05 22:00:00+00:00,REAL_TIME_5_MIN,SOUTHBY_6_N001,Node,38.48538,14.75056,23.1153,0.61952,0.0
2025-10-05 15:00:00-07:00,2025-10-05 22:00:00+00:00,2025-10-05 15:05:00-07:00,2025-10-05 22:05:00+00:00,REAL_TIME_5_MIN,BALCH1_7_N001,Node,-12.43672,13.3508,-26.03584,0.24832,0.0
2025-10-05 15:00:00-07:00,2025-10-05 22:00:00+00:00,2025-10-05 15:05:00-07:00,2025-10-05 22:05:00+00:00,REAL_TIME_5_MIN,BEARTAP_1_N001,Node,-4.98709,13.3508,-17.99477,-0.34312,0.0
2025-10-05 15:00:00-07:00,2025-10-05 22:00:00+00:00,2025-10-05 15:05:00-07:00,2025-10-05 22:05:00+00:00,REAL_TIME_5_MIN,SOUTHBY_6_N001,Node,36.59481,13.3508,22.69397,0.55005,0.0
2025-10-05 15:05:00-07:00,2025-10-05 22:05:00+00:00,2025-10-05 15:10:00-07:00,2025-10-05 22:10:00+00:00,REAL_TIME_5_MIN,BALCH1_7_N001,Node,-12.6967,12.63768,-25.56944,0.23506,0.0
2025-10-05 15:05:00-07:00,2025-10-05 22:05:00+00:00,2025-10-05 15:10:00-07:00,2025-10-05 22:10:00+00:00,REAL_TIME_5_MIN,BEARTAP_1_N001,Node,-5.05146,12.63768,-17.36436,-0.32479,0.0
2025-10-05 15:05:00-07:00,2025-10-05 22:05:00+00:00,2025-10-05 15:10:00-07:00,2025-10-05 22:10:00+00:00,REAL_TIME_5_MIN,SOUTHBY_6_N001,Node,35.01937,12.63768,21.86101,0.52067,0.0
2025-10-05 15:10:00-07:00,2025-10-05 22:10:00+00:00,2025-10-05 15:15:00-07:00,2025-10-05 22:15:00+00:00,REAL_TIME_5_MIN,BALCH1_7_N001,Node,-12.78398,12.37495,-25.3891,0.23017,0.0
2025-10-05 15:10:00-07:00,2025-10-05 22:10:00+00:00,2025-10-05 15:15:00-07:00,2025-10-05 22:15:00+00:00,REAL_TIME_5_MIN,BEARTAP_1_N001,Node,-4.98082,12.37495,-17.03773,-0.31804,0.0
2025-10-05 15:10:00-07:00,2025-10-05 22:10:00+00:00,2025-10-05 15:15:00-07:00,2025-10-05 22:15:00+00:00,REAL_TIME_5_MIN,SOUTHBY_6_N001,Node,34.30902,12.37495,21.42423,0.50985,0.0
2025-10-05 15:15:00-07:00,2025-10-05 22:15:00+00:00,2025-10-05 15:20:00-07:00,2025-10-05 22:20:00+00:00,REAL_TIME_5_MIN,BALCH1_7_N001,Node,-12.32717,13.59254,-26.15215,0.23243,0.0
2025-10-05 15:15:00-07:00,2025-10-05 22:15:00+00:00,2025-10-05 15:20:00-07:00,2025-10-05 22:20:00+00:00,REAL_TIME_5_MIN,BEARTAP_1_N001,Node,-5.29329,13.59254,-18.53786,-0.34797,0.0
2025-10-05 15:15:00-07:00,2025-10-05 22:15:00+00:00,2025-10-05 15:20:00-07:00,2025-10-05 22:20:00+00:00,REAL_TIME_5_MIN,SOUTHBY_6_N001,Node,37.70048,13.59254,23.55744,0.5505,0.0
2025-10-05 15:20:00-07:00,2025-10-05 22:20:00+00:00,2025-10-05 15:25:00-07:00,2025-10-05 22:25:00+00:00,REAL_TIME_5_MIN,BALCH1_7_N001,Node,-12.62872,12.89451,-25.74372,0.2205,0.0
2025-10-05 15:20:00-07:00,2025-10-05 22:20:00+00:00,2025-10-05 15:25:00-07:00,2025-10-05 22:25:00+00:00,REAL_TIME_5_MIN,BEARTAP_1_N001,Node,-5.81424,12.89451,-18.37865,-0.3301,0.0
2025-10-05 15:20:00-07:00,2025-10-05 22:20:00+00:00,2025-10-05 15:25:00-07:00,2025-10-05 22:25:00+00:00,REAL_TIME_5_MIN,SOUTHBY_6_N001,Node,36.78824,12.89451,23.37151,0.52223,0.0
2025-10-05 15:25:00-07:00,2025-10-05 22:25:00+00:00,2025-10-05 15:30:00-07:00,2025-10-05 22:30:00+00:00,REAL_TIME_5_MIN,BALCH1_7_N001,Node,-12.18189,14.06937,-26.49184,0.24059,0.0
2025-10-05 15:25:00-07:00,2025-10-05 22:25:00+00:00,2025-10-05 15:30:00-07:00,2025-10-05 22:30:00+00:00,REAL_TIME_5_MIN,BEARTAP_1_N001,Node,-5.58238,14.06937,-19.29157,-0.36018,0.0
2025-10-05 15:25:00-07:00,2025-10-05 22:25:00+00:00,2025-10-05 15:30:00-07:00,2025-10-05 22:30:00+00:00,REAL_TIME_5_MIN,SOUTHBY_6_N001,Node,39.21894,14.06937,24.57977,0.56981,0.0
2025-10-05 15:30:00-07:00,2025-10-05 22:30:00+00:00,2025-10-05 15:35:00-07:00,2025-10-05 22:35:00+00:00,REAL_TIME_5_MIN,BALCH1_7_N001,Node,-10.33611,14.9278,-25.46095,0.19705,0.0
2025-10-05 15:30:00-07:00,2025-10-05 22:30:00+00:00,2025-10-05 15:35:00-07:00,2025-10-05 22:35:00+00:00,REAL_TIME_5_MIN,BEARTAP_1_N001,Node,-5.27109,14.9278,-19.8227,-0.37618,0.0
2025-10-05 15:30:00-07:00,2025-10-05 22:30:00+00:00,2025-10-05 15:35:00-07:00,2025-10-05 22:35:00+00:00,REAL_TIME_5_MIN,SOUTHBY_6_N001,Node,40.90908,14.9278,25.40805,0.57323,0.0
2025-10-05 15:35:00-07:00,2025-10-05 22:35:00+00:00,2025-10-05 15:40:00-07:00,2025-10-05 22:40:00+00:00,REAL_TIME_5_MIN,BALCH1_7_N001,Node,-9.46077,15.87399,-25.5443,0.20954,0.0
2025-10-05 15:35:00-07:00,2025-10-05 22:35:00+00:00,2025-10-05 15:40:00-07:00,2025-10-05 22:40:00+00:00,REAL_TIME_5_MIN,BEARTAP_1_N001,Node,-5.20665,15.87399,-20.68061,-0.40002,0.0
2025-10-05 15:35:00-07:00,2025-10-05 22:35:00+00:00,2025-10-05 15:40:00-07:00,2025-10-05 22:40:00+00:00,REAL_TIME_5_MIN,SOUTHBY_6_N001,Node,43.08192,15.87399,26.59837,0.60956,0.0
2025-10-05 15:40:00-07:00,2025-10-05 22:40:00+00:00,2025-10-05 15:45:00-07:00,2025-10-05 22:45:00+00:00,REAL_TIME_5_MIN,BALCH1_7_N001,Node,-7.34244,17.48593,-25.05918,0.23081,0.0
2025-10-05 15:40:00-07:00,2025-10-05 22:40:00+00:00,2025-10-05 15:45:00-07:00,2025-10-05 22:45:00+00:00,REAL_TIME_5_MIN,BEARTAP_1_N001,Node,-5.22167,17.48593,-22.26695,-0.44065,0.0
2025-10-05 15:40:00-07:00,2025-10-05 22:40:00+00:00,2025-10-05 15:45:00-07:00,2025-10-05 22:45:00+00:00,REAL_TIME_5_MIN,SOUTHBY_6_N001,Node,47.01365,17.48593,28.85627,0.67146,0.0
2025-10-05 15:45:00-07:00,2025-10-05 22:45:00+00:00,2025-10-05 15:50:00-07:00,2025-10-05 22:50:00+00:00,REAL_TIME_5_MIN,BALCH1_7_N001,Node,-6.73466,17.77873,-24.78897,0.27557,0.0
2025-10-05 15:45:00-07:00,2025-10-05 22:45:00+00:00,2025-10-05 15:50:00-07:00,2025-10-05 22:50:00+00:00,REAL_TIME_5_MIN,BEARTAP_1_N001,Node,-4.9086,17.77873,-22.24997,-0.43736,0.0
2025-10-05 15:45:00-07:00,2025-10-05 22:45:00+00:00,2025-10-05 15:50:00-07:00,2025-10-05 22:50:00+00:00,REAL_TIME_5_MIN,SOUTHBY_6_N001,Node,47.501,17.77873,29.03778,0.68448,0.0
2025-10-05 15:50:00-07:00,2025-10-05 22:50:00+00:00,2025-10-05 15:55:00-07:00,2025-10-05 22:55:00+00:00,REAL_TIME_5_MIN,BALCH1_7_N001,Node,-6.55701,17.40311,-24.22987,0.26975,0.0
2025-10-05 15:50:00-07:00,2025-10-05 22:50:00+00:00,2025-10-05 15:55:00-07:00,2025-10-05 22:55:00+00:00,REAL_TIME_5_MIN,BEARTAP_1_N001,Node,-5.47998,17.40311,-22.45498,-0.42812,0.0
2025-10-05 15:50:00-07:00,2025-10-05 22:50:00+00:00,2025-10-05 15:55:00-07:00,2025-10-05 22:55:00+00:00,REAL_TIME_5_MIN,SOUTHBY_6_N001,Node,47.45197,17.40311,29.37884,0.67002,0.0
2025-10-05 15:55:00-07:00,2025-10-05 22:55:00+00:00,2025-10-05 16:00:00-07:00,2025-10-05 23:00:00+00:00,REAL_TIME_5_MIN,BALCH1_7_N001,Node,-6.7553,17.75206,-24.78252,0.27516,0.0
2025-10-05 15:55:00-07:00,2025-10-05 22:55:00+00:00,2025-10-05 16:00:00-07:00,2025-10-05 23:00:00+00:00,REAL_TIME_5_MIN,BEARTAP_1_N001,Node,-4.80301,17.75206,-22.11837,-0.4367,0.0
2025-10-05 15:55:00-07:00,2025-10-05 22:55:00+00:00,2025-10-05 16:00:00-07:00,2025-10-05 23:00:00+00:00,REAL_TIME_5_MIN,SOUTHBY_6_N001,Node,47.28846,17.75206,28.85294,0.68345,0.0
2025-10-05 16:00:00-07:00,2025-10-05 23:00:00+00:00,2025-10-05 16:05:00-07:00,2025-10-05 23:05:00+00:00,REAL_TIME_5_MIN,BALCH1_7_N001,Node,-4.37978,14.61675,-19.36488,0.36834,0.0
2025-10-05 16:00:00-07:00,2025-10-05 23:00:00+00:00,2025-10-05 16:05:00-07:00,2025-10-05 23:05:00+00:00,REAL_TIME_5_MIN,BEARTAP_1_N001,Node,-9.51539,14.61675,-23.78719,-0.34496,0.0
2025-10-05 16:00:00-07:00,2025-10-05 23:00:00+00:00,2025-10-05 16:05:00-07:00,2025-10-05 23:05:00+00:00,REAL_TIME_5_MIN,SOUTHBY_6_N001,Node,46.81057,14.61675,31.61645,0.57736,0.0
2025-10-05 16:05:00-07:00,2025-10-05 23:05:00+00:00,2025-10-05 16:10:00-07:00,2025-10-05 23:10:00+00:00,REAL_TIME_5_MIN,BALCH1_7_N001,Node,-4.42852,14.4956,-19.28941,0.36529,0.0
2025-10-05 16:05:00-07:00,2025-10-05 23:05:00+00:00,2025-10-05 16:10:00-07:00,2025-10-05 23:10:00+00:00,REAL_TIME_5_MIN,BEARTAP_1_N001,Node,-9.73933,14.4956,-23.89283,-0.3421,0.0
2025-10-05 16:05:00-07:00,2025-10-05 23:05:00+00:00,2025-10-05 16:10:00-07:00,2025-10-05 23:10:00+00:00,REAL_TIME_5_MIN,SOUTHBY_6_N001,Node,46.8398,14.4956,31.77163,0.57258,0.0
2025-10-05 16:10:00-07:00,2025-10-05 23:10:00+00:00,2025-10-05 16:15:00-07:00,2025-10-05 23:15:00+00:00,REAL_TIME_5_MIN,BALCH1_7_N001,Node,-6.37461,14.49821,-21.23817,0.36535,0.0
2025-10-05 16:10:00-07:00,2025-10-05 23:10:00+00:00,2025-10-05 16:15:00-07:00,2025-10-05 23:15:00+00:00,REAL_TIME_5_MIN,BEARTAP_1_N001,Node,-10.38877,14.49821,-24.54482,-0.34216,0.0
2025-10-05 16:10:00-07:00,2025-10-05 23:10:00+00:00,2025-10-05 16:15:00-07:00,2025-10-05 23:15:00+00:00,REAL_TIME_5_MIN,SOUTHBY_6_N001,Node,47.57931,14.49821,32.50842,0.57268,0.0
2025-10-05 16:15:00-07:00,2025-10-05 23:15:00+00:00,2025-10-05 16:20:00-07:00,2025-10-05 23:20:00+00:00,REAL_TIME_5_MIN,BALCH1_7_N001,Node,-9.61968,12.50285,-22.4226,0.30007,0.0
2025-10-05 16:15:00-07:00,2025-10-05 23:15:00+00:00,2025-10-05 16:20:00-07:00,2025-10-05 23:20:00+00:00,REAL_TIME_5_MIN,BEARTAP_1_N001,Node,-3.94142,12.50285,-16.15421,-0.29007,0.0
2025-10-05 16:15:00-07:00,2025-10-05 23:15:00+00:00,2025-10-05 16:20:00-07:00,2025-10-05 23:20:00+00:00,REAL_TIME_5_MIN,SOUTHBY_6_N001,Node,33.26757,12.50285,20.32962,0.4351,0.0
2025-10-05 16:20:00-07:00,2025-10-05 23:20:00+00:00,2025-10-05 16:25:00-07:00,2025-10-05 23:25:00+00:00,REAL_TIME_5_MIN,BALCH1_7_N001,Node,-9.55492,14.14474,-24.03913,0.33947,0.0
2025-10-05 16:20:00-07:00,2025-10-05 23:20:00+00:00,2025-10-05 16:25:00-07:00,2025-10-05 23:25:00+00:00,REAL_TIME_5_MIN,BEARTAP_1_N001,Node,-4.4215,14.14474,-18.23808,-0.32816,0.0
2025-10-05 16:20:00-07:00,2025-10-05 23:20:00+00:00,2025-10-05 16:25:00-07:00,2025-10-05 23:25:00+00:00,REAL_TIME_5_MIN,SOUTHBY_6_N001,Node,38.56753,14.14474,23.93056,0.49224,0.0
2025-10-05 16:25:00-07:00,2025-10-05 23:25:00+00:00,2025-10-05 16:30:00-07:00,2025-10-05 23:30:00+00:00,REAL_TIME_5_MIN,BALCH1_7_N001,Node,-8.2927,15.23609,-23.89446,0.36567,0.0
2025-10-05 16:25:00-07:00,2025-10-05 23:25:00+00:00,2025-10-05 16:30:00-07:00,2025-10-05 23:30:00+00:00,REAL_TIME_5_MIN,BEARTAP_1_N001,Node,-4.22662,15.23609,-19.10924,-0.35348,0.0
2025-10-05 16:25:00-07:00,2025-10-05 23:25:00+00:00,2025-10-05 16:30:00-07:00,2025-10-05 23:30:00+00:00,REAL_TIME_5_MIN,SOUTHBY_6_N001,Node,40.56832,15.23609,24.80201,0.53022,0.0
2025-10-05 16:30:00-07:00,2025-10-05 23:30:00+00:00,2025-10-05 16:35:00-07:00,2025-10-05 23:35:00+00:00,REAL_TIME_5_MIN,BALCH1_7_N001,Node,-15.49487,19.22967,-35.10529,0.38075,0.0
2025-10-05 16:30:00-07:00,2025-10-05 23:30:00+00:00,2025-10-05 16:35:00-07:00,2025-10-05 23:35:00+00:00,REAL_TIME_5_MIN,BEARTAP_1_N001,Node,-8.26519,19.22967,-26.98528,-0.50959,0.0
2025-10-05 16:30:00-07:00,2025-10-05 23:30:00+00:00,2025-10-05 16:35:00-07:00,2025-10-05 23:35:00+00:00,REAL_TIME_5_MIN,SOUTHBY_6_N001,Node,48.02414,19.22967,27.89644,0.89803,0.0
2025-10-05 16:35:00-07:00,2025-10-05 23:35:00+00:00,2025-10-05 16:40:00-07:00,2025-10-05 23:40:00+00:00,REAL_TIME_5_MIN,BALCH1_7_N001,Node,-15.39941,25.24499,-41.14424,0.49985,0.0
2025-10-05 16:35:00-07:00,2025-10-05 23:35:00+00:00,2025-10-05 16:40:00-07:00,2025-10-05 23:40:00+00:00,REAL_TIME_5_MIN,BEARTAP_1_N001,Node,-1.53679,25.24499,-26.11279,-0.66899,0.0
2025-10-05 16:35:00-07:00,2025-10-05 23:35:00+00:00,2025-10-05 16:40:00-07:00,2025-10-05 23:40:00+00:00,REAL_TIME_5_MIN,SOUTHBY_6_N001,Node,49.70323,25.24499,23.2793,1.17894,0.0
2025-10-05 16:40:00-07:00,2025-10-05 23:40:00+00:00,2025-10-05 16:45:00-07:00,2025-10-05 23:45:00+00:00,REAL_TIME_5_MIN,BALCH1_7_N001,Node,-14.0304,30.38982,-45.02193,0.60172,0.0
2025-10-05 16:40:00-07:00,2025-10-05 23:40:00+00:00,2025-10-05 16:45:00-07:00,2025-10-05 23:45:00+00:00,REAL_TIME_5_MIN,BEARTAP_1_N001,Node,1.02349,30.38982,-28.561,-0.80533,0.0
2025-10-05 16:40:00-07:00,2025-10-05 23:40:00+00:00,2025-10-05 16:45:00-07:00,2025-10-05 23:45:00+00:00,REAL_TIME_5_MIN,SOUTHBY_6_N001,Node,57.11355,30.38982,25.30453,1.4192,0.0
2025-10-05 16:45:00-07:00,2025-10-05 23:45:00+00:00,2025-10-05 16:50:00-07:00,2025-10-05 23:50:00+00:00,REAL_TIME_5_MIN,BALCH1_7_N001,Node,-2.39336,36.59435,-39.17801,0.19029,0.0
2025-10-05 16:45:00-07:00,2025-10-05 23:45:00+00:00,2025-10-05 16:50:00-07:00,2025-10-05 23:50:00+00:00,REAL_TIME_5_MIN,BEARTAP_1_N001,Node,21.07413,36.59435,-14.58341,-0.93682,0.0
2025-10-05 16:45:00-07:00,2025-10-05 23:45:00+00:00,2025-10-05 16:50:00-07:00,2025-10-05 23:50:00+00:00,REAL_TIME_5_MIN,SOUTHBY_6_N001,Node,53.74973,36.59435,15.84164,1.31374,0.0
2025-10-05 16:50:00-07:00,2025-10-05 23:50:00+00:00,2025-10-05 16:55:00-07:00,2025-10-05 23:55:00+00:00,REAL_TIME_5_MIN,BALCH1_7_N001,Node,0.27493,41.14861,-41.08765,0.21397,0.0
2025-10-05 16:50:00-07:00,2025-10-05 23:50:00+00:00,2025-10-05 16:55:00-07:00,2025-10-05 23:55:00+00:00,REAL_TIME_5_MIN,BEARTAP_1_N001,Node,25.88884,41.14861,-14.20637,-1.0534,0.0
2025-10-05 16:50:00-07:00,2025-10-05 23:50:00+00:00,2025-10-05 16:55:00-07:00,2025-10-05 23:55:00+00:00,REAL_TIME_5_MIN,SOUTHBY_6_N001,Node,58.13012,41.14861,15.50427,1.47724,0.0
2025-10-05 16:55:00-07:00,2025-10-05 23:55:00+00:00,2025-10-05 17:00:00-07:00,2025-10-06 00:00:00+00:00,REAL_TIME_5_MIN,BALCH1_7_N001,Node,0.61689,40.82806,-40.42348,0.21231,0.0
2025-10-05 16:55:00-07:00,2025-10-05 23:55:00+00:00,2025-10-05 17:00:00-07:00,2025-10-06 00:00:00+00:00,REAL_TIME_5_MIN,BEARTAP_1_N001,Node,25.90577,40.82806,-13.87709,-1.0452,0.0
2025-10-05 16:55:00-07:00,2025-10-05 23:55:00+00:00,2025-10-05 17:00:00-07:00,2025-10-06 00:00:00+00:00,REAL_TIME_5_MIN,SOUTHBY_6_N001,Node,57.58241,40.82806,15.28861,1.46573,0.0
2025-10-05 17:00:00-07:00,2025-10-06 00:00:00+00:00,2025-10-05 17:05:00-07:00,2025-10-06 00:05:00+00:00,REAL_TIME_5_MIN,BALCH1_7_N001,Node,-0.12722,32.67119,-33.70014,0.90172,0.0
2025-10-05 17:00:00-07:00,2025-10-06 00:00:00+00:00,2025-10-05 17:05:00-07:00,2025-10-06 00:05:00+00:00,REAL_TIME_5_MIN,BEARTAP_1_N001,Node,20.49779,32.67119,-11.3893,-0.78411,0.0
2025-10-05 17:00:00-07:00,2025-10-06 00:00:00+00:00,2025-10-05 17:05:00-07:00,2025-10-06 00:05:00+00:00,REAL_TIME_5_MIN,SOUTHBY_6_N001,Node,46.9535,32.67119,12.80884,1.47347,0.0
2025-10-05 17:05:00-07:00,2025-10-06 00:05:00+00:00,2025-10-05 17:10:00-07:00,2025-10-06 00:10:00+00:00,REAL_TIME_5_MIN,BALCH1_7_N001,Node,8.7436,35.89346,-28.14052,0.99066,0.0
2025-10-05 17:05:00-07:00,2025-10-06 00:05:00+00:00,2025-10-05 17:10:00-07:00,2025-10-06 00:10:00+00:00,REAL_TIME_5_MIN,BEARTAP_1_N001,Node,25.54988,35.89346,-9.48213,-0.86144,0.0
2025-10-05 17:05:00-07:00,2025-10-06 00:05:00+00:00,2025-10-05 17:10:00-07:00,2025-10-06 00:10:00+00:00,REAL_TIME_5_MIN,SOUTHBY_6_N001,Node,48.21788,35.89346,10.70563,1.61879,0.0
2025-10-05 17:10:00-07:00,2025-10-06 00:10:00+00:00,2025-10-05 17:15:00-07:00,2025-10-06 00:15:00+00:00,REAL_TIME_5_MIN,BALCH1_7_N001,Node,16.47831,39.85951,-24.48132,1.10012,0.0
2025-10-05 17:10:00-07:00,2025-10-06 00:10:00+00:00,2025-10-05 17:15:00-07:00,2025-10-06 00:15:00+00:00,REAL_TIME_5_MIN,BEARTAP_1_N001,Node,30.65374,39.85951,-8.24914,-0.95663,0.0
2025-10-05 17:10:00-07:00,2025-10-06 00:10:00+00:00,2025-10-05 17:15:00-07:00,2025-10-06 00:15:00+00:00,REAL_TIME_5_MIN,SOUTHBY_6_N001,Node,50.97072,39.85951,9.31354,1.79766,0.0
2025-10-05 17:15:00-07:00,2025-10-06 00:15:00+00:00,2025-10-05 17:20:00-07:00,2025-10-06 00:20:00+00:00,REAL_TIME_5_MIN,BALCH1_7_N001,Node,38.62155,46.93217,-7.32974,-0.98088,0.0
2025-10-05 17:15:00-07:00,2025-10-06 00:15:00+00:00,2025-10-05 17:20:00-07:00,2025-10-06 00:20:00+00:00,REAL_TIME_5_MIN,BEARTAP_1_N001,Node,43.43455,46.93217,-2.46981,-1.02781,0.0
2025-10-05 17:15:00-07:00,2025-10-06 00:15:00+00:00,2025-10-05 17:20:00-07:00,2025-10-06 00:20:00+00:00,REAL_TIME_5_MIN,SOUTHBY_6_N001,Node,51.28339,46.93217,2.86816,1.48306,0.0
2025-10-05 17:20:00-07:00,2025-10-06 00:20:00+00:00,2025-10-05 17:25:00-07:00,2025-10-06 00:25:00+00:00,REAL_TIME_5_MIN,BALCH1_7_N001,Node,48.89271,49.93638,0.0,-1.04367,0.0
2025-10-05 17:20:00-07:00,2025-10-06 00:20:00+00:00,2025-10-05 17:25:00-07:00,2025-10-06 00:25:00+00:00,REAL_TIME_5_MIN,BEARTAP_1_N001,Node,48.84277,49.93638,0.0,-1.09361,0.0
2025-10-05 17:20:00-07:00,2025-10-06 00:20:00+00:00,2025-10-05 17:25:00-07:00,2025-10-06 00:25:00+00:00,REAL_TIME_5_MIN,SOUTHBY_6_N001,Node,51.51437,49.93638,0.0,1.57799,0.0
2025-10-05 17:25:00-07:00,2025-10-06 00:25:00+00:00,2025-10-05 17:30:00-07:00,2025-10-06 00:30:00+00:00,REAL_TIME_5_MIN,BALCH1_7_N001,Node,52.79355,53.92049,0.0,-1.12694,0.0
2025-10-05 17:25:00-07:00,2025-10-06 00:25:00+00:00,2025-10-05 17:30:00-07:00,2025-10-06 00:30:00+00:00,REAL_TIME_5_MIN,BEARTAP_1_N001,Node,52.73963,53.92049,0.0,-1.18086,0.0
2025-10-05 17:25:00-07:00,2025-10-06 00:25:00+00:00,2025-10-05 17:30:00-07:00,2025-10-06 00:30:00+00:00,REAL_TIME_5_MIN,SOUTHBY_6_N001,Node,55.62438,53.92049,0.0,1.70389,0.0
2025-10-05 17:30:00-07:00,2025-10-06 00:30:00+00:00,2025-10-05 17:35:00-07:00,2025-10-06 00:35:00+00:00,REAL_TIME_5_MIN,BALCH1_7_N001,Node,58.41188,60.543,0.0,-2.13111,0.0
2025-10-05 17:30:00-07:00,2025-10-06 00:30:00+00:00,2025-10-05 17:35:00-07:00,2025-10-06 00:35:00+00:00,REAL_TIME_5_MIN,BEARTAP_1_N001,Node,59.30186,60.543,0.0,-1.24113,0.0
2025-10-05 17:30:00-07:00,2025-10-06 00:30:00+00:00,2025-10-05 17:35:00-07:00,2025-10-06 00:35:00+00:00,REAL_TIME_5_MIN,SOUTHBY_6_N001,Node,62.1716,60.543,0.0,1.62861,0.0
2025-10-05 17:35:00-07:00,2025-10-06 00:35:00+00:00,2025-10-05 17:40:00-07:00,2025-10-06 00:40:00+00:00,REAL_TIME_5_MIN,BALCH1_7_N001,Node,59.06471,61.21964,0.0,-2.15493,0.0
2025-10-05 17:35:00-07:00,2025-10-06 00:35:00+00:00,2025-10-05 17:40:00-07:00,2025-10-06 00:40:00+00:00,REAL_TIME_5_MIN,BEARTAP_1_N001,Node,59.96464,61.21964,0.0,-1.255,0.0
2025-10-05 17:35:00-07:00,2025-10-06 00:35:00+00:00,2025-10-05 17:40:00-07:00,2025-10-06 00:40:00+00:00,REAL_TIME_5_MIN,SOUTHBY_6_N001,Node,62.86645,61.21964,0.0,1.64681,0.0
2025-10-05 17:40:00-07:00,2025-10-06 00:40:00+00:00,2025-10-05 17:45:00-07:00,2025-10-06 00:45:00+00:00,REAL_TIME_5_MIN,BALCH1_7_N001,Node,61.65894,63.90852,0.0,-2.24958,0.0
2025-10-05 17:40:00-07:00,2025-10-06 00:40:00+00:00,2025-10-05 17:45:00-07:00,2025-10-06 00:45:00+00:00,REAL_TIME_5_MIN,BEARTAP_1_N001,Node,62.5984,63.90852,0.0,-1.31012,0.0
2025-10-05 17:40:00-07:00,2025-10-06 00:40:00+00:00,2025-10-05 17:45:00-07:00,2025-10-06 00:45:00+00:00,REAL_TIME_5_MIN,SOUTHBY_6_N001,Node,65.62766,63.90852,0.0,1.71914,0.0
2025-10-05 17:45:00-07:00,2025-10-06 00:45:00+00:00,2025-10-05 17:50:00-07:00,2025-10-06 00:50:00+00:00,REAL_TIME_5_MIN,BALCH1_7_N001,Node,88.32007,90.71494,0.0,-2.39487,0.0
2025-10-05 17:45:00-07:00,2025-10-06 00:45:00+00:00,2025-10-05 17:50:00-07:00,2025-10-06 00:50:00+00:00,REAL_TIME_5_MIN,BEARTAP_1_N001,Node,89.17279,90.71494,0.0,-1.54215,0.0
2025-10-05 17:45:00-07:00,2025-10-06 00:45:00+00:00,2025-10-05 17:50:00-07:00,2025-10-06 00:50:00+00:00,REAL_TIME_5_MIN,SOUTHBY_6_N001,Node,93.35474,90.71494,0.0,2.6398,0.0
2025-10-05 17:50:00-07:00,2025-10-06 00:50:00+00:00,2025-10-05 17:55:00-07:00,2025-10-06 00:55:00+00:00,REAL_TIME_5_MIN,BALCH1_7_N001,Node,120.89002,124.16805,0.0,-3.27804,0.0
2025-10-05 17:50:00-07:00,2025-10-06 00:50:00+00:00,2025-10-05 17:55:00-07:00,2025-10-06 00:55:00+00:00,REAL_TIME_5_MIN,BEARTAP_1_N001,Node,122.0572,124.16805,0.0,-2.11086,0.0
2025-10-05 17:50:00-07:00,2025-10-06 00:50:00+00:00,2025-10-05 17:55:00-07:00,2025-10-06 00:55:00+00:00,REAL_TIME_5_MIN,SOUTHBY_6_N001,Node,127.78134,124.16805,0.0,3.61329,0.0
2025-10-05 17:55:00-07:00,2025-10-06 00:55:00+00:00,2025-10-05 18:00:00-07:00,2025-10-06 01:00:00+00:00,REAL_TIME_5_MIN,BALCH1_7_N001,Node,153.1597,157.31274,0.0,-4.15306,0.0
2025-10-05 17:55:00-07:00,2025-10-06 00:55:00+00:00,2025-10-05 18:00:00-07:00,2025-10-06 01:00:00+00:00,REAL_TIME_5_MIN,BEARTAP_1_N001,Node,154.63844,157.31274,0.0,-2.67432,0.0
2025-10-05 17:55:00-07:00,2025-10-06 00:55:00+00:00,2025-10-05 18:00:00-07:00,2025-10-06 01:00:00+00:00,REAL_TIME_5_MIN,SOUTHBY_6_N001,Node,161.89056,157.31274,0.0,4.5778,0.0
2025-10-05 18:00:00-07:00,2025-10-06 01:00:00+00:00,2025-10-05 18:05:00-07:00,2025-10-06 01:05:00+00:00,REAL_TIME_5_MIN,BALCH1_7_N001,Node,51.61976,53.03581,0.0,-1.41606,0.0
2025-10-05 18:00:00-07:00,2025-10-06 01:00:00+00:00,2025-10-05 18:05:00-07:00,2025-10-06 01:05:00+00:00,REAL_TIME_5_MIN,BEARTAP_1_N001,Node,52.54258,53.03581,0.0,-0.49323,0.0
2025-10-05 18:00:00-07:00,2025-10-06 01:00:00+00:00,2025-10-05 18:05:00-07:00,2025-10-06 01:05:00+00:00,REAL_TIME_5_MIN,SOUTHBY_6_N001,Node,55.32166,53.03581,0.0,2.28584,0.0
2025-10-05 18:05:00-07:00,2025-10-06 01:05:00+00:00,2025-10-05 18:10:00-07:00,2025-10-06 01:10:00+00:00,REAL_TIME_5_MIN,BALCH1_7_N001,Node,49.13645,53.7461,-3.17463,-1.43502,0.0
2025-10-05 18:05:00-07:00,2025-10-06 01:05:00+00:00,2025-10-05 18:10:00-07:00,2025-10-06 01:10:00+00:00,REAL_TIME_5_MIN,BEARTAP_1_N001,Node,53.24626,53.7461,0.0,-0.49984,0.0
2025-10-05 18:05:00-07:00,2025-10-06 01:05:00+00:00,2025-10-05 18:10:00-07:00,2025-10-06 01:10:00+00:00,REAL_TIME_5_MIN,SOUTHBY_6_N001,Node,56.06256,53.7461,0.0,2.31646,0.0
2025-10-05 18:10:00-07:00,2025-10-06 01:10:00+00:00,2025-10-05 18:15:00-07:00,2025-10-06 01:15:00+00:00,REAL_TIME_5_MIN,BALCH1_7_N001,Node,52.023,58.03238,-4.45992,-1.54946,0.0
2025-10-05 18:10:00-07:00,2025-10-06 01:10:00+00:00,2025-10-05 18:15:00-07:00,2025-10-06 01:15:00+00:00,REAL_TIME_5_MIN,BEARTAP_1_N001,Node,57.49268,58.03238,0.0,-0.5397,0.0
2025-10-05 18:10:00-07:00,2025-10-06 01:10:00+00:00,2025-10-05 18:15:00-07:00,2025-10-06 01:15:00+00:00,REAL_TIME_5_MIN,SOUTHBY_6_N001,Node,60.53358,58.03238,0.0,2.5012,0.0
2025-10-05 18:15:00-07:00,2025-10-06 01:15:00+00:00,2025-10-05 18:20:00-07:00,2025-10-06 01:20:00+00:00,REAL_TIME_5_MIN,BALCH1_7_N001,Node,56.55636,65.5915,-7.34945,-1.6857,0.0
2025-10-05 18:15:00-07:00,2025-10-06 01:15:00+00:00,2025-10-05 18:20:00-07:00,2025-10-06 01:20:00+00:00,REAL_TIME_5_MIN,BEARTAP_1_N001,Node,65.17828,65.5915,0.0,-0.41323,0.0
2025-10-05 18:15:00-07:00,2025-10-06 01:15:00+00:00,2025-10-05 18:20:00-07:00,2025-10-06 01:20:00+00:00,REAL_TIME_5_MIN,SOUTHBY_6_N001,Node,68.26108,65.5915,0.0,2.66957,0.0
2025-10-05 18:20:00-07:00,2025-10-06 01:20:00+00:00,2025-10-05 18:25:00-07:00,2025-10-06 01:25:00+00:00,REAL_TIME_5_MIN,BALCH1_7_N001,Node,57.47643,67.26457,-8.05945,-1.7287,0.0
2025-10-05 18:20:00-07:00,2025-10-06 01:20:00+00:00,2025-10-05 18:25:00-07:00,2025-10-06 01:25:00+00:00,REAL_TIME_5_MIN,BEARTAP_1_N001,Node,66.84081,67.26457,0.0,-0.42377,0.0
2025-10-05 18:20:00-07:00,2025-10-06 01:20:00+00:00,2025-10-05 18:25:00-07:00,2025-10-06 01:25:00+00:00,REAL_TIME_5_MIN,SOUTHBY_6_N001,Node,70.00224,67.26457,0.0,2.73767,0.0
2025-10-05 18:25:00-07:00,2025-10-06 01:25:00+00:00,2025-10-05 18:30:00-07:00,2025-10-06 01:30:00+00:00,REAL_TIME_5_MIN,BALCH1_7_N001,Node,57.2731,66.89485,-7.90255,-1.7192,0.0
2025-10-05 18:25:00-07:00,2025-10-06 01:25:00+00:00,2025-10-05 18:30:00-07:00,2025-10-06 01:30:00+00:00,REAL_TIME_5_MIN,BEARTAP_1_N001,Node,66.47341,66.89485,0.0,-0.42144,0.0
2025-10-05 18:25:00-07:00,2025-10-06 01:25:00+00:00,2025-10-05 18:30:00-07:00,2025-10-06 01:30:00+00:00,REAL_TIME_5_MIN,SOUTHBY_6_N001,Node,69.61747,66.89485,0.0,2.72262,0.0
2025-10-05 18:30:00-07:00,2025-10-06 01:30:00+00:00,2025-10-05 18:35:00-07:00,2025-10-06 01:35:00+00:00,REAL_TIME_5_MIN,BALCH1_7_N001,Node,56.41141,65.58691,-7.08327,-2.09222,0.0
2025-10-05 18:30:00-07:00,2025-10-06 01:30:00+00:00,2025-10-05 18:35:00-07:00,2025-10-06 01:35:00+00:00,REAL_TIME_5_MIN,BEARTAP_1_N001,Node,65.14747,65.58691,0.0,-0.43943,0.0
2025-10-05 18:30:00-07:00,2025-10-06 01:30:00+00:00,2025-10-05 18:35:00-07:00,2025-10-06 01:35:00+00:00,REAL_TIME_5_MIN,SOUTHBY_6_N001,Node,68.19071,65.58691,0.0,2.6038,0.0
2025-10-05 18:35:00-07:00,2025-10-06 01:35:00+00:00,2025-10-05 18:40:00-07:00,2025-10-06 01:40:00+00:00,REAL_TIME_5_MIN,BALCH1_7_N001,Node,56.35603,65.48579,-7.04077,-2.089,0.0
2025-10-05 18:35:00-07:00,2025-10-06 01:35:00+00:00,2025-10-05 18:40:00-07:00,2025-10-06 01:40:00+00:00,REAL_TIME_5_MIN,BEARTAP_1_N001,Node,65.04704,65.48579,0.0,-0.43875,0.0
2025-10-05 18:35:00-07:00,2025-10-06 01:35:00+00:00,2025-10-05 18:40:00-07:00,2025-10-06 01:40:00+00:00,REAL_TIME_5_MIN,SOUTHBY_6_N001,Node,68.08558,65.48579,0.0,2.59979,0.0
2025-10-05 18:40:00-07:00,2025-10-06 01:40:00+00:00,2025-10-05 18:45:00-07:00,2025-10-06 01:45:00+00:00,REAL_TIME_5_MIN,BALCH1_7_N001,Node,55.77787,64.43029,-6.5971,-2.05533,0.0
2025-10-05 18:40:00-07:00,2025-10-06 01:40:00+00:00,2025-10-05 18:45:00-07:00,2025-10-06 01:45:00+00:00,REAL_TIME_5_MIN,BEARTAP_1_N001,Node,63.99861,64.43029,0.0,-0.43168,0.0
2025-10-05 18:40:00-07:00,2025-10-06 01:40:00+00:00,2025-10-05 18:45:00-07:00,2025-10-06 01:45:00+00:00,REAL_TIME_5_MIN,SOUTHBY_6_N001,Node,66.98817,64.43029,0.0,2.55788,0.0
2025-10-05 18:45:00-07:00,2025-10-06 01:45:00+00:00,2025-10-05 18:50:00-07:00,2025-10-06 01:50:00+00:00,REAL_TIME_5_MIN,BALCH1_7_N001,Node,54.09546,61.10473,-5.24945,-1.75982,0.0
2025-10-05 18:45:00-07:00,2025-10-06 01:45:00+00:00,2025-10-05 18:50:00-07:00,2025-10-06 01:50:00+00:00,REAL_TIME_5_MIN,BEARTAP_1_N001,Node,60.74421,61.10473,0.0,-0.36052,0.0
2025-10-05 18:45:00-07:00,2025-10-06 01:45:00+00:00,2025-10-05 18:50:00-07:00,2025-10-06 01:50:00+00:00,REAL_TIME_5_MIN,SOUTHBY_6_N001,Node,63.66502,61.10473,0.0,2.56029,0.0
2025-10-05 18:50:00-07:00,2025-10-06 01:50:00+00:00,2025-10-05 18:55:00-07:00,2025-10-06 01:55:00+00:00,REAL_TIME_5_MIN,BALCH1_7_N001,Node,54.15928,61.22044,-5.29802,-1.76315,0.0
2025-10-05 18:50:00-07:00,2025-10-06 01:50:00+00:00,2025-10-05 18:55:00-07:00,2025-10-06 01:55:00+00:00,REAL_TIME_5_MIN,BEARTAP_1_N001,Node,60.85924,61.22044,0.0,-0.3612,0.0
2025-10-05 18:50:00-07:00,2025-10-06 01:50:00+00:00,2025-10-05 18:55:00-07:00,2025-10-06 01:55:00+00:00,REAL_TIME_5_MIN,SOUTHBY_6_N001,Node,63.78558,61.22044,0.0,2.56514,0.0
2025-10-05 18:55:00-07:00,2025-10-06 01:55:00+00:00,2025-10-05 19:00:00-07:00,2025-10-06 02:00:00+00:00,REAL_TIME_5_MIN,BALCH1_7_N001,Node,55.6159,63.86163,-6.40651,-1.83921,0.0
2025-10-05 18:55:00-07:00,2025-10-06 01:55:00+00:00,2025-10-05 19:00:00-07:00,2025-10-06 02:00:00+00:00,REAL_TIME_5_MIN,BEARTAP_1_N001,Node,63.48485,63.86163,0.0,-0.37678,0.0
2025-10-05 18:55:00-07:00,2025-10-06 01:55:00+00:00,2025-10-05 19:00:00-07:00,2025-10-06 02:00:00+00:00,REAL_TIME_5_MIN,SOUTHBY_6_N001,Node,66.53743,63.86163,0.0,2.6758,0.0
2025-10-05 19:00:00-07:00,2025-10-06 02:00:00+00:00,2025-10-05 19:05:00-07:00,2025-10-06 02:05:00+00:00,REAL_TIME_5_MIN,BALCH1_7_N001,Node,49.17279,57.06855,-7.53623,-0.35953,0.0
2025-10-05 19:00:00-07:00,2025-10-06 02:00:00+00:00,2025-10-05 19:05:00-07:00,2025-10-06 02:05:00+00:00,REAL_TIME_5_MIN,BEARTAP_1_N001,Node,50.61118,57.06855,-6.27475,-0.18262,0.0
2025-10-05 19:00:00-07:00,2025-10-06 02:00:00+00:00,2025-10-05 19:05:00-07:00,2025-10-06 02:05:00+00:00,REAL_TIME_5_MIN,SOUTHBY_6_N001,Node,64.77666,57.06855,4.99736,2.71076,0.0
2025-10-05 19:05:00-07:00,2025-10-06 02:05:00+00:00,2025-10-05 19:10:00-07:00,2025-10-06 02:10:00+00:00,REAL_TIME_5_MIN,BALCH1_7_N001,Node,48.37966,56.09722,-7.36415,-0.35341,0.0
2025-10-05 19:05:00-07:00,2025-10-06 02:05:00+00:00,2025-10-05 19:10:00-07:00,2025-10-06 02:10:00+00:00,REAL_TIME_5_MIN,BEARTAP_1_N001,Node,49.56084,56.09722,-6.35686,-0.17951,0.0
2025-10-05 19:05:00-07:00,2025-10-06 02:05:00+00:00,2025-10-05 19:10:00-07:00,2025-10-06 02:10:00+00:00,REAL_TIME_5_MIN,SOUTHBY_6_N001,Node,63.81058,56.09722,5.04874,2.66462,0.0
2025-10-05 19:10:00-07:00,2025-10-06 02:10:00+00:00,2025-10-05 19:15:00-07:00,2025-10-06 02:15:00+00:00,REAL_TIME_5_MIN,BALCH1_7_N001,Node,49.53253,52.47469,-2.61157,-0.33059,0.0
2025-10-05 19:10:00-07:00,2025-10-06 02:10:00+00:00,2025-10-05 19:15:00-07:00,2025-10-06 02:15:00+00:00,REAL_TIME_5_MIN,BEARTAP_1_N001,Node,50.57484,52.47469,-1.73193,-0.16792,0.0
2025-10-05 19:10:00-07:00,2025-10-06 02:10:00+00:00,2025-10-05 19:15:00-07:00,2025-10-06 02:15:00+00:00,REAL_TIME_5_MIN,SOUTHBY_6_N001,Node,56.2434,52.47469,1.27616,2.49255,0.0
2025-10-05 19:15:00-07:00,2025-10-06 02:15:00+00:00,2025-10-05 19:20:00-07:00,2025-10-06 02:20:00+00:00,REAL_TIME_5_MIN,BALCH1_7_N001,Node,46.85692,51.99035,-4.93067,-0.20276,0.0
2025-10-05 19:15:00-07:00,2025-10-06 02:15:00+00:00,2025-10-05 19:20:00-07:00,2025-10-06 02:20:00+00:00,REAL_TIME_5_MIN,BEARTAP_1_N001,Node,49.59762,51.99035,-2.22636,-0.16637,0.0
2025-10-05 19:15:00-07:00,2025-10-06 02:15:00+00:00,2025-10-05 19:20:00-07:00,2025-10-06 02:20:00+00:00,REAL_TIME_5_MIN,SOUTHBY_6_N001,Node,56.3183,51.99035,1.70764,2.62031,0.0
2025-10-05 19:20:00-07:00,2025-10-06 02:20:00+00:00,2025-10-05 19:25:00-07:00,2025-10-06 02:25:00+00:00,REAL_TIME_5_MIN,BALCH1_7_N001,Node,46.20967,51.60788,-5.19694,-0.20127,0.0
2025-10-05 19:20:00-07:00,2025-10-06 02:20:00+00:00,2025-10-05 19:25:00-07:00,2025-10-06 02:25:00+00:00,REAL_TIME_5_MIN,BEARTAP_1_N001,Node,48.8994,51.60788,-2.54334,-0.16515,0.0
2025-10-05 19:20:00-07:00,2025-10-06 02:20:00+00:00,2025-10-05 19:25:00-07:00,2025-10-06 02:25:00+00:00,REAL_TIME_5_MIN,SOUTHBY_6_N001,Node,56.45088,51.60788,2.24196,2.60104,0.0
2025-10-05 19:25:00-07:00,2025-10-06 02:25:00+00:00,2025-10-05 19:30:00-07:00,2025-10-06 02:30:00+00:00,REAL_TIME_5_MIN,BALCH1_7_N001,Node,45.77676,51.38283,-5.40567,-0.20039,0.0
2025-10-05 19:25:00-07:00,2025-10-06 02:25:00+00:00,2025-10-05 19:30:00-07:00,2025-10-06 02:30:00+00:00,REAL_TIME_5_MIN,BEARTAP_1_N001,Node,49.05344,51.38283,-2.16497,-0.16443,0.0
2025-10-05 19:25:00-07:00,2025-10-06 02:25:00+00:00,2025-10-05 19:30:00-07:00,2025-10-06 02:30:00+00:00,REAL_TIME_5_MIN,SOUTHBY_6_N001,Node,55.9011,51.38283,1.92857,2.58969,0.0
2025-10-05 19:30:00-07:00,2025-10-06 02:30:00+00:00,2025-10-05 19:35:00-07:00,2025-10-06 02:35:00+00:00,REAL_TIME_5_MIN,BALCH1_7_N001,Node,48.77042,51.22044,-1.4,-1.05002,0.0
2025-10-05 19:30:00-07:00,2025-10-06 02:30:00+00:00,2025-10-05 19:35:00-07:00,2025-10-06 02:35:00+00:00,REAL_TIME_5_MIN,BEARTAP_1_N001,Node,49.17064,51.22044,-1.72199,-0.32781,0.0
2025-10-05 19:30:00-07:00,2025-10-06 02:30:00+00:00,2025-10-05 19:35:00-07:00,2025-10-06 02:35:00+00:00,REAL_TIME_5_MIN,SOUTHBY_6_N001,Node,54.97983,51.22044,1.5313,2.22809,0.0
2025-10-05 19:35:00-07:00,2025-10-06 02:35:00+00:00,2025-10-05 19:40:00-07:00,2025-10-06 02:40:00+00:00,REAL_TIME_5_MIN,BALCH1_7_N001,Node,48.65867,51.02253,-1.3179,-1.04596,0.0
2025-10-05 19:35:00-07:00,2025-10-06 02:35:00+00:00,2025-10-05 19:40:00-07:00,2025-10-06 02:40:00+00:00,REAL_TIME_5_MIN,BEARTAP_1_N001,Node,48.97155,51.02253,-1.72444,-0.32654,0.0
2025-10-05 19:35:00-07:00,2025-10-06 02:35:00+00:00,2025-10-05 19:40:00-07:00,2025-10-06 02:40:00+00:00,REAL_TIME_5_MIN,SOUTHBY_6_N001,Node,54.76849,51.02253,1.52648,2.21948,0.0
2025-10-05 19:40:00-07:00,2025-10-06 02:40:00+00:00,2025-10-05 19:45:00-07:00,2025-10-06 02:45:00+00:00,REAL_TIME_5_MIN,BALCH1_7_N001,Node,47.3945,49.6655,-1.25286,-1.01814,0.0
2025-10-05 19:40:00-07:00,2025-10-06 02:40:00+00:00,2025-10-05 19:45:00-07:00,2025-10-06 02:45:00+00:00,REAL_TIME_5_MIN,BEARTAP_1_N001,Node,48.20764,49.6655,-1.13999,-0.31786,0.0
2025-10-05 19:40:00-07:00,2025-10-06 02:40:00+00:00,2025-10-05 19:45:00-07:00,2025-10-06 02:45:00+00:00,REAL_TIME_5_MIN,SOUTHBY_6_N001,Node,52.94918,49.6655,1.12323,2.16045,0.0
2025-10-05 19:45:00-07:00,2025-10-06 02:45:00+00:00,2025-10-05 19:50:00-07:00,2025-10-06 02:50:00+00:00,REAL_TIME_5_MIN,BALCH1_7_N001,Node,47.16718,48.91458,-0.774,-0.9734,0.0
2025-10-05 19:45:00-07:00,2025-10-06 02:45:00+00:00,2025-10-05 19:50:00-07:00,2025-10-06 02:50:00+00:00,REAL_TIME_5_MIN,BEARTAP_1_N001,Node,46.8248,48.91458,-1.77673,-0.31305,0.0
2025-10-05 19:45:00-07:00,2025-10-06 02:45:00+00:00,2025-10-05 19:50:00-07:00,2025-10-06 02:50:00+00:00,REAL_TIME_5_MIN,SOUTHBY_6_N001,Node,52.64557,48.91458,1.61298,2.118,0.0
2025-10-05 19:50:00-07:00,2025-10-06 02:50:00+00:00,2025-10-05 19:55:00-07:00,2025-10-06 02:55:00+00:00,REAL_TIME_5_MIN,BALCH1_7_N001,Node,46.92026,49.20133,-1.30196,-0.97911,0.0
2025-10-05 19:50:00-07:00,2025-10-06 02:50:00+00:00,2025-10-05 19:55:00-07:00,2025-10-06 02:55:00+00:00,REAL_TIME_5_MIN,BEARTAP_1_N001,Node,47.53714,49.20133,-1.3493,-0.31489,0.0
2025-10-05 19:50:00-07:00,2025-10-06 02:50:00+00:00,2025-10-05 19:55:00-07:00,2025-10-06 02:55:00+00:00,REAL_TIME_5_MIN,SOUTHBY_6_N001,Node,52.63915,49.20133,1.3074,2.13042,0.0
2025-10-05 19:55:00-07:00,2025-10-06 02:55:00+00:00,2025-10-05 20:00:00-07:00,2025-10-06 03:00:00+00:00,REAL_TIME_5_MIN,BALCH1_7_N001,Node,46.90621,49.21765,-1.33201,-0.97943,0.0
2025-10-05 19:55:00-07:00,2025-10-06 02:55:00+00:00,2025-10-05 20:00:00-07:00,2025-10-06 03:00:00+00:00,REAL_TIME_5_MIN,BEARTAP_1_N001,Node,47.58685,49.21765,-1.31581,-0.31499,0.0
2025-10-05 19:55:00-07:00,2025-10-06 02:55:00+00:00,2025-10-05 20:00:00-07:00,2025-10-06 03:00:00+00:00,REAL_TIME_5_MIN,SOUTHBY_6_N001,Node,52.63879,49.21765,1.29002,2.13112,0.0
2025-10-05 20:00:00-07:00,2025-10-06 03:00:00+00:00,2025-10-05 20:05:00-07:00,2025-10-06 03:05:00+00:00,REAL_TIME_5_MIN,BALCH1_7_N001,Node,49.66999,50.35176,-0.27895,-0.40281,0.0
2025-10-05 20:00:00-07:00,2025-10-06 03:00:00+00:00,2025-10-05 20:05:00-07:00,2025-10-06 03:05:00+00:00,REAL_TIME_5_MIN,BEARTAP_1_N001,Node,46.8844,50.35176,-3.27603,-0.19134,0.0
2025-10-05 20:00:00-07:00,2025-10-06 03:00:00+00:00,2025-10-05 20:05:00-07:00,2025-10-06 03:05:00+00:00,REAL_TIME_5_MIN,SOUTHBY_6_N001,Node,55.49228,50.35176,2.76895,2.37157,0.0
2025-10-05 20:05:00-07:00,2025-10-06 03:05:00+00:00,2025-10-05 20:10:00-07:00,2025-10-06 03:10:00+00:00,REAL_TIME_5_MIN,BALCH1_7_N001,Node,47.61801,48.93654,-0.92704,-0.39149,0.0
2025-10-05 20:05:00-07:00,2025-10-06 03:05:00+00:00,2025-10-05 20:10:00-07:00,2025-10-06 03:10:00+00:00,REAL_TIME_5_MIN,BEARTAP_1_N001,Node,47.59242,48.93654,-1.15816,-0.18596,0.0
2025-10-05 20:05:00-07:00,2025-10-06 03:05:00+00:00,2025-10-05 20:10:00-07:00,2025-10-06 03:10:00+00:00,REAL_TIME_5_MIN,SOUTHBY_6_N001,Node,52.44992,48.93654,1.20847,2.30491,0.0
2025-10-05 20:10:00-07:00,2025-10-06 03:10:00+00:00,2025-10-05 20:15:00-07:00,2025-10-06 03:15:00+00:00,REAL_TIME_5_MIN,BALCH1_7_N001,Node,47.46887,48.57656,-0.71908,-0.38861,0.0
2025-10-05 20:10:00-07:00,2025-10-06 03:10:00+00:00,2025-10-05 20:15:00-07:00,2025-10-06 03:15:00+00:00,REAL_TIME_5_MIN,BEARTAP_1_N001,Node,47.1676,48.57656,-1.22436,-0.18459,0.0
2025-10-05 20:10:00-07:00,2025-10-06 03:10:00+00:00,2025-10-05 20:15:00-07:00,2025-10-06 03:15:00+00:00,REAL_TIME_5_MIN,SOUTHBY_6_N001,Node,52.13392,48.57656,1.2694,2.28796,0.0
2025-10-05 20:15:00-07:00,2025-10-06 03:15:00+00:00,2025-10-05 20:20:00-07:00,2025-10-06 03:20:00+00:00,REAL_TIME_5_MIN,BALCH1_7_N001,Node,49.31307,47.49894,2.20362,-0.38949,0.0
2025-10-05 20:15:00-07:00,2025-10-06 03:15:00+00:00,2025-10-05 20:20:00-07:00,2025-10-06 03:20:00+00:00,REAL_TIME_5_MIN,BEARTAP_1_N001,Node,42.16552,47.49894,-5.16718,-0.16625,0.0
2025-10-05 20:15:00-07:00,2025-10-06 03:15:00+00:00,2025-10-05 20:20:00-07:00,2025-10-06 03:20:00+00:00,REAL_TIME_5_MIN,SOUTHBY_6_N001,Node,54.13386,47.49894,4.27422,2.3607,0.0
2025-10-05 20:20:00-07:00,2025-10-06 03:20:00+00:00,2025-10-05 20:25:00-07:00,2025-10-06 03:25:00+00:00,REAL_TIME_5_MIN,BALCH1_7_N001,Node,49.78269,48.35444,1.82475,-0.39651,0.0
2025-10-05 20:20:00-07:00,2025-10-06 03:20:00+00:00,2025-10-05 20:25:00-07:00,2025-10-06 03:25:00+00:00,REAL_TIME_5_MIN,BEARTAP_1_N001,Node,43.10843,48.35444,-5.07677,-0.16924,0.0
2025-10-05 20:20:00-07:00,2025-10-06 03:20:00+00:00,2025-10-05 20:25:00-07:00,2025-10-06 03:25:00+00:00,REAL_TIME_5_MIN,SOUTHBY_6_N001,Node,54.98565,48.35444,4.22799,2.40322,0.0
2025-10-05 20:25:00-07:00,2025-10-06 03:25:00+00:00,2025-10-05 20:30:00-07:00,2025-10-06 03:30:00+00:00,REAL_TIME_5_MIN,BALCH1_7_N001,Node,46.67793,46.73882,0.32236,-0.38326,0.0
2025-10-05 20:25:00-07:00,2025-10-06 03:25:00+00:00,2025-10-05 20:30:00-07:00,2025-10-06 03:30:00+00:00,REAL_TIME_5_MIN,BEARTAP_1_N001,Node,45.07369,46.73882,-1.50155,-0.16359,0.0
2025-10-05 20:25:00-07:00,2025-10-06 03:25:00+00:00,2025-10-05 20:30:00-07:00,2025-10-06 03:30:00+00:00,REAL_TIME_5_MIN,SOUTHBY_6_N001,Node,50.61492,46.73882,1.55318,2.32292,0.0
2025-10-05 20:30:00-07:00,2025-10-06 03:30:00+00:00,2025-10-05 20:35:00-07:00,2025-10-06 03:35:00+00:00,REAL_TIME_5_MIN,BALCH1_7_N001,Node,47.52205,47.66096,0.352,-0.49091,0.0
2025-10-05 20:30:00-07:00,2025-10-06 03:30:00+00:00,2025-10-05 20:35:00-07:00,2025-10-06 03:35:00+00:00,REAL_TIME_5_MIN,BEARTAP_1_N001,Node,46.07202,47.66096,-1.23148,-0.35746,0.0
2025-10-05 20:30:00-07:00,2025-10-06 03:30:00+00:00,2025-10-05 20:35:00-07:00,2025-10-06 03:35:00+00:00,REAL_TIME_5_MIN,SOUTHBY_6_N001,Node,51.56893,47.66096,1.6965,2.21147,0.0
2025-10-05 20:35:00-07:00,2025-10-06 03:35:00+00:00,2025-10-05 20:40:00-07:00,2025-10-06 03:40:00+00:00,REAL_TIME_5_MIN,BALCH1_7_N001,Node,48.11243,47.77873,0.82583,-0.49212,0.0
2025-10-05 20:35:00-07:00,2025-10-06 03:35:00+00:00,2025-10-05 20:40:00-07:00,2025-10-06 03:40:00+00:00,REAL_TIME_5_MIN,BEARTAP_1_N001,Node,46.29396,47.77873,-1.12643,-0.35834,0.0
2025-10-05 20:35:00-07:00,2025-10-06 03:35:00+00:00,2025-10-05 20:40:00-07:00,2025-10-06 03:40:00+00:00,REAL_TIME_5_MIN,SOUTHBY_6_N001,Node,52.57221,47.77873,2.57655,2.21693,0.0
2025-10-05 20:40:00-07:00,2025-10-06 03:40:00+00:00,2025-10-05 20:45:00-07:00,2025-10-06 03:45:00+00:00,REAL_TIME_5_MIN,BALCH1_7_N001,Node,48.13646,48.67367,-0.03586,-0.50134,0.0
2025-10-05 20:40:00-07:00,2025-10-06 03:40:00+00:00,2025-10-05 20:45:00-07:00,2025-10-06 03:45:00+00:00,REAL_TIME_5_MIN,BEARTAP_1_N001,Node,47.32923,48.67367,-0.97939,-0.36505,0.0
2025-10-05 20:40:00-07:00,2025-10-06 03:40:00+00:00,2025-10-05 20:45:00-07:00,2025-10-06 03:45:00+00:00,REAL_TIME_5_MIN,SOUTHBY_6_N001,Node,52.71042,48.67367,1.77829,2.25846,0.0
2025-10-05 20:45:00-07:00,2025-10-06 03:45:00+00:00,2025-10-05 20:50:00-07:00,2025-10-06 03:50:00+00:00,REAL_TIME_5_MIN,BALCH1_7_N001,Node,47.80042,48.48029,-0.15143,-0.52844,0.0
2025-10-05 20:45:00-07:00,2025-10-06 03:45:00+00:00,2025-10-05 20:50:00-07:00,2025-10-06 03:50:00+00:00,REAL_TIME_5_MIN,BEARTAP_1_N001,Node,46.98346,48.48029,-1.10415,-0.39269,0.0
2025-10-05 20:45:00-07:00,2025-10-06 03:45:00+00:00,2025-10-05 20:50:00-07:00,2025-10-06 03:50:00+00:00,REAL_TIME_5_MIN,SOUTHBY_6_N001,Node,52.30854,48.48029,1.53512,2.29312,0.0
2025-10-05 20:50:00-07:00,2025-10-06 03:50:00+00:00,2025-10-05 20:55:00-07:00,2025-10-06 03:55:00+00:00,REAL_TIME_5_MIN,BALCH1_7_N001,Node,47.5053,47.87601,0.15114,-0.52185,0.0
2025-10-05 20:50:00-07:00,2025-10-06 03:50:00+00:00,2025-10-05 20:55:00-07:00,2025-10-06 03:55:00+00:00,REAL_TIME_5_MIN,BEARTAP_1_N001,Node,46.3168,47.87601,-1.17141,-0.3878,0.0
2025-10-05 20:50:00-07:00,2025-10-06 03:50:00+00:00,2025-10-05 20:55:00-07:00,2025-10-06 03:55:00+00:00,REAL_TIME_5_MIN,SOUTHBY_6_N001,Node,51.59363,47.87601,1.45309,2.26454,0.0
2025-10-05 20:55:00-07:00,2025-10-06 03:55:00+00:00,2025-10-05 21:00:00-07:00,2025-10-06 04:00:00+00:00,REAL_TIME_5_MIN,BALCH1_7_N001,Node,47.70406,48.70862,-0.47364,-0.53092,0.0
2025-10-05 20:55:00-07:00,2025-10-06 03:55:00+00:00,2025-10-05 21:00:00-07:00,2025-10-06 04:00:00+00:00,REAL_TIME_5_MIN,BEARTAP_1_N001,Node,47.34822,48.70862,-0.96586,-0.39454,0.0
2025-10-05 20:55:00-07:00,2025-10-06 03:55:00+00:00,2025-10-05 21:00:00-07:00,2025-10-06 04:00:00+00:00,REAL_TIME_5_MIN,SOUTHBY_6_N001,Node,52.10735,48.70862,1.09482,2.30392,0.0
2025-10-05 21:00:00-07:00,2025-10-06 04:00:00+00:00,2025-10-05 21:05:00-07:00,2025-10-06 04:05:00+00:00,REAL_TIME_5_MIN,BALCH1_7_N001,Node,49.31291,51.79309,-1.82759,-0.65259,0.0
2025-10-05 21:00:00-07:00,2025-10-06 04:00:00+00:00,2025-10-05 21:05:00-07:00,2025-10-06 04:05:00+00:00,REAL_TIME_5_MIN,BEARTAP_1_N001,Node,51.79041,51.79309,0.25628,-0.25897,0.0
2025-10-05 21:00:00-07:00,2025-10-06 04:00:00+00:00,2025-10-05 21:05:00-07:00,2025-10-06 04:05:00+00:00,REAL_TIME_5_MIN,SOUTHBY_6_N001,Node,53.86482,51.79309,0.0,2.07172,0.0
2025-10-05 21:05:00-07:00,2025-10-06 04:05:00+00:00,2025-10-05 21:10:00-07:00,2025-10-06 04:10:00+00:00,REAL_TIME_5_MIN,BALCH1_7_N001,Node,49.27493,51.72507,-1.7984,-0.65174,0.0
2025-10-05 21:05:00-07:00,2025-10-06 04:05:00+00:00,2025-10-05 21:10:00-07:00,2025-10-06 04:10:00+00:00,REAL_TIME_5_MIN,BEARTAP_1_N001,Node,51.72567,51.72507,0.25923,-0.25863,0.0
2025-10-05 21:05:00-07:00,2025-10-06 04:05:00+00:00,2025-10-05 21:10:00-07:00,2025-10-06 04:10:00+00:00,REAL_TIME_5_MIN,SOUTHBY_6_N001,Node,53.79407,51.72507,0.0,2.069,0.0
2025-10-05 21:10:00-07:00,2025-10-06 04:10:00+00:00,2025-10-05 21:15:00-07:00,2025-10-06 04:15:00+00:00,REAL_TIME_5_MIN,BALCH1_7_N001,Node,49.31131,51.79023,-1.82636,-0.65256,0.0
2025-10-05 21:10:00-07:00,2025-10-06 04:10:00+00:00,2025-10-05 21:15:00-07:00,2025-10-06 04:15:00+00:00,REAL_TIME_5_MIN,BEARTAP_1_N001,Node,51.80769,51.79023,0.27641,-0.25895,0.0
2025-10-05 21:10:00-07:00,2025-10-06 04:10:00+00:00,2025-10-05 21:15:00-07:00,2025-10-06 04:15:00+00:00,REAL_TIME_5_MIN,SOUTHBY_6_N001,Node,53.86184,51.79023,0.0,2.07161,0.0
2025-10-05 21:15:00-07:00,2025-10-06 04:15:00+00:00,2025-10-05 21:20:00-07:00,2025-10-06 04:20:00+00:00,REAL_TIME_5_MIN,BALCH1_7_N001,Node,48.53593,49.89371,-0.80396,-0.55382,0.0
2025-10-05 21:15:00-07:00,2025-10-06 04:15:00+00:00,2025-10-05 21:20:00-07:00,2025-10-06 04:20:00+00:00,REAL_TIME_5_MIN,BEARTAP_1_N001,Node,50.03053,49.89371,0.37132,-0.2345,0.0
2025-10-05 21:15:00-07:00,2025-10-06 04:15:00+00:00,2025-10-05 21:20:00-07:00,2025-10-06 04:20:00+00:00,REAL_TIME_5_MIN,SOUTHBY_6_N001,Node,51.80464,49.89371,0.0,1.91093,0.0
2025-10-05 21:20:00-07:00,2025-10-06 04:20:00+00:00,2025-10-05 21:25:00-07:00,2025-10-06 04:25:00+00:00,REAL_TIME_5_MIN,BALCH1_7_N001,Node,51.36866,54.9163,-2.93807,-0.60957,0.0
2025-10-05 21:20:00-07:00,2025-10-06 04:20:00+00:00,2025-10-05 21:25:00-07:00,2025-10-06 04:25:00+00:00,REAL_TIME_5_MIN,BEARTAP_1_N001,Node,55.57223,54.9163,0.91403,-0.25811,0.0
2025-10-05 21:20:00-07:00,2025-10-06 04:20:00+00:00,2025-10-05 21:25:00-07:00,2025-10-06 04:25:00+00:00,REAL_TIME_5_MIN,SOUTHBY_6_N001,Node,57.0196,54.9163,0.0,2.10329,0.0
2025-10-05 21:25:00-07:00,2025-10-06 04:25:00+00:00,2025-10-05 21:30:00-07:00,2025-10-06 04:30:00+00:00,REAL_TIME_5_MIN,BALCH1_7_N001,Node,51.19943,54.61625,-2.81057,-0.60624,0.0
2025-10-05 21:25:00-07:00,2025-10-06 04:25:00+00:00,2025-10-05 21:30:00-07:00,2025-10-06 04:30:00+00:00,REAL_TIME_5_MIN,BEARTAP_1_N001,Node,55.23464,54.61625,0.8751,-0.2567,0.0
2025-10-05 21:25:00-07:00,2025-10-06 04:25:00+00:00,2025-10-05 21:30:00-07:00,2025-10-06 04:30:00+00:00,REAL_TIME_5_MIN,SOUTHBY_6_N001,Node,56.70805,54.61625,0.0,2.0918,0.0
2025-10-05 21:30:00-07:00,2025-10-06 04:30:00+00:00,2025-10-05 21:35:00-07:00,2025-10-06 04:35:00+00:00,REAL_TIME_5_MIN,BALCH1_7_N001,Node,50.92631,54.46067,-2.69567,-0.83869,0.0
2025-10-05 21:30:00-07:00,2025-10-06 04:30:00+00:00,2025-10-05 21:35:00-07:00,2025-10-06 04:35:00+00:00,REAL_TIME_5_MIN,BEARTAP_1_N001,Node,54.81043,54.46067,0.75277,-0.40301,0.0
2025-10-05 21:30:00-07:00,2025-10-06 04:30:00+00:00,2025-10-05 21:35:00-07:00,2025-10-06 04:35:00+00:00,REAL_TIME_5_MIN,SOUTHBY_6_N001,Node,56.58463,54.46067,0.0,2.12397,0.0
2025-10-05 21:35:00-07:00,2025-10-06 04:35:00+00:00,2025-10-05 21:40:00-07:00,2025-10-06 04:40:00+00:00,REAL_TIME_5_MIN,BALCH1_7_N001,Node,50.64774,53.96375,-2.48497,-0.83104,0.0
2025-10-05 21:35:00-07:00,2025-10-06 04:35:00+00:00,2025-10-05 21:40:00-07:00,2025-10-06 04:40:00+00:00,REAL_TIME_5_MIN,BEARTAP_1_N001,Node,54.18705,53.96375,0.62264,-0.39933,0.0
2025-10-05 21:35:00-07:00,2025-10-06 04:35:00+00:00,2025-10-05 21:40:00-07:00,2025-10-06 04:40:00+00:00,REAL_TIME_5_MIN,SOUTHBY_6_N001,Node,56.06834,53.96375,0.0,2.10459,0.0
2025-10-05 21:40:00-07:00,2025-10-06 04:40:00+00:00,2025-10-05 21:45:00-07:00,2025-10-06 04:45:00+00:00,REAL_TIME_5_MIN,BALCH1_7_N001,Node,50.15399,53.08299,-2.11152,-0.81748,0.0
2025-10-05 21:40:00-07:00,2025-10-06 04:40:00+00:00,2025-10-05 21:45:00-07:00,2025-10-06 04:45:00+00:00,REAL_TIME_5_MIN,BEARTAP_1_N001,Node,53.1579,53.08299,0.46773,-0.39281,0.0
2025-10-05 21:40:00-07:00,2025-10-06 04:40:00+00:00,2025-10-05 21:45:00-07:00,2025-10-06 04:45:00+00:00,REAL_TIME_5_MIN,SOUTHBY_6_N001,Node,55.15323,53.08299,0.0,2.07024,0.0
2025-10-05 21:45:00-07:00,2025-10-06 04:45:00+00:00,2025-10-05 21:50:00-07:00,2025-10-06 04:50:00+00:00,REAL_TIME_5_MIN,BALCH1_7_N001,Node,48.73273,50.45074,-0.73926,-0.97874,0.0
2025-10-05 21:45:00-07:00,2025-10-06 04:45:00+00:00,2025-10-05 21:50:00-07:00,2025-10-06 04:50:00+00:00,REAL_TIME_5_MIN,BEARTAP_1_N001,Node,50.53526,50.45074,0.43767,-0.35316,0.0
2025-10-05 21:45:00-07:00,2025-10-06 04:45:00+00:00,2025-10-05 21:50:00-07:00,2025-10-06 04:50:00+00:00,REAL_TIME_5_MIN,SOUTHBY_6_N001,Node,52.23165,50.45074,0.0,1.78091,0.0
2025-10-05 21:50:00-07:00,2025-10-06 04:50:00+00:00,2025-10-05 21:55:00-07:00,2025-10-06 04:55:00+00:00,REAL_TIME_5_MIN,BALCH1_7_N001,Node,49.43939,51.70887,-1.26633,-1.00315,0.0
2025-10-05 21:50:00-07:00,2025-10-06 04:50:00+00:00,2025-10-05 21:55:00-07:00,2025-10-06 04:55:00+00:00,REAL_TIME_5_MIN,BEARTAP_1_N001,Node,51.77809,51.70887,0.43118,-0.36196,0.0
2025-10-05 21:50:00-07:00,2025-10-06 04:50:00+00:00,2025-10-05 21:55:00-07:00,2025-10-06 04:55:00+00:00,REAL_TIME_5_MIN,SOUTHBY_6_N001,Node,53.5342,51.70887,0.0,1.82532,0.0
2025-10-05 21:55:00-07:00,2025-10-06 04:55:00+00:00,2025-10-05 22:00:00-07:00,2025-10-06 05:00:00+00:00,REAL_TIME_5_MIN,BALCH1_7_N001,Node,49.25167,51.37466,-1.12632,-0.99667,0.0
2025-10-05 21:55:00-07:00,2025-10-06 04:55:00+00:00,2025-10-05 22:00:00-07:00,2025-10-06 05:00:00+00:00,REAL_TIME_5_MIN,BEARTAP_1_N001,Node,51.39731,51.37466,0.38227,-0.35962,0.0
2025-10-05 21:55:00-07:00,2025-10-06 04:55:00+00:00,2025-10-05 22:00:00-07:00,2025-10-06 05:00:00+00:00,REAL_TIME_5_MIN,SOUTHBY_6_N001,Node,53.18819,51.37466,0.0,1.81353,0.0
2025-10-05 22:00:00-07:00,2025-10-06 05:00:00+00:00,2025-10-05 22:05:00-07:00,2025-10-06 05:05:00+00:00,REAL_TIME_5_MIN,BALCH1_7_N001,Node,52.85051,57.0402,-3.933,-0.25668,0.0
2025-10-05 22:00:00-07:00,2025-10-06 05:00:00+00:00,2025-10-05 22:05:00-07:00,2025-10-06 05:05:00+00:00,REAL_TIME_5_MIN,BEARTAP_1_N001,Node,57.44653,57.0402,0.58886,-0.18253,0.0
2025-10-05 22:00:00-07:00,2025-10-06 05:00:00+00:00,2025-10-05 22:05:00-07:00,2025-10-06 05:05:00+00:00,REAL_TIME_5_MIN,SOUTHBY_6_N001,Node,59.67545,57.0402,0.0,2.63526,0.0
2025-10-05 22:05:00-07:00,2025-10-06 05:05:00+00:00,2025-10-05 22:10:00-07:00,2025-10-06 05:10:00+00:00,REAL_TIME_5_MIN,BALCH1_7_N001,Node,52.73895,56.84412,-3.84937,-0.2558,0.0
2025-10-05 22:05:00-07:00,2025-10-06 05:05:00+00:00,2025-10-05 22:10:00-07:00,2025-10-06 05:10:00+00:00,REAL_TIME_5_MIN,BEARTAP_1_N001,Node,57.31782,56.84412,0.6556,-0.1819,0.0
2025-10-05 22:05:00-07:00,2025-10-06 05:05:00+00:00,2025-10-05 22:10:00-07:00,2025-10-06 05:10:00+00:00,REAL_TIME_5_MIN,SOUTHBY_6_N001,Node,59.47031,56.84412,0.0,2.6262,0.0
2025-10-05 22:10:00-07:00,2025-10-06 05:10:00+00:00,2025-10-05 22:15:00-07:00,2025-10-06 05:15:00+00:00,REAL_TIME_5_MIN,BALCH1_7_N001,Node,52.09972,55.72065,-3.37018,-0.25074,0.0
2025-10-05 22:10:00-07:00,2025-10-06 05:10:00+00:00,2025-10-05 22:15:00-07:00,2025-10-06 05:15:00+00:00,REAL_TIME_5_MIN,BEARTAP_1_N001,Node,56.00509,55.72065,0.46275,-0.17831,0.0
2025-10-05 22:10:00-07:00,2025-10-06 05:10:00+00:00,2025-10-05 22:15:00-07:00,2025-10-06 05:15:00+00:00,REAL_TIME_5_MIN,SOUTHBY_6_N001,Node,58.29494,55.72065,0.0,2.57429,0.0
2025-10-05 22:15:00-07:00,2025-10-06 05:15:00+00:00,2025-10-05 22:20:00-07:00,2025-10-06 05:20:00+00:00,REAL_TIME_5_MIN,BALCH1_7_N001,Node,51.35899,54.42196,-2.55685,-0.50612,0.0
2025-10-05 22:15:00-07:00,2025-10-06 05:15:00+00:00,2025-10-05 22:20:00-07:00,2025-10-06 05:20:00+00:00,REAL_TIME_5_MIN,BEARTAP_1_N001,Node,54.73791,54.42196,0.45201,-0.13605,0.0
2025-10-05 22:15:00-07:00,2025-10-06 05:15:00+00:00,2025-10-05 22:20:00-07:00,2025-10-06 05:20:00+00:00,REAL_TIME_5_MIN,SOUTHBY_6_N001,Node,56.72401,54.42196,0.0,2.30205,0.0
2025-10-05 22:20:00-07:00,2025-10-06 05:20:00+00:00,2025-10-05 22:25:00-07:00,2025-10-06 05:25:00+00:00,REAL_TIME_5_MIN,BALCH1_7_N001,Node,53.47096,56.442,-2.44612,-0.52491,0.0
2025-10-05 22:20:00-07:00,2025-10-06 05:20:00+00:00,2025-10-05 22:25:00-07:00,2025-10-06 05:25:00+00:00,REAL_TIME_5_MIN,BEARTAP_1_N001,Node,56.77225,56.442,0.47136,-0.1411,0.0
2025-10-05 22:20:00-07:00,2025-10-06 05:20:00+00:00,2025-10-05 22:25:00-07:00,2025-10-06 05:25:00+00:00,REAL_TIME_5_MIN,SOUTHBY_6_N001,Node,58.82949,56.442,0.0,2.3875,0.0
2025-10-05 22:25:00-07:00,2025-10-06 05:25:00+00:00,2025-10-05 22:30:00-07:00,2025-10-06 05:30:00+00:00,REAL_TIME_5_MIN,BALCH1_7_N001,Node,53.06707,55.73083,-2.14546,-0.5183,0.0
2025-10-05 22:25:00-07:00,2025-10-06 05:25:00+00:00,2025-10-05 22:30:00-07:00,2025-10-06 05:30:00+00:00,REAL_TIME_5_MIN,BEARTAP_1_N001,Node,55.97634,55.73083,0.38484,-0.13933,0.0
2025-10-05 22:25:00-07:00,2025-10-06 05:25:00+00:00,2025-10-05 22:30:00-07:00,2025-10-06 05:30:00+00:00,REAL_TIME_5_MIN,SOUTHBY_6_N001,Node,58.08824,55.73083,0.0,2.35741,0.0
2025-10-05 22:30:00-07:00,2025-10-06 05:30:00+00:00,2025-10-05 22:35:00-07:00,2025-10-06 05:35:00+00:00,REAL_TIME_5_MIN,BALCH1_7_N001,Node,52.59812,55.23344,-1.87862,-0.7567,0.0
2025-10-05 22:30:00-07:00,2025-10-06 05:30:00+00:00,2025-10-05 22:35:00-07:00,2025-10-06 05:35:00+00:00,REAL_TIME_5_MIN,BEARTAP_1_N001,Node,55.36927,55.23344,0.45619,-0.32035,0.0
2025-10-05 22:30:00-07:00,2025-10-06 05:30:00+00:00,2025-10-05 22:35:00-07:00,2025-10-06 05:35:00+00:00,REAL_TIME_5_MIN,SOUTHBY_6_N001,Node,57.66371,55.23344,0.0,2.43027,0.0
2025-10-05 22:35:00-07:00,2025-10-06 05:35:00+00:00,2025-10-05 22:40:00-07:00,2025-10-06 05:40:00+00:00,REAL_TIME_5_MIN,BALCH1_7_N001,Node,52.11365,54.3753,-1.5167,-0.74494,0.0
2025-10-05 22:35:00-07:00,2025-10-06 05:35:00+00:00,2025-10-05 22:40:00-07:00,2025-10-06 05:40:00+00:00,REAL_TIME_5_MIN,BEARTAP_1_N001,Node,54.05992,54.3753,0.0,-0.31538,0.0
2025-10-05 22:35:00-07:00,2025-10-06 05:35:00+00:00,2025-10-05 22:40:00-07:00,2025-10-06 05:40:00+00:00,REAL_TIME_5_MIN,SOUTHBY_6_N001,Node,56.76781,54.3753,0.0,2.39251,0.0
2025-10-05 22:40:00-07:00,2025-10-06 05:40:00+00:00,2025-10-05 22:45:00-07:00,2025-10-06 05:45:00+00:00,REAL_TIME_5_MIN,BALCH1_7_N001,Node,52.0074,54.18709,-1.43733,-0.74236,0.0
2025-10-05 22:40:00-07:00,2025-10-06 05:40:00+00:00,2025-10-05 22:45:00-07:00,2025-10-06 05:45:00+00:00,REAL_TIME_5_MIN,BEARTAP_1_N001,Node,53.87281,54.18709,0.0,-0.31429,0.0
2025-10-05 22:40:00-07:00,2025-10-06 05:40:00+00:00,2025-10-05 22:45:00-07:00,2025-10-06 05:45:00+00:00,REAL_TIME_5_MIN,SOUTHBY_6_N001,Node,56.57133,54.18709,0.0,2.38423,0.0
2025-10-05 22:45:00-07:00,2025-10-06 05:45:00+00:00,2025-10-05 22:50:00-07:00,2025-10-06 05:50:00+00:00,REAL_TIME_5_MIN,BALCH1_7_N001,Node,53.14732,54.00052,0.0,-0.85321,0.0
2025-10-05 22:45:00-07:00,2025-10-06 05:45:00+00:00,2025-10-05 22:50:00-07:00,2025-10-06 05:50:00+00:00,REAL_TIME_5_MIN,BEARTAP_1_N001,Node,53.69605,54.00052,0.00333,-0.3078,0.0
2025-10-05 22:45:00-07:00,2025-10-06 05:45:00+00:00,2025-10-05 22:50:00-07:00,2025-10-06 05:50:00+00:00,REAL_TIME_5_MIN,SOUTHBY_6_N001,Node,56.33335,54.00052,0.0,2.33282,0.0
2025-10-05 22:50:00-07:00,2025-10-06 05:50:00+00:00,2025-10-05 22:55:00-07:00,2025-10-06 05:55:00+00:00,REAL_TIME_5_MIN,BALCH1_7_N001,Node,53.09889,53.95132,0.0,-0.85243,0.0
2025-10-05 22:50:00-07:00,2025-10-06 05:50:00+00:00,2025-10-05 22:55:00-07:00,2025-10-06 05:55:00+00:00,REAL_TIME_5_MIN,BEARTAP_1_N001,Node,53.64379,53.95132,0.0,-0.30752,0.0
2025-10-05 22:50:00-07:00,2025-10-06 05:50:00+00:00,2025-10-05 22:55:00-07:00,2025-10-06 05:55:00+00:00,REAL_TIME_5_MIN,SOUTHBY_6_N001,Node,56.28201,53.95132,0.0,2.3307,0.0
2025-10-05 22:55:00-07:00,2025-10-06 05:55:00+00:00,2025-10-05 23:00:00-07:00,2025-10-06 06:00:00+00:00,REAL_TIME_5_MIN,BALCH1_7_N001,Node,51.82158,53.92404,-1.25046,-0.852,0.0
2025-10-05 22:55:00-07:00,2025-10-06 05:55:00+00:00,2025-10-05 23:00:00-07:00,2025-10-06 06:00:00+00:00,REAL_TIME_5_MIN,BEARTAP_1_N001,Node,53.61667,53.92404,0.0,-0.30737,0.0
2025-10-05 22:55:00-07:00,2025-10-06 05:55:00+00:00,2025-10-05 23:00:00-07:00,2025-10-06 06:00:00+00:00,REAL_TIME_5_MIN,SOUTHBY_6_N001,Node,56.25356,53.92404,0.0,2.32952,0.0
2025-10-05 23:00:00-07:00,2025-10-06 06:00:00+00:00,2025-10-05 23:05:00-07:00,2025-10-06 06:05:00+00:00,REAL_TIME_5_MIN,BALCH1_7_N001,Node,54.32373,54.90573,0.0,-0.582,0.0
2025-10-05 23:00:00-07:00,2025-10-06 06:00:00+00:00,2025-10-05 23:05:00-07:00,2025-10-06 06:05:00+00:00,REAL_TIME_5_MIN,BEARTAP_1_N001,Node,55.09315,54.90573,0.36862,-0.18119,0.0
2025-10-05 23:00:00-07:00,2025-10-06 06:00:00+00:00,2025-10-05 23:05:00-07:00,2025-10-06 06:05:00+00:00,REAL_TIME_5_MIN,SOUTHBY_6_N001,Node,56.99763,54.90573,0.0,2.09191,0.0
2025-10-05 23:05:00-07:00,2025-10-06 06:05:00+00:00,2025-10-05 23:10:00-07:00,2025-10-06 06:10:00+00:00,REAL_TIME_5_MIN,BALCH1_7_N001,Node,54.51922,55.10331,0.0,-0.5841,0.0
2025-10-05 23:05:00-07:00,2025-10-06 06:05:00+00:00,2025-10-05 23:10:00-07:00,2025-10-06 06:10:00+00:00,REAL_TIME_5_MIN,BEARTAP_1_N001,Node,55.30012,55.10331,0.37865,-0.18184,0.0
2025-10-05 23:05:00-07:00,2025-10-06 06:05:00+00:00,2025-10-05 23:10:00-07:00,2025-10-06 06:10:00+00:00,REAL_TIME_5_MIN,SOUTHBY_6_N001,Node,57.20275,55.10331,0.0,2.09944,0.0
2025-10-05 23:10:00-07:00,2025-10-06 06:10:00+00:00,2025-10-05 23:15:00-07:00,2025-10-06 06:15:00+00:00,REAL_TIME_5_MIN,BALCH1_7_N001,Node,55.53465,56.12962,0.0,-0.59497,0.0
2025-10-05 23:10:00-07:00,2025-10-06 06:10:00+00:00,2025-10-05 23:15:00-07:00,2025-10-06 06:15:00+00:00,REAL_TIME_5_MIN,BEARTAP_1_N001,Node,56.18566,56.12962,0.24127,-0.18523,0.0
2025-10-05 23:10:00-07:00,2025-10-06 06:10:00+00:00,2025-10-05 23:15:00-07:00,2025-10-06 06:15:00+00:00,REAL_TIME_5_MIN,SOUTHBY_6_N001,Node,58.26816,56.12962,0.0,2.13854,0.0
2025-10-05 23:15:00-07:00,2025-10-06 06:15:00+00:00,2025-10-05 23:20:00-07:00,2025-10-06 06:20:00+00:00,REAL_TIME_5_MIN,BALCH1_7_N001,Node,55.40461,56.0889,0.0,-0.68428,0.0
2025-10-05 23:15:00-07:00,2025-10-06 06:15:00+00:00,2025-10-05 23:20:00-07:00,2025-10-06 06:20:00+00:00,REAL_TIME_5_MIN,BEARTAP_1_N001,Node,56.18405,56.0889,0.28025,-0.18509,0.0
2025-10-05 23:15:00-07:00,2025-10-06 06:15:00+00:00,2025-10-05 23:20:00-07:00,2025-10-06 06:20:00+00:00,REAL_TIME_5_MIN,SOUTHBY_6_N001,Node,58.13614,56.0889,0.0,2.04724,0.0
2025-10-05 23:20:00-07:00,2025-10-06 06:20:00+00:00,2025-10-05 23:25:00-07:00,2025-10-06 06:25:00+00:00,REAL_TIME_5_MIN,BALCH1_7_N001,Node,55.15717,55.8384,0.0,-0.68123,0.0
2025-10-05 23:20:00-07:00,2025-10-06 06:20:00+00:00,2025-10-05 23:25:00-07:00,2025-10-06 06:25:00+00:00,REAL_TIME_5_MIN,BEARTAP_1_N001,Node,56.14282,55.8384,0.48868,-0.18427,0.0
2025-10-05 23:20:00-07:00,2025-10-06 06:20:00+00:00,2025-10-05 23:25:00-07:00,2025-10-06 06:25:00+00:00,REAL_TIME_5_MIN,SOUTHBY_6_N001,Node,57.8765,55.8384,0.0,2.0381,0.0
2025-10-05 23:25:00-07:00,2025-10-06 06:25:00+00:00,2025-10-05 23:30:00-07:00,2025-10-06 06:30:00+00:00,REAL_TIME_5_MIN,BALCH1_7_N001,Node,56.28287,56.978,0.0,-0.69513,0.0
2025-10-05 23:25:00-07:00,2025-10-06 06:25:00+00:00,2025-10-05 23:30:00-07:00,2025-10-06 06:30:00+00:00,REAL_TIME_5_MIN,BEARTAP_1_N001,Node,57.18528,56.978,0.39531,-0.18803,0.0
2025-10-05 23:25:00-07:00,2025-10-06 06:25:00+00:00,2025-10-05 23:30:00-07:00,2025-10-06 06:30:00+00:00,REAL_TIME_5_MIN,SOUTHBY_6_N001,Node,59.0577,56.978,0.0,2.0797,0.0
2025-10-05 23:30:00-07:00,2025-10-06 06:30:00+00:00,2025-10-05 23:35:00-07:00,2025-10-06 06:35:00+00:00,REAL_TIME_5_MIN,BALCH1_7_N001,Node,54.55462,55.50938,0.0,-0.95476,0.0
2025-10-05 23:30:00-07:00,2025-10-06 06:30:00+00:00,2025-10-05 23:35:00-07:00,2025-10-06 06:35:00+00:00,REAL_TIME_5_MIN,BEARTAP_1_N001,Node,55.34515,55.50938,0.16883,-0.33306,0.0
2025-10-05 23:30:00-07:00,2025-10-06 06:30:00+00:00,2025-10-05 23:35:00-07:00,2025-10-06 06:35:00+00:00,REAL_TIME_5_MIN,SOUTHBY_6_N001,Node,57.43,55.50938,0.0,1.92062,0.0
2025-10-05 23:35:00-07:00,2025-10-06 06:35:00+00:00,2025-10-05 23:40:00-07:00,2025-10-06 06:40:00+00:00,REAL_TIME_5_MIN,BALCH1_7_N001,Node,54.95985,55.92171,0.0,-0.96185,0.0
2025-10-05 23:35:00-07:00,2025-10-06 06:35:00+00:00,2025-10-05 23:40:00-07:00,2025-10-06 06:40:00+00:00,REAL_TIME_5_MIN,BEARTAP_1_N001,Node,55.79161,55.92171,0.20543,-0.33553,0.0
2025-10-05 23:35:00-07:00,2025-10-06 06:35:00+00:00,2025-10-05 23:40:00-07:00,2025-10-06 06:40:00+00:00,REAL_TIME_5_MIN,SOUTHBY_6_N001,Node,57.8566,55.92171,0.0,1.93489,0.0
2025-10-05 23:40:00-07:00,2025-10-06 06:40:00+00:00,2025-10-05 23:45:00-07:00,2025-10-06 06:45:00+00:00,REAL_TIME_5_MIN,BALCH1_7_N001,Node,52.23633,53.15052,0.0,-0.91419,0.0
2025-10-05 23:40:00-07:00,2025-10-06 06:40:00+00:00,2025-10-05 23:45:00-07:00,2025-10-06 06:45:00+00:00,REAL_TIME_5_MIN,BEARTAP_1_N001,Node,52.94583,53.15052,0.11422,-0.3189,0.0
2025-10-05 23:40:00-07:00,2025-10-06 06:40:00+00:00,2025-10-05 23:45:00-07:00,2025-10-06 06:45:00+00:00,REAL_TIME_5_MIN,SOUTHBY_6_N001,Node,54.98953,53.15052,0.0,1.83901,0.0
2025-10-05 23:45:00-07:00,2025-10-06 06:45:00+00:00,2025-10-05 23:50:00-07:00,2025-10-06 06:50:00+00:00,REAL_TIME_5_MIN,BALCH1_7_N001,Node,52.84548,53.53067,0.0,-0.68519,0.0
2025-10-05 23:45:00-07:00,2025-10-06 06:45:00+00:00,2025-10-05 23:50:00-07:00,2025-10-06 06:50:00+00:00,REAL_TIME_5_MIN,BEARTAP_1_N001,Node,53.19552,53.53067,0.00209,-0.33724,0.0
2025-10-05 23:45:00-07:00,2025-10-06 06:45:00+00:00,2025-10-05 23:50:00-07:00,2025-10-06 06:50:00+00:00,REAL_TIME_5_MIN,SOUTHBY_6_N001,Node,55.50595,53.53067,0.0,1.97528,0.0
2025-10-05 23:50:00-07:00,2025-10-06 06:50:00+00:00,2025-10-05 23:55:00-07:00,2025-10-06 06:55:00+00:00,REAL_TIME_5_MIN,BALCH1_7_N001,Node,50.91064,51.57074,0.0,-0.66011,0.0
2025-10-05 23:50:00-07:00,2025-10-06 06:50:00+00:00,2025-10-05 23:55:00-07:00,2025-10-06 06:55:00+00:00,REAL_TIME_5_MIN,BEARTAP_1_N001,Node,51.32968,51.57074,0.08383,-0.3249,0.0
2025-10-05 23:50:00-07:00,2025-10-06 06:50:00+00:00,2025-10-05 23:55:00-07:00,2025-10-06 06:55:00+00:00,REAL_TIME_5_MIN,SOUTHBY_6_N001,Node,53.4737,51.57074,0.0,1.90296,0.0
2025-10-05 23:55:00-07:00,2025-10-06 06:55:00+00:00,2025-10-06 00:00:00-07:00,2025-10-06 07:00:00+00:00,REAL_TIME_5_MIN,BALCH1_7_N001,Node,50.90935,51.56944,0.0,-0.66009,0.0
2025-10-05 23:55:00-07:00,2025-10-06 06:55:00+00:00,2025-10-06 00:00:00-07:00,2025-10-06 07:00:00+00:00,REAL_TIME_5_MIN,BEARTAP_1_N001,Node,51.27275,51.56944,0.0282,-0.32489,0.0
2025-10-05 23:55:00-07:00,2025-10-06 06:55:00+00:00,2025-10-06 00:00:00-07:00,2025-10-06 07:00:00+00:00,REAL_TIME_5_MIN,SOUTHBY_6_N001,Node,53.47235,51.56944,0.0,1.90291,0.0
2025-10-05 00:00:00-07:00,2025-10-05 07:00:00+00:00,2025-10-05 00:05:00-07:00,2025-10-05 07:05:00+00:00,REAL_TIME_5_MIN,ANAHEIM_6_N001,Node,43.74449,45.0198,-0.00125,-1.27406,0.0
2025-10-05 00:00:00-07:00,2025-10-05 07:00:00+00:00,2025-10-05 00:05:00-07:00,2025-10-05 07:05:00+00:00,REAL_TIME_5_MIN,MKT_SUB_LNODEONC,Node,46.30488,45.0198,-0.00245,1.28753,0.0
2025-10-05 00:00:00-07:00,2025-10-05 07:00:00+00:00,2025-10-05 00:05:00-07:00,2025-10-05 07:05:00+00:00,REAL_TIME_5_MIN,SCEW_2_PDRP89-APND,AP Node,43.85396,45.0198,-0.00125,-1.16458,0.0
2025-10-05 00:05:00-07:00,2025-10-05 07:05:00+00:00,2025-10-05 00:10:00-07:00,2025-10-05 07:10:00+00:00,REAL_TIME_5_MIN,ANAHEIM_6_N001,Node,42.95017,44.20106,0.0,-1.25089,0.0
2025-10-05 00:05:00-07:00,2025-10-05 07:05:00+00:00,2025-10-05 00:10:00-07:00,2025-10-05 07:10:00+00:00,REAL_TIME_5_MIN,MKT_SUB_LNODEONC,Node,45.46397,44.20106,-0.0012,1.26412,0.0
2025-10-05 00:05:00-07:00,2025-10-05 07:05:00+00:00,2025-10-05 00:10:00-07:00,2025-10-05 07:10:00+00:00,REAL_TIME_5_MIN,SCEW_2_PDRP89-APND,AP Node,43.05765,44.20106,0.0,-1.1434,0.0
2025-10-05 00:10:00-07:00,2025-10-05 07:10:00+00:00,2025-10-05 00:15:00-07:00,2025-10-05 07:15:00+00:00,REAL_TIME_5_MIN,ANAHEIM_6_N001,Node,42.35812,43.59719,-0.00527,-1.2338,0.0
2025-10-05 00:10:00-07:00,2025-10-05 07:10:00+00:00,2025-10-05 00:15:00-07:00,2025-10-05 07:15:00+00:00,REAL_TIME_5_MIN,MKT_SUB_LNODEONC,Node,44.83756,43.59719,-0.00647,1.24685,0.0
2025-10-05 00:10:00-07:00,2025-10-05 07:10:00+00:00,2025-10-05 00:15:00-07:00,2025-10-05 07:15:00+00:00,REAL_TIME_5_MIN,SCEW_2_PDRP89-APND,AP Node,42.46414,43.59719,-0.00527,-1.12778,0.0
2025-10-05 00:15:00-07:00,2025-10-05 07:15:00+00:00,2025-10-05 00:20:00-07:00,2025-10-05 07:20:00+00:00,REAL_TIME_5_MIN,ANAHEIM_6_N001,Node,39.11997,39.12518,-0.00521,0.0,0.0
2025-10-05 00:15:00-07:00,2025-10-05 07:15:00+00:00,2025-10-05 00:20:00-07:00,2025-10-05 07:20:00+00:00,REAL_TIME_5_MIN,MKT_SUB_LNODEONC,Node,39.11874,39.12518,-0.00644,0.0,0.0
2025-10-05 00:15:00-07:00,2025-10-05 07:15:00+00:00,2025-10-05 00:20:00-07:00,2025-10-05 07:20:00+00:00,REAL_TIME_5_MIN,SCEW_2_PDRP89-APND,AP Node,39.11996,39.12518,-0.00522,0.0,0.0
2025-10-05 00:20:00-07:00,2025-10-05 07:20:00+00:00,2025-10-05 00:25:00-07:00,2025-10-05 07:25:00+00:00,REAL_TIME_5_MIN,ANAHEIM_6_N001,Node,40.42225,40.42475,-0.0025,0.0,0.0
2025-10-05 00:20:00-07:00,2025-10-05 07:20:00+00:00,2025-10-05 00:25:00-07:00,2025-10-05 07:25:00+00:00,REAL_TIME_5_MIN,MKT_SUB_LNODEONC,Node,40.42105,40.42475,-0.0037,0.0,0.0
2025-10-05 00:20:00-07:00,2025-10-05 07:20:00+00:00,2025-10-05 00:25:00-07:00,2025-10-05 07:25:00+00:00,REAL_TIME_5_MIN,SCEW_2_PDRP89-APND,AP Node,40.42225,40.42475,-0.0025,0.0,0.0
2025-10-05 00:25:00-07:00,2025-10-05 07:25:00+00:00,2025-10-05 00:30:00-07:00,2025-10-05 07:30:00+00:00,REAL_TIME_5_MIN,ANAHEIM_6_N001,Node,40.97,40.97,0.0,0.0,0.0
2025-10-05 00:25:00-07:00,2025-10-05 07:25:00+00:00,2025-10-05 00:30:00-07:00,2025-10-05 07:30:00+00:00,REAL_TIME_5_MIN,MKT_SUB_LNODEONC,Node,40.9688,40.97,-0.0012,0.0,0.0
2025-10-05 00:25:00-07:00,2025-10-05 07:25:00+00:00,2025-10-05 00:30:00-07:00,2025-10-05 07:30:00+00:00,REAL_TIME_5_MIN,SCEW_2_PDRP89-APND,AP Node,40.97,40.97,0.0,0.0,0.0
2025-10-05 00:30:00-07:00,2025-10-05 07:30:00+00:00,2025-10-05 00:35:00-07:00,2025-10-05 07:35:00+00:00,REAL_TIME_5_MIN,ANAHEIM_6_N001,Node,42.1524,42.1536,-0.0012,0.0,0.0
2025-10-05 00:30:00-07:00,2025-10-05 07:30:00+00:00,2025-10-05 00:35:00-07:00,2025-10-05 07:35:00+00:00,REAL_TIME_5_MIN,MKT_SUB_LNODEONC,Node,42.1512,42.1536,-0.0024,0.0,0.0
2025-10-05 00:30:00-07:00,2025-10-05 07:30:00+00:00,2025-10-05 00:35:00-07:00,2025-10-05 07:35:00+00:00,REAL_TIME_5_MIN,SCEW_2_PDRP89-APND,AP Node,42.1524,42.1536,-0.0012,0.0,0.0
2025-10-05 00:35:00-07:00,2025-10-05 07:35:00+00:00,2025-10-05 00:40:00-07:00,2025-10-05 07:40:00+00:00,REAL_TIME_5_MIN,ANAHEIM_6_N001,Node,40.96745,40.96865,-0.0012,0.0,0.0
2025-10-05 00:35:00-07:00,2025-10-05 07:35:00+00:00,2025-10-05 00:40:00-07:00,2025-10-05 07:40:00+00:00,REAL_TIME_5_MIN,MKT_SUB_LNODEONC,Node,40.96625,40.96865,-0.0024,0.0,0.0
2025-10-05 00:35:00-07:00,2025-10-05 07:35:00+00:00,2025-10-05 00:40:00-07:00,2025-10-05 07:40:00+00:00,REAL_TIME_5_MIN,SCEW_2_PDRP89-APND,AP Node,40.96745,40.96865,-0.0012,0.0,0.0
2025-10-05 00:40:00-07:00,2025-10-05 07:40:00+00:00,2025-10-05 00:45:00-07:00,2025-10-05 07:45:00+00:00,REAL_TIME_5_MIN,ANAHEIM_6_N001,Node,37.88491,37.88851,-0.0036,0.0,0.0
2025-10-05 00:40:00-07:00,2025-10-05 07:40:00+00:00,2025-10-05 00:45:00-07:00,2025-10-05 07:45:00+00:00,REAL_TIME_5_MIN,MKT_SUB_LNODEONC,Node,37.88371,37.88851,-0.0048,0.0,0.0
2025-10-05 00:40:00-07:00,2025-10-05 07:40:00+00:00,2025-10-05 00:45:00-07:00,2025-10-05 07:45:00+00:00,REAL_TIME_5_MIN,SCEW_2_PDRP89-APND,AP Node,37.88491,37.88851,-0.0036,0.0,0.0
2025-10-05 00:45:00-07:00,2025-10-05 07:45:00+00:00,2025-10-05 00:50:00-07:00,2025-10-05 07:50:00+00:00,REAL_TIME_5_MIN,ANAHEIM_6_N001,Node,37.76935,37.77464,-0.00529,0.0,0.0
2025-10-05 00:45:00-07:00,2025-10-05 07:45:00+00:00,2025-10-05 00:50:00-07:00,2025-10-05 07:50:00+00:00,REAL_TIME_5_MIN,MKT_SUB_LNODEONC,Node,37.76813,37.77464,-0.00651,0.0,0.0
2025-10-05 00:45:00-07:00,2025-10-05 07:45:00+00:00,2025-10-05 00:50:00-07:00,2025-10-05 07:50:00+00:00,REAL_TIME_5_MIN,SCEW_2_PDRP89-APND,AP Node,37.76934,37.77464,-0.0053,0.0,0.0
2025-10-05 00:50:00-07:00,2025-10-05 07:50:00+00:00,2025-10-05 00:55:00-07:00,2025-10-05 07:55:00+00:00,REAL_TIME_5_MIN,ANAHEIM_6_N001,Node,37.1069,37.11219,-0.00529,0.0,0.0
2025-10-05 00:50:00-07:00,2025-10-05 07:50:00+00:00,2025-10-05 00:55:00-07:00,2025-10-05 07:55:00+00:00,REAL_TIME_5_MIN,MKT_SUB_LNODEONC,Node,37.10568,37.11219,-0.00651,0.0,0.0
2025-10-05 00:50:00-07:00,2025-10-05 07:50:00+00:00,2025-10-05 00:55:00-07:00,2025-10-05 07:55:00+00:00,REAL_TIME_5_MIN,SCEW_2_PDRP89-APND,AP Node,37.10689,37.11219,-0.0053,0.0,0.0
2025-10-05 00:55:00-07:00,2025-10-05 07:55:00+00:00,2025-10-05 01:00:00-07:00,2025-10-05 08:00:00+00:00,REAL_TIME_5_MIN,ANAHEIM_6_N001,Node,37.75392,37.75921,-0.00529,0.0,0.0
2025-10-05 00:55:00-07:00,2025-10-05 07:55:00+00:00,2025-10-05 01:00:00-07:00,2025-10-05 08:00:00+00:00,REAL_TIME_5_MIN,MKT_SUB_LNODEONC,Node,37.7527,37.75921,-0.00651,0.0,0.0
2025-10-05 00:55:00-07:00,2025-10-05 07:55:00+00:00,2025-10-05 01:00:00-07:00,2025-10-05 08:00:00+00:00,REAL_TIME_5_MIN,SCEW_2_PDRP89-APND,AP Node,37.75392,37.75921,-0.0053,0.0,0.0
2025-10-05 01:00:00-07:00,2025-10-05 08:00:00+00:00,2025-10-05 01:05:00-07:00,2025-10-05 08:05:00+00:00,REAL_TIME_5_MIN,ANAHEIM_6_N001,Node,40.69574,40.69574,0.0,0.0,0.0
2025-10-05 01:00:00-07:00,2025-10-05 08:00:00+00:00,2025-10-05 01:05:00-07:00,2025-10-05 08:05:00+00:00,REAL_TIME_5_MIN,MKT_SUB_LNODEONC,Node,40.69454,40.69574,-0.0012,0.0,0.0
2025-10-05 01:00:00-07:00,2025-10-05 08:00:00+00:00,2025-10-05 01:05:00-07:00,2025-10-05 08:05:00+00:00,REAL_TIME_5_MIN,SCEW_2_PDRP89-APND,AP Node,40.69574,40.69574,0.0,0.0,0.0
2025-10-05 01:05:00-07:00,2025-10-05 08:05:00+00:00,2025-10-05 01:10:00-07:00,2025-10-05 08:10:00+00:00,REAL_TIME_5_MIN,ANAHEIM_6_N001,Node,40.41691,40.41691,0.0,0.0,0.0
2025-10-05 01:05:00-07:00,2025-10-05 08:05:00+00:00,2025-10-05 01:10:00-07:00,2025-10-05 08:10:00+00:00,REAL_TIME_5_MIN,MKT_SUB_LNODEONC,Node,40.41571,40.41691,-0.0012,0.0,0.0
2025-10-05 01:05:00-07:00,2025-10-05 08:05:00+00:00,2025-10-05 01:10:00-07:00,2025-10-05 08:10:00+00:00,REAL_TIME_5_MIN,SCEW_2_PDRP89-APND,AP Node,40.41691,40.41691,0.0,0.0,0.0
2025-10-05 01:10:00-07:00,2025-10-05 08:10:00+00:00,2025-10-05 01:15:00-07:00,2025-10-05 08:15:00+00:00,REAL_TIME_5_MIN,ANAHEIM_6_N001,Node,38.89333,38.89333,0.0,0.0,0.0
2025-10-05 01:10:00-07:00,2025-10-05 08:10:00+00:00,2025-10-05 01:15:00-07:00,2025-10-05 08:15:00+00:00,REAL_TIME_5_MIN,MKT_SUB_LNODEONC,Node,38.89213,38.89333,-0.0012,0.0,0.0
2025-10-05 01:10:00-07:00,2025-10-05 08:10:00+00:00,2025-10-05 01:15:00-07:00,2025-10-05 08:15:00+00:00,REAL_TIME_5_MIN,SCEW_2_PDRP89-APND,AP Node,38.89333,38.89333,0.0,0.0,0.0
2025-10-05 01:15:00-07:00,2025-10-05 08:15:00+00:00,2025-10-05 01:20:00-07:00,2025-10-05 08:20:00+00:00,REAL_TIME_5_MIN,ANAHEIM_6_N001,Node,39.78201,39.78321,-0.0012,0.0,0.0
2025-10-05 01:15:00-07:00,2025-10-05 08:15:00+00:00,2025-10-05 01:20:00-07:00,2025-10-05 08:20:00+00:00,REAL_TIME_5_MIN,MKT_SUB_LNODEONC,Node,39.78081,39.78321,-0.0024,0.0,0.0
2025-10-05 01:15:00-07:00,2025-10-05 08:15:00+00:00,2025-10-05 01:20:00-07:00,2025-10-05 08:20:00+00:00,REAL_TIME_5_MIN,SCEW_2_PDRP89-APND,AP Node,39.78201,39.78321,-0.0012,0.0,0.0
2025-10-05 01:20:00-07:00,2025-10-05 08:20:00+00:00,2025-10-05 01:25:00-07:00,2025-10-05 08:25:00+00:00,REAL_TIME_5_MIN,ANAHEIM_6_N001,Node,38.6876,38.6888,-0.0012,0.0,0.0
2025-10-05 01:20:00-07:00,2025-10-05 08:20:00+00:00,2025-10-05 01:25:00-07:00,2025-10-05 08:25:00+00:00,REAL_TIME_5_MIN,MKT_SUB_LNODEONC,Node,38.6864,38.6888,-0.0024,0.0,0.0
2025-10-05 01:20:00-07:00,2025-10-05 08:20:00+00:00,2025-10-05 01:25:00-07:00,2025-10-05 08:25:00+00:00,REAL_TIME_5_MIN,SCEW_2_PDRP89-APND,AP Node,38.6876,38.6888,-0.0012,0.0,0.0
2025-10-05 01:25:00-07:00,2025-10-05 08:25:00+00:00,2025-10-05 01:30:00-07:00,2025-10-05 08:30:00+00:00,REAL_TIME_5_MIN,ANAHEIM_6_N001,Node,38.88889,38.88889,0.0,0.0,0.0
2025-10-05 01:25:00-07:00,2025-10-05 08:25:00+00:00,2025-10-05 01:30:00-07:00,2025-10-05 08:30:00+00:00,REAL_TIME_5_MIN,MKT_SUB_LNODEONC,Node,38.88769,38.88889,-0.0012,0.0,0.0
2025-10-05 01:25:00-07:00,2025-10-05 08:25:00+00:00,2025-10-05 01:30:00-07:00,2025-10-05 08:30:00+00:00,REAL_TIME_5_MIN,SCEW_2_PDRP89-APND,AP Node,38.88889,38.88889,0.0,0.0,0.0
2025-10-05 01:30:00-07:00,2025-10-05 08:30:00+00:00,2025-10-05 01:35:00-07:00,2025-10-05 08:35:00+00:00,REAL_TIME_5_MIN,ANAHEIM_6_N001,Node,38.4216,38.4264,-0.0048,0.0,0.0
2025-10-05 01:30:00-07:00,2025-10-05 08:30:00+00:00,2025-10-05 01:35:00-07:00,2025-10-05 08:35:00+00:00,REAL_TIME_5_MIN,MKT_SUB_LNODEONC,Node,38.4204,38.4264,-0.006,0.0,0.0
2025-10-05 01:30:00-07:00,2025-10-05 08:30:00+00:00,2025-10-05 01:35:00-07:00,2025-10-05 08:35:00+00:00,REAL_TIME_5_MIN,SCEW_2_PDRP89-APND,AP Node,38.4216,38.4264,-0.0048,0.0,0.0
2025-10-05 01:35:00-07:00,2025-10-05 08:35:00+00:00,2025-10-05 01:40:00-07:00,2025-10-05 08:40:00+00:00,REAL_TIME_5_MIN,ANAHEIM_6_N001,Node,38.29363,38.29843,-0.0048,0.0,0.0
2025-10-05 01:35:00-07:00,2025-10-05 08:35:00+00:00,2025-10-05 01:40:00-07:00,2025-10-05 08:40:00+00:00,REAL_TIME_5_MIN,MKT_SUB_LNODEONC,Node,38.29243,38.29843,-0.006,0.0,0.0
2025-10-05 01:35:00-07:00,2025-10-05 08:35:00+00:00,2025-10-05 01:40:00-07:00,2025-10-05 08:40:00+00:00,REAL_TIME_5_MIN,SCEW_2_PDRP89-APND,AP Node,38.29363,38.29843,-0.0048,0.0,0.0
2025-10-05 01:40:00-07:00,2025-10-05 08:40:00+00:00,2025-10-05 01:45:00-07:00,2025-10-05 08:45:00+00:00,REAL_TIME_5_MIN,ANAHEIM_6_N001,Node,37.95303,37.95783,-0.0048,0.0,0.0
2025-10-05 01:40:00-07:00,2025-10-05 08:40:00+00:00,2025-10-05 01:45:00-07:00,2025-10-05 08:45:00+00:00,REAL_TIME_5_MIN,MKT_SUB_LNODEONC,Node,37.95183,37.95783,-0.006,0.0,0.0
2025-10-05 01:40:00-07:00,2025-10-05 08:40:00+00:00,2025-10-05 01:45:00-07:00,2025-10-05 08:45:00+00:00,REAL_TIME_5_MIN,SCEW_2_PDRP89-APND,AP Node,37.95303,37.95783,-0.0048,0.0,0.0
2025-10-05 01:45:00-07:00,2025-10-05 08:45:00+00:00,2025-10-05 01:50:00-07:00,2025-10-05 08:50:00+00:00,REAL_TIME_5_MIN,ANAHEIM_6_N001,Node,37.76937,37.77417,-0.0048,0.0,0.0
2025-10-05 01:45:00-07:00,2025-10-05 08:45:00+00:00,2025-10-05 01:50:00-07:00,2025-10-05 08:50:00+00:00,REAL_TIME_5_MIN,MKT_SUB_LNODEONC,Node,37.76817,37.77417,-0.006,0.0,0.0
2025-10-05 01:45:00-07:00,2025-10-05 08:45:00+00:00,2025-10-05 01:50:00-07:00,2025-10-05 08:50:00+00:00,REAL_TIME_5_MIN,SCEW_2_PDRP89-APND,AP Node,37.76937,37.77417,-0.0048,0.0,0.0
2025-10-05 01:50:00-07:00,2025-10-05 08:50:00+00:00,2025-10-05 01:55:00-07:00,2025-10-05 08:55:00+00:00,REAL_TIME_5_MIN,ANAHEIM_6_N001,Node,37.3276,37.3324,-0.0048,0.0,0.0
2025-10-05 01:50:00-07:00,2025-10-05 08:50:00+00:00,2025-10-05 01:55:00-07:00,2025-10-05 08:55:00+00:00,REAL_TIME_5_MIN,MKT_SUB_LNODEONC,Node,37.3264,37.3324,-0.006,0.0,0.0
2025-10-05 01:50:00-07:00,2025-10-05 08:50:00+00:00,2025-10-05 01:55:00-07:00,2025-10-05 08:55:00+00:00,REAL_TIME_5_MIN,SCEW_2_PDRP89-APND,AP Node,37.3276,37.3324,-0.0048,0.0,0.0
2025-10-05 01:55:00-07:00,2025-10-05 08:55:00+00:00,2025-10-05 02:00:00-07:00,2025-10-05 09:00:00+00:00,REAL_TIME_5_MIN,ANAHEIM_6_N001,Node,37.86855,37.87335,-0.0048,0.0,0.0
2025-10-05 01:55:00-07:00,2025-10-05 08:55:00+00:00,2025-10-05 02:00:00-07:00,2025-10-05 09:00:00+00:00,REAL_TIME_5_MIN,MKT_SUB_LNODEONC,Node,37.86735,37.87335,-0.006,0.0,0.0
2025-10-05 01:55:00-07:00,2025-10-05 08:55:00+00:00,2025-10-05 02:00:00-07:00,2025-10-05 09:00:00+00:00,REAL_TIME_5_MIN,SCEW_2_PDRP89-APND,AP Node,37.86855,37.87335,-0.0048,0.0,0.0
2025-10-05 02:00:00-07:00,2025-10-05 09:00:00+00:00,2025-10-05 02:05:00-07:00,2025-10-05 09:05:00+00:00,REAL_TIME_5_MIN,ANAHEIM_6_N001,Node,39.76995,39.77115,-0.0012,0.0,0.0
2025-10-05 02:00:00-07:00,2025-10-05 09:00:00+00:00,2025-10-05 02:05:00-07:00,2025-10-05 09:05:00+00:00,REAL_TIME_5_MIN,MKT_SUB_LNODEONC,Node,39.76875,39.77115,-0.0024,0.0,0.0
2025-10-05 02:00:00-07:00,2025-10-05 09:00:00+00:00,2025-10-05 02:05:00-07:00,2025-10-05 09:05:00+00:00,REAL_TIME_5_MIN,SCEW_2_PDRP89-APND,AP Node,39.76995,39.77115,-0.0012,0.0,0.0
2025-10-05 02:05:00-07:00,2025-10-05 09:05:00+00:00,2025-10-05 02:10:00-07:00,2025-10-05 09:10:00+00:00,REAL_TIME_5_MIN,ANAHEIM_6_N001,Node,39.76995,39.77115,-0.0012,0.0,0.0
2025-10-05 02:05:00-07:00,2025-10-05 09:05:00+00:00,2025-10-05 02:10:00-07:00,2025-10-05 09:10:00+00:00,REAL_TIME_5_MIN,MKT_SUB_LNODEONC,Node,39.76875,39.77115,-0.0024,0.0,0.0
2025-10-05 02:05:00-07:00,2025-10-05 09:05:00+00:00,2025-10-05 02:10:00-07:00,2025-10-05 09:10:00+00:00,REAL_TIME_5_MIN,SCEW_2_PDRP89-APND,AP Node,39.76995,39.77115,-0.0012,0.0,0.0
2025-10-05 02:10:00-07:00,2025-10-05 09:10:00+00:00,2025-10-05 02:15:00-07:00,2025-10-05 09:15:00+00:00,REAL_TIME_5_MIN,ANAHEIM_6_N001,Node,39.9033,39.9057,-0.0024,0.0,0.0
2025-10-05 02:10:00-07:00,2025-10-05 09:10:00+00:00,2025-10-05 02:15:00-07:00,2025-10-05 09:15:00+00:00,REAL_TIME_5_MIN,MKT_SUB_LNODEONC,Node,39.9021,39.9057,-0.0036,0.0,0.0
2025-10-05 02:10:00-07:00,2025-10-05 09:10:00+00:00,2025-10-05 02:15:00-07:00,2025-10-05 09:15:00+00:00,REAL_TIME_5_MIN,SCEW_2_PDRP89-APND,AP Node,39.9033,39.9057,-0.0024,0.0,0.0
2025-10-05 02:15:00-07:00,2025-10-05 09:15:00+00:00,2025-10-05 02:20:00-07:00,2025-10-05 09:20:00+00:00,REAL_TIME_5_MIN,ANAHEIM_6_N001,Node,39.2424,39.2424,0.0,0.0,0.0
2025-10-05 02:15:00-07:00,2025-10-05 09:15:00+00:00,2025-10-05 02:20:00-07:00,2025-10-05 09:20:00+00:00,REAL_TIME_5_MIN,MKT_SUB_LNODEONC,Node,39.2412,39.2424,-0.0012,0.0,0.0
2025-10-05 02:15:00-07:00,2025-10-05 09:15:00+00:00,2025-10-05 02:20:00-07:00,2025-10-05 09:20:00+00:00,REAL_TIME_5_MIN,SCEW_2_PDRP89-APND,AP Node,39.2424,39.2424,0.0,0.0,0.0
2025-10-05 02:20:00-07:00,2025-10-05 09:20:00+00:00,2025-10-05 02:25:00-07:00,2025-10-05 09:25:00+00:00,REAL_TIME_5_MIN,ANAHEIM_6_N001,Node,39.2424,39.2424,0.0,0.0,0.0
2025-10-05 02:20:00-07:00,2025-10-05 09:20:00+00:00,2025-10-05 02:25:00-07:00,2025-10-05 09:25:00+00:00,REAL_TIME_5_MIN,MKT_SUB_LNODEONC,Node,39.2412,39.2424,-0.0012,0.0,0.0
2025-10-05 02:20:00-07:00,2025-10-05 09:20:00+00:00,2025-10-05 02:25:00-07:00,2025-10-05 09:25:00+00:00,REAL_TIME_5_MIN,SCEW_2_PDRP89-APND,AP Node,39.2424,39.2424,0.0,0.0,0.0
2025-10-05 02:25:00-07:00,2025-10-05 09:25:00+00:00,2025-10-05 02:30:00-07:00,2025-10-05 09:30:00+00:00,REAL_TIME_5_MIN,ANAHEIM_6_N001,Node,39.41105,39.41105,0.0,0.0,0.0
2025-10-05 02:25:00-07:00,2025-10-05 09:25:00+00:00,2025-10-05 02:30:00-07:00,2025-10-05 09:30:00+00:00,REAL_TIME_5_MIN,MKT_SUB_LNODEONC,Node,39.40985,39.41105,-0.0012,0.0,0.0
2025-10-05 02:25:00-07:00,2025-10-05 09:25:00+00:00,2025-10-05 02:30:00-07:00,2025-10-05 09:30:00+00:00,REAL_TIME_5_MIN,SCEW_2_PDRP89-APND,AP Node,39.41105,39.41105,0.0,0.0,0.0
2025-10-05 02:30:00-07:00,2025-10-05 09:30:00+00:00,2025-10-05 02:35:00-07:00,2025-10-05 09:35:00+00:00,REAL_TIME_5_MIN,ANAHEIM_6_N001,Node,38.8524,38.8524,0.0,0.0,0.0
2025-10-05 02:30:00-07:00,2025-10-05 09:30:00+00:00,2025-10-05 02:35:00-07:00,2025-10-05 09:35:00+00:00,REAL_TIME_5_MIN,MKT_SUB_LNODEONC,Node,38.8512,38.8524,-0.0012,0.0,0.0
2025-10-05 02:30:00-07:00,2025-10-05 09:30:00+00:00,2025-10-05 02:35:00-07:00,2025-10-05 09:35:00+00:00,REAL_TIME_5_MIN,SCEW_2_PDRP89-APND,AP Node,38.8524,38.8524,0.0,0.0,0.0
2025-10-05 02:35:00-07:00,2025-10-05 09:35:00+00:00,2025-10-05 02:40:00-07:00,2025-10-05 09:40:00+00:00,REAL_TIME_5_MIN,ANAHEIM_6_N001,Node,38.9724,38.9724,0.0,0.0,0.0
2025-10-05 02:35:00-07:00,2025-10-05 09:35:00+00:00,2025-10-05 02:40:00-07:00,2025-10-05 09:40:00+00:00,REAL_TIME_5_MIN,MKT_SUB_LNODEONC,Node,38.9712,38.9724,-0.0012,0.0,0.0
2025-10-05 02:35:00-07:00,2025-10-05 09:35:00+00:00,2025-10-05 02:40:00-07:00,2025-10-05 09:40:00+00:00,REAL_TIME_5_MIN,SCEW_2_PDRP89-APND,AP Node,38.9724,38.9724,0.0,0.0,0.0
2025-10-05 02:40:00-07:00,2025-10-05 09:40:00+00:00,2025-10-05 02:45:00-07:00,2025-10-05 09:45:00+00:00,REAL_TIME_5_MIN,ANAHEIM_6_N001,Node,39.2424,39.2424,0.0,0.0,0.0
2025-10-05 02:40:00-07:00,2025-10-05 09:40:00+00:00,2025-10-05 02:45:00-07:00,2025-10-05 09:45:00+00:00,REAL_TIME_5_MIN,MKT_SUB_LNODEONC,Node,39.2412,39.2424,-0.0012,0.0,0.0
2025-10-05 02:40:00-07:00,2025-10-05 09:40:00+00:00,2025-10-05 02:45:00-07:00,2025-10-05 09:45:00+00:00,REAL_TIME_5_MIN,SCEW_2_PDRP89-APND,AP Node,39.2424,39.2424,0.0,0.0,0.0
2025-10-05 02:45:00-07:00,2025-10-05 09:45:00+00:00,2025-10-05 02:50:00-07:00,2025-10-05 09:50:00+00:00,REAL_TIME_5_MIN,ANAHEIM_6_N001,Node,39.08444,39.08444,0.0,0.0,0.0
2025-10-05 02:45:00-07:00,2025-10-05 09:45:00+00:00,2025-10-05 02:50:00-07:00,2025-10-05 09:50:00+00:00,REAL_TIME_5_MIN,MKT_SUB_LNODEONC,Node,39.08324,39.08444,-0.0012,0.0,0.0
2025-10-05 02:45:00-07:00,2025-10-05 09:45:00+00:00,2025-10-05 02:50:00-07:00,2025-10-05 09:50:00+00:00,REAL_TIME_5_MIN,SCEW_2_PDRP89-APND,AP Node,39.08444,39.08444,0.0,0.0,0.0
2025-10-05 02:50:00-07:00,2025-10-05 09:50:00+00:00,2025-10-05 02:55:00-07:00,2025-10-05 09:55:00+00:00,REAL_TIME_5_MIN,ANAHEIM_6_N001,Node,38.42637,38.42637,0.0,0.0,0.0
2025-10-05 02:50:00-07:00,2025-10-05 09:50:00+00:00,2025-10-05 02:55:00-07:00,2025-10-05 09:55:00+00:00,REAL_TIME_5_MIN,MKT_SUB_LNODEONC,Node,38.42517,38.42637,-0.0012,0.0,0.0
2025-10-05 02:50:00-07:00,2025-10-05 09:50:00+00:00,2025-10-05 02:55:00-07:00,2025-10-05 09:55:00+00:00,REAL_TIME_5_MIN,SCEW_2_PDRP89-APND,AP Node,38.42637,38.42637,0.0,0.0,0.0
2025-10-05 02:55:00-07:00,2025-10-05 09:55:00+00:00,2025-10-05 03:00:00-07:00,2025-10-05 10:00:00+00:00,REAL_TIME_5_MIN,ANAHEIM_6_N001,Node,39.5676,39.5676,0.0,0.0,0.0
2025-10-05 02:55:00-07:00,2025-10-05 09:55:00+00:00,2025-10-05 03:00:00-07:00,2025-10-05 10:00:00+00:00,REAL_TIME_5_MIN,MKT_SUB_LNODEONC,Node,39.5664,39.5676,-0.0012,0.0,0.0
2025-10-05 02:55:00-07:00,2025-10-05 09:55:00+00:00,2025-10-05 03:00:00-07:00,2025-10-05 10:00:00+00:00,REAL_TIME_5_MIN,SCEW_2_PDRP89-APND,AP Node,39.5676,39.5676,0.0,0.0,0.0
2025-10-05 03:00:00-07:00,2025-10-05 10:00:00+00:00,2025-10-05 03:05:00-07:00,2025-10-05 10:05:00+00:00,REAL_TIME_5_MIN,ANAHEIM_6_N001,Node,40.11,40.11,0.0,0.0,0.0
2025-10-05 03:00:00-07:00,2025-10-05 10:00:00+00:00,2025-10-05 03:05:00-07:00,2025-10-05 10:05:00+00:00,REAL_TIME_5_MIN,MKT_SUB_LNODEONC,Node,40.1088,40.11,-0.0012,0.0,0.0
2025-10-05 03:00:00-07:00,2025-10-05 10:00:00+00:00,2025-10-05 03:05:00-07:00,2025-10-05 10:05:00+00:00,REAL_TIME_5_MIN,SCEW_2_PDRP89-APND,AP Node,40.11,40.11,0.0,0.0,0.0
2025-10-05 03:05:00-07:00,2025-10-05 10:05:00+00:00,2025-10-05 03:10:00-07:00,2025-10-05 10:10:00+00:00,REAL_TIME_5_MIN,ANAHEIM_6_N001,Node,40.4024,40.4024,0.0,0.0,0.0
2025-10-05 03:05:00-07:00,2025-10-05 10:05:00+00:00,2025-10-05 03:10:00-07:00,2025-10-05 10:10:00+00:00,REAL_TIME_5_MIN,MKT_SUB_LNODEONC,Node,40.4012,40.4024,-0.0012,0.0,0.0
2025-10-05 03:05:00-07:00,2025-10-05 10:05:00+00:00,2025-10-05 03:10:00-07:00,2025-10-05 10:10:00+00:00,REAL_TIME_5_MIN,SCEW_2_PDRP89-APND,AP Node,40.4024,40.4024,0.0,0.0,0.0
2025-10-05 03:10:00-07:00,2025-10-05 10:10:00+00:00,2025-10-05 03:15:00-07:00,2025-10-05 10:15:00+00:00,REAL_TIME_5_MIN,ANAHEIM_6_N001,Node,41.3,41.3,0.0,0.0,0.0
2025-10-05 03:10:00-07:00,2025-10-05 10:10:00+00:00,2025-10-05 03:15:00-07:00,2025-10-05 10:15:00+00:00,REAL_TIME_5_MIN,MKT_SUB_LNODEONC,Node,41.2988,41.3,-0.0012,0.0,0.0
2025-10-05 03:10:00-07:00,2025-10-05 10:10:00+00:00,2025-10-05 03:15:00-07:00,2025-10-05 10:15:00+00:00,REAL_TIME_5_MIN,SCEW_2_PDRP89-APND,AP Node,41.3,41.3,0.0,0.0,0.0
2025-10-05 03:15:00-07:00,2025-10-05 10:15:00+00:00,2025-10-05 03:20:00-07:00,2025-10-05 10:20:00+00:00,REAL_TIME_5_MIN,ANAHEIM_6_N001,Node,41.3,41.3,0.0,0.0,0.0
2025-10-05 03:15:00-07:00,2025-10-05 10:15:00+00:00,2025-10-05 03:20:00-07:00,2025-10-05 10:20:00+00:00,REAL_TIME_5_MIN,MKT_SUB_LNODEONC,Node,41.2988,41.3,-0.0012,0.0,0.0
2025-10-05 03:15:00-07:00,2025-10-05 10:15:00+00:00,2025-10-05 03:20:00-07:00,2025-10-05 10:20:00+00:00,REAL_TIME_5_MIN,SCEW_2_PDRP89-APND,AP Node,41.3,41.3,0.0,0.0,0.0
2025-10-05 03:20:00-07:00,2025-10-05 10:20:00+00:00,2025-10-05 03:25:00-07:00,2025-10-05 10:25:00+00:00,REAL_TIME_5_MIN,ANAHEIM_6_N001,Node,41.2424,41.2424,0.0,0.0,0.0
2025-10-05 03:20:00-07:00,2025-10-05 10:20:00+00:00,2025-10-05 03:25:00-07:00,2025-10-05 10:25:00+00:00,REAL_TIME_5_MIN,MKT_SUB_LNODEONC,Node,41.2412,41.2424,-0.0012,0.0,0.0
2025-10-05 03:20:00-07:00,2025-10-05 10:20:00+00:00,2025-10-05 03:25:00-07:00,2025-10-05 10:25:00+00:00,REAL_TIME_5_MIN,SCEW_2_PDRP89-APND,AP Node,41.2424,41.2424,0.0,0.0,0.0
2025-10-05 03:25:00-07:00,2025-10-05 10:25:00+00:00,2025-10-05 03:30:00-07:00,2025-10-05 10:30:00+00:00,REAL_TIME_5_MIN,ANAHEIM_6_N001,Node,41.3,41.3,0.0,0.0,0.0
2025-10-05 03:25:00-07:00,2025-10-05 10:25:00+00:00,2025-10-05 03:30:00-07:00,2025-10-05 10:30:00+00:00,REAL_TIME_5_MIN,MKT_SUB_LNODEONC,Node,41.2988,41.3,-0.0012,0.0,0.0
2025-10-05 03:25:00-07:00,2025-10-05 10:25:00+00:00,2025-10-05 03:30:00-07:00,2025-10-05 10:30:00+00:00,REAL_TIME_5_MIN,SCEW_2_PDRP89-APND,AP Node,41.3,41.3,0.0,0.0,0.0
2025-10-05 03:30:00-07:00,2025-10-05 10:30:00+00:00,2025-10-05 03:35:00-07:00,2025-10-05 10:35:00+00:00,REAL_TIME_5_MIN,ANAHEIM_6_N001,Node,41.29621,41.29799,-0.00178,0.0,0.0
2025-10-05 03:30:00-07:00,2025-10-05 10:30:00+00:00,2025-10-05 03:35:00-07:00,2025-10-05 10:35:00+00:00,REAL_TIME_5_MIN,MKT_SUB_LNODEONC,Node,41.29501,41.29799,-0.00298,0.0,0.0
2025-10-05 03:30:00-07:00,2025-10-05 10:30:00+00:00,2025-10-05 03:35:00-07:00,2025-10-05 10:35:00+00:00,REAL_TIME_5_MIN,SCEW_2_PDRP89-APND,AP Node,41.29621,41.29799,-0.00178,0.0,0.0
2025-10-05 03:35:00-07:00,2025-10-05 10:35:00+00:00,2025-10-05 03:40:00-07:00,2025-10-05 10:40:00+00:00,REAL_TIME_5_MIN,ANAHEIM_6_N001,Node,41.3,41.3,0.0,0.0,0.0
2025-10-05 03:35:00-07:00,2025-10-05 10:35:00+00:00,2025-10-05 03:40:00-07:00,2025-10-05 10:40:00+00:00,REAL_TIME_5_MIN,MKT_SUB_LNODEONC,Node,41.2988,41.3,-0.0012,0.0,0.0
2025-10-05 03:35:00-07:00,2025-10-05 10:35:00+00:00,2025-10-05 03:40:00-07:00,2025-10-05 10:40:00+00:00,REAL_TIME_5_MIN,SCEW_2_PDRP89-APND,AP Node,41.3,41.3,0.0,0.0,0.0
2025-10-05 03:40:00-07:00,2025-10-05 10:40:00+00:00,2025-10-05 03:45:00-07:00,2025-10-05 10:45:00+00:00,REAL_TIME_5_MIN,ANAHEIM_6_N001,Node,39.99967,40.005,-0.00533,0.0,0.0
2025-10-05 03:40:00-07:00,2025-10-05 10:40:00+00:00,2025-10-05 03:45:00-07:00,2025-10-05 10:45:00+00:00,REAL_TIME_5_MIN,MKT_SUB_LNODEONC,Node,39.99967,40.005,-0.00533,0.0,0.0
2025-10-05 03:40:00-07:00,2025-10-05 10:40:00+00:00,2025-10-05 03:45:00-07:00,2025-10-05 10:45:00+00:00,REAL_TIME_5_MIN,SCEW_2_PDRP89-APND,AP Node,39.99966,40.005,-0.00534,0.0,0.0
2025-10-05 03:45:00-07:00,2025-10-05 10:45:00+00:00,2025-10-05 03:50:00-07:00,2025-10-05 10:50:00+00:00,REAL_TIME_5_MIN,ANAHEIM_6_N001,Node,39.3017,40.24208,-0.94038,0.0,0.0
2025-10-05 03:45:00-07:00,2025-10-05 10:45:00+00:00,2025-10-05 03:50:00-07:00,2025-10-05 10:50:00+00:00,REAL_TIME_5_MIN,MKT_SUB_LNODEONC,Node,39.3017,40.24208,-0.94038,0.0,0.0
2025-10-05 03:45:00-07:00,2025-10-05 10:45:00+00:00,2025-10-05 03:50:00-07:00,2025-10-05 10:50:00+00:00,REAL_TIME_5_MIN,SCEW_2_PDRP89-APND,AP Node,39.3017,40.24208,-0.94038,0.0,0.0
2025-10-05 03:50:00-07:00,2025-10-05 10:50:00+00:00,2025-10-05 03:55:00-07:00,2025-10-05 10:55:00+00:00,REAL_TIME_5_MIN,ANAHEIM_6_N001,Node,38.91853,40.03922,-1.12069,0.0,0.0
2025-10-05 03:50:00-07:00,2025-10-05 10:50:00+00:00,2025-10-05 03:55:00-07:00,2025-10-05 10:55:00+00:00,REAL_TIME_5_MIN,MKT_SUB_LNODEONC,Node,38.91853,40.03922,-1.12069,0.0,0.0
2025-10-05 03:50:00-07:00,2025-10-05 10:50:00+00:00,2025-10-05 03:55:00-07:00,2025-10-05 10:55:00+00:00,REAL_TIME_5_MIN,SCEW_2_PDRP89-APND,AP Node,38.91853,40.03922,-1.12069,0.0,0.0
2025-10-05 03:55:00-07:00,2025-10-05 10:55:00+00:00,2025-10-05 04:00:00-07:00,2025-10-05 11:00:00+00:00,REAL_TIME_5_MIN,ANAHEIM_6_N001,Node,39.974,40.598,-0.624,0.0,0.0
2025-10-05 03:55:00-07:00,2025-10-05 10:55:00+00:00,2025-10-05 04:00:00-07:00,2025-10-05 11:00:00+00:00,REAL_TIME_5_MIN,MKT_SUB_LNODEONC,Node,39.974,40.598,-0.624,0.0,0.0
2025-10-05 03:55:00-07:00,2025-10-05 10:55:00+00:00,2025-10-05 04:00:00-07:00,2025-10-05 11:00:00+00:00,REAL_TIME_5_MIN,SCEW_2_PDRP89-APND,AP Node,39.974,40.598,-0.624,0.0,0.0
2025-10-05 04:00:00-07:00,2025-10-05 11:00:00+00:00,2025-10-05 04:05:00-07:00,2025-10-05 11:05:00+00:00,REAL_TIME_5_MIN,ANAHEIM_6_N001,Node,37.97235,38.90763,-0.93529,0.0,0.0
2025-10-05 04:00:00-07:00,2025-10-05 11:00:00+00:00,2025-10-05 04:05:00-07:00,2025-10-05 11:05:00+00:00,REAL_TIME_5_MIN,MKT_SUB_LNODEONC,Node,37.97235,38.90763,-0.93529,0.0,0.0
2025-10-05 04:00:00-07:00,2025-10-05 11:00:00+00:00,2025-10-05 04:05:00-07:00,2025-10-05 11:05:00+00:00,REAL_TIME_5_MIN,SCEW_2_PDRP89-APND,AP Node,37.97235,38.90763,-0.93529,0.0,0.0
2025-10-05 04:05:00-07:00,2025-10-05 11:05:00+00:00,2025-10-05 04:10:00-07:00,2025-10-05 11:10:00+00:00,REAL_TIME_5_MIN,ANAHEIM_6_N001,Node,38.60389,39.4724,-0.86851,0.0,0.0
2025-10-05 04:05:00-07:00,2025-10-05 11:05:00+00:00,2025-10-05 04:10:00-07:00,2025-10-05 11:10:00+00:00,REAL_TIME_5_MIN,MKT_SUB_LNODEONC,Node,38.60389,39.4724,-0.86851,0.0,0.0
2025-10-05 04:05:00-07:00,2025-10-05 11:05:00+00:00,2025-10-05 04:10:00-07:00,2025-10-05 11:10:00+00:00,REAL_TIME_5_MIN,SCEW_2_PDRP89-APND,AP Node,38.60389,39.4724,-0.86851,0.0,0.0
2025-10-05 04:10:00-07:00,2025-10-05 11:10:00+00:00,2025-10-05 04:15:00-07:00,2025-10-05 11:15:00+00:00,REAL_TIME_5_MIN,ANAHEIM_6_N001,Node,39.37923,39.66518,-0.28596,0.0,0.0
2025-10-05 04:10:00-07:00,2025-10-05 11:10:00+00:00,2025-10-05 04:15:00-07:00,2025-10-05 11:15:00+00:00,REAL_TIME_5_MIN,MKT_SUB_LNODEONC,Node,39.37923,39.66518,-0.28596,0.0,0.0
2025-10-05 04:10:00-07:00,2025-10-05 11:10:00+00:00,2025-10-05 04:15:00-07:00,2025-10-05 11:15:00+00:00,REAL_TIME_5_MIN,SCEW_2_PDRP89-APND,AP Node,39.37923,39.66518,-0.28596,0.0,0.0
2025-10-05 04:15:00-07:00,2025-10-05 11:15:00+00:00,2025-10-05 04:20:00-07:00,2025-10-05 11:20:00+00:00,REAL_TIME_5_MIN,ANAHEIM_6_N001,Node,38.48692,39.66088,0.0,-1.17396,0.0
2025-10-05 04:15:00-07:00,2025-10-05 11:15:00+00:00,2025-10-05 04:20:00-07:00,2025-10-05 11:20:00+00:00,REAL_TIME_5_MIN,MKT_SUB_LNODEONC,Node,40.78999,39.66088,-0.0012,1.1303,0.0
2025-10-05 04:15:00-07:00,2025-10-05 11:15:00+00:00,2025-10-05 04:20:00-07:00,2025-10-05 11:20:00+00:00,REAL_TIME_5_MIN,SCEW_2_PDRP89-APND,AP Node,38.53197,39.66088,0.0,-1.12891,0.0
2025-10-05 04:20:00-07:00,2025-10-05 11:20:00+00:00,2025-10-05 04:25:00-07:00,2025-10-05 11:25:00+00:00,REAL_TIME_5_MIN,ANAHEIM_6_N001,Node,38.48692,39.66088,0.0,-1.17396,0.0
2025-10-05 04:20:00-07:00,2025-10-05 11:20:00+00:00,2025-10-05 04:25:00-07:00,2025-10-05 11:25:00+00:00,REAL_TIME_5_MIN,MKT_SUB_LNODEONC,Node,40.78999,39.66088,-0.0012,1.1303,0.0
2025-10-05 04:20:00-07:00,2025-10-05 11:20:00+00:00,2025-10-05 04:25:00-07:00,2025-10-05 11:25:00+00:00,REAL_TIME_5_MIN,SCEW_2_PDRP89-APND,AP Node,38.53197,39.66088,0.0,-1.12891,0.0
2025-10-05 04:25:00-07:00,2025-10-05 11:25:00+00:00,2025-10-05 04:30:00-07:00,2025-10-05 11:30:00+00:00,REAL_TIME_5_MIN,ANAHEIM_6_N001,Node,39.51459,40.71989,0.0,-1.20531,0.0
2025-10-05 04:25:00-07:00,2025-10-05 11:25:00+00:00,2025-10-05 04:30:00-07:00,2025-10-05 11:30:00+00:00,REAL_TIME_5_MIN,MKT_SUB_LNODEONC,Node,41.87918,40.71989,-0.0012,1.16048,0.0
2025-10-05 04:25:00-07:00,2025-10-05 11:25:00+00:00,2025-10-05 04:30:00-07:00,2025-10-05 11:30:00+00:00,REAL_TIME_5_MIN,SCEW_2_PDRP89-APND,AP Node,39.56084,40.71989,0.0,-1.15906,0.0
2025-10-05 04:30:00-07:00,2025-10-05 11:30:00+00:00,2025-10-05 04:35:00-07:00,2025-10-05 11:35:00+00:00,REAL_TIME_5_MIN,ANAHEIM_6_N001,Node,40.39101,41.68749,0.0,-1.29648,0.0
2025-10-05 04:30:00-07:00,2025-10-05 11:30:00+00:00,2025-10-05 04:35:00-07:00,2025-10-05 11:35:00+00:00,REAL_TIME_5_MIN,MKT_SUB_LNODEONC,Node,42.80765,41.68749,-0.0012,1.12136,0.0
2025-10-05 04:30:00-07:00,2025-10-05 11:30:00+00:00,2025-10-05 04:35:00-07:00,2025-10-05 11:35:00+00:00,REAL_TIME_5_MIN,SCEW_2_PDRP89-APND,AP Node,40.44107,41.68749,0.0,-1.24642,0.0
2025-10-05 04:35:00-07:00,2025-10-05 11:35:00+00:00,2025-10-05 04:40:00-07:00,2025-10-05 11:40:00+00:00,REAL_TIME_5_MIN,ANAHEIM_6_N001,Node,40.34564,41.64067,0.0,-1.29502,0.0
2025-10-05 04:35:00-07:00,2025-10-05 11:35:00+00:00,2025-10-05 04:40:00-07:00,2025-10-05 11:40:00+00:00,REAL_TIME_5_MIN,MKT_SUB_LNODEONC,Node,42.75957,41.64067,-0.0012,1.1201,0.0
2025-10-05 04:35:00-07:00,2025-10-05 11:35:00+00:00,2025-10-05 04:40:00-07:00,2025-10-05 11:40:00+00:00,REAL_TIME_5_MIN,SCEW_2_PDRP89-APND,AP Node,40.39564,41.64067,0.0,-1.24502,0.0
2025-10-05 04:40:00-07:00,2025-10-05 11:40:00+00:00,2025-10-05 04:45:00-07:00,2025-10-05 11:45:00+00:00,REAL_TIME_5_MIN,ANAHEIM_6_N001,Node,40.62203,41.92775,-0.00177,-1.30395,0.0
2025-10-05 04:40:00-07:00,2025-10-05 11:40:00+00:00,2025-10-05 04:45:00-07:00,2025-10-05 11:45:00+00:00,REAL_TIME_5_MIN,MKT_SUB_LNODEONC,Node,43.0526,41.92775,-0.00298,1.12782,0.0
2025-10-05 04:40:00-07:00,2025-10-05 11:40:00+00:00,2025-10-05 04:45:00-07:00,2025-10-05 11:45:00+00:00,REAL_TIME_5_MIN,SCEW_2_PDRP89-APND,AP Node,40.67237,41.92775,-0.00178,-1.25361,0.0
2025-10-05 04:45:00-07:00,2025-10-05 11:45:00+00:00,2025-10-05 04:50:00-07:00,2025-10-05 11:50:00+00:00,REAL_TIME_5_MIN,ANAHEIM_6_N001,Node,40.39881,41.75712,-0.00538,-1.35293,0.0
2025-10-05 04:45:00-07:00,2025-10-05 11:45:00+00:00,2025-10-05 04:50:00-07:00,2025-10-05 11:50:00+00:00,REAL_TIME_5_MIN,MKT_SUB_LNODEONC,Node,42.68293,41.75712,-0.00538,0.93118,0.0
2025-10-05 04:45:00-07:00,2025-10-05 11:45:00+00:00,2025-10-05 04:50:00-07:00,2025-10-05 11:50:00+00:00,REAL_TIME_5_MIN,SCEW_2_PDRP89-APND,AP Node,40.45166,41.75712,-0.00538,-1.30008,0.0
2025-10-05 04:50:00-07:00,2025-10-05 11:50:00+00:00,2025-10-05 04:55:00-07:00,2025-10-05 11:55:00+00:00,REAL_TIME_5_MIN,ANAHEIM_6_N001,Node,40.13467,41.48414,-0.00538,-1.34409,0.0
2025-10-05 04:50:00-07:00,2025-10-05 11:50:00+00:00,2025-10-05 04:55:00-07:00,2025-10-05 11:55:00+00:00,REAL_TIME_5_MIN,MKT_SUB_LNODEONC,Node,42.40385,41.48414,-0.00538,0.9251,0.0
2025-10-05 04:50:00-07:00,2025-10-05 11:50:00+00:00,2025-10-05 04:55:00-07:00,2025-10-05 11:55:00+00:00,REAL_TIME_5_MIN,SCEW_2_PDRP89-APND,AP Node,40.18718,41.48414,-0.00538,-1.29158,0.0
2025-10-05 04:55:00-07:00,2025-10-05 11:55:00+00:00,2025-10-05 05:00:00-07:00,2025-10-05 12:00:00+00:00,REAL_TIME_5_MIN,ANAHEIM_6_N001,Node,40.08943,41.43552,-0.00359,-1.34251,0.0
2025-10-05 04:55:00-07:00,2025-10-05 11:55:00+00:00,2025-10-05 05:00:00-07:00,2025-10-05 12:00:00+00:00,REAL_TIME_5_MIN,MKT_SUB_LNODEONC,Node,42.35472,41.43552,-0.00479,0.92399,0.0
2025-10-05 04:55:00-07:00,2025-10-05 11:55:00+00:00,2025-10-05 05:00:00-07:00,2025-10-05 12:00:00+00:00,REAL_TIME_5_MIN,SCEW_2_PDRP89-APND,AP Node,40.14187,41.43552,-0.00358,-1.29007,0.0
2025-10-05 05:00:00-07:00,2025-10-05 12:00:00+00:00,2025-10-05 05:05:00-07:00,2025-10-05 12:05:00+00:00,REAL_TIME_5_MIN,ANAHEIM_6_N001,Node,39.46741,40.79504,-0.00179,-1.32584,0.0
2025-10-05 05:00:00-07:00,2025-10-05 12:00:00+00:00,2025-10-05 05:05:00-07:00,2025-10-05 12:05:00+00:00,REAL_TIME_5_MIN,MKT_SUB_LNODEONC,Node,41.74254,40.79504,-0.003,0.9505,0.0
2025-10-05 05:00:00-07:00,2025-10-05 12:00:00+00:00,2025-10-05 05:05:00-07:00,2025-10-05 12:05:00+00:00,REAL_TIME_5_MIN,SCEW_2_PDRP89-APND,AP Node,39.51895,40.79504,-0.0018,-1.2743,0.0
2025-10-05 05:05:00-07:00,2025-10-05 12:05:00+00:00,2025-10-05 05:10:00-07:00,2025-10-05 12:10:00+00:00,REAL_TIME_5_MIN,ANAHEIM_6_N001,Node,39.40711,40.73457,-0.00359,-1.32387,0.0
2025-10-05 05:05:00-07:00,2025-10-05 12:05:00+00:00,2025-10-05 05:10:00-07:00,2025-10-05 12:10:00+00:00,REAL_TIME_5_MIN,MKT_SUB_LNODEONC,Node,41.67886,40.73457,-0.0048,0.94909,0.0
2025-10-05 05:05:00-07:00,2025-10-05 12:05:00+00:00,2025-10-05 05:10:00-07:00,2025-10-05 12:10:00+00:00,REAL_TIME_5_MIN,SCEW_2_PDRP89-APND,AP Node,39.45857,40.73457,-0.00359,-1.27241,0.0
2025-10-05 05:10:00-07:00,2025-10-05 12:10:00+00:00,2025-10-05 05:15:00-07:00,2025-10-05 12:15:00+00:00,REAL_TIME_5_MIN,ANAHEIM_6_N001,Node,39.05384,40.36572,0.0,-1.31189,0.0
2025-10-05 05:10:00-07:00,2025-10-05 12:10:00+00:00,2025-10-05 05:15:00-07:00,2025-10-05 12:15:00+00:00,REAL_TIME_5_MIN,MKT_SUB_LNODEONC,Node,41.30502,40.36572,-0.0012,0.94049,0.0
2025-10-05 05:10:00-07:00,2025-10-05 12:10:00+00:00,2025-10-05 05:15:00-07:00,2025-10-05 12:15:00+00:00,REAL_TIME_5_MIN,SCEW_2_PDRP89-APND,AP Node,39.10484,40.36572,0.0,-1.26089,0.0
2025-10-05 05:15:00-07:00,2025-10-05 12:15:00+00:00,2025-10-05 05:20:00-07:00,2025-10-05 12:20:00+00:00,REAL_TIME_5_MIN,ANAHEIM_6_N001,Node,39.29223,40.59482,-0.00356,-1.29903,0.0
2025-10-05 05:15:00-07:00,2025-10-05 12:15:00+00:00,2025-10-05 05:20:00-07:00,2025-10-05 12:20:00+00:00,REAL_TIME_5_MIN,MKT_SUB_LNODEONC,Node,41.68201,40.59482,-0.00478,1.09197,0.0
2025-10-05 05:15:00-07:00,2025-10-05 12:15:00+00:00,2025-10-05 05:20:00-07:00,2025-10-05 12:20:00+00:00,REAL_TIME_5_MIN,SCEW_2_PDRP89-APND,AP Node,39.35145,40.59482,-0.00357,-1.2398,0.0
2025-10-05 05:20:00-07:00,2025-10-05 12:20:00+00:00,2025-10-05 05:25:00-07:00,2025-10-05 12:25:00+00:00,REAL_TIME_5_MIN,ANAHEIM_6_N001,Node,39.28856,40.59288,-0.00535,-1.29897,0.0
2025-10-05 05:20:00-07:00,2025-10-05 12:20:00+00:00,2025-10-05 05:25:00-07:00,2025-10-05 12:25:00+00:00,REAL_TIME_5_MIN,MKT_SUB_LNODEONC,Node,41.67946,40.59288,-0.00537,1.09195,0.0
2025-10-05 05:20:00-07:00,2025-10-05 12:20:00+00:00,2025-10-05 05:25:00-07:00,2025-10-05 12:25:00+00:00,REAL_TIME_5_MIN,SCEW_2_PDRP89-APND,AP Node,39.34778,40.59288,-0.00535,-1.23974,0.0
2025-10-05 05:25:00-07:00,2025-10-05 12:25:00+00:00,2025-10-05 05:30:00-07:00,2025-10-05 12:30:00+00:00,REAL_TIME_5_MIN,ANAHEIM_6_N001,Node,38.45697,40.1518,-0.40997,-1.28486,0.0
2025-10-05 05:25:00-07:00,2025-10-05 12:25:00+00:00,2025-10-05 05:30:00-07:00,2025-10-05 12:30:00+00:00,REAL_TIME_5_MIN,MKT_SUB_LNODEONC,Node,40.82024,40.1518,-0.41165,1.08008,0.0
2025-10-05 05:25:00-07:00,2025-10-05 12:25:00+00:00,2025-10-05 05:30:00-07:00,2025-10-05 12:30:00+00:00,REAL_TIME_5_MIN,SCEW_2_PDRP89-APND,AP Node,38.51501,40.1518,-0.41051,-1.22627,0.0
2025-10-05 05:30:00-07:00,2025-10-05 12:30:00+00:00,2025-10-05 05:35:00-07:00,2025-10-05 12:35:00+00:00,REAL_TIME_5_MIN,ANAHEIM_6_N001,Node,38.74811,40.8941,-0.81693,-1.32906,0.0
2025-10-05 05:30:00-07:00,2025-10-05 12:30:00+00:00,2025-10-05 05:35:00-07:00,2025-10-05 12:35:00+00:00,REAL_TIME_5_MIN,MKT_SUB_LNODEONC,Node,40.9449,40.8941,-0.82025,0.87104,0.0
2025-10-05 05:30:00-07:00,2025-10-05 12:30:00+00:00,2025-10-05 05:35:00-07:00,2025-10-05 12:35:00+00:00,REAL_TIME_5_MIN,SCEW_2_PDRP89-APND,AP Node,38.80547,40.8941,-0.818,-1.27063,0.0
2025-10-05 05:35:00-07:00,2025-10-05 12:35:00+00:00,2025-10-05 05:40:00-07:00,2025-10-05 12:40:00+00:00,REAL_TIME_5_MIN,ANAHEIM_6_N001,Node,38.75137,41.41495,-1.31759,-1.34599,0.0
2025-10-05 05:35:00-07:00,2025-10-05 12:35:00+00:00,2025-10-05 05:40:00-07:00,2025-10-05 12:40:00+00:00,REAL_TIME_5_MIN,MKT_SUB_LNODEONC,Node,40.97414,41.41495,-1.32295,0.88214,0.0
2025-10-05 05:35:00-07:00,2025-10-05 12:35:00+00:00,2025-10-05 05:40:00-07:00,2025-10-05 12:40:00+00:00,REAL_TIME_5_MIN,SCEW_2_PDRP89-APND,AP Node,38.80881,41.41495,-1.31933,-1.28682,0.0
2025-10-05 05:40:00-07:00,2025-10-05 12:40:00+00:00,2025-10-05 05:45:00-07:00,2025-10-05 12:45:00+00:00,REAL_TIME_5_MIN,ANAHEIM_6_N001,Node,41.01237,42.60266,-0.2057,-1.38459,0.0
2025-10-05 05:40:00-07:00,2025-10-05 12:40:00+00:00,2025-10-05 05:45:00-07:00,2025-10-05 12:45:00+00:00,REAL_TIME_5_MIN,MKT_SUB_LNODEONC,Node,43.30355,42.60266,-0.20654,0.90744,0.0
2025-10-05 05:40:00-07:00,2025-10-05 12:40:00+00:00,2025-10-05 05:45:00-07:00,2025-10-05 12:45:00+00:00,REAL_TIME_5_MIN,SCEW_2_PDRP89-APND,AP Node,41.07296,42.60266,-0.20597,-1.32372,0.0
2025-10-05 05:45:00-07:00,2025-10-05 12:45:00+00:00,2025-10-05 05:50:00-07:00,2025-10-05 12:50:00+00:00,REAL_TIME_5_MIN,ANAHEIM_6_N001,Node,41.64928,42.93666,-0.00358,-1.28381,0.0
2025-10-05 05:45:00-07:00,2025-10-05 12:45:00+00:00,2025-10-05 05:50:00-07:00,2025-10-05 12:50:00+00:00,REAL_TIME_5_MIN,MKT_SUB_LNODEONC,Node,43.91509,42.93666,-0.00479,0.98322,0.0
2025-10-05 05:45:00-07:00,2025-10-05 12:45:00+00:00,2025-10-05 05:50:00-07:00,2025-10-05 12:50:00+00:00,REAL_TIME_5_MIN,SCEW_2_PDRP89-APND,AP Node,41.70503,42.93666,-0.00358,-1.22806,0.0
2025-10-05 05:50:00-07:00,2025-10-05 12:50:00+00:00,2025-10-05 05:55:00-07:00,2025-10-05 12:55:00+00:00,REAL_TIME_5_MIN,ANAHEIM_6_N001,Node,42.53157,43.84246,0.0,-1.31089,0.0
2025-10-05 05:50:00-07:00,2025-10-05 12:50:00+00:00,2025-10-05 05:55:00-07:00,2025-10-05 12:55:00+00:00,REAL_TIME_5_MIN,MKT_SUB_LNODEONC,Node,44.84523,43.84246,-0.0012,1.00396,0.0
2025-10-05 05:50:00-07:00,2025-10-05 12:50:00+00:00,2025-10-05 05:55:00-07:00,2025-10-05 12:55:00+00:00,REAL_TIME_5_MIN,SCEW_2_PDRP89-APND,AP Node,42.5885,43.84246,0.0,-1.25396,0.0
2025-10-05 05:55:00-07:00,2025-10-05 12:55:00+00:00,2025-10-05 06:00:00-07:00,2025-10-05 13:00:00+00:00,REAL_TIME_5_MIN,ANAHEIM_6_N001,Node,43.06174,44.38897,0.0,-1.32723,0.0
2025-10-05 05:55:00-07:00,2025-10-05 12:55:00+00:00,2025-10-05 06:00:00-07:00,2025-10-05 13:00:00+00:00,REAL_TIME_5_MIN,MKT_SUB_LNODEONC,Node,45.40425,44.38897,-0.0012,1.01648,0.0
2025-10-05 05:55:00-07:00,2025-10-05 12:55:00+00:00,2025-10-05 06:00:00-07:00,2025-10-05 13:00:00+00:00,REAL_TIME_5_MIN,SCEW_2_PDRP89-APND,AP Node,43.11937,44.38897,0.0,-1.26959,0.0
2025-10-05 06:00:00-07:00,2025-10-05 13:00:00+00:00,2025-10-05 06:05:00-07:00,2025-10-05 13:05:00+00:00,REAL_TIME_5_MIN,ANAHEIM_6_N001,Node,41.31531,42.79605,0.0,-1.48074,0.0
2025-10-05 06:00:00-07:00,2025-10-05 13:00:00+00:00,2025-10-05 06:05:00-07:00,2025-10-05 13:05:00+00:00,REAL_TIME_5_MIN,MKT_SUB_LNODEONC,Node,44.12577,42.79605,-0.0012,1.33092,0.0
2025-10-05 06:00:00-07:00,2025-10-05 13:00:00+00:00,2025-10-05 06:05:00-07:00,2025-10-05 13:05:00+00:00,REAL_TIME_5_MIN,SCEW_2_PDRP89-APND,AP Node,41.35543,42.79605,0.0,-1.44063,0.0
2025-10-05 06:05:00-07:00,2025-10-05 13:05:00+00:00,2025-10-05 06:10:00-07:00,2025-10-05 13:10:00+00:00,REAL_TIME_5_MIN,ANAHEIM_6_N001,Node,41.15609,42.63113,0.0,-1.47504,0.0
2025-10-05 06:05:00-07:00,2025-10-05 13:05:00+00:00,2025-10-05 06:10:00-07:00,2025-10-05 13:10:00+00:00,REAL_TIME_5_MIN,MKT_SUB_LNODEONC,Node,43.95572,42.63113,-0.0012,1.32579,0.0
2025-10-05 06:05:00-07:00,2025-10-05 13:05:00+00:00,2025-10-05 06:10:00-07:00,2025-10-05 13:10:00+00:00,REAL_TIME_5_MIN,SCEW_2_PDRP89-APND,AP Node,41.19605,42.63113,0.0,-1.43507,0.0
2025-10-05 06:10:00-07:00,2025-10-05 13:10:00+00:00,2025-10-05 06:15:00-07:00,2025-10-05 13:15:00+00:00,REAL_TIME_5_MIN,ANAHEIM_6_N001,Node,41.12775,42.60177,0.0,-1.47402,0.0
2025-10-05 06:10:00-07:00,2025-10-05 13:10:00+00:00,2025-10-05 06:15:00-07:00,2025-10-05 13:15:00+00:00,REAL_TIME_5_MIN,MKT_SUB_LNODEONC,Node,43.92545,42.60177,-0.0012,1.32488,0.0
2025-10-05 06:10:00-07:00,2025-10-05 13:10:00+00:00,2025-10-05 06:15:00-07:00,2025-10-05 13:15:00+00:00,REAL_TIME_5_MIN,SCEW_2_PDRP89-APND,AP Node,41.16769,42.60177,0.0,-1.43409,0.0
2025-10-05 06:15:00-07:00,2025-10-05 13:15:00+00:00,2025-10-05 06:20:00-07:00,2025-10-05 13:20:00+00:00,REAL_TIME_5_MIN,ANAHEIM_6_N001,Node,41.15346,42.7036,0.0,-1.55014,0.0
2025-10-05 06:15:00-07:00,2025-10-05 13:15:00+00:00,2025-10-05 06:20:00-07:00,2025-10-05 13:20:00+00:00,REAL_TIME_5_MIN,MKT_SUB_LNODEONC,Node,44.20979,42.7036,-0.0012,1.50739,0.0
2025-10-05 06:15:00-07:00,2025-10-05 13:15:00+00:00,2025-10-05 06:20:00-07:00,2025-10-05 13:20:00+00:00,REAL_TIME_5_MIN,SCEW_2_PDRP89-APND,AP Node,41.19498,42.7036,0.0,-1.50862,0.0
2025-10-05 06:20:00-07:00,2025-10-05 13:20:00+00:00,2025-10-05 06:25:00-07:00,2025-10-05 13:25:00+00:00,REAL_TIME_5_MIN,ANAHEIM_6_N001,Node,42.36284,43.95853,0.0,-1.59569,0.0
2025-10-05 06:20:00-07:00,2025-10-05 13:20:00+00:00,2025-10-05 06:25:00-07:00,2025-10-05 13:25:00+00:00,REAL_TIME_5_MIN,MKT_SUB_LNODEONC,Node,45.50903,43.95853,-0.0012,1.55169,0.0
2025-10-05 06:20:00-07:00,2025-10-05 13:20:00+00:00,2025-10-05 06:25:00-07:00,2025-10-05 13:25:00+00:00,REAL_TIME_5_MIN,SCEW_2_PDRP89-APND,AP Node,42.40558,43.95853,0.0,-1.55295,0.0
2025-10-05 06:25:00-07:00,2025-10-05 13:25:00+00:00,2025-10-05 06:30:00-07:00,2025-10-05 13:30:00+00:00,REAL_TIME_5_MIN,ANAHEIM_6_N001,Node,42.40746,44.00484,0.0,-1.59738,0.0
2025-10-05 06:25:00-07:00,2025-10-05 13:25:00+00:00,2025-10-05 06:30:00-07:00,2025-10-05 13:30:00+00:00,REAL_TIME_5_MIN,MKT_SUB_LNODEONC,Node,45.55697,44.00484,-0.0012,1.55333,0.0
2025-10-05 06:25:00-07:00,2025-10-05 13:25:00+00:00,2025-10-05 06:30:00-07:00,2025-10-05 13:30:00+00:00,REAL_TIME_5_MIN,SCEW_2_PDRP89-APND,AP Node,42.45025,44.00484,0.0,-1.55459,0.0
2025-10-05 06:30:00-07:00,2025-10-05 13:30:00+00:00,2025-10-05 06:35:00-07:00,2025-10-05 13:35:00+00:00,REAL_TIME_5_MIN,ANAHEIM_6_N001,Node,43.25155,44.89003,0.0,-1.63849,0.0
2025-10-05 06:30:00-07:00,2025-10-05 13:30:00+00:00,2025-10-05 06:35:00-07:00,2025-10-05 13:35:00+00:00,REAL_TIME_5_MIN,MKT_SUB_LNODEONC,Node,46.41954,44.89003,-0.0012,1.53071,0.0
2025-10-05 06:30:00-07:00,2025-10-05 13:30:00+00:00,2025-10-05 06:35:00-07:00,2025-10-05 13:35:00+00:00,REAL_TIME_5_MIN,SCEW_2_PDRP89-APND,AP Node,43.29654,44.89003,0.0,-1.59349,0.0
2025-10-05 06:35:00-07:00,2025-10-05 13:35:00+00:00,2025-10-05 06:40:00-07:00,2025-10-05 13:40:00+00:00,REAL_TIME_5_MIN,ANAHEIM_6_N001,Node,43.46743,45.11409,0.0,-1.64666,0.0
2025-10-05 06:35:00-07:00,2025-10-05 13:35:00+00:00,2025-10-05 06:40:00-07:00,2025-10-05 13:40:00+00:00,REAL_TIME_5_MIN,MKT_SUB_LNODEONC,Node,46.65124,45.11409,-0.0012,1.53835,0.0
2025-10-05 06:35:00-07:00,2025-10-05 13:35:00+00:00,2025-10-05 06:40:00-07:00,2025-10-05 13:40:00+00:00,REAL_TIME_5_MIN,SCEW_2_PDRP89-APND,AP Node,43.51265,45.11409,0.0,-1.60144,0.0
2025-10-05 06:40:00-07:00,2025-10-05 13:40:00+00:00,2025-10-05 06:45:00-07:00,2025-10-05 13:45:00+00:00,REAL_TIME_5_MIN,ANAHEIM_6_N001,Node,43.32361,44.96483,0.0,-1.64122,0.0
2025-10-05 06:40:00-07:00,2025-10-05 13:40:00+00:00,2025-10-05 06:45:00-07:00,2025-10-05 13:45:00+00:00,REAL_TIME_5_MIN,MKT_SUB_LNODEONC,Node,46.49689,44.96483,-0.0012,1.53326,0.0
2025-10-05 06:40:00-07:00,2025-10-05 13:40:00+00:00,2025-10-05 06:45:00-07:00,2025-10-05 13:45:00+00:00,REAL_TIME_5_MIN,SCEW_2_PDRP89-APND,AP Node,43.36868,44.96483,0.0,-1.59614,0.0
2025-10-05 06:45:00-07:00,2025-10-05 13:45:00+00:00,2025-10-05 06:50:00-07:00,2025-10-05 13:50:00+00:00,REAL_TIME_5_MIN,ANAHEIM_6_N001,Node,43.49893,45.04307,-0.00366,-1.54047,0.0
2025-10-05 06:45:00-07:00,2025-10-05 13:45:00+00:00,2025-10-05 06:50:00-07:00,2025-10-05 13:50:00+00:00,REAL_TIME_5_MIN,MKT_SUB_LNODEONC,Node,46.25107,45.04307,-0.00366,1.21166,0.0
2025-10-05 06:45:00-07:00,2025-10-05 13:45:00+00:00,2025-10-05 06:50:00-07:00,2025-10-05 13:50:00+00:00,REAL_TIME_5_MIN,SCEW_2_PDRP89-APND,AP Node,43.57332,45.04307,-0.00366,-1.46609,0.0
2025-10-05 06:50:00-07:00,2025-10-05 13:50:00+00:00,2025-10-05 06:55:00-07:00,2025-10-05 13:55:00+00:00,REAL_TIME_5_MIN,ANAHEIM_6_N001,Node,43.49543,45.04133,-0.00549,-1.54041,0.0
2025-10-05 06:50:00-07:00,2025-10-05 13:50:00+00:00,2025-10-05 06:55:00-07:00,2025-10-05 13:55:00+00:00,REAL_TIME_5_MIN,MKT_SUB_LNODEONC,Node,46.24746,45.04133,-0.00549,1.21161,0.0
2025-10-05 06:50:00-07:00,2025-10-05 13:50:00+00:00,2025-10-05 06:55:00-07:00,2025-10-05 13:55:00+00:00,REAL_TIME_5_MIN,SCEW_2_PDRP89-APND,AP Node,43.56981,45.04133,-0.00549,-1.46603,0.0
2025-10-05 06:55:00-07:00,2025-10-05 13:55:00+00:00,2025-10-05 07:00:00-07:00,2025-10-05 14:00:00+00:00,REAL_TIME_5_MIN,ANAHEIM_6_N001,Node,43.49543,45.04133,-0.00549,-1.54041,0.0
2025-10-05 06:55:00-07:00,2025-10-05 13:55:00+00:00,2025-10-05 07:00:00-07:00,2025-10-05 14:00:00+00:00,REAL_TIME_5_MIN,MKT_SUB_LNODEONC,Node,46.24746,45.04133,-0.00549,1.21161,0.0
2025-10-05 06:55:00-07:00,2025-10-05 13:55:00+00:00,2025-10-05 07:00:00-07:00,2025-10-05 14:00:00+00:00,REAL_TIME_5_MIN,SCEW_2_PDRP89-APND,AP Node,43.56981,45.04133,-0.00549,-1.46603,0.0
2025-10-05 07:00:00-07:00,2025-10-05 14:00:00+00:00,2025-10-05 07:05:00-07:00,2025-10-05 14:05:00+00:00,REAL_TIME_5_MIN,ANAHEIM_6_N001,Node,53.33063,55.3165,0.0,-1.98586,0.0
2025-10-05 07:00:00-07:00,2025-10-05 14:00:00+00:00,2025-10-05 07:05:00-07:00,2025-10-05 14:05:00+00:00,REAL_TIME_5_MIN,MKT_SUB_LNODEONC,Node,57.46153,55.3165,-0.0012,2.14623,0.0
2025-10-05 07:00:00-07:00,2025-10-05 14:00:00+00:00,2025-10-05 07:05:00-07:00,2025-10-05 14:05:00+00:00,REAL_TIME_5_MIN,SCEW_2_PDRP89-APND,AP Node,53.4042,55.3165,0.0,-1.9123,0.0
2025-10-05 07:05:00-07:00,2025-10-05 14:05:00+00:00,2025-10-05 07:10:00-07:00,2025-10-05 14:10:00+00:00,REAL_TIME_5_MIN,ANAHEIM_6_N001,Node,53.89865,55.90566,0.0,-2.00701,0.0
2025-10-05 07:05:00-07:00,2025-10-05 14:05:00+00:00,2025-10-05 07:10:00-07:00,2025-10-05 14:10:00+00:00,REAL_TIME_5_MIN,MKT_SUB_LNODEONC,Node,58.07355,55.90566,-0.0012,2.16909,0.0
2025-10-05 07:05:00-07:00,2025-10-05 14:05:00+00:00,2025-10-05 07:10:00-07:00,2025-10-05 14:10:00+00:00,REAL_TIME_5_MIN,SCEW_2_PDRP89-APND,AP Node,53.973,55.90566,0.0,-1.93266,0.0
2025-10-05 07:10:00-07:00,2025-10-05 14:10:00+00:00,2025-10-05 07:15:00-07:00,2025-10-05 14:15:00+00:00,REAL_TIME_5_MIN,ANAHEIM_6_N001,Node,53.07521,55.05156,0.0,-1.97635,0.0
2025-10-05 07:10:00-07:00,2025-10-05 14:10:00+00:00,2025-10-05 07:15:00-07:00,2025-10-05 14:15:00+00:00,REAL_TIME_5_MIN,MKT_SUB_LNODEONC,Node,57.18631,55.05156,-0.0012,2.13595,0.0
2025-10-05 07:10:00-07:00,2025-10-05 14:10:00+00:00,2025-10-05 07:15:00-07:00,2025-10-05 14:15:00+00:00,REAL_TIME_5_MIN,SCEW_2_PDRP89-APND,AP Node,53.14842,55.05156,0.0,-1.90314,0.0
2025-10-05 07:15:00-07:00,2025-10-05 14:15:00+00:00,2025-10-05 07:20:00-07:00,2025-10-05 14:20:00+00:00,REAL_TIME_5_MIN,ANAHEIM_6_N001,Node,39.52459,47.90564,-6.4792,-1.90185,0.0
2025-10-05 07:15:00-07:00,2025-10-05 14:15:00+00:00,2025-10-05 07:20:00-07:00,2025-10-05 14:20:00+00:00,REAL_TIME_5_MIN,MKT_SUB_LNODEONC,Node,42.88102,47.90564,-6.50491,1.48028,0.0
2025-10-05 07:15:00-07:00,2025-10-05 14:15:00+00:00,2025-10-05 07:20:00-07:00,2025-10-05 14:20:00+00:00,REAL_TIME_5_MIN,SCEW_2_PDRP89-APND,AP Node,39.58821,47.90564,-6.49586,-1.82157,0.0
2025-10-05 07:20:00-07:00,2025-10-05 14:20:00+00:00,2025-10-05 07:25:00-07:00,2025-10-05 14:25:00+00:00,REAL_TIME_5_MIN,ANAHEIM_6_N001,Node,32.87744,45.03803,-10.37258,-1.78801,0.0
2025-10-05 07:20:00-07:00,2025-10-05 14:20:00+00:00,2025-10-05 07:25:00-07:00,2025-10-05 14:25:00+00:00,REAL_TIME_5_MIN,MKT_SUB_LNODEONC,Node,36.01596,45.03803,-10.41374,1.39168,0.0
2025-10-05 07:20:00-07:00,2025-10-05 14:20:00+00:00,2025-10-05 07:25:00-07:00,2025-10-05 14:25:00+00:00,REAL_TIME_5_MIN,SCEW_2_PDRP89-APND,AP Node,32.92623,45.03803,-10.39926,-1.71254,0.0
2025-10-05 07:25:00-07:00,2025-10-05 14:25:00+00:00,2025-10-05 07:30:00-07:00,2025-10-05 14:30:00+00:00,REAL_TIME_5_MIN,ANAHEIM_6_N001,Node,25.56113,40.56742,-13.39576,-1.61053,0.0
2025-10-05 07:25:00-07:00,2025-10-05 14:25:00+00:00,2025-10-05 07:30:00-07:00,2025-10-05 14:30:00+00:00,REAL_TIME_5_MIN,MKT_SUB_LNODEONC,Node,15.37071,40.56742,-26.45024,1.25353,0.0
2025-10-05 07:25:00-07:00,2025-10-05 14:25:00+00:00,2025-10-05 07:30:00-07:00,2025-10-05 14:30:00+00:00,REAL_TIME_5_MIN,SCEW_2_PDRP89-APND,AP Node,26.16346,40.56742,-12.86141,-1.54254,0.0
2025-10-05 07:30:00-07:00,2025-10-05 14:30:00+00:00,2025-10-05 07:35:00-07:00,2025-10-05 14:35:00+00:00,REAL_TIME_5_MIN,ANAHEIM_6_N001,Node,19.78624,37.02176,-15.78797,-1.44755,0.0
2025-10-05 07:30:00-07:00,2025-10-05 14:30:00+00:00,2025-10-05 07:35:00-07:00,2025-10-05 14:35:00+00:00,REAL_TIME_5_MIN,MKT_SUB_LNODEONC,Node,13.75864,37.02176,-24.259,0.99589,0.0
2025-10-05 07:30:00-07:00,2025-10-05 14:30:00+00:00,2025-10-05 07:35:00-07:00,2025-10-05 14:35:00+00:00,REAL_TIME_5_MIN,SCEW_2_PDRP89-APND,AP Node,20.18898,37.02176,-15.46054,-1.37224,0.0
2025-10-05 07:35:00-07:00,2025-10-05 14:35:00+00:00,2025-10-05 07:40:00-07:00,2025-10-05 14:40:00+00:00,REAL_TIME_5_MIN,ANAHEIM_6_N001,Node,10.92574,29.00731,-16.94739,-1.13419,0.0
2025-10-05 07:35:00-07:00,2025-10-05 14:35:00+00:00,2025-10-05 07:40:00-07:00,2025-10-05 14:40:00+00:00,REAL_TIME_5_MIN,MKT_SUB_LNODEONC,Node,7.22075,29.00731,-22.56686,0.7803,0.0
2025-10-05 07:35:00-07:00,2025-10-05 14:35:00+00:00,2025-10-05 07:40:00-07:00,2025-10-05 14:40:00+00:00,REAL_TIME_5_MIN,SCEW_2_PDRP89-APND,AP Node,11.18424,29.00731,-16.74789,-1.07518,0.0
2025-10-05 07:40:00-07:00,2025-10-05 14:40:00+00:00,2025-10-05 07:45:00-07:00,2025-10-05 14:45:00+00:00,REAL_TIME_5_MIN,ANAHEIM_6_N001,Node,3.23289,23.86587,-19.69983,-0.93316,0.0
2025-10-05 07:40:00-07:00,2025-10-05 14:40:00+00:00,2025-10-05 07:45:00-07:00,2025-10-05 14:45:00+00:00,REAL_TIME_5_MIN,MKT_SUB_LNODEONC,Node,2.31636,23.86587,-22.19151,0.64199,0.0
2025-10-05 07:40:00-07:00,2025-10-05 14:40:00+00:00,2025-10-05 07:45:00-07:00,2025-10-05 14:45:00+00:00,REAL_TIME_5_MIN,SCEW_2_PDRP89-APND,AP Node,3.33657,23.86587,-19.64469,-0.88461,0.0
2025-10-05 07:45:00-07:00,2025-10-05 14:45:00+00:00,2025-10-05 07:50:00-07:00,2025-10-05 14:50:00+00:00,REAL_TIME_5_MIN,ANAHEIM_6_N001,Node,-2.79988,20.24043,-22.26105,-0.77926,0.0
2025-10-05 07:45:00-07:00,2025-10-05 14:45:00+00:00,2025-10-05 07:50:00-07:00,2025-10-05 14:50:00+00:00,REAL_TIME_5_MIN,MKT_SUB_LNODEONC,Node,-1.82009,20.24043,-22.56045,0.49994,0.0
2025-10-05 07:45:00-07:00,2025-10-05 14:45:00+00:00,2025-10-05 07:50:00-07:00,2025-10-05 14:50:00+00:00,REAL_TIME_5_MIN,SCEW_2_PDRP89-APND,AP Node,-2.80625,20.24043,-22.30859,-0.73808,0.0
2025-10-05 07:50:00-07:00,2025-10-05 14:50:00+00:00,2025-10-05 07:55:00-07:00,2025-10-05 14:55:00+00:00,REAL_TIME_5_MIN,ANAHEIM_6_N001,Node,-3.74652,19.0003,-22.01531,-0.73151,0.0
2025-10-05 07:50:00-07:00,2025-10-05 14:50:00+00:00,2025-10-05 07:55:00-07:00,2025-10-05 14:55:00+00:00,REAL_TIME_5_MIN,MKT_SUB_LNODEONC,Node,-5.26059,19.0003,-24.7302,0.46931,0.0
2025-10-05 07:50:00-07:00,2025-10-05 14:50:00+00:00,2025-10-05 07:55:00-07:00,2025-10-05 14:55:00+00:00,REAL_TIME_5_MIN,SCEW_2_PDRP89-APND,AP Node,-3.64906,19.0003,-21.9565,-0.69286,0.0
2025-10-05 07:55:00-07:00,2025-10-05 14:55:00+00:00,2025-10-05 08:00:00-07:00,2025-10-05 15:00:00+00:00,REAL_TIME_5_MIN,ANAHEIM_6_N001,Node,-3.06599,18.00691,-20.37963,-0.69327,0.0
2025-10-05 07:55:00-07:00,2025-10-05 14:55:00+00:00,2025-10-05 08:00:00-07:00,2025-10-05 15:00:00+00:00,REAL_TIME_5_MIN,MKT_SUB_LNODEONC,Node,-15.62453,18.00691,-34.0762,0.44477,0.0
2025-10-05 07:55:00-07:00,2025-10-05 14:55:00+00:00,2025-10-05 08:00:00-07:00,2025-10-05 15:00:00+00:00,REAL_TIME_5_MIN,SCEW_2_PDRP89-APND,AP Node,-2.48565,18.00691,-19.83592,-0.65663,0.0
2025-10-05 08:00:00-07:00,2025-10-05 15:00:00+00:00,2025-10-05 08:05:00-07:00,2025-10-05 15:05:00+00:00,REAL_TIME_5_MIN,ANAHEIM_6_N001,Node,5.45976,19.4896,-13.3399,-0.68993,0.0
2025-10-05 08:00:00-07:00,2025-10-05 15:00:00+00:00,2025-10-05 08:05:00-07:00,2025-10-05 15:05:00+00:00,REAL_TIME_5_MIN,MKT_SUB_LNODEONC,Node,6.31938,19.4896,-13.55611,0.38589,0.0
2025-10-05 08:00:00-07:00,2025-10-05 15:00:00+00:00,2025-10-05 08:05:00-07:00,2025-10-05 15:05:00+00:00,REAL_TIME_5_MIN,SCEW_2_PDRP89-APND,AP Node,5.53006,19.4896,-13.31981,-0.63972,0.0
2025-10-05 08:05:00-07:00,2025-10-05 15:05:00+00:00,2025-10-05 08:10:00-07:00,2025-10-05 15:10:00+00:00,REAL_TIME_5_MIN,ANAHEIM_6_N001,Node,7.43573,23.30384,-15.04315,-0.82496,0.0
2025-10-05 08:05:00-07:00,2025-10-05 15:05:00+00:00,2025-10-05 08:10:00-07:00,2025-10-05 15:10:00+00:00,REAL_TIME_5_MIN,MKT_SUB_LNODEONC,Node,7.99286,23.30384,-15.77239,0.46142,0.0
2025-10-05 08:05:00-07:00,2025-10-05 15:05:00+00:00,2025-10-05 08:10:00-07:00,2025-10-05 15:10:00+00:00,REAL_TIME_5_MIN,SCEW_2_PDRP89-APND,AP Node,7.62803,23.30384,-14.91089,-0.76492,0.0
2025-10-05 08:10:00-07:00,2025-10-05 15:10:00+00:00,2025-10-05 08:15:00-07:00,2025-10-05 15:15:00+00:00,REAL_TIME_5_MIN,ANAHEIM_6_N001,Node,4.31776,22.49095,-17.37701,-0.79618,0.0
2025-10-05 08:10:00-07:00,2025-10-05 15:10:00+00:00,2025-10-05 08:15:00-07:00,2025-10-05 15:15:00+00:00,REAL_TIME_5_MIN,MKT_SUB_LNODEONC,Node,5.49111,22.49095,-17.44516,0.44532,0.0
2025-10-05 08:10:00-07:00,2025-10-05 15:10:00+00:00,2025-10-05 08:15:00-07:00,2025-10-05 15:15:00+00:00,REAL_TIME_5_MIN,SCEW_2_PDRP89-APND,AP Node,4.35367,22.49095,-17.39904,-0.73824,0.0
2025-10-05 08:15:00-07:00,2025-10-05 15:15:00+00:00,2025-10-05 08:20:00-07:00,2025-10-05 15:20:00+00:00,REAL_TIME_5_MIN,ANAHEIM_6_N001,Node,-1.38254,20.99828,-21.65848,-0.72234,0.0
2025-10-05 08:15:00-07:00,2025-10-05 15:15:00+00:00,2025-10-05 08:20:00-07:00,2025-10-05 15:20:00+00:00,REAL_TIME_5_MIN,MKT_SUB_LNODEONC,Node,-0.38356,20.99828,-21.74301,0.36118,0.0
2025-10-05 08:15:00-07:00,2025-10-05 15:15:00+00:00,2025-10-05 08:20:00-07:00,2025-10-05 15:20:00+00:00,REAL_TIME_5_MIN,SCEW_2_PDRP89-APND,AP Node,-1.35106,20.99828,-21.68594,-0.66339,0.0
2025-10-05 08:20:00-07:00,2025-10-05 15:20:00+00:00,2025-10-05 08:25:00-07:00,2025-10-05 15:25:00+00:00,REAL_TIME_5_MIN,ANAHEIM_6_N001,Node,-2.37301,19.9143,-21.60226,-0.68505,0.0
2025-10-05 08:20:00-07:00,2025-10-05 15:20:00+00:00,2025-10-05 08:25:00-07:00,2025-10-05 15:25:00+00:00,REAL_TIME_5_MIN,MKT_SUB_LNODEONC,Node,-1.43015,19.9143,-21.68697,0.34253,0.0
2025-10-05 08:20:00-07:00,2025-10-05 15:20:00+00:00,2025-10-05 08:25:00-07:00,2025-10-05 15:25:00+00:00,REAL_TIME_5_MIN,SCEW_2_PDRP89-APND,AP Node,-2.3445,19.9143,-21.62965,-0.62915,0.0
2025-10-05 08:25:00-07:00,2025-10-05 15:25:00+00:00,2025-10-05 08:30:00-07:00,2025-10-05 15:30:00+00:00,REAL_TIME_5_MIN,ANAHEIM_6_N001,Node,-3.3226,18.59908,-21.28187,-0.63981,0.0
2025-10-05 08:25:00-07:00,2025-10-05 15:25:00+00:00,2025-10-05 08:30:00-07:00,2025-10-05 15:30:00+00:00,REAL_TIME_5_MIN,MKT_SUB_LNODEONC,Node,-2.46327,18.59908,-21.38225,0.3199,0.0
2025-10-05 08:25:00-07:00,2025-10-05 15:25:00+00:00,2025-10-05 08:30:00-07:00,2025-10-05 15:30:00+00:00,REAL_TIME_5_MIN,SCEW_2_PDRP89-APND,AP Node,-3.33554,18.59908,-21.34702,-0.5876,0.0
2025-10-05 08:30:00-07:00,2025-10-05 15:30:00+00:00,2025-10-05 08:35:00-07:00,2025-10-05 15:35:00+00:00,REAL_TIME_5_MIN,ANAHEIM_6_N001,Node,-6.26816,16.29225,-22.02766,-0.53276,0.0
2025-10-05 08:30:00-07:00,2025-10-05 15:30:00+00:00,2025-10-05 08:35:00-07:00,2025-10-05 15:35:00+00:00,REAL_TIME_5_MIN,MKT_SUB_LNODEONC,Node,-5.46007,16.29225,-22.02766,0.27534,0.0
2025-10-05 08:30:00-07:00,2025-10-05 15:30:00+00:00,2025-10-05 08:35:00-07:00,2025-10-05 15:35:00+00:00,REAL_TIME_5_MIN,SCEW_2_PDRP89-APND,AP Node,-6.23551,16.29225,-22.04287,-0.48489,0.0
2025-10-05 08:35:00-07:00,2025-10-05 15:35:00+00:00,2025-10-05 08:40:00-07:00,2025-10-05 15:40:00+00:00,REAL_TIME_5_MIN,ANAHEIM_6_N001,Node,-6.09069,16.61755,-22.16485,-0.54339,0.0
2025-10-05 08:35:00-07:00,2025-10-05 15:35:00+00:00,2025-10-05 08:40:00-07:00,2025-10-05 15:40:00+00:00,REAL_TIME_5_MIN,MKT_SUB_LNODEONC,Node,-5.26646,16.61755,-22.16485,0.28084,0.0
2025-10-05 08:35:00-07:00,2025-10-05 15:35:00+00:00,2025-10-05 08:40:00-07:00,2025-10-05 15:40:00+00:00,REAL_TIME_5_MIN,SCEW_2_PDRP89-APND,AP Node,-6.07801,16.61755,-22.20099,-0.49457,0.0
2025-10-05 08:40:00-07:00,2025-10-05 15:40:00+00:00,2025-10-05 08:45:00-07:00,2025-10-05 15:45:00+00:00,REAL_TIME_5_MIN,ANAHEIM_6_N001,Node,-6.13988,17.3588,-22.93105,-0.56763,0.0
2025-10-05 08:40:00-07:00,2025-10-05 15:40:00+00:00,2025-10-05 08:45:00-07:00,2025-10-05 15:45:00+00:00,REAL_TIME_5_MIN,MKT_SUB_LNODEONC,Node,-5.27889,17.3588,-22.93105,0.29336,0.0
2025-10-05 08:40:00-07:00,2025-10-05 15:40:00+00:00,2025-10-05 08:45:00-07:00,2025-10-05 15:45:00+00:00,REAL_TIME_5_MIN,SCEW_2_PDRP89-APND,AP Node,-6.14247,17.3588,-22.98464,-0.51663,0.0
2025-10-05 08:45:00-07:00,2025-10-05 15:45:00+00:00,2025-10-05 08:50:00-07:00,2025-10-05 15:50:00+00:00,REAL_TIME_5_MIN,ANAHEIM_6_N001,Node,-7.59899,16.82287,-23.88857,-0.53328,0.0
2025-10-05 08:45:00-07:00,2025-10-05 15:45:00+00:00,2025-10-05 08:50:00-07:00,2025-10-05 15:50:00+00:00,REAL_TIME_5_MIN,MKT_SUB_LNODEONC,Node,-6.86407,16.82287,-23.98134,0.2944,0.0
2025-10-05 08:45:00-07:00,2025-10-05 15:45:00+00:00,2025-10-05 08:50:00-07:00,2025-10-05 15:50:00+00:00,REAL_TIME_5_MIN,SCEW_2_PDRP89-APND,AP Node,-7.52017,16.82287,-23.86142,-0.48162,0.0
2025-10-05 08:50:00-07:00,2025-10-05 15:50:00+00:00,2025-10-05 08:55:00-07:00,2025-10-05 15:55:00+00:00,REAL_TIME_5_MIN,ANAHEIM_6_N001,Node,-5.21399,16.12166,-20.82459,-0.51106,0.0
2025-10-05 08:50:00-07:00,2025-10-05 15:50:00+00:00,2025-10-05 08:55:00-07:00,2025-10-05 15:55:00+00:00,REAL_TIME_5_MIN,MKT_SUB_LNODEONC,Node,-4.51811,16.12166,-20.9219,0.28213,0.0
2025-10-05 08:50:00-07:00,2025-10-05 15:50:00+00:00,2025-10-05 08:55:00-07:00,2025-10-05 15:55:00+00:00,REAL_TIME_5_MIN,SCEW_2_PDRP89-APND,AP Node,-5.19594,16.12166,-20.85605,-0.46155,0.0
2025-10-05 08:55:00-07:00,2025-10-05 15:55:00+00:00,2025-10-05 09:00:00-07:00,2025-10-05 16:00:00+00:00,REAL_TIME_5_MIN,ANAHEIM_6_N001,Node,-6.41152,15.61065,-21.52731,-0.49486,0.0
2025-10-05 08:55:00-07:00,2025-10-05 15:55:00+00:00,2025-10-05 09:00:00-07:00,2025-10-05 16:00:00+00:00,REAL_TIME_5_MIN,MKT_SUB_LNODEONC,Node,-5.74407,15.61065,-21.6279,0.27319,0.0
2025-10-05 08:55:00-07:00,2025-10-05 15:55:00+00:00,2025-10-05 09:00:00-07:00,2025-10-05 16:00:00+00:00,REAL_TIME_5_MIN,SCEW_2_PDRP89-APND,AP Node,-6.3961,15.61065,-21.55983,-0.44692,0.0
2025-10-05 09:00:00-07:00,2025-10-05 16:00:00+00:00,2025-10-05 09:05:00-07:00,2025-10-05 16:05:00+00:00,REAL_TIME_5_MIN,ANAHEIM_6_N001,Node,0.62586,18.71721,-17.51111,-0.58023,0.0
2025-10-05 09:00:00-07:00,2025-10-05 16:00:00+00:00,2025-10-05 09:05:00-07:00,2025-10-05 16:05:00+00:00,REAL_TIME_5_MIN,MKT_SUB_LNODEONC,Node,1.50305,18.71721,-17.50991,0.29575,0.0
2025-10-05 09:00:00-07:00,2025-10-05 16:00:00+00:00,2025-10-05 09:05:00-07:00,2025-10-05 16:05:00+00:00,REAL_TIME_5_MIN,SCEW_2_PDRP89-APND,AP Node,0.67185,18.71721,-17.51098,-0.53438,0.0
2025-10-05 09:05:00-07:00,2025-10-05 16:05:00+00:00,2025-10-05 09:10:00-07:00,2025-10-05 16:10:00+00:00,REAL_TIME_5_MIN,ANAHEIM_6_N001,Node,-0.26819,18.29293,-17.99404,-0.56708,0.0
2025-10-05 09:05:00-07:00,2025-10-05 16:05:00+00:00,2025-10-05 09:10:00-07:00,2025-10-05 16:10:00+00:00,REAL_TIME_5_MIN,MKT_SUB_LNODEONC,Node,0.48241,18.29293,-18.09957,0.28905,0.0
2025-10-05 09:05:00-07:00,2025-10-05 16:05:00+00:00,2025-10-05 09:10:00-07:00,2025-10-05 16:10:00+00:00,REAL_TIME_5_MIN,SCEW_2_PDRP89-APND,AP Node,-0.19857,18.29293,-17.96924,-0.52227,0.0
2025-10-05 09:10:00-07:00,2025-10-05 16:10:00+00:00,2025-10-05 09:15:00-07:00,2025-10-05 16:15:00+00:00,REAL_TIME_5_MIN,ANAHEIM_6_N001,Node,0.62569,18.72287,-17.51678,-0.58041,0.0
2025-10-05 09:10:00-07:00,2025-10-05 16:10:00+00:00,2025-10-05 09:15:00-07:00,2025-10-05 16:15:00+00:00,REAL_TIME_5_MIN,MKT_SUB_LNODEONC,Node,1.50314,18.72287,-17.51558,0.29584,0.0
2025-10-05 09:10:00-07:00,2025-10-05 16:10:00+00:00,2025-10-05 09:15:00-07:00,2025-10-05 16:15:00+00:00,REAL_TIME_5_MIN,SCEW_2_PDRP89-APND,AP Node,0.67168,18.72287,-17.51665,-0.53454,0.0
2025-10-05 09:15:00-07:00,2025-10-05 16:15:00+00:00,2025-10-05 09:20:00-07:00,2025-10-05 16:20:00+00:00,REAL_TIME_5_MIN,ANAHEIM_6_N001,Node,-1.51267,18.12997,-19.09149,-0.55115,0.0
2025-10-05 09:15:00-07:00,2025-10-05 16:15:00+00:00,2025-10-05 09:20:00-07:00,2025-10-05 16:20:00+00:00,REAL_TIME_5_MIN,MKT_SUB_LNODEONC,Node,-0.94451,18.12997,-19.37002,0.29554,0.0
2025-10-05 09:15:00-07:00,2025-10-05 16:15:00+00:00,2025-10-05 09:20:00-07:00,2025-10-05 16:20:00+00:00,REAL_TIME_5_MIN,SCEW_2_PDRP89-APND,AP Node,-1.45421,18.12997,-19.07504,-0.50914,0.0
2025-10-05 09:20:00-07:00,2025-10-05 16:20:00+00:00,2025-10-05 09:25:00-07:00,2025-10-05 16:25:00+00:00,REAL_TIME_5_MIN,ANAHEIM_6_N001,Node,-2.87506,17.4473,-19.79196,-0.5304,0.0
2025-10-05 09:20:00-07:00,2025-10-05 16:20:00+00:00,2025-10-05 09:25:00-07:00,2025-10-05 16:25:00+00:00,REAL_TIME_5_MIN,MKT_SUB_LNODEONC,Node,-2.41382,17.4473,-20.14553,0.28441,0.0
2025-10-05 09:20:00-07:00,2025-10-05 16:20:00+00:00,2025-10-05 09:25:00-07:00,2025-10-05 16:25:00+00:00,REAL_TIME_5_MIN,SCEW_2_PDRP89-APND,AP Node,-2.80343,17.4473,-19.76076,-0.48997,0.0
2025-10-05 09:25:00-07:00,2025-10-05 16:25:00+00:00,2025-10-05 09:30:00-07:00,2025-10-05 16:30:00+00:00,REAL_TIME_5_MIN,ANAHEIM_6_N001,Node,-2.95097,17.4082,-19.82996,-0.52921,0.0
2025-10-05 09:25:00-07:00,2025-10-05 16:25:00+00:00,2025-10-05 09:30:00-07:00,2025-10-05 16:30:00+00:00,REAL_TIME_5_MIN,MKT_SUB_LNODEONC,Node,-2.49785,17.4082,-20.18982,0.28377,0.0
2025-10-05 09:25:00-07:00,2025-10-05 16:25:00+00:00,2025-10-05 09:30:00-07:00,2025-10-05 16:30:00+00:00,REAL_TIME_5_MIN,SCEW_2_PDRP89-APND,AP Node,-2.87815,17.4082,-19.79747,-0.48887,0.0
2025-10-05 09:30:00-07:00,2025-10-05 16:30:00+00:00,2025-10-05 09:35:00-07:00,2025-10-05 16:35:00+00:00,REAL_TIME_5_MIN,ANAHEIM_6_N001,Node,-3.311,16.81887,-19.6253,-0.50457,0.0
2025-10-05 09:30:00-07:00,2025-10-05 16:30:00+00:00,2025-10-05 09:35:00-07:00,2025-10-05 16:35:00+00:00,REAL_TIME_5_MIN,MKT_SUB_LNODEONC,Node,-2.80304,16.81887,-19.91121,0.28931,0.0
2025-10-05 09:30:00-07:00,2025-10-05 16:30:00+00:00,2025-10-05 09:35:00-07:00,2025-10-05 16:35:00+00:00,REAL_TIME_5_MIN,SCEW_2_PDRP89-APND,AP Node,-3.20128,16.81887,-19.55843,-0.46172,0.0
2025-10-05 09:35:00-07:00,2025-10-05 16:35:00+00:00,2025-10-05 09:40:00-07:00,2025-10-05 16:40:00+00:00,REAL_TIME_5_MIN,ANAHEIM_6_N001,Node,-3.74693,16.00323,-19.27007,-0.4801,0.0
2025-10-05 09:35:00-07:00,2025-10-05 16:35:00+00:00,2025-10-05 09:40:00-07:00,2025-10-05 16:40:00+00:00,REAL_TIME_5_MIN,MKT_SUB_LNODEONC,Node,-3.31311,16.00323,-19.59162,0.27528,0.0
2025-10-05 09:35:00-07:00,2025-10-05 16:35:00+00:00,2025-10-05 09:40:00-07:00,2025-10-05 16:40:00+00:00,REAL_TIME_5_MIN,SCEW_2_PDRP89-APND,AP Node,-3.631,16.00323,-19.19491,-0.43933,0.0
2025-10-05 09:40:00-07:00,2025-10-05 16:40:00+00:00,2025-10-05 09:45:00-07:00,2025-10-05 16:45:00+00:00,REAL_TIME_5_MIN,ANAHEIM_6_N001,Node,-4.0583,14.36722,-17.9945,-0.43102,0.0
2025-10-05 09:40:00-07:00,2025-10-05 16:40:00+00:00,2025-10-05 09:45:00-07:00,2025-10-05 16:45:00+00:00,REAL_TIME_5_MIN,MKT_SUB_LNODEONC,Node,-3.48363,14.36722,-18.09798,0.24714,0.0
2025-10-05 09:40:00-07:00,2025-10-05 16:40:00+00:00,2025-10-05 09:45:00-07:00,2025-10-05 16:45:00+00:00,REAL_TIME_5_MIN,SCEW_2_PDRP89-APND,AP Node,-3.99725,14.36722,-17.97005,-0.39442,0.0
2025-10-05 09:45:00-07:00,2025-10-05 16:45:00+00:00,2025-10-05 09:50:00-07:00,2025-10-05 16:50:00+00:00,REAL_TIME_5_MIN,ANAHEIM_6_N001,Node,-4.20663,13.33916,-17.13762,-0.40818,0.0
2025-10-05 09:45:00-07:00,2025-10-05 16:45:00+00:00,2025-10-05 09:50:00-07:00,2025-10-05 16:50:00+00:00,REAL_TIME_5_MIN,MKT_SUB_LNODEONC,Node,-3.65634,13.33916,-17.21429,0.21878,0.0
2025-10-05 09:45:00-07:00,2025-10-05 16:45:00+00:00,2025-10-05 09:50:00-07:00,2025-10-05 16:50:00+00:00,REAL_TIME_5_MIN,SCEW_2_PDRP89-APND,AP Node,-4.19653,13.33916,-17.16279,-0.3729,0.0
2025-10-05 09:50:00-07:00,2025-10-05 16:50:00+00:00,2025-10-05 09:55:00-07:00,2025-10-05 16:55:00+00:00,REAL_TIME_5_MIN,ANAHEIM_6_N001,Node,-4.17915,13.0139,-16.79482,-0.39823,0.0
2025-10-05 09:50:00-07:00,2025-10-05 16:50:00+00:00,2025-10-05 09:55:00-07:00,2025-10-05 16:55:00+00:00,REAL_TIME_5_MIN,MKT_SUB_LNODEONC,Node,-3.64547,13.0139,-16.87281,0.21345,0.0
2025-10-05 09:50:00-07:00,2025-10-05 16:50:00+00:00,2025-10-05 09:55:00-07:00,2025-10-05 16:55:00+00:00,REAL_TIME_5_MIN,SCEW_2_PDRP89-APND,AP Node,-4.16851,13.0139,-16.81861,-0.3638,0.0
2025-10-05 09:55:00-07:00,2025-10-05 16:55:00+00:00,2025-10-05 10:00:00-07:00,2025-10-05 17:00:00+00:00,REAL_TIME_5_MIN,ANAHEIM_6_N001,Node,0.54613,10.05429,-9.20051,-0.30766,0.0
2025-10-05 09:55:00-07:00,2025-10-05 16:55:00+00:00,2025-10-05 10:00:00-07:00,2025-10-05 17:00:00+00:00,REAL_TIME_5_MIN,MKT_SUB_LNODEONC,Node,1.0199,10.05429,-9.19931,0.16491,0.0
2025-10-05 09:55:00-07:00,2025-10-05 16:55:00+00:00,2025-10-05 10:00:00-07:00,2025-10-05 17:00:00+00:00,REAL_TIME_5_MIN,SCEW_2_PDRP89-APND,AP Node,0.49228,10.05429,-9.28095,-0.28107,0.0
2025-10-05 10:00:00-07:00,2025-10-05 17:00:00+00:00,2025-10-05 10:05:00-07:00,2025-10-05 17:05:00+00:00,REAL_TIME_5_MIN,ANAHEIM_6_N001,Node,-4.2097,10.0401,-13.95262,-0.29719,0.0
2025-10-05 10:00:00-07:00,2025-10-05 17:00:00+00:00,2025-10-05 10:05:00-07:00,2025-10-05 17:05:00+00:00,REAL_TIME_5_MIN,MKT_SUB_LNODEONC,Node,-3.7961,10.0401,-13.99787,0.16167,0.0
2025-10-05 10:00:00-07:00,2025-10-05 17:00:00+00:00,2025-10-05 10:05:00-07:00,2025-10-05 17:05:00+00:00,REAL_TIME_5_MIN,SCEW_2_PDRP89-APND,AP Node,-4.20045,10.0401,-13.96764,-0.27292,0.0
2025-10-05 10:05:00-07:00,2025-10-05 17:05:00+00:00,2025-10-05 10:10:00-07:00,2025-10-05 17:10:00+00:00,REAL_TIME_5_MIN,ANAHEIM_6_N001,Node,-3.74778,9.97576,-13.42826,-0.29528,0.0
2025-10-05 10:05:00-07:00,2025-10-05 17:05:00+00:00,2025-10-05 10:10:00-07:00,2025-10-05 17:10:00+00:00,REAL_TIME_5_MIN,MKT_SUB_LNODEONC,Node,-3.33482,9.97576,-13.4712,0.16063,0.0
2025-10-05 10:05:00-07:00,2025-10-05 17:05:00+00:00,2025-10-05 10:10:00-07:00,2025-10-05 17:10:00+00:00,REAL_TIME_5_MIN,SCEW_2_PDRP89-APND,AP Node,-3.73794,9.97576,-13.44253,-0.27117,0.0
2025-10-05 10:10:00-07:00,2025-10-05 17:10:00+00:00,2025-10-05 10:15:00-07:00,2025-10-05 17:15:00+00:00,REAL_TIME_5_MIN,ANAHEIM_6_N001,Node,-3.73679,9.654,-13.10503,-0.28576,0.0
2025-10-05 10:10:00-07:00,2025-10-05 17:10:00+00:00,2025-10-05 10:15:00-07:00,2025-10-05 17:15:00+00:00,REAL_TIME_5_MIN,MKT_SUB_LNODEONC,Node,-3.33728,9.654,-13.14673,0.15545,0.0
2025-10-05 10:10:00-07:00,2025-10-05 17:10:00+00:00,2025-10-05 10:15:00-07:00,2025-10-05 17:15:00+00:00,REAL_TIME_5_MIN,SCEW_2_PDRP89-APND,AP Node,-3.72732,9.654,-13.1189,-0.26242,0.0
2025-10-05 10:15:00-07:00,2025-10-05 17:15:00+00:00,2025-10-05 10:20:00-07:00,2025-10-05 17:20:00+00:00,REAL_TIME_5_MIN,ANAHEIM_6_N001,Node,-3.62091,10.01063,-13.3092,-0.32234,0.0
2025-10-05 10:15:00-07:00,2025-10-05 17:15:00+00:00,2025-10-05 10:20:00-07:00,2025-10-05 17:20:00+00:00,REAL_TIME_5_MIN,MKT_SUB_LNODEONC,Node,-3.17785,10.01063,-13.35167,0.16319,0.0
2025-10-05 10:15:00-07:00,2025-10-05 17:15:00+00:00,2025-10-05 10:20:00-07:00,2025-10-05 17:20:00+00:00,REAL_TIME_5_MIN,SCEW_2_PDRP89-APND,AP Node,-3.62669,10.01063,-13.33754,-0.29978,0.0
2025-10-05 10:20:00-07:00,2025-10-05 17:20:00+00:00,2025-10-05 10:25:00-07:00,2025-10-05 17:25:00+00:00,REAL_TIME_5_MIN,ANAHEIM_6_N001,Node,-3.80293,10.42696,-13.89414,-0.33575,0.0
2025-10-05 10:20:00-07:00,2025-10-05 17:20:00+00:00,2025-10-05 10:25:00-07:00,2025-10-05 17:25:00+00:00,REAL_TIME_5_MIN,MKT_SUB_LNODEONC,Node,-3.33916,10.42696,-13.93609,0.16998,0.0
2025-10-05 10:20:00-07:00,2025-10-05 17:20:00+00:00,2025-10-05 10:25:00-07:00,2025-10-05 17:25:00+00:00,REAL_TIME_5_MIN,SCEW_2_PDRP89-APND,AP Node,-3.80743,10.42696,-13.92215,-0.31224,0.0
2025-10-05 10:25:00-07:00,2025-10-05 17:25:00+00:00,2025-10-05 10:30:00-07:00,2025-10-05 17:30:00+00:00,REAL_TIME_5_MIN,ANAHEIM_6_N001,Node,-4.34379,8.84271,-12.90177,-0.28474,0.0
2025-10-05 10:25:00-07:00,2025-10-05 17:25:00+00:00,2025-10-05 10:30:00-07:00,2025-10-05 17:30:00+00:00,REAL_TIME_5_MIN,MKT_SUB_LNODEONC,Node,-3.95526,8.84271,-12.94213,0.14416,0.0
2025-10-05 10:25:00-07:00,2025-10-05 17:25:00+00:00,2025-10-05 10:30:00-07:00,2025-10-05 17:30:00+00:00,REAL_TIME_5_MIN,SCEW_2_PDRP89-APND,AP Node,-4.35083,8.84271,-12.92874,-0.2648,0.0
2025-10-05 10:30:00-07:00,2025-10-05 17:30:00+00:00,2025-10-05 10:35:00-07:00,2025-10-05 17:35:00+00:00,REAL_TIME_5_MIN,ANAHEIM_6_N001,Node,-3.90894,11.40747,-14.94909,-0.36732,0.0
2025-10-05 10:30:00-07:00,2025-10-05 17:30:00+00:00,2025-10-05 10:35:00-07:00,2025-10-05 17:35:00+00:00,REAL_TIME_5_MIN,MKT_SUB_LNODEONC,Node,-3.40111,11.40747,-14.9934,0.18482,0.0
2025-10-05 10:30:00-07:00,2025-10-05 17:30:00+00:00,2025-10-05 10:35:00-07:00,2025-10-05 17:35:00+00:00,REAL_TIME_5_MIN,SCEW_2_PDRP89-APND,AP Node,-3.89459,11.40747,-14.9638,-0.33826,0.0
2025-10-05 10:35:00-07:00,2025-10-05 17:35:00+00:00,2025-10-05 10:40:00-07:00,2025-10-05 17:40:00+00:00,REAL_TIME_5_MIN,ANAHEIM_6_N001,Node,-4.41911,10.56554,-14.64443,-0.34021,0.0
2025-10-05 10:35:00-07:00,2025-10-05 17:35:00+00:00,2025-10-05 10:40:00-07:00,2025-10-05 17:40:00+00:00,REAL_TIME_5_MIN,MKT_SUB_LNODEONC,Node,-3.95306,10.56554,-14.68978,0.17118,0.0
2025-10-05 10:35:00-07:00,2025-10-05 17:35:00+00:00,2025-10-05 10:40:00-07:00,2025-10-05 17:40:00+00:00,REAL_TIME_5_MIN,SCEW_2_PDRP89-APND,AP Node,-4.40724,10.56554,-14.65948,-0.3133,0.0
2025-10-05 10:40:00-07:00,2025-10-05 17:40:00+00:00,2025-10-05 10:45:00-07:00,2025-10-05 17:45:00+00:00,REAL_TIME_5_MIN,ANAHEIM_6_N001,Node,-3.8676,10.62554,-14.15099,-0.34214,0.0
2025-10-05 10:40:00-07:00,2025-10-05 17:40:00+00:00,2025-10-05 10:45:00-07:00,2025-10-05 17:45:00+00:00,REAL_TIME_5_MIN,MKT_SUB_LNODEONC,Node,-3.39602,10.62554,-14.1937,0.17215,0.0
2025-10-05 10:40:00-07:00,2025-10-05 17:40:00+00:00,2025-10-05 10:45:00-07:00,2025-10-05 17:45:00+00:00,REAL_TIME_5_MIN,SCEW_2_PDRP89-APND,AP Node,-3.85473,10.62554,-14.16519,-0.31508,0.0
2025-10-05 10:45:00-07:00,2025-10-05 17:45:00+00:00,2025-10-05 10:50:00-07:00,2025-10-05 17:50:00+00:00,REAL_TIME_5_MIN,ANAHEIM_6_N001,Node,-3.89914,10.9083,-14.47911,-0.32834,0.0
2025-10-05 10:45:00-07:00,2025-10-05 17:45:00+00:00,2025-10-05 10:50:00-07:00,2025-10-05 17:50:00+00:00,REAL_TIME_5_MIN,MKT_SUB_LNODEONC,Node,-3.43671,10.9083,-14.52066,0.17564,0.0
2025-10-05 10:45:00-07:00,2025-10-05 17:45:00+00:00,2025-10-05 10:50:00-07:00,2025-10-05 17:50:00+00:00,REAL_TIME_5_MIN,SCEW_2_PDRP89-APND,AP Node,-3.8848,10.9083,-14.49293,-0.30017,0.0
2025-10-05 10:50:00-07:00,2025-10-05 17:50:00+00:00,2025-10-05 10:55:00-07:00,2025-10-05 17:55:00+00:00,REAL_TIME_5_MIN,ANAHEIM_6_N001,Node,-3.90682,11.08752,-14.66061,-0.33373,0.0
2025-10-05 10:50:00-07:00,2025-10-05 17:50:00+00:00,2025-10-05 10:55:00-07:00,2025-10-05 17:55:00+00:00,REAL_TIME_5_MIN,MKT_SUB_LNODEONC,Node,-3.4393,11.08752,-14.70535,0.17853,0.0
2025-10-05 10:50:00-07:00,2025-10-05 17:50:00+00:00,2025-10-05 10:55:00-07:00,2025-10-05 17:55:00+00:00,REAL_TIME_5_MIN,SCEW_2_PDRP89-APND,AP Node,-3.89304,11.08752,-14.67546,-0.30511,0.0
2025-10-05 10:55:00-07:00,2025-10-05 17:55:00+00:00,2025-10-05 11:00:00-07:00,2025-10-05 18:00:00+00:00,REAL_TIME_5_MIN,ANAHEIM_6_N001,Node,-3.94361,11.80648,-15.39471,-0.35537,0.0
2025-10-05 10:55:00-07:00,2025-10-05 17:55:00+00:00,2025-10-05 11:00:00-07:00,2025-10-05 18:00:00+00:00,REAL_TIME_5_MIN,MKT_SUB_LNODEONC,Node,-3.44473,11.80648,-15.44131,0.1901,0.0
2025-10-05 10:55:00-07:00,2025-10-05 17:55:00+00:00,2025-10-05 11:00:00-07:00,2025-10-05 18:00:00+00:00,REAL_TIME_5_MIN,SCEW_2_PDRP89-APND,AP Node,-3.92858,11.80648,-15.41016,-0.32489,0.0
2025-10-05 11:00:00-07:00,2025-10-05 18:00:00+00:00,2025-10-05 11:05:00-07:00,2025-10-05 18:05:00+00:00,REAL_TIME_5_MIN,ANAHEIM_6_N001,Node,-0.81021,12.91802,-13.33035,-0.39788,0.0
2025-10-05 11:00:00-07:00,2025-10-05 18:00:00+00:00,2025-10-05 11:05:00-07:00,2025-10-05 18:05:00+00:00,REAL_TIME_5_MIN,MKT_SUB_LNODEONC,Node,-0.24697,12.91802,-13.36266,0.19766,0.0
2025-10-05 11:00:00-07:00,2025-10-05 18:00:00+00:00,2025-10-05 11:05:00-07:00,2025-10-05 18:05:00+00:00,REAL_TIME_5_MIN,SCEW_2_PDRP89-APND,AP Node,-0.69677,12.91802,-13.25146,-0.36332,0.0
2025-10-05 11:05:00-07:00,2025-10-05 18:05:00+00:00,2025-10-05 11:10:00-07:00,2025-10-05 18:10:00+00:00,REAL_TIME_5_MIN,ANAHEIM_6_N001,Node,-1.49268,12.86309,-13.95959,-0.39618,0.0
2025-10-05 11:05:00-07:00,2025-10-05 18:05:00+00:00,2025-10-05 11:10:00-07:00,2025-10-05 18:10:00+00:00,REAL_TIME_5_MIN,MKT_SUB_LNODEONC,Node,-0.93628,12.86309,-13.9962,0.19682,0.0
2025-10-05 11:05:00-07:00,2025-10-05 18:05:00+00:00,2025-10-05 11:10:00-07:00,2025-10-05 18:10:00+00:00,REAL_TIME_5_MIN,SCEW_2_PDRP89-APND,AP Node,-1.38471,12.86309,-13.88603,-0.36178,0.0
2025-10-05 11:10:00-07:00,2025-10-05 18:10:00+00:00,2025-10-05 11:15:00-07:00,2025-10-05 18:15:00+00:00,REAL_TIME_5_MIN,ANAHEIM_6_N001,Node,-1.70683,12.78338,-14.09648,-0.39373,0.0
2025-10-05 11:10:00-07:00,2025-10-05 18:10:00+00:00,2025-10-05 11:15:00-07:00,2025-10-05 18:15:00+00:00,REAL_TIME_5_MIN,MKT_SUB_LNODEONC,Node,-1.15479,12.78338,-14.13377,0.1956,0.0
2025-10-05 11:10:00-07:00,2025-10-05 18:10:00+00:00,2025-10-05 11:15:00-07:00,2025-10-05 18:15:00+00:00,REAL_TIME_5_MIN,SCEW_2_PDRP89-APND,AP Node,-1.59937,12.78338,-14.02322,-0.35954,0.0
2025-10-05 11:15:00-07:00,2025-10-05 18:15:00+00:00,2025-10-05 11:20:00-07:00,2025-10-05 18:20:00+00:00,REAL_TIME_5_MIN,ANAHEIM_6_N001,Node,-1.63327,15.30178,-16.46375,-0.47129,0.0
2025-10-05 11:15:00-07:00,2025-10-05 18:15:00+00:00,2025-10-05 11:20:00-07:00,2025-10-05 18:20:00+00:00,REAL_TIME_5_MIN,MKT_SUB_LNODEONC,Node,-0.96876,15.30178,-16.50926,0.23873,0.0
2025-10-05 11:15:00-07:00,2025-10-05 18:15:00+00:00,2025-10-05 11:20:00-07:00,2025-10-05 18:20:00+00:00,REAL_TIME_5_MIN,SCEW_2_PDRP89-APND,AP Node,-1.51604,15.30178,-16.38396,-0.43385,0.0
2025-10-05 11:20:00-07:00,2025-10-05 18:20:00+00:00,2025-10-05 11:25:00-07:00,2025-10-05 18:25:00+00:00,REAL_TIME_5_MIN,ANAHEIM_6_N001,Node,-1.96534,15.12507,-16.62456,-0.46585,0.0
2025-10-05 11:20:00-07:00,2025-10-05 18:20:00+00:00,2025-10-05 11:25:00-07:00,2025-10-05 18:25:00+00:00,REAL_TIME_5_MIN,MKT_SUB_LNODEONC,Node,-1.30957,15.12507,-16.67062,0.23597,0.0
2025-10-05 11:20:00-07:00,2025-10-05 18:20:00+00:00,2025-10-05 11:25:00-07:00,2025-10-05 18:25:00+00:00,REAL_TIME_5_MIN,SCEW_2_PDRP89-APND,AP Node,-1.84806,15.12507,-16.54429,-0.42884,0.0
2025-10-05 11:25:00-07:00,2025-10-05 18:25:00+00:00,2025-10-05 11:30:00-07:00,2025-10-05 18:30:00+00:00,REAL_TIME_5_MIN,ANAHEIM_6_N001,Node,-1.72237,15.34745,-16.59711,-0.4727,0.0
2025-10-05 11:25:00-07:00,2025-10-05 18:25:00+00:00,2025-10-05 11:30:00-07:00,2025-10-05 18:30:00+00:00,REAL_TIME_5_MIN,MKT_SUB_LNODEONC,Node,-1.05565,15.34745,-16.64253,0.23944,0.0
2025-10-05 11:25:00-07:00,2025-10-05 18:25:00+00:00,2025-10-05 11:30:00-07:00,2025-10-05 18:30:00+00:00,REAL_TIME_5_MIN,SCEW_2_PDRP89-APND,AP Node,-1.60284,15.34745,-16.51513,-0.43515,0.0
2025-10-05 11:30:00-07:00,2025-10-05 18:30:00+00:00,2025-10-05 11:35:00-07:00,2025-10-05 18:35:00+00:00,REAL_TIME_5_MIN,ANAHEIM_6_N001,Node,-1.71979,15.96881,-17.19676,-0.49184,0.0
2025-10-05 11:30:00-07:00,2025-10-05 18:30:00+00:00,2025-10-05 11:35:00-07:00,2025-10-05 18:35:00+00:00,REAL_TIME_5_MIN,MKT_SUB_LNODEONC,Node,-1.01013,15.96881,-17.24404,0.2651,0.0
2025-10-05 11:30:00-07:00,2025-10-05 18:30:00+00:00,2025-10-05 11:35:00-07:00,2025-10-05 18:35:00+00:00,REAL_TIME_5_MIN,SCEW_2_PDRP89-APND,AP Node,-1.59687,15.96881,-17.1124,-0.45329,0.0
2025-10-05 11:35:00-07:00,2025-10-05 18:35:00+00:00,2025-10-05 11:40:00-07:00,2025-10-05 18:40:00+00:00,REAL_TIME_5_MIN,ANAHEIM_6_N001,Node,-2.18686,15.02282,-16.74697,-0.4627,0.0
2025-10-05 11:35:00-07:00,2025-10-05 18:35:00+00:00,2025-10-05 11:40:00-07:00,2025-10-05 18:40:00+00:00,REAL_TIME_5_MIN,MKT_SUB_LNODEONC,Node,-1.52205,15.02282,-16.79427,0.2494,0.0
2025-10-05 11:35:00-07:00,2025-10-05 18:35:00+00:00,2025-10-05 11:40:00-07:00,2025-10-05 18:40:00+00:00,REAL_TIME_5_MIN,SCEW_2_PDRP89-APND,AP Node,-2.07265,15.02282,-16.66903,-0.42643,0.0
2025-10-05 11:40:00-07:00,2025-10-05 18:40:00+00:00,2025-10-05 11:45:00-07:00,2025-10-05 18:45:00+00:00,REAL_TIME_5_MIN,ANAHEIM_6_N001,Node,-2.35846,14.93944,-16.83776,-0.46013,0.0
2025-10-05 11:40:00-07:00,2025-10-05 18:40:00+00:00,2025-10-05 11:45:00-07:00,2025-10-05 18:45:00+00:00,REAL_TIME_5_MIN,MKT_SUB_LNODEONC,Node,-1.6988,14.93944,-16.88626,0.24801,0.0
2025-10-05 11:40:00-07:00,2025-10-05 18:40:00+00:00,2025-10-05 11:45:00-07:00,2025-10-05 18:45:00+00:00,REAL_TIME_5_MIN,SCEW_2_PDRP89-APND,AP Node,-2.2471,14.93944,-16.76247,-0.42407,0.0
2025-10-05 11:45:00-07:00,2025-10-05 18:45:00+00:00,2025-10-05 11:50:00-07:00,2025-10-05 18:50:00+00:00,REAL_TIME_5_MIN,ANAHEIM_6_N001,Node,-2.21315,14.97864,-16.74842,-0.44337,0.0
2025-10-05 11:45:00-07:00,2025-10-05 18:45:00+00:00,2025-10-05 11:50:00-07:00,2025-10-05 18:50:00+00:00,REAL_TIME_5_MIN,MKT_SUB_LNODEONC,Node,-1.59267,14.97864,-16.79601,0.2247,0.0
2025-10-05 11:45:00-07:00,2025-10-05 18:45:00+00:00,2025-10-05 11:50:00-07:00,2025-10-05 18:50:00+00:00,REAL_TIME_5_MIN,SCEW_2_PDRP89-APND,AP Node,-2.11616,14.97864,-16.68661,-0.40818,0.0
2025-10-05 11:50:00-07:00,2025-10-05 18:50:00+00:00,2025-10-05 11:55:00-07:00,2025-10-05 18:55:00+00:00,REAL_TIME_5_MIN,ANAHEIM_6_N001,Node,-2.31,15.05916,-16.92341,-0.44575,0.0
2025-10-05 11:50:00-07:00,2025-10-05 18:50:00+00:00,2025-10-05 11:55:00-07:00,2025-10-05 18:55:00+00:00,REAL_TIME_5_MIN,MKT_SUB_LNODEONC,Node,-1.6871,15.05916,-16.97216,0.22591,0.0
2025-10-05 11:50:00-07:00,2025-10-05 18:50:00+00:00,2025-10-05 11:55:00-07:00,2025-10-05 18:55:00+00:00,REAL_TIME_5_MIN,SCEW_2_PDRP89-APND,AP Node,-2.21453,15.05916,-16.86331,-0.41037,0.0
2025-10-05 11:55:00-07:00,2025-10-05 18:55:00+00:00,2025-10-05 12:00:00-07:00,2025-10-05 19:00:00+00:00,REAL_TIME_5_MIN,ANAHEIM_6_N001,Node,-2.21181,15.71229,-17.45901,-0.46508,0.0
2025-10-05 11:55:00-07:00,2025-10-05 18:55:00+00:00,2025-10-05 12:00:00-07:00,2025-10-05 19:00:00+00:00,REAL_TIME_5_MIN,MKT_SUB_LNODEONC,Node,-1.56057,15.71229,-17.50856,0.2357,0.0
2025-10-05 11:55:00-07:00,2025-10-05 18:55:00+00:00,2025-10-05 12:00:00-07:00,2025-10-05 19:00:00+00:00,REAL_TIME_5_MIN,SCEW_2_PDRP89-APND,AP Node,-2.11106,15.71229,-17.39518,-0.42817,0.0
2025-10-05 12:00:00-07:00,2025-10-05 19:00:00+00:00,2025-10-05 12:05:00-07:00,2025-10-05 19:05:00+00:00,REAL_TIME_5_MIN,ANAHEIM_6_N001,Node,-1.81405,15.8236,-17.15503,-0.48262,0.0
2025-10-05 12:00:00-07:00,2025-10-05 19:00:00+00:00,2025-10-05 12:05:00-07:00,2025-10-05 19:05:00+00:00,REAL_TIME_5_MIN,MKT_SUB_LNODEONC,Node,-1.14375,15.8236,-17.20314,0.23579,0.0
2025-10-05 12:00:00-07:00,2025-10-05 19:00:00+00:00,2025-10-05 12:05:00-07:00,2025-10-05 19:05:00+00:00,REAL_TIME_5_MIN,SCEW_2_PDRP89-APND,AP Node,-1.71569,15.8236,-17.08865,-0.45064,0.0
2025-10-05 12:05:00-07:00,2025-10-05 19:05:00+00:00,2025-10-05 12:10:00-07:00,2025-10-05 19:10:00+00:00,REAL_TIME_5_MIN,ANAHEIM_6_N001,Node,-1.89312,16.56086,-17.94887,-0.50511,0.0
2025-10-05 12:05:00-07:00,2025-10-05 19:05:00+00:00,2025-10-05 12:10:00-07:00,2025-10-05 19:10:00+00:00,REAL_TIME_5_MIN,MKT_SUB_LNODEONC,Node,-1.19299,16.56086,-18.00063,0.24677,0.0
2025-10-05 12:05:00-07:00,2025-10-05 19:05:00+00:00,2025-10-05 12:10:00-07:00,2025-10-05 19:10:00+00:00,REAL_TIME_5_MIN,SCEW_2_PDRP89-APND,AP Node,-1.79508,16.56086,-17.8843,-0.47164,0.0
2025-10-05 12:10:00-07:00,2025-10-05 19:10:00+00:00,2025-10-05 12:15:00-07:00,2025-10-05 19:15:00+00:00,REAL_TIME_5_MIN,ANAHEIM_6_N001,Node,-2.12294,16.6606,-18.27539,-0.50815,0.0
2025-10-05 12:10:00-07:00,2025-10-05 19:10:00+00:00,2025-10-05 12:15:00-07:00,2025-10-05 19:15:00+00:00,REAL_TIME_5_MIN,MKT_SUB_LNODEONC,Node,-1.42112,16.6606,-18.32998,0.24826,0.0
2025-10-05 12:10:00-07:00,2025-10-05 19:10:00+00:00,2025-10-05 12:15:00-07:00,2025-10-05 19:15:00+00:00,REAL_TIME_5_MIN,SCEW_2_PDRP89-APND,AP Node,-2.03021,16.6606,-18.21633,-0.47448,0.0
2025-10-05 12:15:00-07:00,2025-10-05 19:15:00+00:00,2025-10-05 12:20:00-07:00,2025-10-05 19:20:00+00:00,REAL_TIME_5_MIN,ANAHEIM_6_N001,Node,-1.84715,15.02613,-16.40898,-0.46431,0.0
2025-10-05 12:15:00-07:00,2025-10-05 19:15:00+00:00,2025-10-05 12:20:00-07:00,2025-10-05 19:20:00+00:00,REAL_TIME_5_MIN,MKT_SUB_LNODEONC,Node,-1.48819,15.02613,-16.74574,0.23142,0.0
2025-10-05 12:15:00-07:00,2025-10-05 19:15:00+00:00,2025-10-05 12:20:00-07:00,2025-10-05 19:20:00+00:00,REAL_TIME_5_MIN,SCEW_2_PDRP89-APND,AP Node,-1.94141,15.02613,-16.53458,-0.43297,0.0
2025-10-05 12:20:00-07:00,2025-10-05 19:20:00+00:00,2025-10-05 12:25:00-07:00,2025-10-05 19:25:00+00:00,REAL_TIME_5_MIN,ANAHEIM_6_N001,Node,-2.2009,16.28627,-17.98392,-0.50325,0.0
2025-10-05 12:20:00-07:00,2025-10-05 19:20:00+00:00,2025-10-05 12:25:00-07:00,2025-10-05 19:25:00+00:00,REAL_TIME_5_MIN,MKT_SUB_LNODEONC,Node,-1.7876,16.28627,-18.32469,0.25083,0.0
2025-10-05 12:20:00-07:00,2025-10-05 19:20:00+00:00,2025-10-05 12:25:00-07:00,2025-10-05 19:25:00+00:00,REAL_TIME_5_MIN,SCEW_2_PDRP89-APND,AP Node,-2.29645,16.28627,-18.11345,-0.46927,0.0
2025-10-05 12:25:00-07:00,2025-10-05 19:25:00+00:00,2025-10-05 12:30:00-07:00,2025-10-05 19:30:00+00:00,REAL_TIME_5_MIN,ANAHEIM_6_N001,Node,-2.19162,16.43019,-18.11412,-0.50769,0.0
2025-10-05 12:25:00-07:00,2025-10-05 19:25:00+00:00,2025-10-05 12:30:00-07:00,2025-10-05 19:30:00+00:00,REAL_TIME_5_MIN,MKT_SUB_LNODEONC,Node,-1.77703,16.43019,-18.46026,0.25304,0.0
2025-10-05 12:25:00-07:00,2025-10-05 19:25:00+00:00,2025-10-05 12:30:00-07:00,2025-10-05 19:30:00+00:00,REAL_TIME_5_MIN,SCEW_2_PDRP89-APND,AP Node,-2.28864,16.43019,-18.24541,-0.47342,0.0
2025-10-05 12:30:00-07:00,2025-10-05 19:30:00+00:00,2025-10-05 12:35:00-07:00,2025-10-05 19:35:00+00:00,REAL_TIME_5_MIN,ANAHEIM_6_N001,Node,-1.8741,16.60751,-17.98006,-0.50155,0.0
2025-10-05 12:30:00-07:00,2025-10-05 19:30:00+00:00,2025-10-05 12:35:00-07:00,2025-10-05 19:35:00+00:00,REAL_TIME_5_MIN,MKT_SUB_LNODEONC,Node,-1.10893,16.60751,-17.97886,0.26242,0.0
2025-10-05 12:30:00-07:00,2025-10-05 19:30:00+00:00,2025-10-05 12:35:00-07:00,2025-10-05 19:35:00+00:00,REAL_TIME_5_MIN,SCEW_2_PDRP89-APND,AP Node,-1.9378,16.60751,-18.07841,-0.4669,0.0
2025-10-05 12:35:00-07:00,2025-10-05 19:35:00+00:00,2025-10-05 12:40:00-07:00,2025-10-05 19:40:00+00:00,REAL_TIME_5_MIN,ANAHEIM_6_N001,Node,-1.80959,16.64059,-17.94763,-0.50255,0.0
2025-10-05 12:35:00-07:00,2025-10-05 19:35:00+00:00,2025-10-05 12:40:00-07:00,2025-10-05 19:40:00+00:00,REAL_TIME_5_MIN,MKT_SUB_LNODEONC,Node,-1.0429,16.64059,-17.94643,0.26294,0.0
2025-10-05 12:35:00-07:00,2025-10-05 19:35:00+00:00,2025-10-05 12:40:00-07:00,2025-10-05 19:40:00+00:00,REAL_TIME_5_MIN,SCEW_2_PDRP89-APND,AP Node,-1.87417,16.64059,-18.04692,-0.46783,0.0
2025-10-05 12:40:00-07:00,2025-10-05 19:40:00+00:00,2025-10-05 12:45:00-07:00,2025-10-05 19:45:00+00:00,REAL_TIME_5_MIN,ANAHEIM_6_N001,Node,-1.91991,16.58458,-18.00363,-0.50085,0.0
2025-10-05 12:40:00-07:00,2025-10-05 19:40:00+00:00,2025-10-05 12:45:00-07:00,2025-10-05 19:45:00+00:00,REAL_TIME_5_MIN,MKT_SUB_LNODEONC,Node,-1.1558,16.58458,-18.00243,0.26206,0.0
2025-10-05 12:40:00-07:00,2025-10-05 19:40:00+00:00,2025-10-05 12:45:00-07:00,2025-10-05 19:45:00+00:00,REAL_TIME_5_MIN,SCEW_2_PDRP89-APND,AP Node,-1.98256,16.58458,-18.10088,-0.46626,0.0
2025-10-05 12:45:00-07:00,2025-10-05 19:45:00+00:00,2025-10-05 12:50:00-07:00,2025-10-05 19:50:00+00:00,REAL_TIME_5_MIN,ANAHEIM_6_N001,Node,-1.66414,16.4909,-17.66031,-0.49473,0.0
2025-10-05 12:45:00-07:00,2025-10-05 19:45:00+00:00,2025-10-05 12:50:00-07:00,2025-10-05 19:50:00+00:00,REAL_TIME_5_MIN,MKT_SUB_LNODEONC,Node,-0.96724,16.4909,-17.71212,0.25398,0.0
2025-10-05 12:45:00-07:00,2025-10-05 19:45:00+00:00,2025-10-05 12:50:00-07:00,2025-10-05 19:50:00+00:00,REAL_TIME_5_MIN,SCEW_2_PDRP89-APND,AP Node,-1.76688,16.4909,-17.7958,-0.46198,0.0
2025-10-05 12:50:00-07:00,2025-10-05 19:50:00+00:00,2025-10-05 12:55:00-07:00,2025-10-05 19:55:00+00:00,REAL_TIME_5_MIN,ANAHEIM_6_N001,Node,-1.69185,16.47706,-17.6746,-0.49431,0.0
2025-10-05 12:50:00-07:00,2025-10-05 19:50:00+00:00,2025-10-05 12:55:00-07:00,2025-10-05 19:55:00+00:00,REAL_TIME_5_MIN,MKT_SUB_LNODEONC,Node,-0.99581,16.47706,-17.72663,0.25377,0.0
2025-10-05 12:50:00-07:00,2025-10-05 19:50:00+00:00,2025-10-05 12:55:00-07:00,2025-10-05 19:55:00+00:00,REAL_TIME_5_MIN,SCEW_2_PDRP89-APND,AP Node,-1.79432,16.47706,-17.80979,-0.46159,0.0
2025-10-05 12:55:00-07:00,2025-10-05 19:55:00+00:00,2025-10-05 13:00:00-07:00,2025-10-05 20:00:00+00:00,REAL_TIME_5_MIN,ANAHEIM_6_N001,Node,-1.70375,16.47025,-17.67989,-0.49411,0.0
2025-10-05 12:55:00-07:00,2025-10-05 19:55:00+00:00,2025-10-05 13:00:00-07:00,2025-10-05 20:00:00+00:00,REAL_TIME_5_MIN,MKT_SUB_LNODEONC,Node,-1.00798,16.47025,-17.73189,0.25366,0.0
2025-10-05 12:55:00-07:00,2025-10-05 19:55:00+00:00,2025-10-05 13:00:00-07:00,2025-10-05 20:00:00+00:00,REAL_TIME_5_MIN,SCEW_2_PDRP89-APND,AP Node,-1.80641,16.47025,-17.81525,-0.4614,0.0
2025-10-05 13:00:00-07:00,2025-10-05 20:00:00+00:00,2025-10-05 13:05:00-07:00,2025-10-05 20:05:00+00:00,REAL_TIME_5_MIN,ANAHEIM_6_N001,Node,-1.51132,15.8028,-16.83372,-0.48041,0.0
2025-10-05 13:00:00-07:00,2025-10-05 20:00:00+00:00,2025-10-05 13:05:00-07:00,2025-10-05 20:05:00+00:00,REAL_TIME_5_MIN,MKT_SUB_LNODEONC,Node,-0.84957,15.8028,-16.88152,0.22916,0.0
2025-10-05 13:00:00-07:00,2025-10-05 20:00:00+00:00,2025-10-05 13:05:00-07:00,2025-10-05 20:05:00+00:00,REAL_TIME_5_MIN,SCEW_2_PDRP89-APND,AP Node,-1.50862,15.8028,-16.86552,-0.44589,0.0
2025-10-05 13:05:00-07:00,2025-10-05 20:05:00+00:00,2025-10-05 13:10:00-07:00,2025-10-05 20:10:00+00:00,REAL_TIME_5_MIN,ANAHEIM_6_N001,Node,-1.51167,15.80258,-16.83385,-0.4804,0.0
2025-10-05 13:05:00-07:00,2025-10-05 20:05:00+00:00,2025-10-05 13:10:00-07:00,2025-10-05 20:10:00+00:00,REAL_TIME_5_MIN,MKT_SUB_LNODEONC,Node,-0.85019,15.80258,-16.88193,0.22915,0.0
2025-10-05 13:05:00-07:00,2025-10-05 20:05:00+00:00,2025-10-05 13:10:00-07:00,2025-10-05 20:10:00+00:00,REAL_TIME_5_MIN,SCEW_2_PDRP89-APND,AP Node,-1.50914,15.80258,-16.86583,-0.44589,0.0
2025-10-05 13:10:00-07:00,2025-10-05 20:10:00+00:00,2025-10-05 13:15:00-07:00,2025-10-05 20:15:00+00:00,REAL_TIME_5_MIN,ANAHEIM_6_N001,Node,-1.58925,15.76091,-16.87104,-0.47913,0.0
2025-10-05 13:10:00-07:00,2025-10-05 20:10:00+00:00,2025-10-05 13:15:00-07:00,2025-10-05 20:15:00+00:00,REAL_TIME_5_MIN,MKT_SUB_LNODEONC,Node,-0.92995,15.76091,-16.91941,0.22855,0.0
2025-10-05 13:10:00-07:00,2025-10-05 20:10:00+00:00,2025-10-05 13:15:00-07:00,2025-10-05 20:15:00+00:00,REAL_TIME_5_MIN,SCEW_2_PDRP89-APND,AP Node,-1.58701,15.76091,-16.90321,-0.44471,0.0
2025-10-05 13:15:00-07:00,2025-10-05 20:15:00+00:00,2025-10-05 13:20:00-07:00,2025-10-05 20:20:00+00:00,REAL_TIME_5_MIN,ANAHEIM_6_N001,Node,-1.64068,15.73332,-16.89728,-0.47672,0.0
2025-10-05 13:15:00-07:00,2025-10-05 20:15:00+00:00,2025-10-05 13:20:00-07:00,2025-10-05 20:20:00+00:00,REAL_TIME_5_MIN,MKT_SUB_LNODEONC,Node,-0.92045,15.73332,-16.89608,0.24231,0.0
2025-10-05 13:15:00-07:00,2025-10-05 20:15:00+00:00,2025-10-05 13:20:00-07:00,2025-10-05 20:20:00+00:00,REAL_TIME_5_MIN,SCEW_2_PDRP89-APND,AP Node,-1.60471,15.73332,-16.8972,-0.44083,0.0
2025-10-05 13:20:00-07:00,2025-10-05 20:20:00+00:00,2025-10-05 13:25:00-07:00,2025-10-05 20:25:00+00:00,REAL_TIME_5_MIN,ANAHEIM_6_N001,Node,-1.94328,15.57064,-17.04213,-0.47179,0.0
2025-10-05 13:20:00-07:00,2025-10-05 20:20:00+00:00,2025-10-05 13:25:00-07:00,2025-10-05 20:25:00+00:00,REAL_TIME_5_MIN,MKT_SUB_LNODEONC,Node,-1.23048,15.57064,-17.04093,0.23981,0.0
2025-10-05 13:20:00-07:00,2025-10-05 20:20:00+00:00,2025-10-05 13:25:00-07:00,2025-10-05 20:25:00+00:00,REAL_TIME_5_MIN,SCEW_2_PDRP89-APND,AP Node,-1.90768,15.57064,-17.04205,-0.43627,0.0
2025-10-05 13:25:00-07:00,2025-10-05 20:25:00+00:00,2025-10-05 13:30:00-07:00,2025-10-05 20:30:00+00:00,REAL_TIME_5_MIN,ANAHEIM_6_N001,Node,-1.98907,15.54559,-17.06363,-0.47103,0.0
2025-10-05 13:25:00-07:00,2025-10-05 20:25:00+00:00,2025-10-05 13:30:00-07:00,2025-10-05 20:30:00+00:00,REAL_TIME_5_MIN,MKT_SUB_LNODEONC,Node,-1.27742,15.54559,-17.06243,0.23942,0.0
2025-10-05 13:25:00-07:00,2025-10-05 20:25:00+00:00,2025-10-05 13:30:00-07:00,2025-10-05 20:30:00+00:00,REAL_TIME_5_MIN,SCEW_2_PDRP89-APND,AP Node,-1.95353,15.54559,-17.06355,-0.43557,0.0
2025-10-05 13:30:00-07:00,2025-10-05 20:30:00+00:00,2025-10-05 13:35:00-07:00,2025-10-05 20:35:00+00:00,REAL_TIME_5_MIN,ANAHEIM_6_N001,Node,-1.90581,16.05937,-17.48501,-0.48018,0.0
2025-10-05 13:30:00-07:00,2025-10-05 20:30:00+00:00,2025-10-05 13:35:00-07:00,2025-10-05 20:35:00+00:00,REAL_TIME_5_MIN,MKT_SUB_LNODEONC,Node,-1.23231,16.05937,-17.5358,0.24412,0.0
2025-10-05 13:30:00-07:00,2025-10-05 20:30:00+00:00,2025-10-05 13:35:00-07:00,2025-10-05 20:35:00+00:00,REAL_TIME_5_MIN,SCEW_2_PDRP89-APND,AP Node,-1.88221,16.05937,-17.50166,-0.43992,0.0
2025-10-05 13:35:00-07:00,2025-10-05 20:35:00+00:00,2025-10-05 13:40:00-07:00,2025-10-05 20:40:00+00:00,REAL_TIME_5_MIN,ANAHEIM_6_N001,Node,0.00957,17.15979,-16.63715,-0.51308,0.0
2025-10-05 13:35:00-07:00,2025-10-05 20:35:00+00:00,2025-10-05 13:40:00-07:00,2025-10-05 20:40:00+00:00,REAL_TIME_5_MIN,MKT_SUB_LNODEONC,Node,0.74603,17.15979,-16.67461,0.26085,0.0
2025-10-05 13:35:00-07:00,2025-10-05 20:35:00+00:00,2025-10-05 13:40:00-07:00,2025-10-05 20:40:00+00:00,REAL_TIME_5_MIN,SCEW_2_PDRP89-APND,AP Node,0.05531,17.15979,-16.63443,-0.47006,0.0
2025-10-05 13:40:00-07:00,2025-10-05 20:40:00+00:00,2025-10-05 13:45:00-07:00,2025-10-05 20:45:00+00:00,REAL_TIME_5_MIN,ANAHEIM_6_N001,Node,-1.75902,16.63007,-17.89185,-0.49724,0.0
2025-10-05 13:40:00-07:00,2025-10-05 20:40:00+00:00,2025-10-05 13:45:00-07:00,2025-10-05 20:45:00+00:00,REAL_TIME_5_MIN,MKT_SUB_LNODEONC,Node,-1.06197,16.63007,-17.94484,0.2528,0.0
2025-10-05 13:40:00-07:00,2025-10-05 20:40:00+00:00,2025-10-05 13:45:00-07:00,2025-10-05 20:45:00+00:00,REAL_TIME_5_MIN,SCEW_2_PDRP89-APND,AP Node,-1.73473,16.63007,-17.90925,-0.45555,0.0
2025-10-05 13:45:00-07:00,2025-10-05 20:45:00+00:00,2025-10-05 13:50:00-07:00,2025-10-05 20:50:00+00:00,REAL_TIME_5_MIN,ANAHEIM_6_N001,Node,-1.83093,15.46582,-16.84824,-0.44851,0.0
2025-10-05 13:45:00-07:00,2025-10-05 20:45:00+00:00,2025-10-05 13:50:00-07:00,2025-10-05 20:50:00+00:00,REAL_TIME_5_MIN,MKT_SUB_LNODEONC,Node,-1.14613,15.46582,-16.84704,0.2351,0.0
2025-10-05 13:45:00-07:00,2025-10-05 20:45:00+00:00,2025-10-05 13:50:00-07:00,2025-10-05 20:50:00+00:00,REAL_TIME_5_MIN,SCEW_2_PDRP89-APND,AP Node,-1.68935,15.46582,-16.74695,-0.40822,0.0
2025-10-05 13:50:00-07:00,2025-10-05 20:50:00+00:00,2025-10-05 13:55:00-07:00,2025-10-05 20:55:00+00:00,REAL_TIME_5_MIN,ANAHEIM_6_N001,Node,-1.87026,15.50692,-16.92747,-0.4497,0.0
2025-10-05 13:50:00-07:00,2025-10-05 20:50:00+00:00,2025-10-05 13:55:00-07:00,2025-10-05 20:55:00+00:00,REAL_TIME_5_MIN,MKT_SUB_LNODEONC,Node,-1.18363,15.50692,-16.92627,0.23572,0.0
2025-10-05 13:50:00-07:00,2025-10-05 20:50:00+00:00,2025-10-05 13:55:00-07:00,2025-10-05 20:55:00+00:00,REAL_TIME_5_MIN,SCEW_2_PDRP89-APND,AP Node,-1.72907,15.50692,-16.82668,-0.40931,0.0
2025-10-05 13:55:00-07:00,2025-10-05 20:55:00+00:00,2025-10-05 14:00:00-07:00,2025-10-05 21:00:00+00:00,REAL_TIME_5_MIN,ANAHEIM_6_N001,Node,-2.0359,16.40528,-17.96543,-0.47575,0.0
2025-10-05 13:55:00-07:00,2025-10-05 20:55:00+00:00,2025-10-05 14:00:00-07:00,2025-10-05 21:00:00+00:00,REAL_TIME_5_MIN,MKT_SUB_LNODEONC,Node,-1.30957,16.40528,-17.96423,0.24938,0.0
2025-10-05 13:55:00-07:00,2025-10-05 20:55:00+00:00,2025-10-05 14:00:00-07:00,2025-10-05 21:00:00+00:00,REAL_TIME_5_MIN,SCEW_2_PDRP89-APND,AP Node,-1.88977,16.40528,-17.86203,-0.43302,0.0
2025-10-05 14:00:00-07:00,2025-10-05 21:00:00+00:00,2025-10-05 14:05:00-07:00,2025-10-05 21:05:00+00:00,REAL_TIME_5_MIN,ANAHEIM_6_N001,Node,-2.14882,15.25775,-16.95188,-0.45468,0.0
2025-10-05 14:00:00-07:00,2025-10-05 21:00:00+00:00,2025-10-05 14:05:00-07:00,2025-10-05 21:05:00+00:00,REAL_TIME_5_MIN,MKT_SUB_LNODEONC,Node,-1.8936,15.25775,-17.38633,0.23499,0.0
2025-10-05 14:00:00-07:00,2025-10-05 21:00:00+00:00,2025-10-05 14:05:00-07:00,2025-10-05 21:05:00+00:00,REAL_TIME_5_MIN,SCEW_2_PDRP89-APND,AP Node,-2.1615,15.25775,-17.01417,-0.40508,0.0
2025-10-05 14:05:00-07:00,2025-10-05 21:05:00+00:00,2025-10-05 14:10:00-07:00,2025-10-05 21:10:00+00:00,REAL_TIME_5_MIN,ANAHEIM_6_N001,Node,-1.70159,15.62871,-16.86456,-0.46574,0.0
2025-10-05 14:05:00-07:00,2025-10-05 21:05:00+00:00,2025-10-05 14:10:00-07:00,2025-10-05 21:10:00+00:00,REAL_TIME_5_MIN,MKT_SUB_LNODEONC,Node,-1.43938,15.62871,-17.30879,0.2407,0.0
2025-10-05 14:05:00-07:00,2025-10-05 21:05:00+00:00,2025-10-05 14:10:00-07:00,2025-10-05 21:10:00+00:00,REAL_TIME_5_MIN,SCEW_2_PDRP89-APND,AP Node,-1.71263,15.62871,-16.92642,-0.41493,0.0
2025-10-05 14:10:00-07:00,2025-10-05 21:10:00+00:00,2025-10-05 14:15:00-07:00,2025-10-05 21:15:00+00:00,REAL_TIME_5_MIN,ANAHEIM_6_N001,Node,-1.78593,16.45492,-17.75049,-0.49036,0.0
2025-10-05 14:10:00-07:00,2025-10-05 21:10:00+00:00,2025-10-05 14:15:00-07:00,2025-10-05 21:15:00+00:00,REAL_TIME_5_MIN,MKT_SUB_LNODEONC,Node,-1.37804,16.45492,-18.08639,0.25342,0.0
2025-10-05 14:10:00-07:00,2025-10-05 21:10:00+00:00,2025-10-05 14:15:00-07:00,2025-10-05 21:15:00+00:00,REAL_TIME_5_MIN,SCEW_2_PDRP89-APND,AP Node,-1.83163,16.45492,-17.84969,-0.43686,0.0
2025-10-05 14:15:00-07:00,2025-10-05 21:15:00+00:00,2025-10-05 14:20:00-07:00,2025-10-05 21:20:00+00:00,REAL_TIME_5_MIN,ANAHEIM_6_N001,Node,-1.61872,15.68162,-16.83459,-0.46574,0.0
2025-10-05 14:15:00-07:00,2025-10-05 21:15:00+00:00,2025-10-05 14:20:00-07:00,2025-10-05 21:20:00+00:00,REAL_TIME_5_MIN,MKT_SUB_LNODEONC,Node,-0.95585,15.68162,-16.88526,0.24779,0.0
2025-10-05 14:15:00-07:00,2025-10-05 21:15:00+00:00,2025-10-05 14:20:00-07:00,2025-10-05 21:20:00+00:00,REAL_TIME_5_MIN,SCEW_2_PDRP89-APND,AP Node,-1.70305,15.68162,-16.97144,-0.41323,0.0
2025-10-05 14:20:00-07:00,2025-10-05 21:20:00+00:00,2025-10-05 14:25:00-07:00,2025-10-05 21:25:00+00:00,REAL_TIME_5_MIN,ANAHEIM_6_N001,Node,-1.55529,14.65001,-15.77019,-0.43511,0.0
2025-10-05 14:20:00-07:00,2025-10-05 21:20:00+00:00,2025-10-05 14:25:00-07:00,2025-10-05 21:25:00+00:00,REAL_TIME_5_MIN,MKT_SUB_LNODEONC,Node,-0.93486,14.65001,-15.81636,0.23149,0.0
2025-10-05 14:20:00-07:00,2025-10-05 21:20:00+00:00,2025-10-05 14:25:00-07:00,2025-10-05 21:25:00+00:00,REAL_TIME_5_MIN,SCEW_2_PDRP89-APND,AP Node,-1.63731,14.65001,-15.90127,-0.38605,0.0
2025-10-05 14:25:00-07:00,2025-10-05 21:25:00+00:00,2025-10-05 14:30:00-07:00,2025-10-05 21:30:00+00:00,REAL_TIME_5_MIN,ANAHEIM_6_N001,Node,-1.80597,15.12765,-16.48433,-0.44929,0.0
2025-10-05 14:25:00-07:00,2025-10-05 21:25:00+00:00,2025-10-05 14:30:00-07:00,2025-10-05 21:30:00+00:00,REAL_TIME_5_MIN,MKT_SUB_LNODEONC,Node,-1.16731,15.12765,-16.534,0.23904,0.0
2025-10-05 14:25:00-07:00,2025-10-05 21:25:00+00:00,2025-10-05 14:30:00-07:00,2025-10-05 21:30:00+00:00,REAL_TIME_5_MIN,SCEW_2_PDRP89-APND,AP Node,-1.8891,15.12765,-16.61811,-0.39863,0.0
2025-10-05 14:30:00-07:00,2025-10-05 21:30:00+00:00,2025-10-05 14:35:00-07:00,2025-10-05 21:35:00+00:00,REAL_TIME_5_MIN,ANAHEIM_6_N001,Node,-1.75524,14.68249,-16.0046,-0.43313,0.0
2025-10-05 14:30:00-07:00,2025-10-05 21:30:00+00:00,2025-10-05 14:35:00-07:00,2025-10-05 21:35:00+00:00,REAL_TIME_5_MIN,MKT_SUB_LNODEONC,Node,-1.13716,14.68249,-16.05605,0.23641,0.0
2025-10-05 14:30:00-07:00,2025-10-05 21:30:00+00:00,2025-10-05 14:35:00-07:00,2025-10-05 21:35:00+00:00,REAL_TIME_5_MIN,SCEW_2_PDRP89-APND,AP Node,-1.73777,14.68249,-16.03482,-0.38544,0.0
2025-10-05 14:35:00-07:00,2025-10-05 21:35:00+00:00,2025-10-05 14:40:00-07:00,2025-10-05 21:40:00+00:00,REAL_TIME_5_MIN,ANAHEIM_6_N001,Node,-1.74343,14.55933,-15.87326,-0.4295,0.0
2025-10-05 14:35:00-07:00,2025-10-05 21:35:00+00:00,2025-10-05 14:40:00-07:00,2025-10-05 21:40:00+00:00,REAL_TIME_5_MIN,MKT_SUB_LNODEONC,Node,-1.13054,14.55933,-15.92429,0.23442,0.0
2025-10-05 14:35:00-07:00,2025-10-05 21:35:00+00:00,2025-10-05 14:40:00-07:00,2025-10-05 21:40:00+00:00,REAL_TIME_5_MIN,SCEW_2_PDRP89-APND,AP Node,-1.72626,14.55933,-15.90339,-0.3822,0.0
2025-10-05 14:40:00-07:00,2025-10-05 21:40:00+00:00,2025-10-05 14:45:00-07:00,2025-10-05 21:45:00+00:00,REAL_TIME_5_MIN,ANAHEIM_6_N001,Node,-2.07079,15.02946,-16.65688,-0.44337,0.0
2025-10-05 14:40:00-07:00,2025-10-05 21:40:00+00:00,2025-10-05 14:45:00-07:00,2025-10-05 21:45:00+00:00,REAL_TIME_5_MIN,MKT_SUB_LNODEONC,Node,-1.43612,15.02946,-16.70757,0.24199,0.0
2025-10-05 14:40:00-07:00,2025-10-05 21:40:00+00:00,2025-10-05 14:45:00-07:00,2025-10-05 21:45:00+00:00,REAL_TIME_5_MIN,SCEW_2_PDRP89-APND,AP Node,-2.05565,15.02946,-16.69056,-0.39454,0.0
2025-10-05 14:45:00-07:00,2025-10-05 21:45:00+00:00,2025-10-05 14:50:00-07:00,2025-10-05 21:50:00+00:00,REAL_TIME_5_MIN,ANAHEIM_6_N001,Node,-2.03589,15.37813,-16.93883,-0.47518,0.0
2025-10-05 14:45:00-07:00,2025-10-05 21:45:00+00:00,2025-10-05 14:50:00-07:00,2025-10-05 21:50:00+00:00,REAL_TIME_5_MIN,MKT_SUB_LNODEONC,Node,-1.36038,15.37813,-16.99073,0.25222,0.0
2025-10-05 14:45:00-07:00,2025-10-05 21:45:00+00:00,2025-10-05 14:50:00-07:00,2025-10-05 21:50:00+00:00,REAL_TIME_5_MIN,SCEW_2_PDRP89-APND,AP Node,-2.00564,15.37813,-16.956,-0.42777,0.0
2025-10-05 14:50:00-07:00,2025-10-05 21:50:00+00:00,2025-10-05 14:55:00-07:00,2025-10-05 21:55:00+00:00,REAL_TIME_5_MIN,ANAHEIM_6_N001,Node,-2.07981,14.9382,-16.55642,-0.46159,0.0
2025-10-05 14:50:00-07:00,2025-10-05 21:50:00+00:00,2025-10-05 14:55:00-07:00,2025-10-05 21:55:00+00:00,REAL_TIME_5_MIN,MKT_SUB_LNODEONC,Node,-1.42355,14.9382,-16.60675,0.24501,0.0
2025-10-05 14:50:00-07:00,2025-10-05 21:50:00+00:00,2025-10-05 14:55:00-07:00,2025-10-05 21:55:00+00:00,REAL_TIME_5_MIN,SCEW_2_PDRP89-APND,AP Node,-2.05041,14.9382,-16.57308,-0.41553,0.0
2025-10-05 14:55:00-07:00,2025-10-05 21:55:00+00:00,2025-10-05 15:00:00-07:00,2025-10-05 22:00:00+00:00,REAL_TIME_5_MIN,ANAHEIM_6_N001,Node,-2.07034,14.75056,-16.36511,-0.45579,0.0
2025-10-05 14:55:00-07:00,2025-10-05 21:55:00+00:00,2025-10-05 15:00:00-07:00,2025-10-05 22:00:00+00:00,REAL_TIME_5_MIN,MKT_SUB_LNODEONC,Node,-1.42215,14.75056,-16.41464,0.24193,0.0
2025-10-05 14:55:00-07:00,2025-10-05 21:55:00+00:00,2025-10-05 15:00:00-07:00,2025-10-05 22:00:00+00:00,REAL_TIME_5_MIN,SCEW_2_PDRP89-APND,AP Node,-2.04126,14.75056,-16.38151,-0.41031,0.0
2025-10-05 15:00:00-07:00,2025-10-05 22:00:00+00:00,2025-10-05 15:05:00-07:00,2025-10-05 22:05:00+00:00,REAL_TIME_5_MIN,ANAHEIM_6_N001,Node,-3.03129,13.3508,-15.99625,-0.38584,0.0
2025-10-05 15:00:00-07:00,2025-10-05 22:00:00+00:00,2025-10-05 15:05:00-07:00,2025-10-05 22:05:00+00:00,REAL_TIME_5_MIN,MKT_SUB_LNODEONC,Node,-2.48329,13.3508,-16.04505,0.21096,0.0
2025-10-05 15:00:00-07:00,2025-10-05 22:00:00+00:00,2025-10-05 15:05:00-07:00,2025-10-05 22:05:00+00:00,REAL_TIME_5_MIN,SCEW_2_PDRP89-APND,AP Node,-3.02211,13.3508,-16.0287,-0.34421,0.0
2025-10-05 15:05:00-07:00,2025-10-05 22:05:00+00:00,2025-10-05 15:10:00-07:00,2025-10-05 22:10:00+00:00,REAL_TIME_5_MIN,ANAHEIM_6_N001,Node,-3.10269,12.63768,-15.37515,-0.36523,0.0
2025-10-05 15:05:00-07:00,2025-10-05 22:05:00+00:00,2025-10-05 15:10:00-07:00,2025-10-05 22:10:00+00:00,REAL_TIME_5_MIN,MKT_SUB_LNODEONC,Node,-2.58402,12.63768,-15.4214,0.19969,0.0
2025-10-05 15:05:00-07:00,2025-10-05 22:05:00+00:00,2025-10-05 15:10:00-07:00,2025-10-05 22:10:00+00:00,REAL_TIME_5_MIN,SCEW_2_PDRP89-APND,AP Node,-3.09408,12.63768,-15.40594,-0.32582,0.0
2025-10-05 15:10:00-07:00,2025-10-05 22:10:00+00:00,2025-10-05 15:15:00-07:00,2025-10-05 22:15:00+00:00,REAL_TIME_5_MIN,ANAHEIM_6_N001,Node,-3.02769,12.37495,-15.045,-0.35764,0.0
2025-10-05 15:10:00-07:00,2025-10-05 22:10:00+00:00,2025-10-05 15:15:00-07:00,2025-10-05 22:15:00+00:00,REAL_TIME_5_MIN,MKT_SUB_LNODEONC,Node,-2.51933,12.37495,-15.08981,0.19554,0.0
2025-10-05 15:10:00-07:00,2025-10-05 22:10:00+00:00,2025-10-05 15:15:00-07:00,2025-10-05 22:15:00+00:00,REAL_TIME_5_MIN,SCEW_2_PDRP89-APND,AP Node,-3.01896,12.37495,-15.07486,-0.31905,0.0
2025-10-05 15:15:00-07:00,2025-10-05 22:15:00+00:00,2025-10-05 15:20:00-07:00,2025-10-05 22:20:00+00:00,REAL_TIME_5_MIN,ANAHEIM_6_N001,Node,-3.42479,13.59254,-16.62044,-0.3969,0.0
2025-10-05 15:15:00-07:00,2025-10-05 22:15:00+00:00,2025-10-05 15:20:00-07:00,2025-10-05 22:20:00+00:00,REAL_TIME_5_MIN,MKT_SUB_LNODEONC,Node,-2.80375,13.59254,-16.61924,0.22294,0.0
2025-10-05 15:15:00-07:00,2025-10-05 22:15:00+00:00,2025-10-05 15:20:00-07:00,2025-10-05 22:20:00+00:00,REAL_TIME_5_MIN,SCEW_2_PDRP89-APND,AP Node,-3.38191,13.59254,-16.62035,-0.35411,0.0
2025-10-05 15:20:00-07:00,2025-10-05 22:20:00+00:00,2025-10-05 15:25:00-07:00,2025-10-05 22:25:00+00:00,REAL_TIME_5_MIN,ANAHEIM_6_N001,Node,-3.98505,12.89451,-16.50304,-0.37652,0.0
2025-10-05 15:20:00-07:00,2025-10-05 22:20:00+00:00,2025-10-05 15:25:00-07:00,2025-10-05 22:25:00+00:00,REAL_TIME_5_MIN,MKT_SUB_LNODEONC,Node,-3.39584,12.89451,-16.50184,0.21149,0.0
2025-10-05 15:20:00-07:00,2025-10-05 22:20:00+00:00,2025-10-05 15:25:00-07:00,2025-10-05 22:25:00+00:00,REAL_TIME_5_MIN,SCEW_2_PDRP89-APND,AP Node,-3.94437,12.89451,-16.50296,-0.33592,0.0
2025-10-05 15:25:00-07:00,2025-10-05 22:25:00+00:00,2025-10-05 15:30:00-07:00,2025-10-05 22:30:00+00:00,REAL_TIME_5_MIN,ANAHEIM_6_N001,Node,-3.73743,14.06937,-17.39597,-0.41083,0.0
2025-10-05 15:25:00-07:00,2025-10-05 22:25:00+00:00,2025-10-05 15:30:00-07:00,2025-10-05 22:30:00+00:00,REAL_TIME_5_MIN,MKT_SUB_LNODEONC,Node,-3.09465,14.06937,-17.39477,0.23076,0.0
2025-10-05 15:25:00-07:00,2025-10-05 22:25:00+00:00,2025-10-05 15:30:00-07:00,2025-10-05 22:30:00+00:00,REAL_TIME_5_MIN,SCEW_2_PDRP89-APND,AP Node,-3.69304,14.06937,-17.39588,-0.36653,0.0
2025-10-05 15:30:00-07:00,2025-10-05 22:30:00+00:00,2025-10-05 15:35:00-07:00,2025-10-05 22:35:00+00:00,REAL_TIME_5_MIN,ANAHEIM_6_N001,Node,-3.55489,14.9278,-18.04829,-0.4344,0.0
2025-10-05 15:30:00-07:00,2025-10-05 22:30:00+00:00,2025-10-05 15:35:00-07:00,2025-10-05 22:35:00+00:00,REAL_TIME_5_MIN,MKT_SUB_LNODEONC,Node,-2.92345,14.9278,-18.10803,0.25678,0.0
2025-10-05 15:30:00-07:00,2025-10-05 22:30:00+00:00,2025-10-05 15:35:00-07:00,2025-10-05 22:35:00+00:00,REAL_TIME_5_MIN,SCEW_2_PDRP89-APND,AP Node,-3.54449,14.9278,-18.08784,-0.38445,0.0
2025-10-05 15:35:00-07:00,2025-10-05 22:35:00+00:00,2025-10-05 15:40:00-07:00,2025-10-05 22:40:00+00:00,REAL_TIME_5_MIN,ANAHEIM_6_N001,Node,-3.55572,15.87399,-18.96778,-0.46193,0.0
2025-10-05 15:35:00-07:00,2025-10-05 22:35:00+00:00,2025-10-05 15:40:00-07:00,2025-10-05 22:40:00+00:00,REAL_TIME_5_MIN,MKT_SUB_LNODEONC,Node,-2.88494,15.87399,-19.03198,0.27305,0.0
2025-10-05 15:35:00-07:00,2025-10-05 22:35:00+00:00,2025-10-05 15:40:00-07:00,2025-10-05 22:40:00+00:00,REAL_TIME_5_MIN,SCEW_2_PDRP89-APND,AP Node,-3.54505,15.87399,-19.01022,-0.40882,0.0
2025-10-05 15:40:00-07:00,2025-10-05 22:40:00+00:00,2025-10-05 15:45:00-07:00,2025-10-05 22:45:00+00:00,REAL_TIME_5_MIN,ANAHEIM_6_N001,Node,-3.77774,17.48593,-20.75483,-0.50884,0.0
2025-10-05 15:40:00-07:00,2025-10-05 22:40:00+00:00,2025-10-05 15:45:00-07:00,2025-10-05 22:45:00+00:00,REAL_TIME_5_MIN,MKT_SUB_LNODEONC,Node,-3.04173,17.48593,-20.82844,0.30078,0.0
2025-10-05 15:40:00-07:00,2025-10-05 22:40:00+00:00,2025-10-05 15:45:00-07:00,2025-10-05 22:45:00+00:00,REAL_TIME_5_MIN,SCEW_2_PDRP89-APND,AP Node,-3.76778,17.48593,-20.80338,-0.45033,0.0
2025-10-05 15:45:00-07:00,2025-10-05 22:45:00+00:00,2025-10-05 15:50:00-07:00,2025-10-05 22:50:00+00:00,REAL_TIME_5_MIN,ANAHEIM_6_N001,Node,-3.60267,17.77873,-20.85515,-0.52625,0.0
2025-10-05 15:45:00-07:00,2025-10-05 22:45:00+00:00,2025-10-05 15:50:00-07:00,2025-10-05 22:50:00+00:00,REAL_TIME_5_MIN,MKT_SUB_LNODEONC,Node,-2.76229,17.77873,-20.85395,0.31293,0.0
2025-10-05 15:45:00-07:00,2025-10-05 22:45:00+00:00,2025-10-05 15:50:00-07:00,2025-10-05 22:50:00+00:00,REAL_TIME_5_MIN,SCEW_2_PDRP89-APND,AP Node,-3.44712,17.77873,-20.7579,-0.46796,0.0
2025-10-05 15:50:00-07:00,2025-10-05 22:50:00+00:00,2025-10-05 15:55:00-07:00,2025-10-05 22:55:00+00:00,REAL_TIME_5_MIN,ANAHEIM_6_N001,Node,-4.26785,17.40311,-21.15583,-0.51513,0.0
2025-10-05 15:50:00-07:00,2025-10-05 22:50:00+00:00,2025-10-05 15:55:00-07:00,2025-10-05 22:55:00+00:00,REAL_TIME_5_MIN,MKT_SUB_LNODEONC,Node,-3.4452,17.40311,-21.15463,0.30632,0.0
2025-10-05 15:50:00-07:00,2025-10-05 22:50:00+00:00,2025-10-05 15:55:00-07:00,2025-10-05 22:55:00+00:00,REAL_TIME_5_MIN,SCEW_2_PDRP89-APND,AP Node,-4.1152,17.40311,-21.06024,-0.45807,0.0
2025-10-05 15:55:00-07:00,2025-10-05 22:55:00+00:00,2025-10-05 16:00:00-07:00,2025-10-05 23:00:00+00:00,REAL_TIME_5_MIN,ANAHEIM_6_N001,Node,-3.48588,17.75206,-20.71248,-0.52546,0.0
2025-10-05 15:55:00-07:00,2025-10-05 22:55:00+00:00,2025-10-05 16:00:00-07:00,2025-10-05 23:00:00+00:00,REAL_TIME_5_MIN,MKT_SUB_LNODEONC,Node,-2.64676,17.75206,-20.71128,0.31246,0.0
2025-10-05 15:55:00-07:00,2025-10-05 22:55:00+00:00,2025-10-05 16:00:00-07:00,2025-10-05 23:00:00+00:00,REAL_TIME_5_MIN,SCEW_2_PDRP89-APND,AP Node,-3.33054,17.75206,-20.61534,-0.46726,0.0
2025-10-05 16:00:00-07:00,2025-10-05 23:00:00+00:00,2025-10-05 16:05:00-07:00,2025-10-05 23:05:00+00:00,REAL_TIME_5_MIN,ANAHEIM_6_N001,Node,-9.10418,14.61675,-23.27951,-0.44143,0.0
2025-10-05 16:00:00-07:00,2025-10-05 23:00:00+00:00,2025-10-05 16:05:00-07:00,2025-10-05 23:05:00+00:00,REAL_TIME_5_MIN,MKT_SUB_LNODEONC,Node,-8.56082,14.61675,-23.37199,0.19442,0.0
2025-10-05 16:00:00-07:00,2025-10-05 23:00:00+00:00,2025-10-05 16:05:00-07:00,2025-10-05 23:05:00+00:00,REAL_TIME_5_MIN,SCEW_2_PDRP89-APND,AP Node,-9.00447,14.61675,-23.22919,-0.39203,0.0
2025-10-05 16:05:00-07:00,2025-10-05 23:05:00+00:00,2025-10-05 16:10:00-07:00,2025-10-05 23:10:00+00:00,REAL_TIME_5_MIN,ANAHEIM_6_N001,Node,-9.34731,14.4956,-23.40514,-0.43777,0.0
2025-10-05 16:05:00-07:00,2025-10-05 23:05:00+00:00,2025-10-05 16:10:00-07:00,2025-10-05 23:10:00+00:00,REAL_TIME_5_MIN,MKT_SUB_LNODEONC,Node,-8.80993,14.4956,-23.49833,0.19281,0.0
2025-10-05 16:05:00-07:00,2025-10-05 23:05:00+00:00,2025-10-05 16:10:00-07:00,2025-10-05 23:10:00+00:00,REAL_TIME_5_MIN,SCEW_2_PDRP89-APND,AP Node,-9.2484,14.4956,-23.35521,-0.38879,0.0
2025-10-05 16:10:00-07:00,2025-10-05 23:10:00+00:00,2025-10-05 16:15:00-07:00,2025-10-05 23:15:00+00:00,REAL_TIME_5_MIN,ANAHEIM_6_N001,Node,-9.78744,14.49821,-23.84781,-0.43785,0.0
2025-10-05 16:10:00-07:00,2025-10-05 23:10:00+00:00,2025-10-05 16:15:00-07:00,2025-10-05 23:15:00+00:00,REAL_TIME_5_MIN,MKT_SUB_LNODEONC,Node,-9.24996,14.49821,-23.94101,0.19284,0.0
2025-10-05 16:10:00-07:00,2025-10-05 23:10:00+00:00,2025-10-05 16:15:00-07:00,2025-10-05 23:15:00+00:00,REAL_TIME_5_MIN,SCEW_2_PDRP89-APND,AP Node,-9.68171,14.49821,-23.79106,-0.38886,0.0
2025-10-05 16:15:00-07:00,2025-10-05 23:15:00+00:00,2025-10-05 16:20:00-07:00,2025-10-05 23:20:00+00:00,REAL_TIME_5_MIN,ANAHEIM_6_N001,Node,-1.04596,12.50285,-13.18498,-0.36383,0.0
2025-10-05 16:15:00-07:00,2025-10-05 23:15:00+00:00,2025-10-05 16:20:00-07:00,2025-10-05 23:20:00+00:00,REAL_TIME_5_MIN,MKT_SUB_LNODEONC,Node,-0.54237,12.50285,-13.22903,0.18381,0.0
2025-10-05 16:15:00-07:00,2025-10-05 23:15:00+00:00,2025-10-05 16:20:00-07:00,2025-10-05 23:20:00+00:00,REAL_TIME_5_MIN,SCEW_2_PDRP89-APND,AP Node,-1.10527,12.50285,-13.28814,-0.31999,0.0
2025-10-05 16:20:00-07:00,2025-10-05 23:20:00+00:00,2025-10-05 16:25:00-07:00,2025-10-05 23:25:00+00:00,REAL_TIME_5_MIN,ANAHEIM_6_N001,Node,-2.72323,14.14474,-16.45636,-0.41161,0.0
2025-10-05 16:20:00-07:00,2025-10-05 23:20:00+00:00,2025-10-05 16:25:00-07:00,2025-10-05 23:25:00+00:00,REAL_TIME_5_MIN,MKT_SUB_LNODEONC,Node,-2.157,14.14474,-16.50968,0.20795,0.0
2025-10-05 16:20:00-07:00,2025-10-05 23:20:00+00:00,2025-10-05 16:25:00-07:00,2025-10-05 23:25:00+00:00,REAL_TIME_5_MIN,SCEW_2_PDRP89-APND,AP Node,-2.80448,14.14474,-16.58721,-0.36201,0.0
2025-10-05 16:25:00-07:00,2025-10-05 23:25:00+00:00,2025-10-05 16:30:00-07:00,2025-10-05 23:30:00+00:00,REAL_TIME_5_MIN,ANAHEIM_6_N001,Node,-2.3629,15.23609,-17.15562,-0.44337,0.0
2025-10-05 16:25:00-07:00,2025-10-05 23:25:00+00:00,2025-10-05 16:30:00-07:00,2025-10-05 23:30:00+00:00,REAL_TIME_5_MIN,MKT_SUB_LNODEONC,Node,-1.75417,15.23609,-17.21425,0.22399,0.0
2025-10-05 16:25:00-07:00,2025-10-05 23:25:00+00:00,2025-10-05 16:30:00-07:00,2025-10-05 23:30:00+00:00,REAL_TIME_5_MIN,SCEW_2_PDRP89-APND,AP Node,-2.44134,15.23609,-17.28749,-0.38994,0.0
2025-10-05 16:30:00-07:00,2025-10-05 23:30:00+00:00,2025-10-05 16:35:00-07:00,2025-10-05 23:35:00+00:00,REAL_TIME_5_MIN,ANAHEIM_6_N001,Node,7.44411,19.22967,-11.07599,-0.70957,0.0
2025-10-05 16:30:00-07:00,2025-10-05 23:30:00+00:00,2025-10-05 16:35:00-07:00,2025-10-05 23:35:00+00:00,REAL_TIME_5_MIN,MKT_SUB_LNODEONC,Node,8.50488,19.22967,-11.07479,0.35,0.0
2025-10-05 16:30:00-07:00,2025-10-05 23:30:00+00:00,2025-10-05 16:35:00-07:00,2025-10-05 23:35:00+00:00,REAL_TIME_5_MIN,SCEW_2_PDRP89-APND,AP Node,7.51433,19.22967,-11.06871,-0.64663,0.0
2025-10-05 16:35:00-07:00,2025-10-05 23:35:00+00:00,2025-10-05 16:40:00-07:00,2025-10-05 23:40:00+00:00,REAL_TIME_5_MIN,ANAHEIM_6_N001,Node,17.64643,25.24499,-6.66702,-0.93154,0.0
2025-10-05 16:35:00-07:00,2025-10-05 23:35:00+00:00,2025-10-05 16:40:00-07:00,2025-10-05 23:40:00+00:00,REAL_TIME_5_MIN,MKT_SUB_LNODEONC,Node,19.03865,25.24499,-6.66582,0.45948,0.0
2025-10-05 16:35:00-07:00,2025-10-05 23:35:00+00:00,2025-10-05 16:40:00-07:00,2025-10-05 23:40:00+00:00,REAL_TIME_5_MIN,SCEW_2_PDRP89-APND,AP Node,17.75093,25.24499,-6.64516,-0.8489,0.0
2025-10-05 16:40:00-07:00,2025-10-05 23:40:00+00:00,2025-10-05 16:45:00-07:00,2025-10-05 23:45:00+00:00,REAL_TIME_5_MIN,ANAHEIM_6_N001,Node,22.40267,30.38982,-6.86576,-1.12138,0.0
2025-10-05 16:40:00-07:00,2025-10-05 23:40:00+00:00,2025-10-05 16:45:00-07:00,2025-10-05 23:45:00+00:00,REAL_TIME_5_MIN,MKT_SUB_LNODEONC,Node,24.07837,30.38982,-6.86456,0.55312,0.0
2025-10-05 16:40:00-07:00,2025-10-05 23:40:00+00:00,2025-10-05 16:45:00-07:00,2025-10-05 23:45:00+00:00,REAL_TIME_5_MIN,SCEW_2_PDRP89-APND,AP Node,22.53135,30.38982,-6.83656,-1.0219,0.0
2025-10-05 16:45:00-07:00,2025-10-05 23:45:00+00:00,2025-10-05 16:50:00-07:00,2025-10-05 23:50:00+00:00,REAL_TIME_5_MIN,ANAHEIM_6_N001,Node,27.00383,36.59435,-8.53294,-1.05758,0.0
2025-10-05 16:45:00-07:00,2025-10-05 23:45:00+00:00,2025-10-05 16:50:00-07:00,2025-10-05 23:50:00+00:00,REAL_TIME_5_MIN,MKT_SUB_LNODEONC,Node,28.70669,36.59435,-8.53174,0.64408,0.0
2025-10-05 16:45:00-07:00,2025-10-05 23:45:00+00:00,2025-10-05 16:50:00-07:00,2025-10-05 23:50:00+00:00,REAL_TIME_5_MIN,SCEW_2_PDRP89-APND,AP Node,26.99231,36.59435,-8.66318,-0.93887,0.0
2025-10-05 16:50:00-07:00,2025-10-05 23:50:00+00:00,2025-10-05 16:55:00-07:00,2025-10-05 23:55:00+00:00,REAL_TIME_5_MIN,ANAHEIM_6_N001,Node,32.15319,41.14861,-7.80623,-1.18919,0.0
2025-10-05 16:50:00-07:00,2025-10-05 23:50:00+00:00,2025-10-05 16:55:00-07:00,2025-10-05 23:55:00+00:00,REAL_TIME_5_MIN,MKT_SUB_LNODEONC,Node,34.06782,41.14861,-7.80503,0.72424,0.0
2025-10-05 16:50:00-07:00,2025-10-05 23:50:00+00:00,2025-10-05 16:55:00-07:00,2025-10-05 23:55:00+00:00,REAL_TIME_5_MIN,SCEW_2_PDRP89-APND,AP Node,32.15987,41.14861,-7.93303,-1.05571,0.0
2025-10-05 16:55:00-07:00,2025-10-05 23:55:00+00:00,2025-10-05 17:00:00-07:00,2025-10-06 00:00:00+00:00,REAL_TIME_5_MIN,ANAHEIM_6_N001,Node,31.65789,40.82806,-7.99024,-1.17993,0.0
2025-10-05 16:55:00-07:00,2025-10-05 23:55:00+00:00,2025-10-05 17:00:00-07:00,2025-10-06 00:00:00+00:00,REAL_TIME_5_MIN,MKT_SUB_LNODEONC,Node,33.55762,40.82806,-7.98904,0.7186,0.0
2025-10-05 16:55:00-07:00,2025-10-05 23:55:00+00:00,2025-10-05 17:00:00-07:00,2025-10-06 00:00:00+00:00,REAL_TIME_5_MIN,SCEW_2_PDRP89-APND,AP Node,31.66054,40.82806,-8.12004,-1.04749,0.0
2025-10-05 17:00:00-07:00,2025-10-06 00:00:00+00:00,2025-10-05 17:05:00-07:00,2025-10-06 00:05:00+00:00,REAL_TIME_5_MIN,ANAHEIM_6_N001,Node,24.24153,32.67119,-7.22083,-1.20883,0.0
2025-10-05 17:00:00-07:00,2025-10-06 00:00:00+00:00,2025-10-05 17:05:00-07:00,2025-10-06 00:05:00+00:00,REAL_TIME_5_MIN,MKT_SUB_LNODEONC,Node,25.88816,32.67119,-7.22083,0.43779,0.0
2025-10-05 17:00:00-07:00,2025-10-06 00:00:00+00:00,2025-10-05 17:05:00-07:00,2025-10-06 00:05:00+00:00,REAL_TIME_5_MIN,SCEW_2_PDRP89-APND,AP Node,24.21784,32.67119,-7.33812,-1.11523,0.0
2025-10-05 17:05:00-07:00,2025-10-06 00:05:00+00:00,2025-10-05 17:10:00-07:00,2025-10-06 00:10:00+00:00,REAL_TIME_5_MIN,ANAHEIM_6_N001,Node,28.44789,35.89346,-6.1175,-1.32806,0.0
2025-10-05 17:05:00-07:00,2025-10-06 00:05:00+00:00,2025-10-05 17:10:00-07:00,2025-10-06 00:10:00+00:00,REAL_TIME_5_MIN,MKT_SUB_LNODEONC,Node,30.25692,35.89346,-6.1175,0.48097,0.0
2025-10-05 17:05:00-07:00,2025-10-06 00:05:00+00:00,2025-10-05 17:10:00-07:00,2025-10-06 00:10:00+00:00,REAL_TIME_5_MIN,SCEW_2_PDRP89-APND,AP Node,28.45136,35.89346,-6.21688,-1.22522,0.0
2025-10-05 17:10:00-07:00,2025-10-06 00:10:00+00:00,2025-10-05 17:15:00-07:00,2025-10-06 00:15:00+00:00,REAL_TIME_5_MIN,ANAHEIM_6_N001,Node,33.06268,39.85951,-5.32203,-1.4748,0.0
2025-10-05 17:10:00-07:00,2025-10-06 00:10:00+00:00,2025-10-05 17:15:00-07:00,2025-10-06 00:15:00+00:00,REAL_TIME_5_MIN,MKT_SUB_LNODEONC,Node,35.0716,39.85951,-5.32203,0.53412,0.0
2025-10-05 17:10:00-07:00,2025-10-06 00:10:00+00:00,2025-10-05 17:15:00-07:00,2025-10-06 00:15:00+00:00,REAL_TIME_5_MIN,SCEW_2_PDRP89-APND,AP Node,33.09043,39.85951,-5.40848,-1.3606,0.0
2025-10-05 17:15:00-07:00,2025-10-06 00:15:00+00:00,2025-10-05 17:20:00-07:00,2025-10-06 00:20:00+00:00,REAL_TIME_5_MIN,ANAHEIM_6_N001,Node,45.5289,46.93217,0.0,-1.40327,0.0
2025-10-05 17:15:00-07:00,2025-10-06 00:15:00+00:00,2025-10-05 17:20:00-07:00,2025-10-06 00:20:00+00:00,REAL_TIME_5_MIN,MKT_SUB_LNODEONC,Node,46.6904,46.93217,-1.59342,1.35165,0.0
2025-10-05 17:15:00-07:00,2025-10-06 00:15:00+00:00,2025-10-05 17:20:00-07:00,2025-10-06 00:20:00+00:00,REAL_TIME_5_MIN,SCEW_2_PDRP89-APND,AP Node,45.12148,46.93217,-0.51768,-1.29301,0.0
2025-10-05 17:20:00-07:00,2025-10-06 00:20:00+00:00,2025-10-05 17:25:00-07:00,2025-10-06 00:25:00+00:00,REAL_TIME_5_MIN,ANAHEIM_6_N001,Node,48.44328,49.93638,0.0,-1.4931,0.0
2025-10-05 17:20:00-07:00,2025-10-06 00:20:00+00:00,2025-10-05 17:25:00-07:00,2025-10-06 00:25:00+00:00,REAL_TIME_5_MIN,MKT_SUB_LNODEONC,Node,51.37455,49.93638,0.0,1.43817,0.0
2025-10-05 17:20:00-07:00,2025-10-06 00:20:00+00:00,2025-10-05 17:25:00-07:00,2025-10-06 00:25:00+00:00,REAL_TIME_5_MIN,SCEW_2_PDRP89-APND,AP Node,48.5606,49.93638,0.0,-1.37578,0.0
2025-10-05 17:25:00-07:00,2025-10-06 00:25:00+00:00,2025-10-05 17:30:00-07:00,2025-10-06 00:30:00+00:00,REAL_TIME_5_MIN,ANAHEIM_6_N001,Node,52.30827,53.92049,0.0,-1.61222,0.0
2025-10-05 17:25:00-07:00,2025-10-06 00:25:00+00:00,2025-10-05 17:30:00-07:00,2025-10-06 00:30:00+00:00,REAL_TIME_5_MIN,MKT_SUB_LNODEONC,Node,55.4734,53.92049,0.0,1.55291,0.0
2025-10-05 17:25:00-07:00,2025-10-06 00:25:00+00:00,2025-10-05 17:30:00-07:00,2025-10-06 00:30:00+00:00,REAL_TIME_5_MIN,SCEW_2_PDRP89-APND,AP Node,52.43495,53.92049,0.0,-1.48554,0.0
2025-10-05 17:30:00-07:00,2025-10-06 00:30:00+00:00,2025-10-05 17:35:00-07:00,2025-10-06 00:35:00+00:00,REAL_TIME_5_MIN,ANAHEIM_6_N001,Node,58.77514,60.543,0.0,-1.76786,0.0
2025-10-05 17:30:00-07:00,2025-10-06 00:30:00+00:00,2025-10-05 17:35:00-07:00,2025-10-06 00:35:00+00:00,REAL_TIME_5_MIN,MKT_SUB_LNODEONC,Node,62.2382,60.543,0.0,1.6952,0.0
2025-10-05 17:30:00-07:00,2025-10-06 00:30:00+00:00,2025-10-05 17:35:00-07:00,2025-10-06 00:35:00+00:00,REAL_TIME_5_MIN,SCEW_2_PDRP89-APND,AP Node,58.93906,60.543,0.0,-1.60394,0.0
2025-10-05 17:35:00-07:00,2025-10-06 00:35:00+00:00,2025-10-05 17:40:00-07:00,2025-10-06 00:40:00+00:00,REAL_TIME_5_MIN,ANAHEIM_6_N001,Node,59.43202,61.21964,0.0,-1.78761,0.0
2025-10-05 17:35:00-07:00,2025-10-06 00:35:00+00:00,2025-10-05 17:40:00-07:00,2025-10-06 00:40:00+00:00,REAL_TIME_5_MIN,MKT_SUB_LNODEONC,Node,62.93502,61.21964,0.0012,1.71418,0.0
2025-10-05 17:35:00-07:00,2025-10-06 00:35:00+00:00,2025-10-05 17:40:00-07:00,2025-10-06 00:40:00+00:00,REAL_TIME_5_MIN,SCEW_2_PDRP89-APND,AP Node,59.59778,61.21964,0.0,-1.62186,0.0
2025-10-05 17:40:00-07:00,2025-10-06 00:40:00+00:00,2025-10-05 17:45:00-07:00,2025-10-06 00:45:00+00:00,REAL_TIME_5_MIN,ANAHEIM_6_N001,Node,62.04239,63.90852,0.0,-1.86613,0.0
2025-10-05 17:40:00-07:00,2025-10-06 00:40:00+00:00,2025-10-05 17:45:00-07:00,2025-10-06 00:45:00+00:00,REAL_TIME_5_MIN,MKT_SUB_LNODEONC,Node,65.69919,63.90852,0.0012,1.78947,0.0
2025-10-05 17:40:00-07:00,2025-10-06 00:40:00+00:00,2025-10-05 17:45:00-07:00,2025-10-06 00:45:00+00:00,REAL_TIME_5_MIN,SCEW_2_PDRP89-APND,AP Node,62.21542,63.90852,0.0,-1.6931,0.0
2025-10-05 17:45:00-07:00,2025-10-06 00:45:00+00:00,2025-10-05 17:50:00-07:00,2025-10-06 00:50:00+00:00,REAL_TIME_5_MIN,ANAHEIM_6_N001,Node,87.71227,90.71494,0.0,-3.00266,0.0
2025-10-05 17:45:00-07:00,2025-10-06 00:45:00+00:00,2025-10-05 17:50:00-07:00,2025-10-06 00:50:00+00:00,REAL_TIME_5_MIN,MKT_SUB_LNODEONC,Node,93.31062,90.71494,0.0012,2.59448,0.0
2025-10-05 17:45:00-07:00,2025-10-06 00:45:00+00:00,2025-10-05 17:50:00-07:00,2025-10-06 00:50:00+00:00,REAL_TIME_5_MIN,SCEW_2_PDRP89-APND,AP Node,87.95193,90.71494,0.0,-2.76301,0.0
2025-10-05 17:50:00-07:00,2025-10-06 00:50:00+00:00,2025-10-05 17:55:00-07:00,2025-10-06 00:55:00+00:00,REAL_TIME_5_MIN,ANAHEIM_6_N001,Node,120.05809,124.16805,0.0,-4.10996,0.0
2025-10-05 17:50:00-07:00,2025-10-06 00:50:00+00:00,2025-10-05 17:55:00-07:00,2025-10-06 00:55:00+00:00,REAL_TIME_5_MIN,MKT_SUB_LNODEONC,Node,127.72049,124.16805,0.0012,3.55124,0.0
2025-10-05 17:50:00-07:00,2025-10-06 00:50:00+00:00,2025-10-05 17:55:00-07:00,2025-10-06 00:55:00+00:00,REAL_TIME_5_MIN,SCEW_2_PDRP89-APND,AP Node,120.38612,124.16805,0.0,-3.78193,0.0
2025-10-05 17:55:00-07:00,2025-10-06 00:55:00+00:00,2025-10-05 18:00:00-07:00,2025-10-06 01:00:00+00:00,REAL_TIME_5_MIN,ANAHEIM_6_N001,Node,152.1057,157.31274,0.0,-5.20705,0.0
2025-10-05 17:55:00-07:00,2025-10-06 00:55:00+00:00,2025-10-05 18:00:00-07:00,2025-10-06 01:00:00+00:00,REAL_TIME_5_MIN,MKT_SUB_LNODEONC,Node,161.81313,157.31274,0.0012,4.49918,0.0
2025-10-05 17:55:00-07:00,2025-10-06 00:55:00+00:00,2025-10-05 18:00:00-07:00,2025-10-06 01:00:00+00:00,REAL_TIME_5_MIN,SCEW_2_PDRP89-APND,AP Node,152.52129,157.31274,0.0,-4.79146,0.0
2025-10-05 18:00:00-07:00,2025-10-06 01:00:00+00:00,2025-10-05 18:05:00-07:00,2025-10-06 01:05:00+00:00,REAL_TIME_5_MIN,ANAHEIM_6_N001,Node,50.803,53.03581,0.0,-2.23281,0.0
2025-10-05 18:00:00-07:00,2025-10-06 01:00:00+00:00,2025-10-05 18:05:00-07:00,2025-10-06 01:05:00+00:00,REAL_TIME_5_MIN,MKT_SUB_LNODEONC,Node,54.52082,53.03581,0.0,1.485,0.0
2025-10-05 18:00:00-07:00,2025-10-06 01:00:00+00:00,2025-10-05 18:05:00-07:00,2025-10-06 01:05:00+00:00,REAL_TIME_5_MIN,SCEW_2_PDRP89-APND,AP Node,50.93952,53.03581,0.0,-2.09629,0.0
2025-10-05 18:05:00-07:00,2025-10-06 01:05:00+00:00,2025-10-05 18:10:00-07:00,2025-10-06 01:10:00+00:00,REAL_TIME_5_MIN,ANAHEIM_6_N001,Node,51.48339,53.7461,0.0,-2.26271,0.0
2025-10-05 18:05:00-07:00,2025-10-06 01:05:00+00:00,2025-10-05 18:10:00-07:00,2025-10-06 01:10:00+00:00,REAL_TIME_5_MIN,MKT_SUB_LNODEONC,Node,55.24976,53.7461,-0.0012,1.50486,0.0
2025-10-05 18:05:00-07:00,2025-10-06 01:05:00+00:00,2025-10-05 18:10:00-07:00,2025-10-06 01:10:00+00:00,REAL_TIME_5_MIN,SCEW_2_PDRP89-APND,AP Node,51.62174,53.7461,0.0,-2.12437,0.0
2025-10-05 18:10:00-07:00,2025-10-06 01:10:00+00:00,2025-10-05 18:15:00-07:00,2025-10-06 01:15:00+00:00,REAL_TIME_5_MIN,ANAHEIM_6_N001,Node,55.58922,58.03238,0.0,-2.44316,0.0
2025-10-05 18:10:00-07:00,2025-10-06 01:10:00+00:00,2025-10-05 18:15:00-07:00,2025-10-06 01:15:00+00:00,REAL_TIME_5_MIN,MKT_SUB_LNODEONC,Node,59.65606,58.03238,-0.0012,1.62487,0.0
2025-10-05 18:10:00-07:00,2025-10-06 01:10:00+00:00,2025-10-05 18:15:00-07:00,2025-10-06 01:15:00+00:00,REAL_TIME_5_MIN,SCEW_2_PDRP89-APND,AP Node,55.7386,58.03238,0.0,-2.29378,0.0
2025-10-05 18:15:00-07:00,2025-10-06 01:15:00+00:00,2025-10-05 18:20:00-07:00,2025-10-06 01:20:00+00:00,REAL_TIME_5_MIN,ANAHEIM_6_N001,Node,62.84322,65.5915,0.0,-2.74828,0.0
2025-10-05 18:15:00-07:00,2025-10-06 01:15:00+00:00,2025-10-05 18:20:00-07:00,2025-10-06 01:20:00+00:00,REAL_TIME_5_MIN,MKT_SUB_LNODEONC,Node,67.4871,65.5915,0.0,1.89559,0.0
2025-10-05 18:15:00-07:00,2025-10-06 01:15:00+00:00,2025-10-05 18:20:00-07:00,2025-10-06 01:20:00+00:00,REAL_TIME_5_MIN,SCEW_2_PDRP89-APND,AP Node,63.02074,65.5915,0.0,-2.57077,0.0
2025-10-05 18:20:00-07:00,2025-10-06 01:20:00+00:00,2025-10-05 18:25:00-07:00,2025-10-06 01:25:00+00:00,REAL_TIME_5_MIN,ANAHEIM_6_N001,Node,64.44619,67.26457,0.0,-2.81839,0.0
2025-10-05 18:20:00-07:00,2025-10-06 01:20:00+00:00,2025-10-05 18:25:00-07:00,2025-10-06 01:25:00+00:00,REAL_TIME_5_MIN,MKT_SUB_LNODEONC,Node,69.20729,67.26457,-0.0012,1.94391,0.0
2025-10-05 18:20:00-07:00,2025-10-06 01:20:00+00:00,2025-10-05 18:25:00-07:00,2025-10-06 01:25:00+00:00,REAL_TIME_5_MIN,SCEW_2_PDRP89-APND,AP Node,64.62823,67.26457,0.0,-2.63634,0.0
2025-10-05 18:25:00-07:00,2025-10-06 01:25:00+00:00,2025-10-05 18:30:00-07:00,2025-10-06 01:30:00+00:00,REAL_TIME_5_MIN,ANAHEIM_6_N001,Node,64.09195,66.89485,0.0,-2.80289,0.0
2025-10-05 18:25:00-07:00,2025-10-06 01:25:00+00:00,2025-10-05 18:30:00-07:00,2025-10-06 01:30:00+00:00,REAL_TIME_5_MIN,MKT_SUB_LNODEONC,Node,68.82687,66.89485,-0.0012,1.93323,0.0
2025-10-05 18:25:00-07:00,2025-10-06 01:25:00+00:00,2025-10-05 18:30:00-07:00,2025-10-06 01:30:00+00:00,REAL_TIME_5_MIN,SCEW_2_PDRP89-APND,AP Node,64.273,66.89485,0.0,-2.62185,0.0
2025-10-05 18:30:00-07:00,2025-10-06 01:30:00+00:00,2025-10-05 18:35:00-07:00,2025-10-06 01:35:00+00:00,REAL_TIME_5_MIN,ANAHEIM_6_N001,Node,62.7929,65.58691,0.0,-2.794,0.0
2025-10-05 18:30:00-07:00,2025-10-06 01:30:00+00:00,2025-10-05 18:35:00-07:00,2025-10-06 01:35:00+00:00,REAL_TIME_5_MIN,MKT_SUB_LNODEONC,Node,67.84841,65.58691,-0.0012,2.26271,0.0
2025-10-05 18:30:00-07:00,2025-10-06 01:30:00+00:00,2025-10-05 18:35:00-07:00,2025-10-06 01:35:00+00:00,REAL_TIME_5_MIN,SCEW_2_PDRP89-APND,AP Node,62.94887,65.58691,0.0,-2.63804,0.0
2025-10-05 18:35:00-07:00,2025-10-06 01:35:00+00:00,2025-10-05 18:40:00-07:00,2025-10-06 01:40:00+00:00,REAL_TIME_5_MIN,ANAHEIM_6_N001,Node,62.6961,65.48579,0.0,-2.78969,0.0
2025-10-05 18:35:00-07:00,2025-10-06 01:35:00+00:00,2025-10-05 18:40:00-07:00,2025-10-06 01:40:00+00:00,REAL_TIME_5_MIN,MKT_SUB_LNODEONC,Node,67.74381,65.48579,-0.0012,2.25922,0.0
2025-10-05 18:35:00-07:00,2025-10-06 01:35:00+00:00,2025-10-05 18:40:00-07:00,2025-10-06 01:40:00+00:00,REAL_TIME_5_MIN,SCEW_2_PDRP89-APND,AP Node,62.85183,65.48579,0.0,-2.63397,0.0
2025-10-05 18:40:00-07:00,2025-10-06 01:40:00+00:00,2025-10-05 18:45:00-07:00,2025-10-06 01:45:00+00:00,REAL_TIME_5_MIN,ANAHEIM_6_N001,Node,61.68556,64.43029,0.0,-2.74473,0.0
2025-10-05 18:40:00-07:00,2025-10-06 01:40:00+00:00,2025-10-05 18:45:00-07:00,2025-10-06 01:45:00+00:00,REAL_TIME_5_MIN,MKT_SUB_LNODEONC,Node,66.65189,64.43029,-0.0012,2.2228,0.0
2025-10-05 18:40:00-07:00,2025-10-06 01:40:00+00:00,2025-10-05 18:45:00-07:00,2025-10-06 01:45:00+00:00,REAL_TIME_5_MIN,SCEW_2_PDRP89-APND,AP Node,61.83878,64.43029,0.0,-2.59151,0.0
2025-10-05 18:45:00-07:00,2025-10-06 01:45:00+00:00,2025-10-05 18:50:00-07:00,2025-10-06 01:50:00+00:00,REAL_TIME_5_MIN,ANAHEIM_6_N001,Node,58.4039,61.10473,0.0,-2.70083,0.0
2025-10-05 18:45:00-07:00,2025-10-06 01:45:00+00:00,2025-10-05 18:50:00-07:00,2025-10-06 01:50:00+00:00,REAL_TIME_5_MIN,MKT_SUB_LNODEONC,Node,63.26048,61.10473,-0.0012,2.15695,0.0
2025-10-05 18:45:00-07:00,2025-10-06 01:45:00+00:00,2025-10-05 18:50:00-07:00,2025-10-06 01:50:00+00:00,REAL_TIME_5_MIN,SCEW_2_PDRP89-APND,AP Node,58.52476,61.10473,0.0,-2.57997,0.0
2025-10-05 18:50:00-07:00,2025-10-06 01:50:00+00:00,2025-10-05 18:55:00-07:00,2025-10-06 01:55:00+00:00,REAL_TIME_5_MIN,ANAHEIM_6_N001,Node,58.5145,61.22044,0.0,-2.70594,0.0
2025-10-05 18:50:00-07:00,2025-10-06 01:50:00+00:00,2025-10-05 18:55:00-07:00,2025-10-06 01:55:00+00:00,REAL_TIME_5_MIN,MKT_SUB_LNODEONC,Node,63.38028,61.22044,-0.0012,2.16104,0.0
2025-10-05 18:50:00-07:00,2025-10-06 01:50:00+00:00,2025-10-05 18:55:00-07:00,2025-10-06 01:55:00+00:00,REAL_TIME_5_MIN,SCEW_2_PDRP89-APND,AP Node,58.63558,61.22044,0.0,-2.58486,0.0
2025-10-05 18:55:00-07:00,2025-10-06 01:55:00+00:00,2025-10-05 19:00:00-07:00,2025-10-06 02:00:00+00:00,REAL_TIME_5_MIN,ANAHEIM_6_N001,Node,61.03895,63.86163,0.0,-2.82268,0.0
2025-10-05 18:55:00-07:00,2025-10-06 01:55:00+00:00,2025-10-05 19:00:00-07:00,2025-10-06 02:00:00+00:00,REAL_TIME_5_MIN,MKT_SUB_LNODEONC,Node,66.1147,63.86163,-0.0012,2.25427,0.0
2025-10-05 18:55:00-07:00,2025-10-06 01:55:00+00:00,2025-10-05 19:00:00-07:00,2025-10-06 02:00:00+00:00,REAL_TIME_5_MIN,SCEW_2_PDRP89-APND,AP Node,61.16526,63.86163,0.0,-2.69637,0.0
2025-10-05 19:00:00-07:00,2025-10-06 02:00:00+00:00,2025-10-05 19:05:00-07:00,2025-10-06 02:05:00+00:00,REAL_TIME_5_MIN,ANAHEIM_6_N001,Node,52.10386,57.06855,-2.25393,-2.71076,0.0
2025-10-05 19:00:00-07:00,2025-10-06 02:00:00+00:00,2025-10-05 19:05:00-07:00,2025-10-06 02:05:00+00:00,REAL_TIME_5_MIN,MKT_SUB_LNODEONC,Node,56.01306,57.06855,-2.25393,1.19844,0.0
2025-10-05 19:00:00-07:00,2025-10-06 02:00:00+00:00,2025-10-05 19:05:00-07:00,2025-10-06 02:05:00+00:00,REAL_TIME_5_MIN,SCEW_2_PDRP89-APND,AP Node,52.29607,57.06855,-2.22334,-2.54914,0.0
2025-10-05 19:05:00-07:00,2025-10-06 02:05:00+00:00,2025-10-05 19:10:00-07:00,2025-10-06 02:10:00+00:00,REAL_TIME_5_MIN,ANAHEIM_6_N001,Node,51.08512,56.09722,-2.34748,-2.66462,0.0
2025-10-05 19:05:00-07:00,2025-10-06 02:05:00+00:00,2025-10-05 19:10:00-07:00,2025-10-06 02:10:00+00:00,REAL_TIME_5_MIN,MKT_SUB_LNODEONC,Node,54.92778,56.09722,-2.34748,1.17804,0.0
2025-10-05 19:05:00-07:00,2025-10-06 02:05:00+00:00,2025-10-05 19:10:00-07:00,2025-10-06 02:10:00+00:00,REAL_TIME_5_MIN,SCEW_2_PDRP89-APND,AP Node,51.27584,56.09722,-2.31562,-2.50575,0.0
2025-10-05 19:10:00-07:00,2025-10-06 02:10:00+00:00,2025-10-05 19:15:00-07:00,2025-10-06 02:15:00+00:00,REAL_TIME_5_MIN,ANAHEIM_6_N001,Node,48.88829,52.47469,-1.09385,-2.49255,0.0
2025-10-05 19:10:00-07:00,2025-10-06 02:10:00+00:00,2025-10-05 19:15:00-07:00,2025-10-06 02:15:00+00:00,REAL_TIME_5_MIN,MKT_SUB_LNODEONC,Node,52.48281,52.47469,-1.09385,1.10197,0.0
2025-10-05 19:10:00-07:00,2025-10-06 02:10:00+00:00,2025-10-05 19:15:00-07:00,2025-10-06 02:15:00+00:00,REAL_TIME_5_MIN,SCEW_2_PDRP89-APND,AP Node,49.05175,52.47469,-1.07901,-2.34394,0.0
2025-10-05 19:15:00-07:00,2025-10-06 02:15:00+00:00,2025-10-05 19:20:00-07:00,2025-10-06 02:20:00+00:00,REAL_TIME_5_MIN,ANAHEIM_6_N001,Node,48.27612,51.99035,-1.09912,-2.61511,0.0
2025-10-05 19:15:00-07:00,2025-10-06 02:15:00+00:00,2025-10-05 19:20:00-07:00,2025-10-06 02:20:00+00:00,REAL_TIME_5_MIN,MKT_SUB_LNODEONC,Node,52.00383,51.99035,-1.09912,1.11259,0.0
2025-10-05 19:15:00-07:00,2025-10-06 02:15:00+00:00,2025-10-05 19:20:00-07:00,2025-10-06 02:20:00+00:00,REAL_TIME_5_MIN,SCEW_2_PDRP89-APND,AP Node,48.4098,51.99035,-1.09912,-2.48143,0.0
2025-10-05 19:20:00-07:00,2025-10-06 02:20:00+00:00,2025-10-05 19:25:00-07:00,2025-10-06 02:25:00+00:00,REAL_TIME_5_MIN,ANAHEIM_6_N001,Node,48.79708,51.60788,-0.21493,-2.59588,0.0
2025-10-05 19:20:00-07:00,2025-10-06 02:20:00+00:00,2025-10-05 19:25:00-07:00,2025-10-06 02:25:00+00:00,REAL_TIME_5_MIN,MKT_SUB_LNODEONC,Node,51.35232,51.60788,-1.35997,1.10441,0.0
2025-10-05 19:20:00-07:00,2025-10-06 02:20:00+00:00,2025-10-05 19:25:00-07:00,2025-10-06 02:25:00+00:00,REAL_TIME_5_MIN,SCEW_2_PDRP89-APND,AP Node,49.19077,51.60788,0.04607,-2.46318,0.0
2025-10-05 19:25:00-07:00,2025-10-06 02:25:00+00:00,2025-10-05 19:30:00-07:00,2025-10-06 02:30:00+00:00,REAL_TIME_5_MIN,ANAHEIM_6_N001,Node,48.66148,51.38283,-0.13679,-2.58456,0.0
2025-10-05 19:25:00-07:00,2025-10-06 02:25:00+00:00,2025-10-05 19:30:00-07:00,2025-10-06 02:30:00+00:00,REAL_TIME_5_MIN,MKT_SUB_LNODEONC,Node,51.18985,51.38283,-1.29257,1.09959,0.0
2025-10-05 19:25:00-07:00,2025-10-06 02:25:00+00:00,2025-10-05 19:30:00-07:00,2025-10-06 02:30:00+00:00,REAL_TIME_5_MIN,SCEW_2_PDRP89-APND,AP Node,49.05705,51.38283,0.12666,-2.45244,0.0
2025-10-05 19:30:00-07:00,2025-10-06 02:30:00+00:00,2025-10-05 19:35:00-07:00,2025-10-06 02:35:00+00:00,REAL_TIME_5_MIN,ANAHEIM_6_N001,Node,48.75833,51.22044,-0.19305,-2.26907,0.0
2025-10-05 19:30:00-07:00,2025-10-06 02:30:00+00:00,2025-10-05 19:35:00-07:00,2025-10-06 02:35:00+00:00,REAL_TIME_5_MIN,MKT_SUB_LNODEONC,Node,51.05524,51.22044,-1.31254,1.14734,0.0
2025-10-05 19:30:00-07:00,2025-10-06 02:30:00+00:00,2025-10-05 19:35:00-07:00,2025-10-06 02:35:00+00:00,REAL_TIME_5_MIN,SCEW_2_PDRP89-APND,AP Node,49.19347,51.22044,0.09525,-2.12222,0.0
2025-10-05 19:35:00-07:00,2025-10-06 02:35:00+00:00,2025-10-05 19:40:00-07:00,2025-10-06 02:40:00+00:00,REAL_TIME_5_MIN,ANAHEIM_6_N001,Node,48.54506,51.02253,-0.21717,-2.2603,0.0
2025-10-05 19:35:00-07:00,2025-10-06 02:35:00+00:00,2025-10-05 19:40:00-07:00,2025-10-06 02:40:00+00:00,REAL_TIME_5_MIN,MKT_SUB_LNODEONC,Node,50.85702,51.02253,-1.30841,1.1429,0.0
2025-10-05 19:35:00-07:00,2025-10-06 02:35:00+00:00,2025-10-05 19:40:00-07:00,2025-10-06 02:40:00+00:00,REAL_TIME_5_MIN,SCEW_2_PDRP89-APND,AP Node,48.97276,51.02253,0.06425,-2.11402,0.0
2025-10-05 19:40:00-07:00,2025-10-06 02:40:00+00:00,2025-10-05 19:45:00-07:00,2025-10-06 02:45:00+00:00,REAL_TIME_5_MIN,ANAHEIM_6_N001,Node,47.71064,49.6655,0.24532,-2.20018,0.0
2025-10-05 19:40:00-07:00,2025-10-06 02:40:00+00:00,2025-10-05 19:45:00-07:00,2025-10-06 02:45:00+00:00,REAL_TIME_5_MIN,MKT_SUB_LNODEONC,Node,49.81523,49.6655,-0.96277,1.11251,0.0
2025-10-05 19:40:00-07:00,2025-10-06 02:40:00+00:00,2025-10-05 19:45:00-07:00,2025-10-06 02:45:00+00:00,REAL_TIME_5_MIN,SCEW_2_PDRP89-APND,AP Node,48.15799,49.6655,0.55029,-2.0578,0.0
2025-10-05 19:45:00-07:00,2025-10-06 02:45:00+00:00,2025-10-05 19:50:00-07:00,2025-10-06 02:50:00+00:00,REAL_TIME_5_MIN,ANAHEIM_6_N001,Node,46.66585,48.91458,-0.08671,-2.16202,0.0
2025-10-05 19:45:00-07:00,2025-10-06 02:45:00+00:00,2025-10-05 19:50:00-07:00,2025-10-06 02:50:00+00:00,REAL_TIME_5_MIN,MKT_SUB_LNODEONC,Node,48.67663,48.91458,-1.38256,1.1446,0.0
2025-10-05 19:45:00-07:00,2025-10-06 02:45:00+00:00,2025-10-05 19:50:00-07:00,2025-10-06 02:50:00+00:00,REAL_TIME_5_MIN,SCEW_2_PDRP89-APND,AP Node,47.13305,48.91458,0.24516,-2.02669,0.0
2025-10-05 19:50:00-07:00,2025-10-06 02:50:00+00:00,2025-10-05 19:55:00-07:00,2025-10-06 02:55:00+00:00,REAL_TIME_5_MIN,ANAHEIM_6_N001,Node,47.24182,49.20133,0.21519,-2.1747,0.0
2025-10-05 19:50:00-07:00,2025-10-06 02:50:00+00:00,2025-10-05 19:55:00-07:00,2025-10-06 02:55:00+00:00,REAL_TIME_5_MIN,MKT_SUB_LNODEONC,Node,49.23201,49.20133,-1.12063,1.15131,0.0
2025-10-05 19:50:00-07:00,2025-10-06 02:50:00+00:00,2025-10-05 19:55:00-07:00,2025-10-06 02:55:00+00:00,REAL_TIME_5_MIN,SCEW_2_PDRP89-APND,AP Node,47.71592,49.20133,0.55316,-2.03857,0.0
2025-10-05 19:55:00-07:00,2025-10-06 02:55:00+00:00,2025-10-05 20:00:00-07:00,2025-10-06 03:00:00+00:00,REAL_TIME_5_MIN,ANAHEIM_6_N001,Node,47.30341,49.21765,0.26118,-2.17542,0.0
2025-10-05 19:55:00-07:00,2025-10-06 02:55:00+00:00,2025-10-05 20:00:00-07:00,2025-10-06 03:00:00+00:00,REAL_TIME_5_MIN,MKT_SUB_LNODEONC,Node,49.26361,49.21765,-1.10573,1.15169,0.0
2025-10-05 19:55:00-07:00,2025-10-06 02:55:00+00:00,2025-10-05 20:00:00-07:00,2025-10-06 03:00:00+00:00,REAL_TIME_5_MIN,SCEW_2_PDRP89-APND,AP Node,47.78486,49.21765,0.60646,-2.03925,0.0
2025-10-05 20:00:00-07:00,2025-10-06 03:00:00+00:00,2025-10-05 20:05:00-07:00,2025-10-06 03:05:00+00:00,REAL_TIME_5_MIN,ANAHEIM_6_N001,Node,47.21459,50.35176,-0.83609,-2.30108,0.0
2025-10-05 20:00:00-07:00,2025-10-06 03:00:00+00:00,2025-10-05 20:05:00-07:00,2025-10-06 03:05:00+00:00,REAL_TIME_5_MIN,MKT_SUB_LNODEONC,Node,49.1415,50.35176,-2.37339,1.16313,0.0
2025-10-05 20:00:00-07:00,2025-10-06 03:00:00+00:00,2025-10-05 20:05:00-07:00,2025-10-06 03:05:00+00:00,REAL_TIME_5_MIN,SCEW_2_PDRP89-APND,AP Node,47.67567,50.35176,-0.49314,-2.18295,0.0
2025-10-05 20:05:00-07:00,2025-10-06 03:05:00+00:00,2025-10-05 20:10:00-07:00,2025-10-06 03:10:00+00:00,REAL_TIME_5_MIN,ANAHEIM_6_N001,Node,47.2018,48.93654,0.50166,-2.2364,0.0
2025-10-05 20:05:00-07:00,2025-10-06 03:05:00+00:00,2025-10-05 20:10:00-07:00,2025-10-06 03:10:00+00:00,REAL_TIME_5_MIN,MKT_SUB_LNODEONC,Node,49.03114,48.93654,-1.03583,1.13043,0.0
2025-10-05 20:05:00-07:00,2025-10-06 03:05:00+00:00,2025-10-05 20:10:00-07:00,2025-10-06 03:10:00+00:00,REAL_TIME_5_MIN,SCEW_2_PDRP89-APND,AP Node,47.65961,48.93654,0.84466,-2.1216,0.0
2025-10-05 20:10:00-07:00,2025-10-06 03:10:00+00:00,2025-10-05 20:15:00-07:00,2025-10-06 03:15:00+00:00,REAL_TIME_5_MIN,ANAHEIM_6_N001,Node,46.85867,48.57656,0.50206,-2.21995,0.0
2025-10-05 20:10:00-07:00,2025-10-06 03:10:00+00:00,2025-10-05 20:15:00-07:00,2025-10-06 03:15:00+00:00,REAL_TIME_5_MIN,MKT_SUB_LNODEONC,Node,48.61062,48.57656,-1.08806,1.12212,0.0
2025-10-05 20:10:00-07:00,2025-10-06 03:10:00+00:00,2025-10-05 20:15:00-07:00,2025-10-06 03:15:00+00:00,REAL_TIME_5_MIN,SCEW_2_PDRP89-APND,AP Node,47.32737,48.57656,0.8568,-2.10599,0.0
2025-10-05 20:15:00-07:00,2025-10-06 03:15:00+00:00,2025-10-05 20:20:00-07:00,2025-10-06 03:20:00+00:00,REAL_TIME_5_MIN,ANAHEIM_6_N001,Node,43.64794,47.49894,-1.6423,-2.2087,0.0
2025-10-05 20:15:00-07:00,2025-10-06 03:15:00+00:00,2025-10-05 20:20:00-07:00,2025-10-06 03:20:00+00:00,REAL_TIME_5_MIN,MKT_SUB_LNODEONC,Node,44.91355,47.49894,-3.66362,1.07823,0.0
2025-10-05 20:15:00-07:00,2025-10-06 03:15:00+00:00,2025-10-05 20:20:00-07:00,2025-10-06 03:20:00+00:00,REAL_TIME_5_MIN,SCEW_2_PDRP89-APND,AP Node,44.22331,47.49894,-1.18156,-2.09407,0.0
2025-10-05 20:20:00-07:00,2025-10-06 03:20:00+00:00,2025-10-05 20:25:00-07:00,2025-10-06 03:25:00+00:00,REAL_TIME_5_MIN,ANAHEIM_6_N001,Node,44.59155,48.35444,-1.51441,-2.24848,0.0
2025-10-05 20:20:00-07:00,2025-10-06 03:20:00+00:00,2025-10-05 20:25:00-07:00,2025-10-06 03:25:00+00:00,REAL_TIME_5_MIN,MKT_SUB_LNODEONC,Node,45.8281,48.35444,-3.62399,1.09765,0.0
2025-10-05 20:20:00-07:00,2025-10-06 03:20:00+00:00,2025-10-05 20:25:00-07:00,2025-10-06 03:25:00+00:00,REAL_TIME_5_MIN,SCEW_2_PDRP89-APND,AP Node,45.1891,48.35444,-1.03356,-2.13179,0.0
2025-10-05 20:25:00-07:00,2025-10-06 03:25:00+00:00,2025-10-05 20:30:00-07:00,2025-10-06 03:30:00+00:00,REAL_TIME_5_MIN,ANAHEIM_6_N001,Node,45.16868,46.73882,0.60322,-2.17336,0.0
2025-10-05 20:25:00-07:00,2025-10-06 03:25:00+00:00,2025-10-05 20:30:00-07:00,2025-10-06 03:30:00+00:00,REAL_TIME_5_MIN,MKT_SUB_LNODEONC,Node,46.4685,46.73882,-1.3313,1.06097,0.0
2025-10-05 20:25:00-07:00,2025-10-06 03:25:00+00:00,2025-10-05 20:30:00-07:00,2025-10-06 03:30:00+00:00,REAL_TIME_5_MIN,SCEW_2_PDRP89-APND,AP Node,45.72243,46.73882,1.04417,-2.06056,0.0
2025-10-05 20:30:00-07:00,2025-10-06 03:30:00+00:00,2025-10-05 20:35:00-07:00,2025-10-06 03:35:00+00:00,REAL_TIME_5_MIN,ANAHEIM_6_N001,Node,46.44937,47.66096,0.84737,-2.05895,0.0
2025-10-05 20:30:00-07:00,2025-10-06 03:30:00+00:00,2025-10-05 20:35:00-07:00,2025-10-06 03:35:00+00:00,REAL_TIME_5_MIN,MKT_SUB_LNODEONC,Node,47.80567,47.66096,-1.45669,1.60141,0.0
2025-10-05 20:30:00-07:00,2025-10-06 03:30:00+00:00,2025-10-05 20:35:00-07:00,2025-10-06 03:35:00+00:00,REAL_TIME_5_MIN,SCEW_2_PDRP89-APND,AP Node,47.09225,47.66096,1.37211,-1.94081,0.0
2025-10-05 20:35:00-07:00,2025-10-06 03:35:00+00:00,2025-10-05 20:40:00-07:00,2025-10-06 03:40:00+00:00,REAL_TIME_5_MIN,ANAHEIM_6_N001,Node,46.25291,47.77873,0.53823,-2.06404,0.0
2025-10-05 20:35:00-07:00,2025-10-06 03:35:00+00:00,2025-10-05 20:40:00-07:00,2025-10-06 03:40:00+00:00,REAL_TIME_5_MIN,MKT_SUB_LNODEONC,Node,47.13687,47.77873,-2.24722,1.60537,0.0
2025-10-05 20:35:00-07:00,2025-10-06 03:35:00+00:00,2025-10-05 20:40:00-07:00,2025-10-06 03:40:00+00:00,REAL_TIME_5_MIN,SCEW_2_PDRP89-APND,AP Node,47.00248,47.77873,1.16937,-1.94561,0.0
2025-10-05 20:40:00-07:00,2025-10-06 03:40:00+00:00,2025-10-05 20:45:00-07:00,2025-10-06 03:45:00+00:00,REAL_TIME_5_MIN,ANAHEIM_6_N001,Node,47.32813,48.67367,0.75717,-2.1027,0.0
2025-10-05 20:40:00-07:00,2025-10-06 03:40:00+00:00,2025-10-05 20:45:00-07:00,2025-10-06 03:45:00+00:00,REAL_TIME_5_MIN,MKT_SUB_LNODEONC,Node,48.76678,48.67367,-1.54232,1.63544,0.0
2025-10-05 20:40:00-07:00,2025-10-06 03:40:00+00:00,2025-10-05 20:45:00-07:00,2025-10-06 03:45:00+00:00,REAL_TIME_5_MIN,SCEW_2_PDRP89-APND,AP Node,47.97116,48.67367,1.27955,-1.98205,0.0
2025-10-05 20:45:00-07:00,2025-10-06 03:45:00+00:00,2025-10-05 20:50:00-07:00,2025-10-06 03:50:00+00:00,REAL_TIME_5_MIN,ANAHEIM_6_N001,Node,47.15384,48.48029,0.76304,-2.0895,0.0
2025-10-05 20:45:00-07:00,2025-10-06 03:45:00+00:00,2025-10-05 20:50:00-07:00,2025-10-06 03:50:00+00:00,REAL_TIME_5_MIN,MKT_SUB_LNODEONC,Node,48.82524,48.48029,-1.31793,1.66287,0.0
2025-10-05 20:45:00-07:00,2025-10-06 03:45:00+00:00,2025-10-05 20:50:00-07:00,2025-10-06 03:50:00+00:00,REAL_TIME_5_MIN,SCEW_2_PDRP89-APND,AP Node,47.75001,48.48029,1.2359,-1.96618,0.0
2025-10-05 20:50:00-07:00,2025-10-06 03:50:00+00:00,2025-10-05 20:55:00-07:00,2025-10-06 03:55:00+00:00,REAL_TIME_5_MIN,ANAHEIM_6_N001,Node,46.61318,47.87601,0.80063,-2.06346,0.0
2025-10-05 20:50:00-07:00,2025-10-06 03:50:00+00:00,2025-10-05 20:55:00-07:00,2025-10-06 03:55:00+00:00,REAL_TIME_5_MIN,MKT_SUB_LNODEONC,Node,48.26958,47.87601,-1.24857,1.64215,0.0
2025-10-05 20:50:00-07:00,2025-10-06 03:50:00+00:00,2025-10-05 20:55:00-07:00,2025-10-06 03:55:00+00:00,REAL_TIME_5_MIN,SCEW_2_PDRP89-APND,AP Node,47.20185,47.87601,1.26752,-1.94167,0.0
2025-10-05 20:55:00-07:00,2025-10-06 03:55:00+00:00,2025-10-05 21:00:00-07:00,2025-10-06 04:00:00+00:00,REAL_TIME_5_MIN,ANAHEIM_6_N001,Node,47.25438,48.70862,0.6451,-2.09934,0.0
2025-10-05 20:55:00-07:00,2025-10-06 03:55:00+00:00,2025-10-05 21:00:00-07:00,2025-10-06 04:00:00+00:00,REAL_TIME_5_MIN,MKT_SUB_LNODEONC,Node,49.44091,48.70862,-0.93841,1.67071,0.0
2025-10-05 20:55:00-07:00,2025-10-06 03:55:00+00:00,2025-10-05 21:00:00-07:00,2025-10-06 04:00:00+00:00,REAL_TIME_5_MIN,SCEW_2_PDRP89-APND,AP Node,47.73923,48.70862,1.00605,-1.97544,0.0
2025-10-05 21:00:00-07:00,2025-10-06 04:00:00+00:00,2025-10-05 21:05:00-07:00,2025-10-06 04:05:00+00:00,REAL_TIME_5_MIN,ANAHEIM_6_N001,Node,50.64687,51.79309,0.78048,-1.9267,0.0
2025-10-05 21:00:00-07:00,2025-10-06 04:00:00+00:00,2025-10-05 21:05:00-07:00,2025-10-06 04:05:00+00:00,REAL_TIME_5_MIN,MKT_SUB_LNODEONC,Node,53.59549,51.79309,0.0,1.8024,0.0
2025-10-05 21:00:00-07:00,2025-10-06 04:00:00+00:00,2025-10-05 21:05:00-07:00,2025-10-06 04:05:00+00:00,REAL_TIME_5_MIN,SCEW_2_PDRP89-APND,AP Node,50.95512,51.79309,0.95839,-1.79636,0.0
2025-10-05 21:05:00-07:00,2025-10-06 04:05:00+00:00,2025-10-05 21:10:00-07:00,2025-10-06 04:10:00+00:00,REAL_TIME_5_MIN,ANAHEIM_6_N001,Node,50.59036,51.72507,0.78946,-1.92417,0.0
2025-10-05 21:05:00-07:00,2025-10-06 04:05:00+00:00,2025-10-05 21:10:00-07:00,2025-10-06 04:10:00+00:00,REAL_TIME_5_MIN,MKT_SUB_LNODEONC,Node,53.5251,51.72507,0.0,1.80003,0.0
2025-10-05 21:05:00-07:00,2025-10-06 04:05:00+00:00,2025-10-05 21:10:00-07:00,2025-10-06 04:10:00+00:00,REAL_TIME_5_MIN,SCEW_2_PDRP89-APND,AP Node,50.90047,51.72507,0.96941,-1.794,0.0
2025-10-05 21:10:00-07:00,2025-10-06 04:10:00+00:00,2025-10-05 21:15:00-07:00,2025-10-06 04:15:00+00:00,REAL_TIME_5_MIN,ANAHEIM_6_N001,Node,50.70543,51.79023,0.84179,-1.9266,0.0
2025-10-05 21:10:00-07:00,2025-10-06 04:10:00+00:00,2025-10-05 21:15:00-07:00,2025-10-06 04:15:00+00:00,REAL_TIME_5_MIN,MKT_SUB_LNODEONC,Node,53.59253,51.79023,0.0,1.8023,0.0
2025-10-05 21:10:00-07:00,2025-10-06 04:10:00+00:00,2025-10-05 21:15:00-07:00,2025-10-06 04:15:00+00:00,REAL_TIME_5_MIN,SCEW_2_PDRP89-APND,AP Node,51.02764,51.79023,1.03367,-1.79626,0.0
2025-10-05 21:15:00-07:00,2025-10-06 04:15:00+00:00,2025-10-05 21:20:00-07:00,2025-10-06 04:20:00+00:00,REAL_TIME_5_MIN,ANAHEIM_6_N001,Node,49.31217,49.89371,1.1847,-1.76624,0.0
2025-10-05 21:15:00-07:00,2025-10-06 04:15:00+00:00,2025-10-05 21:20:00-07:00,2025-10-06 04:20:00+00:00,REAL_TIME_5_MIN,MKT_SUB_LNODEONC,Node,51.75973,49.89371,0.0,1.86602,0.0
2025-10-05 21:15:00-07:00,2025-10-06 04:15:00+00:00,2025-10-05 21:20:00-07:00,2025-10-06 04:20:00+00:00,REAL_TIME_5_MIN,SCEW_2_PDRP89-APND,AP Node,49.70614,49.89371,1.45473,-1.6423,0.0
2025-10-05 21:20:00-07:00,2025-10-06 04:20:00+00:00,2025-10-05 21:25:00-07:00,2025-10-06 04:25:00+00:00,REAL_TIME_5_MIN,ANAHEIM_6_N001,Node,55.88847,54.9163,2.9162,-1.94404,0.0
2025-10-05 21:20:00-07:00,2025-10-06 04:20:00+00:00,2025-10-05 21:25:00-07:00,2025-10-06 04:25:00+00:00,REAL_TIME_5_MIN,MKT_SUB_LNODEONC,Node,56.97017,54.9163,0.0,2.05387,0.0
2025-10-05 21:20:00-07:00,2025-10-06 04:20:00+00:00,2025-10-05 21:25:00-07:00,2025-10-06 04:25:00+00:00,REAL_TIME_5_MIN,SCEW_2_PDRP89-APND,AP Node,56.68959,54.9163,3.58092,-1.80763,0.0
2025-10-05 21:25:00-07:00,2025-10-06 04:25:00+00:00,2025-10-05 21:30:00-07:00,2025-10-06 04:30:00+00:00,REAL_TIME_5_MIN,ANAHEIM_6_N001,Node,55.4748,54.61625,2.79197,-1.93342,0.0
2025-10-05 21:25:00-07:00,2025-10-06 04:25:00+00:00,2025-10-05 21:30:00-07:00,2025-10-06 04:30:00+00:00,REAL_TIME_5_MIN,MKT_SUB_LNODEONC,Node,56.65889,54.61625,0.0,2.04265,0.0
2025-10-05 21:25:00-07:00,2025-10-06 04:25:00+00:00,2025-10-05 21:30:00-07:00,2025-10-06 04:30:00+00:00,REAL_TIME_5_MIN,SCEW_2_PDRP89-APND,AP Node,56.24687,54.61625,3.42837,-1.79775,0.0
2025-10-05 21:30:00-07:00,2025-10-06 04:30:00+00:00,2025-10-05 21:35:00-07:00,2025-10-06 04:35:00+00:00,REAL_TIME_5_MIN,ANAHEIM_6_N001,Node,55.00057,54.46067,2.48415,-1.94425,0.0
2025-10-05 21:30:00-07:00,2025-10-06 04:30:00+00:00,2025-10-05 21:35:00-07:00,2025-10-06 04:35:00+00:00,REAL_TIME_5_MIN,MKT_SUB_LNODEONC,Node,56.45393,54.46067,0.0,1.99326,0.0
2025-10-05 21:30:00-07:00,2025-10-06 04:30:00+00:00,2025-10-05 21:35:00-07:00,2025-10-06 04:35:00+00:00,REAL_TIME_5_MIN,SCEW_2_PDRP89-APND,AP Node,55.7195,54.46067,3.07122,-1.81239,0.0
2025-10-05 21:35:00-07:00,2025-10-06 04:35:00+00:00,2025-10-05 21:40:00-07:00,2025-10-06 04:40:00+00:00,REAL_TIME_5_MIN,ANAHEIM_6_N001,Node,54.09194,53.96375,2.0547,-1.92651,0.0
2025-10-05 21:35:00-07:00,2025-10-06 04:35:00+00:00,2025-10-05 21:40:00-07:00,2025-10-06 04:40:00+00:00,REAL_TIME_5_MIN,MKT_SUB_LNODEONC,Node,55.93882,53.96375,0.0,1.97507,0.0
2025-10-05 21:35:00-07:00,2025-10-06 04:35:00+00:00,2025-10-05 21:40:00-07:00,2025-10-06 04:40:00+00:00,REAL_TIME_5_MIN,SCEW_2_PDRP89-APND,AP Node,54.70818,53.96375,2.54028,-1.79585,0.0
2025-10-05 21:40:00-07:00,2025-10-06 04:40:00+00:00,2025-10-05 21:45:00-07:00,2025-10-06 04:45:00+00:00,REAL_TIME_5_MIN,ANAHEIM_6_N001,Node,52.73142,53.08299,1.54349,-1.89506,0.0
2025-10-05 21:40:00-07:00,2025-10-06 04:40:00+00:00,2025-10-05 21:45:00-07:00,2025-10-06 04:45:00+00:00,REAL_TIME_5_MIN,MKT_SUB_LNODEONC,Node,55.02583,53.08299,0.0,1.94284,0.0
2025-10-05 21:40:00-07:00,2025-10-06 04:40:00+00:00,2025-10-05 21:45:00-07:00,2025-10-06 04:45:00+00:00,REAL_TIME_5_MIN,SCEW_2_PDRP89-APND,AP Node,53.22471,53.08299,1.90826,-1.76654,0.0
2025-10-05 21:45:00-07:00,2025-10-06 04:45:00+00:00,2025-10-05 21:50:00-07:00,2025-10-06 04:50:00+00:00,REAL_TIME_5_MIN,ANAHEIM_6_N001,Node,50.17653,50.45074,1.37553,-1.64974,0.0
2025-10-05 21:45:00-07:00,2025-10-06 04:45:00+00:00,2025-10-05 21:50:00-07:00,2025-10-06 04:50:00+00:00,REAL_TIME_5_MIN,MKT_SUB_LNODEONC,Node,52.35778,50.45074,0.0,1.90704,0.0
2025-10-05 21:45:00-07:00,2025-10-06 04:45:00+00:00,2025-10-05 21:50:00-07:00,2025-10-06 04:50:00+00:00,REAL_TIME_5_MIN,SCEW_2_PDRP89-APND,AP Node,50.62283,50.45074,1.70789,-1.5358,0.0
2025-10-05 21:50:00-07:00,2025-10-06 04:50:00+00:00,2025-10-05 21:55:00-07:00,2025-10-06 04:55:00+00:00,REAL_TIME_5_MIN,ANAHEIM_6_N001,Node,51.37312,51.70887,1.35512,-1.69088,0.0
2025-10-05 21:50:00-07:00,2025-10-06 04:50:00+00:00,2025-10-05 21:55:00-07:00,2025-10-06 04:55:00+00:00,REAL_TIME_5_MIN,MKT_SUB_LNODEONC,Node,53.66347,51.70887,0.0,1.9546,0.0
2025-10-05 21:50:00-07:00,2025-10-06 04:50:00+00:00,2025-10-05 21:55:00-07:00,2025-10-06 04:55:00+00:00,REAL_TIME_5_MIN,SCEW_2_PDRP89-APND,AP Node,51.81733,51.70887,1.68255,-1.5741,0.0
2025-10-05 21:55:00-07:00,2025-10-06 04:55:00+00:00,2025-10-05 22:00:00-07:00,2025-10-06 05:00:00+00:00,REAL_TIME_5_MIN,ANAHEIM_6_N001,Node,50.89612,51.37466,1.2014,-1.67995,0.0
2025-10-05 21:55:00-07:00,2025-10-06 04:55:00+00:00,2025-10-05 22:00:00-07:00,2025-10-06 05:00:00+00:00,REAL_TIME_5_MIN,MKT_SUB_LNODEONC,Node,53.31663,51.37466,0.0,1.94196,0.0
2025-10-05 21:55:00-07:00,2025-10-06 04:55:00+00:00,2025-10-05 22:00:00-07:00,2025-10-06 05:00:00+00:00,REAL_TIME_5_MIN,SCEW_2_PDRP89-APND,AP Node,51.30243,51.37466,1.49169,-1.56392,0.0
2025-10-05 22:00:00-07:00,2025-10-06 05:00:00+00:00,2025-10-05 22:05:00-07:00,2025-10-06 05:05:00+00:00,REAL_TIME_5_MIN,ANAHEIM_6_N001,Node,56.58077,57.0402,1.8507,-2.31013,0.0
2025-10-05 22:00:00-07:00,2025-10-06 05:00:00+00:00,2025-10-05 22:05:00-07:00,2025-10-06 05:05:00+00:00,REAL_TIME_5_MIN,MKT_SUB_LNODEONC,Node,59.34462,57.0402,0.0,2.30442,0.0
2025-10-05 22:00:00-07:00,2025-10-06 05:00:00+00:00,2025-10-05 22:05:00-07:00,2025-10-06 05:05:00+00:00,REAL_TIME_5_MIN,SCEW_2_PDRP89-APND,AP Node,57.14731,57.0402,2.29787,-2.19076,0.0
2025-10-05 22:05:00-07:00,2025-10-06 05:05:00+00:00,2025-10-05 22:10:00-07:00,2025-10-06 05:10:00+00:00,REAL_TIME_5_MIN,ANAHEIM_6_N001,Node,56.6024,56.84412,2.06047,-2.30219,0.0
2025-10-05 22:05:00-07:00,2025-10-06 05:05:00+00:00,2025-10-05 22:10:00-07:00,2025-10-06 05:10:00+00:00,REAL_TIME_5_MIN,MKT_SUB_LNODEONC,Node,59.14062,56.84412,0.0,2.2965,0.0
2025-10-05 22:05:00-07:00,2025-10-06 05:05:00+00:00,2025-10-05 22:10:00-07:00,2025-10-06 05:10:00+00:00,REAL_TIME_5_MIN,SCEW_2_PDRP89-APND,AP Node,57.21922,56.84412,2.55833,-2.18323,0.0
2025-10-05 22:10:00-07:00,2025-10-06 05:10:00+00:00,2025-10-05 22:15:00-07:00,2025-10-06 05:15:00+00:00,REAL_TIME_5_MIN,ANAHEIM_6_N001,Node,54.91833,55.72065,1.45437,-2.25669,0.0
2025-10-05 22:10:00-07:00,2025-10-06 05:10:00+00:00,2025-10-05 22:15:00-07:00,2025-10-06 05:15:00+00:00,REAL_TIME_5_MIN,MKT_SUB_LNODEONC,Node,57.97051,55.72065,-0.0012,2.25107,0.0
2025-10-05 22:10:00-07:00,2025-10-06 05:10:00+00:00,2025-10-05 22:15:00-07:00,2025-10-06 05:15:00+00:00,REAL_TIME_5_MIN,SCEW_2_PDRP89-APND,AP Node,55.38635,55.72065,1.80578,-2.14008,0.0
2025-10-05 22:15:00-07:00,2025-10-06 05:15:00+00:00,2025-10-05 22:20:00-07:00,2025-10-06 05:20:00+00:00,REAL_TIME_5_MIN,ANAHEIM_6_N001,Node,53.83438,54.42196,1.42059,-2.00817,0.0
2025-10-05 22:15:00-07:00,2025-10-06 05:15:00+00:00,2025-10-05 22:20:00-07:00,2025-10-06 05:20:00+00:00,REAL_TIME_5_MIN,MKT_SUB_LNODEONC,Node,56.69011,54.42196,-0.0012,2.26935,0.0
2025-10-05 22:15:00-07:00,2025-10-06 05:15:00+00:00,2025-10-05 22:20:00-07:00,2025-10-06 05:20:00+00:00,REAL_TIME_5_MIN,SCEW_2_PDRP89-APND,AP Node,54.29167,54.42196,1.76383,-1.89413,0.0
2025-10-05 22:20:00-07:00,2025-10-06 05:20:00+00:00,2025-10-05 22:25:00-07:00,2025-10-06 05:25:00+00:00,REAL_TIME_5_MIN,ANAHEIM_6_N001,Node,55.84071,56.442,1.48142,-2.08271,0.0
2025-10-05 22:20:00-07:00,2025-10-06 05:20:00+00:00,2025-10-05 22:25:00-07:00,2025-10-06 05:25:00+00:00,REAL_TIME_5_MIN,MKT_SUB_LNODEONC,Node,58.79438,56.442,-0.0012,2.35358,0.0
2025-10-05 22:20:00-07:00,2025-10-06 05:20:00+00:00,2025-10-05 22:25:00-07:00,2025-10-06 05:25:00+00:00,REAL_TIME_5_MIN,SCEW_2_PDRP89-APND,AP Node,56.31693,56.442,1.83937,-1.96443,0.0
2025-10-05 22:25:00-07:00,2025-10-06 05:25:00+00:00,2025-10-05 22:30:00-07:00,2025-10-06 05:30:00+00:00,REAL_TIME_5_MIN,ANAHEIM_6_N001,Node,54.88386,55.73083,1.2095,-2.05647,0.0
2025-10-05 22:25:00-07:00,2025-10-06 05:25:00+00:00,2025-10-05 22:30:00-07:00,2025-10-06 05:30:00+00:00,REAL_TIME_5_MIN,MKT_SUB_LNODEONC,Node,58.05355,55.73083,-0.0012,2.32393,0.0
2025-10-05 22:25:00-07:00,2025-10-06 05:25:00+00:00,2025-10-05 22:30:00-07:00,2025-10-06 05:30:00+00:00,REAL_TIME_5_MIN,SCEW_2_PDRP89-APND,AP Node,55.29289,55.73083,1.50175,-1.93968,0.0
2025-10-05 22:30:00-07:00,2025-10-06 05:30:00+00:00,2025-10-05 22:35:00-07:00,2025-10-06 05:35:00+00:00,REAL_TIME_5_MIN,ANAHEIM_6_N001,Node,54.60143,55.23344,1.43373,-2.06573,0.0
2025-10-05 22:30:00-07:00,2025-10-06 05:30:00+00:00,2025-10-05 22:35:00-07:00,2025-10-06 05:35:00+00:00,REAL_TIME_5_MIN,MKT_SUB_LNODEONC,Node,57.41943,55.23344,-0.0012,2.1872,0.0
2025-10-05 22:30:00-07:00,2025-10-06 05:30:00+00:00,2025-10-05 22:35:00-07:00,2025-10-06 05:35:00+00:00,REAL_TIME_5_MIN,SCEW_2_PDRP89-APND,AP Node,55.04034,55.23344,1.78015,-1.97325,0.0
2025-10-05 22:35:00-07:00,2025-10-06 05:35:00+00:00,2025-10-05 22:40:00-07:00,2025-10-06 05:40:00+00:00,REAL_TIME_5_MIN,ANAHEIM_6_N001,Node,52.34166,54.3753,0.0,-2.03364,0.0
2025-10-05 22:35:00-07:00,2025-10-06 05:35:00+00:00,2025-10-05 22:40:00-07:00,2025-10-06 05:40:00+00:00,REAL_TIME_5_MIN,MKT_SUB_LNODEONC,Node,56.52732,54.3753,-0.0012,2.15321,0.0
2025-10-05 22:35:00-07:00,2025-10-06 05:35:00+00:00,2025-10-05 22:40:00-07:00,2025-10-06 05:40:00+00:00,REAL_TIME_5_MIN,SCEW_2_PDRP89-APND,AP Node,52.43271,54.3753,0.0,-1.94259,0.0
2025-10-05 22:40:00-07:00,2025-10-06 05:40:00+00:00,2025-10-05 22:45:00-07:00,2025-10-06 05:45:00+00:00,REAL_TIME_5_MIN,ANAHEIM_6_N001,Node,52.1605,54.18709,0.0,-2.0266,0.0
2025-10-05 22:40:00-07:00,2025-10-06 05:40:00+00:00,2025-10-05 22:45:00-07:00,2025-10-06 05:45:00+00:00,REAL_TIME_5_MIN,MKT_SUB_LNODEONC,Node,56.33166,54.18709,-0.0012,2.14576,0.0
2025-10-05 22:40:00-07:00,2025-10-06 05:40:00+00:00,2025-10-05 22:45:00-07:00,2025-10-06 05:45:00+00:00,REAL_TIME_5_MIN,SCEW_2_PDRP89-APND,AP Node,52.25123,54.18709,0.0,-1.93587,0.0
2025-10-05 22:45:00-07:00,2025-10-06 05:45:00+00:00,2025-10-05 22:50:00-07:00,2025-10-06 05:50:00+00:00,REAL_TIME_5_MIN,ANAHEIM_6_N001,Node,52.05617,54.00052,0.01046,-1.95482,0.0
2025-10-05 22:45:00-07:00,2025-10-06 05:45:00+00:00,2025-10-05 22:50:00-07:00,2025-10-06 05:50:00+00:00,REAL_TIME_5_MIN,MKT_SUB_LNODEONC,Node,56.1053,54.00052,-0.0012,2.10597,0.0
2025-10-05 22:45:00-07:00,2025-10-06 05:45:00+00:00,2025-10-05 22:50:00-07:00,2025-10-06 05:50:00+00:00,REAL_TIME_5_MIN,SCEW_2_PDRP89-APND,AP Node,52.14056,54.00052,0.01299,-1.87295,0.0
2025-10-05 22:50:00-07:00,2025-10-06 05:50:00+00:00,2025-10-05 22:55:00-07:00,2025-10-06 05:55:00+00:00,REAL_TIME_5_MIN,ANAHEIM_6_N001,Node,51.99828,53.95132,0.0,-1.95304,0.0
2025-10-05 22:50:00-07:00,2025-10-06 05:50:00+00:00,2025-10-05 22:55:00-07:00,2025-10-06 05:55:00+00:00,REAL_TIME_5_MIN,MKT_SUB_LNODEONC,Node,56.05417,53.95132,-0.0012,2.10405,0.0
2025-10-05 22:50:00-07:00,2025-10-06 05:50:00+00:00,2025-10-05 22:55:00-07:00,2025-10-06 05:55:00+00:00,REAL_TIME_5_MIN,SCEW_2_PDRP89-APND,AP Node,52.08008,53.95132,0.0,-1.87124,0.0
2025-10-05 22:55:00-07:00,2025-10-06 05:55:00+00:00,2025-10-05 23:00:00-07:00,2025-10-06 06:00:00+00:00,REAL_TIME_5_MIN,ANAHEIM_6_N001,Node,51.97199,53.92404,0.0,-1.95205,0.0
2025-10-05 22:55:00-07:00,2025-10-06 05:55:00+00:00,2025-10-05 23:00:00-07:00,2025-10-06 06:00:00+00:00,REAL_TIME_5_MIN,MKT_SUB_LNODEONC,Node,56.02583,53.92404,-0.0012,2.10299,0.0
2025-10-05 22:55:00-07:00,2025-10-06 05:55:00+00:00,2025-10-05 23:00:00-07:00,2025-10-06 06:00:00+00:00,REAL_TIME_5_MIN,SCEW_2_PDRP89-APND,AP Node,52.05374,53.92404,0.0,-1.87029,0.0
2025-10-05 23:00:00-07:00,2025-10-06 06:00:00+00:00,2025-10-05 23:05:00-07:00,2025-10-06 06:05:00+00:00,REAL_TIME_5_MIN,ANAHEIM_6_N001,Node,54.18097,54.90573,1.15851,-1.88327,0.0
2025-10-05 23:00:00-07:00,2025-10-06 06:00:00+00:00,2025-10-05 23:05:00-07:00,2025-10-06 06:05:00+00:00,REAL_TIME_5_MIN,MKT_SUB_LNODEONC,Node,57.35452,54.90573,0.0,2.4488,0.0
2025-10-05 23:00:00-07:00,2025-10-06 06:00:00+00:00,2025-10-05 23:05:00-07:00,2025-10-06 06:05:00+00:00,REAL_TIME_5_MIN,SCEW_2_PDRP89-APND,AP Node,54.54693,54.90573,1.4323,-1.7911,0.0
2025-10-05 23:05:00-07:00,2025-10-06 06:05:00+00:00,2025-10-05 23:10:00-07:00,2025-10-06 06:10:00+00:00,REAL_TIME_5_MIN,ANAHEIM_6_N001,Node,54.40331,55.10331,1.19004,-1.89004,0.0
2025-10-05 23:05:00-07:00,2025-10-06 06:05:00+00:00,2025-10-05 23:10:00-07:00,2025-10-06 06:10:00+00:00,REAL_TIME_5_MIN,MKT_SUB_LNODEONC,Node,57.55967,55.10331,-0.0012,2.45755,0.0
2025-10-05 23:05:00-07:00,2025-10-06 06:05:00+00:00,2025-10-05 23:10:00-07:00,2025-10-06 06:10:00+00:00,REAL_TIME_5_MIN,SCEW_2_PDRP89-APND,AP Node,54.77705,55.10331,1.47128,-1.79754,0.0
2025-10-05 23:10:00-07:00,2025-10-06 06:10:00+00:00,2025-10-05 23:15:00-07:00,2025-10-06 06:15:00+00:00,REAL_TIME_5_MIN,ANAHEIM_6_N001,Node,54.96264,56.12962,0.75827,-1.92525,0.0
2025-10-05 23:10:00-07:00,2025-10-06 06:10:00+00:00,2025-10-05 23:15:00-07:00,2025-10-06 06:15:00+00:00,REAL_TIME_5_MIN,MKT_SUB_LNODEONC,Node,58.63175,56.12962,-0.0012,2.50333,0.0
2025-10-05 23:10:00-07:00,2025-10-06 06:10:00+00:00,2025-10-05 23:15:00-07:00,2025-10-06 06:15:00+00:00,REAL_TIME_5_MIN,SCEW_2_PDRP89-APND,AP Node,55.23606,56.12962,0.93747,-1.83102,0.0
2025-10-05 23:15:00-07:00,2025-10-06 06:15:00+00:00,2025-10-05 23:20:00-07:00,2025-10-06 06:20:00+00:00,REAL_TIME_5_MIN,ANAHEIM_6_N001,Node,55.14119,56.0889,0.88079,-1.8285,0.0
2025-10-05 23:15:00-07:00,2025-10-06 06:15:00+00:00,2025-10-05 23:20:00-07:00,2025-10-06 06:20:00+00:00,REAL_TIME_5_MIN,MKT_SUB_LNODEONC,Node,58.73504,56.0889,-0.0012,2.64734,0.0
2025-10-05 23:15:00-07:00,2025-10-06 06:15:00+00:00,2025-10-05 23:20:00-07:00,2025-10-06 06:20:00+00:00,REAL_TIME_5_MIN,SCEW_2_PDRP89-APND,AP Node,55.44533,56.0889,1.08895,-1.73251,0.0
2025-10-05 23:20:00-07:00,2025-10-06 06:20:00+00:00,2025-10-05 23:25:00-07:00,2025-10-06 06:25:00+00:00,REAL_TIME_5_MIN,ANAHEIM_6_N001,Node,55.55393,55.8384,1.53586,-1.82033,0.0
2025-10-05 23:20:00-07:00,2025-10-06 06:20:00+00:00,2025-10-05 23:25:00-07:00,2025-10-06 06:25:00+00:00,REAL_TIME_5_MIN,MKT_SUB_LNODEONC,Node,58.47272,55.8384,-0.0012,2.63552,0.0
2025-10-05 23:20:00-07:00,2025-10-06 06:20:00+00:00,2025-10-05 23:25:00-07:00,2025-10-06 06:25:00+00:00,REAL_TIME_5_MIN,SCEW_2_PDRP89-APND,AP Node,56.01245,55.8384,1.89883,-1.72477,0.0
2025-10-05 23:25:00-07:00,2025-10-06 06:25:00+00:00,2025-10-05 23:30:00-07:00,2025-10-06 06:30:00+00:00,REAL_TIME_5_MIN,ANAHEIM_6_N001,Node,56.36291,56.978,1.24239,-1.85748,0.0
2025-10-05 23:25:00-07:00,2025-10-06 06:25:00+00:00,2025-10-05 23:30:00-07:00,2025-10-06 06:30:00+00:00,REAL_TIME_5_MIN,MKT_SUB_LNODEONC,Node,59.66611,56.978,-0.0012,2.68931,0.0
2025-10-05 23:25:00-07:00,2025-10-06 06:25:00+00:00,2025-10-05 23:30:00-07:00,2025-10-06 06:30:00+00:00,REAL_TIME_5_MIN,SCEW_2_PDRP89-APND,AP Node,56.75403,56.978,1.536,-1.75997,0.0
2025-10-05 23:30:00-07:00,2025-10-06 06:30:00+00:00,2025-10-05 23:35:00-07:00,2025-10-06 06:35:00+00:00,REAL_TIME_5_MIN,ANAHEIM_6_N001,Node,54.33029,55.50938,0.5306,-1.70969,0.0
2025-10-05 23:30:00-07:00,2025-10-06 06:30:00+00:00,2025-10-05 23:35:00-07:00,2025-10-06 06:35:00+00:00,REAL_TIME_5_MIN,MKT_SUB_LNODEONC,Node,57.85062,55.50938,-0.0012,2.34245,0.0
2025-10-05 23:30:00-07:00,2025-10-06 06:30:00+00:00,2025-10-05 23:35:00-07:00,2025-10-06 06:35:00+00:00,REAL_TIME_5_MIN,SCEW_2_PDRP89-APND,AP Node,54.55002,55.50938,0.65881,-1.61817,0.0
2025-10-05 23:35:00-07:00,2025-10-06 06:35:00+00:00,2025-10-05 23:40:00-07:00,2025-10-06 06:40:00+00:00,REAL_TIME_5_MIN,ANAHEIM_6_N001,Node,54.84496,55.92171,0.64564,-1.72239,0.0
2025-10-05 23:35:00-07:00,2025-10-06 06:35:00+00:00,2025-10-05 23:40:00-07:00,2025-10-06 06:40:00+00:00,REAL_TIME_5_MIN,MKT_SUB_LNODEONC,Node,58.28035,55.92171,-0.0012,2.35985,0.0
2025-10-05 23:35:00-07:00,2025-10-06 06:35:00+00:00,2025-10-05 23:40:00-07:00,2025-10-06 06:40:00+00:00,REAL_TIME_5_MIN,SCEW_2_PDRP89-APND,AP Node,55.09316,55.92171,0.80164,-1.63019,0.0
2025-10-05 23:40:00-07:00,2025-10-06 06:40:00+00:00,2025-10-05 23:45:00-07:00,2025-10-06 06:45:00+00:00,REAL_TIME_5_MIN,ANAHEIM_6_N001,Node,51.87245,53.15052,0.35897,-1.63704,0.0
2025-10-05 23:40:00-07:00,2025-10-06 06:40:00+00:00,2025-10-05 23:45:00-07:00,2025-10-06 06:45:00+00:00,REAL_TIME_5_MIN,MKT_SUB_LNODEONC,Node,55.39222,53.15052,-0.0012,2.2429,0.0
2025-10-05 23:40:00-07:00,2025-10-06 06:40:00+00:00,2025-10-05 23:45:00-07:00,2025-10-06 06:45:00+00:00,REAL_TIME_5_MIN,SCEW_2_PDRP89-APND,AP Node,52.04682,53.15052,0.4457,-1.5494,0.0
2025-10-05 23:45:00-07:00,2025-10-06 06:45:00+00:00,2025-10-05 23:50:00-07:00,2025-10-06 06:50:00+00:00,REAL_TIME_5_MIN,ANAHEIM_6_N001,Node,51.82426,53.53067,0.00657,-1.71298,0.0
2025-10-05 23:45:00-07:00,2025-10-06 06:45:00+00:00,2025-10-05 23:50:00-07:00,2025-10-06 06:50:00+00:00,REAL_TIME_5_MIN,MKT_SUB_LNODEONC,Node,55.76165,53.53067,-0.0012,2.23218,0.0
2025-10-05 23:45:00-07:00,2025-10-06 06:45:00+00:00,2025-10-05 23:50:00-07:00,2025-10-06 06:50:00+00:00,REAL_TIME_5_MIN,SCEW_2_PDRP89-APND,AP Node,51.90901,53.53067,0.00816,-1.62982,0.0
2025-10-05 23:50:00-07:00,2025-10-06 06:50:00+00:00,2025-10-05 23:55:00-07:00,2025-10-06 06:55:00+00:00,REAL_TIME_5_MIN,ANAHEIM_6_N001,Node,50.18395,51.57074,0.26348,-1.65026,0.0
2025-10-05 23:50:00-07:00,2025-10-06 06:50:00+00:00,2025-10-05 23:55:00-07:00,2025-10-06 06:55:00+00:00,REAL_TIME_5_MIN,MKT_SUB_LNODEONC,Node,53.71999,51.57074,-0.0012,2.15045,0.0
2025-10-05 23:50:00-07:00,2025-10-06 06:50:00+00:00,2025-10-05 23:55:00-07:00,2025-10-06 06:55:00+00:00,REAL_TIME_5_MIN,SCEW_2_PDRP89-APND,AP Node,50.32773,51.57074,0.32714,-1.57015,0.0
2025-10-05 23:55:00-07:00,2025-10-06 06:55:00+00:00,2025-10-06 00:00:00-07:00,2025-10-06 07:00:00+00:00,REAL_TIME_5_MIN,ANAHEIM_6_N001,Node,50.00785,51.56944,0.08864,-1.65022,0.0
2025-10-05 23:55:00-07:00,2025-10-06 06:55:00+00:00,2025-10-06 00:00:00-07:00,2025-10-06 07:00:00+00:00,REAL_TIME_5_MIN,MKT_SUB_LNODEONC,Node,53.71863,51.56944,-0.0012,2.1504,0.0
2025-10-05 23:55:00-07:00,2025-10-06 06:55:00+00:00,2025-10-06 00:00:00-07:00,2025-10-06 07:00:00+00:00,REAL_TIME_5_MIN,SCEW_2_PDRP89-APND,AP Node,50.10938,51.56944,0.11005,-1.57011,0.0
2025-10-05 00:00:00-07:00,2025-10-05 07:00:00+00:00,2025-10-05 00:05:00-07:00,2025-10-05 07:05:00+00:00,REAL_TIME_5_MIN,URBAN_6_N001,Node,43.48792,45.0198,-0.0012,-1.53067,0.0
2025-10-05 00:05:00-07:00,2025-10-05 07:05:00+00:00,2025-10-05 00:10:00-07:00,2025-10-05 07:10:00+00:00,REAL_TIME_5_MIN,URBAN_6_N001,Node,42.69822,44.20106,0.0,-1.50284,0.0
2025-10-05 00:10:00-07:00,2025-10-05 07:10:00+00:00,2025-10-05 00:15:00-07:00,2025-10-05 07:15:00+00:00,REAL_TIME_5_MIN,URBAN_6_N001,Node,42.10986,43.59719,-0.00503,-1.4823,0.0
2025-10-05 00:15:00-07:00,2025-10-05 07:15:00+00:00,2025-10-05 00:20:00-07:00,2025-10-05 07:20:00+00:00,REAL_TIME_5_MIN,URBAN_6_N001,Node,39.12018,39.12518,-0.005,0.0,0.0
2025-10-05 00:20:00-07:00,2025-10-05 07:20:00+00:00,2025-10-05 00:25:00-07:00,2025-10-05 07:25:00+00:00,REAL_TIME_5_MIN,URBAN_6_N001,Node,40.42235,40.42475,-0.0024,0.0,0.0
2025-10-05 00:25:00-07:00,2025-10-05 07:25:00+00:00,2025-10-05 00:30:00-07:00,2025-10-05 07:30:00+00:00,REAL_TIME_5_MIN,URBAN_6_N001,Node,40.97,40.97,0.0,0.0,0.0
2025-10-05 00:30:00-07:00,2025-10-05 07:30:00+00:00,2025-10-05 00:35:00-07:00,2025-10-05 07:35:00+00:00,REAL_TIME_5_MIN,URBAN_6_N001,Node,42.15245,42.1536,-0.00115,0.0,0.0
2025-10-05 00:35:00-07:00,2025-10-05 07:35:00+00:00,2025-10-05 00:40:00-07:00,2025-10-05 07:40:00+00:00,REAL_TIME_5_MIN,URBAN_6_N001,Node,40.9675,40.96865,-0.00115,0.0,0.0
2025-10-05 00:40:00-07:00,2025-10-05 07:40:00+00:00,2025-10-05 00:45:00-07:00,2025-10-05 07:45:00+00:00,REAL_TIME_5_MIN,URBAN_6_N001,Node,37.88506,37.88851,-0.00345,0.0,0.0
2025-10-05 00:45:00-07:00,2025-10-05 07:45:00+00:00,2025-10-05 00:50:00-07:00,2025-10-05 07:50:00+00:00,REAL_TIME_5_MIN,URBAN_6_N001,Node,37.76957,37.77464,-0.00507,0.0,0.0
2025-10-05 00:50:00-07:00,2025-10-05 07:50:00+00:00,2025-10-05 00:55:00-07:00,2025-10-05 07:55:00+00:00,REAL_TIME_5_MIN,URBAN_6_N001,Node,37.10712,37.11219,-0.00507,0.0,0.0
2025-10-05 00:55:00-07:00,2025-10-05 07:55:00+00:00,2025-10-05 01:00:00-07:00,2025-10-05 08:00:00+00:00,REAL_TIME_5_MIN,URBAN_6_N001,Node,37.75414,37.75921,-0.00507,0.0,0.0
2025-10-05 01:00:00-07:00,2025-10-05 08:00:00+00:00,2025-10-05 01:05:00-07:00,2025-10-05 08:05:00+00:00,REAL_TIME_5_MIN,URBAN_6_N001,Node,40.69574,40.69574,0.0,0.0,0.0
2025-10-05 01:05:00-07:00,2025-10-05 08:05:00+00:00,2025-10-05 01:10:00-07:00,2025-10-05 08:10:00+00:00,REAL_TIME_5_MIN,URBAN_6_N001,Node,40.41691,40.41691,0.0,0.0,0.0
2025-10-05 01:10:00-07:00,2025-10-05 08:10:00+00:00,2025-10-05 01:15:00-07:00,2025-10-05 08:15:00+00:00,REAL_TIME_5_MIN,URBAN_6_N001,Node,38.89333,38.89333,0.0,0.0,0.0
2025-10-05 01:15:00-07:00,2025-10-05 08:15:00+00:00,2025-10-05 01:20:00-07:00,2025-10-05 08:20:00+00:00,REAL_TIME_5_MIN,URBAN_6_N001,Node,39.78206,39.78321,-0.00115,0.0,0.0
2025-10-05 01:20:00-07:00,2025-10-05 08:20:00+00:00,2025-10-05 01:25:00-07:00,2025-10-05 08:25:00+00:00,REAL_TIME_5_MIN,URBAN_6_N001,Node,38.68765,38.6888,-0.00115,0.0,0.0
2025-10-05 01:25:00-07:00,2025-10-05 08:25:00+00:00,2025-10-05 01:30:00-07:00,2025-10-05 08:30:00+00:00,REAL_TIME_5_MIN,URBAN_6_N001,Node,38.88889,38.88889,0.0,0.0,0.0
2025-10-05 01:30:00-07:00,2025-10-05 08:30:00+00:00,2025-10-05 01:35:00-07:00,2025-10-05 08:35:00+00:00,REAL_TIME_5_MIN,URBAN_6_N001,Node,38.4218,38.4264,-0.0046,0.0,0.0
2025-10-05 01:35:00-07:00,2025-10-05 08:35:00+00:00,2025-10-05 01:40:00-07:00,2025-10-05 08:40:00+00:00,REAL_TIME_5_MIN,URBAN_6_N001,Node,38.29383,38.29843,-0.0046,0.0,0.0
2025-10-05 01:40:00-07:00,2025-10-05 08:40:00+00:00,2025-10-05 01:45:00-07:00,2025-10-05 08:45:00+00:00,REAL_TIME_5_MIN,URBAN_6_N001,Node,37.95323,37.95783,-0.0046,0.0,0.0
2025-10-05 01:45:00-07:00,2025-10-05 08:45:00+00:00,2025-10-05 01:50:00-07:00,2025-10-05 08:50:00+00:00,REAL_TIME_5_MIN,URBAN_6_N001,Node,37.76957,37.77417,-0.0046,0.0,0.0
2025-10-05 01:50:00-07:00,2025-10-05 08:50:00+00:00,2025-10-05 01:55:00-07:00,2025-10-05 08:55:00+00:00,REAL_TIME_5_MIN,URBAN_6_N001,Node,37.3278,37.3324,-0.0046,0.0,0.0
2025-10-05 01:55:00-07:00,2025-10-05 08:55:00+00:00,2025-10-05 02:00:00-07:00,2025-10-05 09:00:00+00:00,REAL_TIME_5_MIN,URBAN_6_N001,Node,37.86875,37.87335,-0.0046,0.0,0.0
2025-10-05 02:00:00-07:00,2025-10-05 09:00:00+00:00,2025-10-05 02:05:00-07:00,2025-10-05 09:05:00+00:00,REAL_TIME_5_MIN,URBAN_6_N001,Node,39.77,39.77115,-0.00115,0.0,0.0
2025-10-05 02:05:00-07:00,2025-10-05 09:05:00+00:00,2025-10-05 02:10:00-07:00,2025-10-05 09:10:00+00:00,REAL_TIME_5_MIN,URBAN_6_N001,Node,39.77,39.77115,-0.00115,0.0,0.0
2025-10-05 02:10:00-07:00,2025-10-05 09:10:00+00:00,2025-10-05 02:15:00-07:00,2025-10-05 09:15:00+00:00,REAL_TIME_5_MIN,URBAN_6_N001,Node,39.9034,39.9057,-0.0023,0.0,0.0
2025-10-05 02:15:00-07:00,2025-10-05 09:15:00+00:00,2025-10-05 02:20:00-07:00,2025-10-05 09:20:00+00:00,REAL_TIME_5_MIN,URBAN_6_N001,Node,39.2424,39.2424,0.0,0.0,0.0
2025-10-05 02:20:00-07:00,2025-10-05 09:20:00+00:00,2025-10-05 02:25:00-07:00,2025-10-05 09:25:00+00:00,REAL_TIME_5_MIN,URBAN_6_N001,Node,39.2424,39.2424,0.0,0.0,0.0
2025-10-05 02:25:00-07:00,2025-10-05 09:25:00+00:00,2025-10-05 02:30:00-07:00,2025-10-05 09:30:00+00:00,REAL_TIME_5_MIN,URBAN_6_N001,Node,39.41105,39.41105,0.0,0.0,0.0
2025-10-05 02:30:00-07:00,2025-10-05 09:30:00+00:00,2025-10-05 02:35:00-07:00,2025-10-05 09:35:00+00:00,REAL_TIME_5_MIN,URBAN_6_N001,Node,38.8524,38.8524,0.0,0.0,0.0
2025-10-05 02:35:00-07:00,2025-10-05 09:35:00+00:00,2025-10-05 02:40:00-07:00,2025-10-05 09:40:00+00:00,REAL_TIME_5_MIN,URBAN_6_N001,Node,38.9724,38.9724,0.0,0.0,0.0
2025-10-05 02:40:00-07:00,2025-10-05 09:40:00+00:00,2025-10-05 02:45:00-07:00,2025-10-05 09:45:00+00:00,REAL_TIME_5_MIN,URBAN_6_N001,Node,39.2424,39.2424,0.0,0.0,0.0
2025-10-05 02:45:00-07:00,2025-10-05 09:45:00+00:00,2025-10-05 02:50:00-07:00,2025-10-05 09:50:00+00:00,REAL_TIME_5_MIN,URBAN_6_N001,Node,39.08444,39.08444,0.0,0.0,0.0
2025-10-05 02:50:00-07:00,2025-10-05 09:50:00+00:00,2025-10-05 02:55:00-07:00,2025-10-05 09:55:00+00:00,REAL_TIME_5_MIN,URBAN_6_N001,Node,38.42637,38.42637,0.0,0.0,0.0
2025-10-05 02:55:00-07:00,2025-10-05 09:55:00+00:00,2025-10-05 03:00:00-07:00,2025-10-05 10:00:00+00:00,REAL_TIME_5_MIN,URBAN_6_N001,Node,39.5676,39.5676,0.0,0.0,0.0
2025-10-05 03:00:00-07:00,2025-10-05 10:00:00+00:00,2025-10-05 03:05:00-07:00,2025-10-05 10:05:00+00:00,REAL_TIME_5_MIN,URBAN_6_N001,Node,40.11,40.11,0.0,0.0,0.0
2025-10-05 03:05:00-07:00,2025-10-05 10:05:00+00:00,2025-10-05 03:10:00-07:00,2025-10-05 10:10:00+00:00,REAL_TIME_5_MIN,URBAN_6_N001,Node,40.4024,40.4024,0.0,0.0,0.0
2025-10-05 03:10:00-07:00,2025-10-05 10:10:00+00:00,2025-10-05 03:15:00-07:00,2025-10-05 10:15:00+00:00,REAL_TIME_5_MIN,URBAN_6_N001,Node,41.3,41.3,0.0,0.0,0.0
2025-10-05 03:15:00-07:00,2025-10-05 10:15:00+00:00,2025-10-05 03:20:00-07:00,2025-10-05 10:20:00+00:00,REAL_TIME_5_MIN,URBAN_6_N001,Node,41.3,41.3,0.0,0.0,0.0
2025-10-05 03:20:00-07:00,2025-10-05 10:20:00+00:00,2025-10-05 03:25:00-07:00,2025-10-05 10:25:00+00:00,REAL_TIME_5_MIN,URBAN_6_N001,Node,41.2424,41.2424,0.0,0.0,0.0
2025-10-05 03:25:00-07:00,2025-10-05 10:25:00+00:00,2025-10-05 03:30:00-07:00,2025-10-05 10:30:00+00:00,REAL_TIME_5_MIN,URBAN_6_N001,Node,41.3,41.3,0.0,0.0,0.0
2025-10-05 03:30:00-07:00,2025-10-05 10:30:00+00:00,2025-10-05 03:35:00-07:00,2025-10-05 10:35:00+00:00,REAL_TIME_5_MIN,URBAN_6_N001,Node,41.29628,41.29799,-0.0017,0.0,0.0
2025-10-05 03:35:00-07:00,2025-10-05 10:35:00+00:00,2025-10-05 03:40:00-07:00,2025-10-05 10:40:00+00:00,REAL_TIME_5_MIN,URBAN_6_N001,Node,41.3,41.3,0.0,0.0,0.0
2025-10-05 03:40:00-07:00,2025-10-05 10:40:00+00:00,2025-10-05 03:45:00-07:00,2025-10-05 10:45:00+00:00,REAL_TIME_5_MIN,URBAN_6_N001,Node,39.99989,40.005,-0.00511,0.0,0.0
2025-10-05 03:45:00-07:00,2025-10-05 10:45:00+00:00,2025-10-05 03:50:00-07:00,2025-10-05 10:50:00+00:00,REAL_TIME_5_MIN,URBAN_6_N001,Node,39.34089,40.24208,-0.90119,0.0,0.0
2025-10-05 03:50:00-07:00,2025-10-05 10:50:00+00:00,2025-10-05 03:55:00-07:00,2025-10-05 10:55:00+00:00,REAL_TIME_5_MIN,URBAN_6_N001,Node,38.96523,40.03922,-1.074,0.0,0.0
2025-10-05 03:55:00-07:00,2025-10-05 10:55:00+00:00,2025-10-05 04:00:00-07:00,2025-10-05 11:00:00+00:00,REAL_TIME_5_MIN,URBAN_6_N001,Node,40.0,40.598,-0.598,0.0,0.0
2025-10-05 04:00:00-07:00,2025-10-05 11:00:00+00:00,2025-10-05 04:05:00-07:00,2025-10-05 11:05:00+00:00,REAL_TIME_5_MIN,URBAN_6_N001,Node,38.01132,38.90763,-0.89632,0.0,0.0
2025-10-05 04:05:00-07:00,2025-10-05 11:05:00+00:00,2025-10-05 04:10:00-07:00,2025-10-05 11:10:00+00:00,REAL_TIME_5_MIN,URBAN_6_N001,Node,38.64008,39.4724,-0.83232,0.0,0.0
2025-10-05 04:10:00-07:00,2025-10-05 11:10:00+00:00,2025-10-05 04:15:00-07:00,2025-10-05 11:15:00+00:00,REAL_TIME_5_MIN,URBAN_6_N001,Node,39.39114,39.66518,-0.27404,0.0,0.0
2025-10-05 04:15:00-07:00,2025-10-05 11:15:00+00:00,2025-10-05 04:20:00-07:00,2025-10-05 11:20:00+00:00,REAL_TIME_5_MIN,URBAN_6_N001,Node,37.95547,39.66088,0.0,-1.70542,0.0
2025-10-05 04:20:00-07:00,2025-10-05 11:20:00+00:00,2025-10-05 04:25:00-07:00,2025-10-05 11:25:00+00:00,REAL_TIME_5_MIN,URBAN_6_N001,Node,37.95547,39.66088,0.0,-1.70542,0.0
2025-10-05 04:25:00-07:00,2025-10-05 11:25:00+00:00,2025-10-05 04:30:00-07:00,2025-10-05 11:30:00+00:00,REAL_TIME_5_MIN,URBAN_6_N001,Node,38.96894,40.71989,0.0,-1.75096,0.0
2025-10-05 04:30:00-07:00,2025-10-05 11:30:00+00:00,2025-10-05 04:35:00-07:00,2025-10-05 11:35:00+00:00,REAL_TIME_5_MIN,URBAN_6_N001,Node,39.82823,41.68749,0.0,-1.85926,0.0
2025-10-05 04:35:00-07:00,2025-10-05 11:35:00+00:00,2025-10-05 04:40:00-07:00,2025-10-05 11:40:00+00:00,REAL_TIME_5_MIN,URBAN_6_N001,Node,39.78349,41.64067,0.0,-1.85717,0.0
2025-10-05 04:40:00-07:00,2025-10-05 11:40:00+00:00,2025-10-05 04:45:00-07:00,2025-10-05 11:45:00+00:00,REAL_TIME_5_MIN,URBAN_6_N001,Node,40.05607,41.92775,-0.0017,-1.86998,0.0
2025-10-05 04:45:00-07:00,2025-10-05 11:45:00+00:00,2025-10-05 04:50:00-07:00,2025-10-05 11:50:00+00:00,REAL_TIME_5_MIN,URBAN_6_N001,Node,39.74347,41.75712,-0.00514,-2.00852,0.0
2025-10-05 04:50:00-07:00,2025-10-05 11:50:00+00:00,2025-10-05 04:55:00-07:00,2025-10-05 11:55:00+00:00,REAL_TIME_5_MIN,URBAN_6_N001,Node,39.48361,41.48414,-0.00514,-1.99539,0.0
2025-10-05 04:55:00-07:00,2025-10-05 11:55:00+00:00,2025-10-05 05:00:00-07:00,2025-10-05 12:00:00+00:00,REAL_TIME_5_MIN,URBAN_6_N001,Node,39.43905,41.43552,-0.00342,-1.99305,0.0
2025-10-05 05:00:00-07:00,2025-10-05 12:00:00+00:00,2025-10-05 05:05:00-07:00,2025-10-05 12:05:00+00:00,REAL_TIME_5_MIN,URBAN_6_N001,Node,38.89635,40.79504,-0.00172,-1.89697,0.0
2025-10-05 05:05:00-07:00,2025-10-05 12:05:00+00:00,2025-10-05 05:10:00-07:00,2025-10-05 12:10:00+00:00,REAL_TIME_5_MIN,URBAN_6_N001,Node,38.83698,40.73457,-0.00344,-1.89416,0.0
2025-10-05 05:10:00-07:00,2025-10-05 12:10:00+00:00,2025-10-05 05:15:00-07:00,2025-10-05 12:15:00+00:00,REAL_TIME_5_MIN,URBAN_6_N001,Node,38.48872,40.36572,0.0,-1.87701,0.0
2025-10-05 05:15:00-07:00,2025-10-05 12:15:00+00:00,2025-10-05 05:20:00-07:00,2025-10-05 12:20:00+00:00,REAL_TIME_5_MIN,URBAN_6_N001,Node,38.85801,40.59482,-0.00342,-1.7334,0.0
2025-10-05 05:20:00-07:00,2025-10-05 12:20:00+00:00,2025-10-05 05:25:00-07:00,2025-10-05 12:25:00+00:00,REAL_TIME_5_MIN,URBAN_6_N001,Node,38.85444,40.59288,-0.00513,-1.73332,0.0
2025-10-05 05:25:00-07:00,2025-10-05 12:25:00+00:00,2025-10-05 05:30:00-07:00,2025-10-05 12:30:00+00:00,REAL_TIME_5_MIN,URBAN_6_N001,Node,38.04408,40.1518,-0.39324,-1.71448,0.0
2025-10-05 05:30:00-07:00,2025-10-05 12:30:00+00:00,2025-10-05 05:35:00-07:00,2025-10-05 12:35:00+00:00,REAL_TIME_5_MIN,URBAN_6_N001,Node,38.31513,40.8941,-0.78372,-1.79525,0.0
2025-10-05 05:35:00-07:00,2025-10-05 12:35:00+00:00,2025-10-05 05:40:00-07:00,2025-10-05 12:40:00+00:00,REAL_TIME_5_MIN,URBAN_6_N001,Node,38.3328,41.41495,-1.26403,-1.81812,0.0
2025-10-05 05:40:00-07:00,2025-10-05 12:40:00+00:00,2025-10-05 05:45:00-07:00,2025-10-05 12:45:00+00:00,REAL_TIME_5_MIN,URBAN_6_N001,Node,40.53506,42.60266,-0.19734,-1.87026,0.0
2025-10-05 05:45:00-07:00,2025-10-05 12:45:00+00:00,2025-10-05 05:50:00-07:00,2025-10-05 12:50:00+00:00,REAL_TIME_5_MIN,URBAN_6_N001,Node,41.15995,42.93666,-0.00343,-1.77328,0.0
2025-10-05 05:50:00-07:00,2025-10-05 12:50:00+00:00,2025-10-05 05:55:00-07:00,2025-10-05 12:55:00+00:00,REAL_TIME_5_MIN,URBAN_6_N001,Node,42.03177,43.84246,0.0,-1.81069,0.0
2025-10-05 05:55:00-07:00,2025-10-05 12:55:00+00:00,2025-10-05 06:00:00-07:00,2025-10-05 13:00:00+00:00,REAL_TIME_5_MIN,URBAN_6_N001,Node,42.5557,44.38897,0.0,-1.83326,0.0
2025-10-05 06:00:00-07:00,2025-10-05 13:00:00+00:00,2025-10-05 06:05:00-07:00,2025-10-05 13:05:00+00:00,REAL_TIME_5_MIN,URBAN_6_N001,Node,40.7076,42.79605,0.0,-2.08845,0.0
2025-10-05 06:05:00-07:00,2025-10-05 13:05:00+00:00,2025-10-05 06:10:00-07:00,2025-10-05 13:10:00+00:00,REAL_TIME_5_MIN,URBAN_6_N001,Node,40.55073,42.63113,0.0,-2.0804,0.0
2025-10-05 06:10:00-07:00,2025-10-05 13:10:00+00:00,2025-10-05 06:15:00-07:00,2025-10-05 13:15:00+00:00,REAL_TIME_5_MIN,URBAN_6_N001,Node,40.5228,42.60177,0.0,-2.07897,0.0
2025-10-05 06:15:00-07:00,2025-10-05 13:15:00+00:00,2025-10-05 06:20:00-07:00,2025-10-05 13:20:00+00:00,REAL_TIME_5_MIN,URBAN_6_N001,Node,40.52145,42.7036,0.0,-2.18215,0.0
2025-10-05 06:20:00-07:00,2025-10-05 13:20:00+00:00,2025-10-05 06:25:00-07:00,2025-10-05 13:25:00+00:00,REAL_TIME_5_MIN,URBAN_6_N001,Node,41.71225,43.95853,0.0,-2.24628,0.0
2025-10-05 06:25:00-07:00,2025-10-05 13:25:00+00:00,2025-10-05 06:30:00-07:00,2025-10-05 13:30:00+00:00,REAL_TIME_5_MIN,URBAN_6_N001,Node,41.75619,44.00484,0.0,-2.24865,0.0
2025-10-05 06:30:00-07:00,2025-10-05 13:30:00+00:00,2025-10-05 06:35:00-07:00,2025-10-05 13:35:00+00:00,REAL_TIME_5_MIN,URBAN_6_N001,Node,42.55126,44.89003,0.0,-2.33877,0.0
2025-10-05 06:35:00-07:00,2025-10-05 13:35:00+00:00,2025-10-05 06:40:00-07:00,2025-10-05 13:40:00+00:00,REAL_TIME_5_MIN,URBAN_6_N001,Node,42.76365,45.11409,0.0,-2.35044,0.0
2025-10-05 06:40:00-07:00,2025-10-05 13:40:00+00:00,2025-10-05 06:45:00-07:00,2025-10-05 13:45:00+00:00,REAL_TIME_5_MIN,URBAN_6_N001,Node,42.62216,44.96483,0.0,-2.34267,0.0
2025-10-05 06:45:00-07:00,2025-10-05 13:45:00+00:00,2025-10-05 06:50:00-07:00,2025-10-05 13:50:00+00:00,REAL_TIME_5_MIN,URBAN_6_N001,Node,42.73785,45.04307,-0.00351,-2.3017,0.0
2025-10-05 06:50:00-07:00,2025-10-05 13:50:00+00:00,2025-10-05 06:55:00-07:00,2025-10-05 13:55:00+00:00,REAL_TIME_5_MIN,URBAN_6_N001,Node,42.73445,45.04133,-0.00527,-2.30161,0.0
2025-10-05 06:55:00-07:00,2025-10-05 13:55:00+00:00,2025-10-05 07:00:00-07:00,2025-10-05 14:00:00+00:00,REAL_TIME_5_MIN,URBAN_6_N001,Node,42.73445,45.04133,-0.00527,-2.30161,0.0
2025-10-05 07:00:00-07:00,2025-10-05 14:00:00+00:00,2025-10-05 07:05:00-07:00,2025-10-05 14:05:00+00:00,REAL_TIME_5_MIN,URBAN_6_N001,Node,52.40132,55.3165,0.0,-2.91518,0.0
2025-10-05 07:05:00-07:00,2025-10-05 14:05:00+00:00,2025-10-05 07:10:00-07:00,2025-10-05 14:10:00+00:00,REAL_TIME_5_MIN,URBAN_6_N001,Node,52.95943,55.90566,0.0,-2.94623,0.0
2025-10-05 07:10:00-07:00,2025-10-05 14:10:00+00:00,2025-10-05 07:15:00-07:00,2025-10-05 14:15:00+00:00,REAL_TIME_5_MIN,URBAN_6_N001,Node,52.15034,55.05156,0.0,-2.90122,0.0
2025-10-05 07:15:00-07:00,2025-10-05 14:15:00+00:00,2025-10-05 07:20:00-07:00,2025-10-05 14:20:00+00:00,REAL_TIME_5_MIN,URBAN_6_N001,Node,38.57448,47.90564,-6.22208,-3.10908,0.0
2025-10-05 07:20:00-07:00,2025-10-05 14:20:00+00:00,2025-10-05 07:25:00-07:00,2025-10-05 14:25:00+00:00,REAL_TIME_5_MIN,URBAN_6_N001,Node,32.15409,45.03803,-9.96097,-2.92297,0.0
2025-10-05 07:25:00-07:00,2025-10-05 14:25:00+00:00,2025-10-05 07:30:00-07:00,2025-10-05 14:30:00+00:00,REAL_TIME_5_MIN,URBAN_6_N001,Node,25.07041,40.56742,-12.86419,-2.63283,0.0
2025-10-05 07:30:00-07:00,2025-10-05 14:30:00+00:00,2025-10-05 07:35:00-07:00,2025-10-05 14:35:00+00:00,REAL_TIME_5_MIN,URBAN_6_N001,Node,19.6069,37.02176,-15.16394,-2.25092,0.0
2025-10-05 07:35:00-07:00,2025-10-05 14:35:00+00:00,2025-10-05 07:40:00-07:00,2025-10-05 14:40:00+00:00,REAL_TIME_5_MIN,URBAN_6_N001,Node,10.96613,29.00731,-16.27753,-1.76364,0.0
2025-10-05 07:40:00-07:00,2025-10-05 14:40:00+00:00,2025-10-05 07:45:00-07:00,2025-10-05 14:45:00+00:00,REAL_TIME_5_MIN,URBAN_6_N001,Node,3.49365,23.86587,-18.92118,-1.45104,0.0
2025-10-05 07:45:00-07:00,2025-10-05 14:45:00+00:00,2025-10-05 07:50:00-07:00,2025-10-05 14:50:00+00:00,REAL_TIME_5_MIN,URBAN_6_N001,Node,-2.35458,20.24043,-21.38463,-1.21038,0.0
2025-10-05 07:50:00-07:00,2025-10-05 14:50:00+00:00,2025-10-05 07:55:00-07:00,2025-10-05 14:55:00+00:00,REAL_TIME_5_MIN,URBAN_6_N001,Node,-3.28448,19.0003,-21.14856,-1.13622,0.0
2025-10-05 07:55:00-07:00,2025-10-05 14:55:00+00:00,2025-10-05 08:00:00-07:00,2025-10-05 15:00:00+00:00,REAL_TIME_5_MIN,URBAN_6_N001,Node,-2.64719,18.00691,-19.57729,-1.07681,0.0
2025-10-05 08:00:00-07:00,2025-10-05 15:00:00+00:00,2025-10-05 08:05:00-07:00,2025-10-05 15:05:00+00:00,REAL_TIME_5_MIN,URBAN_6_N001,Node,6.77205,19.4896,-11.57546,-1.14209,0.0
2025-10-05 08:05:00-07:00,2025-10-05 15:05:00+00:00,2025-10-05 08:10:00-07:00,2025-10-05 15:10:00+00:00,REAL_TIME_5_MIN,URBAN_6_N001,Node,12.56144,23.30384,-9.3768,-1.36561,0.0
2025-10-05 08:10:00-07:00,2025-10-05 15:10:00+00:00,2025-10-05 08:15:00-07:00,2025-10-05 15:15:00+00:00,REAL_TIME_5_MIN,URBAN_6_N001,Node,4.47742,22.49095,-16.69556,-1.31797,0.0
2025-10-05 08:15:00-07:00,2025-10-05 15:15:00+00:00,2025-10-05 08:20:00-07:00,2025-10-05 15:20:00+00:00,REAL_TIME_5_MIN,URBAN_6_N001,Node,-0.88806,20.99828,-20.80913,-1.07721,0.0
2025-10-05 08:20:00-07:00,2025-10-05 15:20:00+00:00,2025-10-05 08:25:00-07:00,2025-10-05 15:25:00+00:00,REAL_TIME_5_MIN,URBAN_6_N001,Node,-1.86242,19.9143,-20.75511,-1.0216,0.0
2025-10-05 08:25:00-07:00,2025-10-05 15:25:00+00:00,2025-10-05 08:30:00-07:00,2025-10-05 15:30:00+00:00,REAL_TIME_5_MIN,URBAN_6_N001,Node,-2.83383,18.59908,-20.47878,-0.95413,0.0
2025-10-05 08:30:00-07:00,2025-10-05 15:30:00+00:00,2025-10-05 08:35:00-07:00,2025-10-05 15:35:00+00:00,REAL_TIME_5_MIN,URBAN_6_N001,Node,-5.51256,16.29225,-21.09773,-0.70708,0.0
2025-10-05 08:35:00-07:00,2025-10-05 15:35:00+00:00,2025-10-05 08:40:00-07:00,2025-10-05 15:40:00+00:00,REAL_TIME_5_MIN,URBAN_6_N001,Node,-5.32798,16.61755,-21.22433,-0.7212,0.0
2025-10-05 08:40:00-07:00,2025-10-05 15:40:00+00:00,2025-10-05 08:45:00-07:00,2025-10-05 15:45:00+00:00,REAL_TIME_5_MIN,URBAN_6_N001,Node,-5.34887,17.3588,-21.9543,-0.75337,0.0
2025-10-05 08:45:00-07:00,2025-10-05 15:45:00+00:00,2025-10-05 08:50:00-07:00,2025-10-05 15:50:00+00:00,REAL_TIME_5_MIN,URBAN_6_N001,Node,-6.8109,16.82287,-22.97094,-0.66282,0.0
2025-10-05 08:50:00-07:00,2025-10-05 15:50:00+00:00,2025-10-05 08:55:00-07:00,2025-10-05 15:55:00+00:00,REAL_TIME_5_MIN,URBAN_6_N001,Node,-4.55963,16.12166,-20.0461,-0.63519,0.0
2025-10-05 08:55:00-07:00,2025-10-05 15:55:00+00:00,2025-10-05 09:00:00-07:00,2025-10-05 16:00:00+00:00,REAL_TIME_5_MIN,URBAN_6_N001,Node,-5.72696,15.61065,-20.72255,-0.61506,0.0
2025-10-05 09:00:00-07:00,2025-10-05 16:00:00+00:00,2025-10-05 09:05:00-07:00,2025-10-05 16:05:00+00:00,REAL_TIME_5_MIN,URBAN_6_N001,Node,1.08936,18.71721,-16.77809,-0.84976,0.0
2025-10-05 09:05:00-07:00,2025-10-05 16:05:00+00:00,2025-10-05 09:10:00-07:00,2025-10-05 16:10:00+00:00,REAL_TIME_5_MIN,URBAN_6_N001,Node,1.01157,18.29293,-16.45087,-0.8305,0.0
2025-10-05 09:10:00-07:00,2025-10-05 16:10:00+00:00,2025-10-05 09:15:00-07:00,2025-10-05 16:15:00+00:00,REAL_TIME_5_MIN,URBAN_6_N001,Node,1.08936,18.72287,-16.78349,-0.85002,0.0
2025-10-05 09:15:00-07:00,2025-10-05 16:15:00+00:00,2025-10-05 09:20:00-07:00,2025-10-05 16:20:00+00:00,REAL_TIME_5_MIN,URBAN_6_N001,Node,0.40923,18.12997,-16.865,-0.85573,0.0
2025-10-05 09:20:00-07:00,2025-10-05 16:20:00+00:00,2025-10-05 09:25:00-07:00,2025-10-05 16:25:00+00:00,REAL_TIME_5_MIN,URBAN_6_N001,Node,-0.39228,17.4473,-17.01607,-0.82351,0.0
2025-10-05 09:25:00-07:00,2025-10-05 16:25:00+00:00,2025-10-05 09:30:00-07:00,2025-10-05 16:30:00+00:00,REAL_TIME_5_MIN,URBAN_6_N001,Node,-0.42161,17.4082,-17.00814,-0.82167,0.0
2025-10-05 09:30:00-07:00,2025-10-05 16:30:00+00:00,2025-10-05 09:35:00-07:00,2025-10-05 16:35:00+00:00,REAL_TIME_5_MIN,URBAN_6_N001,Node,-0.61077,16.81887,-16.70642,-0.72321,0.0
2025-10-05 09:35:00-07:00,2025-10-05 16:35:00+00:00,2025-10-05 09:40:00-07:00,2025-10-05 16:40:00+00:00,REAL_TIME_5_MIN,URBAN_6_N001,Node,-0.79094,16.00323,-16.10603,-0.68814,0.0
2025-10-05 09:40:00-07:00,2025-10-05 16:40:00+00:00,2025-10-05 09:45:00-07:00,2025-10-05 16:45:00+00:00,REAL_TIME_5_MIN,URBAN_6_N001,Node,-2.72554,14.36722,-16.47496,-0.61779,0.0
2025-10-05 09:45:00-07:00,2025-10-05 16:45:00+00:00,2025-10-05 09:50:00-07:00,2025-10-05 16:50:00+00:00,REAL_TIME_5_MIN,URBAN_6_N001,Node,-3.72849,13.33916,-16.49407,-0.57358,0.0
2025-10-05 09:50:00-07:00,2025-10-05 16:50:00+00:00,2025-10-05 09:55:00-07:00,2025-10-05 16:55:00+00:00,REAL_TIME_5_MIN,URBAN_6_N001,Node,-3.68505,13.0139,-16.13936,-0.5596,0.0
2025-10-05 09:55:00-07:00,2025-10-05 16:55:00+00:00,2025-10-05 10:00:00-07:00,2025-10-05 17:00:00+00:00,REAL_TIME_5_MIN,URBAN_6_N001,Node,0.79994,10.05429,-8.82202,-0.43233,0.0
2025-10-05 10:00:00-07:00,2025-10-05 17:00:00+00:00,2025-10-05 10:05:00-07:00,2025-10-05 17:05:00+00:00,REAL_TIME_5_MIN,URBAN_6_N001,Node,-3.82529,10.0401,-13.40455,-0.46084,0.0
2025-10-05 10:05:00-07:00,2025-10-05 17:05:00+00:00,2025-10-05 10:10:00-07:00,2025-10-05 17:10:00+00:00,REAL_TIME_5_MIN,URBAN_6_N001,Node,-3.38221,9.97576,-12.90008,-0.45789,0.0
2025-10-05 10:10:00-07:00,2025-10-05 17:10:00+00:00,2025-10-05 10:15:00-07:00,2025-10-05 17:15:00+00:00,REAL_TIME_5_MIN,URBAN_6_N001,Node,-3.37846,9.654,-12.58934,-0.44312,0.0
2025-10-05 10:15:00-07:00,2025-10-05 17:15:00+00:00,2025-10-05 10:20:00-07:00,2025-10-05 17:20:00+00:00,REAL_TIME_5_MIN,URBAN_6_N001,Node,-3.29063,10.01063,-12.78371,-0.51755,0.0
2025-10-05 10:20:00-07:00,2025-10-05 17:20:00+00:00,2025-10-05 10:25:00-07:00,2025-10-05 17:25:00+00:00,REAL_TIME_5_MIN,URBAN_6_N001,Node,-3.4547,10.42696,-13.34258,-0.53907,0.0
2025-10-05 10:25:00-07:00,2025-10-05 17:25:00+00:00,2025-10-05 10:30:00-07:00,2025-10-05 17:30:00+00:00,REAL_TIME_5_MIN,URBAN_6_N001,Node,-4.00587,8.84271,-12.39141,-0.45717,0.0
2025-10-05 10:30:00-07:00,2025-10-05 17:30:00+00:00,2025-10-05 10:35:00-07:00,2025-10-05 17:35:00+00:00,REAL_TIME_5_MIN,URBAN_6_N001,Node,-3.46052,11.40747,-14.30902,-0.55897,0.0
2025-10-05 10:35:00-07:00,2025-10-05 17:35:00+00:00,2025-10-05 10:40:00-07:00,2025-10-05 17:40:00+00:00,REAL_TIME_5_MIN,URBAN_6_N001,Node,-3.97001,10.56554,-14.01784,-0.51771,0.0
2025-10-05 10:40:00-07:00,2025-10-05 17:40:00+00:00,2025-10-05 10:45:00-07:00,2025-10-05 17:45:00+00:00,REAL_TIME_5_MIN,URBAN_6_N001,Node,-3.44039,10.62554,-13.54528,-0.52065,0.0
2025-10-05 10:45:00-07:00,2025-10-05 17:45:00+00:00,2025-10-05 10:50:00-07:00,2025-10-05 17:50:00+00:00,REAL_TIME_5_MIN,URBAN_6_N001,Node,-3.48431,10.9083,-13.85702,-0.5356,0.0
2025-10-05 10:50:00-07:00,2025-10-05 17:50:00+00:00,2025-10-05 10:55:00-07:00,2025-10-05 17:55:00+00:00,REAL_TIME_5_MIN,URBAN_6_N001,Node,-3.48805,11.08752,-14.03118,-0.5444,0.0
2025-10-05 10:55:00-07:00,2025-10-05 17:55:00+00:00,2025-10-05 11:00:00-07:00,2025-10-05 18:00:00+00:00,REAL_TIME_5_MIN,URBAN_6_N001,Node,-3.50691,11.80648,-14.73369,-0.5797,0.0
2025-10-05 11:00:00-07:00,2025-10-05 18:00:00+00:00,2025-10-05 11:05:00-07:00,2025-10-05 18:05:00+00:00,REAL_TIME_5_MIN,URBAN_6_N001,Node,-0.48118,12.91802,-12.7533,-0.6459,0.0
2025-10-05 11:05:00-07:00,2025-10-05 18:05:00+00:00,2025-10-05 11:10:00-07:00,2025-10-05 18:10:00+00:00,REAL_TIME_5_MIN,URBAN_6_N001,Node,-1.13599,12.86309,-13.35593,-0.64315,0.0
2025-10-05 11:10:00-07:00,2025-10-05 18:10:00+00:00,2025-10-05 11:15:00-07:00,2025-10-05 18:15:00+00:00,REAL_TIME_5_MIN,URBAN_6_N001,Node,-1.34271,12.78338,-13.48692,-0.63917,0.0
2025-10-05 11:15:00-07:00,2025-10-05 18:15:00+00:00,2025-10-05 11:20:00-07:00,2025-10-05 18:20:00+00:00,REAL_TIME_5_MIN,URBAN_6_N001,Node,-1.30945,15.30178,-15.79871,-0.81252,0.0
2025-10-05 11:20:00-07:00,2025-10-05 18:20:00+00:00,2025-10-05 11:25:00-07:00,2025-10-05 18:25:00+00:00,REAL_TIME_5_MIN,URBAN_6_N001,Node,-1.63119,15.12507,-15.95312,-0.80314,0.0
2025-10-05 11:25:00-07:00,2025-10-05 18:25:00+00:00,2025-10-05 11:30:00-07:00,2025-10-05 18:30:00+00:00,REAL_TIME_5_MIN,URBAN_6_N001,Node,-1.39367,15.34745,-15.92617,-0.81495,0.0
2025-10-05 11:30:00-07:00,2025-10-05 18:30:00+00:00,2025-10-05 11:35:00-07:00,2025-10-05 18:35:00+00:00,REAL_TIME_5_MIN,URBAN_6_N001,Node,-1.3276,15.96881,-16.45325,-0.84315,0.0
2025-10-05 11:35:00-07:00,2025-10-05 18:35:00+00:00,2025-10-05 11:40:00-07:00,2025-10-05 18:40:00+00:00,REAL_TIME_5_MIN,URBAN_6_N001,Node,-1.79345,15.02282,-16.02306,-0.7932,0.0
2025-10-05 11:40:00-07:00,2025-10-05 18:40:00+00:00,2025-10-05 11:45:00-07:00,2025-10-05 18:45:00+00:00,REAL_TIME_5_MIN,URBAN_6_N001,Node,-1.95937,14.93944,-16.11001,-0.7888,0.0
2025-10-05 11:45:00-07:00,2025-10-05 18:45:00+00:00,2025-10-05 11:50:00-07:00,2025-10-05 18:50:00+00:00,REAL_TIME_5_MIN,URBAN_6_N001,Node,-1.89685,14.97864,-16.07114,-0.80435,0.0
2025-10-05 11:50:00-07:00,2025-10-05 18:50:00+00:00,2025-10-05 11:55:00-07:00,2025-10-05 18:55:00+00:00,REAL_TIME_5_MIN,URBAN_6_N001,Node,-1.98925,15.05916,-16.23973,-0.80868,0.0
2025-10-05 11:55:00-07:00,2025-10-05 18:55:00+00:00,2025-10-05 12:00:00-07:00,2025-10-05 19:00:00+00:00,REAL_TIME_5_MIN,URBAN_6_N001,Node,-1.88427,15.71229,-16.75281,-0.84375,0.0
2025-10-05 12:00:00-07:00,2025-10-05 19:00:00+00:00,2025-10-05 12:05:00-07:00,2025-10-05 19:05:00+00:00,REAL_TIME_5_MIN,URBAN_6_N001,Node,-1.56371,15.8236,-16.45847,-0.92885,0.0
2025-10-05 12:05:00-07:00,2025-10-05 19:05:00+00:00,2025-10-05 12:10:00-07:00,2025-10-05 19:10:00+00:00,REAL_TIME_5_MIN,URBAN_6_N001,Node,-1.6327,16.56086,-17.22144,-0.97212,0.0
2025-10-05 12:10:00-07:00,2025-10-05 19:10:00+00:00,2025-10-05 12:15:00-07:00,2025-10-05 19:15:00+00:00,REAL_TIME_5_MIN,URBAN_6_N001,Node,-1.85398,16.6606,-17.53659,-0.97798,0.0
2025-10-05 12:15:00-07:00,2025-10-05 19:15:00+00:00,2025-10-05 12:20:00-07:00,2025-10-05 19:20:00+00:00,REAL_TIME_5_MIN,URBAN_6_N001,Node,-1.59904,15.02613,-15.72962,-0.89556,0.0
2025-10-05 12:20:00-07:00,2025-10-05 19:20:00+00:00,2025-10-05 12:25:00-07:00,2025-10-05 19:25:00+00:00,REAL_TIME_5_MIN,URBAN_6_N001,Node,-1.92839,16.28627,-17.244,-0.97066,0.0
2025-10-05 12:25:00-07:00,2025-10-05 19:25:00+00:00,2025-10-05 12:30:00-07:00,2025-10-05 19:30:00+00:00,REAL_TIME_5_MIN,URBAN_6_N001,Node,-1.9174,16.43019,-17.36836,-0.97924,0.0
2025-10-05 12:30:00-07:00,2025-10-05 19:30:00+00:00,2025-10-05 12:35:00-07:00,2025-10-05 19:35:00+00:00,REAL_TIME_5_MIN,URBAN_6_N001,Node,-1.5335,16.60751,-17.18276,-0.95825,0.0
2025-10-05 12:35:00-07:00,2025-10-05 19:35:00+00:00,2025-10-05 12:40:00-07:00,2025-10-05 19:40:00+00:00,REAL_TIME_5_MIN,URBAN_6_N001,Node,-1.4712,16.64059,-17.15163,-0.96016,0.0
2025-10-05 12:40:00-07:00,2025-10-05 19:40:00+00:00,2025-10-05 12:45:00-07:00,2025-10-05 19:45:00+00:00,REAL_TIME_5_MIN,URBAN_6_N001,Node,-1.57779,16.58458,-17.20543,-0.95693,0.0
2025-10-05 12:45:00-07:00,2025-10-05 19:45:00+00:00,2025-10-05 12:50:00-07:00,2025-10-05 19:50:00+00:00,REAL_TIME_5_MIN,URBAN_6_N001,Node,-1.40215,16.4909,-16.92504,-0.96802,0.0
2025-10-05 12:50:00-07:00,2025-10-05 19:50:00+00:00,2025-10-05 12:55:00-07:00,2025-10-05 19:55:00+00:00,REAL_TIME_5_MIN,URBAN_6_N001,Node,-1.42911,16.47706,-16.93896,-0.9672,0.0
2025-10-05 12:55:00-07:00,2025-10-05 19:55:00+00:00,2025-10-05 13:00:00-07:00,2025-10-05 20:00:00+00:00,REAL_TIME_5_MIN,URBAN_6_N001,Node,-1.44052,16.47025,-16.94396,-0.9668,0.0
2025-10-05 13:00:00-07:00,2025-10-05 20:00:00+00:00,2025-10-05 13:05:00-07:00,2025-10-05 20:05:00+00:00,REAL_TIME_5_MIN,URBAN_6_N001,Node,-1.22684,15.8028,-16.12887,-0.90076,0.0
2025-10-05 13:05:00-07:00,2025-10-05 20:05:00+00:00,2025-10-05 13:10:00-07:00,2025-10-05 20:10:00+00:00,REAL_TIME_5_MIN,URBAN_6_N001,Node,-1.22738,15.80258,-16.12921,-0.90075,0.0
2025-10-05 13:10:00-07:00,2025-10-05 20:10:00+00:00,2025-10-05 13:15:00-07:00,2025-10-05 20:15:00+00:00,REAL_TIME_5_MIN,URBAN_6_N001,Node,-1.30249,15.76091,-16.16503,-0.89837,0.0
2025-10-05 13:15:00-07:00,2025-10-05 20:15:00+00:00,2025-10-05 13:20:00-07:00,2025-10-05 20:20:00+00:00,REAL_TIME_5_MIN,URBAN_6_N001,Node,-1.28355,15.73332,-16.14052,-0.87635,0.0
2025-10-05 13:20:00-07:00,2025-10-05 20:20:00+00:00,2025-10-05 13:25:00-07:00,2025-10-05 20:25:00+00:00,REAL_TIME_5_MIN,URBAN_6_N001,Node,-1.57563,15.57064,-16.27898,-0.86728,0.0
2025-10-05 13:25:00-07:00,2025-10-05 20:25:00+00:00,2025-10-05 13:30:00-07:00,2025-10-05 20:30:00+00:00,REAL_TIME_5_MIN,URBAN_6_N001,Node,-1.61981,15.54559,-16.29951,-0.86589,0.0
2025-10-05 13:30:00-07:00,2025-10-05 20:30:00+00:00,2025-10-05 13:35:00-07:00,2025-10-05 20:35:00+00:00,REAL_TIME_5_MIN,URBAN_6_N001,Node,-1.53953,16.05937,-16.74936,-0.84954,0.0
2025-10-05 13:35:00-07:00,2025-10-05 20:35:00+00:00,2025-10-05 13:40:00-07:00,2025-10-05 20:40:00+00:00,REAL_TIME_5_MIN,URBAN_6_N001,Node,0.32295,17.15979,-15.9291,-0.90775,0.0
2025-10-05 13:40:00-07:00,2025-10-05 20:40:00+00:00,2025-10-05 13:45:00-07:00,2025-10-05 20:45:00+00:00,REAL_TIME_5_MIN,URBAN_6_N001,Node,-1.38986,16.63007,-17.1402,-0.87973,0.0
2025-10-05 13:45:00-07:00,2025-10-05 20:45:00+00:00,2025-10-05 13:50:00-07:00,2025-10-05 20:50:00+00:00,REAL_TIME_5_MIN,URBAN_6_N001,Node,-1.37742,15.46582,-16.08697,-0.75628,0.0
2025-10-05 13:50:00-07:00,2025-10-05 20:50:00+00:00,2025-10-05 13:55:00-07:00,2025-10-05 20:55:00+00:00,REAL_TIME_5_MIN,URBAN_6_N001,Node,-1.41402,15.50692,-16.16265,-0.75829,0.0
2025-10-05 13:55:00-07:00,2025-10-05 20:55:00+00:00,2025-10-05 14:00:00-07:00,2025-10-05 21:00:00+00:00,REAL_TIME_5_MIN,URBAN_6_N001,Node,-1.55075,16.40528,-17.15381,-0.80222,0.0
2025-10-05 14:00:00-07:00,2025-10-05 21:00:00+00:00,2025-10-05 14:05:00-07:00,2025-10-05 21:05:00+00:00,REAL_TIME_5_MIN,URBAN_6_N001,Node,-0.32717,15.25775,-14.93493,-0.64998,0.0
2025-10-05 14:05:00-07:00,2025-10-05 21:05:00+00:00,2025-10-05 14:10:00-07:00,2025-10-05 21:10:00+00:00,REAL_TIME_5_MIN,URBAN_6_N001,Node,0.16773,15.62871,-14.7952,-0.66578,0.0
2025-10-05 14:10:00-07:00,2025-10-05 21:10:00+00:00,2025-10-05 14:15:00-07:00,2025-10-05 21:15:00+00:00,REAL_TIME_5_MIN,URBAN_6_N001,Node,-1.01592,16.45492,-16.76986,-0.70098,0.0
2025-10-05 14:15:00-07:00,2025-10-05 21:15:00+00:00,2025-10-05 14:20:00-07:00,2025-10-05 21:20:00+00:00,REAL_TIME_5_MIN,URBAN_6_N001,Node,-1.0697,15.68162,-16.10209,-0.64922,0.0
2025-10-05 14:20:00-07:00,2025-10-05 21:20:00+00:00,2025-10-05 14:25:00-07:00,2025-10-05 21:25:00+00:00,REAL_TIME_5_MIN,URBAN_6_N001,Node,-1.03889,14.65001,-15.08239,-0.60651,0.0
2025-10-05 14:25:00-07:00,2025-10-05 21:25:00+00:00,2025-10-05 14:30:00-07:00,2025-10-05 21:30:00+00:00,REAL_TIME_5_MIN,URBAN_6_N001,Node,-1.26582,15.12765,-15.76719,-0.62628,0.0
2025-10-05 14:30:00-07:00,2025-10-05 21:30:00+00:00,2025-10-05 14:35:00-07:00,2025-10-05 21:35:00+00:00,REAL_TIME_5_MIN,URBAN_6_N001,Node,-1.17821,14.68249,-15.26312,-0.59758,0.0
2025-10-05 14:35:00-07:00,2025-10-05 21:35:00+00:00,2025-10-05 14:40:00-07:00,2025-10-05 21:40:00+00:00,REAL_TIME_5_MIN,URBAN_6_N001,Node,-1.17286,14.55933,-15.13962,-0.59256,0.0
2025-10-05 14:40:00-07:00,2025-10-05 21:40:00+00:00,2025-10-05 14:45:00-07:00,2025-10-05 21:45:00+00:00,REAL_TIME_5_MIN,URBAN_6_N001,Node,-1.51266,15.02946,-15.93042,-0.6117,0.0
2025-10-05 14:45:00-07:00,2025-10-05 21:45:00+00:00,2025-10-05 14:50:00-07:00,2025-10-05 21:50:00+00:00,REAL_TIME_5_MIN,URBAN_6_N001,Node,-1.42283,15.37813,-16.14739,-0.65357,0.0
2025-10-05 14:50:00-07:00,2025-10-05 21:50:00+00:00,2025-10-05 14:55:00-07:00,2025-10-05 21:55:00+00:00,REAL_TIME_5_MIN,URBAN_6_N001,Node,-1.47941,14.9382,-15.78274,-0.63487,0.0
2025-10-05 14:55:00-07:00,2025-10-05 21:55:00+00:00,2025-10-05 15:00:00-07:00,2025-10-05 22:00:00+00:00,REAL_TIME_5_MIN,URBAN_6_N001,Node,-1.47665,14.75056,-15.60031,-0.6269,0.0
2025-10-05 15:00:00-07:00,2025-10-05 22:00:00+00:00,2025-10-05 15:05:00-07:00,2025-10-05 22:05:00+00:00,REAL_TIME_5_MIN,URBAN_6_N001,Node,3.49057,13.3508,-9.29949,-0.56073,0.0
2025-10-05 15:05:00-07:00,2025-10-05 22:05:00+00:00,2025-10-05 15:10:00-07:00,2025-10-05 22:10:00+00:00,REAL_TIME_5_MIN,URBAN_6_N001,Node,3.28151,12.63768,-8.82539,-0.53078,0.0
2025-10-05 15:10:00-07:00,2025-10-05 22:10:00+00:00,2025-10-05 15:15:00-07:00,2025-10-05 22:15:00+00:00,REAL_TIME_5_MIN,URBAN_6_N001,Node,3.29584,12.37495,-8.55936,-0.51975,0.0
2025-10-05 15:15:00-07:00,2025-10-05 22:15:00+00:00,2025-10-05 15:20:00-07:00,2025-10-05 22:20:00+00:00,REAL_TIME_5_MIN,URBAN_6_N001,Node,3.23236,13.59254,-9.78522,-0.57496,0.0
2025-10-05 15:20:00-07:00,2025-10-05 22:20:00+00:00,2025-10-05 15:25:00-07:00,2025-10-05 22:25:00+00:00,REAL_TIME_5_MIN,URBAN_6_N001,Node,2.58684,12.89451,-9.76223,-0.54544,0.0
2025-10-05 15:25:00-07:00,2025-10-05 22:25:00+00:00,2025-10-05 15:30:00-07:00,2025-10-05 22:30:00+00:00,REAL_TIME_5_MIN,URBAN_6_N001,Node,3.05083,14.06937,-10.4234,-0.59513,0.0
2025-10-05 15:30:00-07:00,2025-10-05 22:30:00+00:00,2025-10-05 15:35:00-07:00,2025-10-05 22:35:00+00:00,REAL_TIME_5_MIN,URBAN_6_N001,Node,3.07382,14.9278,-11.27478,-0.5792,0.0
2025-10-05 15:35:00-07:00,2025-10-05 22:35:00+00:00,2025-10-05 15:40:00-07:00,2025-10-05 22:40:00+00:00,REAL_TIME_5_MIN,URBAN_6_N001,Node,3.15764,15.87399,-12.10044,-0.61591,0.0
2025-10-05 15:40:00-07:00,2025-10-05 22:40:00+00:00,2025-10-05 15:45:00-07:00,2025-10-05 22:45:00+00:00,REAL_TIME_5_MIN,URBAN_6_N001,Node,2.96839,17.48593,-13.83908,-0.67845,0.0
2025-10-05 15:45:00-07:00,2025-10-05 22:45:00+00:00,2025-10-05 15:50:00-07:00,2025-10-05 22:50:00+00:00,REAL_TIME_5_MIN,URBAN_6_N001,Node,3.17399,17.77873,-13.91138,-0.69337,0.0
2025-10-05 15:50:00-07:00,2025-10-05 22:50:00+00:00,2025-10-05 15:55:00-07:00,2025-10-05 22:55:00+00:00,REAL_TIME_5_MIN,URBAN_6_N001,Node,2.42376,17.40311,-14.30064,-0.67872,0.0
2025-10-05 15:55:00-07:00,2025-10-05 22:55:00+00:00,2025-10-05 16:00:00-07:00,2025-10-05 23:00:00+00:00,REAL_TIME_5_MIN,URBAN_6_N001,Node,3.27711,17.75206,-13.78262,-0.69233,0.0
2025-10-05 16:00:00-07:00,2025-10-05 23:00:00+00:00,2025-10-05 16:05:00-07:00,2025-10-05 23:05:00+00:00,REAL_TIME_5_MIN,URBAN_6_N001,Node,-3.19477,14.61675,-17.23855,-0.57298,0.0
2025-10-05 16:05:00-07:00,2025-10-05 23:05:00+00:00,2025-10-05 16:10:00-07:00,2025-10-05 23:10:00+00:00,REAL_TIME_5_MIN,URBAN_6_N001,Node,-3.44126,14.4956,-17.36863,-0.56823,0.0
2025-10-05 16:10:00-07:00,2025-10-05 23:10:00+00:00,2025-10-05 16:15:00-07:00,2025-10-05 23:15:00+00:00,REAL_TIME_5_MIN,URBAN_6_N001,Node,-3.44115,14.49821,-17.37102,-0.56833,0.0
2025-10-05 16:15:00-07:00,2025-10-05 23:15:00+00:00,2025-10-05 16:20:00-07:00,2025-10-05 23:20:00+00:00,REAL_TIME_5_MIN,URBAN_6_N001,Node,3.75853,12.50285,-8.28047,-0.46386,0.0
2025-10-05 16:20:00-07:00,2025-10-05 23:20:00+00:00,2025-10-05 16:25:00-07:00,2025-10-05 23:25:00+00:00,REAL_TIME_5_MIN,URBAN_6_N001,Node,3.48543,14.14474,-10.13454,-0.52477,0.0
2025-10-05 16:25:00-07:00,2025-10-05 23:25:00+00:00,2025-10-05 16:30:00-07:00,2025-10-05 23:30:00+00:00,REAL_TIME_5_MIN,URBAN_6_N001,Node,3.7216,15.23609,-10.94924,-0.56526,0.0
2025-10-05 16:30:00-07:00,2025-10-05 23:30:00+00:00,2025-10-05 16:35:00-07:00,2025-10-05 23:35:00+00:00,REAL_TIME_5_MIN,URBAN_6_N001,Node,9.98928,19.22967,-8.27314,-0.96725,0.0
2025-10-05 16:35:00-07:00,2025-10-05 23:35:00+00:00,2025-10-05 16:40:00-07:00,2025-10-05 23:40:00+00:00,REAL_TIME_5_MIN,URBAN_6_N001,Node,19.8803,25.24499,-4.09486,-1.26982,0.0
2025-10-05 16:40:00-07:00,2025-10-05 23:40:00+00:00,2025-10-05 16:45:00-07:00,2025-10-05 23:45:00+00:00,REAL_TIME_5_MIN,URBAN_6_N001,Node,24.43404,30.38982,-4.42717,-1.52861,0.0
2025-10-05 16:45:00-07:00,2025-10-05 23:45:00+00:00,2025-10-05 16:50:00-07:00,2025-10-05 23:50:00+00:00,REAL_TIME_5_MIN,URBAN_6_N001,Node,34.73983,36.59435,-0.49322,-1.36131,0.0
2025-10-05 16:50:00-07:00,2025-10-05 23:50:00+00:00,2025-10-05 16:55:00-07:00,2025-10-05 23:55:00+00:00,REAL_TIME_5_MIN,URBAN_6_N001,Node,39.61788,41.14861,0.0,-1.53073,0.0
2025-10-05 16:55:00-07:00,2025-10-05 23:55:00+00:00,2025-10-05 17:00:00-07:00,2025-10-06 00:00:00+00:00,REAL_TIME_5_MIN,URBAN_6_N001,Node,39.30926,40.82806,0.0,-1.5188,0.0
2025-10-05 17:00:00-07:00,2025-10-06 00:00:00+00:00,2025-10-05 17:05:00-07:00,2025-10-06 00:05:00+00:00,REAL_TIME_5_MIN,URBAN_6_N001,Node,31.22059,32.67119,0.0,-1.4506,0.0
2025-10-05 17:05:00-07:00,2025-10-06 00:05:00+00:00,2025-10-05 17:10:00-07:00,2025-10-06 00:10:00+00:00,REAL_TIME_5_MIN,URBAN_6_N001,Node,34.29979,35.89346,0.0,-1.59367,0.0
2025-10-05 17:10:00-07:00,2025-10-06 00:10:00+00:00,2025-10-05 17:15:00-07:00,2025-10-06 00:15:00+00:00,REAL_TIME_5_MIN,URBAN_6_N001,Node,38.08975,39.85951,0.0,-1.76976,0.0
2025-10-05 17:15:00-07:00,2025-10-06 00:15:00+00:00,2025-10-05 17:20:00-07:00,2025-10-06 00:20:00+00:00,REAL_TIME_5_MIN,URBAN_6_N001,Node,45.58053,46.93217,0.0,-1.35165,0.0
2025-10-05 17:20:00-07:00,2025-10-06 00:20:00+00:00,2025-10-05 17:25:00-07:00,2025-10-06 00:25:00+00:00,REAL_TIME_5_MIN,URBAN_6_N001,Node,48.49821,49.93638,0.0,-1.43817,0.0
2025-10-05 17:25:00-07:00,2025-10-06 00:25:00+00:00,2025-10-05 17:30:00-07:00,2025-10-06 00:30:00+00:00,REAL_TIME_5_MIN,URBAN_6_N001,Node,52.36758,53.92049,0.0,-1.55291,0.0
2025-10-05 17:30:00-07:00,2025-10-06 00:30:00+00:00,2025-10-05 17:35:00-07:00,2025-10-06 00:35:00+00:00,REAL_TIME_5_MIN,URBAN_6_N001,Node,59.19894,60.543,0.0,-1.34405,0.0
2025-10-05 17:35:00-07:00,2025-10-06 00:35:00+00:00,2025-10-05 17:40:00-07:00,2025-10-06 00:40:00+00:00,REAL_TIME_5_MIN,URBAN_6_N001,Node,59.86056,61.21964,0.0,-1.35908,0.0
2025-10-05 17:40:00-07:00,2025-10-06 00:40:00+00:00,2025-10-05 17:45:00-07:00,2025-10-06 00:45:00+00:00,REAL_TIME_5_MIN,URBAN_6_N001,Node,62.48975,63.90852,0.0,-1.41877,0.0
2025-10-05 17:45:00-07:00,2025-10-06 00:45:00+00:00,2025-10-05 17:50:00-07:00,2025-10-06 00:50:00+00:00,REAL_TIME_5_MIN,URBAN_6_N001,Node,87.91185,90.71494,0.0,-2.80309,0.0
2025-10-05 17:50:00-07:00,2025-10-06 00:50:00+00:00,2025-10-05 17:55:00-07:00,2025-10-06 00:55:00+00:00,REAL_TIME_5_MIN,URBAN_6_N001,Node,120.33126,124.16805,0.0,-3.83679,0.0
2025-10-05 17:55:00-07:00,2025-10-06 00:55:00+00:00,2025-10-05 18:00:00-07:00,2025-10-06 01:00:00+00:00,REAL_TIME_5_MIN,URBAN_6_N001,Node,152.4518,157.31274,0.0,-4.86096,0.0
2025-10-05 18:00:00-07:00,2025-10-06 01:00:00+00:00,2025-10-05 18:05:00-07:00,2025-10-06 01:05:00+00:00,REAL_TIME_5_MIN,URBAN_6_N001,Node,50.81892,53.03581,0.0,-2.2169,0.0
2025-10-05 18:05:00-07:00,2025-10-06 01:05:00+00:00,2025-10-05 18:10:00-07:00,2025-10-06 01:10:00+00:00,REAL_TIME_5_MIN,URBAN_6_N001,Node,51.49952,53.7461,0.0,-2.24659,0.0
2025-10-05 18:10:00-07:00,2025-10-06 01:10:00+00:00,2025-10-05 18:15:00-07:00,2025-10-06 01:15:00+00:00,REAL_TIME_5_MIN,URBAN_6_N001,Node,55.60663,58.03238,0.0,-2.42575,0.0
2025-10-05 18:15:00-07:00,2025-10-06 01:15:00+00:00,2025-10-05 18:20:00-07:00,2025-10-06 01:20:00+00:00,REAL_TIME_5_MIN,URBAN_6_N001,Node,62.82354,65.5915,0.0,-2.76796,0.0
2025-10-05 18:20:00-07:00,2025-10-06 01:20:00+00:00,2025-10-05 18:25:00-07:00,2025-10-06 01:25:00+00:00,REAL_TIME_5_MIN,URBAN_6_N001,Node,64.42601,67.26457,0.0,-2.83857,0.0
2025-10-05 18:25:00-07:00,2025-10-06 01:25:00+00:00,2025-10-05 18:30:00-07:00,2025-10-06 01:30:00+00:00,REAL_TIME_5_MIN,URBAN_6_N001,Node,64.07188,66.89485,0.0,-2.82296,0.0
2025-10-05 18:30:00-07:00,2025-10-06 01:30:00+00:00,2025-10-05 18:35:00-07:00,2025-10-06 01:35:00+00:00,REAL_TIME_5_MIN,URBAN_6_N001,Node,62.50432,65.58691,0.0,-3.08258,0.0
2025-10-05 18:35:00-07:00,2025-10-06 01:35:00+00:00,2025-10-05 18:40:00-07:00,2025-10-06 01:40:00+00:00,REAL_TIME_5_MIN,URBAN_6_N001,Node,62.40796,65.48579,0.0,-3.07783,0.0
2025-10-05 18:40:00-07:00,2025-10-06 01:40:00+00:00,2025-10-05 18:45:00-07:00,2025-10-06 01:45:00+00:00,REAL_TIME_5_MIN,URBAN_6_N001,Node,61.40207,64.43029,0.0,-3.02822,0.0
2025-10-05 18:45:00-07:00,2025-10-06 01:45:00+00:00,2025-10-05 18:50:00-07:00,2025-10-06 01:50:00+00:00,REAL_TIME_5_MIN,URBAN_6_N001,Node,57.9945,61.10473,0.0,-3.11023,0.0
2025-10-05 18:50:00-07:00,2025-10-06 01:50:00+00:00,2025-10-05 18:55:00-07:00,2025-10-06 01:55:00+00:00,REAL_TIME_5_MIN,URBAN_6_N001,Node,58.10432,61.22044,0.0,-3.11612,0.0
2025-10-05 18:55:00-07:00,2025-10-06 01:55:00+00:00,2025-10-05 19:00:00-07:00,2025-10-06 02:00:00+00:00,REAL_TIME_5_MIN,URBAN_6_N001,Node,60.61107,63.86163,0.0,-3.25056,0.0
2025-10-05 19:00:00-07:00,2025-10-06 02:00:00+00:00,2025-10-05 19:05:00-07:00,2025-10-06 02:05:00+00:00,REAL_TIME_5_MIN,URBAN_6_N001,Node,52.23202,57.06855,-2.16001,-2.67651,0.0
2025-10-05 19:05:00-07:00,2025-10-06 02:05:00+00:00,2025-10-05 19:10:00-07:00,2025-10-06 02:10:00+00:00,REAL_TIME_5_MIN,URBAN_6_N001,Node,51.21659,56.09722,-2.24967,-2.63096,0.0
2025-10-05 19:10:00-07:00,2025-10-06 02:10:00+00:00,2025-10-05 19:15:00-07:00,2025-10-06 02:15:00+00:00,REAL_TIME_5_MIN,URBAN_6_N001,Node,48.96536,52.47469,-1.04827,-2.46106,0.0
2025-10-05 19:15:00-07:00,2025-10-06 02:15:00+00:00,2025-10-05 19:20:00-07:00,2025-10-06 02:20:00+00:00,REAL_TIME_5_MIN,URBAN_6_N001,Node,48.31152,51.99035,-1.05332,-2.62551,0.0
2025-10-05 19:20:00-07:00,2025-10-06 02:20:00+00:00,2025-10-05 19:25:00-07:00,2025-10-06 02:25:00+00:00,REAL_TIME_5_MIN,URBAN_6_N001,Node,57.50502,51.60788,8.50334,-2.6062,0.0
2025-10-05 19:25:00-07:00,2025-10-06 02:25:00+00:00,2025-10-05 19:30:00-07:00,2025-10-06 02:30:00+00:00,REAL_TIME_5_MIN,URBAN_6_N001,Node,57.44791,51.38283,8.65992,-2.59483,0.0
2025-10-05 19:30:00-07:00,2025-10-06 02:30:00+00:00,2025-10-05 19:35:00-07:00,2025-10-06 02:35:00+00:00,REAL_TIME_5_MIN,URBAN_6_N001,Node,57.55978,51.22044,8.47523,-2.13589,0.0
2025-10-05 19:35:00-07:00,2025-10-06 02:35:00+00:00,2025-10-05 19:40:00-07:00,2025-10-06 02:40:00+00:00,REAL_TIME_5_MIN,URBAN_6_N001,Node,57.12849,51.02253,8.2336,-2.12764,0.0
2025-10-05 19:40:00-07:00,2025-10-06 02:40:00+00:00,2025-10-05 19:45:00-07:00,2025-10-06 02:45:00+00:00,REAL_TIME_5_MIN,URBAN_6_N001,Node,57.17523,49.6655,9.58079,-2.07105,0.0
2025-10-05 19:45:00-07:00,2025-10-06 02:45:00+00:00,2025-10-05 19:50:00-07:00,2025-10-06 02:50:00+00:00,REAL_TIME_5_MIN,URBAN_6_N001,Node,56.82114,48.91458,9.9414,-2.03485,0.0
2025-10-05 19:50:00-07:00,2025-10-06 02:50:00+00:00,2025-10-05 19:55:00-07:00,2025-10-06 02:55:00+00:00,REAL_TIME_5_MIN,URBAN_6_N001,Node,57.69455,49.20133,10.53999,-2.04678,0.0
2025-10-05 19:55:00-07:00,2025-10-06 02:55:00+00:00,2025-10-05 20:00:00-07:00,2025-10-06 03:00:00+00:00,REAL_TIME_5_MIN,URBAN_6_N001,Node,57.99473,49.21765,10.82454,-2.04745,0.0
2025-10-05 20:00:00-07:00,2025-10-06 03:00:00+00:00,2025-10-05 20:05:00-07:00,2025-10-06 03:05:00+00:00,REAL_TIME_5_MIN,URBAN_6_N001,Node,58.82424,50.35176,10.91454,-2.44206,0.0
2025-10-05 20:05:00-07:00,2025-10-06 03:05:00+00:00,2025-10-05 20:10:00-07:00,2025-10-06 03:10:00+00:00,REAL_TIME_5_MIN,URBAN_6_N001,Node,58.76118,48.93654,12.19807,-2.37342,0.0
2025-10-05 20:10:00-07:00,2025-10-06 03:10:00+00:00,2025-10-05 20:15:00-07:00,2025-10-06 03:15:00+00:00,REAL_TIME_5_MIN,URBAN_6_N001,Node,58.82012,48.57656,12.59953,-2.35596,0.0
2025-10-05 20:15:00-07:00,2025-10-06 03:15:00+00:00,2025-10-05 20:20:00-07:00,2025-10-06 03:20:00+00:00,REAL_TIME_5_MIN,URBAN_6_N001,Node,59.01168,47.49894,13.83068,-2.31795,0.0
2025-10-05 20:20:00-07:00,2025-10-06 03:20:00+00:00,2025-10-05 20:25:00-07:00,2025-10-06 03:25:00+00:00,REAL_TIME_5_MIN,URBAN_6_N001,Node,60.62059,48.35444,14.62584,-2.3597,0.0
2025-10-05 20:25:00-07:00,2025-10-06 03:25:00+00:00,2025-10-05 20:30:00-07:00,2025-10-06 03:30:00+00:00,REAL_TIME_5_MIN,URBAN_6_N001,Node,59.77906,46.73882,15.32109,-2.28085,0.0
2025-10-05 20:30:00-07:00,2025-10-06 03:30:00+00:00,2025-10-05 20:35:00-07:00,2025-10-06 03:35:00+00:00,REAL_TIME_5_MIN,URBAN_6_N001,Node,64.03998,47.66096,18.33789,-1.95887,0.0
2025-10-05 20:35:00-07:00,2025-10-06 03:35:00+00:00,2025-10-05 20:40:00-07:00,2025-10-06 03:40:00+00:00,REAL_TIME_5_MIN,URBAN_6_N001,Node,67.48628,47.77873,21.67126,-1.96371,0.0
2025-10-05 20:40:00-07:00,2025-10-06 03:40:00+00:00,2025-10-05 20:45:00-07:00,2025-10-06 03:45:00+00:00,REAL_TIME_5_MIN,URBAN_6_N001,Node,64.87452,48.67367,18.20134,-2.00049,0.0
2025-10-05 20:45:00-07:00,2025-10-06 03:45:00+00:00,2025-10-05 20:50:00-07:00,2025-10-06 03:50:00+00:00,REAL_TIME_5_MIN,URBAN_6_N001,Node,62.96023,48.48029,16.55005,-2.07011,0.0
2025-10-05 20:50:00-07:00,2025-10-06 03:50:00+00:00,2025-10-05 20:55:00-07:00,2025-10-06 03:55:00+00:00,REAL_TIME_5_MIN,URBAN_6_N001,Node,62.18273,47.87601,16.35103,-2.04431,0.0
2025-10-05 20:55:00-07:00,2025-10-06 03:55:00+00:00,2025-10-05 21:00:00-07:00,2025-10-06 04:00:00+00:00,REAL_TIME_5_MIN,URBAN_6_N001,Node,59.2914,48.70862,12.66263,-2.07986,0.0
2025-10-05 21:00:00-07:00,2025-10-06 04:00:00+00:00,2025-10-05 21:05:00-07:00,2025-10-06 04:05:00+00:00,REAL_TIME_5_MIN,URBAN_6_N001,Node,56.76833,51.79309,6.68441,-1.70917,0.0
2025-10-05 21:05:00-07:00,2025-10-06 04:05:00+00:00,2025-10-05 21:10:00-07:00,2025-10-06 04:10:00+00:00,REAL_TIME_5_MIN,URBAN_6_N001,Node,56.77945,51.72507,6.76131,-1.70693,0.0
2025-10-05 21:10:00-07:00,2025-10-06 04:10:00+00:00,2025-10-05 21:15:00-07:00,2025-10-06 04:15:00+00:00,REAL_TIME_5_MIN,URBAN_6_N001,Node,57.29065,51.79023,7.2095,-1.70908,0.0
2025-10-05 21:15:00-07:00,2025-10-06 04:15:00+00:00,2025-10-05 21:20:00-07:00,2025-10-06 04:20:00+00:00,REAL_TIME_5_MIN,URBAN_6_N001,Node,58.41843,49.89371,10.14626,-1.62155,0.0
2025-10-05 21:20:00-07:00,2025-10-06 04:20:00+00:00,2025-10-05 21:25:00-07:00,2025-10-06 04:25:00+00:00,REAL_TIME_5_MIN,URBAN_6_N001,Node,78.10717,54.9163,24.97564,-1.78478,0.0
2025-10-05 21:25:00-07:00,2025-10-06 04:25:00+00:00,2025-10-05 21:30:00-07:00,2025-10-06 04:30:00+00:00,REAL_TIME_5_MIN,URBAN_6_N001,Node,76.75292,54.61625,23.9117,-1.77503,0.0
2025-10-05 21:30:00-07:00,2025-10-06 04:30:00+00:00,2025-10-05 21:35:00-07:00,2025-10-06 04:35:00+00:00,REAL_TIME_5_MIN,URBAN_6_N001,Node,74.15772,54.46067,21.59773,-1.90068,0.0
2025-10-05 21:35:00-07:00,2025-10-06 04:35:00+00:00,2025-10-05 21:40:00-07:00,2025-10-06 04:40:00+00:00,REAL_TIME_5_MIN,URBAN_6_N001,Node,69.9444,53.96375,17.86399,-1.88333,0.0
2025-10-05 21:40:00-07:00,2025-10-06 04:40:00+00:00,2025-10-05 21:45:00-07:00,2025-10-06 04:45:00+00:00,REAL_TIME_5_MIN,URBAN_6_N001,Node,64.64986,53.08299,13.41946,-1.8526,0.0
2025-10-05 21:45:00-07:00,2025-10-06 04:45:00+00:00,2025-10-05 21:50:00-07:00,2025-10-06 04:50:00+00:00,REAL_TIME_5_MIN,URBAN_6_N001,Node,60.78036,50.45074,11.95918,-1.62956,0.0
2025-10-05 21:50:00-07:00,2025-10-06 04:50:00+00:00,2025-10-05 21:55:00-07:00,2025-10-06 04:55:00+00:00,REAL_TIME_5_MIN,URBAN_6_N001,Node,61.82042,51.70887,11.78175,-1.6702,0.0
2025-10-05 21:55:00-07:00,2025-10-06 04:55:00+00:00,2025-10-05 22:00:00-07:00,2025-10-06 05:00:00+00:00,REAL_TIME_5_MIN,URBAN_6_N001,Node,60.16053,51.37466,10.44527,-1.6594,0.0
2025-10-05 22:00:00-07:00,2025-10-06 05:00:00+00:00,2025-10-05 22:05:00-07:00,2025-10-06 05:05:00+00:00,REAL_TIME_5_MIN,URBAN_6_N001,Node,70.56948,57.0402,16.09039,-2.5611,0.0
2025-10-05 22:05:00-07:00,2025-10-06 05:05:00+00:00,2025-10-05 22:10:00-07:00,2025-10-06 05:10:00+00:00,REAL_TIME_5_MIN,URBAN_6_N001,Node,72.20599,56.84412,17.91417,-2.5523,0.0
2025-10-05 22:10:00-07:00,2025-10-06 05:10:00+00:00,2025-10-05 22:15:00-07:00,2025-10-06 05:15:00+00:00,REAL_TIME_5_MIN,URBAN_6_N001,Node,65.86338,55.72065,12.64459,-2.50186,0.0
2025-10-05 22:15:00-07:00,2025-10-06 05:15:00+00:00,2025-10-05 22:20:00-07:00,2025-10-06 05:20:00+00:00,REAL_TIME_5_MIN,URBAN_6_N001,Node,64.61231,54.42196,12.3509,-2.16055,0.0
2025-10-05 22:20:00-07:00,2025-10-06 05:20:00+00:00,2025-10-05 22:25:00-07:00,2025-10-06 05:25:00+00:00,REAL_TIME_5_MIN,URBAN_6_N001,Node,67.08106,56.442,12.87981,-2.24075,0.0
2025-10-05 22:25:00-07:00,2025-10-06 05:25:00+00:00,2025-10-05 22:30:00-07:00,2025-10-06 05:30:00+00:00,REAL_TIME_5_MIN,URBAN_6_N001,Node,64.034,55.73083,10.51569,-2.21251,0.0
2025-10-05 22:30:00-07:00,2025-10-06 05:30:00+00:00,2025-10-05 22:35:00-07:00,2025-10-06 05:35:00+00:00,REAL_TIME_5_MIN,URBAN_6_N001,Node,65.22413,55.23344,12.46515,-2.47446,0.0
2025-10-05 22:35:00-07:00,2025-10-06 05:35:00+00:00,2025-10-05 22:40:00-07:00,2025-10-06 05:40:00+00:00,REAL_TIME_5_MIN,URBAN_6_N001,Node,51.93929,54.3753,0.0,-2.43601,0.0
2025-10-05 22:40:00-07:00,2025-10-06 05:40:00+00:00,2025-10-05 22:45:00-07:00,2025-10-06 05:45:00+00:00,REAL_TIME_5_MIN,URBAN_6_N001,Node,51.75951,54.18709,0.0,-2.42758,0.0
2025-10-05 22:45:00-07:00,2025-10-06 05:45:00+00:00,2025-10-05 22:50:00-07:00,2025-10-06 05:50:00+00:00,REAL_TIME_5_MIN,URBAN_6_N001,Node,51.58585,54.00052,0.09095,-2.50562,0.0
2025-10-05 22:50:00-07:00,2025-10-06 05:50:00+00:00,2025-10-05 22:55:00-07:00,2025-10-06 05:55:00+00:00,REAL_TIME_5_MIN,URBAN_6_N001,Node,51.44798,53.95132,0.0,-2.50334,0.0
2025-10-05 22:55:00-07:00,2025-10-06 05:55:00+00:00,2025-10-05 23:00:00-07:00,2025-10-06 06:00:00+00:00,REAL_TIME_5_MIN,URBAN_6_N001,Node,51.42196,53.92404,0.0,-2.50208,0.0
2025-10-05 23:00:00-07:00,2025-10-06 06:00:00+00:00,2025-10-05 23:05:00-07:00,2025-10-06 06:05:00+00:00,REAL_TIME_5_MIN,URBAN_6_N001,Node,62.64458,54.90573,10.07234,-2.33349,0.0
2025-10-05 23:05:00-07:00,2025-10-06 06:05:00+00:00,2025-10-05 23:10:00-07:00,2025-10-06 06:10:00+00:00,REAL_TIME_5_MIN,URBAN_6_N001,Node,63.10789,55.10331,10.34647,-2.34189,0.0
2025-10-05 23:10:00-07:00,2025-10-06 06:10:00+00:00,2025-10-05 23:15:00-07:00,2025-10-06 06:15:00+00:00,REAL_TIME_5_MIN,URBAN_6_N001,Node,60.33664,56.12962,6.59253,-2.38551,0.0
2025-10-05 23:15:00-07:00,2025-10-06 06:15:00+00:00,2025-10-05 23:20:00-07:00,2025-10-06 06:20:00+00:00,REAL_TIME_5_MIN,URBAN_6_N001,Node,61.47856,56.0889,7.64444,-2.25477,0.0
2025-10-05 23:20:00-07:00,2025-10-06 06:20:00+00:00,2025-10-05 23:25:00-07:00,2025-10-06 06:25:00+00:00,REAL_TIME_5_MIN,URBAN_6_N001,Node,66.92352,55.8384,13.32982,-2.2447,0.0
2025-10-05 23:25:00-07:00,2025-10-06 06:25:00+00:00,2025-10-05 23:30:00-07:00,2025-10-06 06:30:00+00:00,REAL_TIME_5_MIN,URBAN_6_N001,Node,65.47027,56.978,10.78279,-2.29052,0.0
2025-10-05 23:30:00-07:00,2025-10-06 06:30:00+00:00,2025-10-05 23:35:00-07:00,2025-10-06 06:35:00+00:00,REAL_TIME_5_MIN,URBAN_6_N001,Node,57.98543,55.50938,4.61316,-2.13711,0.0
2025-10-05 23:35:00-07:00,2025-10-06 06:35:00+00:00,2025-10-05 23:40:00-07:00,2025-10-06 06:40:00+00:00,REAL_TIME_5_MIN,URBAN_6_N001,Node,59.38204,55.92171,5.61332,-2.15299,0.0
2025-10-05 23:40:00-07:00,2025-10-06 06:40:00+00:00,2025-10-05 23:45:00-07:00,2025-10-06 06:45:00+00:00,REAL_TIME_5_MIN,URBAN_6_N001,Node,54.22515,53.15052,3.12093,-2.04629,0.0
2025-10-05 23:45:00-07:00,2025-10-06 06:45:00+00:00,2025-10-05 23:50:00-07:00,2025-10-06 06:50:00+00:00,REAL_TIME_5_MIN,URBAN_6_N001,Node,51.35556,53.53067,0.05712,-2.23223,0.0
2025-10-05 23:50:00-07:00,2025-10-06 06:50:00+00:00,2025-10-05 23:55:00-07:00,2025-10-06 06:55:00+00:00,REAL_TIME_5_MIN,URBAN_6_N001,Node,51.71096,51.57074,2.29071,-2.1505,0.0
2025-10-05 23:55:00-07:00,2025-10-06 06:55:00+00:00,2025-10-06 00:00:00-07:00,2025-10-06 07:00:00+00:00,REAL_TIME_5_MIN,URBAN_6_N001,Node,50.1896,51.56944,0.77061,-2.15045,0.0
