interval_start_local,interval_start_utc,interval_end_local,interval_end_utc,market,location,location_type,lmp,energy,congestion,loss,ghg
2025-10-26 00:00:00-07:00,2025-10-26 07:00:00+00:00,2025-10-26 00:05:00-07:00,2025-10-26 07:05:00+00:00,REAL_TIME_5_MIN,OAKLAND_1_N001,Node,33.21547,33.42605,0.0,-0.21058,0.0
2025-10-26 00:00:00-07:00,2025-10-26 07:00:00+00:00,2025-10-26 00:05:00-07:00,2025-10-26 07:05:00+00:00,REAL_TIME_5_MIN,PGSF_2_PDRP58-APND,AP Node,33.99226,33.42605,0.0,0.56621,0.0
2025-10-26 00:00:00-07:00,2025-10-26 07:00:00+00:00,2025-10-26 00:05:00-07:00,2025-10-26 07:05:00+00:00,REAL_TIME_5_MIN,SNJOSEB_1_N001,Node,34.12465,33.42605,0.0,0.6986,0.0
2025-10-26 00:05:00-07:00,2025-10-26 07:05:00+00:00,2025-10-26 00:10:00-07:00,2025-10-26 07:10:00+00:00,REAL_TIME_5_MIN,OAKLAND_1_N001,Node,33.70511,33.9188,0.0,-0.21369,0.0
2025-10-26 00:05:00-07:00,2025-10-26 07:05:00+00:00,2025-10-26 00:10:00-07:00,2025-10-26 07:10:00+00:00,REAL_TIME_5_MIN,PGSF_2_PDRP58-APND,AP Node,34.49336,33.9188,0.0,0.57456,0.0
2025-10-26 00:05:00-07:00,2025-10-26 07:05:00+00:00,2025-10-26 00:10:00-07:00,2025-10-26 07:10:00+00:00,REAL_TIME_5_MIN,SNJOSEB_1_N001,Node,34.62771,33.9188,0.0,0.7089,0.0
2025-10-26 00:10:00-07:00,2025-10-26 07:10:00+00:00,2025-10-26 00:15:00-07:00,2025-10-26 07:15:00+00:00,REAL_TIME_5_MIN,OAKLAND_1_N001,Node,33.24513,33.4559,0.0,-0.21077,0.0
2025-10-26 00:10:00-07:00,2025-10-26 07:10:00+00:00,2025-10-26 00:15:00-07:00,2025-10-26 07:15:00+00:00,REAL_TIME_5_MIN,PGSF_2_PDRP58-APND,AP Node,34.02262,33.4559,0.0,0.56671,0.0
2025-10-26 00:10:00-07:00,2025-10-26 07:10:00+00:00,2025-10-26 00:15:00-07:00,2025-10-26 07:15:00+00:00,REAL_TIME_5_MIN,SNJOSEB_1_N001,Node,34.15513,33.4559,0.0,0.69923,0.0
2025-10-26 00:15:00-07:00,2025-10-26 07:15:00+00:00,2025-10-26 00:20:00-07:00,2025-10-26 07:20:00+00:00,REAL_TIME_5_MIN,OAKLAND_1_N001,Node,33.15284,33.36975,0.0,-0.2169,0.0
2025-10-26 00:15:00-07:00,2025-10-26 07:15:00+00:00,2025-10-26 00:20:00-07:00,2025-10-26 07:20:00+00:00,REAL_TIME_5_MIN,PGSF_2_PDRP58-APND,AP Node,33.92499,33.36975,0.0,0.55524,0.0
2025-10-26 00:15:00-07:00,2025-10-26 07:15:00+00:00,2025-10-26 00:20:00-07:00,2025-10-26 07:20:00+00:00,REAL_TIME_5_MIN,SNJOSEB_1_N001,Node,34.06717,33.36975,0.0,0.69743,0.0
2025-10-26 00:20:00-07:00,2025-10-26 07:20:00+00:00,2025-10-26 00:25:00-07:00,2025-10-26 07:25:00+00:00,REAL_TIME_5_MIN,OAKLAND_1_N001,Node,33.70229,33.92278,0.0,-0.2205,0.0
2025-10-26 00:20:00-07:00,2025-10-26 07:20:00+00:00,2025-10-26 00:25:00-07:00,2025-10-26 07:25:00+00:00,REAL_TIME_5_MIN,PGSF_2_PDRP58-APND,AP Node,34.48723,33.92278,0.0,0.56445,0.0
2025-10-26 00:20:00-07:00,2025-10-26 07:20:00+00:00,2025-10-26 00:25:00-07:00,2025-10-26 07:25:00+00:00,REAL_TIME_5_MIN,SNJOSEB_1_N001,Node,34.63177,33.92278,0.0,0.70899,0.0
2025-10-26 00:25:00-07:00,2025-10-26 07:25:00+00:00,2025-10-26 00:30:00-07:00,2025-10-26 07:30:00+00:00,REAL_TIME_5_MIN,OAKLAND_1_N001,Node,34.7331,34.96034,0.0,-0.22724,0.0
2025-10-26 00:25:00-07:00,2025-10-26 07:25:00+00:00,2025-10-26 00:30:00-07:00,2025-10-26 07:30:00+00:00,REAL_TIME_5_MIN,PGSF_2_PDRP58-APND,AP Node,35.54205,34.96034,0.0,0.58171,0.0
2025-10-26 00:25:00-07:00,2025-10-26 07:25:00+00:00,2025-10-26 00:30:00-07:00,2025-10-26 07:30:00+00:00,REAL_TIME_5_MIN,SNJOSEB_1_N001,Node,35.69101,34.96034,0.0,0.73067,0.0
2025-10-26 00:30:00-07:00,2025-10-26 07:30:00+00:00,2025-10-26 00:35:00-07:00,2025-10-26 07:35:00+00:00,REAL_TIME_5_MIN,OAKLAND_1_N001,Node,34.6568,34.89759,0.0,-0.24079,0.0
2025-10-26 00:30:00-07:00,2025-10-26 07:30:00+00:00,2025-10-26 00:35:00-07:00,2025-10-26 07:35:00+00:00,REAL_TIME_5_MIN,PGSF_2_PDRP58-APND,AP Node,35.48436,34.89759,0.0,0.58677,0.0
2025-10-26 00:30:00-07:00,2025-10-26 07:30:00+00:00,2025-10-26 00:35:00-07:00,2025-10-26 07:35:00+00:00,REAL_TIME_5_MIN,SNJOSEB_1_N001,Node,35.62695,34.89759,0.0,0.72936,0.0
2025-10-26 00:35:00-07:00,2025-10-26 07:35:00+00:00,2025-10-26 00:40:00-07:00,2025-10-26 07:40:00+00:00,REAL_TIME_5_MIN,OAKLAND_1_N001,Node,34.6568,34.89759,0.0,-0.24079,0.0
2025-10-26 00:35:00-07:00,2025-10-26 07:35:00+00:00,2025-10-26 00:40:00-07:00,2025-10-26 07:40:00+00:00,REAL_TIME_5_MIN,PGSF_2_PDRP58-APND,AP Node,35.48436,34.89759,0.0,0.58677,0.0
2025-10-26 00:35:00-07:00,2025-10-26 07:35:00+00:00,2025-10-26 00:40:00-07:00,2025-10-26 07:40:00+00:00,REAL_TIME_5_MIN,SNJOSEB_1_N001,Node,35.62695,34.89759,0.0,0.72936,0.0
2025-10-26 00:40:00-07:00,2025-10-26 07:40:00+00:00,2025-10-26 00:45:00-07:00,2025-10-26 07:45:00+00:00,REAL_TIME_5_MIN,OAKLAND_1_N001,Node,33.73981,33.97424,0.0,-0.23442,0.0
2025-10-26 00:40:00-07:00,2025-10-26 07:40:00+00:00,2025-10-26 00:45:00-07:00,2025-10-26 07:45:00+00:00,REAL_TIME_5_MIN,PGSF_2_PDRP58-APND,AP Node,34.54548,33.97424,0.0,0.57124,0.0
2025-10-26 00:40:00-07:00,2025-10-26 07:40:00+00:00,2025-10-26 00:45:00-07:00,2025-10-26 07:45:00+00:00,REAL_TIME_5_MIN,SNJOSEB_1_N001,Node,34.6843,33.97424,0.0,0.71006,0.0
2025-10-26 00:45:00-07:00,2025-10-26 07:45:00+00:00,2025-10-26 00:50:00-07:00,2025-10-26 07:50:00+00:00,REAL_TIME_5_MIN,OAKLAND_1_N001,Node,33.87444,34.00366,0.0,-0.12921,0.0
2025-10-26 00:45:00-07:00,2025-10-26 07:45:00+00:00,2025-10-26 00:50:00-07:00,2025-10-26 07:50:00+00:00,REAL_TIME_5_MIN,PGSF_2_PDRP58-APND,AP Node,34.86194,34.00366,0.0,0.85829,0.0
2025-10-26 00:45:00-07:00,2025-10-26 07:45:00+00:00,2025-10-26 00:50:00-07:00,2025-10-26 07:50:00+00:00,REAL_TIME_5_MIN,SNJOSEB_1_N001,Node,34.83335,34.00366,0.0,0.82969,0.0
2025-10-26 00:50:00-07:00,2025-10-26 07:50:00+00:00,2025-10-26 00:55:00-07:00,2025-10-26 07:55:00+00:00,REAL_TIME_5_MIN,OAKLAND_1_N001,Node,33.87444,34.00366,0.0,-0.12921,0.0
2025-10-26 00:50:00-07:00,2025-10-26 07:50:00+00:00,2025-10-26 00:55:00-07:00,2025-10-26 07:55:00+00:00,REAL_TIME_5_MIN,PGSF_2_PDRP58-APND,AP Node,34.86194,34.00366,0.0,0.85829,0.0
2025-10-26 00:50:00-07:00,2025-10-26 07:50:00+00:00,2025-10-26 00:55:00-07:00,2025-10-26 07:55:00+00:00,REAL_TIME_5_MIN,SNJOSEB_1_N001,Node,34.83335,34.00366,0.0,0.82969,0.0
2025-10-26 00:55:00-07:00,2025-10-26 07:55:00+00:00,2025-10-26 01:00:00-07:00,2025-10-26 08:00:00+00:00,REAL_TIME_5_MIN,OAKLAND_1_N001,Node,34.14822,34.27848,0.0,-0.13026,0.0
2025-10-26 00:55:00-07:00,2025-10-26 07:55:00+00:00,2025-10-26 01:00:00-07:00,2025-10-26 08:00:00+00:00,REAL_TIME_5_MIN,PGSF_2_PDRP58-APND,AP Node,35.14371,34.27848,0.0,0.86522,0.0
2025-10-26 00:55:00-07:00,2025-10-26 07:55:00+00:00,2025-10-26 01:00:00-07:00,2025-10-26 08:00:00+00:00,REAL_TIME_5_MIN,SNJOSEB_1_N001,Node,35.11488,34.27848,0.0,0.83639,0.0
2025-10-26 01:00:00-07:00,2025-10-26 08:00:00+00:00,2025-10-26 01:05:00-07:00,2025-10-26 08:05:00+00:00,REAL_TIME_5_MIN,OAKLAND_1_N001,Node,34.93009,34.91961,0.0,0.01048,0.0
2025-10-26 01:00:00-07:00,2025-10-26 08:00:00+00:00,2025-10-26 01:05:00-07:00,2025-10-26 08:05:00+00:00,REAL_TIME_5_MIN,PGSF_2_PDRP58-APND,AP Node,35.74513,34.91961,0.0,0.82552,0.0
2025-10-26 01:00:00-07:00,2025-10-26 08:00:00+00:00,2025-10-26 01:05:00-07:00,2025-10-26 08:05:00+00:00,REAL_TIME_5_MIN,SNJOSEB_1_N001,Node,35.8799,34.91961,0.0,0.96029,0.0
2025-10-26 01:05:00-07:00,2025-10-26 08:05:00+00:00,2025-10-26 01:10:00-07:00,2025-10-26 08:10:00+00:00,REAL_TIME_5_MIN,OAKLAND_1_N001,Node,34.9085,34.89803,0.0,0.01047,0.0
2025-10-26 01:05:00-07:00,2025-10-26 08:05:00+00:00,2025-10-26 01:10:00-07:00,2025-10-26 08:10:00+00:00,REAL_TIME_5_MIN,PGSF_2_PDRP58-APND,AP Node,35.72304,34.89803,0.0,0.82501,0.0
2025-10-26 01:05:00-07:00,2025-10-26 08:05:00+00:00,2025-10-26 01:10:00-07:00,2025-10-26 08:10:00+00:00,REAL_TIME_5_MIN,SNJOSEB_1_N001,Node,35.85772,34.89803,0.0,0.9597,0.0
2025-10-26 01:10:00-07:00,2025-10-26 08:10:00+00:00,2025-10-26 01:15:00-07:00,2025-10-26 08:15:00+00:00,REAL_TIME_5_MIN,OAKLAND_1_N001,Node,34.61298,34.6026,0.0,0.01038,0.0
2025-10-26 01:10:00-07:00,2025-10-26 08:10:00+00:00,2025-10-26 01:15:00-07:00,2025-10-26 08:15:00+00:00,REAL_TIME_5_MIN,PGSF_2_PDRP58-APND,AP Node,35.42062,34.6026,0.0,0.81803,0.0
2025-10-26 01:10:00-07:00,2025-10-26 08:10:00+00:00,2025-10-26 01:15:00-07:00,2025-10-26 08:15:00+00:00,REAL_TIME_5_MIN,SNJOSEB_1_N001,Node,35.55417,34.6026,0.0,0.95157,0.0
2025-10-26 01:15:00-07:00,2025-10-26 08:15:00+00:00,2025-10-26 01:20:00-07:00,2025-10-26 08:20:00+00:00,REAL_TIME_5_MIN,OAKLAND_1_N001,Node,34.11169,34.139,0.0,-0.02731,0.0
2025-10-26 01:15:00-07:00,2025-10-26 08:15:00+00:00,2025-10-26 01:20:00-07:00,2025-10-26 08:20:00+00:00,REAL_TIME_5_MIN,PGSF_2_PDRP58-APND,AP Node,34.94612,34.139,0.0,0.80711,0.0
2025-10-26 01:15:00-07:00,2025-10-26 08:15:00+00:00,2025-10-26 01:20:00-07:00,2025-10-26 08:20:00+00:00,REAL_TIME_5_MIN,SNJOSEB_1_N001,Node,35.05734,34.139,0.0,0.91834,0.0
2025-10-26 01:20:00-07:00,2025-10-26 08:20:00+00:00,2025-10-26 01:25:00-07:00,2025-10-26 08:25:00+00:00,REAL_TIME_5_MIN,OAKLAND_1_N001,Node,34.65795,34.6857,0.0,-0.02775,0.0
2025-10-26 01:20:00-07:00,2025-10-26 08:20:00+00:00,2025-10-26 01:25:00-07:00,2025-10-26 08:25:00+00:00,REAL_TIME_5_MIN,PGSF_2_PDRP58-APND,AP Node,35.50574,34.6857,0.0,0.82004,0.0
2025-10-26 01:20:00-07:00,2025-10-26 08:20:00+00:00,2025-10-26 01:25:00-07:00,2025-10-26 08:25:00+00:00,REAL_TIME_5_MIN,SNJOSEB_1_N001,Node,35.61875,34.6857,0.0,0.93305,0.0
2025-10-26 01:25:00-07:00,2025-10-26 08:25:00+00:00,2025-10-26 01:30:00-07:00,2025-10-26 08:30:00+00:00,REAL_TIME_5_MIN,OAKLAND_1_N001,Node,34.84088,34.86877,0.0,-0.0279,0.0
2025-10-26 01:25:00-07:00,2025-10-26 08:25:00+00:00,2025-10-26 01:30:00-07:00,2025-10-26 08:30:00+00:00,REAL_TIME_5_MIN,PGSF_2_PDRP58-APND,AP Node,35.69314,34.86877,0.0,0.82437,0.0
2025-10-26 01:25:00-07:00,2025-10-26 08:25:00+00:00,2025-10-26 01:30:00-07:00,2025-10-26 08:30:00+00:00,REAL_TIME_5_MIN,SNJOSEB_1_N001,Node,35.80674,34.86877,0.0,0.93797,0.0
2025-10-26 01:30:00-07:00,2025-10-26 08:30:00+00:00,2025-10-26 01:35:00-07:00,2025-10-26 08:35:00+00:00,REAL_TIME_5_MIN,OAKLAND_1_N001,Node,34.69867,34.81355,0.0,-0.11488,0.0
2025-10-26 01:30:00-07:00,2025-10-26 08:30:00+00:00,2025-10-26 01:35:00-07:00,2025-10-26 08:35:00+00:00,REAL_TIME_5_MIN,PGSF_2_PDRP58-APND,AP Node,35.4787,34.81355,0.0,0.66515,0.0
2025-10-26 01:30:00-07:00,2025-10-26 08:30:00+00:00,2025-10-26 01:35:00-07:00,2025-10-26 08:35:00+00:00,REAL_TIME_5_MIN,SNJOSEB_1_N001,Node,35.54116,34.81355,0.0,0.7276,0.0
2025-10-26 01:35:00-07:00,2025-10-26 08:35:00+00:00,2025-10-26 01:40:00-07:00,2025-10-26 08:40:00+00:00,REAL_TIME_5_MIN,OAKLAND_1_N001,Node,34.23665,34.35,0.0,-0.11335,0.0
2025-10-26 01:35:00-07:00,2025-10-26 08:35:00+00:00,2025-10-26 01:40:00-07:00,2025-10-26 08:40:00+00:00,REAL_TIME_5_MIN,PGSF_2_PDRP58-APND,AP Node,35.00629,34.35,0.0,0.65629,0.0
2025-10-26 01:35:00-07:00,2025-10-26 08:35:00+00:00,2025-10-26 01:40:00-07:00,2025-10-26 08:40:00+00:00,REAL_TIME_5_MIN,SNJOSEB_1_N001,Node,35.06792,34.35,0.0,0.71791,0.0
2025-10-26 01:40:00-07:00,2025-10-26 08:40:00+00:00,2025-10-26 01:45:00-07:00,2025-10-26 08:45:00+00:00,REAL_TIME_5_MIN,OAKLAND_1_N001,Node,33.7939,33.90579,0.0,-0.11189,0.0
2025-10-26 01:40:00-07:00,2025-10-26 08:40:00+00:00,2025-10-26 01:45:00-07:00,2025-10-26 08:45:00+00:00,REAL_TIME_5_MIN,PGSF_2_PDRP58-APND,AP Node,34.55359,33.90579,0.0,0.6478,0.0
2025-10-26 01:40:00-07:00,2025-10-26 08:40:00+00:00,2025-10-26 01:45:00-07:00,2025-10-26 08:45:00+00:00,REAL_TIME_5_MIN,SNJOSEB_1_N001,Node,34.61442,33.90579,0.0,0.70863,0.0
2025-10-26 01:45:00-07:00,2025-10-26 08:45:00+00:00,2025-10-26 01:50:00-07:00,2025-10-26 08:50:00+00:00,REAL_TIME_5_MIN,OAKLAND_1_N001,Node,33.89381,33.94813,0.0,-0.05432,0.0
2025-10-26 01:45:00-07:00,2025-10-26 08:45:00+00:00,2025-10-26 01:50:00-07:00,2025-10-26 08:50:00+00:00,REAL_TIME_5_MIN,PGSF_2_PDRP58-APND,AP Node,34.81864,33.94813,0.0,0.87051,0.0
2025-10-26 01:45:00-07:00,2025-10-26 08:45:00+00:00,2025-10-26 01:50:00-07:00,2025-10-26 08:50:00+00:00,REAL_TIME_5_MIN,SNJOSEB_1_N001,Node,34.71875,33.94813,0.0,0.77062,0.0
2025-10-26 01:50:00-07:00,2025-10-26 08:50:00+00:00,2025-10-26 01:55:00-07:00,2025-10-26 08:55:00+00:00,REAL_TIME_5_MIN,OAKLAND_1_N001,Node,33.02023,33.07315,0.0,-0.05292,0.0
2025-10-26 01:50:00-07:00,2025-10-26 08:50:00+00:00,2025-10-26 01:55:00-07:00,2025-10-26 08:55:00+00:00,REAL_TIME_5_MIN,PGSF_2_PDRP58-APND,AP Node,33.92123,33.07315,0.0,0.84808,0.0
2025-10-26 01:50:00-07:00,2025-10-26 08:50:00+00:00,2025-10-26 01:55:00-07:00,2025-10-26 08:55:00+00:00,REAL_TIME_5_MIN,SNJOSEB_1_N001,Node,33.82391,33.07315,0.0,0.75076,0.0
2025-10-26 01:55:00-07:00,2025-10-26 08:55:00+00:00,2025-10-26 02:00:00-07:00,2025-10-26 09:00:00+00:00,REAL_TIME_5_MIN,OAKLAND_1_N001,Node,32.47865,32.5307,0.0,-0.05205,0.0
2025-10-26 01:55:00-07:00,2025-10-26 08:55:00+00:00,2025-10-26 02:00:00-07:00,2025-10-26 09:00:00+00:00,REAL_TIME_5_MIN,PGSF_2_PDRP58-APND,AP Node,33.36487,32.5307,0.0,0.83417,0.0
2025-10-26 01:55:00-07:00,2025-10-26 08:55:00+00:00,2025-10-26 02:00:00-07:00,2025-10-26 09:00:00+00:00,REAL_TIME_5_MIN,SNJOSEB_1_N001,Node,33.26915,32.5307,0.0,0.73845,0.0
2025-10-26 02:00:00-07:00,2025-10-26 09:00:00+00:00,2025-10-26 02:05:00-07:00,2025-10-26 09:05:00+00:00,REAL_TIME_5_MIN,OAKLAND_1_N001,Node,34.42435,34.54873,0.0,-0.12438,0.0
2025-10-26 02:00:00-07:00,2025-10-26 09:00:00+00:00,2025-10-26 02:05:00-07:00,2025-10-26 09:05:00+00:00,REAL_TIME_5_MIN,PGSF_2_PDRP58-APND,AP Node,35.41866,34.54873,0.0,0.86993,0.0
2025-10-26 02:00:00-07:00,2025-10-26 09:00:00+00:00,2025-10-26 02:05:00-07:00,2025-10-26 09:05:00+00:00,REAL_TIME_5_MIN,SNJOSEB_1_N001,Node,35.35371,34.54873,0.0,0.80499,0.0
2025-10-26 02:05:00-07:00,2025-10-26 09:05:00+00:00,2025-10-26 02:10:00-07:00,2025-10-26 09:10:00+00:00,REAL_TIME_5_MIN,OAKLAND_1_N001,Node,33.83272,33.95496,0.0,-0.12224,0.0
2025-10-26 02:05:00-07:00,2025-10-26 09:05:00+00:00,2025-10-26 02:10:00-07:00,2025-10-26 09:10:00+00:00,REAL_TIME_5_MIN,PGSF_2_PDRP58-APND,AP Node,34.80994,33.95496,0.0,0.85498,0.0
2025-10-26 02:05:00-07:00,2025-10-26 09:05:00+00:00,2025-10-26 02:10:00-07:00,2025-10-26 09:10:00+00:00,REAL_TIME_5_MIN,SNJOSEB_1_N001,Node,34.74611,33.95496,0.0,0.79115,0.0
2025-10-26 02:10:00-07:00,2025-10-26 09:10:00+00:00,2025-10-26 02:15:00-07:00,2025-10-26 09:15:00+00:00,REAL_TIME_5_MIN,OAKLAND_1_N001,Node,33.2323,33.35237,0.0,-0.12007,0.0
2025-10-26 02:10:00-07:00,2025-10-26 09:10:00+00:00,2025-10-26 02:15:00-07:00,2025-10-26 09:15:00+00:00,REAL_TIME_5_MIN,PGSF_2_PDRP58-APND,AP Node,34.19218,33.35237,0.0,0.83981,0.0
2025-10-26 02:10:00-07:00,2025-10-26 09:10:00+00:00,2025-10-26 02:15:00-07:00,2025-10-26 09:15:00+00:00,REAL_TIME_5_MIN,SNJOSEB_1_N001,Node,34.12948,33.35237,0.0,0.77711,0.0
2025-10-26 02:15:00-07:00,2025-10-26 09:15:00+00:00,2025-10-26 02:20:00-07:00,2025-10-26 09:20:00+00:00,REAL_TIME_5_MIN,OAKLAND_1_N001,Node,32.82232,32.9972,0.0,-0.17489,0.0
2025-10-26 02:15:00-07:00,2025-10-26 09:15:00+00:00,2025-10-26 02:20:00-07:00,2025-10-26 09:20:00+00:00,REAL_TIME_5_MIN,PGSF_2_PDRP58-APND,AP Node,33.75011,32.9972,0.0,0.75291,0.0
2025-10-26 02:15:00-07:00,2025-10-26 09:15:00+00:00,2025-10-26 02:20:00-07:00,2025-10-26 09:20:00+00:00,REAL_TIME_5_MIN,SNJOSEB_1_N001,Node,33.67695,32.9972,0.0,0.67974,0.0
2025-10-26 02:20:00-07:00,2025-10-26 09:20:00+00:00,2025-10-26 02:25:00-07:00,2025-10-26 09:25:00+00:00,REAL_TIME_5_MIN,OAKLAND_1_N001,Node,32.92033,33.09574,0.0,-0.17541,0.0
2025-10-26 02:20:00-07:00,2025-10-26 09:20:00+00:00,2025-10-26 02:25:00-07:00,2025-10-26 09:25:00+00:00,REAL_TIME_5_MIN,PGSF_2_PDRP58-APND,AP Node,33.8509,33.09574,0.0,0.75516,0.0
2025-10-26 02:20:00-07:00,2025-10-26 09:20:00+00:00,2025-10-26 02:25:00-07:00,2025-10-26 09:25:00+00:00,REAL_TIME_5_MIN,SNJOSEB_1_N001,Node,33.77751,33.09574,0.0,0.68177,0.0
2025-10-26 02:25:00-07:00,2025-10-26 09:25:00+00:00,2025-10-26 02:30:00-07:00,2025-10-26 09:30:00+00:00,REAL_TIME_5_MIN,OAKLAND_1_N001,Node,32.88646,33.06169,0.0,-0.17523,0.0
2025-10-26 02:25:00-07:00,2025-10-26 09:25:00+00:00,2025-10-26 02:30:00-07:00,2025-10-26 09:30:00+00:00,REAL_TIME_5_MIN,PGSF_2_PDRP58-APND,AP Node,33.81607,33.06169,0.0,0.75438,0.0
2025-10-26 02:25:00-07:00,2025-10-26 09:25:00+00:00,2025-10-26 02:30:00-07:00,2025-10-26 09:30:00+00:00,REAL_TIME_5_MIN,SNJOSEB_1_N001,Node,33.74276,33.06169,0.0,0.68107,0.0
2025-10-26 02:30:00-07:00,2025-10-26 09:30:00+00:00,2025-10-26 02:35:00-07:00,2025-10-26 09:35:00+00:00,REAL_TIME_5_MIN,OAKLAND_1_N001,Node,33.06986,33.10296,0.0,-0.0331,0.0
2025-10-26 02:30:00-07:00,2025-10-26 09:30:00+00:00,2025-10-26 02:35:00-07:00,2025-10-26 09:35:00+00:00,REAL_TIME_5_MIN,PGSF_2_PDRP58-APND,AP Node,33.93442,33.10296,0.0,0.83146,0.0
2025-10-26 02:30:00-07:00,2025-10-26 09:30:00+00:00,2025-10-26 02:35:00-07:00,2025-10-26 09:35:00+00:00,REAL_TIME_5_MIN,SNJOSEB_1_N001,Node,33.80144,33.10296,0.0,0.69847,0.0
2025-10-26 02:35:00-07:00,2025-10-26 09:35:00+00:00,2025-10-26 02:40:00-07:00,2025-10-26 09:40:00+00:00,REAL_TIME_5_MIN,OAKLAND_1_N001,Node,33.06986,33.10296,0.0,-0.0331,0.0
2025-10-26 02:35:00-07:00,2025-10-26 09:35:00+00:00,2025-10-26 02:40:00-07:00,2025-10-26 09:40:00+00:00,REAL_TIME_5_MIN,PGSF_2_PDRP58-APND,AP Node,33.93442,33.10296,0.0,0.83146,0.0
2025-10-26 02:35:00-07:00,2025-10-26 09:35:00+00:00,2025-10-26 02:40:00-07:00,2025-10-26 09:40:00+00:00,REAL_TIME_5_MIN,SNJOSEB_1_N001,Node,33.80144,33.10296,0.0,0.69847,0.0
2025-10-26 02:40:00-07:00,2025-10-26 09:40:00+00:00,2025-10-26 02:45:00-07:00,2025-10-26 09:45:00+00:00,REAL_TIME_5_MIN,OAKLAND_1_N001,Node,33.06986,33.10296,0.0,-0.0331,0.0
2025-10-26 02:40:00-07:00,2025-10-26 09:40:00+00:00,2025-10-26 02:45:00-07:00,2025-10-26 09:45:00+00:00,REAL_TIME_5_MIN,PGSF_2_PDRP58-APND,AP Node,33.93442,33.10296,0.0,0.83146,0.0
2025-10-26 02:40:00-07:00,2025-10-26 09:40:00+00:00,2025-10-26 02:45:00-07:00,2025-10-26 09:45:00+00:00,REAL_TIME_5_MIN,SNJOSEB_1_N001,Node,33.80144,33.10296,0.0,0.69847,0.0
2025-10-26 02:45:00-07:00,2025-10-26 09:45:00+00:00,2025-10-26 02:50:00-07:00,2025-10-26 09:50:00+00:00,REAL_TIME_5_MIN,OAKLAND_1_N001,Node,33.12612,33.09633,0.0,0.02979,0.0
2025-10-26 02:45:00-07:00,2025-10-26 09:45:00+00:00,2025-10-26 02:50:00-07:00,2025-10-26 09:50:00+00:00,REAL_TIME_5_MIN,PGSF_2_PDRP58-APND,AP Node,33.97065,33.09633,0.0,0.87432,0.0
2025-10-26 02:45:00-07:00,2025-10-26 09:45:00+00:00,2025-10-26 02:50:00-07:00,2025-10-26 09:50:00+00:00,REAL_TIME_5_MIN,SNJOSEB_1_N001,Node,33.83107,33.09633,0.0,0.73474,0.0
2025-10-26 02:50:00-07:00,2025-10-26 09:50:00+00:00,2025-10-26 02:55:00-07:00,2025-10-26 09:55:00+00:00,REAL_TIME_5_MIN,OAKLAND_1_N001,Node,33.62815,33.59791,0.0,0.03024,0.0
2025-10-26 02:50:00-07:00,2025-10-26 09:50:00+00:00,2025-10-26 02:55:00-07:00,2025-10-26 09:55:00+00:00,REAL_TIME_5_MIN,PGSF_2_PDRP58-APND,AP Node,34.48548,33.59791,0.0,0.88757,0.0
2025-10-26 02:50:00-07:00,2025-10-26 09:50:00+00:00,2025-10-26 02:55:00-07:00,2025-10-26 09:55:00+00:00,REAL_TIME_5_MIN,SNJOSEB_1_N001,Node,34.34378,33.59791,0.0,0.74587,0.0
2025-10-26 02:55:00-07:00,2025-10-26 09:55:00+00:00,2025-10-26 03:00:00-07:00,2025-10-26 10:00:00+00:00,REAL_TIME_5_MIN,OAKLAND_1_N001,Node,34.00502,33.97445,0.0,0.03058,0.0
2025-10-26 02:55:00-07:00,2025-10-26 09:55:00+00:00,2025-10-26 03:00:00-07:00,2025-10-26 10:00:00+00:00,REAL_TIME_5_MIN,PGSF_2_PDRP58-APND,AP Node,34.87196,33.97445,0.0,0.89752,0.0
2025-10-26 02:55:00-07:00,2025-10-26 09:55:00+00:00,2025-10-26 03:00:00-07:00,2025-10-26 10:00:00+00:00,REAL_TIME_5_MIN,SNJOSEB_1_N001,Node,34.72868,33.97445,0.0,0.75423,0.0
2025-10-26 03:00:00-07:00,2025-10-26 10:00:00+00:00,2025-10-26 03:05:00-07:00,2025-10-26 10:05:00+00:00,REAL_TIME_5_MIN,OAKLAND_1_N001,Node,34.58363,34.29215,0.0,0.29148,0.0
2025-10-26 03:00:00-07:00,2025-10-26 10:00:00+00:00,2025-10-26 03:05:00-07:00,2025-10-26 10:05:00+00:00,REAL_TIME_5_MIN,PGSF_2_PDRP58-APND,AP Node,35.47582,34.29215,0.0,1.18367,0.0
2025-10-26 03:00:00-07:00,2025-10-26 10:00:00+00:00,2025-10-26 03:05:00-07:00,2025-10-26 10:05:00+00:00,REAL_TIME_5_MIN,SNJOSEB_1_N001,Node,35.35863,34.29215,0.0,1.06649,0.0
2025-10-26 03:05:00-07:00,2025-10-26 10:05:00+00:00,2025-10-26 03:10:00-07:00,2025-10-26 10:10:00+00:00,REAL_TIME_5_MIN,OAKLAND_1_N001,Node,34.53469,34.24362,0.0,0.29107,0.0
2025-10-26 03:05:00-07:00,2025-10-26 10:05:00+00:00,2025-10-26 03:10:00-07:00,2025-10-26 10:10:00+00:00,REAL_TIME_5_MIN,PGSF_2_PDRP58-APND,AP Node,35.42562,34.24362,0.0,1.182,0.0
2025-10-26 03:05:00-07:00,2025-10-26 10:05:00+00:00,2025-10-26 03:10:00-07:00,2025-10-26 10:10:00+00:00,REAL_TIME_5_MIN,SNJOSEB_1_N001,Node,35.30859,34.24362,0.0,1.06498,0.0
2025-10-26 03:10:00-07:00,2025-10-26 10:10:00+00:00,2025-10-26 03:15:00-07:00,2025-10-26 10:15:00+00:00,REAL_TIME_5_MIN,OAKLAND_1_N001,Node,34.58363,34.29215,0.0,0.29148,0.0
2025-10-26 03:10:00-07:00,2025-10-26 10:10:00+00:00,2025-10-26 03:15:00-07:00,2025-10-26 10:15:00+00:00,REAL_TIME_5_MIN,PGSF_2_PDRP58-APND,AP Node,35.47582,34.29215,0.0,1.18367,0.0
2025-10-26 03:10:00-07:00,2025-10-26 10:10:00+00:00,2025-10-26 03:15:00-07:00,2025-10-26 10:15:00+00:00,REAL_TIME_5_MIN,SNJOSEB_1_N001,Node,35.35863,34.29215,0.0,1.06649,0.0
2025-10-26 03:15:00-07:00,2025-10-26 10:15:00+00:00,2025-10-26 03:20:00-07:00,2025-10-26 10:20:00+00:00,REAL_TIME_5_MIN,OAKLAND_1_N001,Node,35.3483,34.94987,0.0,0.39843,0.0
2025-10-26 03:15:00-07:00,2025-10-26 10:15:00+00:00,2025-10-26 03:20:00-07:00,2025-10-26 10:20:00+00:00,REAL_TIME_5_MIN,PGSF_2_PDRP58-APND,AP Node,36.24712,34.94987,0.0,1.29725,0.0
2025-10-26 03:15:00-07:00,2025-10-26 10:15:00+00:00,2025-10-26 03:20:00-07:00,2025-10-26 10:20:00+00:00,REAL_TIME_5_MIN,SNJOSEB_1_N001,Node,36.12768,34.94987,0.0,1.17781,0.0
2025-10-26 03:20:00-07:00,2025-10-26 10:20:00+00:00,2025-10-26 03:25:00-07:00,2025-10-26 10:25:00+00:00,REAL_TIME_5_MIN,OAKLAND_1_N001,Node,35.46764,35.06787,0.0,0.39977,0.0
2025-10-26 03:20:00-07:00,2025-10-26 10:20:00+00:00,2025-10-26 03:25:00-07:00,2025-10-26 10:25:00+00:00,REAL_TIME_5_MIN,PGSF_2_PDRP58-APND,AP Node,36.3695,35.06787,0.0,1.30163,0.0
2025-10-26 03:20:00-07:00,2025-10-26 10:20:00+00:00,2025-10-26 03:25:00-07:00,2025-10-26 10:25:00+00:00,REAL_TIME_5_MIN,SNJOSEB_1_N001,Node,36.24966,35.06787,0.0,1.18179,0.0
2025-10-26 03:25:00-07:00,2025-10-26 10:25:00+00:00,2025-10-26 03:30:00-07:00,2025-10-26 10:30:00+00:00,REAL_TIME_5_MIN,OAKLAND_1_N001,Node,35.4727,35.07287,0.0,0.39983,0.0
2025-10-26 03:25:00-07:00,2025-10-26 10:25:00+00:00,2025-10-26 03:30:00-07:00,2025-10-26 10:30:00+00:00,REAL_TIME_5_MIN,PGSF_2_PDRP58-APND,AP Node,36.37468,35.07287,0.0,1.30181,0.0
2025-10-26 03:25:00-07:00,2025-10-26 10:25:00+00:00,2025-10-26 03:30:00-07:00,2025-10-26 10:30:00+00:00,REAL_TIME_5_MIN,SNJOSEB_1_N001,Node,36.25482,35.07287,0.0,1.18196,0.0
2025-10-26 03:30:00-07:00,2025-10-26 10:30:00+00:00,2025-10-26 03:35:00-07:00,2025-10-26 10:35:00+00:00,REAL_TIME_5_MIN,OAKLAND_1_N001,Node,34.52052,34.14493,0.0,0.37559,0.0
2025-10-26 03:30:00-07:00,2025-10-26 10:30:00+00:00,2025-10-26 03:35:00-07:00,2025-10-26 10:35:00+00:00,REAL_TIME_5_MIN,PGSF_2_PDRP58-APND,AP Node,35.35084,34.14493,0.0,1.20591,0.0
2025-10-26 03:30:00-07:00,2025-10-26 10:30:00+00:00,2025-10-26 03:35:00-07:00,2025-10-26 10:35:00+00:00,REAL_TIME_5_MIN,SNJOSEB_1_N001,Node,35.18635,34.14493,0.0,1.04142,0.0
2025-10-26 03:35:00-07:00,2025-10-26 10:35:00+00:00,2025-10-26 03:40:00-07:00,2025-10-26 10:40:00+00:00,REAL_TIME_5_MIN,OAKLAND_1_N001,Node,34.52069,34.1451,0.0,0.3756,0.0
2025-10-26 03:35:00-07:00,2025-10-26 10:35:00+00:00,2025-10-26 03:40:00-07:00,2025-10-26 10:40:00+00:00,REAL_TIME_5_MIN,PGSF_2_PDRP58-APND,AP Node,35.35101,34.1451,0.0,1.20591,0.0
2025-10-26 03:35:00-07:00,2025-10-26 10:35:00+00:00,2025-10-26 03:40:00-07:00,2025-10-26 10:40:00+00:00,REAL_TIME_5_MIN,SNJOSEB_1_N001,Node,35.18652,34.1451,0.0,1.04143,0.0
2025-10-26 03:40:00-07:00,2025-10-26 10:40:00+00:00,2025-10-26 03:45:00-07:00,2025-10-26 10:45:00+00:00,REAL_TIME_5_MIN,OAKLAND_1_N001,Node,34.52052,34.14493,0.0,0.37559,0.0
2025-10-26 03:40:00-07:00,2025-10-26 10:40:00+00:00,2025-10-26 03:45:00-07:00,2025-10-26 10:45:00+00:00,REAL_TIME_5_MIN,PGSF_2_PDRP58-APND,AP Node,35.35084,34.14493,0.0,1.20591,0.0
2025-10-26 03:40:00-07:00,2025-10-26 10:40:00+00:00,2025-10-26 03:45:00-07:00,2025-10-26 10:45:00+00:00,REAL_TIME_5_MIN,SNJOSEB_1_N001,Node,35.18635,34.14493,0.0,1.04142,0.0
2025-10-26 03:45:00-07:00,2025-10-26 10:45:00+00:00,2025-10-26 03:50:00-07:00,2025-10-26 10:50:00+00:00,REAL_TIME_5_MIN,OAKLAND_1_N001,Node,34.88784,34.50143,0.0,0.38642,0.0
2025-10-26 03:45:00-07:00,2025-10-26 10:45:00+00:00,2025-10-26 03:50:00-07:00,2025-10-26 10:50:00+00:00,REAL_TIME_5_MIN,PGSF_2_PDRP58-APND,AP Node,35.71993,34.50143,0.0,1.2185,0.0
2025-10-26 03:45:00-07:00,2025-10-26 10:45:00+00:00,2025-10-26 03:50:00-07:00,2025-10-26 10:50:00+00:00,REAL_TIME_5_MIN,SNJOSEB_1_N001,Node,35.55372,34.50143,0.0,1.05229,0.0
2025-10-26 03:50:00-07:00,2025-10-26 10:50:00+00:00,2025-10-26 03:55:00-07:00,2025-10-26 10:55:00+00:00,REAL_TIME_5_MIN,OAKLAND_1_N001,Node,34.94083,34.55383,0.0,0.387,0.0
2025-10-26 03:50:00-07:00,2025-10-26 10:50:00+00:00,2025-10-26 03:55:00-07:00,2025-10-26 10:55:00+00:00,REAL_TIME_5_MIN,PGSF_2_PDRP58-APND,AP Node,35.77418,34.55383,0.0,1.22035,0.0
2025-10-26 03:50:00-07:00,2025-10-26 10:50:00+00:00,2025-10-26 03:55:00-07:00,2025-10-26 10:55:00+00:00,REAL_TIME_5_MIN,SNJOSEB_1_N001,Node,35.60772,34.55383,0.0,1.05389,0.0
2025-10-26 03:55:00-07:00,2025-10-26 10:55:00+00:00,2025-10-26 04:00:00-07:00,2025-10-26 11:00:00+00:00,REAL_TIME_5_MIN,OAKLAND_1_N001,Node,34.93719,34.55023,0.0,0.38696,0.0
2025-10-26 03:55:00-07:00,2025-10-26 10:55:00+00:00,2025-10-26 04:00:00-07:00,2025-10-26 11:00:00+00:00,REAL_TIME_5_MIN,PGSF_2_PDRP58-APND,AP Node,35.77045,34.55023,0.0,1.22022,0.0
2025-10-26 03:55:00-07:00,2025-10-26 10:55:00+00:00,2025-10-26 04:00:00-07:00,2025-10-26 11:00:00+00:00,REAL_TIME_5_MIN,SNJOSEB_1_N001,Node,35.60401,34.55023,0.0,1.05378,0.0
2025-10-26 04:00:00-07:00,2025-10-26 11:00:00+00:00,2025-10-26 04:05:00-07:00,2025-10-26 11:05:00+00:00,REAL_TIME_5_MIN,OAKLAND_1_N001,Node,36.08828,35.64275,0.0,0.44553,0.0
2025-10-26 04:00:00-07:00,2025-10-26 11:00:00+00:00,2025-10-26 04:05:00-07:00,2025-10-26 11:05:00+00:00,REAL_TIME_5_MIN,PGSF_2_PDRP58-APND,AP Node,36.97156,35.64275,0.0,1.32881,0.0
2025-10-26 04:00:00-07:00,2025-10-26 11:00:00+00:00,2025-10-26 04:05:00-07:00,2025-10-26 11:05:00+00:00,REAL_TIME_5_MIN,SNJOSEB_1_N001,Node,36.82965,35.64275,0.0,1.1869,0.0
2025-10-26 04:05:00-07:00,2025-10-26 11:05:00+00:00,2025-10-26 04:10:00-07:00,2025-10-26 11:10:00+00:00,REAL_TIME_5_MIN,OAKLAND_1_N001,Node,36.08828,35.64275,0.0,0.44553,0.0
2025-10-26 04:05:00-07:00,2025-10-26 11:05:00+00:00,2025-10-26 04:10:00-07:00,2025-10-26 11:10:00+00:00,REAL_TIME_5_MIN,PGSF_2_PDRP58-APND,AP Node,36.97156,35.64275,0.0,1.32881,0.0
2025-10-26 04:05:00-07:00,2025-10-26 11:05:00+00:00,2025-10-26 04:10:00-07:00,2025-10-26 11:10:00+00:00,REAL_TIME_5_MIN,SNJOSEB_1_N001,Node,36.82965,35.64275,0.0,1.1869,0.0
2025-10-26 04:10:00-07:00,2025-10-26 11:10:00+00:00,2025-10-26 04:15:00-07:00,2025-10-26 11:15:00+00:00,REAL_TIME_5_MIN,OAKLAND_1_N001,Node,36.32498,35.87652,0.0,0.44846,0.0
2025-10-26 04:10:00-07:00,2025-10-26 11:10:00+00:00,2025-10-26 04:15:00-07:00,2025-10-26 11:15:00+00:00,REAL_TIME_5_MIN,PGSF_2_PDRP58-APND,AP Node,37.21405,35.87652,0.0,1.33753,0.0
2025-10-26 04:10:00-07:00,2025-10-26 11:10:00+00:00,2025-10-26 04:15:00-07:00,2025-10-26 11:15:00+00:00,REAL_TIME_5_MIN,SNJOSEB_1_N001,Node,37.07121,35.87652,0.0,1.19469,0.0
2025-10-26 04:15:00-07:00,2025-10-26 11:15:00+00:00,2025-10-26 04:20:00-07:00,2025-10-26 11:20:00+00:00,REAL_TIME_5_MIN,OAKLAND_1_N001,Node,37.66865,37.14857,0.0,0.52008,0.0
2025-10-26 04:15:00-07:00,2025-10-26 11:15:00+00:00,2025-10-26 04:20:00-07:00,2025-10-26 11:20:00+00:00,REAL_TIME_5_MIN,PGSF_2_PDRP58-APND,AP Node,38.5781,37.14857,0.0,1.42953,0.0
2025-10-26 04:15:00-07:00,2025-10-26 11:15:00+00:00,2025-10-26 04:20:00-07:00,2025-10-26 11:20:00+00:00,REAL_TIME_5_MIN,SNJOSEB_1_N001,Node,38.4302,37.14857,0.0,1.28163,0.0
2025-10-26 04:20:00-07:00,2025-10-26 11:20:00+00:00,2025-10-26 04:25:00-07:00,2025-10-26 11:25:00+00:00,REAL_TIME_5_MIN,OAKLAND_1_N001,Node,37.77506,37.25351,0.0,0.52155,0.0
2025-10-26 04:20:00-07:00,2025-10-26 11:20:00+00:00,2025-10-26 04:25:00-07:00,2025-10-26 11:25:00+00:00,REAL_TIME_5_MIN,PGSF_2_PDRP58-APND,AP Node,38.68707,37.25351,0.0,1.43357,0.0
2025-10-26 04:20:00-07:00,2025-10-26 11:20:00+00:00,2025-10-26 04:25:00-07:00,2025-10-26 11:25:00+00:00,REAL_TIME_5_MIN,SNJOSEB_1_N001,Node,38.53875,37.25351,0.0,1.28525,0.0
2025-10-26 04:25:00-07:00,2025-10-26 11:25:00+00:00,2025-10-26 04:30:00-07:00,2025-10-26 11:30:00+00:00,REAL_TIME_5_MIN,OAKLAND_1_N001,Node,37.77506,37.25351,0.0,0.52155,0.0
2025-10-26 04:25:00-07:00,2025-10-26 11:25:00+00:00,2025-10-26 04:30:00-07:00,2025-10-26 11:30:00+00:00,REAL_TIME_5_MIN,PGSF_2_PDRP58-APND,AP Node,38.68707,37.25351,0.0,1.43357,0.0
2025-10-26 04:25:00-07:00,2025-10-26 11:25:00+00:00,2025-10-26 04:30:00-07:00,2025-10-26 11:30:00+00:00,REAL_TIME_5_MIN,SNJOSEB_1_N001,Node,38.53875,37.25351,0.0,1.28525,0.0
2025-10-26 04:30:00-07:00,2025-10-26 11:30:00+00:00,2025-10-26 04:35:00-07:00,2025-10-26 11:35:00+00:00,REAL_TIME_5_MIN,OAKLAND_1_N001,Node,35.3047,35.3047,0.0,0.0,0.0
2025-10-26 04:30:00-07:00,2025-10-26 11:30:00+00:00,2025-10-26 04:35:00-07:00,2025-10-26 11:35:00+00:00,REAL_TIME_5_MIN,PGSF_2_PDRP58-APND,AP Node,35.3047,35.3047,0.0,0.0,0.0
2025-10-26 04:30:00-07:00,2025-10-26 11:30:00+00:00,2025-10-26 04:35:00-07:00,2025-10-26 11:35:00+00:00,REAL_TIME_5_MIN,SNJOSEB_1_N001,Node,35.3047,35.3047,0.0,0.0,0.0
2025-10-26 04:35:00-07:00,2025-10-26 11:35:00+00:00,2025-10-26 04:40:00-07:00,2025-10-26 11:40:00+00:00,REAL_TIME_5_MIN,OAKLAND_1_N001,Node,35.3047,35.3047,0.0,0.0,0.0
2025-10-26 04:35:00-07:00,2025-10-26 11:35:00+00:00,2025-10-26 04:40:00-07:00,2025-10-26 11:40:00+00:00,REAL_TIME_5_MIN,PGSF_2_PDRP58-APND,AP Node,35.3047,35.3047,0.0,0.0,0.0
2025-10-26 04:35:00-07:00,2025-10-26 11:35:00+00:00,2025-10-26 04:40:00-07:00,2025-10-26 11:40:00+00:00,REAL_TIME_5_MIN,SNJOSEB_1_N001,Node,35.3047,35.3047,0.0,0.0,0.0
2025-10-26 04:40:00-07:00,2025-10-26 11:40:00+00:00,2025-10-26 04:45:00-07:00,2025-10-26 11:45:00+00:00,REAL_TIME_5_MIN,OAKLAND_1_N001,Node,36.18324,36.18324,0.0,0.0,0.0
2025-10-26 04:40:00-07:00,2025-10-26 11:40:00+00:00,2025-10-26 04:45:00-07:00,2025-10-26 11:45:00+00:00,REAL_TIME_5_MIN,PGSF_2_PDRP58-APND,AP Node,36.18324,36.18324,0.0,0.0,0.0
2025-10-26 04:40:00-07:00,2025-10-26 11:40:00+00:00,2025-10-26 04:45:00-07:00,2025-10-26 11:45:00+00:00,REAL_TIME_5_MIN,SNJOSEB_1_N001,Node,36.18324,36.18324,0.0,0.0,0.0
2025-10-26 04:45:00-07:00,2025-10-26 11:45:00+00:00,2025-10-26 04:50:00-07:00,2025-10-26 11:50:00+00:00,REAL_TIME_5_MIN,OAKLAND_1_N001,Node,38.59473,38.06187,0.0,0.53287,0.0
2025-10-26 04:45:00-07:00,2025-10-26 11:45:00+00:00,2025-10-26 04:50:00-07:00,2025-10-26 11:50:00+00:00,REAL_TIME_5_MIN,PGSF_2_PDRP58-APND,AP Node,39.47082,38.06187,0.0,1.40895,0.0
2025-10-26 04:45:00-07:00,2025-10-26 11:45:00+00:00,2025-10-26 04:50:00-07:00,2025-10-26 11:50:00+00:00,REAL_TIME_5_MIN,SNJOSEB_1_N001,Node,39.27224,38.06187,0.0,1.21037,0.0
2025-10-26 04:50:00-07:00,2025-10-26 11:50:00+00:00,2025-10-26 04:55:00-07:00,2025-10-26 11:55:00+00:00,REAL_TIME_5_MIN,OAKLAND_1_N001,Node,39.88973,39.33898,0.0,0.55075,0.0
2025-10-26 04:50:00-07:00,2025-10-26 11:50:00+00:00,2025-10-26 04:55:00-07:00,2025-10-26 11:55:00+00:00,REAL_TIME_5_MIN,PGSF_2_PDRP58-APND,AP Node,40.79521,39.33898,0.0,1.45623,0.0
2025-10-26 04:50:00-07:00,2025-10-26 11:50:00+00:00,2025-10-26 04:55:00-07:00,2025-10-26 11:55:00+00:00,REAL_TIME_5_MIN,SNJOSEB_1_N001,Node,40.58996,39.33898,0.0,1.25098,0.0
2025-10-26 04:55:00-07:00,2025-10-26 11:55:00+00:00,2025-10-26 05:00:00-07:00,2025-10-26 12:00:00+00:00,REAL_TIME_5_MIN,OAKLAND_1_N001,Node,39.55348,39.00738,0.0,0.5461,0.0
2025-10-26 04:55:00-07:00,2025-10-26 11:55:00+00:00,2025-10-26 05:00:00-07:00,2025-10-26 12:00:00+00:00,REAL_TIME_5_MIN,PGSF_2_PDRP58-APND,AP Node,40.45133,39.00738,0.0,1.44395,0.0
2025-10-26 04:55:00-07:00,2025-10-26 11:55:00+00:00,2025-10-26 05:00:00-07:00,2025-10-26 12:00:00+00:00,REAL_TIME_5_MIN,SNJOSEB_1_N001,Node,40.24781,39.00738,0.0,1.24043,0.0
2025-10-26 05:00:00-07:00,2025-10-26 12:00:00+00:00,2025-10-26 05:05:00-07:00,2025-10-26 12:05:00+00:00,REAL_TIME_5_MIN,OAKLAND_1_N001,Node,35.6347,34.9394,0.0,0.69529,0.0
2025-10-26 05:00:00-07:00,2025-10-26 12:00:00+00:00,2025-10-26 05:05:00-07:00,2025-10-26 12:05:00+00:00,REAL_TIME_5_MIN,PGSF_2_PDRP58-APND,AP Node,36.497,34.9394,0.0,1.5576,0.0
2025-10-26 05:00:00-07:00,2025-10-26 12:00:00+00:00,2025-10-26 05:05:00-07:00,2025-10-26 12:05:00+00:00,REAL_TIME_5_MIN,SNJOSEB_1_N001,Node,36.32999,34.9394,0.0,1.39059,0.0
2025-10-26 05:05:00-07:00,2025-10-26 12:05:00+00:00,2025-10-26 05:10:00-07:00,2025-10-26 12:10:00+00:00,REAL_TIME_5_MIN,OAKLAND_1_N001,Node,35.65962,34.96383,0.0,0.69578,0.0
2025-10-26 05:05:00-07:00,2025-10-26 12:05:00+00:00,2025-10-26 05:10:00-07:00,2025-10-26 12:10:00+00:00,REAL_TIME_5_MIN,PGSF_2_PDRP58-APND,AP Node,36.52252,34.96383,0.0,1.55869,0.0
2025-10-26 05:05:00-07:00,2025-10-26 12:05:00+00:00,2025-10-26 05:10:00-07:00,2025-10-26 12:10:00+00:00,REAL_TIME_5_MIN,SNJOSEB_1_N001,Node,36.3554,34.96383,0.0,1.39156,0.0
2025-10-26 05:10:00-07:00,2025-10-26 12:10:00+00:00,2025-10-26 05:15:00-07:00,2025-10-26 12:15:00+00:00,REAL_TIME_5_MIN,OAKLAND_1_N001,Node,35.6347,34.9394,0.0,0.69529,0.0
2025-10-26 05:10:00-07:00,2025-10-26 12:10:00+00:00,2025-10-26 05:15:00-07:00,2025-10-26 12:15:00+00:00,REAL_TIME_5_MIN,PGSF_2_PDRP58-APND,AP Node,36.497,34.9394,0.0,1.5576,0.0
2025-10-26 05:10:00-07:00,2025-10-26 12:10:00+00:00,2025-10-26 05:15:00-07:00,2025-10-26 12:15:00+00:00,REAL_TIME_5_MIN,SNJOSEB_1_N001,Node,36.32999,34.9394,0.0,1.39059,0.0
2025-10-26 05:15:00-07:00,2025-10-26 12:15:00+00:00,2025-10-26 05:20:00-07:00,2025-10-26 12:20:00+00:00,REAL_TIME_5_MIN,OAKLAND_1_N001,Node,35.37294,34.68616,0.0,0.68679,0.0
2025-10-26 05:15:00-07:00,2025-10-26 12:15:00+00:00,2025-10-26 05:20:00-07:00,2025-10-26 12:20:00+00:00,REAL_TIME_5_MIN,PGSF_2_PDRP58-APND,AP Node,36.23024,34.68616,0.0,1.54409,0.0
2025-10-26 05:15:00-07:00,2025-10-26 12:15:00+00:00,2025-10-26 05:20:00-07:00,2025-10-26 12:20:00+00:00,REAL_TIME_5_MIN,SNJOSEB_1_N001,Node,36.05973,34.68616,0.0,1.37357,0.0
2025-10-26 05:20:00-07:00,2025-10-26 12:20:00+00:00,2025-10-26 05:25:00-07:00,2025-10-26 12:25:00+00:00,REAL_TIME_5_MIN,OAKLAND_1_N001,Node,36.4065,35.69965,0.0,0.70685,0.0
2025-10-26 05:20:00-07:00,2025-10-26 12:20:00+00:00,2025-10-26 05:25:00-07:00,2025-10-26 12:25:00+00:00,REAL_TIME_5_MIN,PGSF_2_PDRP58-APND,AP Node,37.28885,35.69965,0.0,1.5892,0.0
2025-10-26 05:20:00-07:00,2025-10-26 12:20:00+00:00,2025-10-26 05:25:00-07:00,2025-10-26 12:25:00+00:00,REAL_TIME_5_MIN,SNJOSEB_1_N001,Node,37.11335,35.69965,0.0,1.41371,0.0
2025-10-26 05:25:00-07:00,2025-10-26 12:25:00+00:00,2025-10-26 05:30:00-07:00,2025-10-26 12:30:00+00:00,REAL_TIME_5_MIN,OAKLAND_1_N001,Node,36.29652,35.5918,0.0,0.70472,0.0
2025-10-26 05:25:00-07:00,2025-10-26 12:25:00+00:00,2025-10-26 05:30:00-07:00,2025-10-26 12:30:00+00:00,REAL_TIME_5_MIN,PGSF_2_PDRP58-APND,AP Node,37.1762,35.5918,0.0,1.5844,0.0
2025-10-26 05:25:00-07:00,2025-10-26 12:25:00+00:00,2025-10-26 05:30:00-07:00,2025-10-26 12:30:00+00:00,REAL_TIME_5_MIN,SNJOSEB_1_N001,Node,37.00123,35.5918,0.0,1.40944,0.0
2025-10-26 05:30:00-07:00,2025-10-26 12:30:00+00:00,2025-10-26 05:35:00-07:00,2025-10-26 12:35:00+00:00,REAL_TIME_5_MIN,OAKLAND_1_N001,Node,36.21582,35.44663,0.0,0.76919,0.0
2025-10-26 05:30:00-07:00,2025-10-26 12:30:00+00:00,2025-10-26 05:35:00-07:00,2025-10-26 12:35:00+00:00,REAL_TIME_5_MIN,PGSF_2_PDRP58-APND,AP Node,37.05907,35.44663,0.0,1.61245,0.0
2025-10-26 05:30:00-07:00,2025-10-26 12:30:00+00:00,2025-10-26 05:35:00-07:00,2025-10-26 12:35:00+00:00,REAL_TIME_5_MIN,SNJOSEB_1_N001,Node,36.84322,35.44663,0.0,1.3966,0.0
2025-10-26 05:35:00-07:00,2025-10-26 12:35:00+00:00,2025-10-26 05:40:00-07:00,2025-10-26 12:40:00+00:00,REAL_TIME_5_MIN,OAKLAND_1_N001,Node,36.46441,35.68994,0.0,0.77447,0.0
2025-10-26 05:35:00-07:00,2025-10-26 12:35:00+00:00,2025-10-26 05:40:00-07:00,2025-10-26 12:40:00+00:00,REAL_TIME_5_MIN,PGSF_2_PDRP58-APND,AP Node,37.31345,35.68994,0.0,1.62351,0.0
2025-10-26 05:35:00-07:00,2025-10-26 12:35:00+00:00,2025-10-26 05:40:00-07:00,2025-10-26 12:40:00+00:00,REAL_TIME_5_MIN,SNJOSEB_1_N001,Node,37.09612,35.68994,0.0,1.40618,0.0
2025-10-26 05:40:00-07:00,2025-10-26 12:40:00+00:00,2025-10-26 05:45:00-07:00,2025-10-26 12:45:00+00:00,REAL_TIME_5_MIN,OAKLAND_1_N001,Node,36.42059,35.64705,0.0,0.77354,0.0
2025-10-26 05:40:00-07:00,2025-10-26 12:40:00+00:00,2025-10-26 05:45:00-07:00,2025-10-26 12:45:00+00:00,REAL_TIME_5_MIN,PGSF_2_PDRP58-APND,AP Node,37.26861,35.64705,0.0,1.62156,0.0
2025-10-26 05:40:00-07:00,2025-10-26 12:40:00+00:00,2025-10-26 05:45:00-07:00,2025-10-26 12:45:00+00:00,REAL_TIME_5_MIN,SNJOSEB_1_N001,Node,37.05154,35.64705,0.0,1.40449,0.0
2025-10-26 05:45:00-07:00,2025-10-26 12:45:00+00:00,2025-10-26 05:50:00-07:00,2025-10-26 12:50:00+00:00,REAL_TIME_5_MIN,OAKLAND_1_N001,Node,36.4648,35.70779,0.0,0.75701,0.0
2025-10-26 05:45:00-07:00,2025-10-26 12:45:00+00:00,2025-10-26 05:50:00-07:00,2025-10-26 12:50:00+00:00,REAL_TIME_5_MIN,PGSF_2_PDRP58-APND,AP Node,37.30093,35.70779,0.0,1.59314,0.0
2025-10-26 05:45:00-07:00,2025-10-26 12:45:00+00:00,2025-10-26 05:50:00-07:00,2025-10-26 12:50:00+00:00,REAL_TIME_5_MIN,SNJOSEB_1_N001,Node,37.08611,35.70779,0.0,1.37832,0.0
2025-10-26 05:50:00-07:00,2025-10-26 12:50:00+00:00,2025-10-26 05:55:00-07:00,2025-10-26 12:55:00+00:00,REAL_TIME_5_MIN,OAKLAND_1_N001,Node,36.4648,35.70779,0.0,0.75701,0.0
2025-10-26 05:50:00-07:00,2025-10-26 12:50:00+00:00,2025-10-26 05:55:00-07:00,2025-10-26 12:55:00+00:00,REAL_TIME_5_MIN,PGSF_2_PDRP58-APND,AP Node,37.30093,35.70779,0.0,1.59314,0.0
2025-10-26 05:50:00-07:00,2025-10-26 12:50:00+00:00,2025-10-26 05:55:00-07:00,2025-10-26 12:55:00+00:00,REAL_TIME_5_MIN,SNJOSEB_1_N001,Node,37.08611,35.70779,0.0,1.37832,0.0
2025-10-26 05:55:00-07:00,2025-10-26 12:55:00+00:00,2025-10-26 06:00:00-07:00,2025-10-26 13:00:00+00:00,REAL_TIME_5_MIN,OAKLAND_1_N001,Node,38.45863,37.66023,0.0,0.7984,0.0
2025-10-26 05:55:00-07:00,2025-10-26 12:55:00+00:00,2025-10-26 06:00:00-07:00,2025-10-26 13:00:00+00:00,REAL_TIME_5_MIN,PGSF_2_PDRP58-APND,AP Node,39.34048,37.66023,0.0,1.68025,0.0
2025-10-26 05:55:00-07:00,2025-10-26 12:55:00+00:00,2025-10-26 06:00:00-07:00,2025-10-26 13:00:00+00:00,REAL_TIME_5_MIN,SNJOSEB_1_N001,Node,39.11392,37.66023,0.0,1.45369,0.0
2025-10-26 06:00:00-07:00,2025-10-26 13:00:00+00:00,2025-10-26 06:05:00-07:00,2025-10-26 13:05:00+00:00,REAL_TIME_5_MIN,OAKLAND_1_N001,Node,29.34402,28.71516,0.0,0.62886,0.0
2025-10-26 06:00:00-07:00,2025-10-26 13:00:00+00:00,2025-10-26 06:05:00-07:00,2025-10-26 13:05:00+00:00,REAL_TIME_5_MIN,PGSF_2_PDRP58-APND,AP Node,30.05088,28.71516,0.0,1.33571,0.0
2025-10-26 06:00:00-07:00,2025-10-26 13:00:00+00:00,2025-10-26 06:05:00-07:00,2025-10-26 13:05:00+00:00,REAL_TIME_5_MIN,SNJOSEB_1_N001,Node,29.88674,28.71516,0.0,1.17158,0.0
2025-10-26 06:05:00-07:00,2025-10-26 13:05:00+00:00,2025-10-26 06:10:00-07:00,2025-10-26 13:10:00+00:00,REAL_TIME_5_MIN,OAKLAND_1_N001,Node,31.25155,30.58181,0.0,0.66974,0.0
2025-10-26 06:05:00-07:00,2025-10-26 13:05:00+00:00,2025-10-26 06:10:00-07:00,2025-10-26 13:10:00+00:00,REAL_TIME_5_MIN,PGSF_2_PDRP58-APND,AP Node,32.00435,30.58181,0.0,1.42254,0.0
2025-10-26 06:05:00-07:00,2025-10-26 13:05:00+00:00,2025-10-26 06:10:00-07:00,2025-10-26 13:10:00+00:00,REAL_TIME_5_MIN,SNJOSEB_1_N001,Node,31.82954,30.58181,0.0,1.24774,0.0
2025-10-26 06:10:00-07:00,2025-10-26 13:10:00+00:00,2025-10-26 06:15:00-07:00,2025-10-26 13:15:00+00:00,REAL_TIME_5_MIN,OAKLAND_1_N001,Node,31.5814,30.90459,0.0,0.67681,0.0
2025-10-26 06:10:00-07:00,2025-10-26 13:10:00+00:00,2025-10-26 06:15:00-07:00,2025-10-26 13:15:00+00:00,REAL_TIME_5_MIN,PGSF_2_PDRP58-APND,AP Node,32.34215,30.90459,0.0,1.43756,0.0
2025-10-26 06:10:00-07:00,2025-10-26 13:10:00+00:00,2025-10-26 06:15:00-07:00,2025-10-26 13:15:00+00:00,REAL_TIME_5_MIN,SNJOSEB_1_N001,Node,32.1655,30.90459,0.0,1.26091,0.0
2025-10-26 06:15:00-07:00,2025-10-26 13:15:00+00:00,2025-10-26 06:20:00-07:00,2025-10-26 13:20:00+00:00,REAL_TIME_5_MIN,OAKLAND_1_N001,Node,31.11923,30.53,0.0,0.58923,0.0
2025-10-26 06:15:00-07:00,2025-10-26 13:15:00+00:00,2025-10-26 06:20:00-07:00,2025-10-26 13:20:00+00:00,REAL_TIME_5_MIN,PGSF_2_PDRP58-APND,AP Node,31.88296,30.53,0.0,1.35297,0.0
2025-10-26 06:15:00-07:00,2025-10-26 13:15:00+00:00,2025-10-26 06:20:00-07:00,2025-10-26 13:20:00+00:00,REAL_TIME_5_MIN,SNJOSEB_1_N001,Node,31.70846,30.53,0.0,1.17846,0.0
2025-10-26 06:20:00-07:00,2025-10-26 13:20:00+00:00,2025-10-26 06:25:00-07:00,2025-10-26 13:25:00+00:00,REAL_TIME_5_MIN,OAKLAND_1_N001,Node,31.70918,31.10878,0.0,0.6004,0.0
2025-10-26 06:20:00-07:00,2025-10-26 13:20:00+00:00,2025-10-26 06:25:00-07:00,2025-10-26 13:25:00+00:00,REAL_TIME_5_MIN,PGSF_2_PDRP58-APND,AP Node,32.48739,31.10878,0.0,1.37861,0.0
2025-10-26 06:20:00-07:00,2025-10-26 13:20:00+00:00,2025-10-26 06:25:00-07:00,2025-10-26 13:25:00+00:00,REAL_TIME_5_MIN,SNJOSEB_1_N001,Node,32.30958,31.10878,0.0,1.2008,0.0
2025-10-26 06:25:00-07:00,2025-10-26 13:25:00+00:00,2025-10-26 06:30:00-07:00,2025-10-26 13:30:00+00:00,REAL_TIME_5_MIN,OAKLAND_1_N001,Node,31.86277,31.25946,0.0,0.60331,0.0
2025-10-26 06:25:00-07:00,2025-10-26 13:25:00+00:00,2025-10-26 06:30:00-07:00,2025-10-26 13:30:00+00:00,REAL_TIME_5_MIN,PGSF_2_PDRP58-APND,AP Node,32.64475,31.25946,0.0,1.38529,0.0
2025-10-26 06:25:00-07:00,2025-10-26 13:25:00+00:00,2025-10-26 06:30:00-07:00,2025-10-26 13:30:00+00:00,REAL_TIME_5_MIN,SNJOSEB_1_N001,Node,32.46607,31.25946,0.0,1.20662,0.0
2025-10-26 06:30:00-07:00,2025-10-26 13:30:00+00:00,2025-10-26 06:35:00-07:00,2025-10-26 13:35:00+00:00,REAL_TIME_5_MIN,OAKLAND_1_N001,Node,32.16732,31.4564,0.0,0.71091,0.0
2025-10-26 06:30:00-07:00,2025-10-26 13:30:00+00:00,2025-10-26 06:35:00-07:00,2025-10-26 13:35:00+00:00,REAL_TIME_5_MIN,PGSF_2_PDRP58-APND,AP Node,32.93329,31.4564,0.0,1.47689,0.0
2025-10-26 06:30:00-07:00,2025-10-26 13:30:00+00:00,2025-10-26 06:35:00-07:00,2025-10-26 13:35:00+00:00,REAL_TIME_5_MIN,SNJOSEB_1_N001,Node,32.69893,31.4564,0.0,1.24253,0.0
2025-10-26 06:35:00-07:00,2025-10-26 13:35:00+00:00,2025-10-26 06:40:00-07:00,2025-10-26 13:40:00+00:00,REAL_TIME_5_MIN,OAKLAND_1_N001,Node,32.77861,32.05419,0.0,0.72442,0.0
2025-10-26 06:35:00-07:00,2025-10-26 13:35:00+00:00,2025-10-26 06:40:00-07:00,2025-10-26 13:40:00+00:00,REAL_TIME_5_MIN,PGSF_2_PDRP58-APND,AP Node,33.55915,32.05419,0.0,1.50496,0.0
2025-10-26 06:35:00-07:00,2025-10-26 13:35:00+00:00,2025-10-26 06:40:00-07:00,2025-10-26 13:40:00+00:00,REAL_TIME_5_MIN,SNJOSEB_1_N001,Node,33.32033,32.05419,0.0,1.26614,0.0
2025-10-26 06:40:00-07:00,2025-10-26 13:40:00+00:00,2025-10-26 06:45:00-07:00,2025-10-26 13:45:00+00:00,REAL_TIME_5_MIN,OAKLAND_1_N001,Node,34.42234,33.66158,0.0,0.76075,0.0
2025-10-26 06:40:00-07:00,2025-10-26 13:40:00+00:00,2025-10-26 06:45:00-07:00,2025-10-26 13:45:00+00:00,REAL_TIME_5_MIN,PGSF_2_PDRP58-APND,AP Node,35.24201,33.66158,0.0,1.58043,0.0
2025-10-26 06:40:00-07:00,2025-10-26 13:40:00+00:00,2025-10-26 06:45:00-07:00,2025-10-26 13:45:00+00:00,REAL_TIME_5_MIN,SNJOSEB_1_N001,Node,34.99122,33.66158,0.0,1.32963,0.0
2025-10-26 06:45:00-07:00,2025-10-26 13:45:00+00:00,2025-10-26 06:50:00-07:00,2025-10-26 13:50:00+00:00,REAL_TIME_5_MIN,OAKLAND_1_N001,Node,35.18581,34.26411,0.0,0.9217,0.0
2025-10-26 06:45:00-07:00,2025-10-26 13:45:00+00:00,2025-10-26 06:50:00-07:00,2025-10-26 13:50:00+00:00,REAL_TIME_5_MIN,PGSF_2_PDRP58-APND,AP Node,35.99489,34.26411,0.0,1.73079,0.0
2025-10-26 06:45:00-07:00,2025-10-26 13:45:00+00:00,2025-10-26 06:50:00-07:00,2025-10-26 13:50:00+00:00,REAL_TIME_5_MIN,SNJOSEB_1_N001,Node,35.72718,34.26411,0.0,1.46308,0.0
2025-10-26 06:50:00-07:00,2025-10-26 13:50:00+00:00,2025-10-26 06:55:00-07:00,2025-10-26 13:55:00+00:00,REAL_TIME_5_MIN,OAKLAND_1_N001,Node,35.40547,34.47801,0.0,0.92746,0.0
2025-10-26 06:50:00-07:00,2025-10-26 13:50:00+00:00,2025-10-26 06:55:00-07:00,2025-10-26 13:55:00+00:00,REAL_TIME_5_MIN,PGSF_2_PDRP58-APND,AP Node,36.2196,34.47801,0.0,1.74159,0.0
2025-10-26 06:50:00-07:00,2025-10-26 13:50:00+00:00,2025-10-26 06:55:00-07:00,2025-10-26 13:55:00+00:00,REAL_TIME_5_MIN,SNJOSEB_1_N001,Node,35.95022,34.47801,0.0,1.47221,0.0
2025-10-26 06:55:00-07:00,2025-10-26 13:55:00+00:00,2025-10-26 07:00:00-07:00,2025-10-26 14:00:00+00:00,REAL_TIME_5_MIN,OAKLAND_1_N001,Node,35.64622,34.71245,0.0,0.93376,0.0
2025-10-26 06:55:00-07:00,2025-10-26 13:55:00+00:00,2025-10-26 07:00:00-07:00,2025-10-26 14:00:00+00:00,REAL_TIME_5_MIN,PGSF_2_PDRP58-APND,AP Node,36.46589,34.71245,0.0,1.75343,0.0
2025-10-26 06:55:00-07:00,2025-10-26 13:55:00+00:00,2025-10-26 07:00:00-07:00,2025-10-26 14:00:00+00:00,REAL_TIME_5_MIN,SNJOSEB_1_N001,Node,36.19468,34.71245,0.0,1.48222,0.0
2025-10-26 07:00:00-07:00,2025-10-26 14:00:00+00:00,2025-10-26 07:05:00-07:00,2025-10-26 14:05:00+00:00,REAL_TIME_5_MIN,OAKLAND_1_N001,Node,41.4371,40.28495,0.0,1.15215,0.0
2025-10-26 07:00:00-07:00,2025-10-26 14:00:00+00:00,2025-10-26 07:05:00-07:00,2025-10-26 14:05:00+00:00,REAL_TIME_5_MIN,PGSF_2_PDRP58-APND,AP Node,42.40849,40.28495,0.0,2.12354,0.0
2025-10-26 07:00:00-07:00,2025-10-26 14:00:00+00:00,2025-10-26 07:05:00-07:00,2025-10-26 14:05:00+00:00,REAL_TIME_5_MIN,SNJOSEB_1_N001,Node,42.13806,40.28495,0.0,1.85311,0.0
2025-10-26 07:05:00-07:00,2025-10-26 14:05:00+00:00,2025-10-26 07:10:00-07:00,2025-10-26 14:10:00+00:00,REAL_TIME_5_MIN,OAKLAND_1_N001,Node,41.80239,40.64008,0.0,1.16231,0.0
2025-10-26 07:05:00-07:00,2025-10-26 14:05:00+00:00,2025-10-26 07:10:00-07:00,2025-10-26 14:10:00+00:00,REAL_TIME_5_MIN,PGSF_2_PDRP58-APND,AP Node,42.78234,40.64008,0.0,2.14226,0.0
2025-10-26 07:05:00-07:00,2025-10-26 14:05:00+00:00,2025-10-26 07:10:00-07:00,2025-10-26 14:10:00+00:00,REAL_TIME_5_MIN,SNJOSEB_1_N001,Node,42.50952,40.64008,0.0,1.86944,0.0
2025-10-26 07:10:00-07:00,2025-10-26 14:10:00+00:00,2025-10-26 07:15:00-07:00,2025-10-26 14:15:00+00:00,REAL_TIME_5_MIN,OAKLAND_1_N001,Node,41.57345,40.41751,0.0,1.15594,0.0
2025-10-26 07:10:00-07:00,2025-10-26 14:10:00+00:00,2025-10-26 07:15:00-07:00,2025-10-26 14:15:00+00:00,REAL_TIME_5_MIN,PGSF_2_PDRP58-APND,AP Node,42.54804,40.41751,0.0,2.13053,0.0
2025-10-26 07:10:00-07:00,2025-10-26 14:10:00+00:00,2025-10-26 07:15:00-07:00,2025-10-26 14:15:00+00:00,REAL_TIME_5_MIN,SNJOSEB_1_N001,Node,42.27671,40.41751,0.0,1.85921,0.0
2025-10-26 07:15:00-07:00,2025-10-26 14:15:00+00:00,2025-10-26 07:20:00-07:00,2025-10-26 14:20:00+00:00,REAL_TIME_5_MIN,OAKLAND_1_N001,Node,44.38218,42.79038,0.0,1.5918,0.0
2025-10-26 07:15:00-07:00,2025-10-26 14:15:00+00:00,2025-10-26 07:20:00-07:00,2025-10-26 14:20:00+00:00,REAL_TIME_5_MIN,PGSF_2_PDRP58-APND,AP Node,45.45518,42.79038,0.0,2.6648,0.0
2025-10-26 07:15:00-07:00,2025-10-26 14:15:00+00:00,2025-10-26 07:20:00-07:00,2025-10-26 14:20:00+00:00,REAL_TIME_5_MIN,SNJOSEB_1_N001,Node,45.13529,42.79038,0.0,2.34491,0.0
2025-10-26 07:20:00-07:00,2025-10-26 14:20:00+00:00,2025-10-26 07:25:00-07:00,2025-10-26 14:25:00+00:00,REAL_TIME_5_MIN,OAKLAND_1_N001,Node,44.38218,42.79038,0.0,1.5918,0.0
2025-10-26 07:20:00-07:00,2025-10-26 14:20:00+00:00,2025-10-26 07:25:00-07:00,2025-10-26 14:25:00+00:00,REAL_TIME_5_MIN,PGSF_2_PDRP58-APND,AP Node,45.45518,42.79038,0.0,2.6648,0.0
2025-10-26 07:20:00-07:00,2025-10-26 14:20:00+00:00,2025-10-26 07:25:00-07:00,2025-10-26 14:25:00+00:00,REAL_TIME_5_MIN,SNJOSEB_1_N001,Node,45.13529,42.79038,0.0,2.34491,0.0
2025-10-26 07:25:00-07:00,2025-10-26 14:25:00+00:00,2025-10-26 07:30:00-07:00,2025-10-26 14:30:00+00:00,REAL_TIME_5_MIN,OAKLAND_1_N001,Node,40.43588,38.98562,0.0,1.45026,0.0
2025-10-26 07:25:00-07:00,2025-10-26 14:25:00+00:00,2025-10-26 07:30:00-07:00,2025-10-26 14:30:00+00:00,REAL_TIME_5_MIN,PGSF_2_PDRP58-APND,AP Node,41.41347,38.98562,0.0,2.42785,0.0
2025-10-26 07:25:00-07:00,2025-10-26 14:25:00+00:00,2025-10-26 07:30:00-07:00,2025-10-26 14:30:00+00:00,REAL_TIME_5_MIN,SNJOSEB_1_N001,Node,41.12203,38.98562,0.0,2.13641,0.0
2025-10-26 07:30:00-07:00,2025-10-26 14:30:00+00:00,2025-10-26 07:35:00-07:00,2025-10-26 14:35:00+00:00,REAL_TIME_5_MIN,OAKLAND_1_N001,Node,40.97504,37.32633,1.96156,1.68715,0.0
2025-10-26 07:30:00-07:00,2025-10-26 14:30:00+00:00,2025-10-26 07:35:00-07:00,2025-10-26 14:35:00+00:00,REAL_TIME_5_MIN,PGSF_2_PDRP58-APND,AP Node,41.90145,37.32633,1.9945,2.58062,0.0
2025-10-26 07:30:00-07:00,2025-10-26 14:30:00+00:00,2025-10-26 07:35:00-07:00,2025-10-26 14:35:00+00:00,REAL_TIME_5_MIN,SNJOSEB_1_N001,Node,41.58024,37.32633,2.01059,2.24331,0.0
2025-10-26 07:35:00-07:00,2025-10-26 14:35:00+00:00,2025-10-26 07:40:00-07:00,2025-10-26 14:40:00+00:00,REAL_TIME_5_MIN,OAKLAND_1_N001,Node,41.72604,37.6909,2.33151,1.70363,0.0
2025-10-26 07:35:00-07:00,2025-10-26 14:35:00+00:00,2025-10-26 07:40:00-07:00,2025-10-26 14:40:00+00:00,REAL_TIME_5_MIN,PGSF_2_PDRP58-APND,AP Node,42.66739,37.6909,2.37067,2.60583,0.0
2025-10-26 07:35:00-07:00,2025-10-26 14:35:00+00:00,2025-10-26 07:40:00-07:00,2025-10-26 14:40:00+00:00,REAL_TIME_5_MIN,SNJOSEB_1_N001,Node,42.34592,37.6909,2.3898,2.26522,0.0
2025-10-26 07:40:00-07:00,2025-10-26 14:40:00+00:00,2025-10-26 07:45:00-07:00,2025-10-26 14:45:00+00:00,REAL_TIME_5_MIN,OAKLAND_1_N001,Node,41.75484,34.59244,5.59882,1.56358,0.0
2025-10-26 07:40:00-07:00,2025-10-26 14:40:00+00:00,2025-10-26 07:45:00-07:00,2025-10-26 14:45:00+00:00,REAL_TIME_5_MIN,PGSF_2_PDRP58-APND,AP Node,42.6769,34.59244,5.69286,2.39161,0.0
2025-10-26 07:40:00-07:00,2025-10-26 14:40:00+00:00,2025-10-26 07:45:00-07:00,2025-10-26 14:45:00+00:00,REAL_TIME_5_MIN,SNJOSEB_1_N001,Node,42.41024,34.59244,5.73879,2.07901,0.0
2025-10-26 07:45:00-07:00,2025-10-26 14:45:00+00:00,2025-10-26 07:50:00-07:00,2025-10-26 14:50:00+00:00,REAL_TIME_5_MIN,OAKLAND_1_N001,Node,44.29988,34.9983,7.78266,1.51893,0.0
2025-10-26 07:45:00-07:00,2025-10-26 14:45:00+00:00,2025-10-26 07:50:00-07:00,2025-10-26 14:50:00+00:00,REAL_TIME_5_MIN,PGSF_2_PDRP58-APND,AP Node,45.2705,34.9983,7.90502,2.36717,0.0
2025-10-26 07:45:00-07:00,2025-10-26 14:45:00+00:00,2025-10-26 07:50:00-07:00,2025-10-26 14:50:00+00:00,REAL_TIME_5_MIN,SNJOSEB_1_N001,Node,44.99617,34.9983,7.95397,2.0439,0.0
2025-10-26 07:50:00-07:00,2025-10-26 14:50:00+00:00,2025-10-26 07:55:00-07:00,2025-10-26 14:55:00+00:00,REAL_TIME_5_MIN,OAKLAND_1_N001,Node,43.19941,32.34524,9.45038,1.40378,0.0
2025-10-26 07:50:00-07:00,2025-10-26 14:50:00+00:00,2025-10-26 07:55:00-07:00,2025-10-26 14:55:00+00:00,REAL_TIME_5_MIN,PGSF_2_PDRP58-APND,AP Node,44.13194,32.34524,9.59897,2.18773,0.0
2025-10-26 07:50:00-07:00,2025-10-26 14:50:00+00:00,2025-10-26 07:55:00-07:00,2025-10-26 14:55:00+00:00,REAL_TIME_5_MIN,SNJOSEB_1_N001,Node,43.89261,32.34524,9.65841,1.88896,0.0
2025-10-26 07:55:00-07:00,2025-10-26 14:55:00+00:00,2025-10-26 08:00:00-07:00,2025-10-26 15:00:00+00:00,REAL_TIME_5_MIN,OAKLAND_1_N001,Node,41.61434,30.8452,9.43046,1.33868,0.0
2025-10-26 07:55:00-07:00,2025-10-26 14:55:00+00:00,2025-10-26 08:00:00-07:00,2025-10-26 15:00:00+00:00,REAL_TIME_5_MIN,PGSF_2_PDRP58-APND,AP Node,42.5102,30.8452,9.57874,2.08627,0.0
2025-10-26 07:55:00-07:00,2025-10-26 14:55:00+00:00,2025-10-26 08:00:00-07:00,2025-10-26 15:00:00+00:00,REAL_TIME_5_MIN,SNJOSEB_1_N001,Node,42.2846,30.8452,9.63805,1.80136,0.0
2025-10-26 08:00:00-07:00,2025-10-26 15:00:00+00:00,2025-10-26 08:05:00-07:00,2025-10-26 15:05:00+00:00,REAL_TIME_5_MIN,OAKLAND_1_N001,Node,42.77197,37.91679,3.1603,1.69488,0.0
2025-10-26 08:00:00-07:00,2025-10-26 15:00:00+00:00,2025-10-26 08:05:00-07:00,2025-10-26 15:05:00+00:00,REAL_TIME_5_MIN,PGSF_2_PDRP58-APND,AP Node,43.68924,37.91679,3.21405,2.55841,0.0
2025-10-26 08:00:00-07:00,2025-10-26 15:00:00+00:00,2025-10-26 08:05:00-07:00,2025-10-26 15:05:00+00:00,REAL_TIME_5_MIN,SNJOSEB_1_N001,Node,43.37523,37.91679,3.2403,2.21813,0.0
2025-10-26 08:05:00-07:00,2025-10-26 15:05:00+00:00,2025-10-26 08:10:00-07:00,2025-10-26 15:10:00+00:00,REAL_TIME_5_MIN,OAKLAND_1_N001,Node,44.45533,37.21931,5.57231,1.6637,0.0
2025-10-26 08:05:00-07:00,2025-10-26 15:05:00+00:00,2025-10-26 08:10:00-07:00,2025-10-26 15:10:00+00:00,REAL_TIME_5_MIN,PGSF_2_PDRP58-APND,AP Node,45.39774,37.21931,5.66709,2.51134,0.0
2025-10-26 08:05:00-07:00,2025-10-26 15:05:00+00:00,2025-10-26 08:10:00-07:00,2025-10-26 15:10:00+00:00,REAL_TIME_5_MIN,SNJOSEB_1_N001,Node,45.11002,37.21931,5.71339,2.17733,0.0
2025-10-26 08:10:00-07:00,2025-10-26 15:10:00+00:00,2025-10-26 08:15:00-07:00,2025-10-26 15:15:00+00:00,REAL_TIME_5_MIN,OAKLAND_1_N001,Node,45.55734,32.73645,11.35757,1.46332,0.0
2025-10-26 08:10:00-07:00,2025-10-26 15:10:00+00:00,2025-10-26 08:15:00-07:00,2025-10-26 15:15:00+00:00,REAL_TIME_5_MIN,PGSF_2_PDRP58-APND,AP Node,46.49605,32.73645,11.55073,2.20887,0.0
2025-10-26 08:10:00-07:00,2025-10-26 15:10:00+00:00,2025-10-26 08:15:00-07:00,2025-10-26 15:15:00+00:00,REAL_TIME_5_MIN,SNJOSEB_1_N001,Node,46.29664,32.73645,11.6451,1.91508,0.0
2025-10-26 08:15:00-07:00,2025-10-26 15:15:00+00:00,2025-10-26 08:20:00-07:00,2025-10-26 15:20:00+00:00,REAL_TIME_5_MIN,OAKLAND_1_N001,Node,48.57236,31.3931,15.70378,1.47548,0.0
2025-10-26 08:15:00-07:00,2025-10-26 15:15:00+00:00,2025-10-26 08:20:00-07:00,2025-10-26 15:20:00+00:00,REAL_TIME_5_MIN,PGSF_2_PDRP58-APND,AP Node,49.5542,31.3931,15.95305,2.20804,0.0
2025-10-26 08:15:00-07:00,2025-10-26 15:15:00+00:00,2025-10-26 08:20:00-07:00,2025-10-26 15:20:00+00:00,REAL_TIME_5_MIN,SNJOSEB_1_N001,Node,49.35142,31.3931,16.05276,1.90556,0.0
2025-10-26 08:20:00-07:00,2025-10-26 15:20:00+00:00,2025-10-26 08:25:00-07:00,2025-10-26 15:25:00+00:00,REAL_TIME_5_MIN,OAKLAND_1_N001,Node,47.27853,30.49331,15.35204,1.43319,0.0
2025-10-26 08:20:00-07:00,2025-10-26 15:20:00+00:00,2025-10-26 08:25:00-07:00,2025-10-26 15:25:00+00:00,REAL_TIME_5_MIN,PGSF_2_PDRP58-APND,AP Node,48.23379,30.49331,15.59572,2.14476,0.0
2025-10-26 08:20:00-07:00,2025-10-26 15:20:00+00:00,2025-10-26 08:25:00-07:00,2025-10-26 15:25:00+00:00,REAL_TIME_5_MIN,SNJOSEB_1_N001,Node,48.03745,30.49331,15.6932,1.85094,0.0
2025-10-26 08:25:00-07:00,2025-10-26 15:25:00+00:00,2025-10-26 08:30:00-07:00,2025-10-26 15:30:00+00:00,REAL_TIME_5_MIN,OAKLAND_1_N001,Node,47.14143,26.99413,18.87858,1.26872,0.0
2025-10-26 08:25:00-07:00,2025-10-26 15:25:00+00:00,2025-10-26 08:30:00-07:00,2025-10-26 15:30:00+00:00,REAL_TIME_5_MIN,PGSF_2_PDRP58-APND,AP Node,48.07101,26.99413,19.17824,1.89864,0.0
2025-10-26 08:25:00-07:00,2025-10-26 15:25:00+00:00,2025-10-26 08:30:00-07:00,2025-10-26 15:30:00+00:00,REAL_TIME_5_MIN,SNJOSEB_1_N001,Node,47.93078,26.99413,19.2981,1.63854,0.0
2025-10-26 08:30:00-07:00,2025-10-26 15:30:00+00:00,2025-10-26 08:35:00-07:00,2025-10-26 15:35:00+00:00,REAL_TIME_5_MIN,OAKLAND_1_N001,Node,47.1347,23.82059,22.15167,1.16244,0.0
2025-10-26 08:30:00-07:00,2025-10-26 15:30:00+00:00,2025-10-26 08:35:00-07:00,2025-10-26 15:35:00+00:00,REAL_TIME_5_MIN,PGSF_2_PDRP58-APND,AP Node,48.07292,23.82059,22.53081,1.72151,0.0
2025-10-26 08:30:00-07:00,2025-10-26 15:30:00+00:00,2025-10-26 08:35:00-07:00,2025-10-26 15:35:00+00:00,REAL_TIME_5_MIN,SNJOSEB_1_N001,Node,47.98254,23.82059,22.71604,1.44591,0.0
2025-10-26 08:35:00-07:00,2025-10-26 15:35:00+00:00,2025-10-26 08:40:00-07:00,2025-10-26 15:40:00+00:00,REAL_TIME_5_MIN,OAKLAND_1_N001,Node,44.47434,21.2764,22.15966,1.03829,0.0
2025-10-26 08:35:00-07:00,2025-10-26 15:35:00+00:00,2025-10-26 08:40:00-07:00,2025-10-26 15:40:00+00:00,REAL_TIME_5_MIN,PGSF_2_PDRP58-APND,AP Node,45.35298,21.2764,22.53894,1.53764,0.0
2025-10-26 08:35:00-07:00,2025-10-26 15:35:00+00:00,2025-10-26 08:40:00-07:00,2025-10-26 15:40:00+00:00,REAL_TIME_5_MIN,SNJOSEB_1_N001,Node,45.29211,21.2764,22.72423,1.29148,0.0
2025-10-26 08:40:00-07:00,2025-10-26 15:40:00+00:00,2025-10-26 08:45:00-07:00,2025-10-26 15:45:00+00:00,REAL_TIME_5_MIN,OAKLAND_1_N001,Node,39.11411,17.39793,20.86716,0.84902,0.0
2025-10-26 08:40:00-07:00,2025-10-26 15:40:00+00:00,2025-10-26 08:45:00-07:00,2025-10-26 15:45:00+00:00,REAL_TIME_5_MIN,PGSF_2_PDRP58-APND,AP Node,39.4953,17.39793,20.84002,1.25735,0.0
2025-10-26 08:40:00-07:00,2025-10-26 15:40:00+00:00,2025-10-26 08:45:00-07:00,2025-10-26 15:45:00+00:00,REAL_TIME_5_MIN,SNJOSEB_1_N001,Node,34.05904,17.39793,15.60506,1.05605,0.0
2025-10-26 08:45:00-07:00,2025-10-26 15:45:00+00:00,2025-10-26 08:50:00-07:00,2025-10-26 15:50:00+00:00,REAL_TIME_5_MIN,OAKLAND_1_N001,Node,36.64593,15.09134,20.82719,0.7274,0.0
2025-10-26 08:45:00-07:00,2025-10-26 15:45:00+00:00,2025-10-26 08:50:00-07:00,2025-10-26 15:50:00+00:00,REAL_TIME_5_MIN,PGSF_2_PDRP58-APND,AP Node,37.12079,15.09134,20.95088,1.07858,0.0
2025-10-26 08:45:00-07:00,2025-10-26 15:45:00+00:00,2025-10-26 08:50:00-07:00,2025-10-26 15:50:00+00:00,REAL_TIME_5_MIN,SNJOSEB_1_N001,Node,32.25279,15.09134,16.25598,0.90548,0.0
2025-10-26 08:50:00-07:00,2025-10-26 15:50:00+00:00,2025-10-26 08:55:00-07:00,2025-10-26 15:55:00+00:00,REAL_TIME_5_MIN,OAKLAND_1_N001,Node,26.02639,8.20625,17.4246,0.39554,0.0
2025-10-26 08:50:00-07:00,2025-10-26 15:50:00+00:00,2025-10-26 08:55:00-07:00,2025-10-26 15:55:00+00:00,REAL_TIME_5_MIN,PGSF_2_PDRP58-APND,AP Node,27.26927,8.20625,18.47652,0.5865,0.0
2025-10-26 08:50:00-07:00,2025-10-26 15:50:00+00:00,2025-10-26 08:55:00-07:00,2025-10-26 15:55:00+00:00,REAL_TIME_5_MIN,SNJOSEB_1_N001,Node,24.81366,8.20625,16.11504,0.49238,0.0
2025-10-26 08:55:00-07:00,2025-10-26 15:55:00+00:00,2025-10-26 09:00:00-07:00,2025-10-26 16:00:00+00:00,REAL_TIME_5_MIN,OAKLAND_1_N001,Node,31.1647,10.40876,20.25424,0.5017,0.0
2025-10-26 08:55:00-07:00,2025-10-26 15:55:00+00:00,2025-10-26 09:00:00-07:00,2025-10-26 16:00:00+00:00,REAL_TIME_5_MIN,PGSF_2_PDRP58-APND,AP Node,32.30675,10.40876,21.15408,0.74391,0.0
2025-10-26 08:55:00-07:00,2025-10-26 15:55:00+00:00,2025-10-26 09:00:00-07:00,2025-10-26 16:00:00+00:00,REAL_TIME_5_MIN,SNJOSEB_1_N001,Node,30.06912,10.40876,19.03584,0.62453,0.0
2025-10-26 09:00:00-07:00,2025-10-26 16:00:00+00:00,2025-10-26 09:05:00-07:00,2025-10-26 16:05:00+00:00,REAL_TIME_5_MIN,OAKLAND_1_N001,Node,36.19999,16.60721,18.65281,0.93997,0.0
2025-10-26 09:00:00-07:00,2025-10-26 16:00:00+00:00,2025-10-26 09:05:00-07:00,2025-10-26 16:05:00+00:00,REAL_TIME_5_MIN,PGSF_2_PDRP58-APND,AP Node,36.35743,16.60721,18.45159,1.29863,0.0
2025-10-26 09:00:00-07:00,2025-10-26 16:00:00+00:00,2025-10-26 09:05:00-07:00,2025-10-26 16:05:00+00:00,REAL_TIME_5_MIN,SNJOSEB_1_N001,Node,31.13232,16.60721,13.41574,1.10936,0.0
2025-10-26 09:05:00-07:00,2025-10-26 16:05:00+00:00,2025-10-26 09:10:00-07:00,2025-10-26 16:10:00+00:00,REAL_TIME_5_MIN,OAKLAND_1_N001,Node,35.02457,15.31534,18.84237,0.86685,0.0
2025-10-26 09:05:00-07:00,2025-10-26 16:05:00+00:00,2025-10-26 09:10:00-07:00,2025-10-26 16:10:00+00:00,REAL_TIME_5_MIN,PGSF_2_PDRP58-APND,AP Node,35.10768,15.31534,18.59473,1.19761,0.0
2025-10-26 09:05:00-07:00,2025-10-26 16:05:00+00:00,2025-10-26 09:10:00-07:00,2025-10-26 16:10:00+00:00,REAL_TIME_5_MIN,SNJOSEB_1_N001,Node,29.24096,15.31534,12.90255,1.02306,0.0
2025-10-26 09:10:00-07:00,2025-10-26 16:10:00+00:00,2025-10-26 09:15:00-07:00,2025-10-26 16:15:00+00:00,REAL_TIME_5_MIN,OAKLAND_1_N001,Node,34.73718,15.29935,18.57189,0.86594,0.0
2025-10-26 09:10:00-07:00,2025-10-26 16:10:00+00:00,2025-10-26 09:15:00-07:00,2025-10-26 16:15:00+00:00,REAL_TIME_5_MIN,PGSF_2_PDRP58-APND,AP Node,34.93929,15.29935,18.44359,1.19635,0.0
2025-10-26 09:10:00-07:00,2025-10-26 16:10:00+00:00,2025-10-26 09:15:00-07:00,2025-10-26 16:15:00+00:00,REAL_TIME_5_MIN,SNJOSEB_1_N001,Node,29.45692,15.29935,13.13558,1.022,0.0
2025-10-26 09:15:00-07:00,2025-10-26 16:15:00+00:00,2025-10-26 09:20:00-07:00,2025-10-26 16:20:00+00:00,REAL_TIME_5_MIN,OAKLAND_1_N001,Node,33.95485,13.53719,19.6677,0.74996,0.0
2025-10-26 09:15:00-07:00,2025-10-26 16:15:00+00:00,2025-10-26 09:20:00-07:00,2025-10-26 16:20:00+00:00,REAL_TIME_5_MIN,PGSF_2_PDRP58-APND,AP Node,34.49651,13.53719,19.91246,1.04686,0.0
2025-10-26 09:15:00-07:00,2025-10-26 16:15:00+00:00,2025-10-26 09:20:00-07:00,2025-10-26 16:20:00+00:00,REAL_TIME_5_MIN,SNJOSEB_1_N001,Node,29.35313,13.53719,14.92654,0.88939,0.0
2025-10-26 09:20:00-07:00,2025-10-26 16:20:00+00:00,2025-10-26 09:25:00-07:00,2025-10-26 16:25:00+00:00,REAL_TIME_5_MIN,OAKLAND_1_N001,Node,33.94814,13.63806,19.55454,0.75555,0.0
2025-10-26 09:20:00-07:00,2025-10-26 16:20:00+00:00,2025-10-26 09:25:00-07:00,2025-10-26 16:25:00+00:00,REAL_TIME_5_MIN,PGSF_2_PDRP58-APND,AP Node,34.46624,13.63806,19.77352,1.05466,0.0
2025-10-26 09:20:00-07:00,2025-10-26 16:20:00+00:00,2025-10-26 09:25:00-07:00,2025-10-26 16:25:00+00:00,REAL_TIME_5_MIN,SNJOSEB_1_N001,Node,29.77388,13.63806,15.2398,0.89602,0.0
2025-10-26 09:25:00-07:00,2025-10-26 16:25:00+00:00,2025-10-26 09:30:00-07:00,2025-10-26 16:30:00+00:00,REAL_TIME_5_MIN,OAKLAND_1_N001,Node,31.21465,11.82245,18.73723,0.65496,0.0
2025-10-26 09:25:00-07:00,2025-10-26 16:25:00+00:00,2025-10-26 09:30:00-07:00,2025-10-26 16:30:00+00:00,REAL_TIME_5_MIN,PGSF_2_PDRP58-APND,AP Node,31.90528,11.82245,19.16856,0.91426,0.0
2025-10-26 09:25:00-07:00,2025-10-26 16:25:00+00:00,2025-10-26 09:30:00-07:00,2025-10-26 16:30:00+00:00,REAL_TIME_5_MIN,SNJOSEB_1_N001,Node,27.65356,11.82245,15.05437,0.77674,0.0
2025-10-26 09:30:00-07:00,2025-10-26 16:30:00+00:00,2025-10-26 09:35:00-07:00,2025-10-26 16:35:00+00:00,REAL_TIME_5_MIN,OAKLAND_1_N001,Node,34.91999,13.12103,21.08911,0.70985,0.0
2025-10-26 09:30:00-07:00,2025-10-26 16:30:00+00:00,2025-10-26 09:35:00-07:00,2025-10-26 16:35:00+00:00,REAL_TIME_5_MIN,PGSF_2_PDRP58-APND,AP Node,35.12107,13.12103,20.99814,1.00189,0.0
2025-10-26 09:30:00-07:00,2025-10-26 16:30:00+00:00,2025-10-26 09:35:00-07:00,2025-10-26 16:35:00+00:00,REAL_TIME_5_MIN,SNJOSEB_1_N001,Node,29.14762,13.12103,15.19603,0.83056,0.0
2025-10-26 09:35:00-07:00,2025-10-26 16:35:00+00:00,2025-10-26 09:40:00-07:00,2025-10-26 16:40:00+00:00,REAL_TIME_5_MIN,OAKLAND_1_N001,Node,33.54859,12.18505,20.70432,0.65921,0.0
2025-10-26 09:35:00-07:00,2025-10-26 16:35:00+00:00,2025-10-26 09:40:00-07:00,2025-10-26 16:40:00+00:00,REAL_TIME_5_MIN,PGSF_2_PDRP58-APND,AP Node,33.84318,12.18505,20.72771,0.93042,0.0
2025-10-26 09:35:00-07:00,2025-10-26 16:35:00+00:00,2025-10-26 09:40:00-07:00,2025-10-26 16:40:00+00:00,REAL_TIME_5_MIN,SNJOSEB_1_N001,Node,28.24383,12.18505,15.28746,0.77131,0.0
2025-10-26 09:40:00-07:00,2025-10-26 16:40:00+00:00,2025-10-26 09:45:00-07:00,2025-10-26 16:45:00+00:00,REAL_TIME_5_MIN,OAKLAND_1_N001,Node,33.36571,11.684,21.04961,0.6321,0.0
2025-10-26 09:40:00-07:00,2025-10-26 16:40:00+00:00,2025-10-26 09:45:00-07:00,2025-10-26 16:45:00+00:00,REAL_TIME_5_MIN,PGSF_2_PDRP58-APND,AP Node,33.57342,11.684,20.99726,0.89216,0.0
2025-10-26 09:40:00-07:00,2025-10-26 16:40:00+00:00,2025-10-26 09:45:00-07:00,2025-10-26 16:45:00+00:00,REAL_TIME_5_MIN,SNJOSEB_1_N001,Node,27.84464,11.684,15.42105,0.7396,0.0
2025-10-26 09:45:00-07:00,2025-10-26 16:45:00+00:00,2025-10-26 09:50:00-07:00,2025-10-26 16:50:00+00:00,REAL_TIME_5_MIN,OAKLAND_1_N001,Node,32.78505,11.19749,20.98849,0.59907,0.0
2025-10-26 09:45:00-07:00,2025-10-26 16:45:00+00:00,2025-10-26 09:50:00-07:00,2025-10-26 16:50:00+00:00,REAL_TIME_5_MIN,PGSF_2_PDRP58-APND,AP Node,32.83532,11.19749,20.78871,0.84912,0.0
2025-10-26 09:45:00-07:00,2025-10-26 16:45:00+00:00,2025-10-26 09:50:00-07:00,2025-10-26 16:50:00+00:00,REAL_TIME_5_MIN,SNJOSEB_1_N001,Node,25.40158,11.19749,13.50201,0.70208,0.0
2025-10-26 09:50:00-07:00,2025-10-26 16:50:00+00:00,2025-10-26 09:55:00-07:00,2025-10-26 16:55:00+00:00,REAL_TIME_5_MIN,OAKLAND_1_N001,Node,32.78822,11.02288,21.17562,0.58972,0.0
2025-10-26 09:50:00-07:00,2025-10-26 16:50:00+00:00,2025-10-26 09:55:00-07:00,2025-10-26 16:55:00+00:00,REAL_TIME_5_MIN,PGSF_2_PDRP58-APND,AP Node,32.83723,11.02288,20.97848,0.83588,0.0
2025-10-26 09:50:00-07:00,2025-10-26 16:50:00+00:00,2025-10-26 09:55:00-07:00,2025-10-26 16:55:00+00:00,REAL_TIME_5_MIN,SNJOSEB_1_N001,Node,25.40206,11.02288,13.68804,0.69113,0.0
2025-10-26 09:55:00-07:00,2025-10-26 16:55:00+00:00,2025-10-26 10:00:00-07:00,2025-10-26 17:00:00+00:00,REAL_TIME_5_MIN,OAKLAND_1_N001,Node,34.50991,11.60314,22.286,0.62077,0.0
2025-10-26 09:55:00-07:00,2025-10-26 16:55:00+00:00,2025-10-26 10:00:00-07:00,2025-10-26 17:00:00+00:00,REAL_TIME_5_MIN,PGSF_2_PDRP58-APND,AP Node,34.5701,11.60314,22.08708,0.87988,0.0
2025-10-26 09:55:00-07:00,2025-10-26 16:55:00+00:00,2025-10-26 10:00:00-07:00,2025-10-26 17:00:00+00:00,REAL_TIME_5_MIN,SNJOSEB_1_N001,Node,26.86336,11.60314,14.5327,0.72752,0.0
2025-10-26 10:00:00-07:00,2025-10-26 17:00:00+00:00,2025-10-26 10:05:00-07:00,2025-10-26 17:05:00+00:00,REAL_TIME_5_MIN,OAKLAND_1_N001,Node,34.01675,12.84055,20.46483,0.71137,0.0
2025-10-26 10:00:00-07:00,2025-10-26 17:00:00+00:00,2025-10-26 10:05:00-07:00,2025-10-26 17:05:00+00:00,REAL_TIME_5_MIN,PGSF_2_PDRP58-APND,AP Node,34.15673,12.84055,20.33055,0.98563,0.0
2025-10-26 10:00:00-07:00,2025-10-26 17:00:00+00:00,2025-10-26 10:05:00-07:00,2025-10-26 17:05:00+00:00,REAL_TIME_5_MIN,SNJOSEB_1_N001,Node,28.60529,12.84055,14.92368,0.84106,0.0
2025-10-26 10:05:00-07:00,2025-10-26 17:05:00+00:00,2025-10-26 10:10:00-07:00,2025-10-26 17:10:00+00:00,REAL_TIME_5_MIN,OAKLAND_1_N001,Node,24.63203,9.08557,15.04313,0.50334,0.0
2025-10-26 10:05:00-07:00,2025-10-26 17:05:00+00:00,2025-10-26 10:10:00-07:00,2025-10-26 17:10:00+00:00,REAL_TIME_5_MIN,PGSF_2_PDRP58-APND,AP Node,24.72218,9.08557,14.93922,0.6974,0.0
2025-10-26 10:05:00-07:00,2025-10-26 17:05:00+00:00,2025-10-26 10:10:00-07:00,2025-10-26 17:10:00+00:00,REAL_TIME_5_MIN,SNJOSEB_1_N001,Node,20.70992,9.08557,11.02925,0.5951,0.0
2025-10-26 10:10:00-07:00,2025-10-26 17:10:00+00:00,2025-10-26 10:15:00-07:00,2025-10-26 17:15:00+00:00,REAL_TIME_5_MIN,OAKLAND_1_N001,Node,20.61833,6.96074,13.27197,0.38562,0.0
2025-10-26 10:10:00-07:00,2025-10-26 17:10:00+00:00,2025-10-26 10:15:00-07:00,2025-10-26 17:15:00+00:00,REAL_TIME_5_MIN,PGSF_2_PDRP58-APND,AP Node,20.66048,6.96074,13.16545,0.5343,0.0
2025-10-26 10:10:00-07:00,2025-10-26 17:10:00+00:00,2025-10-26 10:15:00-07:00,2025-10-26 17:15:00+00:00,REAL_TIME_5_MIN,SNJOSEB_1_N001,Node,16.76061,6.96074,9.34394,0.45593,0.0
2025-10-26 10:15:00-07:00,2025-10-26 17:15:00+00:00,2025-10-26 10:20:00-07:00,2025-10-26 17:20:00+00:00,REAL_TIME_5_MIN,OAKLAND_1_N001,Node,32.05157,12.27924,19.12153,0.6508,0.0
2025-10-26 10:15:00-07:00,2025-10-26 17:15:00+00:00,2025-10-26 10:20:00-07:00,2025-10-26 17:20:00+00:00,REAL_TIME_5_MIN,PGSF_2_PDRP58-APND,AP Node,32.24581,12.27924,19.04076,0.92581,0.0
2025-10-26 10:15:00-07:00,2025-10-26 17:15:00+00:00,2025-10-26 10:20:00-07:00,2025-10-26 17:20:00+00:00,REAL_TIME_5_MIN,SNJOSEB_1_N001,Node,28.2016,12.27924,15.13526,0.7871,0.0
2025-10-26 10:20:00-07:00,2025-10-26 17:20:00+00:00,2025-10-26 10:25:00-07:00,2025-10-26 17:25:00+00:00,REAL_TIME_5_MIN,OAKLAND_1_N001,Node,20.41695,5.81193,14.297,0.30803,0.0
2025-10-26 10:20:00-07:00,2025-10-26 17:20:00+00:00,2025-10-26 10:25:00-07:00,2025-10-26 17:25:00+00:00,REAL_TIME_5_MIN,PGSF_2_PDRP58-APND,AP Node,20.45803,5.81193,14.20791,0.4382,0.0
2025-10-26 10:20:00-07:00,2025-10-26 17:20:00+00:00,2025-10-26 10:25:00-07:00,2025-10-26 17:25:00+00:00,REAL_TIME_5_MIN,SNJOSEB_1_N001,Node,16.39746,5.81193,10.21299,0.37254,0.0
2025-10-26 10:25:00-07:00,2025-10-26 17:25:00+00:00,2025-10-26 10:30:00-07:00,2025-10-26 17:30:00+00:00,REAL_TIME_5_MIN,OAKLAND_1_N001,Node,12.43467,1.65283,10.69424,0.0876,0.0
2025-10-26 10:25:00-07:00,2025-10-26 17:25:00+00:00,2025-10-26 10:30:00-07:00,2025-10-26 17:30:00+00:00,REAL_TIME_5_MIN,PGSF_2_PDRP58-APND,AP Node,12.41044,1.65283,10.63299,0.12462,0.0
2025-10-26 10:25:00-07:00,2025-10-26 17:25:00+00:00,2025-10-26 10:30:00-07:00,2025-10-26 17:30:00+00:00,REAL_TIME_5_MIN,SNJOSEB_1_N001,Node,9.26366,1.65283,7.50488,0.10595,0.0
2025-10-26 10:30:00-07:00,2025-10-26 17:30:00+00:00,2025-10-26 10:35:00-07:00,2025-10-26 17:35:00+00:00,REAL_TIME_5_MIN,OAKLAND_1_N001,Node,24.3498,6.6229,17.37919,0.3477,0.0
2025-10-26 10:30:00-07:00,2025-10-26 17:30:00+00:00,2025-10-26 10:35:00-07:00,2025-10-26 17:35:00+00:00,REAL_TIME_5_MIN,PGSF_2_PDRP58-APND,AP Node,24.41303,6.6229,17.30402,0.4861,0.0
2025-10-26 10:30:00-07:00,2025-10-26 17:30:00+00:00,2025-10-26 10:35:00-07:00,2025-10-26 17:35:00+00:00,REAL_TIME_5_MIN,SNJOSEB_1_N001,Node,19.85207,6.6229,12.82715,0.40201,0.0
2025-10-26 10:35:00-07:00,2025-10-26 17:35:00+00:00,2025-10-26 10:40:00-07:00,2025-10-26 17:40:00+00:00,REAL_TIME_5_MIN,OAKLAND_1_N001,Node,18.02666,2.88867,14.98634,0.15165,0.0
2025-10-26 10:35:00-07:00,2025-10-26 17:35:00+00:00,2025-10-26 10:40:00-07:00,2025-10-26 17:40:00+00:00,REAL_TIME_5_MIN,PGSF_2_PDRP58-APND,AP Node,18.03391,2.88867,14.93322,0.21202,0.0
2025-10-26 10:35:00-07:00,2025-10-26 17:35:00+00:00,2025-10-26 10:40:00-07:00,2025-10-26 17:40:00+00:00,REAL_TIME_5_MIN,SNJOSEB_1_N001,Node,14.0262,2.88867,10.9622,0.17534,0.0
2025-10-26 10:40:00-07:00,2025-10-26 17:40:00+00:00,2025-10-26 10:45:00-07:00,2025-10-26 17:45:00+00:00,REAL_TIME_5_MIN,OAKLAND_1_N001,Node,11.41931,-0.44245,11.88499,-0.02323,0.0
2025-10-26 10:40:00-07:00,2025-10-26 17:40:00+00:00,2025-10-26 10:45:00-07:00,2025-10-26 17:45:00+00:00,REAL_TIME_5_MIN,PGSF_2_PDRP58-APND,AP Node,11.36915,-0.44245,11.84407,-0.03247,0.0
2025-10-26 10:40:00-07:00,2025-10-26 17:40:00+00:00,2025-10-26 10:45:00-07:00,2025-10-26 17:45:00+00:00,REAL_TIME_5_MIN,SNJOSEB_1_N001,Node,8.24228,-0.44245,8.71159,-0.02686,0.0
2025-10-26 10:45:00-07:00,2025-10-26 17:45:00+00:00,2025-10-26 10:50:00-07:00,2025-10-26 17:50:00+00:00,REAL_TIME_5_MIN,OAKLAND_1_N001,Node,16.37495,2.04274,14.22558,0.10663,0.0
2025-10-26 10:45:00-07:00,2025-10-26 17:45:00+00:00,2025-10-26 10:50:00-07:00,2025-10-26 17:50:00+00:00,REAL_TIME_5_MIN,PGSF_2_PDRP58-APND,AP Node,16.36399,2.04274,14.16846,0.15279,0.0
2025-10-26 10:45:00-07:00,2025-10-26 17:45:00+00:00,2025-10-26 10:50:00-07:00,2025-10-26 17:50:00+00:00,REAL_TIME_5_MIN,SNJOSEB_1_N001,Node,12.47432,2.04274,10.30636,0.12522,0.0
2025-10-26 10:50:00-07:00,2025-10-26 17:50:00+00:00,2025-10-26 10:55:00-07:00,2025-10-26 17:55:00+00:00,REAL_TIME_5_MIN,OAKLAND_1_N001,Node,16.11271,1.85432,14.1616,0.0968,0.0
2025-10-26 10:50:00-07:00,2025-10-26 17:50:00+00:00,2025-10-26 10:55:00-07:00,2025-10-26 17:55:00+00:00,REAL_TIME_5_MIN,PGSF_2_PDRP58-APND,AP Node,16.0516,1.85432,14.0586,0.13869,0.0
2025-10-26 10:50:00-07:00,2025-10-26 17:50:00+00:00,2025-10-26 10:55:00-07:00,2025-10-26 17:55:00+00:00,REAL_TIME_5_MIN,SNJOSEB_1_N001,Node,11.54358,1.85432,9.5756,0.11367,0.0
2025-10-26 10:55:00-07:00,2025-10-26 17:55:00+00:00,2025-10-26 11:00:00-07:00,2025-10-26 18:00:00+00:00,REAL_TIME_5_MIN,OAKLAND_1_N001,Node,16.38973,2.00025,14.28507,0.10441,0.0
2025-10-26 10:55:00-07:00,2025-10-26 17:55:00+00:00,2025-10-26 11:00:00-07:00,2025-10-26 18:00:00+00:00,REAL_TIME_5_MIN,PGSF_2_PDRP58-APND,AP Node,16.33724,2.00025,14.18738,0.14961,0.0
2025-10-26 10:55:00-07:00,2025-10-26 17:55:00+00:00,2025-10-26 11:00:00-07:00,2025-10-26 18:00:00+00:00,REAL_TIME_5_MIN,SNJOSEB_1_N001,Node,11.87419,2.00025,9.75132,0.12262,0.0
2025-10-26 11:00:00-07:00,2025-10-26 18:00:00+00:00,2025-10-26 11:05:00-07:00,2025-10-26 18:05:00+00:00,REAL_TIME_5_MIN,OAKLAND_1_N001,Node,19.30913,4.06626,15.0485,0.19437,0.0
2025-10-26 11:00:00-07:00,2025-10-26 18:00:00+00:00,2025-10-26 11:05:00-07:00,2025-10-26 18:05:00+00:00,REAL_TIME_5_MIN,PGSF_2_PDRP58-APND,AP Node,19.3587,4.06626,14.99724,0.2952,0.0
2025-10-26 11:00:00-07:00,2025-10-26 18:00:00+00:00,2025-10-26 11:05:00-07:00,2025-10-26 18:05:00+00:00,REAL_TIME_5_MIN,SNJOSEB_1_N001,Node,15.19827,4.06626,10.88315,0.24886,0.0
2025-10-26 11:05:00-07:00,2025-10-26 18:05:00+00:00,2025-10-26 11:10:00-07:00,2025-10-26 18:10:00+00:00,REAL_TIME_5_MIN,OAKLAND_1_N001,Node,12.01153,0.6957,11.28258,0.03325,0.0
2025-10-26 11:05:00-07:00,2025-10-26 18:05:00+00:00,2025-10-26 11:10:00-07:00,2025-10-26 18:10:00+00:00,REAL_TIME_5_MIN,PGSF_2_PDRP58-APND,AP Node,11.98286,0.6957,11.23665,0.05051,0.0
2025-10-26 11:05:00-07:00,2025-10-26 18:05:00+00:00,2025-10-26 11:10:00-07:00,2025-10-26 18:10:00+00:00,REAL_TIME_5_MIN,SNJOSEB_1_N001,Node,8.78832,0.6957,8.05004,0.04258,0.0
2025-10-26 11:10:00-07:00,2025-10-26 18:10:00+00:00,2025-10-26 11:15:00-07:00,2025-10-26 18:15:00+00:00,REAL_TIME_5_MIN,OAKLAND_1_N001,Node,16.07887,2.16786,13.80739,0.10362,0.0
2025-10-26 11:10:00-07:00,2025-10-26 18:10:00+00:00,2025-10-26 11:15:00-07:00,2025-10-26 18:15:00+00:00,REAL_TIME_5_MIN,PGSF_2_PDRP58-APND,AP Node,16.09057,2.16786,13.76533,0.15738,0.0
2025-10-26 11:10:00-07:00,2025-10-26 18:10:00+00:00,2025-10-26 11:15:00-07:00,2025-10-26 18:15:00+00:00,REAL_TIME_5_MIN,SNJOSEB_1_N001,Node,12.35887,2.16786,10.05833,0.13267,0.0
2025-10-26 11:15:00-07:00,2025-10-26 18:15:00+00:00,2025-10-26 11:20:00-07:00,2025-10-26 18:20:00+00:00,REAL_TIME_5_MIN,OAKLAND_1_N001,Node,19.26472,3.5271,15.57221,0.16542,0.0
2025-10-26 11:15:00-07:00,2025-10-26 18:15:00+00:00,2025-10-26 11:20:00-07:00,2025-10-26 18:20:00+00:00,REAL_TIME_5_MIN,PGSF_2_PDRP58-APND,AP Node,19.30206,3.5271,15.51635,0.25861,0.0
2025-10-26 11:15:00-07:00,2025-10-26 18:15:00+00:00,2025-10-26 11:20:00-07:00,2025-10-26 18:20:00+00:00,REAL_TIME_5_MIN,SNJOSEB_1_N001,Node,15.1232,3.5271,11.38095,0.21515,0.0
2025-10-26 11:20:00-07:00,2025-10-26 18:20:00+00:00,2025-10-26 11:25:00-07:00,2025-10-26 18:25:00+00:00,REAL_TIME_5_MIN,OAKLAND_1_N001,Node,19.26505,3.53088,15.56857,0.1656,0.0
2025-10-26 11:20:00-07:00,2025-10-26 18:20:00+00:00,2025-10-26 11:25:00-07:00,2025-10-26 18:25:00+00:00,REAL_TIME_5_MIN,PGSF_2_PDRP58-APND,AP Node,19.30243,3.53088,15.51266,0.25889,0.0
2025-10-26 11:20:00-07:00,2025-10-26 18:20:00+00:00,2025-10-26 11:25:00-07:00,2025-10-26 18:25:00+00:00,REAL_TIME_5_MIN,SNJOSEB_1_N001,Node,15.12351,3.53088,11.37725,0.21538,0.0
2025-10-26 11:25:00-07:00,2025-10-26 18:25:00+00:00,2025-10-26 11:30:00-07:00,2025-10-26 18:30:00+00:00,REAL_TIME_5_MIN,OAKLAND_1_N001,Node,11.89126,-0.29138,12.19631,-0.01367,0.0
2025-10-26 11:25:00-07:00,2025-10-26 18:25:00+00:00,2025-10-26 11:30:00-07:00,2025-10-26 18:30:00+00:00,REAL_TIME_5_MIN,PGSF_2_PDRP58-APND,AP Node,11.84193,-0.29138,12.15468,-0.02136,0.0
2025-10-26 11:25:00-07:00,2025-10-26 18:25:00+00:00,2025-10-26 11:30:00-07:00,2025-10-26 18:30:00+00:00,REAL_TIME_5_MIN,SNJOSEB_1_N001,Node,8.63601,-0.29138,8.94516,-0.01777,0.0
2025-10-26 11:30:00-07:00,2025-10-26 18:30:00+00:00,2025-10-26 11:35:00-07:00,2025-10-26 18:35:00+00:00,REAL_TIME_5_MIN,OAKLAND_1_N001,Node,18.85287,3.28057,15.41877,0.15353,0.0
2025-10-26 11:30:00-07:00,2025-10-26 18:30:00+00:00,2025-10-26 11:35:00-07:00,2025-10-26 18:35:00+00:00,REAL_TIME_5_MIN,PGSF_2_PDRP58-APND,AP Node,18.89616,3.28057,15.35538,0.2602,0.0
2025-10-26 11:30:00-07:00,2025-10-26 18:30:00+00:00,2025-10-26 11:35:00-07:00,2025-10-26 18:35:00+00:00,REAL_TIME_5_MIN,SNJOSEB_1_N001,Node,14.66276,3.28057,11.18403,0.19815,0.0
2025-10-26 11:35:00-07:00,2025-10-26 18:35:00+00:00,2025-10-26 11:40:00-07:00,2025-10-26 18:40:00+00:00,REAL_TIME_5_MIN,OAKLAND_1_N001,Node,11.76835,-0.30033,12.08273,-0.01406,0.0
2025-10-26 11:35:00-07:00,2025-10-26 18:35:00+00:00,2025-10-26 11:40:00-07:00,2025-10-26 18:40:00+00:00,REAL_TIME_5_MIN,PGSF_2_PDRP58-APND,AP Node,11.71361,-0.30033,12.03776,-0.02382,0.0
2025-10-26 11:35:00-07:00,2025-10-26 18:35:00+00:00,2025-10-26 11:40:00-07:00,2025-10-26 18:40:00+00:00,REAL_TIME_5_MIN,SNJOSEB_1_N001,Node,8.51567,-0.30033,8.83414,-0.01814,0.0
2025-10-26 11:40:00-07:00,2025-10-26 18:40:00+00:00,2025-10-26 11:45:00-07:00,2025-10-26 18:45:00+00:00,REAL_TIME_5_MIN,OAKLAND_1_N001,Node,10.29887,-1.09558,11.44573,-0.05127,0.0
2025-10-26 11:40:00-07:00,2025-10-26 18:40:00+00:00,2025-10-26 11:45:00-07:00,2025-10-26 18:45:00+00:00,REAL_TIME_5_MIN,PGSF_2_PDRP58-APND,AP Node,10.22584,-1.09558,11.40832,-0.0869,0.0
2025-10-26 11:40:00-07:00,2025-10-26 18:40:00+00:00,2025-10-26 11:45:00-07:00,2025-10-26 18:45:00+00:00,REAL_TIME_5_MIN,SNJOSEB_1_N001,Node,7.28385,-1.09558,8.4456,-0.06617,0.0
2025-10-26 11:45:00-07:00,2025-10-26 18:45:00+00:00,2025-10-26 11:50:00-07:00,2025-10-26 18:50:00+00:00,REAL_TIME_5_MIN,OAKLAND_1_N001,Node,1.64441,-5.47124,7.3728,-0.25715,0.0
2025-10-26 11:45:00-07:00,2025-10-26 18:45:00+00:00,2025-10-26 11:50:00-07:00,2025-10-26 18:50:00+00:00,REAL_TIME_5_MIN,PGSF_2_PDRP58-APND,AP Node,1.48104,-5.47124,7.3511,-0.39882,0.0
2025-10-26 11:45:00-07:00,2025-10-26 18:45:00+00:00,2025-10-26 11:50:00-07:00,2025-10-26 18:50:00+00:00,REAL_TIME_5_MIN,SNJOSEB_1_N001,Node,-0.33059,-5.47124,5.46619,-0.32554,0.0
2025-10-26 11:50:00-07:00,2025-10-26 18:50:00+00:00,2025-10-26 11:55:00-07:00,2025-10-26 18:55:00+00:00,REAL_TIME_5_MIN,OAKLAND_1_N001,Node,5.40303,-3.60086,9.17313,-0.16924,0.0
2025-10-26 11:50:00-07:00,2025-10-26 18:50:00+00:00,2025-10-26 11:55:00-07:00,2025-10-26 18:55:00+00:00,REAL_TIME_5_MIN,PGSF_2_PDRP58-APND,AP Node,5.28156,-3.60086,9.1449,-0.26248,0.0
2025-10-26 11:50:00-07:00,2025-10-26 18:50:00+00:00,2025-10-26 11:55:00-07:00,2025-10-26 18:55:00+00:00,REAL_TIME_5_MIN,SNJOSEB_1_N001,Node,2.96753,-3.60086,6.78264,-0.21425,0.0
2025-10-26 11:55:00-07:00,2025-10-26 18:55:00+00:00,2025-10-26 12:00:00-07:00,2025-10-26 19:00:00+00:00,REAL_TIME_5_MIN,OAKLAND_1_N001,Node,5.88179,-3.39665,9.43808,-0.15964,0.0
2025-10-26 11:55:00-07:00,2025-10-26 18:55:00+00:00,2025-10-26 12:00:00-07:00,2025-10-26 19:00:00+00:00,REAL_TIME_5_MIN,PGSF_2_PDRP58-APND,AP Node,5.76527,-3.39665,9.40951,-0.24759,0.0
2025-10-26 11:55:00-07:00,2025-10-26 18:55:00+00:00,2025-10-26 12:00:00-07:00,2025-10-26 19:00:00+00:00,REAL_TIME_5_MIN,SNJOSEB_1_N001,Node,3.38689,-3.39665,6.98563,-0.2021,0.0
2025-10-26 12:00:00-07:00,2025-10-26 19:00:00+00:00,2025-10-26 12:05:00-07:00,2025-10-26 19:05:00+00:00,REAL_TIME_5_MIN,OAKLAND_1_N001,Node,12.23725,-0.04369,12.2831,-0.00216,0.0
2025-10-26 12:00:00-07:00,2025-10-26 19:00:00+00:00,2025-10-26 12:05:00-07:00,2025-10-26 19:05:00+00:00,REAL_TIME_5_MIN,PGSF_2_PDRP58-APND,AP Node,12.20992,-0.04369,12.25705,-0.00345,0.0
2025-10-26 12:00:00-07:00,2025-10-26 19:00:00+00:00,2025-10-26 12:05:00-07:00,2025-10-26 19:05:00+00:00,REAL_TIME_5_MIN,SNJOSEB_1_N001,Node,9.08049,-0.04369,9.12709,-0.00291,0.0
2025-10-26 12:05:00-07:00,2025-10-26 19:05:00+00:00,2025-10-26 12:10:00-07:00,2025-10-26 19:10:00+00:00,REAL_TIME_5_MIN,OAKLAND_1_N001,Node,17.98121,2.89835,14.93968,0.14318,0.0
2025-10-26 12:05:00-07:00,2025-10-26 19:05:00+00:00,2025-10-26 12:10:00-07:00,2025-10-26 19:10:00+00:00,REAL_TIME_5_MIN,PGSF_2_PDRP58-APND,AP Node,18.02421,2.89835,14.89731,0.22855,0.0
2025-10-26 12:05:00-07:00,2025-10-26 19:05:00+00:00,2025-10-26 12:10:00-07:00,2025-10-26 19:10:00+00:00,REAL_TIME_5_MIN,SNJOSEB_1_N001,Node,14.03622,2.89835,10.94455,0.19332,0.0
2025-10-26 12:10:00-07:00,2025-10-26 19:10:00+00:00,2025-10-26 12:15:00-07:00,2025-10-26 19:15:00+00:00,REAL_TIME_5_MIN,OAKLAND_1_N001,Node,20.49151,3.95449,16.34167,0.19535,0.0
2025-10-26 12:10:00-07:00,2025-10-26 19:10:00+00:00,2025-10-26 12:15:00-07:00,2025-10-26 19:15:00+00:00,REAL_TIME_5_MIN,PGSF_2_PDRP58-APND,AP Node,20.56532,3.95449,16.299,0.31183,0.0
2025-10-26 12:10:00-07:00,2025-10-26 19:10:00+00:00,2025-10-26 12:15:00-07:00,2025-10-26 19:15:00+00:00,REAL_TIME_5_MIN,SNJOSEB_1_N001,Node,16.24362,3.95449,12.02536,0.26376,0.0
2025-10-26 12:15:00-07:00,2025-10-26 19:15:00+00:00,2025-10-26 12:20:00-07:00,2025-10-26 19:20:00+00:00,REAL_TIME_5_MIN,OAKLAND_1_N001,Node,20.57179,4.09828,16.27679,0.19672,0.0
2025-10-26 12:15:00-07:00,2025-10-26 19:15:00+00:00,2025-10-26 12:20:00-07:00,2025-10-26 19:20:00+00:00,REAL_TIME_5_MIN,PGSF_2_PDRP58-APND,AP Node,20.64923,4.09828,16.23173,0.31922,0.0
2025-10-26 12:15:00-07:00,2025-10-26 19:15:00+00:00,2025-10-26 12:20:00-07:00,2025-10-26 19:20:00+00:00,REAL_TIME_5_MIN,SNJOSEB_1_N001,Node,16.31649,4.09828,11.94854,0.26967,0.0
2025-10-26 12:20:00-07:00,2025-10-26 19:20:00+00:00,2025-10-26 12:25:00-07:00,2025-10-26 19:25:00+00:00,REAL_TIME_5_MIN,OAKLAND_1_N001,Node,22.17631,4.78156,17.16524,0.22951,0.0
2025-10-26 12:20:00-07:00,2025-10-26 19:20:00+00:00,2025-10-26 12:25:00-07:00,2025-10-26 19:25:00+00:00,REAL_TIME_5_MIN,PGSF_2_PDRP58-APND,AP Node,22.27382,4.78156,17.11982,0.37244,0.0
2025-10-26 12:20:00-07:00,2025-10-26 19:20:00+00:00,2025-10-26 12:25:00-07:00,2025-10-26 19:25:00+00:00,REAL_TIME_5_MIN,SNJOSEB_1_N001,Node,17.72778,4.78156,12.6316,0.31463,0.0
2025-10-26 12:25:00-07:00,2025-10-26 19:25:00+00:00,2025-10-26 12:30:00-07:00,2025-10-26 19:30:00+00:00,REAL_TIME_5_MIN,OAKLAND_1_N001,Node,21.09354,4.23897,16.65109,0.20347,0.0
2025-10-26 12:25:00-07:00,2025-10-26 19:25:00+00:00,2025-10-26 12:30:00-07:00,2025-10-26 19:30:00+00:00,REAL_TIME_5_MIN,PGSF_2_PDRP58-APND,AP Node,21.17575,4.23897,16.6066,0.33018,0.0
2025-10-26 12:25:00-07:00,2025-10-26 19:25:00+00:00,2025-10-26 12:30:00-07:00,2025-10-26 19:30:00+00:00,REAL_TIME_5_MIN,SNJOSEB_1_N001,Node,16.79831,4.23897,12.28041,0.27892,0.0
2025-10-26 12:30:00-07:00,2025-10-26 19:30:00+00:00,2025-10-26 12:35:00-07:00,2025-10-26 19:35:00+00:00,REAL_TIME_5_MIN,OAKLAND_1_N001,Node,22.37681,4.91921,17.22689,0.23071,0.0
2025-10-26 12:30:00-07:00,2025-10-26 19:30:00+00:00,2025-10-26 12:35:00-07:00,2025-10-26 19:35:00+00:00,REAL_TIME_5_MIN,PGSF_2_PDRP58-APND,AP Node,22.44911,4.91921,17.16395,0.36595,0.0
2025-10-26 12:30:00-07:00,2025-10-26 19:30:00+00:00,2025-10-26 12:35:00-07:00,2025-10-26 19:35:00+00:00,REAL_TIME_5_MIN,SNJOSEB_1_N001,Node,17.88071,4.91921,12.66044,0.30106,0.0
2025-10-26 12:35:00-07:00,2025-10-26 19:35:00+00:00,2025-10-26 12:40:00-07:00,2025-10-26 19:40:00+00:00,REAL_TIME_5_MIN,OAKLAND_1_N001,Node,21.35627,5.20018,15.9122,0.24389,0.0
2025-10-26 12:35:00-07:00,2025-10-26 19:35:00+00:00,2025-10-26 12:40:00-07:00,2025-10-26 19:40:00+00:00,REAL_TIME_5_MIN,PGSF_2_PDRP58-APND,AP Node,21.42499,5.20018,15.83795,0.38685,0.0
2025-10-26 12:35:00-07:00,2025-10-26 19:35:00+00:00,2025-10-26 12:40:00-07:00,2025-10-26 19:40:00+00:00,REAL_TIME_5_MIN,SNJOSEB_1_N001,Node,17.03655,5.20018,11.51811,0.31825,0.0
2025-10-26 12:40:00-07:00,2025-10-26 19:40:00+00:00,2025-10-26 12:45:00-07:00,2025-10-26 19:45:00+00:00,REAL_TIME_5_MIN,OAKLAND_1_N001,Node,25.71218,7.4015,17.96355,0.34713,0.0
2025-10-26 12:40:00-07:00,2025-10-26 19:40:00+00:00,2025-10-26 12:45:00-07:00,2025-10-26 19:45:00+00:00,REAL_TIME_5_MIN,PGSF_2_PDRP58-APND,AP Node,25.83076,7.4015,17.87865,0.55061,0.0
2025-10-26 12:40:00-07:00,2025-10-26 19:40:00+00:00,2025-10-26 12:45:00-07:00,2025-10-26 19:45:00+00:00,REAL_TIME_5_MIN,SNJOSEB_1_N001,Node,21.07724,7.4015,13.22277,0.45297,0.0
2025-10-26 12:45:00-07:00,2025-10-26 19:45:00+00:00,2025-10-26 12:50:00-07:00,2025-10-26 19:50:00+00:00,REAL_TIME_5_MIN,OAKLAND_1_N001,Node,20.49184,4.57762,15.70456,0.20966,0.0
2025-10-26 12:45:00-07:00,2025-10-26 19:45:00+00:00,2025-10-26 12:50:00-07:00,2025-10-26 19:50:00+00:00,REAL_TIME_5_MIN,PGSF_2_PDRP58-APND,AP Node,20.56014,4.57762,15.64885,0.33367,0.0
2025-10-26 12:45:00-07:00,2025-10-26 19:45:00+00:00,2025-10-26 12:50:00-07:00,2025-10-26 19:50:00+00:00,REAL_TIME_5_MIN,SNJOSEB_1_N001,Node,16.20705,4.57762,11.35706,0.27237,0.0
2025-10-26 12:50:00-07:00,2025-10-26 19:50:00+00:00,2025-10-26 12:55:00-07:00,2025-10-26 19:55:00+00:00,REAL_TIME_5_MIN,OAKLAND_1_N001,Node,20.64277,3.99958,16.46001,0.18318,0.0
2025-10-26 12:50:00-07:00,2025-10-26 19:50:00+00:00,2025-10-26 12:55:00-07:00,2025-10-26 19:55:00+00:00,REAL_TIME_5_MIN,PGSF_2_PDRP58-APND,AP Node,20.70611,3.99958,16.41499,0.29154,0.0
2025-10-26 12:50:00-07:00,2025-10-26 19:50:00+00:00,2025-10-26 12:55:00-07:00,2025-10-26 19:55:00+00:00,REAL_TIME_5_MIN,SNJOSEB_1_N001,Node,16.33717,3.99958,12.09961,0.23798,0.0
2025-10-26 12:55:00-07:00,2025-10-26 19:55:00+00:00,2025-10-26 13:00:00-07:00,2025-10-26 20:00:00+00:00,REAL_TIME_5_MIN,OAKLAND_1_N001,Node,22.13647,4.72548,17.19456,0.21643,0.0
2025-10-26 12:55:00-07:00,2025-10-26 19:55:00+00:00,2025-10-26 13:00:00-07:00,2025-10-26 20:00:00+00:00,REAL_TIME_5_MIN,PGSF_2_PDRP58-APND,AP Node,22.21754,4.72548,17.1476,0.34445,0.0
2025-10-26 12:55:00-07:00,2025-10-26 19:55:00+00:00,2025-10-26 13:00:00-07:00,2025-10-26 20:00:00+00:00,REAL_TIME_5_MIN,SNJOSEB_1_N001,Node,17.64727,4.72548,12.64062,0.28117,0.0
2025-10-26 13:00:00-07:00,2025-10-26 20:00:00+00:00,2025-10-26 13:05:00-07:00,2025-10-26 20:05:00+00:00,REAL_TIME_5_MIN,OAKLAND_1_N001,Node,19.75518,3.5356,16.06473,0.15486,0.0
2025-10-26 13:00:00-07:00,2025-10-26 20:00:00+00:00,2025-10-26 13:05:00-07:00,2025-10-26 20:05:00+00:00,REAL_TIME_5_MIN,PGSF_2_PDRP58-APND,AP Node,19.8916,3.5356,16.09678,0.25923,0.0
2025-10-26 13:00:00-07:00,2025-10-26 20:00:00+00:00,2025-10-26 13:05:00-07:00,2025-10-26 20:05:00+00:00,REAL_TIME_5_MIN,SNJOSEB_1_N001,Node,15.77043,3.5356,12.0135,0.22133,0.0
2025-10-26 13:05:00-07:00,2025-10-26 20:05:00+00:00,2025-10-26 13:10:00-07:00,2025-10-26 20:10:00+00:00,REAL_TIME_5_MIN,OAKLAND_1_N001,Node,20.13797,3.77493,16.1977,0.16534,0.0
2025-10-26 13:05:00-07:00,2025-10-26 20:05:00+00:00,2025-10-26 13:10:00-07:00,2025-10-26 20:10:00+00:00,REAL_TIME_5_MIN,PGSF_2_PDRP58-APND,AP Node,20.28104,3.77493,16.22934,0.27677,0.0
2025-10-26 13:05:00-07:00,2025-10-26 20:05:00+00:00,2025-10-26 13:10:00-07:00,2025-10-26 20:10:00+00:00,REAL_TIME_5_MIN,SNJOSEB_1_N001,Node,16.11165,3.77493,12.10041,0.23631,0.0
2025-10-26 13:10:00-07:00,2025-10-26 20:10:00+00:00,2025-10-26 13:15:00-07:00,2025-10-26 20:15:00+00:00,REAL_TIME_5_MIN,OAKLAND_1_N001,Node,21.1767,4.36522,16.62028,0.1912,0.0
2025-10-26 13:10:00-07:00,2025-10-26 20:10:00+00:00,2025-10-26 13:15:00-07:00,2025-10-26 20:15:00+00:00,REAL_TIME_5_MIN,PGSF_2_PDRP58-APND,AP Node,21.33707,4.36522,16.65179,0.32005,0.0
2025-10-26 13:10:00-07:00,2025-10-26 20:10:00+00:00,2025-10-26 13:15:00-07:00,2025-10-26 20:15:00+00:00,REAL_TIME_5_MIN,SNJOSEB_1_N001,Node,17.03704,4.36522,12.39855,0.27326,0.0
2025-10-26 13:15:00-07:00,2025-10-26 20:15:00+00:00,2025-10-26 13:20:00-07:00,2025-10-26 20:20:00+00:00,REAL_TIME_5_MIN,OAKLAND_1_N001,Node,19.99807,4.00486,15.8226,0.17061,0.0
2025-10-26 13:15:00-07:00,2025-10-26 20:15:00+00:00,2025-10-26 13:20:00-07:00,2025-10-26 20:20:00+00:00,REAL_TIME_5_MIN,PGSF_2_PDRP58-APND,AP Node,19.95964,4.00486,15.66607,0.28871,0.0
2025-10-26 13:15:00-07:00,2025-10-26 20:15:00+00:00,2025-10-26 13:20:00-07:00,2025-10-26 20:20:00+00:00,REAL_TIME_5_MIN,SNJOSEB_1_N001,Node,15.80781,4.00486,11.55785,0.2451,0.0
2025-10-26 13:20:00-07:00,2025-10-26 20:20:00+00:00,2025-10-26 13:25:00-07:00,2025-10-26 20:25:00+00:00,REAL_TIME_5_MIN,OAKLAND_1_N001,Node,16.24704,1.80496,14.36519,0.07689,0.0
2025-10-26 13:20:00-07:00,2025-10-26 20:20:00+00:00,2025-10-26 13:25:00-07:00,2025-10-26 20:25:00+00:00,REAL_TIME_5_MIN,PGSF_2_PDRP58-APND,AP Node,16.16488,1.80496,14.22981,0.13012,0.0
2025-10-26 13:20:00-07:00,2025-10-26 20:20:00+00:00,2025-10-26 13:25:00-07:00,2025-10-26 20:25:00+00:00,REAL_TIME_5_MIN,SNJOSEB_1_N001,Node,12.48528,1.80496,10.56986,0.11046,0.0
2025-10-26 13:25:00-07:00,2025-10-26 20:25:00+00:00,2025-10-26 13:30:00-07:00,2025-10-26 20:30:00+00:00,REAL_TIME_5_MIN,OAKLAND_1_N001,Node,14.97046,1.73847,13.15792,0.07406,0.0
2025-10-26 13:25:00-07:00,2025-10-26 20:25:00+00:00,2025-10-26 13:30:00-07:00,2025-10-26 20:30:00+00:00,REAL_TIME_5_MIN,PGSF_2_PDRP58-APND,AP Node,14.88333,1.73847,13.01953,0.12533,0.0
2025-10-26 13:25:00-07:00,2025-10-26 20:25:00+00:00,2025-10-26 13:30:00-07:00,2025-10-26 20:30:00+00:00,REAL_TIME_5_MIN,SNJOSEB_1_N001,Node,11.36271,1.73847,9.51784,0.10639,0.0
2025-10-26 13:30:00-07:00,2025-10-26 20:30:00+00:00,2025-10-26 13:35:00-07:00,2025-10-26 20:35:00+00:00,REAL_TIME_5_MIN,OAKLAND_1_N001,Node,33.11662,10.10203,22.57111,0.44348,0.0
2025-10-26 13:30:00-07:00,2025-10-26 20:30:00+00:00,2025-10-26 13:35:00-07:00,2025-10-26 20:35:00+00:00,REAL_TIME_5_MIN,PGSF_2_PDRP58-APND,AP Node,33.41252,10.10203,22.52743,0.78306,0.0
2025-10-26 13:30:00-07:00,2025-10-26 20:30:00+00:00,2025-10-26 13:35:00-07:00,2025-10-26 20:35:00+00:00,REAL_TIME_5_MIN,SNJOSEB_1_N001,Node,28.51896,10.10203,17.8098,0.60713,0.0
2025-10-26 13:35:00-07:00,2025-10-26 20:35:00+00:00,2025-10-26 13:40:00-07:00,2025-10-26 20:40:00+00:00,REAL_TIME_5_MIN,OAKLAND_1_N001,Node,35.84741,11.44265,23.90243,0.50233,0.0
2025-10-26 13:35:00-07:00,2025-10-26 20:35:00+00:00,2025-10-26 13:40:00-07:00,2025-10-26 20:40:00+00:00,REAL_TIME_5_MIN,PGSF_2_PDRP58-APND,AP Node,36.17919,11.44265,23.84957,0.88698,0.0
2025-10-26 13:35:00-07:00,2025-10-26 20:35:00+00:00,2025-10-26 13:40:00-07:00,2025-10-26 20:40:00+00:00,REAL_TIME_5_MIN,SNJOSEB_1_N001,Node,30.97787,11.44265,18.84752,0.6877,0.0
2025-10-26 13:40:00-07:00,2025-10-26 20:40:00+00:00,2025-10-26 13:45:00-07:00,2025-10-26 20:45:00+00:00,REAL_TIME_5_MIN,OAKLAND_1_N001,Node,34.83483,11.26674,23.07348,0.49461,0.0
2025-10-26 13:40:00-07:00,2025-10-26 20:40:00+00:00,2025-10-26 13:45:00-07:00,2025-10-26 20:45:00+00:00,REAL_TIME_5_MIN,PGSF_2_PDRP58-APND,AP Node,35.17206,11.26674,23.03199,0.87334,0.0
2025-10-26 13:40:00-07:00,2025-10-26 20:40:00+00:00,2025-10-26 13:45:00-07:00,2025-10-26 20:45:00+00:00,REAL_TIME_5_MIN,SNJOSEB_1_N001,Node,31.06965,11.26674,19.12578,0.67713,0.0
2025-10-26 13:45:00-07:00,2025-10-26 20:45:00+00:00,2025-10-26 13:50:00-07:00,2025-10-26 20:50:00+00:00,REAL_TIME_5_MIN,OAKLAND_1_N001,Node,31.21917,10.00117,20.76696,0.45105,0.0
2025-10-26 13:45:00-07:00,2025-10-26 20:45:00+00:00,2025-10-26 13:50:00-07:00,2025-10-26 20:50:00+00:00,REAL_TIME_5_MIN,PGSF_2_PDRP58-APND,AP Node,31.33077,10.00117,20.60099,0.72862,0.0
2025-10-26 13:45:00-07:00,2025-10-26 20:45:00+00:00,2025-10-26 13:50:00-07:00,2025-10-26 20:50:00+00:00,REAL_TIME_5_MIN,SNJOSEB_1_N001,Node,26.89696,10.00117,16.28672,0.60907,0.0
2025-10-26 13:50:00-07:00,2025-10-26 20:50:00+00:00,2025-10-26 13:55:00-07:00,2025-10-26 20:55:00+00:00,REAL_TIME_5_MIN,OAKLAND_1_N001,Node,31.19883,8.97954,21.81432,0.40498,0.0
2025-10-26 13:50:00-07:00,2025-10-26 20:50:00+00:00,2025-10-26 13:55:00-07:00,2025-10-26 20:55:00+00:00,REAL_TIME_5_MIN,PGSF_2_PDRP58-APND,AP Node,31.31726,8.97954,21.68353,0.65419,0.0
2025-10-26 13:50:00-07:00,2025-10-26 20:50:00+00:00,2025-10-26 13:55:00-07:00,2025-10-26 20:55:00+00:00,REAL_TIME_5_MIN,SNJOSEB_1_N001,Node,27.13786,8.97954,17.61147,0.54685,0.0
2025-10-26 13:55:00-07:00,2025-10-26 20:55:00+00:00,2025-10-26 14:00:00-07:00,2025-10-26 21:00:00+00:00,REAL_TIME_5_MIN,OAKLAND_1_N001,Node,33.57578,9.95925,23.16736,0.44916,0.0
2025-10-26 13:55:00-07:00,2025-10-26 20:55:00+00:00,2025-10-26 14:00:00-07:00,2025-10-26 21:00:00+00:00,REAL_TIME_5_MIN,PGSF_2_PDRP58-APND,AP Node,33.70391,9.95925,23.01909,0.72556,0.0
2025-10-26 13:55:00-07:00,2025-10-26 20:55:00+00:00,2025-10-26 14:00:00-07:00,2025-10-26 21:00:00+00:00,REAL_TIME_5_MIN,SNJOSEB_1_N001,Node,29.48832,9.95925,18.92255,0.60652,0.0
2025-10-26 14:00:00-07:00,2025-10-26 21:00:00+00:00,2025-10-26 14:05:00-07:00,2025-10-26 21:05:00+00:00,REAL_TIME_5_MIN,OAKLAND_1_N001,Node,26.04218,6.33518,19.43268,0.27431,0.0
2025-10-26 14:00:00-07:00,2025-10-26 21:00:00+00:00,2025-10-26 14:05:00-07:00,2025-10-26 21:05:00+00:00,REAL_TIME_5_MIN,PGSF_2_PDRP58-APND,AP Node,26.28028,6.33518,19.46875,0.47635,0.0
2025-10-26 14:00:00-07:00,2025-10-26 21:00:00+00:00,2025-10-26 14:05:00-07:00,2025-10-26 21:05:00+00:00,REAL_TIME_5_MIN,SNJOSEB_1_N001,Node,22.28855,6.33518,15.53398,0.41939,0.0
2025-10-26 14:05:00-07:00,2025-10-26 21:05:00+00:00,2025-10-26 14:10:00-07:00,2025-10-26 21:10:00+00:00,REAL_TIME_5_MIN,OAKLAND_1_N001,Node,26.08446,6.35356,19.45579,0.27511,0.0
2025-10-26 14:05:00-07:00,2025-10-26 21:05:00+00:00,2025-10-26 14:10:00-07:00,2025-10-26 21:10:00+00:00,REAL_TIME_5_MIN,PGSF_2_PDRP58-APND,AP Node,26.32406,6.35356,19.49277,0.47773,0.0
2025-10-26 14:05:00-07:00,2025-10-26 21:05:00+00:00,2025-10-26 14:10:00-07:00,2025-10-26 21:10:00+00:00,REAL_TIME_5_MIN,SNJOSEB_1_N001,Node,22.33976,6.35356,15.56559,0.42061,0.0
2025-10-26 14:10:00-07:00,2025-10-26 21:10:00+00:00,2025-10-26 14:15:00-07:00,2025-10-26 21:15:00+00:00,REAL_TIME_5_MIN,OAKLAND_1_N001,Node,25.91209,6.25779,19.38334,0.27096,0.0
2025-10-26 14:10:00-07:00,2025-10-26 21:10:00+00:00,2025-10-26 14:15:00-07:00,2025-10-26 21:15:00+00:00,REAL_TIME_5_MIN,PGSF_2_PDRP58-APND,AP Node,26.14531,6.25779,19.41699,0.47053,0.0
2025-10-26 14:10:00-07:00,2025-10-26 21:10:00+00:00,2025-10-26 14:15:00-07:00,2025-10-26 21:15:00+00:00,REAL_TIME_5_MIN,SNJOSEB_1_N001,Node,22.13135,6.25779,15.4593,0.41427,0.0
2025-10-26 14:15:00-07:00,2025-10-26 21:15:00+00:00,2025-10-26 14:20:00-07:00,2025-10-26 21:20:00+00:00,REAL_TIME_5_MIN,OAKLAND_1_N001,Node,22.46819,4.44739,17.82778,0.19302,0.0
2025-10-26 14:15:00-07:00,2025-10-26 21:15:00+00:00,2025-10-26 14:20:00-07:00,2025-10-26 21:20:00+00:00,REAL_TIME_5_MIN,PGSF_2_PDRP58-APND,AP Node,22.64154,4.44739,17.85947,0.33468,0.0
2025-10-26 14:15:00-07:00,2025-10-26 21:15:00+00:00,2025-10-26 14:20:00-07:00,2025-10-26 21:20:00+00:00,REAL_TIME_5_MIN,SNJOSEB_1_N001,Node,19.20664,4.44739,14.46394,0.29531,0.0
2025-10-26 14:20:00-07:00,2025-10-26 21:20:00+00:00,2025-10-26 14:25:00-07:00,2025-10-26 21:25:00+00:00,REAL_TIME_5_MIN,OAKLAND_1_N001,Node,20.85843,3.61428,17.08729,0.15686,0.0
2025-10-26 14:20:00-07:00,2025-10-26 21:20:00+00:00,2025-10-26 14:25:00-07:00,2025-10-26 21:25:00+00:00,REAL_TIME_5_MIN,PGSF_2_PDRP58-APND,AP Node,20.97056,3.61428,17.08429,0.27199,0.0
2025-10-26 14:20:00-07:00,2025-10-26 21:20:00+00:00,2025-10-26 14:25:00-07:00,2025-10-26 21:25:00+00:00,REAL_TIME_5_MIN,SNJOSEB_1_N001,Node,17.20355,3.61428,13.34927,0.23999,0.0
2025-10-26 14:25:00-07:00,2025-10-26 21:25:00+00:00,2025-10-26 14:30:00-07:00,2025-10-26 21:30:00+00:00,REAL_TIME_5_MIN,OAKLAND_1_N001,Node,23.64895,4.99873,18.43327,0.21695,0.0
2025-10-26 14:25:00-07:00,2025-10-26 21:25:00+00:00,2025-10-26 14:30:00-07:00,2025-10-26 21:30:00+00:00,REAL_TIME_5_MIN,PGSF_2_PDRP58-APND,AP Node,23.83012,4.99873,18.45522,0.37617,0.0
2025-10-26 14:25:00-07:00,2025-10-26 21:25:00+00:00,2025-10-26 14:30:00-07:00,2025-10-26 21:30:00+00:00,REAL_TIME_5_MIN,SNJOSEB_1_N001,Node,20.11933,4.99873,14.78868,0.33192,0.0
2025-10-26 14:30:00-07:00,2025-10-26 21:30:00+00:00,2025-10-26 14:35:00-07:00,2025-10-26 21:35:00+00:00,REAL_TIME_5_MIN,OAKLAND_1_N001,Node,28.97822,7.42163,21.22336,0.33323,0.0
2025-10-26 14:30:00-07:00,2025-10-26 21:30:00+00:00,2025-10-26 14:35:00-07:00,2025-10-26 21:35:00+00:00,REAL_TIME_5_MIN,PGSF_2_PDRP58-APND,AP Node,29.21117,7.42163,21.23429,0.55526,0.0
2025-10-26 14:30:00-07:00,2025-10-26 21:30:00+00:00,2025-10-26 14:35:00-07:00,2025-10-26 21:35:00+00:00,REAL_TIME_5_MIN,SNJOSEB_1_N001,Node,24.95888,7.42163,17.06821,0.46905,0.0
2025-10-26 14:35:00-07:00,2025-10-26 21:35:00+00:00,2025-10-26 14:40:00-07:00,2025-10-26 21:40:00+00:00,REAL_TIME_5_MIN,OAKLAND_1_N001,Node,29.31412,7.58438,21.38921,0.34054,0.0
2025-10-26 14:35:00-07:00,2025-10-26 21:35:00+00:00,2025-10-26 14:40:00-07:00,2025-10-26 21:40:00+00:00,REAL_TIME_5_MIN,PGSF_2_PDRP58-APND,AP Node,29.55885,7.58438,21.40704,0.56743,0.0
2025-10-26 14:35:00-07:00,2025-10-26 21:35:00+00:00,2025-10-26 14:40:00-07:00,2025-10-26 21:40:00+00:00,REAL_TIME_5_MIN,SNJOSEB_1_N001,Node,25.42418,7.58438,17.36047,0.47933,0.0
2025-10-26 14:40:00-07:00,2025-10-26 21:40:00+00:00,2025-10-26 14:45:00-07:00,2025-10-26 21:45:00+00:00,REAL_TIME_5_MIN,OAKLAND_1_N001,Node,38.1707,11.77633,25.86561,0.52876,0.0
2025-10-26 14:40:00-07:00,2025-10-26 21:40:00+00:00,2025-10-26 14:45:00-07:00,2025-10-26 21:45:00+00:00,REAL_TIME_5_MIN,PGSF_2_PDRP58-APND,AP Node,38.51715,11.77633,25.85976,0.88106,0.0
2025-10-26 14:40:00-07:00,2025-10-26 21:40:00+00:00,2025-10-26 14:45:00-07:00,2025-10-26 21:45:00+00:00,REAL_TIME_5_MIN,SNJOSEB_1_N001,Node,33.54348,11.77633,21.02288,0.74426,0.0
2025-10-26 14:45:00-07:00,2025-10-26 21:45:00+00:00,2025-10-26 14:50:00-07:00,2025-10-26 21:50:00+00:00,REAL_TIME_5_MIN,OAKLAND_1_N001,Node,34.63464,9.97229,24.23653,0.42582,0.0
2025-10-26 14:45:00-07:00,2025-10-26 21:45:00+00:00,2025-10-26 14:50:00-07:00,2025-10-26 21:50:00+00:00,REAL_TIME_5_MIN,PGSF_2_PDRP58-APND,AP Node,34.94583,9.97229,24.25538,0.71816,0.0
2025-10-26 14:45:00-07:00,2025-10-26 21:45:00+00:00,2025-10-26 14:50:00-07:00,2025-10-26 21:50:00+00:00,REAL_TIME_5_MIN,SNJOSEB_1_N001,Node,30.09272,9.97229,19.5181,0.60233,0.0
2025-10-26 14:50:00-07:00,2025-10-26 21:50:00+00:00,2025-10-26 14:55:00-07:00,2025-10-26 21:55:00+00:00,REAL_TIME_5_MIN,OAKLAND_1_N001,Node,30.87505,8.18954,22.33582,0.34969,0.0
2025-10-26 14:50:00-07:00,2025-10-26 21:50:00+00:00,2025-10-26 14:55:00-07:00,2025-10-26 21:55:00+00:00,REAL_TIME_5_MIN,PGSF_2_PDRP58-APND,AP Node,31.1403,8.18954,22.36099,0.58978,0.0
2025-10-26 14:50:00-07:00,2025-10-26 21:50:00+00:00,2025-10-26 14:55:00-07:00,2025-10-26 21:55:00+00:00,REAL_TIME_5_MIN,SNJOSEB_1_N001,Node,26.6738,8.18954,17.98961,0.49465,0.0
2025-10-26 14:55:00-07:00,2025-10-26 21:55:00+00:00,2025-10-26 15:00:00-07:00,2025-10-26 22:00:00+00:00,REAL_TIME_5_MIN,OAKLAND_1_N001,Node,32.11019,8.33956,23.41453,0.3561,0.0
2025-10-26 14:55:00-07:00,2025-10-26 21:55:00+00:00,2025-10-26 15:00:00-07:00,2025-10-26 22:00:00+00:00,REAL_TIME_5_MIN,PGSF_2_PDRP58-APND,AP Node,32.39745,8.33956,23.45731,0.60058,0.0
2025-10-26 14:55:00-07:00,2025-10-26 21:55:00+00:00,2025-10-26 15:00:00-07:00,2025-10-26 22:00:00+00:00,REAL_TIME_5_MIN,SNJOSEB_1_N001,Node,27.85851,8.33956,19.01524,0.50371,0.0
2025-10-26 15:00:00-07:00,2025-10-26 22:00:00+00:00,2025-10-26 15:05:00-07:00,2025-10-26 22:05:00+00:00,REAL_TIME_5_MIN,OAKLAND_1_N001,Node,23.28102,3.25573,19.89766,0.12762,0.0
2025-10-26 15:00:00-07:00,2025-10-26 22:00:00+00:00,2025-10-26 15:05:00-07:00,2025-10-26 22:05:00+00:00,REAL_TIME_5_MIN,PGSF_2_PDRP58-APND,AP Node,23.33766,3.25573,19.85071,0.23121,0.0
2025-10-26 15:00:00-07:00,2025-10-26 22:00:00+00:00,2025-10-26 15:05:00-07:00,2025-10-26 22:05:00+00:00,REAL_TIME_5_MIN,SNJOSEB_1_N001,Node,19.70536,3.25573,16.2507,0.19893,0.0
2025-10-26 15:05:00-07:00,2025-10-26 22:05:00+00:00,2025-10-26 15:10:00-07:00,2025-10-26 22:10:00+00:00,REAL_TIME_5_MIN,OAKLAND_1_N001,Node,21.18588,2.78692,18.28971,0.10925,0.0
2025-10-26 15:05:00-07:00,2025-10-26 22:05:00+00:00,2025-10-26 15:10:00-07:00,2025-10-26 22:10:00+00:00,REAL_TIME_5_MIN,PGSF_2_PDRP58-APND,AP Node,21.21589,2.78692,18.23104,0.19792,0.0
2025-10-26 15:05:00-07:00,2025-10-26 22:05:00+00:00,2025-10-26 15:10:00-07:00,2025-10-26 22:10:00+00:00,REAL_TIME_5_MIN,SNJOSEB_1_N001,Node,17.71118,2.78692,14.75398,0.17028,0.0
2025-10-26 15:10:00-07:00,2025-10-26 22:10:00+00:00,2025-10-26 15:15:00-07:00,2025-10-26 22:15:00+00:00,REAL_TIME_5_MIN,OAKLAND_1_N001,Node,21.58896,2.43199,19.06164,0.09533,0.0
2025-10-26 15:10:00-07:00,2025-10-26 22:10:00+00:00,2025-10-26 15:15:00-07:00,2025-10-26 22:15:00+00:00,REAL_TIME_5_MIN,PGSF_2_PDRP58-APND,AP Node,21.57987,2.43199,18.97516,0.17271,0.0
2025-10-26 15:10:00-07:00,2025-10-26 22:10:00+00:00,2025-10-26 15:15:00-07:00,2025-10-26 22:15:00+00:00,REAL_TIME_5_MIN,SNJOSEB_1_N001,Node,17.65773,2.43199,15.07715,0.14859,0.0
2025-10-26 15:15:00-07:00,2025-10-26 22:15:00+00:00,2025-10-26 15:20:00-07:00,2025-10-26 22:20:00+00:00,REAL_TIME_5_MIN,OAKLAND_1_N001,Node,20.49323,2.32142,18.07686,0.09495,0.0
2025-10-26 15:15:00-07:00,2025-10-26 22:15:00+00:00,2025-10-26 15:20:00-07:00,2025-10-26 22:20:00+00:00,REAL_TIME_5_MIN,PGSF_2_PDRP58-APND,AP Node,20.59743,2.32142,18.09142,0.18459,0.0
2025-10-26 15:15:00-07:00,2025-10-26 22:15:00+00:00,2025-10-26 15:20:00-07:00,2025-10-26 22:20:00+00:00,REAL_TIME_5_MIN,SNJOSEB_1_N001,Node,16.86857,2.32142,14.39858,0.14857,0.0
2025-10-26 15:20:00-07:00,2025-10-26 22:20:00+00:00,2025-10-26 15:25:00-07:00,2025-10-26 22:25:00+00:00,REAL_TIME_5_MIN,OAKLAND_1_N001,Node,19.87596,1.20387,18.62285,0.04924,0.0
2025-10-26 15:20:00-07:00,2025-10-26 22:20:00+00:00,2025-10-26 15:25:00-07:00,2025-10-26 22:25:00+00:00,REAL_TIME_5_MIN,PGSF_2_PDRP58-APND,AP Node,19.93837,1.20387,18.63877,0.09573,0.0
2025-10-26 15:20:00-07:00,2025-10-26 22:20:00+00:00,2025-10-26 15:25:00-07:00,2025-10-26 22:25:00+00:00,REAL_TIME_5_MIN,SNJOSEB_1_N001,Node,16.12907,1.20387,14.84815,0.07705,0.0
2025-10-26 15:25:00-07:00,2025-10-26 22:25:00+00:00,2025-10-26 15:30:00-07:00,2025-10-26 22:30:00+00:00,REAL_TIME_5_MIN,OAKLAND_1_N001,Node,20.19358,1.47383,18.65948,0.06028,0.0
2025-10-26 15:25:00-07:00,2025-10-26 22:25:00+00:00,2025-10-26 15:30:00-07:00,2025-10-26 22:30:00+00:00,REAL_TIME_5_MIN,PGSF_2_PDRP58-APND,AP Node,20.26716,1.47383,18.67615,0.11719,0.0
2025-10-26 15:25:00-07:00,2025-10-26 22:25:00+00:00,2025-10-26 15:30:00-07:00,2025-10-26 22:30:00+00:00,REAL_TIME_5_MIN,SNJOSEB_1_N001,Node,16.45697,1.47383,14.88882,0.09432,0.0
2025-10-26 15:30:00-07:00,2025-10-26 22:30:00+00:00,2025-10-26 15:35:00-07:00,2025-10-26 22:35:00+00:00,REAL_TIME_5_MIN,OAKLAND_1_N001,Node,16.93567,-0.13575,17.07737,-0.00595,0.0
2025-10-26 15:30:00-07:00,2025-10-26 22:30:00+00:00,2025-10-26 15:35:00-07:00,2025-10-26 22:35:00+00:00,REAL_TIME_5_MIN,PGSF_2_PDRP58-APND,AP Node,16.98972,-0.13575,17.1352,-0.00973,0.0
2025-10-26 15:30:00-07:00,2025-10-26 22:30:00+00:00,2025-10-26 15:35:00-07:00,2025-10-26 22:35:00+00:00,REAL_TIME_5_MIN,SNJOSEB_1_N001,Node,14.17143,-0.13575,14.31519,-0.00801,0.0
2025-10-26 15:35:00-07:00,2025-10-26 22:35:00+00:00,2025-10-26 15:40:00-07:00,2025-10-26 22:40:00+00:00,REAL_TIME_5_MIN,OAKLAND_1_N001,Node,19.49331,1.06468,18.38199,0.04663,0.0
2025-10-26 15:35:00-07:00,2025-10-26 22:35:00+00:00,2025-10-26 15:40:00-07:00,2025-10-26 22:40:00+00:00,REAL_TIME_5_MIN,PGSF_2_PDRP58-APND,AP Node,19.57293,1.06468,18.43193,0.07632,0.0
2025-10-26 15:35:00-07:00,2025-10-26 22:35:00+00:00,2025-10-26 15:40:00-07:00,2025-10-26 22:40:00+00:00,REAL_TIME_5_MIN,SNJOSEB_1_N001,Node,16.33957,1.06468,15.21208,0.06282,0.0
2025-10-26 15:40:00-07:00,2025-10-26 22:40:00+00:00,2025-10-26 15:45:00-07:00,2025-10-26 22:45:00+00:00,REAL_TIME_5_MIN,OAKLAND_1_N001,Node,27.58604,5.08864,22.27452,0.22288,0.0
2025-10-26 15:40:00-07:00,2025-10-26 22:40:00+00:00,2025-10-26 15:45:00-07:00,2025-10-26 22:45:00+00:00,REAL_TIME_5_MIN,PGSF_2_PDRP58-APND,AP Node,27.7623,5.08864,22.3089,0.36475,0.0
2025-10-26 15:40:00-07:00,2025-10-26 22:40:00+00:00,2025-10-26 15:45:00-07:00,2025-10-26 22:45:00+00:00,REAL_TIME_5_MIN,SNJOSEB_1_N001,Node,23.81179,5.08864,18.42292,0.30023,0.0
2025-10-26 15:45:00-07:00,2025-10-26 22:45:00+00:00,2025-10-26 15:50:00-07:00,2025-10-26 22:50:00+00:00,REAL_TIME_5_MIN,OAKLAND_1_N001,Node,24.71504,3.67282,20.87291,0.16932,0.0
2025-10-26 15:45:00-07:00,2025-10-26 22:45:00+00:00,2025-10-26 15:50:00-07:00,2025-10-26 22:50:00+00:00,REAL_TIME_5_MIN,PGSF_2_PDRP58-APND,AP Node,24.85279,3.67282,20.90899,0.27097,0.0
2025-10-26 15:45:00-07:00,2025-10-26 22:45:00+00:00,2025-10-26 15:50:00-07:00,2025-10-26 22:50:00+00:00,REAL_TIME_5_MIN,SNJOSEB_1_N001,Node,20.93736,3.67282,17.04197,0.22257,0.0
2025-10-26 15:50:00-07:00,2025-10-26 22:50:00+00:00,2025-10-26 15:55:00-07:00,2025-10-26 22:55:00+00:00,REAL_TIME_5_MIN,OAKLAND_1_N001,Node,24.56712,3.50792,20.89748,0.16172,0.0
2025-10-26 15:50:00-07:00,2025-10-26 22:50:00+00:00,2025-10-26 15:55:00-07:00,2025-10-26 22:55:00+00:00,REAL_TIME_5_MIN,PGSF_2_PDRP58-APND,AP Node,24.67899,3.50792,20.91226,0.25881,0.0
2025-10-26 15:50:00-07:00,2025-10-26 22:50:00+00:00,2025-10-26 15:55:00-07:00,2025-10-26 22:55:00+00:00,REAL_TIME_5_MIN,SNJOSEB_1_N001,Node,20.31595,3.50792,16.59545,0.21258,0.0
2025-10-26 15:55:00-07:00,2025-10-26 22:55:00+00:00,2025-10-26 16:00:00-07:00,2025-10-26 23:00:00+00:00,REAL_TIME_5_MIN,OAKLAND_1_N001,Node,21.07195,1.73469,19.2573,0.07997,0.0
2025-10-26 15:55:00-07:00,2025-10-26 22:55:00+00:00,2025-10-26 16:00:00-07:00,2025-10-26 23:00:00+00:00,REAL_TIME_5_MIN,PGSF_2_PDRP58-APND,AP Node,21.15889,1.73469,19.29623,0.12798,0.0
2025-10-26 15:55:00-07:00,2025-10-26 22:55:00+00:00,2025-10-26 16:00:00-07:00,2025-10-26 23:00:00+00:00,REAL_TIME_5_MIN,SNJOSEB_1_N001,Node,17.53635,1.73469,15.69654,0.10512,0.0
2025-10-26 16:00:00-07:00,2025-10-26 23:00:00+00:00,2025-10-26 16:05:00-07:00,2025-10-26 23:05:00+00:00,REAL_TIME_5_MIN,OAKLAND_1_N001,Node,15.5274,-2.09875,17.70884,-0.08269,0.0
2025-10-26 16:00:00-07:00,2025-10-26 23:00:00+00:00,2025-10-26 16:05:00-07:00,2025-10-26 23:05:00+00:00,REAL_TIME_5_MIN,PGSF_2_PDRP58-APND,AP Node,15.44611,-2.09875,17.7072,-0.16234,0.0
2025-10-26 16:00:00-07:00,2025-10-26 23:00:00+00:00,2025-10-26 16:05:00-07:00,2025-10-26 23:05:00+00:00,REAL_TIME_5_MIN,SNJOSEB_1_N001,Node,11.62125,-2.09875,13.84614,-0.12613,0.0
2025-10-26 16:05:00-07:00,2025-10-26 23:05:00+00:00,2025-10-26 16:10:00-07:00,2025-10-26 23:10:00+00:00,REAL_TIME_5_MIN,OAKLAND_1_N001,Node,5.47233,-6.49126,12.21934,-0.25576,0.0
2025-10-26 16:05:00-07:00,2025-10-26 23:05:00+00:00,2025-10-26 16:10:00-07:00,2025-10-26 23:10:00+00:00,REAL_TIME_5_MIN,PGSF_2_PDRP58-APND,AP Node,5.28497,-6.49126,12.27834,-0.50211,0.0
2025-10-26 16:05:00-07:00,2025-10-26 23:05:00+00:00,2025-10-26 16:10:00-07:00,2025-10-26 23:10:00+00:00,REAL_TIME_5_MIN,SNJOSEB_1_N001,Node,3.63224,-6.49126,10.51362,-0.39012,0.0
2025-10-26 16:10:00-07:00,2025-10-26 23:10:00+00:00,2025-10-26 16:15:00-07:00,2025-10-26 23:15:00+00:00,REAL_TIME_5_MIN,OAKLAND_1_N001,Node,20.41806,0.45613,19.94396,0.01797,0.0
2025-10-26 16:10:00-07:00,2025-10-26 23:10:00+00:00,2025-10-26 16:15:00-07:00,2025-10-26 23:15:00+00:00,REAL_TIME_5_MIN,PGSF_2_PDRP58-APND,AP Node,20.41523,0.45613,19.92382,0.03528,0.0
2025-10-26 16:10:00-07:00,2025-10-26 23:10:00+00:00,2025-10-26 16:15:00-07:00,2025-10-26 23:15:00+00:00,REAL_TIME_5_MIN,SNJOSEB_1_N001,Node,15.78521,0.45613,15.30167,0.02741,0.0
2025-10-26 16:15:00-07:00,2025-10-26 23:15:00+00:00,2025-10-26 16:20:00-07:00,2025-10-26 23:20:00+00:00,REAL_TIME_5_MIN,OAKLAND_1_N001,Node,15.71748,-0.40476,16.12225,0.0,0.0
2025-10-26 16:15:00-07:00,2025-10-26 23:15:00+00:00,2025-10-26 16:20:00-07:00,2025-10-26 23:20:00+00:00,REAL_TIME_5_MIN,PGSF_2_PDRP58-APND,AP Node,15.68982,-0.40476,16.09458,0.0,0.0
2025-10-26 16:15:00-07:00,2025-10-26 23:15:00+00:00,2025-10-26 16:20:00-07:00,2025-10-26 23:20:00+00:00,REAL_TIME_5_MIN,SNJOSEB_1_N001,Node,11.83385,-0.40476,12.23861,0.0,0.0
2025-10-26 16:20:00-07:00,2025-10-26 23:20:00+00:00,2025-10-26 16:25:00-07:00,2025-10-26 23:25:00+00:00,REAL_TIME_5_MIN,OAKLAND_1_N001,Node,18.77932,1.81191,16.96741,0.0,0.0
2025-10-26 16:20:00-07:00,2025-10-26 23:20:00+00:00,2025-10-26 16:25:00-07:00,2025-10-26 23:25:00+00:00,REAL_TIME_5_MIN,PGSF_2_PDRP58-APND,AP Node,18.72495,1.81191,16.91304,0.0,0.0
2025-10-26 16:20:00-07:00,2025-10-26 23:20:00+00:00,2025-10-26 16:25:00-07:00,2025-10-26 23:25:00+00:00,REAL_TIME_5_MIN,SNJOSEB_1_N001,Node,14.28736,1.81191,12.47545,0.0,0.0
2025-10-26 16:25:00-07:00,2025-10-26 23:25:00+00:00,2025-10-26 16:30:00-07:00,2025-10-26 23:30:00+00:00,REAL_TIME_5_MIN,OAKLAND_1_N001,Node,18.81853,3.17993,15.6386,0.0,0.0
2025-10-26 16:25:00-07:00,2025-10-26 23:25:00+00:00,2025-10-26 16:30:00-07:00,2025-10-26 23:30:00+00:00,REAL_TIME_5_MIN,PGSF_2_PDRP58-APND,AP Node,18.747,3.17993,15.56707,0.0,0.0
2025-10-26 16:25:00-07:00,2025-10-26 23:25:00+00:00,2025-10-26 16:30:00-07:00,2025-10-26 23:30:00+00:00,REAL_TIME_5_MIN,SNJOSEB_1_N001,Node,14.24786,3.17993,11.06793,0.0,0.0
2025-10-26 16:30:00-07:00,2025-10-26 23:30:00+00:00,2025-10-26 16:35:00-07:00,2025-10-26 23:35:00+00:00,REAL_TIME_5_MIN,OAKLAND_1_N001,Node,26.51108,9.32938,16.73016,0.45154,0.0
2025-10-26 16:30:00-07:00,2025-10-26 23:30:00+00:00,2025-10-26 16:35:00-07:00,2025-10-26 23:35:00+00:00,REAL_TIME_5_MIN,PGSF_2_PDRP58-APND,AP Node,26.70315,9.32938,16.60746,0.76632,0.0
2025-10-26 16:30:00-07:00,2025-10-26 23:30:00+00:00,2025-10-26 16:35:00-07:00,2025-10-26 23:35:00+00:00,REAL_TIME_5_MIN,SNJOSEB_1_N001,Node,21.10445,9.32938,11.19386,0.58122,0.0
2025-10-26 16:35:00-07:00,2025-10-26 23:35:00+00:00,2025-10-26 16:40:00-07:00,2025-10-26 23:40:00+00:00,REAL_TIME_5_MIN,OAKLAND_1_N001,Node,37.88657,21.60219,15.23883,1.04555,0.0
2025-10-26 16:35:00-07:00,2025-10-26 23:35:00+00:00,2025-10-26 16:40:00-07:00,2025-10-26 23:40:00+00:00,REAL_TIME_5_MIN,PGSF_2_PDRP58-APND,AP Node,38.37164,21.60219,14.99505,1.7744,0.0
2025-10-26 16:35:00-07:00,2025-10-26 23:35:00+00:00,2025-10-26 16:40:00-07:00,2025-10-26 23:40:00+00:00,REAL_TIME_5_MIN,SNJOSEB_1_N001,Node,31.02836,21.60219,8.08035,1.34582,0.0
2025-10-26 16:40:00-07:00,2025-10-26 23:40:00+00:00,2025-10-26 16:45:00-07:00,2025-10-26 23:45:00+00:00,REAL_TIME_5_MIN,OAKLAND_1_N001,Node,37.89587,23.97803,12.75731,1.16054,0.0
2025-10-26 16:40:00-07:00,2025-10-26 23:40:00+00:00,2025-10-26 16:45:00-07:00,2025-10-26 23:45:00+00:00,REAL_TIME_5_MIN,PGSF_2_PDRP58-APND,AP Node,38.52636,23.97803,12.57878,1.96956,0.0
2025-10-26 16:40:00-07:00,2025-10-26 23:40:00+00:00,2025-10-26 16:45:00-07:00,2025-10-26 23:45:00+00:00,REAL_TIME_5_MIN,SNJOSEB_1_N001,Node,32.64598,23.97803,7.17412,1.49383,0.0
2025-10-26 16:45:00-07:00,2025-10-26 23:45:00+00:00,2025-10-26 16:50:00-07:00,2025-10-26 23:50:00+00:00,REAL_TIME_5_MIN,OAKLAND_1_N001,Node,38.68795,30.27306,8.41489,0.0,0.0
2025-10-26 16:45:00-07:00,2025-10-26 23:45:00+00:00,2025-10-26 16:50:00-07:00,2025-10-26 23:50:00+00:00,REAL_TIME_5_MIN,PGSF_2_PDRP58-APND,AP Node,38.4314,30.27306,8.15835,0.0,0.0
2025-10-26 16:45:00-07:00,2025-10-26 23:45:00+00:00,2025-10-26 16:50:00-07:00,2025-10-26 23:50:00+00:00,REAL_TIME_5_MIN,SNJOSEB_1_N001,Node,32.77228,30.27306,2.49923,0.0,0.0
2025-10-26 16:50:00-07:00,2025-10-26 23:50:00+00:00,2025-10-26 16:55:00-07:00,2025-10-26 23:55:00+00:00,REAL_TIME_5_MIN,OAKLAND_1_N001,Node,40.03603,36.75806,3.27797,0.0,0.0
2025-10-26 16:50:00-07:00,2025-10-26 23:50:00+00:00,2025-10-26 16:55:00-07:00,2025-10-26 23:55:00+00:00,REAL_TIME_5_MIN,PGSF_2_PDRP58-APND,AP Node,39.98294,36.75806,3.22487,0.0,0.0
2025-10-26 16:50:00-07:00,2025-10-26 23:50:00+00:00,2025-10-26 16:55:00-07:00,2025-10-26 23:55:00+00:00,REAL_TIME_5_MIN,SNJOSEB_1_N001,Node,38.47959,36.75806,1.72153,0.0,0.0
2025-10-26 16:55:00-07:00,2025-10-26 23:55:00+00:00,2025-10-26 17:00:00-07:00,2025-10-27 00:00:00+00:00,REAL_TIME_5_MIN,OAKLAND_1_N001,Node,42.17163,40.97114,1.2005,0.0,0.0
2025-10-26 16:55:00-07:00,2025-10-26 23:55:00+00:00,2025-10-26 17:00:00-07:00,2025-10-27 00:00:00+00:00,REAL_TIME_5_MIN,PGSF_2_PDRP58-APND,AP Node,42.11271,40.97114,1.14157,0.0,0.0
2025-10-26 16:55:00-07:00,2025-10-26 23:55:00+00:00,2025-10-26 17:00:00-07:00,2025-10-27 00:00:00+00:00,REAL_TIME_5_MIN,SNJOSEB_1_N001,Node,40.97114,40.97114,0.0,0.0,0.0
2025-10-26 17:00:00-07:00,2025-10-27 00:00:00+00:00,2025-10-26 17:05:00-07:00,2025-10-27 00:05:00+00:00,REAL_TIME_5_MIN,OAKLAND_1_N001,Node,37.36679,26.07388,10.15609,1.13682,0.0
2025-10-26 17:00:00-07:00,2025-10-27 00:00:00+00:00,2025-10-26 17:05:00-07:00,2025-10-27 00:05:00+00:00,REAL_TIME_5_MIN,PGSF_2_PDRP58-APND,AP Node,38.33045,26.07388,10.30677,1.9498,0.0
2025-10-26 17:00:00-07:00,2025-10-27 00:00:00+00:00,2025-10-26 17:05:00-07:00,2025-10-27 00:05:00+00:00,REAL_TIME_5_MIN,SNJOSEB_1_N001,Node,38.06533,26.07388,10.36705,1.6244,0.0
2025-10-26 17:05:00-07:00,2025-10-27 00:05:00+00:00,2025-10-26 17:10:00-07:00,2025-10-27 00:10:00+00:00,REAL_TIME_5_MIN,OAKLAND_1_N001,Node,35.46129,27.23305,7.04088,1.18736,0.0
2025-10-26 17:05:00-07:00,2025-10-27 00:05:00+00:00,2025-10-26 17:10:00-07:00,2025-10-27 00:10:00+00:00,REAL_TIME_5_MIN,PGSF_2_PDRP58-APND,AP Node,36.41487,27.23305,7.14534,2.03648,0.0
2025-10-26 17:05:00-07:00,2025-10-27 00:05:00+00:00,2025-10-26 17:10:00-07:00,2025-10-27 00:10:00+00:00,REAL_TIME_5_MIN,SNJOSEB_1_N001,Node,36.11679,27.23305,7.18713,1.69662,0.0
2025-10-26 17:10:00-07:00,2025-10-27 00:10:00+00:00,2025-10-26 17:15:00-07:00,2025-10-27 00:15:00+00:00,REAL_TIME_5_MIN,OAKLAND_1_N001,Node,39.17012,35.48105,2.14209,1.54697,0.0
2025-10-26 17:10:00-07:00,2025-10-27 00:10:00+00:00,2025-10-26 17:15:00-07:00,2025-10-27 00:15:00+00:00,REAL_TIME_5_MIN,PGSF_2_PDRP58-APND,AP Node,40.43509,35.48105,2.30077,2.65327,0.0
2025-10-26 17:10:00-07:00,2025-10-27 00:10:00+00:00,2025-10-26 17:15:00-07:00,2025-10-27 00:15:00+00:00,REAL_TIME_5_MIN,SNJOSEB_1_N001,Node,40.07163,35.48105,2.3801,2.21047,0.0
2025-10-26 17:15:00-07:00,2025-10-27 00:15:00+00:00,2025-10-26 17:20:00-07:00,2025-10-27 00:20:00+00:00,REAL_TIME_5_MIN,OAKLAND_1_N001,Node,43.7006,41.27432,0.43273,1.99355,0.0
2025-10-26 17:15:00-07:00,2025-10-27 00:15:00+00:00,2025-10-26 17:20:00-07:00,2025-10-27 00:20:00+00:00,REAL_TIME_5_MIN,PGSF_2_PDRP58-APND,AP Node,44.99646,41.27432,0.43913,3.283,0.0
2025-10-26 17:15:00-07:00,2025-10-27 00:15:00+00:00,2025-10-26 17:20:00-07:00,2025-10-27 00:20:00+00:00,REAL_TIME_5_MIN,SNJOSEB_1_N001,Node,44.4814,41.27432,0.44169,2.76538,0.0
2025-10-26 17:20:00-07:00,2025-10-27 00:20:00+00:00,2025-10-26 17:25:00-07:00,2025-10-27 00:25:00+00:00,REAL_TIME_5_MIN,OAKLAND_1_N001,Node,46.24384,44.11317,0.0,2.13067,0.0
2025-10-26 17:20:00-07:00,2025-10-27 00:20:00+00:00,2025-10-26 17:25:00-07:00,2025-10-27 00:25:00+00:00,REAL_TIME_5_MIN,PGSF_2_PDRP58-APND,AP Node,47.62198,44.11317,0.0,3.50881,0.0
2025-10-26 17:20:00-07:00,2025-10-27 00:20:00+00:00,2025-10-26 17:25:00-07:00,2025-10-27 00:25:00+00:00,REAL_TIME_5_MIN,SNJOSEB_1_N001,Node,47.06876,44.11317,0.0,2.95558,0.0
2025-10-26 17:25:00-07:00,2025-10-27 00:25:00+00:00,2025-10-26 17:30:00-07:00,2025-10-27 00:30:00+00:00,REAL_TIME_5_MIN,OAKLAND_1_N001,Node,49.34748,47.07382,0.0,2.27367,0.0
2025-10-26 17:25:00-07:00,2025-10-27 00:25:00+00:00,2025-10-26 17:30:00-07:00,2025-10-27 00:30:00+00:00,REAL_TIME_5_MIN,PGSF_2_PDRP58-APND,AP Node,50.81812,47.07382,0.0,3.7443,0.0
2025-10-26 17:25:00-07:00,2025-10-27 00:25:00+00:00,2025-10-26 17:30:00-07:00,2025-10-27 00:30:00+00:00,REAL_TIME_5_MIN,SNJOSEB_1_N001,Node,50.22776,47.07382,0.0,3.15395,0.0
2025-10-26 17:30:00-07:00,2025-10-27 00:30:00+00:00,2025-10-26 17:35:00-07:00,2025-10-27 00:35:00+00:00,REAL_TIME_5_MIN,OAKLAND_1_N001,Node,52.79481,50.57459,0.0,2.22022,0.0
2025-10-26 17:30:00-07:00,2025-10-27 00:30:00+00:00,2025-10-26 17:35:00-07:00,2025-10-27 00:35:00+00:00,REAL_TIME_5_MIN,PGSF_2_PDRP58-APND,AP Node,54.2363,50.57459,0.0,3.66171,0.0
2025-10-26 17:30:00-07:00,2025-10-27 00:30:00+00:00,2025-10-26 17:35:00-07:00,2025-10-27 00:35:00+00:00,REAL_TIME_5_MIN,SNJOSEB_1_N001,Node,53.53826,50.57459,0.0,2.96367,0.0
2025-10-26 17:35:00-07:00,2025-10-27 00:35:00+00:00,2025-10-26 17:40:00-07:00,2025-10-27 00:40:00+00:00,REAL_TIME_5_MIN,OAKLAND_1_N001,Node,54.25676,51.97505,0.0,2.2817,0.0
2025-10-26 17:35:00-07:00,2025-10-27 00:35:00+00:00,2025-10-26 17:40:00-07:00,2025-10-27 00:40:00+00:00,REAL_TIME_5_MIN,PGSF_2_PDRP58-APND,AP Node,55.73816,51.97505,0.0,3.7631,0.0
2025-10-26 17:35:00-07:00,2025-10-27 00:35:00+00:00,2025-10-26 17:40:00-07:00,2025-10-27 00:40:00+00:00,REAL_TIME_5_MIN,SNJOSEB_1_N001,Node,55.02079,51.97505,0.0,3.04574,0.0
2025-10-26 17:40:00-07:00,2025-10-27 00:40:00+00:00,2025-10-26 17:45:00-07:00,2025-10-27 00:45:00+00:00,REAL_TIME_5_MIN,OAKLAND_1_N001,Node,56.6153,54.23441,0.0,2.38089,0.0
2025-10-26 17:40:00-07:00,2025-10-27 00:40:00+00:00,2025-10-26 17:45:00-07:00,2025-10-27 00:45:00+00:00,REAL_TIME_5_MIN,PGSF_2_PDRP58-APND,AP Node,58.16109,54.23441,0.0,3.92669,0.0
2025-10-26 17:40:00-07:00,2025-10-27 00:40:00+00:00,2025-10-26 17:45:00-07:00,2025-10-27 00:45:00+00:00,REAL_TIME_5_MIN,SNJOSEB_1_N001,Node,57.41254,54.23441,0.0,3.17814,0.0
2025-10-26 17:45:00-07:00,2025-10-27 00:45:00+00:00,2025-10-26 17:50:00-07:00,2025-10-27 00:50:00+00:00,REAL_TIME_5_MIN,OAKLAND_1_N001,Node,54.30709,52.62315,0.0,1.68394,0.0
2025-10-26 17:45:00-07:00,2025-10-27 00:45:00+00:00,2025-10-26 17:50:00-07:00,2025-10-27 00:50:00+00:00,REAL_TIME_5_MIN,PGSF_2_PDRP58-APND,AP Node,55.84051,52.62315,0.0,3.21736,0.0
2025-10-26 17:45:00-07:00,2025-10-27 00:45:00+00:00,2025-10-26 17:50:00-07:00,2025-10-27 00:50:00+00:00,REAL_TIME_5_MIN,SNJOSEB_1_N001,Node,55.17011,52.62315,0.0,2.54696,0.0
2025-10-26 17:50:00-07:00,2025-10-27 00:50:00+00:00,2025-10-26 17:55:00-07:00,2025-10-27 00:55:00+00:00,REAL_TIME_5_MIN,OAKLAND_1_N001,Node,51.88361,50.27481,0.0,1.60879,0.0
2025-10-26 17:50:00-07:00,2025-10-27 00:50:00+00:00,2025-10-26 17:55:00-07:00,2025-10-27 00:55:00+00:00,REAL_TIME_5_MIN,PGSF_2_PDRP58-APND,AP Node,53.34859,50.27481,0.0,3.07378,0.0
2025-10-26 17:50:00-07:00,2025-10-27 00:50:00+00:00,2025-10-26 17:55:00-07:00,2025-10-27 00:55:00+00:00,REAL_TIME_5_MIN,SNJOSEB_1_N001,Node,52.70812,50.27481,0.0,2.4333,0.0
2025-10-26 17:55:00-07:00,2025-10-27 00:55:00+00:00,2025-10-26 18:00:00-07:00,2025-10-27 01:00:00+00:00,REAL_TIME_5_MIN,OAKLAND_1_N001,Node,51.82169,50.21481,0.0,1.60687,0.0
2025-10-26 17:55:00-07:00,2025-10-27 00:55:00+00:00,2025-10-26 18:00:00-07:00,2025-10-27 01:00:00+00:00,REAL_TIME_5_MIN,PGSF_2_PDRP58-APND,AP Node,53.28492,50.21481,0.0,3.07011,0.0
2025-10-26 17:55:00-07:00,2025-10-27 00:55:00+00:00,2025-10-26 18:00:00-07:00,2025-10-27 01:00:00+00:00,REAL_TIME_5_MIN,SNJOSEB_1_N001,Node,52.64521,50.21481,0.0,2.4304,0.0
2025-10-26 18:00:00-07:00,2025-10-27 01:00:00+00:00,2025-10-26 18:05:00-07:00,2025-10-27 01:05:00+00:00,REAL_TIME_5_MIN,OAKLAND_1_N001,Node,42.13446,39.01367,1.16231,1.95849,0.0
2025-10-26 18:00:00-07:00,2025-10-27 01:00:00+00:00,2025-10-26 18:05:00-07:00,2025-10-27 01:05:00+00:00,REAL_TIME_5_MIN,PGSF_2_PDRP58-APND,AP Node,43.49207,39.01367,1.18307,3.29533,0.0
2025-10-26 18:00:00-07:00,2025-10-27 01:00:00+00:00,2025-10-26 18:05:00-07:00,2025-10-27 01:05:00+00:00,REAL_TIME_5_MIN,SNJOSEB_1_N001,Node,42.93071,39.01367,1.18999,2.72706,0.0
2025-10-26 18:05:00-07:00,2025-10-27 01:05:00+00:00,2025-10-26 18:10:00-07:00,2025-10-27 01:10:00+00:00,REAL_TIME_5_MIN,OAKLAND_1_N001,Node,41.33324,38.1918,1.22421,1.91723,0.0
2025-10-26 18:05:00-07:00,2025-10-27 01:05:00+00:00,2025-10-26 18:10:00-07:00,2025-10-27 01:10:00+00:00,REAL_TIME_5_MIN,PGSF_2_PDRP58-APND,AP Node,42.66378,38.1918,1.24608,3.22591,0.0
2025-10-26 18:05:00-07:00,2025-10-27 01:05:00+00:00,2025-10-26 18:10:00-07:00,2025-10-27 01:10:00+00:00,REAL_TIME_5_MIN,SNJOSEB_1_N001,Node,42.11476,38.1918,1.25336,2.66961,0.0
2025-10-26 18:10:00-07:00,2025-10-27 01:10:00+00:00,2025-10-26 18:15:00-07:00,2025-10-27 01:15:00+00:00,REAL_TIME_5_MIN,OAKLAND_1_N001,Node,41.92294,38.5279,1.46093,1.9341,0.0
2025-10-26 18:10:00-07:00,2025-10-27 01:10:00+00:00,2025-10-26 18:15:00-07:00,2025-10-27 01:15:00+00:00,REAL_TIME_5_MIN,PGSF_2_PDRP58-APND,AP Node,43.26922,38.5279,1.48702,3.2543,0.0
2025-10-26 18:10:00-07:00,2025-10-27 01:10:00+00:00,2025-10-26 18:15:00-07:00,2025-10-27 01:15:00+00:00,REAL_TIME_5_MIN,SNJOSEB_1_N001,Node,42.71672,38.5279,1.49572,2.6931,0.0
2025-10-26 18:15:00-07:00,2025-10-27 01:15:00+00:00,2025-10-26 18:20:00-07:00,2025-10-27 01:20:00+00:00,REAL_TIME_5_MIN,OAKLAND_1_N001,Node,42.01989,38.78071,1.31953,1.91964,0.0
2025-10-26 18:15:00-07:00,2025-10-27 01:15:00+00:00,2025-10-26 18:20:00-07:00,2025-10-27 01:20:00+00:00,REAL_TIME_5_MIN,PGSF_2_PDRP58-APND,AP Node,43.36463,38.78071,1.34317,3.24075,0.0
2025-10-26 18:15:00-07:00,2025-10-27 01:15:00+00:00,2025-10-26 18:20:00-07:00,2025-10-27 01:20:00+00:00,REAL_TIME_5_MIN,SNJOSEB_1_N001,Node,42.83477,38.78071,1.35105,2.70302,0.0
2025-10-26 18:20:00-07:00,2025-10-27 01:20:00+00:00,2025-10-26 18:25:00-07:00,2025-10-27 01:25:00+00:00,REAL_TIME_5_MIN,OAKLAND_1_N001,Node,41.45129,39.36121,0.1417,1.94838,0.0
2025-10-26 18:20:00-07:00,2025-10-27 01:20:00+00:00,2025-10-26 18:25:00-07:00,2025-10-27 01:25:00+00:00,REAL_TIME_5_MIN,PGSF_2_PDRP58-APND,AP Node,42.79471,39.36121,0.14424,3.28926,0.0
2025-10-26 18:20:00-07:00,2025-10-27 01:20:00+00:00,2025-10-26 18:25:00-07:00,2025-10-27 01:25:00+00:00,REAL_TIME_5_MIN,SNJOSEB_1_N001,Node,42.24977,39.36121,0.14508,2.74348,0.0
2025-10-26 18:25:00-07:00,2025-10-27 01:25:00+00:00,2025-10-26 18:30:00-07:00,2025-10-27 01:30:00+00:00,REAL_TIME_5_MIN,OAKLAND_1_N001,Node,40.66089,38.74311,0.0,1.91778,0.0
2025-10-26 18:25:00-07:00,2025-10-27 01:25:00+00:00,2025-10-26 18:30:00-07:00,2025-10-27 01:30:00+00:00,REAL_TIME_5_MIN,PGSF_2_PDRP58-APND,AP Node,41.98072,38.74311,0.0,3.23761,0.0
2025-10-26 18:25:00-07:00,2025-10-27 01:25:00+00:00,2025-10-26 18:30:00-07:00,2025-10-27 01:30:00+00:00,REAL_TIME_5_MIN,SNJOSEB_1_N001,Node,41.4435,38.74311,0.0,2.70039,0.0
2025-10-26 18:30:00-07:00,2025-10-27 01:30:00+00:00,2025-10-26 18:35:00-07:00,2025-10-27 01:35:00+00:00,REAL_TIME_5_MIN,OAKLAND_1_N001,Node,41.74141,39.63276,0.00415,2.1045,0.0
2025-10-26 18:30:00-07:00,2025-10-27 01:30:00+00:00,2025-10-26 18:35:00-07:00,2025-10-27 01:35:00+00:00,REAL_TIME_5_MIN,PGSF_2_PDRP58-APND,AP Node,43.02016,39.63276,0.00423,3.38318,0.0
2025-10-26 18:30:00-07:00,2025-10-27 01:30:00+00:00,2025-10-26 18:35:00-07:00,2025-10-27 01:35:00+00:00,REAL_TIME_5_MIN,SNJOSEB_1_N001,Node,42.36771,39.63276,0.00425,2.7307,0.0
2025-10-26 18:35:00-07:00,2025-10-27 01:35:00+00:00,2025-10-26 18:40:00-07:00,2025-10-27 01:40:00+00:00,REAL_TIME_5_MIN,OAKLAND_1_N001,Node,42.0596,39.93688,0.00208,2.12065,0.0
2025-10-26 18:35:00-07:00,2025-10-27 01:35:00+00:00,2025-10-26 18:40:00-07:00,2025-10-27 01:40:00+00:00,REAL_TIME_5_MIN,PGSF_2_PDRP58-APND,AP Node,43.34813,39.93688,0.00211,3.40914,0.0
2025-10-26 18:35:00-07:00,2025-10-27 01:35:00+00:00,2025-10-26 18:40:00-07:00,2025-10-27 01:40:00+00:00,REAL_TIME_5_MIN,SNJOSEB_1_N001,Node,42.69066,39.93688,0.00213,2.75165,0.0
2025-10-26 18:40:00-07:00,2025-10-27 01:40:00+00:00,2025-10-26 18:45:00-07:00,2025-10-27 01:45:00+00:00,REAL_TIME_5_MIN,OAKLAND_1_N001,Node,41.36267,39.27312,0.00415,2.0854,0.0
2025-10-26 18:40:00-07:00,2025-10-27 01:40:00+00:00,2025-10-26 18:45:00-07:00,2025-10-27 01:45:00+00:00,REAL_TIME_5_MIN,PGSF_2_PDRP58-APND,AP Node,42.62983,39.27312,0.00423,3.35248,0.0
2025-10-26 18:40:00-07:00,2025-10-27 01:40:00+00:00,2025-10-26 18:45:00-07:00,2025-10-27 01:45:00+00:00,REAL_TIME_5_MIN,SNJOSEB_1_N001,Node,41.98329,39.27312,0.00425,2.70592,0.0
2025-10-26 18:45:00-07:00,2025-10-27 01:45:00+00:00,2025-10-26 18:50:00-07:00,2025-10-27 01:50:00+00:00,REAL_TIME_5_MIN,OAKLAND_1_N001,Node,41.66169,39.28373,0.32735,2.05061,0.0
2025-10-26 18:45:00-07:00,2025-10-27 01:45:00+00:00,2025-10-26 18:50:00-07:00,2025-10-27 01:50:00+00:00,REAL_TIME_5_MIN,PGSF_2_PDRP58-APND,AP Node,42.96392,39.28373,0.33325,3.34694,0.0
2025-10-26 18:45:00-07:00,2025-10-27 01:45:00+00:00,2025-10-26 18:50:00-07:00,2025-10-27 01:50:00+00:00,REAL_TIME_5_MIN,SNJOSEB_1_N001,Node,42.30988,39.28373,0.33521,2.69094,0.0
2025-10-26 18:50:00-07:00,2025-10-27 01:50:00+00:00,2025-10-26 18:55:00-07:00,2025-10-27 01:55:00+00:00,REAL_TIME_5_MIN,OAKLAND_1_N001,Node,41.32045,38.47312,0.83903,2.0083,0.0
2025-10-26 18:50:00-07:00,2025-10-27 01:50:00+00:00,2025-10-26 18:55:00-07:00,2025-10-27 01:55:00+00:00,REAL_TIME_5_MIN,PGSF_2_PDRP58-APND,AP Node,42.60515,38.47312,0.85415,3.27788,0.0
2025-10-26 18:50:00-07:00,2025-10-27 01:50:00+00:00,2025-10-26 18:55:00-07:00,2025-10-27 01:55:00+00:00,REAL_TIME_5_MIN,SNJOSEB_1_N001,Node,41.96772,38.47312,0.85919,2.63541,0.0
2025-10-26 18:55:00-07:00,2025-10-27 01:55:00+00:00,2025-10-26 19:00:00-07:00,2025-10-27 02:00:00+00:00,REAL_TIME_5_MIN,OAKLAND_1_N001,Node,41.00439,38.96624,0.00412,2.03404,0.0
2025-10-26 18:55:00-07:00,2025-10-27 01:55:00+00:00,2025-10-26 19:00:00-07:00,2025-10-27 02:00:00+00:00,REAL_TIME_5_MIN,PGSF_2_PDRP58-APND,AP Node,42.29033,38.96624,0.00419,3.31989,0.0
2025-10-26 18:55:00-07:00,2025-10-27 01:55:00+00:00,2025-10-26 19:00:00-07:00,2025-10-27 02:00:00+00:00,REAL_TIME_5_MIN,SNJOSEB_1_N001,Node,41.63964,38.96624,0.00422,2.66919,0.0
2025-10-26 19:00:00-07:00,2025-10-27 02:00:00+00:00,2025-10-26 19:05:00-07:00,2025-10-27 02:05:00+00:00,REAL_TIME_5_MIN,OAKLAND_1_N001,Node,40.0,40.0,0.0,0.0,0.0
2025-10-26 19:00:00-07:00,2025-10-27 02:00:00+00:00,2025-10-26 19:05:00-07:00,2025-10-27 02:05:00+00:00,REAL_TIME_5_MIN,PGSF_2_PDRP58-APND,AP Node,40.0,40.0,0.0,0.0,0.0
2025-10-26 19:00:00-07:00,2025-10-27 02:00:00+00:00,2025-10-26 19:05:00-07:00,2025-10-27 02:05:00+00:00,REAL_TIME_5_MIN,SNJOSEB_1_N001,Node,40.0,40.0,0.0,0.0,0.0
2025-10-26 19:05:00-07:00,2025-10-27 02:05:00+00:00,2025-10-26 19:10:00-07:00,2025-10-27 02:10:00+00:00,REAL_TIME_5_MIN,OAKLAND_1_N001,Node,40.0,40.0,0.0,0.0,0.0
2025-10-26 19:05:00-07:00,2025-10-27 02:05:00+00:00,2025-10-26 19:10:00-07:00,2025-10-27 02:10:00+00:00,REAL_TIME_5_MIN,PGSF_2_PDRP58-APND,AP Node,40.0,40.0,0.0,0.0,0.0
2025-10-26 19:05:00-07:00,2025-10-27 02:05:00+00:00,2025-10-26 19:10:00-07:00,2025-10-27 02:10:00+00:00,REAL_TIME_5_MIN,SNJOSEB_1_N001,Node,40.0,40.0,0.0,0.0,0.0
2025-10-26 19:10:00-07:00,2025-10-27 02:10:00+00:00,2025-10-26 19:15:00-07:00,2025-10-27 02:15:00+00:00,REAL_TIME_5_MIN,OAKLAND_1_N001,Node,40.0,40.0,0.0,0.0,0.0
2025-10-26 19:10:00-07:00,2025-10-27 02:10:00+00:00,2025-10-26 19:15:00-07:00,2025-10-27 02:15:00+00:00,REAL_TIME_5_MIN,PGSF_2_PDRP58-APND,AP Node,40.0,40.0,0.0,0.0,0.0
2025-10-26 19:10:00-07:00,2025-10-27 02:10:00+00:00,2025-10-26 19:15:00-07:00,2025-10-27 02:15:00+00:00,REAL_TIME_5_MIN,SNJOSEB_1_N001,Node,40.0,40.0,0.0,0.0,0.0
2025-10-26 19:15:00-07:00,2025-10-27 02:15:00+00:00,2025-10-26 19:20:00-07:00,2025-10-27 02:20:00+00:00,REAL_TIME_5_MIN,OAKLAND_1_N001,Node,39.9988,39.9988,0.0,0.0,0.0
2025-10-26 19:15:00-07:00,2025-10-27 02:15:00+00:00,2025-10-26 19:20:00-07:00,2025-10-27 02:20:00+00:00,REAL_TIME_5_MIN,PGSF_2_PDRP58-APND,AP Node,39.9988,39.9988,0.0,0.0,0.0
2025-10-26 19:15:00-07:00,2025-10-27 02:15:00+00:00,2025-10-26 19:20:00-07:00,2025-10-27 02:20:00+00:00,REAL_TIME_5_MIN,SNJOSEB_1_N001,Node,39.9988,39.9988,0.0,0.0,0.0
2025-10-26 19:20:00-07:00,2025-10-27 02:20:00+00:00,2025-10-26 19:25:00-07:00,2025-10-27 02:25:00+00:00,REAL_TIME_5_MIN,OAKLAND_1_N001,Node,40.0,40.0,0.0,0.0,0.0
2025-10-26 19:20:00-07:00,2025-10-27 02:20:00+00:00,2025-10-26 19:25:00-07:00,2025-10-27 02:25:00+00:00,REAL_TIME_5_MIN,PGSF_2_PDRP58-APND,AP Node,40.0,40.0,0.0,0.0,0.0
2025-10-26 19:20:00-07:00,2025-10-27 02:20:00+00:00,2025-10-26 19:25:00-07:00,2025-10-27 02:25:00+00:00,REAL_TIME_5_MIN,SNJOSEB_1_N001,Node,40.0,40.0,0.0,0.0,0.0
2025-10-26 19:25:00-07:00,2025-10-27 02:25:00+00:00,2025-10-26 19:30:00-07:00,2025-10-27 02:30:00+00:00,REAL_TIME_5_MIN,OAKLAND_1_N001,Node,38.81555,38.81555,0.0,0.0,0.0
2025-10-26 19:25:00-07:00,2025-10-27 02:25:00+00:00,2025-10-26 19:30:00-07:00,2025-10-27 02:30:00+00:00,REAL_TIME_5_MIN,PGSF_2_PDRP58-APND,AP Node,38.81555,38.81555,0.0,0.0,0.0
2025-10-26 19:25:00-07:00,2025-10-27 02:25:00+00:00,2025-10-26 19:30:00-07:00,2025-10-27 02:30:00+00:00,REAL_TIME_5_MIN,SNJOSEB_1_N001,Node,38.81555,38.81555,0.0,0.0,0.0
2025-10-26 19:30:00-07:00,2025-10-27 02:30:00+00:00,2025-10-26 19:35:00-07:00,2025-10-27 02:35:00+00:00,REAL_TIME_5_MIN,OAKLAND_1_N001,Node,40.11411,38.18808,0.00135,1.92468,0.0
2025-10-26 19:30:00-07:00,2025-10-27 02:30:00+00:00,2025-10-26 19:35:00-07:00,2025-10-27 02:35:00+00:00,REAL_TIME_5_MIN,PGSF_2_PDRP58-APND,AP Node,41.22692,38.18808,0.00145,3.03739,0.0
2025-10-26 19:30:00-07:00,2025-10-27 02:30:00+00:00,2025-10-26 19:35:00-07:00,2025-10-27 02:35:00+00:00,REAL_TIME_5_MIN,SNJOSEB_1_N001,Node,40.79782,38.18808,0.0015,2.60825,0.0
2025-10-26 19:35:00-07:00,2025-10-27 02:35:00+00:00,2025-10-26 19:40:00-07:00,2025-10-27 02:40:00+00:00,REAL_TIME_5_MIN,OAKLAND_1_N001,Node,40.03587,38.11231,0.0027,1.92086,0.0
2025-10-26 19:35:00-07:00,2025-10-27 02:35:00+00:00,2025-10-26 19:40:00-07:00,2025-10-27 02:40:00+00:00,REAL_TIME_5_MIN,PGSF_2_PDRP58-APND,AP Node,41.14657,38.11231,0.0029,3.03136,0.0
2025-10-26 19:35:00-07:00,2025-10-27 02:35:00+00:00,2025-10-26 19:40:00-07:00,2025-10-27 02:40:00+00:00,REAL_TIME_5_MIN,SNJOSEB_1_N001,Node,40.71838,38.11231,0.003,2.60307,0.0
2025-10-26 19:40:00-07:00,2025-10-27 02:40:00+00:00,2025-10-26 19:45:00-07:00,2025-10-27 02:45:00+00:00,REAL_TIME_5_MIN,OAKLAND_1_N001,Node,39.92895,38.00722,0.00616,1.91556,0.0
2025-10-26 19:40:00-07:00,2025-10-27 02:40:00+00:00,2025-10-26 19:45:00-07:00,2025-10-27 02:45:00+00:00,REAL_TIME_5_MIN,PGSF_2_PDRP58-APND,AP Node,41.03649,38.00722,0.00626,3.02301,0.0
2025-10-26 19:40:00-07:00,2025-10-27 02:40:00+00:00,2025-10-26 19:45:00-07:00,2025-10-27 02:45:00+00:00,REAL_TIME_5_MIN,SNJOSEB_1_N001,Node,40.60943,38.00722,0.00631,2.59589,0.0
2025-10-26 19:45:00-07:00,2025-10-27 02:45:00+00:00,2025-10-26 19:50:00-07:00,2025-10-27 02:50:00+00:00,REAL_TIME_5_MIN,OAKLAND_1_N001,Node,39.67989,37.79524,0.00623,1.87842,0.0
2025-10-26 19:45:00-07:00,2025-10-27 02:45:00+00:00,2025-10-26 19:50:00-07:00,2025-10-27 02:50:00+00:00,REAL_TIME_5_MIN,PGSF_2_PDRP58-APND,AP Node,40.96984,37.79524,0.00633,3.16827,0.0
2025-10-26 19:45:00-07:00,2025-10-27 02:45:00+00:00,2025-10-26 19:50:00-07:00,2025-10-27 02:50:00+00:00,REAL_TIME_5_MIN,SNJOSEB_1_N001,Node,40.35658,37.79524,0.00638,2.55496,0.0
2025-10-26 19:50:00-07:00,2025-10-27 02:50:00+00:00,2025-10-26 19:55:00-07:00,2025-10-27 02:55:00+00:00,REAL_TIME_5_MIN,OAKLAND_1_N001,Node,39.67989,37.79524,0.00623,1.87842,0.0
2025-10-26 19:50:00-07:00,2025-10-27 02:50:00+00:00,2025-10-26 19:55:00-07:00,2025-10-27 02:55:00+00:00,REAL_TIME_5_MIN,PGSF_2_PDRP58-APND,AP Node,40.96984,37.79524,0.00633,3.16827,0.0
2025-10-26 19:50:00-07:00,2025-10-27 02:50:00+00:00,2025-10-26 19:55:00-07:00,2025-10-27 02:55:00+00:00,REAL_TIME_5_MIN,SNJOSEB_1_N001,Node,40.35658,37.79524,0.00638,2.55496,0.0
2025-10-26 19:55:00-07:00,2025-10-27 02:55:00+00:00,2025-10-26 20:00:00-07:00,2025-10-27 03:00:00+00:00,REAL_TIME_5_MIN,OAKLAND_1_N001,Node,40.07589,38.17842,0.0,1.89747,0.0
2025-10-26 19:55:00-07:00,2025-10-27 02:55:00+00:00,2025-10-26 20:00:00-07:00,2025-10-27 03:00:00+00:00,REAL_TIME_5_MIN,PGSF_2_PDRP58-APND,AP Node,41.37881,38.17842,0.0,3.20039,0.0
2025-10-26 19:55:00-07:00,2025-10-27 02:55:00+00:00,2025-10-26 20:00:00-07:00,2025-10-27 03:00:00+00:00,REAL_TIME_5_MIN,SNJOSEB_1_N001,Node,40.75928,38.17842,0.0,2.58086,0.0
2025-10-26 20:00:00-07:00,2025-10-27 03:00:00+00:00,2025-10-26 20:05:00-07:00,2025-10-27 03:05:00+00:00,REAL_TIME_5_MIN,OAKLAND_1_N001,Node,41.73632,39.87801,0.0,1.85832,0.0
2025-10-26 20:00:00-07:00,2025-10-27 03:00:00+00:00,2025-10-26 20:05:00-07:00,2025-10-27 03:05:00+00:00,REAL_TIME_5_MIN,PGSF_2_PDRP58-APND,AP Node,43.11581,39.87801,0.0,3.2378,0.0
2025-10-26 20:00:00-07:00,2025-10-27 03:00:00+00:00,2025-10-26 20:05:00-07:00,2025-10-27 03:05:00+00:00,REAL_TIME_5_MIN,SNJOSEB_1_N001,Node,42.53787,39.87801,0.0,2.65986,0.0
2025-10-26 20:05:00-07:00,2025-10-27 03:05:00+00:00,2025-10-26 20:10:00-07:00,2025-10-27 03:10:00+00:00,REAL_TIME_5_MIN,OAKLAND_1_N001,Node,41.07231,39.24356,0.0,1.82875,0.0
2025-10-26 20:05:00-07:00,2025-10-27 03:05:00+00:00,2025-10-26 20:10:00-07:00,2025-10-27 03:10:00+00:00,REAL_TIME_5_MIN,PGSF_2_PDRP58-APND,AP Node,42.42985,39.24356,0.0,3.18629,0.0
2025-10-26 20:05:00-07:00,2025-10-27 03:05:00+00:00,2025-10-26 20:10:00-07:00,2025-10-27 03:10:00+00:00,REAL_TIME_5_MIN,SNJOSEB_1_N001,Node,41.86111,39.24356,0.0,2.61755,0.0
2025-10-26 20:10:00-07:00,2025-10-27 03:10:00+00:00,2025-10-26 20:15:00-07:00,2025-10-27 03:15:00+00:00,REAL_TIME_5_MIN,OAKLAND_1_N001,Node,40.97538,39.15094,0.0,1.82443,0.0
2025-10-26 20:10:00-07:00,2025-10-27 03:10:00+00:00,2025-10-26 20:15:00-07:00,2025-10-27 03:15:00+00:00,REAL_TIME_5_MIN,PGSF_2_PDRP58-APND,AP Node,42.32971,39.15094,0.0,3.17877,0.0
2025-10-26 20:10:00-07:00,2025-10-27 03:10:00+00:00,2025-10-26 20:15:00-07:00,2025-10-27 03:15:00+00:00,REAL_TIME_5_MIN,SNJOSEB_1_N001,Node,41.76231,39.15094,0.0,2.61137,0.0
2025-10-26 20:15:00-07:00,2025-10-27 03:15:00+00:00,2025-10-26 20:20:00-07:00,2025-10-27 03:20:00+00:00,REAL_TIME_5_MIN,OAKLAND_1_N001,Node,40.14863,38.34635,0.0,1.80228,0.0
2025-10-26 20:15:00-07:00,2025-10-27 03:15:00+00:00,2025-10-26 20:20:00-07:00,2025-10-27 03:20:00+00:00,REAL_TIME_5_MIN,PGSF_2_PDRP58-APND,AP Node,41.70134,38.34635,0.0,3.35499,0.0
2025-10-26 20:15:00-07:00,2025-10-27 03:15:00+00:00,2025-10-26 20:20:00-07:00,2025-10-27 03:20:00+00:00,REAL_TIME_5_MIN,SNJOSEB_1_N001,Node,40.93473,38.34635,0.0,2.58838,0.0
2025-10-26 20:20:00-07:00,2025-10-27 03:20:00+00:00,2025-10-26 20:25:00-07:00,2025-10-27 03:25:00+00:00,REAL_TIME_5_MIN,OAKLAND_1_N001,Node,39.87122,38.0814,0.0,1.78983,0.0
2025-10-26 20:20:00-07:00,2025-10-27 03:20:00+00:00,2025-10-26 20:25:00-07:00,2025-10-27 03:25:00+00:00,REAL_TIME_5_MIN,PGSF_2_PDRP58-APND,AP Node,41.4132,38.0814,0.0,3.33181,0.0
2025-10-26 20:20:00-07:00,2025-10-27 03:20:00+00:00,2025-10-26 20:25:00-07:00,2025-10-27 03:25:00+00:00,REAL_TIME_5_MIN,SNJOSEB_1_N001,Node,40.65189,38.0814,0.0,2.57049,0.0
2025-10-26 20:25:00-07:00,2025-10-27 03:25:00+00:00,2025-10-26 20:30:00-07:00,2025-10-27 03:30:00+00:00,REAL_TIME_5_MIN,OAKLAND_1_N001,Node,39.87122,38.0814,0.0,1.78983,0.0
2025-10-26 20:25:00-07:00,2025-10-27 03:25:00+00:00,2025-10-26 20:30:00-07:00,2025-10-27 03:30:00+00:00,REAL_TIME_5_MIN,PGSF_2_PDRP58-APND,AP Node,41.4132,38.0814,0.0,3.33181,0.0
2025-10-26 20:25:00-07:00,2025-10-27 03:25:00+00:00,2025-10-26 20:30:00-07:00,2025-10-27 03:30:00+00:00,REAL_TIME_5_MIN,SNJOSEB_1_N001,Node,40.65189,38.0814,0.0,2.57049,0.0
2025-10-26 20:30:00-07:00,2025-10-27 03:30:00+00:00,2025-10-26 20:35:00-07:00,2025-10-27 03:35:00+00:00,REAL_TIME_5_MIN,OAKLAND_1_N001,Node,38.5871,36.92545,0.0,1.66165,0.0
2025-10-26 20:30:00-07:00,2025-10-27 03:30:00+00:00,2025-10-26 20:35:00-07:00,2025-10-27 03:35:00+00:00,REAL_TIME_5_MIN,PGSF_2_PDRP58-APND,AP Node,39.97519,36.92545,0.0,3.04974,0.0
2025-10-26 20:30:00-07:00,2025-10-27 03:30:00+00:00,2025-10-26 20:35:00-07:00,2025-10-27 03:35:00+00:00,REAL_TIME_5_MIN,SNJOSEB_1_N001,Node,39.16682,36.92545,0.0,2.24137,0.0
2025-10-26 20:35:00-07:00,2025-10-27 03:35:00+00:00,2025-10-26 20:40:00-07:00,2025-10-27 03:40:00+00:00,REAL_TIME_5_MIN,OAKLAND_1_N001,Node,38.5871,36.92545,0.0,1.66165,0.0
2025-10-26 20:35:00-07:00,2025-10-27 03:35:00+00:00,2025-10-26 20:40:00-07:00,2025-10-27 03:40:00+00:00,REAL_TIME_5_MIN,PGSF_2_PDRP58-APND,AP Node,39.97519,36.92545,0.0,3.04974,0.0
2025-10-26 20:35:00-07:00,2025-10-27 03:35:00+00:00,2025-10-26 20:40:00-07:00,2025-10-27 03:40:00+00:00,REAL_TIME_5_MIN,SNJOSEB_1_N001,Node,39.16682,36.92545,0.0,2.24137,0.0
2025-10-26 20:40:00-07:00,2025-10-27 03:40:00+00:00,2025-10-26 20:45:00-07:00,2025-10-27 03:45:00+00:00,REAL_TIME_5_MIN,OAKLAND_1_N001,Node,38.24177,36.595,0.0,1.64677,0.0
2025-10-26 20:40:00-07:00,2025-10-27 03:40:00+00:00,2025-10-26 20:45:00-07:00,2025-10-27 03:45:00+00:00,REAL_TIME_5_MIN,PGSF_2_PDRP58-APND,AP Node,39.61744,36.595,0.0,3.02244,0.0
2025-10-26 20:40:00-07:00,2025-10-27 03:40:00+00:00,2025-10-26 20:45:00-07:00,2025-10-27 03:45:00+00:00,REAL_TIME_5_MIN,SNJOSEB_1_N001,Node,38.81632,36.595,0.0,2.22132,0.0
2025-10-26 20:45:00-07:00,2025-10-27 03:45:00+00:00,2025-10-26 20:50:00-07:00,2025-10-27 03:50:00+00:00,REAL_TIME_5_MIN,OAKLAND_1_N001,Node,38.10187,36.49255,0.0,1.60932,0.0
2025-10-26 20:45:00-07:00,2025-10-27 03:45:00+00:00,2025-10-26 20:50:00-07:00,2025-10-27 03:50:00+00:00,REAL_TIME_5_MIN,PGSF_2_PDRP58-APND,AP Node,39.24883,36.49255,0.0,2.75629,0.0
2025-10-26 20:45:00-07:00,2025-10-27 03:45:00+00:00,2025-10-26 20:50:00-07:00,2025-10-27 03:50:00+00:00,REAL_TIME_5_MIN,SNJOSEB_1_N001,Node,38.6529,36.49255,0.0,2.16036,0.0
2025-10-26 20:50:00-07:00,2025-10-27 03:50:00+00:00,2025-10-26 20:55:00-07:00,2025-10-27 03:55:00+00:00,REAL_TIME_5_MIN,OAKLAND_1_N001,Node,38.00104,36.39598,0.0,1.60506,0.0
2025-10-26 20:50:00-07:00,2025-10-27 03:50:00+00:00,2025-10-26 20:55:00-07:00,2025-10-27 03:55:00+00:00,REAL_TIME_5_MIN,PGSF_2_PDRP58-APND,AP Node,39.14497,36.39598,0.0,2.74899,0.0
2025-10-26 20:50:00-07:00,2025-10-27 03:50:00+00:00,2025-10-26 20:55:00-07:00,2025-10-27 03:55:00+00:00,REAL_TIME_5_MIN,SNJOSEB_1_N001,Node,38.55062,36.39598,0.0,2.15464,0.0
2025-10-26 20:55:00-07:00,2025-10-27 03:55:00+00:00,2025-10-26 21:00:00-07:00,2025-10-27 04:00:00+00:00,REAL_TIME_5_MIN,OAKLAND_1_N001,Node,37.08496,35.51859,0.0,1.56637,0.0
2025-10-26 20:55:00-07:00,2025-10-27 03:55:00+00:00,2025-10-26 21:00:00-07:00,2025-10-27 04:00:00+00:00,REAL_TIME_5_MIN,PGSF_2_PDRP58-APND,AP Node,38.20132,35.51859,0.0,2.68272,0.0
2025-10-26 20:55:00-07:00,2025-10-27 03:55:00+00:00,2025-10-26 21:00:00-07:00,2025-10-27 04:00:00+00:00,REAL_TIME_5_MIN,SNJOSEB_1_N001,Node,37.6213,35.51859,0.0,2.1027,0.0
2025-10-26 21:00:00-07:00,2025-10-27 04:00:00+00:00,2025-10-26 21:05:00-07:00,2025-10-27 04:05:00+00:00,REAL_TIME_5_MIN,OAKLAND_1_N001,Node,40.2316,38.42926,0.0,1.80233,0.0
2025-10-26 21:00:00-07:00,2025-10-27 04:00:00+00:00,2025-10-26 21:05:00-07:00,2025-10-27 04:05:00+00:00,REAL_TIME_5_MIN,PGSF_2_PDRP58-APND,AP Node,41.50338,38.42926,0.0,3.07411,0.0
2025-10-26 21:00:00-07:00,2025-10-27 04:00:00+00:00,2025-10-26 21:05:00-07:00,2025-10-27 04:05:00+00:00,REAL_TIME_5_MIN,SNJOSEB_1_N001,Node,40.98097,38.42926,0.0,2.5517,0.0
2025-10-26 21:05:00-07:00,2025-10-27 04:05:00+00:00,2025-10-26 21:10:00-07:00,2025-10-27 04:10:00+00:00,REAL_TIME_5_MIN,OAKLAND_1_N001,Node,40.37506,38.5663,0.0,1.80876,0.0
2025-10-26 21:05:00-07:00,2025-10-27 04:05:00+00:00,2025-10-26 21:10:00-07:00,2025-10-27 04:10:00+00:00,REAL_TIME_5_MIN,PGSF_2_PDRP58-APND,AP Node,41.65138,38.5663,0.0,3.08508,0.0
2025-10-26 21:05:00-07:00,2025-10-27 04:05:00+00:00,2025-10-26 21:10:00-07:00,2025-10-27 04:10:00+00:00,REAL_TIME_5_MIN,SNJOSEB_1_N001,Node,41.1271,38.5663,0.0,2.5608,0.0
2025-10-26 21:10:00-07:00,2025-10-27 04:10:00+00:00,2025-10-26 21:15:00-07:00,2025-10-27 04:15:00+00:00,REAL_TIME_5_MIN,OAKLAND_1_N001,Node,39.34943,37.58661,0.0,1.76281,0.0
2025-10-26 21:10:00-07:00,2025-10-27 04:10:00+00:00,2025-10-26 21:15:00-07:00,2025-10-27 04:15:00+00:00,REAL_TIME_5_MIN,PGSF_2_PDRP58-APND,AP Node,40.59332,37.58661,0.0,3.00671,0.0
2025-10-26 21:10:00-07:00,2025-10-27 04:10:00+00:00,2025-10-26 21:15:00-07:00,2025-10-27 04:15:00+00:00,REAL_TIME_5_MIN,SNJOSEB_1_N001,Node,40.08237,37.58661,0.0,2.49575,0.0
2025-10-26 21:15:00-07:00,2025-10-27 04:15:00+00:00,2025-10-26 21:20:00-07:00,2025-10-27 04:20:00+00:00,REAL_TIME_5_MIN,OAKLAND_1_N001,Node,38.82157,37.23177,0.0,1.5898,0.0
2025-10-26 21:15:00-07:00,2025-10-27 04:15:00+00:00,2025-10-26 21:20:00-07:00,2025-10-27 04:20:00+00:00,REAL_TIME_5_MIN,PGSF_2_PDRP58-APND,AP Node,40.05278,37.23177,0.0,2.82101,0.0
2025-10-26 21:15:00-07:00,2025-10-27 04:15:00+00:00,2025-10-26 21:20:00-07:00,2025-10-27 04:20:00+00:00,REAL_TIME_5_MIN,SNJOSEB_1_N001,Node,39.56248,37.23177,0.0,2.33071,0.0
2025-10-26 21:20:00-07:00,2025-10-27 04:20:00+00:00,2025-10-26 21:25:00-07:00,2025-10-27 04:25:00+00:00,REAL_TIME_5_MIN,OAKLAND_1_N001,Node,39.29558,37.68638,0.0,1.60921,0.0
2025-10-26 21:20:00-07:00,2025-10-27 04:20:00+00:00,2025-10-26 21:25:00-07:00,2025-10-27 04:25:00+00:00,REAL_TIME_5_MIN,PGSF_2_PDRP58-APND,AP Node,40.54183,37.68638,0.0,2.85546,0.0
2025-10-26 21:20:00-07:00,2025-10-27 04:20:00+00:00,2025-10-26 21:25:00-07:00,2025-10-27 04:25:00+00:00,REAL_TIME_5_MIN,SNJOSEB_1_N001,Node,40.04554,37.68638,0.0,2.35917,0.0
2025-10-26 21:25:00-07:00,2025-10-27 04:25:00+00:00,2025-10-26 21:30:00-07:00,2025-10-27 04:30:00+00:00,REAL_TIME_5_MIN,OAKLAND_1_N001,Node,39.02738,37.42915,0.0,1.59822,0.0
2025-10-26 21:25:00-07:00,2025-10-27 04:25:00+00:00,2025-10-26 21:30:00-07:00,2025-10-27 04:30:00+00:00,REAL_TIME_5_MIN,PGSF_2_PDRP58-APND,AP Node,40.26512,37.42915,0.0,2.83597,0.0
2025-10-26 21:25:00-07:00,2025-10-27 04:25:00+00:00,2025-10-26 21:30:00-07:00,2025-10-27 04:30:00+00:00,REAL_TIME_5_MIN,SNJOSEB_1_N001,Node,39.77222,37.42915,0.0,2.34306,0.0
2025-10-26 21:30:00-07:00,2025-10-27 04:30:00+00:00,2025-10-26 21:35:00-07:00,2025-10-27 04:35:00+00:00,REAL_TIME_5_MIN,OAKLAND_1_N001,Node,38.29049,36.84967,0.0,1.44082,0.0
2025-10-26 21:30:00-07:00,2025-10-27 04:30:00+00:00,2025-10-26 21:35:00-07:00,2025-10-27 04:35:00+00:00,REAL_TIME_5_MIN,PGSF_2_PDRP58-APND,AP Node,39.42938,36.84967,0.0,2.57971,0.0
2025-10-26 21:30:00-07:00,2025-10-27 04:30:00+00:00,2025-10-26 21:35:00-07:00,2025-10-27 04:35:00+00:00,REAL_TIME_5_MIN,SNJOSEB_1_N001,Node,38.88377,36.84967,0.0,2.0341,0.0
2025-10-26 21:35:00-07:00,2025-10-27 04:35:00+00:00,2025-10-26 21:40:00-07:00,2025-10-27 04:40:00+00:00,REAL_TIME_5_MIN,OAKLAND_1_N001,Node,38.14611,36.71072,0.0,1.43539,0.0
2025-10-26 21:35:00-07:00,2025-10-27 04:35:00+00:00,2025-10-26 21:40:00-07:00,2025-10-27 04:40:00+00:00,REAL_TIME_5_MIN,PGSF_2_PDRP58-APND,AP Node,39.2807,36.71072,0.0,2.56999,0.0
2025-10-26 21:35:00-07:00,2025-10-27 04:35:00+00:00,2025-10-26 21:40:00-07:00,2025-10-27 04:40:00+00:00,REAL_TIME_5_MIN,SNJOSEB_1_N001,Node,38.73715,36.71072,0.0,2.02643,0.0
2025-10-26 21:40:00-07:00,2025-10-27 04:40:00+00:00,2025-10-26 21:45:00-07:00,2025-10-27 04:45:00+00:00,REAL_TIME_5_MIN,OAKLAND_1_N001,Node,38.26848,36.82848,0.0,1.43999,0.0
2025-10-26 21:40:00-07:00,2025-10-27 04:40:00+00:00,2025-10-26 21:45:00-07:00,2025-10-27 04:45:00+00:00,REAL_TIME_5_MIN,PGSF_2_PDRP58-APND,AP Node,39.40671,36.82848,0.0,2.57823,0.0
2025-10-26 21:40:00-07:00,2025-10-27 04:40:00+00:00,2025-10-26 21:45:00-07:00,2025-10-27 04:45:00+00:00,REAL_TIME_5_MIN,SNJOSEB_1_N001,Node,38.86141,36.82848,0.0,2.03293,0.0
2025-10-26 21:45:00-07:00,2025-10-27 04:45:00+00:00,2025-10-26 21:50:00-07:00,2025-10-27 04:50:00+00:00,REAL_TIME_5_MIN,OAKLAND_1_N001,Node,37.77801,36.40903,0.0,1.36898,0.0
2025-10-26 21:45:00-07:00,2025-10-27 04:45:00+00:00,2025-10-26 21:50:00-07:00,2025-10-27 04:50:00+00:00,REAL_TIME_5_MIN,PGSF_2_PDRP58-APND,AP Node,38.89372,36.40903,0.0,2.48469,0.0
2025-10-26 21:45:00-07:00,2025-10-27 04:45:00+00:00,2025-10-26 21:50:00-07:00,2025-10-27 04:50:00+00:00,REAL_TIME_5_MIN,SNJOSEB_1_N001,Node,38.37148,36.40903,0.0,1.96245,0.0
2025-10-26 21:50:00-07:00,2025-10-27 04:50:00+00:00,2025-10-26 21:55:00-07:00,2025-10-27 04:55:00+00:00,REAL_TIME_5_MIN,OAKLAND_1_N001,Node,37.35937,36.00556,0.0,1.35381,0.0
2025-10-26 21:50:00-07:00,2025-10-27 04:50:00+00:00,2025-10-26 21:55:00-07:00,2025-10-27 04:55:00+00:00,REAL_TIME_5_MIN,PGSF_2_PDRP58-APND,AP Node,38.46272,36.00556,0.0,2.45716,0.0
2025-10-26 21:50:00-07:00,2025-10-27 04:50:00+00:00,2025-10-26 21:55:00-07:00,2025-10-27 04:55:00+00:00,REAL_TIME_5_MIN,SNJOSEB_1_N001,Node,37.94626,36.00556,0.0,1.9407,0.0
2025-10-26 21:55:00-07:00,2025-10-27 04:55:00+00:00,2025-10-26 22:00:00-07:00,2025-10-27 05:00:00+00:00,REAL_TIME_5_MIN,OAKLAND_1_N001,Node,37.6722,36.30705,0.0,1.36515,0.0
2025-10-26 21:55:00-07:00,2025-10-27 04:55:00+00:00,2025-10-26 22:00:00-07:00,2025-10-27 05:00:00+00:00,REAL_TIME_5_MIN,PGSF_2_PDRP58-APND,AP Node,38.78479,36.30705,0.0,2.47773,0.0
2025-10-26 21:55:00-07:00,2025-10-27 04:55:00+00:00,2025-10-26 22:00:00-07:00,2025-10-27 05:00:00+00:00,REAL_TIME_5_MIN,SNJOSEB_1_N001,Node,38.264,36.30705,0.0,1.95695,0.0
2025-10-26 22:00:00-07:00,2025-10-27 05:00:00+00:00,2025-10-26 22:05:00-07:00,2025-10-27 05:05:00+00:00,REAL_TIME_5_MIN,OAKLAND_1_N001,Node,40.00394,38.86141,0.0,1.14253,0.0
2025-10-26 22:00:00-07:00,2025-10-27 05:00:00+00:00,2025-10-26 22:05:00-07:00,2025-10-27 05:05:00+00:00,REAL_TIME_5_MIN,PGSF_2_PDRP58-APND,AP Node,41.28284,38.86141,0.0,2.42143,0.0
2025-10-26 22:00:00-07:00,2025-10-27 05:00:00+00:00,2025-10-26 22:05:00-07:00,2025-10-27 05:05:00+00:00,REAL_TIME_5_MIN,SNJOSEB_1_N001,Node,40.83557,38.86141,0.0,1.97416,0.0
2025-10-26 22:05:00-07:00,2025-10-27 05:05:00+00:00,2025-10-26 22:10:00-07:00,2025-10-27 05:10:00+00:00,REAL_TIME_5_MIN,OAKLAND_1_N001,Node,41.07618,39.90303,0.0,1.17315,0.0
2025-10-26 22:05:00-07:00,2025-10-27 05:05:00+00:00,2025-10-26 22:10:00-07:00,2025-10-27 05:10:00+00:00,REAL_TIME_5_MIN,PGSF_2_PDRP58-APND,AP Node,42.38936,39.90303,0.0,2.48633,0.0
2025-10-26 22:05:00-07:00,2025-10-27 05:05:00+00:00,2025-10-26 22:10:00-07:00,2025-10-27 05:10:00+00:00,REAL_TIME_5_MIN,SNJOSEB_1_N001,Node,41.9301,39.90303,0.0,2.02707,0.0
2025-10-26 22:10:00-07:00,2025-10-27 05:10:00+00:00,2025-10-26 22:15:00-07:00,2025-10-27 05:15:00+00:00,REAL_TIME_5_MIN,OAKLAND_1_N001,Node,40.70068,39.53826,0.0,1.16242,0.0
2025-10-26 22:10:00-07:00,2025-10-27 05:10:00+00:00,2025-10-26 22:15:00-07:00,2025-10-27 05:15:00+00:00,REAL_TIME_5_MIN,PGSF_2_PDRP58-APND,AP Node,42.00186,39.53826,0.0,2.4636,0.0
2025-10-26 22:10:00-07:00,2025-10-27 05:10:00+00:00,2025-10-26 22:15:00-07:00,2025-10-27 05:15:00+00:00,REAL_TIME_5_MIN,SNJOSEB_1_N001,Node,41.5468,39.53826,0.0,2.00854,0.0
2025-10-26 22:15:00-07:00,2025-10-27 05:15:00+00:00,2025-10-26 22:20:00-07:00,2025-10-27 05:20:00+00:00,REAL_TIME_5_MIN,OAKLAND_1_N001,Node,40.73596,39.69979,0.0,1.03616,0.0
2025-10-26 22:15:00-07:00,2025-10-27 05:15:00+00:00,2025-10-26 22:20:00-07:00,2025-10-27 05:20:00+00:00,REAL_TIME_5_MIN,PGSF_2_PDRP58-APND,AP Node,42.03599,39.69979,0.0,2.3362,0.0
2025-10-26 22:15:00-07:00,2025-10-27 05:15:00+00:00,2025-10-26 22:20:00-07:00,2025-10-27 05:20:00+00:00,REAL_TIME_5_MIN,SNJOSEB_1_N001,Node,41.59744,39.69979,0.0,1.89765,0.0
2025-10-26 22:20:00-07:00,2025-10-27 05:20:00+00:00,2025-10-26 22:25:00-07:00,2025-10-27 05:25:00+00:00,REAL_TIME_5_MIN,OAKLAND_1_N001,Node,40.30379,39.27862,0.0,1.02517,0.0
2025-10-26 22:20:00-07:00,2025-10-27 05:20:00+00:00,2025-10-26 22:25:00-07:00,2025-10-27 05:25:00+00:00,REAL_TIME_5_MIN,PGSF_2_PDRP58-APND,AP Node,41.59003,39.27862,0.0,2.31142,0.0
2025-10-26 22:20:00-07:00,2025-10-27 05:20:00+00:00,2025-10-26 22:25:00-07:00,2025-10-27 05:25:00+00:00,REAL_TIME_5_MIN,SNJOSEB_1_N001,Node,41.15613,39.27862,0.0,1.87752,0.0
2025-10-26 22:25:00-07:00,2025-10-27 05:25:00+00:00,2025-10-26 22:30:00-07:00,2025-10-27 05:30:00+00:00,REAL_TIME_5_MIN,OAKLAND_1_N001,Node,39.28375,38.28452,0.0,0.99923,0.0
2025-10-26 22:25:00-07:00,2025-10-27 05:25:00+00:00,2025-10-26 22:30:00-07:00,2025-10-27 05:30:00+00:00,REAL_TIME_5_MIN,PGSF_2_PDRP58-APND,AP Node,40.53744,38.28452,0.0,2.25292,0.0
2025-10-26 22:25:00-07:00,2025-10-27 05:25:00+00:00,2025-10-26 22:30:00-07:00,2025-10-27 05:30:00+00:00,REAL_TIME_5_MIN,SNJOSEB_1_N001,Node,40.11452,38.28452,0.0,1.83,0.0
2025-10-26 22:30:00-07:00,2025-10-27 05:30:00+00:00,2025-10-26 22:35:00-07:00,2025-10-27 05:35:00+00:00,REAL_TIME_5_MIN,OAKLAND_1_N001,Node,37.22184,36.36721,0.0,0.85463,0.0
2025-10-26 22:30:00-07:00,2025-10-27 05:30:00+00:00,2025-10-26 22:35:00-07:00,2025-10-27 05:35:00+00:00,REAL_TIME_5_MIN,PGSF_2_PDRP58-APND,AP Node,38.35956,36.36721,0.0,1.99235,0.0
2025-10-26 22:30:00-07:00,2025-10-27 05:30:00+00:00,2025-10-26 22:35:00-07:00,2025-10-27 05:35:00+00:00,REAL_TIME_5_MIN,SNJOSEB_1_N001,Node,37.90554,36.36721,0.0,1.53833,0.0
2025-10-26 22:35:00-07:00,2025-10-27 05:35:00+00:00,2025-10-26 22:40:00-07:00,2025-10-27 05:40:00+00:00,REAL_TIME_5_MIN,OAKLAND_1_N001,Node,37.0074,36.15769,0.0,0.84971,0.0
2025-10-26 22:35:00-07:00,2025-10-27 05:35:00+00:00,2025-10-26 22:40:00-07:00,2025-10-27 05:40:00+00:00,REAL_TIME_5_MIN,PGSF_2_PDRP58-APND,AP Node,38.13856,36.15769,0.0,1.98087,0.0
2025-10-26 22:35:00-07:00,2025-10-27 05:35:00+00:00,2025-10-26 22:40:00-07:00,2025-10-27 05:40:00+00:00,REAL_TIME_5_MIN,SNJOSEB_1_N001,Node,37.68716,36.15769,0.0,1.52947,0.0
2025-10-26 22:40:00-07:00,2025-10-27 05:40:00+00:00,2025-10-26 22:45:00-07:00,2025-10-27 05:45:00+00:00,REAL_TIME_5_MIN,OAKLAND_1_N001,Node,37.08015,36.22877,0.0,0.85138,0.0
2025-10-26 22:40:00-07:00,2025-10-27 05:40:00+00:00,2025-10-26 22:45:00-07:00,2025-10-27 05:45:00+00:00,REAL_TIME_5_MIN,PGSF_2_PDRP58-APND,AP Node,38.21353,36.22877,0.0,1.98476,0.0
2025-10-26 22:40:00-07:00,2025-10-27 05:40:00+00:00,2025-10-26 22:45:00-07:00,2025-10-27 05:45:00+00:00,REAL_TIME_5_MIN,SNJOSEB_1_N001,Node,37.76125,36.22877,0.0,1.53248,0.0
2025-10-26 22:45:00-07:00,2025-10-27 05:45:00+00:00,2025-10-26 22:50:00-07:00,2025-10-27 05:50:00+00:00,REAL_TIME_5_MIN,OAKLAND_1_N001,Node,36.63967,35.87904,0.0,0.76064,0.0
2025-10-26 22:45:00-07:00,2025-10-27 05:45:00+00:00,2025-10-26 22:50:00-07:00,2025-10-27 05:50:00+00:00,REAL_TIME_5_MIN,PGSF_2_PDRP58-APND,AP Node,37.74423,35.87904,0.0,1.86519,0.0
2025-10-26 22:45:00-07:00,2025-10-27 05:45:00+00:00,2025-10-26 22:50:00-07:00,2025-10-27 05:50:00+00:00,REAL_TIME_5_MIN,SNJOSEB_1_N001,Node,37.30702,35.87904,0.0,1.42799,0.0
2025-10-26 22:50:00-07:00,2025-10-27 05:50:00+00:00,2025-10-26 22:55:00-07:00,2025-10-27 05:55:00+00:00,REAL_TIME_5_MIN,OAKLAND_1_N001,Node,36.9956,36.22758,0.0,0.76802,0.0
2025-10-26 22:50:00-07:00,2025-10-27 05:50:00+00:00,2025-10-26 22:55:00-07:00,2025-10-27 05:55:00+00:00,REAL_TIME_5_MIN,PGSF_2_PDRP58-APND,AP Node,38.11089,36.22758,0.0,1.88331,0.0
2025-10-26 22:50:00-07:00,2025-10-27 05:50:00+00:00,2025-10-26 22:55:00-07:00,2025-10-27 05:55:00+00:00,REAL_TIME_5_MIN,SNJOSEB_1_N001,Node,37.66943,36.22758,0.0,1.44186,0.0
2025-10-26 22:55:00-07:00,2025-10-27 05:55:00+00:00,2025-10-26 23:00:00-07:00,2025-10-27 06:00:00+00:00,REAL_TIME_5_MIN,OAKLAND_1_N001,Node,37.52412,36.74513,0.0,0.779,0.0
2025-10-26 22:55:00-07:00,2025-10-27 05:55:00+00:00,2025-10-26 23:00:00-07:00,2025-10-27 06:00:00+00:00,REAL_TIME_5_MIN,PGSF_2_PDRP58-APND,AP Node,38.65534,36.74513,0.0,1.91022,0.0
2025-10-26 22:55:00-07:00,2025-10-27 05:55:00+00:00,2025-10-26 23:00:00-07:00,2025-10-27 06:00:00+00:00,REAL_TIME_5_MIN,SNJOSEB_1_N001,Node,38.20758,36.74513,0.0,1.46246,0.0
2025-10-26 23:00:00-07:00,2025-10-27 06:00:00+00:00,2025-10-26 23:05:00-07:00,2025-10-27 06:05:00+00:00,REAL_TIME_5_MIN,OAKLAND_1_N001,Node,41.11774,40.4185,0.0,0.69924,0.0
2025-10-26 23:00:00-07:00,2025-10-27 06:00:00+00:00,2025-10-26 23:05:00-07:00,2025-10-27 06:05:00+00:00,REAL_TIME_5_MIN,PGSF_2_PDRP58-APND,AP Node,42.42532,40.4185,0.0,2.00682,0.0
2025-10-26 23:00:00-07:00,2025-10-27 06:00:00+00:00,2025-10-26 23:05:00-07:00,2025-10-27 06:05:00+00:00,REAL_TIME_5_MIN,SNJOSEB_1_N001,Node,42.04333,40.4185,0.0,1.62482,0.0
2025-10-26 23:05:00-07:00,2025-10-27 06:05:00+00:00,2025-10-26 23:10:00-07:00,2025-10-27 06:10:00+00:00,REAL_TIME_5_MIN,OAKLAND_1_N001,Node,41.11774,40.4185,0.0,0.69924,0.0
2025-10-26 23:05:00-07:00,2025-10-27 06:05:00+00:00,2025-10-26 23:10:00-07:00,2025-10-27 06:10:00+00:00,REAL_TIME_5_MIN,PGSF_2_PDRP58-APND,AP Node,42.42532,40.4185,0.0,2.00682,0.0
2025-10-26 23:05:00-07:00,2025-10-27 06:05:00+00:00,2025-10-26 23:10:00-07:00,2025-10-27 06:10:00+00:00,REAL_TIME_5_MIN,SNJOSEB_1_N001,Node,42.04333,40.4185,0.0,1.62482,0.0
2025-10-26 23:10:00-07:00,2025-10-27 06:10:00+00:00,2025-10-26 23:15:00-07:00,2025-10-27 06:15:00+00:00,REAL_TIME_5_MIN,OAKLAND_1_N001,Node,40.29899,39.61367,0.0,0.68532,0.0
2025-10-26 23:10:00-07:00,2025-10-27 06:10:00+00:00,2025-10-26 23:15:00-07:00,2025-10-27 06:15:00+00:00,REAL_TIME_5_MIN,PGSF_2_PDRP58-APND,AP Node,41.58053,39.61367,0.0,1.96686,0.0
2025-10-26 23:10:00-07:00,2025-10-27 06:10:00+00:00,2025-10-26 23:15:00-07:00,2025-10-27 06:15:00+00:00,REAL_TIME_5_MIN,SNJOSEB_1_N001,Node,41.20614,39.61367,0.0,1.59247,0.0
2025-10-26 23:15:00-07:00,2025-10-27 06:15:00+00:00,2025-10-26 23:20:00-07:00,2025-10-27 06:20:00+00:00,REAL_TIME_5_MIN,OAKLAND_1_N001,Node,40.15464,39.51451,0.0,0.64014,0.0
2025-10-26 23:15:00-07:00,2025-10-27 06:15:00+00:00,2025-10-26 23:20:00-07:00,2025-10-27 06:20:00+00:00,REAL_TIME_5_MIN,PGSF_2_PDRP58-APND,AP Node,41.4147,39.51451,0.0,1.90019,0.0
2025-10-26 23:15:00-07:00,2025-10-27 06:15:00+00:00,2025-10-26 23:20:00-07:00,2025-10-27 06:20:00+00:00,REAL_TIME_5_MIN,SNJOSEB_1_N001,Node,41.05558,39.51451,0.0,1.54107,0.0
2025-10-26 23:20:00-07:00,2025-10-27 06:20:00+00:00,2025-10-26 23:25:00-07:00,2025-10-27 06:25:00+00:00,REAL_TIME_5_MIN,OAKLAND_1_N001,Node,41.08562,40.43065,0.0,0.65498,0.0
2025-10-26 23:20:00-07:00,2025-10-27 06:20:00+00:00,2025-10-26 23:25:00-07:00,2025-10-27 06:25:00+00:00,REAL_TIME_5_MIN,PGSF_2_PDRP58-APND,AP Node,42.37489,40.43065,0.0,1.94425,0.0
2025-10-26 23:20:00-07:00,2025-10-27 06:20:00+00:00,2025-10-26 23:25:00-07:00,2025-10-27 06:25:00+00:00,REAL_TIME_5_MIN,SNJOSEB_1_N001,Node,42.00744,40.43065,0.0,1.5768,0.0
2025-10-26 23:25:00-07:00,2025-10-27 06:25:00+00:00,2025-10-26 23:30:00-07:00,2025-10-27 06:30:00+00:00,REAL_TIME_5_MIN,OAKLAND_1_N001,Node,41.08562,40.43065,0.0,0.65498,0.0
2025-10-26 23:25:00-07:00,2025-10-27 06:25:00+00:00,2025-10-26 23:30:00-07:00,2025-10-27 06:30:00+00:00,REAL_TIME_5_MIN,PGSF_2_PDRP58-APND,AP Node,42.37489,40.43065,0.0,1.94425,0.0
2025-10-26 23:25:00-07:00,2025-10-27 06:25:00+00:00,2025-10-26 23:30:00-07:00,2025-10-27 06:30:00+00:00,REAL_TIME_5_MIN,SNJOSEB_1_N001,Node,42.00744,40.43065,0.0,1.5768,0.0
2025-10-26 23:30:00-07:00,2025-10-27 06:30:00+00:00,2025-10-26 23:35:00-07:00,2025-10-27 06:35:00+00:00,REAL_TIME_5_MIN,OAKLAND_1_N001,Node,40.58138,39.90303,0.0,0.67835,0.0
2025-10-26 23:30:00-07:00,2025-10-27 06:30:00+00:00,2025-10-26 23:35:00-07:00,2025-10-27 06:35:00+00:00,REAL_TIME_5_MIN,PGSF_2_PDRP58-APND,AP Node,41.77003,39.90303,0.0,1.867,0.0
2025-10-26 23:30:00-07:00,2025-10-27 06:30:00+00:00,2025-10-26 23:35:00-07:00,2025-10-27 06:35:00+00:00,REAL_TIME_5_MIN,SNJOSEB_1_N001,Node,41.34752,39.90303,0.0,1.44449,0.0
2025-10-26 23:35:00-07:00,2025-10-27 06:35:00+00:00,2025-10-26 23:40:00-07:00,2025-10-27 06:40:00+00:00,REAL_TIME_5_MIN,OAKLAND_1_N001,Node,39.86604,39.19965,0.0,0.66639,0.0
2025-10-26 23:35:00-07:00,2025-10-27 06:35:00+00:00,2025-10-26 23:40:00-07:00,2025-10-27 06:40:00+00:00,REAL_TIME_5_MIN,PGSF_2_PDRP58-APND,AP Node,41.03374,39.19965,0.0,1.83409,0.0
2025-10-26 23:35:00-07:00,2025-10-27 06:35:00+00:00,2025-10-26 23:40:00-07:00,2025-10-27 06:40:00+00:00,REAL_TIME_5_MIN,SNJOSEB_1_N001,Node,40.61868,39.19965,0.0,1.41903,0.0
2025-10-26 23:40:00-07:00,2025-10-27 06:40:00+00:00,2025-10-26 23:45:00-07:00,2025-10-27 06:45:00+00:00,REAL_TIME_5_MIN,OAKLAND_1_N001,Node,39.75182,39.08733,0.0,0.66448,0.0
2025-10-26 23:40:00-07:00,2025-10-27 06:40:00+00:00,2025-10-26 23:45:00-07:00,2025-10-27 06:45:00+00:00,REAL_TIME_5_MIN,PGSF_2_PDRP58-APND,AP Node,40.91617,39.08733,0.0,1.82883,0.0
2025-10-26 23:40:00-07:00,2025-10-27 06:40:00+00:00,2025-10-26 23:45:00-07:00,2025-10-27 06:45:00+00:00,REAL_TIME_5_MIN,SNJOSEB_1_N001,Node,40.50229,39.08733,0.0,1.41496,0.0
2025-10-26 23:45:00-07:00,2025-10-27 06:45:00+00:00,2025-10-26 23:50:00-07:00,2025-10-27 06:50:00+00:00,REAL_TIME_5_MIN,OAKLAND_1_N001,Node,39.54096,38.93359,0.0,0.60736,0.0
2025-10-26 23:45:00-07:00,2025-10-27 06:45:00+00:00,2025-10-26 23:50:00-07:00,2025-10-27 06:50:00+00:00,REAL_TIME_5_MIN,PGSF_2_PDRP58-APND,AP Node,40.67742,38.93359,0.0,1.74383,0.0
2025-10-26 23:45:00-07:00,2025-10-27 06:45:00+00:00,2025-10-26 23:50:00-07:00,2025-10-27 06:50:00+00:00,REAL_TIME_5_MIN,SNJOSEB_1_N001,Node,40.27291,38.93359,0.0,1.33932,0.0
2025-10-26 23:50:00-07:00,2025-10-27 06:50:00+00:00,2025-10-26 23:55:00-07:00,2025-10-27 06:55:00+00:00,REAL_TIME_5_MIN,OAKLAND_1_N001,Node,40.37964,39.7594,0.0,0.62025,0.0
2025-10-26 23:50:00-07:00,2025-10-27 06:50:00+00:00,2025-10-26 23:55:00-07:00,2025-10-27 06:55:00+00:00,REAL_TIME_5_MIN,PGSF_2_PDRP58-APND,AP Node,41.54021,39.7594,0.0,1.78082,0.0
2025-10-26 23:50:00-07:00,2025-10-27 06:50:00+00:00,2025-10-26 23:55:00-07:00,2025-10-27 06:55:00+00:00,REAL_TIME_5_MIN,SNJOSEB_1_N001,Node,41.12712,39.7594,0.0,1.36772,0.0
2025-10-26 23:55:00-07:00,2025-10-27 06:55:00+00:00,2025-10-27 00:00:00-07:00,2025-10-27 07:00:00+00:00,REAL_TIME_5_MIN,OAKLAND_1_N001,Node,40.3777,39.75748,0.0,0.62022,0.0
2025-10-26 23:55:00-07:00,2025-10-27 06:55:00+00:00,2025-10-27 00:00:00-07:00,2025-10-27 07:00:00+00:00,REAL_TIME_5_MIN,PGSF_2_PDRP58-APND,AP Node,41.53821,39.75748,0.0,1.78073,0.0
2025-10-26 23:55:00-07:00,2025-10-27 06:55:00+00:00,2025-10-27 00:00:00-07:00,2025-10-27 07:00:00+00:00,REAL_TIME_5_MIN,SNJOSEB_1_N001,Node,41.12514,39.75748,0.0,1.36766,0.0
2025-10-26 00:00:00-07:00,2025-10-26 07:00:00+00:00,2025-10-26 00:05:00-07:00,2025-10-26 07:05:00+00:00,REAL_TIME_5_MIN,BALCH1_7_N001,Node,32.1592,33.42605,0.0,-1.26685,0.0
2025-10-26 00:00:00-07:00,2025-10-26 07:00:00+00:00,2025-10-26 00:05:00-07:00,2025-10-26 07:05:00+00:00,REAL_TIME_5_MIN,BEARTAP_1_N001,Node,33.11853,33.42605,0.0,-0.30752,0.0
2025-10-26 00:00:00-07:00,2025-10-26 07:00:00+00:00,2025-10-26 00:05:00-07:00,2025-10-26 07:05:00+00:00,REAL_TIME_5_MIN,SOUTHBY_6_N001,Node,32.82438,33.42605,0.0,-0.60167,0.0
2025-10-26 00:05:00-07:00,2025-10-26 07:05:00+00:00,2025-10-26 00:10:00-07:00,2025-10-26 07:10:00+00:00,REAL_TIME_5_MIN,BALCH1_7_N001,Node,32.63328,33.9188,0.0,-1.28552,0.0
2025-10-26 00:05:00-07:00,2025-10-26 07:05:00+00:00,2025-10-26 00:10:00-07:00,2025-10-26 07:10:00+00:00,REAL_TIME_5_MIN,BEARTAP_1_N001,Node,33.60675,33.9188,0.0,-0.31205,0.0
2025-10-26 00:05:00-07:00,2025-10-26 07:05:00+00:00,2025-10-26 00:10:00-07:00,2025-10-26 07:10:00+00:00,REAL_TIME_5_MIN,SOUTHBY_6_N001,Node,33.30826,33.9188,0.0,-0.61054,0.0
2025-10-26 00:10:00-07:00,2025-10-26 07:10:00+00:00,2025-10-26 00:15:00-07:00,2025-10-26 07:15:00+00:00,REAL_TIME_5_MIN,BALCH1_7_N001,Node,32.18793,33.4559,0.0,-1.26798,0.0
2025-10-26 00:10:00-07:00,2025-10-26 07:10:00+00:00,2025-10-26 00:15:00-07:00,2025-10-26 07:15:00+00:00,REAL_TIME_5_MIN,BEARTAP_1_N001,Node,33.14811,33.4559,0.0,-0.30779,0.0
2025-10-26 00:10:00-07:00,2025-10-26 07:10:00+00:00,2025-10-26 00:15:00-07:00,2025-10-26 07:15:00+00:00,REAL_TIME_5_MIN,SOUTHBY_6_N001,Node,32.8537,33.4559,0.0,-0.60221,0.0
2025-10-26 00:15:00-07:00,2025-10-26 07:15:00+00:00,2025-10-26 00:20:00-07:00,2025-10-26 07:20:00+00:00,REAL_TIME_5_MIN,BALCH1_7_N001,Node,32.17511,33.36975,0.0,-1.19464,0.0
2025-10-26 00:15:00-07:00,2025-10-26 07:15:00+00:00,2025-10-26 00:20:00-07:00,2025-10-26 07:20:00+00:00,REAL_TIME_5_MIN,BEARTAP_1_N001,Node,33.12281,33.36975,0.0,-0.24694,0.0
2025-10-26 00:15:00-07:00,2025-10-26 07:15:00+00:00,2025-10-26 00:20:00-07:00,2025-10-26 07:20:00+00:00,REAL_TIME_5_MIN,SOUTHBY_6_N001,Node,32.76575,33.36975,0.0,-0.60399,0.0
2025-10-26 00:20:00-07:00,2025-10-26 07:20:00+00:00,2025-10-26 00:25:00-07:00,2025-10-26 07:25:00+00:00,REAL_TIME_5_MIN,BALCH1_7_N001,Node,32.70835,33.92278,0.0,-1.21444,0.0
2025-10-26 00:20:00-07:00,2025-10-26 07:20:00+00:00,2025-10-26 00:25:00-07:00,2025-10-26 07:25:00+00:00,REAL_TIME_5_MIN,BEARTAP_1_N001,Node,33.67176,33.92278,0.0,-0.25103,0.0
2025-10-26 00:20:00-07:00,2025-10-26 07:20:00+00:00,2025-10-26 00:25:00-07:00,2025-10-26 07:25:00+00:00,REAL_TIME_5_MIN,SOUTHBY_6_N001,Node,33.30878,33.92278,0.0,-0.614,0.0
2025-10-26 00:25:00-07:00,2025-10-26 07:25:00+00:00,2025-10-26 00:30:00-07:00,2025-10-26 07:30:00+00:00,REAL_TIME_5_MIN,BALCH1_7_N001,Node,33.70876,34.96034,0.0,-1.25158,0.0
2025-10-26 00:25:00-07:00,2025-10-26 07:25:00+00:00,2025-10-26 00:30:00-07:00,2025-10-26 07:30:00+00:00,REAL_TIME_5_MIN,BEARTAP_1_N001,Node,34.70164,34.96034,0.0,-0.25871,0.0
2025-10-26 00:25:00-07:00,2025-10-26 07:25:00+00:00,2025-10-26 00:30:00-07:00,2025-10-26 07:30:00+00:00,REAL_TIME_5_MIN,SOUTHBY_6_N001,Node,34.32756,34.96034,0.0,-0.63278,0.0
2025-10-26 00:30:00-07:00,2025-10-26 07:30:00+00:00,2025-10-26 00:35:00-07:00,2025-10-26 07:35:00+00:00,REAL_TIME_5_MIN,BALCH1_7_N001,Node,33.68316,34.89759,0.0,-1.21444,0.0
2025-10-26 00:30:00-07:00,2025-10-26 07:30:00+00:00,2025-10-26 00:35:00-07:00,2025-10-26 07:35:00+00:00,REAL_TIME_5_MIN,BEARTAP_1_N001,Node,34.63586,34.89759,0.0,-0.26173,0.0
2025-10-26 00:30:00-07:00,2025-10-26 07:30:00+00:00,2025-10-26 00:35:00-07:00,2025-10-26 07:35:00+00:00,REAL_TIME_5_MIN,SOUTHBY_6_N001,Node,34.28689,34.89759,0.0,-0.61071,0.0
2025-10-26 00:35:00-07:00,2025-10-26 07:35:00+00:00,2025-10-26 00:40:00-07:00,2025-10-26 07:40:00+00:00,REAL_TIME_5_MIN,BALCH1_7_N001,Node,33.68316,34.89759,0.0,-1.21444,0.0
2025-10-26 00:35:00-07:00,2025-10-26 07:35:00+00:00,2025-10-26 00:40:00-07:00,2025-10-26 07:40:00+00:00,REAL_TIME_5_MIN,BEARTAP_1_N001,Node,34.63586,34.89759,0.0,-0.26173,0.0
2025-10-26 00:35:00-07:00,2025-10-26 07:35:00+00:00,2025-10-26 00:40:00-07:00,2025-10-26 07:40:00+00:00,REAL_TIME_5_MIN,SOUTHBY_6_N001,Node,34.28689,34.89759,0.0,-0.61071,0.0
2025-10-26 00:40:00-07:00,2025-10-26 07:40:00+00:00,2025-10-26 00:45:00-07:00,2025-10-26 07:45:00+00:00,REAL_TIME_5_MIN,BALCH1_7_N001,Node,32.79193,33.97424,0.0,-1.1823,0.0
2025-10-26 00:40:00-07:00,2025-10-26 07:40:00+00:00,2025-10-26 00:45:00-07:00,2025-10-26 07:45:00+00:00,REAL_TIME_5_MIN,BEARTAP_1_N001,Node,33.71943,33.97424,0.0,-0.25481,0.0
2025-10-26 00:40:00-07:00,2025-10-26 07:40:00+00:00,2025-10-26 00:45:00-07:00,2025-10-26 07:45:00+00:00,REAL_TIME_5_MIN,SOUTHBY_6_N001,Node,33.37969,33.97424,0.0,-0.59455,0.0
2025-10-26 00:45:00-07:00,2025-10-26 07:45:00+00:00,2025-10-26 00:50:00-07:00,2025-10-26 07:50:00+00:00,REAL_TIME_5_MIN,BALCH1_7_N001,Node,32.82713,34.00366,0.0,-1.17653,0.0
2025-10-26 00:45:00-07:00,2025-10-26 07:45:00+00:00,2025-10-26 00:50:00-07:00,2025-10-26 07:50:00+00:00,REAL_TIME_5_MIN,BEARTAP_1_N001,Node,33.71463,34.00366,0.0,-0.28903,0.0
2025-10-26 00:45:00-07:00,2025-10-26 07:45:00+00:00,2025-10-26 00:50:00-07:00,2025-10-26 07:50:00+00:00,REAL_TIME_5_MIN,SOUTHBY_6_N001,Node,33.5038,34.00366,0.0,-0.49985,0.0
2025-10-26 00:50:00-07:00,2025-10-26 07:50:00+00:00,2025-10-26 00:55:00-07:00,2025-10-26 07:55:00+00:00,REAL_TIME_5_MIN,BALCH1_7_N001,Node,32.82713,34.00366,0.0,-1.17653,0.0
2025-10-26 00:50:00-07:00,2025-10-26 07:50:00+00:00,2025-10-26 00:55:00-07:00,2025-10-26 07:55:00+00:00,REAL_TIME_5_MIN,BEARTAP_1_N001,Node,33.71463,34.00366,0.0,-0.28903,0.0
2025-10-26 00:50:00-07:00,2025-10-26 07:50:00+00:00,2025-10-26 00:55:00-07:00,2025-10-26 07:55:00+00:00,REAL_TIME_5_MIN,SOUTHBY_6_N001,Node,33.5038,34.00366,0.0,-0.49985,0.0
2025-10-26 00:55:00-07:00,2025-10-26 07:55:00+00:00,2025-10-26 01:00:00-07:00,2025-10-26 08:00:00+00:00,REAL_TIME_5_MIN,BALCH1_7_N001,Node,33.09245,34.27848,0.0,-1.18604,0.0
2025-10-26 00:55:00-07:00,2025-10-26 07:55:00+00:00,2025-10-26 01:00:00-07:00,2025-10-26 08:00:00+00:00,REAL_TIME_5_MIN,BEARTAP_1_N001,Node,33.98712,34.27848,0.0,-0.29137,0.0
2025-10-26 00:55:00-07:00,2025-10-26 07:55:00+00:00,2025-10-26 01:00:00-07:00,2025-10-26 08:00:00+00:00,REAL_TIME_5_MIN,SOUTHBY_6_N001,Node,33.77459,34.27848,0.0,-0.50389,0.0
2025-10-26 01:00:00-07:00,2025-10-26 08:00:00+00:00,2025-10-26 01:05:00-07:00,2025-10-26 08:05:00+00:00,REAL_TIME_5_MIN,BALCH1_7_N001,Node,33.69742,34.91961,0.0,-1.22219,0.0
2025-10-26 01:00:00-07:00,2025-10-26 08:00:00+00:00,2025-10-26 01:05:00-07:00,2025-10-26 08:05:00+00:00,REAL_TIME_5_MIN,BEARTAP_1_N001,Node,34.61581,34.91961,0.0,-0.3038,0.0
2025-10-26 01:00:00-07:00,2025-10-26 08:00:00+00:00,2025-10-26 01:05:00-07:00,2025-10-26 08:05:00+00:00,REAL_TIME_5_MIN,SOUTHBY_6_N001,Node,34.51804,34.91961,0.0,-0.40158,0.0
2025-10-26 01:05:00-07:00,2025-10-26 08:05:00+00:00,2025-10-26 01:10:00-07:00,2025-10-26 08:10:00+00:00,REAL_TIME_5_MIN,BALCH1_7_N001,Node,33.6766,34.89803,0.0,-1.22143,0.0
2025-10-26 01:05:00-07:00,2025-10-26 08:05:00+00:00,2025-10-26 01:10:00-07:00,2025-10-26 08:10:00+00:00,REAL_TIME_5_MIN,BEARTAP_1_N001,Node,34.59442,34.89803,0.0,-0.30361,0.0
2025-10-26 01:05:00-07:00,2025-10-26 08:05:00+00:00,2025-10-26 01:10:00-07:00,2025-10-26 08:10:00+00:00,REAL_TIME_5_MIN,SOUTHBY_6_N001,Node,34.4967,34.89803,0.0,-0.40133,0.0
2025-10-26 01:10:00-07:00,2025-10-26 08:10:00+00:00,2025-10-26 01:15:00-07:00,2025-10-26 08:15:00+00:00,REAL_TIME_5_MIN,BALCH1_7_N001,Node,33.39151,34.6026,0.0,-1.21109,0.0
2025-10-26 01:10:00-07:00,2025-10-26 08:10:00+00:00,2025-10-26 01:15:00-07:00,2025-10-26 08:15:00+00:00,REAL_TIME_5_MIN,BEARTAP_1_N001,Node,34.30156,34.6026,0.0,-0.30104,0.0
2025-10-26 01:10:00-07:00,2025-10-26 08:10:00+00:00,2025-10-26 01:15:00-07:00,2025-10-26 08:15:00+00:00,REAL_TIME_5_MIN,SOUTHBY_6_N001,Node,34.20467,34.6026,0.0,-0.39793,0.0
2025-10-26 01:15:00-07:00,2025-10-26 08:15:00+00:00,2025-10-26 01:20:00-07:00,2025-10-26 08:20:00+00:00,REAL_TIME_5_MIN,BALCH1_7_N001,Node,32.92024,34.139,0.0,-1.21876,0.0
2025-10-26 01:15:00-07:00,2025-10-26 08:15:00+00:00,2025-10-26 01:20:00-07:00,2025-10-26 08:20:00+00:00,REAL_TIME_5_MIN,BEARTAP_1_N001,Node,33.83858,34.139,0.0,-0.30042,0.0
2025-10-26 01:15:00-07:00,2025-10-26 08:15:00+00:00,2025-10-26 01:20:00-07:00,2025-10-26 08:20:00+00:00,REAL_TIME_5_MIN,SOUTHBY_6_N001,Node,33.72251,34.139,0.0,-0.4165,0.0
2025-10-26 01:20:00-07:00,2025-10-26 08:20:00+00:00,2025-10-26 01:25:00-07:00,2025-10-26 08:25:00+00:00,REAL_TIME_5_MIN,BALCH1_7_N001,Node,33.44742,34.6857,0.0,-1.23828,0.0
2025-10-26 01:20:00-07:00,2025-10-26 08:20:00+00:00,2025-10-26 01:25:00-07:00,2025-10-26 08:25:00+00:00,REAL_TIME_5_MIN,BEARTAP_1_N001,Node,34.38047,34.6857,0.0,-0.30523,0.0
2025-10-26 01:20:00-07:00,2025-10-26 08:20:00+00:00,2025-10-26 01:25:00-07:00,2025-10-26 08:25:00+00:00,REAL_TIME_5_MIN,SOUTHBY_6_N001,Node,34.26254,34.6857,0.0,-0.42317,0.0
2025-10-26 01:25:00-07:00,2025-10-26 08:25:00+00:00,2025-10-26 01:30:00-07:00,2025-10-26 08:30:00+00:00,REAL_TIME_5_MIN,BALCH1_7_N001,Node,33.62396,34.86877,0.0,-1.24482,0.0
2025-10-26 01:25:00-07:00,2025-10-26 08:25:00+00:00,2025-10-26 01:30:00-07:00,2025-10-26 08:30:00+00:00,REAL_TIME_5_MIN,BEARTAP_1_N001,Node,34.56193,34.86877,0.0,-0.30685,0.0
2025-10-26 01:25:00-07:00,2025-10-26 08:25:00+00:00,2025-10-26 01:30:00-07:00,2025-10-26 08:30:00+00:00,REAL_TIME_5_MIN,SOUTHBY_6_N001,Node,34.44338,34.86877,0.0,-0.4254,0.0
2025-10-26 01:30:00-07:00,2025-10-26 08:30:00+00:00,2025-10-26 01:35:00-07:00,2025-10-26 08:35:00+00:00,REAL_TIME_5_MIN,BALCH1_7_N001,Node,33.61597,34.81355,0.0,-1.19759,0.0
2025-10-26 01:30:00-07:00,2025-10-26 08:30:00+00:00,2025-10-26 01:35:00-07:00,2025-10-26 08:35:00+00:00,REAL_TIME_5_MIN,BEARTAP_1_N001,Node,34.51067,34.81355,0.0,-0.30288,0.0
2025-10-26 01:30:00-07:00,2025-10-26 08:30:00+00:00,2025-10-26 01:35:00-07:00,2025-10-26 08:35:00+00:00,REAL_TIME_5_MIN,SOUTHBY_6_N001,Node,34.30527,34.81355,0.0,-0.50828,0.0
2025-10-26 01:35:00-07:00,2025-10-26 08:35:00+00:00,2025-10-26 01:40:00-07:00,2025-10-26 08:40:00+00:00,REAL_TIME_5_MIN,BALCH1_7_N001,Node,33.16836,34.35,0.0,-1.18164,0.0
2025-10-26 01:35:00-07:00,2025-10-26 08:35:00+00:00,2025-10-26 01:40:00-07:00,2025-10-26 08:40:00+00:00,REAL_TIME_5_MIN,BEARTAP_1_N001,Node,34.05116,34.35,0.0,-0.29885,0.0
2025-10-26 01:35:00-07:00,2025-10-26 08:35:00+00:00,2025-10-26 01:40:00-07:00,2025-10-26 08:40:00+00:00,REAL_TIME_5_MIN,SOUTHBY_6_N001,Node,33.84849,34.35,0.0,-0.50151,0.0
2025-10-26 01:40:00-07:00,2025-10-26 08:40:00+00:00,2025-10-26 01:45:00-07:00,2025-10-26 08:45:00+00:00,REAL_TIME_5_MIN,BALCH1_7_N001,Node,32.73943,33.90579,0.0,-1.16636,0.0
2025-10-26 01:40:00-07:00,2025-10-26 08:40:00+00:00,2025-10-26 01:45:00-07:00,2025-10-26 08:45:00+00:00,REAL_TIME_5_MIN,BEARTAP_1_N001,Node,33.6108,33.90579,0.0,-0.29498,0.0
2025-10-26 01:40:00-07:00,2025-10-26 08:40:00+00:00,2025-10-26 01:45:00-07:00,2025-10-26 08:45:00+00:00,REAL_TIME_5_MIN,SOUTHBY_6_N001,Node,33.41076,33.90579,0.0,-0.49502,0.0
2025-10-26 01:45:00-07:00,2025-10-26 08:45:00+00:00,2025-10-26 01:50:00-07:00,2025-10-26 08:50:00+00:00,REAL_TIME_5_MIN,BALCH1_7_N001,Node,32.79729,33.94813,0.0,-1.15084,0.0
2025-10-26 01:45:00-07:00,2025-10-26 08:45:00+00:00,2025-10-26 01:50:00-07:00,2025-10-26 08:50:00+00:00,REAL_TIME_5_MIN,BEARTAP_1_N001,Node,33.65278,33.94813,0.0,-0.29535,0.0
2025-10-26 01:45:00-07:00,2025-10-26 08:45:00+00:00,2025-10-26 01:50:00-07:00,2025-10-26 08:50:00+00:00,REAL_TIME_5_MIN,SOUTHBY_6_N001,Node,33.52378,33.94813,0.0,-0.42435,0.0
2025-10-26 01:50:00-07:00,2025-10-26 08:50:00+00:00,2025-10-26 01:55:00-07:00,2025-10-26 08:55:00+00:00,REAL_TIME_5_MIN,BALCH1_7_N001,Node,31.95197,33.07315,0.0,-1.12118,0.0
2025-10-26 01:50:00-07:00,2025-10-26 08:50:00+00:00,2025-10-26 01:55:00-07:00,2025-10-26 08:55:00+00:00,REAL_TIME_5_MIN,BEARTAP_1_N001,Node,32.78541,33.07315,0.0,-0.28774,0.0
2025-10-26 01:50:00-07:00,2025-10-26 08:50:00+00:00,2025-10-26 01:55:00-07:00,2025-10-26 08:55:00+00:00,REAL_TIME_5_MIN,SOUTHBY_6_N001,Node,32.65974,33.07315,0.0,-0.41341,0.0
2025-10-26 01:55:00-07:00,2025-10-26 08:55:00+00:00,2025-10-26 02:00:00-07:00,2025-10-26 09:00:00+00:00,REAL_TIME_5_MIN,BALCH1_7_N001,Node,31.42791,32.5307,0.0,-1.10279,0.0
2025-10-26 01:55:00-07:00,2025-10-26 08:55:00+00:00,2025-10-26 02:00:00-07:00,2025-10-26 09:00:00+00:00,REAL_TIME_5_MIN,BEARTAP_1_N001,Node,32.24769,32.5307,0.0,-0.28302,0.0
2025-10-26 01:55:00-07:00,2025-10-26 08:55:00+00:00,2025-10-26 02:00:00-07:00,2025-10-26 09:00:00+00:00,REAL_TIME_5_MIN,SOUTHBY_6_N001,Node,32.12407,32.5307,0.0,-0.40663,0.0
2025-10-26 02:00:00-07:00,2025-10-26 09:00:00+00:00,2025-10-26 02:05:00-07:00,2025-10-26 09:05:00+00:00,REAL_TIME_5_MIN,BALCH1_7_N001,Node,33.4328,34.54873,0.0,-1.11592,0.0
2025-10-26 02:00:00-07:00,2025-10-26 09:00:00+00:00,2025-10-26 02:05:00-07:00,2025-10-26 09:05:00+00:00,REAL_TIME_5_MIN,BEARTAP_1_N001,Node,34.27925,34.54873,0.0,-0.26948,0.0
2025-10-26 02:00:00-07:00,2025-10-26 09:00:00+00:00,2025-10-26 02:05:00-07:00,2025-10-26 09:05:00+00:00,REAL_TIME_5_MIN,SOUTHBY_6_N001,Node,34.09268,34.54873,0.0,-0.45604,0.0
2025-10-26 02:05:00-07:00,2025-10-26 09:05:00+00:00,2025-10-26 02:10:00-07:00,2025-10-26 09:10:00+00:00,REAL_TIME_5_MIN,BALCH1_7_N001,Node,32.85821,33.95496,0.0,-1.09675,0.0
2025-10-26 02:05:00-07:00,2025-10-26 09:05:00+00:00,2025-10-26 02:10:00-07:00,2025-10-26 09:10:00+00:00,REAL_TIME_5_MIN,BEARTAP_1_N001,Node,33.69011,33.95496,0.0,-0.26485,0.0
2025-10-26 02:05:00-07:00,2025-10-26 09:05:00+00:00,2025-10-26 02:10:00-07:00,2025-10-26 09:10:00+00:00,REAL_TIME_5_MIN,SOUTHBY_6_N001,Node,33.50675,33.95496,0.0,-0.44821,0.0
2025-10-26 02:10:00-07:00,2025-10-26 09:10:00+00:00,2025-10-26 02:15:00-07:00,2025-10-26 09:15:00+00:00,REAL_TIME_5_MIN,BALCH1_7_N001,Node,32.27509,33.35237,0.0,-1.07728,0.0
2025-10-26 02:10:00-07:00,2025-10-26 09:10:00+00:00,2025-10-26 02:15:00-07:00,2025-10-26 09:15:00+00:00,REAL_TIME_5_MIN,BEARTAP_1_N001,Node,33.09222,33.35237,0.0,-0.26015,0.0
2025-10-26 02:10:00-07:00,2025-10-26 09:10:00+00:00,2025-10-26 02:15:00-07:00,2025-10-26 09:15:00+00:00,REAL_TIME_5_MIN,SOUTHBY_6_N001,Node,32.91212,33.35237,0.0,-0.44025,0.0
2025-10-26 02:15:00-07:00,2025-10-26 09:15:00+00:00,2025-10-26 02:20:00-07:00,2025-10-26 09:20:00+00:00,REAL_TIME_5_MIN,BALCH1_7_N001,Node,31.9215,32.9972,0.0,-1.07571,0.0
2025-10-26 02:15:00-07:00,2025-10-26 09:15:00+00:00,2025-10-26 02:20:00-07:00,2025-10-26 09:20:00+00:00,REAL_TIME_5_MIN,BEARTAP_1_N001,Node,32.72663,32.9972,0.0,-0.27058,0.0
2025-10-26 02:15:00-07:00,2025-10-26 09:15:00+00:00,2025-10-26 02:20:00-07:00,2025-10-26 09:20:00+00:00,REAL_TIME_5_MIN,SOUTHBY_6_N001,Node,32.51875,32.9972,0.0,-0.47846,0.0
2025-10-26 02:20:00-07:00,2025-10-26 09:20:00+00:00,2025-10-26 02:25:00-07:00,2025-10-26 09:25:00+00:00,REAL_TIME_5_MIN,BALCH1_7_N001,Node,32.01682,33.09574,0.0,-1.07892,0.0
2025-10-26 02:20:00-07:00,2025-10-26 09:20:00+00:00,2025-10-26 02:25:00-07:00,2025-10-26 09:25:00+00:00,REAL_TIME_5_MIN,BEARTAP_1_N001,Node,32.82436,33.09574,0.0,-0.27139,0.0
2025-10-26 02:20:00-07:00,2025-10-26 09:20:00+00:00,2025-10-26 02:25:00-07:00,2025-10-26 09:25:00+00:00,REAL_TIME_5_MIN,SOUTHBY_6_N001,Node,32.61585,33.09574,0.0,-0.47989,0.0
2025-10-26 02:25:00-07:00,2025-10-26 09:25:00+00:00,2025-10-26 02:30:00-07:00,2025-10-26 09:30:00+00:00,REAL_TIME_5_MIN,BALCH1_7_N001,Node,31.98387,33.06169,0.0,-1.07781,0.0
2025-10-26 02:25:00-07:00,2025-10-26 09:25:00+00:00,2025-10-26 02:30:00-07:00,2025-10-26 09:30:00+00:00,REAL_TIME_5_MIN,BEARTAP_1_N001,Node,32.79058,33.06169,0.0,-0.27111,0.0
2025-10-26 02:25:00-07:00,2025-10-26 09:25:00+00:00,2025-10-26 02:30:00-07:00,2025-10-26 09:30:00+00:00,REAL_TIME_5_MIN,SOUTHBY_6_N001,Node,32.58229,33.06169,0.0,-0.47939,0.0
2025-10-26 02:30:00-07:00,2025-10-26 09:30:00+00:00,2025-10-26 02:35:00-07:00,2025-10-26 09:35:00+00:00,REAL_TIME_5_MIN,BALCH1_7_N001,Node,31.97084,33.10296,0.0,-1.13212,0.0
2025-10-26 02:30:00-07:00,2025-10-26 09:30:00+00:00,2025-10-26 02:35:00-07:00,2025-10-26 09:35:00+00:00,REAL_TIME_5_MIN,BEARTAP_1_N001,Node,32.79842,33.10296,0.0,-0.30455,0.0
2025-10-26 02:30:00-07:00,2025-10-26 09:30:00+00:00,2025-10-26 02:35:00-07:00,2025-10-26 09:35:00+00:00,REAL_TIME_5_MIN,SOUTHBY_6_N001,Node,32.69911,33.10296,0.0,-0.40386,0.0
2025-10-26 02:35:00-07:00,2025-10-26 09:35:00+00:00,2025-10-26 02:40:00-07:00,2025-10-26 09:40:00+00:00,REAL_TIME_5_MIN,BALCH1_7_N001,Node,31.97084,33.10296,0.0,-1.13212,0.0
2025-10-26 02:35:00-07:00,2025-10-26 09:35:00+00:00,2025-10-26 02:40:00-07:00,2025-10-26 09:40:00+00:00,REAL_TIME_5_MIN,BEARTAP_1_N001,Node,32.79842,33.10296,0.0,-0.30455,0.0
2025-10-26 02:35:00-07:00,2025-10-26 09:35:00+00:00,2025-10-26 02:40:00-07:00,2025-10-26 09:40:00+00:00,REAL_TIME_5_MIN,SOUTHBY_6_N001,Node,32.69911,33.10296,0.0,-0.40386,0.0
2025-10-26 02:40:00-07:00,2025-10-26 09:40:00+00:00,2025-10-26 02:45:00-07:00,2025-10-26 09:45:00+00:00,REAL_TIME_5_MIN,BALCH1_7_N001,Node,31.97084,33.10296,0.0,-1.13212,0.0
2025-10-26 02:40:00-07:00,2025-10-26 09:40:00+00:00,2025-10-26 02:45:00-07:00,2025-10-26 09:45:00+00:00,REAL_TIME_5_MIN,BEARTAP_1_N001,Node,32.79842,33.10296,0.0,-0.30455,0.0
2025-10-26 02:40:00-07:00,2025-10-26 09:40:00+00:00,2025-10-26 02:45:00-07:00,2025-10-26 09:45:00+00:00,REAL_TIME_5_MIN,SOUTHBY_6_N001,Node,32.69911,33.10296,0.0,-0.40386,0.0
2025-10-26 02:45:00-07:00,2025-10-26 09:45:00+00:00,2025-10-26 02:50:00-07:00,2025-10-26 09:50:00+00:00,REAL_TIME_5_MIN,BALCH1_7_N001,Node,31.97437,33.09633,0.0,-1.12197,0.0
2025-10-26 02:45:00-07:00,2025-10-26 09:45:00+00:00,2025-10-26 02:50:00-07:00,2025-10-26 09:50:00+00:00,REAL_TIME_5_MIN,BEARTAP_1_N001,Node,32.8084,33.09633,0.0,-0.28794,0.0
2025-10-26 02:45:00-07:00,2025-10-26 09:45:00+00:00,2025-10-26 02:50:00-07:00,2025-10-26 09:50:00+00:00,REAL_TIME_5_MIN,SOUTHBY_6_N001,Node,32.75213,33.09633,0.0,-0.3442,0.0
2025-10-26 02:50:00-07:00,2025-10-26 09:50:00+00:00,2025-10-26 02:55:00-07:00,2025-10-26 09:55:00+00:00,REAL_TIME_5_MIN,BALCH1_7_N001,Node,32.45894,33.59791,0.0,-1.13897,0.0
2025-10-26 02:50:00-07:00,2025-10-26 09:50:00+00:00,2025-10-26 02:55:00-07:00,2025-10-26 09:55:00+00:00,REAL_TIME_5_MIN,BEARTAP_1_N001,Node,33.30561,33.59791,0.0,-0.2923,0.0
2025-10-26 02:50:00-07:00,2025-10-26 09:50:00+00:00,2025-10-26 02:55:00-07:00,2025-10-26 09:55:00+00:00,REAL_TIME_5_MIN,SOUTHBY_6_N001,Node,33.24849,33.59791,0.0,-0.34942,0.0
2025-10-26 02:55:00-07:00,2025-10-26 09:55:00+00:00,2025-10-26 03:00:00-07:00,2025-10-26 10:00:00+00:00,REAL_TIME_5_MIN,BALCH1_7_N001,Node,32.82271,33.97445,0.0,-1.15173,0.0
2025-10-26 02:55:00-07:00,2025-10-26 09:55:00+00:00,2025-10-26 03:00:00-07:00,2025-10-26 10:00:00+00:00,REAL_TIME_5_MIN,BEARTAP_1_N001,Node,33.67887,33.97445,0.0,-0.29558,0.0
2025-10-26 02:55:00-07:00,2025-10-26 09:55:00+00:00,2025-10-26 03:00:00-07:00,2025-10-26 10:00:00+00:00,REAL_TIME_5_MIN,SOUTHBY_6_N001,Node,33.62111,33.97445,0.0,-0.35333,0.0
2025-10-26 03:00:00-07:00,2025-10-26 10:00:00+00:00,2025-10-26 03:05:00-07:00,2025-10-26 10:05:00+00:00,REAL_TIME_5_MIN,BALCH1_7_N001,Node,33.19823,34.29215,0.0,-1.09392,0.0
2025-10-26 03:00:00-07:00,2025-10-26 10:00:00+00:00,2025-10-26 03:05:00-07:00,2025-10-26 10:05:00+00:00,REAL_TIME_5_MIN,BEARTAP_1_N001,Node,33.97323,34.29215,0.0,-0.31892,0.0
2025-10-26 03:00:00-07:00,2025-10-26 10:00:00+00:00,2025-10-26 03:05:00-07:00,2025-10-26 10:05:00+00:00,REAL_TIME_5_MIN,SOUTHBY_6_N001,Node,34.15498,34.29215,0.0,-0.13717,0.0
2025-10-26 03:05:00-07:00,2025-10-26 10:05:00+00:00,2025-10-26 03:10:00-07:00,2025-10-26 10:10:00+00:00,REAL_TIME_5_MIN,BALCH1_7_N001,Node,33.15125,34.24362,0.0,-1.09237,0.0
2025-10-26 03:05:00-07:00,2025-10-26 10:05:00+00:00,2025-10-26 03:10:00-07:00,2025-10-26 10:10:00+00:00,REAL_TIME_5_MIN,BEARTAP_1_N001,Node,33.92515,34.24362,0.0,-0.31847,0.0
2025-10-26 03:05:00-07:00,2025-10-26 10:05:00+00:00,2025-10-26 03:10:00-07:00,2025-10-26 10:10:00+00:00,REAL_TIME_5_MIN,SOUTHBY_6_N001,Node,34.10664,34.24362,0.0,-0.13697,0.0
2025-10-26 03:10:00-07:00,2025-10-26 10:10:00+00:00,2025-10-26 03:15:00-07:00,2025-10-26 10:15:00+00:00,REAL_TIME_5_MIN,BALCH1_7_N001,Node,33.19823,34.29215,0.0,-1.09392,0.0
2025-10-26 03:10:00-07:00,2025-10-26 10:10:00+00:00,2025-10-26 03:15:00-07:00,2025-10-26 10:15:00+00:00,REAL_TIME_5_MIN,BEARTAP_1_N001,Node,33.97323,34.29215,0.0,-0.31892,0.0
2025-10-26 03:10:00-07:00,2025-10-26 10:10:00+00:00,2025-10-26 03:15:00-07:00,2025-10-26 10:15:00+00:00,REAL_TIME_5_MIN,SOUTHBY_6_N001,Node,34.15498,34.29215,0.0,-0.13717,0.0
2025-10-26 03:15:00-07:00,2025-10-26 10:15:00+00:00,2025-10-26 03:20:00-07:00,2025-10-26 10:20:00+00:00,REAL_TIME_5_MIN,BALCH1_7_N001,Node,33.96428,34.94987,0.0,-0.98559,0.0
2025-10-26 03:15:00-07:00,2025-10-26 10:15:00+00:00,2025-10-26 03:20:00-07:00,2025-10-26 10:20:00+00:00,REAL_TIME_5_MIN,BEARTAP_1_N001,Node,34.65629,34.94987,0.0,-0.29358,0.0
2025-10-26 03:15:00-07:00,2025-10-26 10:15:00+00:00,2025-10-26 03:20:00-07:00,2025-10-26 10:20:00+00:00,REAL_TIME_5_MIN,SOUTHBY_6_N001,Node,34.91142,34.94987,0.0,-0.03844,0.0
2025-10-26 03:20:00-07:00,2025-10-26 10:20:00+00:00,2025-10-26 03:25:00-07:00,2025-10-26 10:25:00+00:00,REAL_TIME_5_MIN,BALCH1_7_N001,Node,34.07896,35.06787,0.0,-0.98891,0.0
2025-10-26 03:20:00-07:00,2025-10-26 10:20:00+00:00,2025-10-26 03:25:00-07:00,2025-10-26 10:25:00+00:00,REAL_TIME_5_MIN,BEARTAP_1_N001,Node,34.7733,35.06787,0.0,-0.29457,0.0
2025-10-26 03:20:00-07:00,2025-10-26 10:20:00+00:00,2025-10-26 03:25:00-07:00,2025-10-26 10:25:00+00:00,REAL_TIME_5_MIN,SOUTHBY_6_N001,Node,35.0293,35.06787,0.0,-0.03857,0.0
2025-10-26 03:25:00-07:00,2025-10-26 10:25:00+00:00,2025-10-26 03:30:00-07:00,2025-10-26 10:30:00+00:00,REAL_TIME_5_MIN,BALCH1_7_N001,Node,34.08381,35.07287,0.0,-0.98905,0.0
2025-10-26 03:25:00-07:00,2025-10-26 10:25:00+00:00,2025-10-26 03:30:00-07:00,2025-10-26 10:30:00+00:00,REAL_TIME_5_MIN,BEARTAP_1_N001,Node,34.77826,35.07287,0.0,-0.29461,0.0
2025-10-26 03:25:00-07:00,2025-10-26 10:25:00+00:00,2025-10-26 03:30:00-07:00,2025-10-26 10:30:00+00:00,REAL_TIME_5_MIN,SOUTHBY_6_N001,Node,35.03429,35.07287,0.0,-0.03858,0.0
2025-10-26 03:30:00-07:00,2025-10-26 10:30:00+00:00,2025-10-26 03:35:00-07:00,2025-10-26 10:35:00+00:00,REAL_TIME_5_MIN,BALCH1_7_N001,Node,33.10692,34.14493,0.0,-1.03801,0.0
2025-10-26 03:30:00-07:00,2025-10-26 10:30:00+00:00,2025-10-26 03:35:00-07:00,2025-10-26 10:35:00+00:00,REAL_TIME_5_MIN,BEARTAP_1_N001,Node,33.83421,34.14493,0.0,-0.31072,0.0
2025-10-26 03:30:00-07:00,2025-10-26 10:30:00+00:00,2025-10-26 03:35:00-07:00,2025-10-26 10:35:00+00:00,REAL_TIME_5_MIN,SOUTHBY_6_N001,Node,34.07664,34.14493,0.0,-0.06829,0.0
2025-10-26 03:35:00-07:00,2025-10-26 10:35:00+00:00,2025-10-26 03:40:00-07:00,2025-10-26 10:40:00+00:00,REAL_TIME_5_MIN,BALCH1_7_N001,Node,33.10709,34.1451,0.0,-1.03801,0.0
2025-10-26 03:35:00-07:00,2025-10-26 10:35:00+00:00,2025-10-26 03:40:00-07:00,2025-10-26 10:40:00+00:00,REAL_TIME_5_MIN,BEARTAP_1_N001,Node,33.83438,34.1451,0.0,-0.31072,0.0
2025-10-26 03:35:00-07:00,2025-10-26 10:35:00+00:00,2025-10-26 03:40:00-07:00,2025-10-26 10:40:00+00:00,REAL_TIME_5_MIN,SOUTHBY_6_N001,Node,34.07681,34.1451,0.0,-0.06829,0.0
2025-10-26 03:40:00-07:00,2025-10-26 10:40:00+00:00,2025-10-26 03:45:00-07:00,2025-10-26 10:45:00+00:00,REAL_TIME_5_MIN,BALCH1_7_N001,Node,33.10692,34.14493,0.0,-1.03801,0.0
2025-10-26 03:40:00-07:00,2025-10-26 10:40:00+00:00,2025-10-26 03:45:00-07:00,2025-10-26 10:45:00+00:00,REAL_TIME_5_MIN,BEARTAP_1_N001,Node,33.83421,34.14493,0.0,-0.31072,0.0
2025-10-26 03:40:00-07:00,2025-10-26 10:40:00+00:00,2025-10-26 03:45:00-07:00,2025-10-26 10:45:00+00:00,REAL_TIME_5_MIN,SOUTHBY_6_N001,Node,34.07664,34.14493,0.0,-0.06829,0.0
2025-10-26 03:45:00-07:00,2025-10-26 10:45:00+00:00,2025-10-26 03:50:00-07:00,2025-10-26 10:50:00+00:00,REAL_TIME_5_MIN,BALCH1_7_N001,Node,33.45603,34.50143,0.0,-1.04539,0.0
2025-10-26 03:45:00-07:00,2025-10-26 10:45:00+00:00,2025-10-26 03:50:00-07:00,2025-10-26 10:50:00+00:00,REAL_TIME_5_MIN,BEARTAP_1_N001,Node,34.19091,34.50143,0.0,-0.31051,0.0
2025-10-26 03:45:00-07:00,2025-10-26 10:45:00+00:00,2025-10-26 03:50:00-07:00,2025-10-26 10:50:00+00:00,REAL_TIME_5_MIN,SOUTHBY_6_N001,Node,34.44622,34.50143,0.0,-0.0552,0.0
2025-10-26 03:50:00-07:00,2025-10-26 10:50:00+00:00,2025-10-26 03:55:00-07:00,2025-10-26 10:55:00+00:00,REAL_TIME_5_MIN,BALCH1_7_N001,Node,33.50685,34.55383,0.0,-1.04698,0.0
2025-10-26 03:50:00-07:00,2025-10-26 10:50:00+00:00,2025-10-26 03:55:00-07:00,2025-10-26 10:55:00+00:00,REAL_TIME_5_MIN,BEARTAP_1_N001,Node,34.24284,34.55383,0.0,-0.31098,0.0
2025-10-26 03:50:00-07:00,2025-10-26 10:50:00+00:00,2025-10-26 03:55:00-07:00,2025-10-26 10:55:00+00:00,REAL_TIME_5_MIN,SOUTHBY_6_N001,Node,34.49854,34.55383,0.0,-0.05529,0.0
2025-10-26 03:55:00-07:00,2025-10-26 10:55:00+00:00,2025-10-26 04:00:00-07:00,2025-10-26 11:00:00+00:00,REAL_TIME_5_MIN,BALCH1_7_N001,Node,33.50335,34.55023,0.0,-1.04687,0.0
2025-10-26 03:55:00-07:00,2025-10-26 10:55:00+00:00,2025-10-26 04:00:00-07:00,2025-10-26 11:00:00+00:00,REAL_TIME_5_MIN,BEARTAP_1_N001,Node,34.23927,34.55023,0.0,-0.31095,0.0
2025-10-26 03:55:00-07:00,2025-10-26 10:55:00+00:00,2025-10-26 04:00:00-07:00,2025-10-26 11:00:00+00:00,REAL_TIME_5_MIN,SOUTHBY_6_N001,Node,34.49495,34.55023,0.0,-0.05528,0.0
2025-10-26 04:00:00-07:00,2025-10-26 11:00:00+00:00,2025-10-26 04:05:00-07:00,2025-10-26 11:05:00+00:00,REAL_TIME_5_MIN,BALCH1_7_N001,Node,34.30258,35.64275,0.0,-1.34017,0.0
2025-10-26 04:00:00-07:00,2025-10-26 11:00:00+00:00,2025-10-26 04:05:00-07:00,2025-10-26 11:05:00+00:00,REAL_TIME_5_MIN,BEARTAP_1_N001,Node,35.30058,35.64275,0.0,-0.34217,0.0
2025-10-26 04:00:00-07:00,2025-10-26 11:00:00+00:00,2025-10-26 04:05:00-07:00,2025-10-26 11:05:00+00:00,REAL_TIME_5_MIN,SOUTHBY_6_N001,Node,35.63918,35.64275,0.0,-0.00356,0.0
2025-10-26 04:05:00-07:00,2025-10-26 11:05:00+00:00,2025-10-26 04:10:00-07:00,2025-10-26 11:10:00+00:00,REAL_TIME_5_MIN,BALCH1_7_N001,Node,34.30258,35.64275,0.0,-1.34017,0.0
2025-10-26 04:05:00-07:00,2025-10-26 11:05:00+00:00,2025-10-26 04:10:00-07:00,2025-10-26 11:10:00+00:00,REAL_TIME_5_MIN,BEARTAP_1_N001,Node,35.30058,35.64275,0.0,-0.34217,0.0
2025-10-26 04:05:00-07:00,2025-10-26 11:05:00+00:00,2025-10-26 04:10:00-07:00,2025-10-26 11:10:00+00:00,REAL_TIME_5_MIN,SOUTHBY_6_N001,Node,35.63918,35.64275,0.0,-0.00356,0.0
2025-10-26 04:10:00-07:00,2025-10-26 11:10:00+00:00,2025-10-26 04:15:00-07:00,2025-10-26 11:15:00+00:00,REAL_TIME_5_MIN,BALCH1_7_N001,Node,34.52756,35.87652,0.0,-1.34896,0.0
2025-10-26 04:10:00-07:00,2025-10-26 11:10:00+00:00,2025-10-26 04:15:00-07:00,2025-10-26 11:15:00+00:00,REAL_TIME_5_MIN,BEARTAP_1_N001,Node,35.53211,35.87652,0.0,-0.34441,0.0
2025-10-26 04:10:00-07:00,2025-10-26 11:10:00+00:00,2025-10-26 04:15:00-07:00,2025-10-26 11:15:00+00:00,REAL_TIME_5_MIN,SOUTHBY_6_N001,Node,35.87293,35.87652,0.0,-0.00359,0.0
2025-10-26 04:15:00-07:00,2025-10-26 11:15:00+00:00,2025-10-26 04:20:00-07:00,2025-10-26 11:20:00+00:00,REAL_TIME_5_MIN,BALCH1_7_N001,Node,35.74436,37.14857,0.0,-1.40422,0.0
2025-10-26 04:15:00-07:00,2025-10-26 11:15:00+00:00,2025-10-26 04:20:00-07:00,2025-10-26 11:20:00+00:00,REAL_TIME_5_MIN,BEARTAP_1_N001,Node,36.80309,37.14857,0.0,-0.34548,0.0
2025-10-26 04:15:00-07:00,2025-10-26 11:15:00+00:00,2025-10-26 04:20:00-07:00,2025-10-26 11:20:00+00:00,REAL_TIME_5_MIN,SOUTHBY_6_N001,Node,37.19687,37.14857,0.0,0.04829,0.0
2025-10-26 04:20:00-07:00,2025-10-26 11:20:00+00:00,2025-10-26 04:25:00-07:00,2025-10-26 11:25:00+00:00,REAL_TIME_5_MIN,BALCH1_7_N001,Node,35.84532,37.25351,0.0,-1.40818,0.0
2025-10-26 04:20:00-07:00,2025-10-26 11:20:00+00:00,2025-10-26 04:25:00-07:00,2025-10-26 11:25:00+00:00,REAL_TIME_5_MIN,BEARTAP_1_N001,Node,36.90705,37.25351,0.0,-0.34646,0.0
2025-10-26 04:20:00-07:00,2025-10-26 11:20:00+00:00,2025-10-26 04:25:00-07:00,2025-10-26 11:25:00+00:00,REAL_TIME_5_MIN,SOUTHBY_6_N001,Node,37.30194,37.25351,0.0,0.04843,0.0
2025-10-26 04:25:00-07:00,2025-10-26 11:25:00+00:00,2025-10-26 04:30:00-07:00,2025-10-26 11:30:00+00:00,REAL_TIME_5_MIN,BALCH1_7_N001,Node,35.84532,37.25351,0.0,-1.40818,0.0
2025-10-26 04:25:00-07:00,2025-10-26 11:25:00+00:00,2025-10-26 04:30:00-07:00,2025-10-26 11:30:00+00:00,REAL_TIME_5_MIN,BEARTAP_1_N001,Node,36.90705,37.25351,0.0,-0.34646,0.0
2025-10-26 04:25:00-07:00,2025-10-26 11:25:00+00:00,2025-10-26 04:30:00-07:00,2025-10-26 11:30:00+00:00,REAL_TIME_5_MIN,SOUTHBY_6_N001,Node,37.30194,37.25351,0.0,0.04843,0.0
2025-10-26 04:30:00-07:00,2025-10-26 11:30:00+00:00,2025-10-26 04:35:00-07:00,2025-10-26 11:35:00+00:00,REAL_TIME_5_MIN,BALCH1_7_N001,Node,35.3047,35.3047,0.0,0.0,0.0
2025-10-26 04:30:00-07:00,2025-10-26 11:30:00+00:00,2025-10-26 04:35:00-07:00,2025-10-26 11:35:00+00:00,REAL_TIME_5_MIN,BEARTAP_1_N001,Node,35.3047,35.3047,0.0,0.0,0.0
2025-10-26 04:30:00-07:00,2025-10-26 11:30:00+00:00,2025-10-26 04:35:00-07:00,2025-10-26 11:35:00+00:00,REAL_TIME_5_MIN,SOUTHBY_6_N001,Node,35.3047,35.3047,0.0,0.0,0.0
2025-10-26 04:35:00-07:00,2025-10-26 11:35:00+00:00,2025-10-26 04:40:00-07:00,2025-10-26 11:40:00+00:00,REAL_TIME_5_MIN,BALCH1_7_N001,Node,35.3047,35.3047,0.0,0.0,0.0
2025-10-26 04:35:00-07:00,2025-10-26 11:35:00+00:00,2025-10-26 04:40:00-07:00,2025-10-26 11:40:00+00:00,REAL_TIME_5_MIN,BEARTAP_1_N001,Node,35.3047,35.3047,0.0,0.0,0.0
2025-10-26 04:35:00-07:00,2025-10-26 11:35:00+00:00,2025-10-26 04:40:00-07:00,2025-10-26 11:40:00+00:00,REAL_TIME_5_MIN,SOUTHBY_6_N001,Node,35.3047,35.3047,0.0,0.0,0.0
2025-10-26 04:40:00-07:00,2025-10-26 11:40:00+00:00,2025-10-26 04:45:00-07:00,2025-10-26 11:45:00+00:00,REAL_TIME_5_MIN,BALCH1_7_N001,Node,36.18324,36.18324,0.0,0.0,0.0
2025-10-26 04:40:00-07:00,2025-10-26 11:40:00+00:00,2025-10-26 04:45:00-07:00,2025-10-26 11:45:00+00:00,REAL_TIME_5_MIN,BEARTAP_1_N001,Node,36.18324,36.18324,0.0,0.0,0.0
2025-10-26 04:40:00-07:00,2025-10-26 11:40:00+00:00,2025-10-26 04:45:00-07:00,2025-10-26 11:45:00+00:00,REAL_TIME_5_MIN,SOUTHBY_6_N001,Node,36.18324,36.18324,0.0,0.0,0.0
2025-10-26 04:45:00-07:00,2025-10-26 11:45:00+00:00,2025-10-26 04:50:00-07:00,2025-10-26 11:50:00+00:00,REAL_TIME_5_MIN,BALCH1_7_N001,Node,36.59268,38.06187,0.0,-1.46919,0.0
2025-10-26 04:45:00-07:00,2025-10-26 11:45:00+00:00,2025-10-26 04:50:00-07:00,2025-10-26 11:50:00+00:00,REAL_TIME_5_MIN,BEARTAP_1_N001,Node,37.73834,38.06187,0.0,-0.32353,0.0
2025-10-26 04:45:00-07:00,2025-10-26 11:45:00+00:00,2025-10-26 04:50:00-07:00,2025-10-26 11:50:00+00:00,REAL_TIME_5_MIN,SOUTHBY_6_N001,Node,38.06948,38.06187,0.0,0.00761,0.0
2025-10-26 04:50:00-07:00,2025-10-26 11:50:00+00:00,2025-10-26 04:55:00-07:00,2025-10-26 11:55:00+00:00,REAL_TIME_5_MIN,BALCH1_7_N001,Node,37.8205,39.33898,0.0,-1.51848,0.0
2025-10-26 04:50:00-07:00,2025-10-26 11:50:00+00:00,2025-10-26 04:55:00-07:00,2025-10-26 11:55:00+00:00,REAL_TIME_5_MIN,BEARTAP_1_N001,Node,39.0046,39.33898,0.0,-0.33438,0.0
2025-10-26 04:50:00-07:00,2025-10-26 11:50:00+00:00,2025-10-26 04:55:00-07:00,2025-10-26 11:55:00+00:00,REAL_TIME_5_MIN,SOUTHBY_6_N001,Node,39.34685,39.33898,0.0,0.00787,0.0
2025-10-26 04:55:00-07:00,2025-10-26 11:55:00+00:00,2025-10-26 05:00:00-07:00,2025-10-26 12:00:00+00:00,REAL_TIME_5_MIN,BALCH1_7_N001,Node,37.50169,39.00738,0.0,-1.50568,0.0
2025-10-26 04:55:00-07:00,2025-10-26 11:55:00+00:00,2025-10-26 05:00:00-07:00,2025-10-26 12:00:00+00:00,REAL_TIME_5_MIN,BEARTAP_1_N001,Node,38.67581,39.00738,0.0,-0.33156,0.0
2025-10-26 04:55:00-07:00,2025-10-26 11:55:00+00:00,2025-10-26 05:00:00-07:00,2025-10-26 12:00:00+00:00,REAL_TIME_5_MIN,SOUTHBY_6_N001,Node,39.01518,39.00738,0.0,0.0078,0.0
2025-10-26 05:00:00-07:00,2025-10-26 12:00:00+00:00,2025-10-26 05:05:00-07:00,2025-10-26 12:05:00+00:00,REAL_TIME_5_MIN,BALCH1_7_N001,Node,33.80387,34.9394,0.0,-1.13553,0.0
2025-10-26 05:00:00-07:00,2025-10-26 12:00:00+00:00,2025-10-26 05:05:00-07:00,2025-10-26 12:05:00+00:00,REAL_TIME_5_MIN,BEARTAP_1_N001,Node,34.58302,34.9394,0.0,-0.35638,0.0
2025-10-26 05:00:00-07:00,2025-10-26 12:00:00+00:00,2025-10-26 05:05:00-07:00,2025-10-26 12:05:00+00:00,REAL_TIME_5_MIN,SOUTHBY_6_N001,Node,35.13506,34.9394,0.0,0.19566,0.0
2025-10-26 05:05:00-07:00,2025-10-26 12:05:00+00:00,2025-10-26 05:10:00-07:00,2025-10-26 12:10:00+00:00,REAL_TIME_5_MIN,BALCH1_7_N001,Node,33.82751,34.96383,0.0,-1.13632,0.0
2025-10-26 05:05:00-07:00,2025-10-26 12:05:00+00:00,2025-10-26 05:10:00-07:00,2025-10-26 12:10:00+00:00,REAL_TIME_5_MIN,BEARTAP_1_N001,Node,34.6072,34.96383,0.0,-0.35663,0.0
2025-10-26 05:05:00-07:00,2025-10-26 12:05:00+00:00,2025-10-26 05:10:00-07:00,2025-10-26 12:10:00+00:00,REAL_TIME_5_MIN,SOUTHBY_6_N001,Node,35.15963,34.96383,0.0,0.1958,0.0
2025-10-26 05:10:00-07:00,2025-10-26 12:10:00+00:00,2025-10-26 05:15:00-07:00,2025-10-26 12:15:00+00:00,REAL_TIME_5_MIN,BALCH1_7_N001,Node,33.80387,34.9394,0.0,-1.13553,0.0
2025-10-26 05:10:00-07:00,2025-10-26 12:10:00+00:00,2025-10-26 05:15:00-07:00,2025-10-26 12:15:00+00:00,REAL_TIME_5_MIN,BEARTAP_1_N001,Node,34.58302,34.9394,0.0,-0.35638,0.0
2025-10-26 05:10:00-07:00,2025-10-26 12:10:00+00:00,2025-10-26 05:15:00-07:00,2025-10-26 12:15:00+00:00,REAL_TIME_5_MIN,SOUTHBY_6_N001,Node,35.13506,34.9394,0.0,0.19566,0.0
2025-10-26 05:15:00-07:00,2025-10-26 12:15:00+00:00,2025-10-26 05:20:00-07:00,2025-10-26 12:20:00+00:00,REAL_TIME_5_MIN,BALCH1_7_N001,Node,33.46174,34.68616,0.0,-1.22442,0.0
2025-10-26 05:15:00-07:00,2025-10-26 12:15:00+00:00,2025-10-26 05:20:00-07:00,2025-10-26 12:20:00+00:00,REAL_TIME_5_MIN,BEARTAP_1_N001,Node,34.34623,34.68616,0.0,-0.33992,0.0
2025-10-26 05:15:00-07:00,2025-10-26 12:15:00+00:00,2025-10-26 05:20:00-07:00,2025-10-26 12:20:00+00:00,REAL_TIME_5_MIN,SOUTHBY_6_N001,Node,34.87346,34.68616,0.0,0.18731,0.0
2025-10-26 05:20:00-07:00,2025-10-26 12:20:00+00:00,2025-10-26 05:25:00-07:00,2025-10-26 12:25:00+00:00,REAL_TIME_5_MIN,BALCH1_7_N001,Node,34.43945,35.69965,0.0,-1.2602,0.0
2025-10-26 05:20:00-07:00,2025-10-26 12:20:00+00:00,2025-10-26 05:25:00-07:00,2025-10-26 12:25:00+00:00,REAL_TIME_5_MIN,BEARTAP_1_N001,Node,35.34979,35.69965,0.0,-0.34986,0.0
2025-10-26 05:20:00-07:00,2025-10-26 12:20:00+00:00,2025-10-26 05:25:00-07:00,2025-10-26 12:25:00+00:00,REAL_TIME_5_MIN,SOUTHBY_6_N001,Node,35.89243,35.69965,0.0,0.19278,0.0
2025-10-26 05:25:00-07:00,2025-10-26 12:25:00+00:00,2025-10-26 05:30:00-07:00,2025-10-26 12:30:00+00:00,REAL_TIME_5_MIN,BALCH1_7_N001,Node,34.33541,35.5918,0.0,-1.25639,0.0
2025-10-26 05:25:00-07:00,2025-10-26 12:25:00+00:00,2025-10-26 05:30:00-07:00,2025-10-26 12:30:00+00:00,REAL_TIME_5_MIN,BEARTAP_1_N001,Node,35.243,35.5918,0.0,-0.3488,0.0
2025-10-26 05:25:00-07:00,2025-10-26 12:25:00+00:00,2025-10-26 05:30:00-07:00,2025-10-26 12:30:00+00:00,REAL_TIME_5_MIN,SOUTHBY_6_N001,Node,35.78399,35.5918,0.0,0.1922,0.0
2025-10-26 05:30:00-07:00,2025-10-26 12:30:00+00:00,2025-10-26 05:35:00-07:00,2025-10-26 12:35:00+00:00,REAL_TIME_5_MIN,BALCH1_7_N001,Node,34.21663,35.44663,0.0,-1.23,0.0
2025-10-26 05:30:00-07:00,2025-10-26 12:30:00+00:00,2025-10-26 05:35:00-07:00,2025-10-26 12:35:00+00:00,REAL_TIME_5_MIN,BEARTAP_1_N001,Node,35.08507,35.44663,0.0,-0.36156,0.0
2025-10-26 05:30:00-07:00,2025-10-26 12:30:00+00:00,2025-10-26 05:35:00-07:00,2025-10-26 12:35:00+00:00,REAL_TIME_5_MIN,SOUTHBY_6_N001,Node,35.68766,35.44663,0.0,0.24104,0.0
2025-10-26 05:35:00-07:00,2025-10-26 12:35:00+00:00,2025-10-26 05:40:00-07:00,2025-10-26 12:40:00+00:00,REAL_TIME_5_MIN,BALCH1_7_N001,Node,34.4515,35.68994,0.0,-1.23844,0.0
2025-10-26 05:35:00-07:00,2025-10-26 12:35:00+00:00,2025-10-26 05:40:00-07:00,2025-10-26 12:40:00+00:00,REAL_TIME_5_MIN,BEARTAP_1_N001,Node,35.3259,35.68994,0.0,-0.36404,0.0
2025-10-26 05:35:00-07:00,2025-10-26 12:35:00+00:00,2025-10-26 05:40:00-07:00,2025-10-26 12:40:00+00:00,REAL_TIME_5_MIN,SOUTHBY_6_N001,Node,35.93263,35.68994,0.0,0.24269,0.0
2025-10-26 05:40:00-07:00,2025-10-26 12:40:00+00:00,2025-10-26 05:45:00-07:00,2025-10-26 12:45:00+00:00,REAL_TIME_5_MIN,BALCH1_7_N001,Node,34.4101,35.64705,0.0,-1.23695,0.0
2025-10-26 05:40:00-07:00,2025-10-26 12:40:00+00:00,2025-10-26 05:45:00-07:00,2025-10-26 12:45:00+00:00,REAL_TIME_5_MIN,BEARTAP_1_N001,Node,35.28345,35.64705,0.0,-0.3636,0.0
2025-10-26 05:40:00-07:00,2025-10-26 12:40:00+00:00,2025-10-26 05:45:00-07:00,2025-10-26 12:45:00+00:00,REAL_TIME_5_MIN,SOUTHBY_6_N001,Node,35.88945,35.64705,0.0,0.2424,0.0
2025-10-26 05:45:00-07:00,2025-10-26 12:45:00+00:00,2025-10-26 05:50:00-07:00,2025-10-26 12:50:00+00:00,REAL_TIME_5_MIN,BALCH1_7_N001,Node,34.40089,35.70779,0.0,-1.30691,0.0
2025-10-26 05:45:00-07:00,2025-10-26 12:45:00+00:00,2025-10-26 05:50:00-07:00,2025-10-26 12:50:00+00:00,REAL_TIME_5_MIN,BEARTAP_1_N001,Node,35.33643,35.70779,0.0,-0.37136,0.0
2025-10-26 05:45:00-07:00,2025-10-26 12:45:00+00:00,2025-10-26 05:50:00-07:00,2025-10-26 12:50:00+00:00,REAL_TIME_5_MIN,SOUTHBY_6_N001,Node,35.92561,35.70779,0.0,0.21782,0.0
2025-10-26 05:50:00-07:00,2025-10-26 12:50:00+00:00,2025-10-26 05:55:00-07:00,2025-10-26 12:55:00+00:00,REAL_TIME_5_MIN,BALCH1_7_N001,Node,34.40089,35.70779,0.0,-1.30691,0.0
2025-10-26 05:50:00-07:00,2025-10-26 12:50:00+00:00,2025-10-26 05:55:00-07:00,2025-10-26 12:55:00+00:00,REAL_TIME_5_MIN,BEARTAP_1_N001,Node,35.33643,35.70779,0.0,-0.37136,0.0
2025-10-26 05:50:00-07:00,2025-10-26 12:50:00+00:00,2025-10-26 05:55:00-07:00,2025-10-26 12:55:00+00:00,REAL_TIME_5_MIN,SOUTHBY_6_N001,Node,35.92561,35.70779,0.0,0.21782,0.0
2025-10-26 05:55:00-07:00,2025-10-26 12:55:00+00:00,2025-10-26 06:00:00-07:00,2025-10-26 13:00:00+00:00,REAL_TIME_5_MIN,BALCH1_7_N001,Node,36.28187,37.66023,0.0,-1.37836,0.0
2025-10-26 05:55:00-07:00,2025-10-26 12:55:00+00:00,2025-10-26 06:00:00-07:00,2025-10-26 13:00:00+00:00,REAL_TIME_5_MIN,BEARTAP_1_N001,Node,37.26857,37.66023,0.0,-0.39167,0.0
2025-10-26 05:55:00-07:00,2025-10-26 12:55:00+00:00,2025-10-26 06:00:00-07:00,2025-10-26 13:00:00+00:00,REAL_TIME_5_MIN,SOUTHBY_6_N001,Node,37.88996,37.66023,0.0,0.22973,0.0
2025-10-26 06:00:00-07:00,2025-10-26 13:00:00+00:00,2025-10-26 06:05:00-07:00,2025-10-26 13:05:00+00:00,REAL_TIME_5_MIN,BALCH1_7_N001,Node,27.72736,28.71516,0.0,-0.9878,0.0
2025-10-26 06:00:00-07:00,2025-10-26 13:00:00+00:00,2025-10-26 06:05:00-07:00,2025-10-26 13:05:00+00:00,REAL_TIME_5_MIN,BEARTAP_1_N001,Node,28.42227,28.71516,0.0,-0.29289,0.0
2025-10-26 06:00:00-07:00,2025-10-26 13:00:00+00:00,2025-10-26 06:05:00-07:00,2025-10-26 13:05:00+00:00,REAL_TIME_5_MIN,SOUTHBY_6_N001,Node,28.90755,28.71516,0.0,0.19239,0.0
2025-10-26 06:05:00-07:00,2025-10-26 13:05:00+00:00,2025-10-26 06:10:00-07:00,2025-10-26 13:10:00+00:00,REAL_TIME_5_MIN,BALCH1_7_N001,Node,29.52979,30.58181,0.0,-1.05201,0.0
2025-10-26 06:05:00-07:00,2025-10-26 13:05:00+00:00,2025-10-26 06:10:00-07:00,2025-10-26 13:10:00+00:00,REAL_TIME_5_MIN,BEARTAP_1_N001,Node,30.26987,30.58181,0.0,-0.31193,0.0
2025-10-26 06:05:00-07:00,2025-10-26 13:05:00+00:00,2025-10-26 06:10:00-07:00,2025-10-26 13:10:00+00:00,REAL_TIME_5_MIN,SOUTHBY_6_N001,Node,30.7867,30.58181,0.0,0.2049,0.0
2025-10-26 06:10:00-07:00,2025-10-26 13:10:00+00:00,2025-10-26 06:15:00-07:00,2025-10-26 13:15:00+00:00,REAL_TIME_5_MIN,BALCH1_7_N001,Node,29.84147,30.90459,0.0,-1.06312,0.0
2025-10-26 06:10:00-07:00,2025-10-26 13:10:00+00:00,2025-10-26 06:15:00-07:00,2025-10-26 13:15:00+00:00,REAL_TIME_5_MIN,BEARTAP_1_N001,Node,30.58936,30.90459,0.0,-0.31523,0.0
2025-10-26 06:10:00-07:00,2025-10-26 13:10:00+00:00,2025-10-26 06:15:00-07:00,2025-10-26 13:15:00+00:00,REAL_TIME_5_MIN,SOUTHBY_6_N001,Node,31.11165,30.90459,0.0,0.20706,0.0
2025-10-26 06:15:00-07:00,2025-10-26 13:15:00+00:00,2025-10-26 06:20:00-07:00,2025-10-26 13:20:00+00:00,REAL_TIME_5_MIN,BALCH1_7_N001,Node,29.38207,30.53,0.0,-1.14793,0.0
2025-10-26 06:15:00-07:00,2025-10-26 13:15:00+00:00,2025-10-26 06:20:00-07:00,2025-10-26 13:20:00+00:00,REAL_TIME_5_MIN,BEARTAP_1_N001,Node,30.20943,30.53,0.0,-0.32056,0.0
2025-10-26 06:15:00-07:00,2025-10-26 13:15:00+00:00,2025-10-26 06:20:00-07:00,2025-10-26 13:20:00+00:00,REAL_TIME_5_MIN,SOUTHBY_6_N001,Node,30.65822,30.53,0.0,0.12823,0.0
2025-10-26 06:20:00-07:00,2025-10-26 13:20:00+00:00,2025-10-26 06:25:00-07:00,2025-10-26 13:25:00+00:00,REAL_TIME_5_MIN,BALCH1_7_N001,Node,29.93909,31.10878,0.0,-1.16969,0.0
2025-10-26 06:20:00-07:00,2025-10-26 13:20:00+00:00,2025-10-26 06:25:00-07:00,2025-10-26 13:25:00+00:00,REAL_TIME_5_MIN,BEARTAP_1_N001,Node,30.78214,31.10878,0.0,-0.32664,0.0
2025-10-26 06:20:00-07:00,2025-10-26 13:20:00+00:00,2025-10-26 06:25:00-07:00,2025-10-26 13:25:00+00:00,REAL_TIME_5_MIN,SOUTHBY_6_N001,Node,31.23944,31.10878,0.0,0.13066,0.0
2025-10-26 06:25:00-07:00,2025-10-26 13:25:00+00:00,2025-10-26 06:30:00-07:00,2025-10-26 13:30:00+00:00,REAL_TIME_5_MIN,BALCH1_7_N001,Node,30.0841,31.25946,0.0,-1.17536,0.0
2025-10-26 06:25:00-07:00,2025-10-26 13:25:00+00:00,2025-10-26 06:30:00-07:00,2025-10-26 13:30:00+00:00,REAL_TIME_5_MIN,BEARTAP_1_N001,Node,30.93124,31.25946,0.0,-0.32822,0.0
2025-10-26 06:25:00-07:00,2025-10-26 13:25:00+00:00,2025-10-26 06:30:00-07:00,2025-10-26 13:30:00+00:00,REAL_TIME_5_MIN,SOUTHBY_6_N001,Node,31.39075,31.25946,0.0,0.13129,0.0
2025-10-26 06:30:00-07:00,2025-10-26 13:30:00+00:00,2025-10-26 06:35:00-07:00,2025-10-26 13:35:00+00:00,REAL_TIME_5_MIN,BALCH1_7_N001,Node,30.27049,31.4564,0.0,-1.18591,0.0
2025-10-26 06:30:00-07:00,2025-10-26 13:30:00+00:00,2025-10-26 06:35:00-07:00,2025-10-26 13:35:00+00:00,REAL_TIME_5_MIN,BEARTAP_1_N001,Node,31.10723,31.4564,0.0,-0.34917,0.0
2025-10-26 06:30:00-07:00,2025-10-26 13:30:00+00:00,2025-10-26 06:35:00-07:00,2025-10-26 13:35:00+00:00,REAL_TIME_5_MIN,SOUTHBY_6_N001,Node,31.66087,31.4564,0.0,0.20447,0.0
2025-10-26 06:35:00-07:00,2025-10-26 13:35:00+00:00,2025-10-26 06:40:00-07:00,2025-10-26 13:40:00+00:00,REAL_TIME_5_MIN,BALCH1_7_N001,Node,30.84575,32.05419,0.0,-1.20844,0.0
2025-10-26 06:35:00-07:00,2025-10-26 13:35:00+00:00,2025-10-26 06:40:00-07:00,2025-10-26 13:40:00+00:00,REAL_TIME_5_MIN,BEARTAP_1_N001,Node,31.69839,32.05419,0.0,-0.3558,0.0
2025-10-26 06:35:00-07:00,2025-10-26 13:35:00+00:00,2025-10-26 06:40:00-07:00,2025-10-26 13:40:00+00:00,REAL_TIME_5_MIN,SOUTHBY_6_N001,Node,32.26254,32.05419,0.0,0.20835,0.0
2025-10-26 06:40:00-07:00,2025-10-26 13:40:00+00:00,2025-10-26 06:45:00-07:00,2025-10-26 13:45:00+00:00,REAL_TIME_5_MIN,BALCH1_7_N001,Node,32.39254,33.66158,0.0,-1.26904,0.0
2025-10-26 06:40:00-07:00,2025-10-26 13:40:00+00:00,2025-10-26 06:45:00-07:00,2025-10-26 13:45:00+00:00,REAL_TIME_5_MIN,BEARTAP_1_N001,Node,33.28794,33.66158,0.0,-0.37364,0.0
2025-10-26 06:40:00-07:00,2025-10-26 13:40:00+00:00,2025-10-26 06:45:00-07:00,2025-10-26 13:45:00+00:00,REAL_TIME_5_MIN,SOUTHBY_6_N001,Node,33.88038,33.66158,0.0,0.2188,0.0
2025-10-26 06:45:00-07:00,2025-10-26 13:45:00+00:00,2025-10-26 06:50:00-07:00,2025-10-26 13:50:00+00:00,REAL_TIME_5_MIN,BALCH1_7_N001,Node,33.02032,34.26411,0.0,-1.24379,0.0
2025-10-26 06:45:00-07:00,2025-10-26 13:45:00+00:00,2025-10-26 06:50:00-07:00,2025-10-26 13:50:00+00:00,REAL_TIME_5_MIN,BEARTAP_1_N001,Node,33.86664,34.26411,0.0,-0.39746,0.0
2025-10-26 06:45:00-07:00,2025-10-26 13:45:00+00:00,2025-10-26 06:50:00-07:00,2025-10-26 13:50:00+00:00,REAL_TIME_5_MIN,SOUTHBY_6_N001,Node,34.59647,34.26411,0.0,0.33236,0.0
2025-10-26 06:50:00-07:00,2025-10-26 13:50:00+00:00,2025-10-26 06:55:00-07:00,2025-10-26 13:55:00+00:00,REAL_TIME_5_MIN,BALCH1_7_N001,Node,33.22646,34.47801,0.0,-1.25155,0.0
2025-10-26 06:50:00-07:00,2025-10-26 13:50:00+00:00,2025-10-26 06:55:00-07:00,2025-10-26 13:55:00+00:00,REAL_TIME_5_MIN,BEARTAP_1_N001,Node,34.07806,34.47801,0.0,-0.39994,0.0
2025-10-26 06:50:00-07:00,2025-10-26 13:50:00+00:00,2025-10-26 06:55:00-07:00,2025-10-26 13:55:00+00:00,REAL_TIME_5_MIN,SOUTHBY_6_N001,Node,34.81245,34.47801,0.0,0.33444,0.0
2025-10-26 06:55:00-07:00,2025-10-26 13:55:00+00:00,2025-10-26 07:00:00-07:00,2025-10-26 14:00:00+00:00,REAL_TIME_5_MIN,BALCH1_7_N001,Node,33.45239,34.71245,0.0,-1.26006,0.0
2025-10-26 06:55:00-07:00,2025-10-26 13:55:00+00:00,2025-10-26 07:00:00-07:00,2025-10-26 14:00:00+00:00,REAL_TIME_5_MIN,BEARTAP_1_N001,Node,34.30979,34.71245,0.0,-0.40266,0.0
2025-10-26 06:55:00-07:00,2025-10-26 13:55:00+00:00,2025-10-26 07:00:00-07:00,2025-10-26 14:00:00+00:00,REAL_TIME_5_MIN,SOUTHBY_6_N001,Node,35.04916,34.71245,0.0,0.33671,0.0
2025-10-26 07:00:00-07:00,2025-10-26 14:00:00+00:00,2025-10-26 07:05:00-07:00,2025-10-26 14:05:00+00:00,REAL_TIME_5_MIN,BALCH1_7_N001,Node,38.78232,40.28495,0.0,-1.50263,0.0
2025-10-26 07:00:00-07:00,2025-10-26 14:00:00+00:00,2025-10-26 07:05:00-07:00,2025-10-26 14:05:00+00:00,REAL_TIME_5_MIN,BEARTAP_1_N001,Node,39.78945,40.28495,0.0,-0.4955,0.0
2025-10-26 07:00:00-07:00,2025-10-26 14:00:00+00:00,2025-10-26 07:05:00-07:00,2025-10-26 14:05:00+00:00,REAL_TIME_5_MIN,SOUTHBY_6_N001,Node,40.72808,40.28495,0.0,0.44313,0.0
2025-10-26 07:05:00-07:00,2025-10-26 14:05:00+00:00,2025-10-26 07:10:00-07:00,2025-10-26 14:10:00+00:00,REAL_TIME_5_MIN,BALCH1_7_N001,Node,39.1242,40.64008,0.0,-1.51587,0.0
2025-10-26 07:05:00-07:00,2025-10-26 14:05:00+00:00,2025-10-26 07:10:00-07:00,2025-10-26 14:10:00+00:00,REAL_TIME_5_MIN,BEARTAP_1_N001,Node,40.14021,40.64008,0.0,-0.49987,0.0
2025-10-26 07:05:00-07:00,2025-10-26 14:05:00+00:00,2025-10-26 07:10:00-07:00,2025-10-26 14:10:00+00:00,REAL_TIME_5_MIN,SOUTHBY_6_N001,Node,41.08712,40.64008,0.0,0.44704,0.0
2025-10-26 07:10:00-07:00,2025-10-26 14:10:00+00:00,2025-10-26 07:15:00-07:00,2025-10-26 14:15:00+00:00,REAL_TIME_5_MIN,BALCH1_7_N001,Node,38.90994,40.41751,0.0,-1.50757,0.0
2025-10-26 07:10:00-07:00,2025-10-26 14:10:00+00:00,2025-10-26 07:15:00-07:00,2025-10-26 14:15:00+00:00,REAL_TIME_5_MIN,BEARTAP_1_N001,Node,39.92037,40.41751,0.0,-0.49714,0.0
2025-10-26 07:10:00-07:00,2025-10-26 14:10:00+00:00,2025-10-26 07:15:00-07:00,2025-10-26 14:15:00+00:00,REAL_TIME_5_MIN,SOUTHBY_6_N001,Node,40.8621,40.41751,0.0,0.44459,0.0
2025-10-26 07:15:00-07:00,2025-10-26 14:15:00+00:00,2025-10-26 07:20:00-07:00,2025-10-26 14:20:00+00:00,REAL_TIME_5_MIN,BALCH1_7_N001,Node,41.87039,42.79038,0.0,-0.91999,0.0
2025-10-26 07:15:00-07:00,2025-10-26 14:15:00+00:00,2025-10-26 07:20:00-07:00,2025-10-26 14:20:00+00:00,REAL_TIME_5_MIN,BEARTAP_1_N001,Node,42.21271,42.79038,0.0,-0.57767,0.0
2025-10-26 07:15:00-07:00,2025-10-26 14:15:00+00:00,2025-10-26 07:20:00-07:00,2025-10-26 14:20:00+00:00,REAL_TIME_5_MIN,SOUTHBY_6_N001,Node,43.57344,42.79038,0.0,0.78306,0.0
2025-10-26 07:20:00-07:00,2025-10-26 14:20:00+00:00,2025-10-26 07:25:00-07:00,2025-10-26 14:25:00+00:00,REAL_TIME_5_MIN,BALCH1_7_N001,Node,41.87039,42.79038,0.0,-0.91999,0.0
2025-10-26 07:20:00-07:00,2025-10-26 14:20:00+00:00,2025-10-26 07:25:00-07:00,2025-10-26 14:25:00+00:00,REAL_TIME_5_MIN,BEARTAP_1_N001,Node,42.21271,42.79038,0.0,-0.57767,0.0
2025-10-26 07:20:00-07:00,2025-10-26 14:20:00+00:00,2025-10-26 07:25:00-07:00,2025-10-26 14:25:00+00:00,REAL_TIME_5_MIN,SOUTHBY_6_N001,Node,43.57344,42.79038,0.0,0.78306,0.0
2025-10-26 07:25:00-07:00,2025-10-26 14:25:00+00:00,2025-10-26 07:30:00-07:00,2025-10-26 14:30:00+00:00,REAL_TIME_5_MIN,BALCH1_7_N001,Node,38.14743,38.98562,0.0,-0.83819,0.0
2025-10-26 07:25:00-07:00,2025-10-26 14:25:00+00:00,2025-10-26 07:30:00-07:00,2025-10-26 14:30:00+00:00,REAL_TIME_5_MIN,BEARTAP_1_N001,Node,38.45931,38.98562,0.0,-0.52631,0.0
2025-10-26 07:25:00-07:00,2025-10-26 14:25:00+00:00,2025-10-26 07:30:00-07:00,2025-10-26 14:30:00+00:00,REAL_TIME_5_MIN,SOUTHBY_6_N001,Node,39.69905,38.98562,0.0,0.71344,0.0
2025-10-26 07:30:00-07:00,2025-10-26 14:30:00+00:00,2025-10-26 07:35:00-07:00,2025-10-26 14:35:00+00:00,REAL_TIME_5_MIN,BALCH1_7_N001,Node,38.50188,37.32633,2.02285,-0.84731,0.0
2025-10-26 07:30:00-07:00,2025-10-26 14:30:00+00:00,2025-10-26 07:35:00-07:00,2025-10-26 14:35:00+00:00,REAL_TIME_5_MIN,BEARTAP_1_N001,Node,35.89949,37.32633,-0.93787,-0.48897,0.0
2025-10-26 07:30:00-07:00,2025-10-26 14:30:00+00:00,2025-10-26 07:35:00-07:00,2025-10-26 14:35:00+00:00,REAL_TIME_5_MIN,SOUTHBY_6_N001,Node,40.24317,37.32633,1.97994,0.93689,0.0
2025-10-26 07:35:00-07:00,2025-10-26 14:35:00+00:00,2025-10-26 07:40:00-07:00,2025-10-26 14:40:00+00:00,REAL_TIME_5_MIN,BALCH1_7_N001,Node,39.23968,37.6909,2.40437,-0.85558,0.0
2025-10-26 07:35:00-07:00,2025-10-26 14:35:00+00:00,2025-10-26 07:40:00-07:00,2025-10-26 14:40:00+00:00,REAL_TIME_5_MIN,BEARTAP_1_N001,Node,36.08239,37.6909,-1.11475,-0.49375,0.0
2025-10-26 07:35:00-07:00,2025-10-26 14:35:00+00:00,2025-10-26 07:40:00-07:00,2025-10-26 14:40:00+00:00,REAL_TIME_5_MIN,SOUTHBY_6_N001,Node,40.99031,37.6909,2.35337,0.94604,0.0
2025-10-26 07:40:00-07:00,2025-10-26 14:40:00+00:00,2025-10-26 07:45:00-07:00,2025-10-26 14:45:00+00:00,REAL_TIME_5_MIN,BALCH1_7_N001,Node,39.58097,34.59244,5.77379,-0.78525,0.0
2025-10-26 07:40:00-07:00,2025-10-26 14:40:00+00:00,2025-10-26 07:45:00-07:00,2025-10-26 14:45:00+00:00,REAL_TIME_5_MIN,BEARTAP_1_N001,Node,31.46234,34.59244,-2.67694,-0.45316,0.0
2025-10-26 07:40:00-07:00,2025-10-26 14:40:00+00:00,2025-10-26 07:45:00-07:00,2025-10-26 14:45:00+00:00,REAL_TIME_5_MIN,SOUTHBY_6_N001,Node,41.11202,34.59244,5.65131,0.86827,0.0
2025-10-26 07:45:00-07:00,2025-10-26 14:45:00+00:00,2025-10-26 07:50:00-07:00,2025-10-26 14:50:00+00:00,REAL_TIME_5_MIN,BALCH1_7_N001,Node,42.50774,34.9983,8.00292,-0.49348,0.0
2025-10-26 07:45:00-07:00,2025-10-26 14:45:00+00:00,2025-10-26 07:50:00-07:00,2025-10-26 14:50:00+00:00,REAL_TIME_5_MIN,BEARTAP_1_N001,Node,30.73589,34.9983,-3.79343,-0.46898,0.0
2025-10-26 07:45:00-07:00,2025-10-26 14:45:00+00:00,2025-10-26 07:50:00-07:00,2025-10-26 14:50:00+00:00,REAL_TIME_5_MIN,SOUTHBY_6_N001,Node,43.67334,34.9983,7.85608,0.81896,0.0
2025-10-26 07:50:00-07:00,2025-10-26 14:50:00+00:00,2025-10-26 07:55:00-07:00,2025-10-26 14:55:00+00:00,REAL_TIME_5_MIN,BALCH1_7_N001,Node,41.60702,32.34524,9.71784,-0.45607,0.0
2025-10-26 07:50:00-07:00,2025-10-26 14:50:00+00:00,2025-10-26 07:55:00-07:00,2025-10-26 14:55:00+00:00,REAL_TIME_5_MIN,BEARTAP_1_N001,Node,27.3055,32.34524,-4.60632,-0.43343,0.0
2025-10-26 07:50:00-07:00,2025-10-26 14:50:00+00:00,2025-10-26 07:55:00-07:00,2025-10-26 14:55:00+00:00,REAL_TIME_5_MIN,SOUTHBY_6_N001,Node,42.64166,32.34524,9.53954,0.75688,0.0
2025-10-26 07:55:00-07:00,2025-10-26 14:55:00+00:00,2025-10-26 08:00:00-07:00,2025-10-26 15:00:00+00:00,REAL_TIME_5_MIN,BALCH1_7_N001,Node,40.10764,30.8452,9.69736,-0.43492,0.0
2025-10-26 07:55:00-07:00,2025-10-26 14:55:00+00:00,2025-10-26 08:00:00-07:00,2025-10-26 15:00:00+00:00,REAL_TIME_5_MIN,BEARTAP_1_N001,Node,25.83526,30.8452,-4.59661,-0.41333,0.0
2025-10-26 07:55:00-07:00,2025-10-26 14:55:00+00:00,2025-10-26 08:00:00-07:00,2025-10-26 15:00:00+00:00,REAL_TIME_5_MIN,SOUTHBY_6_N001,Node,41.0864,30.8452,9.51943,0.72178,0.0
2025-10-26 08:00:00-07:00,2025-10-26 15:00:00+00:00,2025-10-26 08:05:00-07:00,2025-10-26 15:05:00+00:00,REAL_TIME_5_MIN,BALCH1_7_N001,Node,40.79035,37.91679,3.26031,-0.38675,0.0
2025-10-26 08:00:00-07:00,2025-10-26 15:00:00+00:00,2025-10-26 08:05:00-07:00,2025-10-26 15:05:00+00:00,REAL_TIME_5_MIN,BEARTAP_1_N001,Node,35.81581,37.91679,-1.57015,-0.53084,0.0
2025-10-26 08:00:00-07:00,2025-10-26 15:00:00+00:00,2025-10-26 08:05:00-07:00,2025-10-26 15:05:00+00:00,REAL_TIME_5_MIN,SOUTHBY_6_N001,Node,41.98676,37.91679,3.1903,0.87967,0.0
2025-10-26 08:05:00-07:00,2025-10-26 15:05:00+00:00,2025-10-26 08:10:00-07:00,2025-10-26 15:10:00+00:00,REAL_TIME_5_MIN,BALCH1_7_N001,Node,42.58833,37.21931,5.74865,-0.37964,0.0
2025-10-26 08:05:00-07:00,2025-10-26 15:05:00+00:00,2025-10-26 08:10:00-07:00,2025-10-26 15:10:00+00:00,REAL_TIME_5_MIN,BEARTAP_1_N001,Node,33.92971,37.21931,-2.76852,-0.52107,0.0
2025-10-26 08:05:00-07:00,2025-10-26 15:05:00+00:00,2025-10-26 08:10:00-07:00,2025-10-26 15:10:00+00:00,REAL_TIME_5_MIN,SOUTHBY_6_N001,Node,43.70801,37.21931,5.62522,0.86349,0.0
2025-10-26 08:10:00-07:00,2025-10-26 15:10:00+00:00,2025-10-26 08:15:00-07:00,2025-10-26 15:15:00+00:00,REAL_TIME_5_MIN,BALCH1_7_N001,Node,44.11953,32.73645,11.71698,-0.33391,0.0
2025-10-26 08:10:00-07:00,2025-10-26 15:10:00+00:00,2025-10-26 08:15:00-07:00,2025-10-26 15:15:00+00:00,REAL_TIME_5_MIN,BEARTAP_1_N001,Node,26.6353,32.73645,-5.64284,-0.45831,0.0
2025-10-26 08:10:00-07:00,2025-10-26 15:10:00+00:00,2025-10-26 08:15:00-07:00,2025-10-26 15:15:00+00:00,REAL_TIME_5_MIN,SOUTHBY_6_N001,Node,44.96133,32.73645,11.46539,0.75949,0.0
2025-10-26 08:15:00-07:00,2025-10-26 15:15:00+00:00,2025-10-26 08:20:00-07:00,2025-10-26 15:20:00+00:00,REAL_TIME_5_MIN,BALCH1_7_N001,Node,47.36662,31.3931,16.15246,-0.17894,0.0
2025-10-26 08:15:00-07:00,2025-10-26 15:15:00+00:00,2025-10-26 08:20:00-07:00,2025-10-26 15:20:00+00:00,REAL_TIME_5_MIN,BEARTAP_1_N001,Node,22.84485,31.3931,-7.92667,-0.62158,0.0
2025-10-26 08:15:00-07:00,2025-10-26 15:15:00+00:00,2025-10-26 08:20:00-07:00,2025-10-26 15:20:00+00:00,REAL_TIME_5_MIN,SOUTHBY_6_N001,Node,47.9563,31.3931,15.80349,0.75971,0.0
2025-10-26 08:20:00-07:00,2025-10-26 15:20:00+00:00,2025-10-26 08:25:00-07:00,2025-10-26 15:25:00+00:00,REAL_TIME_5_MIN,BALCH1_7_N001,Node,46.11016,30.49331,15.79067,-0.17381,0.0
2025-10-26 08:20:00-07:00,2025-10-26 15:20:00+00:00,2025-10-26 08:25:00-07:00,2025-10-26 15:25:00+00:00,REAL_TIME_5_MIN,BEARTAP_1_N001,Node,22.14041,30.49331,-7.74913,-0.60377,0.0
2025-10-26 08:20:00-07:00,2025-10-26 15:20:00+00:00,2025-10-26 08:25:00-07:00,2025-10-26 15:25:00+00:00,REAL_TIME_5_MIN,SOUTHBY_6_N001,Node,46.68076,30.49331,15.44951,0.73794,0.0
2025-10-26 08:25:00-07:00,2025-10-26 15:25:00+00:00,2025-10-26 08:30:00-07:00,2025-10-26 15:30:00+00:00,REAL_TIME_5_MIN,BALCH1_7_N001,Node,46.25823,26.99413,19.41796,-0.15387,0.0
2025-10-26 08:25:00-07:00,2025-10-26 15:25:00+00:00,2025-10-26 08:30:00-07:00,2025-10-26 15:30:00+00:00,REAL_TIME_5_MIN,BEARTAP_1_N001,Node,16.93046,26.99413,-9.52919,-0.53448,0.0
2025-10-26 08:25:00-07:00,2025-10-26 15:25:00+00:00,2025-10-26 08:30:00-07:00,2025-10-26 15:30:00+00:00,REAL_TIME_5_MIN,SOUTHBY_6_N001,Node,46.64583,26.99413,18.99844,0.65326,0.0
2025-10-26 08:30:00-07:00,2025-10-26 15:30:00+00:00,2025-10-26 08:35:00-07:00,2025-10-26 15:35:00+00:00,REAL_TIME_5_MIN,BALCH1_7_N001,Node,46.22275,23.82059,22.85713,-0.45497,0.0
2025-10-26 08:30:00-07:00,2025-10-26 15:30:00+00:00,2025-10-26 08:35:00-07:00,2025-10-26 15:35:00+00:00,REAL_TIME_5_MIN,BEARTAP_1_N001,Node,12.07961,23.82059,-11.21693,-0.52405,0.0
2025-10-26 08:30:00-07:00,2025-10-26 15:30:00+00:00,2025-10-26 08:35:00-07:00,2025-10-26 15:35:00+00:00,REAL_TIME_5_MIN,SOUTHBY_6_N001,Node,46.78418,23.82059,22.36331,0.60028,0.0
2025-10-26 08:35:00-07:00,2025-10-26 15:35:00+00:00,2025-10-26 08:40:00-07:00,2025-10-26 15:40:00+00:00,REAL_TIME_5_MIN,BALCH1_7_N001,Node,43.7354,21.2764,22.86538,-0.40638,0.0
2025-10-26 08:35:00-07:00,2025-10-26 15:35:00+00:00,2025-10-26 08:40:00-07:00,2025-10-26 15:40:00+00:00,REAL_TIME_5_MIN,BEARTAP_1_N001,Node,9.58734,21.2764,-11.22097,-0.46808,0.0
2025-10-26 08:35:00-07:00,2025-10-26 15:35:00+00:00,2025-10-26 08:40:00-07:00,2025-10-26 15:40:00+00:00,REAL_TIME_5_MIN,SOUTHBY_6_N001,Node,44.18394,21.2764,22.37137,0.53617,0.0
2025-10-26 08:40:00-07:00,2025-10-26 15:40:00+00:00,2025-10-26 08:45:00-07:00,2025-10-26 15:45:00+00:00,REAL_TIME_5_MIN,BALCH1_7_N001,Node,12.88866,17.39793,-4.17697,-0.3323,0.0
2025-10-26 08:40:00-07:00,2025-10-26 15:40:00+00:00,2025-10-26 08:45:00-07:00,2025-10-26 15:45:00+00:00,REAL_TIME_5_MIN,BEARTAP_1_N001,Node,2.195,17.39793,-14.82018,-0.38275,0.0
2025-10-26 08:40:00-07:00,2025-10-26 15:40:00+00:00,2025-10-26 08:45:00-07:00,2025-10-26 15:45:00+00:00,REAL_TIME_5_MIN,SOUTHBY_6_N001,Node,40.10442,17.39793,22.26806,0.43843,0.0
2025-10-26 08:45:00-07:00,2025-10-26 15:45:00+00:00,2025-10-26 08:50:00-07:00,2025-10-26 15:50:00+00:00,REAL_TIME_5_MIN,BALCH1_7_N001,Node,11.31709,15.09134,-3.403,-0.37125,0.0
2025-10-26 08:45:00-07:00,2025-10-26 15:45:00+00:00,2025-10-26 08:50:00-07:00,2025-10-26 15:50:00+00:00,REAL_TIME_5_MIN,BEARTAP_1_N001,Node,0.02823,15.09134,-14.70545,-0.35766,0.0
2025-10-26 08:45:00-07:00,2025-10-26 15:45:00+00:00,2025-10-26 08:50:00-07:00,2025-10-26 15:50:00+00:00,REAL_TIME_5_MIN,SOUTHBY_6_N001,Node,37.28128,15.09134,21.82322,0.36672,0.0
2025-10-26 08:50:00-07:00,2025-10-26 15:50:00+00:00,2025-10-26 08:55:00-07:00,2025-10-26 15:55:00+00:00,REAL_TIME_5_MIN,BALCH1_7_N001,Node,0.63204,8.20625,-7.37234,-0.20187,0.0
2025-10-26 08:50:00-07:00,2025-10-26 15:50:00+00:00,2025-10-26 08:55:00-07:00,2025-10-26 15:55:00+00:00,REAL_TIME_5_MIN,BEARTAP_1_N001,Node,-5.03442,8.20625,-13.04618,-0.19449,0.0
2025-10-26 08:50:00-07:00,2025-10-26 15:50:00+00:00,2025-10-26 08:55:00-07:00,2025-10-26 15:55:00+00:00,REAL_TIME_5_MIN,SOUTHBY_6_N001,Node,24.52022,8.20625,16.11456,0.19941,0.0
2025-10-26 08:55:00-07:00,2025-10-26 15:55:00+00:00,2025-10-26 09:00:00-07:00,2025-10-26 16:00:00+00:00,REAL_TIME_5_MIN,BALCH1_7_N001,Node,9.80327,10.40876,-0.34943,-0.25606,0.0
2025-10-26 08:55:00-07:00,2025-10-26 15:55:00+00:00,2025-10-26 09:00:00-07:00,2025-10-26 16:00:00+00:00,REAL_TIME_5_MIN,BEARTAP_1_N001,Node,-3.64872,10.40876,-13.81079,-0.24669,0.0
2025-10-26 08:55:00-07:00,2025-10-26 15:55:00+00:00,2025-10-26 09:00:00-07:00,2025-10-26 16:00:00+00:00,REAL_TIME_5_MIN,SOUTHBY_6_N001,Node,30.03826,10.40876,19.37657,0.25293,0.0
2025-10-26 09:00:00-07:00,2025-10-26 16:00:00+00:00,2025-10-26 09:05:00-07:00,2025-10-26 16:05:00+00:00,REAL_TIME_5_MIN,BALCH1_7_N001,Node,10.78959,16.60721,-5.9538,0.13618,0.0
2025-10-26 09:00:00-07:00,2025-10-26 16:00:00+00:00,2025-10-26 09:05:00-07:00,2025-10-26 16:05:00+00:00,REAL_TIME_5_MIN,BEARTAP_1_N001,Node,2.51739,16.60721,-13.58662,-0.5032,0.0
2025-10-26 09:00:00-07:00,2025-10-26 16:00:00+00:00,2025-10-26 09:05:00-07:00,2025-10-26 16:05:00+00:00,REAL_TIME_5_MIN,SOUTHBY_6_N001,Node,37.08194,16.60721,20.0064,0.46832,0.0
2025-10-26 09:05:00-07:00,2025-10-26 16:05:00+00:00,2025-10-26 09:10:00-07:00,2025-10-26 16:10:00+00:00,REAL_TIME_5_MIN,BALCH1_7_N001,Node,6.26609,15.31534,-9.17484,0.12559,0.0
2025-10-26 09:05:00-07:00,2025-10-26 16:05:00+00:00,2025-10-26 09:10:00-07:00,2025-10-26 16:10:00+00:00,REAL_TIME_5_MIN,BEARTAP_1_N001,Node,0.60217,15.31534,-14.24912,-0.46405,0.0
2025-10-26 09:05:00-07:00,2025-10-26 16:05:00+00:00,2025-10-26 09:10:00-07:00,2025-10-26 16:10:00+00:00,REAL_TIME_5_MIN,SOUTHBY_6_N001,Node,36.06414,15.31534,20.31691,0.43189,0.0
2025-10-26 09:10:00-07:00,2025-10-26 16:10:00+00:00,2025-10-26 09:15:00-07:00,2025-10-26 16:15:00+00:00,REAL_TIME_5_MIN,BALCH1_7_N001,Node,6.56423,15.29935,-8.86057,0.12545,0.0
2025-10-26 09:10:00-07:00,2025-10-26 16:10:00+00:00,2025-10-26 09:15:00-07:00,2025-10-26 16:15:00+00:00,REAL_TIME_5_MIN,BEARTAP_1_N001,Node,0.82156,15.29935,-14.01421,-0.46357,0.0
2025-10-26 09:10:00-07:00,2025-10-26 16:10:00+00:00,2025-10-26 09:15:00-07:00,2025-10-26 16:15:00+00:00,REAL_TIME_5_MIN,SOUTHBY_6_N001,Node,35.49602,15.29935,19.76524,0.43144,0.0
2025-10-26 09:15:00-07:00,2025-10-26 16:15:00+00:00,2025-10-26 09:20:00-07:00,2025-10-26 16:20:00+00:00,REAL_TIME_5_MIN,BALCH1_7_N001,Node,6.18642,13.53719,-7.58767,0.2369,0.0
2025-10-26 09:15:00-07:00,2025-10-26 16:15:00+00:00,2025-10-26 09:20:00-07:00,2025-10-26 16:20:00+00:00,REAL_TIME_5_MIN,BEARTAP_1_N001,Node,-1.68539,13.53719,-14.75284,-0.46974,0.0
2025-10-26 09:15:00-07:00,2025-10-26 16:15:00+00:00,2025-10-26 09:20:00-07:00,2025-10-26 16:20:00+00:00,REAL_TIME_5_MIN,SOUTHBY_6_N001,Node,34.64123,13.53719,20.73582,0.36821,0.0
2025-10-26 09:20:00-07:00,2025-10-26 16:20:00+00:00,2025-10-26 09:25:00-07:00,2025-10-26 16:25:00+00:00,REAL_TIME_5_MIN,BALCH1_7_N001,Node,9.0624,13.63806,-4.81433,0.23867,0.0
2025-10-26 09:20:00-07:00,2025-10-26 16:20:00+00:00,2025-10-26 09:25:00-07:00,2025-10-26 16:25:00+00:00,REAL_TIME_5_MIN,BEARTAP_1_N001,Node,-1.04022,13.63806,-14.20504,-0.47324,0.0
2025-10-26 09:20:00-07:00,2025-10-26 16:20:00+00:00,2025-10-26 09:25:00-07:00,2025-10-26 16:25:00+00:00,REAL_TIME_5_MIN,SOUTHBY_6_N001,Node,34.60854,13.63806,20.59953,0.37096,0.0
2025-10-26 09:25:00-07:00,2025-10-26 16:25:00+00:00,2025-10-26 09:30:00-07:00,2025-10-26 16:30:00+00:00,REAL_TIME_5_MIN,BALCH1_7_N001,Node,5.58063,11.82245,-6.44871,0.20689,0.0
2025-10-26 09:25:00-07:00,2025-10-26 16:25:00+00:00,2025-10-26 09:30:00-07:00,2025-10-26 16:30:00+00:00,REAL_TIME_5_MIN,BEARTAP_1_N001,Node,-2.50177,11.82245,-13.91399,-0.41024,0.0
2025-10-26 09:25:00-07:00,2025-10-26 16:25:00+00:00,2025-10-26 09:30:00-07:00,2025-10-26 16:30:00+00:00,REAL_TIME_5_MIN,SOUTHBY_6_N001,Node,31.3956,11.82245,19.25158,0.32157,0.0
2025-10-26 09:30:00-07:00,2025-10-26 16:30:00+00:00,2025-10-26 09:35:00-07:00,2025-10-26 16:35:00+00:00,REAL_TIME_5_MIN,BALCH1_7_N001,Node,5.62018,13.12103,-7.69898,0.19813,0.0
2025-10-26 09:30:00-07:00,2025-10-26 16:30:00+00:00,2025-10-26 09:35:00-07:00,2025-10-26 16:35:00+00:00,REAL_TIME_5_MIN,BEARTAP_1_N001,Node,-3.18983,13.12103,-15.8595,-0.45136,0.0
2025-10-26 09:30:00-07:00,2025-10-26 16:30:00+00:00,2025-10-26 09:35:00-07:00,2025-10-26 16:35:00+00:00,REAL_TIME_5_MIN,SOUTHBY_6_N001,Node,36.38238,13.12103,22.90839,0.35296,0.0
2025-10-26 09:35:00-07:00,2025-10-26 16:35:00+00:00,2025-10-26 09:40:00-07:00,2025-10-26 16:40:00+00:00,REAL_TIME_5_MIN,BALCH1_7_N001,Node,4.69002,12.18505,-7.67903,0.18399,0.0
2025-10-26 09:35:00-07:00,2025-10-26 16:35:00+00:00,2025-10-26 09:40:00-07:00,2025-10-26 16:40:00+00:00,REAL_TIME_5_MIN,BEARTAP_1_N001,Node,-3.82003,12.18505,-15.58592,-0.41917,0.0
2025-10-26 09:35:00-07:00,2025-10-26 16:35:00+00:00,2025-10-26 09:40:00-07:00,2025-10-26 16:40:00+00:00,REAL_TIME_5_MIN,SOUTHBY_6_N001,Node,34.72925,12.18505,22.21642,0.32778,0.0
2025-10-26 09:40:00-07:00,2025-10-26 16:40:00+00:00,2025-10-26 09:45:00-07:00,2025-10-26 16:45:00+00:00,REAL_TIME_5_MIN,BALCH1_7_N001,Node,4.90297,11.684,-6.95745,0.17643,0.0
2025-10-26 09:40:00-07:00,2025-10-26 16:40:00+00:00,2025-10-26 09:45:00-07:00,2025-10-26 16:45:00+00:00,REAL_TIME_5_MIN,BEARTAP_1_N001,Node,-4.42524,11.684,-15.70731,-0.40193,0.0
2025-10-26 09:40:00-07:00,2025-10-26 16:40:00+00:00,2025-10-26 09:45:00-07:00,2025-10-26 16:45:00+00:00,REAL_TIME_5_MIN,SOUTHBY_6_N001,Node,34.75555,11.684,22.75725,0.3143,0.0
2025-10-26 09:45:00-07:00,2025-10-26 16:45:00+00:00,2025-10-26 09:50:00-07:00,2025-10-26 16:50:00+00:00,REAL_TIME_5_MIN,BALCH1_7_N001,Node,-3.81672,11.19749,-15.1497,0.13549,0.0
2025-10-26 09:45:00-07:00,2025-10-26 16:45:00+00:00,2025-10-26 09:50:00-07:00,2025-10-26 16:50:00+00:00,REAL_TIME_5_MIN,BEARTAP_1_N001,Node,-6.19534,11.19749,-16.99196,-0.40087,0.0
2025-10-26 09:45:00-07:00,2025-10-26 16:45:00+00:00,2025-10-26 09:50:00-07:00,2025-10-26 16:50:00+00:00,REAL_TIME_5_MIN,SOUTHBY_6_N001,Node,34.71513,11.19749,23.21083,0.30681,0.0
2025-10-26 09:50:00-07:00,2025-10-26 16:50:00+00:00,2025-10-26 09:55:00-07:00,2025-10-26 16:55:00+00:00,REAL_TIME_5_MIN,BALCH1_7_N001,Node,-3.82534,11.02288,-14.98159,0.13338,0.0
2025-10-26 09:50:00-07:00,2025-10-26 16:50:00+00:00,2025-10-26 09:55:00-07:00,2025-10-26 16:55:00+00:00,REAL_TIME_5_MIN,BEARTAP_1_N001,Node,-6.46435,11.02288,-17.09261,-0.39462,0.0
2025-10-26 09:50:00-07:00,2025-10-26 16:50:00+00:00,2025-10-26 09:55:00-07:00,2025-10-26 16:55:00+00:00,REAL_TIME_5_MIN,SOUTHBY_6_N001,Node,34.726,11.02288,23.40109,0.30203,0.0
2025-10-26 09:55:00-07:00,2025-10-26 16:55:00+00:00,2025-10-26 10:00:00-07:00,2025-10-26 17:00:00+00:00,REAL_TIME_5_MIN,BALCH1_7_N001,Node,-3.43768,11.60314,-15.18122,0.1404,0.0
2025-10-26 09:55:00-07:00,2025-10-26 16:55:00+00:00,2025-10-26 10:00:00-07:00,2025-10-26 17:00:00+00:00,REAL_TIME_5_MIN,BEARTAP_1_N001,Node,-6.70289,11.60314,-17.89064,-0.41539,0.0
2025-10-26 09:55:00-07:00,2025-10-26 16:55:00+00:00,2025-10-26 10:00:00-07:00,2025-10-26 17:00:00+00:00,REAL_TIME_5_MIN,SOUTHBY_6_N001,Node,36.51703,11.60314,24.59596,0.31793,0.0
2025-10-26 10:00:00-07:00,2025-10-26 17:00:00+00:00,2025-10-26 10:05:00-07:00,2025-10-26 17:05:00+00:00,REAL_TIME_5_MIN,BALCH1_7_N001,Node,-1.08275,12.84055,-14.10692,0.18362,0.0
2025-10-26 10:00:00-07:00,2025-10-26 17:00:00+00:00,2025-10-26 10:05:00-07:00,2025-10-26 17:05:00+00:00,REAL_TIME_5_MIN,BEARTAP_1_N001,Node,-6.11037,12.84055,-18.45142,-0.4995,0.0
2025-10-26 10:00:00-07:00,2025-10-26 17:00:00+00:00,2025-10-26 10:05:00-07:00,2025-10-26 17:05:00+00:00,REAL_TIME_5_MIN,SOUTHBY_6_N001,Node,35.36069,12.84055,22.17344,0.34669,0.0
2025-10-26 10:05:00-07:00,2025-10-26 17:05:00+00:00,2025-10-26 10:10:00-07:00,2025-10-26 17:10:00+00:00,REAL_TIME_5_MIN,BALCH1_7_N001,Node,-2.09413,9.08557,-11.30962,0.12992,0.0
2025-10-26 10:05:00-07:00,2025-10-26 17:05:00+00:00,2025-10-26 10:10:00-07:00,2025-10-26 17:10:00+00:00,REAL_TIME_5_MIN,BEARTAP_1_N001,Node,-5.32279,9.08557,-14.05493,-0.35343,0.0
2025-10-26 10:05:00-07:00,2025-10-26 17:05:00+00:00,2025-10-26 10:10:00-07:00,2025-10-26 17:10:00+00:00,REAL_TIME_5_MIN,SOUTHBY_6_N001,Node,25.611,9.08557,16.28012,0.24531,0.0
2025-10-26 10:10:00-07:00,2025-10-26 17:10:00+00:00,2025-10-26 10:15:00-07:00,2025-10-26 17:15:00+00:00,REAL_TIME_5_MIN,BALCH1_7_N001,Node,-3.22804,6.96074,-10.28832,0.09954,0.0
2025-10-26 10:10:00-07:00,2025-10-26 17:10:00+00:00,2025-10-26 10:15:00-07:00,2025-10-26 17:15:00+00:00,REAL_TIME_5_MIN,BEARTAP_1_N001,Node,-5.35717,6.96074,-12.04713,-0.27077,0.0
2025-10-26 10:10:00-07:00,2025-10-26 17:10:00+00:00,2025-10-26 10:15:00-07:00,2025-10-26 17:15:00+00:00,REAL_TIME_5_MIN,SOUTHBY_6_N001,Node,21.61468,6.96074,14.466,0.18794,0.0
2025-10-26 10:15:00-07:00,2025-10-26 17:15:00+00:00,2025-10-26 10:20:00-07:00,2025-10-26 17:20:00+00:00,REAL_TIME_5_MIN,BALCH1_7_N001,Node,1.96865,12.27924,-10.48495,0.17437,0.0
2025-10-26 10:15:00-07:00,2025-10-26 17:15:00+00:00,2025-10-26 10:20:00-07:00,2025-10-26 17:20:00+00:00,REAL_TIME_5_MIN,BEARTAP_1_N001,Node,-5.83055,12.27924,-17.6088,-0.50099,0.0
2025-10-26 10:15:00-07:00,2025-10-26 17:15:00+00:00,2025-10-26 10:20:00-07:00,2025-10-26 17:20:00+00:00,REAL_TIME_5_MIN,SOUTHBY_6_N001,Node,32.81991,12.27924,20.23246,0.30821,0.0
2025-10-26 10:20:00-07:00,2025-10-26 17:20:00+00:00,2025-10-26 10:25:00-07:00,2025-10-26 17:25:00+00:00,REAL_TIME_5_MIN,BALCH1_7_N001,Node,-2.01126,5.81193,-7.90572,0.08253,0.0
2025-10-26 10:20:00-07:00,2025-10-26 17:20:00+00:00,2025-10-26 10:25:00-07:00,2025-10-26 17:25:00+00:00,REAL_TIME_5_MIN,BEARTAP_1_N001,Node,-6.19325,5.81193,-11.76805,-0.23713,0.0
2025-10-26 10:20:00-07:00,2025-10-26 17:20:00+00:00,2025-10-26 10:25:00-07:00,2025-10-26 17:25:00+00:00,REAL_TIME_5_MIN,SOUTHBY_6_N001,Node,21.34342,5.81193,15.38562,0.14588,0.0
2025-10-26 10:25:00-07:00,2025-10-26 17:25:00+00:00,2025-10-26 10:30:00-07:00,2025-10-26 17:30:00+00:00,REAL_TIME_5_MIN,BALCH1_7_N001,Node,-3.26421,1.65283,-4.94052,0.02347,0.0
2025-10-26 10:25:00-07:00,2025-10-26 17:25:00+00:00,2025-10-26 10:30:00-07:00,2025-10-26 17:30:00+00:00,REAL_TIME_5_MIN,BEARTAP_1_N001,Node,-6.60655,1.65283,-8.19194,-0.06744,0.0
2025-10-26 10:25:00-07:00,2025-10-26 17:25:00+00:00,2025-10-26 10:30:00-07:00,2025-10-26 17:30:00+00:00,REAL_TIME_5_MIN,SOUTHBY_6_N001,Node,13.23822,1.65283,11.5439,0.04149,0.0
2025-10-26 10:30:00-07:00,2025-10-26 17:30:00+00:00,2025-10-26 10:35:00-07:00,2025-10-26 17:35:00+00:00,REAL_TIME_5_MIN,BALCH1_7_N001,Node,-1.05992,6.6229,-7.74508,0.06226,0.0
2025-10-26 10:30:00-07:00,2025-10-26 17:30:00+00:00,2025-10-26 10:35:00-07:00,2025-10-26 17:35:00+00:00,REAL_TIME_5_MIN,BEARTAP_1_N001,Node,-7.9352,6.6229,-14.32233,-0.23578,0.0
2025-10-26 10:30:00-07:00,2025-10-26 17:30:00+00:00,2025-10-26 10:35:00-07:00,2025-10-26 17:35:00+00:00,REAL_TIME_5_MIN,SOUTHBY_6_N001,Node,25.41377,6.6229,18.60873,0.18213,0.0
2025-10-26 10:35:00-07:00,2025-10-26 17:35:00+00:00,2025-10-26 10:40:00-07:00,2025-10-26 17:40:00+00:00,REAL_TIME_5_MIN,BALCH1_7_N001,Node,-1.80239,2.88867,-4.71821,0.02715,0.0
2025-10-26 10:35:00-07:00,2025-10-26 17:35:00+00:00,2025-10-26 10:40:00-07:00,2025-10-26 17:40:00+00:00,REAL_TIME_5_MIN,BEARTAP_1_N001,Node,-8.57511,2.88867,-11.36094,-0.10284,0.0
2025-10-26 10:35:00-07:00,2025-10-26 17:35:00+00:00,2025-10-26 10:40:00-07:00,2025-10-26 17:40:00+00:00,REAL_TIME_5_MIN,SOUTHBY_6_N001,Node,19.0422,2.88867,16.07409,0.07944,0.0
2025-10-26 10:40:00-07:00,2025-10-26 17:40:00+00:00,2025-10-26 10:45:00-07:00,2025-10-26 17:45:00+00:00,REAL_TIME_5_MIN,BALCH1_7_N001,Node,-4.10544,-0.44245,-3.65884,-0.00416,0.0
2025-10-26 10:40:00-07:00,2025-10-26 17:40:00+00:00,2025-10-26 10:45:00-07:00,2025-10-26 17:45:00+00:00,REAL_TIME_5_MIN,BEARTAP_1_N001,Node,-9.42209,-0.44245,-8.9954,0.01575,0.0
2025-10-26 10:40:00-07:00,2025-10-26 17:40:00+00:00,2025-10-26 10:45:00-07:00,2025-10-26 17:45:00+00:00,REAL_TIME_5_MIN,SOUTHBY_6_N001,Node,12.28913,-0.44245,12.74375,-0.01217,0.0
2025-10-26 10:45:00-07:00,2025-10-26 17:45:00+00:00,2025-10-26 10:50:00-07:00,2025-10-26 17:50:00+00:00,REAL_TIME_5_MIN,BALCH1_7_N001,Node,-2.87492,2.04274,-4.93748,0.01981,0.0
2025-10-26 10:45:00-07:00,2025-10-26 17:45:00+00:00,2025-10-26 10:50:00-07:00,2025-10-26 17:50:00+00:00,REAL_TIME_5_MIN,BEARTAP_1_N001,Node,-8.8951,2.04274,-10.8641,-0.07374,0.0
2025-10-26 10:45:00-07:00,2025-10-26 17:45:00+00:00,2025-10-26 10:50:00-07:00,2025-10-26 17:50:00+00:00,REAL_TIME_5_MIN,SOUTHBY_6_N001,Node,17.37852,2.04274,15.2796,0.05618,0.0
2025-10-26 10:50:00-07:00,2025-10-26 17:50:00+00:00,2025-10-26 10:55:00-07:00,2025-10-26 17:55:00+00:00,REAL_TIME_5_MIN,BALCH1_7_N001,Node,-6.20311,1.85432,-8.07541,0.01799,0.0
2025-10-26 10:50:00-07:00,2025-10-26 17:50:00+00:00,2025-10-26 10:55:00-07:00,2025-10-26 17:55:00+00:00,REAL_TIME_5_MIN,BEARTAP_1_N001,Node,-9.57809,1.85432,-11.36546,-0.06694,0.0
2025-10-26 10:50:00-07:00,2025-10-26 17:50:00+00:00,2025-10-26 10:55:00-07:00,2025-10-26 17:55:00+00:00,REAL_TIME_5_MIN,SOUTHBY_6_N001,Node,17.2642,1.85432,15.35889,0.05099,0.0
2025-10-26 10:55:00-07:00,2025-10-26 17:55:00+00:00,2025-10-26 11:00:00-07:00,2025-10-26 18:00:00+00:00,REAL_TIME_5_MIN,BALCH1_7_N001,Node,-5.70024,2.00025,-7.71989,0.0194,0.0
2025-10-26 10:55:00-07:00,2025-10-26 17:55:00+00:00,2025-10-26 11:00:00-07:00,2025-10-26 18:00:00+00:00,REAL_TIME_5_MIN,BEARTAP_1_N001,Node,-9.46235,2.00025,-11.39039,-0.07221,0.0
2025-10-26 10:55:00-07:00,2025-10-26 17:55:00+00:00,2025-10-26 11:00:00-07:00,2025-10-26 18:00:00+00:00,REAL_TIME_5_MIN,SOUTHBY_6_N001,Node,17.5281,2.00025,15.47285,0.05501,0.0
2025-10-26 11:00:00-07:00,2025-10-26 18:00:00+00:00,2025-10-26 11:05:00-07:00,2025-10-26 18:05:00+00:00,REAL_TIME_5_MIN,BALCH1_7_N001,Node,-1.32187,4.06626,-5.43611,0.04798,0.0
2025-10-26 11:00:00-07:00,2025-10-26 18:00:00+00:00,2025-10-26 11:05:00-07:00,2025-10-26 18:05:00+00:00,REAL_TIME_5_MIN,BEARTAP_1_N001,Node,-7.39829,4.06626,-11.33077,-0.13378,0.0
2025-10-26 11:00:00-07:00,2025-10-26 18:00:00+00:00,2025-10-26 11:05:00-07:00,2025-10-26 18:05:00+00:00,REAL_TIME_5_MIN,SOUTHBY_6_N001,Node,20.34055,4.06626,16.17507,0.09922,0.0
2025-10-26 11:05:00-07:00,2025-10-26 18:05:00+00:00,2025-10-26 11:10:00-07:00,2025-10-26 18:10:00+00:00,REAL_TIME_5_MIN,BALCH1_7_N001,Node,-3.87652,0.6957,-4.58043,0.00821,0.0
2025-10-26 11:05:00-07:00,2025-10-26 18:05:00+00:00,2025-10-26 11:10:00-07:00,2025-10-26 18:10:00+00:00,REAL_TIME_5_MIN,BEARTAP_1_N001,Node,-7.90646,0.6957,-8.57927,-0.02289,0.0
2025-10-26 11:05:00-07:00,2025-10-26 18:05:00+00:00,2025-10-26 11:10:00-07:00,2025-10-26 18:10:00+00:00,REAL_TIME_5_MIN,SOUTHBY_6_N001,Node,12.86352,0.6957,12.15084,0.01698,0.0
2025-10-26 11:10:00-07:00,2025-10-26 18:10:00+00:00,2025-10-26 11:15:00-07:00,2025-10-26 18:15:00+00:00,REAL_TIME_5_MIN,BALCH1_7_N001,Node,-2.4592,2.16786,-4.65265,0.02558,0.0
2025-10-26 11:10:00-07:00,2025-10-26 18:10:00+00:00,2025-10-26 11:15:00-07:00,2025-10-26 18:15:00+00:00,REAL_TIME_5_MIN,BEARTAP_1_N001,Node,-8.24393,2.16786,-10.34047,-0.07132,0.0
2025-10-26 11:10:00-07:00,2025-10-26 18:10:00+00:00,2025-10-26 11:15:00-07:00,2025-10-26 18:15:00+00:00,REAL_TIME_5_MIN,SOUTHBY_6_N001,Node,17.04612,2.16786,14.82536,0.0529,0.0
2025-10-26 11:15:00-07:00,2025-10-26 18:15:00+00:00,2025-10-26 11:20:00-07:00,2025-10-26 18:20:00+00:00,REAL_TIME_5_MIN,BALCH1_7_N001,Node,-1.37141,3.5271,-4.94789,0.04938,0.0
2025-10-26 11:15:00-07:00,2025-10-26 18:15:00+00:00,2025-10-26 11:20:00-07:00,2025-10-26 18:20:00+00:00,REAL_TIME_5_MIN,BEARTAP_1_N001,Node,-8.40084,3.5271,-11.81295,-0.11498,0.0
2025-10-26 11:15:00-07:00,2025-10-26 18:15:00+00:00,2025-10-26 11:20:00-07:00,2025-10-26 18:20:00+00:00,REAL_TIME_5_MIN,SOUTHBY_6_N001,Node,20.31846,3.5271,16.7046,0.08677,0.0
2025-10-26 11:20:00-07:00,2025-10-26 18:20:00+00:00,2025-10-26 11:25:00-07:00,2025-10-26 18:25:00+00:00,REAL_TIME_5_MIN,BALCH1_7_N001,Node,-1.37125,3.53088,-4.95157,0.04943,0.0
2025-10-26 11:20:00-07:00,2025-10-26 18:20:00+00:00,2025-10-26 11:25:00-07:00,2025-10-26 18:25:00+00:00,REAL_TIME_5_MIN,BEARTAP_1_N001,Node,-8.39526,3.53088,-11.81103,-0.11511,0.0
2025-10-26 11:20:00-07:00,2025-10-26 18:20:00+00:00,2025-10-26 11:25:00-07:00,2025-10-26 18:25:00+00:00,REAL_TIME_5_MIN,SOUTHBY_6_N001,Node,20.31867,3.53088,16.70093,0.08686,0.0
2025-10-26 11:25:00-07:00,2025-10-26 18:25:00+00:00,2025-10-26 11:30:00-07:00,2025-10-26 18:30:00+00:00,REAL_TIME_5_MIN,BALCH1_7_N001,Node,-4.02529,-0.29138,-3.72983,-0.00408,0.0
2025-10-26 11:25:00-07:00,2025-10-26 18:25:00+00:00,2025-10-26 11:30:00-07:00,2025-10-26 18:30:00+00:00,REAL_TIME_5_MIN,BEARTAP_1_N001,Node,-9.50859,-0.29138,-9.2267,0.0095,0.0
2025-10-26 11:25:00-07:00,2025-10-26 18:25:00+00:00,2025-10-26 11:30:00-07:00,2025-10-26 18:30:00+00:00,REAL_TIME_5_MIN,SOUTHBY_6_N001,Node,12.77785,-0.29138,13.0764,-0.00717,0.0
2025-10-26 11:30:00-07:00,2025-10-26 18:30:00+00:00,2025-10-26 11:35:00-07:00,2025-10-26 18:35:00+00:00,REAL_TIME_5_MIN,BALCH1_7_N001,Node,-2.14596,3.28057,-5.45246,0.02592,0.0
2025-10-26 11:30:00-07:00,2025-10-26 18:30:00+00:00,2025-10-26 11:35:00-07:00,2025-10-26 18:35:00+00:00,REAL_TIME_5_MIN,BEARTAP_1_N001,Node,-8.59044,3.28057,-11.75784,-0.11318,0.0
2025-10-26 11:30:00-07:00,2025-10-26 18:30:00+00:00,2025-10-26 11:35:00-07:00,2025-10-26 18:35:00+00:00,REAL_TIME_5_MIN,SOUTHBY_6_N001,Node,19.92621,3.28057,16.56592,0.07972,0.0
2025-10-26 11:35:00-07:00,2025-10-26 18:35:00+00:00,2025-10-26 11:40:00-07:00,2025-10-26 18:40:00+00:00,REAL_TIME_5_MIN,BALCH1_7_N001,Node,-4.2537,-0.30033,-3.951,-0.00237,0.0
2025-10-26 11:35:00-07:00,2025-10-26 18:35:00+00:00,2025-10-26 11:40:00-07:00,2025-10-26 18:40:00+00:00,REAL_TIME_5_MIN,BEARTAP_1_N001,Node,-9.44762,-0.30033,-9.15765,0.01036,0.0
2025-10-26 11:35:00-07:00,2025-10-26 18:35:00+00:00,2025-10-26 11:40:00-07:00,2025-10-26 18:40:00+00:00,REAL_TIME_5_MIN,SOUTHBY_6_N001,Node,12.65898,-0.30033,12.96662,-0.0073,0.0
2025-10-26 11:40:00-07:00,2025-10-26 18:40:00+00:00,2025-10-26 11:45:00-07:00,2025-10-26 18:45:00+00:00,REAL_TIME_5_MIN,BALCH1_7_N001,Node,-4.4916,-1.09558,-3.38736,-0.00866,0.0
2025-10-26 11:40:00-07:00,2025-10-26 18:40:00+00:00,2025-10-26 11:45:00-07:00,2025-10-26 18:45:00+00:00,REAL_TIME_5_MIN,BEARTAP_1_N001,Node,-9.67053,-1.09558,-8.61274,0.0378,0.0
2025-10-26 11:40:00-07:00,2025-10-26 18:40:00+00:00,2025-10-26 11:45:00-07:00,2025-10-26 18:45:00+00:00,REAL_TIME_5_MIN,SOUTHBY_6_N001,Node,11.14417,-1.09558,12.26637,-0.02662,0.0
2025-10-26 11:45:00-07:00,2025-10-26 18:45:00+00:00,2025-10-26 11:50:00-07:00,2025-10-26 18:50:00+00:00,REAL_TIME_5_MIN,BALCH1_7_N001,Node,-7.5058,-5.47124,-1.98094,-0.05362,0.0
2025-10-26 11:45:00-07:00,2025-10-26 18:45:00+00:00,2025-10-26 11:50:00-07:00,2025-10-26 18:50:00+00:00,REAL_TIME_5_MIN,BEARTAP_1_N001,Node,-10.76404,-5.47124,-5.47773,0.18493,0.0
2025-10-26 11:45:00-07:00,2025-10-26 18:45:00+00:00,2025-10-26 11:50:00-07:00,2025-10-26 18:50:00+00:00,REAL_TIME_5_MIN,SOUTHBY_6_N001,Node,2.28634,-5.47124,7.89163,-0.13405,0.0
2025-10-26 11:50:00-07:00,2025-10-26 18:50:00+00:00,2025-10-26 11:55:00-07:00,2025-10-26 18:55:00+00:00,REAL_TIME_5_MIN,BALCH1_7_N001,Node,-6.18536,-3.60086,-2.54921,-0.03529,0.0
2025-10-26 11:50:00-07:00,2025-10-26 18:50:00+00:00,2025-10-26 11:55:00-07:00,2025-10-26 18:55:00+00:00,REAL_TIME_5_MIN,BEARTAP_1_N001,Node,-10.30936,-3.60086,-6.83021,0.12171,0.0
2025-10-26 11:50:00-07:00,2025-10-26 18:50:00+00:00,2025-10-26 11:55:00-07:00,2025-10-26 18:55:00+00:00,REAL_TIME_5_MIN,SOUTHBY_6_N001,Node,6.13352,-3.60086,9.82261,-0.08822,0.0
2025-10-26 11:55:00-07:00,2025-10-26 18:55:00+00:00,2025-10-26 12:00:00-07:00,2025-10-26 19:00:00+00:00,REAL_TIME_5_MIN,BALCH1_7_N001,Node,-6.02006,-3.39665,-2.59013,-0.03329,0.0
2025-10-26 11:55:00-07:00,2025-10-26 18:55:00+00:00,2025-10-26 12:00:00-07:00,2025-10-26 19:00:00+00:00,REAL_TIME_5_MIN,BEARTAP_1_N001,Node,-10.30357,-3.39665,-7.02173,0.11481,0.0
2025-10-26 11:55:00-07:00,2025-10-26 18:55:00+00:00,2025-10-26 12:00:00-07:00,2025-10-26 19:00:00+00:00,REAL_TIME_5_MIN,SOUTHBY_6_N001,Node,6.62492,-3.39665,10.10479,-0.08322,0.0
2025-10-26 12:00:00-07:00,2025-10-26 19:00:00+00:00,2025-10-26 12:05:00-07:00,2025-10-26 19:05:00+00:00,REAL_TIME_5_MIN,BALCH1_7_N001,Node,-3.35298,-0.04369,-3.30886,-0.00043,0.0
2025-10-26 12:00:00-07:00,2025-10-26 19:00:00+00:00,2025-10-26 12:05:00-07:00,2025-10-26 19:05:00+00:00,REAL_TIME_5_MIN,BEARTAP_1_N001,Node,-9.0158,-0.04369,-8.97387,0.00176,0.0
2025-10-26 12:00:00-07:00,2025-10-26 19:00:00+00:00,2025-10-26 12:05:00-07:00,2025-10-26 19:05:00+00:00,REAL_TIME_5_MIN,SOUTHBY_6_N001,Node,13.10441,-0.04369,13.1492,-0.0011,0.0
2025-10-26 12:05:00-07:00,2025-10-26 19:05:00+00:00,2025-10-26 12:10:00-07:00,2025-10-26 19:10:00+00:00,REAL_TIME_5_MIN,BALCH1_7_N001,Node,-1.81887,2.89835,-4.74563,0.0284,0.0
2025-10-26 12:05:00-07:00,2025-10-26 19:05:00+00:00,2025-10-26 12:10:00-07:00,2025-10-26 19:10:00+00:00,REAL_TIME_5_MIN,BEARTAP_1_N001,Node,-8.25477,2.89835,-11.03632,-0.1168,0.0
2025-10-26 12:05:00-07:00,2025-10-26 19:05:00+00:00,2025-10-26 12:10:00-07:00,2025-10-26 19:10:00+00:00,REAL_TIME_5_MIN,SOUTHBY_6_N001,Node,18.99796,2.89835,16.02686,0.07275,0.0
2025-10-26 12:10:00-07:00,2025-10-26 19:10:00+00:00,2025-10-26 12:15:00-07:00,2025-10-26 19:15:00+00:00,REAL_TIME_5_MIN,BALCH1_7_N001,Node,-0.95018,3.95449,-4.94342,0.03875,0.0
2025-10-26 12:10:00-07:00,2025-10-26 19:10:00+00:00,2025-10-26 12:15:00-07:00,2025-10-26 19:15:00+00:00,REAL_TIME_5_MIN,BEARTAP_1_N001,Node,-8.23514,3.95449,-12.03027,-0.15937,0.0
2025-10-26 12:10:00-07:00,2025-10-26 19:10:00+00:00,2025-10-26 12:15:00-07:00,2025-10-26 19:15:00+00:00,REAL_TIME_5_MIN,SOUTHBY_6_N001,Node,21.57304,3.95449,17.51929,0.09926,0.0
2025-10-26 12:15:00-07:00,2025-10-26 19:15:00+00:00,2025-10-26 12:20:00-07:00,2025-10-26 19:20:00+00:00,REAL_TIME_5_MIN,BALCH1_7_N001,Node,-0.95363,4.09828,-5.09167,0.03975,0.0
2025-10-26 12:15:00-07:00,2025-10-26 19:15:00+00:00,2025-10-26 12:20:00-07:00,2025-10-26 19:20:00+00:00,REAL_TIME_5_MIN,BEARTAP_1_N001,Node,-8.00286,4.09828,-11.94827,-0.15287,0.0
2025-10-26 12:15:00-07:00,2025-10-26 19:15:00+00:00,2025-10-26 12:20:00-07:00,2025-10-26 19:20:00+00:00,REAL_TIME_5_MIN,SOUTHBY_6_N001,Node,21.82998,4.09828,17.63334,0.09836,0.0
2025-10-26 12:20:00-07:00,2025-10-26 19:20:00+00:00,2025-10-26 12:25:00-07:00,2025-10-26 19:25:00+00:00,REAL_TIME_5_MIN,BALCH1_7_N001,Node,-0.3996,4.78156,-5.22754,0.04638,0.0
2025-10-26 12:20:00-07:00,2025-10-26 19:20:00+00:00,2025-10-26 12:25:00-07:00,2025-10-26 19:25:00+00:00,REAL_TIME_5_MIN,BEARTAP_1_N001,Node,-7.97314,4.78156,-12.57634,-0.17835,0.0
2025-10-26 12:20:00-07:00,2025-10-26 19:20:00+00:00,2025-10-26 12:25:00-07:00,2025-10-26 19:25:00+00:00,REAL_TIME_5_MIN,SOUTHBY_6_N001,Node,23.48433,4.78156,18.58802,0.11476,0.0
2025-10-26 12:25:00-07:00,2025-10-26 19:25:00+00:00,2025-10-26 12:30:00-07:00,2025-10-26 19:30:00+00:00,REAL_TIME_5_MIN,BALCH1_7_N001,Node,-0.89983,4.23897,-5.17992,0.04112,0.0
2025-10-26 12:25:00-07:00,2025-10-26 19:25:00+00:00,2025-10-26 12:30:00-07:00,2025-10-26 19:30:00+00:00,REAL_TIME_5_MIN,BEARTAP_1_N001,Node,-8.20241,4.23897,-12.28327,-0.15811,0.0
2025-10-26 12:25:00-07:00,2025-10-26 19:25:00+00:00,2025-10-26 12:30:00-07:00,2025-10-26 19:30:00+00:00,REAL_TIME_5_MIN,SOUTHBY_6_N001,Node,22.36404,4.23897,18.02334,0.10174,0.0
2025-10-26 12:30:00-07:00,2025-10-26 19:30:00+00:00,2025-10-26 12:35:00-07:00,2025-10-26 19:35:00+00:00,REAL_TIME_5_MIN,BALCH1_7_N001,Node,-0.49965,4.91921,-5.46954,0.05067,0.0
2025-10-26 12:30:00-07:00,2025-10-26 19:30:00+00:00,2025-10-26 12:35:00-07:00,2025-10-26 19:35:00+00:00,REAL_TIME_5_MIN,BEARTAP_1_N001,Node,-7.93843,4.91921,-12.67367,-0.18398,0.0
2025-10-26 12:30:00-07:00,2025-10-26 19:30:00+00:00,2025-10-26 12:35:00-07:00,2025-10-26 19:35:00+00:00,REAL_TIME_5_MIN,SOUTHBY_6_N001,Node,23.45422,4.91921,18.42186,0.11314,0.0
2025-10-26 12:35:00-07:00,2025-10-26 19:35:00+00:00,2025-10-26 12:40:00-07:00,2025-10-26 19:40:00+00:00,REAL_TIME_5_MIN,BALCH1_7_N001,Node,-1.08376,5.20018,-6.33751,0.05356,0.0
2025-10-26 12:35:00-07:00,2025-10-26 19:35:00+00:00,2025-10-26 12:40:00-07:00,2025-10-26 19:40:00+00:00,REAL_TIME_5_MIN,BEARTAP_1_N001,Node,-7.05199,5.20018,-12.05769,-0.19449,0.0
2025-10-26 12:35:00-07:00,2025-10-26 19:35:00+00:00,2025-10-26 12:40:00-07:00,2025-10-26 19:40:00+00:00,REAL_TIME_5_MIN,SOUTHBY_6_N001,Node,22.37369,5.20018,17.0539,0.1196,0.0
2025-10-26 12:40:00-07:00,2025-10-26 19:40:00+00:00,2025-10-26 12:45:00-07:00,2025-10-26 19:45:00+00:00,REAL_TIME_5_MIN,BALCH1_7_N001,Node,-0.41125,7.4015,-7.88898,0.07624,0.0
2025-10-26 12:40:00-07:00,2025-10-26 19:40:00+00:00,2025-10-26 12:45:00-07:00,2025-10-26 19:45:00+00:00,REAL_TIME_5_MIN,BEARTAP_1_N001,Node,-7.09988,7.4015,-14.22456,-0.27682,0.0
2025-10-26 12:40:00-07:00,2025-10-26 19:40:00+00:00,2025-10-26 12:45:00-07:00,2025-10-26 19:45:00+00:00,REAL_TIME_5_MIN,SOUTHBY_6_N001,Node,26.77312,7.4015,19.20139,0.17023,0.0
2025-10-26 12:45:00-07:00,2025-10-26 19:45:00+00:00,2025-10-26 12:50:00-07:00,2025-10-26 19:50:00+00:00,REAL_TIME_5_MIN,BALCH1_7_N001,Node,-1.07575,4.57762,-5.69869,0.04532,0.0
2025-10-26 12:45:00-07:00,2025-10-26 19:45:00+00:00,2025-10-26 12:50:00-07:00,2025-10-26 19:50:00+00:00,REAL_TIME_5_MIN,BEARTAP_1_N001,Node,-7.19476,4.57762,-11.6085,-0.16388,0.0
2025-10-26 12:45:00-07:00,2025-10-26 19:45:00+00:00,2025-10-26 12:50:00-07:00,2025-10-26 19:50:00+00:00,REAL_TIME_5_MIN,SOUTHBY_6_N001,Node,23.03739,4.57762,18.3728,0.08697,0.0
2025-10-26 12:50:00-07:00,2025-10-26 19:50:00+00:00,2025-10-26 12:55:00-07:00,2025-10-26 19:55:00+00:00,REAL_TIME_5_MIN,BALCH1_7_N001,Node,-1.03017,3.99958,-5.06935,0.0396,0.0
2025-10-26 12:50:00-07:00,2025-10-26 19:50:00+00:00,2025-10-26 12:55:00-07:00,2025-10-26 19:55:00+00:00,REAL_TIME_5_MIN,BEARTAP_1_N001,Node,-8.15624,3.99958,-12.01264,-0.14318,0.0
2025-10-26 12:50:00-07:00,2025-10-26 19:50:00+00:00,2025-10-26 12:55:00-07:00,2025-10-26 19:55:00+00:00,REAL_TIME_5_MIN,SOUTHBY_6_N001,Node,23.23215,3.99958,19.15658,0.07599,0.0
2025-10-26 12:55:00-07:00,2025-10-26 19:55:00+00:00,2025-10-26 13:00:00-07:00,2025-10-26 20:00:00+00:00,REAL_TIME_5_MIN,BALCH1_7_N001,Node,-0.5185,4.72548,-5.29076,0.04678,0.0
2025-10-26 12:55:00-07:00,2025-10-26 19:55:00+00:00,2025-10-26 13:00:00-07:00,2025-10-26 20:00:00+00:00,REAL_TIME_5_MIN,BEARTAP_1_N001,Node,-7.99158,4.72548,-12.5479,-0.16917,0.0
2025-10-26 12:55:00-07:00,2025-10-26 19:55:00+00:00,2025-10-26 13:00:00-07:00,2025-10-26 20:00:00+00:00,REAL_TIME_5_MIN,SOUTHBY_6_N001,Node,24.8262,4.72548,20.01093,0.08978,0.0
2025-10-26 13:00:00-07:00,2025-10-26 20:00:00+00:00,2025-10-26 13:05:00-07:00,2025-10-26 20:05:00+00:00,REAL_TIME_5_MIN,BALCH1_7_N001,Node,-0.22106,3.5356,-3.79873,0.04207,0.0
2025-10-26 13:00:00-07:00,2025-10-26 20:00:00+00:00,2025-10-26 13:05:00-07:00,2025-10-26 20:05:00+00:00,REAL_TIME_5_MIN,BEARTAP_1_N001,Node,-8.09764,3.5356,-11.50701,-0.12622,0.0
2025-10-26 13:00:00-07:00,2025-10-26 20:00:00+00:00,2025-10-26 13:05:00-07:00,2025-10-26 20:05:00+00:00,REAL_TIME_5_MIN,SOUTHBY_6_N001,Node,22.3542,3.5356,18.7585,0.06011,0.0
2025-10-26 13:05:00-07:00,2025-10-26 20:05:00+00:00,2025-10-26 13:10:00-07:00,2025-10-26 20:10:00+00:00,REAL_TIME_5_MIN,BALCH1_7_N001,Node,-0.0676,3.77493,-3.88745,0.04492,0.0
2025-10-26 13:05:00-07:00,2025-10-26 20:05:00+00:00,2025-10-26 13:10:00-07:00,2025-10-26 20:10:00+00:00,REAL_TIME_5_MIN,BEARTAP_1_N001,Node,-7.97201,3.77493,-11.61218,-0.13476,0.0
2025-10-26 13:05:00-07:00,2025-10-26 20:05:00+00:00,2025-10-26 13:10:00-07:00,2025-10-26 20:10:00+00:00,REAL_TIME_5_MIN,SOUTHBY_6_N001,Node,22.75973,3.77493,18.92063,0.06417,0.0
2025-10-26 13:10:00-07:00,2025-10-26 20:10:00+00:00,2025-10-26 13:15:00-07:00,2025-10-26 20:15:00+00:00,REAL_TIME_5_MIN,BALCH1_7_N001,Node,0.34815,4.36522,-4.06902,0.05195,0.0
2025-10-26 13:10:00-07:00,2025-10-26 20:10:00+00:00,2025-10-26 13:15:00-07:00,2025-10-26 20:15:00+00:00,REAL_TIME_5_MIN,BEARTAP_1_N001,Node,-7.7196,4.36522,-11.92899,-0.15584,0.0
2025-10-26 13:10:00-07:00,2025-10-26 20:10:00+00:00,2025-10-26 13:15:00-07:00,2025-10-26 20:15:00+00:00,REAL_TIME_5_MIN,SOUTHBY_6_N001,Node,23.86327,4.36522,19.42384,0.07421,0.0
2025-10-26 13:15:00-07:00,2025-10-26 20:15:00+00:00,2025-10-26 13:20:00-07:00,2025-10-26 20:20:00+00:00,REAL_TIME_5_MIN,BALCH1_7_N001,Node,-0.1992,4.00486,-4.25252,0.04846,0.0
2025-10-26 13:15:00-07:00,2025-10-26 20:15:00+00:00,2025-10-26 13:20:00-07:00,2025-10-26 20:20:00+00:00,REAL_TIME_5_MIN,BEARTAP_1_N001,Node,-7.36298,4.00486,-11.23167,-0.13617,0.0
2025-10-26 13:15:00-07:00,2025-10-26 20:15:00+00:00,2025-10-26 13:20:00-07:00,2025-10-26 20:20:00+00:00,REAL_TIME_5_MIN,SOUTHBY_6_N001,Node,22.37703,4.00486,18.30528,0.06688,0.0
2025-10-26 13:20:00-07:00,2025-10-26 20:20:00+00:00,2025-10-26 13:25:00-07:00,2025-10-26 20:25:00+00:00,REAL_TIME_5_MIN,BALCH1_7_N001,Node,-1.69328,1.80496,-3.52008,0.02184,0.0
2025-10-26 13:20:00-07:00,2025-10-26 20:20:00+00:00,2025-10-26 13:25:00-07:00,2025-10-26 20:25:00+00:00,REAL_TIME_5_MIN,BEARTAP_1_N001,Node,-8.39594,1.80496,-10.13952,-0.06137,0.0
2025-10-26 13:20:00-07:00,2025-10-26 20:20:00+00:00,2025-10-26 13:25:00-07:00,2025-10-26 20:25:00+00:00,REAL_TIME_5_MIN,SOUTHBY_6_N001,Node,18.41638,1.80496,16.58128,0.03014,0.0
2025-10-26 13:25:00-07:00,2025-10-26 20:25:00+00:00,2025-10-26 13:30:00-07:00,2025-10-26 20:30:00+00:00,REAL_TIME_5_MIN,BALCH1_7_N001,Node,-2.19308,1.73847,-3.95259,0.02104,0.0
2025-10-26 13:25:00-07:00,2025-10-26 20:25:00+00:00,2025-10-26 13:30:00-07:00,2025-10-26 20:30:00+00:00,REAL_TIME_5_MIN,BEARTAP_1_N001,Node,-7.73116,1.73847,-9.41052,-0.05911,0.0
2025-10-26 13:25:00-07:00,2025-10-26 20:25:00+00:00,2025-10-26 13:30:00-07:00,2025-10-26 20:30:00+00:00,REAL_TIME_5_MIN,SOUTHBY_6_N001,Node,17.03632,1.73847,15.26881,0.02903,0.0
2025-10-26 13:30:00-07:00,2025-10-26 20:30:00+00:00,2025-10-26 13:35:00-07:00,2025-10-26 20:35:00+00:00,REAL_TIME_5_MIN,BALCH1_7_N001,Node,4.19115,10.10203,-5.96543,0.05455,0.0
2025-10-26 13:30:00-07:00,2025-10-26 20:30:00+00:00,2025-10-26 13:35:00-07:00,2025-10-26 20:35:00+00:00,REAL_TIME_5_MIN,BEARTAP_1_N001,Node,-7.90996,10.10203,-17.60083,-0.41115,0.0
2025-10-26 13:30:00-07:00,2025-10-26 20:30:00+00:00,2025-10-26 13:35:00-07:00,2025-10-26 20:35:00+00:00,REAL_TIME_5_MIN,SOUTHBY_6_N001,Node,36.04179,10.10203,25.79026,0.14951,0.0
2025-10-26 13:35:00-07:00,2025-10-26 20:35:00+00:00,2025-10-26 13:40:00-07:00,2025-10-26 20:40:00+00:00,REAL_TIME_5_MIN,BALCH1_7_N001,Node,4.49259,11.44265,-7.01184,0.06179,0.0
2025-10-26 13:35:00-07:00,2025-10-26 20:35:00+00:00,2025-10-26 13:40:00-07:00,2025-10-26 20:40:00+00:00,REAL_TIME_5_MIN,BEARTAP_1_N001,Node,-7.95815,11.44265,-18.93508,-0.46572,0.0
2025-10-26 13:35:00-07:00,2025-10-26 20:35:00+00:00,2025-10-26 13:40:00-07:00,2025-10-26 20:40:00+00:00,REAL_TIME_5_MIN,SOUTHBY_6_N001,Node,38.923,11.44265,27.311,0.16935,0.0
2025-10-26 13:40:00-07:00,2025-10-26 20:40:00+00:00,2025-10-26 13:45:00-07:00,2025-10-26 20:45:00+00:00,REAL_TIME_5_MIN,BALCH1_7_N001,Node,2.95794,11.26674,-8.36963,0.06084,0.0
2025-10-26 13:40:00-07:00,2025-10-26 20:40:00+00:00,2025-10-26 13:45:00-07:00,2025-10-26 20:45:00+00:00,REAL_TIME_5_MIN,BEARTAP_1_N001,Node,-9.36577,11.26674,-20.17395,-0.45856,0.0
2025-10-26 13:40:00-07:00,2025-10-26 20:40:00+00:00,2025-10-26 13:45:00-07:00,2025-10-26 20:45:00+00:00,REAL_TIME_5_MIN,SOUTHBY_6_N001,Node,37.21901,11.26674,25.78553,0.16675,0.0
2025-10-26 13:45:00-07:00,2025-10-26 20:45:00+00:00,2025-10-26 13:50:00-07:00,2025-10-26 20:50:00+00:00,REAL_TIME_5_MIN,BALCH1_7_N001,Node,2.94924,10.00117,-7.12793,0.07601,0.0
2025-10-26 13:45:00-07:00,2025-10-26 20:45:00+00:00,2025-10-26 13:50:00-07:00,2025-10-26 20:50:00+00:00,REAL_TIME_5_MIN,BEARTAP_1_N001,Node,-7.06952,10.00117,-16.68864,-0.38204,0.0
2025-10-26 13:45:00-07:00,2025-10-26 20:45:00+00:00,2025-10-26 13:50:00-07:00,2025-10-26 20:50:00+00:00,REAL_TIME_5_MIN,SOUTHBY_6_N001,Node,33.61729,10.00117,23.4561,0.16002,0.0
2025-10-26 13:50:00-07:00,2025-10-26 20:50:00+00:00,2025-10-26 13:55:00-07:00,2025-10-26 20:55:00+00:00,REAL_TIME_5_MIN,BALCH1_7_N001,Node,3.72644,8.97954,-5.32134,0.06824,0.0
2025-10-26 13:50:00-07:00,2025-10-26 20:50:00+00:00,2025-10-26 13:55:00-07:00,2025-10-26 20:55:00+00:00,REAL_TIME_5_MIN,BEARTAP_1_N001,Node,-8.54411,8.97954,-17.18062,-0.34302,0.0
2025-10-26 13:50:00-07:00,2025-10-26 20:50:00+00:00,2025-10-26 13:55:00-07:00,2025-10-26 20:55:00+00:00,REAL_TIME_5_MIN,SOUTHBY_6_N001,Node,33.5139,8.97954,24.39069,0.14367,0.0
2025-10-26 13:55:00-07:00,2025-10-26 20:55:00+00:00,2025-10-26 14:00:00-07:00,2025-10-26 21:00:00+00:00,REAL_TIME_5_MIN,BALCH1_7_N001,Node,2.1429,9.95925,-7.89204,0.07569,0.0
2025-10-26 13:55:00-07:00,2025-10-26 20:55:00+00:00,2025-10-26 14:00:00-07:00,2025-10-26 21:00:00+00:00,REAL_TIME_5_MIN,BEARTAP_1_N001,Node,-9.93692,9.95925,-19.51572,-0.38044,0.0
2025-10-26 13:55:00-07:00,2025-10-26 20:55:00+00:00,2025-10-26 14:00:00-07:00,2025-10-26 21:00:00+00:00,REAL_TIME_5_MIN,SOUTHBY_6_N001,Node,35.88244,9.95925,25.76384,0.15935,0.0
2025-10-26 14:00:00-07:00,2025-10-26 21:00:00+00:00,2025-10-26 14:05:00-07:00,2025-10-26 21:05:00+00:00,REAL_TIME_5_MIN,BALCH1_7_N001,Node,6.9739,6.33518,0.5817,0.05702,0.0
2025-10-26 14:00:00-07:00,2025-10-26 21:00:00+00:00,2025-10-26 14:05:00-07:00,2025-10-26 21:05:00+00:00,REAL_TIME_5_MIN,BEARTAP_1_N001,Node,-7.0359,6.33518,-13.11071,-0.26038,0.0
2025-10-26 14:00:00-07:00,2025-10-26 21:00:00+00:00,2025-10-26 14:05:00-07:00,2025-10-26 21:05:00+00:00,REAL_TIME_5_MIN,SOUTHBY_6_N001,Node,28.31258,6.33518,21.88617,0.09123,0.0
2025-10-26 14:05:00-07:00,2025-10-26 21:05:00+00:00,2025-10-26 14:10:00-07:00,2025-10-26 21:10:00+00:00,REAL_TIME_5_MIN,BALCH1_7_N001,Node,7.05148,6.35356,0.64074,0.05718,0.0
2025-10-26 14:05:00-07:00,2025-10-26 21:05:00+00:00,2025-10-26 14:10:00-07:00,2025-10-26 21:10:00+00:00,REAL_TIME_5_MIN,BEARTAP_1_N001,Node,-7.10038,6.35356,-13.19281,-0.26113,0.0
2025-10-26 14:05:00-07:00,2025-10-26 21:05:00+00:00,2025-10-26 14:10:00-07:00,2025-10-26 21:10:00+00:00,REAL_TIME_5_MIN,SOUTHBY_6_N001,Node,28.3508,6.35356,21.90575,0.09149,0.0
2025-10-26 14:10:00-07:00,2025-10-26 21:10:00+00:00,2025-10-26 14:15:00-07:00,2025-10-26 21:15:00+00:00,REAL_TIME_5_MIN,BALCH1_7_N001,Node,6.73793,6.25779,0.42382,0.05632,0.0
2025-10-26 14:10:00-07:00,2025-10-26 21:10:00+00:00,2025-10-26 14:15:00-07:00,2025-10-26 21:15:00+00:00,REAL_TIME_5_MIN,BEARTAP_1_N001,Node,-7.16866,6.25779,-13.16925,-0.2572,0.0
2025-10-26 14:10:00-07:00,2025-10-26 21:10:00+00:00,2025-10-26 14:15:00-07:00,2025-10-26 21:15:00+00:00,REAL_TIME_5_MIN,SOUTHBY_6_N001,Node,28.19579,6.25779,21.84789,0.09011,0.0
2025-10-26 14:15:00-07:00,2025-10-26 21:15:00+00:00,2025-10-26 14:20:00-07:00,2025-10-26 21:20:00+00:00,REAL_TIME_5_MIN,BALCH1_7_N001,Node,6.13521,4.44739,1.63934,0.04848,0.0
2025-10-26 14:15:00-07:00,2025-10-26 21:15:00+00:00,2025-10-26 14:20:00-07:00,2025-10-26 21:20:00+00:00,REAL_TIME_5_MIN,BEARTAP_1_N001,Node,-7.08548,4.44739,-11.37677,-0.1561,0.0
2025-10-26 14:15:00-07:00,2025-10-26 21:15:00+00:00,2025-10-26 14:20:00-07:00,2025-10-26 21:20:00+00:00,REAL_TIME_5_MIN,SOUTHBY_6_N001,Node,24.4195,4.44739,19.9054,0.06671,0.0
2025-10-26 14:20:00-07:00,2025-10-26 21:20:00+00:00,2025-10-26 14:25:00-07:00,2025-10-26 21:25:00+00:00,REAL_TIME_5_MIN,BALCH1_7_N001,Node,2.93802,3.61428,-0.71566,0.0394,0.0
2025-10-26 14:20:00-07:00,2025-10-26 21:20:00+00:00,2025-10-26 14:25:00-07:00,2025-10-26 21:25:00+00:00,REAL_TIME_5_MIN,BEARTAP_1_N001,Node,-7.59464,3.61428,-11.08206,-0.12686,0.0
2025-10-26 14:20:00-07:00,2025-10-26 21:20:00+00:00,2025-10-26 14:25:00-07:00,2025-10-26 21:25:00+00:00,REAL_TIME_5_MIN,SOUTHBY_6_N001,Node,23.00172,3.61428,19.33322,0.05421,0.0
2025-10-26 14:25:00-07:00,2025-10-26 21:25:00+00:00,2025-10-26 14:30:00-07:00,2025-10-26 21:30:00+00:00,REAL_TIME_5_MIN,BALCH1_7_N001,Node,6.00727,4.99873,0.95405,0.05449,0.0
2025-10-26 14:25:00-07:00,2025-10-26 21:25:00+00:00,2025-10-26 14:30:00-07:00,2025-10-26 21:30:00+00:00,REAL_TIME_5_MIN,BEARTAP_1_N001,Node,-7.23077,4.99873,-12.05405,-0.17546,0.0
2025-10-26 14:25:00-07:00,2025-10-26 21:25:00+00:00,2025-10-26 14:30:00-07:00,2025-10-26 21:30:00+00:00,REAL_TIME_5_MIN,SOUTHBY_6_N001,Node,25.73765,4.99873,20.66394,0.07498,0.0
2025-10-26 14:30:00-07:00,2025-10-26 21:30:00+00:00,2025-10-26 14:35:00-07:00,2025-10-26 21:35:00+00:00,REAL_TIME_5_MIN,BALCH1_7_N001,Node,7.11506,7.42163,-0.37113,0.06457,0.0
2025-10-26 14:30:00-07:00,2025-10-26 21:30:00+00:00,2025-10-26 14:35:00-07:00,2025-10-26 21:35:00+00:00,REAL_TIME_5_MIN,BEARTAP_1_N001,Node,-7.25324,7.42163,-14.41437,-0.2605,0.0
2025-10-26 14:30:00-07:00,2025-10-26 21:30:00+00:00,2025-10-26 14:35:00-07:00,2025-10-26 21:35:00+00:00,REAL_TIME_5_MIN,SOUTHBY_6_N001,Node,31.3684,7.42163,23.831,0.11578,0.0
2025-10-26 14:35:00-07:00,2025-10-26 21:35:00+00:00,2025-10-26 14:40:00-07:00,2025-10-26 21:40:00+00:00,REAL_TIME_5_MIN,BALCH1_7_N001,Node,7.59984,7.58438,-0.05053,0.06598,0.0
2025-10-26 14:35:00-07:00,2025-10-26 21:35:00+00:00,2025-10-26 14:40:00-07:00,2025-10-26 21:40:00+00:00,REAL_TIME_5_MIN,BEARTAP_1_N001,Node,-7.25874,7.58438,-14.57691,-0.26621,0.0
2025-10-26 14:35:00-07:00,2025-10-26 21:35:00+00:00,2025-10-26 14:40:00-07:00,2025-10-26 21:40:00+00:00,REAL_TIME_5_MIN,SOUTHBY_6_N001,Node,31.63768,7.58438,23.93499,0.11832,0.0
2025-10-26 14:40:00-07:00,2025-10-26 21:40:00+00:00,2025-10-26 14:45:00-07:00,2025-10-26 21:45:00+00:00,REAL_TIME_5_MIN,BALCH1_7_N001,Node,8.71897,11.77633,-3.15982,0.10245,0.0
2025-10-26 14:40:00-07:00,2025-10-26 21:40:00+00:00,2025-10-26 14:45:00-07:00,2025-10-26 21:45:00+00:00,REAL_TIME_5_MIN,BEARTAP_1_N001,Node,-7.49702,11.77633,-18.86,-0.41335,0.0
2025-10-26 14:40:00-07:00,2025-10-26 21:40:00+00:00,2025-10-26 14:45:00-07:00,2025-10-26 21:45:00+00:00,REAL_TIME_5_MIN,SOUTHBY_6_N001,Node,40.85423,11.77633,28.89418,0.18371,0.0
2025-10-26 14:45:00-07:00,2025-10-26 21:45:00+00:00,2025-10-26 14:50:00-07:00,2025-10-26 21:50:00+00:00,REAL_TIME_5_MIN,BALCH1_7_N001,Node,8.50635,9.97229,-1.57065,0.10471,0.0
2025-10-26 14:45:00-07:00,2025-10-26 21:45:00+00:00,2025-10-26 14:50:00-07:00,2025-10-26 21:50:00+00:00,REAL_TIME_5_MIN,BEARTAP_1_N001,Node,-7.26065,9.97229,-16.89189,-0.34105,0.0
2025-10-26 14:45:00-07:00,2025-10-26 21:45:00+00:00,2025-10-26 14:50:00-07:00,2025-10-26 21:50:00+00:00,REAL_TIME_5_MIN,SOUTHBY_6_N001,Node,37.30074,9.97229,27.18185,0.14659,0.0
2025-10-26 14:50:00-07:00,2025-10-26 21:50:00+00:00,2025-10-26 14:55:00-07:00,2025-10-26 21:55:00+00:00,REAL_TIME_5_MIN,BALCH1_7_N001,Node,7.61825,8.18954,-0.65728,0.08599,0.0
2025-10-26 14:50:00-07:00,2025-10-26 21:50:00+00:00,2025-10-26 14:55:00-07:00,2025-10-26 21:55:00+00:00,REAL_TIME_5_MIN,BEARTAP_1_N001,Node,-7.31546,8.18954,-15.22492,-0.28008,0.0
2025-10-26 14:50:00-07:00,2025-10-26 21:50:00+00:00,2025-10-26 14:55:00-07:00,2025-10-26 21:55:00+00:00,REAL_TIME_5_MIN,SOUTHBY_6_N001,Node,33.36765,8.18954,25.05772,0.12039,0.0
2025-10-26 14:55:00-07:00,2025-10-26 21:55:00+00:00,2025-10-26 15:00:00-07:00,2025-10-26 22:00:00+00:00,REAL_TIME_5_MIN,BALCH1_7_N001,Node,9.0485,8.33956,0.62138,0.08757,0.0
2025-10-26 14:55:00-07:00,2025-10-26 21:55:00+00:00,2025-10-26 15:00:00-07:00,2025-10-26 22:00:00+00:00,REAL_TIME_5_MIN,BEARTAP_1_N001,Node,-7.57181,8.33956,-15.62616,-0.28521,0.0
2025-10-26 14:55:00-07:00,2025-10-26 21:55:00+00:00,2025-10-26 15:00:00-07:00,2025-10-26 22:00:00+00:00,REAL_TIME_5_MIN,SOUTHBY_6_N001,Node,34.65988,8.33956,26.19773,0.12259,0.0
2025-10-26 15:00:00-07:00,2025-10-26 22:00:00+00:00,2025-10-26 15:05:00-07:00,2025-10-26 22:05:00+00:00,REAL_TIME_5_MIN,BALCH1_7_N001,Node,6.0569,3.25573,2.76047,0.0407,0.0
2025-10-26 15:00:00-07:00,2025-10-26 22:00:00+00:00,2025-10-26 15:05:00-07:00,2025-10-26 22:05:00+00:00,REAL_TIME_5_MIN,BEARTAP_1_N001,Node,-8.59058,3.25573,-11.73595,-0.11037,0.0
2025-10-26 15:00:00-07:00,2025-10-26 22:00:00+00:00,2025-10-26 15:05:00-07:00,2025-10-26 22:05:00+00:00,REAL_TIME_5_MIN,SOUTHBY_6_N001,Node,25.45189,3.25573,22.15513,0.04102,0.0
2025-10-26 15:05:00-07:00,2025-10-26 22:05:00+00:00,2025-10-26 15:10:00-07:00,2025-10-26 22:10:00+00:00,REAL_TIME_5_MIN,BALCH1_7_N001,Node,4.57374,2.78692,1.75198,0.03484,0.0
2025-10-26 15:05:00-07:00,2025-10-26 22:05:00+00:00,2025-10-26 15:10:00-07:00,2025-10-26 22:10:00+00:00,REAL_TIME_5_MIN,BEARTAP_1_N001,Node,-8.20261,2.78692,-10.89506,-0.09448,0.0
2025-10-26 15:05:00-07:00,2025-10-26 22:05:00+00:00,2025-10-26 15:10:00-07:00,2025-10-26 22:10:00+00:00,REAL_TIME_5_MIN,SOUTHBY_6_N001,Node,23.27364,2.78692,20.4516,0.03512,0.0
2025-10-26 15:10:00-07:00,2025-10-26 22:10:00+00:00,2025-10-26 15:15:00-07:00,2025-10-26 22:15:00+00:00,REAL_TIME_5_MIN,BALCH1_7_N001,Node,3.0062,2.43199,0.54381,0.0304,0.0
2025-10-26 15:10:00-07:00,2025-10-26 22:10:00+00:00,2025-10-26 15:15:00-07:00,2025-10-26 22:15:00+00:00,REAL_TIME_5_MIN,BEARTAP_1_N001,Node,-9.21075,2.43199,-11.5603,-0.08244,0.0
2025-10-26 15:10:00-07:00,2025-10-26 22:10:00+00:00,2025-10-26 15:15:00-07:00,2025-10-26 22:15:00+00:00,REAL_TIME_5_MIN,SOUTHBY_6_N001,Node,23.91917,2.43199,21.45654,0.03064,0.0
2025-10-26 15:15:00-07:00,2025-10-26 22:15:00+00:00,2025-10-26 15:20:00-07:00,2025-10-26 22:20:00+00:00,REAL_TIME_5_MIN,BALCH1_7_N001,Node,3.30942,2.32142,0.95504,0.03296,0.0
2025-10-26 15:15:00-07:00,2025-10-26 22:15:00+00:00,2025-10-26 15:20:00-07:00,2025-10-26 22:20:00+00:00,REAL_TIME_5_MIN,BEARTAP_1_N001,Node,-8.45752,2.32142,-10.70558,-0.07336,0.0
2025-10-26 15:15:00-07:00,2025-10-26 22:15:00+00:00,2025-10-26 15:20:00-07:00,2025-10-26 22:20:00+00:00,REAL_TIME_5_MIN,SOUTHBY_6_N001,Node,22.64921,2.32142,20.29714,0.03064,0.0
2025-10-26 15:20:00-07:00,2025-10-26 22:20:00+00:00,2025-10-26 15:25:00-07:00,2025-10-26 22:25:00+00:00,REAL_TIME_5_MIN,BALCH1_7_N001,Node,2.26771,1.20387,1.04675,0.01709,0.0
2025-10-26 15:20:00-07:00,2025-10-26 22:20:00+00:00,2025-10-26 15:25:00-07:00,2025-10-26 22:25:00+00:00,REAL_TIME_5_MIN,BEARTAP_1_N001,Node,-9.85229,1.20387,-11.01812,-0.03804,0.0
2025-10-26 15:20:00-07:00,2025-10-26 22:20:00+00:00,2025-10-26 15:25:00-07:00,2025-10-26 22:25:00+00:00,REAL_TIME_5_MIN,SOUTHBY_6_N001,Node,22.123,1.20387,20.90324,0.01589,0.0
2025-10-26 15:25:00-07:00,2025-10-26 22:25:00+00:00,2025-10-26 15:30:00-07:00,2025-10-26 22:30:00+00:00,REAL_TIME_5_MIN,BALCH1_7_N001,Node,2.59265,1.47383,1.09789,0.02093,0.0
2025-10-26 15:25:00-07:00,2025-10-26 22:25:00+00:00,2025-10-26 15:30:00-07:00,2025-10-26 22:30:00+00:00,REAL_TIME_5_MIN,BEARTAP_1_N001,Node,-9.6041,1.47383,-11.03135,-0.04657,0.0
2025-10-26 15:25:00-07:00,2025-10-26 22:25:00+00:00,2025-10-26 15:30:00-07:00,2025-10-26 22:30:00+00:00,REAL_TIME_5_MIN,SOUTHBY_6_N001,Node,22.4322,1.47383,20.93892,0.01945,0.0
2025-10-26 15:30:00-07:00,2025-10-26 22:30:00+00:00,2025-10-26 15:35:00-07:00,2025-10-26 22:35:00+00:00,REAL_TIME_5_MIN,BALCH1_7_N001,Node,3.81954,-0.13575,3.95669,-0.0014,0.0
2025-10-26 15:30:00-07:00,2025-10-26 22:30:00+00:00,2025-10-26 15:35:00-07:00,2025-10-26 22:35:00+00:00,REAL_TIME_5_MIN,BEARTAP_1_N001,Node,-9.6597,-0.13575,-9.52844,0.00449,0.0
2025-10-26 15:30:00-07:00,2025-10-26 22:30:00+00:00,2025-10-26 15:35:00-07:00,2025-10-26 22:35:00+00:00,REAL_TIME_5_MIN,SOUTHBY_6_N001,Node,18.6988,-0.13575,18.83628,-0.00172,0.0
2025-10-26 15:35:00-07:00,2025-10-26 22:35:00+00:00,2025-10-26 15:40:00-07:00,2025-10-26 22:40:00+00:00,REAL_TIME_5_MIN,BALCH1_7_N001,Node,4.49236,1.06468,3.41671,0.01097,0.0
2025-10-26 15:35:00-07:00,2025-10-26 22:35:00+00:00,2025-10-26 15:40:00-07:00,2025-10-26 22:40:00+00:00,REAL_TIME_5_MIN,BEARTAP_1_N001,Node,-9.37257,1.06468,-10.40201,-0.03524,0.0
2025-10-26 15:35:00-07:00,2025-10-26 22:35:00+00:00,2025-10-26 15:40:00-07:00,2025-10-26 22:40:00+00:00,REAL_TIME_5_MIN,SOUTHBY_6_N001,Node,21.44665,1.06468,20.36844,0.01352,0.0
2025-10-26 15:40:00-07:00,2025-10-26 22:40:00+00:00,2025-10-26 15:45:00-07:00,2025-10-26 22:45:00+00:00,REAL_TIME_5_MIN,BALCH1_7_N001,Node,6.42894,5.08864,1.28789,0.05241,0.0
2025-10-26 15:40:00-07:00,2025-10-26 22:40:00+00:00,2025-10-26 15:45:00-07:00,2025-10-26 22:45:00+00:00,REAL_TIME_5_MIN,BEARTAP_1_N001,Node,-8.94658,5.08864,-13.86678,-0.16843,0.0
2025-10-26 15:40:00-07:00,2025-10-26 22:40:00+00:00,2025-10-26 15:45:00-07:00,2025-10-26 22:45:00+00:00,REAL_TIME_5_MIN,SOUTHBY_6_N001,Node,29.79728,5.08864,24.64402,0.06463,0.0
2025-10-26 15:45:00-07:00,2025-10-26 22:45:00+00:00,2025-10-26 15:50:00-07:00,2025-10-26 22:50:00+00:00,REAL_TIME_5_MIN,BALCH1_7_N001,Node,5.77807,3.67282,2.0733,0.03195,0.0
2025-10-26 15:45:00-07:00,2025-10-26 22:45:00+00:00,2025-10-26 15:50:00-07:00,2025-10-26 22:50:00+00:00,REAL_TIME_5_MIN,BEARTAP_1_N001,Node,-8.76092,3.67282,-12.30923,-0.12451,0.0
2025-10-26 15:45:00-07:00,2025-10-26 22:45:00+00:00,2025-10-26 15:50:00-07:00,2025-10-26 22:50:00+00:00,REAL_TIME_5_MIN,SOUTHBY_6_N001,Node,26.87748,3.67282,23.15618,0.04848,0.0
2025-10-26 15:50:00-07:00,2025-10-26 22:50:00+00:00,2025-10-26 15:55:00-07:00,2025-10-26 22:55:00+00:00,REAL_TIME_5_MIN,BALCH1_7_N001,Node,4.64807,3.50792,1.10963,0.03052,0.0
2025-10-26 15:50:00-07:00,2025-10-26 22:50:00+00:00,2025-10-26 15:55:00-07:00,2025-10-26 22:55:00+00:00,REAL_TIME_5_MIN,BEARTAP_1_N001,Node,-8.82651,3.50792,-12.21551,-0.11892,0.0
2025-10-26 15:50:00-07:00,2025-10-26 22:50:00+00:00,2025-10-26 15:55:00-07:00,2025-10-26 22:55:00+00:00,REAL_TIME_5_MIN,SOUTHBY_6_N001,Node,26.96666,3.50792,23.41243,0.0463,0.0
2025-10-26 15:55:00-07:00,2025-10-26 22:55:00+00:00,2025-10-26 16:00:00-07:00,2025-10-26 23:00:00+00:00,REAL_TIME_5_MIN,BALCH1_7_N001,Node,4.50558,1.73469,2.7558,0.01509,0.0
2025-10-26 15:55:00-07:00,2025-10-26 22:55:00+00:00,2025-10-26 16:00:00-07:00,2025-10-26 23:00:00+00:00,REAL_TIME_5_MIN,BEARTAP_1_N001,Node,-9.27896,1.73469,-10.95484,-0.05881,0.0
2025-10-26 15:55:00-07:00,2025-10-26 22:55:00+00:00,2025-10-26 16:00:00-07:00,2025-10-26 23:00:00+00:00,REAL_TIME_5_MIN,SOUTHBY_6_N001,Node,23.13948,1.73469,21.3819,0.0229,0.0
2025-10-26 16:00:00-07:00,2025-10-26 23:00:00+00:00,2025-10-26 16:05:00-07:00,2025-10-26 23:05:00+00:00,REAL_TIME_5_MIN,BALCH1_7_N001,Node,-2.12868,-2.09875,0.01058,-0.04051,0.0
2025-10-26 16:00:00-07:00,2025-10-26 23:00:00+00:00,2025-10-26 16:05:00-07:00,2025-10-26 23:05:00+00:00,REAL_TIME_5_MIN,BEARTAP_1_N001,Node,-12.30111,-2.09875,-10.26784,0.06548,0.0
2025-10-26 16:00:00-07:00,2025-10-26 23:00:00+00:00,2025-10-26 16:05:00-07:00,2025-10-26 23:05:00+00:00,REAL_TIME_5_MIN,SOUTHBY_6_N001,Node,17.86022,-2.09875,19.98332,-0.02435,0.0
2025-10-26 16:05:00-07:00,2025-10-26 23:05:00+00:00,2025-10-26 16:10:00-07:00,2025-10-26 23:10:00+00:00,REAL_TIME_5_MIN,BALCH1_7_N001,Node,-2.4883,-6.49126,4.12824,-0.12528,0.0
2025-10-26 16:05:00-07:00,2025-10-26 23:05:00+00:00,2025-10-26 16:10:00-07:00,2025-10-26 23:10:00+00:00,REAL_TIME_5_MIN,BEARTAP_1_N001,Node,-12.68266,-6.49126,-6.39393,0.20253,0.0
2025-10-26 16:05:00-07:00,2025-10-26 23:05:00+00:00,2025-10-26 16:10:00-07:00,2025-10-26 23:10:00+00:00,REAL_TIME_5_MIN,SOUTHBY_6_N001,Node,6.76619,-6.49126,13.33275,-0.0753,0.0
2025-10-26 16:10:00-07:00,2025-10-26 23:10:00+00:00,2025-10-26 16:15:00-07:00,2025-10-26 23:15:00+00:00,REAL_TIME_5_MIN,BALCH1_7_N001,Node,-0.77736,0.45613,-1.24229,0.0088,0.0
2025-10-26 16:10:00-07:00,2025-10-26 23:10:00+00:00,2025-10-26 16:15:00-07:00,2025-10-26 23:15:00+00:00,REAL_TIME_5_MIN,BEARTAP_1_N001,Node,-11.33221,0.45613,-11.77411,-0.01423,0.0
2025-10-26 16:10:00-07:00,2025-10-26 23:10:00+00:00,2025-10-26 16:15:00-07:00,2025-10-26 23:15:00+00:00,REAL_TIME_5_MIN,SOUTHBY_6_N001,Node,23.10572,0.45613,22.6443,0.00529,0.0
2025-10-26 16:15:00-07:00,2025-10-26 23:15:00+00:00,2025-10-26 16:20:00-07:00,2025-10-26 23:20:00+00:00,REAL_TIME_5_MIN,BALCH1_7_N001,Node,-1.9345,-0.40476,-1.52973,0.0,0.0
2025-10-26 16:15:00-07:00,2025-10-26 23:15:00+00:00,2025-10-26 16:20:00-07:00,2025-10-26 23:20:00+00:00,REAL_TIME_5_MIN,BEARTAP_1_N001,Node,-10.0479,-0.40476,-9.64313,0.0,0.0
2025-10-26 16:15:00-07:00,2025-10-26 23:15:00+00:00,2025-10-26 16:20:00-07:00,2025-10-26 23:20:00+00:00,REAL_TIME_5_MIN,SOUTHBY_6_N001,Node,17.97765,-0.40476,18.38241,0.0,0.0
2025-10-26 16:20:00-07:00,2025-10-26 23:20:00+00:00,2025-10-26 16:25:00-07:00,2025-10-26 23:25:00+00:00,REAL_TIME_5_MIN,BALCH1_7_N001,Node,-1.51831,1.81191,-3.33022,0.0,0.0
2025-10-26 16:20:00-07:00,2025-10-26 23:20:00+00:00,2025-10-26 16:25:00-07:00,2025-10-26 23:25:00+00:00,REAL_TIME_5_MIN,BEARTAP_1_N001,Node,-8.62717,1.81191,-10.43908,0.0,0.0
2025-10-26 16:20:00-07:00,2025-10-26 23:20:00+00:00,2025-10-26 16:25:00-07:00,2025-10-26 23:25:00+00:00,REAL_TIME_5_MIN,SOUTHBY_6_N001,Node,21.34981,1.81191,19.5379,0.0,0.0
2025-10-26 16:25:00-07:00,2025-10-26 23:25:00+00:00,2025-10-26 16:30:00-07:00,2025-10-26 23:30:00+00:00,REAL_TIME_5_MIN,BALCH1_7_N001,Node,-1.71114,3.17993,-4.89108,0.0,0.0
2025-10-26 16:25:00-07:00,2025-10-26 23:25:00+00:00,2025-10-26 16:30:00-07:00,2025-10-26 23:30:00+00:00,REAL_TIME_5_MIN,BEARTAP_1_N001,Node,-6.85804,3.17993,-10.03797,0.0,0.0
2025-10-26 16:25:00-07:00,2025-10-26 23:25:00+00:00,2025-10-26 16:30:00-07:00,2025-10-26 23:30:00+00:00,REAL_TIME_5_MIN,SOUTHBY_6_N001,Node,21.3982,3.17993,18.21827,0.0,0.0
2025-10-26 16:30:00-07:00,2025-10-26 23:30:00+00:00,2025-10-26 16:35:00-07:00,2025-10-26 23:35:00+00:00,REAL_TIME_5_MIN,BALCH1_7_N001,Node,0.75722,9.32938,-8.22884,-0.34332,0.0
2025-10-26 16:30:00-07:00,2025-10-26 23:30:00+00:00,2025-10-26 16:35:00-07:00,2025-10-26 23:35:00+00:00,REAL_TIME_5_MIN,BEARTAP_1_N001,Node,-1.99888,9.32938,-10.99054,-0.33772,0.0
2025-10-26 16:30:00-07:00,2025-10-26 23:30:00+00:00,2025-10-26 16:35:00-07:00,2025-10-26 23:35:00+00:00,REAL_TIME_5_MIN,SOUTHBY_6_N001,Node,29.25973,9.32938,19.78948,0.14087,0.0
2025-10-26 16:35:00-07:00,2025-10-26 23:35:00+00:00,2025-10-26 16:40:00-07:00,2025-10-26 23:40:00+00:00,REAL_TIME_5_MIN,BALCH1_7_N001,Node,4.25169,21.60219,-16.55554,-0.79496,0.0
2025-10-26 16:35:00-07:00,2025-10-26 23:35:00+00:00,2025-10-26 16:40:00-07:00,2025-10-26 23:40:00+00:00,REAL_TIME_5_MIN,BEARTAP_1_N001,Node,9.27281,21.60219,-11.54738,-0.782,0.0
2025-10-26 16:35:00-07:00,2025-10-26 23:35:00+00:00,2025-10-26 16:40:00-07:00,2025-10-26 23:40:00+00:00,REAL_TIME_5_MIN,SOUTHBY_6_N001,Node,40.95664,21.60219,19.02826,0.32619,0.0
2025-10-26 16:40:00-07:00,2025-10-26 23:40:00+00:00,2025-10-26 16:45:00-07:00,2025-10-26 23:45:00+00:00,REAL_TIME_5_MIN,BALCH1_7_N001,Node,10.99008,23.97803,-12.10556,-0.88239,0.0
2025-10-26 16:40:00-07:00,2025-10-26 23:40:00+00:00,2025-10-26 16:45:00-07:00,2025-10-26 23:45:00+00:00,REAL_TIME_5_MIN,BEARTAP_1_N001,Node,13.74052,23.97803,-9.36951,-0.868,0.0
2025-10-26 16:40:00-07:00,2025-10-26 23:40:00+00:00,2025-10-26 16:45:00-07:00,2025-10-26 23:45:00+00:00,REAL_TIME_5_MIN,SOUTHBY_6_N001,Node,40.0756,23.97803,15.73551,0.36207,0.0
2025-10-26 16:45:00-07:00,2025-10-26 23:45:00+00:00,2025-10-26 16:50:00-07:00,2025-10-26 23:50:00+00:00,REAL_TIME_5_MIN,BALCH1_7_N001,Node,12.9767,30.27306,-17.29636,0.0,0.0
2025-10-26 16:45:00-07:00,2025-10-26 23:45:00+00:00,2025-10-26 16:50:00-07:00,2025-10-26 23:50:00+00:00,REAL_TIME_5_MIN,BEARTAP_1_N001,Node,22.44431,30.27306,-7.82875,0.0,0.0
2025-10-26 16:45:00-07:00,2025-10-26 23:45:00+00:00,2025-10-26 16:50:00-07:00,2025-10-26 23:50:00+00:00,REAL_TIME_5_MIN,SOUTHBY_6_N001,Node,41.70027,30.27306,11.42722,0.0,0.0
2025-10-26 16:50:00-07:00,2025-10-26 23:50:00+00:00,2025-10-26 16:55:00-07:00,2025-10-26 23:55:00+00:00,REAL_TIME_5_MIN,BALCH1_7_N001,Node,33.20863,36.75806,-3.54943,0.0,0.0
2025-10-26 16:50:00-07:00,2025-10-26 23:50:00+00:00,2025-10-26 16:55:00-07:00,2025-10-26 23:55:00+00:00,REAL_TIME_5_MIN,BEARTAP_1_N001,Node,34.24362,36.75806,-2.51444,0.0,0.0
2025-10-26 16:50:00-07:00,2025-10-26 23:50:00+00:00,2025-10-26 16:55:00-07:00,2025-10-26 23:55:00+00:00,REAL_TIME_5_MIN,SOUTHBY_6_N001,Node,40.85179,36.75806,4.09372,0.0,0.0
2025-10-26 16:55:00-07:00,2025-10-26 23:55:00+00:00,2025-10-26 17:00:00-07:00,2025-10-27 00:00:00+00:00,REAL_TIME_5_MIN,BALCH1_7_N001,Node,36.98377,40.97114,-3.98737,0.0,0.0
2025-10-26 16:55:00-07:00,2025-10-26 23:55:00+00:00,2025-10-26 17:00:00-07:00,2025-10-27 00:00:00+00:00,REAL_TIME_5_MIN,BEARTAP_1_N001,Node,39.59914,40.97114,-1.372,0.0,0.0
2025-10-26 16:55:00-07:00,2025-10-26 23:55:00+00:00,2025-10-26 17:00:00-07:00,2025-10-27 00:00:00+00:00,REAL_TIME_5_MIN,SOUTHBY_6_N001,Node,42.77188,40.97114,1.80075,0.0,0.0
2025-10-26 17:00:00-07:00,2025-10-27 00:00:00+00:00,2025-10-26 17:05:00-07:00,2025-10-27 00:05:00+00:00,REAL_TIME_5_MIN,BALCH1_7_N001,Node,35.52604,26.07388,10.42732,-0.97516,0.0
2025-10-26 17:00:00-07:00,2025-10-27 00:00:00+00:00,2025-10-26 17:05:00-07:00,2025-10-27 00:05:00+00:00,REAL_TIME_5_MIN,BEARTAP_1_N001,Node,21.23478,26.07388,-4.0986,-0.7405,0.0
2025-10-26 17:00:00-07:00,2025-10-27 00:00:00+00:00,2025-10-26 17:05:00-07:00,2025-10-27 00:05:00+00:00,REAL_TIME_5_MIN,SOUTHBY_6_N001,Node,36.68165,26.07388,10.27664,0.33114,0.0
2025-10-26 17:05:00-07:00,2025-10-27 00:05:00+00:00,2025-10-26 17:10:00-07:00,2025-10-27 00:10:00+00:00,REAL_TIME_5_MIN,BALCH1_7_N001,Node,33.44345,27.23305,7.22891,-1.01852,0.0
2025-10-26 17:05:00-07:00,2025-10-27 00:05:00+00:00,2025-10-26 17:10:00-07:00,2025-10-27 00:10:00+00:00,REAL_TIME_5_MIN,BEARTAP_1_N001,Node,23.61821,27.23305,-2.84142,-0.77342,0.0
2025-10-26 17:05:00-07:00,2025-10-27 00:05:00+00:00,2025-10-26 17:10:00-07:00,2025-10-27 00:10:00+00:00,REAL_TIME_5_MIN,SOUTHBY_6_N001,Node,34.70336,27.23305,7.12445,0.34586,0.0
2025-10-26 17:10:00-07:00,2025-10-27 00:10:00+00:00,2025-10-26 17:15:00-07:00,2025-10-27 00:15:00+00:00,REAL_TIME_5_MIN,BALCH1_7_N001,Node,37.32753,35.48105,3.17347,-1.32699,0.0
2025-10-26 17:10:00-07:00,2025-10-27 00:10:00+00:00,2025-10-26 17:15:00-07:00,2025-10-27 00:15:00+00:00,REAL_TIME_5_MIN,BEARTAP_1_N001,Node,31.4586,35.48105,-3.0148,-1.00766,0.0
2025-10-26 17:10:00-07:00,2025-10-27 00:10:00+00:00,2025-10-26 17:15:00-07:00,2025-10-27 00:15:00+00:00,REAL_TIME_5_MIN,SOUTHBY_6_N001,Node,38.15309,35.48105,2.22143,0.45061,0.0
2025-10-26 17:15:00-07:00,2025-10-27 00:15:00+00:00,2025-10-26 17:20:00-07:00,2025-10-27 00:20:00+00:00,REAL_TIME_5_MIN,BALCH1_7_N001,Node,40.00157,41.27432,0.44425,-1.71701,0.0
2025-10-26 17:15:00-07:00,2025-10-27 00:15:00+00:00,2025-10-26 17:20:00-07:00,2025-10-27 00:20:00+00:00,REAL_TIME_5_MIN,BEARTAP_1_N001,Node,40.10962,41.27432,-0.17412,-0.99058,0.0
2025-10-26 17:15:00-07:00,2025-10-27 00:15:00+00:00,2025-10-26 17:20:00-07:00,2025-10-27 00:20:00+00:00,REAL_TIME_5_MIN,SOUTHBY_6_N001,Node,42.36018,41.27432,0.43785,0.64801,0.0
2025-10-26 17:20:00-07:00,2025-10-27 00:20:00+00:00,2025-10-26 17:25:00-07:00,2025-10-27 00:25:00+00:00,REAL_TIME_5_MIN,BALCH1_7_N001,Node,42.27807,44.11317,0.0,-1.83511,0.0
2025-10-26 17:20:00-07:00,2025-10-27 00:20:00+00:00,2025-10-26 17:25:00-07:00,2025-10-27 00:25:00+00:00,REAL_TIME_5_MIN,BEARTAP_1_N001,Node,43.05446,44.11317,0.0,-1.05872,0.0
2025-10-26 17:20:00-07:00,2025-10-27 00:20:00+00:00,2025-10-26 17:25:00-07:00,2025-10-27 00:25:00+00:00,REAL_TIME_5_MIN,SOUTHBY_6_N001,Node,44.80575,44.11317,0.0,0.69258,0.0
2025-10-26 17:25:00-07:00,2025-10-27 00:25:00+00:00,2025-10-26 17:30:00-07:00,2025-10-27 00:30:00+00:00,REAL_TIME_5_MIN,BALCH1_7_N001,Node,45.11555,47.07382,0.0,-1.95827,0.0
2025-10-26 17:25:00-07:00,2025-10-27 00:25:00+00:00,2025-10-26 17:30:00-07:00,2025-10-27 00:30:00+00:00,REAL_TIME_5_MIN,BEARTAP_1_N001,Node,45.94405,47.07382,0.0,-1.12977,0.0
2025-10-26 17:25:00-07:00,2025-10-27 00:25:00+00:00,2025-10-26 17:30:00-07:00,2025-10-27 00:30:00+00:00,REAL_TIME_5_MIN,SOUTHBY_6_N001,Node,47.81288,47.07382,0.0,0.73906,0.0
2025-10-26 17:30:00-07:00,2025-10-27 00:30:00+00:00,2025-10-26 17:35:00-07:00,2025-10-27 00:35:00+00:00,REAL_TIME_5_MIN,BALCH1_7_N001,Node,48.77413,50.57459,0.0,-1.80046,0.0
2025-10-26 17:30:00-07:00,2025-10-27 00:30:00+00:00,2025-10-26 17:35:00-07:00,2025-10-27 00:35:00+00:00,REAL_TIME_5_MIN,BEARTAP_1_N001,Node,49.37091,50.57459,0.0,-1.20368,0.0
2025-10-26 17:30:00-07:00,2025-10-27 00:30:00+00:00,2025-10-26 17:35:00-07:00,2025-10-27 00:35:00+00:00,REAL_TIME_5_MIN,SOUTHBY_6_N001,Node,51.0601,50.57459,0.0,0.48552,0.0
2025-10-26 17:35:00-07:00,2025-10-27 00:35:00+00:00,2025-10-26 17:40:00-07:00,2025-10-27 00:40:00+00:00,REAL_TIME_5_MIN,BALCH1_7_N001,Node,50.12474,51.97505,0.0,-1.85031,0.0
2025-10-26 17:35:00-07:00,2025-10-27 00:35:00+00:00,2025-10-26 17:40:00-07:00,2025-10-27 00:40:00+00:00,REAL_TIME_5_MIN,BEARTAP_1_N001,Node,50.73805,51.97505,0.0,-1.23701,0.0
2025-10-26 17:35:00-07:00,2025-10-27 00:35:00+00:00,2025-10-26 17:40:00-07:00,2025-10-27 00:40:00+00:00,REAL_TIME_5_MIN,SOUTHBY_6_N001,Node,52.47401,51.97505,0.0,0.49896,0.0
2025-10-26 17:40:00-07:00,2025-10-27 00:40:00+00:00,2025-10-26 17:45:00-07:00,2025-10-27 00:45:00+00:00,REAL_TIME_5_MIN,BALCH1_7_N001,Node,52.30366,54.23441,0.0,-1.93074,0.0
2025-10-26 17:40:00-07:00,2025-10-27 00:40:00+00:00,2025-10-26 17:45:00-07:00,2025-10-27 00:45:00+00:00,REAL_TIME_5_MIN,BEARTAP_1_N001,Node,52.94363,54.23441,0.0,-1.29078,0.0
2025-10-26 17:40:00-07:00,2025-10-27 00:40:00+00:00,2025-10-26 17:45:00-07:00,2025-10-27 00:45:00+00:00,REAL_TIME_5_MIN,SOUTHBY_6_N001,Node,54.75506,54.23441,0.0,0.52065,0.0
2025-10-26 17:45:00-07:00,2025-10-27 00:45:00+00:00,2025-10-26 17:50:00-07:00,2025-10-27 00:50:00+00:00,REAL_TIME_5_MIN,BALCH1_7_N001,Node,51.05498,52.62315,0.0,-1.56817,0.0
2025-10-26 17:45:00-07:00,2025-10-27 00:45:00+00:00,2025-10-26 17:50:00-07:00,2025-10-27 00:50:00+00:00,REAL_TIME_5_MIN,BEARTAP_1_N001,Node,51.51807,52.62315,0.0,-1.10509,0.0
2025-10-26 17:45:00-07:00,2025-10-27 00:45:00+00:00,2025-10-26 17:50:00-07:00,2025-10-27 00:50:00+00:00,REAL_TIME_5_MIN,SOUTHBY_6_N001,Node,52.71261,52.62315,0.0,0.08946,0.0
2025-10-26 17:50:00-07:00,2025-10-27 00:50:00+00:00,2025-10-26 17:55:00-07:00,2025-10-27 00:55:00+00:00,REAL_TIME_5_MIN,BALCH1_7_N001,Node,48.77662,50.27481,0.0,-1.49819,0.0
2025-10-26 17:50:00-07:00,2025-10-27 00:50:00+00:00,2025-10-26 17:55:00-07:00,2025-10-27 00:55:00+00:00,REAL_TIME_5_MIN,BEARTAP_1_N001,Node,49.21904,50.27481,0.0,-1.05577,0.0
2025-10-26 17:50:00-07:00,2025-10-27 00:50:00+00:00,2025-10-26 17:55:00-07:00,2025-10-27 00:55:00+00:00,REAL_TIME_5_MIN,SOUTHBY_6_N001,Node,50.36028,50.27481,0.0,0.08547,0.0
2025-10-26 17:55:00-07:00,2025-10-27 00:55:00+00:00,2025-10-26 18:00:00-07:00,2025-10-27 01:00:00+00:00,REAL_TIME_5_MIN,BALCH1_7_N001,Node,48.71841,50.21481,0.0,-1.4964,0.0
2025-10-26 17:55:00-07:00,2025-10-27 00:55:00+00:00,2025-10-26 18:00:00-07:00,2025-10-27 01:00:00+00:00,REAL_TIME_5_MIN,BEARTAP_1_N001,Node,49.1603,50.21481,0.0,-1.05451,0.0
2025-10-26 17:55:00-07:00,2025-10-27 00:55:00+00:00,2025-10-26 18:00:00-07:00,2025-10-27 01:00:00+00:00,REAL_TIME_5_MIN,SOUTHBY_6_N001,Node,50.30018,50.21481,0.0,0.08537,0.0
2025-10-26 18:00:00-07:00,2025-10-27 01:00:00+00:00,2025-10-26 18:05:00-07:00,2025-10-27 01:05:00+00:00,REAL_TIME_5_MIN,BALCH1_7_N001,Node,39.42249,39.01367,1.1969,-0.78808,0.0
2025-10-26 18:00:00-07:00,2025-10-27 01:00:00+00:00,2025-10-26 18:05:00-07:00,2025-10-27 01:05:00+00:00,REAL_TIME_5_MIN,BEARTAP_1_N001,Node,37.88042,39.01367,-0.47392,-0.65933,0.0
2025-10-26 18:00:00-07:00,2025-10-27 01:00:00+00:00,2025-10-26 18:05:00-07:00,2025-10-27 01:05:00+00:00,REAL_TIME_5_MIN,SOUTHBY_6_N001,Node,40.80189,39.01367,1.17961,0.60861,0.0
2025-10-26 18:05:00-07:00,2025-10-27 01:05:00+00:00,2025-10-26 18:10:00-07:00,2025-10-27 01:10:00+00:00,REAL_TIME_5_MIN,BALCH1_7_N001,Node,38.68097,38.1918,1.26065,-0.77147,0.0
2025-10-26 18:05:00-07:00,2025-10-27 01:05:00+00:00,2025-10-26 18:10:00-07:00,2025-10-27 01:10:00+00:00,REAL_TIME_5_MIN,BEARTAP_1_N001,Node,37.04719,38.1918,-0.49916,-0.64544,0.0
2025-10-26 18:05:00-07:00,2025-10-27 01:05:00+00:00,2025-10-26 18:10:00-07:00,2025-10-27 01:10:00+00:00,REAL_TIME_5_MIN,SOUTHBY_6_N001,Node,40.03002,38.1918,1.24243,0.59579,0.0
2025-10-26 18:10:00-07:00,2025-10-27 01:10:00+00:00,2025-10-26 18:15:00-07:00,2025-10-27 01:15:00+00:00,REAL_TIME_5_MIN,BALCH1_7_N001,Node,39.25405,38.5279,1.50441,-0.77826,0.0
2025-10-26 18:10:00-07:00,2025-10-27 01:10:00+00:00,2025-10-26 18:15:00-07:00,2025-10-27 01:15:00+00:00,REAL_TIME_5_MIN,BEARTAP_1_N001,Node,37.2811,38.5279,-0.59568,-0.65112,0.0
2025-10-26 18:10:00-07:00,2025-10-27 01:10:00+00:00,2025-10-26 18:15:00-07:00,2025-10-27 01:15:00+00:00,REAL_TIME_5_MIN,SOUTHBY_6_N001,Node,40.61161,38.5279,1.48267,0.60104,0.0
2025-10-26 18:15:00-07:00,2025-10-27 01:15:00+00:00,2025-10-26 18:20:00-07:00,2025-10-27 01:20:00+00:00,REAL_TIME_5_MIN,BALCH1_7_N001,Node,39.32911,38.78071,1.35892,-0.81052,0.0
2025-10-26 18:15:00-07:00,2025-10-27 01:15:00+00:00,2025-10-26 18:20:00-07:00,2025-10-27 01:20:00+00:00,REAL_TIME_5_MIN,BEARTAP_1_N001,Node,37.63216,38.78071,-0.54357,-0.60498,0.0
2025-10-26 18:15:00-07:00,2025-10-27 01:15:00+00:00,2025-10-26 18:20:00-07:00,2025-10-27 01:20:00+00:00,REAL_TIME_5_MIN,SOUTHBY_6_N001,Node,40.71716,38.78071,1.33923,0.59722,0.0
2025-10-26 18:20:00-07:00,2025-10-27 01:20:00+00:00,2025-10-26 18:25:00-07:00,2025-10-27 01:25:00+00:00,REAL_TIME_5_MIN,BALCH1_7_N001,Node,38.68449,39.36121,0.14593,-0.82265,0.0
2025-10-26 18:20:00-07:00,2025-10-27 01:20:00+00:00,2025-10-26 18:25:00-07:00,2025-10-27 01:25:00+00:00,REAL_TIME_5_MIN,BEARTAP_1_N001,Node,38.6888,39.36121,-0.05837,-0.61403,0.0
2025-10-26 18:20:00-07:00,2025-10-27 01:20:00+00:00,2025-10-26 18:25:00-07:00,2025-10-27 01:25:00+00:00,REAL_TIME_5_MIN,SOUTHBY_6_N001,Node,40.11119,39.36121,0.14381,0.60616,0.0
2025-10-26 18:25:00-07:00,2025-10-27 01:25:00+00:00,2025-10-26 18:30:00-07:00,2025-10-27 01:30:00+00:00,REAL_TIME_5_MIN,BALCH1_7_N001,Node,37.93338,38.74311,0.0,-0.80973,0.0
2025-10-26 18:25:00-07:00,2025-10-27 01:25:00+00:00,2025-10-26 18:30:00-07:00,2025-10-27 01:30:00+00:00,REAL_TIME_5_MIN,BEARTAP_1_N001,Node,38.13872,38.74311,0.0,-0.60439,0.0
2025-10-26 18:25:00-07:00,2025-10-27 01:25:00+00:00,2025-10-26 18:30:00-07:00,2025-10-27 01:30:00+00:00,REAL_TIME_5_MIN,SOUTHBY_6_N001,Node,39.33975,38.74311,0.0,0.59664,0.0
2025-10-26 18:30:00-07:00,2025-10-27 01:30:00+00:00,2025-10-26 18:35:00-07:00,2025-10-27 01:35:00+00:00,REAL_TIME_5_MIN,BALCH1_7_N001,Node,38.68981,39.63276,0.00428,-0.94722,0.0
2025-10-26 18:30:00-07:00,2025-10-27 01:30:00+00:00,2025-10-26 18:35:00-07:00,2025-10-27 01:35:00+00:00,REAL_TIME_5_MIN,BEARTAP_1_N001,Node,38.93745,39.63276,-0.00173,-0.69357,0.0
2025-10-26 18:30:00-07:00,2025-10-27 01:30:00+00:00,2025-10-26 18:35:00-07:00,2025-10-27 01:35:00+00:00,REAL_TIME_5_MIN,SOUTHBY_6_N001,Node,40.23146,39.63276,0.00422,0.59449,0.0
2025-10-26 18:35:00-07:00,2025-10-27 01:35:00+00:00,2025-10-26 18:40:00-07:00,2025-10-27 01:40:00+00:00,REAL_TIME_5_MIN,BALCH1_7_N001,Node,38.98453,39.93688,0.00214,-0.95449,0.0
2025-10-26 18:35:00-07:00,2025-10-27 01:35:00+00:00,2025-10-26 18:40:00-07:00,2025-10-27 01:40:00+00:00,REAL_TIME_5_MIN,BEARTAP_1_N001,Node,39.23712,39.93688,-0.00086,-0.6989,0.0
2025-10-26 18:35:00-07:00,2025-10-27 01:35:00+00:00,2025-10-26 18:40:00-07:00,2025-10-27 01:40:00+00:00,REAL_TIME_5_MIN,SOUTHBY_6_N001,Node,40.53804,39.93688,0.00211,0.59905,0.0
2025-10-26 18:40:00-07:00,2025-10-27 01:40:00+00:00,2025-10-26 18:45:00-07:00,2025-10-27 01:45:00+00:00,REAL_TIME_5_MIN,BALCH1_7_N001,Node,38.33877,39.27312,0.00428,-0.93863,0.0
2025-10-26 18:40:00-07:00,2025-10-27 01:40:00+00:00,2025-10-26 18:45:00-07:00,2025-10-27 01:45:00+00:00,REAL_TIME_5_MIN,BEARTAP_1_N001,Node,38.58411,39.27312,-0.00173,-0.68728,0.0
2025-10-26 18:40:00-07:00,2025-10-27 01:40:00+00:00,2025-10-26 18:45:00-07:00,2025-10-27 01:45:00+00:00,REAL_TIME_5_MIN,SOUTHBY_6_N001,Node,39.86643,39.27312,0.00422,0.5891,0.0
2025-10-26 18:45:00-07:00,2025-10-27 01:45:00+00:00,2025-10-26 18:50:00-07:00,2025-10-27 01:50:00+00:00,REAL_TIME_5_MIN,BALCH1_7_N001,Node,38.63882,39.28373,0.33718,-0.98209,0.0
2025-10-26 18:45:00-07:00,2025-10-27 01:45:00+00:00,2025-10-26 18:50:00-07:00,2025-10-27 01:50:00+00:00,REAL_TIME_5_MIN,BEARTAP_1_N001,Node,38.47042,39.28373,-0.13762,-0.67568,0.0
2025-10-26 18:45:00-07:00,2025-10-27 01:45:00+00:00,2025-10-26 18:50:00-07:00,2025-10-27 01:50:00+00:00,REAL_TIME_5_MIN,SOUTHBY_6_N001,Node,40.1699,39.28373,0.33227,0.5539,0.0
2025-10-26 18:50:00-07:00,2025-10-27 01:50:00+00:00,2025-10-26 18:55:00-07:00,2025-10-27 01:55:00+00:00,REAL_TIME_5_MIN,BALCH1_7_N001,Node,38.37552,38.47312,0.86423,-0.96183,0.0
2025-10-26 18:50:00-07:00,2025-10-27 01:50:00+00:00,2025-10-26 18:55:00-07:00,2025-10-27 01:55:00+00:00,REAL_TIME_5_MIN,BEARTAP_1_N001,Node,37.45863,38.47312,-0.35275,-0.66174,0.0
2025-10-26 18:50:00-07:00,2025-10-27 01:50:00+00:00,2025-10-26 18:55:00-07:00,2025-10-27 01:55:00+00:00,REAL_TIME_5_MIN,SOUTHBY_6_N001,Node,39.86722,38.47312,0.85163,0.54247,0.0
2025-10-26 18:55:00-07:00,2025-10-27 01:55:00+00:00,2025-10-26 19:00:00-07:00,2025-10-27 02:00:00+00:00,REAL_TIME_5_MIN,BALCH1_7_N001,Node,37.99632,38.96624,0.00424,-0.97416,0.0
2025-10-26 18:55:00-07:00,2025-10-27 01:55:00+00:00,2025-10-26 19:00:00-07:00,2025-10-27 02:00:00+00:00,REAL_TIME_5_MIN,BEARTAP_1_N001,Node,38.29429,38.96624,-0.00173,-0.67022,0.0
2025-10-26 18:55:00-07:00,2025-10-27 01:55:00+00:00,2025-10-26 19:00:00-07:00,2025-10-27 02:00:00+00:00,REAL_TIME_5_MIN,SOUTHBY_6_N001,Node,39.51984,38.96624,0.00418,0.54942,0.0
2025-10-26 19:00:00-07:00,2025-10-27 02:00:00+00:00,2025-10-26 19:05:00-07:00,2025-10-27 02:05:00+00:00,REAL_TIME_5_MIN,BALCH1_7_N001,Node,40.0,40.0,0.0,0.0,0.0
2025-10-26 19:00:00-07:00,2025-10-27 02:00:00+00:00,2025-10-26 19:05:00-07:00,2025-10-27 02:05:00+00:00,REAL_TIME_5_MIN,BEARTAP_1_N001,Node,40.0,40.0,0.0,0.0,0.0
2025-10-26 19:00:00-07:00,2025-10-27 02:00:00+00:00,2025-10-26 19:05:00-07:00,2025-10-27 02:05:00+00:00,REAL_TIME_5_MIN,SOUTHBY_6_N001,Node,40.0,40.0,0.0,0.0,0.0
2025-10-26 19:05:00-07:00,2025-10-27 02:05:00+00:00,2025-10-26 19:10:00-07:00,2025-10-27 02:10:00+00:00,REAL_TIME_5_MIN,BALCH1_7_N001,Node,40.0,40.0,0.0,0.0,0.0
2025-10-26 19:05:00-07:00,2025-10-27 02:05:00+00:00,2025-10-26 19:10:00-07:00,2025-10-27 02:10:00+00:00,REAL_TIME_5_MIN,BEARTAP_1_N001,Node,40.0,40.0,0.0,0.0,0.0
2025-10-26 19:05:00-07:00,2025-10-27 02:05:00+00:00,2025-10-26 19:10:00-07:00,2025-10-27 02:10:00+00:00,REAL_TIME_5_MIN,SOUTHBY_6_N001,Node,40.0,40.0,0.0,0.0,0.0
2025-10-26 19:10:00-07:00,2025-10-27 02:10:00+00:00,2025-10-26 19:15:00-07:00,2025-10-27 02:15:00+00:00,REAL_TIME_5_MIN,BALCH1_7_N001,Node,40.0,40.0,0.0,0.0,0.0
2025-10-26 19:10:00-07:00,2025-10-27 02:10:00+00:00,2025-10-26 19:15:00-07:00,2025-10-27 02:15:00+00:00,REAL_TIME_5_MIN,BEARTAP_1_N001,Node,40.0,40.0,0.0,0.0,0.0
2025-10-26 19:10:00-07:00,2025-10-27 02:10:00+00:00,2025-10-26 19:15:00-07:00,2025-10-27 02:15:00+00:00,REAL_TIME_5_MIN,SOUTHBY_6_N001,Node,40.0,40.0,0.0,0.0,0.0
2025-10-26 19:15:00-07:00,2025-10-27 02:15:00+00:00,2025-10-26 19:20:00-07:00,2025-10-27 02:20:00+00:00,REAL_TIME_5_MIN,BALCH1_7_N001,Node,39.9988,39.9988,0.0,0.0,0.0
2025-10-26 19:15:00-07:00,2025-10-27 02:15:00+00:00,2025-10-26 19:20:00-07:00,2025-10-27 02:20:00+00:00,REAL_TIME_5_MIN,BEARTAP_1_N001,Node,39.9988,39.9988,0.0,0.0,0.0
2025-10-26 19:15:00-07:00,2025-10-27 02:15:00+00:00,2025-10-26 19:20:00-07:00,2025-10-27 02:20:00+00:00,REAL_TIME_5_MIN,SOUTHBY_6_N001,Node,39.9988,39.9988,0.0,0.0,0.0
2025-10-26 19:20:00-07:00,2025-10-27 02:20:00+00:00,2025-10-26 19:25:00-07:00,2025-10-27 02:25:00+00:00,REAL_TIME_5_MIN,BALCH1_7_N001,Node,40.0,40.0,0.0,0.0,0.0
2025-10-26 19:20:00-07:00,2025-10-27 02:20:00+00:00,2025-10-26 19:25:00-07:00,2025-10-27 02:25:00+00:00,REAL_TIME_5_MIN,BEARTAP_1_N001,Node,40.0,40.0,0.0,0.0,0.0
2025-10-26 19:20:00-07:00,2025-10-27 02:20:00+00:00,2025-10-26 19:25:00-07:00,2025-10-27 02:25:00+00:00,REAL_TIME_5_MIN,SOUTHBY_6_N001,Node,40.0,40.0,0.0,0.0,0.0
2025-10-26 19:25:00-07:00,2025-10-27 02:25:00+00:00,2025-10-26 19:30:00-07:00,2025-10-27 02:30:00+00:00,REAL_TIME_5_MIN,BALCH1_7_N001,Node,38.81555,38.81555,0.0,0.0,0.0
2025-10-26 19:25:00-07:00,2025-10-27 02:25:00+00:00,2025-10-26 19:30:00-07:00,2025-10-27 02:30:00+00:00,REAL_TIME_5_MIN,BEARTAP_1_N001,Node,38.81555,38.81555,0.0,0.0,0.0
2025-10-26 19:25:00-07:00,2025-10-27 02:25:00+00:00,2025-10-26 19:30:00-07:00,2025-10-27 02:30:00+00:00,REAL_TIME_5_MIN,SOUTHBY_6_N001,Node,38.81555,38.81555,0.0,0.0,0.0
2025-10-26 19:30:00-07:00,2025-10-27 02:30:00+00:00,2025-10-26 19:35:00-07:00,2025-10-27 02:35:00+00:00,REAL_TIME_5_MIN,BALCH1_7_N001,Node,37.4225,38.18808,0.002,-0.76758,0.0
2025-10-26 19:30:00-07:00,2025-10-27 02:30:00+00:00,2025-10-26 19:35:00-07:00,2025-10-27 02:35:00+00:00,REAL_TIME_5_MIN,BEARTAP_1_N001,Node,37.52165,38.18808,-0.00195,-0.66447,0.0
2025-10-26 19:30:00-07:00,2025-10-27 02:30:00+00:00,2025-10-26 19:35:00-07:00,2025-10-27 02:35:00+00:00,REAL_TIME_5_MIN,SOUTHBY_6_N001,Node,38.80425,38.18808,0.00135,0.61483,0.0
2025-10-26 19:35:00-07:00,2025-10-27 02:35:00+00:00,2025-10-26 19:40:00-07:00,2025-10-27 02:40:00+00:00,REAL_TIME_5_MIN,BALCH1_7_N001,Node,37.35025,38.11231,0.004,-0.76606,0.0
2025-10-26 19:35:00-07:00,2025-10-27 02:35:00+00:00,2025-10-26 19:40:00-07:00,2025-10-27 02:40:00+00:00,REAL_TIME_5_MIN,BEARTAP_1_N001,Node,37.44525,38.11231,-0.0039,-0.66315,0.0
2025-10-26 19:35:00-07:00,2025-10-27 02:35:00+00:00,2025-10-26 19:40:00-07:00,2025-10-27 02:40:00+00:00,REAL_TIME_5_MIN,SOUTHBY_6_N001,Node,38.72862,38.11231,0.0027,0.61361,0.0
2025-10-26 19:40:00-07:00,2025-10-27 02:40:00+00:00,2025-10-26 19:45:00-07:00,2025-10-27 02:45:00+00:00,REAL_TIME_5_MIN,BALCH1_7_N001,Node,37.24963,38.00722,0.00635,-0.76395,0.0
2025-10-26 19:40:00-07:00,2025-10-27 02:40:00+00:00,2025-10-26 19:45:00-07:00,2025-10-27 02:45:00+00:00,REAL_TIME_5_MIN,BEARTAP_1_N001,Node,37.34328,38.00722,-0.00262,-0.66133,0.0
2025-10-26 19:40:00-07:00,2025-10-27 02:40:00+00:00,2025-10-26 19:45:00-07:00,2025-10-27 02:45:00+00:00,REAL_TIME_5_MIN,SOUTHBY_6_N001,Node,38.62536,38.00722,0.00622,0.61192,0.0
2025-10-26 19:45:00-07:00,2025-10-27 02:45:00+00:00,2025-10-26 19:50:00-07:00,2025-10-27 02:50:00+00:00,REAL_TIME_5_MIN,BALCH1_7_N001,Node,37.03819,37.79524,0.00641,-0.76346,0.0
2025-10-26 19:45:00-07:00,2025-10-27 02:45:00+00:00,2025-10-26 19:50:00-07:00,2025-10-27 02:50:00+00:00,REAL_TIME_5_MIN,BEARTAP_1_N001,Node,37.17276,37.79524,-0.00264,-0.61984,0.0
2025-10-26 19:45:00-07:00,2025-10-27 02:45:00+00:00,2025-10-26 19:50:00-07:00,2025-10-27 02:50:00+00:00,REAL_TIME_5_MIN,SOUTHBY_6_N001,Node,38.42515,37.79524,0.00628,0.62362,0.0
2025-10-26 19:50:00-07:00,2025-10-27 02:50:00+00:00,2025-10-26 19:55:00-07:00,2025-10-27 02:55:00+00:00,REAL_TIME_5_MIN,BALCH1_7_N001,Node,37.03819,37.79524,0.00641,-0.76346,0.0
2025-10-26 19:50:00-07:00,2025-10-27 02:50:00+00:00,2025-10-26 19:55:00-07:00,2025-10-27 02:55:00+00:00,REAL_TIME_5_MIN,BEARTAP_1_N001,Node,37.17276,37.79524,-0.00264,-0.61984,0.0
2025-10-26 19:50:00-07:00,2025-10-27 02:50:00+00:00,2025-10-26 19:55:00-07:00,2025-10-27 02:55:00+00:00,REAL_TIME_5_MIN,SOUTHBY_6_N001,Node,38.42515,37.79524,0.00628,0.62362,0.0
2025-10-26 19:55:00-07:00,2025-10-27 02:55:00+00:00,2025-10-26 20:00:00-07:00,2025-10-27 03:00:00+00:00,REAL_TIME_5_MIN,BALCH1_7_N001,Node,37.40722,38.17842,0.0,-0.7712,0.0
2025-10-26 19:55:00-07:00,2025-10-27 02:55:00+00:00,2025-10-26 20:00:00-07:00,2025-10-27 03:00:00+00:00,REAL_TIME_5_MIN,BEARTAP_1_N001,Node,37.5523,38.17842,0.0,-0.62613,0.0
2025-10-26 19:55:00-07:00,2025-10-27 02:55:00+00:00,2025-10-26 20:00:00-07:00,2025-10-27 03:00:00+00:00,REAL_TIME_5_MIN,SOUTHBY_6_N001,Node,38.80837,38.17842,0.0,0.62994,0.0
2025-10-26 20:00:00-07:00,2025-10-27 03:00:00+00:00,2025-10-26 20:05:00-07:00,2025-10-27 03:05:00+00:00,REAL_TIME_5_MIN,BALCH1_7_N001,Node,39.23996,39.87801,0.0,-0.63805,0.0
2025-10-26 20:00:00-07:00,2025-10-27 03:00:00+00:00,2025-10-26 20:05:00-07:00,2025-10-27 03:05:00+00:00,REAL_TIME_5_MIN,BEARTAP_1_N001,Node,39.12033,39.87801,0.0,-0.75768,0.0
2025-10-26 20:00:00-07:00,2025-10-27 03:00:00+00:00,2025-10-26 20:05:00-07:00,2025-10-27 03:05:00+00:00,REAL_TIME_5_MIN,SOUTHBY_6_N001,Node,40.46422,39.87801,0.0,0.58621,0.0
2025-10-26 20:05:00-07:00,2025-10-27 03:05:00+00:00,2025-10-26 20:10:00-07:00,2025-10-27 03:10:00+00:00,REAL_TIME_5_MIN,BALCH1_7_N001,Node,38.61566,39.24356,0.0,-0.6279,0.0
2025-10-26 20:05:00-07:00,2025-10-27 03:05:00+00:00,2025-10-26 20:10:00-07:00,2025-10-27 03:10:00+00:00,REAL_TIME_5_MIN,BEARTAP_1_N001,Node,38.49793,39.24356,0.0,-0.74563,0.0
2025-10-26 20:05:00-07:00,2025-10-27 03:05:00+00:00,2025-10-26 20:10:00-07:00,2025-10-27 03:10:00+00:00,REAL_TIME_5_MIN,SOUTHBY_6_N001,Node,39.82044,39.24356,0.0,0.57688,0.0
2025-10-26 20:10:00-07:00,2025-10-27 03:10:00+00:00,2025-10-26 20:15:00-07:00,2025-10-27 03:15:00+00:00,REAL_TIME_5_MIN,BALCH1_7_N001,Node,38.52453,39.15094,0.0,-0.62642,0.0
2025-10-26 20:10:00-07:00,2025-10-27 03:10:00+00:00,2025-10-26 20:15:00-07:00,2025-10-27 03:15:00+00:00,REAL_TIME_5_MIN,BEARTAP_1_N001,Node,38.40708,39.15094,0.0,-0.74387,0.0
2025-10-26 20:10:00-07:00,2025-10-27 03:10:00+00:00,2025-10-26 20:15:00-07:00,2025-10-27 03:15:00+00:00,REAL_TIME_5_MIN,SOUTHBY_6_N001,Node,39.72646,39.15094,0.0,0.57552,0.0
2025-10-26 20:15:00-07:00,2025-10-27 03:15:00+00:00,2025-10-26 20:20:00-07:00,2025-10-27 03:20:00+00:00,REAL_TIME_5_MIN,BALCH1_7_N001,Node,37.74815,38.34635,0.0,-0.5982,0.0
2025-10-26 20:15:00-07:00,2025-10-27 03:15:00+00:00,2025-10-26 20:20:00-07:00,2025-10-27 03:20:00+00:00,REAL_TIME_5_MIN,BEARTAP_1_N001,Node,37.7098,38.34635,0.0,-0.63655,0.0
2025-10-26 20:15:00-07:00,2025-10-27 03:15:00+00:00,2025-10-26 20:20:00-07:00,2025-10-27 03:20:00+00:00,REAL_TIME_5_MIN,SOUTHBY_6_N001,Node,38.94456,38.34635,0.0,0.5982,0.0
2025-10-26 20:20:00-07:00,2025-10-27 03:20:00+00:00,2025-10-26 20:25:00-07:00,2025-10-27 03:25:00+00:00,REAL_TIME_5_MIN,BALCH1_7_N001,Node,37.48733,38.0814,0.0,-0.59407,0.0
2025-10-26 20:20:00-07:00,2025-10-27 03:20:00+00:00,2025-10-26 20:25:00-07:00,2025-10-27 03:25:00+00:00,REAL_TIME_5_MIN,BEARTAP_1_N001,Node,37.44924,38.0814,0.0,-0.63215,0.0
2025-10-26 20:20:00-07:00,2025-10-27 03:20:00+00:00,2025-10-26 20:25:00-07:00,2025-10-27 03:25:00+00:00,REAL_TIME_5_MIN,SOUTHBY_6_N001,Node,38.67547,38.0814,0.0,0.59407,0.0
2025-10-26 20:25:00-07:00,2025-10-27 03:25:00+00:00,2025-10-26 20:30:00-07:00,2025-10-27 03:30:00+00:00,REAL_TIME_5_MIN,BALCH1_7_N001,Node,37.48733,38.0814,0.0,-0.59407,0.0
2025-10-26 20:25:00-07:00,2025-10-27 03:25:00+00:00,2025-10-26 20:30:00-07:00,2025-10-27 03:30:00+00:00,REAL_TIME_5_MIN,BEARTAP_1_N001,Node,37.44924,38.0814,0.0,-0.63215,0.0
2025-10-26 20:25:00-07:00,2025-10-27 03:25:00+00:00,2025-10-26 20:30:00-07:00,2025-10-27 03:30:00+00:00,REAL_TIME_5_MIN,SOUTHBY_6_N001,Node,38.67547,38.0814,0.0,0.59407,0.0
2025-10-26 20:30:00-07:00,2025-10-27 03:30:00+00:00,2025-10-26 20:35:00-07:00,2025-10-27 03:35:00+00:00,REAL_TIME_5_MIN,BALCH1_7_N001,Node,36.10201,36.92545,0.0,-0.82344,0.0
2025-10-26 20:30:00-07:00,2025-10-27 03:30:00+00:00,2025-10-26 20:35:00-07:00,2025-10-27 03:35:00+00:00,REAL_TIME_5_MIN,BEARTAP_1_N001,Node,36.28295,36.92545,0.0,-0.6425,0.0
2025-10-26 20:30:00-07:00,2025-10-27 03:30:00+00:00,2025-10-26 20:35:00-07:00,2025-10-27 03:35:00+00:00,REAL_TIME_5_MIN,SOUTHBY_6_N001,Node,37.37963,36.92545,0.0,0.45418,0.0
2025-10-26 20:35:00-07:00,2025-10-27 03:35:00+00:00,2025-10-26 20:40:00-07:00,2025-10-27 03:40:00+00:00,REAL_TIME_5_MIN,BALCH1_7_N001,Node,36.10201,36.92545,0.0,-0.82344,0.0
2025-10-26 20:35:00-07:00,2025-10-27 03:35:00+00:00,2025-10-26 20:40:00-07:00,2025-10-27 03:40:00+00:00,REAL_TIME_5_MIN,BEARTAP_1_N001,Node,36.28295,36.92545,0.0,-0.6425,0.0
2025-10-26 20:35:00-07:00,2025-10-27 03:35:00+00:00,2025-10-26 20:40:00-07:00,2025-10-27 03:40:00+00:00,REAL_TIME_5_MIN,SOUTHBY_6_N001,Node,37.37963,36.92545,0.0,0.45418,0.0
2025-10-26 20:40:00-07:00,2025-10-27 03:40:00+00:00,2025-10-26 20:45:00-07:00,2025-10-27 03:45:00+00:00,REAL_TIME_5_MIN,BALCH1_7_N001,Node,35.77893,36.595,0.0,-0.81607,0.0
2025-10-26 20:40:00-07:00,2025-10-27 03:40:00+00:00,2025-10-26 20:45:00-07:00,2025-10-27 03:45:00+00:00,REAL_TIME_5_MIN,BEARTAP_1_N001,Node,35.95825,36.595,0.0,-0.63675,0.0
2025-10-26 20:40:00-07:00,2025-10-27 03:40:00+00:00,2025-10-26 20:45:00-07:00,2025-10-27 03:45:00+00:00,REAL_TIME_5_MIN,SOUTHBY_6_N001,Node,37.04512,36.595,0.0,0.45012,0.0
2025-10-26 20:45:00-07:00,2025-10-27 03:45:00+00:00,2025-10-26 20:50:00-07:00,2025-10-27 03:50:00+00:00,REAL_TIME_5_MIN,BALCH1_7_N001,Node,35.68971,36.49255,0.0,-0.80284,0.0
2025-10-26 20:45:00-07:00,2025-10-27 03:45:00+00:00,2025-10-26 20:50:00-07:00,2025-10-27 03:50:00+00:00,REAL_TIME_5_MIN,BEARTAP_1_N001,Node,35.87947,36.49255,0.0,-0.61307,0.0
2025-10-26 20:45:00-07:00,2025-10-27 03:45:00+00:00,2025-10-26 20:50:00-07:00,2025-10-27 03:50:00+00:00,REAL_TIME_5_MIN,SOUTHBY_6_N001,Node,36.89761,36.49255,0.0,0.40507,0.0
2025-10-26 20:50:00-07:00,2025-10-27 03:50:00+00:00,2025-10-26 20:55:00-07:00,2025-10-27 03:55:00+00:00,REAL_TIME_5_MIN,BALCH1_7_N001,Node,35.59527,36.39598,0.0,-0.80071,0.0
2025-10-26 20:50:00-07:00,2025-10-27 03:50:00+00:00,2025-10-26 20:55:00-07:00,2025-10-27 03:55:00+00:00,REAL_TIME_5_MIN,BEARTAP_1_N001,Node,35.78453,36.39598,0.0,-0.61145,0.0
2025-10-26 20:50:00-07:00,2025-10-27 03:50:00+00:00,2025-10-26 20:55:00-07:00,2025-10-27 03:55:00+00:00,REAL_TIME_5_MIN,SOUTHBY_6_N001,Node,36.79998,36.39598,0.0,0.404,0.0
2025-10-26 20:55:00-07:00,2025-10-27 03:55:00+00:00,2025-10-26 21:00:00-07:00,2025-10-27 04:00:00+00:00,REAL_TIME_5_MIN,BALCH1_7_N001,Node,34.73719,35.51859,0.0,-0.78141,0.0
2025-10-26 20:55:00-07:00,2025-10-27 03:55:00+00:00,2025-10-26 21:00:00-07:00,2025-10-27 04:00:00+00:00,REAL_TIME_5_MIN,BEARTAP_1_N001,Node,34.92188,35.51859,0.0,-0.59671,0.0
2025-10-26 20:55:00-07:00,2025-10-27 03:55:00+00:00,2025-10-26 21:00:00-07:00,2025-10-27 04:00:00+00:00,REAL_TIME_5_MIN,SOUTHBY_6_N001,Node,35.91285,35.51859,0.0,0.39426,0.0
2025-10-26 21:00:00-07:00,2025-10-27 04:00:00+00:00,2025-10-26 21:05:00-07:00,2025-10-27 04:05:00+00:00,REAL_TIME_5_MIN,BALCH1_7_N001,Node,38.14489,38.42926,0.0,-0.28438,0.0
2025-10-26 21:00:00-07:00,2025-10-27 04:00:00+00:00,2025-10-26 21:05:00-07:00,2025-10-27 04:05:00+00:00,REAL_TIME_5_MIN,BEARTAP_1_N001,Node,37.66068,38.42926,0.0,-0.76859,0.0
2025-10-26 21:00:00-07:00,2025-10-27 04:00:00+00:00,2025-10-26 21:05:00-07:00,2025-10-27 04:05:00+00:00,REAL_TIME_5_MIN,SOUTHBY_6_N001,Node,39.05182,38.42926,0.0,0.62255,0.0
2025-10-26 21:05:00-07:00,2025-10-27 04:05:00+00:00,2025-10-26 21:10:00-07:00,2025-10-27 04:10:00+00:00,REAL_TIME_5_MIN,BALCH1_7_N001,Node,38.28091,38.5663,0.0,-0.28539,0.0
2025-10-26 21:05:00-07:00,2025-10-27 04:05:00+00:00,2025-10-26 21:10:00-07:00,2025-10-27 04:10:00+00:00,REAL_TIME_5_MIN,BEARTAP_1_N001,Node,37.79498,38.5663,0.0,-0.77133,0.0
2025-10-26 21:05:00-07:00,2025-10-27 04:05:00+00:00,2025-10-26 21:10:00-07:00,2025-10-27 04:10:00+00:00,REAL_TIME_5_MIN,SOUTHBY_6_N001,Node,39.19108,38.5663,0.0,0.62477,0.0
2025-10-26 21:10:00-07:00,2025-10-27 04:10:00+00:00,2025-10-26 21:15:00-07:00,2025-10-27 04:15:00+00:00,REAL_TIME_5_MIN,BALCH1_7_N001,Node,37.30847,37.58661,0.0,-0.27814,0.0
2025-10-26 21:10:00-07:00,2025-10-27 04:10:00+00:00,2025-10-26 21:15:00-07:00,2025-10-27 04:15:00+00:00,REAL_TIME_5_MIN,BEARTAP_1_N001,Node,36.83488,37.58661,0.0,-0.75173,0.0
2025-10-26 21:10:00-07:00,2025-10-27 04:10:00+00:00,2025-10-26 21:15:00-07:00,2025-10-27 04:15:00+00:00,REAL_TIME_5_MIN,SOUTHBY_6_N001,Node,38.19552,37.58661,0.0,0.6089,0.0
2025-10-26 21:15:00-07:00,2025-10-27 04:15:00+00:00,2025-10-26 21:20:00-07:00,2025-10-27 04:20:00+00:00,REAL_TIME_5_MIN,BALCH1_7_N001,Node,36.89668,37.23177,0.0,-0.33509,0.0
2025-10-26 21:15:00-07:00,2025-10-27 04:15:00+00:00,2025-10-26 21:20:00-07:00,2025-10-27 04:20:00+00:00,REAL_TIME_5_MIN,BEARTAP_1_N001,Node,36.59511,37.23177,0.0,-0.63666,0.0
2025-10-26 21:15:00-07:00,2025-10-27 04:15:00+00:00,2025-10-26 21:20:00-07:00,2025-10-27 04:20:00+00:00,REAL_TIME_5_MIN,SOUTHBY_6_N001,Node,37.70834,37.23177,0.0,0.47657,0.0
2025-10-26 21:20:00-07:00,2025-10-27 04:20:00+00:00,2025-10-26 21:25:00-07:00,2025-10-27 04:25:00+00:00,REAL_TIME_5_MIN,BALCH1_7_N001,Node,37.3472,37.68638,0.0,-0.33918,0.0
2025-10-26 21:20:00-07:00,2025-10-27 04:20:00+00:00,2025-10-26 21:25:00-07:00,2025-10-27 04:25:00+00:00,REAL_TIME_5_MIN,BEARTAP_1_N001,Node,37.04194,37.68638,0.0,-0.64444,0.0
2025-10-26 21:20:00-07:00,2025-10-27 04:20:00+00:00,2025-10-26 21:25:00-07:00,2025-10-27 04:25:00+00:00,REAL_TIME_5_MIN,SOUTHBY_6_N001,Node,38.16876,37.68638,0.0,0.48239,0.0
2025-10-26 21:25:00-07:00,2025-10-27 04:25:00+00:00,2025-10-26 21:30:00-07:00,2025-10-27 04:30:00+00:00,REAL_TIME_5_MIN,BALCH1_7_N001,Node,37.09229,37.42915,0.0,-0.33686,0.0
2025-10-26 21:25:00-07:00,2025-10-27 04:25:00+00:00,2025-10-26 21:30:00-07:00,2025-10-27 04:30:00+00:00,REAL_TIME_5_MIN,BEARTAP_1_N001,Node,36.78911,37.42915,0.0,-0.64004,0.0
2025-10-26 21:25:00-07:00,2025-10-27 04:25:00+00:00,2025-10-26 21:30:00-07:00,2025-10-27 04:30:00+00:00,REAL_TIME_5_MIN,SOUTHBY_6_N001,Node,37.90825,37.42915,0.0,0.47909,0.0
2025-10-26 21:30:00-07:00,2025-10-27 04:30:00+00:00,2025-10-26 21:35:00-07:00,2025-10-27 04:35:00+00:00,REAL_TIME_5_MIN,BALCH1_7_N001,Node,36.42221,36.84967,0.0,-0.42746,0.0
2025-10-26 21:30:00-07:00,2025-10-27 04:30:00+00:00,2025-10-26 21:35:00-07:00,2025-10-27 04:35:00+00:00,REAL_TIME_5_MIN,BEARTAP_1_N001,Node,36.2527,36.84967,0.0,-0.59696,0.0
2025-10-26 21:30:00-07:00,2025-10-27 04:30:00+00:00,2025-10-26 21:35:00-07:00,2025-10-27 04:35:00+00:00,REAL_TIME_5_MIN,SOUTHBY_6_N001,Node,37.17026,36.84967,0.0,0.32059,0.0
2025-10-26 21:35:00-07:00,2025-10-27 04:35:00+00:00,2025-10-26 21:40:00-07:00,2025-10-27 04:40:00+00:00,REAL_TIME_5_MIN,BALCH1_7_N001,Node,36.28488,36.71072,0.0,-0.42584,0.0
2025-10-26 21:35:00-07:00,2025-10-27 04:35:00+00:00,2025-10-26 21:40:00-07:00,2025-10-27 04:40:00+00:00,REAL_TIME_5_MIN,BEARTAP_1_N001,Node,36.11601,36.71072,0.0,-0.59471,0.0
2025-10-26 21:35:00-07:00,2025-10-27 04:35:00+00:00,2025-10-26 21:40:00-07:00,2025-10-27 04:40:00+00:00,REAL_TIME_5_MIN,SOUTHBY_6_N001,Node,37.0301,36.71072,0.0,0.31938,0.0
2025-10-26 21:40:00-07:00,2025-10-27 04:40:00+00:00,2025-10-26 21:45:00-07:00,2025-10-27 04:45:00+00:00,REAL_TIME_5_MIN,BALCH1_7_N001,Node,36.40127,36.82848,0.0,-0.42721,0.0
2025-10-26 21:40:00-07:00,2025-10-27 04:40:00+00:00,2025-10-26 21:45:00-07:00,2025-10-27 04:45:00+00:00,REAL_TIME_5_MIN,BEARTAP_1_N001,Node,36.23186,36.82848,0.0,-0.59662,0.0
2025-10-26 21:40:00-07:00,2025-10-27 04:40:00+00:00,2025-10-26 21:45:00-07:00,2025-10-27 04:45:00+00:00,REAL_TIME_5_MIN,SOUTHBY_6_N001,Node,37.14889,36.82848,0.0,0.32041,0.0
2025-10-26 21:45:00-07:00,2025-10-27 04:45:00+00:00,2025-10-26 21:50:00-07:00,2025-10-27 04:50:00+00:00,REAL_TIME_5_MIN,BALCH1_7_N001,Node,36.00853,36.40903,0.0,-0.4005,0.0
2025-10-26 21:45:00-07:00,2025-10-27 04:45:00+00:00,2025-10-26 21:50:00-07:00,2025-10-27 04:50:00+00:00,REAL_TIME_5_MIN,BEARTAP_1_N001,Node,35.84469,36.40903,0.0,-0.56434,0.0
2025-10-26 21:45:00-07:00,2025-10-27 04:45:00+00:00,2025-10-26 21:50:00-07:00,2025-10-27 04:50:00+00:00,REAL_TIME_5_MIN,SOUTHBY_6_N001,Node,36.68574,36.40903,0.0,0.27671,0.0
2025-10-26 21:50:00-07:00,2025-10-27 04:50:00+00:00,2025-10-26 21:55:00-07:00,2025-10-27 04:55:00+00:00,REAL_TIME_5_MIN,BALCH1_7_N001,Node,35.6095,36.00556,0.0,-0.39606,0.0
2025-10-26 21:50:00-07:00,2025-10-27 04:50:00+00:00,2025-10-26 21:55:00-07:00,2025-10-27 04:55:00+00:00,REAL_TIME_5_MIN,BEARTAP_1_N001,Node,35.44747,36.00556,0.0,-0.55809,0.0
2025-10-26 21:50:00-07:00,2025-10-27 04:50:00+00:00,2025-10-26 21:55:00-07:00,2025-10-27 04:55:00+00:00,REAL_TIME_5_MIN,SOUTHBY_6_N001,Node,36.2792,36.00556,0.0,0.27364,0.0
2025-10-26 21:55:00-07:00,2025-10-27 04:55:00+00:00,2025-10-26 22:00:00-07:00,2025-10-27 05:00:00+00:00,REAL_TIME_5_MIN,BALCH1_7_N001,Node,35.90768,36.30705,0.0,-0.39938,0.0
2025-10-26 21:55:00-07:00,2025-10-27 04:55:00+00:00,2025-10-26 22:00:00-07:00,2025-10-27 05:00:00+00:00,REAL_TIME_5_MIN,BEARTAP_1_N001,Node,35.74429,36.30705,0.0,-0.56276,0.0
2025-10-26 21:55:00-07:00,2025-10-27 04:55:00+00:00,2025-10-26 22:00:00-07:00,2025-10-27 05:00:00+00:00,REAL_TIME_5_MIN,SOUTHBY_6_N001,Node,36.58299,36.30705,0.0,0.27593,0.0
2025-10-26 22:00:00-07:00,2025-10-27 05:00:00+00:00,2025-10-26 22:05:00-07:00,2025-10-27 05:05:00+00:00,REAL_TIME_5_MIN,BALCH1_7_N001,Node,38.43005,38.86141,0.0,-0.43136,0.0
2025-10-26 22:00:00-07:00,2025-10-27 05:00:00+00:00,2025-10-26 22:05:00-07:00,2025-10-27 05:05:00+00:00,REAL_TIME_5_MIN,BEARTAP_1_N001,Node,38.26683,38.86141,0.0,-0.59458,0.0
2025-10-26 22:00:00-07:00,2025-10-27 05:00:00+00:00,2025-10-26 22:05:00-07:00,2025-10-27 05:05:00+00:00,REAL_TIME_5_MIN,SOUTHBY_6_N001,Node,38.978,38.86141,0.0,0.11658,0.0
2025-10-26 22:05:00-07:00,2025-10-27 05:05:00+00:00,2025-10-26 22:10:00-07:00,2025-10-27 05:10:00+00:00,REAL_TIME_5_MIN,BALCH1_7_N001,Node,39.46011,39.90303,0.0,-0.44292,0.0
2025-10-26 22:05:00-07:00,2025-10-27 05:05:00+00:00,2025-10-26 22:10:00-07:00,2025-10-27 05:10:00+00:00,REAL_TIME_5_MIN,BEARTAP_1_N001,Node,39.29251,39.90303,0.0,-0.61052,0.0
2025-10-26 22:05:00-07:00,2025-10-27 05:05:00+00:00,2025-10-26 22:10:00-07:00,2025-10-27 05:10:00+00:00,REAL_TIME_5_MIN,SOUTHBY_6_N001,Node,40.02274,39.90303,0.0,0.11971,0.0
2025-10-26 22:10:00-07:00,2025-10-27 05:10:00+00:00,2025-10-26 22:15:00-07:00,2025-10-27 05:15:00+00:00,REAL_TIME_5_MIN,BALCH1_7_N001,Node,39.09938,39.53826,0.0,-0.43887,0.0
2025-10-26 22:10:00-07:00,2025-10-27 05:10:00+00:00,2025-10-26 22:15:00-07:00,2025-10-27 05:15:00+00:00,REAL_TIME_5_MIN,BEARTAP_1_N001,Node,38.93332,39.53826,0.0,-0.60494,0.0
2025-10-26 22:10:00-07:00,2025-10-27 05:10:00+00:00,2025-10-26 22:15:00-07:00,2025-10-27 05:15:00+00:00,REAL_TIME_5_MIN,SOUTHBY_6_N001,Node,39.65687,39.53826,0.0,0.11861,0.0
2025-10-26 22:15:00-07:00,2025-10-27 05:15:00+00:00,2025-10-26 22:20:00-07:00,2025-10-27 05:20:00+00:00,REAL_TIME_5_MIN,BALCH1_7_N001,Node,39.24325,39.69979,0.0,-0.45655,0.0
2025-10-26 22:15:00-07:00,2025-10-27 05:15:00+00:00,2025-10-26 22:20:00-07:00,2025-10-27 05:20:00+00:00,REAL_TIME_5_MIN,BEARTAP_1_N001,Node,39.17576,39.69979,0.0,-0.52404,0.0
2025-10-26 22:15:00-07:00,2025-10-27 05:15:00+00:00,2025-10-26 22:20:00-07:00,2025-10-27 05:20:00+00:00,REAL_TIME_5_MIN,SOUTHBY_6_N001,Node,39.72361,39.69979,0.0,0.02382,0.0
2025-10-26 22:20:00-07:00,2025-10-27 05:20:00+00:00,2025-10-26 22:25:00-07:00,2025-10-27 05:25:00+00:00,REAL_TIME_5_MIN,BALCH1_7_N001,Node,38.82691,39.27862,0.0,-0.4517,0.0
2025-10-26 22:20:00-07:00,2025-10-27 05:20:00+00:00,2025-10-26 22:25:00-07:00,2025-10-27 05:25:00+00:00,REAL_TIME_5_MIN,BEARTAP_1_N001,Node,38.76014,39.27862,0.0,-0.51848,0.0
2025-10-26 22:20:00-07:00,2025-10-27 05:20:00+00:00,2025-10-26 22:25:00-07:00,2025-10-27 05:25:00+00:00,REAL_TIME_5_MIN,SOUTHBY_6_N001,Node,39.30218,39.27862,0.0,0.02357,0.0
2025-10-26 22:25:00-07:00,2025-10-27 05:25:00+00:00,2025-10-26 22:30:00-07:00,2025-10-27 05:30:00+00:00,REAL_TIME_5_MIN,BALCH1_7_N001,Node,37.84425,38.28452,0.0,-0.44027,0.0
2025-10-26 22:25:00-07:00,2025-10-27 05:25:00+00:00,2025-10-26 22:30:00-07:00,2025-10-27 05:30:00+00:00,REAL_TIME_5_MIN,BEARTAP_1_N001,Node,37.77917,38.28452,0.0,-0.50536,0.0
2025-10-26 22:25:00-07:00,2025-10-27 05:25:00+00:00,2025-10-26 22:30:00-07:00,2025-10-27 05:30:00+00:00,REAL_TIME_5_MIN,SOUTHBY_6_N001,Node,38.30749,38.28452,0.0,0.02297,0.0
2025-10-26 22:30:00-07:00,2025-10-27 05:30:00+00:00,2025-10-26 22:35:00-07:00,2025-10-27 05:35:00+00:00,REAL_TIME_5_MIN,BALCH1_7_N001,Node,35.67623,36.36721,0.0,-0.69098,0.0
2025-10-26 22:30:00-07:00,2025-10-27 05:30:00+00:00,2025-10-26 22:35:00-07:00,2025-10-27 05:35:00+00:00,REAL_TIME_5_MIN,BEARTAP_1_N001,Node,35.95626,36.36721,0.0,-0.41095,0.0
2025-10-26 22:30:00-07:00,2025-10-27 05:30:00+00:00,2025-10-26 22:35:00-07:00,2025-10-27 05:35:00+00:00,REAL_TIME_5_MIN,SOUTHBY_6_N001,Node,36.2872,36.36721,0.0,-0.08001,0.0
2025-10-26 22:35:00-07:00,2025-10-27 05:35:00+00:00,2025-10-26 22:40:00-07:00,2025-10-27 05:40:00+00:00,REAL_TIME_5_MIN,BALCH1_7_N001,Node,35.47069,36.15769,0.0,-0.687,0.0
2025-10-26 22:35:00-07:00,2025-10-27 05:35:00+00:00,2025-10-26 22:40:00-07:00,2025-10-27 05:40:00+00:00,REAL_TIME_5_MIN,BEARTAP_1_N001,Node,35.74911,36.15769,0.0,-0.40858,0.0
2025-10-26 22:35:00-07:00,2025-10-27 05:35:00+00:00,2025-10-26 22:40:00-07:00,2025-10-27 05:40:00+00:00,REAL_TIME_5_MIN,SOUTHBY_6_N001,Node,36.07814,36.15769,0.0,-0.07955,0.0
2025-10-26 22:40:00-07:00,2025-10-27 05:40:00+00:00,2025-10-26 22:45:00-07:00,2025-10-27 05:45:00+00:00,REAL_TIME_5_MIN,BALCH1_7_N001,Node,35.54042,36.22877,0.0,-0.68835,0.0
2025-10-26 22:40:00-07:00,2025-10-27 05:40:00+00:00,2025-10-26 22:45:00-07:00,2025-10-27 05:45:00+00:00,REAL_TIME_5_MIN,BEARTAP_1_N001,Node,35.81939,36.22877,0.0,-0.40939,0.0
2025-10-26 22:40:00-07:00,2025-10-27 05:40:00+00:00,2025-10-26 22:45:00-07:00,2025-10-27 05:45:00+00:00,REAL_TIME_5_MIN,SOUTHBY_6_N001,Node,36.14907,36.22877,0.0,-0.0797,0.0
2025-10-26 22:45:00-07:00,2025-10-27 05:45:00+00:00,2025-10-26 22:50:00-07:00,2025-10-27 05:50:00+00:00,REAL_TIME_5_MIN,BALCH1_7_N001,Node,35.30497,35.87904,0.0,-0.57406,0.0
2025-10-26 22:45:00-07:00,2025-10-27 05:45:00+00:00,2025-10-26 22:50:00-07:00,2025-10-27 05:50:00+00:00,REAL_TIME_5_MIN,BEARTAP_1_N001,Node,35.45566,35.87904,0.0,-0.42337,0.0
2025-10-26 22:45:00-07:00,2025-10-27 05:45:00+00:00,2025-10-26 22:50:00-07:00,2025-10-27 05:50:00+00:00,REAL_TIME_5_MIN,SOUTHBY_6_N001,Node,35.76064,35.87904,0.0,-0.1184,0.0
2025-10-26 22:50:00-07:00,2025-10-27 05:50:00+00:00,2025-10-26 22:55:00-07:00,2025-10-27 05:55:00+00:00,REAL_TIME_5_MIN,BALCH1_7_N001,Node,35.64793,36.22758,0.0,-0.57964,0.0
2025-10-26 22:50:00-07:00,2025-10-27 05:50:00+00:00,2025-10-26 22:55:00-07:00,2025-10-27 05:55:00+00:00,REAL_TIME_5_MIN,BEARTAP_1_N001,Node,35.80009,36.22758,0.0,-0.42749,0.0
2025-10-26 22:50:00-07:00,2025-10-27 05:50:00+00:00,2025-10-26 22:55:00-07:00,2025-10-27 05:55:00+00:00,REAL_TIME_5_MIN,SOUTHBY_6_N001,Node,36.10802,36.22758,0.0,-0.11955,0.0
2025-10-26 22:55:00-07:00,2025-10-27 05:55:00+00:00,2025-10-26 23:00:00-07:00,2025-10-27 06:00:00+00:00,REAL_TIME_5_MIN,BALCH1_7_N001,Node,36.15721,36.74513,0.0,-0.58792,0.0
2025-10-26 22:55:00-07:00,2025-10-27 05:55:00+00:00,2025-10-26 23:00:00-07:00,2025-10-27 06:00:00+00:00,REAL_TIME_5_MIN,BEARTAP_1_N001,Node,36.31153,36.74513,0.0,-0.43359,0.0
2025-10-26 22:55:00-07:00,2025-10-27 05:55:00+00:00,2025-10-26 23:00:00-07:00,2025-10-27 06:00:00+00:00,REAL_TIME_5_MIN,SOUTHBY_6_N001,Node,36.62387,36.74513,0.0,-0.12126,0.0
2025-10-26 23:00:00-07:00,2025-10-27 06:00:00+00:00,2025-10-26 23:05:00-07:00,2025-10-27 06:05:00+00:00,REAL_TIME_5_MIN,BALCH1_7_N001,Node,39.79202,40.4185,0.0,-0.62649,0.0
2025-10-26 23:00:00-07:00,2025-10-27 06:00:00+00:00,2025-10-26 23:05:00-07:00,2025-10-27 06:05:00+00:00,REAL_TIME_5_MIN,BEARTAP_1_N001,Node,39.84052,40.4185,0.0,-0.57798,0.0
2025-10-26 23:00:00-07:00,2025-10-27 06:00:00+00:00,2025-10-26 23:05:00-07:00,2025-10-27 06:05:00+00:00,REAL_TIME_5_MIN,SOUTHBY_6_N001,Node,40.22045,40.4185,0.0,-0.19805,0.0
2025-10-26 23:05:00-07:00,2025-10-27 06:05:00+00:00,2025-10-26 23:10:00-07:00,2025-10-27 06:10:00+00:00,REAL_TIME_5_MIN,BALCH1_7_N001,Node,39.79202,40.4185,0.0,-0.62649,0.0
2025-10-26 23:05:00-07:00,2025-10-27 06:05:00+00:00,2025-10-26 23:10:00-07:00,2025-10-27 06:10:00+00:00,REAL_TIME_5_MIN,BEARTAP_1_N001,Node,39.84052,40.4185,0.0,-0.57798,0.0
2025-10-26 23:05:00-07:00,2025-10-27 06:05:00+00:00,2025-10-26 23:10:00-07:00,2025-10-27 06:10:00+00:00,REAL_TIME_5_MIN,SOUTHBY_6_N001,Node,40.22045,40.4185,0.0,-0.19805,0.0
2025-10-26 23:10:00-07:00,2025-10-27 06:10:00+00:00,2025-10-26 23:15:00-07:00,2025-10-27 06:15:00+00:00,REAL_TIME_5_MIN,BALCH1_7_N001,Node,38.99966,39.61367,0.0,-0.61401,0.0
2025-10-26 23:10:00-07:00,2025-10-27 06:10:00+00:00,2025-10-26 23:15:00-07:00,2025-10-27 06:15:00+00:00,REAL_TIME_5_MIN,BEARTAP_1_N001,Node,39.04719,39.61367,0.0,-0.56648,0.0
2025-10-26 23:10:00-07:00,2025-10-27 06:10:00+00:00,2025-10-26 23:15:00-07:00,2025-10-27 06:15:00+00:00,REAL_TIME_5_MIN,SOUTHBY_6_N001,Node,39.41956,39.61367,0.0,-0.19411,0.0
2025-10-26 23:15:00-07:00,2025-10-27 06:15:00+00:00,2025-10-26 23:20:00-07:00,2025-10-27 06:20:00+00:00,REAL_TIME_5_MIN,BALCH1_7_N001,Node,38.87437,39.51451,0.0,-0.64014,0.0
2025-10-26 23:15:00-07:00,2025-10-27 06:15:00+00:00,2025-10-26 23:20:00-07:00,2025-10-27 06:20:00+00:00,REAL_TIME_5_MIN,BEARTAP_1_N001,Node,38.96131,39.51451,0.0,-0.5532,0.0
2025-10-26 23:15:00-07:00,2025-10-27 06:15:00+00:00,2025-10-26 23:20:00-07:00,2025-10-27 06:20:00+00:00,REAL_TIME_5_MIN,SOUTHBY_6_N001,Node,39.29718,39.51451,0.0,-0.21733,0.0
2025-10-26 23:20:00-07:00,2025-10-27 06:20:00+00:00,2025-10-26 23:25:00-07:00,2025-10-27 06:25:00+00:00,REAL_TIME_5_MIN,BALCH1_7_N001,Node,39.77567,40.43065,0.0,-0.65498,0.0
2025-10-26 23:20:00-07:00,2025-10-27 06:20:00+00:00,2025-10-26 23:25:00-07:00,2025-10-27 06:25:00+00:00,REAL_TIME_5_MIN,BEARTAP_1_N001,Node,39.86462,40.43065,0.0,-0.56603,0.0
2025-10-26 23:20:00-07:00,2025-10-27 06:20:00+00:00,2025-10-26 23:25:00-07:00,2025-10-27 06:25:00+00:00,REAL_TIME_5_MIN,SOUTHBY_6_N001,Node,40.20828,40.43065,0.0,-0.22237,0.0
2025-10-26 23:25:00-07:00,2025-10-27 06:25:00+00:00,2025-10-26 23:30:00-07:00,2025-10-27 06:30:00+00:00,REAL_TIME_5_MIN,BALCH1_7_N001,Node,39.77567,40.43065,0.0,-0.65498,0.0
2025-10-26 23:25:00-07:00,2025-10-27 06:25:00+00:00,2025-10-26 23:30:00-07:00,2025-10-27 06:30:00+00:00,REAL_TIME_5_MIN,BEARTAP_1_N001,Node,39.86462,40.43065,0.0,-0.56603,0.0
2025-10-26 23:25:00-07:00,2025-10-27 06:25:00+00:00,2025-10-26 23:30:00-07:00,2025-10-27 06:30:00+00:00,REAL_TIME_5_MIN,SOUTHBY_6_N001,Node,40.20828,40.43065,0.0,-0.22237,0.0
2025-10-26 23:30:00-07:00,2025-10-27 06:30:00+00:00,2025-10-26 23:35:00-07:00,2025-10-27 06:35:00+00:00,REAL_TIME_5_MIN,BALCH1_7_N001,Node,39.20473,39.90303,0.0,-0.6983,0.0
2025-10-26 23:30:00-07:00,2025-10-27 06:30:00+00:00,2025-10-26 23:35:00-07:00,2025-10-27 06:35:00+00:00,REAL_TIME_5_MIN,BEARTAP_1_N001,Node,39.37232,39.90303,0.0,-0.53071,0.0
2025-10-26 23:30:00-07:00,2025-10-27 06:30:00+00:00,2025-10-26 23:35:00-07:00,2025-10-27 06:35:00+00:00,REAL_TIME_5_MIN,SOUTHBY_6_N001,Node,39.69952,39.90303,0.0,-0.20351,0.0
2025-10-26 23:35:00-07:00,2025-10-27 06:35:00+00:00,2025-10-26 23:40:00-07:00,2025-10-27 06:40:00+00:00,REAL_TIME_5_MIN,BALCH1_7_N001,Node,38.51366,39.19965,0.0,-0.68599,0.0
2025-10-26 23:35:00-07:00,2025-10-27 06:35:00+00:00,2025-10-26 23:40:00-07:00,2025-10-27 06:40:00+00:00,REAL_TIME_5_MIN,BEARTAP_1_N001,Node,38.6783,39.19965,0.0,-0.52136,0.0
2025-10-26 23:35:00-07:00,2025-10-27 06:35:00+00:00,2025-10-26 23:40:00-07:00,2025-10-27 06:40:00+00:00,REAL_TIME_5_MIN,SOUTHBY_6_N001,Node,38.99973,39.19965,0.0,-0.19992,0.0
2025-10-26 23:40:00-07:00,2025-10-27 06:40:00+00:00,2025-10-26 23:45:00-07:00,2025-10-27 06:45:00+00:00,REAL_TIME_5_MIN,BALCH1_7_N001,Node,38.40331,39.08733,0.0,-0.68403,0.0
2025-10-26 23:40:00-07:00,2025-10-27 06:40:00+00:00,2025-10-26 23:45:00-07:00,2025-10-27 06:45:00+00:00,REAL_TIME_5_MIN,BEARTAP_1_N001,Node,38.56747,39.08733,0.0,-0.51986,0.0
2025-10-26 23:40:00-07:00,2025-10-27 06:40:00+00:00,2025-10-26 23:45:00-07:00,2025-10-27 06:45:00+00:00,REAL_TIME_5_MIN,SOUTHBY_6_N001,Node,38.88799,39.08733,0.0,-0.19935,0.0
2025-10-26 23:45:00-07:00,2025-10-27 06:45:00+00:00,2025-10-26 23:50:00-07:00,2025-10-27 06:50:00+00:00,REAL_TIME_5_MIN,BALCH1_7_N001,Node,38.22111,38.93359,0.0,-0.71248,0.0
2025-10-26 23:45:00-07:00,2025-10-27 06:45:00+00:00,2025-10-26 23:50:00-07:00,2025-10-27 06:50:00+00:00,REAL_TIME_5_MIN,BEARTAP_1_N001,Node,38.48586,38.93359,0.0,-0.44774,0.0
2025-10-26 23:45:00-07:00,2025-10-27 06:45:00+00:00,2025-10-26 23:50:00-07:00,2025-10-27 06:50:00+00:00,REAL_TIME_5_MIN,SOUTHBY_6_N001,Node,38.71167,38.93359,0.0,-0.22192,0.0
2025-10-26 23:50:00-07:00,2025-10-27 06:50:00+00:00,2025-10-26 23:55:00-07:00,2025-10-27 06:55:00+00:00,REAL_TIME_5_MIN,BALCH1_7_N001,Node,39.0318,39.7594,0.0,-0.7276,0.0
2025-10-26 23:50:00-07:00,2025-10-27 06:50:00+00:00,2025-10-26 23:55:00-07:00,2025-10-27 06:55:00+00:00,REAL_TIME_5_MIN,BEARTAP_1_N001,Node,39.30216,39.7594,0.0,-0.45723,0.0
2025-10-26 23:50:00-07:00,2025-10-27 06:50:00+00:00,2025-10-26 23:55:00-07:00,2025-10-27 06:55:00+00:00,REAL_TIME_5_MIN,SOUTHBY_6_N001,Node,39.53277,39.7594,0.0,-0.22663,0.0
2025-10-26 23:55:00-07:00,2025-10-27 06:55:00+00:00,2025-10-27 00:00:00-07:00,2025-10-27 07:00:00+00:00,REAL_TIME_5_MIN,BALCH1_7_N001,Node,39.02992,39.75748,0.0,-0.72756,0.0
2025-10-26 23:55:00-07:00,2025-10-27 06:55:00+00:00,2025-10-27 00:00:00-07:00,2025-10-27 07:00:00+00:00,REAL_TIME_5_MIN,BEARTAP_1_N001,Node,39.30027,39.75748,0.0,-0.45721,0.0
2025-10-26 23:55:00-07:00,2025-10-27 06:55:00+00:00,2025-10-27 00:00:00-07:00,2025-10-27 07:00:00+00:00,REAL_TIME_5_MIN,SOUTHBY_6_N001,Node,39.53086,39.75748,0.0,-0.22662,0.0
2025-10-26 00:00:00-07:00,2025-10-26 07:00:00+00:00,2025-10-26 00:05:00-07:00,2025-10-26 07:05:00+00:00,REAL_TIME_5_MIN,ANAHEIM_6_N001,Node,33.40599,33.42605,0.0,-0.02006,0.0
2025-10-26 00:00:00-07:00,2025-10-26 07:00:00+00:00,2025-10-26 00:05:00-07:00,2025-10-26 07:05:00+00:00,REAL_TIME_5_MIN,MKT_SUB_LNODEONC,Node,35.21434,33.42605,0.0,1.78829,0.0
2025-10-26 00:00:00-07:00,2025-10-26 07:00:00+00:00,2025-10-26 00:05:00-07:00,2025-10-26 07:05:00+00:00,REAL_TIME_5_MIN,SCEW_2_PDRP89-APND,AP Node,33.52613,33.42605,0.0,0.10008,0.0
2025-10-26 00:05:00-07:00,2025-10-26 07:05:00+00:00,2025-10-26 00:10:00-07:00,2025-10-26 07:10:00+00:00,REAL_TIME_5_MIN,ANAHEIM_6_N001,Node,33.89845,33.9188,0.0,-0.02035,0.0
2025-10-26 00:05:00-07:00,2025-10-26 07:05:00+00:00,2025-10-26 00:10:00-07:00,2025-10-26 07:10:00+00:00,REAL_TIME_5_MIN,MKT_SUB_LNODEONC,Node,35.73346,33.9188,0.0,1.81466,0.0
2025-10-26 00:05:00-07:00,2025-10-26 07:05:00+00:00,2025-10-26 00:10:00-07:00,2025-10-26 07:10:00+00:00,REAL_TIME_5_MIN,SCEW_2_PDRP89-APND,AP Node,34.02036,33.9188,0.0,0.10155,0.0
2025-10-26 00:10:00-07:00,2025-10-26 07:10:00+00:00,2025-10-26 00:15:00-07:00,2025-10-26 07:15:00+00:00,REAL_TIME_5_MIN,ANAHEIM_6_N001,Node,33.43583,33.4559,0.0,-0.02007,0.0
2025-10-26 00:10:00-07:00,2025-10-26 07:10:00+00:00,2025-10-26 00:15:00-07:00,2025-10-26 07:15:00+00:00,REAL_TIME_5_MIN,MKT_SUB_LNODEONC,Node,35.2458,33.4559,0.0,1.78989,0.0
2025-10-26 00:10:00-07:00,2025-10-26 07:10:00+00:00,2025-10-26 00:15:00-07:00,2025-10-26 07:15:00+00:00,REAL_TIME_5_MIN,SCEW_2_PDRP89-APND,AP Node,33.55607,33.4559,0.0,0.10017,0.0
2025-10-26 00:15:00-07:00,2025-10-26 07:15:00+00:00,2025-10-26 00:20:00-07:00,2025-10-26 07:20:00+00:00,REAL_TIME_5_MIN,ANAHEIM_6_N001,Node,33.34973,33.36975,0.0,-0.02002,0.0
2025-10-26 00:15:00-07:00,2025-10-26 07:15:00+00:00,2025-10-26 00:20:00-07:00,2025-10-26 07:20:00+00:00,REAL_TIME_5_MIN,MKT_SUB_LNODEONC,Node,35.08829,33.36975,0.0,1.71854,0.0
2025-10-26 00:15:00-07:00,2025-10-26 07:15:00+00:00,2025-10-26 00:20:00-07:00,2025-10-26 07:20:00+00:00,REAL_TIME_5_MIN,SCEW_2_PDRP89-APND,AP Node,33.46849,33.36975,0.0,0.09875,0.0
2025-10-26 00:20:00-07:00,2025-10-26 07:20:00+00:00,2025-10-26 00:25:00-07:00,2025-10-26 07:25:00+00:00,REAL_TIME_5_MIN,ANAHEIM_6_N001,Node,33.90243,33.92278,0.0,-0.02035,0.0
2025-10-26 00:20:00-07:00,2025-10-26 07:20:00+00:00,2025-10-26 00:25:00-07:00,2025-10-26 07:25:00+00:00,REAL_TIME_5_MIN,MKT_SUB_LNODEONC,Node,35.66981,33.92278,0.0,1.74702,0.0
2025-10-26 00:20:00-07:00,2025-10-26 07:20:00+00:00,2025-10-26 00:25:00-07:00,2025-10-26 07:25:00+00:00,REAL_TIME_5_MIN,SCEW_2_PDRP89-APND,AP Node,34.02317,33.92278,0.0,0.10038,0.0
2025-10-26 00:25:00-07:00,2025-10-26 07:25:00+00:00,2025-10-26 00:30:00-07:00,2025-10-26 07:30:00+00:00,REAL_TIME_5_MIN,ANAHEIM_6_N001,Node,34.93937,34.96034,0.0,-0.02098,0.0
2025-10-26 00:25:00-07:00,2025-10-26 07:25:00+00:00,2025-10-26 00:30:00-07:00,2025-10-26 07:30:00+00:00,REAL_TIME_5_MIN,MKT_SUB_LNODEONC,Node,36.7608,34.96034,0.0,1.80046,0.0
2025-10-26 00:25:00-07:00,2025-10-26 07:25:00+00:00,2025-10-26 00:30:00-07:00,2025-10-26 07:30:00+00:00,REAL_TIME_5_MIN,SCEW_2_PDRP89-APND,AP Node,35.0638,34.96034,0.0,0.10345,0.0
2025-10-26 00:30:00-07:00,2025-10-26 07:30:00+00:00,2025-10-26 00:35:00-07:00,2025-10-26 07:35:00+00:00,REAL_TIME_5_MIN,ANAHEIM_6_N001,Node,34.8627,34.89759,0.0,-0.0349,0.0
2025-10-26 00:30:00-07:00,2025-10-26 07:30:00+00:00,2025-10-26 00:35:00-07:00,2025-10-26 07:35:00+00:00,REAL_TIME_5_MIN,MKT_SUB_LNODEONC,Node,36.65294,34.89759,0.0,1.75535,0.0
2025-10-26 00:30:00-07:00,2025-10-26 07:30:00+00:00,2025-10-26 00:35:00-07:00,2025-10-26 07:35:00+00:00,REAL_TIME_5_MIN,SCEW_2_PDRP89-APND,AP Node,34.98576,34.89759,0.0,0.08817,0.0
2025-10-26 00:35:00-07:00,2025-10-26 07:35:00+00:00,2025-10-26 00:40:00-07:00,2025-10-26 07:40:00+00:00,REAL_TIME_5_MIN,ANAHEIM_6_N001,Node,34.8627,34.89759,0.0,-0.0349,0.0
2025-10-26 00:35:00-07:00,2025-10-26 07:35:00+00:00,2025-10-26 00:40:00-07:00,2025-10-26 07:40:00+00:00,REAL_TIME_5_MIN,MKT_SUB_LNODEONC,Node,36.65294,34.89759,0.0,1.75535,0.0
2025-10-26 00:35:00-07:00,2025-10-26 07:35:00+00:00,2025-10-26 00:40:00-07:00,2025-10-26 07:40:00+00:00,REAL_TIME_5_MIN,SCEW_2_PDRP89-APND,AP Node,34.98576,34.89759,0.0,0.08817,0.0
2025-10-26 00:40:00-07:00,2025-10-26 07:40:00+00:00,2025-10-26 00:45:00-07:00,2025-10-26 07:45:00+00:00,REAL_TIME_5_MIN,ANAHEIM_6_N001,Node,33.94026,33.97424,0.0,-0.03397,0.0
2025-10-26 00:40:00-07:00,2025-10-26 07:40:00+00:00,2025-10-26 00:45:00-07:00,2025-10-26 07:45:00+00:00,REAL_TIME_5_MIN,MKT_SUB_LNODEONC,Node,35.68314,33.97424,0.0,1.7089,0.0
2025-10-26 00:40:00-07:00,2025-10-26 07:40:00+00:00,2025-10-26 00:45:00-07:00,2025-10-26 07:45:00+00:00,REAL_TIME_5_MIN,SCEW_2_PDRP89-APND,AP Node,34.06007,33.97424,0.0,0.08584,0.0
2025-10-26 00:45:00-07:00,2025-10-26 07:45:00+00:00,2025-10-26 00:50:00-07:00,2025-10-26 07:50:00+00:00,REAL_TIME_5_MIN,ANAHEIM_6_N001,Node,33.88804,34.00366,0.0,-0.11561,0.0
2025-10-26 00:45:00-07:00,2025-10-26 07:45:00+00:00,2025-10-26 00:50:00-07:00,2025-10-26 07:50:00+00:00,REAL_TIME_5_MIN,MKT_SUB_LNODEONC,Node,35.66518,34.00366,-0.0012,1.66272,0.0
2025-10-26 00:45:00-07:00,2025-10-26 07:45:00+00:00,2025-10-26 00:50:00-07:00,2025-10-26 07:50:00+00:00,REAL_TIME_5_MIN,SCEW_2_PDRP89-APND,AP Node,34.00472,34.00366,0.0,0.00106,0.0
2025-10-26 00:50:00-07:00,2025-10-26 07:50:00+00:00,2025-10-26 00:55:00-07:00,2025-10-26 07:55:00+00:00,REAL_TIME_5_MIN,ANAHEIM_6_N001,Node,33.88804,34.00366,0.0,-0.11561,0.0
2025-10-26 00:50:00-07:00,2025-10-26 07:50:00+00:00,2025-10-26 00:55:00-07:00,2025-10-26 07:55:00+00:00,REAL_TIME_5_MIN,MKT_SUB_LNODEONC,Node,35.66644,34.00366,0.0,1.66278,0.0
2025-10-26 00:50:00-07:00,2025-10-26 07:50:00+00:00,2025-10-26 00:55:00-07:00,2025-10-26 07:55:00+00:00,REAL_TIME_5_MIN,SCEW_2_PDRP89-APND,AP Node,34.00472,34.00366,0.0,0.00106,0.0
2025-10-26 00:55:00-07:00,2025-10-26 07:55:00+00:00,2025-10-26 01:00:00-07:00,2025-10-26 08:00:00+00:00,REAL_TIME_5_MIN,ANAHEIM_6_N001,Node,34.16194,34.27848,0.0,-0.11655,0.0
2025-10-26 00:55:00-07:00,2025-10-26 07:55:00+00:00,2025-10-26 01:00:00-07:00,2025-10-26 08:00:00+00:00,REAL_TIME_5_MIN,MKT_SUB_LNODEONC,Node,35.9547,34.27848,0.0,1.67622,0.0
2025-10-26 00:55:00-07:00,2025-10-26 07:55:00+00:00,2025-10-26 01:00:00-07:00,2025-10-26 08:00:00+00:00,REAL_TIME_5_MIN,SCEW_2_PDRP89-APND,AP Node,34.27955,34.27848,0.0,0.00107,0.0
2025-10-26 01:00:00-07:00,2025-10-26 08:00:00+00:00,2025-10-26 01:05:00-07:00,2025-10-26 08:05:00+00:00,REAL_TIME_5_MIN,ANAHEIM_6_N001,Node,34.752,34.91961,0.0,-0.16761,0.0
2025-10-26 01:00:00-07:00,2025-10-26 08:00:00+00:00,2025-10-26 01:05:00-07:00,2025-10-26 08:05:00+00:00,REAL_TIME_5_MIN,MKT_SUB_LNODEONC,Node,36.55036,34.91961,0.0,1.63075,0.0
2025-10-26 01:00:00-07:00,2025-10-26 08:00:00+00:00,2025-10-26 01:05:00-07:00,2025-10-26 08:05:00+00:00,REAL_TIME_5_MIN,SCEW_2_PDRP89-APND,AP Node,34.87181,34.91961,0.0,-0.0478,0.0
2025-10-26 01:05:00-07:00,2025-10-26 08:05:00+00:00,2025-10-26 01:10:00-07:00,2025-10-26 08:10:00+00:00,REAL_TIME_5_MIN,ANAHEIM_6_N001,Node,34.73052,34.89803,0.0,-0.16751,0.0
2025-10-26 01:05:00-07:00,2025-10-26 08:05:00+00:00,2025-10-26 01:10:00-07:00,2025-10-26 08:10:00+00:00,REAL_TIME_5_MIN,MKT_SUB_LNODEONC,Node,36.52777,34.89803,0.0,1.62974,0.0
2025-10-26 01:05:00-07:00,2025-10-26 08:05:00+00:00,2025-10-26 01:10:00-07:00,2025-10-26 08:10:00+00:00,REAL_TIME_5_MIN,SCEW_2_PDRP89-APND,AP Node,34.85026,34.89803,0.0,-0.04777,0.0
2025-10-26 01:10:00-07:00,2025-10-26 08:10:00+00:00,2025-10-26 01:15:00-07:00,2025-10-26 08:15:00+00:00,REAL_TIME_5_MIN,ANAHEIM_6_N001,Node,34.43651,34.6026,0.0,-0.16609,0.0
2025-10-26 01:10:00-07:00,2025-10-26 08:10:00+00:00,2025-10-26 01:15:00-07:00,2025-10-26 08:15:00+00:00,REAL_TIME_5_MIN,MKT_SUB_LNODEONC,Node,36.21854,34.6026,0.0,1.61594,0.0
2025-10-26 01:10:00-07:00,2025-10-26 08:10:00+00:00,2025-10-26 01:15:00-07:00,2025-10-26 08:15:00+00:00,REAL_TIME_5_MIN,SCEW_2_PDRP89-APND,AP Node,34.55523,34.6026,0.0,-0.04737,0.0
2025-10-26 01:15:00-07:00,2025-10-26 08:15:00+00:00,2025-10-26 01:20:00-07:00,2025-10-26 08:20:00+00:00,REAL_TIME_5_MIN,ANAHEIM_6_N001,Node,33.98879,34.139,0.0,-0.15021,0.0
2025-10-26 01:15:00-07:00,2025-10-26 08:15:00+00:00,2025-10-26 01:20:00-07:00,2025-10-26 08:20:00+00:00,REAL_TIME_5_MIN,MKT_SUB_LNODEONC,Node,35.73671,34.139,0.0,1.59771,0.0
2025-10-26 01:15:00-07:00,2025-10-26 08:15:00+00:00,2025-10-26 01:20:00-07:00,2025-10-26 08:20:00+00:00,REAL_TIME_5_MIN,SCEW_2_PDRP89-APND,AP Node,34.10481,34.139,0.0,-0.03419,0.0
2025-10-26 01:20:00-07:00,2025-10-26 08:20:00+00:00,2025-10-26 01:25:00-07:00,2025-10-26 08:25:00+00:00,REAL_TIME_5_MIN,ANAHEIM_6_N001,Node,34.53309,34.6857,0.0,-0.15262,0.0
2025-10-26 01:20:00-07:00,2025-10-26 08:20:00+00:00,2025-10-26 01:25:00-07:00,2025-10-26 08:25:00+00:00,REAL_TIME_5_MIN,MKT_SUB_LNODEONC,Node,36.30899,34.6857,0.0,1.62329,0.0
2025-10-26 01:20:00-07:00,2025-10-26 08:20:00+00:00,2025-10-26 01:25:00-07:00,2025-10-26 08:25:00+00:00,REAL_TIME_5_MIN,SCEW_2_PDRP89-APND,AP Node,34.65096,34.6857,0.0,-0.03474,0.0
2025-10-26 01:25:00-07:00,2025-10-26 08:25:00+00:00,2025-10-26 01:30:00-07:00,2025-10-26 08:30:00+00:00,REAL_TIME_5_MIN,ANAHEIM_6_N001,Node,34.71535,34.86877,0.0,-0.15342,0.0
2025-10-26 01:25:00-07:00,2025-10-26 08:25:00+00:00,2025-10-26 01:30:00-07:00,2025-10-26 08:30:00+00:00,REAL_TIME_5_MIN,MKT_SUB_LNODEONC,Node,36.50063,34.86877,0.0,1.63186,0.0
2025-10-26 01:25:00-07:00,2025-10-26 08:25:00+00:00,2025-10-26 01:30:00-07:00,2025-10-26 08:30:00+00:00,REAL_TIME_5_MIN,SCEW_2_PDRP89-APND,AP Node,34.83385,34.86877,0.0,-0.03492,0.0
2025-10-26 01:30:00-07:00,2025-10-26 08:30:00+00:00,2025-10-26 01:35:00-07:00,2025-10-26 08:35:00+00:00,REAL_TIME_5_MIN,ANAHEIM_6_N001,Node,34.70215,34.81355,0.0,-0.1114,0.0
2025-10-26 01:30:00-07:00,2025-10-26 08:30:00+00:00,2025-10-26 01:35:00-07:00,2025-10-26 08:35:00+00:00,REAL_TIME_5_MIN,MKT_SUB_LNODEONC,Node,36.46023,34.81355,0.0,1.64668,0.0
2025-10-26 01:30:00-07:00,2025-10-26 08:30:00+00:00,2025-10-26 01:35:00-07:00,2025-10-26 08:35:00+00:00,REAL_TIME_5_MIN,SCEW_2_PDRP89-APND,AP Node,34.81601,34.81355,0.0,0.00246,0.0
2025-10-26 01:35:00-07:00,2025-10-26 08:35:00+00:00,2025-10-26 01:40:00-07:00,2025-10-26 08:40:00+00:00,REAL_TIME_5_MIN,ANAHEIM_6_N001,Node,34.24008,34.35,0.0,-0.10992,0.0
2025-10-26 01:35:00-07:00,2025-10-26 08:35:00+00:00,2025-10-26 01:40:00-07:00,2025-10-26 08:40:00+00:00,REAL_TIME_5_MIN,MKT_SUB_LNODEONC,Node,35.97476,34.35,0.0,1.62476,0.0
2025-10-26 01:35:00-07:00,2025-10-26 08:35:00+00:00,2025-10-26 01:40:00-07:00,2025-10-26 08:40:00+00:00,REAL_TIME_5_MIN,SCEW_2_PDRP89-APND,AP Node,34.35242,34.35,0.0,0.00242,0.0
2025-10-26 01:40:00-07:00,2025-10-26 08:40:00+00:00,2025-10-26 01:45:00-07:00,2025-10-26 08:45:00+00:00,REAL_TIME_5_MIN,ANAHEIM_6_N001,Node,33.79729,33.90579,0.0,-0.1085,0.0
2025-10-26 01:40:00-07:00,2025-10-26 08:40:00+00:00,2025-10-26 01:45:00-07:00,2025-10-26 08:45:00+00:00,REAL_TIME_5_MIN,MKT_SUB_LNODEONC,Node,35.50953,33.90579,0.0,1.60374,0.0
2025-10-26 01:40:00-07:00,2025-10-26 08:40:00+00:00,2025-10-26 01:45:00-07:00,2025-10-26 08:45:00+00:00,REAL_TIME_5_MIN,SCEW_2_PDRP89-APND,AP Node,33.90818,33.90579,0.0,0.00239,0.0
2025-10-26 01:45:00-07:00,2025-10-26 08:45:00+00:00,2025-10-26 01:50:00-07:00,2025-10-26 08:50:00+00:00,REAL_TIME_5_MIN,ANAHEIM_6_N001,Node,33.80554,33.94813,0.0,-0.14258,0.0
2025-10-26 01:45:00-07:00,2025-10-26 08:45:00+00:00,2025-10-26 01:50:00-07:00,2025-10-26 08:50:00+00:00,REAL_TIME_5_MIN,MKT_SUB_LNODEONC,Node,35.5369,33.94813,0.0,1.58877,0.0
2025-10-26 01:45:00-07:00,2025-10-26 08:45:00+00:00,2025-10-26 01:50:00-07:00,2025-10-26 08:50:00+00:00,REAL_TIME_5_MIN,SCEW_2_PDRP89-APND,AP Node,33.91767,33.94813,0.0,-0.03045,0.0
2025-10-26 01:50:00-07:00,2025-10-26 08:50:00+00:00,2025-10-26 01:55:00-07:00,2025-10-26 08:55:00+00:00,REAL_TIME_5_MIN,ANAHEIM_6_N001,Node,32.93424,33.07315,0.0,-0.13891,0.0
2025-10-26 01:50:00-07:00,2025-10-26 08:50:00+00:00,2025-10-26 01:55:00-07:00,2025-10-26 08:55:00+00:00,REAL_TIME_5_MIN,MKT_SUB_LNODEONC,Node,34.62097,33.07315,0.0,1.54782,0.0
2025-10-26 01:50:00-07:00,2025-10-26 08:50:00+00:00,2025-10-26 01:55:00-07:00,2025-10-26 08:55:00+00:00,REAL_TIME_5_MIN,SCEW_2_PDRP89-APND,AP Node,33.04348,33.07315,0.0,-0.02967,0.0
2025-10-26 01:55:00-07:00,2025-10-26 08:55:00+00:00,2025-10-26 02:00:00-07:00,2025-10-26 09:00:00+00:00,REAL_TIME_5_MIN,ANAHEIM_6_N001,Node,32.39407,32.5307,0.0,-0.13663,0.0
2025-10-26 01:55:00-07:00,2025-10-26 08:55:00+00:00,2025-10-26 02:00:00-07:00,2025-10-26 09:00:00+00:00,REAL_TIME_5_MIN,MKT_SUB_LNODEONC,Node,34.05314,32.5307,0.0,1.52244,0.0
2025-10-26 01:55:00-07:00,2025-10-26 08:55:00+00:00,2025-10-26 02:00:00-07:00,2025-10-26 09:00:00+00:00,REAL_TIME_5_MIN,SCEW_2_PDRP89-APND,AP Node,32.50152,32.5307,0.0,-0.02918,0.0
2025-10-26 02:00:00-07:00,2025-10-26 09:00:00+00:00,2025-10-26 02:05:00-07:00,2025-10-26 09:05:00+00:00,REAL_TIME_5_MIN,ANAHEIM_6_N001,Node,34.44853,34.54873,0.0,-0.10019,0.0
2025-10-26 02:00:00-07:00,2025-10-26 09:00:00+00:00,2025-10-26 02:05:00-07:00,2025-10-26 09:05:00+00:00,REAL_TIME_5_MIN,MKT_SUB_LNODEONC,Node,36.1587,34.54873,0.0,1.60997,0.0
2025-10-26 02:00:00-07:00,2025-10-26 09:00:00+00:00,2025-10-26 02:05:00-07:00,2025-10-26 09:05:00+00:00,REAL_TIME_5_MIN,SCEW_2_PDRP89-APND,AP Node,34.56153,34.54873,0.0,0.0128,0.0
2025-10-26 02:05:00-07:00,2025-10-26 09:05:00+00:00,2025-10-26 02:10:00-07:00,2025-10-26 09:10:00+00:00,REAL_TIME_5_MIN,ANAHEIM_6_N001,Node,33.85649,33.95496,0.0,-0.09847,0.0
2025-10-26 02:05:00-07:00,2025-10-26 09:05:00+00:00,2025-10-26 02:10:00-07:00,2025-10-26 09:10:00+00:00,REAL_TIME_5_MIN,MKT_SUB_LNODEONC,Node,35.53726,33.95496,0.0,1.5823,0.0
2025-10-26 02:05:00-07:00,2025-10-26 09:05:00+00:00,2025-10-26 02:10:00-07:00,2025-10-26 09:10:00+00:00,REAL_TIME_5_MIN,SCEW_2_PDRP89-APND,AP Node,33.96754,33.95496,0.0,0.01258,0.0
2025-10-26 02:10:00-07:00,2025-10-26 09:10:00+00:00,2025-10-26 02:15:00-07:00,2025-10-26 09:15:00+00:00,REAL_TIME_5_MIN,ANAHEIM_6_N001,Node,33.25565,33.35237,0.0,-0.09672,0.0
2025-10-26 02:10:00-07:00,2025-10-26 09:10:00+00:00,2025-10-26 02:15:00-07:00,2025-10-26 09:15:00+00:00,REAL_TIME_5_MIN,MKT_SUB_LNODEONC,Node,34.90659,33.35237,0.0,1.55422,0.0
2025-10-26 02:10:00-07:00,2025-10-26 09:10:00+00:00,2025-10-26 02:15:00-07:00,2025-10-26 09:15:00+00:00,REAL_TIME_5_MIN,SCEW_2_PDRP89-APND,AP Node,33.36473,33.35237,0.0,0.01236,0.0
2025-10-26 02:15:00-07:00,2025-10-26 09:15:00+00:00,2025-10-26 02:20:00-07:00,2025-10-26 09:20:00+00:00,REAL_TIME_5_MIN,ANAHEIM_6_N001,Node,32.92461,32.9972,0.0,-0.07259,0.0
2025-10-26 02:15:00-07:00,2025-10-26 09:15:00+00:00,2025-10-26 02:20:00-07:00,2025-10-26 09:20:00+00:00,REAL_TIME_5_MIN,MKT_SUB_LNODEONC,Node,34.46558,32.9972,0.0,1.46838,0.0
2025-10-26 02:15:00-07:00,2025-10-26 09:15:00+00:00,2025-10-26 02:20:00-07:00,2025-10-26 09:20:00+00:00,REAL_TIME_5_MIN,SCEW_2_PDRP89-APND,AP Node,33.02616,32.9972,0.0,0.02896,0.0
2025-10-26 02:20:00-07:00,2025-10-26 09:20:00+00:00,2025-10-26 02:25:00-07:00,2025-10-26 09:25:00+00:00,REAL_TIME_5_MIN,ANAHEIM_6_N001,Node,33.02293,33.09574,0.0,-0.07281,0.0
2025-10-26 02:20:00-07:00,2025-10-26 09:20:00+00:00,2025-10-26 02:25:00-07:00,2025-10-26 09:25:00+00:00,REAL_TIME_5_MIN,MKT_SUB_LNODEONC,Node,34.5685,33.09574,0.0,1.47276,0.0
2025-10-26 02:20:00-07:00,2025-10-26 09:20:00+00:00,2025-10-26 02:25:00-07:00,2025-10-26 09:25:00+00:00,REAL_TIME_5_MIN,SCEW_2_PDRP89-APND,AP Node,33.12479,33.09574,0.0,0.02905,0.0
2025-10-26 02:25:00-07:00,2025-10-26 09:25:00+00:00,2025-10-26 02:30:00-07:00,2025-10-26 09:30:00+00:00,REAL_TIME_5_MIN,ANAHEIM_6_N001,Node,32.98895,33.06169,0.0,-0.07274,0.0
2025-10-26 02:25:00-07:00,2025-10-26 09:25:00+00:00,2025-10-26 02:30:00-07:00,2025-10-26 09:30:00+00:00,REAL_TIME_5_MIN,MKT_SUB_LNODEONC,Node,34.53293,33.06169,0.0,1.47124,0.0
2025-10-26 02:25:00-07:00,2025-10-26 09:25:00+00:00,2025-10-26 02:30:00-07:00,2025-10-26 09:30:00+00:00,REAL_TIME_5_MIN,SCEW_2_PDRP89-APND,AP Node,33.0907,33.06169,0.0,0.02902,0.0
2025-10-26 02:30:00-07:00,2025-10-26 09:30:00+00:00,2025-10-26 02:35:00-07:00,2025-10-26 09:35:00+00:00,REAL_TIME_5_MIN,ANAHEIM_6_N001,Node,32.98048,33.10296,0.0,-0.12248,0.0
2025-10-26 02:30:00-07:00,2025-10-26 09:30:00+00:00,2025-10-26 02:35:00-07:00,2025-10-26 09:35:00+00:00,REAL_TIME_5_MIN,MKT_SUB_LNODEONC,Node,34.59922,33.10296,0.0,1.49625,0.0
2025-10-26 02:30:00-07:00,2025-10-26 09:30:00+00:00,2025-10-26 02:35:00-07:00,2025-10-26 09:35:00+00:00,REAL_TIME_5_MIN,SCEW_2_PDRP89-APND,AP Node,33.08121,33.10296,0.0,-0.02176,0.0
2025-10-26 02:35:00-07:00,2025-10-26 09:35:00+00:00,2025-10-26 02:40:00-07:00,2025-10-26 09:40:00+00:00,REAL_TIME_5_MIN,ANAHEIM_6_N001,Node,32.98048,33.10296,0.0,-0.12248,0.0
2025-10-26 02:35:00-07:00,2025-10-26 09:35:00+00:00,2025-10-26 02:40:00-07:00,2025-10-26 09:40:00+00:00,REAL_TIME_5_MIN,MKT_SUB_LNODEONC,Node,34.59922,33.10296,0.0,1.49625,0.0
2025-10-26 02:35:00-07:00,2025-10-26 09:35:00+00:00,2025-10-26 02:40:00-07:00,2025-10-26 09:40:00+00:00,REAL_TIME_5_MIN,SCEW_2_PDRP89-APND,AP Node,33.08121,33.10296,0.0,-0.02176,0.0
2025-10-26 02:40:00-07:00,2025-10-26 09:40:00+00:00,2025-10-26 02:45:00-07:00,2025-10-26 09:45:00+00:00,REAL_TIME_5_MIN,ANAHEIM_6_N001,Node,32.98048,33.10296,0.0,-0.12248,0.0
2025-10-26 02:40:00-07:00,2025-10-26 09:40:00+00:00,2025-10-26 02:45:00-07:00,2025-10-26 09:45:00+00:00,REAL_TIME_5_MIN,MKT_SUB_LNODEONC,Node,34.59922,33.10296,0.0,1.49625,0.0
2025-10-26 02:40:00-07:00,2025-10-26 09:40:00+00:00,2025-10-26 02:45:00-07:00,2025-10-26 09:45:00+00:00,REAL_TIME_5_MIN,SCEW_2_PDRP89-APND,AP Node,33.08121,33.10296,0.0,-0.02176,0.0
2025-10-26 02:45:00-07:00,2025-10-26 09:45:00+00:00,2025-10-26 02:50:00-07:00,2025-10-26 09:50:00+00:00,REAL_TIME_5_MIN,ANAHEIM_6_N001,Node,32.93747,33.09633,0.0,-0.15886,0.0
2025-10-26 02:45:00-07:00,2025-10-26 09:45:00+00:00,2025-10-26 02:50:00-07:00,2025-10-26 09:50:00+00:00,REAL_TIME_5_MIN,MKT_SUB_LNODEONC,Node,34.61877,33.09633,0.0,1.52243,0.0
2025-10-26 02:45:00-07:00,2025-10-26 09:45:00+00:00,2025-10-26 02:50:00-07:00,2025-10-26 09:50:00+00:00,REAL_TIME_5_MIN,SCEW_2_PDRP89-APND,AP Node,33.04148,33.09633,0.0,-0.05485,0.0
2025-10-26 02:50:00-07:00,2025-10-26 09:50:00+00:00,2025-10-26 02:55:00-07:00,2025-10-26 09:55:00+00:00,REAL_TIME_5_MIN,ANAHEIM_6_N001,Node,33.43664,33.59791,0.0,-0.16127,0.0
2025-10-26 02:50:00-07:00,2025-10-26 09:50:00+00:00,2025-10-26 02:55:00-07:00,2025-10-26 09:55:00+00:00,REAL_TIME_5_MIN,MKT_SUB_LNODEONC,Node,35.14341,33.59791,0.0,1.5455,0.0
2025-10-26 02:50:00-07:00,2025-10-26 09:50:00+00:00,2025-10-26 02:55:00-07:00,2025-10-26 09:55:00+00:00,REAL_TIME_5_MIN,SCEW_2_PDRP89-APND,AP Node,33.54222,33.59791,0.0,-0.05569,0.0
2025-10-26 02:55:00-07:00,2025-10-26 09:55:00+00:00,2025-10-26 03:00:00-07:00,2025-10-26 10:00:00+00:00,REAL_TIME_5_MIN,ANAHEIM_6_N001,Node,33.81137,33.97445,0.0,-0.16308,0.0
2025-10-26 02:55:00-07:00,2025-10-26 09:55:00+00:00,2025-10-26 03:00:00-07:00,2025-10-26 10:00:00+00:00,REAL_TIME_5_MIN,MKT_SUB_LNODEONC,Node,35.53727,33.97445,0.0,1.56282,0.0
2025-10-26 02:55:00-07:00,2025-10-26 09:55:00+00:00,2025-10-26 03:00:00-07:00,2025-10-26 10:00:00+00:00,REAL_TIME_5_MIN,SCEW_2_PDRP89-APND,AP Node,33.91814,33.97445,0.0,-0.05631,0.0
2025-10-26 03:00:00-07:00,2025-10-26 10:00:00+00:00,2025-10-26 03:05:00-07:00,2025-10-26 10:05:00+00:00,REAL_TIME_5_MIN,ANAHEIM_6_N001,Node,33.97323,34.29215,0.0,-0.31892,0.0
2025-10-26 03:00:00-07:00,2025-10-26 10:00:00+00:00,2025-10-26 03:05:00-07:00,2025-10-26 10:05:00+00:00,REAL_TIME_5_MIN,MKT_SUB_LNODEONC,Node,35.86959,34.29215,0.0,1.57744,0.0
2025-10-26 03:00:00-07:00,2025-10-26 10:00:00+00:00,2025-10-26 03:05:00-07:00,2025-10-26 10:05:00+00:00,REAL_TIME_5_MIN,SCEW_2_PDRP89-APND,AP Node,34.07979,34.29215,0.0,-0.21236,0.0
2025-10-26 03:05:00-07:00,2025-10-26 10:05:00+00:00,2025-10-26 03:10:00-07:00,2025-10-26 10:10:00+00:00,REAL_TIME_5_MIN,ANAHEIM_6_N001,Node,33.92515,34.24362,0.0,-0.31847,0.0
2025-10-26 03:05:00-07:00,2025-10-26 10:05:00+00:00,2025-10-26 03:10:00-07:00,2025-10-26 10:10:00+00:00,REAL_TIME_5_MIN,MKT_SUB_LNODEONC,Node,35.81882,34.24362,0.0,1.57521,0.0
2025-10-26 03:05:00-07:00,2025-10-26 10:05:00+00:00,2025-10-26 03:10:00-07:00,2025-10-26 10:10:00+00:00,REAL_TIME_5_MIN,SCEW_2_PDRP89-APND,AP Node,34.03156,34.24362,0.0,-0.21206,0.0
2025-10-26 03:10:00-07:00,2025-10-26 10:10:00+00:00,2025-10-26 03:15:00-07:00,2025-10-26 10:15:00+00:00,REAL_TIME_5_MIN,ANAHEIM_6_N001,Node,33.97323,34.29215,0.0,-0.31892,0.0
2025-10-26 03:10:00-07:00,2025-10-26 10:10:00+00:00,2025-10-26 03:15:00-07:00,2025-10-26 10:15:00+00:00,REAL_TIME_5_MIN,MKT_SUB_LNODEONC,Node,35.86959,34.29215,0.0,1.57744,0.0
2025-10-26 03:10:00-07:00,2025-10-26 10:10:00+00:00,2025-10-26 03:15:00-07:00,2025-10-26 10:15:00+00:00,REAL_TIME_5_MIN,SCEW_2_PDRP89-APND,AP Node,34.07979,34.29215,0.0,-0.21236,0.0
2025-10-26 03:15:00-07:00,2025-10-26 10:15:00+00:00,2025-10-26 03:20:00-07:00,2025-10-26 10:20:00+00:00,REAL_TIME_5_MIN,ANAHEIM_6_N001,Node,34.59687,34.94987,0.0,-0.35299,0.0
2025-10-26 03:15:00-07:00,2025-10-26 10:15:00+00:00,2025-10-26 03:20:00-07:00,2025-10-26 10:20:00+00:00,REAL_TIME_5_MIN,MKT_SUB_LNODEONC,Node,36.55407,34.94987,0.0,1.6042,0.0
2025-10-26 03:15:00-07:00,2025-10-26 10:15:00+00:00,2025-10-26 03:20:00-07:00,2025-10-26 10:20:00+00:00,REAL_TIME_5_MIN,SCEW_2_PDRP89-APND,AP Node,34.70556,34.94987,0.0,-0.24431,0.0
2025-10-26 03:20:00-07:00,2025-10-26 10:20:00+00:00,2025-10-26 03:25:00-07:00,2025-10-26 10:25:00+00:00,REAL_TIME_5_MIN,ANAHEIM_6_N001,Node,34.71368,35.06787,0.0,-0.35419,0.0
2025-10-26 03:20:00-07:00,2025-10-26 10:20:00+00:00,2025-10-26 03:25:00-07:00,2025-10-26 10:25:00+00:00,REAL_TIME_5_MIN,MKT_SUB_LNODEONC,Node,36.67749,35.06787,0.0,1.60962,0.0
2025-10-26 03:20:00-07:00,2025-10-26 10:20:00+00:00,2025-10-26 03:25:00-07:00,2025-10-26 10:25:00+00:00,REAL_TIME_5_MIN,SCEW_2_PDRP89-APND,AP Node,34.82274,35.06787,0.0,-0.24513,0.0
2025-10-26 03:25:00-07:00,2025-10-26 10:25:00+00:00,2025-10-26 03:30:00-07:00,2025-10-26 10:30:00+00:00,REAL_TIME_5_MIN,ANAHEIM_6_N001,Node,34.71863,35.07287,0.0,-0.35424,0.0
2025-10-26 03:25:00-07:00,2025-10-26 10:25:00+00:00,2025-10-26 03:30:00-07:00,2025-10-26 10:30:00+00:00,REAL_TIME_5_MIN,MKT_SUB_LNODEONC,Node,36.68271,35.07287,0.0,1.60984,0.0
2025-10-26 03:25:00-07:00,2025-10-26 10:25:00+00:00,2025-10-26 03:30:00-07:00,2025-10-26 10:30:00+00:00,REAL_TIME_5_MIN,SCEW_2_PDRP89-APND,AP Node,34.8277,35.07287,0.0,-0.24517,0.0
2025-10-26 03:30:00-07:00,2025-10-26 10:30:00+00:00,2025-10-26 03:35:00-07:00,2025-10-26 10:35:00+00:00,REAL_TIME_5_MIN,ANAHEIM_6_N001,Node,33.78299,34.14493,0.0,-0.36194,0.0
2025-10-26 03:30:00-07:00,2025-10-26 10:30:00+00:00,2025-10-26 03:35:00-07:00,2025-10-26 10:35:00+00:00,REAL_TIME_5_MIN,MKT_SUB_LNODEONC,Node,35.73267,34.14493,0.0,1.58774,0.0
2025-10-26 03:30:00-07:00,2025-10-26 10:30:00+00:00,2025-10-26 03:35:00-07:00,2025-10-26 10:35:00+00:00,REAL_TIME_5_MIN,SCEW_2_PDRP89-APND,AP Node,33.88695,34.14493,0.0,-0.25798,0.0
2025-10-26 03:35:00-07:00,2025-10-26 10:35:00+00:00,2025-10-26 03:40:00-07:00,2025-10-26 10:40:00+00:00,REAL_TIME_5_MIN,ANAHEIM_6_N001,Node,33.78316,34.1451,0.0,-0.36194,0.0
2025-10-26 03:35:00-07:00,2025-10-26 10:35:00+00:00,2025-10-26 03:40:00-07:00,2025-10-26 10:40:00+00:00,REAL_TIME_5_MIN,MKT_SUB_LNODEONC,Node,35.73284,34.1451,0.0,1.58775,0.0
2025-10-26 03:35:00-07:00,2025-10-26 10:35:00+00:00,2025-10-26 03:40:00-07:00,2025-10-26 10:40:00+00:00,REAL_TIME_5_MIN,SCEW_2_PDRP89-APND,AP Node,33.88711,34.1451,0.0,-0.25798,0.0
2025-10-26 03:40:00-07:00,2025-10-26 10:40:00+00:00,2025-10-26 03:45:00-07:00,2025-10-26 10:45:00+00:00,REAL_TIME_5_MIN,ANAHEIM_6_N001,Node,33.78299,34.14493,0.0,-0.36194,0.0
2025-10-26 03:40:00-07:00,2025-10-26 10:40:00+00:00,2025-10-26 03:45:00-07:00,2025-10-26 10:45:00+00:00,REAL_TIME_5_MIN,MKT_SUB_LNODEONC,Node,35.73267,34.14493,0.0,1.58774,0.0
2025-10-26 03:40:00-07:00,2025-10-26 10:40:00+00:00,2025-10-26 03:45:00-07:00,2025-10-26 10:45:00+00:00,REAL_TIME_5_MIN,SCEW_2_PDRP89-APND,AP Node,33.88695,34.14493,0.0,-0.25798,0.0
2025-10-26 03:45:00-07:00,2025-10-26 10:45:00+00:00,2025-10-26 03:50:00-07:00,2025-10-26 10:50:00+00:00,REAL_TIME_5_MIN,ANAHEIM_6_N001,Node,34.12881,34.50143,0.0,-0.37262,0.0
2025-10-26 03:45:00-07:00,2025-10-26 10:45:00+00:00,2025-10-26 03:50:00-07:00,2025-10-26 10:50:00+00:00,REAL_TIME_5_MIN,MKT_SUB_LNODEONC,Node,36.12644,34.50143,0.0,1.62502,0.0
2025-10-26 03:45:00-07:00,2025-10-26 10:45:00+00:00,2025-10-26 03:50:00-07:00,2025-10-26 10:50:00+00:00,REAL_TIME_5_MIN,SCEW_2_PDRP89-APND,AP Node,34.23497,34.50143,0.0,-0.26645,0.0
2025-10-26 03:50:00-07:00,2025-10-26 10:50:00+00:00,2025-10-26 03:55:00-07:00,2025-10-26 10:55:00+00:00,REAL_TIME_5_MIN,ANAHEIM_6_N001,Node,34.18064,34.55383,0.0,-0.37318,0.0
2025-10-26 03:50:00-07:00,2025-10-26 10:50:00+00:00,2025-10-26 03:55:00-07:00,2025-10-26 10:55:00+00:00,REAL_TIME_5_MIN,MKT_SUB_LNODEONC,Node,36.18131,34.55383,0.0,1.62749,0.0
2025-10-26 03:50:00-07:00,2025-10-26 10:50:00+00:00,2025-10-26 03:55:00-07:00,2025-10-26 10:55:00+00:00,REAL_TIME_5_MIN,SCEW_2_PDRP89-APND,AP Node,34.28697,34.55383,0.0,-0.26686,0.0
2025-10-26 03:55:00-07:00,2025-10-26 10:55:00+00:00,2025-10-26 04:00:00-07:00,2025-10-26 11:00:00+00:00,REAL_TIME_5_MIN,ANAHEIM_6_N001,Node,34.17708,34.55023,0.0,-0.37314,0.0
2025-10-26 03:55:00-07:00,2025-10-26 10:55:00+00:00,2025-10-26 04:00:00-07:00,2025-10-26 11:00:00+00:00,REAL_TIME_5_MIN,MKT_SUB_LNODEONC,Node,36.17754,34.55023,0.0,1.62732,0.0
2025-10-26 03:55:00-07:00,2025-10-26 10:55:00+00:00,2025-10-26 04:00:00-07:00,2025-10-26 11:00:00+00:00,REAL_TIME_5_MIN,SCEW_2_PDRP89-APND,AP Node,34.28339,34.55023,0.0,-0.26683,0.0
2025-10-26 04:00:00-07:00,2025-10-26 11:00:00+00:00,2025-10-26 04:05:00-07:00,2025-10-26 11:05:00+00:00,REAL_TIME_5_MIN,ANAHEIM_6_N001,Node,35.2685,35.64275,0.0,-0.37425,0.0
2025-10-26 04:00:00-07:00,2025-10-26 11:00:00+00:00,2025-10-26 04:05:00-07:00,2025-10-26 11:05:00+00:00,REAL_TIME_5_MIN,MKT_SUB_LNODEONC,Node,37.26449,35.64275,0.0,1.62175,0.0
2025-10-26 04:00:00-07:00,2025-10-26 11:00:00+00:00,2025-10-26 04:05:00-07:00,2025-10-26 11:05:00+00:00,REAL_TIME_5_MIN,SCEW_2_PDRP89-APND,AP Node,35.37353,35.64275,0.0,-0.26921,0.0
2025-10-26 04:05:00-07:00,2025-10-26 11:05:00+00:00,2025-10-26 04:10:00-07:00,2025-10-26 11:10:00+00:00,REAL_TIME_5_MIN,ANAHEIM_6_N001,Node,35.2685,35.64275,0.0,-0.37425,0.0
2025-10-26 04:05:00-07:00,2025-10-26 11:05:00+00:00,2025-10-26 04:10:00-07:00,2025-10-26 11:10:00+00:00,REAL_TIME_5_MIN,MKT_SUB_LNODEONC,Node,37.26449,35.64275,0.0,1.62175,0.0
2025-10-26 04:05:00-07:00,2025-10-26 11:05:00+00:00,2025-10-26 04:10:00-07:00,2025-10-26 11:10:00+00:00,REAL_TIME_5_MIN,SCEW_2_PDRP89-APND,AP Node,35.37353,35.64275,0.0,-0.26921,0.0
2025-10-26 04:10:00-07:00,2025-10-26 11:10:00+00:00,2025-10-26 04:15:00-07:00,2025-10-26 11:15:00+00:00,REAL_TIME_5_MIN,ANAHEIM_6_N001,Node,35.49982,35.87652,0.0,-0.3767,0.0
2025-10-26 04:10:00-07:00,2025-10-26 11:10:00+00:00,2025-10-26 04:15:00-07:00,2025-10-26 11:15:00+00:00,REAL_TIME_5_MIN,MKT_SUB_LNODEONC,Node,37.5089,35.87652,0.0,1.63238,0.0
2025-10-26 04:10:00-07:00,2025-10-26 11:10:00+00:00,2025-10-26 04:15:00-07:00,2025-10-26 11:15:00+00:00,REAL_TIME_5_MIN,SCEW_2_PDRP89-APND,AP Node,35.60554,35.87652,0.0,-0.27098,0.0
2025-10-26 04:15:00-07:00,2025-10-26 11:15:00+00:00,2025-10-26 04:20:00-07:00,2025-10-26 11:20:00+00:00,REAL_TIME_5_MIN,ANAHEIM_6_N001,Node,36.73622,37.14857,0.0,-0.41235,0.0
2025-10-26 04:15:00-07:00,2025-10-26 11:15:00+00:00,2025-10-26 04:20:00-07:00,2025-10-26 11:20:00+00:00,REAL_TIME_5_MIN,MKT_SUB_LNODEONC,Node,38.78683,37.14857,0.0,1.63825,0.0
2025-10-26 04:15:00-07:00,2025-10-26 11:15:00+00:00,2025-10-26 04:20:00-07:00,2025-10-26 11:20:00+00:00,REAL_TIME_5_MIN,SCEW_2_PDRP89-APND,AP Node,36.84569,37.14857,0.0,-0.30288,0.0
2025-10-26 04:20:00-07:00,2025-10-26 11:20:00+00:00,2025-10-26 04:25:00-07:00,2025-10-26 11:25:00+00:00,REAL_TIME_5_MIN,ANAHEIM_6_N001,Node,36.83999,37.25351,0.0,-0.41351,0.0
2025-10-26 04:20:00-07:00,2025-10-26 11:20:00+00:00,2025-10-26 04:25:00-07:00,2025-10-26 11:25:00+00:00,REAL_TIME_5_MIN,MKT_SUB_LNODEONC,Node,38.89639,37.25351,0.0,1.64288,0.0
2025-10-26 04:20:00-07:00,2025-10-26 11:20:00+00:00,2025-10-26 04:25:00-07:00,2025-10-26 11:25:00+00:00,REAL_TIME_5_MIN,SCEW_2_PDRP89-APND,AP Node,36.94977,37.25351,0.0,-0.30374,0.0
2025-10-26 04:25:00-07:00,2025-10-26 11:25:00+00:00,2025-10-26 04:30:00-07:00,2025-10-26 11:30:00+00:00,REAL_TIME_5_MIN,ANAHEIM_6_N001,Node,36.83999,37.25351,0.0,-0.41351,0.0
2025-10-26 04:25:00-07:00,2025-10-26 11:25:00+00:00,2025-10-26 04:30:00-07:00,2025-10-26 11:30:00+00:00,REAL_TIME_5_MIN,MKT_SUB_LNODEONC,Node,38.89639,37.25351,0.0,1.64288,0.0
2025-10-26 04:25:00-07:00,2025-10-26 11:25:00+00:00,2025-10-26 04:30:00-07:00,2025-10-26 11:30:00+00:00,REAL_TIME_5_MIN,SCEW_2_PDRP89-APND,AP Node,36.94977,37.25351,0.0,-0.30374,0.0
2025-10-26 04:30:00-07:00,2025-10-26 11:30:00+00:00,2025-10-26 04:35:00-07:00,2025-10-26 11:35:00+00:00,REAL_TIME_5_MIN,ANAHEIM_6_N001,Node,35.3047,35.3047,0.0,0.0,0.0
2025-10-26 04:30:00-07:00,2025-10-26 11:30:00+00:00,2025-10-26 04:35:00-07:00,2025-10-26 11:35:00+00:00,REAL_TIME_5_MIN,MKT_SUB_LNODEONC,Node,35.3047,35.3047,0.0,0.0,0.0
2025-10-26 04:30:00-07:00,2025-10-26 11:30:00+00:00,2025-10-26 04:35:00-07:00,2025-10-26 11:35:00+00:00,REAL_TIME_5_MIN,SCEW_2_PDRP89-APND,AP Node,35.3047,35.3047,0.0,0.0,0.0
2025-10-26 04:35:00-07:00,2025-10-26 11:35:00+00:00,2025-10-26 04:40:00-07:00,2025-10-26 11:40:00+00:00,REAL_TIME_5_MIN,ANAHEIM_6_N001,Node,35.3047,35.3047,0.0,0.0,0.0
2025-10-26 04:35:00-07:00,2025-10-26 11:35:00+00:00,2025-10-26 04:40:00-07:00,2025-10-26 11:40:00+00:00,REAL_TIME_5_MIN,MKT_SUB_LNODEONC,Node,35.3047,35.3047,0.0,0.0,0.0
2025-10-26 04:35:00-07:00,2025-10-26 11:35:00+00:00,2025-10-26 04:40:00-07:00,2025-10-26 11:40:00+00:00,REAL_TIME_5_MIN,SCEW_2_PDRP89-APND,AP Node,35.3047,35.3047,0.0,0.0,0.0
2025-10-26 04:40:00-07:00,2025-10-26 11:40:00+00:00,2025-10-26 04:45:00-07:00,2025-10-26 11:45:00+00:00,REAL_TIME_5_MIN,ANAHEIM_6_N001,Node,36.18324,36.18324,0.0,0.0,0.0
2025-10-26 04:40:00-07:00,2025-10-26 11:40:00+00:00,2025-10-26 04:45:00-07:00,2025-10-26 11:45:00+00:00,REAL_TIME_5_MIN,MKT_SUB_LNODEONC,Node,36.18324,36.18324,0.0,0.0,0.0
2025-10-26 04:40:00-07:00,2025-10-26 11:40:00+00:00,2025-10-26 04:45:00-07:00,2025-10-26 11:45:00+00:00,REAL_TIME_5_MIN,SCEW_2_PDRP89-APND,AP Node,36.18324,36.18324,0.0,0.0,0.0
2025-10-26 04:45:00-07:00,2025-10-26 11:45:00+00:00,2025-10-26 04:50:00-07:00,2025-10-26 11:50:00+00:00,REAL_TIME_5_MIN,ANAHEIM_6_N001,Node,37.65461,38.06187,0.0,-0.40726,0.0
2025-10-26 04:45:00-07:00,2025-10-26 11:45:00+00:00,2025-10-26 04:50:00-07:00,2025-10-26 11:50:00+00:00,REAL_TIME_5_MIN,MKT_SUB_LNODEONC,Node,39.65666,38.06187,0.0,1.59479,0.0
2025-10-26 04:45:00-07:00,2025-10-26 11:45:00+00:00,2025-10-26 04:50:00-07:00,2025-10-26 11:50:00+00:00,REAL_TIME_5_MIN,SCEW_2_PDRP89-APND,AP Node,37.76686,38.06187,0.0,-0.29501,0.0
2025-10-26 04:50:00-07:00,2025-10-26 11:50:00+00:00,2025-10-26 04:55:00-07:00,2025-10-26 11:55:00+00:00,REAL_TIME_5_MIN,ANAHEIM_6_N001,Node,38.91806,39.33898,0.0,-0.42093,0.0
2025-10-26 04:50:00-07:00,2025-10-26 11:50:00+00:00,2025-10-26 04:55:00-07:00,2025-10-26 11:55:00+00:00,REAL_TIME_5_MIN,MKT_SUB_LNODEONC,Node,40.98729,39.33898,0.0,1.6483,0.0
2025-10-26 04:50:00-07:00,2025-10-26 11:50:00+00:00,2025-10-26 04:55:00-07:00,2025-10-26 11:55:00+00:00,REAL_TIME_5_MIN,SCEW_2_PDRP89-APND,AP Node,39.03408,39.33898,0.0,-0.30491,0.0
2025-10-26 04:55:00-07:00,2025-10-26 11:55:00+00:00,2025-10-26 05:00:00-07:00,2025-10-26 12:00:00+00:00,REAL_TIME_5_MIN,ANAHEIM_6_N001,Node,38.59,39.00738,0.0,-0.41738,0.0
2025-10-26 04:55:00-07:00,2025-10-26 11:55:00+00:00,2025-10-26 05:00:00-07:00,2025-10-26 12:00:00+00:00,REAL_TIME_5_MIN,MKT_SUB_LNODEONC,Node,40.64179,39.00738,0.0,1.63441,0.0
2025-10-26 04:55:00-07:00,2025-10-26 11:55:00+00:00,2025-10-26 05:00:00-07:00,2025-10-26 12:00:00+00:00,REAL_TIME_5_MIN,SCEW_2_PDRP89-APND,AP Node,38.70504,39.00738,0.0,-0.30234,0.0
2025-10-26 05:00:00-07:00,2025-10-26 12:00:00+00:00,2025-10-26 05:05:00-07:00,2025-10-26 12:05:00+00:00,REAL_TIME_5_MIN,ANAHEIM_6_N001,Node,34.4223,34.9394,0.0,-0.5171,0.0
2025-10-26 05:00:00-07:00,2025-10-26 12:00:00+00:00,2025-10-26 05:05:00-07:00,2025-10-26 12:05:00+00:00,REAL_TIME_5_MIN,MKT_SUB_LNODEONC,Node,36.36143,34.9394,0.0,1.42203,0.0
2025-10-26 05:00:00-07:00,2025-10-26 12:00:00+00:00,2025-10-26 05:05:00-07:00,2025-10-26 12:05:00+00:00,REAL_TIME_5_MIN,SCEW_2_PDRP89-APND,AP Node,34.52525,34.9394,0.0,-0.41415,0.0
2025-10-26 05:05:00-07:00,2025-10-26 12:05:00+00:00,2025-10-26 05:10:00-07:00,2025-10-26 12:10:00+00:00,REAL_TIME_5_MIN,ANAHEIM_6_N001,Node,34.44637,34.96383,0.0,-0.51746,0.0
2025-10-26 05:05:00-07:00,2025-10-26 12:05:00+00:00,2025-10-26 05:10:00-07:00,2025-10-26 12:10:00+00:00,REAL_TIME_5_MIN,MKT_SUB_LNODEONC,Node,36.38686,34.96383,0.0,1.42303,0.0
2025-10-26 05:05:00-07:00,2025-10-26 12:05:00+00:00,2025-10-26 05:10:00-07:00,2025-10-26 12:10:00+00:00,REAL_TIME_5_MIN,SCEW_2_PDRP89-APND,AP Node,34.54939,34.96383,0.0,-0.41444,0.0
2025-10-26 05:10:00-07:00,2025-10-26 12:10:00+00:00,2025-10-26 05:15:00-07:00,2025-10-26 12:15:00+00:00,REAL_TIME_5_MIN,ANAHEIM_6_N001,Node,34.4223,34.9394,0.0,-0.5171,0.0
2025-10-26 05:10:00-07:00,2025-10-26 12:10:00+00:00,2025-10-26 05:15:00-07:00,2025-10-26 12:15:00+00:00,REAL_TIME_5_MIN,MKT_SUB_LNODEONC,Node,36.36143,34.9394,0.0,1.42203,0.0
2025-10-26 05:10:00-07:00,2025-10-26 12:10:00+00:00,2025-10-26 05:15:00-07:00,2025-10-26 12:15:00+00:00,REAL_TIME_5_MIN,SCEW_2_PDRP89-APND,AP Node,34.52525,34.9394,0.0,-0.41415,0.0
2025-10-26 05:15:00-07:00,2025-10-26 12:15:00+00:00,2025-10-26 05:20:00-07:00,2025-10-26 12:20:00+00:00,REAL_TIME_5_MIN,ANAHEIM_6_N001,Node,34.20055,34.68616,0.0,-0.48561,0.0
2025-10-26 05:15:00-07:00,2025-10-26 12:15:00+00:00,2025-10-26 05:20:00-07:00,2025-10-26 12:20:00+00:00,REAL_TIME_5_MIN,MKT_SUB_LNODEONC,Node,36.09788,34.68616,0.0,1.41173,0.0
2025-10-26 05:15:00-07:00,2025-10-26 12:15:00+00:00,2025-10-26 05:20:00-07:00,2025-10-26 12:20:00+00:00,REAL_TIME_5_MIN,SCEW_2_PDRP89-APND,AP Node,34.30276,34.68616,0.0,-0.3834,0.0
2025-10-26 05:20:00-07:00,2025-10-26 12:20:00+00:00,2025-10-26 05:25:00-07:00,2025-10-26 12:25:00+00:00,REAL_TIME_5_MIN,ANAHEIM_6_N001,Node,35.19985,35.69965,0.0,-0.4998,0.0
2025-10-26 05:20:00-07:00,2025-10-26 12:20:00+00:00,2025-10-26 05:25:00-07:00,2025-10-26 12:25:00+00:00,REAL_TIME_5_MIN,MKT_SUB_LNODEONC,Node,37.15262,35.69965,0.0,1.45298,0.0
2025-10-26 05:20:00-07:00,2025-10-26 12:20:00+00:00,2025-10-26 05:25:00-07:00,2025-10-26 12:25:00+00:00,REAL_TIME_5_MIN,SCEW_2_PDRP89-APND,AP Node,35.30504,35.69965,0.0,-0.3946,0.0
2025-10-26 05:25:00-07:00,2025-10-26 12:25:00+00:00,2025-10-26 05:30:00-07:00,2025-10-26 12:30:00+00:00,REAL_TIME_5_MIN,ANAHEIM_6_N001,Node,35.09351,35.5918,0.0,-0.49829,0.0
2025-10-26 05:25:00-07:00,2025-10-26 12:25:00+00:00,2025-10-26 05:30:00-07:00,2025-10-26 12:30:00+00:00,REAL_TIME_5_MIN,MKT_SUB_LNODEONC,Node,37.04039,35.5918,0.0,1.44859,0.0
2025-10-26 05:25:00-07:00,2025-10-26 12:25:00+00:00,2025-10-26 05:30:00-07:00,2025-10-26 12:30:00+00:00,REAL_TIME_5_MIN,SCEW_2_PDRP89-APND,AP Node,35.19839,35.5918,0.0,-0.39341,0.0
2025-10-26 05:30:00-07:00,2025-10-26 12:30:00+00:00,2025-10-26 05:35:00-07:00,2025-10-26 12:35:00+00:00,REAL_TIME_5_MIN,ANAHEIM_6_N001,Node,34.90075,35.44663,0.0,-0.54588,0.0
2025-10-26 05:30:00-07:00,2025-10-26 12:30:00+00:00,2025-10-26 05:35:00-07:00,2025-10-26 12:35:00+00:00,REAL_TIME_5_MIN,MKT_SUB_LNODEONC,Node,36.96374,35.44663,0.0,1.51712,0.0
2025-10-26 05:30:00-07:00,2025-10-26 12:30:00+00:00,2025-10-26 05:35:00-07:00,2025-10-26 12:35:00+00:00,REAL_TIME_5_MIN,SCEW_2_PDRP89-APND,AP Node,35.00288,35.44663,0.0,-0.44374,0.0
2025-10-26 05:35:00-07:00,2025-10-26 12:35:00+00:00,2025-10-26 05:40:00-07:00,2025-10-26 12:40:00+00:00,REAL_TIME_5_MIN,ANAHEIM_6_N001,Node,35.14032,35.68994,0.0,-0.54963,0.0
2025-10-26 05:35:00-07:00,2025-10-26 12:35:00+00:00,2025-10-26 05:40:00-07:00,2025-10-26 12:40:00+00:00,REAL_TIME_5_MIN,MKT_SUB_LNODEONC,Node,37.21747,35.68994,0.0,1.52753,0.0
2025-10-26 05:35:00-07:00,2025-10-26 12:35:00+00:00,2025-10-26 05:40:00-07:00,2025-10-26 12:40:00+00:00,REAL_TIME_5_MIN,SCEW_2_PDRP89-APND,AP Node,35.24315,35.68994,0.0,-0.44679,0.0
2025-10-26 05:40:00-07:00,2025-10-26 12:40:00+00:00,2025-10-26 05:45:00-07:00,2025-10-26 12:45:00+00:00,REAL_TIME_5_MIN,ANAHEIM_6_N001,Node,35.09809,35.64705,0.0,-0.54896,0.0
2025-10-26 05:40:00-07:00,2025-10-26 12:40:00+00:00,2025-10-26 05:45:00-07:00,2025-10-26 12:45:00+00:00,REAL_TIME_5_MIN,MKT_SUB_LNODEONC,Node,37.17274,35.64705,0.0,1.52569,0.0
2025-10-26 05:40:00-07:00,2025-10-26 12:40:00+00:00,2025-10-26 05:45:00-07:00,2025-10-26 12:45:00+00:00,REAL_TIME_5_MIN,SCEW_2_PDRP89-APND,AP Node,35.2008,35.64705,0.0,-0.44625,0.0
2025-10-26 05:45:00-07:00,2025-10-26 12:45:00+00:00,2025-10-26 05:50:00-07:00,2025-10-26 12:50:00+00:00,REAL_TIME_5_MIN,ANAHEIM_6_N001,Node,35.17931,35.70779,0.0,-0.52848,0.0
2025-10-26 05:45:00-07:00,2025-10-26 12:45:00+00:00,2025-10-26 05:50:00-07:00,2025-10-26 12:50:00+00:00,REAL_TIME_5_MIN,MKT_SUB_LNODEONC,Node,37.2468,35.70779,0.0,1.53901,0.0
2025-10-26 05:45:00-07:00,2025-10-26 12:45:00+00:00,2025-10-26 05:50:00-07:00,2025-10-26 12:50:00+00:00,REAL_TIME_5_MIN,SCEW_2_PDRP89-APND,AP Node,35.2822,35.70779,0.0,-0.42559,0.0
2025-10-26 05:50:00-07:00,2025-10-26 12:50:00+00:00,2025-10-26 05:55:00-07:00,2025-10-26 12:55:00+00:00,REAL_TIME_5_MIN,ANAHEIM_6_N001,Node,35.17931,35.70779,0.0,-0.52848,0.0
2025-10-26 05:50:00-07:00,2025-10-26 12:50:00+00:00,2025-10-26 05:55:00-07:00,2025-10-26 12:55:00+00:00,REAL_TIME_5_MIN,MKT_SUB_LNODEONC,Node,37.2468,35.70779,0.0,1.53901,0.0
2025-10-26 05:50:00-07:00,2025-10-26 12:50:00+00:00,2025-10-26 05:55:00-07:00,2025-10-26 12:55:00+00:00,REAL_TIME_5_MIN,SCEW_2_PDRP89-APND,AP Node,35.2822,35.70779,0.0,-0.42559,0.0
2025-10-26 05:55:00-07:00,2025-10-26 12:55:00+00:00,2025-10-26 06:00:00-07:00,2025-10-26 13:00:00+00:00,REAL_TIME_5_MIN,ANAHEIM_6_N001,Node,37.10286,37.66023,0.0,-0.55737,0.0
2025-10-26 05:55:00-07:00,2025-10-26 12:55:00+00:00,2025-10-26 06:00:00-07:00,2025-10-26 13:00:00+00:00,REAL_TIME_5_MIN,MKT_SUB_LNODEONC,Node,39.28339,37.66023,0.0,1.62316,0.0
2025-10-26 05:55:00-07:00,2025-10-26 12:55:00+00:00,2025-10-26 06:00:00-07:00,2025-10-26 13:00:00+00:00,REAL_TIME_5_MIN,SCEW_2_PDRP89-APND,AP Node,37.21138,37.66023,0.0,-0.44886,0.0
2025-10-26 06:00:00-07:00,2025-10-26 13:00:00+00:00,2025-10-26 06:05:00-07:00,2025-10-26 13:05:00+00:00,REAL_TIME_5_MIN,ANAHEIM_6_N001,Node,28.22988,28.71516,0.0,-0.48529,0.0
2025-10-26 06:00:00-07:00,2025-10-26 13:00:00+00:00,2025-10-26 06:05:00-07:00,2025-10-26 13:05:00+00:00,REAL_TIME_5_MIN,MKT_SUB_LNODEONC,Node,29.84941,28.71516,0.0,1.13425,0.0
2025-10-26 06:00:00-07:00,2025-10-26 13:00:00+00:00,2025-10-26 06:05:00-07:00,2025-10-26 13:05:00+00:00,REAL_TIME_5_MIN,SCEW_2_PDRP89-APND,AP Node,28.31362,28.71516,0.0,-0.40154,0.0
2025-10-26 06:05:00-07:00,2025-10-26 13:05:00+00:00,2025-10-26 06:10:00-07:00,2025-10-26 13:10:00+00:00,REAL_TIME_5_MIN,ANAHEIM_6_N001,Node,30.06497,30.58181,0.0,-0.51683,0.0
2025-10-26 06:05:00-07:00,2025-10-26 13:05:00+00:00,2025-10-26 06:10:00-07:00,2025-10-26 13:10:00+00:00,REAL_TIME_5_MIN,MKT_SUB_LNODEONC,Node,31.79104,30.58181,0.0012,1.20803,0.0
2025-10-26 06:05:00-07:00,2025-10-26 13:05:00+00:00,2025-10-26 06:10:00-07:00,2025-10-26 13:10:00+00:00,REAL_TIME_5_MIN,SCEW_2_PDRP89-APND,AP Node,30.15416,30.58181,0.0,-0.42764,0.0
2025-10-26 06:10:00-07:00,2025-10-26 13:10:00+00:00,2025-10-26 06:15:00-07:00,2025-10-26 13:15:00+00:00,REAL_TIME_5_MIN,ANAHEIM_6_N001,Node,30.3823,30.90459,0.0,-0.52229,0.0
2025-10-26 06:10:00-07:00,2025-10-26 13:10:00+00:00,2025-10-26 06:15:00-07:00,2025-10-26 13:15:00+00:00,REAL_TIME_5_MIN,MKT_SUB_LNODEONC,Node,32.12657,30.90459,0.0012,1.22078,0.0
2025-10-26 06:10:00-07:00,2025-10-26 13:10:00+00:00,2025-10-26 06:15:00-07:00,2025-10-26 13:15:00+00:00,REAL_TIME_5_MIN,SCEW_2_PDRP89-APND,AP Node,30.47243,30.90459,0.0,-0.43216,0.0
2025-10-26 06:15:00-07:00,2025-10-26 13:15:00+00:00,2025-10-26 06:20:00-07:00,2025-10-26 13:20:00+00:00,REAL_TIME_5_MIN,ANAHEIM_6_N001,Node,30.05984,30.53,0.0,-0.47016,0.0
2025-10-26 06:15:00-07:00,2025-10-26 13:15:00+00:00,2025-10-26 06:20:00-07:00,2025-10-26 13:20:00+00:00,REAL_TIME_5_MIN,MKT_SUB_LNODEONC,Node,31.73718,30.53,0.0012,1.20598,0.0
2025-10-26 06:15:00-07:00,2025-10-26 13:15:00+00:00,2025-10-26 06:20:00-07:00,2025-10-26 13:20:00+00:00,REAL_TIME_5_MIN,SCEW_2_PDRP89-APND,AP Node,30.15087,30.53,0.0,-0.37913,0.0
2025-10-26 06:20:00-07:00,2025-10-26 13:20:00+00:00,2025-10-26 06:25:00-07:00,2025-10-26 13:25:00+00:00,REAL_TIME_5_MIN,ANAHEIM_6_N001,Node,30.6297,31.10878,0.0,-0.47908,0.0
2025-10-26 06:20:00-07:00,2025-10-26 13:20:00+00:00,2025-10-26 06:25:00-07:00,2025-10-26 13:25:00+00:00,REAL_TIME_5_MIN,MKT_SUB_LNODEONC,Node,32.33882,31.10878,0.0012,1.22884,0.0
2025-10-26 06:20:00-07:00,2025-10-26 13:20:00+00:00,2025-10-26 06:25:00-07:00,2025-10-26 13:25:00+00:00,REAL_TIME_5_MIN,SCEW_2_PDRP89-APND,AP Node,30.72246,31.10878,0.0,-0.38632,0.0
2025-10-26 06:25:00-07:00,2025-10-26 13:25:00+00:00,2025-10-26 06:30:00-07:00,2025-10-26 13:30:00+00:00,REAL_TIME_5_MIN,ANAHEIM_6_N001,Node,30.77806,31.25946,0.0,-0.4814,0.0
2025-10-26 06:25:00-07:00,2025-10-26 13:25:00+00:00,2025-10-26 06:30:00-07:00,2025-10-26 13:30:00+00:00,REAL_TIME_5_MIN,MKT_SUB_LNODEONC,Node,32.49546,31.25946,0.0012,1.2348,0.0
2025-10-26 06:25:00-07:00,2025-10-26 13:25:00+00:00,2025-10-26 06:30:00-07:00,2025-10-26 13:30:00+00:00,REAL_TIME_5_MIN,SCEW_2_PDRP89-APND,AP Node,30.87127,31.25946,0.0,-0.38819,0.0
2025-10-26 06:30:00-07:00,2025-10-26 13:30:00+00:00,2025-10-26 06:35:00-07:00,2025-10-26 13:35:00+00:00,REAL_TIME_5_MIN,ANAHEIM_6_N001,Node,30.91535,31.4564,0.0,-0.54105,0.0
2025-10-26 06:30:00-07:00,2025-10-26 13:30:00+00:00,2025-10-26 06:35:00-07:00,2025-10-26 13:35:00+00:00,REAL_TIME_5_MIN,MKT_SUB_LNODEONC,Node,32.66243,31.4564,0.0012,1.20483,0.0
2025-10-26 06:30:00-07:00,2025-10-26 13:30:00+00:00,2025-10-26 06:35:00-07:00,2025-10-26 13:35:00+00:00,REAL_TIME_5_MIN,SCEW_2_PDRP89-APND,AP Node,31.00497,31.4564,0.0,-0.45143,0.0
2025-10-26 06:35:00-07:00,2025-10-26 13:35:00+00:00,2025-10-26 06:40:00-07:00,2025-10-26 13:40:00+00:00,REAL_TIME_5_MIN,ANAHEIM_6_N001,Node,31.50286,32.05419,0.0,-0.55133,0.0
2025-10-26 06:35:00-07:00,2025-10-26 13:35:00+00:00,2025-10-26 06:40:00-07:00,2025-10-26 13:40:00+00:00,REAL_TIME_5_MIN,MKT_SUB_LNODEONC,Node,33.28311,32.05419,0.0012,1.22772,0.0
2025-10-26 06:35:00-07:00,2025-10-26 13:35:00+00:00,2025-10-26 06:40:00-07:00,2025-10-26 13:40:00+00:00,REAL_TIME_5_MIN,SCEW_2_PDRP89-APND,AP Node,31.59418,32.05419,0.0,-0.46001,0.0
2025-10-26 06:40:00-07:00,2025-10-26 13:40:00+00:00,2025-10-26 06:45:00-07:00,2025-10-26 13:45:00+00:00,REAL_TIME_5_MIN,ANAHEIM_6_N001,Node,33.0826,33.66158,0.0,-0.57898,0.0
2025-10-26 06:40:00-07:00,2025-10-26 13:40:00+00:00,2025-10-26 06:45:00-07:00,2025-10-26 13:45:00+00:00,REAL_TIME_5_MIN,MKT_SUB_LNODEONC,Node,34.95207,33.66158,0.0012,1.28928,0.0
2025-10-26 06:40:00-07:00,2025-10-26 13:40:00+00:00,2025-10-26 06:45:00-07:00,2025-10-26 13:45:00+00:00,REAL_TIME_5_MIN,SCEW_2_PDRP89-APND,AP Node,33.17851,33.66158,0.0,-0.48307,0.0
2025-10-26 06:45:00-07:00,2025-10-26 13:45:00+00:00,2025-10-26 06:50:00-07:00,2025-10-26 13:50:00+00:00,REAL_TIME_5_MIN,ANAHEIM_6_N001,Node,33.5891,34.26411,0.0,-0.675,0.0
2025-10-26 06:45:00-07:00,2025-10-26 13:45:00+00:00,2025-10-26 06:50:00-07:00,2025-10-26 13:50:00+00:00,REAL_TIME_5_MIN,MKT_SUB_LNODEONC,Node,35.59137,34.26411,0.0012,1.32607,0.0
2025-10-26 06:45:00-07:00,2025-10-26 13:45:00+00:00,2025-10-26 06:50:00-07:00,2025-10-26 13:50:00+00:00,REAL_TIME_5_MIN,SCEW_2_PDRP89-APND,AP Node,33.68784,34.26411,0.0,-0.57627,0.0
2025-10-26 06:50:00-07:00,2025-10-26 13:50:00+00:00,2025-10-26 06:55:00-07:00,2025-10-26 13:55:00+00:00,REAL_TIME_5_MIN,ANAHEIM_6_N001,Node,33.79879,34.47801,0.0,-0.67922,0.0
2025-10-26 06:50:00-07:00,2025-10-26 13:50:00+00:00,2025-10-26 06:55:00-07:00,2025-10-26 13:55:00+00:00,REAL_TIME_5_MIN,MKT_SUB_LNODEONC,Node,35.81355,34.47801,0.0012,1.33435,0.0
2025-10-26 06:50:00-07:00,2025-10-26 13:50:00+00:00,2025-10-26 06:55:00-07:00,2025-10-26 13:55:00+00:00,REAL_TIME_5_MIN,SCEW_2_PDRP89-APND,AP Node,33.89814,34.47801,0.0,-0.57987,0.0
2025-10-26 06:55:00-07:00,2025-10-26 13:55:00+00:00,2025-10-26 07:00:00-07:00,2025-10-26 14:00:00+00:00,REAL_TIME_5_MIN,ANAHEIM_6_N001,Node,34.02862,34.71245,0.0,-0.68384,0.0
2025-10-26 06:55:00-07:00,2025-10-26 13:55:00+00:00,2025-10-26 07:00:00-07:00,2025-10-26 14:00:00+00:00,REAL_TIME_5_MIN,MKT_SUB_LNODEONC,Node,36.05707,34.71245,0.0012,1.34342,0.0
2025-10-26 06:55:00-07:00,2025-10-26 13:55:00+00:00,2025-10-26 07:00:00-07:00,2025-10-26 14:00:00+00:00,REAL_TIME_5_MIN,SCEW_2_PDRP89-APND,AP Node,34.12865,34.71245,0.0,-0.58381,0.0
2025-10-26 07:00:00-07:00,2025-10-26 14:00:00+00:00,2025-10-26 07:05:00-07:00,2025-10-26 14:05:00+00:00,REAL_TIME_5_MIN,ANAHEIM_6_N001,Node,39.51954,40.28495,0.0,-0.76541,0.0
2025-10-26 07:00:00-07:00,2025-10-26 14:00:00+00:00,2025-10-26 07:05:00-07:00,2025-10-26 14:05:00+00:00,REAL_TIME_5_MIN,MKT_SUB_LNODEONC,Node,41.87218,40.28495,0.0,1.58723,0.0
2025-10-26 07:00:00-07:00,2025-10-26 14:00:00+00:00,2025-10-26 07:05:00-07:00,2025-10-26 14:05:00+00:00,REAL_TIME_5_MIN,SCEW_2_PDRP89-APND,AP Node,39.62644,40.28495,0.0,-0.65851,0.0
2025-10-26 07:05:00-07:00,2025-10-26 14:05:00+00:00,2025-10-26 07:10:00-07:00,2025-10-26 14:10:00+00:00,REAL_TIME_5_MIN,ANAHEIM_6_N001,Node,39.86792,40.64008,0.0,-0.77216,0.0
2025-10-26 07:05:00-07:00,2025-10-26 14:05:00+00:00,2025-10-26 07:10:00-07:00,2025-10-26 14:10:00+00:00,REAL_TIME_5_MIN,MKT_SUB_LNODEONC,Node,42.2413,40.64008,0.0,1.60122,0.0
2025-10-26 07:05:00-07:00,2025-10-26 14:05:00+00:00,2025-10-26 07:10:00-07:00,2025-10-26 14:10:00+00:00,REAL_TIME_5_MIN,SCEW_2_PDRP89-APND,AP Node,39.97576,40.64008,0.0,-0.66432,0.0
2025-10-26 07:10:00-07:00,2025-10-26 14:10:00+00:00,2025-10-26 07:15:00-07:00,2025-10-26 14:15:00+00:00,REAL_TIME_5_MIN,ANAHEIM_6_N001,Node,39.64958,40.41751,0.0,-0.76793,0.0
2025-10-26 07:10:00-07:00,2025-10-26 14:10:00+00:00,2025-10-26 07:15:00-07:00,2025-10-26 14:15:00+00:00,REAL_TIME_5_MIN,MKT_SUB_LNODEONC,Node,42.00996,40.41751,0.0,1.59245,0.0
2025-10-26 07:10:00-07:00,2025-10-26 14:10:00+00:00,2025-10-26 07:15:00-07:00,2025-10-26 14:15:00+00:00,REAL_TIME_5_MIN,SCEW_2_PDRP89-APND,AP Node,39.75683,40.41751,0.0,-0.66068,0.0
2025-10-26 07:15:00-07:00,2025-10-26 14:15:00+00:00,2025-10-26 07:20:00-07:00,2025-10-26 14:20:00+00:00,REAL_TIME_5_MIN,ANAHEIM_6_N001,Node,41.67783,42.79038,0.0,-1.11255,0.0
2025-10-26 07:15:00-07:00,2025-10-26 14:15:00+00:00,2025-10-26 07:20:00-07:00,2025-10-26 14:20:00+00:00,REAL_TIME_5_MIN,MKT_SUB_LNODEONC,Node,44.45065,42.79038,0.0,1.66027,0.0
2025-10-26 07:15:00-07:00,2025-10-26 14:15:00+00:00,2025-10-26 07:20:00-07:00,2025-10-26 14:20:00+00:00,REAL_TIME_5_MIN,SCEW_2_PDRP89-APND,AP Node,41.79126,42.79038,0.0,-0.99912,0.0
2025-10-26 07:20:00-07:00,2025-10-26 14:20:00+00:00,2025-10-26 07:25:00-07:00,2025-10-26 14:25:00+00:00,REAL_TIME_5_MIN,ANAHEIM_6_N001,Node,41.67783,42.79038,0.0,-1.11255,0.0
2025-10-26 07:20:00-07:00,2025-10-26 14:20:00+00:00,2025-10-26 07:25:00-07:00,2025-10-26 14:25:00+00:00,REAL_TIME_5_MIN,MKT_SUB_LNODEONC,Node,44.4494,42.79038,-0.0012,1.66022,0.0
2025-10-26 07:20:00-07:00,2025-10-26 14:20:00+00:00,2025-10-26 07:25:00-07:00,2025-10-26 14:25:00+00:00,REAL_TIME_5_MIN,SCEW_2_PDRP89-APND,AP Node,41.79126,42.79038,0.0,-0.99912,0.0
2025-10-26 07:25:00-07:00,2025-10-26 14:25:00+00:00,2025-10-26 07:30:00-07:00,2025-10-26 14:30:00+00:00,REAL_TIME_5_MIN,ANAHEIM_6_N001,Node,37.97199,38.98562,0.0,-1.01363,0.0
2025-10-26 07:25:00-07:00,2025-10-26 14:25:00+00:00,2025-10-26 07:30:00-07:00,2025-10-26 14:30:00+00:00,REAL_TIME_5_MIN,MKT_SUB_LNODEONC,Node,40.49701,38.98562,-0.0012,1.5126,0.0
2025-10-26 07:25:00-07:00,2025-10-26 14:25:00+00:00,2025-10-26 07:30:00-07:00,2025-10-26 14:30:00+00:00,REAL_TIME_5_MIN,SCEW_2_PDRP89-APND,AP Node,38.07534,38.98562,0.0,-0.91028,0.0
2025-10-26 07:30:00-07:00,2025-10-26 14:30:00+00:00,2025-10-26 07:35:00-07:00,2025-10-26 14:35:00+00:00,REAL_TIME_5_MIN,ANAHEIM_6_N001,Node,34.14982,37.32633,-2.00446,-1.17205,0.0
2025-10-26 07:30:00-07:00,2025-10-26 14:30:00+00:00,2025-10-26 07:35:00-07:00,2025-10-26 14:35:00+00:00,REAL_TIME_5_MIN,MKT_SUB_LNODEONC,Node,36.67442,37.32633,-2.01059,1.35868,0.0
2025-10-26 07:30:00-07:00,2025-10-26 14:30:00+00:00,2025-10-26 07:35:00-07:00,2025-10-26 14:35:00+00:00,REAL_TIME_5_MIN,SCEW_2_PDRP89-APND,AP Node,34.25093,37.32633,-2.00844,-1.06696,0.0
2025-10-26 07:35:00-07:00,2025-10-26 14:35:00+00:00,2025-10-26 07:40:00-07:00,2025-10-26 14:40:00+00:00,REAL_TIME_5_MIN,ANAHEIM_6_N001,Node,34.12489,37.6909,-2.38251,-1.18349,0.0
2025-10-26 07:35:00-07:00,2025-10-26 14:35:00+00:00,2025-10-26 07:40:00-07:00,2025-10-26 14:40:00+00:00,REAL_TIME_5_MIN,MKT_SUB_LNODEONC,Node,36.67304,37.6909,-2.3898,1.37195,0.0
2025-10-26 07:35:00-07:00,2025-10-26 14:35:00+00:00,2025-10-26 07:40:00-07:00,2025-10-26 14:40:00+00:00,REAL_TIME_5_MIN,SCEW_2_PDRP89-APND,AP Node,34.22627,37.6909,-2.38724,-1.07738,0.0
2025-10-26 07:40:00-07:00,2025-10-26 14:40:00+00:00,2025-10-26 07:45:00-07:00,2025-10-26 14:45:00+00:00,REAL_TIME_5_MIN,ANAHEIM_6_N001,Node,27.78493,34.59244,-5.7213,-1.0862,0.0
2025-10-26 07:40:00-07:00,2025-10-26 14:40:00+00:00,2025-10-26 07:45:00-07:00,2025-10-26 14:45:00+00:00,REAL_TIME_5_MIN,MKT_SUB_LNODEONC,Node,30.11281,34.59244,-5.73879,1.25916,0.0
2025-10-26 07:40:00-07:00,2025-10-26 14:40:00+00:00,2025-10-26 07:45:00-07:00,2025-10-26 14:45:00+00:00,REAL_TIME_5_MIN,SCEW_2_PDRP89-APND,AP Node,27.87098,34.59244,-5.73264,-0.98882,0.0
2025-10-26 07:45:00-07:00,2025-10-26 14:45:00+00:00,2025-10-26 07:50:00-07:00,2025-10-26 14:50:00+00:00,REAL_TIME_5_MIN,ANAHEIM_6_N001,Node,25.82649,34.9983,-8.05187,-1.11995,0.0
2025-10-26 07:45:00-07:00,2025-10-26 14:45:00+00:00,2025-10-26 07:50:00-07:00,2025-10-26 14:50:00+00:00,REAL_TIME_5_MIN,MKT_SUB_LNODEONC,Node,28.1399,34.9983,-8.07634,1.21794,0.0
2025-10-26 07:45:00-07:00,2025-10-26 14:45:00+00:00,2025-10-26 07:50:00-07:00,2025-10-26 14:50:00+00:00,REAL_TIME_5_MIN,SCEW_2_PDRP89-APND,AP Node,25.89995,34.9983,-8.0757,-1.02265,0.0
2025-10-26 07:50:00-07:00,2025-10-26 14:50:00+00:00,2025-10-26 07:55:00-07:00,2025-10-26 14:55:00+00:00,REAL_TIME_5_MIN,ANAHEIM_6_N001,Node,21.53291,32.34524,-9.77728,-1.03505,0.0
2025-10-26 07:50:00-07:00,2025-10-26 14:50:00+00:00,2025-10-26 07:55:00-07:00,2025-10-26 14:55:00+00:00,REAL_TIME_5_MIN,MKT_SUB_LNODEONC,Node,23.66386,32.34524,-9.807,1.12561,0.0
2025-10-26 07:50:00-07:00,2025-10-26 14:50:00+00:00,2025-10-26 07:55:00-07:00,2025-10-26 14:55:00+00:00,REAL_TIME_5_MIN,SCEW_2_PDRP89-APND,AP Node,21.59389,32.34524,-9.80622,-0.94513,0.0
2025-10-26 07:55:00-07:00,2025-10-26 14:55:00+00:00,2025-10-26 08:00:00-07:00,2025-10-26 15:00:00+00:00,REAL_TIME_5_MIN,ANAHEIM_6_N001,Node,20.10148,30.8452,-9.75667,-0.98705,0.0
2025-10-26 07:55:00-07:00,2025-10-26 14:55:00+00:00,2025-10-26 08:00:00-07:00,2025-10-26 15:00:00+00:00,REAL_TIME_5_MIN,MKT_SUB_LNODEONC,Node,22.13228,30.8452,-9.78633,1.07341,0.0
2025-10-26 07:55:00-07:00,2025-10-26 14:55:00+00:00,2025-10-26 08:00:00-07:00,2025-10-26 15:00:00+00:00,REAL_TIME_5_MIN,SCEW_2_PDRP89-APND,AP Node,20.15835,30.8452,-9.78555,-0.90129,0.0
2025-10-26 08:00:00-07:00,2025-10-26 15:00:00+00:00,2025-10-26 08:05:00-07:00,2025-10-26 15:05:00+00:00,REAL_TIME_5_MIN,ANAHEIM_6_N001,Node,33.38935,37.91679,-3.31031,-1.21713,0.0
2025-10-26 08:00:00-07:00,2025-10-26 15:00:00+00:00,2025-10-26 08:05:00-07:00,2025-10-26 15:05:00+00:00,REAL_TIME_5_MIN,MKT_SUB_LNODEONC,Node,35.58232,37.91679,-3.32031,0.98584,0.0
2025-10-26 08:00:00-07:00,2025-10-26 15:00:00+00:00,2025-10-26 08:05:00-07:00,2025-10-26 15:05:00+00:00,REAL_TIME_5_MIN,SCEW_2_PDRP89-APND,AP Node,33.50538,37.91679,-3.31679,-1.09462,0.0
2025-10-26 08:05:00-07:00,2025-10-26 15:05:00+00:00,2025-10-26 08:10:00-07:00,2025-10-26 15:10:00+00:00,REAL_TIME_5_MIN,ANAHEIM_6_N001,Node,30.18775,37.21931,-5.83682,-1.19474,0.0
2025-10-26 08:05:00-07:00,2025-10-26 15:05:00+00:00,2025-10-26 08:10:00-07:00,2025-10-26 15:10:00+00:00,REAL_TIME_5_MIN,MKT_SUB_LNODEONC,Node,32.33378,37.21931,-5.85326,0.96773,0.0
2025-10-26 08:05:00-07:00,2025-10-26 15:05:00+00:00,2025-10-26 08:10:00-07:00,2025-10-26 15:10:00+00:00,REAL_TIME_5_MIN,SCEW_2_PDRP89-APND,AP Node,30.29657,37.21931,-5.84825,-1.07449,0.0
2025-10-26 08:10:00-07:00,2025-10-26 15:10:00+00:00,2025-10-26 08:15:00-07:00,2025-10-26 15:15:00+00:00,REAL_TIME_5_MIN,ANAHEIM_6_N001,Node,19.78892,32.73645,-11.89669,-1.05084,0.0
2025-10-26 08:10:00-07:00,2025-10-26 15:10:00+00:00,2025-10-26 08:15:00-07:00,2025-10-26 15:15:00+00:00,REAL_TIME_5_MIN,MKT_SUB_LNODEONC,Node,21.6562,32.73645,-11.93143,0.85118,0.0
2025-10-26 08:10:00-07:00,2025-10-26 15:10:00+00:00,2025-10-26 08:15:00-07:00,2025-10-26 15:15:00+00:00,REAL_TIME_5_MIN,SCEW_2_PDRP89-APND,AP Node,19.8714,32.73645,-11.91999,-0.94507,0.0
2025-10-26 08:15:00-07:00,2025-10-26 15:15:00+00:00,2025-10-26 08:20:00-07:00,2025-10-26 15:20:00+00:00,REAL_TIME_5_MIN,ANAHEIM_6_N001,Node,13.7089,31.3931,-16.60114,-1.08306,0.0
2025-10-26 08:15:00-07:00,2025-10-26 15:15:00+00:00,2025-10-26 08:20:00-07:00,2025-10-26 15:20:00+00:00,REAL_TIME_5_MIN,MKT_SUB_LNODEONC,Node,15.5843,31.3931,-16.59994,0.79114,0.0
2025-10-26 08:15:00-07:00,2025-10-26 15:15:00+00:00,2025-10-26 08:20:00-07:00,2025-10-26 15:20:00+00:00,REAL_TIME_5_MIN,SCEW_2_PDRP89-APND,AP Node,13.79028,31.3931,-16.63346,-0.96937,0.0
2025-10-26 08:20:00-07:00,2025-10-26 15:20:00+00:00,2025-10-26 08:25:00-07:00,2025-10-26 15:25:00+00:00,REAL_TIME_5_MIN,ANAHEIM_6_N001,Node,13.21199,30.49331,-16.2293,-1.05202,0.0
2025-10-26 08:20:00-07:00,2025-10-26 15:20:00+00:00,2025-10-26 08:25:00-07:00,2025-10-26 15:25:00+00:00,REAL_TIME_5_MIN,MKT_SUB_LNODEONC,Node,15.03367,30.49331,-16.2281,0.76846,0.0
2025-10-26 08:20:00-07:00,2025-10-26 15:20:00+00:00,2025-10-26 08:25:00-07:00,2025-10-26 15:25:00+00:00,REAL_TIME_5_MIN,SCEW_2_PDRP89-APND,AP Node,13.29083,30.49331,-16.26089,-0.94158,0.0
2025-10-26 08:25:00-07:00,2025-10-26 15:25:00+00:00,2025-10-26 08:30:00-07:00,2025-10-26 15:30:00+00:00,REAL_TIME_5_MIN,ANAHEIM_6_N001,Node,6.10548,26.99413,-19.95735,-0.9313,0.0
2025-10-26 08:25:00-07:00,2025-10-26 15:25:00+00:00,2025-10-26 08:30:00-07:00,2025-10-26 15:30:00+00:00,REAL_TIME_5_MIN,MKT_SUB_LNODEONC,Node,7.71826,26.99413,-19.95615,0.68028,0.0
2025-10-26 08:25:00-07:00,2025-10-26 15:25:00+00:00,2025-10-26 08:30:00-07:00,2025-10-26 15:30:00+00:00,REAL_TIME_5_MIN,SCEW_2_PDRP89-APND,AP Node,6.1644,26.99413,-19.9962,-0.83353,0.0
2025-10-26 08:30:00-07:00,2025-10-26 15:30:00+00:00,2025-10-26 08:35:00-07:00,2025-10-26 15:35:00+00:00,REAL_TIME_5_MIN,ANAHEIM_6_N001,Node,-0.49804,23.82059,-23.49205,-0.82657,0.0
2025-10-26 08:30:00-07:00,2025-10-26 15:30:00+00:00,2025-10-26 08:35:00-07:00,2025-10-26 15:35:00+00:00,REAL_TIME_5_MIN,MKT_SUB_LNODEONC,Node,0.76183,23.82059,-23.5614,0.50264,0.0
2025-10-26 08:30:00-07:00,2025-10-26 15:30:00+00:00,2025-10-26 08:35:00-07:00,2025-10-26 15:35:00+00:00,REAL_TIME_5_MIN,SCEW_2_PDRP89-APND,AP Node,-0.45748,23.82059,-23.53778,-0.74029,0.0
2025-10-26 08:35:00-07:00,2025-10-26 15:35:00+00:00,2025-10-26 08:40:00-07:00,2025-10-26 15:40:00+00:00,REAL_TIME_5_MIN,ANAHEIM_6_N001,Node,-2.96242,21.2764,-23.50053,-0.73829,0.0
2025-10-26 08:35:00-07:00,2025-10-26 15:35:00+00:00,2025-10-26 08:40:00-07:00,2025-10-26 15:40:00+00:00,REAL_TIME_5_MIN,MKT_SUB_LNODEONC,Node,-1.84455,21.2764,-23.5699,0.44896,0.0
2025-10-26 08:35:00-07:00,2025-10-26 15:35:00+00:00,2025-10-26 08:40:00-07:00,2025-10-26 15:40:00+00:00,REAL_TIME_5_MIN,SCEW_2_PDRP89-APND,AP Node,-2.9311,21.2764,-23.54627,-0.66122,0.0
2025-10-26 08:40:00-07:00,2025-10-26 15:40:00+00:00,2025-10-26 08:45:00-07:00,2025-10-26 15:45:00+00:00,REAL_TIME_5_MIN,ANAHEIM_6_N001,Node,-4.15672,17.39793,-20.95095,-0.60371,0.0
2025-10-26 08:40:00-07:00,2025-10-26 15:40:00+00:00,2025-10-26 08:45:00-07:00,2025-10-26 15:45:00+00:00,REAL_TIME_5_MIN,MKT_SUB_LNODEONC,Node,-3.23316,17.39793,-20.99821,0.36712,0.0
2025-10-26 08:40:00-07:00,2025-10-26 15:40:00+00:00,2025-10-26 08:45:00-07:00,2025-10-26 15:45:00+00:00,REAL_TIME_5_MIN,SCEW_2_PDRP89-APND,AP Node,-4.12512,17.39793,-20.98236,-0.54069,0.0
2025-10-26 08:45:00-07:00,2025-10-26 15:45:00+00:00,2025-10-26 08:50:00-07:00,2025-10-26 15:50:00+00:00,REAL_TIME_5_MIN,ANAHEIM_6_N001,Node,-6.37962,15.09134,-20.9654,-0.50556,0.0
2025-10-26 08:45:00-07:00,2025-10-26 15:45:00+00:00,2025-10-26 08:50:00-07:00,2025-10-26 15:50:00+00:00,REAL_TIME_5_MIN,MKT_SUB_LNODEONC,Node,-5.64236,15.09134,-21.01291,0.27921,0.0
2025-10-26 08:45:00-07:00,2025-10-26 15:45:00+00:00,2025-10-26 08:50:00-07:00,2025-10-26 15:50:00+00:00,REAL_TIME_5_MIN,SCEW_2_PDRP89-APND,AP Node,-6.36355,15.09134,-21.00101,-0.45387,0.0
2025-10-26 08:50:00-07:00,2025-10-26 15:50:00+00:00,2025-10-26 08:55:00-07:00,2025-10-26 15:55:00+00:00,REAL_TIME_5_MIN,ANAHEIM_6_N001,Node,-9.19288,8.20625,-17.12422,-0.27491,0.0
2025-10-26 08:50:00-07:00,2025-10-26 15:50:00+00:00,2025-10-26 08:55:00-07:00,2025-10-26 15:55:00+00:00,REAL_TIME_5_MIN,MKT_SUB_LNODEONC,Node,-8.80099,8.20625,-17.15908,0.15184,0.0
2025-10-26 08:50:00-07:00,2025-10-26 15:50:00+00:00,2025-10-26 08:55:00-07:00,2025-10-26 15:55:00+00:00,REAL_TIME_5_MIN,SCEW_2_PDRP89-APND,AP Node,-9.21764,8.20625,-17.17709,-0.2468,0.0
2025-10-26 08:55:00-07:00,2025-10-26 15:55:00+00:00,2025-10-26 09:00:00-07:00,2025-10-26 16:00:00+00:00,REAL_TIME_5_MIN,ANAHEIM_6_N001,Node,-10.31767,10.40876,-20.37774,-0.34869,0.0
2025-10-26 08:55:00-07:00,2025-10-26 15:55:00+00:00,2025-10-26 09:00:00-07:00,2025-10-26 16:00:00+00:00,REAL_TIME_5_MIN,MKT_SUB_LNODEONC,Node,-9.82353,10.40876,-20.42488,0.19258,0.0
2025-10-26 08:55:00-07:00,2025-10-26 15:55:00+00:00,2025-10-26 09:00:00-07:00,2025-10-26 16:00:00+00:00,REAL_TIME_5_MIN,SCEW_2_PDRP89-APND,AP Node,-10.33622,10.40876,-20.43194,-0.31304,0.0
2025-10-26 09:00:00-07:00,2025-10-26 16:00:00+00:00,2025-10-26 09:05:00-07:00,2025-10-26 16:05:00+00:00,REAL_TIME_5_MIN,ANAHEIM_6_N001,Node,-2.54776,16.60721,-18.58369,-0.57129,0.0
2025-10-26 09:00:00-07:00,2025-10-26 16:00:00+00:00,2025-10-26 09:05:00-07:00,2025-10-26 16:05:00+00:00,REAL_TIME_5_MIN,MKT_SUB_LNODEONC,Node,-1.68961,16.60721,-18.58249,0.28566,0.0
2025-10-26 09:00:00-07:00,2025-10-26 16:00:00+00:00,2025-10-26 09:05:00-07:00,2025-10-26 16:05:00+00:00,REAL_TIME_5_MIN,SCEW_2_PDRP89-APND,AP Node,-2.58604,16.60721,-18.67722,-0.51603,0.0
2025-10-26 09:05:00-07:00,2025-10-26 16:05:00+00:00,2025-10-26 09:10:00-07:00,2025-10-26 16:10:00+00:00,REAL_TIME_5_MIN,ANAHEIM_6_N001,Node,-3.83926,15.31534,-18.62776,-0.52685,0.0
2025-10-26 09:05:00-07:00,2025-10-26 16:05:00+00:00,2025-10-26 09:10:00-07:00,2025-10-26 16:10:00+00:00,REAL_TIME_5_MIN,MKT_SUB_LNODEONC,Node,-3.04777,15.31534,-18.62656,0.26344,0.0
2025-10-26 09:05:00-07:00,2025-10-26 16:05:00+00:00,2025-10-26 09:10:00-07:00,2025-10-26 16:10:00+00:00,REAL_TIME_5_MIN,SCEW_2_PDRP89-APND,AP Node,-3.88894,15.31534,-18.72839,-0.47589,0.0
2025-10-26 09:10:00-07:00,2025-10-26 16:10:00+00:00,2025-10-26 09:15:00-07:00,2025-10-26 16:15:00+00:00,REAL_TIME_5_MIN,ANAHEIM_6_N001,Node,-3.58256,15.29935,-18.35561,-0.5263,0.0
2025-10-26 09:10:00-07:00,2025-10-26 16:10:00+00:00,2025-10-26 09:15:00-07:00,2025-10-26 16:15:00+00:00,REAL_TIME_5_MIN,MKT_SUB_LNODEONC,Node,-2.79189,15.29935,-18.35441,0.26317,0.0
2025-10-26 09:10:00-07:00,2025-10-26 16:10:00+00:00,2025-10-26 09:15:00-07:00,2025-10-26 16:15:00+00:00,REAL_TIME_5_MIN,SCEW_2_PDRP89-APND,AP Node,-3.62557,15.29935,-18.44952,-0.4754,0.0
2025-10-26 09:15:00-07:00,2025-10-26 16:15:00+00:00,2025-10-26 09:20:00-07:00,2025-10-26 16:20:00+00:00,REAL_TIME_5_MIN,ANAHEIM_6_N001,Node,-6.73808,13.53719,-19.8096,-0.46568,0.0
2025-10-26 09:15:00-07:00,2025-10-26 16:15:00+00:00,2025-10-26 09:20:00-07:00,2025-10-26 16:20:00+00:00,REAL_TIME_5_MIN,MKT_SUB_LNODEONC,Node,-6.08569,13.53719,-19.85169,0.2288,0.0
2025-10-26 09:15:00-07:00,2025-10-26 16:15:00+00:00,2025-10-26 09:20:00-07:00,2025-10-26 16:20:00+00:00,REAL_TIME_5_MIN,SCEW_2_PDRP89-APND,AP Node,-6.79101,13.53719,-19.90712,-0.42108,0.0
2025-10-26 09:20:00-07:00,2025-10-26 16:20:00+00:00,2025-10-26 09:25:00-07:00,2025-10-26 16:25:00+00:00,REAL_TIME_5_MIN,ANAHEIM_6_N001,Node,-6.64143,13.63806,-19.81034,-0.46915,0.0
2025-10-26 09:20:00-07:00,2025-10-26 16:20:00+00:00,2025-10-26 09:25:00-07:00,2025-10-26 16:25:00+00:00,REAL_TIME_5_MIN,MKT_SUB_LNODEONC,Node,-5.98557,13.63806,-19.85413,0.2305,0.0
2025-10-26 09:20:00-07:00,2025-10-26 16:20:00+00:00,2025-10-26 09:25:00-07:00,2025-10-26 16:25:00+00:00,REAL_TIME_5_MIN,SCEW_2_PDRP89-APND,AP Node,-6.68849,13.63806,-19.90234,-0.42422,0.0
2025-10-26 09:25:00-07:00,2025-10-26 16:25:00+00:00,2025-10-26 09:30:00-07:00,2025-10-26 16:30:00+00:00,REAL_TIME_5_MIN,ANAHEIM_6_N001,Node,-7.45166,11.82245,-18.86742,-0.40669,0.0
2025-10-26 09:25:00-07:00,2025-10-26 16:25:00+00:00,2025-10-26 09:30:00-07:00,2025-10-26 16:30:00+00:00,REAL_TIME_5_MIN,MKT_SUB_LNODEONC,Node,-6.88541,11.82245,-18.90768,0.19982,0.0
2025-10-26 09:25:00-07:00,2025-10-26 16:25:00+00:00,2025-10-26 09:30:00-07:00,2025-10-26 16:30:00+00:00,REAL_TIME_5_MIN,SCEW_2_PDRP89-APND,AP Node,-7.50014,11.82245,-18.95485,-0.36774,0.0
2025-10-26 09:30:00-07:00,2025-10-26 16:30:00+00:00,2025-10-26 09:35:00-07:00,2025-10-26 16:35:00+00:00,REAL_TIME_5_MIN,ANAHEIM_6_N001,Node,-9.08769,13.12103,-21.75342,-0.4553,0.0
2025-10-26 09:30:00-07:00,2025-10-26 16:30:00+00:00,2025-10-26 09:35:00-07:00,2025-10-26 16:35:00+00:00,REAL_TIME_5_MIN,MKT_SUB_LNODEONC,Node,-8.44131,13.12103,-21.79986,0.23751,0.0
2025-10-26 09:30:00-07:00,2025-10-26 16:30:00+00:00,2025-10-26 09:35:00-07:00,2025-10-26 16:35:00+00:00,REAL_TIME_5_MIN,SCEW_2_PDRP89-APND,AP Node,-8.99902,13.12103,-21.7063,-0.41375,0.0
2025-10-26 09:35:00-07:00,2025-10-26 16:35:00+00:00,2025-10-26 09:40:00-07:00,2025-10-26 16:40:00+00:00,REAL_TIME_5_MIN,ANAHEIM_6_N001,Node,-9.56139,12.18505,-21.32362,-0.42282,0.0
2025-10-26 09:35:00-07:00,2025-10-26 16:35:00+00:00,2025-10-26 09:40:00-07:00,2025-10-26 16:40:00+00:00,REAL_TIME_5_MIN,MKT_SUB_LNODEONC,Node,-8.96328,12.18505,-21.36891,0.22057,0.0
2025-10-26 09:35:00-07:00,2025-10-26 16:35:00+00:00,2025-10-26 09:40:00-07:00,2025-10-26 16:40:00+00:00,REAL_TIME_5_MIN,SCEW_2_PDRP89-APND,AP Node,-9.47819,12.18505,-21.27901,-0.38423,0.0
2025-10-26 09:40:00-07:00,2025-10-26 16:40:00+00:00,2025-10-26 09:45:00-07:00,2025-10-26 16:45:00+00:00,REAL_TIME_5_MIN,ANAHEIM_6_N001,Node,-10.45076,11.684,-21.72932,-0.40543,0.0
2025-10-26 09:40:00-07:00,2025-10-26 16:40:00+00:00,2025-10-26 09:45:00-07:00,2025-10-26 16:45:00+00:00,REAL_TIME_5_MIN,MKT_SUB_LNODEONC,Node,-9.88062,11.684,-21.77612,0.2115,0.0
2025-10-26 09:40:00-07:00,2025-10-26 16:40:00+00:00,2025-10-26 09:45:00-07:00,2025-10-26 16:45:00+00:00,REAL_TIME_5_MIN,SCEW_2_PDRP89-APND,AP Node,-10.36947,11.684,-21.68504,-0.36843,0.0
2025-10-26 09:45:00-07:00,2025-10-26 16:45:00+00:00,2025-10-26 09:50:00-07:00,2025-10-26 16:50:00+00:00,REAL_TIME_5_MIN,ANAHEIM_6_N001,Node,-10.59223,11.19749,-21.40565,-0.38407,0.0
2025-10-26 09:45:00-07:00,2025-10-26 16:45:00+00:00,2025-10-26 09:50:00-07:00,2025-10-26 16:50:00+00:00,REAL_TIME_5_MIN,MKT_SUB_LNODEONC,Node,-10.00202,11.19749,-21.40445,0.20494,0.0
2025-10-26 09:45:00-07:00,2025-10-26 16:45:00+00:00,2025-10-26 09:50:00-07:00,2025-10-26 16:50:00+00:00,REAL_TIME_5_MIN,SCEW_2_PDRP89-APND,AP Node,-10.55493,11.19749,-21.40454,-0.34788,0.0
2025-10-26 09:50:00-07:00,2025-10-26 16:50:00+00:00,2025-10-26 09:55:00-07:00,2025-10-26 16:55:00+00:00,REAL_TIME_5_MIN,ANAHEIM_6_N001,Node,-10.96157,11.02288,-21.60636,-0.37808,0.0
2025-10-26 09:50:00-07:00,2025-10-26 16:50:00+00:00,2025-10-26 09:55:00-07:00,2025-10-26 16:55:00+00:00,REAL_TIME_5_MIN,MKT_SUB_LNODEONC,Node,-10.38055,11.02288,-21.60516,0.20174,0.0
2025-10-26 09:50:00-07:00,2025-10-26 16:50:00+00:00,2025-10-26 09:55:00-07:00,2025-10-26 16:55:00+00:00,REAL_TIME_5_MIN,SCEW_2_PDRP89-APND,AP Node,-10.92482,11.02288,-21.60524,-0.34245,0.0
2025-10-26 09:55:00-07:00,2025-10-26 16:55:00+00:00,2025-10-26 10:00:00-07:00,2025-10-26 17:00:00+00:00,REAL_TIME_5_MIN,ANAHEIM_6_N001,Node,-11.55328,11.60314,-22.75844,-0.39799,0.0
2025-10-26 09:55:00-07:00,2025-10-26 16:55:00+00:00,2025-10-26 10:00:00-07:00,2025-10-26 17:00:00+00:00,REAL_TIME_5_MIN,MKT_SUB_LNODEONC,Node,-10.94173,11.60314,-22.75724,0.21236,0.0
2025-10-26 09:55:00-07:00,2025-10-26 16:55:00+00:00,2025-10-26 10:00:00-07:00,2025-10-26 17:00:00+00:00,REAL_TIME_5_MIN,SCEW_2_PDRP89-APND,AP Node,-11.51459,11.60314,-22.75725,-0.36048,0.0
2025-10-26 10:00:00-07:00,2025-10-26 17:00:00+00:00,2025-10-26 10:05:00-07:00,2025-10-26 17:05:00+00:00,REAL_TIME_5_MIN,ANAHEIM_6_N001,Node,-8.39728,12.84055,-20.79997,-0.43786,0.0
2025-10-26 10:00:00-07:00,2025-10-26 17:00:00+00:00,2025-10-26 10:05:00-07:00,2025-10-26 17:05:00+00:00,REAL_TIME_5_MIN,MKT_SUB_LNODEONC,Node,-7.7445,12.84055,-20.83162,0.24656,0.0
2025-10-26 10:00:00-07:00,2025-10-26 17:00:00+00:00,2025-10-26 10:05:00-07:00,2025-10-26 17:05:00+00:00,REAL_TIME_5_MIN,SCEW_2_PDRP89-APND,AP Node,-8.39069,12.84055,-20.83193,-0.39931,0.0
2025-10-26 10:05:00-07:00,2025-10-26 17:05:00+00:00,2025-10-26 10:10:00-07:00,2025-10-26 17:10:00+00:00,REAL_TIME_5_MIN,ANAHEIM_6_N001,Node,-6.4751,9.08557,-15.25085,-0.30982,0.0
2025-10-26 10:05:00-07:00,2025-10-26 17:05:00+00:00,2025-10-26 10:10:00-07:00,2025-10-26 17:10:00+00:00,REAL_TIME_5_MIN,MKT_SUB_LNODEONC,Node,-6.01164,9.08557,-15.27167,0.17447,0.0
2025-10-26 10:05:00-07:00,2025-10-26 17:05:00+00:00,2025-10-26 10:10:00-07:00,2025-10-26 17:10:00+00:00,REAL_TIME_5_MIN,SCEW_2_PDRP89-APND,AP Node,-6.46925,9.08557,-15.27227,-0.28254,0.0
2025-10-26 10:10:00-07:00,2025-10-26 17:10:00+00:00,2025-10-26 10:15:00-07:00,2025-10-26 17:15:00+00:00,REAL_TIME_5_MIN,ANAHEIM_6_N001,Node,-6.73242,6.96074,-13.4558,-0.23736,0.0
2025-10-26 10:10:00-07:00,2025-10-26 17:10:00+00:00,2025-10-26 10:15:00-07:00,2025-10-26 17:15:00+00:00,REAL_TIME_5_MIN,MKT_SUB_LNODEONC,Node,-6.38121,6.96074,-13.47562,0.13367,0.0
2025-10-26 10:10:00-07:00,2025-10-26 17:10:00+00:00,2025-10-26 10:15:00-07:00,2025-10-26 17:15:00+00:00,REAL_TIME_5_MIN,SCEW_2_PDRP89-APND,AP Node,-6.73198,6.96074,-13.47625,-0.21646,0.0
2025-10-26 10:15:00-07:00,2025-10-26 17:15:00+00:00,2025-10-26 10:20:00-07:00,2025-10-26 17:20:00+00:00,REAL_TIME_5_MIN,ANAHEIM_6_N001,Node,-7.66171,12.27924,-19.52836,-0.41258,0.0
2025-10-26 10:15:00-07:00,2025-10-26 17:15:00+00:00,2025-10-26 10:20:00-07:00,2025-10-26 17:20:00+00:00,REAL_TIME_5_MIN,MKT_SUB_LNODEONC,Node,-6.99576,12.27924,-19.52796,0.25296,0.0
2025-10-26 10:15:00-07:00,2025-10-26 17:15:00+00:00,2025-10-26 10:20:00-07:00,2025-10-26 17:20:00+00:00,REAL_TIME_5_MIN,SCEW_2_PDRP89-APND,AP Node,-7.62245,12.27924,-19.52758,-0.37412,0.0
2025-10-26 10:20:00-07:00,2025-10-26 17:20:00+00:00,2025-10-26 10:25:00-07:00,2025-10-26 17:25:00+00:00,REAL_TIME_5_MIN,ANAHEIM_6_N001,Node,-9.02505,5.81193,-14.6417,-0.19528,0.0
2025-10-26 10:20:00-07:00,2025-10-26 17:20:00+00:00,2025-10-26 10:25:00-07:00,2025-10-26 17:25:00+00:00,REAL_TIME_5_MIN,MKT_SUB_LNODEONC,Node,-8.70882,5.81193,-14.6405,0.11975,0.0
2025-10-26 10:20:00-07:00,2025-10-26 17:20:00+00:00,2025-10-26 10:25:00-07:00,2025-10-26 17:25:00+00:00,REAL_TIME_5_MIN,SCEW_2_PDRP89-APND,AP Node,-9.00611,5.81193,-14.64096,-0.17707,0.0
2025-10-26 10:25:00-07:00,2025-10-26 17:25:00+00:00,2025-10-26 10:30:00-07:00,2025-10-26 17:30:00+00:00,REAL_TIME_5_MIN,ANAHEIM_6_N001,Node,-9.40004,1.65283,-10.99734,-0.05554,0.0
2025-10-26 10:25:00-07:00,2025-10-26 17:25:00+00:00,2025-10-26 10:30:00-07:00,2025-10-26 17:30:00+00:00,REAL_TIME_5_MIN,MKT_SUB_LNODEONC,Node,-9.31005,1.65283,-10.99694,0.03406,0.0
2025-10-26 10:25:00-07:00,2025-10-26 17:25:00+00:00,2025-10-26 10:30:00-07:00,2025-10-26 17:30:00+00:00,REAL_TIME_5_MIN,SCEW_2_PDRP89-APND,AP Node,-9.39425,1.65283,-10.99672,-0.05036,0.0
2025-10-26 10:30:00-07:00,2025-10-26 17:30:00+00:00,2025-10-26 10:35:00-07:00,2025-10-26 17:35:00+00:00,REAL_TIME_5_MIN,ANAHEIM_6_N001,Node,-11.55942,6.6229,-17.95516,-0.22717,0.0
2025-10-26 10:30:00-07:00,2025-10-26 17:30:00+00:00,2025-10-26 10:35:00-07:00,2025-10-26 17:35:00+00:00,REAL_TIME_5_MIN,MKT_SUB_LNODEONC,Node,-11.23179,6.6229,-17.98981,0.13512,0.0
2025-10-26 10:30:00-07:00,2025-10-26 17:30:00+00:00,2025-10-26 10:35:00-07:00,2025-10-26 17:35:00+00:00,REAL_TIME_5_MIN,SCEW_2_PDRP89-APND,AP Node,-11.56202,6.6229,-17.97787,-0.20705,0.0
2025-10-26 10:35:00-07:00,2025-10-26 17:35:00+00:00,2025-10-26 10:40:00-07:00,2025-10-26 17:40:00+00:00,REAL_TIME_5_MIN,ANAHEIM_6_N001,Node,-12.76492,2.88867,-15.55451,-0.09908,0.0
2025-10-26 10:35:00-07:00,2025-10-26 17:35:00+00:00,2025-10-26 10:40:00-07:00,2025-10-26 17:40:00+00:00,REAL_TIME_5_MIN,MKT_SUB_LNODEONC,Node,-12.64098,2.88867,-15.58858,0.05894,0.0
2025-10-26 10:35:00-07:00,2025-10-26 17:35:00+00:00,2025-10-26 10:40:00-07:00,2025-10-26 17:40:00+00:00,REAL_TIME_5_MIN,SCEW_2_PDRP89-APND,AP Node,-12.7785,2.88867,-15.57685,-0.09031,0.0
2025-10-26 10:40:00-07:00,2025-10-26 17:40:00+00:00,2025-10-26 10:45:00-07:00,2025-10-26 17:45:00+00:00,REAL_TIME_5_MIN,ANAHEIM_6_N001,Node,-12.76566,-0.44245,-12.33839,0.01518,0.0
2025-10-26 10:40:00-07:00,2025-10-26 17:40:00+00:00,2025-10-26 10:45:00-07:00,2025-10-26 17:45:00+00:00,REAL_TIME_5_MIN,MKT_SUB_LNODEONC,Node,-40.64922,-0.44245,-39.64133,-0.56545,0.0
2025-10-26 10:40:00-07:00,2025-10-26 17:40:00+00:00,2025-10-26 10:45:00-07:00,2025-10-26 17:45:00+00:00,REAL_TIME_5_MIN,SCEW_2_PDRP89-APND,AP Node,-12.78477,-0.44245,-12.35615,0.01383,0.0
2025-10-26 10:45:00-07:00,2025-10-26 17:45:00+00:00,2025-10-26 10:50:00-07:00,2025-10-26 17:50:00+00:00,REAL_TIME_5_MIN,ANAHEIM_6_N001,Node,-12.77643,2.04274,-14.74931,-0.06986,0.0
2025-10-26 10:45:00-07:00,2025-10-26 17:45:00+00:00,2025-10-26 10:50:00-07:00,2025-10-26 17:50:00+00:00,REAL_TIME_5_MIN,MKT_SUB_LNODEONC,Node,-41.53691,2.04274,-43.04475,-0.53489,0.0
2025-10-26 10:45:00-07:00,2025-10-26 17:45:00+00:00,2025-10-26 10:50:00-07:00,2025-10-26 17:50:00+00:00,REAL_TIME_5_MIN,SCEW_2_PDRP89-APND,AP Node,-12.79143,2.04274,-14.77031,-0.06386,0.0
2025-10-26 10:50:00-07:00,2025-10-26 17:50:00+00:00,2025-10-26 10:55:00-07:00,2025-10-26 17:55:00+00:00,REAL_TIME_5_MIN,ANAHEIM_6_N001,Node,-12.78463,1.85432,-14.57553,-0.06342,0.0
2025-10-26 10:50:00-07:00,2025-10-26 17:50:00+00:00,2025-10-26 10:55:00-07:00,2025-10-26 17:55:00+00:00,REAL_TIME_5_MIN,MKT_SUB_LNODEONC,Node,-40.43258,1.85432,-41.77056,-0.51634,0.0
2025-10-26 10:50:00-07:00,2025-10-26 17:50:00+00:00,2025-10-26 10:55:00-07:00,2025-10-26 17:55:00+00:00,REAL_TIME_5_MIN,SCEW_2_PDRP89-APND,AP Node,-12.7987,1.85432,-14.59505,-0.05797,0.0
2025-10-26 10:55:00-07:00,2025-10-26 17:55:00+00:00,2025-10-26 11:00:00-07:00,2025-10-26 18:00:00+00:00,REAL_TIME_5_MIN,ANAHEIM_6_N001,Node,-12.78524,2.00025,-14.71708,-0.06841,0.0
2025-10-26 10:55:00-07:00,2025-10-26 17:55:00+00:00,2025-10-26 11:00:00-07:00,2025-10-26 18:00:00+00:00,REAL_TIME_5_MIN,MKT_SUB_LNODEONC,Node,-40.42423,2.00025,-41.91116,-0.51333,0.0
2025-10-26 10:55:00-07:00,2025-10-26 17:55:00+00:00,2025-10-26 11:00:00-07:00,2025-10-26 18:00:00+00:00,REAL_TIME_5_MIN,SCEW_2_PDRP89-APND,AP Node,-12.79924,2.00025,-14.73696,-0.06253,0.0
2025-10-26 11:00:00-07:00,2025-10-26 18:00:00+00:00,2025-10-26 11:05:00-07:00,2025-10-26 18:05:00+00:00,REAL_TIME_5_MIN,ANAHEIM_6_N001,Node,-11.62061,4.06626,-15.56001,-0.12687,0.0
2025-10-26 11:00:00-07:00,2025-10-26 18:00:00+00:00,2025-10-26 11:05:00-07:00,2025-10-26 18:05:00+00:00,REAL_TIME_5_MIN,MKT_SUB_LNODEONC,Node,-40.45278,4.06626,-43.99583,-0.52321,0.0
2025-10-26 11:00:00-07:00,2025-10-26 18:00:00+00:00,2025-10-26 11:05:00-07:00,2025-10-26 18:05:00+00:00,REAL_TIME_5_MIN,SCEW_2_PDRP89-APND,AP Node,-11.63315,4.06626,-15.58212,-0.11729,0.0
2025-10-26 11:05:00-07:00,2025-10-26 18:05:00+00:00,2025-10-26 11:10:00-07:00,2025-10-26 18:10:00+00:00,REAL_TIME_5_MIN,ANAHEIM_6_N001,Node,-10.97527,0.6957,-11.64927,-0.02171,0.0
2025-10-26 11:05:00-07:00,2025-10-26 18:05:00+00:00,2025-10-26 11:10:00-07:00,2025-10-26 18:10:00+00:00,REAL_TIME_5_MIN,MKT_SUB_LNODEONC,Node,-40.79041,0.6957,-40.8733,-0.61282,0.0
2025-10-26 11:05:00-07:00,2025-10-26 18:05:00+00:00,2025-10-26 11:10:00-07:00,2025-10-26 18:10:00+00:00,REAL_TIME_5_MIN,SCEW_2_PDRP89-APND,AP Node,-10.98999,0.6957,-11.66563,-0.02007,0.0
2025-10-26 11:10:00-07:00,2025-10-26 18:10:00+00:00,2025-10-26 11:15:00-07:00,2025-10-26 18:15:00+00:00,REAL_TIME_5_MIN,ANAHEIM_6_N001,Node,-12.18764,2.16786,-14.28787,-0.06764,0.0
2025-10-26 11:10:00-07:00,2025-10-26 18:10:00+00:00,2025-10-26 11:15:00-07:00,2025-10-26 18:15:00+00:00,REAL_TIME_5_MIN,MKT_SUB_LNODEONC,Node,-12.10615,2.16786,-14.3206,0.04658,0.0
2025-10-26 11:10:00-07:00,2025-10-26 18:10:00+00:00,2025-10-26 11:15:00-07:00,2025-10-26 18:15:00+00:00,REAL_TIME_5_MIN,SCEW_2_PDRP89-APND,AP Node,-12.20297,2.16786,-14.3083,-0.06253,0.0
2025-10-26 11:15:00-07:00,2025-10-26 18:15:00+00:00,2025-10-26 11:20:00-07:00,2025-10-26 18:20:00+00:00,REAL_TIME_5_MIN,ANAHEIM_6_N001,Node,-12.744,3.5271,-16.16105,-0.11005,0.0
2025-10-26 11:15:00-07:00,2025-10-26 18:15:00+00:00,2025-10-26 11:20:00-07:00,2025-10-26 18:20:00+00:00,REAL_TIME_5_MIN,MKT_SUB_LNODEONC,Node,-12.54842,3.5271,-16.16225,0.08674,0.0
2025-10-26 11:15:00-07:00,2025-10-26 18:15:00+00:00,2025-10-26 11:20:00-07:00,2025-10-26 18:20:00+00:00,REAL_TIME_5_MIN,SCEW_2_PDRP89-APND,AP Node,-12.74703,3.5271,-16.17262,-0.10151,0.0
2025-10-26 11:20:00-07:00,2025-10-26 18:20:00+00:00,2025-10-26 11:25:00-07:00,2025-10-26 18:25:00+00:00,REAL_TIME_5_MIN,ANAHEIM_6_N001,Node,-12.73639,3.53088,-16.15711,-0.11016,0.0
2025-10-26 11:20:00-07:00,2025-10-26 18:20:00+00:00,2025-10-26 11:25:00-07:00,2025-10-26 18:25:00+00:00,REAL_TIME_5_MIN,MKT_SUB_LNODEONC,Node,-12.5406,3.53088,-16.15831,0.08683,0.0
2025-10-26 11:20:00-07:00,2025-10-26 18:20:00+00:00,2025-10-26 11:25:00-07:00,2025-10-26 18:25:00+00:00,REAL_TIME_5_MIN,SCEW_2_PDRP89-APND,AP Node,-12.73941,3.53088,-16.16868,-0.10162,0.0
2025-10-26 11:25:00-07:00,2025-10-26 18:25:00+00:00,2025-10-26 11:30:00-07:00,2025-10-26 18:30:00+00:00,REAL_TIME_5_MIN,ANAHEIM_6_N001,Node,-12.94473,-0.29138,-12.66244,0.00909,0.0
2025-10-26 11:25:00-07:00,2025-10-26 18:25:00+00:00,2025-10-26 11:30:00-07:00,2025-10-26 18:30:00+00:00,REAL_TIME_5_MIN,MKT_SUB_LNODEONC,Node,-12.96222,-0.29138,-12.66364,-0.0072,0.0
2025-10-26 11:25:00-07:00,2025-10-26 18:25:00+00:00,2025-10-26 11:30:00-07:00,2025-10-26 18:30:00+00:00,REAL_TIME_5_MIN,SCEW_2_PDRP89-APND,AP Node,-12.95453,-0.29138,-12.67153,0.00839,0.0
2025-10-26 11:30:00-07:00,2025-10-26 18:30:00+00:00,2025-10-26 11:35:00-07:00,2025-10-26 18:35:00+00:00,REAL_TIME_5_MIN,ANAHEIM_6_N001,Node,-12.77168,3.28057,-15.94794,-0.10432,0.0
2025-10-26 11:30:00-07:00,2025-10-26 18:30:00+00:00,2025-10-26 11:35:00-07:00,2025-10-26 18:35:00+00:00,REAL_TIME_5_MIN,MKT_SUB_LNODEONC,Node,-12.62164,3.28057,-15.9842,0.08198,0.0
2025-10-26 11:30:00-07:00,2025-10-26 18:30:00+00:00,2025-10-26 11:35:00-07:00,2025-10-26 18:35:00+00:00,REAL_TIME_5_MIN,SCEW_2_PDRP89-APND,AP Node,-12.79843,3.28057,-15.98208,-0.09692,0.0
2025-10-26 11:35:00-07:00,2025-10-26 18:35:00+00:00,2025-10-26 11:40:00-07:00,2025-10-26 18:40:00+00:00,REAL_TIME_5_MIN,ANAHEIM_6_N001,Node,-12.79891,-0.30033,-12.50813,0.00955,0.0
2025-10-26 11:35:00-07:00,2025-10-26 18:35:00+00:00,2025-10-26 11:40:00-07:00,2025-10-26 18:40:00+00:00,REAL_TIME_5_MIN,MKT_SUB_LNODEONC,Node,-12.8449,-0.30033,-12.53702,-0.00754,0.0
2025-10-26 11:35:00-07:00,2025-10-26 18:35:00+00:00,2025-10-26 11:40:00-07:00,2025-10-26 18:40:00+00:00,REAL_TIME_5_MIN,SCEW_2_PDRP89-APND,AP Node,-12.82656,-0.30033,-12.5351,0.00887,0.0
2025-10-26 11:40:00-07:00,2025-10-26 18:40:00+00:00,2025-10-26 11:45:00-07:00,2025-10-26 18:45:00+00:00,REAL_TIME_5_MIN,ANAHEIM_6_N001,Node,-12.92128,-1.09558,-11.86054,0.03484,0.0
2025-10-26 11:40:00-07:00,2025-10-26 18:40:00+00:00,2025-10-26 11:45:00-07:00,2025-10-26 18:45:00+00:00,REAL_TIME_5_MIN,MKT_SUB_LNODEONC,Node,-13.01122,-1.09558,-11.88821,-0.02742,0.0
2025-10-26 11:40:00-07:00,2025-10-26 18:40:00+00:00,2025-10-26 11:45:00-07:00,2025-10-26 18:45:00+00:00,REAL_TIME_5_MIN,SCEW_2_PDRP89-APND,AP Node,-12.94954,-1.09558,-11.88632,0.03237,0.0
2025-10-26 11:45:00-07:00,2025-10-26 18:45:00+00:00,2025-10-26 11:50:00-07:00,2025-10-26 18:50:00+00:00,REAL_TIME_5_MIN,ANAHEIM_6_N001,Node,-12.89656,-5.47124,-7.59274,0.16742,0.0
2025-10-26 11:45:00-07:00,2025-10-26 18:45:00+00:00,2025-10-26 11:50:00-07:00,2025-10-26 18:50:00+00:00,REAL_TIME_5_MIN,MKT_SUB_LNODEONC,Node,-13.72199,-5.47124,-8.09542,-0.15532,0.0
2025-10-26 11:45:00-07:00,2025-10-26 18:45:00+00:00,2025-10-26 11:50:00-07:00,2025-10-26 18:50:00+00:00,REAL_TIME_5_MIN,SCEW_2_PDRP89-APND,AP Node,-12.9198,-5.47124,-7.60381,0.15526,0.0
2025-10-26 11:50:00-07:00,2025-10-26 18:50:00+00:00,2025-10-26 11:55:00-07:00,2025-10-26 18:55:00+00:00,REAL_TIME_5_MIN,ANAHEIM_6_N001,Node,-12.93481,-3.60086,-9.44414,0.11019,0.0
2025-10-26 11:50:00-07:00,2025-10-26 18:50:00+00:00,2025-10-26 11:55:00-07:00,2025-10-26 18:55:00+00:00,REAL_TIME_5_MIN,MKT_SUB_LNODEONC,Node,-40.73228,-3.60086,-36.33854,-0.79288,0.0
2025-10-26 11:50:00-07:00,2025-10-26 18:50:00+00:00,2025-10-26 11:55:00-07:00,2025-10-26 18:55:00+00:00,REAL_TIME_5_MIN,SCEW_2_PDRP89-APND,AP Node,-12.95656,-3.60086,-9.45788,0.10218,0.0
2025-10-26 11:55:00-07:00,2025-10-26 18:55:00+00:00,2025-10-26 12:00:00-07:00,2025-10-26 19:00:00+00:00,REAL_TIME_5_MIN,ANAHEIM_6_N001,Node,-13.01065,-3.39665,-9.71794,0.10394,0.0
2025-10-26 11:55:00-07:00,2025-10-26 18:55:00+00:00,2025-10-26 12:00:00-07:00,2025-10-26 19:00:00+00:00,REAL_TIME_5_MIN,MKT_SUB_LNODEONC,Node,-40.71535,-3.39665,-36.5332,-0.78551,0.0
2025-10-26 11:55:00-07:00,2025-10-26 18:55:00+00:00,2025-10-26 12:00:00-07:00,2025-10-26 19:00:00+00:00,REAL_TIME_5_MIN,SCEW_2_PDRP89-APND,AP Node,-13.03235,-3.39665,-9.73209,0.09639,0.0
2025-10-26 12:00:00-07:00,2025-10-26 19:00:00+00:00,2025-10-26 12:05:00-07:00,2025-10-26 19:05:00+00:00,REAL_TIME_5_MIN,ANAHEIM_6_N001,Node,-12.66217,-0.04369,-12.61993,0.00145,0.0
2025-10-26 12:00:00-07:00,2025-10-26 19:00:00+00:00,2025-10-26 12:05:00-07:00,2025-10-26 19:05:00+00:00,REAL_TIME_5_MIN,MKT_SUB_LNODEONC,Node,-12.69444,-0.04369,-12.64956,-0.00119,0.0
2025-10-26 12:00:00-07:00,2025-10-26 19:00:00+00:00,2025-10-26 12:05:00-07:00,2025-10-26 19:05:00+00:00,REAL_TIME_5_MIN,SCEW_2_PDRP89-APND,AP Node,-12.68069,-0.04369,-12.63836,0.00135,0.0
2025-10-26 12:05:00-07:00,2025-10-26 19:05:00+00:00,2025-10-26 12:10:00-07:00,2025-10-26 19:10:00+00:00,REAL_TIME_5_MIN,ANAHEIM_6_N001,Node,-12.52525,2.89835,-15.32738,-0.09623,0.0
2025-10-26 12:05:00-07:00,2025-10-26 19:05:00+00:00,2025-10-26 12:10:00-07:00,2025-10-26 19:10:00+00:00,REAL_TIME_5_MIN,MKT_SUB_LNODEONC,Node,-12.38755,2.89835,-15.36267,0.07677,0.0
2025-10-26 12:05:00-07:00,2025-10-26 19:05:00+00:00,2025-10-26 12:10:00-07:00,2025-10-26 19:10:00+00:00,REAL_TIME_5_MIN,SCEW_2_PDRP89-APND,AP Node,-12.54091,2.89835,-15.34948,-0.08978,0.0
2025-10-26 12:10:00-07:00,2025-10-26 19:10:00+00:00,2025-10-26 12:15:00-07:00,2025-10-26 19:15:00+00:00,REAL_TIME_5_MIN,ANAHEIM_6_N001,Node,-12.9501,3.95449,-16.7733,-0.13129,0.0
2025-10-26 12:10:00-07:00,2025-10-26 19:10:00+00:00,2025-10-26 12:15:00-07:00,2025-10-26 19:15:00+00:00,REAL_TIME_5_MIN,MKT_SUB_LNODEONC,Node,-12.75271,3.95449,-16.81196,0.10476,0.0
2025-10-26 12:10:00-07:00,2025-10-26 19:10:00+00:00,2025-10-26 12:15:00-07:00,2025-10-26 19:15:00+00:00,REAL_TIME_5_MIN,SCEW_2_PDRP89-APND,AP Node,-12.96559,3.95449,-16.79758,-0.1225,0.0
2025-10-26 12:15:00-07:00,2025-10-26 19:15:00+00:00,2025-10-26 12:20:00-07:00,2025-10-26 19:20:00+00:00,REAL_TIME_5_MIN,ANAHEIM_6_N001,Node,-12.66834,4.09828,-16.62605,-0.14057,0.0
2025-10-26 12:15:00-07:00,2025-10-26 19:15:00+00:00,2025-10-26 12:20:00-07:00,2025-10-26 19:20:00+00:00,REAL_TIME_5_MIN,MKT_SUB_LNODEONC,Node,-12.4403,4.09828,-16.66436,0.12578,0.0
2025-10-26 12:15:00-07:00,2025-10-26 19:15:00+00:00,2025-10-26 12:20:00-07:00,2025-10-26 19:20:00+00:00,REAL_TIME_5_MIN,SCEW_2_PDRP89-APND,AP Node,-12.68394,4.09828,-16.65011,-0.13212,0.0
2025-10-26 12:20:00-07:00,2025-10-26 19:20:00+00:00,2025-10-26 12:25:00-07:00,2025-10-26 19:25:00+00:00,REAL_TIME_5_MIN,ANAHEIM_6_N001,Node,-12.92015,4.78156,-17.5377,-0.16401,0.0
2025-10-26 12:20:00-07:00,2025-10-26 19:20:00+00:00,2025-10-26 12:25:00-07:00,2025-10-26 19:25:00+00:00,REAL_TIME_5_MIN,MKT_SUB_LNODEONC,Node,-12.64982,4.78156,-17.57813,0.14676,0.0
2025-10-26 12:20:00-07:00,2025-10-26 19:20:00+00:00,2025-10-26 12:25:00-07:00,2025-10-26 19:25:00+00:00,REAL_TIME_5_MIN,SCEW_2_PDRP89-APND,AP Node,-12.93572,4.78156,-17.56313,-0.15414,0.0
2025-10-26 12:25:00-07:00,2025-10-26 19:25:00+00:00,2025-10-26 12:30:00-07:00,2025-10-26 19:30:00+00:00,REAL_TIME_5_MIN,ANAHEIM_6_N001,Node,-12.91306,4.23897,-17.00664,-0.1454,0.0
2025-10-26 12:25:00-07:00,2025-10-26 19:25:00+00:00,2025-10-26 12:30:00-07:00,2025-10-26 19:30:00+00:00,REAL_TIME_5_MIN,MKT_SUB_LNODEONC,Node,-12.67645,4.23897,-17.04552,0.1301,0.0
2025-10-26 12:25:00-07:00,2025-10-26 19:25:00+00:00,2025-10-26 12:30:00-07:00,2025-10-26 19:30:00+00:00,REAL_TIME_5_MIN,SCEW_2_PDRP89-APND,AP Node,-12.92907,4.23897,-17.03139,-0.13665,0.0
2025-10-26 12:30:00-07:00,2025-10-26 19:30:00+00:00,2025-10-26 12:35:00-07:00,2025-10-26 19:35:00+00:00,REAL_TIME_5_MIN,ANAHEIM_6_N001,Node,-12.71336,4.91921,-17.47024,-0.16233,0.0
2025-10-26 12:30:00-07:00,2025-10-26 19:30:00+00:00,2025-10-26 12:35:00-07:00,2025-10-26 19:35:00+00:00,REAL_TIME_5_MIN,MKT_SUB_LNODEONC,Node,-12.46021,4.91921,-17.5088,0.12938,0.0
2025-10-26 12:30:00-07:00,2025-10-26 19:30:00+00:00,2025-10-26 12:35:00-07:00,2025-10-26 19:35:00+00:00,REAL_TIME_5_MIN,SCEW_2_PDRP89-APND,AP Node,-12.72834,4.91921,-17.49523,-0.15232,0.0
2025-10-26 12:35:00-07:00,2025-10-26 19:35:00+00:00,2025-10-26 12:40:00-07:00,2025-10-26 19:40:00+00:00,REAL_TIME_5_MIN,ANAHEIM_6_N001,Node,-11.07032,5.20018,-16.0989,-0.17161,0.0
2025-10-26 12:35:00-07:00,2025-10-26 19:35:00+00:00,2025-10-26 12:40:00-07:00,2025-10-26 19:40:00+00:00,REAL_TIME_5_MIN,MKT_SUB_LNODEONC,Node,-10.79612,5.20018,-16.13307,0.13676,0.0
2025-10-26 12:35:00-07:00,2025-10-26 19:35:00+00:00,2025-10-26 12:40:00-07:00,2025-10-26 19:40:00+00:00,REAL_TIME_5_MIN,SCEW_2_PDRP89-APND,AP Node,-11.08188,5.20018,-16.12104,-0.16102,0.0
2025-10-26 12:40:00-07:00,2025-10-26 19:40:00+00:00,2025-10-26 12:45:00-07:00,2025-10-26 19:45:00+00:00,REAL_TIME_5_MIN,ANAHEIM_6_N001,Node,-10.98479,7.4015,-18.14204,-0.24425,0.0
2025-10-26 12:40:00-07:00,2025-10-26 19:40:00+00:00,2025-10-26 12:45:00-07:00,2025-10-26 19:45:00+00:00,REAL_TIME_5_MIN,MKT_SUB_LNODEONC,Node,-10.5818,7.4015,-18.17796,0.19466,0.0
2025-10-26 12:40:00-07:00,2025-10-26 19:40:00+00:00,2025-10-26 12:45:00-07:00,2025-10-26 19:45:00+00:00,REAL_TIME_5_MIN,SCEW_2_PDRP89-APND,AP Node,-10.993,7.4015,-18.16531,-0.22919,0.0
2025-10-26 12:45:00-07:00,2025-10-26 19:45:00+00:00,2025-10-26 12:50:00-07:00,2025-10-26 19:50:00+00:00,REAL_TIME_5_MIN,ANAHEIM_6_N001,Node,-11.51923,4.57762,-15.94624,-0.1506,0.0
2025-10-26 12:45:00-07:00,2025-10-26 19:45:00+00:00,2025-10-26 12:50:00-07:00,2025-10-26 19:50:00+00:00,REAL_TIME_5_MIN,MKT_SUB_LNODEONC,Node,-11.29026,4.57762,-15.98141,0.11352,0.0
2025-10-26 12:45:00-07:00,2025-10-26 19:45:00+00:00,2025-10-26 12:50:00-07:00,2025-10-26 19:50:00+00:00,REAL_TIME_5_MIN,SCEW_2_PDRP89-APND,AP Node,-11.47501,4.57762,-15.91105,-0.14158,0.0
2025-10-26 12:50:00-07:00,2025-10-26 19:50:00+00:00,2025-10-26 12:55:00-07:00,2025-10-26 19:55:00+00:00,REAL_TIME_5_MIN,ANAHEIM_6_N001,Node,-12.87037,3.99958,-16.73836,-0.13159,0.0
2025-10-26 12:50:00-07:00,2025-10-26 19:50:00+00:00,2025-10-26 12:55:00-07:00,2025-10-26 19:55:00+00:00,REAL_TIME_5_MIN,MKT_SUB_LNODEONC,Node,-12.67705,3.99958,-16.77582,0.09919,0.0
2025-10-26 12:50:00-07:00,2025-10-26 19:50:00+00:00,2025-10-26 12:55:00-07:00,2025-10-26 19:55:00+00:00,REAL_TIME_5_MIN,SCEW_2_PDRP89-APND,AP Node,-12.82839,3.99958,-16.70427,-0.1237,0.0
2025-10-26 12:55:00-07:00,2025-10-26 19:55:00+00:00,2025-10-26 13:00:00-07:00,2025-10-26 20:00:00+00:00,REAL_TIME_5_MIN,ANAHEIM_6_N001,Node,-12.91545,4.72548,-17.48547,-0.15547,0.0
2025-10-26 12:55:00-07:00,2025-10-26 19:55:00+00:00,2025-10-26 13:00:00-07:00,2025-10-26 20:00:00+00:00,REAL_TIME_5_MIN,MKT_SUB_LNODEONC,Node,-12.68193,4.72548,-17.5246,0.11719,0.0
2025-10-26 12:55:00-07:00,2025-10-26 19:55:00+00:00,2025-10-26 13:00:00-07:00,2025-10-26 20:00:00+00:00,REAL_TIME_5_MIN,SCEW_2_PDRP89-APND,AP Node,-12.87053,4.72548,-17.44987,-0.14615,0.0
2025-10-26 13:00:00-07:00,2025-10-26 20:00:00+00:00,2025-10-26 13:05:00-07:00,2025-10-26 20:05:00+00:00,REAL_TIME_5_MIN,ANAHEIM_6_N001,Node,-12.69925,3.5356,-16.11923,-0.11561,0.0
2025-10-26 13:00:00-07:00,2025-10-26 20:00:00+00:00,2025-10-26 13:05:00-07:00,2025-10-26 20:05:00+00:00,REAL_TIME_5_MIN,MKT_SUB_LNODEONC,Node,-12.53657,3.5356,-16.15631,0.08415,0.0
2025-10-26 13:00:00-07:00,2025-10-26 20:00:00+00:00,2025-10-26 13:05:00-07:00,2025-10-26 20:05:00+00:00,REAL_TIME_5_MIN,SCEW_2_PDRP89-APND,AP Node,-12.77008,3.5356,-16.19759,-0.10808,0.0
2025-10-26 13:05:00-07:00,2025-10-26 20:05:00+00:00,2025-10-26 13:10:00-07:00,2025-10-26 20:10:00+00:00,REAL_TIME_5_MIN,ANAHEIM_6_N001,Node,-12.59918,3.77493,-16.25067,-0.12344,0.0
2025-10-26 13:05:00-07:00,2025-10-26 20:05:00+00:00,2025-10-26 13:10:00-07:00,2025-10-26 20:10:00+00:00,REAL_TIME_5_MIN,MKT_SUB_LNODEONC,Node,-12.42325,3.77493,-16.28802,0.08984,0.0
2025-10-26 13:05:00-07:00,2025-10-26 20:05:00+00:00,2025-10-26 13:10:00-07:00,2025-10-26 20:10:00+00:00,REAL_TIME_5_MIN,SCEW_2_PDRP89-APND,AP Node,-12.67028,3.77493,-16.32981,-0.1154,0.0
2025-10-26 13:10:00-07:00,2025-10-26 20:10:00+00:00,2025-10-26 13:15:00-07:00,2025-10-26 20:15:00+00:00,REAL_TIME_5_MIN,ANAHEIM_6_N001,Node,-12.44936,4.36522,-16.67184,-0.14274,0.0
2025-10-26 13:10:00-07:00,2025-10-26 20:10:00+00:00,2025-10-26 13:15:00-07:00,2025-10-26 20:15:00+00:00,REAL_TIME_5_MIN,MKT_SUB_LNODEONC,Node,-12.24099,4.36522,-16.71011,0.10389,0.0
2025-10-26 13:10:00-07:00,2025-10-26 20:10:00+00:00,2025-10-26 13:15:00-07:00,2025-10-26 20:15:00+00:00,REAL_TIME_5_MIN,SCEW_2_PDRP89-APND,AP Node,-12.52144,4.36522,-16.75322,-0.13344,0.0
2025-10-26 13:15:00-07:00,2025-10-26 20:15:00+00:00,2025-10-26 13:20:00-07:00,2025-10-26 20:20:00+00:00,REAL_TIME_5_MIN,ANAHEIM_6_N001,Node,-11.70435,4.00486,-15.58066,-0.12856,0.0
2025-10-26 13:15:00-07:00,2025-10-26 20:15:00+00:00,2025-10-26 13:20:00-07:00,2025-10-26 20:20:00+00:00,REAL_TIME_5_MIN,MKT_SUB_LNODEONC,Node,-11.47568,4.00486,-15.58066,0.10012,0.0
2025-10-26 13:15:00-07:00,2025-10-26 20:15:00+00:00,2025-10-26 13:20:00-07:00,2025-10-26 20:20:00+00:00,REAL_TIME_5_MIN,SCEW_2_PDRP89-APND,AP Node,-11.73658,4.00486,-15.62246,-0.11898,0.0
2025-10-26 13:20:00-07:00,2025-10-26 20:20:00+00:00,2025-10-26 13:25:00-07:00,2025-10-26 20:25:00+00:00,REAL_TIME_5_MIN,ANAHEIM_6_N001,Node,-12.41245,1.80496,-14.15947,-0.05794,0.0
2025-10-26 13:20:00-07:00,2025-10-26 20:20:00+00:00,2025-10-26 13:25:00-07:00,2025-10-26 20:25:00+00:00,REAL_TIME_5_MIN,MKT_SUB_LNODEONC,Node,-12.30939,1.80496,-14.15947,0.04512,0.0
2025-10-26 13:20:00-07:00,2025-10-26 20:20:00+00:00,2025-10-26 13:25:00-07:00,2025-10-26 20:25:00+00:00,REAL_TIME_5_MIN,SCEW_2_PDRP89-APND,AP Node,-12.4451,1.80496,-14.19643,-0.05362,0.0
2025-10-26 13:25:00-07:00,2025-10-26 20:25:00+00:00,2025-10-26 13:30:00-07:00,2025-10-26 20:30:00+00:00,REAL_TIME_5_MIN,ANAHEIM_6_N001,Node,-11.25704,1.73847,-12.93971,-0.0558,0.0
2025-10-26 13:25:00-07:00,2025-10-26 20:25:00+00:00,2025-10-26 13:30:00-07:00,2025-10-26 20:30:00+00:00,REAL_TIME_5_MIN,MKT_SUB_LNODEONC,Node,-11.15777,1.73847,-12.93971,0.04346,0.0
2025-10-26 13:25:00-07:00,2025-10-26 20:25:00+00:00,2025-10-26 13:30:00-07:00,2025-10-26 20:30:00+00:00,REAL_TIME_5_MIN,SCEW_2_PDRP89-APND,AP Node,-11.28885,1.73847,-12.97567,-0.05165,0.0
2025-10-26 13:30:00-07:00,2025-10-26 20:30:00+00:00,2025-10-26 13:35:00-07:00,2025-10-26 20:35:00+00:00,REAL_TIME_5_MIN,ANAHEIM_6_N001,Node,-12.84023,10.10203,-22.5998,-0.34246,0.0
2025-10-26 13:30:00-07:00,2025-10-26 20:30:00+00:00,2025-10-26 13:35:00-07:00,2025-10-26 20:35:00+00:00,REAL_TIME_5_MIN,MKT_SUB_LNODEONC,Node,-12.5512,10.10203,-22.86436,0.21113,0.0
2025-10-26 13:30:00-07:00,2025-10-26 20:30:00+00:00,2025-10-26 13:35:00-07:00,2025-10-26 20:35:00+00:00,REAL_TIME_5_MIN,SCEW_2_PDRP89-APND,AP Node,-12.91514,10.10203,-22.70051,-0.31666,0.0
2025-10-26 13:35:00-07:00,2025-10-26 20:35:00+00:00,2025-10-26 13:40:00-07:00,2025-10-26 20:40:00+00:00,REAL_TIME_5_MIN,ANAHEIM_6_N001,Node,-12.85024,11.44265,-23.90498,-0.38791,0.0
2025-10-26 13:35:00-07:00,2025-10-26 20:35:00+00:00,2025-10-26 13:40:00-07:00,2025-10-26 20:40:00+00:00,REAL_TIME_5_MIN,MKT_SUB_LNODEONC,Node,-12.50504,11.44265,-24.18684,0.23915,0.0
2025-10-26 13:35:00-07:00,2025-10-26 20:35:00+00:00,2025-10-26 13:40:00-07:00,2025-10-26 20:40:00+00:00,REAL_TIME_5_MIN,SCEW_2_PDRP89-APND,AP Node,-12.9278,11.44265,-24.01177,-0.35868,0.0
2025-10-26 13:40:00-07:00,2025-10-26 20:40:00+00:00,2025-10-26 13:45:00-07:00,2025-10-26 20:45:00+00:00,REAL_TIME_5_MIN,ANAHEIM_6_N001,Node,-12.10167,11.26674,-22.98646,-0.38194,0.0
2025-10-26 13:40:00-07:00,2025-10-26 20:40:00+00:00,2025-10-26 13:45:00-07:00,2025-10-26 20:45:00+00:00,REAL_TIME_5_MIN,MKT_SUB_LNODEONC,Node,-11.73584,11.26674,-23.23805,0.23547,0.0
2025-10-26 13:40:00-07:00,2025-10-26 20:40:00+00:00,2025-10-26 13:45:00-07:00,2025-10-26 20:45:00+00:00,REAL_TIME_5_MIN,SCEW_2_PDRP89-APND,AP Node,-12.16658,11.26674,-23.08015,-0.35317,0.0
2025-10-26 13:45:00-07:00,2025-10-26 20:45:00+00:00,2025-10-26 13:50:00-07:00,2025-10-26 20:50:00+00:00,REAL_TIME_5_MIN,ANAHEIM_6_N001,Node,-10.59616,10.00117,-20.25729,-0.34004,0.0
2025-10-26 13:45:00-07:00,2025-10-26 20:45:00+00:00,2025-10-26 13:50:00-07:00,2025-10-26 20:50:00+00:00,REAL_TIME_5_MIN,MKT_SUB_LNODEONC,Node,-10.09258,10.00117,-20.29477,0.20102,0.0
2025-10-26 13:45:00-07:00,2025-10-26 20:45:00+00:00,2025-10-26 13:50:00-07:00,2025-10-26 20:50:00+00:00,REAL_TIME_5_MIN,SCEW_2_PDRP89-APND,AP Node,-10.65783,10.00117,-20.34808,-0.31092,0.0
2025-10-26 13:50:00-07:00,2025-10-26 20:50:00+00:00,2025-10-26 13:55:00-07:00,2025-10-26 20:55:00+00:00,REAL_TIME_5_MIN,ANAHEIM_6_N001,Node,-12.68884,8.97954,-21.36307,-0.3053,0.0
2025-10-26 13:50:00-07:00,2025-10-26 20:50:00+00:00,2025-10-26 13:55:00-07:00,2025-10-26 20:55:00+00:00,REAL_TIME_5_MIN,MKT_SUB_LNODEONC,Node,-12.24382,8.97954,-21.40385,0.18049,0.0
2025-10-26 13:50:00-07:00,2025-10-26 20:50:00+00:00,2025-10-26 13:55:00-07:00,2025-10-26 20:55:00+00:00,REAL_TIME_5_MIN,SCEW_2_PDRP89-APND,AP Node,-12.75314,8.97954,-21.45352,-0.27916,0.0
2025-10-26 13:55:00-07:00,2025-10-26 20:55:00+00:00,2025-10-26 14:00:00-07:00,2025-10-26 21:00:00+00:00,REAL_TIME_5_MIN,ANAHEIM_6_N001,Node,-12.98509,9.95925,-22.60573,-0.33861,0.0
2025-10-26 13:55:00-07:00,2025-10-26 20:55:00+00:00,2025-10-26 14:00:00-07:00,2025-10-26 21:00:00+00:00,REAL_TIME_5_MIN,MKT_SUB_LNODEONC,Node,-12.48412,9.95925,-22.64356,0.20018,0.0
2025-10-26 13:55:00-07:00,2025-10-26 20:55:00+00:00,2025-10-26 14:00:00-07:00,2025-10-26 21:00:00+00:00,REAL_TIME_5_MIN,SCEW_2_PDRP89-APND,AP Node,-13.05015,9.95925,-22.69979,-0.30961,0.0
2025-10-26 14:00:00-07:00,2025-10-26 21:00:00+00:00,2025-10-26 14:05:00-07:00,2025-10-26 21:05:00+00:00,REAL_TIME_5_MIN,ANAHEIM_6_N001,Node,-12.91416,6.33518,-19.03522,-0.21413,0.0
2025-10-26 14:00:00-07:00,2025-10-26 21:00:00+00:00,2025-10-26 14:05:00-07:00,2025-10-26 21:05:00+00:00,REAL_TIME_5_MIN,MKT_SUB_LNODEONC,Node,-12.62177,6.33518,-19.08363,0.12668,0.0
2025-10-26 14:00:00-07:00,2025-10-26 21:00:00+00:00,2025-10-26 14:05:00-07:00,2025-10-26 21:05:00+00:00,REAL_TIME_5_MIN,SCEW_2_PDRP89-APND,AP Node,-12.92634,6.33518,-19.06582,-0.1957,0.0
2025-10-26 14:05:00-07:00,2025-10-26 21:05:00+00:00,2025-10-26 14:10:00-07:00,2025-10-26 21:10:00+00:00,REAL_TIME_5_MIN,ANAHEIM_6_N001,Node,-12.92114,6.35356,-19.05995,-0.21475,0.0
2025-10-26 14:05:00-07:00,2025-10-26 21:05:00+00:00,2025-10-26 14:10:00-07:00,2025-10-26 21:10:00+00:00,REAL_TIME_5_MIN,MKT_SUB_LNODEONC,Node,-12.62786,6.35356,-19.10846,0.12705,0.0
2025-10-26 14:05:00-07:00,2025-10-26 21:05:00+00:00,2025-10-26 14:10:00-07:00,2025-10-26 21:10:00+00:00,REAL_TIME_5_MIN,SCEW_2_PDRP89-APND,AP Node,-12.93333,6.35356,-19.09062,-0.19627,0.0
2025-10-26 14:10:00-07:00,2025-10-26 21:10:00+00:00,2025-10-26 14:15:00-07:00,2025-10-26 21:15:00+00:00,REAL_TIME_5_MIN,ANAHEIM_6_N001,Node,-12.93498,6.25779,-18.98125,-0.21151,0.0
2025-10-26 14:10:00-07:00,2025-10-26 21:10:00+00:00,2025-10-26 14:15:00-07:00,2025-10-26 21:15:00+00:00,REAL_TIME_5_MIN,MKT_SUB_LNODEONC,Node,-12.64652,6.25779,-19.02944,0.12513,0.0
2025-10-26 14:10:00-07:00,2025-10-26 21:10:00+00:00,2025-10-26 14:15:00-07:00,2025-10-26 21:15:00+00:00,REAL_TIME_5_MIN,SCEW_2_PDRP89-APND,AP Node,-12.94723,6.25779,-19.01171,-0.19331,0.0
2025-10-26 14:15:00-07:00,2025-10-26 21:15:00+00:00,2025-10-26 14:20:00-07:00,2025-10-26 21:20:00+00:00,REAL_TIME_5_MIN,ANAHEIM_6_N001,Node,-12.98928,4.44739,-17.28412,-0.15255,0.0
2025-10-26 14:15:00-07:00,2025-10-26 21:15:00+00:00,2025-10-26 14:20:00-07:00,2025-10-26 21:20:00+00:00,REAL_TIME_5_MIN,MKT_SUB_LNODEONC,Node,-12.79359,4.44739,-17.32902,0.08803,0.0
2025-10-26 14:15:00-07:00,2025-10-26 21:15:00+00:00,2025-10-26 14:20:00-07:00,2025-10-26 21:20:00+00:00,REAL_TIME_5_MIN,SCEW_2_PDRP89-APND,AP Node,-13.00482,4.44739,-17.31244,-0.13976,0.0
2025-10-26 14:20:00-07:00,2025-10-26 21:20:00+00:00,2025-10-26 14:25:00-07:00,2025-10-26 21:25:00+00:00,REAL_TIME_5_MIN,ANAHEIM_6_N001,Node,-13.00137,3.61428,-16.49169,-0.12397,0.0
2025-10-26 14:20:00-07:00,2025-10-26 21:20:00+00:00,2025-10-26 14:25:00-07:00,2025-10-26 21:25:00+00:00,REAL_TIME_5_MIN,MKT_SUB_LNODEONC,Node,-12.84739,3.61428,-16.53322,0.07154,0.0
2025-10-26 14:20:00-07:00,2025-10-26 21:20:00+00:00,2025-10-26 14:25:00-07:00,2025-10-26 21:25:00+00:00,REAL_TIME_5_MIN,SCEW_2_PDRP89-APND,AP Node,-13.01712,3.61428,-16.51783,-0.11358,0.0
2025-10-26 14:25:00-07:00,2025-10-26 21:25:00+00:00,2025-10-26 14:30:00-07:00,2025-10-26 21:30:00+00:00,REAL_TIME_5_MIN,ANAHEIM_6_N001,Node,-13.01972,4.99873,-17.84699,-0.17146,0.0
2025-10-26 14:25:00-07:00,2025-10-26 21:25:00+00:00,2025-10-26 14:30:00-07:00,2025-10-26 21:30:00+00:00,REAL_TIME_5_MIN,MKT_SUB_LNODEONC,Node,-12.79356,4.99873,-17.89127,0.09898,0.0
2025-10-26 14:25:00-07:00,2025-10-26 21:25:00+00:00,2025-10-26 14:30:00-07:00,2025-10-26 21:30:00+00:00,REAL_TIME_5_MIN,SCEW_2_PDRP89-APND,AP Node,-13.03431,4.99873,-17.87595,-0.15709,0.0
2025-10-26 14:30:00-07:00,2025-10-26 21:30:00+00:00,2025-10-26 14:35:00-07:00,2025-10-26 21:35:00+00:00,REAL_TIME_5_MIN,ANAHEIM_6_N001,Node,-13.16865,7.42163,-20.33572,-0.25456,0.0
2025-10-26 14:30:00-07:00,2025-10-26 21:30:00+00:00,2025-10-26 14:35:00-07:00,2025-10-26 21:35:00+00:00,REAL_TIME_5_MIN,MKT_SUB_LNODEONC,Node,-12.80451,7.42163,-20.38422,0.15808,0.0
2025-10-26 14:30:00-07:00,2025-10-26 21:30:00+00:00,2025-10-26 14:35:00-07:00,2025-10-26 21:35:00+00:00,REAL_TIME_5_MIN,SCEW_2_PDRP89-APND,AP Node,-13.17882,7.42163,-20.36916,-0.23128,0.0
2025-10-26 14:35:00-07:00,2025-10-26 21:35:00+00:00,2025-10-26 14:40:00-07:00,2025-10-26 21:40:00+00:00,REAL_TIME_5_MIN,ANAHEIM_6_N001,Node,-13.17657,7.58438,-20.5008,-0.26014,0.0
2025-10-26 14:35:00-07:00,2025-10-26 21:35:00+00:00,2025-10-26 14:40:00-07:00,2025-10-26 21:40:00+00:00,REAL_TIME_5_MIN,MKT_SUB_LNODEONC,Node,-12.8035,7.58438,-20.54942,0.16155,0.0
2025-10-26 14:35:00-07:00,2025-10-26 21:35:00+00:00,2025-10-26 14:40:00-07:00,2025-10-26 21:40:00+00:00,REAL_TIME_5_MIN,SCEW_2_PDRP89-APND,AP Node,-13.18685,7.58438,-20.53487,-0.23635,0.0
2025-10-26 14:40:00-07:00,2025-10-26 21:40:00+00:00,2025-10-26 14:45:00-07:00,2025-10-26 21:45:00+00:00,REAL_TIME_5_MIN,ANAHEIM_6_N001,Node,-13.29272,11.77633,-24.66512,-0.40393,0.0
2025-10-26 14:40:00-07:00,2025-10-26 21:40:00+00:00,2025-10-26 14:45:00-07:00,2025-10-26 21:45:00+00:00,REAL_TIME_5_MIN,MKT_SUB_LNODEONC,Node,-12.69062,11.77633,-24.71778,0.25084,0.0
2025-10-26 14:40:00-07:00,2025-10-26 21:40:00+00:00,2025-10-26 14:45:00-07:00,2025-10-26 21:45:00+00:00,REAL_TIME_5_MIN,SCEW_2_PDRP89-APND,AP Node,-13.29755,11.77633,-24.70689,-0.36699,0.0
2025-10-26 14:45:00-07:00,2025-10-26 21:45:00+00:00,2025-10-26 14:50:00-07:00,2025-10-26 21:50:00+00:00,REAL_TIME_5_MIN,ANAHEIM_6_N001,Node,-13.28468,9.97229,-22.93288,-0.3241,0.0
2025-10-26 14:45:00-07:00,2025-10-26 21:45:00+00:00,2025-10-26 14:50:00-07:00,2025-10-26 21:50:00+00:00,REAL_TIME_5_MIN,MKT_SUB_LNODEONC,Node,-12.80105,9.97229,-22.98476,0.21142,0.0
2025-10-26 14:45:00-07:00,2025-10-26 21:45:00+00:00,2025-10-26 14:50:00-07:00,2025-10-26 21:50:00+00:00,REAL_TIME_5_MIN,SCEW_2_PDRP89-APND,AP Node,-13.2289,9.97229,-22.909,-0.29219,0.0
2025-10-26 14:50:00-07:00,2025-10-26 21:50:00+00:00,2025-10-26 14:55:00-07:00,2025-10-26 21:55:00+00:00,REAL_TIME_5_MIN,ANAHEIM_6_N001,Node,-13.24349,8.18954,-21.16687,-0.26616,0.0
2025-10-26 14:50:00-07:00,2025-10-26 21:50:00+00:00,2025-10-26 14:55:00-07:00,2025-10-26 21:55:00+00:00,REAL_TIME_5_MIN,MKT_SUB_LNODEONC,Node,-12.85341,8.18954,-21.21657,0.17362,0.0
2025-10-26 14:50:00-07:00,2025-10-26 21:50:00+00:00,2025-10-26 14:55:00-07:00,2025-10-26 21:55:00+00:00,REAL_TIME_5_MIN,SCEW_2_PDRP89-APND,AP Node,-13.19508,8.18954,-21.14467,-0.23995,0.0
2025-10-26 14:55:00-07:00,2025-10-26 21:55:00+00:00,2025-10-26 15:00:00-07:00,2025-10-26 22:00:00+00:00,REAL_TIME_5_MIN,ANAHEIM_6_N001,Node,-14.16559,8.33956,-22.23411,-0.27104,0.0
2025-10-26 14:55:00-07:00,2025-10-26 21:55:00+00:00,2025-10-26 15:00:00-07:00,2025-10-26 22:00:00+00:00,REAL_TIME_5_MIN,MKT_SUB_LNODEONC,Node,-13.77152,8.33956,-22.28787,0.1768,0.0
2025-10-26 14:55:00-07:00,2025-10-26 21:55:00+00:00,2025-10-26 15:00:00-07:00,2025-10-26 22:00:00+00:00,REAL_TIME_5_MIN,SCEW_2_PDRP89-APND,AP Node,-14.1176,8.33956,-22.21281,-0.24435,0.0
2025-10-26 15:00:00-07:00,2025-10-26 22:00:00+00:00,2025-10-26 15:05:00-07:00,2025-10-26 22:05:00+00:00,REAL_TIME_5_MIN,ANAHEIM_6_N001,Node,-15.3437,3.25573,-18.50306,-0.09637,0.0
2025-10-26 15:00:00-07:00,2025-10-26 22:00:00+00:00,2025-10-26 15:05:00-07:00,2025-10-26 22:05:00+00:00,REAL_TIME_5_MIN,MKT_SUB_LNODEONC,Node,-15.22776,3.25573,-18.55248,0.069,0.0
2025-10-26 15:00:00-07:00,2025-10-26 22:00:00+00:00,2025-10-26 15:05:00-07:00,2025-10-26 22:05:00+00:00,REAL_TIME_5_MIN,SCEW_2_PDRP89-APND,AP Node,-15.4107,3.25573,-18.58111,-0.08532,0.0
2025-10-26 15:05:00-07:00,2025-10-26 22:05:00+00:00,2025-10-26 15:10:00-07:00,2025-10-26 22:10:00+00:00,REAL_TIME_5_MIN,ANAHEIM_6_N001,Node,-14.27099,2.78692,-16.97542,-0.08249,0.0
2025-10-26 15:05:00-07:00,2025-10-26 22:05:00+00:00,2025-10-26 15:10:00-07:00,2025-10-26 22:10:00+00:00,REAL_TIME_5_MIN,MKT_SUB_LNODEONC,Node,-14.17442,2.78692,-17.0204,0.05906,0.0
2025-10-26 15:05:00-07:00,2025-10-26 22:05:00+00:00,2025-10-26 15:10:00-07:00,2025-10-26 22:10:00+00:00,REAL_TIME_5_MIN,SCEW_2_PDRP89-APND,AP Node,-14.335,2.78692,-17.04888,-0.07304,0.0
2025-10-26 15:10:00-07:00,2025-10-26 22:10:00+00:00,2025-10-26 15:15:00-07:00,2025-10-26 22:15:00+00:00,REAL_TIME_5_MIN,ANAHEIM_6_N001,Node,-15.27898,2.43199,-17.63899,-0.07199,0.0
2025-10-26 15:10:00-07:00,2025-10-26 22:10:00+00:00,2025-10-26 15:15:00-07:00,2025-10-26 22:15:00+00:00,REAL_TIME_5_MIN,MKT_SUB_LNODEONC,Node,-15.2014,2.43199,-17.68493,0.05153,0.0
2025-10-26 15:10:00-07:00,2025-10-26 22:10:00+00:00,2025-10-26 15:15:00-07:00,2025-10-26 22:15:00+00:00,REAL_TIME_5_MIN,SCEW_2_PDRP89-APND,AP Node,-15.35012,2.43199,-17.71837,-0.06374,0.0
2025-10-26 15:15:00-07:00,2025-10-26 22:15:00+00:00,2025-10-26 15:20:00-07:00,2025-10-26 22:20:00+00:00,REAL_TIME_5_MIN,ANAHEIM_6_N001,Node,-14.24992,2.32142,-16.49613,-0.07521,0.0
2025-10-26 15:15:00-07:00,2025-10-26 22:15:00+00:00,2025-10-26 15:20:00-07:00,2025-10-26 22:20:00+00:00,REAL_TIME_5_MIN,MKT_SUB_LNODEONC,Node,-14.16744,2.32142,-16.53968,0.05081,0.0
2025-10-26 15:15:00-07:00,2025-10-26 22:15:00+00:00,2025-10-26 15:20:00-07:00,2025-10-26 22:20:00+00:00,REAL_TIME_5_MIN,SCEW_2_PDRP89-APND,AP Node,-14.26851,2.32142,-16.52358,-0.06636,0.0
2025-10-26 15:20:00-07:00,2025-10-26 22:20:00+00:00,2025-10-26 15:25:00-07:00,2025-10-26 22:25:00+00:00,REAL_TIME_5_MIN,ANAHEIM_6_N001,Node,-15.83185,1.20387,-16.99671,-0.03901,0.0
2025-10-26 15:20:00-07:00,2025-10-26 22:20:00+00:00,2025-10-26 15:25:00-07:00,2025-10-26 22:25:00+00:00,REAL_TIME_5_MIN,MKT_SUB_LNODEONC,Node,-15.81137,1.20387,-17.04158,0.02634,0.0
2025-10-26 15:20:00-07:00,2025-10-26 22:20:00+00:00,2025-10-26 15:25:00-07:00,2025-10-26 22:25:00+00:00,REAL_TIME_5_MIN,SCEW_2_PDRP89-APND,AP Node,-15.85556,1.20387,-17.02502,-0.03441,0.0
2025-10-26 15:25:00-07:00,2025-10-26 22:25:00+00:00,2025-10-26 15:30:00-07:00,2025-10-26 22:30:00+00:00,REAL_TIME_5_MIN,ANAHEIM_6_N001,Node,-15.60589,1.47383,-17.03197,-0.04775,0.0
2025-10-26 15:25:00-07:00,2025-10-26 22:25:00+00:00,2025-10-26 15:30:00-07:00,2025-10-26 22:30:00+00:00,REAL_TIME_5_MIN,MKT_SUB_LNODEONC,Node,-15.56843,1.47383,-17.07456,0.0323,0.0
2025-10-26 15:25:00-07:00,2025-10-26 22:25:00+00:00,2025-10-26 15:30:00-07:00,2025-10-26 22:30:00+00:00,REAL_TIME_5_MIN,SCEW_2_PDRP89-APND,AP Node,-15.62865,1.47383,-17.06035,-0.04213,0.0
2025-10-26 15:30:00-07:00,2025-10-26 22:30:00+00:00,2025-10-26 15:35:00-07:00,2025-10-26 22:35:00+00:00,REAL_TIME_5_MIN,ANAHEIM_6_N001,Node,-15.74724,-0.13575,-15.61589,0.0044,0.0
2025-10-26 15:30:00-07:00,2025-10-26 22:30:00+00:00,2025-10-26 15:35:00-07:00,2025-10-26 22:35:00+00:00,REAL_TIME_5_MIN,MKT_SUB_LNODEONC,Node,-15.79553,-0.13575,-15.65667,-0.00311,0.0
2025-10-26 15:30:00-07:00,2025-10-26 22:30:00+00:00,2025-10-26 15:35:00-07:00,2025-10-26 22:35:00+00:00,REAL_TIME_5_MIN,SCEW_2_PDRP89-APND,AP Node,-15.77497,-0.13575,-15.6431,0.00388,0.0
2025-10-26 15:35:00-07:00,2025-10-26 22:35:00+00:00,2025-10-26 15:40:00-07:00,2025-10-26 22:40:00+00:00,REAL_TIME_5_MIN,ANAHEIM_6_N001,Node,-15.74847,1.06468,-16.77866,-0.0345,0.0
2025-10-26 15:35:00-07:00,2025-10-26 22:35:00+00:00,2025-10-26 15:40:00-07:00,2025-10-26 22:40:00+00:00,REAL_TIME_5_MIN,MKT_SUB_LNODEONC,Node,-15.73276,1.06468,-16.82207,0.02462,0.0
2025-10-26 15:35:00-07:00,2025-10-26 22:35:00+00:00,2025-10-26 15:40:00-07:00,2025-10-26 22:40:00+00:00,REAL_TIME_5_MIN,SCEW_2_PDRP89-APND,AP Node,-15.77333,1.06468,-16.80757,-0.03044,0.0
2025-10-26 15:40:00-07:00,2025-10-26 22:40:00+00:00,2025-10-26 15:45:00-07:00,2025-10-26 22:45:00+00:00,REAL_TIME_5_MIN,ANAHEIM_6_N001,Node,-15.28541,5.08864,-20.20918,-0.16487,0.0
2025-10-26 15:40:00-07:00,2025-10-26 22:40:00+00:00,2025-10-26 15:45:00-07:00,2025-10-26 22:45:00+00:00,REAL_TIME_5_MIN,MKT_SUB_LNODEONC,Node,-15.0625,5.08864,-20.26872,0.11758,0.0
2025-10-26 15:40:00-07:00,2025-10-26 22:40:00+00:00,2025-10-26 15:45:00-07:00,2025-10-26 22:45:00+00:00,REAL_TIME_5_MIN,SCEW_2_PDRP89-APND,AP Node,-15.30145,5.08864,-20.24463,-0.14547,0.0
2025-10-26 15:45:00-07:00,2025-10-26 22:45:00+00:00,2025-10-26 15:50:00-07:00,2025-10-26 22:50:00+00:00,REAL_TIME_5_MIN,ANAHEIM_6_N001,Node,-15.29003,3.67282,-18.84201,-0.12084,0.0
2025-10-26 15:45:00-07:00,2025-10-26 22:45:00+00:00,2025-10-26 15:50:00-07:00,2025-10-26 22:50:00+00:00,REAL_TIME_5_MIN,MKT_SUB_LNODEONC,Node,-15.12916,3.67282,-18.88868,0.08671,0.0
2025-10-26 15:45:00-07:00,2025-10-26 22:45:00+00:00,2025-10-26 15:50:00-07:00,2025-10-26 22:50:00+00:00,REAL_TIME_5_MIN,SCEW_2_PDRP89-APND,AP Node,-15.30657,3.67282,-18.87304,-0.10635,0.0
2025-10-26 15:50:00-07:00,2025-10-26 22:50:00+00:00,2025-10-26 15:55:00-07:00,2025-10-26 22:55:00+00:00,REAL_TIME_5_MIN,ANAHEIM_6_N001,Node,-15.44277,3.50792,-18.83528,-0.11541,0.0
2025-10-26 15:50:00-07:00,2025-10-26 22:50:00+00:00,2025-10-26 15:55:00-07:00,2025-10-26 22:55:00+00:00,REAL_TIME_5_MIN,MKT_SUB_LNODEONC,Node,-15.29187,3.50792,-18.88261,0.08282,0.0
2025-10-26 15:50:00-07:00,2025-10-26 22:50:00+00:00,2025-10-26 15:55:00-07:00,2025-10-26 22:55:00+00:00,REAL_TIME_5_MIN,SCEW_2_PDRP89-APND,AP Node,-15.46039,3.50792,-18.86674,-0.10158,0.0
2025-10-26 15:55:00-07:00,2025-10-26 22:55:00+00:00,2025-10-26 16:00:00-07:00,2025-10-26 23:00:00+00:00,REAL_TIME_5_MIN,ANAHEIM_6_N001,Node,-15.7381,1.73469,-17.41571,-0.05707,0.0
2025-10-26 15:55:00-07:00,2025-10-26 22:55:00+00:00,2025-10-26 16:00:00-07:00,2025-10-26 23:00:00+00:00,REAL_TIME_5_MIN,MKT_SUB_LNODEONC,Node,-15.68476,1.73469,-17.46041,0.04097,0.0
2025-10-26 15:55:00-07:00,2025-10-26 22:55:00+00:00,2025-10-26 16:00:00-07:00,2025-10-26 23:00:00+00:00,REAL_TIME_5_MIN,SCEW_2_PDRP89-APND,AP Node,-15.76101,1.73469,-17.44546,-0.05023,0.0
2025-10-26 16:00:00-07:00,2025-10-26 23:00:00+00:00,2025-10-26 16:05:00-07:00,2025-10-26 23:05:00+00:00,REAL_TIME_5_MIN,ANAHEIM_6_N001,Node,-17.84863,-2.09875,-15.81137,0.06149,0.0
2025-10-26 16:00:00-07:00,2025-10-26 23:00:00+00:00,2025-10-26 16:05:00-07:00,2025-10-26 23:05:00+00:00,REAL_TIME_5_MIN,MKT_SUB_LNODEONC,Node,-17.99984,-2.09875,-15.85054,-0.05055,0.0
2025-10-26 16:00:00-07:00,2025-10-26 23:00:00+00:00,2025-10-26 16:05:00-07:00,2025-10-26 23:05:00+00:00,REAL_TIME_5_MIN,SCEW_2_PDRP89-APND,AP Node,-17.88226,-2.09875,-15.83754,0.05403,0.0
2025-10-26 16:05:00-07:00,2025-10-26 23:05:00+00:00,2025-10-26 16:10:00-07:00,2025-10-26 23:10:00+00:00,REAL_TIME_5_MIN,ANAHEIM_6_N001,Node,-17.34262,-6.49126,-11.04155,0.19019,0.0
2025-10-26 16:05:00-07:00,2025-10-26 23:05:00+00:00,2025-10-26 16:10:00-07:00,2025-10-26 23:10:00+00:00,REAL_TIME_5_MIN,MKT_SUB_LNODEONC,Node,-17.71867,-6.49126,-11.07101,-0.15641,0.0
2025-10-26 16:05:00-07:00,2025-10-26 23:05:00+00:00,2025-10-26 16:10:00-07:00,2025-10-26 23:10:00+00:00,REAL_TIME_5_MIN,SCEW_2_PDRP89-APND,AP Node,-17.38557,-6.49126,-11.06142,0.16711,0.0
2025-10-26 16:10:00-07:00,2025-10-26 23:10:00+00:00,2025-10-26 16:15:00-07:00,2025-10-26 23:15:00+00:00,REAL_TIME_5_MIN,ANAHEIM_6_N001,Node,-17.32422,0.45613,-17.76699,-0.01336,0.0
2025-10-26 16:10:00-07:00,2025-10-26 23:10:00+00:00,2025-10-26 16:15:00-07:00,2025-10-26 23:15:00+00:00,REAL_TIME_5_MIN,MKT_SUB_LNODEONC,Node,-17.34325,0.45613,-17.8104,0.01102,0.0
2025-10-26 16:10:00-07:00,2025-10-26 23:10:00+00:00,2025-10-26 16:15:00-07:00,2025-10-26 23:15:00+00:00,REAL_TIME_5_MIN,SCEW_2_PDRP89-APND,AP Node,-17.35152,0.45613,-17.7959,-0.01174,0.0
2025-10-26 16:15:00-07:00,2025-10-26 23:15:00+00:00,2025-10-26 16:20:00-07:00,2025-10-26 23:20:00+00:00,REAL_TIME_5_MIN,ANAHEIM_6_N001,Node,-14.60839,-0.40476,-14.20362,0.0,0.0
2025-10-26 16:15:00-07:00,2025-10-26 23:15:00+00:00,2025-10-26 16:20:00-07:00,2025-10-26 23:20:00+00:00,REAL_TIME_5_MIN,MKT_SUB_LNODEONC,Node,-14.64256,-0.40476,-14.23779,0.0,0.0
2025-10-26 16:15:00-07:00,2025-10-26 23:15:00+00:00,2025-10-26 16:20:00-07:00,2025-10-26 23:20:00+00:00,REAL_TIME_5_MIN,SCEW_2_PDRP89-APND,AP Node,-14.58285,-0.40476,-14.17809,0.0,0.0
2025-10-26 16:20:00-07:00,2025-10-26 23:20:00+00:00,2025-10-26 16:25:00-07:00,2025-10-26 23:25:00+00:00,REAL_TIME_5_MIN,ANAHEIM_6_N001,Node,-13.0855,1.81191,-14.89741,0.0,0.0
2025-10-26 16:20:00-07:00,2025-10-26 23:20:00+00:00,2025-10-26 16:25:00-07:00,2025-10-26 23:25:00+00:00,REAL_TIME_5_MIN,MKT_SUB_LNODEONC,Node,-13.12036,1.81191,-14.93227,0.0,0.0
2025-10-26 16:20:00-07:00,2025-10-26 23:20:00+00:00,2025-10-26 16:25:00-07:00,2025-10-26 23:25:00+00:00,REAL_TIME_5_MIN,SCEW_2_PDRP89-APND,AP Node,-13.05327,1.81191,-14.86518,0.0,0.0
2025-10-26 16:25:00-07:00,2025-10-26 23:25:00+00:00,2025-10-26 16:30:00-07:00,2025-10-26 23:30:00+00:00,REAL_TIME_5_MIN,ANAHEIM_6_N001,Node,-10.49307,3.17993,-13.673,0.0,0.0
2025-10-26 16:25:00-07:00,2025-10-26 23:25:00+00:00,2025-10-26 16:30:00-07:00,2025-10-26 23:30:00+00:00,REAL_TIME_5_MIN,MKT_SUB_LNODEONC,Node,-10.52353,3.17993,-13.70346,0.0,0.0
2025-10-26 16:25:00-07:00,2025-10-26 23:25:00+00:00,2025-10-26 16:30:00-07:00,2025-10-26 23:30:00+00:00,REAL_TIME_5_MIN,SCEW_2_PDRP89-APND,AP Node,-10.45735,3.17993,-13.63728,0.0,0.0
2025-10-26 16:30:00-07:00,2025-10-26 23:30:00+00:00,2025-10-26 16:35:00-07:00,2025-10-26 23:35:00+00:00,REAL_TIME_5_MIN,ANAHEIM_6_N001,Node,-5.52023,9.32938,-14.55013,-0.29947,0.0
2025-10-26 16:30:00-07:00,2025-10-26 23:30:00+00:00,2025-10-26 16:35:00-07:00,2025-10-26 23:35:00+00:00,REAL_TIME_5_MIN,MKT_SUB_LNODEONC,Node,-5.0569,9.32938,-14.58128,0.19501,0.0
2025-10-26 16:30:00-07:00,2025-10-26 23:30:00+00:00,2025-10-26 16:35:00-07:00,2025-10-26 23:35:00+00:00,REAL_TIME_5_MIN,SCEW_2_PDRP89-APND,AP Node,-5.44366,9.32938,-14.5037,-0.26934,0.0
2025-10-26 16:35:00-07:00,2025-10-26 23:35:00+00:00,2025-10-26 16:40:00-07:00,2025-10-26 23:40:00+00:00,REAL_TIME_5_MIN,ANAHEIM_6_N001,Node,7.92117,21.60219,-12.98758,-0.69343,0.0
2025-10-26 16:35:00-07:00,2025-10-26 23:35:00+00:00,2025-10-26 16:40:00-07:00,2025-10-26 23:40:00+00:00,REAL_TIME_5_MIN,MKT_SUB_LNODEONC,Node,9.04396,21.60219,-13.00974,0.45151,0.0
2025-10-26 16:35:00-07:00,2025-10-26 23:35:00+00:00,2025-10-26 16:40:00-07:00,2025-10-26 23:40:00+00:00,REAL_TIME_5_MIN,SCEW_2_PDRP89-APND,AP Node,8.06125,21.60219,-12.91729,-0.62365,0.0
2025-10-26 16:40:00-07:00,2025-10-26 23:40:00+00:00,2025-10-26 16:45:00-07:00,2025-10-26 23:45:00+00:00,REAL_TIME_5_MIN,ANAHEIM_6_N001,Node,12.28427,23.97803,-10.92407,-0.76969,0.0
2025-10-26 16:40:00-07:00,2025-10-26 23:40:00+00:00,2025-10-26 16:45:00-07:00,2025-10-26 23:45:00+00:00,REAL_TIME_5_MIN,MKT_SUB_LNODEONC,Node,13.53559,23.97803,-10.9436,0.50117,0.0
2025-10-26 16:40:00-07:00,2025-10-26 23:40:00+00:00,2025-10-26 16:45:00-07:00,2025-10-26 23:45:00+00:00,REAL_TIME_5_MIN,SCEW_2_PDRP89-APND,AP Node,12.41514,23.97803,-10.87064,-0.69225,0.0
2025-10-26 16:45:00-07:00,2025-10-26 23:45:00+00:00,2025-10-26 16:50:00-07:00,2025-10-26 23:50:00+00:00,REAL_TIME_5_MIN,ANAHEIM_6_N001,Node,23.3256,30.27306,-6.94746,0.0,0.0
2025-10-26 16:45:00-07:00,2025-10-26 23:45:00+00:00,2025-10-26 16:50:00-07:00,2025-10-26 23:50:00+00:00,REAL_TIME_5_MIN,MKT_SUB_LNODEONC,Node,23.3268,30.27306,-6.94626,0.0,0.0
2025-10-26 16:45:00-07:00,2025-10-26 23:45:00+00:00,2025-10-26 16:50:00-07:00,2025-10-26 23:50:00+00:00,REAL_TIME_5_MIN,SCEW_2_PDRP89-APND,AP Node,23.32815,30.27306,-6.9449,0.0,0.0
2025-10-26 16:50:00-07:00,2025-10-26 23:50:00+00:00,2025-10-26 16:55:00-07:00,2025-10-26 23:55:00+00:00,REAL_TIME_5_MIN,ANAHEIM_6_N001,Node,33.95124,36.75806,-2.80682,0.0,0.0
2025-10-26 16:50:00-07:00,2025-10-26 23:50:00+00:00,2025-10-26 16:55:00-07:00,2025-10-26 23:55:00+00:00,REAL_TIME_5_MIN,MKT_SUB_LNODEONC,Node,33.95244,36.75806,-2.80562,0.0,0.0
2025-10-26 16:50:00-07:00,2025-10-26 23:50:00+00:00,2025-10-26 16:55:00-07:00,2025-10-26 23:55:00+00:00,REAL_TIME_5_MIN,SCEW_2_PDRP89-APND,AP Node,33.953,36.75806,-2.80506,0.0,0.0
2025-10-26 16:55:00-07:00,2025-10-26 23:55:00+00:00,2025-10-26 17:00:00-07:00,2025-10-27 00:00:00+00:00,REAL_TIME_5_MIN,ANAHEIM_6_N001,Node,40.02789,40.97114,-0.94325,0.0,0.0
2025-10-26 16:55:00-07:00,2025-10-26 23:55:00+00:00,2025-10-26 17:00:00-07:00,2025-10-27 00:00:00+00:00,REAL_TIME_5_MIN,MKT_SUB_LNODEONC,Node,40.02909,40.97114,-0.94205,0.0,0.0
2025-10-26 16:55:00-07:00,2025-10-26 23:55:00+00:00,2025-10-26 17:00:00-07:00,2025-10-27 00:00:00+00:00,REAL_TIME_5_MIN,SCEW_2_PDRP89-APND,AP Node,40.02789,40.97114,-0.94325,0.0,0.0
2025-10-26 17:00:00-07:00,2025-10-27 00:00:00+00:00,2025-10-26 17:05:00-07:00,2025-10-27 00:05:00+00:00,REAL_TIME_5_MIN,ANAHEIM_6_N001,Node,16.00663,26.07388,-9.3424,-0.72485,0.0
2025-10-26 17:00:00-07:00,2025-10-27 00:00:00+00:00,2025-10-26 17:05:00-07:00,2025-10-27 00:05:00+00:00,REAL_TIME_5_MIN,MKT_SUB_LNODEONC,Node,17.30749,26.07388,-9.37133,0.60494,0.0
2025-10-26 17:00:00-07:00,2025-10-27 00:00:00+00:00,2025-10-26 17:05:00-07:00,2025-10-27 00:05:00+00:00,REAL_TIME_5_MIN,SCEW_2_PDRP89-APND,AP Node,16.07975,26.07388,-9.36193,-0.6322,0.0
2025-10-26 17:05:00-07:00,2025-10-27 00:05:00+00:00,2025-10-26 17:10:00-07:00,2025-10-27 00:10:00+00:00,REAL_TIME_5_MIN,ANAHEIM_6_N001,Node,19.9992,27.23305,-6.47677,-0.75708,0.0
2025-10-26 17:05:00-07:00,2025-10-27 00:05:00+00:00,2025-10-26 17:10:00-07:00,2025-10-27 00:10:00+00:00,REAL_TIME_5_MIN,MKT_SUB_LNODEONC,Node,21.36842,27.23305,-6.49646,0.63183,0.0
2025-10-26 17:05:00-07:00,2025-10-27 00:05:00+00:00,2025-10-26 17:10:00-07:00,2025-10-27 00:10:00+00:00,REAL_TIME_5_MIN,SCEW_2_PDRP89-APND,AP Node,20.08243,27.23305,-6.49031,-0.6603,0.0
2025-10-26 17:10:00-07:00,2025-10-27 00:10:00+00:00,2025-10-26 17:15:00-07:00,2025-10-27 00:15:00+00:00,REAL_TIME_5_MIN,ANAHEIM_6_N001,Node,32.5906,35.48105,-1.90408,-0.98637,0.0
2025-10-26 17:10:00-07:00,2025-10-27 00:10:00+00:00,2025-10-26 17:15:00-07:00,2025-10-27 00:15:00+00:00,REAL_TIME_5_MIN,MKT_SUB_LNODEONC,Node,34.40136,35.48105,-1.90288,0.82319,0.0
2025-10-26 17:10:00-07:00,2025-10-27 00:10:00+00:00,2025-10-26 17:15:00-07:00,2025-10-27 00:15:00+00:00,REAL_TIME_5_MIN,SCEW_2_PDRP89-APND,AP Node,32.71669,35.48105,-1.90408,-0.86029,0.0
2025-10-26 17:15:00-07:00,2025-10-27 00:15:00+00:00,2025-10-26 17:20:00-07:00,2025-10-27 00:20:00+00:00,REAL_TIME_5_MIN,ANAHEIM_6_N001,Node,39.61858,41.27432,-0.39688,-1.25887,0.0
2025-10-26 17:15:00-07:00,2025-10-27 00:15:00+00:00,2025-10-26 17:20:00-07:00,2025-10-27 00:20:00+00:00,REAL_TIME_5_MIN,MKT_SUB_LNODEONC,Node,42.11563,41.27432,-0.39696,1.23827,0.0
2025-10-26 17:15:00-07:00,2025-10-27 00:15:00+00:00,2025-10-26 17:20:00-07:00,2025-10-27 00:20:00+00:00,REAL_TIME_5_MIN,SCEW_2_PDRP89-APND,AP Node,39.76692,41.27432,-0.39643,-1.11098,0.0
2025-10-26 17:20:00-07:00,2025-10-27 00:20:00+00:00,2025-10-26 17:25:00-07:00,2025-10-27 00:25:00+00:00,REAL_TIME_5_MIN,ANAHEIM_6_N001,Node,42.76772,44.11317,0.0,-1.34545,0.0
2025-10-26 17:20:00-07:00,2025-10-27 00:20:00+00:00,2025-10-26 17:25:00-07:00,2025-10-27 00:25:00+00:00,REAL_TIME_5_MIN,MKT_SUB_LNODEONC,Node,45.4378,44.11317,0.0012,1.32343,0.0
2025-10-26 17:20:00-07:00,2025-10-27 00:20:00+00:00,2025-10-26 17:25:00-07:00,2025-10-27 00:25:00+00:00,REAL_TIME_5_MIN,SCEW_2_PDRP89-APND,AP Node,42.92578,44.11317,0.0,-1.18739,0.0
2025-10-26 17:25:00-07:00,2025-10-27 00:25:00+00:00,2025-10-26 17:30:00-07:00,2025-10-27 00:30:00+00:00,REAL_TIME_5_MIN,ANAHEIM_6_N001,Node,45.63807,47.07382,0.0,-1.43575,0.0
2025-10-26 17:25:00-07:00,2025-10-27 00:25:00+00:00,2025-10-26 17:30:00-07:00,2025-10-27 00:30:00+00:00,REAL_TIME_5_MIN,MKT_SUB_LNODEONC,Node,48.48727,47.07382,0.0012,1.41225,0.0
2025-10-26 17:25:00-07:00,2025-10-27 00:25:00+00:00,2025-10-26 17:30:00-07:00,2025-10-27 00:30:00+00:00,REAL_TIME_5_MIN,SCEW_2_PDRP89-APND,AP Node,45.80674,47.07382,0.0,-1.26708,0.0
2025-10-26 17:30:00-07:00,2025-10-27 00:30:00+00:00,2025-10-26 17:35:00-07:00,2025-10-27 00:35:00+00:00,REAL_TIME_5_MIN,ANAHEIM_6_N001,Node,49.09275,50.57459,0.0,-1.48184,0.0
2025-10-26 17:30:00-07:00,2025-10-27 00:30:00+00:00,2025-10-26 17:35:00-07:00,2025-10-27 00:35:00+00:00,REAL_TIME_5_MIN,MKT_SUB_LNODEONC,Node,52.45215,50.57459,0.0012,1.87636,0.0
2025-10-26 17:30:00-07:00,2025-10-27 00:30:00+00:00,2025-10-26 17:35:00-07:00,2025-10-27 00:35:00+00:00,REAL_TIME_5_MIN,SCEW_2_PDRP89-APND,AP Node,49.28067,50.57459,0.0,-1.29392,0.0
2025-10-26 17:35:00-07:00,2025-10-27 00:35:00+00:00,2025-10-26 17:40:00-07:00,2025-10-27 00:40:00+00:00,REAL_TIME_5_MIN,ANAHEIM_6_N001,Node,50.45218,51.97505,0.0,-1.52287,0.0
2025-10-26 17:35:00-07:00,2025-10-27 00:35:00+00:00,2025-10-26 17:40:00-07:00,2025-10-27 00:40:00+00:00,REAL_TIME_5_MIN,MKT_SUB_LNODEONC,Node,53.90457,51.97505,0.0012,1.92832,0.0
2025-10-26 17:35:00-07:00,2025-10-27 00:35:00+00:00,2025-10-26 17:40:00-07:00,2025-10-27 00:40:00+00:00,REAL_TIME_5_MIN,SCEW_2_PDRP89-APND,AP Node,50.64531,51.97505,0.0,-1.32975,0.0
2025-10-26 17:40:00-07:00,2025-10-27 00:40:00+00:00,2025-10-26 17:45:00-07:00,2025-10-27 00:45:00+00:00,REAL_TIME_5_MIN,ANAHEIM_6_N001,Node,52.64534,54.23441,0.0,-1.58907,0.0
2025-10-26 17:40:00-07:00,2025-10-27 00:40:00+00:00,2025-10-26 17:45:00-07:00,2025-10-27 00:45:00+00:00,REAL_TIME_5_MIN,MKT_SUB_LNODEONC,Node,56.24775,54.23441,0.0012,2.01214,0.0
2025-10-26 17:40:00-07:00,2025-10-27 00:40:00+00:00,2025-10-26 17:45:00-07:00,2025-10-27 00:45:00+00:00,REAL_TIME_5_MIN,SCEW_2_PDRP89-APND,AP Node,52.84686,54.23441,0.0,-1.38755,0.0
2025-10-26 17:45:00-07:00,2025-10-27 00:45:00+00:00,2025-10-26 17:50:00-07:00,2025-10-27 00:50:00+00:00,REAL_TIME_5_MIN,ANAHEIM_6_N001,Node,51.39703,52.62315,0.0,-1.22612,0.0
2025-10-26 17:45:00-07:00,2025-10-27 00:45:00+00:00,2025-10-26 17:50:00-07:00,2025-10-27 00:50:00+00:00,REAL_TIME_5_MIN,MKT_SUB_LNODEONC,Node,54.58724,52.62315,0.0012,1.96289,0.0
2025-10-26 17:45:00-07:00,2025-10-27 00:45:00+00:00,2025-10-26 17:50:00-07:00,2025-10-27 00:50:00+00:00,REAL_TIME_5_MIN,SCEW_2_PDRP89-APND,AP Node,51.60786,52.62315,0.0,-1.01529,0.0
2025-10-26 17:50:00-07:00,2025-10-27 00:50:00+00:00,2025-10-26 17:55:00-07:00,2025-10-27 00:55:00+00:00,REAL_TIME_5_MIN,ANAHEIM_6_N001,Node,49.10341,50.27481,0.0,-1.1714,0.0
2025-10-26 17:50:00-07:00,2025-10-27 00:50:00+00:00,2025-10-26 17:55:00-07:00,2025-10-27 00:55:00+00:00,REAL_TIME_5_MIN,MKT_SUB_LNODEONC,Node,52.15131,50.27481,0.0012,1.8753,0.0
2025-10-26 17:50:00-07:00,2025-10-27 00:50:00+00:00,2025-10-26 17:55:00-07:00,2025-10-27 00:55:00+00:00,REAL_TIME_5_MIN,SCEW_2_PDRP89-APND,AP Node,49.30483,50.27481,0.0,-0.96998,0.0
2025-10-26 17:55:00-07:00,2025-10-27 00:55:00+00:00,2025-10-26 18:00:00-07:00,2025-10-27 01:00:00+00:00,REAL_TIME_5_MIN,ANAHEIM_6_N001,Node,49.04481,50.21481,0.0,-1.17001,0.0
2025-10-26 17:55:00-07:00,2025-10-27 00:55:00+00:00,2025-10-26 18:00:00-07:00,2025-10-27 01:00:00+00:00,REAL_TIME_5_MIN,MKT_SUB_LNODEONC,Node,52.08907,50.21481,0.0012,1.87306,0.0
2025-10-26 17:55:00-07:00,2025-10-27 00:55:00+00:00,2025-10-26 18:00:00-07:00,2025-10-27 01:00:00+00:00,REAL_TIME_5_MIN,SCEW_2_PDRP89-APND,AP Node,49.24599,50.21481,0.0,-0.96882,0.0
2025-10-26 18:00:00-07:00,2025-10-27 01:00:00+00:00,2025-10-26 18:05:00-07:00,2025-10-27 01:05:00+00:00,REAL_TIME_5_MIN,ANAHEIM_6_N001,Node,36.58796,39.01367,-1.07583,-1.34987,0.0
2025-10-26 18:00:00-07:00,2025-10-27 01:00:00+00:00,2025-10-26 18:05:00-07:00,2025-10-27 01:05:00+00:00,REAL_TIME_5_MIN,MKT_SUB_LNODEONC,Node,39.34401,39.01367,-1.07809,1.40844,0.0
2025-10-26 18:00:00-07:00,2025-10-27 01:00:00+00:00,2025-10-26 18:05:00-07:00,2025-10-27 01:05:00+00:00,REAL_TIME_5_MIN,SCEW_2_PDRP89-APND,AP Node,36.73438,39.01367,-1.07807,-1.20121,0.0
2025-10-26 18:05:00-07:00,2025-10-27 01:05:00+00:00,2025-10-26 18:10:00-07:00,2025-10-27 01:10:00+00:00,REAL_TIME_5_MIN,ANAHEIM_6_N001,Node,35.73723,38.1918,-1.13313,-1.32144,0.0
2025-10-26 18:05:00-07:00,2025-10-27 01:05:00+00:00,2025-10-26 18:10:00-07:00,2025-10-27 01:10:00+00:00,REAL_TIME_5_MIN,MKT_SUB_LNODEONC,Node,38.43499,38.1918,-1.13557,1.37877,0.0
2025-10-26 18:05:00-07:00,2025-10-27 01:05:00+00:00,2025-10-26 18:10:00-07:00,2025-10-27 01:10:00+00:00,REAL_TIME_5_MIN,SCEW_2_PDRP89-APND,AP Node,35.8804,38.1918,-1.13549,-1.17591,0.0
2025-10-26 18:10:00-07:00,2025-10-27 01:10:00+00:00,2025-10-26 18:15:00-07:00,2025-10-27 01:15:00+00:00,REAL_TIME_5_MIN,ANAHEIM_6_N001,Node,35.8426,38.5279,-1.35223,-1.33307,0.0
2025-10-26 18:10:00-07:00,2025-10-27 01:10:00+00:00,2025-10-26 18:15:00-07:00,2025-10-27 01:15:00+00:00,REAL_TIME_5_MIN,MKT_SUB_LNODEONC,Node,38.56342,38.5279,-1.35538,1.3909,0.0
2025-10-26 18:10:00-07:00,2025-10-27 01:10:00+00:00,2025-10-26 18:15:00-07:00,2025-10-27 01:15:00+00:00,REAL_TIME_5_MIN,SCEW_2_PDRP89-APND,AP Node,35.9866,38.5279,-1.35505,-1.18625,0.0
2025-10-26 18:15:00-07:00,2025-10-27 01:15:00+00:00,2025-10-26 18:20:00-07:00,2025-10-27 01:20:00+00:00,REAL_TIME_5_MIN,ANAHEIM_6_N001,Node,36.25655,38.78071,-1.225,-1.29915,0.0
2025-10-26 18:15:00-07:00,2025-10-27 01:15:00+00:00,2025-10-26 18:20:00-07:00,2025-10-27 01:20:00+00:00,REAL_TIME_5_MIN,MKT_SUB_LNODEONC,Node,38.93748,38.78071,-1.22774,1.38451,0.0
2025-10-26 18:15:00-07:00,2025-10-27 01:15:00+00:00,2025-10-26 18:20:00-07:00,2025-10-27 01:20:00+00:00,REAL_TIME_5_MIN,SCEW_2_PDRP89-APND,AP Node,36.40809,38.78071,-1.22755,-1.14506,0.0
2025-10-26 18:20:00-07:00,2025-10-27 01:20:00+00:00,2025-10-26 18:25:00-07:00,2025-10-27 01:25:00+00:00,REAL_TIME_5_MIN,ANAHEIM_6_N001,Node,37.91106,39.36121,-0.13155,-1.3186,0.0
2025-10-26 18:20:00-07:00,2025-10-27 01:20:00+00:00,2025-10-26 18:25:00-07:00,2025-10-27 01:25:00+00:00,REAL_TIME_5_MIN,MKT_SUB_LNODEONC,Node,40.63568,39.36121,-0.13077,1.40524,0.0
2025-10-26 18:20:00-07:00,2025-10-27 01:20:00+00:00,2025-10-26 18:25:00-07:00,2025-10-27 01:25:00+00:00,REAL_TIME_5_MIN,SCEW_2_PDRP89-APND,AP Node,38.06718,39.36121,-0.13182,-1.1622,0.0
2025-10-26 18:25:00-07:00,2025-10-27 01:25:00+00:00,2025-10-26 18:30:00-07:00,2025-10-27 01:30:00+00:00,REAL_TIME_5_MIN,ANAHEIM_6_N001,Node,37.44521,38.74311,0.0,-1.29789,0.0
2025-10-26 18:25:00-07:00,2025-10-27 01:25:00+00:00,2025-10-26 18:30:00-07:00,2025-10-27 01:30:00+00:00,REAL_TIME_5_MIN,MKT_SUB_LNODEONC,Node,40.12748,38.74311,0.0012,1.38317,0.0
2025-10-26 18:25:00-07:00,2025-10-27 01:25:00+00:00,2025-10-26 18:30:00-07:00,2025-10-27 01:30:00+00:00,REAL_TIME_5_MIN,SCEW_2_PDRP89-APND,AP Node,37.59916,38.74311,0.0,-1.14395,0.0
2025-10-26 18:30:00-07:00,2025-10-27 01:30:00+00:00,2025-10-26 18:35:00-07:00,2025-10-27 01:35:00+00:00,REAL_TIME_5_MIN,ANAHEIM_6_N001,Node,38.21795,39.63276,-0.00388,-1.41093,0.0
2025-10-26 18:30:00-07:00,2025-10-27 01:30:00+00:00,2025-10-26 18:35:00-07:00,2025-10-27 01:35:00+00:00,REAL_TIME_5_MIN,MKT_SUB_LNODEONC,Node,41.22731,39.63276,-0.00269,1.59725,0.0
2025-10-26 18:30:00-07:00,2025-10-27 01:30:00+00:00,2025-10-26 18:35:00-07:00,2025-10-27 01:35:00+00:00,REAL_TIME_5_MIN,SCEW_2_PDRP89-APND,AP Node,38.37661,39.63276,-0.00389,-1.25226,0.0
2025-10-26 18:35:00-07:00,2025-10-27 01:35:00+00:00,2025-10-26 18:40:00-07:00,2025-10-27 01:40:00+00:00,REAL_TIME_5_MIN,ANAHEIM_6_N001,Node,38.51319,39.93688,-0.00194,-1.42175,0.0
2025-10-26 18:35:00-07:00,2025-10-27 01:35:00+00:00,2025-10-26 18:40:00-07:00,2025-10-27 01:40:00+00:00,REAL_TIME_5_MIN,MKT_SUB_LNODEONC,Node,41.54564,39.93688,-0.00075,1.6095,0.0
2025-10-26 18:35:00-07:00,2025-10-27 01:35:00+00:00,2025-10-26 18:40:00-07:00,2025-10-27 01:40:00+00:00,REAL_TIME_5_MIN,SCEW_2_PDRP89-APND,AP Node,38.67307,39.93688,-0.00194,-1.26187,0.0
2025-10-26 18:40:00-07:00,2025-10-27 01:40:00+00:00,2025-10-26 18:45:00-07:00,2025-10-27 01:45:00+00:00,REAL_TIME_5_MIN,ANAHEIM_6_N001,Node,37.87112,39.27312,-0.00388,-1.39812,0.0
2025-10-26 18:40:00-07:00,2025-10-27 01:40:00+00:00,2025-10-26 18:45:00-07:00,2025-10-27 01:45:00+00:00,REAL_TIME_5_MIN,MKT_SUB_LNODEONC,Node,40.85318,39.27312,-0.00269,1.58276,0.0
2025-10-26 18:40:00-07:00,2025-10-27 01:40:00+00:00,2025-10-26 18:45:00-07:00,2025-10-27 01:45:00+00:00,REAL_TIME_5_MIN,SCEW_2_PDRP89-APND,AP Node,38.02834,39.27312,-0.00389,-1.24089,0.0
2025-10-26 18:45:00-07:00,2025-10-27 01:45:00+00:00,2025-10-26 18:50:00-07:00,2025-10-27 01:50:00+00:00,REAL_TIME_5_MIN,ANAHEIM_6_N001,Node,37.56968,39.28373,-0.30769,-1.40636,0.0
2025-10-26 18:45:00-07:00,2025-10-27 01:45:00+00:00,2025-10-26 18:50:00-07:00,2025-10-27 01:50:00+00:00,REAL_TIME_5_MIN,MKT_SUB_LNODEONC,Node,40.64194,39.28373,-0.30747,1.66568,0.0
2025-10-26 18:45:00-07:00,2025-10-27 01:45:00+00:00,2025-10-26 18:50:00-07:00,2025-10-27 01:50:00+00:00,REAL_TIME_5_MIN,SCEW_2_PDRP89-APND,AP Node,37.71993,39.28373,-0.30833,-1.25548,0.0
2025-10-26 18:50:00-07:00,2025-10-27 01:50:00+00:00,2025-10-26 18:55:00-07:00,2025-10-27 01:55:00+00:00,REAL_TIME_5_MIN,ANAHEIM_6_N001,Node,36.30714,38.47312,-0.78864,-1.37734,0.0
2025-10-26 18:50:00-07:00,2025-10-27 01:50:00+00:00,2025-10-26 18:55:00-07:00,2025-10-27 01:55:00+00:00,REAL_TIME_5_MIN,MKT_SUB_LNODEONC,Node,39.31446,38.47312,-0.78996,1.63131,0.0
2025-10-26 18:50:00-07:00,2025-10-27 01:50:00+00:00,2025-10-26 18:55:00-07:00,2025-10-27 01:55:00+00:00,REAL_TIME_5_MIN,SCEW_2_PDRP89-APND,AP Node,36.45327,38.47312,-0.79028,-1.22957,0.0
2025-10-26 18:55:00-07:00,2025-10-27 01:55:00+00:00,2025-10-26 19:00:00-07:00,2025-10-27 02:00:00+00:00,REAL_TIME_5_MIN,ANAHEIM_6_N001,Node,37.56737,38.96624,-0.00387,-1.39499,0.0
2025-10-26 18:55:00-07:00,2025-10-27 01:55:00+00:00,2025-10-26 19:00:00-07:00,2025-10-27 02:00:00+00:00,REAL_TIME_5_MIN,MKT_SUB_LNODEONC,Node,40.61577,38.96624,-0.00268,1.65222,0.0
2025-10-26 18:55:00-07:00,2025-10-27 01:55:00+00:00,2025-10-26 19:00:00-07:00,2025-10-27 02:00:00+00:00,REAL_TIME_5_MIN,SCEW_2_PDRP89-APND,AP Node,37.71703,38.96624,-0.00388,-1.24533,0.0
2025-10-26 19:00:00-07:00,2025-10-27 02:00:00+00:00,2025-10-26 19:05:00-07:00,2025-10-27 02:05:00+00:00,REAL_TIME_5_MIN,ANAHEIM_6_N001,Node,40.0,40.0,0.0,0.0,0.0
2025-10-26 19:00:00-07:00,2025-10-27 02:00:00+00:00,2025-10-26 19:05:00-07:00,2025-10-27 02:05:00+00:00,REAL_TIME_5_MIN,MKT_SUB_LNODEONC,Node,40.0012,40.0,0.0012,0.0,0.0
2025-10-26 19:00:00-07:00,2025-10-27 02:00:00+00:00,2025-10-26 19:05:00-07:00,2025-10-27 02:05:00+00:00,REAL_TIME_5_MIN,SCEW_2_PDRP89-APND,AP Node,40.0,40.0,0.0,0.0,0.0
2025-10-26 19:05:00-07:00,2025-10-27 02:05:00+00:00,2025-10-26 19:10:00-07:00,2025-10-27 02:10:00+00:00,REAL_TIME_5_MIN,ANAHEIM_6_N001,Node,40.0,40.0,0.0,0.0,0.0
2025-10-26 19:05:00-07:00,2025-10-27 02:05:00+00:00,2025-10-26 19:10:00-07:00,2025-10-27 02:10:00+00:00,REAL_TIME_5_MIN,MKT_SUB_LNODEONC,Node,40.0012,40.0,0.0012,0.0,0.0
2025-10-26 19:05:00-07:00,2025-10-27 02:05:00+00:00,2025-10-26 19:10:00-07:00,2025-10-27 02:10:00+00:00,REAL_TIME_5_MIN,SCEW_2_PDRP89-APND,AP Node,40.0,40.0,0.0,0.0,0.0
2025-10-26 19:10:00-07:00,2025-10-27 02:10:00+00:00,2025-10-26 19:15:00-07:00,2025-10-27 02:15:00+00:00,REAL_TIME_5_MIN,ANAHEIM_6_N001,Node,40.0,40.0,0.0,0.0,0.0
2025-10-26 19:10:00-07:00,2025-10-27 02:10:00+00:00,2025-10-26 19:15:00-07:00,2025-10-27 02:15:00+00:00,REAL_TIME_5_MIN,MKT_SUB_LNODEONC,Node,40.0,40.0,0.0,0.0,0.0
2025-10-26 19:10:00-07:00,2025-10-27 02:10:00+00:00,2025-10-26 19:15:00-07:00,2025-10-27 02:15:00+00:00,REAL_TIME_5_MIN,SCEW_2_PDRP89-APND,AP Node,40.0,40.0,0.0,0.0,0.0
2025-10-26 19:15:00-07:00,2025-10-27 02:15:00+00:00,2025-10-26 19:20:00-07:00,2025-10-27 02:20:00+00:00,REAL_TIME_5_MIN,ANAHEIM_6_N001,Node,39.9988,39.9988,0.0,0.0,0.0
2025-10-26 19:15:00-07:00,2025-10-27 02:15:00+00:00,2025-10-26 19:20:00-07:00,2025-10-27 02:20:00+00:00,REAL_TIME_5_MIN,MKT_SUB_LNODEONC,Node,39.9988,39.9988,0.0,0.0,0.0
2025-10-26 19:15:00-07:00,2025-10-27 02:15:00+00:00,2025-10-26 19:20:00-07:00,2025-10-27 02:20:00+00:00,REAL_TIME_5_MIN,SCEW_2_PDRP89-APND,AP Node,39.9988,39.9988,0.0,0.0,0.0
2025-10-26 19:20:00-07:00,2025-10-27 02:20:00+00:00,2025-10-26 19:25:00-07:00,2025-10-27 02:25:00+00:00,REAL_TIME_5_MIN,ANAHEIM_6_N001,Node,40.0,40.0,0.0,0.0,0.0
2025-10-26 19:20:00-07:00,2025-10-27 02:20:00+00:00,2025-10-26 19:25:00-07:00,2025-10-27 02:25:00+00:00,REAL_TIME_5_MIN,MKT_SUB_LNODEONC,Node,40.0,40.0,0.0,0.0,0.0
2025-10-26 19:20:00-07:00,2025-10-27 02:20:00+00:00,2025-10-26 19:25:00-07:00,2025-10-27 02:25:00+00:00,REAL_TIME_5_MIN,SCEW_2_PDRP89-APND,AP Node,40.0,40.0,0.0,0.0,0.0
2025-10-26 19:25:00-07:00,2025-10-27 02:25:00+00:00,2025-10-26 19:30:00-07:00,2025-10-27 02:30:00+00:00,REAL_TIME_5_MIN,ANAHEIM_6_N001,Node,38.81555,38.81555,0.0,0.0,0.0
2025-10-26 19:25:00-07:00,2025-10-27 02:25:00+00:00,2025-10-26 19:30:00-07:00,2025-10-27 02:30:00+00:00,REAL_TIME_5_MIN,MKT_SUB_LNODEONC,Node,38.81555,38.81555,0.0,0.0,0.0
2025-10-26 19:25:00-07:00,2025-10-27 02:25:00+00:00,2025-10-26 19:30:00-07:00,2025-10-27 02:30:00+00:00,REAL_TIME_5_MIN,SCEW_2_PDRP89-APND,AP Node,38.81555,38.81555,0.0,0.0,0.0
2025-10-26 19:30:00-07:00,2025-10-27 02:30:00+00:00,2025-10-26 19:35:00-07:00,2025-10-27 02:35:00+00:00,REAL_TIME_5_MIN,ANAHEIM_6_N001,Node,36.88079,38.18808,-0.00125,-1.30603,0.0
2025-10-26 19:30:00-07:00,2025-10-27 02:30:00+00:00,2025-10-26 19:35:00-07:00,2025-10-27 02:35:00+00:00,REAL_TIME_5_MIN,MKT_SUB_LNODEONC,Node,39.89383,38.18808,-0.00125,1.70701,0.0
2025-10-26 19:30:00-07:00,2025-10-27 02:30:00+00:00,2025-10-26 19:35:00-07:00,2025-10-27 02:35:00+00:00,REAL_TIME_5_MIN,SCEW_2_PDRP89-APND,AP Node,37.0164,38.18808,-0.00123,-1.17044,0.0
2025-10-26 19:35:00-07:00,2025-10-27 02:35:00+00:00,2025-10-26 19:40:00-07:00,2025-10-27 02:40:00+00:00,REAL_TIME_5_MIN,ANAHEIM_6_N001,Node,36.80637,38.11231,-0.0025,-1.30344,0.0
2025-10-26 19:35:00-07:00,2025-10-27 02:35:00+00:00,2025-10-26 19:40:00-07:00,2025-10-27 02:40:00+00:00,REAL_TIME_5_MIN,MKT_SUB_LNODEONC,Node,39.81343,38.11231,-0.0025,1.70362,0.0
2025-10-26 19:35:00-07:00,2025-10-27 02:35:00+00:00,2025-10-26 19:40:00-07:00,2025-10-27 02:40:00+00:00,REAL_TIME_5_MIN,SCEW_2_PDRP89-APND,AP Node,36.94172,38.11231,-0.00247,-1.16812,0.0
2025-10-26 19:40:00-07:00,2025-10-27 02:40:00+00:00,2025-10-26 19:45:00-07:00,2025-10-27 02:45:00+00:00,REAL_TIME_5_MIN,ANAHEIM_6_N001,Node,36.70153,38.00722,-0.00585,-1.29985,0.0
2025-10-26 19:40:00-07:00,2025-10-27 02:40:00+00:00,2025-10-26 19:45:00-07:00,2025-10-27 02:45:00+00:00,REAL_TIME_5_MIN,MKT_SUB_LNODEONC,Node,39.70028,38.00722,-0.00586,1.69892,0.0
2025-10-26 19:40:00-07:00,2025-10-27 02:40:00+00:00,2025-10-26 19:45:00-07:00,2025-10-27 02:45:00+00:00,REAL_TIME_5_MIN,SCEW_2_PDRP89-APND,AP Node,36.83647,38.00722,-0.00586,-1.1649,0.0
2025-10-26 19:45:00-07:00,2025-10-27 02:45:00+00:00,2025-10-26 19:50:00-07:00,2025-10-27 02:50:00+00:00,REAL_TIME_5_MIN,ANAHEIM_6_N001,Node,36.50052,37.79524,-0.00591,-1.28882,0.0
2025-10-26 19:45:00-07:00,2025-10-27 02:45:00+00:00,2025-10-26 19:50:00-07:00,2025-10-27 02:50:00+00:00,REAL_TIME_5_MIN,MKT_SUB_LNODEONC,Node,39.49766,37.79524,-0.00593,1.70835,0.0
2025-10-26 19:45:00-07:00,2025-10-27 02:45:00+00:00,2025-10-26 19:50:00-07:00,2025-10-27 02:50:00+00:00,REAL_TIME_5_MIN,SCEW_2_PDRP89-APND,AP Node,36.63471,37.79524,-0.00591,-1.15463,0.0
2025-10-26 19:50:00-07:00,2025-10-27 02:50:00+00:00,2025-10-26 19:55:00-07:00,2025-10-27 02:55:00+00:00,REAL_TIME_5_MIN,ANAHEIM_6_N001,Node,36.50052,37.79524,-0.00591,-1.28882,0.0
2025-10-26 19:50:00-07:00,2025-10-27 02:50:00+00:00,2025-10-26 19:55:00-07:00,2025-10-27 02:55:00+00:00,REAL_TIME_5_MIN,MKT_SUB_LNODEONC,Node,39.49766,37.79524,-0.00593,1.70835,0.0
2025-10-26 19:50:00-07:00,2025-10-27 02:50:00+00:00,2025-10-26 19:55:00-07:00,2025-10-27 02:55:00+00:00,REAL_TIME_5_MIN,SCEW_2_PDRP89-APND,AP Node,36.63471,37.79524,-0.00591,-1.15463,0.0
2025-10-26 19:55:00-07:00,2025-10-27 02:55:00+00:00,2025-10-26 20:00:00-07:00,2025-10-27 03:00:00+00:00,REAL_TIME_5_MIN,ANAHEIM_6_N001,Node,36.87654,38.17842,0.0,-1.30188,0.0
2025-10-26 19:55:00-07:00,2025-10-27 02:55:00+00:00,2025-10-26 20:00:00-07:00,2025-10-27 03:00:00+00:00,REAL_TIME_5_MIN,MKT_SUB_LNODEONC,Node,39.90409,38.17842,0.0,1.72566,0.0
2025-10-26 19:55:00-07:00,2025-10-27 02:55:00+00:00,2025-10-26 20:00:00-07:00,2025-10-27 03:00:00+00:00,REAL_TIME_5_MIN,SCEW_2_PDRP89-APND,AP Node,37.01209,38.17842,0.0,-1.16633,0.0
2025-10-26 20:00:00-07:00,2025-10-27 03:00:00+00:00,2025-10-26 20:05:00-07:00,2025-10-27 03:05:00+00:00,REAL_TIME_5_MIN,ANAHEIM_6_N001,Node,38.55805,39.87801,0.0,-1.31996,0.0
2025-10-26 20:00:00-07:00,2025-10-27 03:00:00+00:00,2025-10-26 20:05:00-07:00,2025-10-27 03:05:00+00:00,REAL_TIME_5_MIN,MKT_SUB_LNODEONC,Node,41.80139,39.87801,0.0012,1.92218,0.0
2025-10-26 20:00:00-07:00,2025-10-27 03:00:00+00:00,2025-10-26 20:05:00-07:00,2025-10-27 03:05:00+00:00,REAL_TIME_5_MIN,SCEW_2_PDRP89-APND,AP Node,38.69963,39.87801,0.0,-1.17838,0.0
2025-10-26 20:05:00-07:00,2025-10-27 03:05:00+00:00,2025-10-26 20:10:00-07:00,2025-10-27 03:10:00+00:00,REAL_TIME_5_MIN,ANAHEIM_6_N001,Node,37.9446,39.24356,0.0,-1.29896,0.0
2025-10-26 20:05:00-07:00,2025-10-27 03:05:00+00:00,2025-10-26 20:10:00-07:00,2025-10-27 03:10:00+00:00,REAL_TIME_5_MIN,MKT_SUB_LNODEONC,Node,41.1351,39.24356,0.0,1.89154,0.0
2025-10-26 20:05:00-07:00,2025-10-27 03:05:00+00:00,2025-10-26 20:10:00-07:00,2025-10-27 03:10:00+00:00,REAL_TIME_5_MIN,SCEW_2_PDRP89-APND,AP Node,38.08393,39.24356,0.0,-1.15964,0.0
2025-10-26 20:10:00-07:00,2025-10-27 03:10:00+00:00,2025-10-26 20:15:00-07:00,2025-10-27 03:15:00+00:00,REAL_TIME_5_MIN,ANAHEIM_6_N001,Node,37.85505,39.15094,0.0,-1.2959,0.0
2025-10-26 20:10:00-07:00,2025-10-27 03:10:00+00:00,2025-10-26 20:15:00-07:00,2025-10-27 03:15:00+00:00,REAL_TIME_5_MIN,MKT_SUB_LNODEONC,Node,41.03802,39.15094,0.0,1.88708,0.0
2025-10-26 20:10:00-07:00,2025-10-27 03:10:00+00:00,2025-10-26 20:15:00-07:00,2025-10-27 03:15:00+00:00,REAL_TIME_5_MIN,SCEW_2_PDRP89-APND,AP Node,37.99404,39.15094,0.0,-1.1569,0.0
2025-10-26 20:15:00-07:00,2025-10-27 03:15:00+00:00,2025-10-26 20:20:00-07:00,2025-10-27 03:20:00+00:00,REAL_TIME_5_MIN,ANAHEIM_6_N001,Node,37.09626,38.34635,0.0,-1.25009,0.0
2025-10-26 20:15:00-07:00,2025-10-27 03:15:00+00:00,2025-10-26 20:20:00-07:00,2025-10-27 03:20:00+00:00,REAL_TIME_5_MIN,MKT_SUB_LNODEONC,Node,40.256,38.34635,0.0,1.90965,0.0
2025-10-26 20:15:00-07:00,2025-10-27 03:15:00+00:00,2025-10-26 20:20:00-07:00,2025-10-27 03:20:00+00:00,REAL_TIME_5_MIN,SCEW_2_PDRP89-APND,AP Node,37.22857,38.34635,0.0,-1.11779,0.0
2025-10-26 20:20:00-07:00,2025-10-27 03:20:00+00:00,2025-10-26 20:25:00-07:00,2025-10-27 03:25:00+00:00,REAL_TIME_5_MIN,ANAHEIM_6_N001,Node,36.83994,38.0814,0.0,-1.24145,0.0
2025-10-26 20:20:00-07:00,2025-10-27 03:20:00+00:00,2025-10-26 20:25:00-07:00,2025-10-27 03:25:00+00:00,REAL_TIME_5_MIN,MKT_SUB_LNODEONC,Node,39.97785,38.0814,0.0,1.89645,0.0
2025-10-26 20:20:00-07:00,2025-10-27 03:20:00+00:00,2025-10-26 20:25:00-07:00,2025-10-27 03:25:00+00:00,REAL_TIME_5_MIN,SCEW_2_PDRP89-APND,AP Node,36.97133,38.0814,0.0,-1.11006,0.0
2025-10-26 20:25:00-07:00,2025-10-27 03:25:00+00:00,2025-10-26 20:30:00-07:00,2025-10-27 03:30:00+00:00,REAL_TIME_5_MIN,ANAHEIM_6_N001,Node,36.83994,38.0814,0.0,-1.24145,0.0
2025-10-26 20:25:00-07:00,2025-10-27 03:25:00+00:00,2025-10-26 20:30:00-07:00,2025-10-27 03:30:00+00:00,REAL_TIME_5_MIN,MKT_SUB_LNODEONC,Node,39.97785,38.0814,0.0,1.89645,0.0
2025-10-26 20:25:00-07:00,2025-10-27 03:25:00+00:00,2025-10-26 20:30:00-07:00,2025-10-27 03:30:00+00:00,REAL_TIME_5_MIN,SCEW_2_PDRP89-APND,AP Node,36.97133,38.0814,0.0,-1.11006,0.0
2025-10-26 20:30:00-07:00,2025-10-27 03:30:00+00:00,2025-10-26 20:35:00-07:00,2025-10-27 03:35:00+00:00,REAL_TIME_5_MIN,ANAHEIM_6_N001,Node,35.75861,36.92545,0.0,-1.16684,0.0
2025-10-26 20:30:00-07:00,2025-10-27 03:30:00+00:00,2025-10-26 20:35:00-07:00,2025-10-27 03:35:00+00:00,REAL_TIME_5_MIN,MKT_SUB_LNODEONC,Node,38.85296,36.92545,0.0,1.92751,0.0
2025-10-26 20:30:00-07:00,2025-10-27 03:30:00+00:00,2025-10-26 20:35:00-07:00,2025-10-27 03:35:00+00:00,REAL_TIME_5_MIN,SCEW_2_PDRP89-APND,AP Node,35.8885,36.92545,0.0,-1.03695,0.0
2025-10-26 20:35:00-07:00,2025-10-27 03:35:00+00:00,2025-10-26 20:40:00-07:00,2025-10-27 03:40:00+00:00,REAL_TIME_5_MIN,ANAHEIM_6_N001,Node,35.75861,36.92545,0.0,-1.16684,0.0
2025-10-26 20:35:00-07:00,2025-10-27 03:35:00+00:00,2025-10-26 20:40:00-07:00,2025-10-27 03:40:00+00:00,REAL_TIME_5_MIN,MKT_SUB_LNODEONC,Node,38.85296,36.92545,0.0,1.92751,0.0
2025-10-26 20:35:00-07:00,2025-10-27 03:35:00+00:00,2025-10-26 20:40:00-07:00,2025-10-27 03:40:00+00:00,REAL_TIME_5_MIN,SCEW_2_PDRP89-APND,AP Node,35.8885,36.92545,0.0,-1.03695,0.0
2025-10-26 20:40:00-07:00,2025-10-27 03:40:00+00:00,2025-10-26 20:45:00-07:00,2025-10-27 03:45:00+00:00,REAL_TIME_5_MIN,ANAHEIM_6_N001,Node,35.4386,36.595,0.0,-1.1564,0.0
2025-10-26 20:40:00-07:00,2025-10-27 03:40:00+00:00,2025-10-26 20:45:00-07:00,2025-10-27 03:45:00+00:00,REAL_TIME_5_MIN,MKT_SUB_LNODEONC,Node,38.504,36.595,-0.0012,1.9102,0.0
2025-10-26 20:40:00-07:00,2025-10-27 03:40:00+00:00,2025-10-26 20:45:00-07:00,2025-10-27 03:45:00+00:00,REAL_TIME_5_MIN,SCEW_2_PDRP89-APND,AP Node,35.56733,36.595,0.0,-1.02767,0.0
2025-10-26 20:45:00-07:00,2025-10-27 03:45:00+00:00,2025-10-26 20:50:00-07:00,2025-10-27 03:50:00+00:00,REAL_TIME_5_MIN,ANAHEIM_6_N001,Node,35.38682,36.49255,0.0,-1.10572,0.0
2025-10-26 20:45:00-07:00,2025-10-27 03:45:00+00:00,2025-10-26 20:50:00-07:00,2025-10-27 03:50:00+00:00,REAL_TIME_5_MIN,MKT_SUB_LNODEONC,Node,38.33177,36.49255,0.0,1.83922,0.0
2025-10-26 20:45:00-07:00,2025-10-27 03:45:00+00:00,2025-10-26 20:50:00-07:00,2025-10-27 03:50:00+00:00,REAL_TIME_5_MIN,SCEW_2_PDRP89-APND,AP Node,35.51638,36.49255,0.0,-0.97616,0.0
2025-10-26 20:50:00-07:00,2025-10-27 03:50:00+00:00,2025-10-26 20:55:00-07:00,2025-10-27 03:55:00+00:00,REAL_TIME_5_MIN,ANAHEIM_6_N001,Node,35.29318,36.39598,0.0,-1.1028,0.0
2025-10-26 20:50:00-07:00,2025-10-27 03:50:00+00:00,2025-10-26 20:55:00-07:00,2025-10-27 03:55:00+00:00,REAL_TIME_5_MIN,MKT_SUB_LNODEONC,Node,38.23034,36.39598,0.0,1.83436,0.0
2025-10-26 20:50:00-07:00,2025-10-27 03:50:00+00:00,2025-10-26 20:55:00-07:00,2025-10-27 03:55:00+00:00,REAL_TIME_5_MIN,SCEW_2_PDRP89-APND,AP Node,35.4224,36.39598,0.0,-0.97358,0.0
2025-10-26 20:55:00-07:00,2025-10-27 03:55:00+00:00,2025-10-26 21:00:00-07:00,2025-10-27 04:00:00+00:00,REAL_TIME_5_MIN,ANAHEIM_6_N001,Node,34.44238,35.51859,0.0,-1.07621,0.0
2025-10-26 20:55:00-07:00,2025-10-27 03:55:00+00:00,2025-10-26 21:00:00-07:00,2025-10-27 04:00:00+00:00,REAL_TIME_5_MIN,MKT_SUB_LNODEONC,Node,37.30873,35.51859,0.0,1.79014,0.0
2025-10-26 20:55:00-07:00,2025-10-27 03:55:00+00:00,2025-10-26 21:00:00-07:00,2025-10-27 04:00:00+00:00,REAL_TIME_5_MIN,SCEW_2_PDRP89-APND,AP Node,34.56848,35.51859,0.0,-0.95011,0.0
2025-10-26 21:00:00-07:00,2025-10-27 04:00:00+00:00,2025-10-26 21:05:00-07:00,2025-10-27 04:05:00+00:00,REAL_TIME_5_MIN,ANAHEIM_6_N001,Node,37.1611,38.42926,0.0,-1.26817,0.0
2025-10-26 21:00:00-07:00,2025-10-27 04:00:00+00:00,2025-10-26 21:05:00-07:00,2025-10-27 04:05:00+00:00,REAL_TIME_5_MIN,MKT_SUB_LNODEONC,Node,40.1509,38.42926,0.0,1.72163,0.0
2025-10-26 21:00:00-07:00,2025-10-27 04:00:00+00:00,2025-10-26 21:05:00-07:00,2025-10-27 04:05:00+00:00,REAL_TIME_5_MIN,SCEW_2_PDRP89-APND,AP Node,37.29869,38.42926,0.0,-1.13057,0.0
2025-10-26 21:05:00-07:00,2025-10-27 04:05:00+00:00,2025-10-26 21:10:00-07:00,2025-10-27 04:10:00+00:00,REAL_TIME_5_MIN,ANAHEIM_6_N001,Node,37.29361,38.5663,0.0,-1.27269,0.0
2025-10-26 21:05:00-07:00,2025-10-27 04:05:00+00:00,2025-10-26 21:10:00-07:00,2025-10-27 04:10:00+00:00,REAL_TIME_5_MIN,MKT_SUB_LNODEONC,Node,40.29407,38.5663,0.0,1.72777,0.0
2025-10-26 21:05:00-07:00,2025-10-27 04:05:00+00:00,2025-10-26 21:10:00-07:00,2025-10-27 04:10:00+00:00,REAL_TIME_5_MIN,SCEW_2_PDRP89-APND,AP Node,37.4317,38.5663,0.0,-1.1346,0.0
2025-10-26 21:10:00-07:00,2025-10-27 04:10:00+00:00,2025-10-26 21:15:00-07:00,2025-10-27 04:15:00+00:00,REAL_TIME_5_MIN,ANAHEIM_6_N001,Node,36.34626,37.58661,0.0,-1.24036,0.0
2025-10-26 21:10:00-07:00,2025-10-27 04:10:00+00:00,2025-10-26 21:15:00-07:00,2025-10-27 04:15:00+00:00,REAL_TIME_5_MIN,MKT_SUB_LNODEONC,Node,39.2705,37.58661,0.0,1.68388,0.0
2025-10-26 21:10:00-07:00,2025-10-27 04:10:00+00:00,2025-10-26 21:15:00-07:00,2025-10-27 04:15:00+00:00,REAL_TIME_5_MIN,SCEW_2_PDRP89-APND,AP Node,36.48083,37.58661,0.0,-1.10578,0.0
2025-10-26 21:15:00-07:00,2025-10-27 04:15:00+00:00,2025-10-26 21:20:00-07:00,2025-10-27 04:20:00+00:00,REAL_TIME_5_MIN,ANAHEIM_6_N001,Node,36.10737,37.23177,0.0,-1.1244,0.0
2025-10-26 21:15:00-07:00,2025-10-27 04:15:00+00:00,2025-10-26 21:20:00-07:00,2025-10-27 04:20:00+00:00,REAL_TIME_5_MIN,MKT_SUB_LNODEONC,Node,38.99283,37.23177,0.0,1.76106,0.0
2025-10-26 21:15:00-07:00,2025-10-27 04:15:00+00:00,2025-10-26 21:20:00-07:00,2025-10-27 04:20:00+00:00,REAL_TIME_5_MIN,SCEW_2_PDRP89-APND,AP Node,36.24319,37.23177,0.0,-0.98858,0.0
2025-10-26 21:20:00-07:00,2025-10-27 04:20:00+00:00,2025-10-26 21:25:00-07:00,2025-10-27 04:25:00+00:00,REAL_TIME_5_MIN,ANAHEIM_6_N001,Node,36.54825,37.68638,0.0,-1.13813,0.0
2025-10-26 21:20:00-07:00,2025-10-27 04:20:00+00:00,2025-10-26 21:25:00-07:00,2025-10-27 04:25:00+00:00,REAL_TIME_5_MIN,MKT_SUB_LNODEONC,Node,39.46894,37.68638,0.0,1.78257,0.0
2025-10-26 21:20:00-07:00,2025-10-27 04:20:00+00:00,2025-10-26 21:25:00-07:00,2025-10-27 04:25:00+00:00,REAL_TIME_5_MIN,SCEW_2_PDRP89-APND,AP Node,36.68573,37.68638,0.0,-1.00065,0.0
2025-10-26 21:25:00-07:00,2025-10-27 04:25:00+00:00,2025-10-26 21:30:00-07:00,2025-10-27 04:30:00+00:00,REAL_TIME_5_MIN,ANAHEIM_6_N001,Node,36.29879,37.42915,0.0,-1.13036,0.0
2025-10-26 21:25:00-07:00,2025-10-27 04:25:00+00:00,2025-10-26 21:30:00-07:00,2025-10-27 04:30:00+00:00,REAL_TIME_5_MIN,MKT_SUB_LNODEONC,Node,39.19955,37.42915,0.0,1.7704,0.0
2025-10-26 21:25:00-07:00,2025-10-27 04:25:00+00:00,2025-10-26 21:30:00-07:00,2025-10-27 04:30:00+00:00,REAL_TIME_5_MIN,SCEW_2_PDRP89-APND,AP Node,36.43533,37.42915,0.0,-0.99382,0.0
2025-10-26 21:30:00-07:00,2025-10-27 04:30:00+00:00,2025-10-26 21:35:00-07:00,2025-10-27 04:35:00+00:00,REAL_TIME_5_MIN,ANAHEIM_6_N001,Node,35.85104,36.84967,0.0,-0.99863,0.0
2025-10-26 21:30:00-07:00,2025-10-27 04:30:00+00:00,2025-10-26 21:35:00-07:00,2025-10-27 04:35:00+00:00,REAL_TIME_5_MIN,MKT_SUB_LNODEONC,Node,38.72163,36.84967,0.0,1.87196,0.0
2025-10-26 21:30:00-07:00,2025-10-27 04:30:00+00:00,2025-10-26 21:35:00-07:00,2025-10-27 04:35:00+00:00,REAL_TIME_5_MIN,SCEW_2_PDRP89-APND,AP Node,35.98316,36.84967,0.0,-0.86651,0.0
2025-10-26 21:35:00-07:00,2025-10-27 04:35:00+00:00,2025-10-26 21:40:00-07:00,2025-10-27 04:40:00+00:00,REAL_TIME_5_MIN,ANAHEIM_6_N001,Node,35.71586,36.71072,0.0,-0.99486,0.0
2025-10-26 21:35:00-07:00,2025-10-27 04:35:00+00:00,2025-10-26 21:40:00-07:00,2025-10-27 04:40:00+00:00,REAL_TIME_5_MIN,MKT_SUB_LNODEONC,Node,38.57562,36.71072,0.0,1.8649,0.0
2025-10-26 21:35:00-07:00,2025-10-27 04:35:00+00:00,2025-10-26 21:40:00-07:00,2025-10-27 04:40:00+00:00,REAL_TIME_5_MIN,SCEW_2_PDRP89-APND,AP Node,35.84748,36.71072,0.0,-0.86324,0.0
2025-10-26 21:40:00-07:00,2025-10-27 04:40:00+00:00,2025-10-26 21:45:00-07:00,2025-10-27 04:45:00+00:00,REAL_TIME_5_MIN,ANAHEIM_6_N001,Node,35.83043,36.82848,0.0,-0.99805,0.0
2025-10-26 21:40:00-07:00,2025-10-27 04:40:00+00:00,2025-10-26 21:45:00-07:00,2025-10-27 04:45:00+00:00,REAL_TIME_5_MIN,MKT_SUB_LNODEONC,Node,38.69937,36.82848,0.0,1.87089,0.0
2025-10-26 21:40:00-07:00,2025-10-27 04:40:00+00:00,2025-10-26 21:45:00-07:00,2025-10-27 04:45:00+00:00,REAL_TIME_5_MIN,SCEW_2_PDRP89-APND,AP Node,35.96247,36.82848,0.0,-0.86601,0.0
2025-10-26 21:45:00-07:00,2025-10-27 04:45:00+00:00,2025-10-26 21:50:00-07:00,2025-10-27 04:50:00+00:00,REAL_TIME_5_MIN,ANAHEIM_6_N001,Node,35.45511,36.40903,0.0,-0.95392,0.0
2025-10-26 21:45:00-07:00,2025-10-27 04:45:00+00:00,2025-10-26 21:50:00-07:00,2025-10-27 04:50:00+00:00,REAL_TIME_5_MIN,MKT_SUB_LNODEONC,Node,38.26099,36.40903,-0.0012,1.85316,0.0
2025-10-26 21:45:00-07:00,2025-10-27 04:45:00+00:00,2025-10-26 21:50:00-07:00,2025-10-27 04:50:00+00:00,REAL_TIME_5_MIN,SCEW_2_PDRP89-APND,AP Node,35.57973,36.40903,0.0,-0.8293,0.0
2025-10-26 21:50:00-07:00,2025-10-27 04:50:00+00:00,2025-10-26 21:55:00-07:00,2025-10-27 04:55:00+00:00,REAL_TIME_5_MIN,ANAHEIM_6_N001,Node,35.06221,36.00556,0.0,-0.94335,0.0
2025-10-26 21:50:00-07:00,2025-10-27 04:50:00+00:00,2025-10-26 21:55:00-07:00,2025-10-27 04:55:00+00:00,REAL_TIME_5_MIN,MKT_SUB_LNODEONC,Node,37.83698,36.00556,-0.0012,1.83262,0.0
2025-10-26 21:50:00-07:00,2025-10-27 04:50:00+00:00,2025-10-26 21:55:00-07:00,2025-10-27 04:55:00+00:00,REAL_TIME_5_MIN,SCEW_2_PDRP89-APND,AP Node,35.18545,36.00556,0.0,-0.82011,0.0
2025-10-26 21:55:00-07:00,2025-10-27 04:55:00+00:00,2025-10-26 22:00:00-07:00,2025-10-27 05:00:00+00:00,REAL_TIME_5_MIN,ANAHEIM_6_N001,Node,35.35581,36.30705,0.0,-0.95124,0.0
2025-10-26 21:55:00-07:00,2025-10-27 04:55:00+00:00,2025-10-26 22:00:00-07:00,2025-10-27 05:00:00+00:00,REAL_TIME_5_MIN,MKT_SUB_LNODEONC,Node,38.15382,36.30705,-0.0012,1.84797,0.0
2025-10-26 21:55:00-07:00,2025-10-27 04:55:00+00:00,2025-10-26 22:00:00-07:00,2025-10-27 05:00:00+00:00,REAL_TIME_5_MIN,SCEW_2_PDRP89-APND,AP Node,35.48007,36.30705,0.0,-0.82698,0.0
2025-10-26 22:00:00-07:00,2025-10-27 05:00:00+00:00,2025-10-26 22:05:00-07:00,2025-10-27 05:05:00+00:00,REAL_TIME_5_MIN,ANAHEIM_6_N001,Node,38.00646,38.86141,0.0,-0.85495,0.0
2025-10-26 22:00:00-07:00,2025-10-27 05:00:00+00:00,2025-10-26 22:05:00-07:00,2025-10-27 05:05:00+00:00,REAL_TIME_5_MIN,MKT_SUB_LNODEONC,Node,40.78894,38.86141,0.0,1.92753,0.0
2025-10-26 22:00:00-07:00,2025-10-27 05:00:00+00:00,2025-10-26 22:05:00-07:00,2025-10-27 05:05:00+00:00,REAL_TIME_5_MIN,SCEW_2_PDRP89-APND,AP Node,38.14065,38.86141,0.0,-0.72077,0.0
2025-10-26 22:05:00-07:00,2025-10-27 05:05:00+00:00,2025-10-26 22:10:00-07:00,2025-10-27 05:10:00+00:00,REAL_TIME_5_MIN,ANAHEIM_6_N001,Node,39.02516,39.90303,0.0,-0.87787,0.0
2025-10-26 22:05:00-07:00,2025-10-27 05:05:00+00:00,2025-10-26 22:10:00-07:00,2025-10-27 05:10:00+00:00,REAL_TIME_5_MIN,MKT_SUB_LNODEONC,Node,41.88222,39.90303,0.0,1.97919,0.0
2025-10-26 22:05:00-07:00,2025-10-27 05:05:00+00:00,2025-10-26 22:10:00-07:00,2025-10-27 05:10:00+00:00,REAL_TIME_5_MIN,SCEW_2_PDRP89-APND,AP Node,39.16294,39.90303,0.0,-0.74008,0.0
2025-10-26 22:10:00-07:00,2025-10-27 05:10:00+00:00,2025-10-26 22:15:00-07:00,2025-10-27 05:15:00+00:00,REAL_TIME_5_MIN,ANAHEIM_6_N001,Node,38.66842,39.53826,0.0,-0.86984,0.0
2025-10-26 22:10:00-07:00,2025-10-27 05:10:00+00:00,2025-10-26 22:15:00-07:00,2025-10-27 05:15:00+00:00,REAL_TIME_5_MIN,MKT_SUB_LNODEONC,Node,41.4981,39.53826,-0.0012,1.96104,0.0
2025-10-26 22:10:00-07:00,2025-10-27 05:10:00+00:00,2025-10-26 22:15:00-07:00,2025-10-27 05:15:00+00:00,REAL_TIME_5_MIN,SCEW_2_PDRP89-APND,AP Node,38.80494,39.53826,0.0,-0.73332,0.0
2025-10-26 22:15:00-07:00,2025-10-27 05:15:00+00:00,2025-10-26 22:20:00-07:00,2025-10-27 05:20:00+00:00,REAL_TIME_5_MIN,ANAHEIM_6_N001,Node,38.91374,39.69979,0.0,-0.78606,0.0
2025-10-26 22:15:00-07:00,2025-10-27 05:15:00+00:00,2025-10-26 22:20:00-07:00,2025-10-27 05:20:00+00:00,REAL_TIME_5_MIN,MKT_SUB_LNODEONC,Node,41.72051,39.69979,0.0,2.02072,0.0
2025-10-26 22:15:00-07:00,2025-10-27 05:15:00+00:00,2025-10-26 22:20:00-07:00,2025-10-27 05:20:00+00:00,REAL_TIME_5_MIN,SCEW_2_PDRP89-APND,AP Node,39.04704,39.69979,0.0,-0.65276,0.0
2025-10-26 22:20:00-07:00,2025-10-27 05:20:00+00:00,2025-10-26 22:25:00-07:00,2025-10-27 05:25:00+00:00,REAL_TIME_5_MIN,ANAHEIM_6_N001,Node,38.5009,39.27862,0.0,-0.77772,0.0
2025-10-26 22:20:00-07:00,2025-10-27 05:20:00+00:00,2025-10-26 22:25:00-07:00,2025-10-27 05:25:00+00:00,REAL_TIME_5_MIN,MKT_SUB_LNODEONC,Node,41.2779,39.27862,0.0,1.99928,0.0
2025-10-26 22:20:00-07:00,2025-10-27 05:20:00+00:00,2025-10-26 22:25:00-07:00,2025-10-27 05:25:00+00:00,REAL_TIME_5_MIN,SCEW_2_PDRP89-APND,AP Node,38.63278,39.27862,0.0,-0.64583,0.0
2025-10-26 22:25:00-07:00,2025-10-27 05:25:00+00:00,2025-10-26 22:30:00-07:00,2025-10-27 05:30:00+00:00,REAL_TIME_5_MIN,ANAHEIM_6_N001,Node,37.52649,38.28452,0.0,-0.75803,0.0
2025-10-26 22:25:00-07:00,2025-10-27 05:25:00+00:00,2025-10-26 22:30:00-07:00,2025-10-27 05:30:00+00:00,REAL_TIME_5_MIN,MKT_SUB_LNODEONC,Node,40.23194,38.28452,-0.0012,1.94862,0.0
2025-10-26 22:25:00-07:00,2025-10-27 05:25:00+00:00,2025-10-26 22:30:00-07:00,2025-10-27 05:30:00+00:00,REAL_TIME_5_MIN,SCEW_2_PDRP89-APND,AP Node,37.65503,38.28452,0.0,-0.62949,0.0
2025-10-26 22:30:00-07:00,2025-10-27 05:30:00+00:00,2025-10-26 22:35:00-07:00,2025-10-27 05:35:00+00:00,REAL_TIME_5_MIN,ANAHEIM_6_N001,Node,35.73078,36.36721,0.0,-0.63643,0.0
2025-10-26 22:30:00-07:00,2025-10-27 05:30:00+00:00,2025-10-26 22:35:00-07:00,2025-10-27 05:35:00+00:00,REAL_TIME_5_MIN,MKT_SUB_LNODEONC,Node,38.24977,36.36721,-0.0012,1.88376,0.0
2025-10-26 22:30:00-07:00,2025-10-27 05:30:00+00:00,2025-10-26 22:35:00-07:00,2025-10-27 05:35:00+00:00,REAL_TIME_5_MIN,SCEW_2_PDRP89-APND,AP Node,35.85171,36.36721,0.0,-0.5155,0.0
2025-10-26 22:35:00-07:00,2025-10-27 05:35:00+00:00,2025-10-26 22:40:00-07:00,2025-10-27 05:40:00+00:00,REAL_TIME_5_MIN,ANAHEIM_6_N001,Node,35.52493,36.15769,0.0,-0.63276,0.0
2025-10-26 22:35:00-07:00,2025-10-27 05:35:00+00:00,2025-10-26 22:40:00-07:00,2025-10-27 05:40:00+00:00,REAL_TIME_5_MIN,MKT_SUB_LNODEONC,Node,38.0294,36.15769,-0.0012,1.87291,0.0
2025-10-26 22:35:00-07:00,2025-10-27 05:35:00+00:00,2025-10-26 22:40:00-07:00,2025-10-27 05:40:00+00:00,REAL_TIME_5_MIN,SCEW_2_PDRP89-APND,AP Node,35.64516,36.15769,0.0,-0.51253,0.0
2025-10-26 22:40:00-07:00,2025-10-27 05:40:00+00:00,2025-10-26 22:45:00-07:00,2025-10-27 05:45:00+00:00,REAL_TIME_5_MIN,ANAHEIM_6_N001,Node,35.59477,36.22877,0.0,-0.634,0.0
2025-10-26 22:40:00-07:00,2025-10-27 05:40:00+00:00,2025-10-26 22:45:00-07:00,2025-10-27 05:45:00+00:00,REAL_TIME_5_MIN,MKT_SUB_LNODEONC,Node,38.10416,36.22877,-0.0012,1.87659,0.0
2025-10-26 22:40:00-07:00,2025-10-27 05:40:00+00:00,2025-10-26 22:45:00-07:00,2025-10-27 05:45:00+00:00,REAL_TIME_5_MIN,SCEW_2_PDRP89-APND,AP Node,35.71523,36.22877,0.0,-0.51354,0.0
2025-10-26 22:45:00-07:00,2025-10-27 05:45:00+00:00,2025-10-26 22:50:00-07:00,2025-10-27 05:50:00+00:00,REAL_TIME_5_MIN,ANAHEIM_6_N001,Node,35.30856,35.87904,0.0,-0.57048,0.0
2025-10-26 22:45:00-07:00,2025-10-27 05:45:00+00:00,2025-10-26 22:50:00-07:00,2025-10-27 05:50:00+00:00,REAL_TIME_5_MIN,MKT_SUB_LNODEONC,Node,37.67173,35.87904,-0.0012,1.79389,0.0
2025-10-26 22:45:00-07:00,2025-10-27 05:45:00+00:00,2025-10-26 22:50:00-07:00,2025-10-27 05:50:00+00:00,REAL_TIME_5_MIN,SCEW_2_PDRP89-APND,AP Node,35.42911,35.87904,0.0,-0.44992,0.0
2025-10-26 22:50:00-07:00,2025-10-27 05:50:00+00:00,2025-10-26 22:55:00-07:00,2025-10-27 05:55:00+00:00,REAL_TIME_5_MIN,ANAHEIM_6_N001,Node,35.65156,36.22758,0.0,-0.57602,0.0
2025-10-26 22:50:00-07:00,2025-10-27 05:50:00+00:00,2025-10-26 22:55:00-07:00,2025-10-27 05:55:00+00:00,REAL_TIME_5_MIN,MKT_SUB_LNODEONC,Node,38.03769,36.22758,-0.0012,1.81132,0.0
2025-10-26 22:50:00-07:00,2025-10-27 05:50:00+00:00,2025-10-26 22:55:00-07:00,2025-10-27 05:55:00+00:00,REAL_TIME_5_MIN,SCEW_2_PDRP89-APND,AP Node,35.77328,36.22758,0.0,-0.45429,0.0
2025-10-26 22:55:00-07:00,2025-10-27 05:55:00+00:00,2025-10-26 23:00:00-07:00,2025-10-27 06:00:00+00:00,REAL_TIME_5_MIN,ANAHEIM_6_N001,Node,36.16088,36.74513,0.0,-0.58425,0.0
2025-10-26 22:55:00-07:00,2025-10-27 05:55:00+00:00,2025-10-26 23:00:00-07:00,2025-10-27 06:00:00+00:00,REAL_TIME_5_MIN,MKT_SUB_LNODEONC,Node,38.58112,36.74513,-0.0012,1.8372,0.0
2025-10-26 22:55:00-07:00,2025-10-27 05:55:00+00:00,2025-10-26 23:00:00-07:00,2025-10-27 06:00:00+00:00,REAL_TIME_5_MIN,SCEW_2_PDRP89-APND,AP Node,36.28434,36.74513,0.0,-0.46078,0.0
2025-10-26 23:00:00-07:00,2025-10-27 06:00:00+00:00,2025-10-26 23:05:00-07:00,2025-10-27 06:05:00+00:00,REAL_TIME_5_MIN,ANAHEIM_6_N001,Node,39.84456,40.4185,0.0,-0.57394,0.0
2025-10-26 23:00:00-07:00,2025-10-27 06:00:00+00:00,2025-10-26 23:05:00-07:00,2025-10-27 06:05:00+00:00,REAL_TIME_5_MIN,MKT_SUB_LNODEONC,Node,42.39093,40.4185,0.0,1.97242,0.0
2025-10-26 23:00:00-07:00,2025-10-27 06:00:00+00:00,2025-10-26 23:05:00-07:00,2025-10-27 06:05:00+00:00,REAL_TIME_5_MIN,SCEW_2_PDRP89-APND,AP Node,39.98827,40.4185,0.0,-0.43023,0.0
2025-10-26 23:05:00-07:00,2025-10-27 06:05:00+00:00,2025-10-26 23:10:00-07:00,2025-10-27 06:10:00+00:00,REAL_TIME_5_MIN,ANAHEIM_6_N001,Node,39.84456,40.4185,0.0,-0.57394,0.0
2025-10-26 23:05:00-07:00,2025-10-27 06:05:00+00:00,2025-10-26 23:10:00-07:00,2025-10-27 06:10:00+00:00,REAL_TIME_5_MIN,MKT_SUB_LNODEONC,Node,42.39093,40.4185,0.0,1.97242,0.0
2025-10-26 23:05:00-07:00,2025-10-27 06:05:00+00:00,2025-10-26 23:10:00-07:00,2025-10-27 06:10:00+00:00,REAL_TIME_5_MIN,SCEW_2_PDRP89-APND,AP Node,39.98827,40.4185,0.0,-0.43023,0.0
2025-10-26 23:10:00-07:00,2025-10-27 06:10:00+00:00,2025-10-26 23:15:00-07:00,2025-10-27 06:15:00+00:00,REAL_TIME_5_MIN,ANAHEIM_6_N001,Node,39.05116,39.61367,0.0,-0.56251,0.0
2025-10-26 23:10:00-07:00,2025-10-27 06:10:00+00:00,2025-10-26 23:15:00-07:00,2025-10-27 06:15:00+00:00,REAL_TIME_5_MIN,MKT_SUB_LNODEONC,Node,41.54682,39.61367,0.0,1.93315,0.0
2025-10-26 23:10:00-07:00,2025-10-27 06:10:00+00:00,2025-10-26 23:15:00-07:00,2025-10-27 06:15:00+00:00,REAL_TIME_5_MIN,SCEW_2_PDRP89-APND,AP Node,39.19201,39.61367,0.0,-0.42166,0.0
2025-10-26 23:15:00-07:00,2025-10-27 06:15:00+00:00,2025-10-26 23:20:00-07:00,2025-10-27 06:20:00+00:00,REAL_TIME_5_MIN,ANAHEIM_6_N001,Node,38.97711,39.51451,0.0,-0.5374,0.0
2025-10-26 23:15:00-07:00,2025-10-27 06:15:00+00:00,2025-10-26 23:20:00-07:00,2025-10-27 06:20:00+00:00,REAL_TIME_5_MIN,MKT_SUB_LNODEONC,Node,41.39935,39.51451,0.0,1.88484,0.0
2025-10-26 23:15:00-07:00,2025-10-27 06:15:00+00:00,2025-10-26 23:20:00-07:00,2025-10-27 06:20:00+00:00,REAL_TIME_5_MIN,SCEW_2_PDRP89-APND,AP Node,39.11633,39.51451,0.0,-0.39818,0.0
2025-10-26 23:20:00-07:00,2025-10-27 06:20:00+00:00,2025-10-26 23:25:00-07:00,2025-10-27 06:25:00+00:00,REAL_TIME_5_MIN,ANAHEIM_6_N001,Node,39.88079,40.43065,0.0,-0.54986,0.0
2025-10-26 23:20:00-07:00,2025-10-27 06:20:00+00:00,2025-10-26 23:25:00-07:00,2025-10-27 06:25:00+00:00,REAL_TIME_5_MIN,MKT_SUB_LNODEONC,Node,42.35919,40.43065,0.0,1.92854,0.0
2025-10-26 23:20:00-07:00,2025-10-27 06:20:00+00:00,2025-10-26 23:25:00-07:00,2025-10-27 06:25:00+00:00,REAL_TIME_5_MIN,SCEW_2_PDRP89-APND,AP Node,40.02323,40.43065,0.0,-0.40741,0.0
2025-10-26 23:25:00-07:00,2025-10-27 06:25:00+00:00,2025-10-26 23:30:00-07:00,2025-10-27 06:30:00+00:00,REAL_TIME_5_MIN,ANAHEIM_6_N001,Node,39.88079,40.43065,0.0,-0.54986,0.0
2025-10-26 23:25:00-07:00,2025-10-27 06:25:00+00:00,2025-10-26 23:30:00-07:00,2025-10-27 06:30:00+00:00,REAL_TIME_5_MIN,MKT_SUB_LNODEONC,Node,42.35919,40.43065,0.0,1.92854,0.0
2025-10-26 23:25:00-07:00,2025-10-27 06:25:00+00:00,2025-10-26 23:30:00-07:00,2025-10-27 06:30:00+00:00,REAL_TIME_5_MIN,SCEW_2_PDRP89-APND,AP Node,40.02323,40.43065,0.0,-0.40741,0.0
2025-10-26 23:30:00-07:00,2025-10-27 06:30:00+00:00,2025-10-26 23:35:00-07:00,2025-10-27 06:35:00+00:00,REAL_TIME_5_MIN,ANAHEIM_6_N001,Node,39.37631,39.90303,0.0,-0.52672,0.0
2025-10-26 23:30:00-07:00,2025-10-27 06:30:00+00:00,2025-10-26 23:35:00-07:00,2025-10-27 06:35:00+00:00,REAL_TIME_5_MIN,MKT_SUB_LNODEONC,Node,41.82636,39.90303,0.0,1.92333,0.0
2025-10-26 23:30:00-07:00,2025-10-27 06:30:00+00:00,2025-10-26 23:35:00-07:00,2025-10-27 06:35:00+00:00,REAL_TIME_5_MIN,SCEW_2_PDRP89-APND,AP Node,39.513,39.90303,0.0,-0.39003,0.0
2025-10-26 23:35:00-07:00,2025-10-27 06:35:00+00:00,2025-10-26 23:40:00-07:00,2025-10-27 06:40:00+00:00,REAL_TIME_5_MIN,ANAHEIM_6_N001,Node,38.68222,39.19965,0.0,-0.51744,0.0
2025-10-26 23:35:00-07:00,2025-10-27 06:35:00+00:00,2025-10-26 23:40:00-07:00,2025-10-27 06:40:00+00:00,REAL_TIME_5_MIN,MKT_SUB_LNODEONC,Node,41.08907,39.19965,0.0,1.88942,0.0
2025-10-26 23:35:00-07:00,2025-10-27 06:35:00+00:00,2025-10-26 23:40:00-07:00,2025-10-27 06:40:00+00:00,REAL_TIME_5_MIN,SCEW_2_PDRP89-APND,AP Node,38.81649,39.19965,0.0,-0.38316,0.0
2025-10-26 23:40:00-07:00,2025-10-27 06:40:00+00:00,2025-10-26 23:45:00-07:00,2025-10-27 06:45:00+00:00,REAL_TIME_5_MIN,ANAHEIM_6_N001,Node,38.57138,39.08733,0.0,-0.51595,0.0
2025-10-26 23:40:00-07:00,2025-10-27 06:40:00+00:00,2025-10-26 23:45:00-07:00,2025-10-27 06:45:00+00:00,REAL_TIME_5_MIN,MKT_SUB_LNODEONC,Node,40.97134,39.08733,0.0,1.88401,0.0
2025-10-26 23:40:00-07:00,2025-10-27 06:40:00+00:00,2025-10-26 23:45:00-07:00,2025-10-27 06:45:00+00:00,REAL_TIME_5_MIN,SCEW_2_PDRP89-APND,AP Node,38.70527,39.08733,0.0,-0.38206,0.0
2025-10-26 23:45:00-07:00,2025-10-27 06:45:00+00:00,2025-10-26 23:50:00-07:00,2025-10-27 06:50:00+00:00,REAL_TIME_5_MIN,ANAHEIM_6_N001,Node,38.45471,38.93359,0.0,-0.47888,0.0
2025-10-26 23:45:00-07:00,2025-10-27 06:45:00+00:00,2025-10-26 23:50:00-07:00,2025-10-27 06:50:00+00:00,REAL_TIME_5_MIN,MKT_SUB_LNODEONC,Node,40.84787,38.93359,-0.0012,1.91547,0.0
2025-10-26 23:45:00-07:00,2025-10-27 06:45:00+00:00,2025-10-26 23:50:00-07:00,2025-10-27 06:50:00+00:00,REAL_TIME_5_MIN,SCEW_2_PDRP89-APND,AP Node,38.58817,38.93359,0.0,-0.34542,0.0
2025-10-26 23:50:00-07:00,2025-10-27 06:50:00+00:00,2025-10-26 23:55:00-07:00,2025-10-27 06:55:00+00:00,REAL_TIME_5_MIN,ANAHEIM_6_N001,Node,39.27035,39.7594,0.0,-0.48904,0.0
2025-10-26 23:50:00-07:00,2025-10-27 06:50:00+00:00,2025-10-26 23:55:00-07:00,2025-10-27 06:55:00+00:00,REAL_TIME_5_MIN,MKT_SUB_LNODEONC,Node,41.71556,39.7594,0.0,1.95616,0.0
2025-10-26 23:50:00-07:00,2025-10-27 06:50:00+00:00,2025-10-26 23:55:00-07:00,2025-10-27 06:55:00+00:00,REAL_TIME_5_MIN,SCEW_2_PDRP89-APND,AP Node,39.40665,39.7594,0.0,-0.35275,0.0
2025-10-26 23:55:00-07:00,2025-10-27 06:55:00+00:00,2025-10-27 00:00:00-07:00,2025-10-27 07:00:00+00:00,REAL_TIME_5_MIN,ANAHEIM_6_N001,Node,39.26846,39.75748,0.0,-0.48902,0.0
2025-10-26 23:55:00-07:00,2025-10-27 06:55:00+00:00,2025-10-27 00:00:00-07:00,2025-10-27 07:00:00+00:00,REAL_TIME_5_MIN,MKT_SUB_LNODEONC,Node,41.71355,39.75748,0.0,1.95607,0.0
2025-10-26 23:55:00-07:00,2025-10-27 06:55:00+00:00,2025-10-27 00:00:00-07:00,2025-10-27 07:00:00+00:00,REAL_TIME_5_MIN,SCEW_2_PDRP89-APND,AP Node,39.40475,39.75748,0.0,-0.35273,0.0
2025-10-26 00:00:00-07:00,2025-10-26 07:00:00+00:00,2025-10-26 00:05:00-07:00,2025-10-26 07:05:00+00:00,REAL_TIME_5_MIN,URBAN_6_N001,Node,33.68009,33.42605,0.0,0.25404,0.0
2025-10-26 00:05:00-07:00,2025-10-26 07:05:00+00:00,2025-10-26 00:10:00-07:00,2025-10-26 07:10:00+00:00,REAL_TIME_5_MIN,URBAN_6_N001,Node,34.17659,33.9188,0.0,0.25778,0.0
2025-10-26 00:10:00-07:00,2025-10-26 07:10:00+00:00,2025-10-26 00:15:00-07:00,2025-10-26 07:15:00+00:00,REAL_TIME_5_MIN,URBAN_6_N001,Node,33.71017,33.4559,0.0,0.25426,0.0
2025-10-26 00:15:00-07:00,2025-10-26 07:15:00+00:00,2025-10-26 00:20:00-07:00,2025-10-26 07:20:00+00:00,REAL_TIME_5_MIN,URBAN_6_N001,Node,33.69343,33.36975,0.0,0.32369,0.0
2025-10-26 00:20:00-07:00,2025-10-26 07:20:00+00:00,2025-10-26 00:25:00-07:00,2025-10-26 07:25:00+00:00,REAL_TIME_5_MIN,URBAN_6_N001,Node,34.25183,33.92278,0.0,0.32905,0.0
2025-10-26 00:25:00-07:00,2025-10-26 07:25:00+00:00,2025-10-26 00:30:00-07:00,2025-10-26 07:30:00+00:00,REAL_TIME_5_MIN,URBAN_6_N001,Node,35.29946,34.96034,0.0,0.33912,0.0
2025-10-26 00:30:00-07:00,2025-10-26 07:30:00+00:00,2025-10-26 00:35:00-07:00,2025-10-26 07:35:00+00:00,REAL_TIME_5_MIN,URBAN_6_N001,Node,35.23261,34.89759,0.0,0.33502,0.0
2025-10-26 00:35:00-07:00,2025-10-26 07:35:00+00:00,2025-10-26 00:40:00-07:00,2025-10-26 07:40:00+00:00,REAL_TIME_5_MIN,URBAN_6_N001,Node,35.23261,34.89759,0.0,0.33502,0.0
2025-10-26 00:40:00-07:00,2025-10-26 07:40:00+00:00,2025-10-26 00:45:00-07:00,2025-10-26 07:45:00+00:00,REAL_TIME_5_MIN,URBAN_6_N001,Node,34.30039,33.97424,0.0,0.32615,0.0
2025-10-26 00:45:00-07:00,2025-10-26 07:45:00+00:00,2025-10-26 00:50:00-07:00,2025-10-26 07:50:00+00:00,REAL_TIME_5_MIN,URBAN_6_N001,Node,34.23488,34.00366,0.0,0.23122,0.0
2025-10-26 00:50:00-07:00,2025-10-26 07:50:00+00:00,2025-10-26 00:55:00-07:00,2025-10-26 07:55:00+00:00,REAL_TIME_5_MIN,URBAN_6_N001,Node,34.23488,34.00366,0.0,0.23122,0.0
2025-10-26 00:55:00-07:00,2025-10-26 07:55:00+00:00,2025-10-26 01:00:00-07:00,2025-10-26 08:00:00+00:00,REAL_TIME_5_MIN,URBAN_6_N001,Node,34.51158,34.27848,0.0,0.23309,0.0
2025-10-26 01:00:00-07:00,2025-10-26 08:00:00+00:00,2025-10-26 01:05:00-07:00,2025-10-26 08:05:00+00:00,REAL_TIME_5_MIN,URBAN_6_N001,Node,35.07675,34.91961,0.0,0.15714,0.0
2025-10-26 01:05:00-07:00,2025-10-26 08:05:00+00:00,2025-10-26 01:10:00-07:00,2025-10-26 08:10:00+00:00,REAL_TIME_5_MIN,URBAN_6_N001,Node,35.05507,34.89803,0.0,0.15704,0.0
2025-10-26 01:10:00-07:00,2025-10-26 08:10:00+00:00,2025-10-26 01:15:00-07:00,2025-10-26 08:15:00+00:00,REAL_TIME_5_MIN,URBAN_6_N001,Node,34.75831,34.6026,0.0,0.15571,0.0
2025-10-26 01:15:00-07:00,2025-10-26 08:15:00+00:00,2025-10-26 01:20:00-07:00,2025-10-26 08:20:00+00:00,REAL_TIME_5_MIN,URBAN_6_N001,Node,34.26873,34.139,0.0,0.12973,0.0
2025-10-26 01:20:00-07:00,2025-10-26 08:20:00+00:00,2025-10-26 01:25:00-07:00,2025-10-26 08:25:00+00:00,REAL_TIME_5_MIN,URBAN_6_N001,Node,34.81751,34.6857,0.0,0.13181,0.0
2025-10-26 01:25:00-07:00,2025-10-26 08:25:00+00:00,2025-10-26 01:30:00-07:00,2025-10-26 08:30:00+00:00,REAL_TIME_5_MIN,URBAN_6_N001,Node,35.00128,34.86877,0.0,0.1325,0.0
2025-10-26 01:30:00-07:00,2025-10-26 08:30:00+00:00,2025-10-26 01:35:00-07:00,2025-10-26 08:35:00+00:00,REAL_TIME_5_MIN,URBAN_6_N001,Node,34.91799,34.81355,0.0,0.10444,0.0
2025-10-26 01:35:00-07:00,2025-10-26 08:35:00+00:00,2025-10-26 01:40:00-07:00,2025-10-26 08:40:00+00:00,REAL_TIME_5_MIN,URBAN_6_N001,Node,34.45305,34.35,0.0,0.10305,0.0
2025-10-26 01:40:00-07:00,2025-10-26 08:40:00+00:00,2025-10-26 01:45:00-07:00,2025-10-26 08:45:00+00:00,REAL_TIME_5_MIN,URBAN_6_N001,Node,34.0075,33.90579,0.0,0.10172,0.0
2025-10-26 01:45:00-07:00,2025-10-26 08:45:00+00:00,2025-10-26 01:50:00-07:00,2025-10-26 08:50:00+00:00,REAL_TIME_5_MIN,URBAN_6_N001,Node,33.90739,33.94813,0.0,-0.04074,0.0
2025-10-26 01:50:00-07:00,2025-10-26 08:50:00+00:00,2025-10-26 01:55:00-07:00,2025-10-26 08:55:00+00:00,REAL_TIME_5_MIN,URBAN_6_N001,Node,33.03346,33.07315,0.0,-0.03969,0.0
2025-10-26 01:55:00-07:00,2025-10-26 08:55:00+00:00,2025-10-26 02:00:00-07:00,2025-10-26 09:00:00+00:00,REAL_TIME_5_MIN,URBAN_6_N001,Node,32.49167,32.5307,0.0,-0.03904,0.0
2025-10-26 02:00:00-07:00,2025-10-26 09:00:00+00:00,2025-10-26 02:05:00-07:00,2025-10-26 09:05:00+00:00,REAL_TIME_5_MIN,URBAN_6_N001,Node,34.62819,34.54873,0.0,0.07946,0.0
2025-10-26 02:05:00-07:00,2025-10-26 09:05:00+00:00,2025-10-26 02:10:00-07:00,2025-10-26 09:10:00+00:00,REAL_TIME_5_MIN,URBAN_6_N001,Node,34.03305,33.95496,0.0,0.0781,0.0
2025-10-26 02:10:00-07:00,2025-10-26 09:10:00+00:00,2025-10-26 02:15:00-07:00,2025-10-26 09:15:00+00:00,REAL_TIME_5_MIN,URBAN_6_N001,Node,33.42908,33.35237,0.0,0.07671,0.0
2025-10-26 02:15:00-07:00,2025-10-26 09:15:00+00:00,2025-10-26 02:20:00-07:00,2025-10-26 09:20:00+00:00,REAL_TIME_5_MIN,URBAN_6_N001,Node,33.05,32.9972,0.0,0.0528,0.0
2025-10-26 02:20:00-07:00,2025-10-26 09:20:00+00:00,2025-10-26 02:25:00-07:00,2025-10-26 09:25:00+00:00,REAL_TIME_5_MIN,URBAN_6_N001,Node,33.14869,33.09574,0.0,0.05295,0.0
2025-10-26 02:25:00-07:00,2025-10-26 09:25:00+00:00,2025-10-26 02:30:00-07:00,2025-10-26 09:30:00+00:00,REAL_TIME_5_MIN,URBAN_6_N001,Node,33.11458,33.06169,0.0,0.0529,0.0
2025-10-26 02:30:00-07:00,2025-10-26 09:30:00+00:00,2025-10-26 02:35:00-07:00,2025-10-26 09:35:00+00:00,REAL_TIME_5_MIN,URBAN_6_N001,Node,33.10628,33.10296,0.0,0.00331,0.0
2025-10-26 02:35:00-07:00,2025-10-26 09:35:00+00:00,2025-10-26 02:40:00-07:00,2025-10-26 09:40:00+00:00,REAL_TIME_5_MIN,URBAN_6_N001,Node,33.10628,33.10296,0.0,0.00331,0.0
2025-10-26 02:40:00-07:00,2025-10-26 09:40:00+00:00,2025-10-26 02:45:00-07:00,2025-10-26 09:45:00+00:00,REAL_TIME_5_MIN,URBAN_6_N001,Node,33.10628,33.10296,0.0,0.00331,0.0
2025-10-26 02:45:00-07:00,2025-10-26 09:45:00+00:00,2025-10-26 02:50:00-07:00,2025-10-26 09:50:00+00:00,REAL_TIME_5_MIN,URBAN_6_N001,Node,33.01359,33.09633,0.0,-0.08274,0.0
2025-10-26 02:50:00-07:00,2025-10-26 09:50:00+00:00,2025-10-26 02:55:00-07:00,2025-10-26 09:55:00+00:00,REAL_TIME_5_MIN,URBAN_6_N001,Node,33.51391,33.59791,0.0,-0.08399,0.0
2025-10-26 02:55:00-07:00,2025-10-26 09:55:00+00:00,2025-10-26 03:00:00-07:00,2025-10-26 10:00:00+00:00,REAL_TIME_5_MIN,URBAN_6_N001,Node,33.88951,33.97445,0.0,-0.08494,0.0
2025-10-26 03:00:00-07:00,2025-10-26 10:00:00+00:00,2025-10-26 03:05:00-07:00,2025-10-26 10:05:00+00:00,REAL_TIME_5_MIN,URBAN_6_N001,Node,34.00409,34.29215,0.0,-0.28805,0.0
2025-10-26 03:05:00-07:00,2025-10-26 10:05:00+00:00,2025-10-26 03:10:00-07:00,2025-10-26 10:10:00+00:00,REAL_TIME_5_MIN,URBAN_6_N001,Node,33.95597,34.24362,0.0,-0.28765,0.0
2025-10-26 03:10:00-07:00,2025-10-26 10:10:00+00:00,2025-10-26 03:15:00-07:00,2025-10-26 10:15:00+00:00,REAL_TIME_5_MIN,URBAN_6_N001,Node,34.00409,34.29215,0.0,-0.28805,0.0
2025-10-26 03:15:00-07:00,2025-10-26 10:15:00+00:00,2025-10-26 03:20:00-07:00,2025-10-26 10:20:00+00:00,REAL_TIME_5_MIN,URBAN_6_N001,Node,34.5794,34.94987,0.0,-0.37047,0.0
2025-10-26 03:20:00-07:00,2025-10-26 10:20:00+00:00,2025-10-26 03:25:00-07:00,2025-10-26 10:25:00+00:00,REAL_TIME_5_MIN,URBAN_6_N001,Node,34.69615,35.06787,0.0,-0.37172,0.0
2025-10-26 03:25:00-07:00,2025-10-26 10:25:00+00:00,2025-10-26 03:30:00-07:00,2025-10-26 10:30:00+00:00,REAL_TIME_5_MIN,URBAN_6_N001,Node,34.7011,35.07287,0.0,-0.37177,0.0
2025-10-26 03:30:00-07:00,2025-10-26 10:30:00+00:00,2025-10-26 03:35:00-07:00,2025-10-26 10:35:00+00:00,REAL_TIME_5_MIN,URBAN_6_N001,Node,33.70787,34.14493,0.0,-0.43706,0.0
2025-10-26 03:35:00-07:00,2025-10-26 10:35:00+00:00,2025-10-26 03:40:00-07:00,2025-10-26 10:40:00+00:00,REAL_TIME_5_MIN,URBAN_6_N001,Node,33.70804,34.1451,0.0,-0.43706,0.0
2025-10-26 03:40:00-07:00,2025-10-26 10:40:00+00:00,2025-10-26 03:45:00-07:00,2025-10-26 10:45:00+00:00,REAL_TIME_5_MIN,URBAN_6_N001,Node,33.70787,34.14493,0.0,-0.43706,0.0
2025-10-26 03:45:00-07:00,2025-10-26 10:45:00+00:00,2025-10-26 03:50:00-07:00,2025-10-26 10:50:00+00:00,REAL_TIME_5_MIN,URBAN_6_N001,Node,34.03221,34.50143,0.0,-0.46922,0.0
2025-10-26 03:50:00-07:00,2025-10-26 10:50:00+00:00,2025-10-26 03:55:00-07:00,2025-10-26 10:55:00+00:00,REAL_TIME_5_MIN,URBAN_6_N001,Node,34.08389,34.55383,0.0,-0.46993,0.0
2025-10-26 03:55:00-07:00,2025-10-26 10:55:00+00:00,2025-10-26 04:00:00-07:00,2025-10-26 11:00:00+00:00,REAL_TIME_5_MIN,URBAN_6_N001,Node,34.08034,34.55023,0.0,-0.46988,0.0
2025-10-26 04:00:00-07:00,2025-10-26 11:00:00+00:00,2025-10-26 04:05:00-07:00,2025-10-26 11:05:00+00:00,REAL_TIME_5_MIN,URBAN_6_N001,Node,35.17939,35.64275,0.0,-0.46336,0.0
2025-10-26 04:05:00-07:00,2025-10-26 11:05:00+00:00,2025-10-26 04:10:00-07:00,2025-10-26 11:10:00+00:00,REAL_TIME_5_MIN,URBAN_6_N001,Node,35.17939,35.64275,0.0,-0.46336,0.0
2025-10-26 04:10:00-07:00,2025-10-26 11:10:00+00:00,2025-10-26 04:15:00-07:00,2025-10-26 11:15:00+00:00,REAL_TIME_5_MIN,URBAN_6_N001,Node,35.41013,35.87652,0.0,-0.46639,0.0
2025-10-26 04:15:00-07:00,2025-10-26 11:15:00+00:00,2025-10-26 04:20:00-07:00,2025-10-26 11:20:00+00:00,REAL_TIME_5_MIN,URBAN_6_N001,Node,36.5542,37.14857,0.0,-0.59438,0.0
2025-10-26 04:20:00-07:00,2025-10-26 11:20:00+00:00,2025-10-26 04:25:00-07:00,2025-10-26 11:25:00+00:00,REAL_TIME_5_MIN,URBAN_6_N001,Node,36.65745,37.25351,0.0,-0.59606,0.0
2025-10-26 04:25:00-07:00,2025-10-26 11:25:00+00:00,2025-10-26 04:30:00-07:00,2025-10-26 11:30:00+00:00,REAL_TIME_5_MIN,URBAN_6_N001,Node,36.65745,37.25351,0.0,-0.59606,0.0
2025-10-26 04:30:00-07:00,2025-10-26 11:30:00+00:00,2025-10-26 04:35:00-07:00,2025-10-26 11:35:00+00:00,REAL_TIME_5_MIN,URBAN_6_N001,Node,35.3047,35.3047,0.0,0.0,0.0
2025-10-26 04:35:00-07:00,2025-10-26 11:35:00+00:00,2025-10-26 04:40:00-07:00,2025-10-26 11:40:00+00:00,REAL_TIME_5_MIN,URBAN_6_N001,Node,35.3047,35.3047,0.0,0.0,0.0
2025-10-26 04:40:00-07:00,2025-10-26 11:40:00+00:00,2025-10-26 04:45:00-07:00,2025-10-26 11:45:00+00:00,REAL_TIME_5_MIN,URBAN_6_N001,Node,36.18324,36.18324,0.0,0.0,0.0
2025-10-26 04:45:00-07:00,2025-10-26 11:45:00+00:00,2025-10-26 04:50:00-07:00,2025-10-26 11:50:00+00:00,REAL_TIME_5_MIN,URBAN_6_N001,Node,37.49475,38.06187,0.0,-0.56712,0.0
2025-10-26 04:50:00-07:00,2025-10-26 11:50:00+00:00,2025-10-26 04:55:00-07:00,2025-10-26 11:55:00+00:00,REAL_TIME_5_MIN,URBAN_6_N001,Node,38.75283,39.33898,0.0,-0.58615,0.0
2025-10-26 04:55:00-07:00,2025-10-26 11:55:00+00:00,2025-10-26 05:00:00-07:00,2025-10-26 12:00:00+00:00,REAL_TIME_5_MIN,URBAN_6_N001,Node,38.42617,39.00738,0.0,-0.58121,0.0
2025-10-26 05:00:00-07:00,2025-10-26 12:00:00+00:00,2025-10-26 05:05:00-07:00,2025-10-26 12:05:00+00:00,REAL_TIME_5_MIN,URBAN_6_N001,Node,34.23363,34.9394,0.0,-0.70578,0.0
2025-10-26 05:05:00-07:00,2025-10-26 12:05:00+00:00,2025-10-26 05:10:00-07:00,2025-10-26 12:10:00+00:00,REAL_TIME_5_MIN,URBAN_6_N001,Node,34.25757,34.96383,0.0,-0.70627,0.0
2025-10-26 05:10:00-07:00,2025-10-26 12:10:00+00:00,2025-10-26 05:15:00-07:00,2025-10-26 12:15:00+00:00,REAL_TIME_5_MIN,URBAN_6_N001,Node,34.23363,34.9394,0.0,-0.70578,0.0
2025-10-26 05:15:00-07:00,2025-10-26 12:15:00+00:00,2025-10-26 05:20:00-07:00,2025-10-26 12:20:00+00:00,REAL_TIME_5_MIN,URBAN_6_N001,Node,34.01672,34.68616,0.0,-0.66944,0.0
2025-10-26 05:20:00-07:00,2025-10-26 12:20:00+00:00,2025-10-26 05:25:00-07:00,2025-10-26 12:25:00+00:00,REAL_TIME_5_MIN,URBAN_6_N001,Node,35.01064,35.69965,0.0,-0.689,0.0
2025-10-26 05:25:00-07:00,2025-10-26 12:25:00+00:00,2025-10-26 05:30:00-07:00,2025-10-26 12:30:00+00:00,REAL_TIME_5_MIN,URBAN_6_N001,Node,34.90488,35.5918,0.0,-0.68692,0.0
2025-10-26 05:30:00-07:00,2025-10-26 12:30:00+00:00,2025-10-26 05:35:00-07:00,2025-10-26 12:35:00+00:00,REAL_TIME_5_MIN,URBAN_6_N001,Node,34.67744,35.44663,0.0,-0.76919,0.0
2025-10-26 05:35:00-07:00,2025-10-26 12:35:00+00:00,2025-10-26 05:40:00-07:00,2025-10-26 12:40:00+00:00,REAL_TIME_5_MIN,URBAN_6_N001,Node,34.91547,35.68994,0.0,-0.77447,0.0
2025-10-26 05:40:00-07:00,2025-10-26 12:40:00+00:00,2025-10-26 05:45:00-07:00,2025-10-26 12:45:00+00:00,REAL_TIME_5_MIN,URBAN_6_N001,Node,34.87351,35.64705,0.0,-0.77354,0.0
2025-10-26 05:45:00-07:00,2025-10-26 12:45:00+00:00,2025-10-26 05:50:00-07:00,2025-10-26 12:50:00+00:00,REAL_TIME_5_MIN,URBAN_6_N001,Node,34.98292,35.70779,0.0,-0.72487,0.0
2025-10-26 05:50:00-07:00,2025-10-26 12:50:00+00:00,2025-10-26 05:55:00-07:00,2025-10-26 12:55:00+00:00,REAL_TIME_5_MIN,URBAN_6_N001,Node,34.98292,35.70779,0.0,-0.72487,0.0
2025-10-26 05:55:00-07:00,2025-10-26 12:55:00+00:00,2025-10-26 06:00:00-07:00,2025-10-26 13:00:00+00:00,REAL_TIME_5_MIN,URBAN_6_N001,Node,36.89573,37.66023,0.0,-0.7645,0.0
2025-10-26 06:00:00-07:00,2025-10-26 13:00:00+00:00,2025-10-26 06:05:00-07:00,2025-10-26 13:05:00+00:00,REAL_TIME_5_MIN,URBAN_6_N001,Node,28.06046,28.71516,0.0,-0.65471,0.0
2025-10-26 06:05:00-07:00,2025-10-26 13:05:00+00:00,2025-10-26 06:10:00-07:00,2025-10-26 13:10:00+00:00,REAL_TIME_5_MIN,URBAN_6_N001,Node,29.88454,30.58181,0.0,-0.69727,0.0
2025-10-26 06:10:00-07:00,2025-10-26 13:10:00+00:00,2025-10-26 06:15:00-07:00,2025-10-26 13:15:00+00:00,REAL_TIME_5_MIN,URBAN_6_N001,Node,30.19997,30.90459,0.0,-0.70462,0.0
2025-10-26 06:15:00-07:00,2025-10-26 13:15:00+00:00,2025-10-26 06:20:00-07:00,2025-10-26 13:20:00+00:00,REAL_TIME_5_MIN,URBAN_6_N001,Node,29.98351,30.53,0.0,-0.54649,0.0
2025-10-26 06:20:00-07:00,2025-10-26 13:20:00+00:00,2025-10-26 06:25:00-07:00,2025-10-26 13:25:00+00:00,REAL_TIME_5_MIN,URBAN_6_N001,Node,30.55193,31.10878,0.0,-0.55685,0.0
2025-10-26 06:25:00-07:00,2025-10-26 13:25:00+00:00,2025-10-26 06:30:00-07:00,2025-10-26 13:30:00+00:00,REAL_TIME_5_MIN,URBAN_6_N001,Node,30.69992,31.25946,0.0,-0.55954,0.0
2025-10-26 06:30:00-07:00,2025-10-26 13:30:00+00:00,2025-10-26 06:35:00-07:00,2025-10-26 13:35:00+00:00,REAL_TIME_5_MIN,URBAN_6_N001,Node,30.79896,31.4564,0.0,-0.65744,0.0
2025-10-26 06:35:00-07:00,2025-10-26 13:35:00+00:00,2025-10-26 06:40:00-07:00,2025-10-26 13:40:00+00:00,REAL_TIME_5_MIN,URBAN_6_N001,Node,31.38426,32.05419,0.0,-0.66993,0.0
2025-10-26 06:40:00-07:00,2025-10-26 13:40:00+00:00,2025-10-26 06:45:00-07:00,2025-10-26 13:45:00+00:00,REAL_TIME_5_MIN,URBAN_6_N001,Node,32.95806,33.66158,0.0,-0.70353,0.0
2025-10-26 06:45:00-07:00,2025-10-26 13:45:00+00:00,2025-10-26 06:50:00-07:00,2025-10-26 13:50:00+00:00,REAL_TIME_5_MIN,URBAN_6_N001,Node,33.42464,34.26411,0.0,-0.83947,0.0
2025-10-26 06:50:00-07:00,2025-10-26 13:50:00+00:00,2025-10-26 06:55:00-07:00,2025-10-26 13:55:00+00:00,REAL_TIME_5_MIN,URBAN_6_N001,Node,33.6333,34.47801,0.0,-0.84471,0.0
2025-10-26 06:55:00-07:00,2025-10-26 13:55:00+00:00,2025-10-26 07:00:00-07:00,2025-10-26 14:00:00+00:00,REAL_TIME_5_MIN,URBAN_6_N001,Node,33.862,34.71245,0.0,-0.85046,0.0
2025-10-26 07:00:00-07:00,2025-10-26 14:00:00+00:00,2025-10-26 07:05:00-07:00,2025-10-26 14:05:00+00:00,REAL_TIME_5_MIN,URBAN_6_N001,Node,39.16503,40.28495,0.0,-1.11992,0.0
2025-10-26 07:05:00-07:00,2025-10-26 14:05:00+00:00,2025-10-26 07:10:00-07:00,2025-10-26 14:10:00+00:00,REAL_TIME_5_MIN,URBAN_6_N001,Node,39.51029,40.64008,0.0,-1.12979,0.0
2025-10-26 07:10:00-07:00,2025-10-26 14:10:00+00:00,2025-10-26 07:15:00-07:00,2025-10-26 14:15:00+00:00,REAL_TIME_5_MIN,URBAN_6_N001,Node,39.2939,40.41751,0.0,-1.12361,0.0
2025-10-26 07:15:00-07:00,2025-10-26 14:15:00+00:00,2025-10-26 07:20:00-07:00,2025-10-26 14:20:00+00:00,REAL_TIME_5_MIN,URBAN_6_N001,Node,41.11728,42.79038,0.0,-1.6731,0.0
2025-10-26 07:20:00-07:00,2025-10-26 14:20:00+00:00,2025-10-26 07:25:00-07:00,2025-10-26 14:25:00+00:00,REAL_TIME_5_MIN,URBAN_6_N001,Node,41.11728,42.79038,0.0,-1.6731,0.0
2025-10-26 07:25:00-07:00,2025-10-26 14:25:00+00:00,2025-10-26 07:30:00-07:00,2025-10-26 14:30:00+00:00,REAL_TIME_5_MIN,URBAN_6_N001,Node,37.46128,38.98562,0.0,-1.52434,0.0
2025-10-26 07:30:00-07:00,2025-10-26 14:30:00+00:00,2025-10-26 07:35:00-07:00,2025-10-26 14:35:00+00:00,REAL_TIME_5_MIN,URBAN_6_N001,Node,33.51151,37.32633,-1.91865,-1.89618,0.0
2025-10-26 07:35:00-07:00,2025-10-26 14:35:00+00:00,2025-10-26 07:40:00-07:00,2025-10-26 14:40:00+00:00,REAL_TIME_5_MIN,URBAN_6_N001,Node,33.49569,37.6909,-2.28051,-1.9147,0.0
2025-10-26 07:40:00-07:00,2025-10-26 14:40:00+00:00,2025-10-26 07:45:00-07:00,2025-10-26 14:45:00+00:00,REAL_TIME_5_MIN,URBAN_6_N001,Node,27.35879,34.59244,-5.47635,-1.7573,0.0
2025-10-26 07:45:00-07:00,2025-10-26 14:45:00+00:00,2025-10-26 07:50:00-07:00,2025-10-26 14:50:00+00:00,REAL_TIME_5_MIN,URBAN_6_N001,Node,25.42716,34.9983,-7.70923,-1.86191,0.0
2025-10-26 07:50:00-07:00,2025-10-26 14:50:00+00:00,2025-10-26 07:55:00-07:00,2025-10-26 14:55:00+00:00,REAL_TIME_5_MIN,URBAN_6_N001,Node,21.26325,32.34524,-9.36123,-1.72077,0.0
2025-10-26 07:55:00-07:00,2025-10-26 14:55:00+00:00,2025-10-26 08:00:00-07:00,2025-10-26 15:00:00+00:00,REAL_TIME_5_MIN,URBAN_6_N001,Node,19.86274,30.8452,-9.34149,-1.64096,0.0
2025-10-26 08:00:00-07:00,2025-10-26 15:00:00+00:00,2025-10-26 08:05:00-07:00,2025-10-26 15:05:00+00:00,REAL_TIME_5_MIN,URBAN_6_N001,Node,32.7407,37.91679,-3.1703,-2.0058,0.0
2025-10-26 08:05:00-07:00,2025-10-26 15:05:00+00:00,2025-10-26 08:10:00-07:00,2025-10-26 15:10:00+00:00,REAL_TIME_5_MIN,URBAN_6_N001,Node,29.66046,37.21931,-5.58995,-1.9689,0.0
2025-10-26 08:10:00-07:00,2025-10-26 15:10:00+00:00,2025-10-26 08:15:00-07:00,2025-10-26 15:15:00+00:00,REAL_TIME_5_MIN,URBAN_6_N001,Node,19.61119,32.73645,-11.39351,-1.73176,0.0
2025-10-26 08:15:00-07:00,2025-10-26 15:15:00+00:00,2025-10-26 08:20:00-07:00,2025-10-26 15:20:00+00:00,REAL_TIME_5_MIN,URBAN_6_N001,Node,13.95792,31.3931,-15.9032,-1.53198,0.0
2025-10-26 08:20:00-07:00,2025-10-26 15:20:00+00:00,2025-10-26 08:25:00-07:00,2025-10-26 15:25:00+00:00,REAL_TIME_5_MIN,URBAN_6_N001,Node,13.45825,30.49331,-15.54699,-1.48807,0.0
2025-10-26 08:25:00-07:00,2025-10-26 15:25:00+00:00,2025-10-26 08:30:00-07:00,2025-10-26 15:30:00+00:00,REAL_TIME_5_MIN,URBAN_6_N001,Node,6.55851,26.99413,-19.1183,-1.31731,0.0
2025-10-26 08:30:00-07:00,2025-10-26 15:30:00+00:00,2025-10-26 08:35:00-07:00,2025-10-26 15:35:00+00:00,REAL_TIME_5_MIN,URBAN_6_N001,Node,0.29905,23.82059,-22.5044,-1.01714,0.0
2025-10-26 08:35:00-07:00,2025-10-26 15:35:00+00:00,2025-10-26 08:40:00-07:00,2025-10-26 15:40:00+00:00,REAL_TIME_5_MIN,URBAN_6_N001,Node,-2.14462,21.2764,-22.51252,-0.9085,0.0
2025-10-26 08:40:00-07:00,2025-10-26 15:40:00+00:00,2025-10-26 08:45:00-07:00,2025-10-26 15:45:00+00:00,REAL_TIME_5_MIN,URBAN_6_N001,Node,-3.40817,17.39793,-20.06321,-0.74289,0.0
2025-10-26 08:45:00-07:00,2025-10-26 15:45:00+00:00,2025-10-26 08:50:00-07:00,2025-10-26 15:50:00+00:00,REAL_TIME_5_MIN,URBAN_6_N001,Node,-5.40513,15.09134,-19.8415,-0.65496,0.0
2025-10-26 08:50:00-07:00,2025-10-26 15:50:00+00:00,2025-10-26 08:55:00-07:00,2025-10-26 15:55:00+00:00,REAL_TIME_5_MIN,URBAN_6_N001,Node,-6.81157,8.20625,-14.66167,-0.35615,0.0
2025-10-26 08:55:00-07:00,2025-10-26 15:55:00+00:00,2025-10-26 09:00:00-07:00,2025-10-26 16:00:00+00:00,REAL_TIME_5_MIN,URBAN_6_N001,Node,-8.21342,10.40876,-18.17044,-0.45174,0.0
2025-10-26 09:00:00-07:00,2025-10-26 16:00:00+00:00,2025-10-26 09:05:00-07:00,2025-10-26 16:05:00+00:00,REAL_TIME_5_MIN,URBAN_6_N001,Node,-2.04867,16.60721,-17.79563,-0.86025,0.0
2025-10-26 09:05:00-07:00,2025-10-26 16:05:00+00:00,2025-10-26 09:10:00-07:00,2025-10-26 16:10:00+00:00,REAL_TIME_5_MIN,URBAN_6_N001,Node,-3.28703,15.31534,-17.80904,-0.79333,0.0
2025-10-26 09:10:00-07:00,2025-10-26 16:10:00+00:00,2025-10-26 09:15:00-07:00,2025-10-26 16:15:00+00:00,REAL_TIME_5_MIN,URBAN_6_N001,Node,-2.86955,15.29935,-17.37639,-0.79251,0.0
2025-10-26 09:15:00-07:00,2025-10-26 16:15:00+00:00,2025-10-26 09:20:00-07:00,2025-10-26 16:20:00+00:00,REAL_TIME_5_MIN,URBAN_6_N001,Node,-5.70878,13.53719,-18.55693,-0.68904,0.0
2025-10-26 09:20:00-07:00,2025-10-26 16:20:00+00:00,2025-10-26 09:25:00-07:00,2025-10-26 16:25:00+00:00,REAL_TIME_5_MIN,URBAN_6_N001,Node,-5.70817,13.63806,-18.65205,-0.69418,0.0
2025-10-26 09:25:00-07:00,2025-10-26 16:25:00+00:00,2025-10-26 09:30:00-07:00,2025-10-26 16:30:00+00:00,REAL_TIME_5_MIN,URBAN_6_N001,Node,-6.14629,11.82245,-17.36698,-0.60176,0.0
2025-10-26 09:30:00-07:00,2025-10-26 16:30:00+00:00,2025-10-26 09:35:00-07:00,2025-10-26 16:35:00+00:00,REAL_TIME_5_MIN,URBAN_6_N001,Node,-8.39254,13.12103,-20.84703,-0.66655,0.0
2025-10-26 09:35:00-07:00,2025-10-26 16:35:00+00:00,2025-10-26 09:40:00-07:00,2025-10-26 16:40:00+00:00,REAL_TIME_5_MIN,URBAN_6_N001,Node,-8.68089,12.18505,-20.24695,-0.619,0.0
2025-10-26 09:40:00-07:00,2025-10-26 16:40:00+00:00,2025-10-26 09:45:00-07:00,2025-10-26 16:45:00+00:00,REAL_TIME_5_MIN,URBAN_6_N001,Node,-9.68772,11.684,-20.77817,-0.59355,0.0
2025-10-26 09:45:00-07:00,2025-10-26 16:45:00+00:00,2025-10-26 09:50:00-07:00,2025-10-26 16:50:00+00:00,REAL_TIME_5_MIN,URBAN_6_N001,Node,-9.7543,11.19749,-20.47142,-0.48037,0.0
2025-10-26 09:50:00-07:00,2025-10-26 16:50:00+00:00,2025-10-26 09:55:00-07:00,2025-10-26 16:55:00+00:00,REAL_TIME_5_MIN,URBAN_6_N001,Node,-10.11319,11.02288,-20.66319,-0.47288,0.0
2025-10-26 09:55:00-07:00,2025-10-26 16:55:00+00:00,2025-10-26 10:00:00-07:00,2025-10-26 17:00:00+00:00,REAL_TIME_5_MIN,URBAN_6_N001,Node,-10.65924,11.60314,-21.76461,-0.49777,0.0
2025-10-26 10:00:00-07:00,2025-10-26 17:00:00+00:00,2025-10-26 10:05:00-07:00,2025-10-26 17:05:00+00:00,REAL_TIME_5_MIN,URBAN_6_N001,Node,-7.69356,12.84055,-19.89851,-0.63561,0.0
2025-10-26 10:05:00-07:00,2025-10-26 17:05:00+00:00,2025-10-26 10:10:00-07:00,2025-10-26 17:10:00+00:00,REAL_TIME_5_MIN,URBAN_6_N001,Node,-5.94848,9.08557,-14.58431,-0.44974,0.0
2025-10-26 10:10:00-07:00,2025-10-26 17:10:00+00:00,2025-10-26 10:15:00-07:00,2025-10-26 17:15:00+00:00,REAL_TIME_5_MIN,URBAN_6_N001,Node,-6.25825,6.96074,-12.87443,-0.34456,0.0
2025-10-26 10:15:00-07:00,2025-10-26 17:15:00+00:00,2025-10-26 10:20:00-07:00,2025-10-26 17:20:00+00:00,REAL_TIME_5_MIN,URBAN_6_N001,Node,-6.90779,12.27924,-18.68235,-0.50468,0.0
2025-10-26 10:20:00-07:00,2025-10-26 17:20:00+00:00,2025-10-26 10:25:00-07:00,2025-10-26 17:25:00+00:00,REAL_TIME_5_MIN,URBAN_6_N001,Node,-8.42999,5.81193,-14.00305,-0.23887,0.0
2025-10-26 10:25:00-07:00,2025-10-26 17:25:00+00:00,2025-10-26 10:30:00-07:00,2025-10-26 17:30:00+00:00,REAL_TIME_5_MIN,URBAN_6_N001,Node,-8.93076,1.65283,-10.51566,-0.06793,0.0
2025-10-26 10:30:00-07:00,2025-10-26 17:30:00+00:00,2025-10-26 10:35:00-07:00,2025-10-26 17:35:00+00:00,REAL_TIME_5_MIN,URBAN_6_N001,Node,-10.87923,6.6229,-17.19616,-0.30598,0.0
2025-10-26 10:35:00-07:00,2025-10-26 17:35:00+00:00,2025-10-26 10:40:00-07:00,2025-10-26 17:40:00+00:00,REAL_TIME_5_MIN,URBAN_6_N001,Node,-12.15263,2.88867,-14.90784,-0.13346,0.0
2025-10-26 10:40:00-07:00,2025-10-26 17:40:00+00:00,2025-10-26 10:45:00-07:00,2025-10-26 17:45:00+00:00,REAL_TIME_5_MIN,URBAN_6_N001,Node,-12.24744,-0.44245,-11.82544,0.02044,0.0
2025-10-26 10:45:00-07:00,2025-10-26 17:45:00+00:00,2025-10-26 10:50:00-07:00,2025-10-26 17:50:00+00:00,REAL_TIME_5_MIN,URBAN_6_N001,Node,-12.19631,2.04274,-14.1361,-0.10295,0.0
2025-10-26 10:50:00-07:00,2025-10-26 17:50:00+00:00,2025-10-26 10:55:00-07:00,2025-10-26 17:55:00+00:00,REAL_TIME_5_MIN,URBAN_6_N001,Node,-12.20861,1.85432,-13.96947,-0.09346,0.0
2025-10-26 10:55:00-07:00,2025-10-26 17:55:00+00:00,2025-10-26 11:00:00-07:00,2025-10-26 18:00:00+00:00,REAL_TIME_5_MIN,URBAN_6_N001,Node,-12.20571,2.00025,-14.10515,-0.10081,0.0
2025-10-26 11:00:00-07:00,2025-10-26 18:00:00+00:00,2025-10-26 11:05:00-07:00,2025-10-26 18:05:00+00:00,REAL_TIME_5_MIN,URBAN_6_N001,Node,-11.06092,4.06626,-14.91168,-0.21551,0.0
2025-10-26 11:05:00-07:00,2025-10-26 18:05:00+00:00,2025-10-26 11:10:00-07:00,2025-10-26 18:10:00+00:00,REAL_TIME_5_MIN,URBAN_6_N001,Node,-10.50505,0.6957,-11.16388,-0.03687,0.0
2025-10-26 11:10:00-07:00,2025-10-26 18:10:00+00:00,2025-10-26 11:15:00-07:00,2025-10-26 18:15:00+00:00,REAL_TIME_5_MIN,URBAN_6_N001,Node,-11.63957,2.16786,-13.69254,-0.1149,0.0
2025-10-26 11:15:00-07:00,2025-10-26 18:15:00+00:00,2025-10-26 11:20:00-07:00,2025-10-26 18:20:00+00:00,REAL_TIME_5_MIN,URBAN_6_N001,Node,-12.14794,3.5271,-15.48916,-0.18588,0.0
2025-10-26 11:20:00-07:00,2025-10-26 18:20:00+00:00,2025-10-26 11:25:00-07:00,2025-10-26 18:25:00+00:00,REAL_TIME_5_MIN,URBAN_6_N001,Node,-12.14059,3.53088,-15.48539,-0.18608,0.0
2025-10-26 11:25:00-07:00,2025-10-26 18:25:00+00:00,2025-10-26 11:30:00-07:00,2025-10-26 18:30:00+00:00,REAL_TIME_5_MIN,URBAN_6_N001,Node,-12.41204,-0.29138,-12.13601,0.01536,0.0
2025-10-26 11:30:00-07:00,2025-10-26 18:30:00+00:00,2025-10-26 11:35:00-07:00,2025-10-26 18:35:00+00:00,REAL_TIME_5_MIN,URBAN_6_N001,Node,-12.18428,3.28057,-15.28344,-0.18142,0.0
2025-10-26 11:35:00-07:00,2025-10-26 18:35:00+00:00,2025-10-26 11:40:00-07:00,2025-10-26 18:40:00+00:00,REAL_TIME_5_MIN,URBAN_6_N001,Node,-12.27068,-0.30033,-11.98696,0.01661,0.0
2025-10-26 11:40:00-07:00,2025-10-26 18:40:00+00:00,2025-10-26 11:45:00-07:00,2025-10-26 18:45:00+00:00,REAL_TIME_5_MIN,URBAN_6_N001,Node,-12.40135,-1.09558,-11.36635,0.06059,0.0
2025-10-26 11:45:00-07:00,2025-10-26 18:45:00+00:00,2025-10-26 11:50:00-07:00,2025-10-26 18:50:00+00:00,REAL_TIME_5_MIN,URBAN_6_N001,Node,-12.44216,-5.47124,-7.27566,0.30475,0.0
2025-10-26 11:50:00-07:00,2025-10-26 18:50:00+00:00,2025-10-26 11:55:00-07:00,2025-10-26 18:55:00+00:00,REAL_TIME_5_MIN,URBAN_6_N001,Node,-12.45004,-3.60086,-9.04975,0.20057,0.0
2025-10-26 11:55:00-07:00,2025-10-26 18:55:00+00:00,2025-10-26 12:00:00-07:00,2025-10-26 19:00:00+00:00,REAL_TIME_5_MIN,URBAN_6_N001,Node,-12.51957,-3.39665,-9.31212,0.18919,0.0
2025-10-26 12:00:00-07:00,2025-10-26 19:00:00+00:00,2025-10-26 12:05:00-07:00,2025-10-26 19:05:00+00:00,REAL_TIME_5_MIN,URBAN_6_N001,Node,-12.13302,-0.04369,-12.09173,0.0024,0.0
2025-10-26 12:05:00-07:00,2025-10-26 19:05:00+00:00,2025-10-26 12:10:00-07:00,2025-10-26 19:10:00+00:00,REAL_TIME_5_MIN,URBAN_6_N001,Node,-11.94667,2.89835,-14.6859,-0.15912,0.0
2025-10-26 12:10:00-07:00,2025-10-26 19:10:00+00:00,2025-10-26 12:15:00-07:00,2025-10-26 19:15:00+00:00,REAL_TIME_5_MIN,URBAN_6_N001,Node,-12.3339,3.95449,-16.07129,-0.2171,0.0
2025-10-26 12:15:00-07:00,2025-10-26 19:15:00+00:00,2025-10-26 12:20:00-07:00,2025-10-26 19:20:00+00:00,REAL_TIME_5_MIN,URBAN_6_N001,Node,-12.09434,4.09828,-16.00288,-0.18975,0.0
2025-10-26 12:20:00-07:00,2025-10-26 19:20:00+00:00,2025-10-26 12:25:00-07:00,2025-10-26 19:25:00+00:00,REAL_TIME_5_MIN,URBAN_6_N001,Node,-12.32035,4.78156,-16.88052,-0.22139,0.0
2025-10-26 12:25:00-07:00,2025-10-26 19:25:00+00:00,2025-10-26 12:30:00-07:00,2025-10-26 19:30:00+00:00,REAL_TIME_5_MIN,URBAN_6_N001,Node,-12.32687,4.23897,-16.36958,-0.19626,0.0
2025-10-26 12:30:00-07:00,2025-10-26 19:30:00+00:00,2025-10-26 12:35:00-07:00,2025-10-26 19:35:00+00:00,REAL_TIME_5_MIN,URBAN_6_N001,Node,-12.10658,4.91921,-16.81427,-0.21153,0.0
2025-10-26 12:35:00-07:00,2025-10-26 19:35:00+00:00,2025-10-26 12:40:00-07:00,2025-10-26 19:40:00+00:00,REAL_TIME_5_MIN,URBAN_6_N001,Node,-10.51712,5.20018,-15.4937,-0.22361,0.0
2025-10-26 12:40:00-07:00,2025-10-26 19:40:00+00:00,2025-10-26 12:45:00-07:00,2025-10-26 19:45:00+00:00,REAL_TIME_5_MIN,URBAN_6_N001,Node,-10.37865,7.4015,-17.46189,-0.31826,0.0
2025-10-26 12:45:00-07:00,2025-10-26 19:45:00+00:00,2025-10-26 12:50:00-07:00,2025-10-26 19:50:00+00:00,REAL_TIME_5_MIN,URBAN_6_N001,Node,-10.97511,4.57762,-15.34628,-0.20645,0.0
2025-10-26 12:50:00-07:00,2025-10-26 19:50:00+00:00,2025-10-26 12:55:00-07:00,2025-10-26 19:55:00+00:00,REAL_TIME_5_MIN,URBAN_6_N001,Node,-12.29041,3.99958,-16.10961,-0.18038,0.0
2025-10-26 12:55:00-07:00,2025-10-26 19:55:00+00:00,2025-10-26 13:00:00-07:00,2025-10-26 20:00:00+00:00,REAL_TIME_5_MIN,URBAN_6_N001,Node,-12.31629,4.72548,-16.82865,-0.21312,0.0
2025-10-26 13:00:00-07:00,2025-10-26 20:00:00+00:00,2025-10-26 13:05:00-07:00,2025-10-26 20:05:00+00:00,REAL_TIME_5_MIN,URBAN_6_N001,Node,-12.29956,3.5356,-15.67429,-0.16087,0.0
2025-10-26 13:05:00-07:00,2025-10-26 20:05:00+00:00,2025-10-26 13:10:00-07:00,2025-10-26 20:10:00+00:00,REAL_TIME_5_MIN,URBAN_6_N001,Node,-12.19934,3.77493,-15.80251,-0.17176,0.0
2025-10-26 13:10:00-07:00,2025-10-26 20:10:00+00:00,2025-10-26 13:15:00-07:00,2025-10-26 20:15:00+00:00,REAL_TIME_5_MIN,URBAN_6_N001,Node,-12.04603,4.36522,-16.21263,-0.19862,0.0
2025-10-26 13:15:00-07:00,2025-10-26 20:15:00+00:00,2025-10-26 13:20:00-07:00,2025-10-26 20:20:00+00:00,REAL_TIME_5_MIN,URBAN_6_N001,Node,-11.14327,4.00486,-14.98673,-0.1614,0.0
2025-10-26 13:20:00-07:00,2025-10-26 20:20:00+00:00,2025-10-26 13:25:00-07:00,2025-10-26 20:25:00+00:00,REAL_TIME_5_MIN,URBAN_6_N001,Node,-11.88798,1.80496,-13.62019,-0.07274,0.0
2025-10-26 13:25:00-07:00,2025-10-26 20:25:00+00:00,2025-10-26 13:30:00-07:00,2025-10-26 20:30:00+00:00,REAL_TIME_5_MIN,URBAN_6_N001,Node,-10.77746,1.73847,-12.44587,-0.07006,0.0
2025-10-26 13:30:00-07:00,2025-10-26 20:30:00+00:00,2025-10-26 13:35:00-07:00,2025-10-26 20:35:00+00:00,REAL_TIME_5_MIN,URBAN_6_N001,Node,-12.1906,10.10203,-21.94714,-0.34549,0.0
2025-10-26 13:35:00-07:00,2025-10-26 20:35:00+00:00,2025-10-26 13:40:00-07:00,2025-10-26 20:40:00+00:00,REAL_TIME_5_MIN,URBAN_6_N001,Node,-12.16391,11.44265,-23.21521,-0.39134,0.0
2025-10-26 13:40:00-07:00,2025-10-26 20:40:00+00:00,2025-10-26 13:45:00-07:00,2025-10-26 20:45:00+00:00,REAL_TIME_5_MIN,URBAN_6_N001,Node,-11.41313,11.26674,-22.29455,-0.38532,0.0
2025-10-26 13:45:00-07:00,2025-10-26 20:45:00+00:00,2025-10-26 13:50:00-07:00,2025-10-26 20:50:00+00:00,REAL_TIME_5_MIN,URBAN_6_N001,Node,-9.85191,10.00117,-19.52803,-0.32504,0.0
2025-10-26 13:50:00-07:00,2025-10-26 20:50:00+00:00,2025-10-26 13:55:00-07:00,2025-10-26 20:55:00+00:00,REAL_TIME_5_MIN,URBAN_6_N001,Node,-11.91058,8.97954,-20.59829,-0.29183,0.0
2025-10-26 13:55:00-07:00,2025-10-26 20:55:00+00:00,2025-10-26 14:00:00-07:00,2025-10-26 21:00:00+00:00,REAL_TIME_5_MIN,URBAN_6_N001,Node,-12.15808,9.95925,-21.79365,-0.32368,0.0
2025-10-26 14:00:00-07:00,2025-10-26 21:00:00+00:00,2025-10-26 14:05:00-07:00,2025-10-26 21:05:00+00:00,REAL_TIME_5_MIN,URBAN_6_N001,Node,-12.17208,6.33518,-18.31024,-0.19702,0.0
2025-10-26 14:05:00-07:00,2025-10-26 21:05:00+00:00,2025-10-26 14:10:00-07:00,2025-10-26 21:10:00+00:00,REAL_TIME_5_MIN,URBAN_6_N001,Node,-12.17815,6.35356,-18.33411,-0.1976,0.0
2025-10-26 14:10:00-07:00,2025-10-26 21:10:00+00:00,2025-10-26 14:15:00-07:00,2025-10-26 21:15:00+00:00,REAL_TIME_5_MIN,URBAN_6_N001,Node,-12.19496,6.25779,-18.25813,-0.19462,0.0
2025-10-26 14:15:00-07:00,2025-10-26 21:15:00+00:00,2025-10-26 14:20:00-07:00,2025-10-26 21:20:00+00:00,REAL_TIME_5_MIN,URBAN_6_N001,Node,-12.32499,4.44739,-16.62383,-0.14854,0.0
2025-10-26 14:20:00-07:00,2025-10-26 21:20:00+00:00,2025-10-26 14:25:00-07:00,2025-10-26 21:25:00+00:00,REAL_TIME_5_MIN,URBAN_6_N001,Node,-12.36526,3.61428,-15.85882,-0.12072,0.0
2025-10-26 14:25:00-07:00,2025-10-26 21:25:00+00:00,2025-10-26 14:30:00-07:00,2025-10-26 21:30:00+00:00,REAL_TIME_5_MIN,URBAN_6_N001,Node,-12.3325,4.99873,-17.16428,-0.16696,0.0
2025-10-26 14:30:00-07:00,2025-10-26 21:30:00+00:00,2025-10-26 14:35:00-07:00,2025-10-26 21:35:00+00:00,REAL_TIME_5_MIN,URBAN_6_N001,Node,-12.40597,7.42163,-19.60272,-0.22488,0.0
2025-10-26 14:35:00-07:00,2025-10-26 21:35:00+00:00,2025-10-26 14:40:00-07:00,2025-10-26 21:40:00+00:00,REAL_TIME_5_MIN,URBAN_6_N001,Node,-12.40797,7.58438,-19.76254,-0.22981,0.0
2025-10-26 14:40:00-07:00,2025-10-26 21:40:00+00:00,2025-10-26 14:45:00-07:00,2025-10-26 21:45:00+00:00,REAL_TIME_5_MIN,URBAN_6_N001,Node,-12.35271,11.77633,-23.77222,-0.35682,0.0
2025-10-26 14:45:00-07:00,2025-10-26 21:45:00+00:00,2025-10-26 14:50:00-07:00,2025-10-26 21:50:00+00:00,REAL_TIME_5_MIN,URBAN_6_N001,Node,-12.34546,9.97229,-22.04751,-0.27025,0.0
2025-10-26 14:50:00-07:00,2025-10-26 21:50:00+00:00,2025-10-26 14:55:00-07:00,2025-10-26 21:55:00+00:00,REAL_TIME_5_MIN,URBAN_6_N001,Node,-12.38186,8.18954,-20.34947,-0.22194,0.0
2025-10-26 14:55:00-07:00,2025-10-26 21:55:00+00:00,2025-10-26 15:00:00-07:00,2025-10-26 22:00:00+00:00,REAL_TIME_5_MIN,URBAN_6_N001,Node,-13.26257,8.33956,-21.37612,-0.226,0.0
2025-10-26 15:00:00-07:00,2025-10-26 22:00:00+00:00,2025-10-26 15:05:00-07:00,2025-10-26 22:05:00+00:00,REAL_TIME_5_MIN,URBAN_6_N001,Node,-14.59432,3.25573,-17.78038,-0.06967,0.0
2025-10-26 15:05:00-07:00,2025-10-26 22:05:00+00:00,2025-10-26 15:10:00-07:00,2025-10-26 22:10:00+00:00,REAL_TIME_5_MIN,URBAN_6_N001,Node,-13.58398,2.78692,-16.31127,-0.05964,0.0
2025-10-26 15:10:00-07:00,2025-10-26 22:10:00+00:00,2025-10-26 15:15:00-07:00,2025-10-26 22:15:00+00:00,REAL_TIME_5_MIN,URBAN_6_N001,Node,-14.56708,2.43199,-16.94703,-0.05204,0.0
2025-10-26 15:15:00-07:00,2025-10-26 22:15:00+00:00,2025-10-26 15:20:00-07:00,2025-10-26 22:20:00+00:00,REAL_TIME_5_MIN,URBAN_6_N001,Node,-13.57064,2.32142,-15.84448,-0.04759,0.0
2025-10-26 15:20:00-07:00,2025-10-26 22:20:00+00:00,2025-10-26 15:25:00-07:00,2025-10-26 22:25:00+00:00,REAL_TIME_5_MIN,URBAN_6_N001,Node,-15.14618,1.20387,-16.32537,-0.02468,0.0
2025-10-26 15:25:00-07:00,2025-10-26 22:25:00+00:00,2025-10-26 15:30:00-07:00,2025-10-26 22:30:00+00:00,REAL_TIME_5_MIN,URBAN_6_N001,Node,-14.91569,1.47383,-16.3593,-0.03021,0.0
2025-10-26 15:30:00-07:00,2025-10-26 22:30:00+00:00,2025-10-26 15:35:00-07:00,2025-10-26 22:35:00+00:00,REAL_TIME_5_MIN,URBAN_6_N001,Node,-15.17662,-0.13575,-15.04346,0.00259,0.0
2025-10-26 15:35:00-07:00,2025-10-26 22:35:00+00:00,2025-10-26 15:40:00-07:00,2025-10-26 22:40:00+00:00,REAL_TIME_5_MIN,URBAN_6_N001,Node,-15.11764,1.06468,-16.16199,-0.02034,0.0
2025-10-26 15:40:00-07:00,2025-10-26 22:40:00+00:00,2025-10-26 15:45:00-07:00,2025-10-26 22:45:00+00:00,REAL_TIME_5_MIN,URBAN_6_N001,Node,-14.47039,5.08864,-19.46184,-0.09719,0.0
2025-10-26 15:45:00-07:00,2025-10-26 22:45:00+00:00,2025-10-26 15:50:00-07:00,2025-10-26 22:50:00+00:00,REAL_TIME_5_MIN,URBAN_6_N001,Node,-14.48217,3.67282,-18.09219,-0.06281,0.0
2025-10-26 15:50:00-07:00,2025-10-26 22:50:00+00:00,2025-10-26 15:55:00-07:00,2025-10-26 22:55:00+00:00,REAL_TIME_5_MIN,URBAN_6_N001,Node,-14.63927,3.50792,-18.08721,-0.05999,0.0
2025-10-26 15:55:00-07:00,2025-10-26 22:55:00+00:00,2025-10-26 16:00:00-07:00,2025-10-26 23:00:00+00:00,REAL_TIME_5_MIN,URBAN_6_N001,Node,-15.02129,1.73469,-16.72631,-0.02966,0.0
2025-10-26 16:00:00-07:00,2025-10-26 23:00:00+00:00,2025-10-26 16:05:00-07:00,2025-10-26 23:05:00+00:00,REAL_TIME_5_MIN,URBAN_6_N001,Node,-17.28277,-2.09875,-15.21928,0.03526,0.0
2025-10-26 16:05:00-07:00,2025-10-26 23:05:00+00:00,2025-10-26 16:10:00-07:00,2025-10-26 23:10:00+00:00,REAL_TIME_5_MIN,URBAN_6_N001,Node,-17.018,-6.49126,-10.6358,0.10905,0.0
2025-10-26 16:10:00-07:00,2025-10-26 23:10:00+00:00,2025-10-26 16:15:00-07:00,2025-10-26 23:15:00+00:00,REAL_TIME_5_MIN,URBAN_6_N001,Node,-16.65085,0.45613,-17.09931,-0.00766,0.0
2025-10-26 16:15:00-07:00,2025-10-26 23:15:00+00:00,2025-10-26 16:20:00-07:00,2025-10-26 23:20:00+00:00,REAL_TIME_5_MIN,URBAN_6_N001,Node,-14.03512,-0.40476,-13.63035,0.0,0.0
2025-10-26 16:20:00-07:00,2025-10-26 23:20:00+00:00,2025-10-26 16:25:00-07:00,2025-10-26 23:25:00+00:00,REAL_TIME_5_MIN,URBAN_6_N001,Node,-12.4821,1.81191,-14.29401,0.0,0.0
2025-10-26 16:25:00-07:00,2025-10-26 23:25:00+00:00,2025-10-26 16:30:00-07:00,2025-10-26 23:30:00+00:00,REAL_TIME_5_MIN,URBAN_6_N001,Node,-9.93667,3.17993,-13.1166,0.0,0.0
2025-10-26 16:30:00-07:00,2025-10-26 23:30:00+00:00,2025-10-26 16:35:00-07:00,2025-10-26 23:35:00+00:00,REAL_TIME_5_MIN,URBAN_6_N001,Node,-4.90794,9.32938,-13.98729,-0.25003,0.0
2025-10-26 16:35:00-07:00,2025-10-26 23:35:00+00:00,2025-10-26 16:40:00-07:00,2025-10-26 23:40:00+00:00,REAL_TIME_5_MIN,URBAN_6_N001,Node,8.55489,21.60219,-12.46836,-0.57894,0.0
2025-10-26 16:40:00-07:00,2025-10-26 23:40:00+00:00,2025-10-26 16:45:00-07:00,2025-10-26 23:45:00+00:00,REAL_TIME_5_MIN,URBAN_6_N001,Node,12.84475,23.97803,-10.49066,-0.64261,0.0
2025-10-26 16:45:00-07:00,2025-10-26 23:45:00+00:00,2025-10-26 16:50:00-07:00,2025-10-26 23:50:00+00:00,REAL_TIME_5_MIN,URBAN_6_N001,Node,23.62587,30.27306,-6.64719,0.0,0.0
2025-10-26 16:50:00-07:00,2025-10-26 23:50:00+00:00,2025-10-26 16:55:00-07:00,2025-10-26 23:55:00+00:00,REAL_TIME_5_MIN,URBAN_6_N001,Node,34.06813,36.75806,-2.68993,0.0,0.0
2025-10-26 16:55:00-07:00,2025-10-26 23:55:00+00:00,2025-10-26 17:00:00-07:00,2025-10-27 00:00:00+00:00,REAL_TIME_5_MIN,URBAN_6_N001,Node,40.07076,40.97114,-0.90037,0.0,0.0
2025-10-26 17:00:00-07:00,2025-10-27 00:00:00+00:00,2025-10-26 17:05:00-07:00,2025-10-27 00:05:00+00:00,REAL_TIME_5_MIN,URBAN_6_N001,Node,16.69158,26.07388,-8.98076,-0.40154,0.0
2025-10-26 17:05:00-07:00,2025-10-27 00:05:00+00:00,2025-10-26 17:10:00-07:00,2025-10-27 00:10:00+00:00,REAL_TIME_5_MIN,URBAN_6_N001,Node,20.5876,27.23305,-6.22606,-0.41939,0.0
2025-10-26 17:10:00-07:00,2025-10-27 00:10:00+00:00,2025-10-26 17:15:00-07:00,2025-10-27 00:15:00+00:00,REAL_TIME_5_MIN,URBAN_6_N001,Node,33.1099,35.48105,-1.82474,-0.54641,0.0
2025-10-26 17:15:00-07:00,2025-10-27 00:15:00+00:00,2025-10-26 17:20:00-07:00,2025-10-27 00:20:00+00:00,REAL_TIME_5_MIN,URBAN_6_N001,Node,39.95175,41.27432,-0.38152,-0.94105,0.0
2025-10-26 17:20:00-07:00,2025-10-27 00:20:00+00:00,2025-10-26 17:25:00-07:00,2025-10-27 00:25:00+00:00,REAL_TIME_5_MIN,URBAN_6_N001,Node,43.10739,44.11317,0.0,-1.00578,0.0
2025-10-26 17:25:00-07:00,2025-10-27 00:25:00+00:00,2025-10-26 17:30:00-07:00,2025-10-27 00:30:00+00:00,REAL_TIME_5_MIN,URBAN_6_N001,Node,46.00054,47.07382,0.0,-1.07328,0.0
2025-10-26 17:30:00-07:00,2025-10-27 00:30:00+00:00,2025-10-26 17:35:00-07:00,2025-10-27 00:35:00+00:00,REAL_TIME_5_MIN,URBAN_6_N001,Node,49.53275,50.57459,0.0,-1.04184,0.0
2025-10-26 17:35:00-07:00,2025-10-27 00:35:00+00:00,2025-10-26 17:40:00-07:00,2025-10-27 00:40:00+00:00,REAL_TIME_5_MIN,URBAN_6_N001,Node,50.90437,51.97505,0.0,-1.07069,0.0
2025-10-26 17:40:00-07:00,2025-10-27 00:40:00+00:00,2025-10-26 17:45:00-07:00,2025-10-27 00:45:00+00:00,REAL_TIME_5_MIN,URBAN_6_N001,Node,53.11718,54.23441,0.0,-1.11723,0.0
2025-10-26 17:45:00-07:00,2025-10-27 00:45:00+00:00,2025-10-26 17:50:00-07:00,2025-10-27 00:50:00+00:00,REAL_TIME_5_MIN,URBAN_6_N001,Node,52.0022,52.62315,0.0,-0.62095,0.0
2025-10-26 17:50:00-07:00,2025-10-27 00:50:00+00:00,2025-10-26 17:55:00-07:00,2025-10-27 00:55:00+00:00,REAL_TIME_5_MIN,URBAN_6_N001,Node,49.68157,50.27481,0.0,-0.59324,0.0
2025-10-26 17:55:00-07:00,2025-10-27 00:55:00+00:00,2025-10-26 18:00:00-07:00,2025-10-27 01:00:00+00:00,REAL_TIME_5_MIN,URBAN_6_N001,Node,49.62228,50.21481,0.0,-0.59253,0.0
2025-10-26 18:00:00-07:00,2025-10-27 01:00:00+00:00,2025-10-26 18:05:00-07:00,2025-10-27 01:05:00+00:00,REAL_TIME_5_MIN,URBAN_6_N001,Node,36.85575,39.01367,-1.03432,-1.12359,0.0
2025-10-26 18:05:00-07:00,2025-10-27 01:05:00+00:00,2025-10-26 18:10:00-07:00,2025-10-27 01:10:00+00:00,REAL_TIME_5_MIN,URBAN_6_N001,Node,36.00247,38.1918,-1.08941,-1.09992,0.0
2025-10-26 18:10:00-07:00,2025-10-27 01:10:00+00:00,2025-10-26 18:15:00-07:00,2025-10-27 01:15:00+00:00,REAL_TIME_5_MIN,URBAN_6_N001,Node,36.11824,38.5279,-1.30006,-1.1096,0.0
2025-10-26 18:15:00-07:00,2025-10-27 01:15:00+00:00,2025-10-26 18:20:00-07:00,2025-10-27 01:20:00+00:00,REAL_TIME_5_MIN,URBAN_6_N001,Node,36.60243,38.78071,-1.17773,-1.00054,0.0
2025-10-26 18:20:00-07:00,2025-10-27 01:20:00+00:00,2025-10-26 18:25:00-07:00,2025-10-27 01:25:00+00:00,REAL_TIME_5_MIN,URBAN_6_N001,Node,38.21922,39.36121,-0.12647,-1.01552,0.0
2025-10-26 18:25:00-07:00,2025-10-27 01:25:00+00:00,2025-10-26 18:30:00-07:00,2025-10-27 01:30:00+00:00,REAL_TIME_5_MIN,URBAN_6_N001,Node,37.74354,38.74311,0.0,-0.99957,0.0
2025-10-26 18:30:00-07:00,2025-10-27 01:30:00+00:00,2025-10-26 18:35:00-07:00,2025-10-27 01:35:00+00:00,REAL_TIME_5_MIN,URBAN_6_N001,Node,38.49553,39.63276,-0.00373,-1.1335,0.0
2025-10-26 18:35:00-07:00,2025-10-27 01:35:00+00:00,2025-10-26 18:40:00-07:00,2025-10-27 01:40:00+00:00,REAL_TIME_5_MIN,URBAN_6_N001,Node,38.79282,39.93688,-0.00187,-1.14219,0.0
2025-10-26 18:40:00-07:00,2025-10-27 01:40:00+00:00,2025-10-26 18:45:00-07:00,2025-10-27 01:45:00+00:00,REAL_TIME_5_MIN,URBAN_6_N001,Node,38.14618,39.27312,-0.00373,-1.12321,0.0
2025-10-26 18:45:00-07:00,2025-10-27 01:45:00+00:00,2025-10-26 18:50:00-07:00,2025-10-27 01:50:00+00:00,REAL_TIME_5_MIN,URBAN_6_N001,Node,37.87905,39.28373,-0.29688,-1.1078,0.0
2025-10-26 18:50:00-07:00,2025-10-27 01:50:00+00:00,2025-10-26 18:55:00-07:00,2025-10-27 01:55:00+00:00,REAL_TIME_5_MIN,URBAN_6_N001,Node,36.62725,38.47312,-0.76093,-1.08494,0.0
2025-10-26 18:55:00-07:00,2025-10-27 01:55:00+00:00,2025-10-26 19:00:00-07:00,2025-10-27 02:00:00+00:00,REAL_TIME_5_MIN,URBAN_6_N001,Node,37.86365,38.96624,-0.00374,-1.09885,0.0
2025-10-26 19:00:00-07:00,2025-10-27 02:00:00+00:00,2025-10-26 19:05:00-07:00,2025-10-27 02:05:00+00:00,REAL_TIME_5_MIN,URBAN_6_N001,Node,40.0,40.0,0.0,0.0,0.0
2025-10-26 19:05:00-07:00,2025-10-27 02:05:00+00:00,2025-10-26 19:10:00-07:00,2025-10-27 02:10:00+00:00,REAL_TIME_5_MIN,URBAN_6_N001,Node,40.0,40.0,0.0,0.0,0.0
2025-10-26 19:10:00-07:00,2025-10-27 02:10:00+00:00,2025-10-26 19:15:00-07:00,2025-10-27 02:15:00+00:00,REAL_TIME_5_MIN,URBAN_6_N001,Node,40.0,40.0,0.0,0.0,0.0
2025-10-26 19:15:00-07:00,2025-10-27 02:15:00+00:00,2025-10-26 19:20:00-07:00,2025-10-27 02:20:00+00:00,REAL_TIME_5_MIN,URBAN_6_N001,Node,39.9988,39.9988,0.0,0.0,0.0
2025-10-26 19:20:00-07:00,2025-10-27 02:20:00+00:00,2025-10-26 19:25:00-07:00,2025-10-27 02:25:00+00:00,REAL_TIME_5_MIN,URBAN_6_N001,Node,40.0,40.0,0.0,0.0,0.0
2025-10-26 19:25:00-07:00,2025-10-27 02:25:00+00:00,2025-10-26 19:30:00-07:00,2025-10-27 02:30:00+00:00,REAL_TIME_5_MIN,URBAN_6_N001,Node,38.81555,38.81555,0.0,0.0,0.0
2025-10-26 19:30:00-07:00,2025-10-27 02:30:00+00:00,2025-10-26 19:35:00-07:00,2025-10-27 02:35:00+00:00,REAL_TIME_5_MIN,URBAN_6_N001,Node,37.08706,38.18808,-0.0012,-1.09982,0.0
2025-10-26 19:35:00-07:00,2025-10-27 02:35:00+00:00,2025-10-26 19:40:00-07:00,2025-10-27 02:40:00+00:00,REAL_TIME_5_MIN,URBAN_6_N001,Node,37.01227,38.11231,-0.0024,-1.09763,0.0
2025-10-26 19:40:00-07:00,2025-10-27 02:40:00+00:00,2025-10-26 19:45:00-07:00,2025-10-27 02:45:00+00:00,REAL_TIME_5_MIN,URBAN_6_N001,Node,36.90699,38.00722,-0.00562,-1.09461,0.0
2025-10-26 19:45:00-07:00,2025-10-27 02:45:00+00:00,2025-10-26 19:50:00-07:00,2025-10-27 02:50:00+00:00,REAL_TIME_5_MIN,URBAN_6_N001,Node,36.68972,37.79524,-0.00568,-1.09984,0.0
2025-10-26 19:50:00-07:00,2025-10-27 02:50:00+00:00,2025-10-26 19:55:00-07:00,2025-10-27 02:55:00+00:00,REAL_TIME_5_MIN,URBAN_6_N001,Node,36.68972,37.79524,-0.00568,-1.09984,0.0
2025-10-26 19:55:00-07:00,2025-10-27 02:55:00+00:00,2025-10-26 20:00:00-07:00,2025-10-27 03:00:00+00:00,REAL_TIME_5_MIN,URBAN_6_N001,Node,37.06743,38.17842,0.0,-1.11099,0.0
2025-10-26 20:00:00-07:00,2025-10-27 03:00:00+00:00,2025-10-26 20:05:00-07:00,2025-10-27 03:05:00+00:00,REAL_TIME_5_MIN,URBAN_6_N001,Node,38.65774,39.87801,0.0,-1.22027,0.0
2025-10-26 20:05:00-07:00,2025-10-27 03:05:00+00:00,2025-10-26 20:10:00-07:00,2025-10-27 03:10:00+00:00,REAL_TIME_5_MIN,URBAN_6_N001,Node,38.04271,39.24356,0.0,-1.20085,0.0
2025-10-26 20:10:00-07:00,2025-10-27 03:10:00+00:00,2025-10-26 20:15:00-07:00,2025-10-27 03:15:00+00:00,REAL_TIME_5_MIN,URBAN_6_N001,Node,37.95292,39.15094,0.0,-1.19802,0.0
2025-10-26 20:15:00-07:00,2025-10-27 03:15:00+00:00,2025-10-26 20:20:00-07:00,2025-10-27 03:20:00+00:00,REAL_TIME_5_MIN,URBAN_6_N001,Node,37.16912,38.34635,0.0,-1.17723,0.0
2025-10-26 20:20:00-07:00,2025-10-27 03:20:00+00:00,2025-10-26 20:25:00-07:00,2025-10-27 03:25:00+00:00,REAL_TIME_5_MIN,URBAN_6_N001,Node,36.9123,38.0814,0.0,-1.1691,0.0
2025-10-26 20:25:00-07:00,2025-10-27 03:25:00+00:00,2025-10-26 20:30:00-07:00,2025-10-27 03:30:00+00:00,REAL_TIME_5_MIN,URBAN_6_N001,Node,36.9123,38.0814,0.0,-1.1691,0.0
2025-10-26 20:30:00-07:00,2025-10-27 03:30:00+00:00,2025-10-26 20:35:00-07:00,2025-10-27 03:35:00+00:00,REAL_TIME_5_MIN,URBAN_6_N001,Node,35.81399,36.92545,0.0,-1.11146,0.0
2025-10-26 20:35:00-07:00,2025-10-27 03:35:00+00:00,2025-10-26 20:40:00-07:00,2025-10-27 03:40:00+00:00,REAL_TIME_5_MIN,URBAN_6_N001,Node,35.81399,36.92545,0.0,-1.11146,0.0
2025-10-26 20:40:00-07:00,2025-10-27 03:40:00+00:00,2025-10-26 20:45:00-07:00,2025-10-27 03:45:00+00:00,REAL_TIME_5_MIN,URBAN_6_N001,Node,35.49349,36.595,0.0,-1.10151,0.0
2025-10-26 20:45:00-07:00,2025-10-27 03:45:00+00:00,2025-10-26 20:50:00-07:00,2025-10-27 03:50:00+00:00,REAL_TIME_5_MIN,URBAN_6_N001,Node,35.44521,36.49255,0.0,-1.04734,0.0
2025-10-26 20:50:00-07:00,2025-10-27 03:50:00+00:00,2025-10-26 20:55:00-07:00,2025-10-27 03:55:00+00:00,REAL_TIME_5_MIN,URBAN_6_N001,Node,35.35142,36.39598,0.0,-1.04456,0.0
2025-10-26 20:55:00-07:00,2025-10-27 03:55:00+00:00,2025-10-26 21:00:00-07:00,2025-10-27 04:00:00+00:00,REAL_TIME_5_MIN,URBAN_6_N001,Node,34.49921,35.51859,0.0,-1.01938,0.0
2025-10-26 21:00:00-07:00,2025-10-27 04:00:00+00:00,2025-10-26 21:05:00-07:00,2025-10-27 04:05:00+00:00,REAL_TIME_5_MIN,URBAN_6_N001,Node,37.19953,38.42926,0.0,-1.22974,0.0
2025-10-26 21:05:00-07:00,2025-10-27 04:05:00+00:00,2025-10-26 21:10:00-07:00,2025-10-27 04:10:00+00:00,REAL_TIME_5_MIN,URBAN_6_N001,Node,37.33218,38.5663,0.0,-1.23412,0.0
2025-10-26 21:10:00-07:00,2025-10-27 04:10:00+00:00,2025-10-26 21:15:00-07:00,2025-10-27 04:15:00+00:00,REAL_TIME_5_MIN,URBAN_6_N001,Node,36.38384,37.58661,0.0,-1.20277,0.0
2025-10-26 21:15:00-07:00,2025-10-27 04:15:00+00:00,2025-10-26 21:20:00-07:00,2025-10-27 04:20:00+00:00,REAL_TIME_5_MIN,URBAN_6_N001,Node,36.16694,37.23177,0.0,-1.06483,0.0
2025-10-26 21:20:00-07:00,2025-10-27 04:20:00+00:00,2025-10-26 21:25:00-07:00,2025-10-27 04:25:00+00:00,REAL_TIME_5_MIN,URBAN_6_N001,Node,36.60854,37.68638,0.0,-1.07783,0.0
2025-10-26 21:25:00-07:00,2025-10-27 04:25:00+00:00,2025-10-26 21:30:00-07:00,2025-10-27 04:30:00+00:00,REAL_TIME_5_MIN,URBAN_6_N001,Node,36.35868,37.42915,0.0,-1.07047,0.0
2025-10-26 21:30:00-07:00,2025-10-27 04:30:00+00:00,2025-10-26 21:35:00-07:00,2025-10-27 04:35:00+00:00,REAL_TIME_5_MIN,URBAN_6_N001,Node,35.92842,36.84967,0.0,-0.92124,0.0
2025-10-26 21:35:00-07:00,2025-10-27 04:35:00+00:00,2025-10-26 21:40:00-07:00,2025-10-27 04:40:00+00:00,REAL_TIME_5_MIN,URBAN_6_N001,Node,35.79295,36.71072,0.0,-0.91777,0.0
2025-10-26 21:40:00-07:00,2025-10-27 04:40:00+00:00,2025-10-26 21:45:00-07:00,2025-10-27 04:45:00+00:00,REAL_TIME_5_MIN,URBAN_6_N001,Node,35.90777,36.82848,0.0,-0.92071,0.0
2025-10-26 21:45:00-07:00,2025-10-27 04:45:00+00:00,2025-10-26 21:50:00-07:00,2025-10-27 04:50:00+00:00,REAL_TIME_5_MIN,URBAN_6_N001,Node,35.46239,36.40903,0.0,-0.94663,0.0
2025-10-26 21:50:00-07:00,2025-10-27 04:50:00+00:00,2025-10-26 21:55:00-07:00,2025-10-27 04:55:00+00:00,REAL_TIME_5_MIN,URBAN_6_N001,Node,35.06942,36.00556,0.0,-0.93614,0.0
2025-10-26 21:55:00-07:00,2025-10-27 04:55:00+00:00,2025-10-26 22:00:00-07:00,2025-10-27 05:00:00+00:00,REAL_TIME_5_MIN,URBAN_6_N001,Node,35.36307,36.30705,0.0,-0.94398,0.0
2025-10-26 22:00:00-07:00,2025-10-27 05:00:00+00:00,2025-10-26 22:05:00-07:00,2025-10-27 05:05:00+00:00,REAL_TIME_5_MIN,URBAN_6_N001,Node,38.0803,38.86141,0.0,-0.78111,0.0
2025-10-26 22:05:00-07:00,2025-10-27 05:05:00+00:00,2025-10-26 22:10:00-07:00,2025-10-27 05:10:00+00:00,REAL_TIME_5_MIN,URBAN_6_N001,Node,39.10098,39.90303,0.0,-0.80205,0.0
2025-10-26 22:10:00-07:00,2025-10-27 05:10:00+00:00,2025-10-26 22:15:00-07:00,2025-10-27 05:15:00+00:00,REAL_TIME_5_MIN,URBAN_6_N001,Node,38.74354,39.53826,0.0,-0.79472,0.0
2025-10-26 22:15:00-07:00,2025-10-27 05:15:00+00:00,2025-10-26 22:20:00-07:00,2025-10-27 05:20:00+00:00,REAL_TIME_5_MIN,URBAN_6_N001,Node,38.93756,39.69979,0.0,-0.76224,0.0
2025-10-26 22:20:00-07:00,2025-10-27 05:20:00+00:00,2025-10-26 22:25:00-07:00,2025-10-27 05:25:00+00:00,REAL_TIME_5_MIN,URBAN_6_N001,Node,38.52447,39.27862,0.0,-0.75415,0.0
2025-10-26 22:25:00-07:00,2025-10-27 05:25:00+00:00,2025-10-26 22:30:00-07:00,2025-10-27 05:30:00+00:00,REAL_TIME_5_MIN,URBAN_6_N001,Node,37.54946,38.28452,0.0,-0.73506,0.0
2025-10-26 22:30:00-07:00,2025-10-27 05:30:00+00:00,2025-10-26 22:35:00-07:00,2025-10-27 05:35:00+00:00,REAL_TIME_5_MIN,URBAN_6_N001,Node,35.74169,36.36721,0.0,-0.62552,0.0
2025-10-26 22:35:00-07:00,2025-10-27 05:35:00+00:00,2025-10-26 22:40:00-07:00,2025-10-27 05:40:00+00:00,REAL_TIME_5_MIN,URBAN_6_N001,Node,35.53578,36.15769,0.0,-0.62191,0.0
2025-10-26 22:40:00-07:00,2025-10-27 05:40:00+00:00,2025-10-26 22:45:00-07:00,2025-10-27 05:45:00+00:00,REAL_TIME_5_MIN,URBAN_6_N001,Node,35.60564,36.22877,0.0,-0.62313,0.0
2025-10-26 22:45:00-07:00,2025-10-27 05:45:00+00:00,2025-10-26 22:50:00-07:00,2025-10-27 05:50:00+00:00,REAL_TIME_5_MIN,URBAN_6_N001,Node,35.29062,35.87904,0.0,-0.58842,0.0
2025-10-26 22:50:00-07:00,2025-10-27 05:50:00+00:00,2025-10-26 22:55:00-07:00,2025-10-27 05:55:00+00:00,REAL_TIME_5_MIN,URBAN_6_N001,Node,35.63344,36.22758,0.0,-0.59413,0.0
2025-10-26 22:55:00-07:00,2025-10-27 05:55:00+00:00,2025-10-26 23:00:00-07:00,2025-10-27 06:00:00+00:00,REAL_TIME_5_MIN,URBAN_6_N001,Node,36.14251,36.74513,0.0,-0.60262,0.0
2025-10-26 23:00:00-07:00,2025-10-27 06:00:00+00:00,2025-10-26 23:05:00-07:00,2025-10-27 06:05:00+00:00,REAL_TIME_5_MIN,URBAN_6_N001,Node,39.98602,40.4185,0.0,-0.43248,0.0
2025-10-26 23:05:00-07:00,2025-10-27 06:05:00+00:00,2025-10-26 23:10:00-07:00,2025-10-27 06:10:00+00:00,REAL_TIME_5_MIN,URBAN_6_N001,Node,39.98602,40.4185,0.0,-0.43248,0.0
2025-10-26 23:10:00-07:00,2025-10-27 06:10:00+00:00,2025-10-26 23:15:00-07:00,2025-10-27 06:15:00+00:00,REAL_TIME_5_MIN,URBAN_6_N001,Node,39.1898,39.61367,0.0,-0.42387,0.0
2025-10-26 23:15:00-07:00,2025-10-27 06:15:00+00:00,2025-10-26 23:20:00-07:00,2025-10-27 06:20:00+00:00,REAL_TIME_5_MIN,URBAN_6_N001,Node,39.12727,39.51451,0.0,-0.38724,0.0
2025-10-26 23:20:00-07:00,2025-10-27 06:20:00+00:00,2025-10-26 23:25:00-07:00,2025-10-27 06:25:00+00:00,REAL_TIME_5_MIN,URBAN_6_N001,Node,40.03443,40.43065,0.0,-0.39622,0.0
2025-10-26 23:25:00-07:00,2025-10-27 06:25:00+00:00,2025-10-26 23:30:00-07:00,2025-10-27 06:30:00+00:00,REAL_TIME_5_MIN,URBAN_6_N001,Node,40.03443,40.43065,0.0,-0.39622,0.0
2025-10-26 23:30:00-07:00,2025-10-27 06:30:00+00:00,2025-10-26 23:35:00-07:00,2025-10-27 06:35:00+00:00,REAL_TIME_5_MIN,URBAN_6_N001,Node,39.46809,39.90303,0.0,-0.43494,0.0
2025-10-26 23:35:00-07:00,2025-10-27 06:35:00+00:00,2025-10-26 23:40:00-07:00,2025-10-27 06:40:00+00:00,REAL_TIME_5_MIN,URBAN_6_N001,Node,38.77237,39.19965,0.0,-0.42728,0.0
2025-10-26 23:40:00-07:00,2025-10-27 06:40:00+00:00,2025-10-26 23:45:00-07:00,2025-10-27 06:45:00+00:00,REAL_TIME_5_MIN,URBAN_6_N001,Node,38.66128,39.08733,0.0,-0.42605,0.0
2025-10-26 23:45:00-07:00,2025-10-27 06:45:00+00:00,2025-10-26 23:50:00-07:00,2025-10-27 06:50:00+00:00,REAL_TIME_5_MIN,URBAN_6_N001,Node,38.54036,38.93359,0.0,-0.39323,0.0
2025-10-26 23:50:00-07:00,2025-10-27 06:50:00+00:00,2025-10-26 23:55:00-07:00,2025-10-27 06:55:00+00:00,REAL_TIME_5_MIN,URBAN_6_N001,Node,39.35783,39.7594,0.0,-0.40157,0.0
2025-10-26 23:55:00-07:00,2025-10-27 06:55:00+00:00,2025-10-27 00:00:00-07:00,2025-10-27 07:00:00+00:00,REAL_TIME_5_MIN,URBAN_6_N001,Node,39.35593,39.75748,0.0,-0.40155,0.0
