interval_start_local,interval_start_utc,interval_end_local,interval_end_utc,market,location,location_type,lmp,energy,congestion,loss,ghg
2025-10-19 00:00:00-07:00,2025-10-19 07:00:00+00:00,2025-10-19 00:05:00-07:00,2025-10-19 07:05:00+00:00,REAL_TIME_5_MIN,OAKLAND_1_N001,Node,51.98215,50.97289,0.0,1.00926,0.0
2025-10-19 00:00:00-07:00,2025-10-19 07:00:00+00:00,2025-10-19 00:05:00-07:00,2025-10-19 07:05:00+00:00,REAL_TIME_5_MIN,PGSF_2_PDRP58-APND,AP Node,53.43422,50.97289,0.0,2.46133,0.0
2025-10-19 00:00:00-07:00,2025-10-19 07:00:00+00:00,2025-10-19 00:05:00-07:00,2025-10-19 07:05:00+00:00,REAL_TIME_5_MIN,SNJOSEB_1_N001,Node,52.96593,50.97289,0.0,1.99304,0.0
2025-10-19 00:05:00-07:00,2025-10-19 07:05:00+00:00,2025-10-19 00:10:00-07:00,2025-10-19 07:10:00+00:00,REAL_TIME_5_MIN,OAKLAND_1_N001,Node,52.38146,51.36445,0.0,1.01702,0.0
2025-10-19 00:05:00-07:00,2025-10-19 07:05:00+00:00,2025-10-19 00:10:00-07:00,2025-10-19 07:10:00+00:00,REAL_TIME_5_MIN,PGSF_2_PDRP58-APND,AP Node,53.84468,51.36445,0.0,2.48024,0.0
2025-10-19 00:05:00-07:00,2025-10-19 07:05:00+00:00,2025-10-19 00:10:00-07:00,2025-10-19 07:10:00+00:00,REAL_TIME_5_MIN,SNJOSEB_1_N001,Node,53.3728,51.36445,0.0,2.00835,0.0
2025-10-19 00:10:00-07:00,2025-10-19 07:10:00+00:00,2025-10-19 00:15:00-07:00,2025-10-19 07:15:00+00:00,REAL_TIME_5_MIN,OAKLAND_1_N001,Node,55.26734,54.19429,0.0,1.07305,0.0
2025-10-19 00:10:00-07:00,2025-10-19 07:10:00+00:00,2025-10-19 00:15:00-07:00,2025-10-19 07:15:00+00:00,REAL_TIME_5_MIN,PGSF_2_PDRP58-APND,AP Node,56.81117,54.19429,0.0,2.61688,0.0
2025-10-19 00:10:00-07:00,2025-10-19 07:10:00+00:00,2025-10-19 00:15:00-07:00,2025-10-19 07:15:00+00:00,REAL_TIME_5_MIN,SNJOSEB_1_N001,Node,56.31329,54.19429,0.0,2.119,0.0
2025-10-19 00:15:00-07:00,2025-10-19 07:15:00+00:00,2025-10-19 00:20:00-07:00,2025-10-19 07:20:00+00:00,REAL_TIME_5_MIN,OAKLAND_1_N001,Node,58.43046,57.39167,0.0,1.03879,0.0
2025-10-19 00:15:00-07:00,2025-10-19 07:15:00+00:00,2025-10-19 00:20:00-07:00,2025-10-19 07:20:00+00:00,REAL_TIME_5_MIN,PGSF_2_PDRP58-APND,AP Node,60.05964,57.39167,0.0,2.66797,0.0
2025-10-19 00:15:00-07:00,2025-10-19 07:15:00+00:00,2025-10-19 00:20:00-07:00,2025-10-19 07:20:00+00:00,REAL_TIME_5_MIN,SNJOSEB_1_N001,Node,59.53812,57.39167,0.0,2.14645,0.0
2025-10-19 00:20:00-07:00,2025-10-19 07:20:00+00:00,2025-10-19 00:25:00-07:00,2025-10-19 07:25:00+00:00,REAL_TIME_5_MIN,OAKLAND_1_N001,Node,58.44128,57.40229,0.0,1.03898,0.0
2025-10-19 00:20:00-07:00,2025-10-19 07:20:00+00:00,2025-10-19 00:25:00-07:00,2025-10-19 07:25:00+00:00,REAL_TIME_5_MIN,PGSF_2_PDRP58-APND,AP Node,60.07075,57.40229,0.0,2.66846,0.0
2025-10-19 00:20:00-07:00,2025-10-19 07:20:00+00:00,2025-10-19 00:25:00-07:00,2025-10-19 07:25:00+00:00,REAL_TIME_5_MIN,SNJOSEB_1_N001,Node,59.54914,57.40229,0.0,2.14685,0.0
2025-10-19 00:25:00-07:00,2025-10-19 07:25:00+00:00,2025-10-19 00:30:00-07:00,2025-10-19 07:30:00+00:00,REAL_TIME_5_MIN,OAKLAND_1_N001,Node,58.44124,57.40226,0.0,1.03898,0.0
2025-10-19 00:25:00-07:00,2025-10-19 07:25:00+00:00,2025-10-19 00:30:00-07:00,2025-10-19 07:30:00+00:00,REAL_TIME_5_MIN,PGSF_2_PDRP58-APND,AP Node,60.07072,57.40226,0.0,2.66846,0.0
2025-10-19 00:25:00-07:00,2025-10-19 07:25:00+00:00,2025-10-19 00:30:00-07:00,2025-10-19 07:30:00+00:00,REAL_TIME_5_MIN,SNJOSEB_1_N001,Node,59.5491,57.40226,0.0,2.14684,0.0
2025-10-19 00:30:00-07:00,2025-10-19 07:30:00+00:00,2025-10-19 00:35:00-07:00,2025-10-19 07:35:00+00:00,REAL_TIME_5_MIN,OAKLAND_1_N001,Node,59.1007,58.16425,0.0,0.93644,0.0
2025-10-19 00:30:00-07:00,2025-10-19 07:30:00+00:00,2025-10-19 00:35:00-07:00,2025-10-19 07:35:00+00:00,REAL_TIME_5_MIN,PGSF_2_PDRP58-APND,AP Node,60.84495,58.16425,0.0,2.6807,0.0
2025-10-19 00:30:00-07:00,2025-10-19 07:30:00+00:00,2025-10-19 00:35:00-07:00,2025-10-19 07:35:00+00:00,REAL_TIME_5_MIN,SNJOSEB_1_N001,Node,60.33959,58.16425,0.0,2.17534,0.0
2025-10-19 00:35:00-07:00,2025-10-19 07:35:00+00:00,2025-10-19 00:40:00-07:00,2025-10-19 07:40:00+00:00,REAL_TIME_5_MIN,OAKLAND_1_N001,Node,59.50351,58.56069,0.0,0.94283,0.0
2025-10-19 00:35:00-07:00,2025-10-19 07:35:00+00:00,2025-10-19 00:40:00-07:00,2025-10-19 07:40:00+00:00,REAL_TIME_5_MIN,PGSF_2_PDRP58-APND,AP Node,61.25966,58.56069,0.0,2.69897,0.0
2025-10-19 00:35:00-07:00,2025-10-19 07:35:00+00:00,2025-10-19 00:40:00-07:00,2025-10-19 07:40:00+00:00,REAL_TIME_5_MIN,SNJOSEB_1_N001,Node,60.75086,58.56069,0.0,2.19017,0.0
2025-10-19 00:40:00-07:00,2025-10-19 07:40:00+00:00,2025-10-19 00:45:00-07:00,2025-10-19 07:45:00+00:00,REAL_TIME_5_MIN,OAKLAND_1_N001,Node,57.44725,56.537,0.0,0.91025,0.0
2025-10-19 00:40:00-07:00,2025-10-19 07:40:00+00:00,2025-10-19 00:45:00-07:00,2025-10-19 07:45:00+00:00,REAL_TIME_5_MIN,PGSF_2_PDRP58-APND,AP Node,59.1427,56.537,0.0,2.6057,0.0
2025-10-19 00:40:00-07:00,2025-10-19 07:40:00+00:00,2025-10-19 00:45:00-07:00,2025-10-19 07:45:00+00:00,REAL_TIME_5_MIN,SNJOSEB_1_N001,Node,58.65149,56.537,0.0,2.11448,0.0
2025-10-19 00:45:00-07:00,2025-10-19 07:45:00+00:00,2025-10-19 00:50:00-07:00,2025-10-19 07:50:00+00:00,REAL_TIME_5_MIN,OAKLAND_1_N001,Node,51.76326,50.83302,0.0,0.93024,0.0
2025-10-19 00:45:00-07:00,2025-10-19 07:45:00+00:00,2025-10-19 00:50:00-07:00,2025-10-19 07:50:00+00:00,REAL_TIME_5_MIN,PGSF_2_PDRP58-APND,AP Node,53.2489,50.83302,0.0,2.41588,0.0
2025-10-19 00:45:00-07:00,2025-10-19 07:45:00+00:00,2025-10-19 00:50:00-07:00,2025-10-19 07:50:00+00:00,REAL_TIME_5_MIN,SNJOSEB_1_N001,Node,52.83584,50.83302,0.0,2.00282,0.0
2025-10-19 00:50:00-07:00,2025-10-19 07:50:00+00:00,2025-10-19 00:55:00-07:00,2025-10-19 07:55:00+00:00,REAL_TIME_5_MIN,OAKLAND_1_N001,Node,51.76279,50.83255,0.0,0.93024,0.0
2025-10-19 00:50:00-07:00,2025-10-19 07:50:00+00:00,2025-10-19 00:55:00-07:00,2025-10-19 07:55:00+00:00,REAL_TIME_5_MIN,PGSF_2_PDRP58-APND,AP Node,53.24841,50.83255,0.0,2.41586,0.0
2025-10-19 00:50:00-07:00,2025-10-19 07:50:00+00:00,2025-10-19 00:55:00-07:00,2025-10-19 07:55:00+00:00,REAL_TIME_5_MIN,SNJOSEB_1_N001,Node,52.83535,50.83255,0.0,2.0028,0.0
2025-10-19 00:55:00-07:00,2025-10-19 07:55:00+00:00,2025-10-19 01:00:00-07:00,2025-10-19 08:00:00+00:00,REAL_TIME_5_MIN,OAKLAND_1_N001,Node,51.79554,50.86472,0.0,0.93082,0.0
2025-10-19 00:55:00-07:00,2025-10-19 07:55:00+00:00,2025-10-19 01:00:00-07:00,2025-10-19 08:00:00+00:00,REAL_TIME_5_MIN,PGSF_2_PDRP58-APND,AP Node,53.28211,50.86472,0.0,2.41739,0.0
2025-10-19 00:55:00-07:00,2025-10-19 07:55:00+00:00,2025-10-19 01:00:00-07:00,2025-10-19 08:00:00+00:00,REAL_TIME_5_MIN,SNJOSEB_1_N001,Node,52.86879,50.86472,0.0,2.00407,0.0
2025-10-19 01:00:00-07:00,2025-10-19 08:00:00+00:00,2025-10-19 01:05:00-07:00,2025-10-19 08:05:00+00:00,REAL_TIME_5_MIN,OAKLAND_1_N001,Node,57.07289,56.18516,0.0,0.88773,0.0
2025-10-19 01:00:00-07:00,2025-10-19 08:00:00+00:00,2025-10-19 01:05:00-07:00,2025-10-19 08:05:00+00:00,REAL_TIME_5_MIN,PGSF_2_PDRP58-APND,AP Node,58.65674,56.18516,0.0,2.47158,0.0
2025-10-19 01:00:00-07:00,2025-10-19 08:00:00+00:00,2025-10-19 01:05:00-07:00,2025-10-19 08:05:00+00:00,REAL_TIME_5_MIN,SNJOSEB_1_N001,Node,58.21907,56.18516,0.0,2.0339,0.0
2025-10-19 01:05:00-07:00,2025-10-19 08:05:00+00:00,2025-10-19 01:10:00-07:00,2025-10-19 08:10:00+00:00,REAL_TIME_5_MIN,OAKLAND_1_N001,Node,56.68201,55.80036,0.0,0.88165,0.0
2025-10-19 01:05:00-07:00,2025-10-19 08:05:00+00:00,2025-10-19 01:10:00-07:00,2025-10-19 08:10:00+00:00,REAL_TIME_5_MIN,PGSF_2_PDRP58-APND,AP Node,58.25501,55.80036,0.0,2.45465,0.0
2025-10-19 01:05:00-07:00,2025-10-19 08:05:00+00:00,2025-10-19 01:10:00-07:00,2025-10-19 08:10:00+00:00,REAL_TIME_5_MIN,SNJOSEB_1_N001,Node,57.82034,55.80036,0.0,2.01997,0.0
2025-10-19 01:10:00-07:00,2025-10-19 08:10:00+00:00,2025-10-19 01:15:00-07:00,2025-10-19 08:15:00+00:00,REAL_TIME_5_MIN,OAKLAND_1_N001,Node,51.76683,50.96163,0.0,0.80519,0.0
2025-10-19 01:10:00-07:00,2025-10-19 08:10:00+00:00,2025-10-19 01:15:00-07:00,2025-10-19 08:15:00+00:00,REAL_TIME_5_MIN,PGSF_2_PDRP58-APND,AP Node,53.20343,50.96163,0.0,2.24179,0.0
2025-10-19 01:10:00-07:00,2025-10-19 08:10:00+00:00,2025-10-19 01:15:00-07:00,2025-10-19 08:15:00+00:00,REAL_TIME_5_MIN,SNJOSEB_1_N001,Node,52.80644,50.96163,0.0,1.84481,0.0
2025-10-19 01:15:00-07:00,2025-10-19 08:15:00+00:00,2025-10-19 01:20:00-07:00,2025-10-19 08:20:00+00:00,REAL_TIME_5_MIN,OAKLAND_1_N001,Node,51.53905,50.92792,0.0,0.61113,0.0
2025-10-19 01:15:00-07:00,2025-10-19 08:15:00+00:00,2025-10-19 01:20:00-07:00,2025-10-19 08:20:00+00:00,REAL_TIME_5_MIN,PGSF_2_PDRP58-APND,AP Node,53.00207,50.92792,0.0,2.07416,0.0
2025-10-19 01:15:00-07:00,2025-10-19 08:15:00+00:00,2025-10-19 01:20:00-07:00,2025-10-19 08:20:00+00:00,REAL_TIME_5_MIN,SNJOSEB_1_N001,Node,52.60854,50.92792,0.0,1.68062,0.0
2025-10-19 01:20:00-07:00,2025-10-19 08:20:00+00:00,2025-10-19 01:25:00-07:00,2025-10-19 08:25:00+00:00,REAL_TIME_5_MIN,OAKLAND_1_N001,Node,51.47617,50.86578,0.0,0.61039,0.0
2025-10-19 01:20:00-07:00,2025-10-19 08:20:00+00:00,2025-10-19 01:25:00-07:00,2025-10-19 08:25:00+00:00,REAL_TIME_5_MIN,PGSF_2_PDRP58-APND,AP Node,52.93741,50.86578,0.0,2.07163,0.0
2025-10-19 01:20:00-07:00,2025-10-19 08:20:00+00:00,2025-10-19 01:25:00-07:00,2025-10-19 08:25:00+00:00,REAL_TIME_5_MIN,SNJOSEB_1_N001,Node,52.54435,50.86578,0.0,1.67857,0.0
2025-10-19 01:25:00-07:00,2025-10-19 08:25:00+00:00,2025-10-19 01:30:00-07:00,2025-10-19 08:30:00+00:00,REAL_TIME_5_MIN,OAKLAND_1_N001,Node,51.44788,50.83782,0.0,0.61005,0.0
2025-10-19 01:25:00-07:00,2025-10-19 08:25:00+00:00,2025-10-19 01:30:00-07:00,2025-10-19 08:30:00+00:00,REAL_TIME_5_MIN,PGSF_2_PDRP58-APND,AP Node,52.90831,50.83782,0.0,2.07049,0.0
2025-10-19 01:25:00-07:00,2025-10-19 08:25:00+00:00,2025-10-19 01:30:00-07:00,2025-10-19 08:30:00+00:00,REAL_TIME_5_MIN,SNJOSEB_1_N001,Node,52.51547,50.83782,0.0,1.67765,0.0
2025-10-19 01:30:00-07:00,2025-10-19 08:30:00+00:00,2025-10-19 01:35:00-07:00,2025-10-19 08:35:00+00:00,REAL_TIME_5_MIN,OAKLAND_1_N001,Node,52.57164,51.74374,0.0,0.8279,0.0
2025-10-19 01:30:00-07:00,2025-10-19 08:30:00+00:00,2025-10-19 01:35:00-07:00,2025-10-19 08:35:00+00:00,REAL_TIME_5_MIN,PGSF_2_PDRP58-APND,AP Node,53.97539,51.74374,0.0,2.23164,0.0
2025-10-19 01:30:00-07:00,2025-10-19 08:30:00+00:00,2025-10-19 01:35:00-07:00,2025-10-19 08:35:00+00:00,REAL_TIME_5_MIN,SNJOSEB_1_N001,Node,53.591,51.74374,0.0,1.84725,0.0
2025-10-19 01:35:00-07:00,2025-10-19 08:35:00+00:00,2025-10-19 01:40:00-07:00,2025-10-19 08:40:00+00:00,REAL_TIME_5_MIN,OAKLAND_1_N001,Node,50.92415,50.12219,0.0,0.80196,0.0
2025-10-19 01:35:00-07:00,2025-10-19 08:35:00+00:00,2025-10-19 01:40:00-07:00,2025-10-19 08:40:00+00:00,REAL_TIME_5_MIN,PGSF_2_PDRP58-APND,AP Node,52.2839,50.12219,0.0,2.16171,0.0
2025-10-19 01:35:00-07:00,2025-10-19 08:35:00+00:00,2025-10-19 01:40:00-07:00,2025-10-19 08:40:00+00:00,REAL_TIME_5_MIN,SNJOSEB_1_N001,Node,51.91155,50.12219,0.0,1.78936,0.0
2025-10-19 01:40:00-07:00,2025-10-19 08:40:00+00:00,2025-10-19 01:45:00-07:00,2025-10-19 08:45:00+00:00,REAL_TIME_5_MIN,OAKLAND_1_N001,Node,50.01628,49.22862,0.0,0.78766,0.0
2025-10-19 01:40:00-07:00,2025-10-19 08:40:00+00:00,2025-10-19 01:45:00-07:00,2025-10-19 08:45:00+00:00,REAL_TIME_5_MIN,PGSF_2_PDRP58-APND,AP Node,51.35179,49.22862,0.0,2.12317,0.0
2025-10-19 01:40:00-07:00,2025-10-19 08:40:00+00:00,2025-10-19 01:45:00-07:00,2025-10-19 08:45:00+00:00,REAL_TIME_5_MIN,SNJOSEB_1_N001,Node,50.98608,49.22862,0.0,1.75746,0.0
2025-10-19 01:45:00-07:00,2025-10-19 08:45:00+00:00,2025-10-19 01:50:00-07:00,2025-10-19 08:50:00+00:00,REAL_TIME_5_MIN,OAKLAND_1_N001,Node,51.21559,50.32978,0.0,0.8858,0.0
2025-10-19 01:45:00-07:00,2025-10-19 08:45:00+00:00,2025-10-19 01:50:00-07:00,2025-10-19 08:50:00+00:00,REAL_TIME_5_MIN,PGSF_2_PDRP58-APND,AP Node,52.54259,50.32978,0.0,2.21281,0.0
2025-10-19 01:45:00-07:00,2025-10-19 08:45:00+00:00,2025-10-19 01:50:00-07:00,2025-10-19 08:50:00+00:00,REAL_TIME_5_MIN,SNJOSEB_1_N001,Node,52.17185,50.32978,0.0,1.84207,0.0
2025-10-19 01:50:00-07:00,2025-10-19 08:50:00+00:00,2025-10-19 01:55:00-07:00,2025-10-19 08:55:00+00:00,REAL_TIME_5_MIN,OAKLAND_1_N001,Node,51.89549,50.99793,0.0,0.89756,0.0
2025-10-19 01:50:00-07:00,2025-10-19 08:50:00+00:00,2025-10-19 01:55:00-07:00,2025-10-19 08:55:00+00:00,REAL_TIME_5_MIN,PGSF_2_PDRP58-APND,AP Node,53.24011,50.99793,0.0,2.24218,0.0
2025-10-19 01:50:00-07:00,2025-10-19 08:50:00+00:00,2025-10-19 01:55:00-07:00,2025-10-19 08:55:00+00:00,REAL_TIME_5_MIN,SNJOSEB_1_N001,Node,52.86445,50.99793,0.0,1.86652,0.0
2025-10-19 01:55:00-07:00,2025-10-19 08:55:00+00:00,2025-10-19 02:00:00-07:00,2025-10-19 09:00:00+00:00,REAL_TIME_5_MIN,OAKLAND_1_N001,Node,53.09341,52.17512,0.0,0.91828,0.0
2025-10-19 01:55:00-07:00,2025-10-19 08:55:00+00:00,2025-10-19 02:00:00-07:00,2025-10-19 09:00:00+00:00,REAL_TIME_5_MIN,PGSF_2_PDRP58-APND,AP Node,54.46907,52.17512,0.0,2.29394,0.0
2025-10-19 01:55:00-07:00,2025-10-19 08:55:00+00:00,2025-10-19 02:00:00-07:00,2025-10-19 09:00:00+00:00,REAL_TIME_5_MIN,SNJOSEB_1_N001,Node,54.08473,52.17512,0.0,1.90961,0.0
2025-10-19 02:00:00-07:00,2025-10-19 09:00:00+00:00,2025-10-19 02:05:00-07:00,2025-10-19 09:05:00+00:00,REAL_TIME_5_MIN,OAKLAND_1_N001,Node,54.51751,53.51674,0.0,1.00076,0.0
2025-10-19 02:00:00-07:00,2025-10-19 09:00:00+00:00,2025-10-19 02:05:00-07:00,2025-10-19 09:05:00+00:00,REAL_TIME_5_MIN,PGSF_2_PDRP58-APND,AP Node,55.89108,53.51674,0.0,2.37433,0.0
2025-10-19 02:00:00-07:00,2025-10-19 09:00:00+00:00,2025-10-19 02:05:00-07:00,2025-10-19 09:05:00+00:00,REAL_TIME_5_MIN,SNJOSEB_1_N001,Node,55.49151,53.51674,0.0,1.97477,0.0
2025-10-19 02:05:00-07:00,2025-10-19 09:05:00+00:00,2025-10-19 02:10:00-07:00,2025-10-19 09:10:00+00:00,REAL_TIME_5_MIN,OAKLAND_1_N001,Node,52.13462,51.1776,0.0,0.95702,0.0
2025-10-19 02:05:00-07:00,2025-10-19 09:05:00+00:00,2025-10-19 02:10:00-07:00,2025-10-19 09:10:00+00:00,REAL_TIME_5_MIN,PGSF_2_PDRP58-APND,AP Node,53.44815,51.1776,0.0,2.27055,0.0
2025-10-19 02:05:00-07:00,2025-10-19 09:05:00+00:00,2025-10-19 02:10:00-07:00,2025-10-19 09:10:00+00:00,REAL_TIME_5_MIN,SNJOSEB_1_N001,Node,53.06605,51.1776,0.0,1.88845,0.0
2025-10-19 02:10:00-07:00,2025-10-19 09:10:00+00:00,2025-10-19 02:15:00-07:00,2025-10-19 09:15:00+00:00,REAL_TIME_5_MIN,OAKLAND_1_N001,Node,50.29964,49.3763,0.0,0.92334,0.0
2025-10-19 02:10:00-07:00,2025-10-19 09:10:00+00:00,2025-10-19 02:15:00-07:00,2025-10-19 09:15:00+00:00,REAL_TIME_5_MIN,PGSF_2_PDRP58-APND,AP Node,51.56694,49.3763,0.0,2.19064,0.0
2025-10-19 02:10:00-07:00,2025-10-19 09:10:00+00:00,2025-10-19 02:15:00-07:00,2025-10-19 09:15:00+00:00,REAL_TIME_5_MIN,SNJOSEB_1_N001,Node,51.19829,49.3763,0.0,1.82199,0.0
2025-10-19 02:15:00-07:00,2025-10-19 09:15:00+00:00,2025-10-19 02:20:00-07:00,2025-10-19 09:20:00+00:00,REAL_TIME_5_MIN,OAKLAND_1_N001,Node,50.00942,49.25581,0.0,0.75361,0.0
2025-10-19 02:15:00-07:00,2025-10-19 09:15:00+00:00,2025-10-19 02:20:00-07:00,2025-10-19 09:20:00+00:00,REAL_TIME_5_MIN,PGSF_2_PDRP58-APND,AP Node,51.2804,49.25581,0.0,2.02459,0.0
2025-10-19 02:15:00-07:00,2025-10-19 09:15:00+00:00,2025-10-19 02:20:00-07:00,2025-10-19 09:20:00+00:00,REAL_TIME_5_MIN,SNJOSEB_1_N001,Node,50.92066,49.25581,0.0,1.66485,0.0
2025-10-19 02:20:00-07:00,2025-10-19 09:20:00+00:00,2025-10-19 02:25:00-07:00,2025-10-19 09:25:00+00:00,REAL_TIME_5_MIN,OAKLAND_1_N001,Node,50.00942,49.25581,0.0,0.75361,0.0
2025-10-19 02:20:00-07:00,2025-10-19 09:20:00+00:00,2025-10-19 02:25:00-07:00,2025-10-19 09:25:00+00:00,REAL_TIME_5_MIN,PGSF_2_PDRP58-APND,AP Node,51.2804,49.25581,0.0,2.02459,0.0
2025-10-19 02:20:00-07:00,2025-10-19 09:20:00+00:00,2025-10-19 02:25:00-07:00,2025-10-19 09:25:00+00:00,REAL_TIME_5_MIN,SNJOSEB_1_N001,Node,50.92066,49.25581,0.0,1.66485,0.0
2025-10-19 02:25:00-07:00,2025-10-19 09:25:00+00:00,2025-10-19 02:30:00-07:00,2025-10-19 09:30:00+00:00,REAL_TIME_5_MIN,OAKLAND_1_N001,Node,49.12563,48.38534,0.0,0.7403,0.0
2025-10-19 02:25:00-07:00,2025-10-19 09:25:00+00:00,2025-10-19 02:30:00-07:00,2025-10-19 09:30:00+00:00,REAL_TIME_5_MIN,PGSF_2_PDRP58-APND,AP Node,50.37415,48.38534,0.0,1.98881,0.0
2025-10-19 02:25:00-07:00,2025-10-19 09:25:00+00:00,2025-10-19 02:30:00-07:00,2025-10-19 09:30:00+00:00,REAL_TIME_5_MIN,SNJOSEB_1_N001,Node,50.02076,48.38534,0.0,1.63542,0.0
2025-10-19 02:30:00-07:00,2025-10-19 09:30:00+00:00,2025-10-19 02:35:00-07:00,2025-10-19 09:35:00+00:00,REAL_TIME_5_MIN,OAKLAND_1_N001,Node,48.41321,47.51984,0.0,0.89337,0.0
2025-10-19 02:30:00-07:00,2025-10-19 09:30:00+00:00,2025-10-19 02:35:00-07:00,2025-10-19 09:35:00+00:00,REAL_TIME_5_MIN,PGSF_2_PDRP58-APND,AP Node,49.5794,47.51984,0.0,2.05956,0.0
2025-10-19 02:30:00-07:00,2025-10-19 09:30:00+00:00,2025-10-19 02:35:00-07:00,2025-10-19 09:35:00+00:00,REAL_TIME_5_MIN,SNJOSEB_1_N001,Node,49.23055,47.51984,0.0,1.71071,0.0
2025-10-19 02:35:00-07:00,2025-10-19 09:35:00+00:00,2025-10-19 02:40:00-07:00,2025-10-19 09:40:00+00:00,REAL_TIME_5_MIN,OAKLAND_1_N001,Node,46.92705,46.0611,0.0,0.86595,0.0
2025-10-19 02:35:00-07:00,2025-10-19 09:35:00+00:00,2025-10-19 02:40:00-07:00,2025-10-19 09:40:00+00:00,REAL_TIME_5_MIN,PGSF_2_PDRP58-APND,AP Node,48.05744,46.0611,0.0,1.99634,0.0
2025-10-19 02:35:00-07:00,2025-10-19 09:35:00+00:00,2025-10-19 02:40:00-07:00,2025-10-19 09:40:00+00:00,REAL_TIME_5_MIN,SNJOSEB_1_N001,Node,47.7193,46.0611,0.0,1.6582,0.0
2025-10-19 02:40:00-07:00,2025-10-19 09:40:00+00:00,2025-10-19 02:45:00-07:00,2025-10-19 09:45:00+00:00,REAL_TIME_5_MIN,OAKLAND_1_N001,Node,46.95991,46.09335,0.0,0.86656,0.0
2025-10-19 02:40:00-07:00,2025-10-19 09:40:00+00:00,2025-10-19 02:45:00-07:00,2025-10-19 09:45:00+00:00,REAL_TIME_5_MIN,PGSF_2_PDRP58-APND,AP Node,48.09109,46.09335,0.0,1.99773,0.0
2025-10-19 02:40:00-07:00,2025-10-19 09:40:00+00:00,2025-10-19 02:45:00-07:00,2025-10-19 09:45:00+00:00,REAL_TIME_5_MIN,SNJOSEB_1_N001,Node,47.75271,46.09335,0.0,1.65936,0.0
2025-10-19 02:45:00-07:00,2025-10-19 09:45:00+00:00,2025-10-19 02:50:00-07:00,2025-10-19 09:50:00+00:00,REAL_TIME_5_MIN,OAKLAND_1_N001,Node,46.31989,45.40721,0.0,0.91268,0.0
2025-10-19 02:45:00-07:00,2025-10-19 09:45:00+00:00,2025-10-19 02:50:00-07:00,2025-10-19 09:50:00+00:00,REAL_TIME_5_MIN,PGSF_2_PDRP58-APND,AP Node,47.46892,45.40721,0.0,2.06172,0.0
2025-10-19 02:45:00-07:00,2025-10-19 09:45:00+00:00,2025-10-19 02:50:00-07:00,2025-10-19 09:50:00+00:00,REAL_TIME_5_MIN,SNJOSEB_1_N001,Node,47.11906,45.40721,0.0,1.71185,0.0
2025-10-19 02:50:00-07:00,2025-10-19 09:50:00+00:00,2025-10-19 02:55:00-07:00,2025-10-19 09:55:00+00:00,REAL_TIME_5_MIN,OAKLAND_1_N001,Node,45.71947,44.81862,0.0,0.90085,0.0
2025-10-19 02:50:00-07:00,2025-10-19 09:50:00+00:00,2025-10-19 02:55:00-07:00,2025-10-19 09:55:00+00:00,REAL_TIME_5_MIN,PGSF_2_PDRP58-APND,AP Node,46.85361,44.81862,0.0,2.03499,0.0
2025-10-19 02:50:00-07:00,2025-10-19 09:50:00+00:00,2025-10-19 02:55:00-07:00,2025-10-19 09:55:00+00:00,REAL_TIME_5_MIN,SNJOSEB_1_N001,Node,46.50828,44.81862,0.0,1.68966,0.0
2025-10-19 02:55:00-07:00,2025-10-19 09:55:00+00:00,2025-10-19 03:00:00-07:00,2025-10-19 10:00:00+00:00,REAL_TIME_5_MIN,OAKLAND_1_N001,Node,44.40707,43.53208,0.0,0.87499,0.0
2025-10-19 02:55:00-07:00,2025-10-19 09:55:00+00:00,2025-10-19 03:00:00-07:00,2025-10-19 10:00:00+00:00,REAL_TIME_5_MIN,PGSF_2_PDRP58-APND,AP Node,45.50865,43.53208,0.0,1.97658,0.0
2025-10-19 02:55:00-07:00,2025-10-19 09:55:00+00:00,2025-10-19 03:00:00-07:00,2025-10-19 10:00:00+00:00,REAL_TIME_5_MIN,SNJOSEB_1_N001,Node,45.17323,43.53208,0.0,1.64116,0.0
2025-10-19 03:00:00-07:00,2025-10-19 10:00:00+00:00,2025-10-19 03:05:00-07:00,2025-10-19 10:05:00+00:00,REAL_TIME_5_MIN,OAKLAND_1_N001,Node,43.16583,42.38593,0.0,0.7799,0.0
2025-10-19 03:00:00-07:00,2025-10-19 10:00:00+00:00,2025-10-19 03:05:00-07:00,2025-10-19 10:05:00+00:00,REAL_TIME_5_MIN,PGSF_2_PDRP58-APND,AP Node,44.26536,42.38593,0.0,1.87944,0.0
2025-10-19 03:00:00-07:00,2025-10-19 10:00:00+00:00,2025-10-19 03:05:00-07:00,2025-10-19 10:05:00+00:00,REAL_TIME_5_MIN,SNJOSEB_1_N001,Node,43.96268,42.38593,0.0,1.57676,0.0
2025-10-19 03:05:00-07:00,2025-10-19 10:05:00+00:00,2025-10-19 03:10:00-07:00,2025-10-19 10:10:00+00:00,REAL_TIME_5_MIN,OAKLAND_1_N001,Node,43.03608,42.25852,0.0,0.77756,0.0
2025-10-19 03:05:00-07:00,2025-10-19 10:05:00+00:00,2025-10-19 03:10:00-07:00,2025-10-19 10:10:00+00:00,REAL_TIME_5_MIN,PGSF_2_PDRP58-APND,AP Node,44.13231,42.25852,0.0,1.87379,0.0
2025-10-19 03:05:00-07:00,2025-10-19 10:05:00+00:00,2025-10-19 03:10:00-07:00,2025-10-19 10:10:00+00:00,REAL_TIME_5_MIN,SNJOSEB_1_N001,Node,43.83054,42.25852,0.0,1.57202,0.0
2025-10-19 03:10:00-07:00,2025-10-19 10:10:00+00:00,2025-10-19 03:15:00-07:00,2025-10-19 10:15:00+00:00,REAL_TIME_5_MIN,OAKLAND_1_N001,Node,42.65021,41.87963,0.0,0.77059,0.0
2025-10-19 03:10:00-07:00,2025-10-19 10:10:00+00:00,2025-10-19 03:15:00-07:00,2025-10-19 10:15:00+00:00,REAL_TIME_5_MIN,PGSF_2_PDRP58-APND,AP Node,43.73662,41.87963,0.0,1.85699,0.0
2025-10-19 03:10:00-07:00,2025-10-19 10:10:00+00:00,2025-10-19 03:15:00-07:00,2025-10-19 10:15:00+00:00,REAL_TIME_5_MIN,SNJOSEB_1_N001,Node,43.43755,41.87963,0.0,1.55792,0.0
2025-10-19 03:15:00-07:00,2025-10-19 10:15:00+00:00,2025-10-19 03:20:00-07:00,2025-10-19 10:20:00+00:00,REAL_TIME_5_MIN,OAKLAND_1_N001,Node,46.54206,45.89947,0.0,0.64259,0.0
2025-10-19 03:15:00-07:00,2025-10-19 10:15:00+00:00,2025-10-19 03:20:00-07:00,2025-10-19 10:20:00+00:00,REAL_TIME_5_MIN,PGSF_2_PDRP58-APND,AP Node,47.74486,45.89947,0.0,1.84539,0.0
2025-10-19 03:15:00-07:00,2025-10-19 10:15:00+00:00,2025-10-19 03:20:00-07:00,2025-10-19 10:20:00+00:00,REAL_TIME_5_MIN,SNJOSEB_1_N001,Node,47.42792,45.89947,0.0,1.52845,0.0
2025-10-19 03:20:00-07:00,2025-10-19 10:20:00+00:00,2025-10-19 03:25:00-07:00,2025-10-19 10:25:00+00:00,REAL_TIME_5_MIN,OAKLAND_1_N001,Node,48.64897,47.97729,0.0,0.67168,0.0
2025-10-19 03:20:00-07:00,2025-10-19 10:20:00+00:00,2025-10-19 03:25:00-07:00,2025-10-19 10:25:00+00:00,REAL_TIME_5_MIN,PGSF_2_PDRP58-APND,AP Node,49.90622,47.97729,0.0,1.92893,0.0
2025-10-19 03:20:00-07:00,2025-10-19 10:20:00+00:00,2025-10-19 03:25:00-07:00,2025-10-19 10:25:00+00:00,REAL_TIME_5_MIN,SNJOSEB_1_N001,Node,49.57493,47.97729,0.0,1.59764,0.0
2025-10-19 03:25:00-07:00,2025-10-19 10:25:00+00:00,2025-10-19 03:30:00-07:00,2025-10-19 10:30:00+00:00,REAL_TIME_5_MIN,OAKLAND_1_N001,Node,49.8653,49.17682,0.0,0.68848,0.0
2025-10-19 03:25:00-07:00,2025-10-19 10:25:00+00:00,2025-10-19 03:30:00-07:00,2025-10-19 10:30:00+00:00,REAL_TIME_5_MIN,PGSF_2_PDRP58-APND,AP Node,51.15398,49.17682,0.0,1.97716,0.0
2025-10-19 03:25:00-07:00,2025-10-19 10:25:00+00:00,2025-10-19 03:30:00-07:00,2025-10-19 10:30:00+00:00,REAL_TIME_5_MIN,SNJOSEB_1_N001,Node,50.81441,49.17682,0.0,1.63759,0.0
2025-10-19 03:30:00-07:00,2025-10-19 10:30:00+00:00,2025-10-19 03:35:00-07:00,2025-10-19 10:35:00+00:00,REAL_TIME_5_MIN,OAKLAND_1_N001,Node,43.21624,42.57757,0.0,0.63866,0.0
2025-10-19 03:30:00-07:00,2025-10-19 10:30:00+00:00,2025-10-19 03:35:00-07:00,2025-10-19 10:35:00+00:00,REAL_TIME_5_MIN,PGSF_2_PDRP58-APND,AP Node,44.30803,42.57757,0.0,1.73046,0.0
2025-10-19 03:30:00-07:00,2025-10-19 10:30:00+00:00,2025-10-19 03:35:00-07:00,2025-10-19 10:35:00+00:00,REAL_TIME_5_MIN,SNJOSEB_1_N001,Node,44.02947,42.57757,0.0,1.4519,0.0
2025-10-19 03:35:00-07:00,2025-10-19 10:35:00+00:00,2025-10-19 03:40:00-07:00,2025-10-19 10:40:00+00:00,REAL_TIME_5_MIN,OAKLAND_1_N001,Node,43.17125,42.53325,0.0,0.638,0.0
2025-10-19 03:35:00-07:00,2025-10-19 10:35:00+00:00,2025-10-19 03:40:00-07:00,2025-10-19 10:40:00+00:00,REAL_TIME_5_MIN,PGSF_2_PDRP58-APND,AP Node,44.26191,42.53325,0.0,1.72866,0.0
2025-10-19 03:35:00-07:00,2025-10-19 10:35:00+00:00,2025-10-19 03:40:00-07:00,2025-10-19 10:40:00+00:00,REAL_TIME_5_MIN,SNJOSEB_1_N001,Node,43.98364,42.53325,0.0,1.45038,0.0
2025-10-19 03:40:00-07:00,2025-10-19 10:40:00+00:00,2025-10-19 03:45:00-07:00,2025-10-19 10:45:00+00:00,REAL_TIME_5_MIN,OAKLAND_1_N001,Node,43.17125,42.53325,0.0,0.638,0.0
2025-10-19 03:40:00-07:00,2025-10-19 10:40:00+00:00,2025-10-19 03:45:00-07:00,2025-10-19 10:45:00+00:00,REAL_TIME_5_MIN,PGSF_2_PDRP58-APND,AP Node,44.26191,42.53325,0.0,1.72866,0.0
2025-10-19 03:40:00-07:00,2025-10-19 10:40:00+00:00,2025-10-19 03:45:00-07:00,2025-10-19 10:45:00+00:00,REAL_TIME_5_MIN,SNJOSEB_1_N001,Node,43.98364,42.53325,0.0,1.45038,0.0
2025-10-19 03:45:00-07:00,2025-10-19 10:45:00+00:00,2025-10-19 03:50:00-07:00,2025-10-19 10:50:00+00:00,REAL_TIME_5_MIN,OAKLAND_1_N001,Node,42.14235,41.74163,0.0,0.40072,0.0
2025-10-19 03:45:00-07:00,2025-10-19 10:45:00+00:00,2025-10-19 03:50:00-07:00,2025-10-19 10:50:00+00:00,REAL_TIME_5_MIN,PGSF_2_PDRP58-APND,AP Node,43.24193,41.74163,0.0,1.5003,0.0
2025-10-19 03:45:00-07:00,2025-10-19 10:45:00+00:00,2025-10-19 03:50:00-07:00,2025-10-19 10:50:00+00:00,REAL_TIME_5_MIN,SNJOSEB_1_N001,Node,42.97718,41.74163,0.0,1.23555,0.0
2025-10-19 03:50:00-07:00,2025-10-19 10:50:00+00:00,2025-10-19 03:55:00-07:00,2025-10-19 10:55:00+00:00,REAL_TIME_5_MIN,OAKLAND_1_N001,Node,42.0608,41.66085,0.0,0.39994,0.0
2025-10-19 03:50:00-07:00,2025-10-19 10:50:00+00:00,2025-10-19 03:55:00-07:00,2025-10-19 10:55:00+00:00,REAL_TIME_5_MIN,PGSF_2_PDRP58-APND,AP Node,43.15825,41.66085,0.0,1.49739,0.0
2025-10-19 03:50:00-07:00,2025-10-19 10:50:00+00:00,2025-10-19 03:55:00-07:00,2025-10-19 10:55:00+00:00,REAL_TIME_5_MIN,SNJOSEB_1_N001,Node,42.89401,41.66085,0.0,1.23316,0.0
2025-10-19 03:55:00-07:00,2025-10-19 10:55:00+00:00,2025-10-19 04:00:00-07:00,2025-10-19 11:00:00+00:00,REAL_TIME_5_MIN,OAKLAND_1_N001,Node,42.40505,42.00183,0.0,0.40322,0.0
2025-10-19 03:55:00-07:00,2025-10-19 10:55:00+00:00,2025-10-19 04:00:00-07:00,2025-10-19 11:00:00+00:00,REAL_TIME_5_MIN,PGSF_2_PDRP58-APND,AP Node,43.51149,42.00183,0.0,1.50965,0.0
2025-10-19 03:55:00-07:00,2025-10-19 10:55:00+00:00,2025-10-19 04:00:00-07:00,2025-10-19 11:00:00+00:00,REAL_TIME_5_MIN,SNJOSEB_1_N001,Node,43.24509,42.00183,0.0,1.24325,0.0
2025-10-19 04:00:00-07:00,2025-10-19 11:00:00+00:00,2025-10-19 04:05:00-07:00,2025-10-19 11:05:00+00:00,REAL_TIME_5_MIN,OAKLAND_1_N001,Node,47.9879,47.79671,0.0,0.19119,0.0
2025-10-19 04:00:00-07:00,2025-10-19 11:00:00+00:00,2025-10-19 04:05:00-07:00,2025-10-19 11:05:00+00:00,REAL_TIME_5_MIN,PGSF_2_PDRP58-APND,AP Node,49.26789,47.79671,0.0,1.47118,0.0
2025-10-19 04:00:00-07:00,2025-10-19 11:00:00+00:00,2025-10-19 04:05:00-07:00,2025-10-19 11:05:00+00:00,REAL_TIME_5_MIN,SNJOSEB_1_N001,Node,48.96773,47.79671,0.0,1.17102,0.0
2025-10-19 04:05:00-07:00,2025-10-19 11:05:00+00:00,2025-10-19 04:10:00-07:00,2025-10-19 11:10:00+00:00,REAL_TIME_5_MIN,OAKLAND_1_N001,Node,47.38982,47.20102,0.0,0.1888,0.0
2025-10-19 04:05:00-07:00,2025-10-19 11:05:00+00:00,2025-10-19 04:10:00-07:00,2025-10-19 11:10:00+00:00,REAL_TIME_5_MIN,PGSF_2_PDRP58-APND,AP Node,48.65386,47.20102,0.0,1.45284,0.0
2025-10-19 04:05:00-07:00,2025-10-19 11:05:00+00:00,2025-10-19 04:10:00-07:00,2025-10-19 11:10:00+00:00,REAL_TIME_5_MIN,SNJOSEB_1_N001,Node,48.35744,47.20102,0.0,1.15642,0.0
2025-10-19 04:10:00-07:00,2025-10-19 11:10:00+00:00,2025-10-19 04:15:00-07:00,2025-10-19 11:15:00+00:00,REAL_TIME_5_MIN,OAKLAND_1_N001,Node,44.91726,44.7383,0.0,0.17895,0.0
2025-10-19 04:10:00-07:00,2025-10-19 11:10:00+00:00,2025-10-19 04:15:00-07:00,2025-10-19 11:15:00+00:00,REAL_TIME_5_MIN,PGSF_2_PDRP58-APND,AP Node,46.11534,44.7383,0.0,1.37704,0.0
2025-10-19 04:10:00-07:00,2025-10-19 11:10:00+00:00,2025-10-19 04:15:00-07:00,2025-10-19 11:15:00+00:00,REAL_TIME_5_MIN,SNJOSEB_1_N001,Node,45.83439,44.7383,0.0,1.09609,0.0
2025-10-19 04:15:00-07:00,2025-10-19 11:15:00+00:00,2025-10-19 04:20:00-07:00,2025-10-19 11:20:00+00:00,REAL_TIME_5_MIN,OAKLAND_1_N001,Node,44.93537,44.86806,0.0,0.0673,0.0
2025-10-19 04:15:00-07:00,2025-10-19 11:15:00+00:00,2025-10-19 04:20:00-07:00,2025-10-19 11:20:00+00:00,REAL_TIME_5_MIN,PGSF_2_PDRP58-APND,AP Node,46.15936,44.86806,0.0,1.2913,0.0
2025-10-19 04:15:00-07:00,2025-10-19 11:15:00+00:00,2025-10-19 04:20:00-07:00,2025-10-19 11:20:00+00:00,REAL_TIME_5_MIN,SNJOSEB_1_N001,Node,45.88657,44.86806,0.0,1.01851,0.0
2025-10-19 04:20:00-07:00,2025-10-19 11:20:00+00:00,2025-10-19 04:25:00-07:00,2025-10-19 11:25:00+00:00,REAL_TIME_5_MIN,OAKLAND_1_N001,Node,44.76904,44.70199,0.0,0.06705,0.0
2025-10-19 04:20:00-07:00,2025-10-19 11:20:00+00:00,2025-10-19 04:25:00-07:00,2025-10-19 11:25:00+00:00,REAL_TIME_5_MIN,PGSF_2_PDRP58-APND,AP Node,45.98851,44.70199,0.0,1.28652,0.0
2025-10-19 04:20:00-07:00,2025-10-19 11:20:00+00:00,2025-10-19 04:25:00-07:00,2025-10-19 11:25:00+00:00,REAL_TIME_5_MIN,SNJOSEB_1_N001,Node,45.71673,44.70199,0.0,1.01474,0.0
2025-10-19 04:25:00-07:00,2025-10-19 11:25:00+00:00,2025-10-19 04:30:00-07:00,2025-10-19 11:30:00+00:00,REAL_TIME_5_MIN,OAKLAND_1_N001,Node,43.48944,43.42431,0.0,0.06514,0.0
2025-10-19 04:25:00-07:00,2025-10-19 11:25:00+00:00,2025-10-19 04:30:00-07:00,2025-10-19 11:30:00+00:00,REAL_TIME_5_MIN,PGSF_2_PDRP58-APND,AP Node,44.67405,43.42431,0.0,1.24975,0.0
2025-10-19 04:25:00-07:00,2025-10-19 11:25:00+00:00,2025-10-19 04:30:00-07:00,2025-10-19 11:30:00+00:00,REAL_TIME_5_MIN,SNJOSEB_1_N001,Node,44.41004,43.42431,0.0,0.98573,0.0
2025-10-19 04:30:00-07:00,2025-10-19 11:30:00+00:00,2025-10-19 04:35:00-07:00,2025-10-19 11:35:00+00:00,REAL_TIME_5_MIN,OAKLAND_1_N001,Node,43.55498,43.43337,0.0,0.12161,0.0
2025-10-19 04:30:00-07:00,2025-10-19 11:30:00+00:00,2025-10-19 04:35:00-07:00,2025-10-19 11:35:00+00:00,REAL_TIME_5_MIN,PGSF_2_PDRP58-APND,AP Node,44.74099,43.43337,0.0,1.30763,0.0
2025-10-19 04:30:00-07:00,2025-10-19 11:30:00+00:00,2025-10-19 04:35:00-07:00,2025-10-19 11:35:00+00:00,REAL_TIME_5_MIN,SNJOSEB_1_N001,Node,44.46274,43.43337,0.0,1.02937,0.0
2025-10-19 04:35:00-07:00,2025-10-19 11:35:00+00:00,2025-10-19 04:40:00-07:00,2025-10-19 11:40:00+00:00,REAL_TIME_5_MIN,OAKLAND_1_N001,Node,43.17454,43.05399,0.0,0.12055,0.0
2025-10-19 04:35:00-07:00,2025-10-19 11:35:00+00:00,2025-10-19 04:40:00-07:00,2025-10-19 11:40:00+00:00,REAL_TIME_5_MIN,PGSF_2_PDRP58-APND,AP Node,44.35019,43.05399,0.0,1.2962,0.0
2025-10-19 04:35:00-07:00,2025-10-19 11:35:00+00:00,2025-10-19 04:40:00-07:00,2025-10-19 11:40:00+00:00,REAL_TIME_5_MIN,SNJOSEB_1_N001,Node,44.07437,43.05399,0.0,1.02038,0.0
2025-10-19 04:40:00-07:00,2025-10-19 11:40:00+00:00,2025-10-19 04:45:00-07:00,2025-10-19 11:45:00+00:00,REAL_TIME_5_MIN,OAKLAND_1_N001,Node,42.68408,42.5649,0.0,0.11918,0.0
2025-10-19 04:40:00-07:00,2025-10-19 11:40:00+00:00,2025-10-19 04:45:00-07:00,2025-10-19 11:45:00+00:00,REAL_TIME_5_MIN,PGSF_2_PDRP58-APND,AP Node,43.84638,42.5649,0.0,1.28148,0.0
2025-10-19 04:40:00-07:00,2025-10-19 11:40:00+00:00,2025-10-19 04:45:00-07:00,2025-10-19 11:45:00+00:00,REAL_TIME_5_MIN,SNJOSEB_1_N001,Node,43.57369,42.5649,0.0,1.00879,0.0
2025-10-19 04:45:00-07:00,2025-10-19 11:45:00+00:00,2025-10-19 04:50:00-07:00,2025-10-19 11:50:00+00:00,REAL_TIME_5_MIN,OAKLAND_1_N001,Node,43.11275,42.98808,0.0,0.12467,0.0
2025-10-19 04:45:00-07:00,2025-10-19 11:45:00+00:00,2025-10-19 04:50:00-07:00,2025-10-19 11:50:00+00:00,REAL_TIME_5_MIN,PGSF_2_PDRP58-APND,AP Node,44.29836,42.98808,0.0,1.31027,0.0
2025-10-19 04:45:00-07:00,2025-10-19 11:45:00+00:00,2025-10-19 04:50:00-07:00,2025-10-19 11:50:00+00:00,REAL_TIME_5_MIN,SNJOSEB_1_N001,Node,44.0198,42.98808,0.0,1.03171,0.0
2025-10-19 04:50:00-07:00,2025-10-19 11:50:00+00:00,2025-10-19 04:55:00-07:00,2025-10-19 11:55:00+00:00,REAL_TIME_5_MIN,OAKLAND_1_N001,Node,43.87824,43.75136,0.0,0.12688,0.0
2025-10-19 04:50:00-07:00,2025-10-19 11:50:00+00:00,2025-10-19 04:55:00-07:00,2025-10-19 11:55:00+00:00,REAL_TIME_5_MIN,PGSF_2_PDRP58-APND,AP Node,45.0849,43.75136,0.0,1.33354,0.0
2025-10-19 04:50:00-07:00,2025-10-19 11:50:00+00:00,2025-10-19 04:55:00-07:00,2025-10-19 11:55:00+00:00,REAL_TIME_5_MIN,SNJOSEB_1_N001,Node,44.8014,43.75136,0.0,1.05003,0.0
2025-10-19 04:55:00-07:00,2025-10-19 11:55:00+00:00,2025-10-19 05:00:00-07:00,2025-10-19 12:00:00+00:00,REAL_TIME_5_MIN,OAKLAND_1_N001,Node,45.58975,45.45793,0.0,0.13183,0.0
2025-10-19 04:55:00-07:00,2025-10-19 11:55:00+00:00,2025-10-19 05:00:00-07:00,2025-10-19 12:00:00+00:00,REAL_TIME_5_MIN,PGSF_2_PDRP58-APND,AP Node,46.84348,45.45793,0.0,1.38555,0.0
2025-10-19 04:55:00-07:00,2025-10-19 11:55:00+00:00,2025-10-19 05:00:00-07:00,2025-10-19 12:00:00+00:00,REAL_TIME_5_MIN,SNJOSEB_1_N001,Node,46.54892,45.45793,0.0,1.09099,0.0
2025-10-19 05:00:00-07:00,2025-10-19 12:00:00+00:00,2025-10-19 05:05:00-07:00,2025-10-19 12:05:00+00:00,REAL_TIME_5_MIN,OAKLAND_1_N001,Node,42.2688,42.2688,0.0,0.0,0.0
2025-10-19 05:00:00-07:00,2025-10-19 12:00:00+00:00,2025-10-19 05:05:00-07:00,2025-10-19 12:05:00+00:00,REAL_TIME_5_MIN,PGSF_2_PDRP58-APND,AP Node,42.2688,42.2688,0.0,0.0,0.0
2025-10-19 05:00:00-07:00,2025-10-19 12:00:00+00:00,2025-10-19 05:05:00-07:00,2025-10-19 12:05:00+00:00,REAL_TIME_5_MIN,SNJOSEB_1_N001,Node,42.2688,42.2688,0.0,0.0,0.0
2025-10-19 05:05:00-07:00,2025-10-19 12:05:00+00:00,2025-10-19 05:10:00-07:00,2025-10-19 12:10:00+00:00,REAL_TIME_5_MIN,OAKLAND_1_N001,Node,41.9924,41.9924,0.0,0.0,0.0
2025-10-19 05:05:00-07:00,2025-10-19 12:05:00+00:00,2025-10-19 05:10:00-07:00,2025-10-19 12:10:00+00:00,REAL_TIME_5_MIN,PGSF_2_PDRP58-APND,AP Node,41.9924,41.9924,0.0,0.0,0.0
2025-10-19 05:05:00-07:00,2025-10-19 12:05:00+00:00,2025-10-19 05:10:00-07:00,2025-10-19 12:10:00+00:00,REAL_TIME_5_MIN,SNJOSEB_1_N001,Node,41.9924,41.9924,0.0,0.0,0.0
2025-10-19 05:10:00-07:00,2025-10-19 12:10:00+00:00,2025-10-19 05:15:00-07:00,2025-10-19 12:15:00+00:00,REAL_TIME_5_MIN,OAKLAND_1_N001,Node,41.6288,41.6288,0.0,0.0,0.0
2025-10-19 05:10:00-07:00,2025-10-19 12:10:00+00:00,2025-10-19 05:15:00-07:00,2025-10-19 12:15:00+00:00,REAL_TIME_5_MIN,PGSF_2_PDRP58-APND,AP Node,41.6288,41.6288,0.0,0.0,0.0
2025-10-19 05:10:00-07:00,2025-10-19 12:10:00+00:00,2025-10-19 05:15:00-07:00,2025-10-19 12:15:00+00:00,REAL_TIME_5_MIN,SNJOSEB_1_N001,Node,41.6288,41.6288,0.0,0.0,0.0
2025-10-19 05:15:00-07:00,2025-10-19 12:15:00+00:00,2025-10-19 05:20:00-07:00,2025-10-19 12:20:00+00:00,REAL_TIME_5_MIN,OAKLAND_1_N001,Node,41.8112,41.8112,0.0,0.0,0.0
2025-10-19 05:15:00-07:00,2025-10-19 12:15:00+00:00,2025-10-19 05:20:00-07:00,2025-10-19 12:20:00+00:00,REAL_TIME_5_MIN,PGSF_2_PDRP58-APND,AP Node,41.8112,41.8112,0.0,0.0,0.0
2025-10-19 05:15:00-07:00,2025-10-19 12:15:00+00:00,2025-10-19 05:20:00-07:00,2025-10-19 12:20:00+00:00,REAL_TIME_5_MIN,SNJOSEB_1_N001,Node,41.8112,41.8112,0.0,0.0,0.0
2025-10-19 05:20:00-07:00,2025-10-19 12:20:00+00:00,2025-10-19 05:25:00-07:00,2025-10-19 12:25:00+00:00,REAL_TIME_5_MIN,OAKLAND_1_N001,Node,42.52,42.52,0.0,0.0,0.0
2025-10-19 05:20:00-07:00,2025-10-19 12:20:00+00:00,2025-10-19 05:25:00-07:00,2025-10-19 12:25:00+00:00,REAL_TIME_5_MIN,PGSF_2_PDRP58-APND,AP Node,42.52,42.52,0.0,0.0,0.0
2025-10-19 05:20:00-07:00,2025-10-19 12:20:00+00:00,2025-10-19 05:25:00-07:00,2025-10-19 12:25:00+00:00,REAL_TIME_5_MIN,SNJOSEB_1_N001,Node,42.52,42.52,0.0,0.0,0.0
2025-10-19 05:25:00-07:00,2025-10-19 12:25:00+00:00,2025-10-19 05:30:00-07:00,2025-10-19 12:30:00+00:00,REAL_TIME_5_MIN,OAKLAND_1_N001,Node,42.4912,42.4912,0.0,0.0,0.0
2025-10-19 05:25:00-07:00,2025-10-19 12:25:00+00:00,2025-10-19 05:30:00-07:00,2025-10-19 12:30:00+00:00,REAL_TIME_5_MIN,PGSF_2_PDRP58-APND,AP Node,42.4912,42.4912,0.0,0.0,0.0
2025-10-19 05:25:00-07:00,2025-10-19 12:25:00+00:00,2025-10-19 05:30:00-07:00,2025-10-19 12:30:00+00:00,REAL_TIME_5_MIN,SNJOSEB_1_N001,Node,42.4912,42.4912,0.0,0.0,0.0
2025-10-19 05:30:00-07:00,2025-10-19 12:30:00+00:00,2025-10-19 05:35:00-07:00,2025-10-19 12:35:00+00:00,REAL_TIME_5_MIN,OAKLAND_1_N001,Node,43.83236,43.64469,0.0,0.18767,0.0
2025-10-19 05:30:00-07:00,2025-10-19 12:30:00+00:00,2025-10-19 05:35:00-07:00,2025-10-19 12:35:00+00:00,REAL_TIME_5_MIN,PGSF_2_PDRP58-APND,AP Node,45.24826,43.64469,0.0,1.60357,0.0
2025-10-19 05:30:00-07:00,2025-10-19 12:30:00+00:00,2025-10-19 05:35:00-07:00,2025-10-19 12:35:00+00:00,REAL_TIME_5_MIN,SNJOSEB_1_N001,Node,44.73581,43.64469,0.0,1.09112,0.0
2025-10-19 05:35:00-07:00,2025-10-19 12:35:00+00:00,2025-10-19 05:40:00-07:00,2025-10-19 12:40:00+00:00,REAL_TIME_5_MIN,OAKLAND_1_N001,Node,43.84241,43.65469,0.0,0.18772,0.0
2025-10-19 05:35:00-07:00,2025-10-19 12:35:00+00:00,2025-10-19 05:40:00-07:00,2025-10-19 12:40:00+00:00,REAL_TIME_5_MIN,PGSF_2_PDRP58-APND,AP Node,45.25863,43.65469,0.0,1.60394,0.0
2025-10-19 05:35:00-07:00,2025-10-19 12:35:00+00:00,2025-10-19 05:40:00-07:00,2025-10-19 12:40:00+00:00,REAL_TIME_5_MIN,SNJOSEB_1_N001,Node,44.74606,43.65469,0.0,1.09137,0.0
2025-10-19 05:40:00-07:00,2025-10-19 12:40:00+00:00,2025-10-19 05:45:00-07:00,2025-10-19 12:45:00+00:00,REAL_TIME_5_MIN,OAKLAND_1_N001,Node,43.79455,43.60704,0.0,0.18751,0.0
2025-10-19 05:40:00-07:00,2025-10-19 12:40:00+00:00,2025-10-19 05:45:00-07:00,2025-10-19 12:45:00+00:00,REAL_TIME_5_MIN,PGSF_2_PDRP58-APND,AP Node,45.20923,43.60704,0.0,1.60219,0.0
2025-10-19 05:40:00-07:00,2025-10-19 12:40:00+00:00,2025-10-19 05:45:00-07:00,2025-10-19 12:45:00+00:00,REAL_TIME_5_MIN,SNJOSEB_1_N001,Node,44.69721,43.60704,0.0,1.09018,0.0
2025-10-19 05:45:00-07:00,2025-10-19 12:45:00+00:00,2025-10-19 05:50:00-07:00,2025-10-19 12:50:00+00:00,REAL_TIME_5_MIN,OAKLAND_1_N001,Node,47.70635,47.53049,0.0,0.17586,0.0
2025-10-19 05:45:00-07:00,2025-10-19 12:45:00+00:00,2025-10-19 05:50:00-07:00,2025-10-19 12:50:00+00:00,REAL_TIME_5_MIN,PGSF_2_PDRP58-APND,AP Node,48.97566,47.53049,0.0,1.44517,0.0
2025-10-19 05:45:00-07:00,2025-10-19 12:45:00+00:00,2025-10-19 05:50:00-07:00,2025-10-19 12:50:00+00:00,REAL_TIME_5_MIN,SNJOSEB_1_N001,Node,48.65696,47.53049,0.0,1.12647,0.0
2025-10-19 05:50:00-07:00,2025-10-19 12:50:00+00:00,2025-10-19 05:55:00-07:00,2025-10-19 12:55:00+00:00,REAL_TIME_5_MIN,OAKLAND_1_N001,Node,49.54184,49.35921,0.0,0.18263,0.0
2025-10-19 05:50:00-07:00,2025-10-19 12:50:00+00:00,2025-10-19 05:55:00-07:00,2025-10-19 12:55:00+00:00,REAL_TIME_5_MIN,PGSF_2_PDRP58-APND,AP Node,50.85998,49.35921,0.0,1.50077,0.0
2025-10-19 05:50:00-07:00,2025-10-19 12:50:00+00:00,2025-10-19 05:55:00-07:00,2025-10-19 12:55:00+00:00,REAL_TIME_5_MIN,SNJOSEB_1_N001,Node,50.52902,49.35921,0.0,1.16981,0.0
2025-10-19 05:55:00-07:00,2025-10-19 12:55:00+00:00,2025-10-19 06:00:00-07:00,2025-10-19 13:00:00+00:00,REAL_TIME_5_MIN,OAKLAND_1_N001,Node,49.59561,49.41278,0.0,0.18283,0.0
2025-10-19 05:55:00-07:00,2025-10-19 12:55:00+00:00,2025-10-19 06:00:00-07:00,2025-10-19 13:00:00+00:00,REAL_TIME_5_MIN,PGSF_2_PDRP58-APND,AP Node,50.91518,49.41278,0.0,1.5024,0.0
2025-10-19 05:55:00-07:00,2025-10-19 12:55:00+00:00,2025-10-19 06:00:00-07:00,2025-10-19 13:00:00+00:00,REAL_TIME_5_MIN,SNJOSEB_1_N001,Node,50.58387,49.41278,0.0,1.17108,0.0
2025-10-19 06:00:00-07:00,2025-10-19 13:00:00+00:00,2025-10-19 06:05:00-07:00,2025-10-19 13:05:00+00:00,REAL_TIME_5_MIN,OAKLAND_1_N001,Node,41.80714,41.47945,0.0,0.32769,0.0
2025-10-19 06:00:00-07:00,2025-10-19 13:00:00+00:00,2025-10-19 06:05:00-07:00,2025-10-19 13:05:00+00:00,REAL_TIME_5_MIN,PGSF_2_PDRP58-APND,AP Node,42.94797,41.47945,0.0,1.46852,0.0
2025-10-19 06:00:00-07:00,2025-10-19 13:00:00+00:00,2025-10-19 06:05:00-07:00,2025-10-19 13:05:00+00:00,REAL_TIME_5_MIN,SNJOSEB_1_N001,Node,42.65332,41.47945,0.0,1.17387,0.0
2025-10-19 06:05:00-07:00,2025-10-19 13:05:00+00:00,2025-10-19 06:10:00-07:00,2025-10-19 13:10:00+00:00,REAL_TIME_5_MIN,OAKLAND_1_N001,Node,45.51249,45.15576,0.0,0.35673,0.0
2025-10-19 06:05:00-07:00,2025-10-19 13:05:00+00:00,2025-10-19 06:10:00-07:00,2025-10-19 13:10:00+00:00,REAL_TIME_5_MIN,PGSF_2_PDRP58-APND,AP Node,46.75443,45.15576,0.0,1.59868,0.0
2025-10-19 06:05:00-07:00,2025-10-19 13:05:00+00:00,2025-10-19 06:10:00-07:00,2025-10-19 13:10:00+00:00,REAL_TIME_5_MIN,SNJOSEB_1_N001,Node,46.43366,45.15576,0.0,1.27791,0.0
2025-10-19 06:10:00-07:00,2025-10-19 13:10:00+00:00,2025-10-19 06:15:00-07:00,2025-10-19 13:15:00+00:00,REAL_TIME_5_MIN,OAKLAND_1_N001,Node,50.13515,49.74219,0.0,0.39296,0.0
2025-10-19 06:10:00-07:00,2025-10-19 13:10:00+00:00,2025-10-19 06:15:00-07:00,2025-10-19 13:15:00+00:00,REAL_TIME_5_MIN,PGSF_2_PDRP58-APND,AP Node,51.50324,49.74219,0.0,1.76105,0.0
2025-10-19 06:10:00-07:00,2025-10-19 13:10:00+00:00,2025-10-19 06:15:00-07:00,2025-10-19 13:15:00+00:00,REAL_TIME_5_MIN,SNJOSEB_1_N001,Node,51.1499,49.74219,0.0,1.4077,0.0
2025-10-19 06:15:00-07:00,2025-10-19 13:15:00+00:00,2025-10-19 06:20:00-07:00,2025-10-19 13:20:00+00:00,REAL_TIME_5_MIN,OAKLAND_1_N001,Node,50.48791,50.127,0.0,0.36091,0.0
2025-10-19 06:15:00-07:00,2025-10-19 13:15:00+00:00,2025-10-19 06:20:00-07:00,2025-10-19 13:20:00+00:00,REAL_TIME_5_MIN,PGSF_2_PDRP58-APND,AP Node,51.89346,50.127,0.0,1.76646,0.0
2025-10-19 06:15:00-07:00,2025-10-19 13:15:00+00:00,2025-10-19 06:20:00-07:00,2025-10-19 13:20:00+00:00,REAL_TIME_5_MIN,SNJOSEB_1_N001,Node,51.52554,50.127,0.0,1.39854,0.0
2025-10-19 06:20:00-07:00,2025-10-19 13:20:00+00:00,2025-10-19 06:25:00-07:00,2025-10-19 13:25:00+00:00,REAL_TIME_5_MIN,OAKLAND_1_N001,Node,51.19433,50.82837,0.0,0.36596,0.0
2025-10-19 06:20:00-07:00,2025-10-19 13:20:00+00:00,2025-10-19 06:25:00-07:00,2025-10-19 13:25:00+00:00,REAL_TIME_5_MIN,PGSF_2_PDRP58-APND,AP Node,52.61954,50.82837,0.0,1.79117,0.0
2025-10-19 06:20:00-07:00,2025-10-19 13:20:00+00:00,2025-10-19 06:25:00-07:00,2025-10-19 13:25:00+00:00,REAL_TIME_5_MIN,SNJOSEB_1_N001,Node,52.24648,50.82837,0.0,1.41811,0.0
2025-10-19 06:25:00-07:00,2025-10-19 13:25:00+00:00,2025-10-19 06:30:00-07:00,2025-10-19 13:30:00+00:00,REAL_TIME_5_MIN,OAKLAND_1_N001,Node,51.15376,50.78809,0.0,0.36567,0.0
2025-10-19 06:25:00-07:00,2025-10-19 13:25:00+00:00,2025-10-19 06:30:00-07:00,2025-10-19 13:30:00+00:00,REAL_TIME_5_MIN,PGSF_2_PDRP58-APND,AP Node,52.57784,50.78809,0.0,1.78975,0.0
2025-10-19 06:25:00-07:00,2025-10-19 13:25:00+00:00,2025-10-19 06:30:00-07:00,2025-10-19 13:30:00+00:00,REAL_TIME_5_MIN,SNJOSEB_1_N001,Node,52.20507,50.78809,0.0,1.41699,0.0
2025-10-19 06:30:00-07:00,2025-10-19 13:30:00+00:00,2025-10-19 06:35:00-07:00,2025-10-19 13:35:00+00:00,REAL_TIME_5_MIN,OAKLAND_1_N001,Node,56.30492,55.67578,0.0,0.62914,0.0
2025-10-19 06:30:00-07:00,2025-10-19 13:30:00+00:00,2025-10-19 06:35:00-07:00,2025-10-19 13:35:00+00:00,REAL_TIME_5_MIN,PGSF_2_PDRP58-APND,AP Node,57.7881,55.67578,0.0,2.11232,0.0
2025-10-19 06:30:00-07:00,2025-10-19 13:30:00+00:00,2025-10-19 06:35:00-07:00,2025-10-19 13:35:00+00:00,REAL_TIME_5_MIN,SNJOSEB_1_N001,Node,57.37389,55.67578,0.0,1.69811,0.0
2025-10-19 06:35:00-07:00,2025-10-19 13:35:00+00:00,2025-10-19 06:40:00-07:00,2025-10-19 13:40:00+00:00,REAL_TIME_5_MIN,OAKLAND_1_N001,Node,54.92053,54.30686,0.0,0.61367,0.0
2025-10-19 06:35:00-07:00,2025-10-19 13:35:00+00:00,2025-10-19 06:40:00-07:00,2025-10-19 13:40:00+00:00,REAL_TIME_5_MIN,PGSF_2_PDRP58-APND,AP Node,56.36724,54.30686,0.0,2.06038,0.0
2025-10-19 06:35:00-07:00,2025-10-19 13:35:00+00:00,2025-10-19 06:40:00-07:00,2025-10-19 13:40:00+00:00,REAL_TIME_5_MIN,SNJOSEB_1_N001,Node,55.96322,54.30686,0.0,1.65636,0.0
2025-10-19 06:40:00-07:00,2025-10-19 13:40:00+00:00,2025-10-19 06:45:00-07:00,2025-10-19 13:45:00+00:00,REAL_TIME_5_MIN,OAKLAND_1_N001,Node,54.94621,54.33226,0.0,0.61395,0.0
2025-10-19 06:40:00-07:00,2025-10-19 13:40:00+00:00,2025-10-19 06:45:00-07:00,2025-10-19 13:45:00+00:00,REAL_TIME_5_MIN,PGSF_2_PDRP58-APND,AP Node,56.3936,54.33226,0.0,2.06135,0.0
2025-10-19 06:40:00-07:00,2025-10-19 13:40:00+00:00,2025-10-19 06:45:00-07:00,2025-10-19 13:45:00+00:00,REAL_TIME_5_MIN,SNJOSEB_1_N001,Node,55.98939,54.33226,0.0,1.65713,0.0
2025-10-19 06:45:00-07:00,2025-10-19 13:45:00+00:00,2025-10-19 06:50:00-07:00,2025-10-19 13:50:00+00:00,REAL_TIME_5_MIN,OAKLAND_1_N001,Node,54.79987,54.02728,0.0,0.77259,0.0
2025-10-19 06:45:00-07:00,2025-10-19 13:45:00+00:00,2025-10-19 06:50:00-07:00,2025-10-19 13:50:00+00:00,REAL_TIME_5_MIN,PGSF_2_PDRP58-APND,AP Node,56.21753,54.02728,0.0,2.19025,0.0
2025-10-19 06:45:00-07:00,2025-10-19 13:45:00+00:00,2025-10-19 06:50:00-07:00,2025-10-19 13:50:00+00:00,REAL_TIME_5_MIN,SNJOSEB_1_N001,Node,55.80478,54.02728,0.0,1.7775,0.0
2025-10-19 06:50:00-07:00,2025-10-19 13:50:00+00:00,2025-10-19 06:55:00-07:00,2025-10-19 13:55:00+00:00,REAL_TIME_5_MIN,OAKLAND_1_N001,Node,55.11872,54.34164,0.0,0.77709,0.0
2025-10-19 06:50:00-07:00,2025-10-19 13:50:00+00:00,2025-10-19 06:55:00-07:00,2025-10-19 13:55:00+00:00,REAL_TIME_5_MIN,PGSF_2_PDRP58-APND,AP Node,56.54463,54.34164,0.0,2.20299,0.0
2025-10-19 06:50:00-07:00,2025-10-19 13:50:00+00:00,2025-10-19 06:55:00-07:00,2025-10-19 13:55:00+00:00,REAL_TIME_5_MIN,SNJOSEB_1_N001,Node,56.12948,54.34164,0.0,1.78784,0.0
2025-10-19 06:55:00-07:00,2025-10-19 13:55:00+00:00,2025-10-19 07:00:00-07:00,2025-10-19 14:00:00+00:00,REAL_TIME_5_MIN,OAKLAND_1_N001,Node,55.12496,54.34779,0.0,0.77717,0.0
2025-10-19 06:55:00-07:00,2025-10-19 13:55:00+00:00,2025-10-19 07:00:00-07:00,2025-10-19 14:00:00+00:00,REAL_TIME_5_MIN,PGSF_2_PDRP58-APND,AP Node,56.55103,54.34779,0.0,2.20324,0.0
2025-10-19 06:55:00-07:00,2025-10-19 13:55:00+00:00,2025-10-19 07:00:00-07:00,2025-10-19 14:00:00+00:00,REAL_TIME_5_MIN,SNJOSEB_1_N001,Node,56.13583,54.34779,0.0,1.78804,0.0
2025-10-19 07:00:00-07:00,2025-10-19 14:00:00+00:00,2025-10-19 07:05:00-07:00,2025-10-19 14:05:00+00:00,REAL_TIME_5_MIN,OAKLAND_1_N001,Node,59.29342,58.25073,0.0,1.04269,0.0
2025-10-19 07:00:00-07:00,2025-10-19 14:00:00+00:00,2025-10-19 07:05:00-07:00,2025-10-19 14:05:00+00:00,REAL_TIME_5_MIN,PGSF_2_PDRP58-APND,AP Node,60.88006,58.25073,0.0,2.62933,0.0
2025-10-19 07:00:00-07:00,2025-10-19 14:00:00+00:00,2025-10-19 07:05:00-07:00,2025-10-19 14:05:00+00:00,REAL_TIME_5_MIN,SNJOSEB_1_N001,Node,60.39435,58.25073,0.0,2.14363,0.0
2025-10-19 07:05:00-07:00,2025-10-19 14:05:00+00:00,2025-10-19 07:10:00-07:00,2025-10-19 14:10:00+00:00,REAL_TIME_5_MIN,OAKLAND_1_N001,Node,59.99528,58.94025,0.0,1.05503,0.0
2025-10-19 07:05:00-07:00,2025-10-19 14:05:00+00:00,2025-10-19 07:10:00-07:00,2025-10-19 14:10:00+00:00,REAL_TIME_5_MIN,PGSF_2_PDRP58-APND,AP Node,61.60071,58.94025,0.0,2.66046,0.0
2025-10-19 07:05:00-07:00,2025-10-19 14:05:00+00:00,2025-10-19 07:10:00-07:00,2025-10-19 14:10:00+00:00,REAL_TIME_5_MIN,SNJOSEB_1_N001,Node,61.10925,58.94025,0.0,2.169,0.0
2025-10-19 07:10:00-07:00,2025-10-19 14:10:00+00:00,2025-10-19 07:15:00-07:00,2025-10-19 14:15:00+00:00,REAL_TIME_5_MIN,OAKLAND_1_N001,Node,56.89311,55.89264,0.0,1.00048,0.0
2025-10-19 07:10:00-07:00,2025-10-19 14:10:00+00:00,2025-10-19 07:15:00-07:00,2025-10-19 14:15:00+00:00,REAL_TIME_5_MIN,PGSF_2_PDRP58-APND,AP Node,58.41553,55.89264,0.0,2.52289,0.0
2025-10-19 07:10:00-07:00,2025-10-19 14:10:00+00:00,2025-10-19 07:15:00-07:00,2025-10-19 14:15:00+00:00,REAL_TIME_5_MIN,SNJOSEB_1_N001,Node,57.94949,55.89264,0.0,2.05685,0.0
2025-10-19 07:15:00-07:00,2025-10-19 14:15:00+00:00,2025-10-19 07:20:00-07:00,2025-10-19 14:20:00+00:00,REAL_TIME_5_MIN,OAKLAND_1_N001,Node,55.38769,53.69106,0.0,1.69664,0.0
2025-10-19 07:15:00-07:00,2025-10-19 14:15:00+00:00,2025-10-19 07:20:00-07:00,2025-10-19 14:20:00+00:00,REAL_TIME_5_MIN,PGSF_2_PDRP58-APND,AP Node,56.7978,53.69106,0.0,3.10674,0.0
2025-10-19 07:15:00-07:00,2025-10-19 14:15:00+00:00,2025-10-19 07:20:00-07:00,2025-10-19 14:20:00+00:00,REAL_TIME_5_MIN,SNJOSEB_1_N001,Node,56.29507,53.69106,0.0,2.60402,0.0
2025-10-19 07:20:00-07:00,2025-10-19 14:20:00+00:00,2025-10-19 07:25:00-07:00,2025-10-19 14:25:00+00:00,REAL_TIME_5_MIN,OAKLAND_1_N001,Node,52.40877,50.80338,0.0,1.60539,0.0
2025-10-19 07:20:00-07:00,2025-10-19 14:20:00+00:00,2025-10-19 07:25:00-07:00,2025-10-19 14:25:00+00:00,REAL_TIME_5_MIN,PGSF_2_PDRP58-APND,AP Node,53.74304,50.80338,0.0,2.93965,0.0
2025-10-19 07:20:00-07:00,2025-10-19 14:20:00+00:00,2025-10-19 07:25:00-07:00,2025-10-19 14:25:00+00:00,REAL_TIME_5_MIN,SNJOSEB_1_N001,Node,53.26735,50.80338,0.0,2.46396,0.0
2025-10-19 07:25:00-07:00,2025-10-19 14:25:00+00:00,2025-10-19 07:30:00-07:00,2025-10-19 14:30:00+00:00,REAL_TIME_5_MIN,OAKLAND_1_N001,Node,45.47264,44.07972,0.0,1.39292,0.0
2025-10-19 07:25:00-07:00,2025-10-19 14:25:00+00:00,2025-10-19 07:30:00-07:00,2025-10-19 14:30:00+00:00,REAL_TIME_5_MIN,PGSF_2_PDRP58-APND,AP Node,46.63032,44.07972,0.0,2.5506,0.0
2025-10-19 07:25:00-07:00,2025-10-19 14:25:00+00:00,2025-10-19 07:30:00-07:00,2025-10-19 14:30:00+00:00,REAL_TIME_5_MIN,SNJOSEB_1_N001,Node,46.21759,44.07972,0.0,2.13787,0.0
2025-10-19 07:30:00-07:00,2025-10-19 14:30:00+00:00,2025-10-19 07:35:00-07:00,2025-10-19 14:35:00+00:00,REAL_TIME_5_MIN,OAKLAND_1_N001,Node,41.55828,39.38053,0.0,2.17774,0.0
2025-10-19 07:30:00-07:00,2025-10-19 14:30:00+00:00,2025-10-19 07:35:00-07:00,2025-10-19 14:35:00+00:00,REAL_TIME_5_MIN,PGSF_2_PDRP58-APND,AP Node,42.54665,39.38053,0.0,3.16611,0.0
2025-10-19 07:30:00-07:00,2025-10-19 14:30:00+00:00,2025-10-19 07:35:00-07:00,2025-10-19 14:35:00+00:00,REAL_TIME_5_MIN,SNJOSEB_1_N001,Node,42.1293,39.38053,0.0,2.74876,0.0
2025-10-19 07:35:00-07:00,2025-10-19 14:35:00+00:00,2025-10-19 07:40:00-07:00,2025-10-19 14:40:00+00:00,REAL_TIME_5_MIN,OAKLAND_1_N001,Node,37.01711,35.07733,0.0,1.93978,0.0
2025-10-19 07:35:00-07:00,2025-10-19 14:35:00+00:00,2025-10-19 07:40:00-07:00,2025-10-19 14:40:00+00:00,REAL_TIME_5_MIN,PGSF_2_PDRP58-APND,AP Node,37.89748,35.07733,0.0,2.82014,0.0
2025-10-19 07:35:00-07:00,2025-10-19 14:35:00+00:00,2025-10-19 07:40:00-07:00,2025-10-19 14:40:00+00:00,REAL_TIME_5_MIN,SNJOSEB_1_N001,Node,37.52573,35.07733,0.0,2.4484,0.0
2025-10-19 07:40:00-07:00,2025-10-19 14:40:00+00:00,2025-10-19 07:45:00-07:00,2025-10-19 14:45:00+00:00,REAL_TIME_5_MIN,OAKLAND_1_N001,Node,35.92649,34.04387,0.0,1.88263,0.0
2025-10-19 07:40:00-07:00,2025-10-19 14:40:00+00:00,2025-10-19 07:45:00-07:00,2025-10-19 14:45:00+00:00,REAL_TIME_5_MIN,PGSF_2_PDRP58-APND,AP Node,36.78092,34.04387,0.0,2.73706,0.0
2025-10-19 07:40:00-07:00,2025-10-19 14:40:00+00:00,2025-10-19 07:45:00-07:00,2025-10-19 14:45:00+00:00,REAL_TIME_5_MIN,SNJOSEB_1_N001,Node,36.42013,34.04387,0.0,2.37626,0.0
2025-10-19 07:45:00-07:00,2025-10-19 14:45:00+00:00,2025-10-19 07:50:00-07:00,2025-10-19 14:50:00+00:00,REAL_TIME_5_MIN,OAKLAND_1_N001,Node,34.47086,32.55039,0.0,1.92047,0.0
2025-10-19 07:45:00-07:00,2025-10-19 14:45:00+00:00,2025-10-19 07:50:00-07:00,2025-10-19 14:50:00+00:00,REAL_TIME_5_MIN,PGSF_2_PDRP58-APND,AP Node,35.31588,32.55039,0.0,2.7655,0.0
2025-10-19 07:45:00-07:00,2025-10-19 14:45:00+00:00,2025-10-19 07:50:00-07:00,2025-10-19 14:50:00+00:00,REAL_TIME_5_MIN,SNJOSEB_1_N001,Node,34.94935,32.55039,0.0,2.39896,0.0
2025-10-19 07:50:00-07:00,2025-10-19 14:50:00+00:00,2025-10-19 07:55:00-07:00,2025-10-19 14:55:00+00:00,REAL_TIME_5_MIN,OAKLAND_1_N001,Node,30.49749,28.79838,0.0,1.6991,0.0
2025-10-19 07:50:00-07:00,2025-10-19 14:50:00+00:00,2025-10-19 07:55:00-07:00,2025-10-19 14:55:00+00:00,REAL_TIME_5_MIN,PGSF_2_PDRP58-APND,AP Node,31.24511,28.79838,0.0,2.44672,0.0
2025-10-19 07:50:00-07:00,2025-10-19 14:50:00+00:00,2025-10-19 07:55:00-07:00,2025-10-19 14:55:00+00:00,REAL_TIME_5_MIN,SNJOSEB_1_N001,Node,30.92082,28.79838,0.0,2.12244,0.0
2025-10-19 07:55:00-07:00,2025-10-19 14:55:00+00:00,2025-10-19 08:00:00-07:00,2025-10-19 15:00:00+00:00,REAL_TIME_5_MIN,OAKLAND_1_N001,Node,29.63169,24.91419,3.24756,1.46994,0.0
2025-10-19 07:55:00-07:00,2025-10-19 14:55:00+00:00,2025-10-19 08:00:00-07:00,2025-10-19 15:00:00+00:00,REAL_TIME_5_MIN,PGSF_2_PDRP58-APND,AP Node,30.36217,24.91419,3.33126,2.11672,0.0
2025-10-19 07:55:00-07:00,2025-10-19 14:55:00+00:00,2025-10-19 08:00:00-07:00,2025-10-19 15:00:00+00:00,REAL_TIME_5_MIN,SNJOSEB_1_N001,Node,30.11511,24.91419,3.36474,1.83618,0.0
2025-10-19 08:00:00-07:00,2025-10-19 15:00:00+00:00,2025-10-19 08:05:00-07:00,2025-10-19 15:05:00+00:00,REAL_TIME_5_MIN,OAKLAND_1_N001,Node,35.02144,26.10007,7.11003,1.81134,0.0
2025-10-19 08:00:00-07:00,2025-10-19 15:00:00+00:00,2025-10-19 08:05:00-07:00,2025-10-19 15:05:00+00:00,REAL_TIME_5_MIN,PGSF_2_PDRP58-APND,AP Node,35.71474,26.10007,7.28073,2.33395,0.0
2025-10-19 08:00:00-07:00,2025-10-19 15:00:00+00:00,2025-10-19 08:05:00-07:00,2025-10-19 15:05:00+00:00,REAL_TIME_5_MIN,SNJOSEB_1_N001,Node,35.4166,26.10007,7.28073,2.03581,0.0
2025-10-19 08:05:00-07:00,2025-10-19 15:05:00+00:00,2025-10-19 08:10:00-07:00,2025-10-19 15:10:00+00:00,REAL_TIME_5_MIN,OAKLAND_1_N001,Node,37.65634,31.43709,4.03752,2.18173,0.0
2025-10-19 08:05:00-07:00,2025-10-19 15:05:00+00:00,2025-10-19 08:10:00-07:00,2025-10-19 15:10:00+00:00,REAL_TIME_5_MIN,PGSF_2_PDRP58-APND,AP Node,38.38429,31.43709,4.136,2.8112,0.0
2025-10-19 08:05:00-07:00,2025-10-19 15:05:00+00:00,2025-10-19 08:10:00-07:00,2025-10-19 15:10:00+00:00,REAL_TIME_5_MIN,SNJOSEB_1_N001,Node,38.02518,31.43709,4.136,2.45209,0.0
2025-10-19 08:10:00-07:00,2025-10-19 15:10:00+00:00,2025-10-19 08:15:00-07:00,2025-10-19 15:15:00+00:00,REAL_TIME_5_MIN,OAKLAND_1_N001,Node,41.277,32.50001,6.52148,2.2555,0.0
2025-10-19 08:10:00-07:00,2025-10-19 15:10:00+00:00,2025-10-19 08:15:00-07:00,2025-10-19 15:15:00+00:00,REAL_TIME_5_MIN,PGSF_2_PDRP58-APND,AP Node,42.12121,32.50001,6.71495,2.90625,0.0
2025-10-19 08:10:00-07:00,2025-10-19 15:10:00+00:00,2025-10-19 08:15:00-07:00,2025-10-19 15:15:00+00:00,REAL_TIME_5_MIN,SNJOSEB_1_N001,Node,41.74996,32.50001,6.71495,2.535,0.0
2025-10-19 08:15:00-07:00,2025-10-19 15:15:00+00:00,2025-10-19 08:20:00-07:00,2025-10-19 15:20:00+00:00,REAL_TIME_5_MIN,OAKLAND_1_N001,Node,35.18202,23.43817,10.07037,1.67349,0.0
2025-10-19 08:15:00-07:00,2025-10-19 15:15:00+00:00,2025-10-19 08:20:00-07:00,2025-10-19 15:20:00+00:00,REAL_TIME_5_MIN,PGSF_2_PDRP58-APND,AP Node,36.78646,23.43817,11.17334,2.17495,0.0
2025-10-19 08:15:00-07:00,2025-10-19 15:15:00+00:00,2025-10-19 08:20:00-07:00,2025-10-19 15:20:00+00:00,REAL_TIME_5_MIN,SNJOSEB_1_N001,Node,36.53456,23.43817,11.20025,1.89615,0.0
2025-10-19 08:20:00-07:00,2025-10-19 15:20:00+00:00,2025-10-19 08:25:00-07:00,2025-10-19 15:25:00+00:00,REAL_TIME_5_MIN,OAKLAND_1_N001,Node,34.53384,19.5832,13.5524,1.39824,0.0
2025-10-19 08:20:00-07:00,2025-10-19 15:20:00+00:00,2025-10-19 08:25:00-07:00,2025-10-19 15:25:00+00:00,REAL_TIME_5_MIN,PGSF_2_PDRP58-APND,AP Node,35.96276,19.5832,14.56234,1.81722,0.0
2025-10-19 08:20:00-07:00,2025-10-19 15:20:00+00:00,2025-10-19 08:25:00-07:00,2025-10-19 15:25:00+00:00,REAL_TIME_5_MIN,SNJOSEB_1_N001,Node,35.77998,19.5832,14.61249,1.58428,0.0
2025-10-19 08:25:00-07:00,2025-10-19 15:25:00+00:00,2025-10-19 08:30:00-07:00,2025-10-19 15:30:00+00:00,REAL_TIME_5_MIN,OAKLAND_1_N001,Node,34.84889,18.30459,15.23736,1.30695,0.0
2025-10-19 08:25:00-07:00,2025-10-19 15:25:00+00:00,2025-10-19 08:30:00-07:00,2025-10-19 15:30:00+00:00,REAL_TIME_5_MIN,PGSF_2_PDRP58-APND,AP Node,35.47218,18.30459,15.46901,1.69858,0.0
2025-10-19 08:25:00-07:00,2025-10-19 15:25:00+00:00,2025-10-19 08:30:00-07:00,2025-10-19 15:30:00+00:00,REAL_TIME_5_MIN,SNJOSEB_1_N001,Node,35.27802,18.30459,15.49259,1.48084,0.0
2025-10-19 08:30:00-07:00,2025-10-19 15:30:00+00:00,2025-10-19 08:35:00-07:00,2025-10-19 15:35:00+00:00,REAL_TIME_5_MIN,OAKLAND_1_N001,Node,33.41459,16.47718,15.77412,1.16329,0.0
2025-10-19 08:30:00-07:00,2025-10-19 15:30:00+00:00,2025-10-19 08:35:00-07:00,2025-10-19 15:35:00+00:00,REAL_TIME_5_MIN,PGSF_2_PDRP58-APND,AP Node,33.78616,16.47718,15.79376,1.51523,0.0
2025-10-19 08:30:00-07:00,2025-10-19 15:30:00+00:00,2025-10-19 08:35:00-07:00,2025-10-19 15:35:00+00:00,REAL_TIME_5_MIN,SNJOSEB_1_N001,Node,30.72663,16.47718,12.92963,1.31982,0.0
2025-10-19 08:35:00-07:00,2025-10-19 15:35:00+00:00,2025-10-19 08:40:00-07:00,2025-10-19 15:40:00+00:00,REAL_TIME_5_MIN,OAKLAND_1_N001,Node,26.22501,12.37394,12.97747,0.8736,0.0
2025-10-19 08:35:00-07:00,2025-10-19 15:35:00+00:00,2025-10-19 08:40:00-07:00,2025-10-19 15:40:00+00:00,REAL_TIME_5_MIN,PGSF_2_PDRP58-APND,AP Node,26.43724,12.37394,12.9254,1.1379,0.0
2025-10-19 08:35:00-07:00,2025-10-19 15:35:00+00:00,2025-10-19 08:40:00-07:00,2025-10-19 15:40:00+00:00,REAL_TIME_5_MIN,SNJOSEB_1_N001,Node,23.0361,12.37394,9.671,0.99115,0.0
2025-10-19 08:40:00-07:00,2025-10-19 15:40:00+00:00,2025-10-19 08:45:00-07:00,2025-10-19 15:45:00+00:00,REAL_TIME_5_MIN,OAKLAND_1_N001,Node,25.0408,11.27742,12.96719,0.79619,0.0
2025-10-19 08:40:00-07:00,2025-10-19 15:40:00+00:00,2025-10-19 08:45:00-07:00,2025-10-19 15:45:00+00:00,REAL_TIME_5_MIN,PGSF_2_PDRP58-APND,AP Node,25.21584,11.27742,12.90135,1.03706,0.0
2025-10-19 08:40:00-07:00,2025-10-19 15:40:00+00:00,2025-10-19 08:45:00-07:00,2025-10-19 15:45:00+00:00,REAL_TIME_5_MIN,SNJOSEB_1_N001,Node,20.88134,11.27742,8.7006,0.90332,0.0
2025-10-19 08:45:00-07:00,2025-10-19 15:45:00+00:00,2025-10-19 08:50:00-07:00,2025-10-19 15:50:00+00:00,REAL_TIME_5_MIN,OAKLAND_1_N001,Node,24.46592,11.32737,12.34677,0.79178,0.0
2025-10-19 08:45:00-07:00,2025-10-19 15:45:00+00:00,2025-10-19 08:50:00-07:00,2025-10-19 15:50:00+00:00,REAL_TIME_5_MIN,PGSF_2_PDRP58-APND,AP Node,24.67966,11.32737,12.2798,1.07249,0.0
2025-10-19 08:45:00-07:00,2025-10-19 15:45:00+00:00,2025-10-19 08:50:00-07:00,2025-10-19 15:50:00+00:00,REAL_TIME_5_MIN,SNJOSEB_1_N001,Node,19.43651,11.32737,7.19163,0.91752,0.0
2025-10-19 08:50:00-07:00,2025-10-19 15:50:00+00:00,2025-10-19 08:55:00-07:00,2025-10-19 15:55:00+00:00,REAL_TIME_5_MIN,OAKLAND_1_N001,Node,18.00499,7.59249,9.88178,0.53072,0.0
2025-10-19 08:50:00-07:00,2025-10-19 15:50:00+00:00,2025-10-19 08:55:00-07:00,2025-10-19 15:55:00+00:00,REAL_TIME_5_MIN,PGSF_2_PDRP58-APND,AP Node,18.05636,7.59249,9.745,0.71887,0.0
2025-10-19 08:50:00-07:00,2025-10-19 15:50:00+00:00,2025-10-19 08:55:00-07:00,2025-10-19 15:55:00+00:00,REAL_TIME_5_MIN,SNJOSEB_1_N001,Node,13.25931,7.59249,5.05183,0.61499,0.0
2025-10-19 08:55:00-07:00,2025-10-19 15:55:00+00:00,2025-10-19 09:00:00-07:00,2025-10-19 16:00:00+00:00,REAL_TIME_5_MIN,OAKLAND_1_N001,Node,15.20047,6.10089,8.67312,0.42645,0.0
2025-10-19 08:55:00-07:00,2025-10-19 15:55:00+00:00,2025-10-19 09:00:00-07:00,2025-10-19 16:00:00+00:00,REAL_TIME_5_MIN,PGSF_2_PDRP58-APND,AP Node,15.18891,6.10089,8.51038,0.57764,0.0
2025-10-19 08:55:00-07:00,2025-10-19 15:55:00+00:00,2025-10-19 09:00:00-07:00,2025-10-19 16:00:00+00:00,REAL_TIME_5_MIN,SNJOSEB_1_N001,Node,10.29254,6.10089,3.69748,0.49417,0.0
2025-10-19 09:00:00-07:00,2025-10-19 16:00:00+00:00,2025-10-19 09:05:00-07:00,2025-10-19 16:05:00+00:00,REAL_TIME_5_MIN,OAKLAND_1_N001,Node,34.41082,15.31531,17.94839,1.14712,0.0
2025-10-19 09:00:00-07:00,2025-10-19 16:00:00+00:00,2025-10-19 09:05:00-07:00,2025-10-19 16:05:00+00:00,REAL_TIME_5_MIN,PGSF_2_PDRP58-APND,AP Node,39.13686,15.31531,22.46162,1.35993,0.0
2025-10-19 09:00:00-07:00,2025-10-19 16:00:00+00:00,2025-10-19 09:05:00-07:00,2025-10-19 16:05:00+00:00,REAL_TIME_5_MIN,SNJOSEB_1_N001,Node,41.5778,15.31531,24.93312,1.32937,0.0
2025-10-19 09:05:00-07:00,2025-10-19 16:05:00+00:00,2025-10-19 09:10:00-07:00,2025-10-19 16:10:00+00:00,REAL_TIME_5_MIN,OAKLAND_1_N001,Node,34.48891,14.79765,18.58292,1.10834,0.0
2025-10-19 09:05:00-07:00,2025-10-19 16:05:00+00:00,2025-10-19 09:10:00-07:00,2025-10-19 16:10:00+00:00,REAL_TIME_5_MIN,PGSF_2_PDRP58-APND,AP Node,40.0662,14.79765,23.95459,1.31396,0.0
2025-10-19 09:05:00-07:00,2025-10-19 16:05:00+00:00,2025-10-19 09:10:00-07:00,2025-10-19 16:10:00+00:00,REAL_TIME_5_MIN,SNJOSEB_1_N001,Node,43.36798,14.79765,27.2859,1.28444,0.0
2025-10-19 09:10:00-07:00,2025-10-19 16:10:00+00:00,2025-10-19 09:15:00-07:00,2025-10-19 16:15:00+00:00,REAL_TIME_5_MIN,OAKLAND_1_N001,Node,34.50553,14.6851,18.72052,1.09991,0.0
2025-10-19 09:10:00-07:00,2025-10-19 16:10:00+00:00,2025-10-19 09:15:00-07:00,2025-10-19 16:15:00+00:00,REAL_TIME_5_MIN,PGSF_2_PDRP58-APND,AP Node,40.2184,14.6851,24.22933,1.30397,0.0
2025-10-19 09:10:00-07:00,2025-10-19 16:10:00+00:00,2025-10-19 09:15:00-07:00,2025-10-19 16:15:00+00:00,REAL_TIME_5_MIN,SNJOSEB_1_N001,Node,43.64974,14.6851,27.68998,1.27467,0.0
2025-10-19 09:15:00-07:00,2025-10-19 16:15:00+00:00,2025-10-19 09:20:00-07:00,2025-10-19 16:20:00+00:00,REAL_TIME_5_MIN,OAKLAND_1_N001,Node,38.39245,15.56844,21.69374,1.13027,0.0
2025-10-19 09:15:00-07:00,2025-10-19 16:15:00+00:00,2025-10-19 09:20:00-07:00,2025-10-19 16:20:00+00:00,REAL_TIME_5_MIN,PGSF_2_PDRP58-APND,AP Node,45.39088,15.56844,28.36901,1.45342,0.0
2025-10-19 09:15:00-07:00,2025-10-19 16:15:00+00:00,2025-10-19 09:20:00-07:00,2025-10-19 16:20:00+00:00,REAL_TIME_5_MIN,SNJOSEB_1_N001,Node,50.21946,15.56844,33.32147,1.32954,0.0
2025-10-19 09:20:00-07:00,2025-10-19 16:20:00+00:00,2025-10-19 09:25:00-07:00,2025-10-19 16:25:00+00:00,REAL_TIME_5_MIN,OAKLAND_1_N001,Node,44.048,15.97211,26.91631,1.15958,0.0
2025-10-19 09:20:00-07:00,2025-10-19 16:20:00+00:00,2025-10-19 09:25:00-07:00,2025-10-19 16:25:00+00:00,REAL_TIME_5_MIN,PGSF_2_PDRP58-APND,AP Node,54.27182,15.97211,36.8086,1.49111,0.0
2025-10-19 09:20:00-07:00,2025-10-19 16:20:00+00:00,2025-10-19 09:25:00-07:00,2025-10-19 16:25:00+00:00,REAL_TIME_5_MIN,SNJOSEB_1_N001,Node,64.10804,15.97211,46.77191,1.36402,0.0
2025-10-19 09:25:00-07:00,2025-10-19 16:25:00+00:00,2025-10-19 09:30:00-07:00,2025-10-19 16:30:00+00:00,REAL_TIME_5_MIN,OAKLAND_1_N001,Node,44.04385,15.90416,26.98504,1.15464,0.0
2025-10-19 09:25:00-07:00,2025-10-19 16:25:00+00:00,2025-10-19 09:30:00-07:00,2025-10-19 16:30:00+00:00,REAL_TIME_5_MIN,PGSF_2_PDRP58-APND,AP Node,54.30407,15.90416,36.91515,1.48477,0.0
2025-10-19 09:25:00-07:00,2025-10-19 16:25:00+00:00,2025-10-19 09:30:00-07:00,2025-10-19 16:30:00+00:00,REAL_TIME_5_MIN,SNJOSEB_1_N001,Node,64.16754,15.90416,46.90517,1.35822,0.0
2025-10-19 09:30:00-07:00,2025-10-19 16:30:00+00:00,2025-10-19 09:35:00-07:00,2025-10-19 16:35:00+00:00,REAL_TIME_5_MIN,OAKLAND_1_N001,Node,44.25247,18.79904,24.21833,1.2351,0.0
2025-10-19 09:30:00-07:00,2025-10-19 16:30:00+00:00,2025-10-19 09:35:00-07:00,2025-10-19 16:35:00+00:00,REAL_TIME_5_MIN,PGSF_2_PDRP58-APND,AP Node,53.49398,18.79904,33.17301,1.52193,0.0
2025-10-19 09:30:00-07:00,2025-10-19 16:30:00+00:00,2025-10-19 09:35:00-07:00,2025-10-19 16:35:00+00:00,REAL_TIME_5_MIN,SNJOSEB_1_N001,Node,63.13133,18.79904,42.86597,1.46632,0.0
2025-10-19 09:35:00-07:00,2025-10-19 16:35:00+00:00,2025-10-19 09:40:00-07:00,2025-10-19 16:40:00+00:00,REAL_TIME_5_MIN,OAKLAND_1_N001,Node,40.3021,20.60456,18.34382,1.35372,0.0
2025-10-19 09:35:00-07:00,2025-10-19 16:35:00+00:00,2025-10-19 09:40:00-07:00,2025-10-19 16:40:00+00:00,REAL_TIME_5_MIN,PGSF_2_PDRP58-APND,AP Node,48.72613,20.60456,26.45347,1.66811,0.0
2025-10-19 09:35:00-07:00,2025-10-19 16:35:00+00:00,2025-10-19 09:40:00-07:00,2025-10-19 16:40:00+00:00,REAL_TIME_5_MIN,SNJOSEB_1_N001,Node,57.49268,20.60456,35.28097,1.60716,0.0
2025-10-19 09:40:00-07:00,2025-10-19 16:40:00+00:00,2025-10-19 09:45:00-07:00,2025-10-19 16:45:00+00:00,REAL_TIME_5_MIN,OAKLAND_1_N001,Node,43.52615,21.11736,21.02138,1.38741,0.0
2025-10-19 09:40:00-07:00,2025-10-19 16:40:00+00:00,2025-10-19 09:45:00-07:00,2025-10-19 16:45:00+00:00,REAL_TIME_5_MIN,PGSF_2_PDRP58-APND,AP Node,52.53723,21.11736,29.71025,1.70962,0.0
2025-10-19 09:40:00-07:00,2025-10-19 16:40:00+00:00,2025-10-19 09:45:00-07:00,2025-10-19 16:45:00+00:00,REAL_TIME_5_MIN,SNJOSEB_1_N001,Node,61.91287,21.11736,39.14836,1.64715,0.0
2025-10-19 09:45:00-07:00,2025-10-19 16:45:00+00:00,2025-10-19 09:50:00-07:00,2025-10-19 16:50:00+00:00,REAL_TIME_5_MIN,OAKLAND_1_N001,Node,44.24775,22.10302,20.62624,1.51848,0.0
2025-10-19 09:45:00-07:00,2025-10-19 16:45:00+00:00,2025-10-19 09:50:00-07:00,2025-10-19 16:50:00+00:00,REAL_TIME_5_MIN,PGSF_2_PDRP58-APND,AP Node,54.18545,22.10302,30.22003,1.86239,0.0
2025-10-19 09:45:00-07:00,2025-10-19 16:45:00+00:00,2025-10-19 09:50:00-07:00,2025-10-19 16:50:00+00:00,REAL_TIME_5_MIN,SNJOSEB_1_N001,Node,63.73608,22.10302,39.8405,1.79256,0.0
2025-10-19 09:50:00-07:00,2025-10-19 16:50:00+00:00,2025-10-19 09:55:00-07:00,2025-10-19 16:55:00+00:00,REAL_TIME_5_MIN,OAKLAND_1_N001,Node,44.01036,22.86104,19.57877,1.57055,0.0
2025-10-19 09:50:00-07:00,2025-10-19 16:50:00+00:00,2025-10-19 09:55:00-07:00,2025-10-19 16:55:00+00:00,REAL_TIME_5_MIN,PGSF_2_PDRP58-APND,AP Node,53.47476,22.86104,28.68746,1.92626,0.0
2025-10-19 09:50:00-07:00,2025-10-19 16:50:00+00:00,2025-10-19 09:55:00-07:00,2025-10-19 16:55:00+00:00,REAL_TIME_5_MIN,SNJOSEB_1_N001,Node,62.55174,22.86104,37.83667,1.85403,0.0
2025-10-19 09:55:00-07:00,2025-10-19 16:55:00+00:00,2025-10-19 10:00:00-07:00,2025-10-19 17:00:00+00:00,REAL_TIME_5_MIN,OAKLAND_1_N001,Node,44.29441,24.57183,18.03449,1.68808,0.0
2025-10-19 09:55:00-07:00,2025-10-19 16:55:00+00:00,2025-10-19 10:00:00-07:00,2025-10-19 17:00:00+00:00,REAL_TIME_5_MIN,PGSF_2_PDRP58-APND,AP Node,53.56063,24.57183,26.91839,2.07041,0.0
2025-10-19 09:55:00-07:00,2025-10-19 16:55:00+00:00,2025-10-19 10:00:00-07:00,2025-10-19 17:00:00+00:00,REAL_TIME_5_MIN,SNJOSEB_1_N001,Node,62.44226,24.57183,35.87765,1.99278,0.0
2025-10-19 10:00:00-07:00,2025-10-19 17:00:00+00:00,2025-10-19 10:05:00-07:00,2025-10-19 17:05:00+00:00,REAL_TIME_5_MIN,OAKLAND_1_N001,Node,29.41102,20.84045,7.15134,1.41923,0.0
2025-10-19 10:00:00-07:00,2025-10-19 17:00:00+00:00,2025-10-19 10:05:00-07:00,2025-10-19 17:05:00+00:00,REAL_TIME_5_MIN,PGSF_2_PDRP58-APND,AP Node,29.7236,20.84045,6.724,2.15915,0.0
2025-10-19 10:00:00-07:00,2025-10-19 17:00:00+00:00,2025-10-19 10:05:00-07:00,2025-10-19 17:05:00+00:00,REAL_TIME_5_MIN,SNJOSEB_1_N001,Node,22.56603,20.84045,0.0,1.72559,0.0
2025-10-19 10:05:00-07:00,2025-10-19 17:05:00+00:00,2025-10-19 10:10:00-07:00,2025-10-19 17:10:00+00:00,REAL_TIME_5_MIN,OAKLAND_1_N001,Node,30.15799,21.44776,7.24963,1.46059,0.0
2025-10-19 10:05:00-07:00,2025-10-19 17:05:00+00:00,2025-10-19 10:10:00-07:00,2025-10-19 17:10:00+00:00,REAL_TIME_5_MIN,PGSF_2_PDRP58-APND,AP Node,30.48625,21.44776,6.81642,2.22207,0.0
2025-10-19 10:05:00-07:00,2025-10-19 17:05:00+00:00,2025-10-19 10:10:00-07:00,2025-10-19 17:10:00+00:00,REAL_TIME_5_MIN,SNJOSEB_1_N001,Node,23.22364,21.44776,0.0,1.77587,0.0
2025-10-19 10:10:00-07:00,2025-10-19 17:10:00+00:00,2025-10-19 10:15:00-07:00,2025-10-19 17:15:00+00:00,REAL_TIME_5_MIN,OAKLAND_1_N001,Node,29.77073,21.07311,7.26254,1.43508,0.0
2025-10-19 10:10:00-07:00,2025-10-19 17:10:00+00:00,2025-10-19 10:15:00-07:00,2025-10-19 17:15:00+00:00,REAL_TIME_5_MIN,PGSF_2_PDRP58-APND,AP Node,30.20592,21.07311,6.94955,2.18326,0.0
2025-10-19 10:10:00-07:00,2025-10-19 17:10:00+00:00,2025-10-19 10:15:00-07:00,2025-10-19 17:15:00+00:00,REAL_TIME_5_MIN,SNJOSEB_1_N001,Node,23.25609,21.07311,0.43813,1.74485,0.0
2025-10-19 10:15:00-07:00,2025-10-19 17:15:00+00:00,2025-10-19 10:20:00-07:00,2025-10-19 17:20:00+00:00,REAL_TIME_5_MIN,OAKLAND_1_N001,Node,30.61911,21.53941,7.64733,1.43237,0.0
2025-10-19 10:15:00-07:00,2025-10-19 17:15:00+00:00,2025-10-19 10:20:00-07:00,2025-10-19 17:20:00+00:00,REAL_TIME_5_MIN,PGSF_2_PDRP58-APND,AP Node,30.96348,21.53941,7.19035,2.23372,0.0
2025-10-19 10:15:00-07:00,2025-10-19 17:15:00+00:00,2025-10-19 10:20:00-07:00,2025-10-19 17:20:00+00:00,REAL_TIME_5_MIN,SNJOSEB_1_N001,Node,23.30564,21.53941,0.0,1.76623,0.0
2025-10-19 10:20:00-07:00,2025-10-19 17:20:00+00:00,2025-10-19 10:25:00-07:00,2025-10-19 17:25:00+00:00,REAL_TIME_5_MIN,OAKLAND_1_N001,Node,28.19385,19.57883,7.31303,1.30199,0.0
2025-10-19 10:20:00-07:00,2025-10-19 17:20:00+00:00,2025-10-19 10:25:00-07:00,2025-10-19 17:25:00+00:00,REAL_TIME_5_MIN,PGSF_2_PDRP58-APND,AP Node,28.95484,19.57883,7.34561,2.0304,0.0
2025-10-19 10:20:00-07:00,2025-10-19 17:20:00+00:00,2025-10-19 10:25:00-07:00,2025-10-19 17:25:00+00:00,REAL_TIME_5_MIN,SNJOSEB_1_N001,Node,22.88462,19.57883,1.70034,1.60546,0.0
2025-10-19 10:25:00-07:00,2025-10-19 17:25:00+00:00,2025-10-19 10:30:00-07:00,2025-10-19 17:30:00+00:00,REAL_TIME_5_MIN,OAKLAND_1_N001,Node,23.83027,16.32229,6.42255,1.08543,0.0
2025-10-19 10:25:00-07:00,2025-10-19 17:25:00+00:00,2025-10-19 10:30:00-07:00,2025-10-19 17:30:00+00:00,REAL_TIME_5_MIN,PGSF_2_PDRP58-APND,AP Node,24.05373,16.32229,6.03876,1.69269,0.0
2025-10-19 10:25:00-07:00,2025-10-19 17:25:00+00:00,2025-10-19 10:30:00-07:00,2025-10-19 17:30:00+00:00,REAL_TIME_5_MIN,SNJOSEB_1_N001,Node,17.66071,16.32229,0.0,1.33843,0.0
2025-10-19 10:30:00-07:00,2025-10-19 17:30:00+00:00,2025-10-19 10:35:00-07:00,2025-10-19 17:35:00+00:00,REAL_TIME_5_MIN,OAKLAND_1_N001,Node,27.86378,19.41533,7.20975,1.2387,0.0
2025-10-19 10:30:00-07:00,2025-10-19 17:30:00+00:00,2025-10-19 10:35:00-07:00,2025-10-19 17:35:00+00:00,REAL_TIME_5_MIN,PGSF_2_PDRP58-APND,AP Node,28.17069,19.41533,6.79943,1.95593,0.0
2025-10-19 10:30:00-07:00,2025-10-19 17:30:00+00:00,2025-10-19 10:35:00-07:00,2025-10-19 17:35:00+00:00,REAL_TIME_5_MIN,SNJOSEB_1_N001,Node,21.01091,19.41533,0.06954,1.52604,0.0
2025-10-19 10:35:00-07:00,2025-10-19 17:35:00+00:00,2025-10-19 10:40:00-07:00,2025-10-19 17:40:00+00:00,REAL_TIME_5_MIN,OAKLAND_1_N001,Node,26.41304,18.46725,6.76758,1.17821,0.0
2025-10-19 10:35:00-07:00,2025-10-19 17:35:00+00:00,2025-10-19 10:40:00-07:00,2025-10-19 17:40:00+00:00,REAL_TIME_5_MIN,PGSF_2_PDRP58-APND,AP Node,26.69084,18.46725,6.36317,1.86042,0.0
2025-10-19 10:35:00-07:00,2025-10-19 17:35:00+00:00,2025-10-19 10:40:00-07:00,2025-10-19 17:40:00+00:00,REAL_TIME_5_MIN,SNJOSEB_1_N001,Node,19.91878,18.46725,0.0,1.45153,0.0
2025-10-19 10:40:00-07:00,2025-10-19 17:40:00+00:00,2025-10-19 10:45:00-07:00,2025-10-19 17:45:00+00:00,REAL_TIME_5_MIN,OAKLAND_1_N001,Node,29.53699,20.6044,7.61802,1.31456,0.0
2025-10-19 10:40:00-07:00,2025-10-19 17:40:00+00:00,2025-10-19 10:45:00-07:00,2025-10-19 17:45:00+00:00,REAL_TIME_5_MIN,PGSF_2_PDRP58-APND,AP Node,30.25457,20.6044,7.57445,2.07572,0.0
2025-10-19 10:40:00-07:00,2025-10-19 17:40:00+00:00,2025-10-19 10:45:00-07:00,2025-10-19 17:45:00+00:00,REAL_TIME_5_MIN,SNJOSEB_1_N001,Node,23.61948,20.6044,1.39557,1.61951,0.0
2025-10-19 10:45:00-07:00,2025-10-19 17:45:00+00:00,2025-10-19 10:50:00-07:00,2025-10-19 17:50:00+00:00,REAL_TIME_5_MIN,OAKLAND_1_N001,Node,26.37836,18.42662,6.79455,1.15719,0.0
2025-10-19 10:45:00-07:00,2025-10-19 17:45:00+00:00,2025-10-19 10:50:00-07:00,2025-10-19 17:50:00+00:00,REAL_TIME_5_MIN,PGSF_2_PDRP58-APND,AP Node,26.55356,18.42662,6.40993,1.71702,0.0
2025-10-19 10:45:00-07:00,2025-10-19 17:45:00+00:00,2025-10-19 10:50:00-07:00,2025-10-19 17:50:00+00:00,REAL_TIME_5_MIN,SNJOSEB_1_N001,Node,19.92296,18.42662,0.07748,1.41885,0.0
2025-10-19 10:50:00-07:00,2025-10-19 17:50:00+00:00,2025-10-19 10:55:00-07:00,2025-10-19 17:55:00+00:00,REAL_TIME_5_MIN,OAKLAND_1_N001,Node,25.67571,17.77956,6.77959,1.11656,0.0
2025-10-19 10:50:00-07:00,2025-10-19 17:50:00+00:00,2025-10-19 10:55:00-07:00,2025-10-19 17:55:00+00:00,REAL_TIME_5_MIN,PGSF_2_PDRP58-APND,AP Node,26.0098,17.77956,6.57352,1.65672,0.0
2025-10-19 10:50:00-07:00,2025-10-19 17:50:00+00:00,2025-10-19 10:55:00-07:00,2025-10-19 17:55:00+00:00,REAL_TIME_5_MIN,SNJOSEB_1_N001,Node,19.86935,17.77956,0.72077,1.36903,0.0
2025-10-19 10:55:00-07:00,2025-10-19 17:55:00+00:00,2025-10-19 11:00:00-07:00,2025-10-19 18:00:00+00:00,REAL_TIME_5_MIN,OAKLAND_1_N001,Node,25.36356,17.46101,6.806,1.09655,0.0
2025-10-19 10:55:00-07:00,2025-10-19 17:55:00+00:00,2025-10-19 11:00:00-07:00,2025-10-19 18:00:00+00:00,REAL_TIME_5_MIN,PGSF_2_PDRP58-APND,AP Node,25.81474,17.46101,6.72669,1.62704,0.0
2025-10-19 10:55:00-07:00,2025-10-19 17:55:00+00:00,2025-10-19 11:00:00-07:00,2025-10-19 18:00:00+00:00,REAL_TIME_5_MIN,SNJOSEB_1_N001,Node,19.99099,17.46101,1.18548,1.3445,0.0
2025-10-19 11:00:00-07:00,2025-10-19 18:00:00+00:00,2025-10-19 11:05:00-07:00,2025-10-19 18:05:00+00:00,REAL_TIME_5_MIN,OAKLAND_1_N001,Node,25.36356,17.46101,6.806,1.09655,0.0
2025-10-19 11:00:00-07:00,2025-10-19 18:00:00+00:00,2025-10-19 11:05:00-07:00,2025-10-19 18:05:00+00:00,REAL_TIME_5_MIN,PGSF_2_PDRP58-APND,AP Node,25.81474,17.46101,6.72669,1.62704,0.0
2025-10-19 11:00:00-07:00,2025-10-19 18:00:00+00:00,2025-10-19 11:05:00-07:00,2025-10-19 18:05:00+00:00,REAL_TIME_5_MIN,SNJOSEB_1_N001,Node,19.99099,17.46101,1.18548,1.3445,0.0
2025-10-19 11:05:00-07:00,2025-10-19 18:05:00+00:00,2025-10-19 11:10:00-07:00,2025-10-19 18:10:00+00:00,REAL_TIME_5_MIN,OAKLAND_1_N001,Node,31.86656,22.8617,7.76804,1.23682,0.0
2025-10-19 11:05:00-07:00,2025-10-19 18:05:00+00:00,2025-10-19 11:10:00-07:00,2025-10-19 18:10:00+00:00,REAL_TIME_5_MIN,PGSF_2_PDRP58-APND,AP Node,32.25291,22.8617,7.30384,2.08737,0.0
2025-10-19 11:05:00-07:00,2025-10-19 18:05:00+00:00,2025-10-19 11:10:00-07:00,2025-10-19 18:10:00+00:00,REAL_TIME_5_MIN,SNJOSEB_1_N001,Node,24.47117,22.8617,0.0,1.60946,0.0
2025-10-19 11:10:00-07:00,2025-10-19 18:10:00+00:00,2025-10-19 11:15:00-07:00,2025-10-19 18:15:00+00:00,REAL_TIME_5_MIN,OAKLAND_1_N001,Node,23.1273,16.85936,5.35584,0.91209,0.0
2025-10-19 11:10:00-07:00,2025-10-19 18:10:00+00:00,2025-10-19 11:15:00-07:00,2025-10-19 18:15:00+00:00,REAL_TIME_5_MIN,PGSF_2_PDRP58-APND,AP Node,23.43448,16.85936,5.03579,1.53933,0.0
2025-10-19 11:10:00-07:00,2025-10-19 18:10:00+00:00,2025-10-19 11:15:00-07:00,2025-10-19 18:15:00+00:00,REAL_TIME_5_MIN,SNJOSEB_1_N001,Node,18.04626,16.85936,0.0,1.1869,0.0
2025-10-19 11:15:00-07:00,2025-10-19 18:15:00+00:00,2025-10-19 11:20:00-07:00,2025-10-19 18:20:00+00:00,REAL_TIME_5_MIN,OAKLAND_1_N001,Node,23.14143,16.89814,5.35952,0.88377,0.0
2025-10-19 11:15:00-07:00,2025-10-19 18:15:00+00:00,2025-10-19 11:20:00-07:00,2025-10-19 18:20:00+00:00,REAL_TIME_5_MIN,PGSF_2_PDRP58-APND,AP Node,23.45491,16.89814,5.03925,1.51752,0.0
2025-10-19 11:15:00-07:00,2025-10-19 18:15:00+00:00,2025-10-19 11:20:00-07:00,2025-10-19 18:20:00+00:00,REAL_TIME_5_MIN,SNJOSEB_1_N001,Node,18.05904,16.89814,0.0,1.1609,0.0
2025-10-19 11:20:00-07:00,2025-10-19 18:20:00+00:00,2025-10-19 11:25:00-07:00,2025-10-19 18:25:00+00:00,REAL_TIME_5_MIN,OAKLAND_1_N001,Node,23.42116,17.07991,5.44797,0.89328,0.0
2025-10-19 11:20:00-07:00,2025-10-19 18:20:00+00:00,2025-10-19 11:25:00-07:00,2025-10-19 18:25:00+00:00,REAL_TIME_5_MIN,PGSF_2_PDRP58-APND,AP Node,23.73617,17.07991,5.12242,1.53384,0.0
2025-10-19 11:20:00-07:00,2025-10-19 18:20:00+00:00,2025-10-19 11:25:00-07:00,2025-10-19 18:25:00+00:00,REAL_TIME_5_MIN,SNJOSEB_1_N001,Node,18.2533,17.07991,0.0,1.17339,0.0
2025-10-19 11:25:00-07:00,2025-10-19 18:25:00+00:00,2025-10-19 11:30:00-07:00,2025-10-19 18:30:00+00:00,REAL_TIME_5_MIN,OAKLAND_1_N001,Node,25.76895,18.58211,6.215,0.97184,0.0
2025-10-19 11:25:00-07:00,2025-10-19 18:25:00+00:00,2025-10-19 11:30:00-07:00,2025-10-19 18:30:00+00:00,REAL_TIME_5_MIN,PGSF_2_PDRP58-APND,AP Node,26.09447,18.58211,5.84361,1.66875,0.0
2025-10-19 11:25:00-07:00,2025-10-19 18:25:00+00:00,2025-10-19 11:30:00-07:00,2025-10-19 18:30:00+00:00,REAL_TIME_5_MIN,SNJOSEB_1_N001,Node,19.8587,18.58211,0.0,1.27659,0.0
2025-10-19 11:30:00-07:00,2025-10-19 18:30:00+00:00,2025-10-19 11:35:00-07:00,2025-10-19 18:35:00+00:00,REAL_TIME_5_MIN,OAKLAND_1_N001,Node,18.21729,11.98714,5.60802,0.62213,0.0
2025-10-19 11:30:00-07:00,2025-10-19 18:30:00+00:00,2025-10-19 11:35:00-07:00,2025-10-19 18:35:00+00:00,REAL_TIME_5_MIN,PGSF_2_PDRP58-APND,AP Node,18.34013,11.98714,5.27291,1.08009,0.0
2025-10-19 11:30:00-07:00,2025-10-19 18:30:00+00:00,2025-10-19 11:35:00-07:00,2025-10-19 18:35:00+00:00,REAL_TIME_5_MIN,SNJOSEB_1_N001,Node,12.80706,11.98714,0.0,0.81992,0.0
2025-10-19 11:35:00-07:00,2025-10-19 18:35:00+00:00,2025-10-19 11:40:00-07:00,2025-10-19 18:40:00+00:00,REAL_TIME_5_MIN,OAKLAND_1_N001,Node,15.84007,10.11766,5.19731,0.52511,0.0
2025-10-19 11:35:00-07:00,2025-10-19 18:35:00+00:00,2025-10-19 11:40:00-07:00,2025-10-19 18:40:00+00:00,REAL_TIME_5_MIN,PGSF_2_PDRP58-APND,AP Node,15.91603,10.11766,4.88673,0.91164,0.0
2025-10-19 11:35:00-07:00,2025-10-19 18:35:00+00:00,2025-10-19 11:40:00-07:00,2025-10-19 18:40:00+00:00,REAL_TIME_5_MIN,SNJOSEB_1_N001,Node,10.8097,10.11766,0.0,0.69205,0.0
2025-10-19 11:40:00-07:00,2025-10-19 18:40:00+00:00,2025-10-19 11:45:00-07:00,2025-10-19 18:45:00+00:00,REAL_TIME_5_MIN,OAKLAND_1_N001,Node,15.02515,9.2974,5.24521,0.48254,0.0
2025-10-19 11:40:00-07:00,2025-10-19 18:40:00+00:00,2025-10-19 11:45:00-07:00,2025-10-19 18:45:00+00:00,REAL_TIME_5_MIN,PGSF_2_PDRP58-APND,AP Node,15.06691,9.2974,4.93177,0.83773,0.0
2025-10-19 11:40:00-07:00,2025-10-19 18:40:00+00:00,2025-10-19 11:45:00-07:00,2025-10-19 18:45:00+00:00,REAL_TIME_5_MIN,SNJOSEB_1_N001,Node,9.93335,9.2974,0.0,0.63594,0.0
2025-10-19 11:45:00-07:00,2025-10-19 18:45:00+00:00,2025-10-19 11:50:00-07:00,2025-10-19 18:50:00+00:00,REAL_TIME_5_MIN,OAKLAND_1_N001,Node,11.95527,6.95156,4.64779,0.35592,0.0
2025-10-19 11:45:00-07:00,2025-10-19 18:45:00+00:00,2025-10-19 11:50:00-07:00,2025-10-19 18:50:00+00:00,REAL_TIME_5_MIN,PGSF_2_PDRP58-APND,AP Node,11.94086,6.95156,4.37005,0.61925,0.0
2025-10-19 11:45:00-07:00,2025-10-19 18:45:00+00:00,2025-10-19 11:50:00-07:00,2025-10-19 18:50:00+00:00,REAL_TIME_5_MIN,SNJOSEB_1_N001,Node,7.42427,6.95156,0.0,0.47271,0.0
2025-10-19 11:50:00-07:00,2025-10-19 18:50:00+00:00,2025-10-19 11:55:00-07:00,2025-10-19 18:55:00+00:00,REAL_TIME_5_MIN,OAKLAND_1_N001,Node,9.28107,4.53423,4.51469,0.23215,0.0
2025-10-19 11:50:00-07:00,2025-10-19 18:50:00+00:00,2025-10-19 11:55:00-07:00,2025-10-19 18:55:00+00:00,REAL_TIME_5_MIN,PGSF_2_PDRP58-APND,AP Node,9.18304,4.53423,4.24491,0.40391,0.0
2025-10-19 11:50:00-07:00,2025-10-19 18:50:00+00:00,2025-10-19 11:55:00-07:00,2025-10-19 18:55:00+00:00,REAL_TIME_5_MIN,SNJOSEB_1_N001,Node,4.84255,4.53423,0.0,0.30833,0.0
2025-10-19 11:55:00-07:00,2025-10-19 18:55:00+00:00,2025-10-19 12:00:00-07:00,2025-10-19 19:00:00+00:00,REAL_TIME_5_MIN,OAKLAND_1_N001,Node,11.83483,6.81766,4.6681,0.34906,0.0
2025-10-19 11:55:00-07:00,2025-10-19 18:55:00+00:00,2025-10-19 12:00:00-07:00,2025-10-19 19:00:00+00:00,REAL_TIME_5_MIN,PGSF_2_PDRP58-APND,AP Node,11.81413,6.81766,4.38915,0.60732,0.0
2025-10-19 11:55:00-07:00,2025-10-19 18:55:00+00:00,2025-10-19 12:00:00-07:00,2025-10-19 19:00:00+00:00,REAL_TIME_5_MIN,SNJOSEB_1_N001,Node,7.28127,6.81766,0.0,0.4636,0.0
2025-10-19 12:00:00-07:00,2025-10-19 19:00:00+00:00,2025-10-19 12:05:00-07:00,2025-10-19 19:05:00+00:00,REAL_TIME_5_MIN,OAKLAND_1_N001,Node,10.38494,4.20026,5.95324,0.23143,0.0
2025-10-19 12:00:00-07:00,2025-10-19 19:00:00+00:00,2025-10-19 12:05:00-07:00,2025-10-19 19:05:00+00:00,REAL_TIME_5_MIN,PGSF_2_PDRP58-APND,AP Node,10.3251,4.20026,5.72649,0.39835,0.0
2025-10-19 12:00:00-07:00,2025-10-19 19:00:00+00:00,2025-10-19 12:05:00-07:00,2025-10-19 19:05:00+00:00,REAL_TIME_5_MIN,SNJOSEB_1_N001,Node,5.04244,4.20026,0.53177,0.3104,0.0
2025-10-19 12:05:00-07:00,2025-10-19 19:05:00+00:00,2025-10-19 12:10:00-07:00,2025-10-19 19:10:00+00:00,REAL_TIME_5_MIN,OAKLAND_1_N001,Node,10.37498,4.38471,5.74866,0.2416,0.0
2025-10-19 12:05:00-07:00,2025-10-19 19:05:00+00:00,2025-10-19 12:10:00-07:00,2025-10-19 19:10:00+00:00,REAL_TIME_5_MIN,PGSF_2_PDRP58-APND,AP Node,10.31904,4.38471,5.51848,0.41585,0.0
2025-10-19 12:05:00-07:00,2025-10-19 19:05:00+00:00,2025-10-19 12:10:00-07:00,2025-10-19 19:10:00+00:00,REAL_TIME_5_MIN,SNJOSEB_1_N001,Node,5.02033,4.38471,0.31158,0.32403,0.0
2025-10-19 12:10:00-07:00,2025-10-19 19:10:00+00:00,2025-10-19 12:15:00-07:00,2025-10-19 19:15:00+00:00,REAL_TIME_5_MIN,OAKLAND_1_N001,Node,12.70001,4.78238,7.65413,0.26351,0.0
2025-10-19 12:10:00-07:00,2025-10-19 19:10:00+00:00,2025-10-19 12:15:00-07:00,2025-10-19 19:15:00+00:00,REAL_TIME_5_MIN,PGSF_2_PDRP58-APND,AP Node,12.69038,4.78238,7.45444,0.45356,0.0
2025-10-19 12:10:00-07:00,2025-10-19 19:10:00+00:00,2025-10-19 12:15:00-07:00,2025-10-19 19:15:00+00:00,REAL_TIME_5_MIN,SNJOSEB_1_N001,Node,7.38586,4.78238,2.25007,0.35342,0.0
2025-10-19 12:15:00-07:00,2025-10-19 19:15:00+00:00,2025-10-19 12:20:00-07:00,2025-10-19 19:20:00+00:00,REAL_TIME_5_MIN,OAKLAND_1_N001,Node,8.5408,1.32041,7.15041,0.06998,0.0
2025-10-19 12:15:00-07:00,2025-10-19 19:15:00+00:00,2025-10-19 12:20:00-07:00,2025-10-19 19:20:00+00:00,REAL_TIME_5_MIN,PGSF_2_PDRP58-APND,AP Node,8.40183,1.32041,6.95863,0.1228,0.0
2025-10-19 12:15:00-07:00,2025-10-19 19:15:00+00:00,2025-10-19 12:20:00-07:00,2025-10-19 19:20:00+00:00,REAL_TIME_5_MIN,SNJOSEB_1_N001,Node,3.33328,1.32041,1.91754,0.09533,0.0
2025-10-19 12:20:00-07:00,2025-10-19 19:20:00+00:00,2025-10-19 12:25:00-07:00,2025-10-19 19:25:00+00:00,REAL_TIME_5_MIN,OAKLAND_1_N001,Node,4.61581,-0.42406,5.06234,-0.02248,0.0
2025-10-19 12:20:00-07:00,2025-10-19 19:20:00+00:00,2025-10-19 12:25:00-07:00,2025-10-19 19:25:00+00:00,REAL_TIME_5_MIN,PGSF_2_PDRP58-APND,AP Node,4.45284,-0.42406,4.91634,-0.03944,0.0
2025-10-19 12:20:00-07:00,2025-10-19 19:20:00+00:00,2025-10-19 12:25:00-07:00,2025-10-19 19:25:00+00:00,REAL_TIME_5_MIN,SNJOSEB_1_N001,Node,0.73829,-0.42406,1.19297,-0.03062,0.0
2025-10-19 12:25:00-07:00,2025-10-19 19:25:00+00:00,2025-10-19 12:30:00-07:00,2025-10-19 19:30:00+00:00,REAL_TIME_5_MIN,OAKLAND_1_N001,Node,4.54967,-0.41366,4.98525,-0.02192,0.0
2025-10-19 12:25:00-07:00,2025-10-19 19:25:00+00:00,2025-10-19 12:30:00-07:00,2025-10-19 19:30:00+00:00,REAL_TIME_5_MIN,PGSF_2_PDRP58-APND,AP Node,4.3732,-0.41366,4.82533,-0.03847,0.0
2025-10-19 12:25:00-07:00,2025-10-19 19:25:00+00:00,2025-10-19 12:30:00-07:00,2025-10-19 19:30:00+00:00,REAL_TIME_5_MIN,SNJOSEB_1_N001,Node,0.47146,-0.41366,0.91499,-0.02987,0.0
2025-10-19 12:30:00-07:00,2025-10-19 19:30:00+00:00,2025-10-19 12:35:00-07:00,2025-10-19 19:35:00+00:00,REAL_TIME_5_MIN,OAKLAND_1_N001,Node,2.97531,-0.8324,3.85666,-0.04895,0.0
2025-10-19 12:30:00-07:00,2025-10-19 19:30:00+00:00,2025-10-19 12:35:00-07:00,2025-10-19 19:35:00+00:00,REAL_TIME_5_MIN,PGSF_2_PDRP58-APND,AP Node,2.78499,-0.8324,3.70059,-0.08319,0.0
2025-10-19 12:30:00-07:00,2025-10-19 19:30:00+00:00,2025-10-19 12:35:00-07:00,2025-10-19 19:35:00+00:00,REAL_TIME_5_MIN,SNJOSEB_1_N001,Node,-0.71336,-0.8324,0.1843,-0.06526,0.0
2025-10-19 12:35:00-07:00,2025-10-19 19:35:00+00:00,2025-10-19 12:40:00-07:00,2025-10-19 19:40:00+00:00,REAL_TIME_5_MIN,OAKLAND_1_N001,Node,2.75257,-1.48229,4.32202,-0.08716,0.0
2025-10-19 12:35:00-07:00,2025-10-19 19:35:00+00:00,2025-10-19 12:40:00-07:00,2025-10-19 19:40:00+00:00,REAL_TIME_5_MIN,PGSF_2_PDRP58-APND,AP Node,2.54637,-1.48229,4.1768,-0.14814,0.0
2025-10-19 12:35:00-07:00,2025-10-19 19:35:00+00:00,2025-10-19 12:40:00-07:00,2025-10-19 19:40:00+00:00,REAL_TIME_5_MIN,SNJOSEB_1_N001,Node,-0.92087,-1.48229,0.67763,-0.11621,0.0
2025-10-19 12:40:00-07:00,2025-10-19 19:40:00+00:00,2025-10-19 12:45:00-07:00,2025-10-19 19:45:00+00:00,REAL_TIME_5_MIN,OAKLAND_1_N001,Node,5.20902,-0.13743,5.35453,-0.00808,0.0
2025-10-19 12:40:00-07:00,2025-10-19 19:40:00+00:00,2025-10-19 12:45:00-07:00,2025-10-19 19:45:00+00:00,REAL_TIME_5_MIN,PGSF_2_PDRP58-APND,AP Node,5.0449,-0.13743,5.19606,-0.01373,0.0
2025-10-19 12:40:00-07:00,2025-10-19 19:40:00+00:00,2025-10-19 12:45:00-07:00,2025-10-19 19:45:00+00:00,REAL_TIME_5_MIN,SNJOSEB_1_N001,Node,1.07476,-0.13743,1.22296,-0.01077,0.0
2025-10-19 12:45:00-07:00,2025-10-19 19:45:00+00:00,2025-10-19 12:50:00-07:00,2025-10-19 19:50:00+00:00,REAL_TIME_5_MIN,OAKLAND_1_N001,Node,0.28792,-3.12771,3.59485,-0.17922,0.0
2025-10-19 12:45:00-07:00,2025-10-19 19:45:00+00:00,2025-10-19 12:50:00-07:00,2025-10-19 19:50:00+00:00,REAL_TIME_5_MIN,PGSF_2_PDRP58-APND,AP Node,0.01823,-3.12771,3.44871,-0.30277,0.0
2025-10-19 12:45:00-07:00,2025-10-19 19:45:00+00:00,2025-10-19 12:50:00-07:00,2025-10-19 19:50:00+00:00,REAL_TIME_5_MIN,SNJOSEB_1_N001,Node,-3.20046,-3.12771,0.16464,-0.23739,0.0
2025-10-19 12:50:00-07:00,2025-10-19 19:50:00+00:00,2025-10-19 12:55:00-07:00,2025-10-19 19:55:00+00:00,REAL_TIME_5_MIN,OAKLAND_1_N001,Node,-0.99352,-3.93105,3.16277,-0.22525,0.0
2025-10-19 12:50:00-07:00,2025-10-19 19:50:00+00:00,2025-10-19 12:55:00-07:00,2025-10-19 19:55:00+00:00,REAL_TIME_5_MIN,PGSF_2_PDRP58-APND,AP Node,-1.28633,-3.93105,3.02526,-0.38054,0.0
2025-10-19 12:50:00-07:00,2025-10-19 19:50:00+00:00,2025-10-19 12:55:00-07:00,2025-10-19 19:55:00+00:00,REAL_TIME_5_MIN,SNJOSEB_1_N001,Node,-4.22941,-3.93105,0.0,-0.29837,0.0
2025-10-19 12:55:00-07:00,2025-10-19 19:55:00+00:00,2025-10-19 13:00:00-07:00,2025-10-19 20:00:00+00:00,REAL_TIME_5_MIN,OAKLAND_1_N001,Node,-2.65423,-5.34429,2.99629,-0.30623,0.0
2025-10-19 12:55:00-07:00,2025-10-19 19:55:00+00:00,2025-10-19 13:00:00-07:00,2025-10-19 20:00:00+00:00,REAL_TIME_5_MIN,PGSF_2_PDRP58-APND,AP Node,-2.99563,-5.34429,2.86601,-0.51735,0.0
2025-10-19 12:55:00-07:00,2025-10-19 19:55:00+00:00,2025-10-19 13:00:00-07:00,2025-10-19 20:00:00+00:00,REAL_TIME_5_MIN,SNJOSEB_1_N001,Node,-5.74992,-5.34429,0.0,-0.40563,0.0
2025-10-19 13:00:00-07:00,2025-10-19 20:00:00+00:00,2025-10-19 13:05:00-07:00,2025-10-19 20:05:00+00:00,REAL_TIME_5_MIN,OAKLAND_1_N001,Node,-0.771,-6.09281,5.69469,-0.37288,0.0
2025-10-19 13:00:00-07:00,2025-10-19 20:00:00+00:00,2025-10-19 13:05:00-07:00,2025-10-19 20:05:00+00:00,REAL_TIME_5_MIN,PGSF_2_PDRP58-APND,AP Node,-1.22302,-6.09281,5.51623,-0.64644,0.0
2025-10-19 13:00:00-07:00,2025-10-19 20:00:00+00:00,2025-10-19 13:05:00-07:00,2025-10-19 20:05:00+00:00,REAL_TIME_5_MIN,SNJOSEB_1_N001,Node,-4.5671,-6.09281,2.0436,-0.51789,0.0
2025-10-19 13:05:00-07:00,2025-10-19 20:05:00+00:00,2025-10-19 13:10:00-07:00,2025-10-19 20:10:00+00:00,REAL_TIME_5_MIN,OAKLAND_1_N001,Node,-0.78235,-5.26964,4.8098,-0.3225,0.0
2025-10-19 13:05:00-07:00,2025-10-19 20:05:00+00:00,2025-10-19 13:10:00-07:00,2025-10-19 20:10:00+00:00,REAL_TIME_5_MIN,PGSF_2_PDRP58-APND,AP Node,-1.22574,-5.26964,4.603,-0.5591,0.0
2025-10-19 13:05:00-07:00,2025-10-19 20:05:00+00:00,2025-10-19 13:10:00-07:00,2025-10-19 20:10:00+00:00,REAL_TIME_5_MIN,SNJOSEB_1_N001,Node,-4.76743,-5.26964,0.95013,-0.44792,0.0
2025-10-19 13:10:00-07:00,2025-10-19 20:10:00+00:00,2025-10-19 13:15:00-07:00,2025-10-19 20:15:00+00:00,REAL_TIME_5_MIN,OAKLAND_1_N001,Node,-0.73503,-5.75458,5.37173,-0.35218,0.0
2025-10-19 13:10:00-07:00,2025-10-19 20:10:00+00:00,2025-10-19 13:15:00-07:00,2025-10-19 20:15:00+00:00,REAL_TIME_5_MIN,PGSF_2_PDRP58-APND,AP Node,-1.16717,-5.75458,5.19796,-0.61055,0.0
2025-10-19 13:10:00-07:00,2025-10-19 20:10:00+00:00,2025-10-19 13:15:00-07:00,2025-10-19 20:15:00+00:00,REAL_TIME_5_MIN,SNJOSEB_1_N001,Node,-4.39112,-5.75458,1.8526,-0.48914,0.0
2025-10-19 13:15:00-07:00,2025-10-19 20:15:00+00:00,2025-10-19 13:20:00-07:00,2025-10-19 20:20:00+00:00,REAL_TIME_5_MIN,OAKLAND_1_N001,Node,-0.75155,-5.68111,5.28122,-0.35166,0.0
2025-10-19 13:15:00-07:00,2025-10-19 20:15:00+00:00,2025-10-19 13:20:00-07:00,2025-10-19 20:20:00+00:00,REAL_TIME_5_MIN,PGSF_2_PDRP58-APND,AP Node,-1.16776,-5.68111,5.11746,-0.60411,0.0
2025-10-19 13:15:00-07:00,2025-10-19 20:15:00+00:00,2025-10-19 13:20:00-07:00,2025-10-19 20:20:00+00:00,REAL_TIME_5_MIN,SNJOSEB_1_N001,Node,-4.20786,-5.68111,1.95842,-0.48517,0.0
2025-10-19 13:20:00-07:00,2025-10-19 20:20:00+00:00,2025-10-19 13:25:00-07:00,2025-10-19 20:25:00+00:00,REAL_TIME_5_MIN,OAKLAND_1_N001,Node,-0.86348,-5.92535,5.42865,-0.36678,0.0
2025-10-19 13:20:00-07:00,2025-10-19 20:20:00+00:00,2025-10-19 13:25:00-07:00,2025-10-19 20:25:00+00:00,REAL_TIME_5_MIN,PGSF_2_PDRP58-APND,AP Node,-1.30027,-5.92535,5.25516,-0.63008,0.0
2025-10-19 13:20:00-07:00,2025-10-19 20:20:00+00:00,2025-10-19 13:25:00-07:00,2025-10-19 20:25:00+00:00,REAL_TIME_5_MIN,SNJOSEB_1_N001,Node,-4.49112,-5.92535,1.94026,-0.50602,0.0
2025-10-19 13:25:00-07:00,2025-10-19 20:25:00+00:00,2025-10-19 13:30:00-07:00,2025-10-19 20:30:00+00:00,REAL_TIME_5_MIN,OAKLAND_1_N001,Node,-0.85704,-7.65067,7.26721,-0.47358,0.0
2025-10-19 13:25:00-07:00,2025-10-19 20:25:00+00:00,2025-10-19 13:30:00-07:00,2025-10-19 20:30:00+00:00,REAL_TIME_5_MIN,PGSF_2_PDRP58-APND,AP Node,-1.36288,-7.65067,7.10133,-0.81354,0.0
2025-10-19 13:25:00-07:00,2025-10-19 20:25:00+00:00,2025-10-19 13:30:00-07:00,2025-10-19 20:30:00+00:00,REAL_TIME_5_MIN,SNJOSEB_1_N001,Node,-4.76924,-7.65067,3.53479,-0.65337,0.0
2025-10-19 13:30:00-07:00,2025-10-19 20:30:00+00:00,2025-10-19 13:35:00-07:00,2025-10-19 20:35:00+00:00,REAL_TIME_5_MIN,OAKLAND_1_N001,Node,-0.91164,-8.51766,8.06598,-0.45995,0.0
2025-10-19 13:30:00-07:00,2025-10-19 20:30:00+00:00,2025-10-19 13:35:00-07:00,2025-10-19 20:35:00+00:00,REAL_TIME_5_MIN,PGSF_2_PDRP58-APND,AP Node,-1.37297,-8.51766,7.95506,-0.81037,0.0
2025-10-19 13:30:00-07:00,2025-10-19 20:30:00+00:00,2025-10-19 13:35:00-07:00,2025-10-19 20:35:00+00:00,REAL_TIME_5_MIN,SNJOSEB_1_N001,Node,-4.19769,-8.51766,4.96391,-0.64394,0.0
2025-10-19 13:35:00-07:00,2025-10-19 20:35:00+00:00,2025-10-19 13:40:00-07:00,2025-10-19 20:40:00+00:00,REAL_TIME_5_MIN,OAKLAND_1_N001,Node,-0.85358,-8.49552,8.1007,-0.45876,0.0
2025-10-19 13:35:00-07:00,2025-10-19 20:35:00+00:00,2025-10-19 13:40:00-07:00,2025-10-19 20:40:00+00:00,REAL_TIME_5_MIN,PGSF_2_PDRP58-APND,AP Node,-1.31404,-8.49552,7.98975,-0.80826,0.0
2025-10-19 13:35:00-07:00,2025-10-19 20:35:00+00:00,2025-10-19 13:40:00-07:00,2025-10-19 20:40:00+00:00,REAL_TIME_5_MIN,SNJOSEB_1_N001,Node,-4.14619,-8.49552,4.99159,-0.64226,0.0
2025-10-19 13:40:00-07:00,2025-10-19 20:40:00+00:00,2025-10-19 13:45:00-07:00,2025-10-19 20:45:00+00:00,REAL_TIME_5_MIN,OAKLAND_1_N001,Node,-0.91437,-8.52812,8.07427,-0.46052,0.0
2025-10-19 13:40:00-07:00,2025-10-19 20:40:00+00:00,2025-10-19 13:45:00-07:00,2025-10-19 20:45:00+00:00,REAL_TIME_5_MIN,PGSF_2_PDRP58-APND,AP Node,-1.38384,-8.52812,7.95565,-0.81137,0.0
2025-10-19 13:40:00-07:00,2025-10-19 20:40:00+00:00,2025-10-19 13:45:00-07:00,2025-10-19 20:45:00+00:00,REAL_TIME_5_MIN,SNJOSEB_1_N001,Node,-4.31117,-8.52812,4.86168,-0.64473,0.0
2025-10-19 13:45:00-07:00,2025-10-19 20:45:00+00:00,2025-10-19 13:50:00-07:00,2025-10-19 20:50:00+00:00,REAL_TIME_5_MIN,OAKLAND_1_N001,Node,-0.78673,-8.92133,8.68594,-0.55134,0.0
2025-10-19 13:45:00-07:00,2025-10-19 20:45:00+00:00,2025-10-19 13:50:00-07:00,2025-10-19 20:50:00+00:00,REAL_TIME_5_MIN,PGSF_2_PDRP58-APND,AP Node,-1.32004,-8.92133,8.51754,-0.91626,0.0
2025-10-19 13:45:00-07:00,2025-10-19 20:45:00+00:00,2025-10-19 13:50:00-07:00,2025-10-19 20:50:00+00:00,REAL_TIME_5_MIN,SNJOSEB_1_N001,Node,-5.00577,-8.92133,4.6596,-0.74404,0.0
2025-10-19 13:50:00-07:00,2025-10-19 20:50:00+00:00,2025-10-19 13:55:00-07:00,2025-10-19 20:55:00+00:00,REAL_TIME_5_MIN,OAKLAND_1_N001,Node,-0.78244,-8.91267,8.68104,-0.5508,0.0
2025-10-19 13:50:00-07:00,2025-10-19 20:50:00+00:00,2025-10-19 13:55:00-07:00,2025-10-19 20:55:00+00:00,REAL_TIME_5_MIN,PGSF_2_PDRP58-APND,AP Node,-1.31447,-8.91267,8.51357,-0.91537,0.0
2025-10-19 13:50:00-07:00,2025-10-19 20:50:00+00:00,2025-10-19 13:55:00-07:00,2025-10-19 20:55:00+00:00,REAL_TIME_5_MIN,SNJOSEB_1_N001,Node,-4.98724,-8.91267,4.66874,-0.74332,0.0
2025-10-19 13:55:00-07:00,2025-10-19 20:55:00+00:00,2025-10-19 14:00:00-07:00,2025-10-19 21:00:00+00:00,REAL_TIME_5_MIN,OAKLAND_1_N001,Node,-0.78887,-8.61106,8.35435,-0.53216,0.0
2025-10-19 13:55:00-07:00,2025-10-19 20:55:00+00:00,2025-10-19 14:00:00-07:00,2025-10-19 21:00:00+00:00,REAL_TIME_5_MIN,PGSF_2_PDRP58-APND,AP Node,-1.26736,-8.61106,8.22809,-0.88439,0.0
2025-10-19 13:55:00-07:00,2025-10-19 20:55:00+00:00,2025-10-19 14:00:00-07:00,2025-10-19 21:00:00+00:00,REAL_TIME_5_MIN,SNJOSEB_1_N001,Node,-4.34188,-8.61106,4.98734,-0.71816,0.0
2025-10-19 14:00:00-07:00,2025-10-19 21:00:00+00:00,2025-10-19 14:05:00-07:00,2025-10-19 21:05:00+00:00,REAL_TIME_5_MIN,OAKLAND_1_N001,Node,-0.8027,-8.65816,8.36283,-0.50737,0.0
2025-10-19 14:00:00-07:00,2025-10-19 21:00:00+00:00,2025-10-19 14:05:00-07:00,2025-10-19 21:05:00+00:00,REAL_TIME_5_MIN,PGSF_2_PDRP58-APND,AP Node,-1.28172,-8.65816,8.23687,-0.86043,0.0
2025-10-19 14:00:00-07:00,2025-10-19 21:00:00+00:00,2025-10-19 14:05:00-07:00,2025-10-19 21:05:00+00:00,REAL_TIME_5_MIN,SNJOSEB_1_N001,Node,-4.36351,-8.65816,5.00202,-0.70737,0.0
2025-10-19 14:05:00-07:00,2025-10-19 21:05:00+00:00,2025-10-19 14:10:00-07:00,2025-10-19 21:10:00+00:00,REAL_TIME_5_MIN,OAKLAND_1_N001,Node,-0.7956,-8.75756,8.47516,-0.51319,0.0
2025-10-19 14:05:00-07:00,2025-10-19 21:05:00+00:00,2025-10-19 14:10:00-07:00,2025-10-19 21:10:00+00:00,REAL_TIME_5_MIN,PGSF_2_PDRP58-APND,AP Node,-1.27697,-8.75756,8.3509,-0.8703,0.0
2025-10-19 14:05:00-07:00,2025-10-19 21:05:00+00:00,2025-10-19 14:10:00-07:00,2025-10-19 21:10:00+00:00,REAL_TIME_5_MIN,SNJOSEB_1_N001,Node,-4.35743,-8.75756,5.11563,-0.71549,0.0
2025-10-19 14:10:00-07:00,2025-10-19 21:10:00+00:00,2025-10-19 14:15:00-07:00,2025-10-19 21:15:00+00:00,REAL_TIME_5_MIN,OAKLAND_1_N001,Node,-0.37324,-8.44997,8.57189,-0.49517,0.0
2025-10-19 14:10:00-07:00,2025-10-19 21:10:00+00:00,2025-10-19 14:15:00-07:00,2025-10-19 21:15:00+00:00,REAL_TIME_5_MIN,PGSF_2_PDRP58-APND,AP Node,-0.82698,-8.44997,8.46273,-0.83974,0.0
2025-10-19 14:10:00-07:00,2025-10-19 21:10:00+00:00,2025-10-19 14:15:00-07:00,2025-10-19 21:15:00+00:00,REAL_TIME_5_MIN,SNJOSEB_1_N001,Node,-3.73212,-8.44997,5.40821,-0.69036,0.0
2025-10-19 14:15:00-07:00,2025-10-19 21:15:00+00:00,2025-10-19 14:20:00-07:00,2025-10-19 21:20:00+00:00,REAL_TIME_5_MIN,OAKLAND_1_N001,Node,-0.83046,-8.834,8.55567,-0.55213,0.0
2025-10-19 14:15:00-07:00,2025-10-19 21:15:00+00:00,2025-10-19 14:20:00-07:00,2025-10-19 21:20:00+00:00,REAL_TIME_5_MIN,PGSF_2_PDRP58-APND,AP Node,-1.2611,-8.834,8.48292,-0.91002,0.0
2025-10-19 14:15:00-07:00,2025-10-19 21:15:00+00:00,2025-10-19 14:20:00-07:00,2025-10-19 21:20:00+00:00,REAL_TIME_5_MIN,SNJOSEB_1_N001,Node,-4.45468,-8.834,5.13728,-0.75796,0.0
2025-10-19 14:20:00-07:00,2025-10-19 21:20:00+00:00,2025-10-19 14:25:00-07:00,2025-10-19 21:25:00+00:00,REAL_TIME_5_MIN,OAKLAND_1_N001,Node,-0.82497,-8.95186,8.68638,-0.55949,0.0
2025-10-19 14:20:00-07:00,2025-10-19 21:20:00+00:00,2025-10-19 14:25:00-07:00,2025-10-19 21:25:00+00:00,REAL_TIME_5_MIN,PGSF_2_PDRP58-APND,AP Node,-1.25863,-8.95186,8.61539,-0.92216,0.0
2025-10-19 14:20:00-07:00,2025-10-19 21:20:00+00:00,2025-10-19 14:25:00-07:00,2025-10-19 21:25:00+00:00,REAL_TIME_5_MIN,SNJOSEB_1_N001,Node,-4.44969,-8.95186,5.27024,-0.76807,0.0
2025-10-19 14:25:00-07:00,2025-10-19 21:25:00+00:00,2025-10-19 14:30:00-07:00,2025-10-19 21:30:00+00:00,REAL_TIME_5_MIN,OAKLAND_1_N001,Node,-0.83023,-8.81082,8.53127,-0.55068,0.0
2025-10-19 14:25:00-07:00,2025-10-19 21:25:00+00:00,2025-10-19 14:30:00-07:00,2025-10-19 21:30:00+00:00,REAL_TIME_5_MIN,PGSF_2_PDRP58-APND,AP Node,-1.25521,-8.81082,8.46324,-0.90763,0.0
2025-10-19 14:25:00-07:00,2025-10-19 21:25:00+00:00,2025-10-19 14:30:00-07:00,2025-10-19 21:30:00+00:00,REAL_TIME_5_MIN,SNJOSEB_1_N001,Node,-4.35994,-8.81082,5.20685,-0.75597,0.0
2025-10-19 14:30:00-07:00,2025-10-19 21:30:00+00:00,2025-10-19 14:35:00-07:00,2025-10-19 21:35:00+00:00,REAL_TIME_5_MIN,OAKLAND_1_N001,Node,-0.86589,-8.95888,8.66815,-0.57516,0.0
2025-10-19 14:30:00-07:00,2025-10-19 21:30:00+00:00,2025-10-19 14:35:00-07:00,2025-10-19 21:35:00+00:00,REAL_TIME_5_MIN,PGSF_2_PDRP58-APND,AP Node,-1.2876,-8.95888,8.60962,-0.93834,0.0
2025-10-19 14:30:00-07:00,2025-10-19 21:30:00+00:00,2025-10-19 14:35:00-07:00,2025-10-19 21:35:00+00:00,REAL_TIME_5_MIN,SNJOSEB_1_N001,Node,-4.37903,-8.95888,5.35659,-0.77673,0.0
2025-10-19 14:35:00-07:00,2025-10-19 21:35:00+00:00,2025-10-19 14:40:00-07:00,2025-10-19 21:40:00+00:00,REAL_TIME_5_MIN,OAKLAND_1_N001,Node,0.13828,-8.52085,9.20617,-0.54704,0.0
2025-10-19 14:35:00-07:00,2025-10-19 21:35:00+00:00,2025-10-19 14:40:00-07:00,2025-10-19 21:40:00+00:00,REAL_TIME_5_MIN,PGSF_2_PDRP58-APND,AP Node,-0.26727,-8.52085,9.14604,-0.89246,0.0
2025-10-19 14:35:00-07:00,2025-10-19 21:35:00+00:00,2025-10-19 14:40:00-07:00,2025-10-19 21:40:00+00:00,REAL_TIME_5_MIN,SNJOSEB_1_N001,Node,-3.53489,-8.52085,5.72472,-0.73876,0.0
2025-10-19 14:40:00-07:00,2025-10-19 21:40:00+00:00,2025-10-19 14:45:00-07:00,2025-10-19 21:45:00+00:00,REAL_TIME_5_MIN,OAKLAND_1_N001,Node,5.51958,-6.19451,12.11178,-0.39769,0.0
2025-10-19 14:40:00-07:00,2025-10-19 21:40:00+00:00,2025-10-19 14:45:00-07:00,2025-10-19 21:45:00+00:00,REAL_TIME_5_MIN,PGSF_2_PDRP58-APND,AP Node,5.20944,-6.19451,12.05276,-0.6488,0.0
2025-10-19 14:40:00-07:00,2025-10-19 21:40:00+00:00,2025-10-19 14:45:00-07:00,2025-10-19 21:45:00+00:00,REAL_TIME_5_MIN,SNJOSEB_1_N001,Node,1.15533,-6.19451,7.88691,-0.53706,0.0
2025-10-19 14:45:00-07:00,2025-10-19 21:45:00+00:00,2025-10-19 14:50:00-07:00,2025-10-19 21:50:00+00:00,REAL_TIME_5_MIN,OAKLAND_1_N001,Node,3.90682,-6.79449,11.15654,-0.45523,0.0
2025-10-19 14:45:00-07:00,2025-10-19 21:45:00+00:00,2025-10-19 14:50:00-07:00,2025-10-19 21:50:00+00:00,REAL_TIME_5_MIN,PGSF_2_PDRP58-APND,AP Node,3.49512,-6.79449,11.01757,-0.72795,0.0
2025-10-19 14:45:00-07:00,2025-10-19 21:45:00+00:00,2025-10-19 14:50:00-07:00,2025-10-19 21:50:00+00:00,REAL_TIME_5_MIN,SNJOSEB_1_N001,Node,-0.4352,-6.79449,6.96741,-0.60811,0.0
2025-10-19 14:50:00-07:00,2025-10-19 21:50:00+00:00,2025-10-19 14:55:00-07:00,2025-10-19 21:55:00+00:00,REAL_TIME_5_MIN,OAKLAND_1_N001,Node,-0.22759,-8.60584,8.95484,-0.57659,0.0
2025-10-19 14:50:00-07:00,2025-10-19 21:50:00+00:00,2025-10-19 14:55:00-07:00,2025-10-19 21:55:00+00:00,REAL_TIME_5_MIN,PGSF_2_PDRP58-APND,AP Node,-0.70244,-8.60584,8.82541,-0.92202,0.0
2025-10-19 14:50:00-07:00,2025-10-19 21:50:00+00:00,2025-10-19 14:55:00-07:00,2025-10-19 21:55:00+00:00,REAL_TIME_5_MIN,SNJOSEB_1_N001,Node,-4.04623,-8.60584,5.32983,-0.77022,0.0
2025-10-19 14:55:00-07:00,2025-10-19 21:55:00+00:00,2025-10-19 15:00:00-07:00,2025-10-19 22:00:00+00:00,REAL_TIME_5_MIN,OAKLAND_1_N001,Node,4.54489,-6.58076,11.56656,-0.44091,0.0
2025-10-19 14:55:00-07:00,2025-10-19 21:55:00+00:00,2025-10-19 15:00:00-07:00,2025-10-19 22:00:00+00:00,REAL_TIME_5_MIN,PGSF_2_PDRP58-APND,AP Node,4.16157,-6.58076,11.44738,-0.70505,0.0
2025-10-19 14:55:00-07:00,2025-10-19 21:55:00+00:00,2025-10-19 15:00:00-07:00,2025-10-19 22:00:00+00:00,REAL_TIME_5_MIN,SNJOSEB_1_N001,Node,0.41956,-6.58076,7.58929,-0.58898,0.0
2025-10-19 15:00:00-07:00,2025-10-19 22:00:00+00:00,2025-10-19 15:05:00-07:00,2025-10-19 22:05:00+00:00,REAL_TIME_5_MIN,OAKLAND_1_N001,Node,-1.24073,-9.5852,8.9886,-0.64413,0.0
2025-10-19 15:00:00-07:00,2025-10-19 22:00:00+00:00,2025-10-19 15:05:00-07:00,2025-10-19 22:05:00+00:00,REAL_TIME_5_MIN,PGSF_2_PDRP58-APND,AP Node,-1.78459,-9.5852,8.83463,-1.03401,0.0
2025-10-19 15:00:00-07:00,2025-10-19 22:00:00+00:00,2025-10-19 15:05:00-07:00,2025-10-19 22:05:00+00:00,REAL_TIME_5_MIN,SNJOSEB_1_N001,Node,-5.60074,-9.5852,4.85384,-0.86938,0.0
2025-10-19 15:05:00-07:00,2025-10-19 22:05:00+00:00,2025-10-19 15:10:00-07:00,2025-10-19 22:10:00+00:00,REAL_TIME_5_MIN,OAKLAND_1_N001,Node,12.29739,-3.70268,16.24889,-0.24882,0.0
2025-10-19 15:05:00-07:00,2025-10-19 22:05:00+00:00,2025-10-19 15:10:00-07:00,2025-10-19 22:10:00+00:00,REAL_TIME_5_MIN,PGSF_2_PDRP58-APND,AP Node,12.00968,-3.70268,16.11179,-0.39943,0.0
2025-10-19 15:05:00-07:00,2025-10-19 22:05:00+00:00,2025-10-19 15:10:00-07:00,2025-10-19 22:10:00+00:00,REAL_TIME_5_MIN,SNJOSEB_1_N001,Node,7.02149,-3.70268,11.06,-0.33583,0.0
2025-10-19 15:10:00-07:00,2025-10-19 22:10:00+00:00,2025-10-19 15:15:00-07:00,2025-10-19 22:15:00+00:00,REAL_TIME_5_MIN,OAKLAND_1_N001,Node,12.7508,-3.50674,16.49319,-0.23565,0.0
2025-10-19 15:10:00-07:00,2025-10-19 22:10:00+00:00,2025-10-19 15:15:00-07:00,2025-10-19 22:15:00+00:00,REAL_TIME_5_MIN,PGSF_2_PDRP58-APND,AP Node,12.47593,-3.50674,16.36096,-0.37829,0.0
2025-10-19 15:10:00-07:00,2025-10-19 22:10:00+00:00,2025-10-19 15:15:00-07:00,2025-10-19 22:15:00+00:00,REAL_TIME_5_MIN,SNJOSEB_1_N001,Node,7.56652,-3.50674,11.39132,-0.31806,0.0
2025-10-19 15:15:00-07:00,2025-10-19 22:15:00+00:00,2025-10-19 15:20:00-07:00,2025-10-19 22:20:00+00:00,REAL_TIME_5_MIN,OAKLAND_1_N001,Node,10.1622,-4.83942,15.34813,-0.3465,0.0
2025-10-19 15:15:00-07:00,2025-10-19 22:15:00+00:00,2025-10-19 15:20:00-07:00,2025-10-19 22:20:00+00:00,REAL_TIME_5_MIN,PGSF_2_PDRP58-APND,AP Node,9.79512,-4.83942,15.17867,-0.54413,0.0
2025-10-19 15:15:00-07:00,2025-10-19 22:15:00+00:00,2025-10-19 15:20:00-07:00,2025-10-19 22:20:00+00:00,REAL_TIME_5_MIN,SNJOSEB_1_N001,Node,4.4683,-4.83942,9.7694,-0.46168,0.0
2025-10-19 15:20:00-07:00,2025-10-19 22:20:00+00:00,2025-10-19 15:25:00-07:00,2025-10-19 22:25:00+00:00,REAL_TIME_5_MIN,OAKLAND_1_N001,Node,10.16225,-4.84144,15.35034,-0.34665,0.0
2025-10-19 15:20:00-07:00,2025-10-19 22:20:00+00:00,2025-10-19 15:25:00-07:00,2025-10-19 22:25:00+00:00,REAL_TIME_5_MIN,PGSF_2_PDRP58-APND,AP Node,9.79511,-4.84144,15.18091,-0.54436,0.0
2025-10-19 15:20:00-07:00,2025-10-19 22:20:00+00:00,2025-10-19 15:25:00-07:00,2025-10-19 22:25:00+00:00,REAL_TIME_5_MIN,SNJOSEB_1_N001,Node,4.46838,-4.84144,9.77169,-0.46187,0.0
2025-10-19 15:25:00-07:00,2025-10-19 22:25:00+00:00,2025-10-19 15:30:00-07:00,2025-10-19 22:30:00+00:00,REAL_TIME_5_MIN,OAKLAND_1_N001,Node,12.20073,-3.72385,16.19121,-0.26663,0.0
2025-10-19 15:25:00-07:00,2025-10-19 22:25:00+00:00,2025-10-19 15:30:00-07:00,2025-10-19 22:30:00+00:00,REAL_TIME_5_MIN,PGSF_2_PDRP58-APND,AP Node,11.91953,-3.72385,16.06208,-0.4187,0.0
2025-10-19 15:25:00-07:00,2025-10-19 22:25:00+00:00,2025-10-19 15:30:00-07:00,2025-10-19 22:30:00+00:00,REAL_TIME_5_MIN,SNJOSEB_1_N001,Node,6.94605,-3.72385,11.02515,-0.35526,0.0
2025-10-19 15:30:00-07:00,2025-10-19 22:30:00+00:00,2025-10-19 15:35:00-07:00,2025-10-19 22:35:00+00:00,REAL_TIME_5_MIN,OAKLAND_1_N001,Node,12.0176,-3.80765,16.10245,-0.2772,0.0
2025-10-19 15:30:00-07:00,2025-10-19 22:30:00+00:00,2025-10-19 15:35:00-07:00,2025-10-19 22:35:00+00:00,REAL_TIME_5_MIN,PGSF_2_PDRP58-APND,AP Node,11.79819,-3.80765,16.03625,-0.43041,0.0
2025-10-19 15:30:00-07:00,2025-10-19 22:30:00+00:00,2025-10-19 15:35:00-07:00,2025-10-19 22:35:00+00:00,REAL_TIME_5_MIN,SNJOSEB_1_N001,Node,6.69239,-3.80765,10.86406,-0.36401,0.0
2025-10-19 15:35:00-07:00,2025-10-19 22:35:00+00:00,2025-10-19 15:40:00-07:00,2025-10-19 22:40:00+00:00,REAL_TIME_5_MIN,OAKLAND_1_N001,Node,13.00688,-2.74608,15.95288,-0.19991,0.0
2025-10-19 15:35:00-07:00,2025-10-19 22:35:00+00:00,2025-10-19 15:40:00-07:00,2025-10-19 22:40:00+00:00,REAL_TIME_5_MIN,PGSF_2_PDRP58-APND,AP Node,12.83775,-2.74608,15.89424,-0.31041,0.0
2025-10-19 15:35:00-07:00,2025-10-19 22:35:00+00:00,2025-10-19 15:40:00-07:00,2025-10-19 22:40:00+00:00,REAL_TIME_5_MIN,SNJOSEB_1_N001,Node,7.88531,-2.74608,10.89391,-0.26253,0.0
2025-10-19 15:40:00-07:00,2025-10-19 22:40:00+00:00,2025-10-19 15:45:00-07:00,2025-10-19 22:45:00+00:00,REAL_TIME_5_MIN,OAKLAND_1_N001,Node,16.01915,-1.68425,17.82602,-0.12261,0.0
2025-10-19 15:40:00-07:00,2025-10-19 22:40:00+00:00,2025-10-19 15:45:00-07:00,2025-10-19 22:45:00+00:00,REAL_TIME_5_MIN,PGSF_2_PDRP58-APND,AP Node,15.89731,-1.68425,17.77194,-0.19038,0.0
2025-10-19 15:40:00-07:00,2025-10-19 22:40:00+00:00,2025-10-19 15:45:00-07:00,2025-10-19 22:45:00+00:00,REAL_TIME_5_MIN,SNJOSEB_1_N001,Node,10.54293,-1.68425,12.38819,-0.16101,0.0
2025-10-19 15:45:00-07:00,2025-10-19 22:45:00+00:00,2025-10-19 15:50:00-07:00,2025-10-19 22:50:00+00:00,REAL_TIME_5_MIN,OAKLAND_1_N001,Node,18.22378,-1.13814,19.44284,-0.08092,0.0
2025-10-19 15:45:00-07:00,2025-10-19 22:45:00+00:00,2025-10-19 15:50:00-07:00,2025-10-19 22:50:00+00:00,REAL_TIME_5_MIN,PGSF_2_PDRP58-APND,AP Node,18.15242,-1.13814,19.40936,-0.11879,0.0
2025-10-19 15:45:00-07:00,2025-10-19 22:45:00+00:00,2025-10-19 15:50:00-07:00,2025-10-19 22:50:00+00:00,REAL_TIME_5_MIN,SNJOSEB_1_N001,Node,12.74743,-1.13814,13.99108,-0.10551,0.0
2025-10-19 15:50:00-07:00,2025-10-19 22:50:00+00:00,2025-10-19 15:55:00-07:00,2025-10-19 22:55:00+00:00,REAL_TIME_5_MIN,OAKLAND_1_N001,Node,17.22146,-1.51292,18.84195,-0.10757,0.0
2025-10-19 15:50:00-07:00,2025-10-19 22:50:00+00:00,2025-10-19 15:55:00-07:00,2025-10-19 22:55:00+00:00,REAL_TIME_5_MIN,PGSF_2_PDRP58-APND,AP Node,17.22121,-1.51292,18.89204,-0.15791,0.0
2025-10-19 15:50:00-07:00,2025-10-19 22:50:00+00:00,2025-10-19 15:55:00-07:00,2025-10-19 22:55:00+00:00,REAL_TIME_5_MIN,SNJOSEB_1_N001,Node,12.23654,-1.51292,13.8897,-0.14025,0.0
2025-10-19 15:55:00-07:00,2025-10-19 22:55:00+00:00,2025-10-19 16:00:00-07:00,2025-10-19 23:00:00+00:00,REAL_TIME_5_MIN,OAKLAND_1_N001,Node,13.48443,-3.06165,16.76376,-0.21768,0.0
2025-10-19 15:55:00-07:00,2025-10-19 22:55:00+00:00,2025-10-19 16:00:00-07:00,2025-10-19 23:00:00+00:00,REAL_TIME_5_MIN,PGSF_2_PDRP58-APND,AP Node,13.34065,-3.06165,16.72185,-0.31956,0.0
2025-10-19 15:55:00-07:00,2025-10-19 22:55:00+00:00,2025-10-19 16:00:00-07:00,2025-10-19 23:00:00+00:00,REAL_TIME_5_MIN,SNJOSEB_1_N001,Node,8.47263,-3.06165,11.81809,-0.28381,0.0
2025-10-19 16:00:00-07:00,2025-10-19 23:00:00+00:00,2025-10-19 16:05:00-07:00,2025-10-19 23:05:00+00:00,REAL_TIME_5_MIN,OAKLAND_1_N001,Node,1.70092,-7.42215,9.64634,-0.52326,0.0
2025-10-19 16:00:00-07:00,2025-10-19 23:00:00+00:00,2025-10-19 16:05:00-07:00,2025-10-19 23:05:00+00:00,REAL_TIME_5_MIN,PGSF_2_PDRP58-APND,AP Node,3.06236,-7.42215,11.18229,-0.69777,0.0
2025-10-19 16:00:00-07:00,2025-10-19 23:00:00+00:00,2025-10-19 16:05:00-07:00,2025-10-19 23:05:00+00:00,REAL_TIME_5_MIN,SNJOSEB_1_N001,Node,4.65422,-7.42215,12.75773,-0.68135,0.0
2025-10-19 16:05:00-07:00,2025-10-19 23:05:00+00:00,2025-10-19 16:10:00-07:00,2025-10-19 23:10:00+00:00,REAL_TIME_5_MIN,OAKLAND_1_N001,Node,-1.99602,-8.43499,7.03363,-0.59467,0.0
2025-10-19 16:05:00-07:00,2025-10-19 23:05:00+00:00,2025-10-19 16:10:00-07:00,2025-10-19 23:10:00+00:00,REAL_TIME_5_MIN,PGSF_2_PDRP58-APND,AP Node,-1.06468,-8.43499,8.1633,-0.79299,0.0
2025-10-19 16:05:00-07:00,2025-10-19 23:05:00+00:00,2025-10-19 16:10:00-07:00,2025-10-19 23:10:00+00:00,REAL_TIME_5_MIN,SNJOSEB_1_N001,Node,0.11289,-8.43499,9.32221,-0.77433,0.0
2025-10-19 16:10:00-07:00,2025-10-19 23:10:00+00:00,2025-10-19 16:15:00-07:00,2025-10-19 23:15:00+00:00,REAL_TIME_5_MIN,OAKLAND_1_N001,Node,-1.06625,-6.62055,6.02105,-0.46675,0.0
2025-10-19 16:10:00-07:00,2025-10-19 23:10:00+00:00,2025-10-19 16:15:00-07:00,2025-10-19 23:15:00+00:00,REAL_TIME_5_MIN,PGSF_2_PDRP58-APND,AP Node,-0.06636,-6.62055,7.17661,-0.62241,0.0
2025-10-19 16:10:00-07:00,2025-10-19 23:10:00+00:00,2025-10-19 16:15:00-07:00,2025-10-19 23:15:00+00:00,REAL_TIME_5_MIN,SNJOSEB_1_N001,Node,1.13754,-6.62055,8.36586,-0.60777,0.0
2025-10-19 16:15:00-07:00,2025-10-19 23:15:00+00:00,2025-10-19 16:20:00-07:00,2025-10-19 23:20:00+00:00,REAL_TIME_5_MIN,OAKLAND_1_N001,Node,-3.52016,-6.39846,3.36074,-0.48244,0.0
2025-10-19 16:15:00-07:00,2025-10-19 23:15:00+00:00,2025-10-19 16:20:00-07:00,2025-10-19 23:20:00+00:00,REAL_TIME_5_MIN,PGSF_2_PDRP58-APND,AP Node,-2.70645,-6.39846,4.33576,-0.64376,0.0
2025-10-19 16:15:00-07:00,2025-10-19 23:15:00+00:00,2025-10-19 16:20:00-07:00,2025-10-19 23:20:00+00:00,REAL_TIME_5_MIN,SNJOSEB_1_N001,Node,-1.668,-6.39846,5.33831,-0.60785,0.0
2025-10-19 16:20:00-07:00,2025-10-19 23:20:00+00:00,2025-10-19 16:25:00-07:00,2025-10-19 23:25:00+00:00,REAL_TIME_5_MIN,OAKLAND_1_N001,Node,5.5353,-0.39261,5.95751,-0.0296,0.0
2025-10-19 16:20:00-07:00,2025-10-19 23:20:00+00:00,2025-10-19 16:25:00-07:00,2025-10-19 23:25:00+00:00,REAL_TIME_5_MIN,PGSF_2_PDRP58-APND,AP Node,7.41426,-0.39261,7.84637,-0.0395,0.0
2025-10-19 16:20:00-07:00,2025-10-19 23:20:00+00:00,2025-10-19 16:25:00-07:00,2025-10-19 23:25:00+00:00,REAL_TIME_5_MIN,SNJOSEB_1_N001,Node,9.36305,-0.39261,9.79296,-0.0373,0.0
2025-10-19 16:25:00-07:00,2025-10-19 23:25:00+00:00,2025-10-19 16:30:00-07:00,2025-10-19 23:30:00+00:00,REAL_TIME_5_MIN,OAKLAND_1_N001,Node,6.00682,1.56131,4.32779,0.11772,0.0
2025-10-19 16:25:00-07:00,2025-10-19 23:25:00+00:00,2025-10-19 16:30:00-07:00,2025-10-19 23:30:00+00:00,REAL_TIME_5_MIN,PGSF_2_PDRP58-APND,AP Node,8.07645,1.56131,6.35806,0.15708,0.0
2025-10-19 16:25:00-07:00,2025-10-19 23:25:00+00:00,2025-10-19 16:30:00-07:00,2025-10-19 23:30:00+00:00,REAL_TIME_5_MIN,SNJOSEB_1_N001,Node,10.16951,1.56131,8.45988,0.14832,0.0
2025-10-19 16:30:00-07:00,2025-10-19 23:30:00+00:00,2025-10-19 16:35:00-07:00,2025-10-19 23:35:00+00:00,REAL_TIME_5_MIN,OAKLAND_1_N001,Node,36.12644,18.74724,15.90004,1.47916,0.0
2025-10-19 16:30:00-07:00,2025-10-19 23:30:00+00:00,2025-10-19 16:35:00-07:00,2025-10-19 23:35:00+00:00,REAL_TIME_5_MIN,PGSF_2_PDRP58-APND,AP Node,42.39661,18.74724,21.82763,1.82173,0.0
2025-10-19 16:30:00-07:00,2025-10-19 23:30:00+00:00,2025-10-19 16:35:00-07:00,2025-10-19 23:35:00+00:00,REAL_TIME_5_MIN,SNJOSEB_1_N001,Node,48.46149,18.74724,27.90326,1.81098,0.0
2025-10-19 16:35:00-07:00,2025-10-19 23:35:00+00:00,2025-10-19 16:40:00-07:00,2025-10-19 23:40:00+00:00,REAL_TIME_5_MIN,OAKLAND_1_N001,Node,32.78749,20.2039,10.9895,1.59409,0.0
2025-10-19 16:35:00-07:00,2025-10-19 23:35:00+00:00,2025-10-19 16:40:00-07:00,2025-10-19 23:40:00+00:00,REAL_TIME_5_MIN,PGSF_2_PDRP58-APND,AP Node,38.18094,20.2039,16.01377,1.96328,0.0
2025-10-19 16:35:00-07:00,2025-10-19 23:35:00+00:00,2025-10-19 16:40:00-07:00,2025-10-19 23:40:00+00:00,REAL_TIME_5_MIN,SNJOSEB_1_N001,Node,43.35811,20.2039,21.20252,1.9517,0.0
2025-10-19 16:40:00-07:00,2025-10-19 23:40:00+00:00,2025-10-19 16:45:00-07:00,2025-10-19 23:45:00+00:00,REAL_TIME_5_MIN,OAKLAND_1_N001,Node,38.08021,27.42414,8.49231,2.16376,0.0
2025-10-19 16:40:00-07:00,2025-10-19 23:40:00+00:00,2025-10-19 16:45:00-07:00,2025-10-19 23:45:00+00:00,REAL_TIME_5_MIN,PGSF_2_PDRP58-APND,AP Node,42.74545,27.42414,12.65642,2.66489,0.0
2025-10-19 16:40:00-07:00,2025-10-19 23:40:00+00:00,2025-10-19 16:45:00-07:00,2025-10-19 23:45:00+00:00,REAL_TIME_5_MIN,SNJOSEB_1_N001,Node,47.05793,27.42414,16.98462,2.64917,0.0
2025-10-19 16:45:00-07:00,2025-10-19 23:45:00+00:00,2025-10-19 16:50:00-07:00,2025-10-19 23:50:00+00:00,REAL_TIME_5_MIN,OAKLAND_1_N001,Node,37.38561,28.60663,6.95388,1.8251,0.0
2025-10-19 16:45:00-07:00,2025-10-19 23:45:00+00:00,2025-10-19 16:50:00-07:00,2025-10-19 23:50:00+00:00,REAL_TIME_5_MIN,PGSF_2_PDRP58-APND,AP Node,41.24452,28.60663,10.36364,2.27426,0.0
2025-10-19 16:45:00-07:00,2025-10-19 23:45:00+00:00,2025-10-19 16:50:00-07:00,2025-10-19 23:50:00+00:00,REAL_TIME_5_MIN,SNJOSEB_1_N001,Node,44.80005,28.60663,13.90776,2.28567,0.0
2025-10-19 16:50:00-07:00,2025-10-19 23:50:00+00:00,2025-10-19 16:55:00-07:00,2025-10-19 23:55:00+00:00,REAL_TIME_5_MIN,OAKLAND_1_N001,Node,38.93827,36.20852,0.41964,2.3101,0.0
2025-10-19 16:50:00-07:00,2025-10-19 23:50:00+00:00,2025-10-19 16:55:00-07:00,2025-10-19 23:55:00+00:00,REAL_TIME_5_MIN,PGSF_2_PDRP58-APND,AP Node,39.71255,36.20852,0.62541,2.87862,0.0
2025-10-19 16:50:00-07:00,2025-10-19 23:50:00+00:00,2025-10-19 16:55:00-07:00,2025-10-19 23:55:00+00:00,REAL_TIME_5_MIN,SNJOSEB_1_N001,Node,39.94086,36.20852,0.83928,2.89306,0.0
2025-10-19 16:55:00-07:00,2025-10-19 23:55:00+00:00,2025-10-19 17:00:00-07:00,2025-10-20 00:00:00+00:00,REAL_TIME_5_MIN,OAKLAND_1_N001,Node,41.57933,39.08567,0.0,2.49367,0.0
2025-10-19 16:55:00-07:00,2025-10-19 23:55:00+00:00,2025-10-19 17:00:00-07:00,2025-10-20 00:00:00+00:00,REAL_TIME_5_MIN,PGSF_2_PDRP58-APND,AP Node,42.19302,39.08567,0.0,3.10736,0.0
2025-10-19 16:55:00-07:00,2025-10-19 23:55:00+00:00,2025-10-19 17:00:00-07:00,2025-10-20 00:00:00+00:00,REAL_TIME_5_MIN,SNJOSEB_1_N001,Node,42.20861,39.08567,0.0,3.12294,0.0
2025-10-19 17:00:00-07:00,2025-10-20 00:00:00+00:00,2025-10-19 17:05:00-07:00,2025-10-20 00:05:00+00:00,REAL_TIME_5_MIN,OAKLAND_1_N001,Node,29.32774,21.83965,5.88943,1.59866,0.0
2025-10-19 17:00:00-07:00,2025-10-20 00:00:00+00:00,2025-10-19 17:05:00-07:00,2025-10-20 00:05:00+00:00,REAL_TIME_5_MIN,PGSF_2_PDRP58-APND,AP Node,32.64654,21.83965,8.7742,2.03269,0.0
2025-10-19 17:00:00-07:00,2025-10-20 00:00:00+00:00,2025-10-19 17:05:00-07:00,2025-10-20 00:05:00+00:00,REAL_TIME_5_MIN,SNJOSEB_1_N001,Node,35.61931,21.83965,11.7726,2.00706,0.0
2025-10-19 17:05:00-07:00,2025-10-20 00:05:00+00:00,2025-10-19 17:10:00-07:00,2025-10-20 00:10:00+00:00,REAL_TIME_5_MIN,OAKLAND_1_N001,Node,26.58009,20.46648,4.61546,1.49815,0.0
2025-10-19 17:05:00-07:00,2025-10-20 00:05:00+00:00,2025-10-19 17:10:00-07:00,2025-10-20 00:10:00+00:00,REAL_TIME_5_MIN,PGSF_2_PDRP58-APND,AP Node,29.24996,20.46648,6.8786,1.90488,0.0
2025-10-19 17:05:00-07:00,2025-10-20 00:05:00+00:00,2025-10-19 17:10:00-07:00,2025-10-20 00:10:00+00:00,REAL_TIME_5_MIN,SNJOSEB_1_N001,Node,31.57827,20.46648,9.23092,1.88087,0.0
2025-10-19 17:10:00-07:00,2025-10-20 00:10:00+00:00,2025-10-19 17:15:00-07:00,2025-10-20 00:15:00+00:00,REAL_TIME_5_MIN,OAKLAND_1_N001,Node,24.52456,22.85181,0.0,1.67275,0.0
2025-10-19 17:10:00-07:00,2025-10-20 00:10:00+00:00,2025-10-19 17:15:00-07:00,2025-10-20 00:15:00+00:00,REAL_TIME_5_MIN,PGSF_2_PDRP58-APND,AP Node,24.9787,22.85181,0.0,2.12689,0.0
2025-10-19 17:10:00-07:00,2025-10-20 00:10:00+00:00,2025-10-19 17:15:00-07:00,2025-10-20 00:15:00+00:00,REAL_TIME_5_MIN,SNJOSEB_1_N001,Node,24.95189,22.85181,0.0,2.10008,0.0
2025-10-19 17:15:00-07:00,2025-10-20 00:15:00+00:00,2025-10-19 17:20:00-07:00,2025-10-20 00:20:00+00:00,REAL_TIME_5_MIN,OAKLAND_1_N001,Node,35.31112,30.78588,2.23477,2.29047,0.0
2025-10-19 17:15:00-07:00,2025-10-20 00:15:00+00:00,2025-10-19 17:20:00-07:00,2025-10-20 00:20:00+00:00,REAL_TIME_5_MIN,PGSF_2_PDRP58-APND,AP Node,37.02451,30.78588,3.33057,2.90806,0.0
2025-10-19 17:15:00-07:00,2025-10-20 00:15:00+00:00,2025-10-19 17:20:00-07:00,2025-10-20 00:20:00+00:00,REAL_TIME_5_MIN,SNJOSEB_1_N001,Node,38.14622,30.78588,4.46955,2.89079,0.0
2025-10-19 17:20:00-07:00,2025-10-20 00:20:00+00:00,2025-10-19 17:25:00-07:00,2025-10-20 00:25:00+00:00,REAL_TIME_5_MIN,OAKLAND_1_N001,Node,35.90005,33.41404,0.0,2.486,0.0
2025-10-19 17:20:00-07:00,2025-10-20 00:20:00+00:00,2025-10-19 17:25:00-07:00,2025-10-20 00:25:00+00:00,REAL_TIME_5_MIN,PGSF_2_PDRP58-APND,AP Node,36.57036,33.41404,0.0,3.15632,0.0
2025-10-19 17:20:00-07:00,2025-10-20 00:20:00+00:00,2025-10-19 17:25:00-07:00,2025-10-20 00:25:00+00:00,REAL_TIME_5_MIN,SNJOSEB_1_N001,Node,36.55162,33.41404,0.0,3.13758,0.0
2025-10-19 17:25:00-07:00,2025-10-20 00:25:00+00:00,2025-10-19 17:30:00-07:00,2025-10-20 00:30:00+00:00,REAL_TIME_5_MIN,OAKLAND_1_N001,Node,40.03833,37.26576,0.0,2.77257,0.0
2025-10-19 17:25:00-07:00,2025-10-20 00:25:00+00:00,2025-10-19 17:30:00-07:00,2025-10-20 00:30:00+00:00,REAL_TIME_5_MIN,PGSF_2_PDRP58-APND,AP Node,40.78591,37.26576,0.0,3.52016,0.0
2025-10-19 17:25:00-07:00,2025-10-20 00:25:00+00:00,2025-10-19 17:30:00-07:00,2025-10-20 00:30:00+00:00,REAL_TIME_5_MIN,SNJOSEB_1_N001,Node,40.76501,37.26576,0.0,3.49925,0.0
2025-10-19 17:30:00-07:00,2025-10-20 00:30:00+00:00,2025-10-19 17:35:00-07:00,2025-10-20 00:35:00+00:00,REAL_TIME_5_MIN,OAKLAND_1_N001,Node,48.47528,44.40576,1.17426,2.89526,0.0
2025-10-19 17:30:00-07:00,2025-10-20 00:30:00+00:00,2025-10-19 17:35:00-07:00,2025-10-20 00:35:00+00:00,REAL_TIME_5_MIN,PGSF_2_PDRP58-APND,AP Node,50.06007,44.40576,1.75005,3.90426,0.0
2025-10-19 17:30:00-07:00,2025-10-20 00:30:00+00:00,2025-10-19 17:35:00-07:00,2025-10-20 00:35:00+00:00,REAL_TIME_5_MIN,SNJOSEB_1_N001,Node,50.38223,44.40576,2.34852,3.62795,0.0
2025-10-19 17:35:00-07:00,2025-10-20 00:35:00+00:00,2025-10-19 17:40:00-07:00,2025-10-20 00:40:00+00:00,REAL_TIME_5_MIN,OAKLAND_1_N001,Node,48.60428,45.62925,0.0,2.97503,0.0
2025-10-19 17:35:00-07:00,2025-10-20 00:35:00+00:00,2025-10-19 17:40:00-07:00,2025-10-20 00:40:00+00:00,REAL_TIME_5_MIN,PGSF_2_PDRP58-APND,AP Node,49.64109,45.62925,0.0,4.01184,0.0
2025-10-19 17:35:00-07:00,2025-10-20 00:35:00+00:00,2025-10-19 17:40:00-07:00,2025-10-20 00:40:00+00:00,REAL_TIME_5_MIN,SNJOSEB_1_N001,Node,49.35716,45.62925,0.0,3.72791,0.0
2025-10-19 17:40:00-07:00,2025-10-20 00:40:00+00:00,2025-10-19 17:45:00-07:00,2025-10-20 00:45:00+00:00,REAL_TIME_5_MIN,OAKLAND_1_N001,Node,50.38522,47.30118,0.0,3.08404,0.0
2025-10-19 17:40:00-07:00,2025-10-20 00:40:00+00:00,2025-10-19 17:45:00-07:00,2025-10-20 00:45:00+00:00,REAL_TIME_5_MIN,PGSF_2_PDRP58-APND,AP Node,51.46002,47.30118,0.0,4.15884,0.0
2025-10-19 17:40:00-07:00,2025-10-20 00:40:00+00:00,2025-10-19 17:45:00-07:00,2025-10-20 00:45:00+00:00,REAL_TIME_5_MIN,SNJOSEB_1_N001,Node,51.16568,47.30118,0.0,3.86451,0.0
2025-10-19 17:45:00-07:00,2025-10-20 00:45:00+00:00,2025-10-19 17:50:00-07:00,2025-10-20 00:50:00+00:00,REAL_TIME_5_MIN,OAKLAND_1_N001,Node,52.96698,49.70625,0.0,3.26073,0.0
2025-10-19 17:45:00-07:00,2025-10-20 00:45:00+00:00,2025-10-19 17:50:00-07:00,2025-10-20 00:50:00+00:00,REAL_TIME_5_MIN,PGSF_2_PDRP58-APND,AP Node,54.47719,49.70625,0.0,4.77094,0.0
2025-10-19 17:45:00-07:00,2025-10-20 00:45:00+00:00,2025-10-19 17:50:00-07:00,2025-10-20 00:50:00+00:00,REAL_TIME_5_MIN,SNJOSEB_1_N001,Node,53.96608,49.70625,0.0,4.25983,0.0
2025-10-19 17:50:00-07:00,2025-10-20 00:50:00+00:00,2025-10-19 17:55:00-07:00,2025-10-20 00:55:00+00:00,REAL_TIME_5_MIN,OAKLAND_1_N001,Node,54.02286,50.69713,0.0,3.32573,0.0
2025-10-19 17:50:00-07:00,2025-10-20 00:50:00+00:00,2025-10-19 17:55:00-07:00,2025-10-20 00:55:00+00:00,REAL_TIME_5_MIN,PGSF_2_PDRP58-APND,AP Node,55.56317,50.69713,0.0,4.86604,0.0
2025-10-19 17:50:00-07:00,2025-10-20 00:50:00+00:00,2025-10-19 17:55:00-07:00,2025-10-20 00:55:00+00:00,REAL_TIME_5_MIN,SNJOSEB_1_N001,Node,55.04187,50.69713,0.0,4.34474,0.0
2025-10-19 17:55:00-07:00,2025-10-20 00:55:00+00:00,2025-10-19 18:00:00-07:00,2025-10-20 01:00:00+00:00,REAL_TIME_5_MIN,OAKLAND_1_N001,Node,54.61349,51.2514,0.0,3.36209,0.0
2025-10-19 17:55:00-07:00,2025-10-20 00:55:00+00:00,2025-10-19 18:00:00-07:00,2025-10-20 01:00:00+00:00,REAL_TIME_5_MIN,PGSF_2_PDRP58-APND,AP Node,56.17064,51.2514,0.0,4.91924,0.0
2025-10-19 17:55:00-07:00,2025-10-20 00:55:00+00:00,2025-10-19 18:00:00-07:00,2025-10-20 01:00:00+00:00,REAL_TIME_5_MIN,SNJOSEB_1_N001,Node,55.64364,51.2514,0.0,4.39224,0.0
2025-10-19 18:00:00-07:00,2025-10-20 01:00:00+00:00,2025-10-19 18:05:00-07:00,2025-10-20 01:05:00+00:00,REAL_TIME_5_MIN,OAKLAND_1_N001,Node,43.15029,39.94622,0.00838,3.1957,0.0
2025-10-19 18:00:00-07:00,2025-10-20 01:00:00+00:00,2025-10-19 18:05:00-07:00,2025-10-20 01:05:00+00:00,REAL_TIME_5_MIN,PGSF_2_PDRP58-APND,AP Node,44.57569,39.94622,0.0085,4.62097,0.0
2025-10-19 18:00:00-07:00,2025-10-20 01:00:00+00:00,2025-10-19 18:05:00-07:00,2025-10-20 01:05:00+00:00,REAL_TIME_5_MIN,SNJOSEB_1_N001,Node,44.08922,39.94622,0.00857,4.13443,0.0
2025-10-19 18:05:00-07:00,2025-10-20 01:05:00+00:00,2025-10-19 18:10:00-07:00,2025-10-20 01:10:00+00:00,REAL_TIME_5_MIN,OAKLAND_1_N001,Node,42.77799,39.07724,0.57457,3.12618,0.0
2025-10-19 18:05:00-07:00,2025-10-20 01:05:00+00:00,2025-10-19 18:10:00-07:00,2025-10-20 01:10:00+00:00,REAL_TIME_5_MIN,PGSF_2_PDRP58-APND,AP Node,44.18065,39.07724,0.58297,4.52045,0.0
2025-10-19 18:05:00-07:00,2025-10-20 01:05:00+00:00,2025-10-19 18:10:00-07:00,2025-10-20 01:10:00+00:00,REAL_TIME_5_MIN,SNJOSEB_1_N001,Node,43.70974,39.07724,0.58801,4.04449,0.0
2025-10-19 18:10:00-07:00,2025-10-20 01:10:00+00:00,2025-10-19 18:15:00-07:00,2025-10-20 01:15:00+00:00,REAL_TIME_5_MIN,OAKLAND_1_N001,Node,43.88784,39.38674,1.35017,3.15094,0.0
2025-10-19 18:10:00-07:00,2025-10-20 01:10:00+00:00,2025-10-19 18:15:00-07:00,2025-10-20 01:15:00+00:00,REAL_TIME_5_MIN,PGSF_2_PDRP58-APND,AP Node,45.31289,39.38674,1.36991,4.55625,0.0
2025-10-19 18:10:00-07:00,2025-10-20 01:10:00+00:00,2025-10-19 18:15:00-07:00,2025-10-20 01:15:00+00:00,REAL_TIME_5_MIN,SNJOSEB_1_N001,Node,44.84502,39.38674,1.38175,4.07653,0.0
2025-10-19 18:15:00-07:00,2025-10-20 01:15:00+00:00,2025-10-19 18:20:00-07:00,2025-10-20 01:20:00+00:00,REAL_TIME_5_MIN,OAKLAND_1_N001,Node,45.23058,40.08144,1.99473,3.15441,0.0
2025-10-19 18:15:00-07:00,2025-10-20 01:15:00+00:00,2025-10-19 18:20:00-07:00,2025-10-20 01:20:00+00:00,REAL_TIME_5_MIN,PGSF_2_PDRP58-APND,AP Node,46.65174,40.08144,2.02983,4.54047,0.0
2025-10-19 18:15:00-07:00,2025-10-20 01:15:00+00:00,2025-10-19 18:20:00-07:00,2025-10-20 01:20:00+00:00,REAL_TIME_5_MIN,SNJOSEB_1_N001,Node,46.24334,40.08144,2.04153,4.12037,0.0
2025-10-19 18:20:00-07:00,2025-10-20 01:20:00+00:00,2025-10-19 18:25:00-07:00,2025-10-20 01:25:00+00:00,REAL_TIME_5_MIN,OAKLAND_1_N001,Node,44.36848,39.44822,1.81568,3.10457,0.0
2025-10-19 18:20:00-07:00,2025-10-20 01:20:00+00:00,2025-10-19 18:25:00-07:00,2025-10-20 01:25:00+00:00,REAL_TIME_5_MIN,PGSF_2_PDRP58-APND,AP Node,45.76543,39.44822,1.84847,4.46874,0.0
2025-10-19 18:20:00-07:00,2025-10-20 01:20:00+00:00,2025-10-19 18:25:00-07:00,2025-10-20 01:25:00+00:00,REAL_TIME_5_MIN,SNJOSEB_1_N001,Node,45.36155,39.44822,1.85805,4.05528,0.0
2025-10-19 18:25:00-07:00,2025-10-20 01:25:00+00:00,2025-10-19 18:30:00-07:00,2025-10-20 01:30:00+00:00,REAL_TIME_5_MIN,OAKLAND_1_N001,Node,46.26026,40.24458,2.84844,3.16725,0.0
2025-10-19 18:25:00-07:00,2025-10-20 01:25:00+00:00,2025-10-19 18:30:00-07:00,2025-10-20 01:30:00+00:00,REAL_TIME_5_MIN,PGSF_2_PDRP58-APND,AP Node,47.70451,40.24458,2.90097,4.55895,0.0
2025-10-19 18:25:00-07:00,2025-10-20 01:25:00+00:00,2025-10-19 18:30:00-07:00,2025-10-20 01:30:00+00:00,REAL_TIME_5_MIN,SNJOSEB_1_N001,Node,47.29634,40.24458,2.91461,4.13714,0.0
2025-10-19 18:30:00-07:00,2025-10-20 01:30:00+00:00,2025-10-19 18:35:00-07:00,2025-10-20 01:35:00+00:00,REAL_TIME_5_MIN,OAKLAND_1_N001,Node,44.61622,39.17745,2.23797,3.2008,0.0
2025-10-19 18:30:00-07:00,2025-10-20 01:30:00+00:00,2025-10-19 18:35:00-07:00,2025-10-20 01:35:00+00:00,REAL_TIME_5_MIN,PGSF_2_PDRP58-APND,AP Node,45.71187,39.17745,2.26869,4.26573,0.0
2025-10-19 18:30:00-07:00,2025-10-20 01:30:00+00:00,2025-10-19 18:35:00-07:00,2025-10-20 01:35:00+00:00,REAL_TIME_5_MIN,SNJOSEB_1_N001,Node,45.53731,39.17745,2.28932,4.07054,0.0
2025-10-19 18:35:00-07:00,2025-10-20 01:35:00+00:00,2025-10-19 18:40:00-07:00,2025-10-20 01:40:00+00:00,REAL_TIME_5_MIN,OAKLAND_1_N001,Node,42.81278,36.70303,3.11111,2.99864,0.0
2025-10-19 18:35:00-07:00,2025-10-20 01:35:00+00:00,2025-10-19 18:40:00-07:00,2025-10-20 01:40:00+00:00,REAL_TIME_5_MIN,PGSF_2_PDRP58-APND,AP Node,43.84417,36.70303,3.14484,3.99631,0.0
2025-10-19 18:35:00-07:00,2025-10-20 01:35:00+00:00,2025-10-19 18:40:00-07:00,2025-10-20 01:40:00+00:00,REAL_TIME_5_MIN,SNJOSEB_1_N001,Node,43.69777,36.70303,3.18129,3.81344,0.0
2025-10-19 18:40:00-07:00,2025-10-20 01:40:00+00:00,2025-10-19 18:45:00-07:00,2025-10-20 01:45:00+00:00,REAL_TIME_5_MIN,OAKLAND_1_N001,Node,40.54926,35.46753,2.18403,2.8977,0.0
2025-10-19 18:40:00-07:00,2025-10-20 01:40:00+00:00,2025-10-19 18:45:00-07:00,2025-10-20 01:45:00+00:00,REAL_TIME_5_MIN,PGSF_2_PDRP58-APND,AP Node,41.53294,35.46753,2.20363,3.86178,0.0
2025-10-19 18:40:00-07:00,2025-10-20 01:40:00+00:00,2025-10-19 18:45:00-07:00,2025-10-20 01:45:00+00:00,REAL_TIME_5_MIN,SNJOSEB_1_N001,Node,41.38537,35.46753,2.23276,3.68508,0.0
2025-10-19 18:45:00-07:00,2025-10-20 01:45:00+00:00,2025-10-19 18:50:00-07:00,2025-10-20 01:50:00+00:00,REAL_TIME_5_MIN,OAKLAND_1_N001,Node,40.0703,35.02728,2.12174,2.92128,0.0
2025-10-19 18:45:00-07:00,2025-10-20 01:45:00+00:00,2025-10-19 18:50:00-07:00,2025-10-20 01:50:00+00:00,REAL_TIME_5_MIN,PGSF_2_PDRP58-APND,AP Node,41.14059,35.02728,2.16996,3.94335,0.0
2025-10-19 18:45:00-07:00,2025-10-20 01:45:00+00:00,2025-10-19 18:50:00-07:00,2025-10-20 01:50:00+00:00,REAL_TIME_5_MIN,SNJOSEB_1_N001,Node,40.99689,35.02728,2.21818,3.75142,0.0
2025-10-19 18:50:00-07:00,2025-10-20 01:50:00+00:00,2025-10-19 18:55:00-07:00,2025-10-20 01:55:00+00:00,REAL_TIME_5_MIN,OAKLAND_1_N001,Node,38.22005,34.11565,1.25916,2.84525,0.0
2025-10-19 18:50:00-07:00,2025-10-20 01:50:00+00:00,2025-10-19 18:55:00-07:00,2025-10-20 01:55:00+00:00,REAL_TIME_5_MIN,PGSF_2_PDRP58-APND,AP Node,39.24414,34.11565,1.28777,3.84072,0.0
2025-10-19 18:50:00-07:00,2025-10-20 01:50:00+00:00,2025-10-19 18:55:00-07:00,2025-10-20 01:55:00+00:00,REAL_TIME_5_MIN,SNJOSEB_1_N001,Node,39.08583,34.11565,1.31639,3.65379,0.0
2025-10-19 18:55:00-07:00,2025-10-20 01:55:00+00:00,2025-10-19 19:00:00-07:00,2025-10-20 02:00:00+00:00,REAL_TIME_5_MIN,OAKLAND_1_N001,Node,37.97985,33.40815,1.78547,2.78624,0.0
2025-10-19 18:55:00-07:00,2025-10-20 01:55:00+00:00,2025-10-19 19:00:00-07:00,2025-10-20 02:00:00+00:00,REAL_TIME_5_MIN,PGSF_2_PDRP58-APND,AP Node,38.99526,33.40815,1.82604,3.76107,0.0
2025-10-19 18:55:00-07:00,2025-10-20 01:55:00+00:00,2025-10-19 19:00:00-07:00,2025-10-20 02:00:00+00:00,REAL_TIME_5_MIN,SNJOSEB_1_N001,Node,38.85278,33.40815,1.86662,3.57801,0.0
2025-10-19 19:00:00-07:00,2025-10-20 02:00:00+00:00,2025-10-19 19:05:00-07:00,2025-10-20 02:05:00+00:00,REAL_TIME_5_MIN,OAKLAND_1_N001,Node,44.81015,42.0134,0.06588,2.73087,0.0
2025-10-19 19:00:00-07:00,2025-10-20 02:00:00+00:00,2025-10-19 19:05:00-07:00,2025-10-20 02:05:00+00:00,REAL_TIME_5_MIN,PGSF_2_PDRP58-APND,AP Node,46.04879,42.0134,0.06738,3.968,0.0
2025-10-19 19:00:00-07:00,2025-10-20 02:00:00+00:00,2025-10-19 19:05:00-07:00,2025-10-20 02:05:00+00:00,REAL_TIME_5_MIN,SNJOSEB_1_N001,Node,45.79206,42.0134,0.06888,3.70978,0.0
2025-10-19 19:05:00-07:00,2025-10-20 02:05:00+00:00,2025-10-19 19:10:00-07:00,2025-10-20 02:10:00+00:00,REAL_TIME_5_MIN,OAKLAND_1_N001,Node,44.18038,41.29696,0.19913,2.6843,0.0
2025-10-19 19:05:00-07:00,2025-10-20 02:05:00+00:00,2025-10-19 19:10:00-07:00,2025-10-20 02:10:00+00:00,REAL_TIME_5_MIN,PGSF_2_PDRP58-APND,AP Node,45.40095,41.29696,0.20365,3.90034,0.0
2025-10-19 19:05:00-07:00,2025-10-20 02:05:00+00:00,2025-10-19 19:10:00-07:00,2025-10-20 02:10:00+00:00,REAL_TIME_5_MIN,SNJOSEB_1_N001,Node,45.15166,41.29696,0.20818,3.64652,0.0
2025-10-19 19:10:00-07:00,2025-10-20 02:10:00+00:00,2025-10-19 19:15:00-07:00,2025-10-20 02:15:00+00:00,REAL_TIME_5_MIN,OAKLAND_1_N001,Node,43.37694,40.72952,0.0,2.64742,0.0
2025-10-19 19:10:00-07:00,2025-10-20 02:10:00+00:00,2025-10-19 19:15:00-07:00,2025-10-20 02:15:00+00:00,REAL_TIME_5_MIN,PGSF_2_PDRP58-APND,AP Node,44.57627,40.72952,0.0,3.84675,0.0
2025-10-19 19:10:00-07:00,2025-10-20 02:10:00+00:00,2025-10-19 19:15:00-07:00,2025-10-20 02:15:00+00:00,REAL_TIME_5_MIN,SNJOSEB_1_N001,Node,44.32594,40.72952,0.0,3.59642,0.0
2025-10-19 19:15:00-07:00,2025-10-20 02:15:00+00:00,2025-10-19 19:20:00-07:00,2025-10-20 02:20:00+00:00,REAL_TIME_5_MIN,OAKLAND_1_N001,Node,42.40031,39.88741,0.0,2.51291,0.0
2025-10-19 19:15:00-07:00,2025-10-20 02:15:00+00:00,2025-10-19 19:20:00-07:00,2025-10-20 02:20:00+00:00,REAL_TIME_5_MIN,PGSF_2_PDRP58-APND,AP Node,43.56437,39.88741,0.0,3.67696,0.0
2025-10-19 19:15:00-07:00,2025-10-20 02:15:00+00:00,2025-10-19 19:20:00-07:00,2025-10-20 02:20:00+00:00,REAL_TIME_5_MIN,SNJOSEB_1_N001,Node,43.31772,39.88741,0.0,3.43032,0.0
2025-10-19 19:20:00-07:00,2025-10-20 02:20:00+00:00,2025-10-19 19:25:00-07:00,2025-10-20 02:25:00+00:00,REAL_TIME_5_MIN,OAKLAND_1_N001,Node,40.93135,38.5055,0.0,2.42585,0.0
2025-10-19 19:20:00-07:00,2025-10-20 02:20:00+00:00,2025-10-19 19:25:00-07:00,2025-10-20 02:25:00+00:00,REAL_TIME_5_MIN,PGSF_2_PDRP58-APND,AP Node,42.05508,38.5055,0.0,3.54958,0.0
2025-10-19 19:20:00-07:00,2025-10-20 02:20:00+00:00,2025-10-19 19:25:00-07:00,2025-10-20 02:25:00+00:00,REAL_TIME_5_MIN,SNJOSEB_1_N001,Node,41.81697,38.5055,0.0,3.31147,0.0
2025-10-19 19:25:00-07:00,2025-10-20 02:25:00+00:00,2025-10-19 19:30:00-07:00,2025-10-20 02:30:00+00:00,REAL_TIME_5_MIN,OAKLAND_1_N001,Node,40.27823,37.89109,0.0,2.38714,0.0
2025-10-19 19:25:00-07:00,2025-10-20 02:25:00+00:00,2025-10-19 19:30:00-07:00,2025-10-20 02:30:00+00:00,REAL_TIME_5_MIN,PGSF_2_PDRP58-APND,AP Node,41.38403,37.89109,0.0,3.49294,0.0
2025-10-19 19:25:00-07:00,2025-10-20 02:25:00+00:00,2025-10-19 19:30:00-07:00,2025-10-20 02:30:00+00:00,REAL_TIME_5_MIN,SNJOSEB_1_N001,Node,41.14972,37.89109,0.0,3.25863,0.0
2025-10-19 19:30:00-07:00,2025-10-20 02:30:00+00:00,2025-10-19 19:35:00-07:00,2025-10-20 02:35:00+00:00,REAL_TIME_5_MIN,OAKLAND_1_N001,Node,38.88048,36.01471,0.4816,2.38417,0.0
2025-10-19 19:30:00-07:00,2025-10-20 02:30:00+00:00,2025-10-19 19:35:00-07:00,2025-10-20 02:35:00+00:00,REAL_TIME_5_MIN,PGSF_2_PDRP58-APND,AP Node,39.93527,36.01471,0.49254,3.42801,0.0
2025-10-19 19:30:00-07:00,2025-10-20 02:30:00+00:00,2025-10-19 19:35:00-07:00,2025-10-20 02:35:00+00:00,REAL_TIME_5_MIN,SNJOSEB_1_N001,Node,39.69456,36.01471,0.49254,3.1873,0.0
2025-10-19 19:35:00-07:00,2025-10-20 02:35:00+00:00,2025-10-19 19:40:00-07:00,2025-10-20 02:40:00+00:00,REAL_TIME_5_MIN,OAKLAND_1_N001,Node,38.88048,36.01471,0.4816,2.38417,0.0
2025-10-19 19:35:00-07:00,2025-10-20 02:35:00+00:00,2025-10-19 19:40:00-07:00,2025-10-20 02:40:00+00:00,REAL_TIME_5_MIN,PGSF_2_PDRP58-APND,AP Node,39.93527,36.01471,0.49254,3.42801,0.0
2025-10-19 19:35:00-07:00,2025-10-20 02:35:00+00:00,2025-10-19 19:40:00-07:00,2025-10-20 02:40:00+00:00,REAL_TIME_5_MIN,SNJOSEB_1_N001,Node,39.69456,36.01471,0.49254,3.1873,0.0
2025-10-19 19:40:00-07:00,2025-10-20 02:40:00+00:00,2025-10-19 19:45:00-07:00,2025-10-20 02:45:00+00:00,REAL_TIME_5_MIN,OAKLAND_1_N001,Node,38.39741,35.65552,0.38149,2.3604,0.0
2025-10-19 19:40:00-07:00,2025-10-20 02:40:00+00:00,2025-10-19 19:45:00-07:00,2025-10-20 02:45:00+00:00,REAL_TIME_5_MIN,PGSF_2_PDRP58-APND,AP Node,39.43951,35.65552,0.39016,3.39382,0.0
2025-10-19 19:40:00-07:00,2025-10-20 02:40:00+00:00,2025-10-19 19:45:00-07:00,2025-10-20 02:45:00+00:00,REAL_TIME_5_MIN,SNJOSEB_1_N001,Node,39.2012,35.65552,0.39016,3.15551,0.0
2025-10-19 19:45:00-07:00,2025-10-20 02:45:00+00:00,2025-10-19 19:50:00-07:00,2025-10-20 02:50:00+00:00,REAL_TIME_5_MIN,OAKLAND_1_N001,Node,37.92243,35.4729,0.32825,2.12128,0.0
2025-10-19 19:45:00-07:00,2025-10-20 02:45:00+00:00,2025-10-19 19:50:00-07:00,2025-10-20 02:50:00+00:00,REAL_TIME_5_MIN,PGSF_2_PDRP58-APND,AP Node,39.13635,35.4729,0.33571,3.32774,0.0
2025-10-19 19:45:00-07:00,2025-10-20 02:45:00+00:00,2025-10-19 19:50:00-07:00,2025-10-20 02:50:00+00:00,REAL_TIME_5_MIN,SNJOSEB_1_N001,Node,38.70002,35.4729,0.34317,2.88395,0.0
2025-10-19 19:50:00-07:00,2025-10-20 02:50:00+00:00,2025-10-19 19:55:00-07:00,2025-10-20 02:55:00+00:00,REAL_TIME_5_MIN,OAKLAND_1_N001,Node,38.2743,35.68813,0.45202,2.13415,0.0
2025-10-19 19:50:00-07:00,2025-10-20 02:50:00+00:00,2025-10-19 19:55:00-07:00,2025-10-20 02:55:00+00:00,REAL_TIME_5_MIN,PGSF_2_PDRP58-APND,AP Node,39.49835,35.68813,0.4623,3.34793,0.0
2025-10-19 19:50:00-07:00,2025-10-20 02:50:00+00:00,2025-10-19 19:55:00-07:00,2025-10-20 02:55:00+00:00,REAL_TIME_5_MIN,SNJOSEB_1_N001,Node,39.06214,35.68813,0.47257,2.90144,0.0
2025-10-19 19:55:00-07:00,2025-10-20 02:55:00+00:00,2025-10-19 20:00:00-07:00,2025-10-20 03:00:00+00:00,REAL_TIME_5_MIN,OAKLAND_1_N001,Node,38.34894,35.74382,0.46764,2.13748,0.0
2025-10-19 19:55:00-07:00,2025-10-20 02:55:00+00:00,2025-10-19 20:00:00-07:00,2025-10-20 03:00:00+00:00,REAL_TIME_5_MIN,PGSF_2_PDRP58-APND,AP Node,39.57524,35.74382,0.47827,3.35315,0.0
2025-10-19 19:55:00-07:00,2025-10-20 02:55:00+00:00,2025-10-19 20:00:00-07:00,2025-10-20 03:00:00+00:00,REAL_TIME_5_MIN,SNJOSEB_1_N001,Node,39.13869,35.74382,0.4889,2.90597,0.0
2025-10-19 20:00:00-07:00,2025-10-20 03:00:00+00:00,2025-10-19 20:05:00-07:00,2025-10-20 03:05:00+00:00,REAL_TIME_5_MIN,OAKLAND_1_N001,Node,43.36121,41.29245,0.0,2.06875,0.0
2025-10-19 20:00:00-07:00,2025-10-20 03:00:00+00:00,2025-10-19 20:05:00-07:00,2025-10-20 03:05:00+00:00,REAL_TIME_5_MIN,PGSF_2_PDRP58-APND,AP Node,44.72028,41.29245,0.0,3.42783,0.0
2025-10-19 20:00:00-07:00,2025-10-20 03:00:00+00:00,2025-10-19 20:05:00-07:00,2025-10-20 03:05:00+00:00,REAL_TIME_5_MIN,SNJOSEB_1_N001,Node,44.22009,41.29245,0.0,2.92763,0.0
2025-10-19 20:05:00-07:00,2025-10-20 03:05:00+00:00,2025-10-19 20:10:00-07:00,2025-10-20 03:10:00+00:00,REAL_TIME_5_MIN,OAKLAND_1_N001,Node,42.86122,40.81633,0.0,2.0449,0.0
2025-10-19 20:05:00-07:00,2025-10-20 03:05:00+00:00,2025-10-19 20:10:00-07:00,2025-10-20 03:10:00+00:00,REAL_TIME_5_MIN,PGSF_2_PDRP58-APND,AP Node,44.20463,40.81633,0.0,3.38831,0.0
2025-10-19 20:05:00-07:00,2025-10-20 03:05:00+00:00,2025-10-19 20:10:00-07:00,2025-10-20 03:10:00+00:00,REAL_TIME_5_MIN,SNJOSEB_1_N001,Node,43.7102,40.81633,0.0,2.89388,0.0
2025-10-19 20:10:00-07:00,2025-10-20 03:10:00+00:00,2025-10-19 20:15:00-07:00,2025-10-20 03:15:00+00:00,REAL_TIME_5_MIN,OAKLAND_1_N001,Node,42.55723,40.52684,0.0,2.03039,0.0
2025-10-19 20:10:00-07:00,2025-10-20 03:10:00+00:00,2025-10-19 20:15:00-07:00,2025-10-20 03:15:00+00:00,REAL_TIME_5_MIN,PGSF_2_PDRP58-APND,AP Node,43.89111,40.52684,0.0,3.36427,0.0
2025-10-19 20:10:00-07:00,2025-10-20 03:10:00+00:00,2025-10-19 20:15:00-07:00,2025-10-20 03:15:00+00:00,REAL_TIME_5_MIN,SNJOSEB_1_N001,Node,43.40019,40.52684,0.0,2.87335,0.0
2025-10-19 20:15:00-07:00,2025-10-20 03:15:00+00:00,2025-10-19 20:20:00-07:00,2025-10-20 03:20:00+00:00,REAL_TIME_5_MIN,OAKLAND_1_N001,Node,42.16132,39.53689,0.64759,1.97684,0.0
2025-10-19 20:15:00-07:00,2025-10-20 03:15:00+00:00,2025-10-19 20:20:00-07:00,2025-10-20 03:20:00+00:00,REAL_TIME_5_MIN,PGSF_2_PDRP58-APND,AP Node,43.45219,39.53689,0.6623,3.253,0.0
2025-10-19 20:15:00-07:00,2025-10-20 03:15:00+00:00,2025-10-19 20:20:00-07:00,2025-10-20 03:20:00+00:00,REAL_TIME_5_MIN,SNJOSEB_1_N001,Node,42.97073,39.53689,0.6623,2.77154,0.0
2025-10-19 20:20:00-07:00,2025-10-20 03:20:00+00:00,2025-10-19 20:25:00-07:00,2025-10-20 03:25:00+00:00,REAL_TIME_5_MIN,OAKLAND_1_N001,Node,40.8399,38.10012,0.83477,1.90501,0.0
2025-10-19 20:20:00-07:00,2025-10-20 03:20:00+00:00,2025-10-19 20:25:00-07:00,2025-10-20 03:25:00+00:00,REAL_TIME_5_MIN,PGSF_2_PDRP58-APND,AP Node,42.08864,38.10012,0.85375,3.13478,0.0
2025-10-19 20:20:00-07:00,2025-10-20 03:20:00+00:00,2025-10-19 20:25:00-07:00,2025-10-20 03:25:00+00:00,REAL_TIME_5_MIN,SNJOSEB_1_N001,Node,41.62468,38.10012,0.85375,2.67082,0.0
2025-10-19 20:25:00-07:00,2025-10-20 03:25:00+00:00,2025-10-19 20:30:00-07:00,2025-10-20 03:30:00+00:00,REAL_TIME_5_MIN,OAKLAND_1_N001,Node,38.9934,36.49739,0.67113,1.82487,0.0
2025-10-19 20:25:00-07:00,2025-10-20 03:25:00+00:00,2025-10-19 20:30:00-07:00,2025-10-20 03:30:00+00:00,REAL_TIME_5_MIN,PGSF_2_PDRP58-APND,AP Node,40.18669,36.49739,0.68639,3.00291,0.0
2025-10-19 20:25:00-07:00,2025-10-20 03:25:00+00:00,2025-10-19 20:30:00-07:00,2025-10-20 03:30:00+00:00,REAL_TIME_5_MIN,SNJOSEB_1_N001,Node,39.74225,36.49739,0.68639,2.55847,0.0
2025-10-19 20:30:00-07:00,2025-10-20 03:30:00+00:00,2025-10-19 20:35:00-07:00,2025-10-20 03:35:00+00:00,REAL_TIME_5_MIN,OAKLAND_1_N001,Node,39.09276,36.25609,0.8172,2.01946,0.0
2025-10-19 20:30:00-07:00,2025-10-20 03:30:00+00:00,2025-10-19 20:35:00-07:00,2025-10-20 03:35:00+00:00,REAL_TIME_5_MIN,PGSF_2_PDRP58-APND,AP Node,40.21536,36.25609,0.83577,3.1235,0.0
2025-10-19 20:30:00-07:00,2025-10-20 03:30:00+00:00,2025-10-19 20:35:00-07:00,2025-10-20 03:35:00+00:00,REAL_TIME_5_MIN,SNJOSEB_1_N001,Node,39.76756,36.25609,0.83577,2.6757,0.0
2025-10-19 20:35:00-07:00,2025-10-20 03:35:00+00:00,2025-10-19 20:40:00-07:00,2025-10-20 03:40:00+00:00,REAL_TIME_5_MIN,OAKLAND_1_N001,Node,39.09269,36.25445,0.81886,2.01937,0.0
2025-10-19 20:35:00-07:00,2025-10-20 03:35:00+00:00,2025-10-19 20:40:00-07:00,2025-10-20 03:40:00+00:00,REAL_TIME_5_MIN,PGSF_2_PDRP58-APND,AP Node,40.21528,36.25445,0.83747,3.12335,0.0
2025-10-19 20:35:00-07:00,2025-10-20 03:35:00+00:00,2025-10-19 20:40:00-07:00,2025-10-20 03:40:00+00:00,REAL_TIME_5_MIN,SNJOSEB_1_N001,Node,39.7675,36.25445,0.83747,2.67558,0.0
2025-10-19 20:40:00-07:00,2025-10-20 03:40:00+00:00,2025-10-19 20:45:00-07:00,2025-10-20 03:45:00+00:00,REAL_TIME_5_MIN,OAKLAND_1_N001,Node,39.1518,36.44235,0.67961,2.02984,0.0
2025-10-19 20:40:00-07:00,2025-10-20 03:40:00+00:00,2025-10-19 20:45:00-07:00,2025-10-20 03:45:00+00:00,REAL_TIME_5_MIN,PGSF_2_PDRP58-APND,AP Node,40.27695,36.44235,0.69506,3.13954,0.0
2025-10-19 20:40:00-07:00,2025-10-20 03:40:00+00:00,2025-10-19 20:45:00-07:00,2025-10-20 03:45:00+00:00,REAL_TIME_5_MIN,SNJOSEB_1_N001,Node,39.82685,36.44235,0.69506,2.68945,0.0
2025-10-19 20:45:00-07:00,2025-10-20 03:45:00+00:00,2025-10-19 20:50:00-07:00,2025-10-20 03:50:00+00:00,REAL_TIME_5_MIN,OAKLAND_1_N001,Node,39.00807,36.04196,0.95498,2.01114,0.0
2025-10-19 20:45:00-07:00,2025-10-20 03:45:00+00:00,2025-10-19 20:50:00-07:00,2025-10-20 03:50:00+00:00,REAL_TIME_5_MIN,PGSF_2_PDRP58-APND,AP Node,39.8476,36.04196,0.97668,2.82896,0.0
2025-10-19 20:45:00-07:00,2025-10-20 03:45:00+00:00,2025-10-19 20:50:00-07:00,2025-10-20 03:50:00+00:00,REAL_TIME_5_MIN,SNJOSEB_1_N001,Node,39.59203,36.04196,0.97668,2.5734,0.0
2025-10-19 20:50:00-07:00,2025-10-20 03:50:00+00:00,2025-10-19 20:55:00-07:00,2025-10-20 03:55:00+00:00,REAL_TIME_5_MIN,OAKLAND_1_N001,Node,38.48212,35.17753,1.34168,1.96291,0.0
2025-10-19 20:50:00-07:00,2025-10-20 03:50:00+00:00,2025-10-19 20:55:00-07:00,2025-10-20 03:55:00+00:00,REAL_TIME_5_MIN,PGSF_2_PDRP58-APND,AP Node,39.31082,35.17753,1.37217,2.76111,0.0
2025-10-19 20:50:00-07:00,2025-10-20 03:50:00+00:00,2025-10-19 20:55:00-07:00,2025-10-20 03:55:00+00:00,REAL_TIME_5_MIN,SNJOSEB_1_N001,Node,39.06138,35.17753,1.37217,2.51168,0.0
2025-10-19 20:55:00-07:00,2025-10-20 03:55:00+00:00,2025-10-19 21:00:00-07:00,2025-10-20 04:00:00+00:00,REAL_TIME_5_MIN,OAKLAND_1_N001,Node,37.39229,33.84631,1.65736,1.88862,0.0
2025-10-19 20:55:00-07:00,2025-10-20 03:55:00+00:00,2025-10-19 21:00:00-07:00,2025-10-20 04:00:00+00:00,REAL_TIME_5_MIN,PGSF_2_PDRP58-APND,AP Node,38.19795,33.84631,1.69502,2.65662,0.0
2025-10-19 20:55:00-07:00,2025-10-20 03:55:00+00:00,2025-10-19 21:00:00-07:00,2025-10-20 04:00:00+00:00,REAL_TIME_5_MIN,SNJOSEB_1_N001,Node,37.95796,33.84631,1.69502,2.41663,0.0
2025-10-19 21:00:00-07:00,2025-10-20 04:00:00+00:00,2025-10-19 21:05:00-07:00,2025-10-20 04:05:00+00:00,REAL_TIME_5_MIN,OAKLAND_1_N001,Node,41.28907,35.72773,3.75709,1.80425,0.0
2025-10-19 21:00:00-07:00,2025-10-20 04:00:00+00:00,2025-10-19 21:05:00-07:00,2025-10-20 04:05:00+00:00,REAL_TIME_5_MIN,PGSF_2_PDRP58-APND,AP Node,42.51034,35.72773,3.84248,2.94013,0.0
2025-10-19 21:00:00-07:00,2025-10-20 04:00:00+00:00,2025-10-19 21:05:00-07:00,2025-10-20 04:05:00+00:00,REAL_TIME_5_MIN,SNJOSEB_1_N001,Node,42.11402,35.72773,3.84248,2.54381,0.0
2025-10-19 21:05:00-07:00,2025-10-20 04:05:00+00:00,2025-10-19 21:10:00-07:00,2025-10-20 04:10:00+00:00,REAL_TIME_5_MIN,OAKLAND_1_N001,Node,39.25621,34.45418,3.0621,1.73994,0.0
2025-10-19 21:05:00-07:00,2025-10-20 04:05:00+00:00,2025-10-19 21:10:00-07:00,2025-10-20 04:10:00+00:00,REAL_TIME_5_MIN,PGSF_2_PDRP58-APND,AP Node,40.4212,34.45418,3.1317,2.83533,0.0
2025-10-19 21:05:00-07:00,2025-10-20 04:05:00+00:00,2025-10-19 21:10:00-07:00,2025-10-20 04:10:00+00:00,REAL_TIME_5_MIN,SNJOSEB_1_N001,Node,40.03901,34.45418,3.1317,2.45314,0.0
2025-10-19 21:10:00-07:00,2025-10-20 04:10:00+00:00,2025-10-19 21:15:00-07:00,2025-10-20 04:15:00+00:00,REAL_TIME_5_MIN,OAKLAND_1_N001,Node,37.62704,32.88838,3.07779,1.66086,0.0
2025-10-19 21:10:00-07:00,2025-10-20 04:10:00+00:00,2025-10-19 21:15:00-07:00,2025-10-20 04:15:00+00:00,REAL_TIME_5_MIN,PGSF_2_PDRP58-APND,AP Node,38.7426,32.88838,3.14774,2.70647,0.0
2025-10-19 21:10:00-07:00,2025-10-20 04:10:00+00:00,2025-10-19 21:15:00-07:00,2025-10-20 04:15:00+00:00,REAL_TIME_5_MIN,SNJOSEB_1_N001,Node,38.37778,32.88838,3.14774,2.34165,0.0
2025-10-19 21:15:00-07:00,2025-10-20 04:15:00+00:00,2025-10-19 21:20:00-07:00,2025-10-20 04:20:00+00:00,REAL_TIME_5_MIN,OAKLAND_1_N001,Node,37.51546,32.46963,3.45482,1.59101,0.0
2025-10-19 21:15:00-07:00,2025-10-20 04:15:00+00:00,2025-10-19 21:20:00-07:00,2025-10-20 04:20:00+00:00,REAL_TIME_5_MIN,PGSF_2_PDRP58-APND,AP Node,38.62749,32.46963,3.53334,2.62452,0.0
2025-10-19 21:15:00-07:00,2025-10-20 04:15:00+00:00,2025-10-19 21:20:00-07:00,2025-10-20 04:20:00+00:00,REAL_TIME_5_MIN,SNJOSEB_1_N001,Node,38.27259,32.46963,3.53334,2.26963,0.0
2025-10-19 21:20:00-07:00,2025-10-20 04:20:00+00:00,2025-10-19 21:25:00-07:00,2025-10-20 04:25:00+00:00,REAL_TIME_5_MIN,OAKLAND_1_N001,Node,36.82606,31.89953,3.36345,1.56308,0.0
2025-10-19 21:20:00-07:00,2025-10-20 04:20:00+00:00,2025-10-19 21:25:00-07:00,2025-10-20 04:25:00+00:00,REAL_TIME_5_MIN,PGSF_2_PDRP58-APND,AP Node,37.91786,31.89953,3.43989,2.57844,0.0
2025-10-19 21:20:00-07:00,2025-10-20 04:20:00+00:00,2025-10-19 21:25:00-07:00,2025-10-20 04:25:00+00:00,REAL_TIME_5_MIN,SNJOSEB_1_N001,Node,37.5692,31.89953,3.43989,2.22978,0.0
2025-10-19 21:25:00-07:00,2025-10-20 04:25:00+00:00,2025-10-19 21:30:00-07:00,2025-10-20 04:30:00+00:00,REAL_TIME_5_MIN,OAKLAND_1_N001,Node,37.16039,33.04312,2.49816,1.61911,0.0
2025-10-19 21:25:00-07:00,2025-10-20 04:25:00+00:00,2025-10-19 21:30:00-07:00,2025-10-20 04:30:00+00:00,REAL_TIME_5_MIN,PGSF_2_PDRP58-APND,AP Node,38.26893,33.04312,2.55494,2.67088,0.0
2025-10-19 21:25:00-07:00,2025-10-20 04:25:00+00:00,2025-10-19 21:30:00-07:00,2025-10-20 04:30:00+00:00,REAL_TIME_5_MIN,SNJOSEB_1_N001,Node,37.90777,33.04312,2.55494,2.30971,0.0
2025-10-19 21:30:00-07:00,2025-10-20 04:30:00+00:00,2025-10-19 21:35:00-07:00,2025-10-20 04:35:00+00:00,REAL_TIME_5_MIN,OAKLAND_1_N001,Node,38.88076,36.77225,0.17796,1.93054,0.0
2025-10-19 21:30:00-07:00,2025-10-20 04:30:00+00:00,2025-10-19 21:35:00-07:00,2025-10-20 04:35:00+00:00,REAL_TIME_5_MIN,PGSF_2_PDRP58-APND,AP Node,39.96702,36.77225,0.18201,3.01275,0.0
2025-10-19 21:30:00-07:00,2025-10-20 04:30:00+00:00,2025-10-19 21:35:00-07:00,2025-10-20 04:35:00+00:00,REAL_TIME_5_MIN,SNJOSEB_1_N001,Node,39.56877,36.77225,0.18201,2.61451,0.0
2025-10-19 21:35:00-07:00,2025-10-20 04:35:00+00:00,2025-10-19 21:40:00-07:00,2025-10-20 04:40:00+00:00,REAL_TIME_5_MIN,OAKLAND_1_N001,Node,39.29839,37.33814,0.0,1.96025,0.0
2025-10-19 21:35:00-07:00,2025-10-20 04:35:00+00:00,2025-10-19 21:40:00-07:00,2025-10-20 04:40:00+00:00,REAL_TIME_5_MIN,PGSF_2_PDRP58-APND,AP Node,40.39725,37.33814,0.0,3.05912,0.0
2025-10-19 21:35:00-07:00,2025-10-20 04:35:00+00:00,2025-10-19 21:40:00-07:00,2025-10-20 04:40:00+00:00,REAL_TIME_5_MIN,SNJOSEB_1_N001,Node,39.99288,37.33814,0.0,2.65474,0.0
2025-10-19 21:40:00-07:00,2025-10-20 04:40:00+00:00,2025-10-19 21:45:00-07:00,2025-10-20 04:45:00+00:00,REAL_TIME_5_MIN,OAKLAND_1_N001,Node,39.29839,37.33814,0.0,1.96025,0.0
2025-10-19 21:40:00-07:00,2025-10-20 04:40:00+00:00,2025-10-19 21:45:00-07:00,2025-10-20 04:45:00+00:00,REAL_TIME_5_MIN,PGSF_2_PDRP58-APND,AP Node,40.39725,37.33814,0.0,3.05912,0.0
2025-10-19 21:40:00-07:00,2025-10-20 04:40:00+00:00,2025-10-19 21:45:00-07:00,2025-10-20 04:45:00+00:00,REAL_TIME_5_MIN,SNJOSEB_1_N001,Node,39.99288,37.33814,0.0,2.65474,0.0
2025-10-19 21:45:00-07:00,2025-10-20 04:45:00+00:00,2025-10-19 21:50:00-07:00,2025-10-20 04:50:00+00:00,REAL_TIME_5_MIN,OAKLAND_1_N001,Node,37.42332,33.97115,1.83514,1.61703,0.0
2025-10-19 21:45:00-07:00,2025-10-20 04:45:00+00:00,2025-10-19 21:50:00-07:00,2025-10-20 04:50:00+00:00,REAL_TIME_5_MIN,PGSF_2_PDRP58-APND,AP Node,38.41643,33.97115,1.87685,2.56844,0.0
2025-10-19 21:45:00-07:00,2025-10-20 04:45:00+00:00,2025-10-19 21:50:00-07:00,2025-10-20 04:50:00+00:00,REAL_TIME_5_MIN,SNJOSEB_1_N001,Node,38.05612,33.97115,1.87685,2.20812,0.0
2025-10-19 21:50:00-07:00,2025-10-20 04:50:00+00:00,2025-10-19 21:55:00-07:00,2025-10-20 04:55:00+00:00,REAL_TIME_5_MIN,OAKLAND_1_N001,Node,35.03092,31.62196,1.90376,1.50521,0.0
2025-10-19 21:50:00-07:00,2025-10-20 04:50:00+00:00,2025-10-19 21:55:00-07:00,2025-10-20 04:55:00+00:00,REAL_TIME_5_MIN,PGSF_2_PDRP58-APND,AP Node,35.95981,31.62196,1.94702,2.39082,0.0
2025-10-19 21:50:00-07:00,2025-10-20 04:50:00+00:00,2025-10-19 21:55:00-07:00,2025-10-20 04:55:00+00:00,REAL_TIME_5_MIN,SNJOSEB_1_N001,Node,35.62441,31.62196,1.94702,2.05543,0.0
2025-10-19 21:55:00-07:00,2025-10-20 04:55:00+00:00,2025-10-19 22:00:00-07:00,2025-10-20 05:00:00+00:00,REAL_TIME_5_MIN,OAKLAND_1_N001,Node,33.62384,30.4065,1.76999,1.44735,0.0
2025-10-19 21:55:00-07:00,2025-10-20 04:55:00+00:00,2025-10-19 22:00:00-07:00,2025-10-20 05:00:00+00:00,REAL_TIME_5_MIN,PGSF_2_PDRP58-APND,AP Node,34.51564,30.4065,1.81022,2.29893,0.0
2025-10-19 21:55:00-07:00,2025-10-20 04:55:00+00:00,2025-10-19 22:00:00-07:00,2025-10-20 05:00:00+00:00,REAL_TIME_5_MIN,SNJOSEB_1_N001,Node,34.19314,30.4065,1.81022,1.97642,0.0
2025-10-19 22:00:00-07:00,2025-10-20 05:00:00+00:00,2025-10-19 22:05:00-07:00,2025-10-20 05:05:00+00:00,REAL_TIME_5_MIN,OAKLAND_1_N001,Node,38.91302,37.60803,0.0,1.305,0.0
2025-10-19 22:00:00-07:00,2025-10-20 05:00:00+00:00,2025-10-19 22:05:00-07:00,2025-10-20 05:05:00+00:00,REAL_TIME_5_MIN,PGSF_2_PDRP58-APND,AP Node,40.12906,37.60803,0.0,2.52103,0.0
2025-10-19 22:00:00-07:00,2025-10-20 05:00:00+00:00,2025-10-19 22:05:00-07:00,2025-10-20 05:05:00+00:00,REAL_TIME_5_MIN,SNJOSEB_1_N001,Node,39.77801,37.60803,0.0,2.16998,0.0
2025-10-19 22:05:00-07:00,2025-10-20 05:05:00+00:00,2025-10-19 22:10:00-07:00,2025-10-20 05:10:00+00:00,REAL_TIME_5_MIN,OAKLAND_1_N001,Node,38.81778,37.51597,0.0,1.3018,0.0
2025-10-19 22:05:00-07:00,2025-10-20 05:05:00+00:00,2025-10-19 22:10:00-07:00,2025-10-20 05:10:00+00:00,REAL_TIME_5_MIN,PGSF_2_PDRP58-APND,AP Node,40.03083,37.51597,0.0,2.51486,0.0
2025-10-19 22:05:00-07:00,2025-10-20 05:05:00+00:00,2025-10-19 22:10:00-07:00,2025-10-20 05:10:00+00:00,REAL_TIME_5_MIN,SNJOSEB_1_N001,Node,39.68064,37.51597,0.0,2.16467,0.0
2025-10-19 22:10:00-07:00,2025-10-20 05:10:00+00:00,2025-10-19 22:15:00-07:00,2025-10-20 05:15:00+00:00,REAL_TIME_5_MIN,OAKLAND_1_N001,Node,38.80093,37.49969,0.0,1.30124,0.0
2025-10-19 22:10:00-07:00,2025-10-20 05:10:00+00:00,2025-10-19 22:15:00-07:00,2025-10-20 05:15:00+00:00,REAL_TIME_5_MIN,PGSF_2_PDRP58-APND,AP Node,40.01346,37.49969,0.0,2.51377,0.0
2025-10-19 22:10:00-07:00,2025-10-20 05:10:00+00:00,2025-10-19 22:15:00-07:00,2025-10-20 05:15:00+00:00,REAL_TIME_5_MIN,SNJOSEB_1_N001,Node,39.66342,37.49969,0.0,2.16373,0.0
2025-10-19 22:15:00-07:00,2025-10-20 05:15:00+00:00,2025-10-19 22:20:00-07:00,2025-10-20 05:20:00+00:00,REAL_TIME_5_MIN,OAKLAND_1_N001,Node,38.05755,36.82395,0.0,1.2336,0.0
2025-10-19 22:15:00-07:00,2025-10-20 05:15:00+00:00,2025-10-19 22:20:00-07:00,2025-10-20 05:20:00+00:00,REAL_TIME_5_MIN,PGSF_2_PDRP58-APND,AP Node,39.256,36.82395,0.0,2.43205,0.0
2025-10-19 22:15:00-07:00,2025-10-20 05:15:00+00:00,2025-10-19 22:20:00-07:00,2025-10-20 05:20:00+00:00,REAL_TIME_5_MIN,SNJOSEB_1_N001,Node,38.91555,36.82395,0.0,2.0916,0.0
2025-10-19 22:20:00-07:00,2025-10-20 05:20:00+00:00,2025-10-19 22:25:00-07:00,2025-10-20 05:25:00+00:00,REAL_TIME_5_MIN,OAKLAND_1_N001,Node,37.94273,36.71285,0.0,1.22988,0.0
2025-10-19 22:20:00-07:00,2025-10-20 05:20:00+00:00,2025-10-19 22:25:00-07:00,2025-10-20 05:25:00+00:00,REAL_TIME_5_MIN,PGSF_2_PDRP58-APND,AP Node,39.13756,36.71285,0.0,2.42471,0.0
2025-10-19 22:20:00-07:00,2025-10-20 05:20:00+00:00,2025-10-19 22:25:00-07:00,2025-10-20 05:25:00+00:00,REAL_TIME_5_MIN,SNJOSEB_1_N001,Node,38.79814,36.71285,0.0,2.08529,0.0
2025-10-19 22:25:00-07:00,2025-10-20 05:25:00+00:00,2025-10-19 22:30:00-07:00,2025-10-20 05:30:00+00:00,REAL_TIME_5_MIN,OAKLAND_1_N001,Node,38.28227,37.04139,0.0,1.24089,0.0
2025-10-19 22:25:00-07:00,2025-10-20 05:25:00+00:00,2025-10-19 22:30:00-07:00,2025-10-20 05:30:00+00:00,REAL_TIME_5_MIN,PGSF_2_PDRP58-APND,AP Node,39.48779,37.04139,0.0,2.44641,0.0
2025-10-19 22:25:00-07:00,2025-10-20 05:25:00+00:00,2025-10-19 22:30:00-07:00,2025-10-20 05:30:00+00:00,REAL_TIME_5_MIN,SNJOSEB_1_N001,Node,39.14534,37.04139,0.0,2.10395,0.0
2025-10-19 22:30:00-07:00,2025-10-20 05:30:00+00:00,2025-10-19 22:35:00-07:00,2025-10-20 05:35:00+00:00,REAL_TIME_5_MIN,OAKLAND_1_N001,Node,38.28631,37.0704,0.0,1.21591,0.0
2025-10-19 22:30:00-07:00,2025-10-20 05:30:00+00:00,2025-10-19 22:35:00-07:00,2025-10-20 05:35:00+00:00,REAL_TIME_5_MIN,PGSF_2_PDRP58-APND,AP Node,39.39876,37.0704,0.0,2.32836,0.0
2025-10-19 22:30:00-07:00,2025-10-20 05:30:00+00:00,2025-10-19 22:35:00-07:00,2025-10-20 05:35:00+00:00,REAL_TIME_5_MIN,SNJOSEB_1_N001,Node,39.06108,37.0704,0.0,1.99068,0.0
2025-10-19 22:35:00-07:00,2025-10-20 05:35:00+00:00,2025-10-19 22:40:00-07:00,2025-10-20 05:40:00+00:00,REAL_TIME_5_MIN,OAKLAND_1_N001,Node,38.28631,37.0704,0.0,1.21591,0.0
2025-10-19 22:35:00-07:00,2025-10-20 05:35:00+00:00,2025-10-19 22:40:00-07:00,2025-10-20 05:40:00+00:00,REAL_TIME_5_MIN,PGSF_2_PDRP58-APND,AP Node,39.39876,37.0704,0.0,2.32836,0.0
2025-10-19 22:35:00-07:00,2025-10-20 05:35:00+00:00,2025-10-19 22:40:00-07:00,2025-10-20 05:40:00+00:00,REAL_TIME_5_MIN,SNJOSEB_1_N001,Node,39.06108,37.0704,0.0,1.99068,0.0
2025-10-19 22:40:00-07:00,2025-10-20 05:40:00+00:00,2025-10-19 22:45:00-07:00,2025-10-20 05:45:00+00:00,REAL_TIME_5_MIN,OAKLAND_1_N001,Node,37.83502,36.63345,0.0,1.20158,0.0
2025-10-19 22:40:00-07:00,2025-10-20 05:40:00+00:00,2025-10-19 22:45:00-07:00,2025-10-20 05:45:00+00:00,REAL_TIME_5_MIN,PGSF_2_PDRP58-APND,AP Node,38.93437,36.63345,0.0,2.30092,0.0
2025-10-19 22:40:00-07:00,2025-10-20 05:40:00+00:00,2025-10-19 22:45:00-07:00,2025-10-20 05:45:00+00:00,REAL_TIME_5_MIN,SNJOSEB_1_N001,Node,38.60066,36.63345,0.0,1.96722,0.0
2025-10-19 22:45:00-07:00,2025-10-20 05:45:00+00:00,2025-10-19 22:50:00-07:00,2025-10-20 05:50:00+00:00,REAL_TIME_5_MIN,OAKLAND_1_N001,Node,37.08658,35.8186,0.0,1.26798,0.0
2025-10-19 22:45:00-07:00,2025-10-20 05:45:00+00:00,2025-10-19 22:50:00-07:00,2025-10-20 05:50:00+00:00,REAL_TIME_5_MIN,PGSF_2_PDRP58-APND,AP Node,38.13287,35.8186,0.0,2.31426,0.0
2025-10-19 22:45:00-07:00,2025-10-20 05:45:00+00:00,2025-10-19 22:50:00-07:00,2025-10-20 05:50:00+00:00,REAL_TIME_5_MIN,SNJOSEB_1_N001,Node,37.80295,35.8186,0.0,1.98435,0.0
2025-10-19 22:50:00-07:00,2025-10-20 05:50:00+00:00,2025-10-19 22:55:00-07:00,2025-10-20 05:55:00+00:00,REAL_TIME_5_MIN,OAKLAND_1_N001,Node,36.9854,35.72088,0.0,1.26452,0.0
2025-10-19 22:50:00-07:00,2025-10-20 05:50:00+00:00,2025-10-19 22:55:00-07:00,2025-10-20 05:55:00+00:00,REAL_TIME_5_MIN,PGSF_2_PDRP58-APND,AP Node,38.02884,35.72088,0.0,2.30795,0.0
2025-10-19 22:50:00-07:00,2025-10-20 05:50:00+00:00,2025-10-19 22:55:00-07:00,2025-10-20 05:55:00+00:00,REAL_TIME_5_MIN,SNJOSEB_1_N001,Node,37.69982,35.72088,0.0,1.97894,0.0
2025-10-19 22:55:00-07:00,2025-10-20 05:55:00+00:00,2025-10-19 23:00:00-07:00,2025-10-20 06:00:00+00:00,REAL_TIME_5_MIN,OAKLAND_1_N001,Node,37.89356,36.59799,0.0,1.29557,0.0
2025-10-19 22:55:00-07:00,2025-10-20 05:55:00+00:00,2025-10-19 23:00:00-07:00,2025-10-20 06:00:00+00:00,REAL_TIME_5_MIN,PGSF_2_PDRP58-APND,AP Node,38.96261,36.59799,0.0,2.36462,0.0
2025-10-19 22:55:00-07:00,2025-10-20 05:55:00+00:00,2025-10-19 23:00:00-07:00,2025-10-20 06:00:00+00:00,REAL_TIME_5_MIN,SNJOSEB_1_N001,Node,38.62552,36.59799,0.0,2.02753,0.0
2025-10-19 23:00:00-07:00,2025-10-20 06:00:00+00:00,2025-10-19 23:05:00-07:00,2025-10-20 06:05:00+00:00,REAL_TIME_5_MIN,OAKLAND_1_N001,Node,38.75522,37.59723,0.0,1.15799,0.0
2025-10-19 23:00:00-07:00,2025-10-20 06:00:00+00:00,2025-10-19 23:05:00-07:00,2025-10-20 06:05:00+00:00,REAL_TIME_5_MIN,PGSF_2_PDRP58-APND,AP Node,39.93247,37.59723,0.0,2.33524,0.0
2025-10-19 23:00:00-07:00,2025-10-20 06:00:00+00:00,2025-10-19 23:05:00-07:00,2025-10-20 06:05:00+00:00,REAL_TIME_5_MIN,SNJOSEB_1_N001,Node,39.61244,37.59723,0.0,2.01521,0.0
2025-10-19 23:05:00-07:00,2025-10-20 06:05:00+00:00,2025-10-19 23:10:00-07:00,2025-10-20 06:10:00+00:00,REAL_TIME_5_MIN,OAKLAND_1_N001,Node,37.72276,36.59562,0.0,1.12715,0.0
2025-10-19 23:05:00-07:00,2025-10-20 06:05:00+00:00,2025-10-19 23:10:00-07:00,2025-10-20 06:10:00+00:00,REAL_TIME_5_MIN,PGSF_2_PDRP58-APND,AP Node,38.86865,36.59562,0.0,2.27303,0.0
2025-10-19 23:05:00-07:00,2025-10-20 06:05:00+00:00,2025-10-19 23:10:00-07:00,2025-10-20 06:10:00+00:00,REAL_TIME_5_MIN,SNJOSEB_1_N001,Node,38.55715,36.59562,0.0,1.96153,0.0
2025-10-19 23:10:00-07:00,2025-10-20 06:10:00+00:00,2025-10-19 23:15:00-07:00,2025-10-20 06:15:00+00:00,REAL_TIME_5_MIN,OAKLAND_1_N001,Node,35.24163,34.18862,0.0,1.05301,0.0
2025-10-19 23:10:00-07:00,2025-10-20 06:10:00+00:00,2025-10-19 23:15:00-07:00,2025-10-20 06:15:00+00:00,REAL_TIME_5_MIN,PGSF_2_PDRP58-APND,AP Node,36.31215,34.18862,0.0,2.12353,0.0
2025-10-19 23:10:00-07:00,2025-10-20 06:10:00+00:00,2025-10-19 23:15:00-07:00,2025-10-20 06:15:00+00:00,REAL_TIME_5_MIN,SNJOSEB_1_N001,Node,36.02113,34.18862,0.0,1.83251,0.0
2025-10-19 23:15:00-07:00,2025-10-20 06:15:00+00:00,2025-10-19 23:20:00-07:00,2025-10-20 06:20:00+00:00,REAL_TIME_5_MIN,OAKLAND_1_N001,Node,33.69566,32.72059,0.0,0.97507,0.0
2025-10-19 23:15:00-07:00,2025-10-20 06:15:00+00:00,2025-10-19 23:20:00-07:00,2025-10-20 06:20:00+00:00,REAL_TIME_5_MIN,PGSF_2_PDRP58-APND,AP Node,34.69408,32.72059,0.0,1.97349,0.0
2025-10-19 23:15:00-07:00,2025-10-20 06:15:00+00:00,2025-10-19 23:20:00-07:00,2025-10-20 06:20:00+00:00,REAL_TIME_5_MIN,SNJOSEB_1_N001,Node,34.42206,32.72059,0.0,1.70147,0.0
2025-10-19 23:20:00-07:00,2025-10-20 06:20:00+00:00,2025-10-19 23:25:00-07:00,2025-10-20 06:25:00+00:00,REAL_TIME_5_MIN,OAKLAND_1_N001,Node,32.96213,32.00828,0.0,0.95385,0.0
2025-10-19 23:20:00-07:00,2025-10-20 06:20:00+00:00,2025-10-19 23:25:00-07:00,2025-10-20 06:25:00+00:00,REAL_TIME_5_MIN,PGSF_2_PDRP58-APND,AP Node,33.93881,32.00828,0.0,1.93053,0.0
2025-10-19 23:20:00-07:00,2025-10-20 06:20:00+00:00,2025-10-19 23:25:00-07:00,2025-10-20 06:25:00+00:00,REAL_TIME_5_MIN,SNJOSEB_1_N001,Node,33.67271,32.00828,0.0,1.66443,0.0
2025-10-19 23:25:00-07:00,2025-10-20 06:25:00+00:00,2025-10-19 23:30:00-07:00,2025-10-20 06:30:00+00:00,REAL_TIME_5_MIN,OAKLAND_1_N001,Node,33.08768,32.1302,0.0,0.95748,0.0
2025-10-19 23:25:00-07:00,2025-10-20 06:25:00+00:00,2025-10-19 23:30:00-07:00,2025-10-20 06:30:00+00:00,REAL_TIME_5_MIN,PGSF_2_PDRP58-APND,AP Node,34.06809,32.1302,0.0,1.93789,0.0
2025-10-19 23:25:00-07:00,2025-10-20 06:25:00+00:00,2025-10-19 23:30:00-07:00,2025-10-20 06:30:00+00:00,REAL_TIME_5_MIN,SNJOSEB_1_N001,Node,33.80097,32.1302,0.0,1.67077,0.0
2025-10-19 23:30:00-07:00,2025-10-20 06:30:00+00:00,2025-10-19 23:35:00-07:00,2025-10-20 06:35:00+00:00,REAL_TIME_5_MIN,OAKLAND_1_N001,Node,32.46389,31.46641,0.0,0.99749,0.0
2025-10-19 23:30:00-07:00,2025-10-20 06:30:00+00:00,2025-10-19 23:35:00-07:00,2025-10-20 06:35:00+00:00,REAL_TIME_5_MIN,PGSF_2_PDRP58-APND,AP Node,33.40005,31.46641,0.0,1.93364,0.0
2025-10-19 23:30:00-07:00,2025-10-20 06:30:00+00:00,2025-10-19 23:35:00-07:00,2025-10-20 06:35:00+00:00,REAL_TIME_5_MIN,SNJOSEB_1_N001,Node,33.14671,31.46641,0.0,1.68031,0.0
2025-10-19 23:35:00-07:00,2025-10-20 06:35:00+00:00,2025-10-19 23:40:00-07:00,2025-10-20 06:40:00+00:00,REAL_TIME_5_MIN,OAKLAND_1_N001,Node,33.52811,32.49792,0.0,1.03018,0.0
2025-10-19 23:35:00-07:00,2025-10-20 06:35:00+00:00,2025-10-19 23:40:00-07:00,2025-10-20 06:40:00+00:00,REAL_TIME_5_MIN,PGSF_2_PDRP58-APND,AP Node,34.49495,32.49792,0.0,1.99703,0.0
2025-10-19 23:35:00-07:00,2025-10-20 06:35:00+00:00,2025-10-19 23:40:00-07:00,2025-10-20 06:40:00+00:00,REAL_TIME_5_MIN,SNJOSEB_1_N001,Node,34.23331,32.49792,0.0,1.73539,0.0
2025-10-19 23:40:00-07:00,2025-10-20 06:40:00+00:00,2025-10-19 23:45:00-07:00,2025-10-20 06:45:00+00:00,REAL_TIME_5_MIN,OAKLAND_1_N001,Node,32.97579,31.96257,0.0,1.01321,0.0
2025-10-19 23:40:00-07:00,2025-10-20 06:40:00+00:00,2025-10-19 23:45:00-07:00,2025-10-20 06:45:00+00:00,REAL_TIME_5_MIN,PGSF_2_PDRP58-APND,AP Node,33.92671,31.96257,0.0,1.96413,0.0
2025-10-19 23:40:00-07:00,2025-10-20 06:40:00+00:00,2025-10-19 23:45:00-07:00,2025-10-20 06:45:00+00:00,REAL_TIME_5_MIN,SNJOSEB_1_N001,Node,33.66937,31.96257,0.0,1.7068,0.0
2025-10-19 23:45:00-07:00,2025-10-20 06:45:00+00:00,2025-10-19 23:50:00-07:00,2025-10-20 06:50:00+00:00,REAL_TIME_5_MIN,OAKLAND_1_N001,Node,33.45394,32.4575,0.0,0.99645,0.0
2025-10-19 23:45:00-07:00,2025-10-20 06:45:00+00:00,2025-10-19 23:50:00-07:00,2025-10-20 06:50:00+00:00,REAL_TIME_5_MIN,PGSF_2_PDRP58-APND,AP Node,34.40011,32.4575,0.0,1.94261,0.0
2025-10-19 23:45:00-07:00,2025-10-20 06:45:00+00:00,2025-10-19 23:50:00-07:00,2025-10-20 06:50:00+00:00,REAL_TIME_5_MIN,SNJOSEB_1_N001,Node,34.14853,32.4575,0.0,1.69104,0.0
2025-10-19 23:50:00-07:00,2025-10-20 06:50:00+00:00,2025-10-19 23:55:00-07:00,2025-10-20 06:55:00+00:00,REAL_TIME_5_MIN,OAKLAND_1_N001,Node,33.45394,32.4575,0.0,0.99645,0.0
2025-10-19 23:50:00-07:00,2025-10-20 06:50:00+00:00,2025-10-19 23:55:00-07:00,2025-10-20 06:55:00+00:00,REAL_TIME_5_MIN,PGSF_2_PDRP58-APND,AP Node,34.40011,32.4575,0.0,1.94261,0.0
2025-10-19 23:50:00-07:00,2025-10-20 06:50:00+00:00,2025-10-19 23:55:00-07:00,2025-10-20 06:55:00+00:00,REAL_TIME_5_MIN,SNJOSEB_1_N001,Node,34.14853,32.4575,0.0,1.69104,0.0
2025-10-19 23:55:00-07:00,2025-10-20 06:55:00+00:00,2025-10-20 00:00:00-07:00,2025-10-20 07:00:00+00:00,REAL_TIME_5_MIN,OAKLAND_1_N001,Node,33.45394,32.4575,0.0,0.99645,0.0
2025-10-19 23:55:00-07:00,2025-10-20 06:55:00+00:00,2025-10-20 00:00:00-07:00,2025-10-20 07:00:00+00:00,REAL_TIME_5_MIN,PGSF_2_PDRP58-APND,AP Node,34.40011,32.4575,0.0,1.94261,0.0
2025-10-19 23:55:00-07:00,2025-10-20 06:55:00+00:00,2025-10-20 00:00:00-07:00,2025-10-20 07:00:00+00:00,REAL_TIME_5_MIN,SNJOSEB_1_N001,Node,34.14853,32.4575,0.0,1.69104,0.0
2025-10-19 00:00:00-07:00,2025-10-19 07:00:00+00:00,2025-10-19 00:05:00-07:00,2025-10-19 07:05:00+00:00,REAL_TIME_5_MIN,BALCH1_7_N001,Node,52.8334,50.97289,0.0,1.86051,0.0
2025-10-19 00:00:00-07:00,2025-10-19 07:00:00+00:00,2025-10-19 00:05:00-07:00,2025-10-19 07:05:00+00:00,REAL_TIME_5_MIN,BEARTAP_1_N001,Node,50.60589,50.97289,0.0,-0.367,0.0
2025-10-19 00:00:00-07:00,2025-10-19 07:00:00+00:00,2025-10-19 00:05:00-07:00,2025-10-19 07:05:00+00:00,REAL_TIME_5_MIN,SOUTHBY_6_N001,Node,51.18698,50.97289,0.0,0.21409,0.0
2025-10-19 00:05:00-07:00,2025-10-19 07:05:00+00:00,2025-10-19 00:10:00-07:00,2025-10-19 07:10:00+00:00,REAL_TIME_5_MIN,BALCH1_7_N001,Node,53.23925,51.36445,0.0,1.8748,0.0
2025-10-19 00:05:00-07:00,2025-10-19 07:05:00+00:00,2025-10-19 00:10:00-07:00,2025-10-19 07:10:00+00:00,REAL_TIME_5_MIN,BEARTAP_1_N001,Node,50.99462,51.36445,0.0,-0.36982,0.0
2025-10-19 00:05:00-07:00,2025-10-19 07:05:00+00:00,2025-10-19 00:10:00-07:00,2025-10-19 07:10:00+00:00,REAL_TIME_5_MIN,SOUTHBY_6_N001,Node,51.58018,51.36445,0.0,0.21573,0.0
2025-10-19 00:10:00-07:00,2025-10-19 07:10:00+00:00,2025-10-19 00:15:00-07:00,2025-10-19 07:15:00+00:00,REAL_TIME_5_MIN,BALCH1_7_N001,Node,56.17238,54.19429,0.0,1.97809,0.0
2025-10-19 00:10:00-07:00,2025-10-19 07:10:00+00:00,2025-10-19 00:15:00-07:00,2025-10-19 07:15:00+00:00,REAL_TIME_5_MIN,BEARTAP_1_N001,Node,53.80409,54.19429,0.0,-0.3902,0.0
2025-10-19 00:10:00-07:00,2025-10-19 07:10:00+00:00,2025-10-19 00:15:00-07:00,2025-10-19 07:15:00+00:00,REAL_TIME_5_MIN,SOUTHBY_6_N001,Node,54.4219,54.19429,0.0,0.22762,0.0
2025-10-19 00:15:00-07:00,2025-10-19 07:15:00+00:00,2025-10-19 00:20:00-07:00,2025-10-19 07:20:00+00:00,REAL_TIME_5_MIN,BALCH1_7_N001,Node,56.72019,57.39167,0.0,-0.67148,0.0
2025-10-19 00:15:00-07:00,2025-10-19 07:15:00+00:00,2025-10-19 00:20:00-07:00,2025-10-19 07:20:00+00:00,REAL_TIME_5_MIN,BEARTAP_1_N001,Node,57.07028,57.39167,0.0,-0.32139,0.0
2025-10-19 00:15:00-07:00,2025-10-19 07:15:00+00:00,2025-10-19 00:20:00-07:00,2025-10-19 07:20:00+00:00,REAL_TIME_5_MIN,SOUTHBY_6_N001,Node,57.53515,57.39167,0.0,0.14348,0.0
2025-10-19 00:20:00-07:00,2025-10-19 07:20:00+00:00,2025-10-19 00:25:00-07:00,2025-10-19 07:25:00+00:00,REAL_TIME_5_MIN,BALCH1_7_N001,Node,56.73069,57.40229,0.0,-0.67161,0.0
2025-10-19 00:20:00-07:00,2025-10-19 07:20:00+00:00,2025-10-19 00:25:00-07:00,2025-10-19 07:25:00+00:00,REAL_TIME_5_MIN,BEARTAP_1_N001,Node,57.08084,57.40229,0.0,-0.32145,0.0
2025-10-19 00:20:00-07:00,2025-10-19 07:20:00+00:00,2025-10-19 00:25:00-07:00,2025-10-19 07:25:00+00:00,REAL_TIME_5_MIN,SOUTHBY_6_N001,Node,57.5458,57.40229,0.0,0.14351,0.0
2025-10-19 00:25:00-07:00,2025-10-19 07:25:00+00:00,2025-10-19 00:30:00-07:00,2025-10-19 07:30:00+00:00,REAL_TIME_5_MIN,BALCH1_7_N001,Node,56.73065,57.40226,0.0,-0.67161,0.0
2025-10-19 00:25:00-07:00,2025-10-19 07:25:00+00:00,2025-10-19 00:30:00-07:00,2025-10-19 07:30:00+00:00,REAL_TIME_5_MIN,BEARTAP_1_N001,Node,57.08081,57.40226,0.0,-0.32145,0.0
2025-10-19 00:25:00-07:00,2025-10-19 07:25:00+00:00,2025-10-19 00:30:00-07:00,2025-10-19 07:30:00+00:00,REAL_TIME_5_MIN,SOUTHBY_6_N001,Node,57.54576,57.40226,0.0,0.14351,0.0
2025-10-19 00:30:00-07:00,2025-10-19 07:30:00+00:00,2025-10-19 00:35:00-07:00,2025-10-19 07:35:00+00:00,REAL_TIME_5_MIN,BALCH1_7_N001,Node,57.507,58.16425,0.0,-0.65726,0.0
2025-10-19 00:30:00-07:00,2025-10-19 07:30:00+00:00,2025-10-19 00:35:00-07:00,2025-10-19 07:35:00+00:00,REAL_TIME_5_MIN,BEARTAP_1_N001,Node,57.8269,58.16425,0.0,-0.33735,0.0
2025-10-19 00:30:00-07:00,2025-10-19 07:30:00+00:00,2025-10-19 00:35:00-07:00,2025-10-19 07:35:00+00:00,REAL_TIME_5_MIN,SOUTHBY_6_N001,Node,58.29803,58.16425,0.0,0.13378,0.0
2025-10-19 00:35:00-07:00,2025-10-19 07:35:00+00:00,2025-10-19 00:40:00-07:00,2025-10-19 07:40:00+00:00,REAL_TIME_5_MIN,BALCH1_7_N001,Node,57.89895,58.56069,0.0,-0.66174,0.0
2025-10-19 00:35:00-07:00,2025-10-19 07:35:00+00:00,2025-10-19 00:40:00-07:00,2025-10-19 07:40:00+00:00,REAL_TIME_5_MIN,BEARTAP_1_N001,Node,58.22104,58.56069,0.0,-0.33965,0.0
2025-10-19 00:35:00-07:00,2025-10-19 07:35:00+00:00,2025-10-19 00:40:00-07:00,2025-10-19 07:40:00+00:00,REAL_TIME_5_MIN,SOUTHBY_6_N001,Node,58.69538,58.56069,0.0,0.13469,0.0
2025-10-19 00:40:00-07:00,2025-10-19 07:40:00+00:00,2025-10-19 00:45:00-07:00,2025-10-19 07:45:00+00:00,REAL_TIME_5_MIN,BALCH1_7_N001,Node,55.89813,56.537,0.0,-0.63887,0.0
2025-10-19 00:40:00-07:00,2025-10-19 07:40:00+00:00,2025-10-19 00:45:00-07:00,2025-10-19 07:45:00+00:00,REAL_TIME_5_MIN,BEARTAP_1_N001,Node,56.20909,56.537,0.0,-0.32791,0.0
2025-10-19 00:40:00-07:00,2025-10-19 07:40:00+00:00,2025-10-19 00:45:00-07:00,2025-10-19 07:45:00+00:00,REAL_TIME_5_MIN,SOUTHBY_6_N001,Node,56.66704,56.537,0.0,0.13004,0.0
2025-10-19 00:45:00-07:00,2025-10-19 07:45:00+00:00,2025-10-19 00:50:00-07:00,2025-10-19 07:50:00+00:00,REAL_TIME_5_MIN,BALCH1_7_N001,Node,50.3196,50.83302,0.0,-0.51341,0.0
2025-10-19 00:45:00-07:00,2025-10-19 07:45:00+00:00,2025-10-19 00:50:00-07:00,2025-10-19 07:50:00+00:00,REAL_TIME_5_MIN,BEARTAP_1_N001,Node,50.54835,50.83302,0.0,-0.28466,0.0
2025-10-19 00:45:00-07:00,2025-10-19 07:45:00+00:00,2025-10-19 00:50:00-07:00,2025-10-19 07:50:00+00:00,REAL_TIME_5_MIN,SOUTHBY_6_N001,Node,51.08718,50.83302,0.0,0.25417,0.0
2025-10-19 00:50:00-07:00,2025-10-19 07:50:00+00:00,2025-10-19 00:55:00-07:00,2025-10-19 07:55:00+00:00,REAL_TIME_5_MIN,BALCH1_7_N001,Node,50.31914,50.83255,0.0,-0.51341,0.0
2025-10-19 00:50:00-07:00,2025-10-19 07:50:00+00:00,2025-10-19 00:55:00-07:00,2025-10-19 07:55:00+00:00,REAL_TIME_5_MIN,BEARTAP_1_N001,Node,50.54789,50.83255,0.0,-0.28466,0.0
2025-10-19 00:50:00-07:00,2025-10-19 07:50:00+00:00,2025-10-19 00:55:00-07:00,2025-10-19 07:55:00+00:00,REAL_TIME_5_MIN,SOUTHBY_6_N001,Node,51.08671,50.83255,0.0,0.25416,0.0
2025-10-19 00:55:00-07:00,2025-10-19 07:55:00+00:00,2025-10-19 01:00:00-07:00,2025-10-19 08:00:00+00:00,REAL_TIME_5_MIN,BALCH1_7_N001,Node,50.35098,50.86472,0.0,-0.51373,0.0
2025-10-19 00:55:00-07:00,2025-10-19 07:55:00+00:00,2025-10-19 01:00:00-07:00,2025-10-19 08:00:00+00:00,REAL_TIME_5_MIN,BEARTAP_1_N001,Node,50.57987,50.86472,0.0,-0.28484,0.0
2025-10-19 00:55:00-07:00,2025-10-19 07:55:00+00:00,2025-10-19 01:00:00-07:00,2025-10-19 08:00:00+00:00,REAL_TIME_5_MIN,SOUTHBY_6_N001,Node,51.11904,50.86472,0.0,0.25432,0.0
2025-10-19 01:00:00-07:00,2025-10-19 08:00:00+00:00,2025-10-19 01:05:00-07:00,2025-10-19 08:05:00+00:00,REAL_TIME_5_MIN,BALCH1_7_N001,Node,56.16831,56.18516,0.0,-0.01686,0.0
2025-10-19 01:00:00-07:00,2025-10-19 08:00:00+00:00,2025-10-19 01:05:00-07:00,2025-10-19 08:05:00+00:00,REAL_TIME_5_MIN,BEARTAP_1_N001,Node,55.96042,56.18516,0.0,-0.22474,0.0
2025-10-19 01:00:00-07:00,2025-10-19 08:00:00+00:00,2025-10-19 01:05:00-07:00,2025-10-19 08:05:00+00:00,REAL_TIME_5_MIN,SOUTHBY_6_N001,Node,56.33686,56.18516,0.0,0.1517,0.0
2025-10-19 01:05:00-07:00,2025-10-19 08:05:00+00:00,2025-10-19 01:10:00-07:00,2025-10-19 08:10:00+00:00,REAL_TIME_5_MIN,BALCH1_7_N001,Node,55.78362,55.80036,0.0,-0.01674,0.0
2025-10-19 01:05:00-07:00,2025-10-19 08:05:00+00:00,2025-10-19 01:10:00-07:00,2025-10-19 08:10:00+00:00,REAL_TIME_5_MIN,BEARTAP_1_N001,Node,55.57716,55.80036,0.0,-0.2232,0.0
2025-10-19 01:05:00-07:00,2025-10-19 08:05:00+00:00,2025-10-19 01:10:00-07:00,2025-10-19 08:10:00+00:00,REAL_TIME_5_MIN,SOUTHBY_6_N001,Node,55.95102,55.80036,0.0,0.15066,0.0
2025-10-19 01:10:00-07:00,2025-10-19 08:10:00+00:00,2025-10-19 01:15:00-07:00,2025-10-19 08:15:00+00:00,REAL_TIME_5_MIN,BALCH1_7_N001,Node,50.94634,50.96163,0.0,-0.01529,0.0
2025-10-19 01:10:00-07:00,2025-10-19 08:10:00+00:00,2025-10-19 01:15:00-07:00,2025-10-19 08:15:00+00:00,REAL_TIME_5_MIN,BEARTAP_1_N001,Node,50.75779,50.96163,0.0,-0.20385,0.0
2025-10-19 01:10:00-07:00,2025-10-19 08:10:00+00:00,2025-10-19 01:15:00-07:00,2025-10-19 08:15:00+00:00,REAL_TIME_5_MIN,SOUTHBY_6_N001,Node,51.09923,50.96163,0.0,0.1376,0.0
2025-10-19 01:15:00-07:00,2025-10-19 08:15:00+00:00,2025-10-19 01:20:00-07:00,2025-10-19 08:20:00+00:00,REAL_TIME_5_MIN,BALCH1_7_N001,Node,50.80569,50.92792,0.0,-0.12223,0.0
2025-10-19 01:15:00-07:00,2025-10-19 08:15:00+00:00,2025-10-19 01:20:00-07:00,2025-10-19 08:20:00+00:00,REAL_TIME_5_MIN,BEARTAP_1_N001,Node,50.71402,50.92792,0.0,-0.2139,0.0
2025-10-19 01:15:00-07:00,2025-10-19 08:15:00+00:00,2025-10-19 01:20:00-07:00,2025-10-19 08:20:00+00:00,REAL_TIME_5_MIN,SOUTHBY_6_N001,Node,50.91773,50.92792,0.0,-0.01019,0.0
2025-10-19 01:20:00-07:00,2025-10-19 08:20:00+00:00,2025-10-19 01:25:00-07:00,2025-10-19 08:25:00+00:00,REAL_TIME_5_MIN,BALCH1_7_N001,Node,50.7437,50.86578,0.0,-0.12208,0.0
2025-10-19 01:20:00-07:00,2025-10-19 08:20:00+00:00,2025-10-19 01:25:00-07:00,2025-10-19 08:25:00+00:00,REAL_TIME_5_MIN,BEARTAP_1_N001,Node,50.65215,50.86578,0.0,-0.21364,0.0
2025-10-19 01:20:00-07:00,2025-10-19 08:20:00+00:00,2025-10-19 01:25:00-07:00,2025-10-19 08:25:00+00:00,REAL_TIME_5_MIN,SOUTHBY_6_N001,Node,50.85561,50.86578,0.0,-0.01017,0.0
2025-10-19 01:25:00-07:00,2025-10-19 08:25:00+00:00,2025-10-19 01:30:00-07:00,2025-10-19 08:30:00+00:00,REAL_TIME_5_MIN,BALCH1_7_N001,Node,50.71581,50.83782,0.0,-0.12201,0.0
2025-10-19 01:25:00-07:00,2025-10-19 08:25:00+00:00,2025-10-19 01:30:00-07:00,2025-10-19 08:30:00+00:00,REAL_TIME_5_MIN,BEARTAP_1_N001,Node,50.62431,50.83782,0.0,-0.21352,0.0
2025-10-19 01:25:00-07:00,2025-10-19 08:25:00+00:00,2025-10-19 01:30:00-07:00,2025-10-19 08:30:00+00:00,REAL_TIME_5_MIN,SOUTHBY_6_N001,Node,50.82766,50.83782,0.0,-0.01017,0.0
2025-10-19 01:30:00-07:00,2025-10-19 08:30:00+00:00,2025-10-19 01:35:00-07:00,2025-10-19 08:35:00+00:00,REAL_TIME_5_MIN,BALCH1_7_N001,Node,51.59369,51.74374,0.0,-0.15006,0.0
2025-10-19 01:30:00-07:00,2025-10-19 08:30:00+00:00,2025-10-19 01:35:00-07:00,2025-10-19 08:35:00+00:00,REAL_TIME_5_MIN,BEARTAP_1_N001,Node,51.46433,51.74374,0.0,-0.27942,0.0
2025-10-19 01:30:00-07:00,2025-10-19 08:30:00+00:00,2025-10-19 01:35:00-07:00,2025-10-19 08:35:00+00:00,REAL_TIME_5_MIN,SOUTHBY_6_N001,Node,51.91967,51.74374,0.0,0.17593,0.0
2025-10-19 01:35:00-07:00,2025-10-19 08:35:00+00:00,2025-10-19 01:40:00-07:00,2025-10-19 08:40:00+00:00,REAL_TIME_5_MIN,BALCH1_7_N001,Node,49.97684,50.12219,0.0,-0.14535,0.0
2025-10-19 01:35:00-07:00,2025-10-19 08:35:00+00:00,2025-10-19 01:40:00-07:00,2025-10-19 08:40:00+00:00,REAL_TIME_5_MIN,BEARTAP_1_N001,Node,49.85153,50.12219,0.0,-0.27066,0.0
2025-10-19 01:35:00-07:00,2025-10-19 08:35:00+00:00,2025-10-19 01:40:00-07:00,2025-10-19 08:40:00+00:00,REAL_TIME_5_MIN,SOUTHBY_6_N001,Node,50.29261,50.12219,0.0,0.17042,0.0
2025-10-19 01:40:00-07:00,2025-10-19 08:40:00+00:00,2025-10-19 01:45:00-07:00,2025-10-19 08:45:00+00:00,REAL_TIME_5_MIN,BALCH1_7_N001,Node,49.08586,49.22862,0.0,-0.14276,0.0
2025-10-19 01:40:00-07:00,2025-10-19 08:40:00+00:00,2025-10-19 01:45:00-07:00,2025-10-19 08:45:00+00:00,REAL_TIME_5_MIN,BEARTAP_1_N001,Node,48.96279,49.22862,0.0,-0.26583,0.0
2025-10-19 01:40:00-07:00,2025-10-19 08:40:00+00:00,2025-10-19 01:45:00-07:00,2025-10-19 08:45:00+00:00,REAL_TIME_5_MIN,SOUTHBY_6_N001,Node,49.396,49.22862,0.0,0.16738,0.0
2025-10-19 01:45:00-07:00,2025-10-19 08:45:00+00:00,2025-10-19 01:50:00-07:00,2025-10-19 08:50:00+00:00,REAL_TIME_5_MIN,BALCH1_7_N001,Node,50.30462,50.32978,0.0,-0.02516,0.0
2025-10-19 01:45:00-07:00,2025-10-19 08:45:00+00:00,2025-10-19 01:50:00-07:00,2025-10-19 08:50:00+00:00,REAL_TIME_5_MIN,BEARTAP_1_N001,Node,50.058,50.32978,0.0,-0.27178,0.0
2025-10-19 01:45:00-07:00,2025-10-19 08:45:00+00:00,2025-10-19 01:50:00-07:00,2025-10-19 08:50:00+00:00,REAL_TIME_5_MIN,SOUTHBY_6_N001,Node,50.5915,50.32978,0.0,0.26171,0.0
2025-10-19 01:50:00-07:00,2025-10-19 08:50:00+00:00,2025-10-19 01:55:00-07:00,2025-10-19 08:55:00+00:00,REAL_TIME_5_MIN,BALCH1_7_N001,Node,50.97243,50.99793,0.0,-0.0255,0.0
2025-10-19 01:50:00-07:00,2025-10-19 08:50:00+00:00,2025-10-19 01:55:00-07:00,2025-10-19 08:55:00+00:00,REAL_TIME_5_MIN,BEARTAP_1_N001,Node,50.72254,50.99793,0.0,-0.27539,0.0
2025-10-19 01:50:00-07:00,2025-10-19 08:50:00+00:00,2025-10-19 01:55:00-07:00,2025-10-19 08:55:00+00:00,REAL_TIME_5_MIN,SOUTHBY_6_N001,Node,51.26312,50.99793,0.0,0.26519,0.0
2025-10-19 01:55:00-07:00,2025-10-19 08:55:00+00:00,2025-10-19 02:00:00-07:00,2025-10-19 09:00:00+00:00,REAL_TIME_5_MIN,BALCH1_7_N001,Node,52.14904,52.17512,0.0,-0.02609,0.0
2025-10-19 01:55:00-07:00,2025-10-19 08:55:00+00:00,2025-10-19 02:00:00-07:00,2025-10-19 09:00:00+00:00,REAL_TIME_5_MIN,BEARTAP_1_N001,Node,51.89338,52.17512,0.0,-0.28175,0.0
2025-10-19 01:55:00-07:00,2025-10-19 08:55:00+00:00,2025-10-19 02:00:00-07:00,2025-10-19 09:00:00+00:00,REAL_TIME_5_MIN,SOUTHBY_6_N001,Node,52.44644,52.17512,0.0,0.27131,0.0
2025-10-19 02:00:00-07:00,2025-10-19 09:00:00+00:00,2025-10-19 02:05:00-07:00,2025-10-19 09:05:00+00:00,REAL_TIME_5_MIN,BALCH1_7_N001,Node,53.80573,53.51674,0.0,0.28899,0.0
2025-10-19 02:00:00-07:00,2025-10-19 09:00:00+00:00,2025-10-19 02:05:00-07:00,2025-10-19 09:05:00+00:00,REAL_TIME_5_MIN,BEARTAP_1_N001,Node,53.28127,53.51674,0.0,-0.23547,0.0
2025-10-19 02:00:00-07:00,2025-10-19 09:00:00+00:00,2025-10-19 02:05:00-07:00,2025-10-19 09:05:00+00:00,REAL_TIME_5_MIN,SOUTHBY_6_N001,Node,53.88066,53.51674,0.0,0.36391,0.0
2025-10-19 02:05:00-07:00,2025-10-19 09:05:00+00:00,2025-10-19 02:10:00-07:00,2025-10-19 09:10:00+00:00,REAL_TIME_5_MIN,BALCH1_7_N001,Node,51.45395,51.1776,0.0,0.27636,0.0
2025-10-19 02:05:00-07:00,2025-10-19 09:05:00+00:00,2025-10-19 02:10:00-07:00,2025-10-19 09:10:00+00:00,REAL_TIME_5_MIN,BEARTAP_1_N001,Node,50.95241,51.1776,0.0,-0.22518,0.0
2025-10-19 02:05:00-07:00,2025-10-19 09:05:00+00:00,2025-10-19 02:10:00-07:00,2025-10-19 09:10:00+00:00,REAL_TIME_5_MIN,SOUTHBY_6_N001,Node,51.5256,51.1776,0.0,0.34801,0.0
2025-10-19 02:10:00-07:00,2025-10-19 09:10:00+00:00,2025-10-19 02:15:00-07:00,2025-10-19 09:15:00+00:00,REAL_TIME_5_MIN,BALCH1_7_N001,Node,49.64293,49.3763,0.0,0.26663,0.0
2025-10-19 02:10:00-07:00,2025-10-19 09:10:00+00:00,2025-10-19 02:15:00-07:00,2025-10-19 09:15:00+00:00,REAL_TIME_5_MIN,BEARTAP_1_N001,Node,49.15904,49.3763,0.0,-0.21726,0.0
2025-10-19 02:10:00-07:00,2025-10-19 09:10:00+00:00,2025-10-19 02:15:00-07:00,2025-10-19 09:15:00+00:00,REAL_TIME_5_MIN,SOUTHBY_6_N001,Node,49.71206,49.3763,0.0,0.33576,0.0
2025-10-19 02:15:00-07:00,2025-10-19 09:15:00+00:00,2025-10-19 02:20:00-07:00,2025-10-19 09:20:00+00:00,REAL_TIME_5_MIN,BALCH1_7_N001,Node,49.45283,49.25581,0.0,0.19702,0.0
2025-10-19 02:15:00-07:00,2025-10-19 09:15:00+00:00,2025-10-19 02:20:00-07:00,2025-10-19 09:20:00+00:00,REAL_TIME_5_MIN,BEARTAP_1_N001,Node,49.05879,49.25581,0.0,-0.19702,0.0
2025-10-19 02:15:00-07:00,2025-10-19 09:15:00+00:00,2025-10-19 02:20:00-07:00,2025-10-19 09:20:00+00:00,REAL_TIME_5_MIN,SOUTHBY_6_N001,Node,49.45776,49.25581,0.0,0.20195,0.0
2025-10-19 02:20:00-07:00,2025-10-19 09:20:00+00:00,2025-10-19 02:25:00-07:00,2025-10-19 09:25:00+00:00,REAL_TIME_5_MIN,BALCH1_7_N001,Node,49.45283,49.25581,0.0,0.19702,0.0
2025-10-19 02:20:00-07:00,2025-10-19 09:20:00+00:00,2025-10-19 02:25:00-07:00,2025-10-19 09:25:00+00:00,REAL_TIME_5_MIN,BEARTAP_1_N001,Node,49.05879,49.25581,0.0,-0.19702,0.0
2025-10-19 02:20:00-07:00,2025-10-19 09:20:00+00:00,2025-10-19 02:25:00-07:00,2025-10-19 09:25:00+00:00,REAL_TIME_5_MIN,SOUTHBY_6_N001,Node,49.45776,49.25581,0.0,0.20195,0.0
2025-10-19 02:25:00-07:00,2025-10-19 09:25:00+00:00,2025-10-19 02:30:00-07:00,2025-10-19 09:30:00+00:00,REAL_TIME_5_MIN,BALCH1_7_N001,Node,48.57888,48.38534,0.0,0.19354,0.0
2025-10-19 02:25:00-07:00,2025-10-19 09:25:00+00:00,2025-10-19 02:30:00-07:00,2025-10-19 09:30:00+00:00,REAL_TIME_5_MIN,BEARTAP_1_N001,Node,48.1918,48.38534,0.0,-0.19354,0.0
2025-10-19 02:25:00-07:00,2025-10-19 09:25:00+00:00,2025-10-19 02:30:00-07:00,2025-10-19 09:30:00+00:00,REAL_TIME_5_MIN,SOUTHBY_6_N001,Node,48.58372,48.38534,0.0,0.19838,0.0
2025-10-19 02:30:00-07:00,2025-10-19 09:30:00+00:00,2025-10-19 02:35:00-07:00,2025-10-19 09:35:00+00:00,REAL_TIME_5_MIN,BALCH1_7_N001,Node,47.63864,47.51984,0.0,0.1188,0.0
2025-10-19 02:30:00-07:00,2025-10-19 09:30:00+00:00,2025-10-19 02:35:00-07:00,2025-10-19 09:35:00+00:00,REAL_TIME_5_MIN,BEARTAP_1_N001,Node,47.28699,47.51984,0.0,-0.23285,0.0
2025-10-19 02:30:00-07:00,2025-10-19 09:30:00+00:00,2025-10-19 02:35:00-07:00,2025-10-19 09:35:00+00:00,REAL_TIME_5_MIN,SOUTHBY_6_N001,Node,47.86198,47.51984,0.0,0.34214,0.0
2025-10-19 02:35:00-07:00,2025-10-19 09:35:00+00:00,2025-10-19 02:40:00-07:00,2025-10-19 09:40:00+00:00,REAL_TIME_5_MIN,BALCH1_7_N001,Node,46.17626,46.0611,0.0,0.11515,0.0
2025-10-19 02:35:00-07:00,2025-10-19 09:35:00+00:00,2025-10-19 02:40:00-07:00,2025-10-19 09:40:00+00:00,REAL_TIME_5_MIN,BEARTAP_1_N001,Node,45.8354,46.0611,0.0,-0.2257,0.0
2025-10-19 02:35:00-07:00,2025-10-19 09:35:00+00:00,2025-10-19 02:40:00-07:00,2025-10-19 09:40:00+00:00,REAL_TIME_5_MIN,SOUTHBY_6_N001,Node,46.39274,46.0611,0.0,0.33164,0.0
2025-10-19 02:40:00-07:00,2025-10-19 09:40:00+00:00,2025-10-19 02:45:00-07:00,2025-10-19 09:45:00+00:00,REAL_TIME_5_MIN,BALCH1_7_N001,Node,46.20859,46.09335,0.0,0.11523,0.0
2025-10-19 02:40:00-07:00,2025-10-19 09:40:00+00:00,2025-10-19 02:45:00-07:00,2025-10-19 09:45:00+00:00,REAL_TIME_5_MIN,BEARTAP_1_N001,Node,45.8675,46.09335,0.0,-0.22586,0.0
2025-10-19 02:40:00-07:00,2025-10-19 09:40:00+00:00,2025-10-19 02:45:00-07:00,2025-10-19 09:45:00+00:00,REAL_TIME_5_MIN,SOUTHBY_6_N001,Node,46.42523,46.09335,0.0,0.33187,0.0
2025-10-19 02:45:00-07:00,2025-10-19 09:45:00+00:00,2025-10-19 02:50:00-07:00,2025-10-19 09:50:00+00:00,REAL_TIME_5_MIN,BALCH1_7_N001,Node,45.53889,45.40721,0.0,0.13168,0.0
2025-10-19 02:45:00-07:00,2025-10-19 09:45:00+00:00,2025-10-19 02:50:00-07:00,2025-10-19 09:50:00+00:00,REAL_TIME_5_MIN,BEARTAP_1_N001,Node,45.19833,45.40721,0.0,-0.20887,0.0
2025-10-19 02:45:00-07:00,2025-10-19 09:45:00+00:00,2025-10-19 02:50:00-07:00,2025-10-19 09:50:00+00:00,REAL_TIME_5_MIN,SOUTHBY_6_N001,Node,45.80679,45.40721,0.0,0.39958,0.0
2025-10-19 02:50:00-07:00,2025-10-19 09:50:00+00:00,2025-10-19 02:55:00-07:00,2025-10-19 09:55:00+00:00,REAL_TIME_5_MIN,BALCH1_7_N001,Node,44.94859,44.81862,0.0,0.12997,0.0
2025-10-19 02:50:00-07:00,2025-10-19 09:50:00+00:00,2025-10-19 02:55:00-07:00,2025-10-19 09:55:00+00:00,REAL_TIME_5_MIN,BEARTAP_1_N001,Node,44.61245,44.81862,0.0,-0.20617,0.0
2025-10-19 02:50:00-07:00,2025-10-19 09:50:00+00:00,2025-10-19 02:55:00-07:00,2025-10-19 09:55:00+00:00,REAL_TIME_5_MIN,SOUTHBY_6_N001,Node,45.21302,44.81862,0.0,0.3944,0.0
2025-10-19 02:55:00-07:00,2025-10-19 09:55:00+00:00,2025-10-19 03:00:00-07:00,2025-10-19 10:00:00+00:00,REAL_TIME_5_MIN,BALCH1_7_N001,Node,43.65832,43.53208,0.0,0.12624,0.0
2025-10-19 02:55:00-07:00,2025-10-19 09:55:00+00:00,2025-10-19 03:00:00-07:00,2025-10-19 10:00:00+00:00,REAL_TIME_5_MIN,BEARTAP_1_N001,Node,43.33183,43.53208,0.0,-0.20025,0.0
2025-10-19 02:55:00-07:00,2025-10-19 09:55:00+00:00,2025-10-19 03:00:00-07:00,2025-10-19 10:00:00+00:00,REAL_TIME_5_MIN,SOUTHBY_6_N001,Node,43.91516,43.53208,0.0,0.38308,0.0
2025-10-19 03:00:00-07:00,2025-10-19 10:00:00+00:00,2025-10-19 03:05:00-07:00,2025-10-19 10:05:00+00:00,REAL_TIME_5_MIN,BALCH1_7_N001,Node,42.34778,42.38593,0.0,-0.03815,0.0
2025-10-19 03:00:00-07:00,2025-10-19 10:00:00+00:00,2025-10-19 03:05:00-07:00,2025-10-19 10:05:00+00:00,REAL_TIME_5_MIN,BEARTAP_1_N001,Node,42.19519,42.38593,0.0,-0.19074,0.0
2025-10-19 03:00:00-07:00,2025-10-19 10:00:00+00:00,2025-10-19 03:05:00-07:00,2025-10-19 10:05:00+00:00,REAL_TIME_5_MIN,SOUTHBY_6_N001,Node,42.69958,42.38593,0.0,0.31366,0.0
2025-10-19 03:05:00-07:00,2025-10-19 10:05:00+00:00,2025-10-19 03:10:00-07:00,2025-10-19 10:10:00+00:00,REAL_TIME_5_MIN,BALCH1_7_N001,Node,42.22049,42.25852,0.0,-0.03803,0.0
2025-10-19 03:05:00-07:00,2025-10-19 10:05:00+00:00,2025-10-19 03:10:00-07:00,2025-10-19 10:10:00+00:00,REAL_TIME_5_MIN,BEARTAP_1_N001,Node,42.06836,42.25852,0.0,-0.19016,0.0
2025-10-19 03:05:00-07:00,2025-10-19 10:05:00+00:00,2025-10-19 03:10:00-07:00,2025-10-19 10:10:00+00:00,REAL_TIME_5_MIN,SOUTHBY_6_N001,Node,42.57124,42.25852,0.0,0.31271,0.0
2025-10-19 03:10:00-07:00,2025-10-19 10:10:00+00:00,2025-10-19 03:15:00-07:00,2025-10-19 10:15:00+00:00,REAL_TIME_5_MIN,BALCH1_7_N001,Node,41.84194,41.87963,0.0,-0.03769,0.0
2025-10-19 03:10:00-07:00,2025-10-19 10:10:00+00:00,2025-10-19 03:15:00-07:00,2025-10-19 10:15:00+00:00,REAL_TIME_5_MIN,BEARTAP_1_N001,Node,41.69117,41.87963,0.0,-0.18846,0.0
2025-10-19 03:10:00-07:00,2025-10-19 10:10:00+00:00,2025-10-19 03:15:00-07:00,2025-10-19 10:15:00+00:00,REAL_TIME_5_MIN,SOUTHBY_6_N001,Node,42.18954,41.87963,0.0,0.30991,0.0
2025-10-19 03:15:00-07:00,2025-10-19 10:15:00+00:00,2025-10-19 03:20:00-07:00,2025-10-19 10:20:00+00:00,REAL_TIME_5_MIN,BALCH1_7_N001,Node,45.77095,45.89947,0.0,-0.12852,0.0
2025-10-19 03:15:00-07:00,2025-10-19 10:15:00+00:00,2025-10-19 03:20:00-07:00,2025-10-19 10:20:00+00:00,REAL_TIME_5_MIN,BEARTAP_1_N001,Node,45.71587,45.89947,0.0,-0.1836,0.0
2025-10-19 03:15:00-07:00,2025-10-19 10:15:00+00:00,2025-10-19 03:20:00-07:00,2025-10-19 10:20:00+00:00,REAL_TIME_5_MIN,SOUTHBY_6_N001,Node,46.07389,45.89947,0.0,0.17442,0.0
2025-10-19 03:20:00-07:00,2025-10-19 10:20:00+00:00,2025-10-19 03:25:00-07:00,2025-10-19 10:25:00+00:00,REAL_TIME_5_MIN,BALCH1_7_N001,Node,47.84295,47.97729,0.0,-0.13434,0.0
2025-10-19 03:20:00-07:00,2025-10-19 10:20:00+00:00,2025-10-19 03:25:00-07:00,2025-10-19 10:25:00+00:00,REAL_TIME_5_MIN,BEARTAP_1_N001,Node,47.78538,47.97729,0.0,-0.19191,0.0
2025-10-19 03:20:00-07:00,2025-10-19 10:20:00+00:00,2025-10-19 03:25:00-07:00,2025-10-19 10:25:00+00:00,REAL_TIME_5_MIN,SOUTHBY_6_N001,Node,48.1596,47.97729,0.0,0.18231,0.0
2025-10-19 03:25:00-07:00,2025-10-19 10:25:00+00:00,2025-10-19 03:30:00-07:00,2025-10-19 10:30:00+00:00,REAL_TIME_5_MIN,BALCH1_7_N001,Node,49.03913,49.17682,0.0,-0.1377,0.0
2025-10-19 03:25:00-07:00,2025-10-19 10:25:00+00:00,2025-10-19 03:30:00-07:00,2025-10-19 10:30:00+00:00,REAL_TIME_5_MIN,BEARTAP_1_N001,Node,48.98012,49.17682,0.0,-0.19671,0.0
2025-10-19 03:25:00-07:00,2025-10-19 10:25:00+00:00,2025-10-19 03:30:00-07:00,2025-10-19 10:30:00+00:00,REAL_TIME_5_MIN,SOUTHBY_6_N001,Node,49.36369,49.17682,0.0,0.18687,0.0
2025-10-19 03:30:00-07:00,2025-10-19 10:30:00+00:00,2025-10-19 03:35:00-07:00,2025-10-19 10:35:00+00:00,REAL_TIME_5_MIN,BALCH1_7_N001,Node,42.44133,42.57757,0.0,-0.13625,0.0
2025-10-19 03:30:00-07:00,2025-10-19 10:30:00+00:00,2025-10-19 03:35:00-07:00,2025-10-19 10:35:00+00:00,REAL_TIME_5_MIN,BEARTAP_1_N001,Node,42.38172,42.57757,0.0,-0.19586,0.0
2025-10-19 03:30:00-07:00,2025-10-19 10:30:00+00:00,2025-10-19 03:35:00-07:00,2025-10-19 10:35:00+00:00,REAL_TIME_5_MIN,SOUTHBY_6_N001,Node,42.77769,42.57757,0.0,0.20011,0.0
2025-10-19 03:35:00-07:00,2025-10-19 10:35:00+00:00,2025-10-19 03:40:00-07:00,2025-10-19 10:40:00+00:00,REAL_TIME_5_MIN,BALCH1_7_N001,Node,42.39715,42.53325,0.0,-0.13611,0.0
2025-10-19 03:35:00-07:00,2025-10-19 10:35:00+00:00,2025-10-19 03:40:00-07:00,2025-10-19 10:40:00+00:00,REAL_TIME_5_MIN,BEARTAP_1_N001,Node,42.3376,42.53325,0.0,-0.19565,0.0
2025-10-19 03:35:00-07:00,2025-10-19 10:35:00+00:00,2025-10-19 03:40:00-07:00,2025-10-19 10:40:00+00:00,REAL_TIME_5_MIN,SOUTHBY_6_N001,Node,42.73316,42.53325,0.0,0.19991,0.0
2025-10-19 03:40:00-07:00,2025-10-19 10:40:00+00:00,2025-10-19 03:45:00-07:00,2025-10-19 10:45:00+00:00,REAL_TIME_5_MIN,BALCH1_7_N001,Node,42.39715,42.53325,0.0,-0.13611,0.0
2025-10-19 03:40:00-07:00,2025-10-19 10:40:00+00:00,2025-10-19 03:45:00-07:00,2025-10-19 10:45:00+00:00,REAL_TIME_5_MIN,BEARTAP_1_N001,Node,42.3376,42.53325,0.0,-0.19565,0.0
2025-10-19 03:40:00-07:00,2025-10-19 10:40:00+00:00,2025-10-19 03:45:00-07:00,2025-10-19 10:45:00+00:00,REAL_TIME_5_MIN,SOUTHBY_6_N001,Node,42.73316,42.53325,0.0,0.19991,0.0
2025-10-19 03:45:00-07:00,2025-10-19 10:45:00+00:00,2025-10-19 03:50:00-07:00,2025-10-19 10:50:00+00:00,REAL_TIME_5_MIN,BALCH1_7_N001,Node,41.58719,41.74163,0.0,-0.15444,0.0
2025-10-19 03:45:00-07:00,2025-10-19 10:45:00+00:00,2025-10-19 03:50:00-07:00,2025-10-19 10:50:00+00:00,REAL_TIME_5_MIN,BEARTAP_1_N001,Node,41.57049,41.74163,0.0,-0.17114,0.0
2025-10-19 03:45:00-07:00,2025-10-19 10:45:00+00:00,2025-10-19 03:50:00-07:00,2025-10-19 10:50:00+00:00,REAL_TIME_5_MIN,SOUTHBY_6_N001,Node,41.75415,41.74163,0.0,0.01252,0.0
2025-10-19 03:50:00-07:00,2025-10-19 10:50:00+00:00,2025-10-19 03:55:00-07:00,2025-10-19 10:55:00+00:00,REAL_TIME_5_MIN,BALCH1_7_N001,Node,41.50671,41.66085,0.0,-0.15415,0.0
2025-10-19 03:50:00-07:00,2025-10-19 10:50:00+00:00,2025-10-19 03:55:00-07:00,2025-10-19 10:55:00+00:00,REAL_TIME_5_MIN,BEARTAP_1_N001,Node,41.49004,41.66085,0.0,-0.17081,0.0
2025-10-19 03:50:00-07:00,2025-10-19 10:50:00+00:00,2025-10-19 03:55:00-07:00,2025-10-19 10:55:00+00:00,REAL_TIME_5_MIN,SOUTHBY_6_N001,Node,41.67335,41.66085,0.0,0.0125,0.0
2025-10-19 03:55:00-07:00,2025-10-19 10:55:00+00:00,2025-10-19 04:00:00-07:00,2025-10-19 11:00:00+00:00,REAL_TIME_5_MIN,BALCH1_7_N001,Node,41.84643,42.00183,0.0,-0.15541,0.0
2025-10-19 03:55:00-07:00,2025-10-19 10:55:00+00:00,2025-10-19 04:00:00-07:00,2025-10-19 11:00:00+00:00,REAL_TIME_5_MIN,BEARTAP_1_N001,Node,41.82963,42.00183,0.0,-0.17221,0.0
2025-10-19 03:55:00-07:00,2025-10-19 10:55:00+00:00,2025-10-19 04:00:00-07:00,2025-10-19 11:00:00+00:00,REAL_TIME_5_MIN,SOUTHBY_6_N001,Node,42.01444,42.00183,0.0,0.0126,0.0
2025-10-19 04:00:00-07:00,2025-10-19 11:00:00+00:00,2025-10-19 04:05:00-07:00,2025-10-19 11:05:00+00:00,REAL_TIME_5_MIN,BALCH1_7_N001,Node,48.16475,47.79671,0.0,0.36803,0.0
2025-10-19 04:00:00-07:00,2025-10-19 11:00:00+00:00,2025-10-19 04:05:00-07:00,2025-10-19 11:05:00+00:00,REAL_TIME_5_MIN,BEARTAP_1_N001,Node,47.63898,47.79671,0.0,-0.15773,0.0
2025-10-19 04:00:00-07:00,2025-10-19 11:00:00+00:00,2025-10-19 04:05:00-07:00,2025-10-19 11:05:00+00:00,REAL_TIME_5_MIN,SOUTHBY_6_N001,Node,47.56729,47.79671,0.0,-0.22942,0.0
2025-10-19 04:05:00-07:00,2025-10-19 11:05:00+00:00,2025-10-19 04:10:00-07:00,2025-10-19 11:10:00+00:00,REAL_TIME_5_MIN,BALCH1_7_N001,Node,47.56447,47.20102,0.0,0.36345,0.0
2025-10-19 04:05:00-07:00,2025-10-19 11:05:00+00:00,2025-10-19 04:10:00-07:00,2025-10-19 11:10:00+00:00,REAL_TIME_5_MIN,BEARTAP_1_N001,Node,47.04525,47.20102,0.0,-0.15576,0.0
2025-10-19 04:05:00-07:00,2025-10-19 11:05:00+00:00,2025-10-19 04:10:00-07:00,2025-10-19 11:10:00+00:00,REAL_TIME_5_MIN,SOUTHBY_6_N001,Node,46.97445,47.20102,0.0,-0.22656,0.0
2025-10-19 04:10:00-07:00,2025-10-19 11:10:00+00:00,2025-10-19 04:15:00-07:00,2025-10-19 11:15:00+00:00,REAL_TIME_5_MIN,BALCH1_7_N001,Node,45.08279,44.7383,0.0,0.34448,0.0
2025-10-19 04:10:00-07:00,2025-10-19 11:10:00+00:00,2025-10-19 04:15:00-07:00,2025-10-19 11:15:00+00:00,REAL_TIME_5_MIN,BEARTAP_1_N001,Node,44.59067,44.7383,0.0,-0.14764,0.0
2025-10-19 04:10:00-07:00,2025-10-19 11:10:00+00:00,2025-10-19 04:15:00-07:00,2025-10-19 11:15:00+00:00,REAL_TIME_5_MIN,SOUTHBY_6_N001,Node,44.52356,44.7383,0.0,-0.21474,0.0
2025-10-19 04:15:00-07:00,2025-10-19 11:15:00+00:00,2025-10-19 04:20:00-07:00,2025-10-19 11:20:00+00:00,REAL_TIME_5_MIN,BALCH1_7_N001,Node,45.18663,44.86806,0.0,0.31856,0.0
2025-10-19 04:15:00-07:00,2025-10-19 11:15:00+00:00,2025-10-19 04:20:00-07:00,2025-10-19 11:20:00+00:00,REAL_TIME_5_MIN,BEARTAP_1_N001,Node,44.72897,44.86806,0.0,-0.13909,0.0
2025-10-19 04:15:00-07:00,2025-10-19 11:15:00+00:00,2025-10-19 04:20:00-07:00,2025-10-19 11:20:00+00:00,REAL_TIME_5_MIN,SOUTHBY_6_N001,Node,44.55847,44.86806,0.0,-0.30959,0.0
2025-10-19 04:20:00-07:00,2025-10-19 11:20:00+00:00,2025-10-19 04:25:00-07:00,2025-10-19 11:25:00+00:00,REAL_TIME_5_MIN,BALCH1_7_N001,Node,45.01937,44.70199,0.0,0.31738,0.0
2025-10-19 04:20:00-07:00,2025-10-19 11:20:00+00:00,2025-10-19 04:25:00-07:00,2025-10-19 11:25:00+00:00,REAL_TIME_5_MIN,BEARTAP_1_N001,Node,44.56341,44.70199,0.0,-0.13858,0.0
2025-10-19 04:20:00-07:00,2025-10-19 11:20:00+00:00,2025-10-19 04:25:00-07:00,2025-10-19 11:25:00+00:00,REAL_TIME_5_MIN,SOUTHBY_6_N001,Node,44.39355,44.70199,0.0,-0.30844,0.0
2025-10-19 04:25:00-07:00,2025-10-19 11:25:00+00:00,2025-10-19 04:30:00-07:00,2025-10-19 11:30:00+00:00,REAL_TIME_5_MIN,BALCH1_7_N001,Node,43.73262,43.42431,0.0,0.30831,0.0
2025-10-19 04:25:00-07:00,2025-10-19 11:25:00+00:00,2025-10-19 04:30:00-07:00,2025-10-19 11:30:00+00:00,REAL_TIME_5_MIN,BEARTAP_1_N001,Node,43.28969,43.42431,0.0,-0.13462,0.0
2025-10-19 04:25:00-07:00,2025-10-19 11:25:00+00:00,2025-10-19 04:30:00-07:00,2025-10-19 11:30:00+00:00,REAL_TIME_5_MIN,SOUTHBY_6_N001,Node,43.12468,43.42431,0.0,-0.29963,0.0
2025-10-19 04:30:00-07:00,2025-10-19 11:30:00+00:00,2025-10-19 04:35:00-07:00,2025-10-19 11:35:00+00:00,REAL_TIME_5_MIN,BALCH1_7_N001,Node,43.69397,43.43337,0.0,0.2606,0.0
2025-10-19 04:30:00-07:00,2025-10-19 11:30:00+00:00,2025-10-19 04:35:00-07:00,2025-10-19 11:35:00+00:00,REAL_TIME_5_MIN,BEARTAP_1_N001,Node,43.26398,43.43337,0.0,-0.16939,0.0
2025-10-19 04:30:00-07:00,2025-10-19 11:30:00+00:00,2025-10-19 04:35:00-07:00,2025-10-19 11:35:00+00:00,REAL_TIME_5_MIN,SOUTHBY_6_N001,Node,43.1858,43.43337,0.0,-0.24757,0.0
2025-10-19 04:35:00-07:00,2025-10-19 11:35:00+00:00,2025-10-19 04:40:00-07:00,2025-10-19 11:40:00+00:00,REAL_TIME_5_MIN,BALCH1_7_N001,Node,43.31232,43.05399,0.0,0.25832,0.0
2025-10-19 04:35:00-07:00,2025-10-19 11:35:00+00:00,2025-10-19 04:40:00-07:00,2025-10-19 11:40:00+00:00,REAL_TIME_5_MIN,BEARTAP_1_N001,Node,42.88608,43.05399,0.0,-0.16791,0.0
2025-10-19 04:35:00-07:00,2025-10-19 11:35:00+00:00,2025-10-19 04:40:00-07:00,2025-10-19 11:40:00+00:00,REAL_TIME_5_MIN,SOUTHBY_6_N001,Node,42.80858,43.05399,0.0,-0.24541,0.0
2025-10-19 04:40:00-07:00,2025-10-19 11:40:00+00:00,2025-10-19 04:45:00-07:00,2025-10-19 11:45:00+00:00,REAL_TIME_5_MIN,BALCH1_7_N001,Node,42.82029,42.5649,0.0,0.25539,0.0
2025-10-19 04:40:00-07:00,2025-10-19 11:40:00+00:00,2025-10-19 04:45:00-07:00,2025-10-19 11:45:00+00:00,REAL_TIME_5_MIN,BEARTAP_1_N001,Node,42.39889,42.5649,0.0,-0.166,0.0
2025-10-19 04:40:00-07:00,2025-10-19 11:40:00+00:00,2025-10-19 04:45:00-07:00,2025-10-19 11:45:00+00:00,REAL_TIME_5_MIN,SOUTHBY_6_N001,Node,42.32228,42.5649,0.0,-0.24262,0.0
2025-10-19 04:45:00-07:00,2025-10-19 11:45:00+00:00,2025-10-19 04:50:00-07:00,2025-10-19 11:50:00+00:00,REAL_TIME_5_MIN,BALCH1_7_N001,Node,43.26321,42.98808,0.0,0.27512,0.0
2025-10-19 04:45:00-07:00,2025-10-19 11:45:00+00:00,2025-10-19 04:50:00-07:00,2025-10-19 11:50:00+00:00,REAL_TIME_5_MIN,BEARTAP_1_N001,Node,42.83333,42.98808,0.0,-0.15476,0.0
2025-10-19 04:45:00-07:00,2025-10-19 11:45:00+00:00,2025-10-19 04:50:00-07:00,2025-10-19 11:50:00+00:00,REAL_TIME_5_MIN,SOUTHBY_6_N001,Node,42.75165,42.98808,0.0,-0.23643,0.0
2025-10-19 04:50:00-07:00,2025-10-19 11:50:00+00:00,2025-10-19 04:55:00-07:00,2025-10-19 11:55:00+00:00,REAL_TIME_5_MIN,BALCH1_7_N001,Node,44.03137,43.75136,0.0,0.28001,0.0
2025-10-19 04:50:00-07:00,2025-10-19 11:50:00+00:00,2025-10-19 04:55:00-07:00,2025-10-19 11:55:00+00:00,REAL_TIME_5_MIN,BEARTAP_1_N001,Node,43.59386,43.75136,0.0,-0.1575,0.0
2025-10-19 04:50:00-07:00,2025-10-19 11:50:00+00:00,2025-10-19 04:55:00-07:00,2025-10-19 11:55:00+00:00,REAL_TIME_5_MIN,SOUTHBY_6_N001,Node,43.51073,43.75136,0.0,-0.24063,0.0
2025-10-19 04:55:00-07:00,2025-10-19 11:55:00+00:00,2025-10-19 05:00:00-07:00,2025-10-19 12:00:00+00:00,REAL_TIME_5_MIN,BALCH1_7_N001,Node,45.74886,45.45793,0.0,0.29093,0.0
2025-10-19 04:55:00-07:00,2025-10-19 11:55:00+00:00,2025-10-19 05:00:00-07:00,2025-10-19 12:00:00+00:00,REAL_TIME_5_MIN,BEARTAP_1_N001,Node,45.29428,45.45793,0.0,-0.16365,0.0
2025-10-19 04:55:00-07:00,2025-10-19 11:55:00+00:00,2025-10-19 05:00:00-07:00,2025-10-19 12:00:00+00:00,REAL_TIME_5_MIN,SOUTHBY_6_N001,Node,45.20791,45.45793,0.0,-0.25002,0.0
2025-10-19 05:00:00-07:00,2025-10-19 12:00:00+00:00,2025-10-19 05:05:00-07:00,2025-10-19 12:05:00+00:00,REAL_TIME_5_MIN,BALCH1_7_N001,Node,42.2688,42.2688,0.0,0.0,0.0
2025-10-19 05:00:00-07:00,2025-10-19 12:00:00+00:00,2025-10-19 05:05:00-07:00,2025-10-19 12:05:00+00:00,REAL_TIME_5_MIN,BEARTAP_1_N001,Node,42.2688,42.2688,0.0,0.0,0.0
2025-10-19 05:00:00-07:00,2025-10-19 12:00:00+00:00,2025-10-19 05:05:00-07:00,2025-10-19 12:05:00+00:00,REAL_TIME_5_MIN,SOUTHBY_6_N001,Node,42.2688,42.2688,0.0,0.0,0.0
2025-10-19 05:05:00-07:00,2025-10-19 12:05:00+00:00,2025-10-19 05:10:00-07:00,2025-10-19 12:10:00+00:00,REAL_TIME_5_MIN,BALCH1_7_N001,Node,41.9924,41.9924,0.0,0.0,0.0
2025-10-19 05:05:00-07:00,2025-10-19 12:05:00+00:00,2025-10-19 05:10:00-07:00,2025-10-19 12:10:00+00:00,REAL_TIME_5_MIN,BEARTAP_1_N001,Node,41.9924,41.9924,0.0,0.0,0.0
2025-10-19 05:05:00-07:00,2025-10-19 12:05:00+00:00,2025-10-19 05:10:00-07:00,2025-10-19 12:10:00+00:00,REAL_TIME_5_MIN,SOUTHBY_6_N001,Node,41.9924,41.9924,0.0,0.0,0.0
2025-10-19 05:10:00-07:00,2025-10-19 12:10:00+00:00,2025-10-19 05:15:00-07:00,2025-10-19 12:15:00+00:00,REAL_TIME_5_MIN,BALCH1_7_N001,Node,41.6288,41.6288,0.0,0.0,0.0
2025-10-19 05:10:00-07:00,2025-10-19 12:10:00+00:00,2025-10-19 05:15:00-07:00,2025-10-19 12:15:00+00:00,REAL_TIME_5_MIN,BEARTAP_1_N001,Node,41.6288,41.6288,0.0,0.0,0.0
2025-10-19 05:10:00-07:00,2025-10-19 12:10:00+00:00,2025-10-19 05:15:00-07:00,2025-10-19 12:15:00+00:00,REAL_TIME_5_MIN,SOUTHBY_6_N001,Node,41.6288,41.6288,0.0,0.0,0.0
2025-10-19 05:15:00-07:00,2025-10-19 12:15:00+00:00,2025-10-19 05:20:00-07:00,2025-10-19 12:20:00+00:00,REAL_TIME_5_MIN,BALCH1_7_N001,Node,41.8112,41.8112,0.0,0.0,0.0
2025-10-19 05:15:00-07:00,2025-10-19 12:15:00+00:00,2025-10-19 05:20:00-07:00,2025-10-19 12:20:00+00:00,REAL_TIME_5_MIN,BEARTAP_1_N001,Node,41.8112,41.8112,0.0,0.0,0.0
2025-10-19 05:15:00-07:00,2025-10-19 12:15:00+00:00,2025-10-19 05:20:00-07:00,2025-10-19 12:20:00+00:00,REAL_TIME_5_MIN,SOUTHBY_6_N001,Node,41.8112,41.8112,0.0,0.0,0.0
2025-10-19 05:20:00-07:00,2025-10-19 12:20:00+00:00,2025-10-19 05:25:00-07:00,2025-10-19 12:25:00+00:00,REAL_TIME_5_MIN,BALCH1_7_N001,Node,42.52,42.52,0.0,0.0,0.0
2025-10-19 05:20:00-07:00,2025-10-19 12:20:00+00:00,2025-10-19 05:25:00-07:00,2025-10-19 12:25:00+00:00,REAL_TIME_5_MIN,BEARTAP_1_N001,Node,42.52,42.52,0.0,0.0,0.0
2025-10-19 05:20:00-07:00,2025-10-19 12:20:00+00:00,2025-10-19 05:25:00-07:00,2025-10-19 12:25:00+00:00,REAL_TIME_5_MIN,SOUTHBY_6_N001,Node,42.52,42.52,0.0,0.0,0.0
2025-10-19 05:25:00-07:00,2025-10-19 12:25:00+00:00,2025-10-19 05:30:00-07:00,2025-10-19 12:30:00+00:00,REAL_TIME_5_MIN,BALCH1_7_N001,Node,42.4912,42.4912,0.0,0.0,0.0
2025-10-19 05:25:00-07:00,2025-10-19 12:25:00+00:00,2025-10-19 05:30:00-07:00,2025-10-19 12:30:00+00:00,REAL_TIME_5_MIN,BEARTAP_1_N001,Node,42.4912,42.4912,0.0,0.0,0.0
2025-10-19 05:25:00-07:00,2025-10-19 12:25:00+00:00,2025-10-19 05:30:00-07:00,2025-10-19 12:30:00+00:00,REAL_TIME_5_MIN,SOUTHBY_6_N001,Node,42.4912,42.4912,0.0,0.0,0.0
2025-10-19 05:30:00-07:00,2025-10-19 12:30:00+00:00,2025-10-19 05:35:00-07:00,2025-10-19 12:35:00+00:00,REAL_TIME_5_MIN,BALCH1_7_N001,Node,43.4221,43.64469,0.0,-0.22259,0.0
2025-10-19 05:30:00-07:00,2025-10-19 12:30:00+00:00,2025-10-19 05:35:00-07:00,2025-10-19 12:35:00+00:00,REAL_TIME_5_MIN,BEARTAP_1_N001,Node,43.47448,43.64469,0.0,-0.17021,0.0
2025-10-19 05:30:00-07:00,2025-10-19 12:30:00+00:00,2025-10-19 05:35:00-07:00,2025-10-19 12:35:00+00:00,REAL_TIME_5_MIN,SOUTHBY_6_N001,Node,43.4221,43.64469,0.0,-0.22259,0.0
2025-10-19 05:35:00-07:00,2025-10-19 12:35:00+00:00,2025-10-19 05:40:00-07:00,2025-10-19 12:40:00+00:00,REAL_TIME_5_MIN,BALCH1_7_N001,Node,43.43205,43.65469,0.0,-0.22264,0.0
2025-10-19 05:35:00-07:00,2025-10-19 12:35:00+00:00,2025-10-19 05:40:00-07:00,2025-10-19 12:40:00+00:00,REAL_TIME_5_MIN,BEARTAP_1_N001,Node,43.48444,43.65469,0.0,-0.17025,0.0
2025-10-19 05:35:00-07:00,2025-10-19 12:35:00+00:00,2025-10-19 05:40:00-07:00,2025-10-19 12:40:00+00:00,REAL_TIME_5_MIN,SOUTHBY_6_N001,Node,43.43205,43.65469,0.0,-0.22264,0.0
2025-10-19 05:40:00-07:00,2025-10-19 12:40:00+00:00,2025-10-19 05:45:00-07:00,2025-10-19 12:45:00+00:00,REAL_TIME_5_MIN,BALCH1_7_N001,Node,43.38464,43.60704,0.0,-0.2224,0.0
2025-10-19 05:40:00-07:00,2025-10-19 12:40:00+00:00,2025-10-19 05:45:00-07:00,2025-10-19 12:45:00+00:00,REAL_TIME_5_MIN,BEARTAP_1_N001,Node,43.43697,43.60704,0.0,-0.17007,0.0
2025-10-19 05:40:00-07:00,2025-10-19 12:40:00+00:00,2025-10-19 05:45:00-07:00,2025-10-19 12:45:00+00:00,REAL_TIME_5_MIN,SOUTHBY_6_N001,Node,43.38464,43.60704,0.0,-0.2224,0.0
2025-10-19 05:45:00-07:00,2025-10-19 12:45:00+00:00,2025-10-19 05:50:00-07:00,2025-10-19 12:50:00+00:00,REAL_TIME_5_MIN,BALCH1_7_N001,Node,47.26907,47.53049,0.0,-0.26142,0.0
2025-10-19 05:45:00-07:00,2025-10-19 12:45:00+00:00,2025-10-19 05:50:00-07:00,2025-10-19 12:50:00+00:00,REAL_TIME_5_MIN,BEARTAP_1_N001,Node,47.35938,47.53049,0.0,-0.17111,0.0
2025-10-19 05:45:00-07:00,2025-10-19 12:45:00+00:00,2025-10-19 05:50:00-07:00,2025-10-19 12:50:00+00:00,REAL_TIME_5_MIN,SOUTHBY_6_N001,Node,47.25957,47.53049,0.0,-0.27092,0.0
2025-10-19 05:50:00-07:00,2025-10-19 12:50:00+00:00,2025-10-19 05:55:00-07:00,2025-10-19 12:55:00+00:00,REAL_TIME_5_MIN,BALCH1_7_N001,Node,49.08773,49.35921,0.0,-0.27148,0.0
2025-10-19 05:50:00-07:00,2025-10-19 12:50:00+00:00,2025-10-19 05:55:00-07:00,2025-10-19 12:55:00+00:00,REAL_TIME_5_MIN,BEARTAP_1_N001,Node,49.18152,49.35921,0.0,-0.17769,0.0
2025-10-19 05:50:00-07:00,2025-10-19 12:50:00+00:00,2025-10-19 05:55:00-07:00,2025-10-19 12:55:00+00:00,REAL_TIME_5_MIN,SOUTHBY_6_N001,Node,49.07786,49.35921,0.0,-0.28135,0.0
2025-10-19 05:55:00-07:00,2025-10-19 12:55:00+00:00,2025-10-19 06:00:00-07:00,2025-10-19 13:00:00+00:00,REAL_TIME_5_MIN,BALCH1_7_N001,Node,49.14101,49.41278,0.0,-0.27177,0.0
2025-10-19 05:55:00-07:00,2025-10-19 12:55:00+00:00,2025-10-19 06:00:00-07:00,2025-10-19 13:00:00+00:00,REAL_TIME_5_MIN,BEARTAP_1_N001,Node,49.2349,49.41278,0.0,-0.17789,0.0
2025-10-19 05:55:00-07:00,2025-10-19 12:55:00+00:00,2025-10-19 06:00:00-07:00,2025-10-19 13:00:00+00:00,REAL_TIME_5_MIN,SOUTHBY_6_N001,Node,49.13113,49.41278,0.0,-0.28165,0.0
2025-10-19 06:00:00-07:00,2025-10-19 13:00:00+00:00,2025-10-19 06:05:00-07:00,2025-10-19 13:05:00+00:00,REAL_TIME_5_MIN,BALCH1_7_N001,Node,41.52508,41.47945,0.0,0.04563,0.0
2025-10-19 06:00:00-07:00,2025-10-19 13:00:00+00:00,2025-10-19 06:05:00-07:00,2025-10-19 13:05:00+00:00,REAL_TIME_5_MIN,BEARTAP_1_N001,Node,41.33013,41.47945,0.0,-0.14933,0.0
2025-10-19 06:00:00-07:00,2025-10-19 13:00:00+00:00,2025-10-19 06:05:00-07:00,2025-10-19 13:05:00+00:00,REAL_TIME_5_MIN,SOUTHBY_6_N001,Node,41.36746,41.47945,0.0,-0.11199,0.0
2025-10-19 06:05:00-07:00,2025-10-19 13:05:00+00:00,2025-10-19 06:10:00-07:00,2025-10-19 13:10:00+00:00,REAL_TIME_5_MIN,BALCH1_7_N001,Node,45.20543,45.15576,0.0,0.04967,0.0
2025-10-19 06:05:00-07:00,2025-10-19 13:05:00+00:00,2025-10-19 06:10:00-07:00,2025-10-19 13:10:00+00:00,REAL_TIME_5_MIN,BEARTAP_1_N001,Node,44.9932,45.15576,0.0,-0.16256,0.0
2025-10-19 06:05:00-07:00,2025-10-19 13:05:00+00:00,2025-10-19 06:10:00-07:00,2025-10-19 13:10:00+00:00,REAL_TIME_5_MIN,SOUTHBY_6_N001,Node,45.03384,45.15576,0.0,-0.12192,0.0
2025-10-19 06:10:00-07:00,2025-10-19 13:10:00+00:00,2025-10-19 06:15:00-07:00,2025-10-19 13:15:00+00:00,REAL_TIME_5_MIN,BALCH1_7_N001,Node,49.79691,49.74219,0.0,0.05472,0.0
2025-10-19 06:10:00-07:00,2025-10-19 13:10:00+00:00,2025-10-19 06:15:00-07:00,2025-10-19 13:15:00+00:00,REAL_TIME_5_MIN,BEARTAP_1_N001,Node,49.56312,49.74219,0.0,-0.17907,0.0
2025-10-19 06:10:00-07:00,2025-10-19 13:10:00+00:00,2025-10-19 06:15:00-07:00,2025-10-19 13:15:00+00:00,REAL_TIME_5_MIN,SOUTHBY_6_N001,Node,49.60789,49.74219,0.0,-0.1343,0.0
2025-10-19 06:15:00-07:00,2025-10-19 13:15:00+00:00,2025-10-19 06:20:00-07:00,2025-10-19 13:20:00+00:00,REAL_TIME_5_MIN,BALCH1_7_N001,Node,50.21221,50.127,0.0,0.08522,0.0
2025-10-19 06:15:00-07:00,2025-10-19 13:15:00+00:00,2025-10-19 06:20:00-07:00,2025-10-19 13:20:00+00:00,REAL_TIME_5_MIN,BEARTAP_1_N001,Node,49.94654,50.127,0.0,-0.18046,0.0
2025-10-19 06:15:00-07:00,2025-10-19 13:15:00+00:00,2025-10-19 06:20:00-07:00,2025-10-19 13:20:00+00:00,REAL_TIME_5_MIN,SOUTHBY_6_N001,Node,49.95657,50.127,0.0,-0.17043,0.0
2025-10-19 06:20:00-07:00,2025-10-19 13:20:00+00:00,2025-10-19 06:25:00-07:00,2025-10-19 13:25:00+00:00,REAL_TIME_5_MIN,BALCH1_7_N001,Node,50.91478,50.82837,0.0,0.08641,0.0
2025-10-19 06:20:00-07:00,2025-10-19 13:20:00+00:00,2025-10-19 06:25:00-07:00,2025-10-19 13:25:00+00:00,REAL_TIME_5_MIN,BEARTAP_1_N001,Node,50.64539,50.82837,0.0,-0.18298,0.0
2025-10-19 06:20:00-07:00,2025-10-19 13:20:00+00:00,2025-10-19 06:25:00-07:00,2025-10-19 13:25:00+00:00,REAL_TIME_5_MIN,SOUTHBY_6_N001,Node,50.65555,50.82837,0.0,-0.17282,0.0
2025-10-19 06:25:00-07:00,2025-10-19 13:25:00+00:00,2025-10-19 06:30:00-07:00,2025-10-19 13:30:00+00:00,REAL_TIME_5_MIN,BALCH1_7_N001,Node,50.87443,50.78809,0.0,0.08634,0.0
2025-10-19 06:25:00-07:00,2025-10-19 13:25:00+00:00,2025-10-19 06:30:00-07:00,2025-10-19 13:30:00+00:00,REAL_TIME_5_MIN,BEARTAP_1_N001,Node,50.60525,50.78809,0.0,-0.18284,0.0
2025-10-19 06:25:00-07:00,2025-10-19 13:25:00+00:00,2025-10-19 06:30:00-07:00,2025-10-19 13:30:00+00:00,REAL_TIME_5_MIN,SOUTHBY_6_N001,Node,50.61541,50.78809,0.0,-0.17268,0.0
2025-10-19 06:30:00-07:00,2025-10-19 13:30:00+00:00,2025-10-19 06:35:00-07:00,2025-10-19 13:35:00+00:00,REAL_TIME_5_MIN,BALCH1_7_N001,Node,55.70919,55.67578,0.0,0.03341,0.0
2025-10-19 06:30:00-07:00,2025-10-19 13:30:00+00:00,2025-10-19 06:35:00-07:00,2025-10-19 13:35:00+00:00,REAL_TIME_5_MIN,BEARTAP_1_N001,Node,55.41411,55.67578,0.0,-0.26168,0.0
2025-10-19 06:30:00-07:00,2025-10-19 13:30:00+00:00,2025-10-19 06:35:00-07:00,2025-10-19 13:35:00+00:00,REAL_TIME_5_MIN,SOUTHBY_6_N001,Node,55.68135,55.67578,0.0,0.00557,0.0
2025-10-19 06:35:00-07:00,2025-10-19 13:35:00+00:00,2025-10-19 06:40:00-07:00,2025-10-19 13:40:00+00:00,REAL_TIME_5_MIN,BALCH1_7_N001,Node,54.33944,54.30686,0.0,0.03258,0.0
2025-10-19 06:35:00-07:00,2025-10-19 13:35:00+00:00,2025-10-19 06:40:00-07:00,2025-10-19 13:40:00+00:00,REAL_TIME_5_MIN,BEARTAP_1_N001,Node,54.05162,54.30686,0.0,-0.25524,0.0
2025-10-19 06:35:00-07:00,2025-10-19 13:35:00+00:00,2025-10-19 06:40:00-07:00,2025-10-19 13:40:00+00:00,REAL_TIME_5_MIN,SOUTHBY_6_N001,Node,54.31229,54.30686,0.0,0.00543,0.0
2025-10-19 06:40:00-07:00,2025-10-19 13:40:00+00:00,2025-10-19 06:45:00-07:00,2025-10-19 13:45:00+00:00,REAL_TIME_5_MIN,BALCH1_7_N001,Node,54.36486,54.33226,0.0,0.0326,0.0
2025-10-19 06:40:00-07:00,2025-10-19 13:40:00+00:00,2025-10-19 06:45:00-07:00,2025-10-19 13:45:00+00:00,REAL_TIME_5_MIN,BEARTAP_1_N001,Node,54.0769,54.33226,0.0,-0.25536,0.0
2025-10-19 06:40:00-07:00,2025-10-19 13:40:00+00:00,2025-10-19 06:45:00-07:00,2025-10-19 13:45:00+00:00,REAL_TIME_5_MIN,SOUTHBY_6_N001,Node,54.33769,54.33226,0.0,0.00543,0.0
2025-10-19 06:45:00-07:00,2025-10-19 13:45:00+00:00,2025-10-19 06:50:00-07:00,2025-10-19 13:50:00+00:00,REAL_TIME_5_MIN,BALCH1_7_N001,Node,54.09211,54.02728,0.0,0.06483,0.0
2025-10-19 06:45:00-07:00,2025-10-19 13:45:00+00:00,2025-10-19 06:50:00-07:00,2025-10-19 13:50:00+00:00,REAL_TIME_5_MIN,BEARTAP_1_N001,Node,53.78956,54.02728,0.0,-0.23772,0.0
2025-10-19 06:45:00-07:00,2025-10-19 13:45:00+00:00,2025-10-19 06:50:00-07:00,2025-10-19 13:50:00+00:00,REAL_TIME_5_MIN,SOUTHBY_6_N001,Node,54.16235,54.02728,0.0,0.13507,0.0
2025-10-19 06:50:00-07:00,2025-10-19 13:50:00+00:00,2025-10-19 06:55:00-07:00,2025-10-19 13:55:00+00:00,REAL_TIME_5_MIN,BALCH1_7_N001,Node,54.40685,54.34164,0.0,0.06521,0.0
2025-10-19 06:50:00-07:00,2025-10-19 13:50:00+00:00,2025-10-19 06:55:00-07:00,2025-10-19 13:55:00+00:00,REAL_TIME_5_MIN,BEARTAP_1_N001,Node,54.10253,54.34164,0.0,-0.2391,0.0
2025-10-19 06:50:00-07:00,2025-10-19 13:50:00+00:00,2025-10-19 06:55:00-07:00,2025-10-19 13:55:00+00:00,REAL_TIME_5_MIN,SOUTHBY_6_N001,Node,54.47749,54.34164,0.0,0.13585,0.0
2025-10-19 06:55:00-07:00,2025-10-19 13:55:00+00:00,2025-10-19 07:00:00-07:00,2025-10-19 14:00:00+00:00,REAL_TIME_5_MIN,BALCH1_7_N001,Node,54.41301,54.34779,0.0,0.06522,0.0
2025-10-19 06:55:00-07:00,2025-10-19 13:55:00+00:00,2025-10-19 07:00:00-07:00,2025-10-19 14:00:00+00:00,REAL_TIME_5_MIN,BEARTAP_1_N001,Node,54.10866,54.34779,0.0,-0.23913,0.0
2025-10-19 06:55:00-07:00,2025-10-19 13:55:00+00:00,2025-10-19 07:00:00-07:00,2025-10-19 14:00:00+00:00,REAL_TIME_5_MIN,SOUTHBY_6_N001,Node,54.48366,54.34779,0.0,0.13587,0.0
2025-10-19 07:00:00-07:00,2025-10-19 14:00:00+00:00,2025-10-19 07:05:00-07:00,2025-10-19 14:05:00+00:00,REAL_TIME_5_MIN,BALCH1_7_N001,Node,61.09336,58.25073,0.0,2.84264,0.0
2025-10-19 07:00:00-07:00,2025-10-19 14:00:00+00:00,2025-10-19 07:05:00-07:00,2025-10-19 14:05:00+00:00,REAL_TIME_5_MIN,BEARTAP_1_N001,Node,57.97112,58.25073,0.0,-0.2796,0.0
2025-10-19 07:00:00-07:00,2025-10-19 14:00:00+00:00,2025-10-19 07:05:00-07:00,2025-10-19 14:05:00+00:00,REAL_TIME_5_MIN,SOUTHBY_6_N001,Node,58.60023,58.25073,0.0,0.3495,0.0
2025-10-19 07:05:00-07:00,2025-10-19 14:05:00+00:00,2025-10-19 07:10:00-07:00,2025-10-19 14:10:00+00:00,REAL_TIME_5_MIN,BALCH1_7_N001,Node,61.81654,58.94025,0.0,2.87628,0.0
2025-10-19 07:05:00-07:00,2025-10-19 14:05:00+00:00,2025-10-19 07:10:00-07:00,2025-10-19 14:10:00+00:00,REAL_TIME_5_MIN,BEARTAP_1_N001,Node,58.65734,58.94025,0.0,-0.28291,0.0
2025-10-19 07:05:00-07:00,2025-10-19 14:05:00+00:00,2025-10-19 07:10:00-07:00,2025-10-19 14:10:00+00:00,REAL_TIME_5_MIN,SOUTHBY_6_N001,Node,59.29389,58.94025,0.0,0.35364,0.0
2025-10-19 07:10:00-07:00,2025-10-19 14:10:00+00:00,2025-10-19 07:15:00-07:00,2025-10-19 14:15:00+00:00,REAL_TIME_5_MIN,BALCH1_7_N001,Node,58.6202,55.89264,0.0,2.72756,0.0
2025-10-19 07:10:00-07:00,2025-10-19 14:10:00+00:00,2025-10-19 07:15:00-07:00,2025-10-19 14:15:00+00:00,REAL_TIME_5_MIN,BEARTAP_1_N001,Node,55.62435,55.89264,0.0,-0.26828,0.0
2025-10-19 07:10:00-07:00,2025-10-19 14:10:00+00:00,2025-10-19 07:15:00-07:00,2025-10-19 14:15:00+00:00,REAL_TIME_5_MIN,SOUTHBY_6_N001,Node,56.22799,55.89264,0.0,0.33536,0.0
2025-10-19 07:15:00-07:00,2025-10-19 14:15:00+00:00,2025-10-19 07:20:00-07:00,2025-10-19 14:20:00+00:00,REAL_TIME_5_MIN,BALCH1_7_N001,Node,56.71386,53.69106,0.0,3.02281,0.0
2025-10-19 07:15:00-07:00,2025-10-19 14:15:00+00:00,2025-10-19 07:20:00-07:00,2025-10-19 14:20:00+00:00,REAL_TIME_5_MIN,BEARTAP_1_N001,Node,53.3367,53.69106,0.0,-0.35436,0.0
2025-10-19 07:15:00-07:00,2025-10-19 14:15:00+00:00,2025-10-19 07:20:00-07:00,2025-10-19 14:20:00+00:00,REAL_TIME_5_MIN,SOUTHBY_6_N001,Node,54.64139,53.69106,0.0,0.95033,0.0
2025-10-19 07:20:00-07:00,2025-10-19 14:20:00+00:00,2025-10-19 07:25:00-07:00,2025-10-19 14:25:00+00:00,REAL_TIME_5_MIN,BALCH1_7_N001,Node,53.66361,50.80338,0.0,2.86023,0.0
2025-10-19 07:20:00-07:00,2025-10-19 14:20:00+00:00,2025-10-19 07:25:00-07:00,2025-10-19 14:25:00+00:00,REAL_TIME_5_MIN,BEARTAP_1_N001,Node,50.46808,50.80338,0.0,-0.3353,0.0
2025-10-19 07:20:00-07:00,2025-10-19 14:20:00+00:00,2025-10-19 07:25:00-07:00,2025-10-19 14:25:00+00:00,REAL_TIME_5_MIN,SOUTHBY_6_N001,Node,51.7026,50.80338,0.0,0.89922,0.0
2025-10-19 07:25:00-07:00,2025-10-19 14:25:00+00:00,2025-10-19 07:30:00-07:00,2025-10-19 14:30:00+00:00,REAL_TIME_5_MIN,BALCH1_7_N001,Node,46.56141,44.07972,0.0,2.48169,0.0
2025-10-19 07:25:00-07:00,2025-10-19 14:25:00+00:00,2025-10-19 07:30:00-07:00,2025-10-19 14:30:00+00:00,REAL_TIME_5_MIN,BEARTAP_1_N001,Node,43.7888,44.07972,0.0,-0.29093,0.0
2025-10-19 07:25:00-07:00,2025-10-19 14:25:00+00:00,2025-10-19 07:30:00-07:00,2025-10-19 14:30:00+00:00,REAL_TIME_5_MIN,SOUTHBY_6_N001,Node,44.85994,44.07972,0.0,0.78021,0.0
2025-10-19 07:30:00-07:00,2025-10-19 14:30:00+00:00,2025-10-19 07:35:00-07:00,2025-10-19 14:35:00+00:00,REAL_TIME_5_MIN,BALCH1_7_N001,Node,42.32226,39.38053,0.0,2.94173,0.0
2025-10-19 07:30:00-07:00,2025-10-19 14:30:00+00:00,2025-10-19 07:35:00-07:00,2025-10-19 14:35:00+00:00,REAL_TIME_5_MIN,BEARTAP_1_N001,Node,38.90403,39.38053,0.0,-0.4765,0.0
2025-10-19 07:30:00-07:00,2025-10-19 14:30:00+00:00,2025-10-19 07:35:00-07:00,2025-10-19 14:35:00+00:00,REAL_TIME_5_MIN,SOUTHBY_6_N001,Node,40.90062,39.38053,0.0,1.52009,0.0
2025-10-19 07:35:00-07:00,2025-10-19 14:35:00+00:00,2025-10-19 07:40:00-07:00,2025-10-19 14:40:00+00:00,REAL_TIME_5_MIN,BALCH1_7_N001,Node,37.69761,35.07733,0.0,2.62028,0.0
2025-10-19 07:35:00-07:00,2025-10-19 14:35:00+00:00,2025-10-19 07:40:00-07:00,2025-10-19 14:40:00+00:00,REAL_TIME_5_MIN,BEARTAP_1_N001,Node,34.6529,35.07733,0.0,-0.42444,0.0
2025-10-19 07:35:00-07:00,2025-10-19 14:35:00+00:00,2025-10-19 07:40:00-07:00,2025-10-19 14:40:00+00:00,REAL_TIME_5_MIN,SOUTHBY_6_N001,Node,36.43132,35.07733,0.0,1.35399,0.0
2025-10-19 07:40:00-07:00,2025-10-19 14:40:00+00:00,2025-10-19 07:45:00-07:00,2025-10-19 14:45:00+00:00,REAL_TIME_5_MIN,BALCH1_7_N001,Node,36.58695,34.04387,0.0,2.54308,0.0
2025-10-19 07:40:00-07:00,2025-10-19 14:40:00+00:00,2025-10-19 07:45:00-07:00,2025-10-19 14:45:00+00:00,REAL_TIME_5_MIN,BEARTAP_1_N001,Node,33.63194,34.04387,0.0,-0.41193,0.0
2025-10-19 07:40:00-07:00,2025-10-19 14:40:00+00:00,2025-10-19 07:45:00-07:00,2025-10-19 14:45:00+00:00,REAL_TIME_5_MIN,SOUTHBY_6_N001,Node,35.35796,34.04387,0.0,1.31409,0.0
2025-10-19 07:45:00-07:00,2025-10-19 14:45:00+00:00,2025-10-19 07:50:00-07:00,2025-10-19 14:50:00+00:00,REAL_TIME_5_MIN,BALCH1_7_N001,Node,35.12512,32.55039,0.0,2.57474,0.0
2025-10-19 07:45:00-07:00,2025-10-19 14:45:00+00:00,2025-10-19 07:50:00-07:00,2025-10-19 14:50:00+00:00,REAL_TIME_5_MIN,BEARTAP_1_N001,Node,31.98076,32.55039,0.0,-0.56963,0.0
2025-10-19 07:45:00-07:00,2025-10-19 14:45:00+00:00,2025-10-19 07:50:00-07:00,2025-10-19 14:50:00+00:00,REAL_TIME_5_MIN,SOUTHBY_6_N001,Node,33.92076,32.55039,0.0,1.37037,0.0
2025-10-19 07:50:00-07:00,2025-10-19 14:50:00+00:00,2025-10-19 07:55:00-07:00,2025-10-19 14:55:00+00:00,REAL_TIME_5_MIN,BALCH1_7_N001,Node,31.07633,28.79838,0.0,2.27795,0.0
2025-10-19 07:50:00-07:00,2025-10-19 14:50:00+00:00,2025-10-19 07:55:00-07:00,2025-10-19 14:55:00+00:00,REAL_TIME_5_MIN,BEARTAP_1_N001,Node,28.29441,28.79838,0.0,-0.50397,0.0
2025-10-19 07:50:00-07:00,2025-10-19 14:50:00+00:00,2025-10-19 07:55:00-07:00,2025-10-19 14:55:00+00:00,REAL_TIME_5_MIN,SOUTHBY_6_N001,Node,30.01079,28.79838,0.0,1.21241,0.0
2025-10-19 07:55:00-07:00,2025-10-19 14:55:00+00:00,2025-10-19 08:00:00-07:00,2025-10-19 15:00:00+00:00,REAL_TIME_5_MIN,BALCH1_7_N001,Node,31.68928,24.91419,4.80438,1.97071,0.0
2025-10-19 07:55:00-07:00,2025-10-19 14:55:00+00:00,2025-10-19 08:00:00-07:00,2025-10-19 15:00:00+00:00,REAL_TIME_5_MIN,BEARTAP_1_N001,Node,23.44031,24.91419,-1.03788,-0.436,0.0
2025-10-19 07:55:00-07:00,2025-10-19 14:55:00+00:00,2025-10-19 08:00:00-07:00,2025-10-19 15:00:00+00:00,REAL_TIME_5_MIN,SOUTHBY_6_N001,Node,29.26086,24.91419,3.29778,1.04889,0.0
2025-10-19 08:00:00-07:00,2025-10-19 15:00:00+00:00,2025-10-19 08:05:00-07:00,2025-10-19 15:05:00+00:00,REAL_TIME_5_MIN,BALCH1_7_N001,Node,35.82035,26.10007,8.07859,1.64169,0.0
2025-10-19 08:00:00-07:00,2025-10-19 15:00:00+00:00,2025-10-19 08:05:00-07:00,2025-10-19 15:05:00+00:00,REAL_TIME_5_MIN,BEARTAP_1_N001,Node,34.38144,26.10007,8.87646,-0.59508,0.0
2025-10-19 08:00:00-07:00,2025-10-19 15:00:00+00:00,2025-10-19 08:05:00-07:00,2025-10-19 15:05:00+00:00,REAL_TIME_5_MIN,SOUTHBY_6_N001,Node,34.52032,26.10007,7.11003,1.31022,0.0
2025-10-19 08:05:00-07:00,2025-10-19 15:05:00+00:00,2025-10-19 08:10:00-07:00,2025-10-19 15:10:00+00:00,REAL_TIME_5_MIN,BALCH1_7_N001,Node,38.04286,31.43709,4.62838,1.97739,0.0
2025-10-19 08:05:00-07:00,2025-10-19 15:05:00+00:00,2025-10-19 08:10:00-07:00,2025-10-19 15:10:00+00:00,REAL_TIME_5_MIN,BEARTAP_1_N001,Node,32.32554,31.43709,1.60521,-0.71677,0.0
2025-10-19 08:05:00-07:00,2025-10-19 15:05:00+00:00,2025-10-19 08:10:00-07:00,2025-10-19 15:10:00+00:00,REAL_TIME_5_MIN,SOUTHBY_6_N001,Node,37.05275,31.43709,4.03752,1.57814,0.0
2025-10-19 08:10:00-07:00,2025-10-19 15:10:00+00:00,2025-10-19 08:15:00-07:00,2025-10-19 15:15:00+00:00,REAL_TIME_5_MIN,BALCH1_7_N001,Node,42.16896,32.50001,7.62469,2.04425,0.0
2025-10-19 08:10:00-07:00,2025-10-19 15:10:00+00:00,2025-10-19 08:15:00-07:00,2025-10-19 15:15:00+00:00,REAL_TIME_5_MIN,BEARTAP_1_N001,Node,36.50014,32.50001,4.74113,-0.741,0.0
2025-10-19 08:10:00-07:00,2025-10-19 15:10:00+00:00,2025-10-19 08:15:00-07:00,2025-10-19 15:15:00+00:00,REAL_TIME_5_MIN,SOUTHBY_6_N001,Node,40.66739,32.50001,6.53588,1.6315,0.0
2025-10-19 08:15:00-07:00,2025-10-19 15:15:00+00:00,2025-10-19 08:20:00-07:00,2025-10-19 15:20:00+00:00,REAL_TIME_5_MIN,BALCH1_7_N001,Node,39.81779,23.43817,15.28037,1.09925,0.0
2025-10-19 08:15:00-07:00,2025-10-19 15:15:00+00:00,2025-10-19 08:20:00-07:00,2025-10-19 15:20:00+00:00,REAL_TIME_5_MIN,BEARTAP_1_N001,Node,6.09027,23.43817,-16.7221,-0.6258,0.0
2025-10-19 08:15:00-07:00,2025-10-19 15:15:00+00:00,2025-10-19 08:20:00-07:00,2025-10-19 15:20:00+00:00,REAL_TIME_5_MIN,SOUTHBY_6_N001,Node,35.10588,23.43817,10.45596,1.21175,0.0
2025-10-19 08:20:00-07:00,2025-10-19 15:20:00+00:00,2025-10-19 08:25:00-07:00,2025-10-19 15:25:00+00:00,REAL_TIME_5_MIN,BALCH1_7_N001,Node,36.7959,19.5832,16.29425,0.91845,0.0
2025-10-19 08:20:00-07:00,2025-10-19 15:20:00+00:00,2025-10-19 08:25:00-07:00,2025-10-19 15:25:00+00:00,REAL_TIME_5_MIN,BEARTAP_1_N001,Node,1.92021,19.5832,-17.14012,-0.52287,0.0
2025-10-19 08:20:00-07:00,2025-10-19 15:20:00+00:00,2025-10-19 08:25:00-07:00,2025-10-19 15:25:00+00:00,REAL_TIME_5_MIN,SOUTHBY_6_N001,Node,34.50322,19.5832,13.90756,1.01245,0.0
2025-10-19 08:25:00-07:00,2025-10-19 15:25:00+00:00,2025-10-19 08:30:00-07:00,2025-10-19 15:30:00+00:00,REAL_TIME_5_MIN,BALCH1_7_N001,Node,29.79119,18.30459,10.62811,0.85849,0.0
2025-10-19 08:25:00-07:00,2025-10-19 15:25:00+00:00,2025-10-19 08:30:00-07:00,2025-10-19 15:30:00+00:00,REAL_TIME_5_MIN,BEARTAP_1_N001,Node,6.87647,18.30459,-10.93939,-0.48873,0.0
2025-10-19 08:25:00-07:00,2025-10-19 15:25:00+00:00,2025-10-19 08:30:00-07:00,2025-10-19 15:30:00+00:00,REAL_TIME_5_MIN,SOUTHBY_6_N001,Node,34.62804,18.30459,15.3771,0.94635,0.0
2025-10-19 08:30:00-07:00,2025-10-19 15:30:00+00:00,2025-10-19 08:35:00-07:00,2025-10-19 15:35:00+00:00,REAL_TIME_5_MIN,BALCH1_7_N001,Node,15.33372,16.47718,-1.86846,0.725,0.0
2025-10-19 08:30:00-07:00,2025-10-19 15:30:00+00:00,2025-10-19 08:35:00-07:00,2025-10-19 15:35:00+00:00,REAL_TIME_5_MIN,BEARTAP_1_N001,Node,0.73888,16.47718,-15.28517,-0.45312,0.0
2025-10-19 08:30:00-07:00,2025-10-19 15:30:00+00:00,2025-10-19 08:35:00-07:00,2025-10-19 15:35:00+00:00,REAL_TIME_5_MIN,SOUTHBY_6_N001,Node,33.8964,16.47718,16.57889,0.84034,0.0
2025-10-19 08:35:00-07:00,2025-10-19 15:35:00+00:00,2025-10-19 08:40:00-07:00,2025-10-19 15:40:00+00:00,REAL_TIME_5_MIN,BALCH1_7_N001,Node,7.43431,12.37394,-5.48409,0.54445,0.0
2025-10-19 08:35:00-07:00,2025-10-19 15:35:00+00:00,2025-10-19 08:40:00-07:00,2025-10-19 15:40:00+00:00,REAL_TIME_5_MIN,BEARTAP_1_N001,Node,-2.79574,12.37394,-14.8294,-0.34028,0.0
2025-10-19 08:35:00-07:00,2025-10-19 15:35:00+00:00,2025-10-19 08:40:00-07:00,2025-10-19 15:40:00+00:00,REAL_TIME_5_MIN,SOUTHBY_6_N001,Node,26.82891,12.37394,13.82389,0.63107,0.0
2025-10-19 08:40:00-07:00,2025-10-19 15:40:00+00:00,2025-10-19 08:45:00-07:00,2025-10-19 15:45:00+00:00,REAL_TIME_5_MIN,BALCH1_7_N001,Node,2.6706,11.27742,-9.10303,0.49621,0.0
2025-10-19 08:40:00-07:00,2025-10-19 15:40:00+00:00,2025-10-19 08:45:00-07:00,2025-10-19 15:45:00+00:00,REAL_TIME_5_MIN,BEARTAP_1_N001,Node,-5.70144,11.27742,-16.66873,-0.31013,0.0
2025-10-19 08:40:00-07:00,2025-10-19 15:40:00+00:00,2025-10-19 08:45:00-07:00,2025-10-19 15:45:00+00:00,REAL_TIME_5_MIN,SOUTHBY_6_N001,Node,25.89668,11.27742,14.04411,0.57515,0.0
2025-10-19 08:45:00-07:00,2025-10-19 15:45:00+00:00,2025-10-19 08:50:00-07:00,2025-10-19 15:50:00+00:00,REAL_TIME_5_MIN,BALCH1_7_N001,Node,-2.22793,11.32737,-13.99141,0.4361,0.0
2025-10-19 08:45:00-07:00,2025-10-19 15:45:00+00:00,2025-10-19 08:50:00-07:00,2025-10-19 15:50:00+00:00,REAL_TIME_5_MIN,BEARTAP_1_N001,Node,-6.43703,11.32737,-17.43138,-0.33302,0.0
2025-10-19 08:45:00-07:00,2025-10-19 15:45:00+00:00,2025-10-19 08:50:00-07:00,2025-10-19 15:50:00+00:00,REAL_TIME_5_MIN,SOUTHBY_6_N001,Node,25.77046,11.32737,13.8654,0.5777,0.0
2025-10-19 08:50:00-07:00,2025-10-19 15:50:00+00:00,2025-10-19 08:55:00-07:00,2025-10-19 15:55:00+00:00,REAL_TIME_5_MIN,BALCH1_7_N001,Node,-6.60081,7.59249,-14.48561,0.29231,0.0
2025-10-19 08:50:00-07:00,2025-10-19 15:50:00+00:00,2025-10-19 08:55:00-07:00,2025-10-19 15:55:00+00:00,REAL_TIME_5_MIN,BEARTAP_1_N001,Node,-7.34434,7.59249,-14.71362,-0.22322,0.0
2025-10-19 08:50:00-07:00,2025-10-19 15:50:00+00:00,2025-10-19 08:55:00-07:00,2025-10-19 15:55:00+00:00,REAL_TIME_5_MIN,SOUTHBY_6_N001,Node,19.21087,7.59249,11.23116,0.38722,0.0
2025-10-19 08:55:00-07:00,2025-10-19 15:55:00+00:00,2025-10-19 09:00:00-07:00,2025-10-19 16:00:00+00:00,REAL_TIME_5_MIN,BALCH1_7_N001,Node,-9.52756,6.10089,-15.86333,0.23488,0.0
2025-10-19 08:55:00-07:00,2025-10-19 15:55:00+00:00,2025-10-19 09:00:00-07:00,2025-10-19 16:00:00+00:00,REAL_TIME_5_MIN,BEARTAP_1_N001,Node,-8.07564,6.10089,-13.99716,-0.17937,0.0
2025-10-19 08:55:00-07:00,2025-10-19 15:55:00+00:00,2025-10-19 09:00:00-07:00,2025-10-19 16:00:00+00:00,REAL_TIME_5_MIN,SOUTHBY_6_N001,Node,16.44858,6.10089,10.03654,0.31115,0.0
2025-10-19 09:00:00-07:00,2025-10-19 16:00:00+00:00,2025-10-19 09:05:00-07:00,2025-10-19 16:05:00+00:00,REAL_TIME_5_MIN,BALCH1_7_N001,Node,-4.90357,15.31531,-20.76411,0.54523,0.0
2025-10-19 09:00:00-07:00,2025-10-19 16:00:00+00:00,2025-10-19 09:05:00-07:00,2025-10-19 16:05:00+00:00,REAL_TIME_5_MIN,BEARTAP_1_N001,Node,-6.5331,15.31531,-21.40886,-0.43955,0.0
2025-10-19 09:00:00-07:00,2025-10-19 16:00:00+00:00,2025-10-19 09:05:00-07:00,2025-10-19 16:05:00+00:00,REAL_TIME_5_MIN,SOUTHBY_6_N001,Node,26.77138,15.31531,10.60454,0.85153,0.0
2025-10-19 09:05:00-07:00,2025-10-19 16:05:00+00:00,2025-10-19 09:10:00-07:00,2025-10-19 16:10:00+00:00,REAL_TIME_5_MIN,BALCH1_7_N001,Node,-7.77489,14.79765,-23.09934,0.5268,0.0
2025-10-19 09:05:00-07:00,2025-10-19 16:05:00+00:00,2025-10-19 09:10:00-07:00,2025-10-19 16:10:00+00:00,REAL_TIME_5_MIN,BEARTAP_1_N001,Node,-7.87212,14.79765,-22.24507,-0.42469,0.0
2025-10-19 09:05:00-07:00,2025-10-19 16:05:00+00:00,2025-10-19 09:10:00-07:00,2025-10-19 16:10:00+00:00,REAL_TIME_5_MIN,SOUTHBY_6_N001,Node,25.48669,14.79765,9.8663,0.82275,0.0
2025-10-19 09:10:00-07:00,2025-10-19 16:10:00+00:00,2025-10-19 09:15:00-07:00,2025-10-19 16:15:00+00:00,REAL_TIME_5_MIN,BALCH1_7_N001,Node,-8.49794,14.6851,-23.70583,0.52279,0.0
2025-10-19 09:10:00-07:00,2025-10-19 16:10:00+00:00,2025-10-19 09:15:00-07:00,2025-10-19 16:15:00+00:00,REAL_TIME_5_MIN,BEARTAP_1_N001,Node,-9.20379,14.6851,-23.46742,-0.42146,0.0
2025-10-19 09:10:00-07:00,2025-10-19 16:10:00+00:00,2025-10-19 09:15:00-07:00,2025-10-19 16:15:00+00:00,REAL_TIME_5_MIN,SOUTHBY_6_N001,Node,25.27557,14.6851,9.77399,0.81649,0.0
2025-10-19 09:15:00-07:00,2025-10-19 16:15:00+00:00,2025-10-19 09:20:00-07:00,2025-10-19 16:20:00+00:00,REAL_TIME_5_MIN,BALCH1_7_N001,Node,-9.94125,15.56844,-26.01566,0.50597,0.0
2025-10-19 09:15:00-07:00,2025-10-19 16:15:00+00:00,2025-10-19 09:20:00-07:00,2025-10-19 16:20:00+00:00,REAL_TIME_5_MIN,BEARTAP_1_N001,Node,-11.96347,15.56844,-27.07264,-0.45927,0.0
2025-10-19 09:15:00-07:00,2025-10-19 16:15:00+00:00,2025-10-19 09:20:00-07:00,2025-10-19 16:20:00+00:00,REAL_TIME_5_MIN,SOUTHBY_6_N001,Node,26.86568,15.56844,10.45499,0.84225,0.0
2025-10-19 09:20:00-07:00,2025-10-19 16:20:00+00:00,2025-10-19 09:25:00-07:00,2025-10-19 16:25:00+00:00,REAL_TIME_5_MIN,BALCH1_7_N001,Node,-17.74888,15.97211,-34.24008,0.51909,0.0
2025-10-19 09:20:00-07:00,2025-10-19 16:20:00+00:00,2025-10-19 09:25:00-07:00,2025-10-19 16:25:00+00:00,REAL_TIME_5_MIN,BEARTAP_1_N001,Node,-14.68371,15.97211,-30.18464,-0.47118,0.0
2025-10-19 09:20:00-07:00,2025-10-19 16:20:00+00:00,2025-10-19 09:25:00-07:00,2025-10-19 16:25:00+00:00,REAL_TIME_5_MIN,SOUTHBY_6_N001,Node,26.11974,15.97211,9.28354,0.86409,0.0
2025-10-19 09:25:00-07:00,2025-10-19 16:25:00+00:00,2025-10-19 09:30:00-07:00,2025-10-19 16:30:00+00:00,REAL_TIME_5_MIN,BALCH1_7_N001,Node,-17.74728,15.90416,-34.16832,0.51689,0.0
2025-10-19 09:25:00-07:00,2025-10-19 16:25:00+00:00,2025-10-19 09:30:00-07:00,2025-10-19 16:30:00+00:00,REAL_TIME_5_MIN,BEARTAP_1_N001,Node,-14.1223,15.90416,-29.55729,-0.46917,0.0
2025-10-19 09:25:00-07:00,2025-10-19 16:25:00+00:00,2025-10-19 09:30:00-07:00,2025-10-19 16:30:00+00:00,REAL_TIME_5_MIN,SOUTHBY_6_N001,Node,26.0626,15.90416,9.29803,0.86041,0.0
2025-10-19 09:30:00-07:00,2025-10-19 16:30:00+00:00,2025-10-19 09:35:00-07:00,2025-10-19 16:35:00+00:00,REAL_TIME_5_MIN,BALCH1_7_N001,Node,-14.65498,18.79904,-33.88263,0.42862,0.0
2025-10-19 09:30:00-07:00,2025-10-19 16:30:00+00:00,2025-10-19 09:35:00-07:00,2025-10-19 16:35:00+00:00,REAL_TIME_5_MIN,BEARTAP_1_N001,Node,-11.74485,18.79904,-29.95359,-0.59029,0.0
2025-10-19 09:30:00-07:00,2025-10-19 16:30:00+00:00,2025-10-19 09:35:00-07:00,2025-10-19 16:35:00+00:00,REAL_TIME_5_MIN,SOUTHBY_6_N001,Node,27.25935,18.79904,7.54104,0.91927,0.0
2025-10-19 09:35:00-07:00,2025-10-19 16:35:00+00:00,2025-10-19 09:40:00-07:00,2025-10-19 16:40:00+00:00,REAL_TIME_5_MIN,BALCH1_7_N001,Node,-13.78125,20.60456,-34.85559,0.46978,0.0
2025-10-19 09:35:00-07:00,2025-10-19 16:35:00+00:00,2025-10-19 09:40:00-07:00,2025-10-19 16:40:00+00:00,REAL_TIME_5_MIN,BEARTAP_1_N001,Node,-10.91424,20.60456,-30.87181,-0.64698,0.0
2025-10-19 09:35:00-07:00,2025-10-19 16:35:00+00:00,2025-10-19 09:40:00-07:00,2025-10-19 16:40:00+00:00,REAL_TIME_5_MIN,SOUTHBY_6_N001,Node,24.61106,20.60456,2.99894,1.00756,0.0
2025-10-19 09:40:00-07:00,2025-10-19 16:40:00+00:00,2025-10-19 09:45:00-07:00,2025-10-19 16:45:00+00:00,REAL_TIME_5_MIN,BALCH1_7_N001,Node,-13.70429,21.11736,-35.30312,0.48148,0.0
2025-10-19 09:40:00-07:00,2025-10-19 16:40:00+00:00,2025-10-19 09:45:00-07:00,2025-10-19 16:45:00+00:00,REAL_TIME_5_MIN,BEARTAP_1_N001,Node,-9.9268,21.11736,-30.38107,-0.66309,0.0
2025-10-19 09:40:00-07:00,2025-10-19 16:40:00+00:00,2025-10-19 09:45:00-07:00,2025-10-19 16:45:00+00:00,REAL_TIME_5_MIN,SOUTHBY_6_N001,Node,26.85431,21.11736,4.70432,1.03264,0.0
2025-10-19 09:45:00-07:00,2025-10-19 16:45:00+00:00,2025-10-19 09:50:00-07:00,2025-10-19 16:50:00+00:00,REAL_TIME_5_MIN,BALCH1_7_N001,Node,-13.61055,22.10302,-36.44518,0.73161,0.0
2025-10-19 09:45:00-07:00,2025-10-19 16:45:00+00:00,2025-10-19 09:50:00-07:00,2025-10-19 16:50:00+00:00,REAL_TIME_5_MIN,BEARTAP_1_N001,Node,-9.08362,22.10302,-30.46608,-0.72056,0.0
2025-10-19 09:45:00-07:00,2025-10-19 16:45:00+00:00,2025-10-19 09:50:00-07:00,2025-10-19 16:50:00+00:00,REAL_TIME_5_MIN,SOUTHBY_6_N001,Node,27.83381,22.10302,4.55932,1.17146,0.0
2025-10-19 09:50:00-07:00,2025-10-19 16:50:00+00:00,2025-10-19 09:55:00-07:00,2025-10-19 16:55:00+00:00,REAL_TIME_5_MIN,BALCH1_7_N001,Node,-11.56135,22.86104,-35.17909,0.7567,0.0
2025-10-19 09:50:00-07:00,2025-10-19 16:50:00+00:00,2025-10-19 09:55:00-07:00,2025-10-19 16:55:00+00:00,REAL_TIME_5_MIN,BEARTAP_1_N001,Node,-5.79107,22.86104,-27.90684,-0.74527,0.0
2025-10-19 09:50:00-07:00,2025-10-19 16:50:00+00:00,2025-10-19 09:55:00-07:00,2025-10-19 16:55:00+00:00,REAL_TIME_5_MIN,SOUTHBY_6_N001,Node,28.32097,22.86104,4.2483,1.21164,0.0
2025-10-19 09:55:00-07:00,2025-10-19 16:55:00+00:00,2025-10-19 10:00:00-07:00,2025-10-19 17:00:00+00:00,REAL_TIME_5_MIN,BALCH1_7_N001,Node,-10.6688,24.57183,-36.05396,0.81333,0.0
2025-10-19 09:55:00-07:00,2025-10-19 16:55:00+00:00,2025-10-19 10:00:00-07:00,2025-10-19 17:00:00+00:00,REAL_TIME_5_MIN,BEARTAP_1_N001,Node,-5.99279,24.57183,-29.76358,-0.80104,0.0
2025-10-19 09:55:00-07:00,2025-10-19 16:55:00+00:00,2025-10-19 10:00:00-07:00,2025-10-19 17:00:00+00:00,REAL_TIME_5_MIN,SOUTHBY_6_N001,Node,28.86368,24.57183,2.98955,1.30231,0.0
2025-10-19 10:00:00-07:00,2025-10-19 17:00:00+00:00,2025-10-19 10:05:00-07:00,2025-10-19 17:05:00+00:00,REAL_TIME_5_MIN,BALCH1_7_N001,Node,-5.15079,20.84045,-26.42888,0.43765,0.0
2025-10-19 10:00:00-07:00,2025-10-19 17:00:00+00:00,2025-10-19 10:05:00-07:00,2025-10-19 17:05:00+00:00,REAL_TIME_5_MIN,BEARTAP_1_N001,Node,-2.6493,20.84045,-22.75616,-0.73358,0.0
2025-10-19 10:00:00-07:00,2025-10-19 17:00:00+00:00,2025-10-19 10:05:00-07:00,2025-10-19 17:05:00+00:00,REAL_TIME_5_MIN,SOUTHBY_6_N001,Node,30.60513,20.84045,8.70598,1.05869,0.0
2025-10-19 10:05:00-07:00,2025-10-19 17:05:00+00:00,2025-10-19 10:10:00-07:00,2025-10-19 17:10:00+00:00,REAL_TIME_5_MIN,BALCH1_7_N001,Node,-4.89395,21.44776,-26.79212,0.4504,0.0
2025-10-19 10:05:00-07:00,2025-10-19 17:05:00+00:00,2025-10-19 10:10:00-07:00,2025-10-19 17:10:00+00:00,REAL_TIME_5_MIN,BEARTAP_1_N001,Node,-2.5928,21.44776,-23.2856,-0.75496,0.0
2025-10-19 10:05:00-07:00,2025-10-19 17:05:00+00:00,2025-10-19 10:10:00-07:00,2025-10-19 17:10:00+00:00,REAL_TIME_5_MIN,SOUTHBY_6_N001,Node,31.36295,21.44776,8.82564,1.08955,0.0
2025-10-19 10:10:00-07:00,2025-10-19 17:10:00+00:00,2025-10-19 10:15:00-07:00,2025-10-19 17:15:00+00:00,REAL_TIME_5_MIN,BALCH1_7_N001,Node,-5.0815,21.07311,-26.59714,0.44254,0.0
2025-10-19 10:10:00-07:00,2025-10-19 17:10:00+00:00,2025-10-19 10:15:00-07:00,2025-10-19 17:15:00+00:00,REAL_TIME_5_MIN,BEARTAP_1_N001,Node,-2.83339,21.07311,-23.16473,-0.74177,0.0
2025-10-19 10:10:00-07:00,2025-10-19 17:10:00+00:00,2025-10-19 10:15:00-07:00,2025-10-19 17:15:00+00:00,REAL_TIME_5_MIN,SOUTHBY_6_N001,Node,30.72896,21.07311,8.58534,1.07051,0.0
2025-10-19 10:15:00-07:00,2025-10-19 17:15:00+00:00,2025-10-19 10:20:00-07:00,2025-10-19 17:20:00+00:00,REAL_TIME_5_MIN,BALCH1_7_N001,Node,-6.48121,21.53941,-28.26186,0.24124,0.0
2025-10-19 10:15:00-07:00,2025-10-19 17:15:00+00:00,2025-10-19 10:20:00-07:00,2025-10-19 17:20:00+00:00,REAL_TIME_5_MIN,BEARTAP_1_N001,Node,-2.63787,21.53941,-23.36524,-0.81204,0.0
2025-10-19 10:15:00-07:00,2025-10-19 17:15:00+00:00,2025-10-19 10:20:00-07:00,2025-10-19 17:20:00+00:00,REAL_TIME_5_MIN,SOUTHBY_6_N001,Node,31.91755,21.53941,9.30979,1.06835,0.0
2025-10-19 10:20:00-07:00,2025-10-19 17:20:00+00:00,2025-10-19 10:25:00-07:00,2025-10-19 17:25:00+00:00,REAL_TIME_5_MIN,BALCH1_7_N001,Node,-6.28648,19.57883,-26.08459,0.21928,0.0
2025-10-19 10:20:00-07:00,2025-10-19 17:20:00+00:00,2025-10-19 10:25:00-07:00,2025-10-19 17:25:00+00:00,REAL_TIME_5_MIN,BEARTAP_1_N001,Node,-3.5037,19.57883,-22.3444,-0.73812,0.0
2025-10-19 10:20:00-07:00,2025-10-19 17:20:00+00:00,2025-10-19 10:25:00-07:00,2025-10-19 17:25:00+00:00,REAL_TIME_5_MIN,SOUTHBY_6_N001,Node,28.45917,19.57883,7.90924,0.97111,0.0
2025-10-19 10:25:00-07:00,2025-10-19 17:25:00+00:00,2025-10-19 10:30:00-07:00,2025-10-19 17:30:00+00:00,REAL_TIME_5_MIN,BALCH1_7_N001,Node,-7.23041,16.32229,-23.73551,0.18281,0.0
2025-10-19 10:25:00-07:00,2025-10-19 17:25:00+00:00,2025-10-19 10:30:00-07:00,2025-10-19 17:30:00+00:00,REAL_TIME_5_MIN,BEARTAP_1_N001,Node,-4.06796,16.32229,-19.7749,-0.61535,0.0
2025-10-19 10:25:00-07:00,2025-10-19 17:25:00+00:00,2025-10-19 10:30:00-07:00,2025-10-19 17:30:00+00:00,REAL_TIME_5_MIN,SOUTHBY_6_N001,Node,24.95063,16.32229,7.81875,0.80959,0.0
2025-10-19 10:30:00-07:00,2025-10-19 17:30:00+00:00,2025-10-19 10:35:00-07:00,2025-10-19 17:35:00+00:00,REAL_TIME_5_MIN,BALCH1_7_N001,Node,-6.94946,19.41533,-26.61136,0.24657,0.0
2025-10-19 10:30:00-07:00,2025-10-19 17:30:00+00:00,2025-10-19 10:35:00-07:00,2025-10-19 17:35:00+00:00,REAL_TIME_5_MIN,BEARTAP_1_N001,Node,-3.30191,19.41533,-21.99305,-0.72419,0.0
2025-10-19 10:30:00-07:00,2025-10-19 17:30:00+00:00,2025-10-19 10:35:00-07:00,2025-10-19 17:35:00+00:00,REAL_TIME_5_MIN,SOUTHBY_6_N001,Node,29.08347,19.41533,8.73815,0.92999,0.0
2025-10-19 10:35:00-07:00,2025-10-19 17:35:00+00:00,2025-10-19 10:40:00-07:00,2025-10-19 17:40:00+00:00,REAL_TIME_5_MIN,BALCH1_7_N001,Node,-6.30882,18.46725,-25.0106,0.23453,0.0
2025-10-19 10:35:00-07:00,2025-10-19 17:35:00+00:00,2025-10-19 10:40:00-07:00,2025-10-19 17:40:00+00:00,REAL_TIME_5_MIN,BEARTAP_1_N001,Node,-3.35362,18.46725,-21.13204,-0.68883,0.0
2025-10-19 10:35:00-07:00,2025-10-19 17:35:00+00:00,2025-10-19 10:40:00-07:00,2025-10-19 17:40:00+00:00,REAL_TIME_5_MIN,SOUTHBY_6_N001,Node,27.59062,18.46725,8.23879,0.88458,0.0
2025-10-19 10:40:00-07:00,2025-10-19 17:40:00+00:00,2025-10-19 10:45:00-07:00,2025-10-19 17:45:00+00:00,REAL_TIME_5_MIN,BALCH1_7_N001,Node,-6.6176,20.6044,-27.48369,0.26168,0.0
2025-10-19 10:40:00-07:00,2025-10-19 17:40:00+00:00,2025-10-19 10:45:00-07:00,2025-10-19 17:45:00+00:00,REAL_TIME_5_MIN,BEARTAP_1_N001,Node,-3.25615,20.6044,-23.09201,-0.76854,0.0
2025-10-19 10:40:00-07:00,2025-10-19 17:40:00+00:00,2025-10-19 10:45:00-07:00,2025-10-19 17:45:00+00:00,REAL_TIME_5_MIN,SOUTHBY_6_N001,Node,30.08395,20.6044,8.49259,0.98695,0.0
2025-10-19 10:45:00-07:00,2025-10-19 17:45:00+00:00,2025-10-19 10:50:00-07:00,2025-10-19 17:50:00+00:00,REAL_TIME_5_MIN,BALCH1_7_N001,Node,-6.35697,18.42662,-25.06736,0.28377,0.0
2025-10-19 10:45:00-07:00,2025-10-19 17:45:00+00:00,2025-10-19 10:50:00-07:00,2025-10-19 17:50:00+00:00,REAL_TIME_5_MIN,BEARTAP_1_N001,Node,-3.95232,18.42662,-21.69163,-0.68731,0.0
2025-10-19 10:45:00-07:00,2025-10-19 17:45:00+00:00,2025-10-19 10:50:00-07:00,2025-10-19 17:50:00+00:00,REAL_TIME_5_MIN,SOUTHBY_6_N001,Node,27.5356,18.42662,8.22635,0.88264,0.0
2025-10-19 10:50:00-07:00,2025-10-19 17:50:00+00:00,2025-10-19 10:55:00-07:00,2025-10-19 17:55:00+00:00,REAL_TIME_5_MIN,BALCH1_7_N001,Node,-6.60241,17.77956,-24.65577,0.27381,0.0
2025-10-19 10:50:00-07:00,2025-10-19 17:50:00+00:00,2025-10-19 10:55:00-07:00,2025-10-19 17:55:00+00:00,REAL_TIME_5_MIN,BEARTAP_1_N001,Node,-4.35493,17.77956,-21.47131,-0.66318,0.0
2025-10-19 10:50:00-07:00,2025-10-19 17:50:00+00:00,2025-10-19 10:55:00-07:00,2025-10-19 17:55:00+00:00,REAL_TIME_5_MIN,SOUTHBY_6_N001,Node,26.46343,17.77956,7.83224,0.85164,0.0
2025-10-19 10:55:00-07:00,2025-10-19 17:55:00+00:00,2025-10-19 11:00:00-07:00,2025-10-19 18:00:00+00:00,REAL_TIME_5_MIN,BALCH1_7_N001,Node,-6.76603,17.46101,-24.49595,0.2689,0.0
2025-10-19 10:55:00-07:00,2025-10-19 17:55:00+00:00,2025-10-19 11:00:00-07:00,2025-10-19 18:00:00+00:00,REAL_TIME_5_MIN,BEARTAP_1_N001,Node,-4.58281,17.46101,-21.39253,-0.6513,0.0
2025-10-19 10:55:00-07:00,2025-10-19 17:55:00+00:00,2025-10-19 11:00:00-07:00,2025-10-19 18:00:00+00:00,REAL_TIME_5_MIN,SOUTHBY_6_N001,Node,25.89022,17.46101,7.59283,0.83638,0.0
2025-10-19 11:00:00-07:00,2025-10-19 18:00:00+00:00,2025-10-19 11:05:00-07:00,2025-10-19 18:05:00+00:00,REAL_TIME_5_MIN,BALCH1_7_N001,Node,-6.76603,17.46101,-24.49595,0.2689,0.0
2025-10-19 11:00:00-07:00,2025-10-19 18:00:00+00:00,2025-10-19 11:05:00-07:00,2025-10-19 18:05:00+00:00,REAL_TIME_5_MIN,BEARTAP_1_N001,Node,-4.58281,17.46101,-21.39253,-0.6513,0.0
2025-10-19 11:00:00-07:00,2025-10-19 18:00:00+00:00,2025-10-19 11:05:00-07:00,2025-10-19 18:05:00+00:00,REAL_TIME_5_MIN,SOUTHBY_6_N001,Node,25.89022,17.46101,7.59283,0.83638,0.0
2025-10-19 11:05:00-07:00,2025-10-19 18:05:00+00:00,2025-10-19 11:10:00-07:00,2025-10-19 18:10:00+00:00,REAL_TIME_5_MIN,BALCH1_7_N001,Node,-5.65422,22.8617,-28.70796,0.19204,0.0
2025-10-19 11:05:00-07:00,2025-10-19 18:05:00+00:00,2025-10-19 11:10:00-07:00,2025-10-19 18:10:00+00:00,REAL_TIME_5_MIN,BEARTAP_1_N001,Node,-2.74748,22.8617,-24.59641,-1.01277,0.0
2025-10-19 11:05:00-07:00,2025-10-19 18:05:00+00:00,2025-10-19 11:10:00-07:00,2025-10-19 18:10:00+00:00,REAL_TIME_5_MIN,SOUTHBY_6_N001,Node,33.21234,22.8617,9.45674,0.89389,0.0
2025-10-19 11:10:00-07:00,2025-10-19 18:10:00+00:00,2025-10-19 11:15:00-07:00,2025-10-19 18:15:00+00:00,REAL_TIME_5_MIN,BALCH1_7_N001,Node,-2.79233,16.85936,-19.79332,0.14162,0.0
2025-10-19 11:10:00-07:00,2025-10-19 18:10:00+00:00,2025-10-19 11:15:00-07:00,2025-10-19 18:15:00+00:00,REAL_TIME_5_MIN,BEARTAP_1_N001,Node,-3.68477,16.85936,-19.79727,-0.74687,0.0
2025-10-19 11:10:00-07:00,2025-10-19 18:10:00+00:00,2025-10-19 11:15:00-07:00,2025-10-19 18:15:00+00:00,REAL_TIME_5_MIN,SOUTHBY_6_N001,Node,24.03872,16.85936,6.52015,0.6592,0.0
2025-10-19 11:15:00-07:00,2025-10-19 18:15:00+00:00,2025-10-19 11:20:00-07:00,2025-10-19 18:20:00+00:00,REAL_TIME_5_MIN,BALCH1_7_N001,Node,-2.88511,16.89814,-19.8069,0.02366,0.0
2025-10-19 11:15:00-07:00,2025-10-19 18:15:00+00:00,2025-10-19 11:20:00-07:00,2025-10-19 18:20:00+00:00,REAL_TIME_5_MIN,BEARTAP_1_N001,Node,-3.60904,16.89814,-19.78393,-0.72324,0.0
2025-10-19 11:15:00-07:00,2025-10-19 18:15:00+00:00,2025-10-19 11:20:00-07:00,2025-10-19 18:20:00+00:00,REAL_TIME_5_MIN,SOUTHBY_6_N001,Node,24.0632,16.89814,6.52463,0.64044,0.0
2025-10-19 11:20:00-07:00,2025-10-19 18:20:00+00:00,2025-10-19 11:25:00-07:00,2025-10-19 18:25:00+00:00,REAL_TIME_5_MIN,BALCH1_7_N001,Node,-3.02999,17.07991,-20.13381,0.02391,0.0
2025-10-19 11:20:00-07:00,2025-10-19 18:20:00+00:00,2025-10-19 11:25:00-07:00,2025-10-19 18:25:00+00:00,REAL_TIME_5_MIN,BEARTAP_1_N001,Node,-3.59578,17.07991,-19.94467,-0.73102,0.0
2025-10-19 11:20:00-07:00,2025-10-19 18:20:00+00:00,2025-10-19 11:25:00-07:00,2025-10-19 18:25:00+00:00,REAL_TIME_5_MIN,SOUTHBY_6_N001,Node,24.35955,17.07991,6.63231,0.64733,0.0
2025-10-19 11:25:00-07:00,2025-10-19 18:25:00+00:00,2025-10-19 11:30:00-07:00,2025-10-19 18:30:00+00:00,REAL_TIME_5_MIN,BALCH1_7_N001,Node,-4.36035,18.58211,-22.96847,0.02601,0.0
2025-10-19 11:25:00-07:00,2025-10-19 18:25:00+00:00,2025-10-19 11:30:00-07:00,2025-10-19 18:30:00+00:00,REAL_TIME_5_MIN,BEARTAP_1_N001,Node,-3.47929,18.58211,-21.26609,-0.79531,0.0
2025-10-19 11:25:00-07:00,2025-10-19 18:25:00+00:00,2025-10-19 11:30:00-07:00,2025-10-19 18:30:00+00:00,REAL_TIME_5_MIN,SOUTHBY_6_N001,Node,26.85246,18.58211,7.56609,0.70426,0.0
2025-10-19 11:30:00-07:00,2025-10-19 18:30:00+00:00,2025-10-19 11:35:00-07:00,2025-10-19 18:35:00+00:00,REAL_TIME_5_MIN,BALCH1_7_N001,Node,-8.72379,11.98714,-20.72531,0.01438,0.0
2025-10-19 11:30:00-07:00,2025-10-19 18:30:00+00:00,2025-10-19 11:35:00-07:00,2025-10-19 18:35:00+00:00,REAL_TIME_5_MIN,BEARTAP_1_N001,Node,-3.61485,11.98714,-15.13089,-0.47109,0.0
2025-10-19 11:30:00-07:00,2025-10-19 18:30:00+00:00,2025-10-19 11:35:00-07:00,2025-10-19 18:35:00+00:00,REAL_TIME_5_MIN,SOUTHBY_6_N001,Node,19.26741,11.98714,6.82716,0.45311,0.0
2025-10-19 11:35:00-07:00,2025-10-19 18:35:00+00:00,2025-10-19 11:40:00-07:00,2025-10-19 18:40:00+00:00,REAL_TIME_5_MIN,BALCH1_7_N001,Node,-9.07765,10.11766,-19.20745,0.01214,0.0
2025-10-19 11:35:00-07:00,2025-10-19 18:35:00+00:00,2025-10-19 11:40:00-07:00,2025-10-19 18:40:00+00:00,REAL_TIME_5_MIN,BEARTAP_1_N001,Node,-3.70067,10.11766,-13.4207,-0.39762,0.0
2025-10-19 11:35:00-07:00,2025-10-19 18:35:00+00:00,2025-10-19 11:40:00-07:00,2025-10-19 18:40:00+00:00,REAL_TIME_5_MIN,SOUTHBY_6_N001,Node,16.82726,10.11766,6.32716,0.38245,0.0
2025-10-19 11:40:00-07:00,2025-10-19 18:40:00+00:00,2025-10-19 11:45:00-07:00,2025-10-19 18:45:00+00:00,REAL_TIME_5_MIN,BALCH1_7_N001,Node,-10.07591,9.2974,-19.38447,0.01116,0.0
2025-10-19 11:40:00-07:00,2025-10-19 18:40:00+00:00,2025-10-19 11:45:00-07:00,2025-10-19 18:45:00+00:00,REAL_TIME_5_MIN,BEARTAP_1_N001,Node,-3.45179,9.2974,-12.38381,-0.36539,0.0
2025-10-19 11:40:00-07:00,2025-10-19 18:40:00+00:00,2025-10-19 11:45:00-07:00,2025-10-19 18:45:00+00:00,REAL_TIME_5_MIN,SOUTHBY_6_N001,Node,16.03432,9.2974,6.38547,0.35144,0.0
2025-10-19 11:45:00-07:00,2025-10-19 18:45:00+00:00,2025-10-19 11:50:00-07:00,2025-10-19 18:50:00+00:00,REAL_TIME_5_MIN,BALCH1_7_N001,Node,-9.93678,6.95156,-16.97454,0.0862,0.0
2025-10-19 11:45:00-07:00,2025-10-19 18:45:00+00:00,2025-10-19 11:50:00-07:00,2025-10-19 18:50:00+00:00,REAL_TIME_5_MIN,BEARTAP_1_N001,Node,-4.03867,6.95156,-10.74553,-0.24469,0.0
2025-10-19 11:45:00-07:00,2025-10-19 18:45:00+00:00,2025-10-19 11:50:00-07:00,2025-10-19 18:50:00+00:00,REAL_TIME_5_MIN,SOUTHBY_6_N001,Node,13.08224,6.95156,5.86026,0.27042,0.0
2025-10-19 11:50:00-07:00,2025-10-19 18:50:00+00:00,2025-10-19 11:55:00-07:00,2025-10-19 18:55:00+00:00,REAL_TIME_5_MIN,BALCH1_7_N001,Node,-11.89798,4.53423,-16.48843,0.05622,0.0
2025-10-19 11:50:00-07:00,2025-10-19 18:50:00+00:00,2025-10-19 11:55:00-07:00,2025-10-19 18:55:00+00:00,REAL_TIME_5_MIN,BEARTAP_1_N001,Node,-4.7965,4.53423,-9.17112,-0.1596,0.0
2025-10-19 11:50:00-07:00,2025-10-19 18:50:00+00:00,2025-10-19 11:55:00-07:00,2025-10-19 18:55:00+00:00,REAL_TIME_5_MIN,SOUTHBY_6_N001,Node,10.40304,4.53423,5.69244,0.17638,0.0
2025-10-19 11:55:00-07:00,2025-10-19 18:55:00+00:00,2025-10-19 12:00:00-07:00,2025-10-19 19:00:00+00:00,REAL_TIME_5_MIN,BALCH1_7_N001,Node,-10.14651,6.81766,-17.04872,0.08454,0.0
2025-10-19 11:55:00-07:00,2025-10-19 18:55:00+00:00,2025-10-19 12:00:00-07:00,2025-10-19 19:00:00+00:00,REAL_TIME_5_MIN,BEARTAP_1_N001,Node,-4.40759,6.81766,-10.98527,-0.23998,0.0
2025-10-19 11:55:00-07:00,2025-10-19 18:55:00+00:00,2025-10-19 12:00:00-07:00,2025-10-19 19:00:00+00:00,REAL_TIME_5_MIN,SOUTHBY_6_N001,Node,12.96874,6.81766,5.88587,0.26521,0.0
2025-10-19 12:00:00-07:00,2025-10-19 19:00:00+00:00,2025-10-19 12:05:00-07:00,2025-10-19 19:05:00+00:00,REAL_TIME_5_MIN,BALCH1_7_N001,Node,-15.11943,4.20026,-19.37052,0.05082,0.0
2025-10-19 12:00:00-07:00,2025-10-19 19:00:00+00:00,2025-10-19 12:05:00-07:00,2025-10-19 19:05:00+00:00,REAL_TIME_5_MIN,BEARTAP_1_N001,Node,-4.61233,4.20026,-8.66768,-0.14491,0.0
2025-10-19 12:00:00-07:00,2025-10-19 19:00:00+00:00,2025-10-19 12:05:00-07:00,2025-10-19 19:05:00+00:00,REAL_TIME_5_MIN,SOUTHBY_6_N001,Node,11.74958,4.20026,7.37375,0.17557,0.0
2025-10-19 12:05:00-07:00,2025-10-19 19:05:00+00:00,2025-10-19 12:10:00-07:00,2025-10-19 19:10:00+00:00,REAL_TIME_5_MIN,BALCH1_7_N001,Node,-15.10556,4.38471,-19.54333,0.05306,0.0
2025-10-19 12:05:00-07:00,2025-10-19 19:05:00+00:00,2025-10-19 12:10:00-07:00,2025-10-19 19:10:00+00:00,REAL_TIME_5_MIN,BEARTAP_1_N001,Node,-4.2031,4.38471,-8.43654,-0.15127,0.0
2025-10-19 12:05:00-07:00,2025-10-19 19:05:00+00:00,2025-10-19 12:10:00-07:00,2025-10-19 19:10:00+00:00,REAL_TIME_5_MIN,SOUTHBY_6_N001,Node,11.73672,4.38471,7.16873,0.18328,0.0
2025-10-19 12:10:00-07:00,2025-10-19 19:10:00+00:00,2025-10-19 12:15:00-07:00,2025-10-19 19:15:00+00:00,REAL_TIME_5_MIN,BALCH1_7_N001,Node,-13.24941,4.78238,-18.08965,0.05787,0.0
2025-10-19 12:10:00-07:00,2025-10-19 19:10:00+00:00,2025-10-19 12:15:00-07:00,2025-10-19 19:15:00+00:00,REAL_TIME_5_MIN,BEARTAP_1_N001,Node,-4.15059,4.78238,-8.76797,-0.16499,0.0
2025-10-19 12:10:00-07:00,2025-10-19 19:10:00+00:00,2025-10-19 12:15:00-07:00,2025-10-19 19:15:00+00:00,REAL_TIME_5_MIN,SOUTHBY_6_N001,Node,14.07778,4.78238,9.0955,0.1999,0.0
2025-10-19 12:15:00-07:00,2025-10-19 19:15:00+00:00,2025-10-19 12:20:00-07:00,2025-10-19 19:20:00+00:00,REAL_TIME_5_MIN,BALCH1_7_N001,Node,-15.98912,1.32041,-17.32313,0.0136,0.0
2025-10-19 12:15:00-07:00,2025-10-19 19:15:00+00:00,2025-10-19 12:20:00-07:00,2025-10-19 19:20:00+00:00,REAL_TIME_5_MIN,BEARTAP_1_N001,Node,-3.46032,1.32041,-4.7361,-0.04463,0.0
2025-10-19 12:15:00-07:00,2025-10-19 19:15:00+00:00,2025-10-19 12:20:00-07:00,2025-10-19 19:20:00+00:00,REAL_TIME_5_MIN,SOUTHBY_6_N001,Node,9.94828,1.32041,8.57506,0.05282,0.0
2025-10-19 12:20:00-07:00,2025-10-19 19:20:00+00:00,2025-10-19 12:25:00-07:00,2025-10-19 19:25:00+00:00,REAL_TIME_5_MIN,BALCH1_7_N001,Node,-13.44754,-0.42406,-13.01912,-0.00437,0.0
2025-10-19 12:20:00-07:00,2025-10-19 19:20:00+00:00,2025-10-19 12:25:00-07:00,2025-10-19 19:25:00+00:00,REAL_TIME_5_MIN,BEARTAP_1_N001,Node,-4.38184,-0.42406,-3.97212,0.01433,0.0
2025-10-19 12:20:00-07:00,2025-10-19 19:20:00+00:00,2025-10-19 12:25:00-07:00,2025-10-19 19:25:00+00:00,REAL_TIME_5_MIN,SOUTHBY_6_N001,Node,5.66777,-0.42406,6.10879,-0.01696,0.0
2025-10-19 12:25:00-07:00,2025-10-19 19:25:00+00:00,2025-10-19 12:30:00-07:00,2025-10-19 19:30:00+00:00,REAL_TIME_5_MIN,BALCH1_7_N001,Node,-14.42993,-0.41366,-14.01202,-0.00426,0.0
2025-10-19 12:25:00-07:00,2025-10-19 19:25:00+00:00,2025-10-19 12:30:00-07:00,2025-10-19 19:30:00+00:00,REAL_TIME_5_MIN,BEARTAP_1_N001,Node,-5.34146,-0.41366,-4.94178,0.01398,0.0
2025-10-19 12:25:00-07:00,2025-10-19 19:25:00+00:00,2025-10-19 12:30:00-07:00,2025-10-19 19:30:00+00:00,REAL_TIME_5_MIN,SOUTHBY_6_N001,Node,5.64527,-0.41366,6.07547,-0.01655,0.0
2025-10-19 12:30:00-07:00,2025-10-19 19:30:00+00:00,2025-10-19 12:35:00-07:00,2025-10-19 19:35:00+00:00,REAL_TIME_5_MIN,BALCH1_7_N001,Node,-14.06751,-0.8324,-13.2227,-0.0124,0.0
2025-10-19 12:30:00-07:00,2025-10-19 19:30:00+00:00,2025-10-19 12:35:00-07:00,2025-10-19 19:35:00+00:00,REAL_TIME_5_MIN,BEARTAP_1_N001,Node,-6.18398,-0.8324,-5.37988,0.0283,0.0
2025-10-19 12:30:00-07:00,2025-10-19 19:30:00+00:00,2025-10-19 12:35:00-07:00,2025-10-19 19:35:00+00:00,REAL_TIME_5_MIN,SOUTHBY_6_N001,Node,3.94904,-0.8324,4.8194,-0.03796,0.0
2025-10-19 12:35:00-07:00,2025-10-19 19:35:00+00:00,2025-10-19 12:40:00-07:00,2025-10-19 19:40:00+00:00,REAL_TIME_5_MIN,BALCH1_7_N001,Node,-14.11804,-1.48229,-12.61367,-0.02209,0.0
2025-10-19 12:35:00-07:00,2025-10-19 19:35:00+00:00,2025-10-19 12:40:00-07:00,2025-10-19 19:40:00+00:00,REAL_TIME_5_MIN,BEARTAP_1_N001,Node,-5.88824,-1.48229,-4.45634,0.0504,0.0
2025-10-19 12:35:00-07:00,2025-10-19 19:35:00+00:00,2025-10-19 12:40:00-07:00,2025-10-19 19:40:00+00:00,REAL_TIME_5_MIN,SOUTHBY_6_N001,Node,3.74028,-1.48229,5.29017,-0.06759,0.0
2025-10-19 12:40:00-07:00,2025-10-19 19:40:00+00:00,2025-10-19 12:45:00-07:00,2025-10-19 19:45:00+00:00,REAL_TIME_5_MIN,BALCH1_7_N001,Node,-14.16343,-0.13743,-14.02395,-0.00205,0.0
2025-10-19 12:40:00-07:00,2025-10-19 19:40:00+00:00,2025-10-19 12:45:00-07:00,2025-10-19 19:45:00+00:00,REAL_TIME_5_MIN,BEARTAP_1_N001,Node,-5.74644,-0.13743,-5.61368,0.00467,0.0
2025-10-19 12:40:00-07:00,2025-10-19 19:40:00+00:00,2025-10-19 12:45:00-07:00,2025-10-19 19:45:00+00:00,REAL_TIME_5_MIN,SOUTHBY_6_N001,Node,6.31587,-0.13743,6.45956,-0.00627,0.0
2025-10-19 12:45:00-07:00,2025-10-19 19:45:00+00:00,2025-10-19 12:50:00-07:00,2025-10-19 19:50:00+00:00,REAL_TIME_5_MIN,BALCH1_7_N001,Node,-15.54734,-3.12771,-12.37397,-0.04566,0.0
2025-10-19 12:45:00-07:00,2025-10-19 19:45:00+00:00,2025-10-19 12:50:00-07:00,2025-10-19 19:50:00+00:00,REAL_TIME_5_MIN,BEARTAP_1_N001,Node,-7.92748,-3.12771,-4.89893,0.09915,0.0
2025-10-19 12:45:00-07:00,2025-10-19 19:45:00+00:00,2025-10-19 12:50:00-07:00,2025-10-19 19:50:00+00:00,REAL_TIME_5_MIN,SOUTHBY_6_N001,Node,1.22812,-3.12771,4.49469,-0.13887,0.0
2025-10-19 12:50:00-07:00,2025-10-19 19:50:00+00:00,2025-10-19 12:55:00-07:00,2025-10-19 19:55:00+00:00,REAL_TIME_5_MIN,BALCH1_7_N001,Node,-15.53944,-3.93105,-11.551,-0.05739,0.0
2025-10-19 12:50:00-07:00,2025-10-19 19:50:00+00:00,2025-10-19 12:55:00-07:00,2025-10-19 19:55:00+00:00,REAL_TIME_5_MIN,BEARTAP_1_N001,Node,-8.52965,-3.93105,-4.72322,0.12461,0.0
2025-10-19 12:50:00-07:00,2025-10-19 19:50:00+00:00,2025-10-19 12:55:00-07:00,2025-10-19 19:55:00+00:00,REAL_TIME_5_MIN,SOUTHBY_6_N001,Node,-0.11774,-3.93105,3.98785,-0.17454,0.0
2025-10-19 12:55:00-07:00,2025-10-19 19:55:00+00:00,2025-10-19 13:00:00-07:00,2025-10-19 20:00:00+00:00,REAL_TIME_5_MIN,BALCH1_7_N001,Node,-16.36527,-5.34429,-10.94295,-0.07803,0.0
2025-10-19 12:55:00-07:00,2025-10-19 19:55:00+00:00,2025-10-19 13:00:00-07:00,2025-10-19 20:00:00+00:00,REAL_TIME_5_MIN,BEARTAP_1_N001,Node,-9.87121,-5.34429,-4.69633,0.16941,0.0
2025-10-19 12:55:00-07:00,2025-10-19 19:55:00+00:00,2025-10-19 13:00:00-07:00,2025-10-19 20:00:00+00:00,REAL_TIME_5_MIN,SOUTHBY_6_N001,Node,-1.80365,-5.34429,3.77792,-0.23729,0.0
2025-10-19 13:00:00-07:00,2025-10-19 20:00:00+00:00,2025-10-19 13:05:00-07:00,2025-10-19 20:05:00+00:00,REAL_TIME_5_MIN,BALCH1_7_N001,Node,-17.64327,-6.09281,-11.46455,-0.08591,0.0
2025-10-19 13:00:00-07:00,2025-10-19 20:00:00+00:00,2025-10-19 13:05:00-07:00,2025-10-19 20:05:00+00:00,REAL_TIME_5_MIN,BEARTAP_1_N001,Node,-12.02762,-6.09281,-6.14623,0.21142,0.0
2025-10-19 13:00:00-07:00,2025-10-19 20:00:00+00:00,2025-10-19 13:05:00-07:00,2025-10-19 20:05:00+00:00,REAL_TIME_5_MIN,SOUTHBY_6_N001,Node,0.10053,-6.09281,6.48762,-0.29428,0.0
2025-10-19 13:05:00-07:00,2025-10-19 20:05:00+00:00,2025-10-19 13:10:00-07:00,2025-10-19 20:10:00+00:00,REAL_TIME_5_MIN,BALCH1_7_N001,Node,-18.24171,-5.26964,-12.89776,-0.0743,0.0
2025-10-19 13:05:00-07:00,2025-10-19 20:05:00+00:00,2025-10-19 13:10:00-07:00,2025-10-19 20:10:00+00:00,REAL_TIME_5_MIN,BEARTAP_1_N001,Node,-11.49174,-5.26964,-6.40495,0.18286,0.0
2025-10-19 13:05:00-07:00,2025-10-19 20:05:00+00:00,2025-10-19 13:10:00-07:00,2025-10-19 20:10:00+00:00,REAL_TIME_5_MIN,SOUTHBY_6_N001,Node,0.10474,-5.26964,5.6289,-0.25452,0.0
2025-10-19 13:10:00-07:00,2025-10-19 20:10:00+00:00,2025-10-19 13:15:00-07:00,2025-10-19 20:15:00+00:00,REAL_TIME_5_MIN,BALCH1_7_N001,Node,-16.96124,-5.75458,-11.12552,-0.08114,0.0
2025-10-19 13:10:00-07:00,2025-10-19 20:10:00+00:00,2025-10-19 13:15:00-07:00,2025-10-19 20:15:00+00:00,REAL_TIME_5_MIN,BEARTAP_1_N001,Node,-12.1537,-5.75458,-6.5988,0.19968,0.0
2025-10-19 13:10:00-07:00,2025-10-19 20:10:00+00:00,2025-10-19 13:15:00-07:00,2025-10-19 20:15:00+00:00,REAL_TIME_5_MIN,SOUTHBY_6_N001,Node,0.10163,-5.75458,6.13415,-0.27795,0.0
2025-10-19 13:15:00-07:00,2025-10-19 20:15:00+00:00,2025-10-19 13:20:00-07:00,2025-10-19 20:20:00+00:00,REAL_TIME_5_MIN,BALCH1_7_N001,Node,-16.12667,-5.68111,-10.36772,-0.07783,0.0
2025-10-19 13:15:00-07:00,2025-10-19 20:15:00+00:00,2025-10-19 13:20:00-07:00,2025-10-19 20:20:00+00:00,REAL_TIME_5_MIN,BEARTAP_1_N001,Node,-11.87798,-5.68111,-6.37639,0.17952,0.0
2025-10-19 13:15:00-07:00,2025-10-19 20:15:00+00:00,2025-10-19 13:20:00-07:00,2025-10-19 20:20:00+00:00,REAL_TIME_5_MIN,SOUTHBY_6_N001,Node,0.04652,-5.68111,6.0043,-0.27667,0.0
2025-10-19 13:20:00-07:00,2025-10-19 20:20:00+00:00,2025-10-19 13:25:00-07:00,2025-10-19 20:25:00+00:00,REAL_TIME_5_MIN,BALCH1_7_N001,Node,-16.96552,-5.92535,-10.95899,-0.08118,0.0
2025-10-19 13:20:00-07:00,2025-10-19 20:20:00+00:00,2025-10-19 13:25:00-07:00,2025-10-19 20:25:00+00:00,REAL_TIME_5_MIN,BEARTAP_1_N001,Node,-12.29859,-5.92535,-6.56048,0.18724,0.0
2025-10-19 13:20:00-07:00,2025-10-19 20:20:00+00:00,2025-10-19 13:25:00-07:00,2025-10-19 20:25:00+00:00,REAL_TIME_5_MIN,SOUTHBY_6_N001,Node,-0.02797,-5.92535,6.18594,-0.28856,0.0
2025-10-19 13:25:00-07:00,2025-10-19 20:25:00+00:00,2025-10-19 13:30:00-07:00,2025-10-19 20:30:00+00:00,REAL_TIME_5_MIN,BALCH1_7_N001,Node,-18.54095,-7.65067,-10.78547,-0.10481,0.0
2025-10-19 13:25:00-07:00,2025-10-19 20:25:00+00:00,2025-10-19 13:30:00-07:00,2025-10-19 20:30:00+00:00,REAL_TIME_5_MIN,BEARTAP_1_N001,Node,-15.20832,-7.65067,-7.79941,0.24176,0.0
2025-10-19 13:25:00-07:00,2025-10-19 20:25:00+00:00,2025-10-19 13:30:00-07:00,2025-10-19 20:30:00+00:00,REAL_TIME_5_MIN,SOUTHBY_6_N001,Node,0.07718,-7.65067,8.10043,-0.37259,0.0
2025-10-19 13:30:00-07:00,2025-10-19 20:30:00+00:00,2025-10-19 13:35:00-07:00,2025-10-19 20:35:00+00:00,REAL_TIME_5_MIN,BALCH1_7_N001,Node,-16.26092,-8.51766,-7.6453,-0.09795,0.0
2025-10-19 13:30:00-07:00,2025-10-19 20:30:00+00:00,2025-10-19 13:35:00-07:00,2025-10-19 20:35:00+00:00,REAL_TIME_5_MIN,BEARTAP_1_N001,Node,-14.82292,-8.51766,-6.56335,0.25809,0.0
2025-10-19 13:30:00-07:00,2025-10-19 20:30:00+00:00,2025-10-19 13:35:00-07:00,2025-10-19 20:35:00+00:00,REAL_TIME_5_MIN,SOUTHBY_6_N001,Node,-0.08475,-8.51766,8.7898,-0.35689,0.0
2025-10-19 13:35:00-07:00,2025-10-19 20:35:00+00:00,2025-10-19 13:40:00-07:00,2025-10-19 20:40:00+00:00,REAL_TIME_5_MIN,BALCH1_7_N001,Node,-16.24522,-8.49552,-7.652,-0.0977,0.0
2025-10-19 13:35:00-07:00,2025-10-19 20:35:00+00:00,2025-10-19 13:40:00-07:00,2025-10-19 20:40:00+00:00,REAL_TIME_5_MIN,BEARTAP_1_N001,Node,-14.82565,-8.49552,-6.58754,0.25741,0.0
2025-10-19 13:35:00-07:00,2025-10-19 20:35:00+00:00,2025-10-19 13:40:00-07:00,2025-10-19 20:40:00+00:00,REAL_TIME_5_MIN,SOUTHBY_6_N001,Node,-0.02506,-8.49552,8.82642,-0.35596,0.0
2025-10-19 13:40:00-07:00,2025-10-19 20:40:00+00:00,2025-10-19 13:45:00-07:00,2025-10-19 20:45:00+00:00,REAL_TIME_5_MIN,BALCH1_7_N001,Node,-16.72447,-8.52812,-8.09827,-0.09807,0.0
2025-10-19 13:40:00-07:00,2025-10-19 20:40:00+00:00,2025-10-19 13:45:00-07:00,2025-10-19 20:45:00+00:00,REAL_TIME_5_MIN,BEARTAP_1_N001,Node,-14.95651,-8.52812,-6.68678,0.2584,0.0
2025-10-19 13:40:00-07:00,2025-10-19 20:40:00+00:00,2025-10-19 13:45:00-07:00,2025-10-19 20:45:00+00:00,REAL_TIME_5_MIN,SOUTHBY_6_N001,Node,-0.06593,-8.52812,8.81953,-0.35733,0.0
2025-10-19 13:45:00-07:00,2025-10-19 20:45:00+00:00,2025-10-19 13:50:00-07:00,2025-10-19 20:50:00+00:00,REAL_TIME_5_MIN,BALCH1_7_N001,Node,-19.98938,-8.92133,-10.91014,-0.15791,0.0
2025-10-19 13:45:00-07:00,2025-10-19 20:45:00+00:00,2025-10-19 13:50:00-07:00,2025-10-19 20:50:00+00:00,REAL_TIME_5_MIN,BEARTAP_1_N001,Node,-16.1062,-8.92133,-7.4543,0.26942,0.0
2025-10-19 13:45:00-07:00,2025-10-19 20:45:00+00:00,2025-10-19 13:50:00-07:00,2025-10-19 20:50:00+00:00,REAL_TIME_5_MIN,SOUTHBY_6_N001,Node,0.23945,-8.92133,9.59703,-0.43625,0.0
2025-10-19 13:50:00-07:00,2025-10-19 20:50:00+00:00,2025-10-19 13:55:00-07:00,2025-10-19 20:55:00+00:00,REAL_TIME_5_MIN,BALCH1_7_N001,Node,-19.92607,-8.91267,-10.85564,-0.15775,0.0
2025-10-19 13:50:00-07:00,2025-10-19 20:50:00+00:00,2025-10-19 13:55:00-07:00,2025-10-19 20:55:00+00:00,REAL_TIME_5_MIN,BEARTAP_1_N001,Node,-16.08591,-8.91267,-7.44241,0.26916,0.0
2025-10-19 13:50:00-07:00,2025-10-19 20:50:00+00:00,2025-10-19 13:55:00-07:00,2025-10-19 20:55:00+00:00,REAL_TIME_5_MIN,SOUTHBY_6_N001,Node,0.24085,-8.91267,9.58935,-0.43583,0.0
2025-10-19 13:55:00-07:00,2025-10-19 20:55:00+00:00,2025-10-19 14:00:00-07:00,2025-10-19 21:00:00+00:00,REAL_TIME_5_MIN,BALCH1_7_N001,Node,-17.18144,-8.61106,-8.41797,-0.15242,0.0
2025-10-19 13:55:00-07:00,2025-10-19 20:55:00+00:00,2025-10-19 14:00:00-07:00,2025-10-19 21:00:00+00:00,REAL_TIME_5_MIN,BEARTAP_1_N001,Node,-15.19073,-8.61106,-6.83972,0.26005,0.0
2025-10-19 13:55:00-07:00,2025-10-19 20:55:00+00:00,2025-10-19 14:00:00-07:00,2025-10-19 21:00:00+00:00,REAL_TIME_5_MIN,SOUTHBY_6_N001,Node,0.10103,-8.61106,9.13317,-0.42108,0.0
2025-10-19 14:00:00-07:00,2025-10-19 21:00:00+00:00,2025-10-19 14:05:00-07:00,2025-10-19 21:05:00+00:00,REAL_TIME_5_MIN,BALCH1_7_N001,Node,-17.16687,-8.65816,-8.36239,-0.14632,0.0
2025-10-19 14:00:00-07:00,2025-10-19 21:00:00+00:00,2025-10-19 14:05:00-07:00,2025-10-19 21:05:00+00:00,REAL_TIME_5_MIN,BEARTAP_1_N001,Node,-15.21137,-8.65816,-6.81209,0.25888,0.0
2025-10-19 14:00:00-07:00,2025-10-19 21:00:00+00:00,2025-10-19 14:05:00-07:00,2025-10-19 21:05:00+00:00,REAL_TIME_5_MIN,SOUTHBY_6_N001,Node,0.23104,-8.65816,9.28488,-0.39568,0.0
2025-10-19 14:05:00-07:00,2025-10-19 21:05:00+00:00,2025-10-19 14:10:00-07:00,2025-10-19 21:10:00+00:00,REAL_TIME_5_MIN,BALCH1_7_N001,Node,-17.18819,-8.75756,-8.28262,-0.148,0.0
2025-10-19 14:05:00-07:00,2025-10-19 21:05:00+00:00,2025-10-19 14:10:00-07:00,2025-10-19 21:10:00+00:00,REAL_TIME_5_MIN,BEARTAP_1_N001,Node,-15.36179,-8.75756,-6.86608,0.26185,0.0
2025-10-19 14:05:00-07:00,2025-10-19 21:05:00+00:00,2025-10-19 14:10:00-07:00,2025-10-19 21:10:00+00:00,REAL_TIME_5_MIN,SOUTHBY_6_N001,Node,0.24094,-8.75756,9.39873,-0.40022,0.0
2025-10-19 14:10:00-07:00,2025-10-19 21:10:00+00:00,2025-10-19 14:15:00-07:00,2025-10-19 21:15:00+00:00,REAL_TIME_5_MIN,BALCH1_7_N001,Node,-16.00755,-8.44997,-7.41478,-0.1428,0.0
2025-10-19 14:10:00-07:00,2025-10-19 21:10:00+00:00,2025-10-19 14:15:00-07:00,2025-10-19 21:15:00+00:00,REAL_TIME_5_MIN,BEARTAP_1_N001,Node,-14.98865,-8.44997,-6.79133,0.25265,0.0
2025-10-19 14:10:00-07:00,2025-10-19 21:10:00+00:00,2025-10-19 14:15:00-07:00,2025-10-19 21:15:00+00:00,REAL_TIME_5_MIN,SOUTHBY_6_N001,Node,0.61516,-8.44997,9.45129,-0.38616,0.0
2025-10-19 14:15:00-07:00,2025-10-19 21:15:00+00:00,2025-10-19 14:20:00-07:00,2025-10-19 21:20:00+00:00,REAL_TIME_5_MIN,BALCH1_7_N001,Node,-17.49171,-8.834,-8.47749,-0.18021,0.0
2025-10-19 14:15:00-07:00,2025-10-19 21:15:00+00:00,2025-10-19 14:20:00-07:00,2025-10-19 21:20:00+00:00,REAL_TIME_5_MIN,BEARTAP_1_N001,Node,-15.44651,-8.834,-6.89077,0.27827,0.0
2025-10-19 14:15:00-07:00,2025-10-19 21:15:00+00:00,2025-10-19 14:20:00-07:00,2025-10-19 21:20:00+00:00,REAL_TIME_5_MIN,SOUTHBY_6_N001,Node,0.2339,-8.834,9.4937,-0.4258,0.0
2025-10-19 14:20:00-07:00,2025-10-19 21:20:00+00:00,2025-10-19 14:25:00-07:00,2025-10-19 21:25:00+00:00,REAL_TIME_5_MIN,BALCH1_7_N001,Node,-17.51919,-8.95186,-8.38471,-0.18262,0.0
2025-10-19 14:20:00-07:00,2025-10-19 21:20:00+00:00,2025-10-19 14:25:00-07:00,2025-10-19 21:25:00+00:00,REAL_TIME_5_MIN,BEARTAP_1_N001,Node,-15.63736,-8.95186,-6.96749,0.28198,0.0
2025-10-19 14:20:00-07:00,2025-10-19 21:20:00+00:00,2025-10-19 14:25:00-07:00,2025-10-19 21:25:00+00:00,REAL_TIME_5_MIN,SOUTHBY_6_N001,Node,0.2427,-8.95186,9.62604,-0.43148,0.0
2025-10-19 14:25:00-07:00,2025-10-19 21:25:00+00:00,2025-10-19 14:30:00-07:00,2025-10-19 21:30:00+00:00,REAL_TIME_5_MIN,BALCH1_7_N001,Node,-17.0993,-8.81082,-8.10874,-0.17974,0.0
2025-10-19 14:25:00-07:00,2025-10-19 21:25:00+00:00,2025-10-19 14:30:00-07:00,2025-10-19 21:30:00+00:00,REAL_TIME_5_MIN,BEARTAP_1_N001,Node,-15.35579,-8.81082,-6.8225,0.27754,0.0
2025-10-19 14:25:00-07:00,2025-10-19 21:25:00+00:00,2025-10-19 14:30:00-07:00,2025-10-19 21:30:00+00:00,REAL_TIME_5_MIN,SOUTHBY_6_N001,Node,0.21146,-8.81082,9.44696,-0.42468,0.0
2025-10-19 14:30:00-07:00,2025-10-19 21:30:00+00:00,2025-10-19 14:35:00-07:00,2025-10-19 21:35:00+00:00,REAL_TIME_5_MIN,BALCH1_7_N001,Node,-17.10093,-8.95888,-7.94048,-0.20157,0.0
2025-10-19 14:30:00-07:00,2025-10-19 21:30:00+00:00,2025-10-19 14:35:00-07:00,2025-10-19 21:35:00+00:00,REAL_TIME_5_MIN,BEARTAP_1_N001,Node,-15.54616,-8.95888,-6.85605,0.26877,0.0
2025-10-19 14:30:00-07:00,2025-10-19 21:30:00+00:00,2025-10-19 14:35:00-07:00,2025-10-19 21:35:00+00:00,REAL_TIME_5_MIN,SOUTHBY_6_N001,Node,0.18219,-8.95888,9.58275,-0.44167,0.0
2025-10-19 14:35:00-07:00,2025-10-19 21:35:00+00:00,2025-10-19 14:40:00-07:00,2025-10-19 21:40:00+00:00,REAL_TIME_5_MIN,BALCH1_7_N001,Node,-16.99959,-8.52085,-8.28702,-0.19172,0.0
2025-10-19 14:35:00-07:00,2025-10-19 21:35:00+00:00,2025-10-19 14:40:00-07:00,2025-10-19 21:40:00+00:00,REAL_TIME_5_MIN,BEARTAP_1_N001,Node,-15.52482,-8.52085,-7.25959,0.25563,0.0
2025-10-19 14:35:00-07:00,2025-10-19 21:35:00+00:00,2025-10-19 14:40:00-07:00,2025-10-19 21:40:00+00:00,REAL_TIME_5_MIN,SOUTHBY_6_N001,Node,1.22827,-8.52085,10.1692,-0.42008,0.0
2025-10-19 14:40:00-07:00,2025-10-19 21:40:00+00:00,2025-10-19 14:45:00-07:00,2025-10-19 21:45:00+00:00,REAL_TIME_5_MIN,BALCH1_7_N001,Node,-15.77446,-6.19451,-9.44058,-0.13938,0.0
2025-10-19 14:40:00-07:00,2025-10-19 21:40:00+00:00,2025-10-19 14:45:00-07:00,2025-10-19 21:45:00+00:00,REAL_TIME_5_MIN,BEARTAP_1_N001,Node,-15.31961,-6.19451,-9.31094,0.18584,0.0
2025-10-19 14:40:00-07:00,2025-10-19 21:40:00+00:00,2025-10-19 14:45:00-07:00,2025-10-19 21:45:00+00:00,REAL_TIME_5_MIN,SOUTHBY_6_N001,Node,6.79577,-6.19451,13.29567,-0.30539,0.0
2025-10-19 14:45:00-07:00,2025-10-19 21:45:00+00:00,2025-10-19 14:50:00-07:00,2025-10-19 21:50:00+00:00,REAL_TIME_5_MIN,BALCH1_7_N001,Node,-16.26794,-6.79449,-9.32737,-0.14608,0.0
2025-10-19 14:45:00-07:00,2025-10-19 21:45:00+00:00,2025-10-19 14:50:00-07:00,2025-10-19 21:50:00+00:00,REAL_TIME_5_MIN,BEARTAP_1_N001,Node,-15.08682,-6.79449,-8.49141,0.19908,0.0
2025-10-19 14:45:00-07:00,2025-10-19 21:45:00+00:00,2025-10-19 14:50:00-07:00,2025-10-19 21:50:00+00:00,REAL_TIME_5_MIN,SOUTHBY_6_N001,Node,4.95787,-6.79449,12.09888,-0.34652,0.0
2025-10-19 14:50:00-07:00,2025-10-19 21:50:00+00:00,2025-10-19 14:55:00-07:00,2025-10-19 21:55:00+00:00,REAL_TIME_5_MIN,BALCH1_7_N001,Node,-17.32193,-8.60584,-8.53106,-0.18503,0.0
2025-10-19 14:50:00-07:00,2025-10-19 21:50:00+00:00,2025-10-19 14:55:00-07:00,2025-10-19 21:55:00+00:00,REAL_TIME_5_MIN,BEARTAP_1_N001,Node,-15.33706,-8.60584,-6.98338,0.25215,0.0
2025-10-19 14:50:00-07:00,2025-10-19 21:50:00+00:00,2025-10-19 14:55:00-07:00,2025-10-19 21:55:00+00:00,REAL_TIME_5_MIN,SOUTHBY_6_N001,Node,0.71505,-8.60584,9.75979,-0.4389,0.0
2025-10-19 14:55:00-07:00,2025-10-19 21:55:00+00:00,2025-10-19 15:00:00-07:00,2025-10-19 22:00:00+00:00,REAL_TIME_5_MIN,BALCH1_7_N001,Node,-14.93734,-6.58076,-8.2151,-0.14149,0.0
2025-10-19 14:55:00-07:00,2025-10-19 21:55:00+00:00,2025-10-19 15:00:00-07:00,2025-10-19 22:00:00+00:00,REAL_TIME_5_MIN,BEARTAP_1_N001,Node,-14.95776,-6.58076,-8.56982,0.19282,0.0
2025-10-19 14:55:00-07:00,2025-10-19 21:55:00+00:00,2025-10-19 15:00:00-07:00,2025-10-19 22:00:00+00:00,REAL_TIME_5_MIN,SOUTHBY_6_N001,Node,5.55947,-6.58076,12.47585,-0.33562,0.0
2025-10-19 15:00:00-07:00,2025-10-19 22:00:00+00:00,2025-10-19 15:05:00-07:00,2025-10-19 22:05:00+00:00,REAL_TIME_5_MIN,BALCH1_7_N001,Node,-20.4091,-9.5852,-10.55551,-0.26839,0.0
2025-10-19 15:00:00-07:00,2025-10-19 22:00:00+00:00,2025-10-19 15:05:00-07:00,2025-10-19 22:05:00+00:00,REAL_TIME_5_MIN,BEARTAP_1_N001,Node,-16.44566,-9.5852,-7.11447,0.25401,0.0
2025-10-19 15:00:00-07:00,2025-10-19 22:00:00+00:00,2025-10-19 15:05:00-07:00,2025-10-19 22:05:00+00:00,REAL_TIME_5_MIN,SOUTHBY_6_N001,Node,-0.19384,-9.5852,9.88309,-0.49172,0.0
2025-10-19 15:05:00-07:00,2025-10-19 22:05:00+00:00,2025-10-19 15:10:00-07:00,2025-10-19 22:10:00+00:00,REAL_TIME_5_MIN,BALCH1_7_N001,Node,-13.74829,-3.70268,-9.94194,-0.10368,0.0
2025-10-19 15:05:00-07:00,2025-10-19 22:05:00+00:00,2025-10-19 15:10:00-07:00,2025-10-19 22:10:00+00:00,REAL_TIME_5_MIN,BEARTAP_1_N001,Node,-15.08893,-3.70268,-11.48437,0.09812,0.0
2025-10-19 15:05:00-07:00,2025-10-19 22:05:00+00:00,2025-10-19 15:10:00-07:00,2025-10-19 22:10:00+00:00,REAL_TIME_5_MIN,SOUTHBY_6_N001,Node,13.52472,-3.70268,17.41735,-0.18995,0.0
2025-10-19 15:10:00-07:00,2025-10-19 22:10:00+00:00,2025-10-19 15:15:00-07:00,2025-10-19 22:15:00+00:00,REAL_TIME_5_MIN,BALCH1_7_N001,Node,-13.02647,-3.50674,-9.42154,-0.09819,0.0
2025-10-19 15:10:00-07:00,2025-10-19 22:10:00+00:00,2025-10-19 15:15:00-07:00,2025-10-19 22:15:00+00:00,REAL_TIME_5_MIN,BEARTAP_1_N001,Node,-14.97383,-3.50674,-11.56002,0.09293,0.0
2025-10-19 15:10:00-07:00,2025-10-19 22:10:00+00:00,2025-10-19 15:15:00-07:00,2025-10-19 22:15:00+00:00,REAL_TIME_5_MIN,SOUTHBY_6_N001,Node,13.95619,-3.50674,17.64283,-0.1799,0.0
2025-10-19 15:15:00-07:00,2025-10-19 22:15:00+00:00,2025-10-19 15:20:00-07:00,2025-10-19 22:20:00+00:00,REAL_TIME_5_MIN,BALCH1_7_N001,Node,-16.92387,-4.83942,-11.93298,-0.15147,0.0
2025-10-19 15:15:00-07:00,2025-10-19 22:15:00+00:00,2025-10-19 15:20:00-07:00,2025-10-19 22:20:00+00:00,REAL_TIME_5_MIN,BEARTAP_1_N001,Node,-15.90831,-4.83942,-11.19617,0.12728,0.0
2025-10-19 15:15:00-07:00,2025-10-19 22:15:00+00:00,2025-10-19 15:20:00-07:00,2025-10-19 22:20:00+00:00,REAL_TIME_5_MIN,SOUTHBY_6_N001,Node,11.74774,-4.83942,16.84801,-0.26084,0.0
2025-10-19 15:20:00-07:00,2025-10-19 22:20:00+00:00,2025-10-19 15:25:00-07:00,2025-10-19 22:25:00+00:00,REAL_TIME_5_MIN,BALCH1_7_N001,Node,-16.92419,-4.84144,-11.93121,-0.15154,0.0
2025-10-19 15:20:00-07:00,2025-10-19 22:20:00+00:00,2025-10-19 15:25:00-07:00,2025-10-19 22:25:00+00:00,REAL_TIME_5_MIN,BEARTAP_1_N001,Node,-15.91135,-4.84144,-11.19724,0.12733,0.0
2025-10-19 15:20:00-07:00,2025-10-19 22:20:00+00:00,2025-10-19 15:25:00-07:00,2025-10-19 22:25:00+00:00,REAL_TIME_5_MIN,SOUTHBY_6_N001,Node,11.74784,-4.84144,16.85024,-0.26095,0.0
2025-10-19 15:25:00-07:00,2025-10-19 22:25:00+00:00,2025-10-19 15:30:00-07:00,2025-10-19 22:30:00+00:00,REAL_TIME_5_MIN,BALCH1_7_N001,Node,-13.60165,-3.72385,-9.76125,-0.11656,0.0
2025-10-19 15:25:00-07:00,2025-10-19 22:25:00+00:00,2025-10-19 15:30:00-07:00,2025-10-19 22:30:00+00:00,REAL_TIME_5_MIN,BEARTAP_1_N001,Node,-14.9959,-3.72385,-11.36999,0.09794,0.0
2025-10-19 15:25:00-07:00,2025-10-19 22:25:00+00:00,2025-10-19 15:30:00-07:00,2025-10-19 22:30:00+00:00,REAL_TIME_5_MIN,SOUTHBY_6_N001,Node,13.68818,-3.72385,17.61275,-0.20072,0.0
2025-10-19 15:30:00-07:00,2025-10-19 22:30:00+00:00,2025-10-19 15:35:00-07:00,2025-10-19 22:35:00+00:00,REAL_TIME_5_MIN,BALCH1_7_N001,Node,-13.88019,-3.80765,-9.96516,-0.10738,0.0
2025-10-19 15:30:00-07:00,2025-10-19 22:30:00+00:00,2025-10-19 15:35:00-07:00,2025-10-19 22:35:00+00:00,REAL_TIME_5_MIN,BEARTAP_1_N001,Node,-14.98176,-3.80765,-11.2693,0.09519,0.0
2025-10-19 15:30:00-07:00,2025-10-19 22:30:00+00:00,2025-10-19 15:35:00-07:00,2025-10-19 22:35:00+00:00,REAL_TIME_5_MIN,SOUTHBY_6_N001,Node,13.51565,-3.80765,17.52892,-0.20561,0.0
2025-10-19 15:35:00-07:00,2025-10-19 22:35:00+00:00,2025-10-19 15:40:00-07:00,2025-10-19 22:40:00+00:00,REAL_TIME_5_MIN,BALCH1_7_N001,Node,-12.1803,-2.74608,-9.35678,-0.07744,0.0
2025-10-19 15:35:00-07:00,2025-10-19 22:35:00+00:00,2025-10-19 15:40:00-07:00,2025-10-19 22:40:00+00:00,REAL_TIME_5_MIN,BEARTAP_1_N001,Node,-13.76061,-2.74608,-11.08318,0.06865,0.0
2025-10-19 15:35:00-07:00,2025-10-19 22:35:00+00:00,2025-10-19 15:40:00-07:00,2025-10-19 22:40:00+00:00,REAL_TIME_5_MIN,SOUTHBY_6_N001,Node,14.44238,-2.74608,17.33674,-0.14829,0.0
2025-10-19 15:40:00-07:00,2025-10-19 22:40:00+00:00,2025-10-19 15:45:00-07:00,2025-10-19 22:45:00+00:00,REAL_TIME_5_MIN,BALCH1_7_N001,Node,-11.33858,-1.68425,-9.60683,-0.0475,0.0
2025-10-19 15:40:00-07:00,2025-10-19 22:40:00+00:00,2025-10-19 15:45:00-07:00,2025-10-19 22:45:00+00:00,REAL_TIME_5_MIN,BEARTAP_1_N001,Node,-13.8927,-1.68425,-12.25056,0.04211,0.0
2025-10-19 15:40:00-07:00,2025-10-19 22:40:00+00:00,2025-10-19 15:45:00-07:00,2025-10-19 22:45:00+00:00,REAL_TIME_5_MIN,SOUTHBY_6_N001,Node,17.54889,-1.68425,19.32409,-0.09095,0.0
2025-10-19 15:45:00-07:00,2025-10-19 22:45:00+00:00,2025-10-19 15:50:00-07:00,2025-10-19 22:50:00+00:00,REAL_TIME_5_MIN,BALCH1_7_N001,Node,-9.71563,-1.13814,-8.53868,-0.03881,0.0
2025-10-19 15:45:00-07:00,2025-10-19 22:45:00+00:00,2025-10-19 15:50:00-07:00,2025-10-19 22:50:00+00:00,REAL_TIME_5_MIN,BEARTAP_1_N001,Node,-14.12746,-1.13814,-13.01413,0.02481,0.0
2025-10-19 15:45:00-07:00,2025-10-19 22:45:00+00:00,2025-10-19 15:50:00-07:00,2025-10-19 22:50:00+00:00,REAL_TIME_5_MIN,SOUTHBY_6_N001,Node,19.77361,-1.13814,20.96923,-0.05748,0.0
2025-10-19 15:50:00-07:00,2025-10-19 22:50:00+00:00,2025-10-19 15:55:00-07:00,2025-10-19 22:55:00+00:00,REAL_TIME_5_MIN,BALCH1_7_N001,Node,-9.58696,-1.51292,-8.02245,-0.05159,0.0
2025-10-19 15:50:00-07:00,2025-10-19 22:50:00+00:00,2025-10-19 15:55:00-07:00,2025-10-19 22:55:00+00:00,REAL_TIME_5_MIN,BEARTAP_1_N001,Node,-14.05211,-1.51292,-12.57218,0.03298,0.0
2025-10-19 15:50:00-07:00,2025-10-19 22:50:00+00:00,2025-10-19 15:55:00-07:00,2025-10-19 22:55:00+00:00,REAL_TIME_5_MIN,SOUTHBY_6_N001,Node,18.66009,-1.51292,20.24941,-0.0764,0.0
2025-10-19 15:55:00-07:00,2025-10-19 22:55:00+00:00,2025-10-19 16:00:00-07:00,2025-10-19 23:00:00+00:00,REAL_TIME_5_MIN,BALCH1_7_N001,Node,-11.49586,-3.06165,-8.32981,-0.1044,0.0
2025-10-19 15:55:00-07:00,2025-10-19 22:55:00+00:00,2025-10-19 16:00:00-07:00,2025-10-19 23:00:00+00:00,REAL_TIME_5_MIN,BEARTAP_1_N001,Node,-14.36929,-3.06165,-11.37439,0.06674,0.0
2025-10-19 15:55:00-07:00,2025-10-19 22:55:00+00:00,2025-10-19 16:00:00-07:00,2025-10-19 23:00:00+00:00,REAL_TIME_5_MIN,SOUTHBY_6_N001,Node,14.91857,-3.06165,18.13484,-0.15461,0.0
2025-10-19 16:00:00-07:00,2025-10-19 23:00:00+00:00,2025-10-19 16:05:00-07:00,2025-10-19 23:05:00+00:00,REAL_TIME_5_MIN,BALCH1_7_N001,Node,-9.36904,-7.42215,-1.72719,-0.2197,0.0
2025-10-19 16:00:00-07:00,2025-10-19 23:00:00+00:00,2025-10-19 16:05:00-07:00,2025-10-19 23:05:00+00:00,REAL_TIME_5_MIN,BEARTAP_1_N001,Node,-13.28368,-7.42215,-6.05005,0.18852,0.0
2025-10-19 16:00:00-07:00,2025-10-19 23:00:00+00:00,2025-10-19 16:05:00-07:00,2025-10-19 23:05:00+00:00,REAL_TIME_5_MIN,SOUTHBY_6_N001,Node,1.33366,-7.42215,9.12321,-0.3674,0.0
2025-10-19 16:05:00-07:00,2025-10-19 23:05:00+00:00,2025-10-19 16:10:00-07:00,2025-10-19 23:10:00+00:00,REAL_TIME_5_MIN,BALCH1_7_N001,Node,-10.00546,-8.43499,-1.32079,-0.24968,0.0
2025-10-19 16:05:00-07:00,2025-10-19 23:05:00+00:00,2025-10-19 16:10:00-07:00,2025-10-19 23:10:00+00:00,REAL_TIME_5_MIN,BEARTAP_1_N001,Node,-12.64196,-8.43499,-4.42122,0.21425,0.0
2025-10-19 16:05:00-07:00,2025-10-19 23:05:00+00:00,2025-10-19 16:10:00-07:00,2025-10-19 23:10:00+00:00,REAL_TIME_5_MIN,SOUTHBY_6_N001,Node,-2.20438,-8.43499,6.64814,-0.41753,0.0
2025-10-19 16:10:00-07:00,2025-10-19 23:10:00+00:00,2025-10-19 16:15:00-07:00,2025-10-19 23:15:00+00:00,REAL_TIME_5_MIN,BALCH1_7_N001,Node,-9.1372,-6.62055,-2.32067,-0.19597,0.0
2025-10-19 16:10:00-07:00,2025-10-19 23:10:00+00:00,2025-10-19 16:15:00-07:00,2025-10-19 23:15:00+00:00,REAL_TIME_5_MIN,BEARTAP_1_N001,Node,-10.42748,-6.62055,-3.97509,0.16816,0.0
2025-10-19 16:10:00-07:00,2025-10-19 23:10:00+00:00,2025-10-19 16:15:00-07:00,2025-10-19 23:15:00+00:00,REAL_TIME_5_MIN,SOUTHBY_6_N001,Node,-1.33583,-6.62055,5.61244,-0.32772,0.0
2025-10-19 16:15:00-07:00,2025-10-19 23:15:00+00:00,2025-10-19 16:20:00-07:00,2025-10-19 23:20:00+00:00,REAL_TIME_5_MIN,BALCH1_7_N001,Node,-9.97544,-6.39846,-3.35368,-0.22331,0.0
2025-10-19 16:15:00-07:00,2025-10-19 23:15:00+00:00,2025-10-19 16:20:00-07:00,2025-10-19 23:20:00+00:00,REAL_TIME_5_MIN,BEARTAP_1_N001,Node,-8.77524,-6.39846,-2.54378,0.167,0.0
2025-10-19 16:15:00-07:00,2025-10-19 23:15:00+00:00,2025-10-19 16:20:00-07:00,2025-10-19 23:20:00+00:00,REAL_TIME_5_MIN,SOUTHBY_6_N001,Node,-3.72529,-6.39846,3.00141,-0.32824,0.0
2025-10-19 16:20:00-07:00,2025-10-19 23:20:00+00:00,2025-10-19 16:25:00-07:00,2025-10-19 23:25:00+00:00,REAL_TIME_5_MIN,BALCH1_7_N001,Node,-7.37023,-0.39261,-6.96392,-0.0137,0.0
2025-10-19 16:20:00-07:00,2025-10-19 23:20:00+00:00,2025-10-19 16:25:00-07:00,2025-10-19 23:25:00+00:00,REAL_TIME_5_MIN,BEARTAP_1_N001,Node,-5.05567,-0.39261,-4.6733,0.01025,0.0
2025-10-19 16:20:00-07:00,2025-10-19 23:20:00+00:00,2025-10-19 16:25:00-07:00,2025-10-19 23:25:00+00:00,REAL_TIME_5_MIN,SOUTHBY_6_N001,Node,4.83934,-0.39261,5.2521,-0.02014,0.0
2025-10-19 16:25:00-07:00,2025-10-19 23:25:00+00:00,2025-10-19 16:30:00-07:00,2025-10-19 23:30:00+00:00,REAL_TIME_5_MIN,BALCH1_7_N001,Node,-7.38662,1.56131,-9.00242,0.05449,0.0
2025-10-19 16:25:00-07:00,2025-10-19 23:25:00+00:00,2025-10-19 16:30:00-07:00,2025-10-19 23:30:00+00:00,REAL_TIME_5_MIN,BEARTAP_1_N001,Node,-2.71966,1.56131,-4.24022,-0.04075,0.0
2025-10-19 16:25:00-07:00,2025-10-19 23:25:00+00:00,2025-10-19 16:30:00-07:00,2025-10-19 23:30:00+00:00,REAL_TIME_5_MIN,SOUTHBY_6_N001,Node,5.17908,1.56131,3.53767,0.0801,0.0
2025-10-19 16:30:00-07:00,2025-10-19 23:30:00+00:00,2025-10-19 16:35:00-07:00,2025-10-19 23:35:00+00:00,REAL_TIME_5_MIN,BALCH1_7_N001,Node,-2.70132,18.74724,-22.0541,0.60554,0.0
2025-10-19 16:30:00-07:00,2025-10-19 23:30:00+00:00,2025-10-19 16:35:00-07:00,2025-10-19 23:35:00+00:00,REAL_TIME_5_MIN,BEARTAP_1_N001,Node,3.16565,18.74724,-15.00418,-0.57742,0.0
2025-10-19 16:30:00-07:00,2025-10-19 23:30:00+00:00,2025-10-19 16:35:00-07:00,2025-10-19 23:35:00+00:00,REAL_TIME_5_MIN,SOUTHBY_6_N001,Node,33.31421,18.74724,13.65773,0.90924,0.0
2025-10-19 16:35:00-07:00,2025-10-19 23:35:00+00:00,2025-10-19 16:40:00-07:00,2025-10-19 23:40:00+00:00,REAL_TIME_5_MIN,BALCH1_7_N001,Node,-0.83432,20.2039,-21.6908,0.65259,0.0
2025-10-19 16:35:00-07:00,2025-10-19 23:35:00+00:00,2025-10-19 16:40:00-07:00,2025-10-19 23:40:00+00:00,REAL_TIME_5_MIN,BEARTAP_1_N001,Node,8.70181,20.2039,-10.87981,-0.62228,0.0
2025-10-19 16:35:00-07:00,2025-10-19 23:35:00+00:00,2025-10-19 16:40:00-07:00,2025-10-19 23:40:00+00:00,REAL_TIME_5_MIN,SOUTHBY_6_N001,Node,30.22716,20.2039,9.04338,0.97989,0.0
2025-10-19 16:40:00-07:00,2025-10-19 23:40:00+00:00,2025-10-19 16:45:00-07:00,2025-10-19 23:45:00+00:00,REAL_TIME_5_MIN,BALCH1_7_N001,Node,9.03893,27.42414,-19.27101,0.8858,0.0
2025-10-19 16:40:00-07:00,2025-10-19 23:40:00+00:00,2025-10-19 16:45:00-07:00,2025-10-19 23:45:00+00:00,REAL_TIME_5_MIN,BEARTAP_1_N001,Node,18.41379,27.42414,-8.16568,-0.84466,0.0
2025-10-19 16:40:00-07:00,2025-10-19 23:40:00+00:00,2025-10-19 16:45:00-07:00,2025-10-19 23:45:00+00:00,REAL_TIME_5_MIN,SOUTHBY_6_N001,Node,35.61338,27.42414,6.85917,1.33007,0.0
2025-10-19 16:45:00-07:00,2025-10-19 23:45:00+00:00,2025-10-19 16:50:00-07:00,2025-10-19 23:50:00+00:00,REAL_TIME_5_MIN,BALCH1_7_N001,Node,13.4789,28.60663,-15.77996,0.65223,0.0
2025-10-19 16:45:00-07:00,2025-10-19 23:45:00+00:00,2025-10-19 16:50:00-07:00,2025-10-19 23:50:00+00:00,REAL_TIME_5_MIN,BEARTAP_1_N001,Node,21.26797,28.60663,-6.68642,-0.65223,0.0
2025-10-19 16:45:00-07:00,2025-10-19 23:45:00+00:00,2025-10-19 16:50:00-07:00,2025-10-19 23:50:00+00:00,REAL_TIME_5_MIN,SOUTHBY_6_N001,Node,35.16438,28.60663,5.61659,0.94116,0.0
2025-10-19 16:50:00-07:00,2025-10-19 23:50:00+00:00,2025-10-19 16:55:00-07:00,2025-10-19 23:55:00+00:00,REAL_TIME_5_MIN,BALCH1_7_N001,Node,36.08181,36.20852,-0.95226,0.82555,0.0
2025-10-19 16:50:00-07:00,2025-10-19 23:50:00+00:00,2025-10-19 16:55:00-07:00,2025-10-19 23:55:00+00:00,REAL_TIME_5_MIN,BEARTAP_1_N001,Node,34.97947,36.20852,-0.4035,-0.82555,0.0
2025-10-19 16:50:00-07:00,2025-10-19 23:50:00+00:00,2025-10-19 16:55:00-07:00,2025-10-19 23:55:00+00:00,REAL_TIME_5_MIN,SOUTHBY_6_N001,Node,37.73872,36.20852,0.33894,1.19126,0.0
2025-10-19 16:55:00-07:00,2025-10-19 23:55:00+00:00,2025-10-19 17:00:00-07:00,2025-10-20 00:00:00+00:00,REAL_TIME_5_MIN,BALCH1_7_N001,Node,39.97682,39.08567,0.0,0.89115,0.0
2025-10-19 16:55:00-07:00,2025-10-19 23:55:00+00:00,2025-10-19 17:00:00-07:00,2025-10-20 00:00:00+00:00,REAL_TIME_5_MIN,BEARTAP_1_N001,Node,38.19451,39.08567,0.0,-0.89115,0.0
2025-10-19 16:55:00-07:00,2025-10-19 23:55:00+00:00,2025-10-19 17:00:00-07:00,2025-10-20 00:00:00+00:00,REAL_TIME_5_MIN,SOUTHBY_6_N001,Node,40.37159,39.08567,0.0,1.28592,0.0
2025-10-19 17:00:00-07:00,2025-10-20 00:00:00+00:00,2025-10-19 17:05:00-07:00,2025-10-20 00:05:00+00:00,REAL_TIME_5_MIN,BALCH1_7_N001,Node,7.95505,21.83965,-13.34516,-0.53944,0.0
2025-10-19 17:00:00-07:00,2025-10-20 00:00:00+00:00,2025-10-19 17:05:00-07:00,2025-10-20 00:05:00+00:00,REAL_TIME_5_MIN,BEARTAP_1_N001,Node,15.65565,21.83965,-5.65986,-0.52415,0.0
2025-10-19 17:00:00-07:00,2025-10-20 00:00:00+00:00,2025-10-19 17:05:00-07:00,2025-10-20 00:05:00+00:00,REAL_TIME_5_MIN,SOUTHBY_6_N001,Node,27.51941,21.83965,4.75812,0.92163,0.0
2025-10-19 17:05:00-07:00,2025-10-20 00:05:00+00:00,2025-10-19 17:10:00-07:00,2025-10-20 00:10:00+00:00,REAL_TIME_5_MIN,BALCH1_7_N001,Node,9.48741,20.46648,-10.47355,-0.50552,0.0
2025-10-19 17:05:00-07:00,2025-10-20 00:05:00+00:00,2025-10-19 17:10:00-07:00,2025-10-20 00:10:00+00:00,REAL_TIME_5_MIN,BEARTAP_1_N001,Node,15.53734,20.46648,-4.43794,-0.4912,0.0
2025-10-19 17:05:00-07:00,2025-10-20 00:05:00+00:00,2025-10-19 17:10:00-07:00,2025-10-20 00:10:00+00:00,REAL_TIME_5_MIN,SOUTHBY_6_N001,Node,25.05804,20.46648,3.72787,0.86369,0.0
2025-10-19 17:10:00-07:00,2025-10-20 00:10:00+00:00,2025-10-19 17:15:00-07:00,2025-10-20 00:15:00+00:00,REAL_TIME_5_MIN,BALCH1_7_N001,Node,22.28737,22.85181,0.0,-0.56444,0.0
2025-10-19 17:10:00-07:00,2025-10-20 00:10:00+00:00,2025-10-19 17:15:00-07:00,2025-10-20 00:15:00+00:00,REAL_TIME_5_MIN,BEARTAP_1_N001,Node,22.30336,22.85181,0.0,-0.54844,0.0
2025-10-19 17:10:00-07:00,2025-10-20 00:10:00+00:00,2025-10-19 17:15:00-07:00,2025-10-20 00:15:00+00:00,REAL_TIME_5_MIN,SOUTHBY_6_N001,Node,23.81615,22.85181,0.0,0.96435,0.0
2025-10-19 17:15:00-07:00,2025-10-20 00:15:00+00:00,2025-10-19 17:20:00-07:00,2025-10-20 00:20:00+00:00,REAL_TIME_5_MIN,BALCH1_7_N001,Node,24.67718,30.78588,-5.07122,-1.03748,0.0
2025-10-19 17:15:00-07:00,2025-10-20 00:15:00+00:00,2025-10-19 17:20:00-07:00,2025-10-20 00:20:00+00:00,REAL_TIME_5_MIN,BEARTAP_1_N001,Node,27.91359,30.78588,-2.14882,-0.72347,0.0
2025-10-19 17:15:00-07:00,2025-10-20 00:15:00+00:00,2025-10-19 17:20:00-07:00,2025-10-20 00:20:00+00:00,REAL_TIME_5_MIN,SOUTHBY_6_N001,Node,33.83156,30.78588,1.80501,1.24067,0.0
2025-10-19 17:20:00-07:00,2025-10-20 00:20:00+00:00,2025-10-19 17:25:00-07:00,2025-10-20 00:25:00+00:00,REAL_TIME_5_MIN,BALCH1_7_N001,Node,32.28799,33.41404,0.0,-1.12605,0.0
2025-10-19 17:20:00-07:00,2025-10-20 00:20:00+00:00,2025-10-19 17:25:00-07:00,2025-10-20 00:25:00+00:00,REAL_TIME_5_MIN,BEARTAP_1_N001,Node,32.62881,33.41404,0.0,-0.78523,0.0
2025-10-19 17:20:00-07:00,2025-10-20 00:20:00+00:00,2025-10-19 17:25:00-07:00,2025-10-20 00:25:00+00:00,REAL_TIME_5_MIN,SOUTHBY_6_N001,Node,34.76063,33.41404,0.0,1.34659,0.0
2025-10-19 17:25:00-07:00,2025-10-20 00:25:00+00:00,2025-10-19 17:30:00-07:00,2025-10-20 00:30:00+00:00,REAL_TIME_5_MIN,BALCH1_7_N001,Node,36.0099,37.26576,0.0,-1.25586,0.0
2025-10-19 17:25:00-07:00,2025-10-20 00:25:00+00:00,2025-10-19 17:30:00-07:00,2025-10-20 00:30:00+00:00,REAL_TIME_5_MIN,BEARTAP_1_N001,Node,36.39001,37.26576,0.0,-0.87575,0.0
2025-10-19 17:25:00-07:00,2025-10-20 00:25:00+00:00,2025-10-19 17:30:00-07:00,2025-10-20 00:30:00+00:00,REAL_TIME_5_MIN,SOUTHBY_6_N001,Node,38.76757,37.26576,0.0,1.50181,0.0
2025-10-19 17:30:00-07:00,2025-10-20 00:30:00+00:00,2025-10-19 17:35:00-07:00,2025-10-20 00:35:00+00:00,REAL_TIME_5_MIN,BALCH1_7_N001,Node,40.44001,44.40576,-2.66467,-1.30109,0.0
2025-10-19 17:30:00-07:00,2025-10-20 00:30:00+00:00,2025-10-19 17:35:00-07:00,2025-10-20 00:35:00+00:00,REAL_TIME_5_MIN,BEARTAP_1_N001,Node,42.3175,44.40576,-1.1291,-0.95916,0.0
2025-10-19 17:30:00-07:00,2025-10-20 00:30:00+00:00,2025-10-19 17:35:00-07:00,2025-10-20 00:35:00+00:00,REAL_TIME_5_MIN,SOUTHBY_6_N001,Node,46.6997,44.40576,0.94844,1.34549,0.0
2025-10-19 17:35:00-07:00,2025-10-20 00:35:00+00:00,2025-10-19 17:40:00-07:00,2025-10-20 00:40:00+00:00,REAL_TIME_5_MIN,BALCH1_7_N001,Node,44.29231,45.62925,0.0,-1.33694,0.0
2025-10-19 17:35:00-07:00,2025-10-20 00:35:00+00:00,2025-10-19 17:40:00-07:00,2025-10-20 00:40:00+00:00,REAL_TIME_5_MIN,BEARTAP_1_N001,Node,44.64366,45.62925,0.0,-0.98559,0.0
2025-10-19 17:35:00-07:00,2025-10-20 00:35:00+00:00,2025-10-19 17:40:00-07:00,2025-10-20 00:40:00+00:00,REAL_TIME_5_MIN,SOUTHBY_6_N001,Node,47.01182,45.62925,0.0,1.38257,0.0
2025-10-19 17:40:00-07:00,2025-10-20 00:40:00+00:00,2025-10-19 17:45:00-07:00,2025-10-20 00:45:00+00:00,REAL_TIME_5_MIN,BALCH1_7_N001,Node,45.91525,47.30118,0.0,-1.38592,0.0
2025-10-19 17:40:00-07:00,2025-10-20 00:40:00+00:00,2025-10-19 17:45:00-07:00,2025-10-20 00:45:00+00:00,REAL_TIME_5_MIN,BEARTAP_1_N001,Node,46.27947,47.30118,0.0,-1.02171,0.0
2025-10-19 17:40:00-07:00,2025-10-20 00:40:00+00:00,2025-10-19 17:45:00-07:00,2025-10-20 00:45:00+00:00,REAL_TIME_5_MIN,SOUTHBY_6_N001,Node,48.7344,47.30118,0.0,1.43323,0.0
2025-10-19 17:45:00-07:00,2025-10-20 00:45:00+00:00,2025-10-19 17:50:00-07:00,2025-10-20 00:50:00+00:00,REAL_TIME_5_MIN,BALCH1_7_N001,Node,48.66739,49.70625,0.0,-1.03886,0.0
2025-10-19 17:45:00-07:00,2025-10-20 00:45:00+00:00,2025-10-19 17:50:00-07:00,2025-10-20 00:50:00+00:00,REAL_TIME_5_MIN,BEARTAP_1_N001,Node,48.69224,49.70625,0.0,-1.01401,0.0
2025-10-19 17:45:00-07:00,2025-10-20 00:45:00+00:00,2025-10-19 17:50:00-07:00,2025-10-20 00:50:00+00:00,REAL_TIME_5_MIN,SOUTHBY_6_N001,Node,51.18253,49.70625,0.0,1.47628,0.0
2025-10-19 17:50:00-07:00,2025-10-20 00:50:00+00:00,2025-10-19 17:55:00-07:00,2025-10-20 00:55:00+00:00,REAL_TIME_5_MIN,BALCH1_7_N001,Node,49.63756,50.69713,0.0,-1.05957,0.0
2025-10-19 17:50:00-07:00,2025-10-20 00:50:00+00:00,2025-10-19 17:55:00-07:00,2025-10-20 00:55:00+00:00,REAL_TIME_5_MIN,BEARTAP_1_N001,Node,49.6629,50.69713,0.0,-1.03422,0.0
2025-10-19 17:50:00-07:00,2025-10-20 00:50:00+00:00,2025-10-19 17:55:00-07:00,2025-10-20 00:55:00+00:00,REAL_TIME_5_MIN,SOUTHBY_6_N001,Node,52.20283,50.69713,0.0,1.5057,0.0
2025-10-19 17:55:00-07:00,2025-10-20 00:55:00+00:00,2025-10-19 18:00:00-07:00,2025-10-20 01:00:00+00:00,REAL_TIME_5_MIN,BALCH1_7_N001,Node,50.18024,51.2514,0.0,-1.07115,0.0
2025-10-19 17:55:00-07:00,2025-10-20 00:55:00+00:00,2025-10-19 18:00:00-07:00,2025-10-20 01:00:00+00:00,REAL_TIME_5_MIN,BEARTAP_1_N001,Node,50.20587,51.2514,0.0,-1.04553,0.0
2025-10-19 17:55:00-07:00,2025-10-20 00:55:00+00:00,2025-10-19 18:00:00-07:00,2025-10-20 01:00:00+00:00,REAL_TIME_5_MIN,SOUTHBY_6_N001,Node,52.77356,51.2514,0.0,1.52217,0.0
2025-10-19 18:00:00-07:00,2025-10-20 01:00:00+00:00,2025-10-19 18:05:00-07:00,2025-10-20 01:05:00+00:00,REAL_TIME_5_MIN,BALCH1_7_N001,Node,39.1839,39.94622,0.00864,-0.77096,0.0
2025-10-19 18:00:00-07:00,2025-10-20 01:00:00+00:00,2025-10-19 18:05:00-07:00,2025-10-20 01:05:00+00:00,REAL_TIME_5_MIN,BEARTAP_1_N001,Node,39.14815,39.94622,-0.00313,-0.79493,0.0
2025-10-19 18:00:00-07:00,2025-10-20 01:00:00+00:00,2025-10-19 18:05:00-07:00,2025-10-20 01:05:00+00:00,REAL_TIME_5_MIN,SOUTHBY_6_N001,Node,41.63241,39.94622,0.00845,1.67774,0.0
2025-10-19 18:05:00-07:00,2025-10-20 01:05:00+00:00,2025-10-19 18:10:00-07:00,2025-10-20 01:10:00+00:00,REAL_TIME_5_MIN,BALCH1_7_N001,Node,38.9161,39.07724,0.59305,-0.75419,0.0
2025-10-19 18:05:00-07:00,2025-10-20 01:05:00+00:00,2025-10-19 18:10:00-07:00,2025-10-20 01:10:00+00:00,REAL_TIME_5_MIN,BEARTAP_1_N001,Node,38.08456,39.07724,-0.21504,-0.77764,0.0
2025-10-19 18:05:00-07:00,2025-10-20 01:05:00+00:00,2025-10-19 18:10:00-07:00,2025-10-20 01:10:00+00:00,REAL_TIME_5_MIN,SOUTHBY_6_N001,Node,41.29809,39.07724,0.57961,1.64124,0.0
2025-10-19 18:10:00-07:00,2025-10-20 01:10:00+00:00,2025-10-19 18:15:00-07:00,2025-10-20 01:15:00+00:00,REAL_TIME_5_MIN,BALCH1_7_N001,Node,40.02017,39.38674,1.39359,-0.76016,0.0
2025-10-19 18:10:00-07:00,2025-10-20 01:10:00+00:00,2025-10-19 18:15:00-07:00,2025-10-20 01:15:00+00:00,REAL_TIME_5_MIN,BEARTAP_1_N001,Node,38.09762,39.38674,-0.50533,-0.7838,0.0
2025-10-19 18:10:00-07:00,2025-10-20 01:10:00+00:00,2025-10-19 18:15:00-07:00,2025-10-20 01:15:00+00:00,REAL_TIME_5_MIN,SOUTHBY_6_N001,Node,42.40299,39.38674,1.36201,1.65424,0.0
2025-10-19 18:15:00-07:00,2025-10-20 01:15:00+00:00,2025-10-19 18:20:00-07:00,2025-10-20 01:20:00+00:00,REAL_TIME_5_MIN,BALCH1_7_N001,Node,41.51926,40.08144,2.05908,-0.62126,0.0
2025-10-19 18:15:00-07:00,2025-10-20 01:15:00+00:00,2025-10-19 18:20:00-07:00,2025-10-20 01:20:00+00:00,REAL_TIME_5_MIN,BEARTAP_1_N001,Node,38.59735,40.08144,-0.75461,-0.72948,0.0
2025-10-19 18:15:00-07:00,2025-10-20 01:15:00+00:00,2025-10-19 18:20:00-07:00,2025-10-20 01:20:00+00:00,REAL_TIME_5_MIN,SOUTHBY_6_N001,Node,43.75309,40.08144,2.01228,1.65937,0.0
2025-10-19 18:20:00-07:00,2025-10-20 01:20:00+00:00,2025-10-19 18:25:00-07:00,2025-10-20 01:25:00+00:00,REAL_TIME_5_MIN,BALCH1_7_N001,Node,40.72944,39.44822,1.89267,-0.61145,0.0
2025-10-19 18:20:00-07:00,2025-10-20 01:20:00+00:00,2025-10-19 18:25:00-07:00,2025-10-20 01:25:00+00:00,REAL_TIME_5_MIN,BEARTAP_1_N001,Node,38.3309,39.44822,-0.39937,-0.71796,0.0
2025-10-19 18:20:00-07:00,2025-10-20 01:20:00+00:00,2025-10-19 18:25:00-07:00,2025-10-20 01:25:00+00:00,REAL_TIME_5_MIN,SOUTHBY_6_N001,Node,42.91548,39.44822,1.8341,1.63316,0.0
2025-10-19 18:25:00-07:00,2025-10-20 01:25:00+00:00,2025-10-19 18:30:00-07:00,2025-10-20 01:30:00+00:00,REAL_TIME_5_MIN,BALCH1_7_N001,Node,42.6139,40.24458,2.99311,-0.62379,0.0
2025-10-19 18:25:00-07:00,2025-10-20 01:25:00+00:00,2025-10-19 18:30:00-07:00,2025-10-20 01:30:00+00:00,REAL_TIME_5_MIN,BEARTAP_1_N001,Node,39.25884,40.24458,-0.25329,-0.73245,0.0
2025-10-19 18:25:00-07:00,2025-10-20 01:25:00+00:00,2025-10-19 18:30:00-07:00,2025-10-20 01:30:00+00:00,REAL_TIME_5_MIN,SOUTHBY_6_N001,Node,44.79121,40.24458,2.88051,1.66613,0.0
2025-10-19 18:30:00-07:00,2025-10-20 01:30:00+00:00,2025-10-19 18:35:00-07:00,2025-10-20 01:35:00+00:00,REAL_TIME_5_MIN,BALCH1_7_N001,Node,41.21249,39.17745,2.38372,-0.34868,0.0
2025-10-19 18:30:00-07:00,2025-10-20 01:30:00+00:00,2025-10-19 18:35:00-07:00,2025-10-20 01:35:00+00:00,REAL_TIME_5_MIN,BEARTAP_1_N001,Node,39.05371,39.17745,0.60496,-0.7287,0.0
2025-10-19 18:30:00-07:00,2025-10-20 01:30:00+00:00,2025-10-19 18:35:00-07:00,2025-10-20 01:35:00+00:00,REAL_TIME_5_MIN,SOUTHBY_6_N001,Node,43.12711,39.17745,2.25328,1.69638,0.0
2025-10-19 18:35:00-07:00,2025-10-20 01:35:00+00:00,2025-10-19 18:40:00-07:00,2025-10-20 01:40:00+00:00,REAL_TIME_5_MIN,BALCH1_7_N001,Node,39.76648,36.70303,3.39011,-0.32666,0.0
2025-10-19 18:35:00-07:00,2025-10-20 01:35:00+00:00,2025-10-19 18:40:00-07:00,2025-10-20 01:40:00+00:00,REAL_TIME_5_MIN,BEARTAP_1_N001,Node,38.3687,36.70303,2.34835,-0.68268,0.0
2025-10-19 18:35:00-07:00,2025-10-20 01:35:00+00:00,2025-10-19 18:40:00-07:00,2025-10-20 01:40:00+00:00,REAL_TIME_5_MIN,SOUTHBY_6_N001,Node,41.4133,36.70303,3.12103,1.58924,0.0
2025-10-19 18:40:00-07:00,2025-10-20 01:40:00+00:00,2025-10-19 18:45:00-07:00,2025-10-20 01:45:00+00:00,REAL_TIME_5_MIN,BALCH1_7_N001,Node,37.56648,35.46753,2.41461,-0.31566,0.0
2025-10-19 18:40:00-07:00,2025-10-20 01:40:00+00:00,2025-10-19 18:45:00-07:00,2025-10-20 01:45:00+00:00,REAL_TIME_5_MIN,BEARTAP_1_N001,Node,37.14155,35.46753,2.33371,-0.6597,0.0
2025-10-19 18:40:00-07:00,2025-10-20 01:40:00+00:00,2025-10-19 18:45:00-07:00,2025-10-20 01:45:00+00:00,REAL_TIME_5_MIN,SOUTHBY_6_N001,Node,39.18911,35.46753,2.18583,1.53574,0.0
2025-10-19 18:45:00-07:00,2025-10-20 01:45:00+00:00,2025-10-19 18:50:00-07:00,2025-10-20 01:50:00+00:00,REAL_TIME_5_MIN,BALCH1_7_N001,Node,37.13361,35.02728,2.41107,-0.30474,0.0
2025-10-19 18:45:00-07:00,2025-10-20 01:45:00+00:00,2025-10-19 18:50:00-07:00,2025-10-20 01:50:00+00:00,REAL_TIME_5_MIN,BEARTAP_1_N001,Node,36.89298,35.02728,2.55573,-0.69004,0.0
2025-10-19 18:45:00-07:00,2025-10-20 01:45:00+00:00,2025-10-19 18:50:00-07:00,2025-10-20 01:50:00+00:00,REAL_TIME_5_MIN,SOUTHBY_6_N001,Node,38.74195,35.02728,2.16996,1.5447,0.0
2025-10-19 18:50:00-07:00,2025-10-20 01:50:00+00:00,2025-10-19 18:55:00-07:00,2025-10-20 01:55:00+00:00,REAL_TIME_5_MIN,BALCH1_7_N001,Node,35.2497,34.11565,1.43086,-0.29681,0.0
2025-10-19 18:50:00-07:00,2025-10-20 01:50:00+00:00,2025-10-19 18:55:00-07:00,2025-10-20 01:55:00+00:00,REAL_TIME_5_MIN,BEARTAP_1_N001,Node,34.96028,34.11565,1.51671,-0.67208,0.0
2025-10-19 18:50:00-07:00,2025-10-20 01:50:00+00:00,2025-10-19 18:55:00-07:00,2025-10-20 01:55:00+00:00,REAL_TIME_5_MIN,SOUTHBY_6_N001,Node,36.90792,34.11565,1.28777,1.5045,0.0
2025-10-19 18:55:00-07:00,2025-10-20 01:55:00+00:00,2025-10-19 19:00:00-07:00,2025-10-20 02:00:00+00:00,REAL_TIME_5_MIN,BALCH1_7_N001,Node,35.14643,33.40815,2.02894,-0.29065,0.0
2025-10-19 18:55:00-07:00,2025-10-20 01:55:00+00:00,2025-10-19 19:00:00-07:00,2025-10-20 02:00:00+00:00,REAL_TIME_5_MIN,BEARTAP_1_N001,Node,34.90068,33.40815,2.15067,-0.65814,0.0
2025-10-19 18:55:00-07:00,2025-10-20 01:55:00+00:00,2025-10-19 19:00:00-07:00,2025-10-20 02:00:00+00:00,REAL_TIME_5_MIN,SOUTHBY_6_N001,Node,36.70749,33.40815,1.82604,1.4733,0.0
2025-10-19 19:00:00-07:00,2025-10-20 02:00:00+00:00,2025-10-19 19:05:00-07:00,2025-10-20 02:05:00+00:00,REAL_TIME_5_MIN,BALCH1_7_N001,Node,42.07566,42.0134,0.07487,-0.0126,0.0
2025-10-19 19:00:00-07:00,2025-10-20 02:00:00+00:00,2025-10-19 19:05:00-07:00,2025-10-20 02:05:00+00:00,REAL_TIME_5_MIN,BEARTAP_1_N001,Node,41.47096,42.0134,0.07936,-0.6218,0.0
2025-10-19 19:00:00-07:00,2025-10-20 02:00:00+00:00,2025-10-19 19:05:00-07:00,2025-10-20 02:05:00+00:00,REAL_TIME_5_MIN,SOUTHBY_6_N001,Node,43.4042,42.0134,0.06738,1.32342,0.0
2025-10-19 19:05:00-07:00,2025-10-20 02:05:00+00:00,2025-10-19 19:10:00-07:00,2025-10-20 02:10:00+00:00,REAL_TIME_5_MIN,BALCH1_7_N001,Node,41.51085,41.29696,0.22628,-0.01239,0.0
2025-10-19 19:05:00-07:00,2025-10-20 02:05:00+00:00,2025-10-19 19:10:00-07:00,2025-10-20 02:10:00+00:00,REAL_TIME_5_MIN,BEARTAP_1_N001,Node,40.92562,41.29696,0.23986,-0.61119,0.0
2025-10-19 19:05:00-07:00,2025-10-20 02:05:00+00:00,2025-10-19 19:10:00-07:00,2025-10-20 02:10:00+00:00,REAL_TIME_5_MIN,SOUTHBY_6_N001,Node,42.80146,41.29696,0.20365,1.30085,0.0
2025-10-19 19:10:00-07:00,2025-10-20 02:10:00+00:00,2025-10-19 19:15:00-07:00,2025-10-20 02:15:00+00:00,REAL_TIME_5_MIN,BALCH1_7_N001,Node,40.71731,40.72952,0.0,-0.01222,0.0
2025-10-19 19:10:00-07:00,2025-10-20 02:10:00+00:00,2025-10-19 19:15:00-07:00,2025-10-20 02:15:00+00:00,REAL_TIME_5_MIN,BEARTAP_1_N001,Node,40.12673,40.72952,0.0,-0.6028,0.0
2025-10-19 19:10:00-07:00,2025-10-20 02:10:00+00:00,2025-10-19 19:15:00-07:00,2025-10-20 02:15:00+00:00,REAL_TIME_5_MIN,SOUTHBY_6_N001,Node,42.0125,40.72952,0.0,1.28298,0.0
2025-10-19 19:15:00-07:00,2025-10-20 02:15:00+00:00,2025-10-19 19:20:00-07:00,2025-10-20 02:20:00+00:00,REAL_TIME_5_MIN,BALCH1_7_N001,Node,39.85151,39.88741,0.0,-0.0359,0.0
2025-10-19 19:15:00-07:00,2025-10-20 02:15:00+00:00,2025-10-19 19:20:00-07:00,2025-10-20 02:20:00+00:00,REAL_TIME_5_MIN,BEARTAP_1_N001,Node,39.30106,39.88741,0.0,-0.58634,0.0
2025-10-19 19:15:00-07:00,2025-10-20 02:15:00+00:00,2025-10-19 19:20:00-07:00,2025-10-20 02:20:00+00:00,REAL_TIME_5_MIN,SOUTHBY_6_N001,Node,41.08802,39.88741,0.0,1.20061,0.0
2025-10-19 19:20:00-07:00,2025-10-20 02:20:00+00:00,2025-10-19 19:25:00-07:00,2025-10-20 02:25:00+00:00,REAL_TIME_5_MIN,BALCH1_7_N001,Node,38.47085,38.5055,0.0,-0.03465,0.0
2025-10-19 19:20:00-07:00,2025-10-20 02:20:00+00:00,2025-10-19 19:25:00-07:00,2025-10-20 02:25:00+00:00,REAL_TIME_5_MIN,BEARTAP_1_N001,Node,37.93947,38.5055,0.0,-0.56603,0.0
2025-10-19 19:20:00-07:00,2025-10-20 02:20:00+00:00,2025-10-19 19:25:00-07:00,2025-10-20 02:25:00+00:00,REAL_TIME_5_MIN,SOUTHBY_6_N001,Node,39.66452,38.5055,0.0,1.15902,0.0
2025-10-19 19:25:00-07:00,2025-10-20 02:25:00+00:00,2025-10-19 19:30:00-07:00,2025-10-20 02:30:00+00:00,REAL_TIME_5_MIN,BALCH1_7_N001,Node,37.85699,37.89109,0.0,-0.0341,0.0
2025-10-19 19:25:00-07:00,2025-10-20 02:25:00+00:00,2025-10-19 19:30:00-07:00,2025-10-20 02:30:00+00:00,REAL_TIME_5_MIN,BEARTAP_1_N001,Node,37.33409,37.89109,0.0,-0.557,0.0
2025-10-19 19:25:00-07:00,2025-10-20 02:25:00+00:00,2025-10-19 19:30:00-07:00,2025-10-20 02:30:00+00:00,REAL_TIME_5_MIN,SOUTHBY_6_N001,Node,39.03161,37.89109,0.0,1.14052,0.0
2025-10-19 19:30:00-07:00,2025-10-20 02:30:00+00:00,2025-10-19 19:35:00-07:00,2025-10-20 02:35:00+00:00,REAL_TIME_5_MIN,BALCH1_7_N001,Node,36.6124,36.01471,0.54727,0.05042,0.0
2025-10-19 19:30:00-07:00,2025-10-20 02:30:00+00:00,2025-10-19 19:35:00-07:00,2025-10-20 02:35:00+00:00,REAL_TIME_5_MIN,BEARTAP_1_N001,Node,35.98977,36.01471,0.5801,-0.60505,0.0
2025-10-19 19:30:00-07:00,2025-10-20 02:30:00+00:00,2025-10-19 19:35:00-07:00,2025-10-20 02:35:00+00:00,REAL_TIME_5_MIN,SOUTHBY_6_N001,Node,37.64892,36.01471,0.49254,1.14167,0.0
2025-10-19 19:35:00-07:00,2025-10-20 02:35:00+00:00,2025-10-19 19:40:00-07:00,2025-10-20 02:40:00+00:00,REAL_TIME_5_MIN,BALCH1_7_N001,Node,36.6124,36.01471,0.54727,0.05042,0.0
2025-10-19 19:35:00-07:00,2025-10-20 02:35:00+00:00,2025-10-19 19:40:00-07:00,2025-10-20 02:40:00+00:00,REAL_TIME_5_MIN,BEARTAP_1_N001,Node,35.98977,36.01471,0.5801,-0.60505,0.0
2025-10-19 19:35:00-07:00,2025-10-20 02:35:00+00:00,2025-10-19 19:40:00-07:00,2025-10-20 02:40:00+00:00,REAL_TIME_5_MIN,SOUTHBY_6_N001,Node,37.64892,36.01471,0.49254,1.14167,0.0
2025-10-19 19:40:00-07:00,2025-10-20 02:40:00+00:00,2025-10-19 19:45:00-07:00,2025-10-20 02:45:00+00:00,REAL_TIME_5_MIN,BALCH1_7_N001,Node,36.13895,35.65552,0.43351,0.04992,0.0
2025-10-19 19:40:00-07:00,2025-10-20 02:40:00+00:00,2025-10-19 19:45:00-07:00,2025-10-20 02:45:00+00:00,REAL_TIME_5_MIN,BEARTAP_1_N001,Node,35.51603,35.65552,0.45952,-0.59901,0.0
2025-10-19 19:40:00-07:00,2025-10-20 02:40:00+00:00,2025-10-19 19:45:00-07:00,2025-10-20 02:45:00+00:00,REAL_TIME_5_MIN,SOUTHBY_6_N001,Node,37.17597,35.65552,0.39016,1.13028,0.0
2025-10-19 19:45:00-07:00,2025-10-20 02:45:00+00:00,2025-10-19 19:50:00-07:00,2025-10-20 02:50:00+00:00,REAL_TIME_5_MIN,BALCH1_7_N001,Node,35.82818,35.4729,0.37301,-0.01774,0.0
2025-10-19 19:45:00-07:00,2025-10-20 02:45:00+00:00,2025-10-19 19:50:00-07:00,2025-10-20 02:50:00+00:00,REAL_TIME_5_MIN,BEARTAP_1_N001,Node,35.31846,35.4729,0.39539,-0.54983,0.0
2025-10-19 19:45:00-07:00,2025-10-20 02:45:00+00:00,2025-10-19 19:50:00-07:00,2025-10-20 02:50:00+00:00,REAL_TIME_5_MIN,SOUTHBY_6_N001,Node,36.80185,35.4729,0.33571,0.99324,0.0
2025-10-19 19:50:00-07:00,2025-10-20 02:50:00+00:00,2025-10-19 19:55:00-07:00,2025-10-20 02:55:00+00:00,REAL_TIME_5_MIN,BALCH1_7_N001,Node,36.18395,35.68813,0.51366,-0.01784,0.0
2025-10-19 19:50:00-07:00,2025-10-20 02:50:00+00:00,2025-10-19 19:55:00-07:00,2025-10-20 02:55:00+00:00,REAL_TIME_5_MIN,BEARTAP_1_N001,Node,35.67945,35.68813,0.54448,-0.55317,0.0
2025-10-19 19:50:00-07:00,2025-10-20 02:50:00+00:00,2025-10-19 19:55:00-07:00,2025-10-20 02:55:00+00:00,REAL_TIME_5_MIN,SOUTHBY_6_N001,Node,37.14969,35.68813,0.4623,0.99927,0.0
2025-10-19 19:55:00-07:00,2025-10-20 02:55:00+00:00,2025-10-19 20:00:00-07:00,2025-10-20 03:00:00+00:00,REAL_TIME_5_MIN,BALCH1_7_N001,Node,36.25736,35.74382,0.53141,-0.01787,0.0
2025-10-19 19:55:00-07:00,2025-10-20 02:55:00+00:00,2025-10-19 20:00:00-07:00,2025-10-20 03:00:00+00:00,REAL_TIME_5_MIN,BEARTAP_1_N001,Node,35.75308,35.74382,0.56329,-0.55403,0.0
2025-10-19 19:55:00-07:00,2025-10-20 02:55:00+00:00,2025-10-19 20:00:00-07:00,2025-10-20 03:00:00+00:00,REAL_TIME_5_MIN,SOUTHBY_6_N001,Node,37.22291,35.74382,0.47827,1.00083,0.0
2025-10-19 20:00:00-07:00,2025-10-20 03:00:00+00:00,2025-10-19 20:05:00-07:00,2025-10-20 03:05:00+00:00,REAL_TIME_5_MIN,BALCH1_7_N001,Node,41.17683,41.29245,0.0,-0.11562,0.0
2025-10-19 20:00:00-07:00,2025-10-20 03:00:00+00:00,2025-10-19 20:05:00-07:00,2025-10-20 03:05:00+00:00,REAL_TIME_5_MIN,BEARTAP_1_N001,Node,40.71436,41.29245,0.0,-0.57809,0.0
2025-10-19 20:00:00-07:00,2025-10-20 03:00:00+00:00,2025-10-19 20:05:00-07:00,2025-10-20 03:05:00+00:00,REAL_TIME_5_MIN,SOUTHBY_6_N001,Node,42.09353,41.29245,0.0,0.80107,0.0
2025-10-19 20:05:00-07:00,2025-10-20 03:05:00+00:00,2025-10-19 20:10:00-07:00,2025-10-20 03:10:00+00:00,REAL_TIME_5_MIN,BALCH1_7_N001,Node,40.70204,40.81633,0.0,-0.11429,0.0
2025-10-19 20:05:00-07:00,2025-10-20 03:05:00+00:00,2025-10-19 20:10:00-07:00,2025-10-20 03:10:00+00:00,REAL_TIME_5_MIN,BEARTAP_1_N001,Node,40.2449,40.81633,0.0,-0.57143,0.0
2025-10-19 20:05:00-07:00,2025-10-20 03:05:00+00:00,2025-10-19 20:10:00-07:00,2025-10-20 03:10:00+00:00,REAL_TIME_5_MIN,SOUTHBY_6_N001,Node,41.60816,40.81633,0.0,0.79184,0.0
2025-10-19 20:10:00-07:00,2025-10-20 03:10:00+00:00,2025-10-19 20:15:00-07:00,2025-10-20 03:15:00+00:00,REAL_TIME_5_MIN,BALCH1_7_N001,Node,40.41336,40.52684,0.0,-0.11348,0.0
2025-10-19 20:10:00-07:00,2025-10-20 03:10:00+00:00,2025-10-19 20:15:00-07:00,2025-10-20 03:15:00+00:00,REAL_TIME_5_MIN,BEARTAP_1_N001,Node,39.95946,40.52684,0.0,-0.56738,0.0
2025-10-19 20:10:00-07:00,2025-10-20 03:10:00+00:00,2025-10-19 20:15:00-07:00,2025-10-20 03:15:00+00:00,REAL_TIME_5_MIN,SOUTHBY_6_N001,Node,41.31306,40.52684,0.0,0.78622,0.0
2025-10-19 20:15:00-07:00,2025-10-20 03:15:00+00:00,2025-10-19 20:20:00-07:00,2025-10-20 03:20:00+00:00,REAL_TIME_5_MIN,BALCH1_7_N001,Node,40.12759,39.53689,0.72117,-0.13047,0.0
2025-10-19 20:15:00-07:00,2025-10-20 03:15:00+00:00,2025-10-19 20:20:00-07:00,2025-10-20 03:20:00+00:00,REAL_TIME_5_MIN,BEARTAP_1_N001,Node,39.76342,39.53689,0.78005,-0.55352,0.0
2025-10-19 20:15:00-07:00,2025-10-20 03:15:00+00:00,2025-10-19 20:20:00-07:00,2025-10-20 03:20:00+00:00,REAL_TIME_5_MIN,SOUTHBY_6_N001,Node,40.95545,39.53689,0.64759,0.77097,0.0
2025-10-19 20:20:00-07:00,2025-10-20 03:20:00+00:00,2025-10-19 20:25:00-07:00,2025-10-20 03:25:00+00:00,REAL_TIME_5_MIN,BALCH1_7_N001,Node,38.90402,38.10012,0.92964,-0.12573,0.0
2025-10-19 20:20:00-07:00,2025-10-20 03:20:00+00:00,2025-10-19 20:25:00-07:00,2025-10-20 03:25:00+00:00,REAL_TIME_5_MIN,BEARTAP_1_N001,Node,38.57224,38.10012,1.00552,-0.5334,0.0
2025-10-19 20:20:00-07:00,2025-10-20 03:20:00+00:00,2025-10-19 20:25:00-07:00,2025-10-20 03:25:00+00:00,REAL_TIME_5_MIN,SOUTHBY_6_N001,Node,39.67784,38.10012,0.83477,0.74295,0.0
2025-10-19 20:25:00-07:00,2025-10-20 03:25:00+00:00,2025-10-19 20:30:00-07:00,2025-10-20 03:30:00+00:00,REAL_TIME_5_MIN,BALCH1_7_N001,Node,37.12435,36.49739,0.7474,-0.12044,0.0
2025-10-19 20:25:00-07:00,2025-10-20 03:25:00+00:00,2025-10-19 20:30:00-07:00,2025-10-20 03:30:00+00:00,REAL_TIME_5_MIN,BEARTAP_1_N001,Node,36.79484,36.49739,0.80841,-0.51096,0.0
2025-10-19 20:25:00-07:00,2025-10-20 03:25:00+00:00,2025-10-19 20:30:00-07:00,2025-10-20 03:30:00+00:00,REAL_TIME_5_MIN,SOUTHBY_6_N001,Node,37.88023,36.49739,0.67113,0.7117,0.0
2025-10-19 20:30:00-07:00,2025-10-20 03:30:00+00:00,2025-10-19 20:35:00-07:00,2025-10-20 03:35:00+00:00,REAL_TIME_5_MIN,BALCH1_7_N001,Node,37.03201,36.25609,0.91006,-0.13415,0.0
2025-10-19 20:30:00-07:00,2025-10-20 03:30:00+00:00,2025-10-19 20:35:00-07:00,2025-10-20 03:35:00+00:00,REAL_TIME_5_MIN,BEARTAP_1_N001,Node,36.65672,36.25609,0.98435,-0.58372,0.0
2025-10-19 20:30:00-07:00,2025-10-20 03:30:00+00:00,2025-10-19 20:35:00-07:00,2025-10-20 03:35:00+00:00,REAL_TIME_5_MIN,SOUTHBY_6_N001,Node,37.9942,36.25609,0.8172,0.9209,0.0
2025-10-19 20:35:00-07:00,2025-10-20 03:35:00+00:00,2025-10-19 20:40:00-07:00,2025-10-20 03:40:00+00:00,REAL_TIME_5_MIN,BALCH1_7_N001,Node,37.03222,36.25445,0.91191,-0.13414,0.0
2025-10-19 20:35:00-07:00,2025-10-20 03:35:00+00:00,2025-10-19 20:40:00-07:00,2025-10-20 03:40:00+00:00,REAL_TIME_5_MIN,BEARTAP_1_N001,Node,36.65711,36.25445,0.98635,-0.5837,0.0
2025-10-19 20:35:00-07:00,2025-10-20 03:35:00+00:00,2025-10-19 20:40:00-07:00,2025-10-20 03:40:00+00:00,REAL_TIME_5_MIN,SOUTHBY_6_N001,Node,37.99418,36.25445,0.81886,0.92086,0.0
2025-10-19 20:40:00-07:00,2025-10-20 03:40:00+00:00,2025-10-19 20:45:00-07:00,2025-10-20 03:45:00+00:00,REAL_TIME_5_MIN,BALCH1_7_N001,Node,37.06435,36.44235,0.75684,-0.13484,0.0
2025-10-19 20:40:00-07:00,2025-10-20 03:40:00+00:00,2025-10-19 20:45:00-07:00,2025-10-20 03:45:00+00:00,REAL_TIME_5_MIN,BEARTAP_1_N001,Node,36.67425,36.44235,0.81863,-0.58672,0.0
2025-10-19 20:40:00-07:00,2025-10-20 03:40:00+00:00,2025-10-19 20:45:00-07:00,2025-10-20 03:45:00+00:00,REAL_TIME_5_MIN,SOUTHBY_6_N001,Node,38.0476,36.44235,0.67961,0.92564,0.0
2025-10-19 20:45:00-07:00,2025-10-20 03:45:00+00:00,2025-10-19 20:50:00-07:00,2025-10-20 03:50:00+00:00,REAL_TIME_5_MIN,BALCH1_7_N001,Node,36.97931,36.04196,1.0635,-0.12615,0.0
2025-10-19 20:45:00-07:00,2025-10-20 03:45:00+00:00,2025-10-19 20:50:00-07:00,2025-10-20 03:50:00+00:00,REAL_TIME_5_MIN,BEARTAP_1_N001,Node,36.6192,36.04196,1.15031,-0.57307,0.0
2025-10-19 20:45:00-07:00,2025-10-20 03:45:00+00:00,2025-10-19 20:50:00-07:00,2025-10-20 03:50:00+00:00,REAL_TIME_5_MIN,SOUTHBY_6_N001,Node,37.97735,36.04196,0.97668,0.95872,0.0
2025-10-19 20:50:00-07:00,2025-10-20 03:50:00+00:00,2025-10-19 20:55:00-07:00,2025-10-20 03:55:00+00:00,REAL_TIME_5_MIN,BALCH1_7_N001,Node,36.54855,35.17753,1.49414,-0.12312,0.0
2025-10-19 20:50:00-07:00,2025-10-20 03:50:00+00:00,2025-10-19 20:55:00-07:00,2025-10-20 03:55:00+00:00,REAL_TIME_5_MIN,BEARTAP_1_N001,Node,36.23432,35.17753,1.61611,-0.55932,0.0
2025-10-19 20:50:00-07:00,2025-10-20 03:50:00+00:00,2025-10-19 20:55:00-07:00,2025-10-20 03:55:00+00:00,REAL_TIME_5_MIN,SOUTHBY_6_N001,Node,37.48543,35.17753,1.37217,0.93572,0.0
2025-10-19 20:55:00-07:00,2025-10-20 03:55:00+00:00,2025-10-19 21:00:00-07:00,2025-10-20 04:00:00+00:00,REAL_TIME_5_MIN,BALCH1_7_N001,Node,35.57354,33.84631,1.84569,-0.11846,0.0
2025-10-19 20:55:00-07:00,2025-10-20 03:55:00+00:00,2025-10-19 21:00:00-07:00,2025-10-20 04:00:00+00:00,REAL_TIME_5_MIN,BEARTAP_1_N001,Node,35.30451,33.84631,1.99636,-0.53816,0.0
2025-10-19 20:55:00-07:00,2025-10-20 03:55:00+00:00,2025-10-19 21:00:00-07:00,2025-10-20 04:00:00+00:00,REAL_TIME_5_MIN,SOUTHBY_6_N001,Node,36.44164,33.84631,1.69502,0.90031,0.0
2025-10-19 21:00:00-07:00,2025-10-20 04:00:00+00:00,2025-10-19 21:05:00-07:00,2025-10-20 04:05:00+00:00,REAL_TIME_5_MIN,BALCH1_7_N001,Node,40.09719,35.72773,4.26942,0.10004,0.0
2025-10-19 21:00:00-07:00,2025-10-20 04:00:00+00:00,2025-10-19 21:05:00-07:00,2025-10-20 04:05:00+00:00,REAL_TIME_5_MIN,BEARTAP_1_N001,Node,39.85317,35.72773,4.52559,-0.40015,0.0
2025-10-19 21:00:00-07:00,2025-10-20 04:00:00+00:00,2025-10-19 21:05:00-07:00,2025-10-20 04:05:00+00:00,REAL_TIME_5_MIN,SOUTHBY_6_N001,Node,40.48841,35.72773,3.84248,0.9182,0.0
2025-10-19 21:05:00-07:00,2025-10-20 04:05:00+00:00,2025-10-19 21:10:00-07:00,2025-10-20 04:10:00+00:00,REAL_TIME_5_MIN,BALCH1_7_N001,Node,38.03031,34.45418,3.47966,0.09647,0.0
2025-10-19 21:05:00-07:00,2025-10-20 04:05:00+00:00,2025-10-19 21:10:00-07:00,2025-10-20 04:10:00+00:00,REAL_TIME_5_MIN,BEARTAP_1_N001,Node,37.75673,34.45418,3.68844,-0.38589,0.0
2025-10-19 21:05:00-07:00,2025-10-20 04:05:00+00:00,2025-10-19 21:10:00-07:00,2025-10-20 04:10:00+00:00,REAL_TIME_5_MIN,SOUTHBY_6_N001,Node,38.47134,34.45418,3.1317,0.88547,0.0
2025-10-19 21:10:00-07:00,2025-10-20 04:10:00+00:00,2025-10-19 21:15:00-07:00,2025-10-20 04:15:00+00:00,REAL_TIME_5_MIN,BALCH1_7_N001,Node,36.47796,32.88838,3.49749,0.09209,0.0
2025-10-19 21:10:00-07:00,2025-10-20 04:10:00+00:00,2025-10-19 21:15:00-07:00,2025-10-20 04:15:00+00:00,REAL_TIME_5_MIN,BEARTAP_1_N001,Node,36.22737,32.88838,3.70734,-0.36835,0.0
2025-10-19 21:10:00-07:00,2025-10-20 04:10:00+00:00,2025-10-19 21:15:00-07:00,2025-10-20 04:15:00+00:00,REAL_TIME_5_MIN,SOUTHBY_6_N001,Node,36.88135,32.88838,3.14774,0.84523,0.0
2025-10-19 21:15:00-07:00,2025-10-20 04:15:00+00:00,2025-10-19 21:20:00-07:00,2025-10-20 04:20:00+00:00,REAL_TIME_5_MIN,BALCH1_7_N001,Node,36.47024,32.46963,3.92593,0.07468,0.0
2025-10-19 21:15:00-07:00,2025-10-20 04:15:00+00:00,2025-10-19 21:20:00-07:00,2025-10-20 04:20:00+00:00,REAL_TIME_5_MIN,BEARTAP_1_N001,Node,36.2772,32.46963,4.16149,-0.35392,0.0
2025-10-19 21:15:00-07:00,2025-10-20 04:15:00+00:00,2025-10-19 21:20:00-07:00,2025-10-20 04:20:00+00:00,REAL_TIME_5_MIN,SOUTHBY_6_N001,Node,36.82445,32.46963,3.53334,0.82148,0.0
2025-10-19 21:20:00-07:00,2025-10-20 04:20:00+00:00,2025-10-19 21:25:00-07:00,2025-10-20 04:25:00+00:00,REAL_TIME_5_MIN,BALCH1_7_N001,Node,35.795,31.89953,3.8221,0.07337,0.0
2025-10-19 21:20:00-07:00,2025-10-20 04:20:00+00:00,2025-10-19 21:25:00-07:00,2025-10-20 04:25:00+00:00,REAL_TIME_5_MIN,BEARTAP_1_N001,Node,35.60325,31.89953,4.05143,-0.3477,0.0
2025-10-19 21:20:00-07:00,2025-10-20 04:20:00+00:00,2025-10-19 21:25:00-07:00,2025-10-20 04:25:00+00:00,REAL_TIME_5_MIN,SOUTHBY_6_N001,Node,36.14648,31.89953,3.43989,0.80706,0.0
2025-10-19 21:25:00-07:00,2025-10-20 04:25:00+00:00,2025-10-19 21:30:00-07:00,2025-10-20 04:30:00+00:00,REAL_TIME_5_MIN,BALCH1_7_N001,Node,35.95794,33.04312,2.83882,0.076,0.0
2025-10-19 21:25:00-07:00,2025-10-20 04:25:00+00:00,2025-10-19 21:30:00-07:00,2025-10-20 04:30:00+00:00,REAL_TIME_5_MIN,BEARTAP_1_N001,Node,35.6921,33.04312,3.00915,-0.36017,0.0
2025-10-19 21:25:00-07:00,2025-10-20 04:25:00+00:00,2025-10-19 21:30:00-07:00,2025-10-20 04:30:00+00:00,REAL_TIME_5_MIN,SOUTHBY_6_N001,Node,36.43405,33.04312,2.55494,0.83599,0.0
2025-10-19 21:30:00-07:00,2025-10-20 04:30:00+00:00,2025-10-19 21:35:00-07:00,2025-10-20 04:35:00+00:00,REAL_TIME_5_MIN,BALCH1_7_N001,Node,36.97816,36.77225,0.20223,0.00368,0.0
2025-10-19 21:30:00-07:00,2025-10-20 04:30:00+00:00,2025-10-19 21:35:00-07:00,2025-10-20 04:35:00+00:00,REAL_TIME_5_MIN,BEARTAP_1_N001,Node,36.51594,36.77225,0.21437,-0.47068,0.0
2025-10-19 21:30:00-07:00,2025-10-20 04:30:00+00:00,2025-10-19 21:35:00-07:00,2025-10-20 04:35:00+00:00,REAL_TIME_5_MIN,SOUTHBY_6_N001,Node,37.94344,36.77225,0.18201,0.98917,0.0
2025-10-19 21:35:00-07:00,2025-10-20 04:35:00+00:00,2025-10-19 21:40:00-07:00,2025-10-20 04:40:00+00:00,REAL_TIME_5_MIN,BALCH1_7_N001,Node,37.34187,37.33814,0.0,0.00373,0.0
2025-10-19 21:35:00-07:00,2025-10-20 04:35:00+00:00,2025-10-19 21:40:00-07:00,2025-10-20 04:40:00+00:00,REAL_TIME_5_MIN,BEARTAP_1_N001,Node,36.86021,37.33814,0.0,-0.47793,0.0
2025-10-19 21:35:00-07:00,2025-10-20 04:35:00+00:00,2025-10-19 21:40:00-07:00,2025-10-20 04:40:00+00:00,REAL_TIME_5_MIN,SOUTHBY_6_N001,Node,38.34253,37.33814,0.0,1.0044,0.0
2025-10-19 21:40:00-07:00,2025-10-20 04:40:00+00:00,2025-10-19 21:45:00-07:00,2025-10-20 04:45:00+00:00,REAL_TIME_5_MIN,BALCH1_7_N001,Node,37.34187,37.33814,0.0,0.00373,0.0
2025-10-19 21:40:00-07:00,2025-10-20 04:40:00+00:00,2025-10-19 21:45:00-07:00,2025-10-20 04:45:00+00:00,REAL_TIME_5_MIN,BEARTAP_1_N001,Node,36.86021,37.33814,0.0,-0.47793,0.0
2025-10-19 21:40:00-07:00,2025-10-20 04:40:00+00:00,2025-10-19 21:45:00-07:00,2025-10-20 04:45:00+00:00,REAL_TIME_5_MIN,SOUTHBY_6_N001,Node,38.34253,37.33814,0.0,1.0044,0.0
2025-10-19 21:45:00-07:00,2025-10-20 04:45:00+00:00,2025-10-19 21:50:00-07:00,2025-10-20 04:50:00+00:00,REAL_TIME_5_MIN,BALCH1_7_N001,Node,36.02257,33.97115,2.08539,-0.03397,0.0
2025-10-19 21:45:00-07:00,2025-10-20 04:45:00+00:00,2025-10-19 21:50:00-07:00,2025-10-20 04:50:00+00:00,REAL_TIME_5_MIN,BEARTAP_1_N001,Node,35.7842,33.97115,2.21051,-0.39746,0.0
2025-10-19 21:45:00-07:00,2025-10-20 04:45:00+00:00,2025-10-19 21:50:00-07:00,2025-10-20 04:50:00+00:00,REAL_TIME_5_MIN,SOUTHBY_6_N001,Node,36.68029,33.97115,1.87685,0.83229,0.0
2025-10-19 21:50:00-07:00,2025-10-20 04:50:00+00:00,2025-10-19 21:55:00-07:00,2025-10-20 04:55:00+00:00,REAL_TIME_5_MIN,BALCH1_7_N001,Node,33.7537,31.62196,2.16336,-0.03162,0.0
2025-10-19 21:50:00-07:00,2025-10-20 04:50:00+00:00,2025-10-19 21:55:00-07:00,2025-10-20 04:55:00+00:00,REAL_TIME_5_MIN,BEARTAP_1_N001,Node,33.54515,31.62196,2.29316,-0.36998,0.0
2025-10-19 21:50:00-07:00,2025-10-20 04:50:00+00:00,2025-10-19 21:55:00-07:00,2025-10-20 04:55:00+00:00,REAL_TIME_5_MIN,SOUTHBY_6_N001,Node,34.34372,31.62196,1.94702,0.77474,0.0
2025-10-19 21:55:00-07:00,2025-10-20 04:55:00+00:00,2025-10-19 22:00:00-07:00,2025-10-20 05:00:00+00:00,REAL_TIME_5_MIN,BALCH1_7_N001,Node,32.38744,30.4065,2.01135,-0.03041,0.0
2025-10-19 21:55:00-07:00,2025-10-20 04:55:00+00:00,2025-10-19 22:00:00-07:00,2025-10-20 05:00:00+00:00,REAL_TIME_5_MIN,BEARTAP_1_N001,Node,32.18277,30.4065,2.13203,-0.35576,0.0
2025-10-19 21:55:00-07:00,2025-10-20 04:55:00+00:00,2025-10-19 22:00:00-07:00,2025-10-20 05:00:00+00:00,REAL_TIME_5_MIN,SOUTHBY_6_N001,Node,32.96167,30.4065,1.81022,0.74496,0.0
2025-10-19 22:00:00-07:00,2025-10-20 05:00:00+00:00,2025-10-19 22:05:00-07:00,2025-10-20 05:05:00+00:00,REAL_TIME_5_MIN,BALCH1_7_N001,Node,38.0518,37.60803,0.0,0.44377,0.0
2025-10-19 22:00:00-07:00,2025-10-20 05:00:00+00:00,2025-10-19 22:05:00-07:00,2025-10-20 05:05:00+00:00,REAL_TIME_5_MIN,BEARTAP_1_N001,Node,37.3034,37.60803,0.0,-0.30463,0.0
2025-10-19 22:00:00-07:00,2025-10-20 05:00:00+00:00,2025-10-19 22:05:00-07:00,2025-10-20 05:05:00+00:00,REAL_TIME_5_MIN,SOUTHBY_6_N001,Node,38.13078,37.60803,0.0,0.52275,0.0
2025-10-19 22:05:00-07:00,2025-10-20 05:05:00+00:00,2025-10-19 22:10:00-07:00,2025-10-20 05:10:00+00:00,REAL_TIME_5_MIN,BALCH1_7_N001,Node,37.95866,37.51597,0.0,0.44269,0.0
2025-10-19 22:05:00-07:00,2025-10-20 05:05:00+00:00,2025-10-19 22:10:00-07:00,2025-10-20 05:10:00+00:00,REAL_TIME_5_MIN,BEARTAP_1_N001,Node,37.21209,37.51597,0.0,-0.30388,0.0
2025-10-19 22:05:00-07:00,2025-10-20 05:05:00+00:00,2025-10-19 22:10:00-07:00,2025-10-20 05:10:00+00:00,REAL_TIME_5_MIN,SOUTHBY_6_N001,Node,38.03744,37.51597,0.0,0.52147,0.0
2025-10-19 22:10:00-07:00,2025-10-20 05:10:00+00:00,2025-10-19 22:15:00-07:00,2025-10-20 05:15:00+00:00,REAL_TIME_5_MIN,BALCH1_7_N001,Node,37.94218,37.49969,0.0,0.4425,0.0
2025-10-19 22:10:00-07:00,2025-10-20 05:10:00+00:00,2025-10-19 22:15:00-07:00,2025-10-20 05:15:00+00:00,REAL_TIME_5_MIN,BEARTAP_1_N001,Node,37.19594,37.49969,0.0,-0.30375,0.0
2025-10-19 22:10:00-07:00,2025-10-20 05:10:00+00:00,2025-10-19 22:15:00-07:00,2025-10-20 05:15:00+00:00,REAL_TIME_5_MIN,SOUTHBY_6_N001,Node,38.02093,37.49969,0.0,0.52125,0.0
2025-10-19 22:15:00-07:00,2025-10-20 05:15:00+00:00,2025-10-19 22:20:00-07:00,2025-10-20 05:20:00+00:00,REAL_TIME_5_MIN,BALCH1_7_N001,Node,37.22165,36.82395,0.0,0.3977,0.0
2025-10-19 22:15:00-07:00,2025-10-20 05:15:00+00:00,2025-10-19 22:20:00-07:00,2025-10-20 05:20:00+00:00,REAL_TIME_5_MIN,BEARTAP_1_N001,Node,36.50726,36.82395,0.0,-0.31669,0.0
2025-10-19 22:15:00-07:00,2025-10-20 05:15:00+00:00,2025-10-19 22:20:00-07:00,2025-10-20 05:20:00+00:00,REAL_TIME_5_MIN,SOUTHBY_6_N001,Node,37.31739,36.82395,0.0,0.49344,0.0
2025-10-19 22:20:00-07:00,2025-10-20 05:20:00+00:00,2025-10-19 22:25:00-07:00,2025-10-20 05:25:00+00:00,REAL_TIME_5_MIN,BALCH1_7_N001,Node,37.10935,36.71285,0.0,0.3965,0.0
2025-10-19 22:20:00-07:00,2025-10-20 05:20:00+00:00,2025-10-19 22:25:00-07:00,2025-10-20 05:25:00+00:00,REAL_TIME_5_MIN,BEARTAP_1_N001,Node,36.39712,36.71285,0.0,-0.31573,0.0
2025-10-19 22:20:00-07:00,2025-10-20 05:20:00+00:00,2025-10-19 22:25:00-07:00,2025-10-20 05:25:00+00:00,REAL_TIME_5_MIN,SOUTHBY_6_N001,Node,37.2048,36.71285,0.0,0.49195,0.0
2025-10-19 22:25:00-07:00,2025-10-20 05:25:00+00:00,2025-10-19 22:30:00-07:00,2025-10-20 05:30:00+00:00,REAL_TIME_5_MIN,BALCH1_7_N001,Node,37.44143,37.04139,0.0,0.40005,0.0
2025-10-19 22:25:00-07:00,2025-10-20 05:25:00+00:00,2025-10-19 22:30:00-07:00,2025-10-20 05:30:00+00:00,REAL_TIME_5_MIN,BEARTAP_1_N001,Node,36.72283,37.04139,0.0,-0.31856,0.0
2025-10-19 22:25:00-07:00,2025-10-20 05:25:00+00:00,2025-10-19 22:30:00-07:00,2025-10-20 05:30:00+00:00,REAL_TIME_5_MIN,SOUTHBY_6_N001,Node,37.53774,37.04139,0.0,0.49635,0.0
2025-10-19 22:30:00-07:00,2025-10-20 05:30:00+00:00,2025-10-19 22:35:00-07:00,2025-10-20 05:35:00+00:00,REAL_TIME_5_MIN,BALCH1_7_N001,Node,37.37438,37.0704,0.0,0.30398,0.0
2025-10-19 22:30:00-07:00,2025-10-20 05:30:00+00:00,2025-10-19 22:35:00-07:00,2025-10-20 05:35:00+00:00,REAL_TIME_5_MIN,BEARTAP_1_N001,Node,36.72935,37.0704,0.0,-0.34105,0.0
2025-10-19 22:30:00-07:00,2025-10-20 05:30:00+00:00,2025-10-19 22:35:00-07:00,2025-10-20 05:35:00+00:00,REAL_TIME_5_MIN,SOUTHBY_6_N001,Node,37.56714,37.0704,0.0,0.49674,0.0
2025-10-19 22:35:00-07:00,2025-10-20 05:35:00+00:00,2025-10-19 22:40:00-07:00,2025-10-20 05:40:00+00:00,REAL_TIME_5_MIN,BALCH1_7_N001,Node,37.37438,37.0704,0.0,0.30398,0.0
2025-10-19 22:35:00-07:00,2025-10-20 05:35:00+00:00,2025-10-19 22:40:00-07:00,2025-10-20 05:40:00+00:00,REAL_TIME_5_MIN,BEARTAP_1_N001,Node,36.72935,37.0704,0.0,-0.34105,0.0
2025-10-19 22:35:00-07:00,2025-10-20 05:35:00+00:00,2025-10-19 22:40:00-07:00,2025-10-20 05:40:00+00:00,REAL_TIME_5_MIN,SOUTHBY_6_N001,Node,37.56714,37.0704,0.0,0.49674,0.0
2025-10-19 22:40:00-07:00,2025-10-20 05:40:00+00:00,2025-10-19 22:45:00-07:00,2025-10-20 05:45:00+00:00,REAL_TIME_5_MIN,BALCH1_7_N001,Node,36.93384,36.63345,0.0,0.30039,0.0
2025-10-19 22:40:00-07:00,2025-10-20 05:40:00+00:00,2025-10-19 22:45:00-07:00,2025-10-20 05:45:00+00:00,REAL_TIME_5_MIN,BEARTAP_1_N001,Node,36.29642,36.63345,0.0,-0.33703,0.0
2025-10-19 22:40:00-07:00,2025-10-20 05:40:00+00:00,2025-10-19 22:45:00-07:00,2025-10-20 05:45:00+00:00,REAL_TIME_5_MIN,SOUTHBY_6_N001,Node,37.12433,36.63345,0.0,0.49089,0.0
2025-10-19 22:45:00-07:00,2025-10-20 05:45:00+00:00,2025-10-19 22:50:00-07:00,2025-10-20 05:50:00+00:00,REAL_TIME_5_MIN,BALCH1_7_N001,Node,36.14097,35.8186,0.0,0.32237,0.0
2025-10-19 22:45:00-07:00,2025-10-20 05:45:00+00:00,2025-10-19 22:50:00-07:00,2025-10-20 05:50:00+00:00,REAL_TIME_5_MIN,BEARTAP_1_N001,Node,35.49623,35.8186,0.0,-0.32237,0.0
2025-10-19 22:45:00-07:00,2025-10-20 05:45:00+00:00,2025-10-19 22:50:00-07:00,2025-10-20 05:50:00+00:00,REAL_TIME_5_MIN,SOUTHBY_6_N001,Node,36.40603,35.8186,0.0,0.58743,0.0
2025-10-19 22:50:00-07:00,2025-10-20 05:50:00+00:00,2025-10-19 22:55:00-07:00,2025-10-20 05:55:00+00:00,REAL_TIME_5_MIN,BALCH1_7_N001,Node,36.04237,35.72088,0.0,0.32149,0.0
2025-10-19 22:50:00-07:00,2025-10-20 05:50:00+00:00,2025-10-19 22:55:00-07:00,2025-10-20 05:55:00+00:00,REAL_TIME_5_MIN,BEARTAP_1_N001,Node,35.3994,35.72088,0.0,-0.32149,0.0
2025-10-19 22:50:00-07:00,2025-10-20 05:50:00+00:00,2025-10-19 22:55:00-07:00,2025-10-20 05:55:00+00:00,REAL_TIME_5_MIN,SOUTHBY_6_N001,Node,36.30671,35.72088,0.0,0.58582,0.0
2025-10-19 22:55:00-07:00,2025-10-20 05:55:00+00:00,2025-10-19 23:00:00-07:00,2025-10-20 06:00:00+00:00,REAL_TIME_5_MIN,BALCH1_7_N001,Node,36.92737,36.59799,0.0,0.32938,0.0
2025-10-19 22:55:00-07:00,2025-10-20 05:55:00+00:00,2025-10-19 23:00:00-07:00,2025-10-20 06:00:00+00:00,REAL_TIME_5_MIN,BEARTAP_1_N001,Node,36.26861,36.59799,0.0,-0.32938,0.0
2025-10-19 22:55:00-07:00,2025-10-20 05:55:00+00:00,2025-10-19 23:00:00-07:00,2025-10-20 06:00:00+00:00,REAL_TIME_5_MIN,SOUTHBY_6_N001,Node,37.1982,36.59799,0.0,0.60021,0.0
2025-10-19 23:00:00-07:00,2025-10-20 06:00:00+00:00,2025-10-19 23:05:00-07:00,2025-10-20 06:05:00+00:00,REAL_TIME_5_MIN,BALCH1_7_N001,Node,37.9732,37.59723,0.0,0.37597,0.0
2025-10-19 23:00:00-07:00,2025-10-20 06:00:00+00:00,2025-10-19 23:05:00-07:00,2025-10-20 06:05:00+00:00,REAL_TIME_5_MIN,BEARTAP_1_N001,Node,37.29645,37.59723,0.0,-0.30078,0.0
2025-10-19 23:00:00-07:00,2025-10-20 06:00:00+00:00,2025-10-19 23:05:00-07:00,2025-10-20 06:05:00+00:00,REAL_TIME_5_MIN,SOUTHBY_6_N001,Node,38.11231,37.59723,0.0,0.51508,0.0
2025-10-19 23:05:00-07:00,2025-10-20 06:05:00+00:00,2025-10-19 23:10:00-07:00,2025-10-20 06:10:00+00:00,REAL_TIME_5_MIN,BALCH1_7_N001,Node,36.96158,36.59562,0.0,0.36596,0.0
2025-10-19 23:05:00-07:00,2025-10-20 06:05:00+00:00,2025-10-19 23:10:00-07:00,2025-10-20 06:10:00+00:00,REAL_TIME_5_MIN,BEARTAP_1_N001,Node,36.30285,36.59562,0.0,-0.29276,0.0
2025-10-19 23:05:00-07:00,2025-10-20 06:05:00+00:00,2025-10-19 23:10:00-07:00,2025-10-20 06:10:00+00:00,REAL_TIME_5_MIN,SOUTHBY_6_N001,Node,37.09698,36.59562,0.0,0.50136,0.0
2025-10-19 23:10:00-07:00,2025-10-20 06:10:00+00:00,2025-10-19 23:15:00-07:00,2025-10-20 06:15:00+00:00,REAL_TIME_5_MIN,BALCH1_7_N001,Node,34.53051,34.18862,0.0,0.34189,0.0
2025-10-19 23:10:00-07:00,2025-10-20 06:10:00+00:00,2025-10-19 23:15:00-07:00,2025-10-20 06:15:00+00:00,REAL_TIME_5_MIN,BEARTAP_1_N001,Node,33.91511,34.18862,0.0,-0.27351,0.0
2025-10-19 23:10:00-07:00,2025-10-20 06:10:00+00:00,2025-10-19 23:15:00-07:00,2025-10-20 06:15:00+00:00,REAL_TIME_5_MIN,SOUTHBY_6_N001,Node,34.65701,34.18862,0.0,0.46838,0.0
2025-10-19 23:15:00-07:00,2025-10-20 06:15:00+00:00,2025-10-19 23:20:00-07:00,2025-10-20 06:20:00+00:00,REAL_TIME_5_MIN,BALCH1_7_N001,Node,33.00853,32.72059,0.0,0.28794,0.0
2025-10-19 23:15:00-07:00,2025-10-20 06:15:00+00:00,2025-10-19 23:20:00-07:00,2025-10-20 06:20:00+00:00,REAL_TIME_5_MIN,BEARTAP_1_N001,Node,32.46864,32.72059,0.0,-0.25195,0.0
2025-10-19 23:15:00-07:00,2025-10-20 06:15:00+00:00,2025-10-19 23:20:00-07:00,2025-10-20 06:20:00+00:00,REAL_TIME_5_MIN,SOUTHBY_6_N001,Node,33.16232,32.72059,0.0,0.44173,0.0
2025-10-19 23:20:00-07:00,2025-10-20 06:20:00+00:00,2025-10-19 23:25:00-07:00,2025-10-20 06:25:00+00:00,REAL_TIME_5_MIN,BALCH1_7_N001,Node,32.28995,32.00828,0.0,0.28167,0.0
2025-10-19 23:20:00-07:00,2025-10-20 06:20:00+00:00,2025-10-19 23:25:00-07:00,2025-10-20 06:25:00+00:00,REAL_TIME_5_MIN,BEARTAP_1_N001,Node,31.76182,32.00828,0.0,-0.24646,0.0
2025-10-19 23:20:00-07:00,2025-10-20 06:20:00+00:00,2025-10-19 23:25:00-07:00,2025-10-20 06:25:00+00:00,REAL_TIME_5_MIN,SOUTHBY_6_N001,Node,32.44039,32.00828,0.0,0.43211,0.0
2025-10-19 23:25:00-07:00,2025-10-20 06:25:00+00:00,2025-10-19 23:30:00-07:00,2025-10-20 06:30:00+00:00,REAL_TIME_5_MIN,BALCH1_7_N001,Node,32.41295,32.1302,0.0,0.28275,0.0
2025-10-19 23:25:00-07:00,2025-10-20 06:25:00+00:00,2025-10-19 23:30:00-07:00,2025-10-20 06:30:00+00:00,REAL_TIME_5_MIN,BEARTAP_1_N001,Node,31.8828,32.1302,0.0,-0.2474,0.0
2025-10-19 23:25:00-07:00,2025-10-20 06:25:00+00:00,2025-10-19 23:30:00-07:00,2025-10-20 06:30:00+00:00,REAL_TIME_5_MIN,SOUTHBY_6_N001,Node,32.56396,32.1302,0.0,0.43376,0.0
2025-10-19 23:30:00-07:00,2025-10-20 06:30:00+00:00,2025-10-19 23:35:00-07:00,2025-10-20 06:35:00+00:00,REAL_TIME_5_MIN,BALCH1_7_N001,Node,31.72129,31.46641,0.0,0.25488,0.0
2025-10-19 23:30:00-07:00,2025-10-20 06:30:00+00:00,2025-10-19 23:35:00-07:00,2025-10-20 06:35:00+00:00,REAL_TIME_5_MIN,BEARTAP_1_N001,Node,31.1895,31.46641,0.0,-0.2769,0.0
2025-10-19 23:30:00-07:00,2025-10-20 06:30:00+00:00,2025-10-19 23:35:00-07:00,2025-10-20 06:35:00+00:00,REAL_TIME_5_MIN,SOUTHBY_6_N001,Node,31.9447,31.46641,0.0,0.47829,0.0
2025-10-19 23:35:00-07:00,2025-10-20 06:35:00+00:00,2025-10-19 23:40:00-07:00,2025-10-20 06:40:00+00:00,REAL_TIME_5_MIN,BALCH1_7_N001,Node,32.76116,32.49792,0.0,0.26323,0.0
2025-10-19 23:35:00-07:00,2025-10-20 06:35:00+00:00,2025-10-19 23:40:00-07:00,2025-10-20 06:40:00+00:00,REAL_TIME_5_MIN,BEARTAP_1_N001,Node,32.21194,32.49792,0.0,-0.28598,0.0
2025-10-19 23:35:00-07:00,2025-10-20 06:35:00+00:00,2025-10-19 23:40:00-07:00,2025-10-20 06:40:00+00:00,REAL_TIME_5_MIN,SOUTHBY_6_N001,Node,32.99189,32.49792,0.0,0.49397,0.0
2025-10-19 23:40:00-07:00,2025-10-20 06:40:00+00:00,2025-10-19 23:45:00-07:00,2025-10-20 06:45:00+00:00,REAL_TIME_5_MIN,BALCH1_7_N001,Node,32.22147,31.96257,0.0,0.2589,0.0
2025-10-19 23:40:00-07:00,2025-10-20 06:40:00+00:00,2025-10-19 23:45:00-07:00,2025-10-20 06:45:00+00:00,REAL_TIME_5_MIN,BEARTAP_1_N001,Node,31.6813,31.96257,0.0,-0.28127,0.0
2025-10-19 23:40:00-07:00,2025-10-20 06:40:00+00:00,2025-10-19 23:45:00-07:00,2025-10-20 06:45:00+00:00,REAL_TIME_5_MIN,SOUTHBY_6_N001,Node,32.4484,31.96257,0.0,0.48583,0.0
2025-10-19 23:45:00-07:00,2025-10-20 06:45:00+00:00,2025-10-19 23:50:00-07:00,2025-10-20 06:50:00+00:00,REAL_TIME_5_MIN,BALCH1_7_N001,Node,32.649,32.4575,0.0,0.1915,0.0
2025-10-19 23:45:00-07:00,2025-10-20 06:45:00+00:00,2025-10-19 23:50:00-07:00,2025-10-20 06:50:00+00:00,REAL_TIME_5_MIN,BEARTAP_1_N001,Node,32.18485,32.4575,0.0,-0.27264,0.0
2025-10-19 23:45:00-07:00,2025-10-20 06:45:00+00:00,2025-10-19 23:50:00-07:00,2025-10-20 06:50:00+00:00,REAL_TIME_5_MIN,SOUTHBY_6_N001,Node,32.92488,32.4575,0.0,0.46739,0.0
2025-10-19 23:50:00-07:00,2025-10-20 06:50:00+00:00,2025-10-19 23:55:00-07:00,2025-10-20 06:55:00+00:00,REAL_TIME_5_MIN,BALCH1_7_N001,Node,32.649,32.4575,0.0,0.1915,0.0
2025-10-19 23:50:00-07:00,2025-10-20 06:50:00+00:00,2025-10-19 23:55:00-07:00,2025-10-20 06:55:00+00:00,REAL_TIME_5_MIN,BEARTAP_1_N001,Node,32.18485,32.4575,0.0,-0.27264,0.0
2025-10-19 23:50:00-07:00,2025-10-20 06:50:00+00:00,2025-10-19 23:55:00-07:00,2025-10-20 06:55:00+00:00,REAL_TIME_5_MIN,SOUTHBY_6_N001,Node,32.92488,32.4575,0.0,0.46739,0.0
2025-10-19 23:55:00-07:00,2025-10-20 06:55:00+00:00,2025-10-20 00:00:00-07:00,2025-10-20 07:00:00+00:00,REAL_TIME_5_MIN,BALCH1_7_N001,Node,32.649,32.4575,0.0,0.1915,0.0
2025-10-19 23:55:00-07:00,2025-10-20 06:55:00+00:00,2025-10-20 00:00:00-07:00,2025-10-20 07:00:00+00:00,REAL_TIME_5_MIN,BEARTAP_1_N001,Node,32.18485,32.4575,0.0,-0.27264,0.0
2025-10-19 23:55:00-07:00,2025-10-20 06:55:00+00:00,2025-10-20 00:00:00-07:00,2025-10-20 07:00:00+00:00,REAL_TIME_5_MIN,SOUTHBY_6_N001,Node,32.92488,32.4575,0.0,0.46739,0.0
2025-10-19 00:00:00-07:00,2025-10-19 07:00:00+00:00,2025-10-19 00:05:00-07:00,2025-10-19 07:05:00+00:00,REAL_TIME_5_MIN,ANAHEIM_6_N001,Node,50.25927,50.97289,0.0,-0.71362,0.0
2025-10-19 00:00:00-07:00,2025-10-19 07:00:00+00:00,2025-10-19 00:05:00-07:00,2025-10-19 07:05:00+00:00,REAL_TIME_5_MIN,MKT_SUB_LNODEONC,Node,53.44508,50.97289,0.0,2.47219,0.0
2025-10-19 00:00:00-07:00,2025-10-19 07:00:00+00:00,2025-10-19 00:05:00-07:00,2025-10-19 07:05:00+00:00,REAL_TIME_5_MIN,SCEW_2_PDRP89-APND,AP Node,50.35167,50.97289,0.0,-0.62122,0.0
2025-10-19 00:05:00-07:00,2025-10-19 07:05:00+00:00,2025-10-19 00:10:00-07:00,2025-10-19 07:10:00+00:00,REAL_TIME_5_MIN,ANAHEIM_6_N001,Node,50.64534,51.36445,0.0,-0.7191,0.0
2025-10-19 00:05:00-07:00,2025-10-19 07:05:00+00:00,2025-10-19 00:10:00-07:00,2025-10-19 07:10:00+00:00,REAL_TIME_5_MIN,MKT_SUB_LNODEONC,Node,53.85562,51.36445,0.0,2.49118,0.0
2025-10-19 00:05:00-07:00,2025-10-19 07:05:00+00:00,2025-10-19 00:10:00-07:00,2025-10-19 07:10:00+00:00,REAL_TIME_5_MIN,SCEW_2_PDRP89-APND,AP Node,50.73846,51.36445,0.0,-0.62599,0.0
2025-10-19 00:10:00-07:00,2025-10-19 07:10:00+00:00,2025-10-19 00:15:00-07:00,2025-10-19 07:15:00+00:00,REAL_TIME_5_MIN,ANAHEIM_6_N001,Node,53.43557,54.19429,0.0,-0.75872,0.0
2025-10-19 00:10:00-07:00,2025-10-19 07:10:00+00:00,2025-10-19 00:15:00-07:00,2025-10-19 07:15:00+00:00,REAL_TIME_5_MIN,MKT_SUB_LNODEONC,Node,56.82271,54.19429,0.0,2.62842,0.0
2025-10-19 00:10:00-07:00,2025-10-19 07:10:00+00:00,2025-10-19 00:15:00-07:00,2025-10-19 07:15:00+00:00,REAL_TIME_5_MIN,SCEW_2_PDRP89-APND,AP Node,53.53381,54.19429,0.0,-0.66048,0.0
2025-10-19 00:15:00-07:00,2025-10-19 07:15:00+00:00,2025-10-19 00:20:00-07:00,2025-10-19 07:20:00+00:00,REAL_TIME_5_MIN,ANAHEIM_6_N001,Node,56.70297,57.39167,0.0,-0.6887,0.0
2025-10-19 00:15:00-07:00,2025-10-19 07:15:00+00:00,2025-10-19 00:20:00-07:00,2025-10-19 07:20:00+00:00,REAL_TIME_5_MIN,MKT_SUB_LNODEONC,Node,60.32439,57.39167,0.0,2.93271,0.0
2025-10-19 00:15:00-07:00,2025-10-19 07:15:00+00:00,2025-10-19 00:20:00-07:00,2025-10-19 07:20:00+00:00,REAL_TIME_5_MIN,SCEW_2_PDRP89-APND,AP Node,56.80516,57.39167,0.0,-0.58652,0.0
2025-10-19 00:20:00-07:00,2025-10-19 07:20:00+00:00,2025-10-19 00:25:00-07:00,2025-10-19 07:25:00+00:00,REAL_TIME_5_MIN,ANAHEIM_6_N001,Node,56.71347,57.40229,0.0,-0.68883,0.0
2025-10-19 00:20:00-07:00,2025-10-19 07:20:00+00:00,2025-10-19 00:25:00-07:00,2025-10-19 07:25:00+00:00,REAL_TIME_5_MIN,MKT_SUB_LNODEONC,Node,60.33555,57.40229,0.0,2.93326,0.0
2025-10-19 00:20:00-07:00,2025-10-19 07:20:00+00:00,2025-10-19 00:25:00-07:00,2025-10-19 07:25:00+00:00,REAL_TIME_5_MIN,SCEW_2_PDRP89-APND,AP Node,56.81567,57.40229,0.0,-0.58662,0.0
2025-10-19 00:25:00-07:00,2025-10-19 07:25:00+00:00,2025-10-19 00:30:00-07:00,2025-10-19 07:30:00+00:00,REAL_TIME_5_MIN,ANAHEIM_6_N001,Node,56.71343,57.40226,0.0,-0.68883,0.0
2025-10-19 00:25:00-07:00,2025-10-19 07:25:00+00:00,2025-10-19 00:30:00-07:00,2025-10-19 07:30:00+00:00,REAL_TIME_5_MIN,MKT_SUB_LNODEONC,Node,60.33551,57.40226,0.0,2.93326,0.0
2025-10-19 00:25:00-07:00,2025-10-19 07:25:00+00:00,2025-10-19 00:30:00-07:00,2025-10-19 07:30:00+00:00,REAL_TIME_5_MIN,SCEW_2_PDRP89-APND,AP Node,56.81563,57.40226,0.0,-0.58662,0.0
2025-10-19 00:30:00-07:00,2025-10-19 07:30:00+00:00,2025-10-19 00:35:00-07:00,2025-10-19 07:35:00+00:00,REAL_TIME_5_MIN,ANAHEIM_6_N001,Node,57.48955,58.16425,0.0,-0.67471,0.0
2025-10-19 00:30:00-07:00,2025-10-19 07:30:00+00:00,2025-10-19 00:35:00-07:00,2025-10-19 07:35:00+00:00,REAL_TIME_5_MIN,MKT_SUB_LNODEONC,Node,61.19461,58.16425,0.0,3.03036,0.0
2025-10-19 00:30:00-07:00,2025-10-19 07:30:00+00:00,2025-10-19 00:35:00-07:00,2025-10-19 07:35:00+00:00,REAL_TIME_5_MIN,SCEW_2_PDRP89-APND,AP Node,57.59135,58.16425,0.0,-0.5729,0.0
2025-10-19 00:35:00-07:00,2025-10-19 07:35:00+00:00,2025-10-19 00:40:00-07:00,2025-10-19 07:40:00+00:00,REAL_TIME_5_MIN,ANAHEIM_6_N001,Node,57.88138,58.56069,0.0,-0.6793,0.0
2025-10-19 00:35:00-07:00,2025-10-19 07:35:00+00:00,2025-10-19 00:40:00-07:00,2025-10-19 07:40:00+00:00,REAL_TIME_5_MIN,MKT_SUB_LNODEONC,Node,61.6117,58.56069,0.0,3.05101,0.0
2025-10-19 00:35:00-07:00,2025-10-19 07:35:00+00:00,2025-10-19 00:40:00-07:00,2025-10-19 07:40:00+00:00,REAL_TIME_5_MIN,SCEW_2_PDRP89-APND,AP Node,57.98389,58.56069,0.0,-0.5768,0.0
2025-10-19 00:40:00-07:00,2025-10-19 07:40:00+00:00,2025-10-19 00:45:00-07:00,2025-10-19 07:45:00+00:00,REAL_TIME_5_MIN,ANAHEIM_6_N001,Node,55.88117,56.537,0.0,-0.65583,0.0
2025-10-19 00:40:00-07:00,2025-10-19 07:40:00+00:00,2025-10-19 00:45:00-07:00,2025-10-19 07:45:00+00:00,REAL_TIME_5_MIN,MKT_SUB_LNODEONC,Node,59.48258,56.537,0.0,2.94558,0.0
2025-10-19 00:40:00-07:00,2025-10-19 07:40:00+00:00,2025-10-19 00:45:00-07:00,2025-10-19 07:45:00+00:00,REAL_TIME_5_MIN,SCEW_2_PDRP89-APND,AP Node,55.98013,56.537,0.0,-0.55687,0.0
2025-10-19 00:45:00-07:00,2025-10-19 07:45:00+00:00,2025-10-19 00:50:00-07:00,2025-10-19 07:50:00+00:00,REAL_TIME_5_MIN,ANAHEIM_6_N001,Node,50.15694,50.83302,0.0,-0.67608,0.0
2025-10-19 00:45:00-07:00,2025-10-19 07:45:00+00:00,2025-10-19 00:50:00-07:00,2025-10-19 07:50:00+00:00,REAL_TIME_5_MIN,MKT_SUB_LNODEONC,Node,53.5475,50.83302,0.0,2.71448,0.0
2025-10-19 00:45:00-07:00,2025-10-19 07:45:00+00:00,2025-10-19 00:50:00-07:00,2025-10-19 07:50:00+00:00,REAL_TIME_5_MIN,SCEW_2_PDRP89-APND,AP Node,50.2426,50.83302,0.0,-0.59042,0.0
2025-10-19 00:50:00-07:00,2025-10-19 07:50:00+00:00,2025-10-19 00:55:00-07:00,2025-10-19 07:55:00+00:00,REAL_TIME_5_MIN,ANAHEIM_6_N001,Node,50.15648,50.83255,0.0,-0.67607,0.0
2025-10-19 00:50:00-07:00,2025-10-19 07:50:00+00:00,2025-10-19 00:55:00-07:00,2025-10-19 07:55:00+00:00,REAL_TIME_5_MIN,MKT_SUB_LNODEONC,Node,53.54701,50.83255,0.0,2.71446,0.0
2025-10-19 00:50:00-07:00,2025-10-19 07:50:00+00:00,2025-10-19 00:55:00-07:00,2025-10-19 07:55:00+00:00,REAL_TIME_5_MIN,SCEW_2_PDRP89-APND,AP Node,50.24214,50.83255,0.0,-0.59041,0.0
2025-10-19 00:55:00-07:00,2025-10-19 07:55:00+00:00,2025-10-19 01:00:00-07:00,2025-10-19 08:00:00+00:00,REAL_TIME_5_MIN,ANAHEIM_6_N001,Node,50.18821,50.86472,0.0,-0.6765,0.0
2025-10-19 00:55:00-07:00,2025-10-19 07:55:00+00:00,2025-10-19 01:00:00-07:00,2025-10-19 08:00:00+00:00,REAL_TIME_5_MIN,MKT_SUB_LNODEONC,Node,53.58089,50.86472,0.0,2.71618,0.0
2025-10-19 00:55:00-07:00,2025-10-19 07:55:00+00:00,2025-10-19 01:00:00-07:00,2025-10-19 08:00:00+00:00,REAL_TIME_5_MIN,SCEW_2_PDRP89-APND,AP Node,50.27393,50.86472,0.0,-0.59079,0.0
2025-10-19 01:00:00-07:00,2025-10-19 08:00:00+00:00,2025-10-19 01:05:00-07:00,2025-10-19 08:05:00+00:00,REAL_TIME_5_MIN,ANAHEIM_6_N001,Node,55.54465,56.18516,0.0,-0.64051,0.0
2025-10-19 01:00:00-07:00,2025-10-19 08:00:00+00:00,2025-10-19 01:05:00-07:00,2025-10-19 08:05:00+00:00,REAL_TIME_5_MIN,MKT_SUB_LNODEONC,Node,59.15174,56.18516,0.0,2.96658,0.0
2025-10-19 01:00:00-07:00,2025-10-19 08:00:00+00:00,2025-10-19 01:05:00-07:00,2025-10-19 08:05:00+00:00,REAL_TIME_5_MIN,SCEW_2_PDRP89-APND,AP Node,55.64117,56.18516,0.0,-0.54399,0.0
2025-10-19 01:05:00-07:00,2025-10-19 08:05:00+00:00,2025-10-19 01:10:00-07:00,2025-10-19 08:10:00+00:00,REAL_TIME_5_MIN,ANAHEIM_6_N001,Node,55.16424,55.80036,0.0,-0.63612,0.0
2025-10-19 01:05:00-07:00,2025-10-19 08:05:00+00:00,2025-10-19 01:10:00-07:00,2025-10-19 08:10:00+00:00,REAL_TIME_5_MIN,MKT_SUB_LNODEONC,Node,58.74662,55.80036,0.0,2.94626,0.0
2025-10-19 01:05:00-07:00,2025-10-19 08:05:00+00:00,2025-10-19 01:10:00-07:00,2025-10-19 08:10:00+00:00,REAL_TIME_5_MIN,SCEW_2_PDRP89-APND,AP Node,55.2601,55.80036,0.0,-0.54027,0.0
2025-10-19 01:10:00-07:00,2025-10-19 08:10:00+00:00,2025-10-19 01:15:00-07:00,2025-10-19 08:15:00+00:00,REAL_TIME_5_MIN,ANAHEIM_6_N001,Node,50.38067,50.96163,0.0,-0.58096,0.0
2025-10-19 01:10:00-07:00,2025-10-19 08:10:00+00:00,2025-10-19 01:15:00-07:00,2025-10-19 08:15:00+00:00,REAL_TIME_5_MIN,MKT_SUB_LNODEONC,Node,53.65241,50.96163,0.0,2.69077,0.0
2025-10-19 01:10:00-07:00,2025-10-19 08:10:00+00:00,2025-10-19 01:15:00-07:00,2025-10-19 08:15:00+00:00,REAL_TIME_5_MIN,SCEW_2_PDRP89-APND,AP Node,50.46821,50.96163,0.0,-0.49342,0.0
2025-10-19 01:15:00-07:00,2025-10-19 08:15:00+00:00,2025-10-19 01:20:00-07:00,2025-10-19 08:20:00+00:00,REAL_TIME_5_MIN,ANAHEIM_6_N001,Node,50.4441,50.92792,0.0,-0.48382,0.0
2025-10-19 01:15:00-07:00,2025-10-19 08:15:00+00:00,2025-10-19 01:20:00-07:00,2025-10-19 08:20:00+00:00,REAL_TIME_5_MIN,MKT_SUB_LNODEONC,Node,53.68821,50.92792,0.0,2.76029,0.0
2025-10-19 01:15:00-07:00,2025-10-19 08:15:00+00:00,2025-10-19 01:20:00-07:00,2025-10-19 08:20:00+00:00,REAL_TIME_5_MIN,SCEW_2_PDRP89-APND,AP Node,50.52828,50.92792,0.0,-0.39964,0.0
2025-10-19 01:20:00-07:00,2025-10-19 08:20:00+00:00,2025-10-19 01:25:00-07:00,2025-10-19 08:25:00+00:00,REAL_TIME_5_MIN,ANAHEIM_6_N001,Node,50.38256,50.86578,0.0,-0.48322,0.0
2025-10-19 01:20:00-07:00,2025-10-19 08:20:00+00:00,2025-10-19 01:25:00-07:00,2025-10-19 08:25:00+00:00,REAL_TIME_5_MIN,MKT_SUB_LNODEONC,Node,53.62271,50.86578,0.0,2.75693,0.0
2025-10-19 01:20:00-07:00,2025-10-19 08:20:00+00:00,2025-10-19 01:25:00-07:00,2025-10-19 08:25:00+00:00,REAL_TIME_5_MIN,SCEW_2_PDRP89-APND,AP Node,50.46663,50.86578,0.0,-0.39915,0.0
2025-10-19 01:25:00-07:00,2025-10-19 08:25:00+00:00,2025-10-19 01:30:00-07:00,2025-10-19 08:30:00+00:00,REAL_TIME_5_MIN,ANAHEIM_6_N001,Node,50.35487,50.83782,0.0,-0.48296,0.0
2025-10-19 01:25:00-07:00,2025-10-19 08:25:00+00:00,2025-10-19 01:30:00-07:00,2025-10-19 08:30:00+00:00,REAL_TIME_5_MIN,MKT_SUB_LNODEONC,Node,53.59323,50.83782,0.0,2.75541,0.0
2025-10-19 01:25:00-07:00,2025-10-19 08:25:00+00:00,2025-10-19 01:30:00-07:00,2025-10-19 08:30:00+00:00,REAL_TIME_5_MIN,SCEW_2_PDRP89-APND,AP Node,50.43889,50.83782,0.0,-0.39893,0.0
2025-10-19 01:30:00-07:00,2025-10-19 08:30:00+00:00,2025-10-19 01:35:00-07:00,2025-10-19 08:35:00+00:00,REAL_TIME_5_MIN,ANAHEIM_6_N001,Node,51.18491,51.74374,0.0,-0.55883,0.0
2025-10-19 01:30:00-07:00,2025-10-19 08:30:00+00:00,2025-10-19 01:35:00-07:00,2025-10-19 08:35:00+00:00,REAL_TIME_5_MIN,MKT_SUB_LNODEONC,Node,54.44994,51.74374,0.0,2.7062,0.0
2025-10-19 01:30:00-07:00,2025-10-19 08:30:00+00:00,2025-10-19 01:35:00-07:00,2025-10-19 08:35:00+00:00,REAL_TIME_5_MIN,SCEW_2_PDRP89-APND,AP Node,51.26551,51.74374,0.0,-0.47823,0.0
2025-10-19 01:35:00-07:00,2025-10-19 08:35:00+00:00,2025-10-19 01:40:00-07:00,2025-10-19 08:40:00+00:00,REAL_TIME_5_MIN,ANAHEIM_6_N001,Node,49.58087,50.12219,0.0,-0.54132,0.0
2025-10-19 01:35:00-07:00,2025-10-19 08:35:00+00:00,2025-10-19 01:40:00-07:00,2025-10-19 08:40:00+00:00,REAL_TIME_5_MIN,MKT_SUB_LNODEONC,Node,52.74358,50.12219,0.0,2.62139,0.0
2025-10-19 01:35:00-07:00,2025-10-19 08:35:00+00:00,2025-10-19 01:40:00-07:00,2025-10-19 08:40:00+00:00,REAL_TIME_5_MIN,SCEW_2_PDRP89-APND,AP Node,49.65894,50.12219,0.0,-0.46325,0.0
2025-10-19 01:40:00-07:00,2025-10-19 08:40:00+00:00,2025-10-19 01:45:00-07:00,2025-10-19 08:45:00+00:00,REAL_TIME_5_MIN,ANAHEIM_6_N001,Node,48.69695,49.22862,0.0,-0.53167,0.0
2025-10-19 01:40:00-07:00,2025-10-19 08:40:00+00:00,2025-10-19 01:45:00-07:00,2025-10-19 08:45:00+00:00,REAL_TIME_5_MIN,MKT_SUB_LNODEONC,Node,51.80328,49.22862,0.0,2.57466,0.0
2025-10-19 01:40:00-07:00,2025-10-19 08:40:00+00:00,2025-10-19 01:45:00-07:00,2025-10-19 08:45:00+00:00,REAL_TIME_5_MIN,SCEW_2_PDRP89-APND,AP Node,48.77363,49.22862,0.0,-0.45499,0.0
2025-10-19 01:45:00-07:00,2025-10-19 08:45:00+00:00,2025-10-19 01:50:00-07:00,2025-10-19 08:50:00+00:00,REAL_TIME_5_MIN,ANAHEIM_6_N001,Node,49.72079,50.32978,0.0,-0.60899,0.0
2025-10-19 01:45:00-07:00,2025-10-19 08:45:00+00:00,2025-10-19 01:50:00-07:00,2025-10-19 08:50:00+00:00,REAL_TIME_5_MIN,MKT_SUB_LNODEONC,Node,52.94693,50.32978,0.0,2.61715,0.0
2025-10-19 01:45:00-07:00,2025-10-19 08:45:00+00:00,2025-10-19 01:50:00-07:00,2025-10-19 08:50:00+00:00,REAL_TIME_5_MIN,SCEW_2_PDRP89-APND,AP Node,49.79263,50.32978,0.0,-0.53716,0.0
2025-10-19 01:50:00-07:00,2025-10-19 08:50:00+00:00,2025-10-19 01:55:00-07:00,2025-10-19 08:55:00+00:00,REAL_TIME_5_MIN,ANAHEIM_6_N001,Node,50.38086,50.99793,0.0,-0.61707,0.0
2025-10-19 01:50:00-07:00,2025-10-19 08:50:00+00:00,2025-10-19 01:55:00-07:00,2025-10-19 08:55:00+00:00,REAL_TIME_5_MIN,MKT_SUB_LNODEONC,Node,53.64982,50.99793,0.0,2.65189,0.0
2025-10-19 01:50:00-07:00,2025-10-19 08:50:00+00:00,2025-10-19 01:55:00-07:00,2025-10-19 08:55:00+00:00,REAL_TIME_5_MIN,SCEW_2_PDRP89-APND,AP Node,50.45364,50.99793,0.0,-0.54429,0.0
2025-10-19 01:55:00-07:00,2025-10-19 08:55:00+00:00,2025-10-19 02:00:00-07:00,2025-10-19 09:00:00+00:00,REAL_TIME_5_MIN,ANAHEIM_6_N001,Node,51.54381,52.17512,0.0,-0.63132,0.0
2025-10-19 01:55:00-07:00,2025-10-19 08:55:00+00:00,2025-10-19 02:00:00-07:00,2025-10-19 09:00:00+00:00,REAL_TIME_5_MIN,MKT_SUB_LNODEONC,Node,54.88823,52.17512,0.0,2.71311,0.0
2025-10-19 01:55:00-07:00,2025-10-19 08:55:00+00:00,2025-10-19 02:00:00-07:00,2025-10-19 09:00:00+00:00,REAL_TIME_5_MIN,SCEW_2_PDRP89-APND,AP Node,51.61827,52.17512,0.0,-0.55685,0.0
2025-10-19 02:00:00-07:00,2025-10-19 09:00:00+00:00,2025-10-19 02:05:00-07:00,2025-10-19 09:05:00+00:00,REAL_TIME_5_MIN,ANAHEIM_6_N001,Node,52.7461,53.51674,0.0,-0.77064,0.0
2025-10-19 02:00:00-07:00,2025-10-19 09:00:00+00:00,2025-10-19 02:05:00-07:00,2025-10-19 09:05:00+00:00,REAL_TIME_5_MIN,MKT_SUB_LNODEONC,Node,56.25554,53.51674,-0.0012,2.74,0.0
2025-10-19 02:00:00-07:00,2025-10-19 09:00:00+00:00,2025-10-19 02:05:00-07:00,2025-10-19 09:05:00+00:00,REAL_TIME_5_MIN,SCEW_2_PDRP89-APND,AP Node,52.82086,53.51674,0.0,-0.69589,0.0
2025-10-19 02:05:00-07:00,2025-10-19 09:05:00+00:00,2025-10-19 02:10:00-07:00,2025-10-19 09:10:00+00:00,REAL_TIME_5_MIN,ANAHEIM_6_N001,Node,50.44064,51.1776,0.0,-0.73696,0.0
2025-10-19 02:05:00-07:00,2025-10-19 09:05:00+00:00,2025-10-19 02:10:00-07:00,2025-10-19 09:10:00+00:00,REAL_TIME_5_MIN,MKT_SUB_LNODEONC,Node,53.79663,51.1776,-0.0012,2.62023,0.0
2025-10-19 02:05:00-07:00,2025-10-19 09:05:00+00:00,2025-10-19 02:10:00-07:00,2025-10-19 09:10:00+00:00,REAL_TIME_5_MIN,SCEW_2_PDRP89-APND,AP Node,50.51213,51.1776,0.0,-0.66547,0.0
2025-10-19 02:10:00-07:00,2025-10-19 09:10:00+00:00,2025-10-19 02:15:00-07:00,2025-10-19 09:15:00+00:00,REAL_TIME_5_MIN,ANAHEIM_6_N001,Node,48.66528,49.3763,0.0,-0.71102,0.0
2025-10-19 02:10:00-07:00,2025-10-19 09:10:00+00:00,2025-10-19 02:15:00-07:00,2025-10-19 09:15:00+00:00,REAL_TIME_5_MIN,MKT_SUB_LNODEONC,Node,51.90311,49.3763,-0.0012,2.52801,0.0
2025-10-19 02:10:00-07:00,2025-10-19 09:10:00+00:00,2025-10-19 02:15:00-07:00,2025-10-19 09:15:00+00:00,REAL_TIME_5_MIN,SCEW_2_PDRP89-APND,AP Node,48.73425,49.3763,0.0,-0.64205,0.0
2025-10-19 02:15:00-07:00,2025-10-19 09:15:00+00:00,2025-10-19 02:20:00-07:00,2025-10-19 09:20:00+00:00,REAL_TIME_5_MIN,ANAHEIM_6_N001,Node,48.66966,49.25581,0.0,-0.58614,0.0
2025-10-19 02:15:00-07:00,2025-10-19 09:15:00+00:00,2025-10-19 02:20:00-07:00,2025-10-19 09:20:00+00:00,REAL_TIME_5_MIN,MKT_SUB_LNODEONC,Node,51.71241,49.25581,-0.0012,2.4578,0.0
2025-10-19 02:15:00-07:00,2025-10-19 09:15:00+00:00,2025-10-19 02:20:00-07:00,2025-10-19 09:20:00+00:00,REAL_TIME_5_MIN,SCEW_2_PDRP89-APND,AP Node,48.73514,49.25581,0.0,-0.52067,0.0
2025-10-19 02:20:00-07:00,2025-10-19 09:20:00+00:00,2025-10-19 02:25:00-07:00,2025-10-19 09:25:00+00:00,REAL_TIME_5_MIN,ANAHEIM_6_N001,Node,48.66966,49.25581,0.0,-0.58614,0.0
2025-10-19 02:20:00-07:00,2025-10-19 09:20:00+00:00,2025-10-19 02:25:00-07:00,2025-10-19 09:25:00+00:00,REAL_TIME_5_MIN,MKT_SUB_LNODEONC,Node,51.71241,49.25581,-0.0012,2.4578,0.0
2025-10-19 02:20:00-07:00,2025-10-19 09:20:00+00:00,2025-10-19 02:25:00-07:00,2025-10-19 09:25:00+00:00,REAL_TIME_5_MIN,SCEW_2_PDRP89-APND,AP Node,48.73514,49.25581,0.0,-0.52067,0.0
2025-10-19 02:25:00-07:00,2025-10-19 09:25:00+00:00,2025-10-19 02:30:00-07:00,2025-10-19 09:30:00+00:00,REAL_TIME_5_MIN,ANAHEIM_6_N001,Node,47.80955,48.38534,0.0,-0.57579,0.0
2025-10-19 02:25:00-07:00,2025-10-19 09:25:00+00:00,2025-10-19 02:30:00-07:00,2025-10-19 09:30:00+00:00,REAL_TIME_5_MIN,MKT_SUB_LNODEONC,Node,50.79851,48.38534,-0.0012,2.41437,0.0
2025-10-19 02:25:00-07:00,2025-10-19 09:25:00+00:00,2025-10-19 02:30:00-07:00,2025-10-19 09:30:00+00:00,REAL_TIME_5_MIN,SCEW_2_PDRP89-APND,AP Node,47.87387,48.38534,0.0,-0.51146,0.0
2025-10-19 02:30:00-07:00,2025-10-19 09:30:00+00:00,2025-10-19 02:35:00-07:00,2025-10-19 09:35:00+00:00,REAL_TIME_5_MIN,ANAHEIM_6_N001,Node,46.88307,47.51984,0.0,-0.63677,0.0
2025-10-19 02:30:00-07:00,2025-10-19 09:30:00+00:00,2025-10-19 02:35:00-07:00,2025-10-19 09:35:00+00:00,REAL_TIME_5_MIN,MKT_SUB_LNODEONC,Node,49.90407,47.51984,-0.0012,2.38544,0.0
2025-10-19 02:30:00-07:00,2025-10-19 09:30:00+00:00,2025-10-19 02:35:00-07:00,2025-10-19 09:35:00+00:00,REAL_TIME_5_MIN,SCEW_2_PDRP89-APND,AP Node,46.94481,47.51984,0.0,-0.57502,0.0
2025-10-19 02:35:00-07:00,2025-10-19 09:35:00+00:00,2025-10-19 02:40:00-07:00,2025-10-19 09:40:00+00:00,REAL_TIME_5_MIN,ANAHEIM_6_N001,Node,45.44388,46.0611,0.0,-0.61722,0.0
2025-10-19 02:35:00-07:00,2025-10-19 09:35:00+00:00,2025-10-19 02:40:00-07:00,2025-10-19 09:40:00+00:00,REAL_TIME_5_MIN,MKT_SUB_LNODEONC,Node,48.37211,46.0611,-0.0012,2.31221,0.0
2025-10-19 02:35:00-07:00,2025-10-19 09:35:00+00:00,2025-10-19 02:40:00-07:00,2025-10-19 09:40:00+00:00,REAL_TIME_5_MIN,SCEW_2_PDRP89-APND,AP Node,45.50373,46.0611,0.0,-0.55737,0.0
2025-10-19 02:40:00-07:00,2025-10-19 09:40:00+00:00,2025-10-19 02:45:00-07:00,2025-10-19 09:45:00+00:00,REAL_TIME_5_MIN,ANAHEIM_6_N001,Node,45.4757,46.09335,0.0,-0.61765,0.0
2025-10-19 02:40:00-07:00,2025-10-19 09:40:00+00:00,2025-10-19 02:45:00-07:00,2025-10-19 09:45:00+00:00,REAL_TIME_5_MIN,MKT_SUB_LNODEONC,Node,48.40598,46.09335,-0.0012,2.31383,0.0
2025-10-19 02:40:00-07:00,2025-10-19 09:40:00+00:00,2025-10-19 02:45:00-07:00,2025-10-19 09:45:00+00:00,REAL_TIME_5_MIN,SCEW_2_PDRP89-APND,AP Node,45.53559,46.09335,0.0,-0.55776,0.0
2025-10-19 02:45:00-07:00,2025-10-19 09:45:00+00:00,2025-10-19 02:50:00-07:00,2025-10-19 09:50:00+00:00,REAL_TIME_5_MIN,ANAHEIM_6_N001,Node,44.73972,45.40721,0.0,-0.66749,0.0
2025-10-19 02:45:00-07:00,2025-10-19 09:45:00+00:00,2025-10-19 02:50:00-07:00,2025-10-19 09:50:00+00:00,REAL_TIME_5_MIN,MKT_SUB_LNODEONC,Node,47.66268,45.40721,-0.0012,2.25668,0.0
2025-10-19 02:45:00-07:00,2025-10-19 09:45:00+00:00,2025-10-19 02:50:00-07:00,2025-10-19 09:50:00+00:00,REAL_TIME_5_MIN,SCEW_2_PDRP89-APND,AP Node,44.80178,45.40721,0.0,-0.60543,0.0
2025-10-19 02:50:00-07:00,2025-10-19 09:50:00+00:00,2025-10-19 02:55:00-07:00,2025-10-19 09:55:00+00:00,REAL_TIME_5_MIN,ANAHEIM_6_N001,Node,44.15978,44.81862,0.0,-0.65883,0.0
2025-10-19 02:50:00-07:00,2025-10-19 09:50:00+00:00,2025-10-19 02:55:00-07:00,2025-10-19 09:55:00+00:00,REAL_TIME_5_MIN,MKT_SUB_LNODEONC,Node,47.04484,44.81862,-0.0012,2.22743,0.0
2025-10-19 02:50:00-07:00,2025-10-19 09:50:00+00:00,2025-10-19 02:55:00-07:00,2025-10-19 09:55:00+00:00,REAL_TIME_5_MIN,SCEW_2_PDRP89-APND,AP Node,44.22104,44.81862,0.0,-0.59758,0.0
2025-10-19 02:55:00-07:00,2025-10-19 09:55:00+00:00,2025-10-19 03:00:00-07:00,2025-10-19 10:00:00+00:00,REAL_TIME_5_MIN,ANAHEIM_6_N001,Node,42.89215,43.53208,0.0,-0.63992,0.0
2025-10-19 02:55:00-07:00,2025-10-19 09:55:00+00:00,2025-10-19 03:00:00-07:00,2025-10-19 10:00:00+00:00,REAL_TIME_5_MIN,MKT_SUB_LNODEONC,Node,45.69436,43.53208,-0.0012,2.16348,0.0
2025-10-19 02:55:00-07:00,2025-10-19 09:55:00+00:00,2025-10-19 03:00:00-07:00,2025-10-19 10:00:00+00:00,REAL_TIME_5_MIN,SCEW_2_PDRP89-APND,AP Node,42.95165,43.53208,0.0,-0.58042,0.0
2025-10-19 03:00:00-07:00,2025-10-19 10:00:00+00:00,2025-10-19 03:05:00-07:00,2025-10-19 10:05:00+00:00,REAL_TIME_5_MIN,ANAHEIM_6_N001,Node,41.78405,42.38593,0.0,-0.60188,0.0
2025-10-19 03:00:00-07:00,2025-10-19 10:00:00+00:00,2025-10-19 03:05:00-07:00,2025-10-19 10:05:00+00:00,REAL_TIME_5_MIN,MKT_SUB_LNODEONC,Node,44.47429,42.38593,-0.0012,2.08957,0.0
2025-10-19 03:00:00-07:00,2025-10-19 10:00:00+00:00,2025-10-19 03:05:00-07:00,2025-10-19 10:05:00+00:00,REAL_TIME_5_MIN,SCEW_2_PDRP89-APND,AP Node,41.84048,42.38593,0.0,-0.54544,0.0
2025-10-19 03:05:00-07:00,2025-10-19 10:05:00+00:00,2025-10-19 03:10:00-07:00,2025-10-19 10:10:00+00:00,REAL_TIME_5_MIN,ANAHEIM_6_N001,Node,41.65845,42.25852,0.0,-0.60007,0.0
2025-10-19 03:05:00-07:00,2025-10-19 10:05:00+00:00,2025-10-19 03:10:00-07:00,2025-10-19 10:10:00+00:00,REAL_TIME_5_MIN,MKT_SUB_LNODEONC,Node,44.34187,42.25852,0.0,2.08335,0.0
2025-10-19 03:05:00-07:00,2025-10-19 10:05:00+00:00,2025-10-19 03:10:00-07:00,2025-10-19 10:10:00+00:00,REAL_TIME_5_MIN,SCEW_2_PDRP89-APND,AP Node,41.71472,42.25852,0.0,-0.5438,0.0
2025-10-19 03:10:00-07:00,2025-10-19 10:10:00+00:00,2025-10-19 03:15:00-07:00,2025-10-19 10:15:00+00:00,REAL_TIME_5_MIN,ANAHEIM_6_N001,Node,41.28494,41.87963,0.0,-0.59469,0.0
2025-10-19 03:10:00-07:00,2025-10-19 10:10:00+00:00,2025-10-19 03:15:00-07:00,2025-10-19 10:15:00+00:00,REAL_TIME_5_MIN,MKT_SUB_LNODEONC,Node,43.94429,41.87963,0.0,2.06467,0.0
2025-10-19 03:10:00-07:00,2025-10-19 10:10:00+00:00,2025-10-19 03:15:00-07:00,2025-10-19 10:15:00+00:00,REAL_TIME_5_MIN,SCEW_2_PDRP89-APND,AP Node,41.3407,41.87963,0.0,-0.53893,0.0
2025-10-19 03:15:00-07:00,2025-10-19 10:15:00+00:00,2025-10-19 03:20:00-07:00,2025-10-19 10:20:00+00:00,REAL_TIME_5_MIN,ANAHEIM_6_N001,Node,45.44966,45.89947,0.0,-0.44981,0.0
2025-10-19 03:15:00-07:00,2025-10-19 10:15:00+00:00,2025-10-19 03:20:00-07:00,2025-10-19 10:20:00+00:00,REAL_TIME_5_MIN,MKT_SUB_LNODEONC,Node,48.16106,45.89947,-0.0012,2.26278,0.0
2025-10-19 03:15:00-07:00,2025-10-19 10:15:00+00:00,2025-10-19 03:20:00-07:00,2025-10-19 10:20:00+00:00,REAL_TIME_5_MIN,SCEW_2_PDRP89-APND,AP Node,45.51043,45.89947,0.0,-0.38904,0.0
2025-10-19 03:20:00-07:00,2025-10-19 10:20:00+00:00,2025-10-19 03:25:00-07:00,2025-10-19 10:25:00+00:00,REAL_TIME_5_MIN,ANAHEIM_6_N001,Node,47.50711,47.97729,0.0,-0.47018,0.0
2025-10-19 03:20:00-07:00,2025-10-19 10:20:00+00:00,2025-10-19 03:25:00-07:00,2025-10-19 10:25:00+00:00,REAL_TIME_5_MIN,MKT_SUB_LNODEONC,Node,50.34131,47.97729,-0.0012,2.36522,0.0
2025-10-19 03:20:00-07:00,2025-10-19 10:20:00+00:00,2025-10-19 03:25:00-07:00,2025-10-19 10:25:00+00:00,REAL_TIME_5_MIN,SCEW_2_PDRP89-APND,AP Node,47.57064,47.97729,0.0,-0.40665,0.0
2025-10-19 03:25:00-07:00,2025-10-19 10:25:00+00:00,2025-10-19 03:30:00-07:00,2025-10-19 10:30:00+00:00,REAL_TIME_5_MIN,ANAHEIM_6_N001,Node,48.69489,49.17682,0.0,-0.48193,0.0
2025-10-19 03:25:00-07:00,2025-10-19 10:25:00+00:00,2025-10-19 03:30:00-07:00,2025-10-19 10:30:00+00:00,REAL_TIME_5_MIN,MKT_SUB_LNODEONC,Node,51.59998,49.17682,-0.0012,2.42436,0.0
2025-10-19 03:25:00-07:00,2025-10-19 10:25:00+00:00,2025-10-19 03:30:00-07:00,2025-10-19 10:30:00+00:00,REAL_TIME_5_MIN,SCEW_2_PDRP89-APND,AP Node,48.76001,49.17682,0.0,-0.41682,0.0
2025-10-19 03:30:00-07:00,2025-10-19 10:30:00+00:00,2025-10-19 03:35:00-07:00,2025-10-19 10:35:00+00:00,REAL_TIME_5_MIN,ANAHEIM_6_N001,Node,42.16883,42.57757,0.0,-0.40874,0.0
2025-10-19 03:30:00-07:00,2025-10-19 10:30:00+00:00,2025-10-19 03:35:00-07:00,2025-10-19 10:35:00+00:00,REAL_TIME_5_MIN,MKT_SUB_LNODEONC,Node,44.61153,42.57757,-0.0012,2.03515,0.0
2025-10-19 03:30:00-07:00,2025-10-19 10:30:00+00:00,2025-10-19 03:35:00-07:00,2025-10-19 10:35:00+00:00,REAL_TIME_5_MIN,SCEW_2_PDRP89-APND,AP Node,42.22383,42.57757,0.0,-0.35375,0.0
2025-10-19 03:35:00-07:00,2025-10-19 10:35:00+00:00,2025-10-19 03:40:00-07:00,2025-10-19 10:40:00+00:00,REAL_TIME_5_MIN,ANAHEIM_6_N001,Node,42.12493,42.53325,0.0,-0.40832,0.0
2025-10-19 03:35:00-07:00,2025-10-19 10:35:00+00:00,2025-10-19 03:40:00-07:00,2025-10-19 10:40:00+00:00,REAL_TIME_5_MIN,MKT_SUB_LNODEONC,Node,44.56508,42.53325,-0.0012,2.03303,0.0
2025-10-19 03:35:00-07:00,2025-10-19 10:35:00+00:00,2025-10-19 03:40:00-07:00,2025-10-19 10:40:00+00:00,REAL_TIME_5_MIN,SCEW_2_PDRP89-APND,AP Node,42.17987,42.53325,0.0,-0.35338,0.0
2025-10-19 03:40:00-07:00,2025-10-19 10:40:00+00:00,2025-10-19 03:45:00-07:00,2025-10-19 10:45:00+00:00,REAL_TIME_5_MIN,ANAHEIM_6_N001,Node,42.12493,42.53325,0.0,-0.40832,0.0
2025-10-19 03:40:00-07:00,2025-10-19 10:40:00+00:00,2025-10-19 03:45:00-07:00,2025-10-19 10:45:00+00:00,REAL_TIME_5_MIN,MKT_SUB_LNODEONC,Node,44.56508,42.53325,-0.0012,2.03303,0.0
2025-10-19 03:40:00-07:00,2025-10-19 10:40:00+00:00,2025-10-19 03:45:00-07:00,2025-10-19 10:45:00+00:00,REAL_TIME_5_MIN,SCEW_2_PDRP89-APND,AP Node,42.17987,42.53325,0.0,-0.35338,0.0
2025-10-19 03:45:00-07:00,2025-10-19 10:45:00+00:00,2025-10-19 03:50:00-07:00,2025-10-19 10:50:00+00:00,REAL_TIME_5_MIN,ANAHEIM_6_N001,Node,41.47031,41.74163,0.0,-0.27132,0.0
2025-10-19 03:45:00-07:00,2025-10-19 10:45:00+00:00,2025-10-19 03:50:00-07:00,2025-10-19 10:50:00+00:00,REAL_TIME_5_MIN,MKT_SUB_LNODEONC,Node,43.70223,41.74163,-0.0012,1.9618,0.0
2025-10-19 03:45:00-07:00,2025-10-19 10:45:00+00:00,2025-10-19 03:50:00-07:00,2025-10-19 10:50:00+00:00,REAL_TIME_5_MIN,SCEW_2_PDRP89-APND,AP Node,41.52152,41.74163,0.0,-0.22011,0.0
2025-10-19 03:50:00-07:00,2025-10-19 10:50:00+00:00,2025-10-19 03:55:00-07:00,2025-10-19 10:55:00+00:00,REAL_TIME_5_MIN,ANAHEIM_6_N001,Node,41.39006,41.66085,0.0,-0.2708,0.0
2025-10-19 03:50:00-07:00,2025-10-19 10:50:00+00:00,2025-10-19 03:55:00-07:00,2025-10-19 10:55:00+00:00,REAL_TIME_5_MIN,MKT_SUB_LNODEONC,Node,43.61766,41.66085,-0.0012,1.958,0.0
2025-10-19 03:50:00-07:00,2025-10-19 10:50:00+00:00,2025-10-19 03:55:00-07:00,2025-10-19 10:55:00+00:00,REAL_TIME_5_MIN,SCEW_2_PDRP89-APND,AP Node,41.44117,41.66085,0.0,-0.21969,0.0
2025-10-19 03:55:00-07:00,2025-10-19 10:55:00+00:00,2025-10-19 04:00:00-07:00,2025-10-19 11:00:00+00:00,REAL_TIME_5_MIN,ANAHEIM_6_N001,Node,41.72882,42.00183,0.0,-0.27301,0.0
2025-10-19 03:55:00-07:00,2025-10-19 10:55:00+00:00,2025-10-19 04:00:00-07:00,2025-10-19 11:00:00+00:00,REAL_TIME_5_MIN,MKT_SUB_LNODEONC,Node,43.97466,42.00183,-0.0012,1.97403,0.0
2025-10-19 03:55:00-07:00,2025-10-19 10:55:00+00:00,2025-10-19 04:00:00-07:00,2025-10-19 11:00:00+00:00,REAL_TIME_5_MIN,SCEW_2_PDRP89-APND,AP Node,41.78035,42.00183,0.0,-0.22148,0.0
2025-10-19 04:00:00-07:00,2025-10-19 11:00:00+00:00,2025-10-19 04:05:00-07:00,2025-10-19 11:05:00+00:00,REAL_TIME_5_MIN,ANAHEIM_6_N001,Node,47.57685,47.79671,0.0,-0.21986,0.0
2025-10-19 04:00:00-07:00,2025-10-19 11:00:00+00:00,2025-10-19 04:05:00-07:00,2025-10-19 11:05:00+00:00,REAL_TIME_5_MIN,MKT_SUB_LNODEONC,Node,49.89374,47.79671,-0.0012,2.09822,0.0
2025-10-19 04:00:00-07:00,2025-10-19 11:00:00+00:00,2025-10-19 04:05:00-07:00,2025-10-19 11:05:00+00:00,REAL_TIME_5_MIN,SCEW_2_PDRP89-APND,AP Node,47.6356,47.79671,0.0,-0.16111,0.0
2025-10-19 04:05:00-07:00,2025-10-19 11:05:00+00:00,2025-10-19 04:10:00-07:00,2025-10-19 11:10:00+00:00,REAL_TIME_5_MIN,ANAHEIM_6_N001,Node,46.98389,47.20102,0.0,-0.21712,0.0
2025-10-19 04:05:00-07:00,2025-10-19 11:05:00+00:00,2025-10-19 04:10:00-07:00,2025-10-19 11:10:00+00:00,REAL_TIME_5_MIN,MKT_SUB_LNODEONC,Node,49.27189,47.20102,-0.0012,2.07207,0.0
2025-10-19 04:05:00-07:00,2025-10-19 11:05:00+00:00,2025-10-19 04:10:00-07:00,2025-10-19 11:10:00+00:00,REAL_TIME_5_MIN,SCEW_2_PDRP89-APND,AP Node,47.04191,47.20102,0.0,-0.15911,0.0
2025-10-19 04:10:00-07:00,2025-10-19 11:10:00+00:00,2025-10-19 04:15:00-07:00,2025-10-19 11:15:00+00:00,REAL_TIME_5_MIN,ANAHEIM_6_N001,Node,44.53251,44.7383,0.0,-0.2058,0.0
2025-10-19 04:10:00-07:00,2025-10-19 11:10:00+00:00,2025-10-19 04:15:00-07:00,2025-10-19 11:15:00+00:00,REAL_TIME_5_MIN,MKT_SUB_LNODEONC,Node,46.70106,44.7383,-0.0012,1.96396,0.0
2025-10-19 04:10:00-07:00,2025-10-19 11:10:00+00:00,2025-10-19 04:15:00-07:00,2025-10-19 11:15:00+00:00,REAL_TIME_5_MIN,SCEW_2_PDRP89-APND,AP Node,44.5875,44.7383,0.0,-0.1508,0.0
2025-10-19 04:15:00-07:00,2025-10-19 11:15:00+00:00,2025-10-19 04:20:00-07:00,2025-10-19 11:20:00+00:00,REAL_TIME_5_MIN,ANAHEIM_6_N001,Node,44.71551,44.86806,0.0,-0.15255,0.0
2025-10-19 04:15:00-07:00,2025-10-19 11:15:00+00:00,2025-10-19 04:20:00-07:00,2025-10-19 11:20:00+00:00,REAL_TIME_5_MIN,MKT_SUB_LNODEONC,Node,46.73333,44.86806,-0.0012,1.86646,0.0
2025-10-19 04:15:00-07:00,2025-10-19 11:15:00+00:00,2025-10-19 04:20:00-07:00,2025-10-19 11:20:00+00:00,REAL_TIME_5_MIN,SCEW_2_PDRP89-APND,AP Node,44.76775,44.86806,0.0,-0.10032,0.0
2025-10-19 04:20:00-07:00,2025-10-19 11:20:00+00:00,2025-10-19 04:25:00-07:00,2025-10-19 11:25:00+00:00,REAL_TIME_5_MIN,ANAHEIM_6_N001,Node,44.55,44.70199,0.0,-0.15199,0.0
2025-10-19 04:20:00-07:00,2025-10-19 11:20:00+00:00,2025-10-19 04:25:00-07:00,2025-10-19 11:25:00+00:00,REAL_TIME_5_MIN,MKT_SUB_LNODEONC,Node,46.56034,44.70199,-0.0012,1.85955,0.0
2025-10-19 04:20:00-07:00,2025-10-19 11:20:00+00:00,2025-10-19 04:25:00-07:00,2025-10-19 11:25:00+00:00,REAL_TIME_5_MIN,SCEW_2_PDRP89-APND,AP Node,44.60205,44.70199,0.0,-0.09994,0.0
2025-10-19 04:25:00-07:00,2025-10-19 11:25:00+00:00,2025-10-19 04:30:00-07:00,2025-10-19 11:30:00+00:00,REAL_TIME_5_MIN,ANAHEIM_6_N001,Node,43.27666,43.42431,0.0,-0.14764,0.0
2025-10-19 04:25:00-07:00,2025-10-19 11:25:00+00:00,2025-10-19 04:30:00-07:00,2025-10-19 11:30:00+00:00,REAL_TIME_5_MIN,MKT_SUB_LNODEONC,Node,45.22951,43.42431,-0.0012,1.8064,0.0
2025-10-19 04:25:00-07:00,2025-10-19 11:25:00+00:00,2025-10-19 04:30:00-07:00,2025-10-19 11:30:00+00:00,REAL_TIME_5_MIN,SCEW_2_PDRP89-APND,AP Node,43.32722,43.42431,0.0,-0.09709,0.0
2025-10-19 04:30:00-07:00,2025-10-19 11:30:00+00:00,2025-10-19 04:35:00-07:00,2025-10-19 11:35:00+00:00,REAL_TIME_5_MIN,ANAHEIM_6_N001,Node,43.27701,43.43337,0.0,-0.15636,0.0
2025-10-19 04:30:00-07:00,2025-10-19 11:30:00+00:00,2025-10-19 04:35:00-07:00,2025-10-19 11:35:00+00:00,REAL_TIME_5_MIN,MKT_SUB_LNODEONC,Node,45.28672,43.43337,-0.0012,1.85455,0.0
2025-10-19 04:30:00-07:00,2025-10-19 11:30:00+00:00,2025-10-19 04:35:00-07:00,2025-10-19 11:35:00+00:00,REAL_TIME_5_MIN,SCEW_2_PDRP89-APND,AP Node,43.32899,43.43337,0.0,-0.10438,0.0
2025-10-19 04:35:00-07:00,2025-10-19 11:35:00+00:00,2025-10-19 04:40:00-07:00,2025-10-19 11:40:00+00:00,REAL_TIME_5_MIN,ANAHEIM_6_N001,Node,42.899,43.05399,0.0,-0.15499,0.0
2025-10-19 04:35:00-07:00,2025-10-19 11:35:00+00:00,2025-10-19 04:40:00-07:00,2025-10-19 11:40:00+00:00,REAL_TIME_5_MIN,MKT_SUB_LNODEONC,Node,44.89115,43.05399,-0.0012,1.83835,0.0
2025-10-19 04:35:00-07:00,2025-10-19 11:35:00+00:00,2025-10-19 04:40:00-07:00,2025-10-19 11:40:00+00:00,REAL_TIME_5_MIN,SCEW_2_PDRP89-APND,AP Node,42.95053,43.05399,0.0,-0.10346,0.0
2025-10-19 04:40:00-07:00,2025-10-19 11:40:00+00:00,2025-10-19 04:45:00-07:00,2025-10-19 11:45:00+00:00,REAL_TIME_5_MIN,ANAHEIM_6_N001,Node,42.41166,42.5649,0.0,-0.15323,0.0
2025-10-19 04:40:00-07:00,2025-10-19 11:40:00+00:00,2025-10-19 04:45:00-07:00,2025-10-19 11:45:00+00:00,REAL_TIME_5_MIN,MKT_SUB_LNODEONC,Node,44.38117,42.5649,-0.0012,1.81747,0.0
2025-10-19 04:40:00-07:00,2025-10-19 11:40:00+00:00,2025-10-19 04:45:00-07:00,2025-10-19 11:45:00+00:00,REAL_TIME_5_MIN,SCEW_2_PDRP89-APND,AP Node,42.46261,42.5649,0.0,-0.10229,0.0
2025-10-19 04:45:00-07:00,2025-10-19 11:45:00+00:00,2025-10-19 04:50:00-07:00,2025-10-19 11:50:00+00:00,REAL_TIME_5_MIN,ANAHEIM_6_N001,Node,42.82043,42.98808,0.0,-0.16765,0.0
2025-10-19 04:45:00-07:00,2025-10-19 11:45:00+00:00,2025-10-19 04:50:00-07:00,2025-10-19 11:50:00+00:00,REAL_TIME_5_MIN,MKT_SUB_LNODEONC,Node,44.9127,42.98808,-0.0012,1.92581,0.0
2025-10-19 04:45:00-07:00,2025-10-19 11:45:00+00:00,2025-10-19 04:50:00-07:00,2025-10-19 11:50:00+00:00,REAL_TIME_5_MIN,SCEW_2_PDRP89-APND,AP Node,42.87188,42.98808,0.0,-0.11621,0.0
2025-10-19 04:50:00-07:00,2025-10-19 11:50:00+00:00,2025-10-19 04:55:00-07:00,2025-10-19 11:55:00+00:00,REAL_TIME_5_MIN,ANAHEIM_6_N001,Node,43.58073,43.75136,0.0,-0.17063,0.0
2025-10-19 04:50:00-07:00,2025-10-19 11:50:00+00:00,2025-10-19 04:55:00-07:00,2025-10-19 11:55:00+00:00,REAL_TIME_5_MIN,MKT_SUB_LNODEONC,Node,45.71017,43.75136,-0.0012,1.96001,0.0
2025-10-19 04:50:00-07:00,2025-10-19 11:50:00+00:00,2025-10-19 04:55:00-07:00,2025-10-19 11:55:00+00:00,REAL_TIME_5_MIN,SCEW_2_PDRP89-APND,AP Node,43.63309,43.75136,0.0,-0.11827,0.0
2025-10-19 04:55:00-07:00,2025-10-19 11:55:00+00:00,2025-10-19 05:00:00-07:00,2025-10-19 12:00:00+00:00,REAL_TIME_5_MIN,ANAHEIM_6_N001,Node,45.28064,45.45793,0.0,-0.17729,0.0
2025-10-19 04:55:00-07:00,2025-10-19 11:55:00+00:00,2025-10-19 05:00:00-07:00,2025-10-19 12:00:00+00:00,REAL_TIME_5_MIN,MKT_SUB_LNODEONC,Node,47.49319,45.45793,-0.0012,2.03646,0.0
2025-10-19 04:55:00-07:00,2025-10-19 11:55:00+00:00,2025-10-19 05:00:00-07:00,2025-10-19 12:00:00+00:00,REAL_TIME_5_MIN,SCEW_2_PDRP89-APND,AP Node,45.33504,45.45793,0.0,-0.12288,0.0
2025-10-19 05:00:00-07:00,2025-10-19 12:00:00+00:00,2025-10-19 05:05:00-07:00,2025-10-19 12:05:00+00:00,REAL_TIME_5_MIN,ANAHEIM_6_N001,Node,42.2688,42.2688,0.0,0.0,0.0
2025-10-19 05:00:00-07:00,2025-10-19 12:00:00+00:00,2025-10-19 05:05:00-07:00,2025-10-19 12:05:00+00:00,REAL_TIME_5_MIN,MKT_SUB_LNODEONC,Node,42.2676,42.2688,-0.0012,0.0,0.0
2025-10-19 05:00:00-07:00,2025-10-19 12:00:00+00:00,2025-10-19 05:05:00-07:00,2025-10-19 12:05:00+00:00,REAL_TIME_5_MIN,SCEW_2_PDRP89-APND,AP Node,42.2688,42.2688,0.0,0.0,0.0
2025-10-19 05:05:00-07:00,2025-10-19 12:05:00+00:00,2025-10-19 05:10:00-07:00,2025-10-19 12:10:00+00:00,REAL_TIME_5_MIN,ANAHEIM_6_N001,Node,41.9924,41.9924,0.0,0.0,0.0
2025-10-19 05:05:00-07:00,2025-10-19 12:05:00+00:00,2025-10-19 05:10:00-07:00,2025-10-19 12:10:00+00:00,REAL_TIME_5_MIN,MKT_SUB_LNODEONC,Node,41.9912,41.9924,-0.0012,0.0,0.0
2025-10-19 05:05:00-07:00,2025-10-19 12:05:00+00:00,2025-10-19 05:10:00-07:00,2025-10-19 12:10:00+00:00,REAL_TIME_5_MIN,SCEW_2_PDRP89-APND,AP Node,41.9924,41.9924,0.0,0.0,0.0
2025-10-19 05:10:00-07:00,2025-10-19 12:10:00+00:00,2025-10-19 05:15:00-07:00,2025-10-19 12:15:00+00:00,REAL_TIME_5_MIN,ANAHEIM_6_N001,Node,41.6288,41.6288,0.0,0.0,0.0
2025-10-19 05:10:00-07:00,2025-10-19 12:10:00+00:00,2025-10-19 05:15:00-07:00,2025-10-19 12:15:00+00:00,REAL_TIME_5_MIN,MKT_SUB_LNODEONC,Node,41.6276,41.6288,-0.0012,0.0,0.0
2025-10-19 05:10:00-07:00,2025-10-19 12:10:00+00:00,2025-10-19 05:15:00-07:00,2025-10-19 12:15:00+00:00,REAL_TIME_5_MIN,SCEW_2_PDRP89-APND,AP Node,41.6288,41.6288,0.0,0.0,0.0
2025-10-19 05:15:00-07:00,2025-10-19 12:15:00+00:00,2025-10-19 05:20:00-07:00,2025-10-19 12:20:00+00:00,REAL_TIME_5_MIN,ANAHEIM_6_N001,Node,41.8112,41.8112,0.0,0.0,0.0
2025-10-19 05:15:00-07:00,2025-10-19 12:15:00+00:00,2025-10-19 05:20:00-07:00,2025-10-19 12:20:00+00:00,REAL_TIME_5_MIN,MKT_SUB_LNODEONC,Node,41.81,41.8112,-0.0012,0.0,0.0
2025-10-19 05:15:00-07:00,2025-10-19 12:15:00+00:00,2025-10-19 05:20:00-07:00,2025-10-19 12:20:00+00:00,REAL_TIME_5_MIN,SCEW_2_PDRP89-APND,AP Node,41.8112,41.8112,0.0,0.0,0.0
2025-10-19 05:20:00-07:00,2025-10-19 12:20:00+00:00,2025-10-19 05:25:00-07:00,2025-10-19 12:25:00+00:00,REAL_TIME_5_MIN,ANAHEIM_6_N001,Node,42.52,42.52,0.0,0.0,0.0
2025-10-19 05:20:00-07:00,2025-10-19 12:20:00+00:00,2025-10-19 05:25:00-07:00,2025-10-19 12:25:00+00:00,REAL_TIME_5_MIN,MKT_SUB_LNODEONC,Node,42.5188,42.52,-0.0012,0.0,0.0
2025-10-19 05:20:00-07:00,2025-10-19 12:20:00+00:00,2025-10-19 05:25:00-07:00,2025-10-19 12:25:00+00:00,REAL_TIME_5_MIN,SCEW_2_PDRP89-APND,AP Node,42.52,42.52,0.0,0.0,0.0
2025-10-19 05:25:00-07:00,2025-10-19 12:25:00+00:00,2025-10-19 05:30:00-07:00,2025-10-19 12:30:00+00:00,REAL_TIME_5_MIN,ANAHEIM_6_N001,Node,42.4912,42.4912,0.0,0.0,0.0
2025-10-19 05:25:00-07:00,2025-10-19 12:25:00+00:00,2025-10-19 05:30:00-07:00,2025-10-19 12:30:00+00:00,REAL_TIME_5_MIN,MKT_SUB_LNODEONC,Node,42.49,42.4912,-0.0012,0.0,0.0
2025-10-19 05:25:00-07:00,2025-10-19 12:25:00+00:00,2025-10-19 05:30:00-07:00,2025-10-19 12:30:00+00:00,REAL_TIME_5_MIN,SCEW_2_PDRP89-APND,AP Node,42.4912,42.4912,0.0,0.0,0.0
2025-10-19 05:30:00-07:00,2025-10-19 12:30:00+00:00,2025-10-19 05:35:00-07:00,2025-10-19 12:35:00+00:00,REAL_TIME_5_MIN,ANAHEIM_6_N001,Node,43.46138,43.64469,0.0,-0.18331,0.0
2025-10-19 05:30:00-07:00,2025-10-19 12:30:00+00:00,2025-10-19 05:35:00-07:00,2025-10-19 12:35:00+00:00,REAL_TIME_5_MIN,MKT_SUB_LNODEONC,Node,45.78202,43.64469,-0.0012,2.13853,0.0
2025-10-19 05:30:00-07:00,2025-10-19 12:30:00+00:00,2025-10-19 05:35:00-07:00,2025-10-19 12:35:00+00:00,REAL_TIME_5_MIN,SCEW_2_PDRP89-APND,AP Node,43.51078,43.64469,0.0,-0.13391,0.0
2025-10-19 05:35:00-07:00,2025-10-19 12:35:00+00:00,2025-10-19 05:40:00-07:00,2025-10-19 12:40:00+00:00,REAL_TIME_5_MIN,ANAHEIM_6_N001,Node,43.47134,43.65469,0.0,-0.18335,0.0
2025-10-19 05:35:00-07:00,2025-10-19 12:35:00+00:00,2025-10-19 05:40:00-07:00,2025-10-19 12:40:00+00:00,REAL_TIME_5_MIN,MKT_SUB_LNODEONC,Node,45.79251,43.65469,-0.0012,2.13902,0.0
2025-10-19 05:35:00-07:00,2025-10-19 12:35:00+00:00,2025-10-19 05:40:00-07:00,2025-10-19 12:40:00+00:00,REAL_TIME_5_MIN,SCEW_2_PDRP89-APND,AP Node,43.52075,43.65469,0.0,-0.13394,0.0
2025-10-19 05:40:00-07:00,2025-10-19 12:40:00+00:00,2025-10-19 05:45:00-07:00,2025-10-19 12:45:00+00:00,REAL_TIME_5_MIN,ANAHEIM_6_N001,Node,43.42389,43.60704,0.0,-0.18315,0.0
2025-10-19 05:40:00-07:00,2025-10-19 12:40:00+00:00,2025-10-19 05:45:00-07:00,2025-10-19 12:45:00+00:00,REAL_TIME_5_MIN,MKT_SUB_LNODEONC,Node,45.74252,43.60704,-0.0012,2.13669,0.0
2025-10-19 05:40:00-07:00,2025-10-19 12:40:00+00:00,2025-10-19 05:45:00-07:00,2025-10-19 12:45:00+00:00,REAL_TIME_5_MIN,SCEW_2_PDRP89-APND,AP Node,43.47324,43.60704,0.0,-0.13379,0.0
2025-10-19 05:45:00-07:00,2025-10-19 12:45:00+00:00,2025-10-19 05:50:00-07:00,2025-10-19 12:50:00+00:00,REAL_TIME_5_MIN,ANAHEIM_6_N001,Node,47.37364,47.53049,0.0,-0.15685,0.0
2025-10-19 05:45:00-07:00,2025-10-19 12:45:00+00:00,2025-10-19 05:50:00-07:00,2025-10-19 12:50:00+00:00,REAL_TIME_5_MIN,MKT_SUB_LNODEONC,Node,49.85822,47.53049,-0.0012,2.32894,0.0
2025-10-19 05:45:00-07:00,2025-10-19 12:45:00+00:00,2025-10-19 05:50:00-07:00,2025-10-19 12:50:00+00:00,REAL_TIME_5_MIN,SCEW_2_PDRP89-APND,AP Node,47.4291,47.53049,0.0,-0.10139,0.0
2025-10-19 05:50:00-07:00,2025-10-19 12:50:00+00:00,2025-10-19 05:55:00-07:00,2025-10-19 12:55:00+00:00,REAL_TIME_5_MIN,ANAHEIM_6_N001,Node,49.19632,49.35921,0.0,-0.16289,0.0
2025-10-19 05:50:00-07:00,2025-10-19 12:50:00+00:00,2025-10-19 05:55:00-07:00,2025-10-19 12:55:00+00:00,REAL_TIME_5_MIN,MKT_SUB_LNODEONC,Node,51.77655,49.35921,-0.0012,2.41854,0.0
2025-10-19 05:50:00-07:00,2025-10-19 12:50:00+00:00,2025-10-19 05:55:00-07:00,2025-10-19 12:55:00+00:00,REAL_TIME_5_MIN,SCEW_2_PDRP89-APND,AP Node,49.25392,49.35921,0.0,-0.10529,0.0
2025-10-19 05:55:00-07:00,2025-10-19 12:55:00+00:00,2025-10-19 06:00:00-07:00,2025-10-19 13:00:00+00:00,REAL_TIME_5_MIN,ANAHEIM_6_N001,Node,49.24972,49.41278,0.0,-0.16306,0.0
2025-10-19 05:55:00-07:00,2025-10-19 12:55:00+00:00,2025-10-19 06:00:00-07:00,2025-10-19 13:00:00+00:00,REAL_TIME_5_MIN,MKT_SUB_LNODEONC,Node,51.83275,49.41278,-0.0012,2.42117,0.0
2025-10-19 05:55:00-07:00,2025-10-19 12:55:00+00:00,2025-10-19 06:00:00-07:00,2025-10-19 13:00:00+00:00,REAL_TIME_5_MIN,SCEW_2_PDRP89-APND,AP Node,49.30738,49.41278,0.0,-0.10541,0.0
2025-10-19 06:00:00-07:00,2025-10-19 13:00:00+00:00,2025-10-19 06:05:00-07:00,2025-10-19 13:05:00+00:00,REAL_TIME_5_MIN,ANAHEIM_6_N001,Node,41.16836,41.47945,0.0,-0.3111,0.0
2025-10-19 06:00:00-07:00,2025-10-19 13:00:00+00:00,2025-10-19 06:05:00-07:00,2025-10-19 13:05:00+00:00,REAL_TIME_5_MIN,MKT_SUB_LNODEONC,Node,43.35722,41.47945,-0.0012,1.87896,0.0
2025-10-19 06:00:00-07:00,2025-10-19 13:00:00+00:00,2025-10-19 06:05:00-07:00,2025-10-19 13:05:00+00:00,REAL_TIME_5_MIN,SCEW_2_PDRP89-APND,AP Node,41.21529,41.47945,0.0,-0.26416,0.0
2025-10-19 06:05:00-07:00,2025-10-19 13:05:00+00:00,2025-10-19 06:10:00-07:00,2025-10-19 13:10:00+00:00,REAL_TIME_5_MIN,ANAHEIM_6_N001,Node,44.81709,45.15576,0.0,-0.33867,0.0
2025-10-19 06:05:00-07:00,2025-10-19 13:05:00+00:00,2025-10-19 06:10:00-07:00,2025-10-19 13:10:00+00:00,REAL_TIME_5_MIN,MKT_SUB_LNODEONC,Node,47.20006,45.15576,-0.0012,2.0455,0.0
2025-10-19 06:05:00-07:00,2025-10-19 13:05:00+00:00,2025-10-19 06:10:00-07:00,2025-10-19 13:10:00+00:00,REAL_TIME_5_MIN,SCEW_2_PDRP89-APND,AP Node,44.86818,45.15576,0.0,-0.28758,0.0
2025-10-19 06:10:00-07:00,2025-10-19 13:10:00+00:00,2025-10-19 06:15:00-07:00,2025-10-19 13:15:00+00:00,REAL_TIME_5_MIN,ANAHEIM_6_N001,Node,49.36912,49.74219,0.0,-0.37307,0.0
2025-10-19 06:10:00-07:00,2025-10-19 13:10:00+00:00,2025-10-19 06:15:00-07:00,2025-10-19 13:15:00+00:00,REAL_TIME_5_MIN,MKT_SUB_LNODEONC,Node,51.99426,49.74219,-0.0012,2.25327,0.0
2025-10-19 06:10:00-07:00,2025-10-19 13:10:00+00:00,2025-10-19 06:15:00-07:00,2025-10-19 13:15:00+00:00,REAL_TIME_5_MIN,SCEW_2_PDRP89-APND,AP Node,49.42541,49.74219,0.0,-0.31678,0.0
2025-10-19 06:15:00-07:00,2025-10-19 13:15:00+00:00,2025-10-19 06:20:00-07:00,2025-10-19 13:20:00+00:00,REAL_TIME_5_MIN,ANAHEIM_6_N001,Node,49.7711,50.127,0.0,-0.3559,0.0
2025-10-19 06:15:00-07:00,2025-10-19 13:15:00+00:00,2025-10-19 06:20:00-07:00,2025-10-19 13:20:00+00:00,REAL_TIME_5_MIN,MKT_SUB_LNODEONC,Node,52.5569,50.127,-0.0012,2.4311,0.0
2025-10-19 06:15:00-07:00,2025-10-19 13:15:00+00:00,2025-10-19 06:20:00-07:00,2025-10-19 13:20:00+00:00,REAL_TIME_5_MIN,SCEW_2_PDRP89-APND,AP Node,49.82945,50.127,0.0,-0.29755,0.0
2025-10-19 06:20:00-07:00,2025-10-19 13:20:00+00:00,2025-10-19 06:25:00-07:00,2025-10-19 13:25:00+00:00,REAL_TIME_5_MIN,ANAHEIM_6_N001,Node,50.46749,50.82837,0.0,-0.36088,0.0
2025-10-19 06:20:00-07:00,2025-10-19 13:20:00+00:00,2025-10-19 06:25:00-07:00,2025-10-19 13:25:00+00:00,REAL_TIME_5_MIN,MKT_SUB_LNODEONC,Node,53.29229,50.82837,-0.0012,2.46512,0.0
2025-10-19 06:20:00-07:00,2025-10-19 13:20:00+00:00,2025-10-19 06:25:00-07:00,2025-10-19 13:25:00+00:00,REAL_TIME_5_MIN,SCEW_2_PDRP89-APND,AP Node,50.52666,50.82837,0.0,-0.30171,0.0
2025-10-19 06:25:00-07:00,2025-10-19 13:25:00+00:00,2025-10-19 06:30:00-07:00,2025-10-19 13:30:00+00:00,REAL_TIME_5_MIN,ANAHEIM_6_N001,Node,50.42749,50.78809,0.0,-0.3606,0.0
2025-10-19 06:25:00-07:00,2025-10-19 13:25:00+00:00,2025-10-19 06:30:00-07:00,2025-10-19 13:30:00+00:00,REAL_TIME_5_MIN,MKT_SUB_LNODEONC,Node,53.25005,50.78809,-0.0012,2.46316,0.0
2025-10-19 06:25:00-07:00,2025-10-19 13:25:00+00:00,2025-10-19 06:30:00-07:00,2025-10-19 13:30:00+00:00,REAL_TIME_5_MIN,SCEW_2_PDRP89-APND,AP Node,50.48661,50.78809,0.0,-0.30148,0.0
2025-10-19 06:30:00-07:00,2025-10-19 13:30:00+00:00,2025-10-19 06:35:00-07:00,2025-10-19 13:35:00+00:00,REAL_TIME_5_MIN,ANAHEIM_6_N001,Node,55.20811,55.67578,0.0,-0.46768,0.0
2025-10-19 06:30:00-07:00,2025-10-19 13:30:00+00:00,2025-10-19 06:35:00-07:00,2025-10-19 13:35:00+00:00,REAL_TIME_5_MIN,MKT_SUB_LNODEONC,Node,58.36923,55.67578,-0.0012,2.69465,0.0
2025-10-19 06:30:00-07:00,2025-10-19 13:30:00+00:00,2025-10-19 06:35:00-07:00,2025-10-19 13:35:00+00:00,REAL_TIME_5_MIN,SCEW_2_PDRP89-APND,AP Node,55.27292,55.67578,0.0,-0.40286,0.0
2025-10-19 06:35:00-07:00,2025-10-19 13:35:00+00:00,2025-10-19 06:40:00-07:00,2025-10-19 13:40:00+00:00,REAL_TIME_5_MIN,ANAHEIM_6_N001,Node,53.85068,54.30686,0.0,-0.45618,0.0
2025-10-19 06:35:00-07:00,2025-10-19 13:35:00+00:00,2025-10-19 06:40:00-07:00,2025-10-19 13:40:00+00:00,REAL_TIME_5_MIN,MKT_SUB_LNODEONC,Node,56.93405,54.30686,-0.0012,2.62839,0.0
2025-10-19 06:35:00-07:00,2025-10-19 13:35:00+00:00,2025-10-19 06:40:00-07:00,2025-10-19 13:40:00+00:00,REAL_TIME_5_MIN,SCEW_2_PDRP89-APND,AP Node,53.9139,54.30686,0.0,-0.39296,0.0
2025-10-19 06:40:00-07:00,2025-10-19 13:40:00+00:00,2025-10-19 06:45:00-07:00,2025-10-19 13:45:00+00:00,REAL_TIME_5_MIN,ANAHEIM_6_N001,Node,53.87587,54.33226,0.0,-0.45639,0.0
2025-10-19 06:40:00-07:00,2025-10-19 13:40:00+00:00,2025-10-19 06:45:00-07:00,2025-10-19 13:45:00+00:00,REAL_TIME_5_MIN,MKT_SUB_LNODEONC,Node,56.96068,54.33226,-0.0012,2.62962,0.0
2025-10-19 06:40:00-07:00,2025-10-19 13:40:00+00:00,2025-10-19 06:45:00-07:00,2025-10-19 13:45:00+00:00,REAL_TIME_5_MIN,SCEW_2_PDRP89-APND,AP Node,53.93912,54.33226,0.0,-0.39314,0.0
2025-10-19 06:45:00-07:00,2025-10-19 13:45:00+00:00,2025-10-19 06:50:00-07:00,2025-10-19 13:50:00+00:00,REAL_TIME_5_MIN,ANAHEIM_6_N001,Node,53.4816,54.02728,0.0,-0.54568,0.0
2025-10-19 06:45:00-07:00,2025-10-19 13:45:00+00:00,2025-10-19 06:50:00-07:00,2025-10-19 13:50:00+00:00,REAL_TIME_5_MIN,MKT_SUB_LNODEONC,Node,56.61393,54.02728,-0.0012,2.58785,0.0
2025-10-19 06:45:00-07:00,2025-10-19 13:45:00+00:00,2025-10-19 06:50:00-07:00,2025-10-19 13:50:00+00:00,REAL_TIME_5_MIN,SCEW_2_PDRP89-APND,AP Node,53.54625,54.02728,0.0,-0.48103,0.0
2025-10-19 06:50:00-07:00,2025-10-19 13:50:00+00:00,2025-10-19 06:55:00-07:00,2025-10-19 13:55:00+00:00,REAL_TIME_5_MIN,ANAHEIM_6_N001,Node,53.79279,54.34164,0.0,-0.54885,0.0
2025-10-19 06:50:00-07:00,2025-10-19 13:50:00+00:00,2025-10-19 06:55:00-07:00,2025-10-19 13:55:00+00:00,REAL_TIME_5_MIN,MKT_SUB_LNODEONC,Node,56.94334,54.34164,-0.0012,2.60291,0.0
2025-10-19 06:50:00-07:00,2025-10-19 13:50:00+00:00,2025-10-19 06:55:00-07:00,2025-10-19 13:55:00+00:00,REAL_TIME_5_MIN,SCEW_2_PDRP89-APND,AP Node,53.85781,54.34164,0.0,-0.48383,0.0
2025-10-19 06:55:00-07:00,2025-10-19 13:55:00+00:00,2025-10-19 07:00:00-07:00,2025-10-19 14:00:00+00:00,REAL_TIME_5_MIN,ANAHEIM_6_N001,Node,53.79888,54.34779,0.0,-0.54891,0.0
2025-10-19 06:55:00-07:00,2025-10-19 13:55:00+00:00,2025-10-19 07:00:00-07:00,2025-10-19 14:00:00+00:00,REAL_TIME_5_MIN,MKT_SUB_LNODEONC,Node,56.94979,54.34779,-0.0012,2.6032,0.0
2025-10-19 06:55:00-07:00,2025-10-19 13:55:00+00:00,2025-10-19 07:00:00-07:00,2025-10-19 14:00:00+00:00,REAL_TIME_5_MIN,SCEW_2_PDRP89-APND,AP Node,53.86391,54.34779,0.0,-0.48388,0.0
2025-10-19 07:00:00-07:00,2025-10-19 14:00:00+00:00,2025-10-19 07:05:00-07:00,2025-10-19 14:05:00+00:00,REAL_TIME_5_MIN,ANAHEIM_6_N001,Node,57.38862,58.25073,0.0,-0.86211,0.0
2025-10-19 07:00:00-07:00,2025-10-19 14:00:00+00:00,2025-10-19 07:05:00-07:00,2025-10-19 14:05:00+00:00,REAL_TIME_5_MIN,MKT_SUB_LNODEONC,Node,61.15035,58.25073,-0.0012,2.90083,0.0
2025-10-19 07:00:00-07:00,2025-10-19 14:00:00+00:00,2025-10-19 07:05:00-07:00,2025-10-19 14:05:00+00:00,REAL_TIME_5_MIN,SCEW_2_PDRP89-APND,AP Node,57.46588,58.25073,0.0,-0.78485,0.0
2025-10-19 07:05:00-07:00,2025-10-19 14:05:00+00:00,2025-10-19 07:10:00-07:00,2025-10-19 14:10:00+00:00,REAL_TIME_5_MIN,ANAHEIM_6_N001,Node,58.06794,58.94025,0.0,-0.87232,0.0
2025-10-19 07:05:00-07:00,2025-10-19 14:05:00+00:00,2025-10-19 07:10:00-07:00,2025-10-19 14:10:00+00:00,REAL_TIME_5_MIN,MKT_SUB_LNODEONC,Node,61.87422,58.94025,-0.0012,2.93516,0.0
2025-10-19 07:05:00-07:00,2025-10-19 14:05:00+00:00,2025-10-19 07:10:00-07:00,2025-10-19 14:10:00+00:00,REAL_TIME_5_MIN,SCEW_2_PDRP89-APND,AP Node,58.14612,58.94025,0.0,-0.79414,0.0
2025-10-19 07:10:00-07:00,2025-10-19 14:10:00+00:00,2025-10-19 07:15:00-07:00,2025-10-19 14:15:00+00:00,REAL_TIME_5_MIN,ANAHEIM_6_N001,Node,55.06543,55.89264,0.0,-0.82721,0.0
2025-10-19 07:10:00-07:00,2025-10-19 14:10:00+00:00,2025-10-19 07:15:00-07:00,2025-10-19 14:15:00+00:00,REAL_TIME_5_MIN,MKT_SUB_LNODEONC,Node,58.67483,55.89264,-0.0012,2.78339,0.0
2025-10-19 07:10:00-07:00,2025-10-19 14:10:00+00:00,2025-10-19 07:15:00-07:00,2025-10-19 14:15:00+00:00,REAL_TIME_5_MIN,SCEW_2_PDRP89-APND,AP Node,55.13956,55.89264,0.0,-0.75307,0.0
2025-10-19 07:15:00-07:00,2025-10-19 14:15:00+00:00,2025-10-19 07:20:00-07:00,2025-10-19 14:20:00+00:00,REAL_TIME_5_MIN,ANAHEIM_6_N001,Node,52.37563,53.69106,0.0,-1.31543,0.0
2025-10-19 07:15:00-07:00,2025-10-19 14:15:00+00:00,2025-10-19 07:20:00-07:00,2025-10-19 14:20:00+00:00,REAL_TIME_5_MIN,MKT_SUB_LNODEONC,Node,56.53542,53.69106,-0.0012,2.84556,0.0
2025-10-19 07:15:00-07:00,2025-10-19 14:15:00+00:00,2025-10-19 07:20:00-07:00,2025-10-19 14:20:00+00:00,REAL_TIME_5_MIN,SCEW_2_PDRP89-APND,AP Node,52.45541,53.69106,0.0,-1.23565,0.0
2025-10-19 07:20:00-07:00,2025-10-19 14:20:00+00:00,2025-10-19 07:25:00-07:00,2025-10-19 14:25:00+00:00,REAL_TIME_5_MIN,ANAHEIM_6_N001,Node,49.5587,50.80338,0.0,-1.24468,0.0
2025-10-19 07:20:00-07:00,2025-10-19 14:20:00+00:00,2025-10-19 07:25:00-07:00,2025-10-19 14:25:00+00:00,REAL_TIME_5_MIN,MKT_SUB_LNODEONC,Node,53.4947,50.80338,-0.0012,2.69252,0.0
2025-10-19 07:20:00-07:00,2025-10-19 14:20:00+00:00,2025-10-19 07:25:00-07:00,2025-10-19 14:25:00+00:00,REAL_TIME_5_MIN,SCEW_2_PDRP89-APND,AP Node,49.6342,50.80338,0.0,-1.16919,0.0
2025-10-19 07:25:00-07:00,2025-10-19 14:25:00+00:00,2025-10-19 07:30:00-07:00,2025-10-19 14:30:00+00:00,REAL_TIME_5_MIN,ANAHEIM_6_N001,Node,42.99977,44.07972,0.0,-1.07995,0.0
2025-10-19 07:25:00-07:00,2025-10-19 14:25:00+00:00,2025-10-19 07:30:00-07:00,2025-10-19 14:30:00+00:00,REAL_TIME_5_MIN,MKT_SUB_LNODEONC,Node,46.41469,44.07972,-0.0012,2.33616,0.0
2025-10-19 07:25:00-07:00,2025-10-19 14:25:00+00:00,2025-10-19 07:30:00-07:00,2025-10-19 14:30:00+00:00,REAL_TIME_5_MIN,SCEW_2_PDRP89-APND,AP Node,43.06527,44.07972,0.0,-1.01445,0.0
2025-10-19 07:30:00-07:00,2025-10-19 14:30:00+00:00,2025-10-19 07:35:00-07:00,2025-10-19 14:35:00+00:00,REAL_TIME_5_MIN,ANAHEIM_6_N001,Node,35.56299,39.38053,-2.23838,-1.57916,0.0
2025-10-19 07:30:00-07:00,2025-10-19 14:30:00+00:00,2025-10-19 07:35:00-07:00,2025-10-19 14:35:00+00:00,REAL_TIME_5_MIN,MKT_SUB_LNODEONC,Node,39.19088,39.38053,-2.17443,1.98478,0.0
2025-10-19 07:30:00-07:00,2025-10-19 14:30:00+00:00,2025-10-19 07:35:00-07:00,2025-10-19 14:35:00+00:00,REAL_TIME_5_MIN,SCEW_2_PDRP89-APND,AP Node,35.6731,39.38053,-2.19683,-1.5106,0.0
2025-10-19 07:35:00-07:00,2025-10-19 14:35:00+00:00,2025-10-19 07:40:00-07:00,2025-10-19 14:40:00+00:00,REAL_TIME_5_MIN,ANAHEIM_6_N001,Node,29.61324,35.07733,-4.05749,-1.4066,0.0
2025-10-19 07:35:00-07:00,2025-10-19 14:35:00+00:00,2025-10-19 07:40:00-07:00,2025-10-19 14:40:00+00:00,REAL_TIME_5_MIN,MKT_SUB_LNODEONC,Node,32.90366,35.07733,-3.94157,1.7679,0.0
2025-10-19 07:35:00-07:00,2025-10-19 14:35:00+00:00,2025-10-19 07:40:00-07:00,2025-10-19 14:40:00+00:00,REAL_TIME_5_MIN,SCEW_2_PDRP89-APND,AP Node,29.74963,35.07733,-3.98217,-1.34553,0.0
2025-10-19 07:40:00-07:00,2025-10-19 14:40:00+00:00,2025-10-19 07:45:00-07:00,2025-10-19 14:45:00+00:00,REAL_TIME_5_MIN,ANAHEIM_6_N001,Node,26.60427,34.04387,-6.07444,-1.36516,0.0
2025-10-19 07:40:00-07:00,2025-10-19 14:40:00+00:00,2025-10-19 07:45:00-07:00,2025-10-19 14:45:00+00:00,REAL_TIME_5_MIN,MKT_SUB_LNODEONC,Node,29.85879,34.04387,-5.90088,1.71581,0.0
2025-10-19 07:40:00-07:00,2025-10-19 14:40:00+00:00,2025-10-19 07:45:00-07:00,2025-10-19 14:45:00+00:00,REAL_TIME_5_MIN,SCEW_2_PDRP89-APND,AP Node,26.77631,34.04387,-5.96167,-1.30589,0.0
2025-10-19 07:45:00-07:00,2025-10-19 14:45:00+00:00,2025-10-19 07:50:00-07:00,2025-10-19 14:50:00+00:00,REAL_TIME_5_MIN,ANAHEIM_6_N001,Node,22.85523,32.55039,-8.33129,-1.36386,0.0
2025-10-19 07:45:00-07:00,2025-10-19 14:45:00+00:00,2025-10-19 07:50:00-07:00,2025-10-19 14:50:00+00:00,REAL_TIME_5_MIN,MKT_SUB_LNODEONC,Node,25.70665,32.55039,-8.33129,1.48755,0.0
2025-10-19 07:45:00-07:00,2025-10-19 14:45:00+00:00,2025-10-19 07:50:00-07:00,2025-10-19 14:50:00+00:00,REAL_TIME_5_MIN,SCEW_2_PDRP89-APND,AP Node,22.85807,32.55039,-8.41466,-1.27766,0.0
2025-10-19 07:50:00-07:00,2025-10-19 14:50:00+00:00,2025-10-19 07:55:00-07:00,2025-10-19 14:55:00+00:00,REAL_TIME_5_MIN,ANAHEIM_6_N001,Node,19.36218,28.79838,-8.22955,-1.20665,0.0
2025-10-19 07:50:00-07:00,2025-10-19 14:50:00+00:00,2025-10-19 07:55:00-07:00,2025-10-19 14:55:00+00:00,REAL_TIME_5_MIN,MKT_SUB_LNODEONC,Node,21.88492,28.79838,-8.22955,1.31609,0.0
2025-10-19 07:50:00-07:00,2025-10-19 14:50:00+00:00,2025-10-19 07:55:00-07:00,2025-10-19 14:55:00+00:00,REAL_TIME_5_MIN,SCEW_2_PDRP89-APND,AP Node,19.3561,28.79838,-8.3119,-1.13038,0.0
2025-10-19 07:55:00-07:00,2025-10-19 14:55:00+00:00,2025-10-19 08:00:00-07:00,2025-10-19 15:00:00+00:00,REAL_TIME_5_MIN,ANAHEIM_6_N001,Node,14.00806,24.91419,-9.86222,-1.0439,0.0
2025-10-19 07:55:00-07:00,2025-10-19 14:55:00+00:00,2025-10-19 08:00:00-07:00,2025-10-19 15:00:00+00:00,REAL_TIME_5_MIN,MKT_SUB_LNODEONC,Node,16.18929,24.91419,-9.86342,1.13852,0.0
2025-10-19 07:55:00-07:00,2025-10-19 14:55:00+00:00,2025-10-19 08:00:00-07:00,2025-10-19 15:00:00+00:00,REAL_TIME_5_MIN,SCEW_2_PDRP89-APND,AP Node,14.00545,24.91419,-9.93082,-0.97792,0.0
2025-10-19 08:00:00-07:00,2025-10-19 15:00:00+00:00,2025-10-19 08:05:00-07:00,2025-10-19 15:05:00+00:00,REAL_TIME_5_MIN,ANAHEIM_6_N001,Node,27.20951,26.10007,2.28134,-1.17189,0.0
2025-10-19 08:00:00-07:00,2025-10-19 15:00:00+00:00,2025-10-19 08:05:00-07:00,2025-10-19 15:05:00+00:00,REAL_TIME_5_MIN,MKT_SUB_LNODEONC,Node,-11.55408,26.10007,-38.78428,1.13013,0.0
2025-10-19 08:00:00-07:00,2025-10-19 15:00:00+00:00,2025-10-19 08:05:00-07:00,2025-10-19 15:05:00+00:00,REAL_TIME_5_MIN,SCEW_2_PDRP89-APND,AP Node,28.69399,26.10007,3.68001,-1.08609,0.0
2025-10-19 08:05:00-07:00,2025-10-19 15:05:00+00:00,2025-10-19 08:10:00-07:00,2025-10-19 15:10:00+00:00,REAL_TIME_5_MIN,ANAHEIM_6_N001,Node,24.37012,31.43709,-5.65544,-1.41153,0.0
2025-10-19 08:05:00-07:00,2025-10-19 15:05:00+00:00,2025-10-19 08:10:00-07:00,2025-10-19 15:10:00+00:00,REAL_TIME_5_MIN,MKT_SUB_LNODEONC,Node,-9.19482,31.43709,-41.99313,1.36123,0.0
2025-10-19 08:05:00-07:00,2025-10-19 15:05:00+00:00,2025-10-19 08:10:00-07:00,2025-10-19 15:10:00+00:00,REAL_TIME_5_MIN,SCEW_2_PDRP89-APND,AP Node,25.59312,31.43709,-4.53579,-1.30817,0.0
2025-10-19 08:10:00-07:00,2025-10-19 15:10:00+00:00,2025-10-19 08:15:00-07:00,2025-10-19 15:15:00+00:00,REAL_TIME_5_MIN,ANAHEIM_6_N001,Node,26.6481,32.50001,-4.39266,-1.45925,0.0
2025-10-19 08:10:00-07:00,2025-10-19 15:10:00+00:00,2025-10-19 08:15:00-07:00,2025-10-19 15:15:00+00:00,REAL_TIME_5_MIN,MKT_SUB_LNODEONC,Node,-25.94038,32.50001,-59.84764,1.40725,0.0
2025-10-19 08:10:00-07:00,2025-10-19 15:10:00+00:00,2025-10-19 08:15:00-07:00,2025-10-19 15:15:00+00:00,REAL_TIME_5_MIN,SCEW_2_PDRP89-APND,AP Node,28.46374,32.50001,-2.68387,-1.3524,0.0
2025-10-19 08:15:00-07:00,2025-10-19 15:15:00+00:00,2025-10-19 08:20:00-07:00,2025-10-19 15:20:00+00:00,REAL_TIME_5_MIN,ANAHEIM_6_N001,Node,6.79719,23.43817,-15.56047,-1.0805,0.0
2025-10-19 08:15:00-07:00,2025-10-19 15:15:00+00:00,2025-10-19 08:20:00-07:00,2025-10-19 15:20:00+00:00,REAL_TIME_5_MIN,MKT_SUB_LNODEONC,Node,-0.87251,23.43817,-25.3255,1.01482,0.0
2025-10-19 08:15:00-07:00,2025-10-19 15:15:00+00:00,2025-10-19 08:20:00-07:00,2025-10-19 15:20:00+00:00,REAL_TIME_5_MIN,SCEW_2_PDRP89-APND,AP Node,7.30175,23.43817,-15.13919,-0.99722,0.0
2025-10-19 08:20:00-07:00,2025-10-19 15:20:00+00:00,2025-10-19 08:25:00-07:00,2025-10-19 15:25:00+00:00,REAL_TIME_5_MIN,ANAHEIM_6_N001,Node,2.0954,19.5832,-16.58501,-0.90279,0.0
2025-10-19 08:20:00-07:00,2025-10-19 15:20:00+00:00,2025-10-19 08:25:00-07:00,2025-10-19 15:25:00+00:00,REAL_TIME_5_MIN,MKT_SUB_LNODEONC,Node,1.9223,19.5832,-18.5088,0.8479,0.0
2025-10-19 08:20:00-07:00,2025-10-19 15:20:00+00:00,2025-10-19 08:25:00-07:00,2025-10-19 15:25:00+00:00,REAL_TIME_5_MIN,SCEW_2_PDRP89-APND,AP Node,2.26068,19.5832,-16.48932,-0.8332,0.0
2025-10-19 08:25:00-07:00,2025-10-19 15:25:00+00:00,2025-10-19 08:30:00-07:00,2025-10-19 15:30:00+00:00,REAL_TIME_5_MIN,ANAHEIM_6_N001,Node,-0.56613,18.30459,-18.02687,-0.84384,0.0
2025-10-19 08:25:00-07:00,2025-10-19 15:25:00+00:00,2025-10-19 08:30:00-07:00,2025-10-19 15:30:00+00:00,REAL_TIME_5_MIN,MKT_SUB_LNODEONC,Node,1.12884,18.30459,-17.96828,0.79254,0.0
2025-10-19 08:25:00-07:00,2025-10-19 15:25:00+00:00,2025-10-19 08:30:00-07:00,2025-10-19 15:30:00+00:00,REAL_TIME_5_MIN,SCEW_2_PDRP89-APND,AP Node,-0.50212,18.30459,-18.02791,-0.7788,0.0
2025-10-19 08:30:00-07:00,2025-10-19 15:30:00+00:00,2025-10-19 08:35:00-07:00,2025-10-19 15:35:00+00:00,REAL_TIME_5_MIN,ANAHEIM_6_N001,Node,-5.57231,16.47718,-21.28329,-0.76619,0.0
2025-10-19 08:30:00-07:00,2025-10-19 15:30:00+00:00,2025-10-19 08:35:00-07:00,2025-10-19 15:35:00+00:00,REAL_TIME_5_MIN,MKT_SUB_LNODEONC,Node,-4.02471,16.47718,-21.28449,0.78261,0.0
2025-10-19 08:30:00-07:00,2025-10-19 15:30:00+00:00,2025-10-19 08:35:00-07:00,2025-10-19 15:35:00+00:00,REAL_TIME_5_MIN,SCEW_2_PDRP89-APND,AP Node,-5.39472,16.47718,-21.16694,-0.70496,0.0
2025-10-19 08:35:00-07:00,2025-10-19 15:35:00+00:00,2025-10-19 08:40:00-07:00,2025-10-19 15:40:00+00:00,REAL_TIME_5_MIN,ANAHEIM_6_N001,Node,-8.38106,12.37394,-20.17961,-0.57539,0.0
2025-10-19 08:35:00-07:00,2025-10-19 15:35:00+00:00,2025-10-19 08:40:00-07:00,2025-10-19 15:40:00+00:00,REAL_TIME_5_MIN,MKT_SUB_LNODEONC,Node,-8.04487,12.37394,-21.00652,0.58771,0.0
2025-10-19 08:35:00-07:00,2025-10-19 15:35:00+00:00,2025-10-19 08:40:00-07:00,2025-10-19 15:40:00+00:00,REAL_TIME_5_MIN,SCEW_2_PDRP89-APND,AP Node,-8.14878,12.37394,-19.99332,-0.5294,0.0
2025-10-19 08:40:00-07:00,2025-10-19 15:40:00+00:00,2025-10-19 08:45:00-07:00,2025-10-19 15:45:00+00:00,REAL_TIME_5_MIN,ANAHEIM_6_N001,Node,-9.48012,11.27742,-20.23314,-0.5244,0.0
2025-10-19 08:40:00-07:00,2025-10-19 15:40:00+00:00,2025-10-19 08:45:00-07:00,2025-10-19 15:45:00+00:00,REAL_TIME_5_MIN,MKT_SUB_LNODEONC,Node,-8.42129,11.27742,-20.23434,0.53562,0.0
2025-10-19 08:40:00-07:00,2025-10-19 15:40:00+00:00,2025-10-19 08:45:00-07:00,2025-10-19 15:45:00+00:00,REAL_TIME_5_MIN,SCEW_2_PDRP89-APND,AP Node,-9.25905,11.27742,-20.05398,-0.48249,0.0
2025-10-19 08:45:00-07:00,2025-10-19 15:45:00+00:00,2025-10-19 08:50:00-07:00,2025-10-19 15:50:00+00:00,REAL_TIME_5_MIN,ANAHEIM_6_N001,Node,-9.45555,11.32737,-20.28452,-0.4984,0.0
2025-10-19 08:45:00-07:00,2025-10-19 15:45:00+00:00,2025-10-19 08:50:00-07:00,2025-10-19 15:50:00+00:00,REAL_TIME_5_MIN,MKT_SUB_LNODEONC,Node,-8.42505,11.32737,-20.30967,0.55725,0.0
2025-10-19 08:45:00-07:00,2025-10-19 15:45:00+00:00,2025-10-19 08:50:00-07:00,2025-10-19 15:50:00+00:00,REAL_TIME_5_MIN,SCEW_2_PDRP89-APND,AP Node,-9.44247,11.32737,-20.30801,-0.46184,0.0
2025-10-19 08:50:00-07:00,2025-10-19 15:50:00+00:00,2025-10-19 08:55:00-07:00,2025-10-19 15:55:00+00:00,REAL_TIME_5_MIN,ANAHEIM_6_N001,Node,-10.55485,7.59249,-17.81328,-0.33407,0.0
2025-10-19 08:50:00-07:00,2025-10-19 15:50:00+00:00,2025-10-19 08:55:00-07:00,2025-10-19 15:55:00+00:00,REAL_TIME_5_MIN,MKT_SUB_LNODEONC,Node,-9.86807,7.59249,-17.83406,0.37349,0.0
2025-10-19 08:50:00-07:00,2025-10-19 15:50:00+00:00,2025-10-19 08:55:00-07:00,2025-10-19 15:55:00+00:00,REAL_TIME_5_MIN,SCEW_2_PDRP89-APND,AP Node,-10.54958,7.59249,-17.83251,-0.30956,0.0
2025-10-19 08:55:00-07:00,2025-10-19 15:55:00+00:00,2025-10-19 09:00:00-07:00,2025-10-19 16:00:00+00:00,REAL_TIME_5_MIN,ANAHEIM_6_N001,Node,-10.65668,6.10089,-16.48913,-0.26844,0.0
2025-10-19 08:55:00-07:00,2025-10-19 15:55:00+00:00,2025-10-19 09:00:00-07:00,2025-10-19 16:00:00+00:00,REAL_TIME_5_MIN,MKT_SUB_LNODEONC,Node,-10.10366,6.10089,-16.50466,0.3001,0.0
2025-10-19 08:55:00-07:00,2025-10-19 15:55:00+00:00,2025-10-19 09:00:00-07:00,2025-10-19 16:00:00+00:00,REAL_TIME_5_MIN,SCEW_2_PDRP89-APND,AP Node,-10.65111,6.10089,-16.50325,-0.24874,0.0
2025-10-19 09:00:00-07:00,2025-10-19 16:00:00+00:00,2025-10-19 09:05:00-07:00,2025-10-19 16:05:00+00:00,REAL_TIME_5_MIN,ANAHEIM_6_N001,Node,-8.62258,15.31531,-23.1859,-0.75198,0.0
2025-10-19 09:00:00-07:00,2025-10-19 16:00:00+00:00,2025-10-19 09:05:00-07:00,2025-10-19 16:05:00+00:00,REAL_TIME_5_MIN,MKT_SUB_LNODEONC,Node,-20.62978,15.31531,-36.65566,0.71057,0.0
2025-10-19 09:00:00-07:00,2025-10-19 16:00:00+00:00,2025-10-19 09:05:00-07:00,2025-10-19 16:05:00+00:00,REAL_TIME_5_MIN,SCEW_2_PDRP89-APND,AP Node,-8.14885,15.31531,-22.7636,-0.70056,0.0
2025-10-19 09:05:00-07:00,2025-10-19 16:05:00+00:00,2025-10-19 09:10:00-07:00,2025-10-19 16:10:00+00:00,REAL_TIME_5_MIN,ANAHEIM_6_N001,Node,-8.55515,14.79765,-22.62623,-0.72656,0.0
2025-10-19 09:05:00-07:00,2025-10-19 16:05:00+00:00,2025-10-19 09:10:00-07:00,2025-10-19 16:10:00+00:00,REAL_TIME_5_MIN,MKT_SUB_LNODEONC,Node,-29.71486,14.79765,-45.19906,0.68656,0.0
2025-10-19 09:05:00-07:00,2025-10-19 16:05:00+00:00,2025-10-19 09:10:00-07:00,2025-10-19 16:10:00+00:00,REAL_TIME_5_MIN,SCEW_2_PDRP89-APND,AP Node,-7.7902,14.79765,-21.91096,-0.67688,0.0
2025-10-19 09:10:00-07:00,2025-10-19 16:10:00+00:00,2025-10-19 09:15:00-07:00,2025-10-19 16:15:00+00:00,REAL_TIME_5_MIN,ANAHEIM_6_N001,Node,-9.18021,14.6851,-23.14427,-0.72104,0.0
2025-10-19 09:10:00-07:00,2025-10-19 16:10:00+00:00,2025-10-19 09:15:00-07:00,2025-10-19 16:15:00+00:00,REAL_TIME_5_MIN,MKT_SUB_LNODEONC,Node,-26.88401,14.6851,-42.25044,0.68133,0.0
2025-10-19 09:10:00-07:00,2025-10-19 16:10:00+00:00,2025-10-19 09:15:00-07:00,2025-10-19 16:15:00+00:00,REAL_TIME_5_MIN,SCEW_2_PDRP89-APND,AP Node,-8.52551,14.6851,-22.53888,-0.67173,0.0
2025-10-19 09:15:00-07:00,2025-10-19 16:15:00+00:00,2025-10-19 09:20:00-07:00,2025-10-19 16:20:00+00:00,REAL_TIME_5_MIN,ANAHEIM_6_N001,Node,-11.24699,15.56844,-26.09617,-0.71926,0.0
2025-10-19 09:15:00-07:00,2025-10-19 16:15:00+00:00,2025-10-19 09:20:00-07:00,2025-10-19 16:20:00+00:00,REAL_TIME_5_MIN,MKT_SUB_LNODEONC,Node,-27.0503,15.56844,-43.31148,0.69274,0.0
2025-10-19 09:15:00-07:00,2025-10-19 16:15:00+00:00,2025-10-19 09:20:00-07:00,2025-10-19 16:20:00+00:00,REAL_TIME_5_MIN,SCEW_2_PDRP89-APND,AP Node,-10.72931,15.56844,-25.62212,-0.67564,0.0
2025-10-19 09:20:00-07:00,2025-10-19 16:20:00+00:00,2025-10-19 09:25:00-07:00,2025-10-19 16:25:00+00:00,REAL_TIME_5_MIN,ANAHEIM_6_N001,Node,-15.18315,15.97211,-30.41735,-0.73791,0.0
2025-10-19 09:20:00-07:00,2025-10-19 16:20:00+00:00,2025-10-19 09:25:00-07:00,2025-10-19 16:25:00+00:00,REAL_TIME_5_MIN,MKT_SUB_LNODEONC,Node,-33.79598,15.97211,-50.47879,0.71071,0.0
2025-10-19 09:20:00-07:00,2025-10-19 16:20:00+00:00,2025-10-19 09:25:00-07:00,2025-10-19 16:25:00+00:00,REAL_TIME_5_MIN,SCEW_2_PDRP89-APND,AP Node,-14.56622,15.97211,-29.84518,-0.69316,0.0
2025-10-19 09:25:00-07:00,2025-10-19 16:25:00+00:00,2025-10-19 09:30:00-07:00,2025-10-19 16:30:00+00:00,REAL_TIME_5_MIN,ANAHEIM_6_N001,Node,-14.26599,15.90416,-29.43537,-0.73477,0.0
2025-10-19 09:25:00-07:00,2025-10-19 16:25:00+00:00,2025-10-19 09:30:00-07:00,2025-10-19 16:30:00+00:00,REAL_TIME_5_MIN,MKT_SUB_LNODEONC,Node,-33.72054,15.90416,-50.33238,0.70768,0.0
2025-10-19 09:25:00-07:00,2025-10-19 16:25:00+00:00,2025-10-19 09:30:00-07:00,2025-10-19 16:30:00+00:00,REAL_TIME_5_MIN,SCEW_2_PDRP89-APND,AP Node,-13.69702,15.90416,-28.91098,-0.69021,0.0
2025-10-19 09:30:00-07:00,2025-10-19 16:30:00+00:00,2025-10-19 09:35:00-07:00,2025-10-19 16:35:00+00:00,REAL_TIME_5_MIN,ANAHEIM_6_N001,Node,-14.51811,18.79904,-32.55014,-0.767,0.0
2025-10-19 09:30:00-07:00,2025-10-19 16:30:00+00:00,2025-10-19 09:35:00-07:00,2025-10-19 16:35:00+00:00,REAL_TIME_5_MIN,MKT_SUB_LNODEONC,Node,-33.05797,18.79904,-52.70666,0.84966,0.0
2025-10-19 09:30:00-07:00,2025-10-19 16:30:00+00:00,2025-10-19 09:35:00-07:00,2025-10-19 16:35:00+00:00,REAL_TIME_5_MIN,SCEW_2_PDRP89-APND,AP Node,-13.88278,18.79904,-31.97126,-0.71055,0.0
2025-10-19 09:35:00-07:00,2025-10-19 16:35:00+00:00,2025-10-19 09:40:00-07:00,2025-10-19 16:40:00+00:00,REAL_TIME_5_MIN,ANAHEIM_6_N001,Node,-13.64267,20.60456,-33.40656,-0.84067,0.0
2025-10-19 09:35:00-07:00,2025-10-19 16:35:00+00:00,2025-10-19 09:40:00-07:00,2025-10-19 16:40:00+00:00,REAL_TIME_5_MIN,MKT_SUB_LNODEONC,Node,-19.74695,20.60456,-41.28278,0.93127,0.0
2025-10-19 09:35:00-07:00,2025-10-19 16:35:00+00:00,2025-10-19 09:40:00-07:00,2025-10-19 16:40:00+00:00,REAL_TIME_5_MIN,SCEW_2_PDRP89-APND,AP Node,-13.35648,20.60456,-33.18224,-0.7788,0.0
2025-10-19 09:40:00-07:00,2025-10-19 16:40:00+00:00,2025-10-19 09:45:00-07:00,2025-10-19 16:45:00+00:00,REAL_TIME_5_MIN,ANAHEIM_6_N001,Node,-13.20938,21.11736,-33.46515,-0.86159,0.0
2025-10-19 09:40:00-07:00,2025-10-19 16:40:00+00:00,2025-10-19 09:45:00-07:00,2025-10-19 16:45:00+00:00,REAL_TIME_5_MIN,MKT_SUB_LNODEONC,Node,-29.52117,21.11736,-51.59298,0.95445,0.0
2025-10-19 09:40:00-07:00,2025-10-19 16:40:00+00:00,2025-10-19 09:45:00-07:00,2025-10-19 16:45:00+00:00,REAL_TIME_5_MIN,SCEW_2_PDRP89-APND,AP Node,-12.62291,21.11736,-32.94209,-0.79818,0.0
2025-10-19 09:45:00-07:00,2025-10-19 16:45:00+00:00,2025-10-19 09:50:00-07:00,2025-10-19 16:50:00+00:00,REAL_TIME_5_MIN,ANAHEIM_6_N001,Node,-11.84301,22.10302,-32.98455,-0.96148,0.0
2025-10-19 09:45:00-07:00,2025-10-19 16:45:00+00:00,2025-10-19 09:50:00-07:00,2025-10-19 16:50:00+00:00,REAL_TIME_5_MIN,MKT_SUB_LNODEONC,Node,-26.90231,22.10302,-50.1038,1.09846,0.0
2025-10-19 09:45:00-07:00,2025-10-19 16:45:00+00:00,2025-10-19 09:50:00-07:00,2025-10-19 16:50:00+00:00,REAL_TIME_5_MIN,SCEW_2_PDRP89-APND,AP Node,-11.25444,22.10302,-32.45737,-0.90009,0.0
2025-10-19 09:50:00-07:00,2025-10-19 16:50:00+00:00,2025-10-19 09:55:00-07:00,2025-10-19 16:55:00+00:00,REAL_TIME_5_MIN,ANAHEIM_6_N001,Node,-10.1786,22.86104,-32.04518,-0.99446,0.0
2025-10-19 09:50:00-07:00,2025-10-19 16:50:00+00:00,2025-10-19 09:55:00-07:00,2025-10-19 16:55:00+00:00,REAL_TIME_5_MIN,MKT_SUB_LNODEONC,Node,-29.97557,22.86104,-53.97274,1.13613,0.0
2025-10-19 09:50:00-07:00,2025-10-19 16:50:00+00:00,2025-10-19 09:55:00-07:00,2025-10-19 16:55:00+00:00,REAL_TIME_5_MIN,SCEW_2_PDRP89-APND,AP Node,-9.41908,22.86104,-31.34916,-0.93096,0.0
2025-10-19 09:55:00-07:00,2025-10-19 16:55:00+00:00,2025-10-19 10:00:00-07:00,2025-10-19 17:00:00+00:00,REAL_TIME_5_MIN,ANAHEIM_6_N001,Node,-11.00991,24.57183,-34.51286,-1.06887,0.0
2025-10-19 09:55:00-07:00,2025-10-19 16:55:00+00:00,2025-10-19 10:00:00-07:00,2025-10-19 17:00:00+00:00,REAL_TIME_5_MIN,MKT_SUB_LNODEONC,Node,-24.34009,24.57183,-50.13308,1.22116,0.0
2025-10-19 09:55:00-07:00,2025-10-19 16:55:00+00:00,2025-10-19 10:00:00-07:00,2025-10-19 17:00:00+00:00,REAL_TIME_5_MIN,SCEW_2_PDRP89-APND,AP Node,-10.44555,24.57183,-34.01674,-1.00063,0.0
2025-10-19 10:00:00-07:00,2025-10-19 17:00:00+00:00,2025-10-19 10:05:00-07:00,2025-10-19 17:05:00+00:00,REAL_TIME_5_MIN,ANAHEIM_6_N001,Node,-7.07749,20.84045,-26.99262,-0.92532,0.0
2025-10-19 10:00:00-07:00,2025-10-19 17:00:00+00:00,2025-10-19 10:05:00-07:00,2025-10-19 17:05:00+00:00,REAL_TIME_5_MIN,MKT_SUB_LNODEONC,Node,-5.14059,20.84045,-26.99382,1.01279,0.0
2025-10-19 10:00:00-07:00,2025-10-19 17:00:00+00:00,2025-10-19 10:05:00-07:00,2025-10-19 17:05:00+00:00,REAL_TIME_5_MIN,SCEW_2_PDRP89-APND,AP Node,-7.11092,20.84045,-27.09405,-0.85731,0.0
2025-10-19 10:05:00-07:00,2025-10-19 17:05:00+00:00,2025-10-19 10:10:00-07:00,2025-10-19 17:10:00+00:00,REAL_TIME_5_MIN,ANAHEIM_6_N001,Node,-7.20614,21.44776,-27.70163,-0.95228,0.0
2025-10-19 10:05:00-07:00,2025-10-19 17:05:00+00:00,2025-10-19 10:10:00-07:00,2025-10-19 17:10:00+00:00,REAL_TIME_5_MIN,MKT_SUB_LNODEONC,Node,-5.21276,21.44776,-27.70283,1.0423,0.0
2025-10-19 10:05:00-07:00,2025-10-19 17:05:00+00:00,2025-10-19 10:10:00-07:00,2025-10-19 17:10:00+00:00,REAL_TIME_5_MIN,SCEW_2_PDRP89-APND,AP Node,-7.23899,21.44776,-27.80446,-0.8823,0.0
2025-10-19 10:10:00-07:00,2025-10-19 17:10:00+00:00,2025-10-19 10:15:00-07:00,2025-10-19 17:15:00+00:00,REAL_TIME_5_MIN,ANAHEIM_6_N001,Node,-7.42535,21.07311,-27.56282,-0.93565,0.0
2025-10-19 10:10:00-07:00,2025-10-19 17:10:00+00:00,2025-10-19 10:15:00-07:00,2025-10-19 17:15:00+00:00,REAL_TIME_5_MIN,MKT_SUB_LNODEONC,Node,-5.46681,21.07311,-27.56402,1.02409,0.0
2025-10-19 10:10:00-07:00,2025-10-19 17:10:00+00:00,2025-10-19 10:15:00-07:00,2025-10-19 17:15:00+00:00,REAL_TIME_5_MIN,SCEW_2_PDRP89-APND,AP Node,-7.45663,21.07311,-27.66286,-0.86689,0.0
2025-10-19 10:15:00-07:00,2025-10-19 17:15:00+00:00,2025-10-19 10:20:00-07:00,2025-10-19 17:20:00+00:00,REAL_TIME_5_MIN,ANAHEIM_6_N001,Node,-7.28342,21.53941,-27.8751,-0.94773,0.0
2025-10-19 10:15:00-07:00,2025-10-19 17:15:00+00:00,2025-10-19 10:20:00-07:00,2025-10-19 17:20:00+00:00,REAL_TIME_5_MIN,MKT_SUB_LNODEONC,Node,-4.83458,21.53941,-27.35398,0.97999,0.0
2025-10-19 10:15:00-07:00,2025-10-19 17:15:00+00:00,2025-10-19 10:20:00-07:00,2025-10-19 17:20:00+00:00,REAL_TIME_5_MIN,SCEW_2_PDRP89-APND,AP Node,-6.98317,21.53941,-27.64373,-0.87885,0.0
2025-10-19 10:20:00-07:00,2025-10-19 17:20:00+00:00,2025-10-19 10:25:00-07:00,2025-10-19 17:25:00+00:00,REAL_TIME_5_MIN,ANAHEIM_6_N001,Node,-8.20001,19.57883,-26.91737,-0.86147,0.0
2025-10-19 10:20:00-07:00,2025-10-19 17:20:00+00:00,2025-10-19 10:25:00-07:00,2025-10-19 17:25:00+00:00,REAL_TIME_5_MIN,MKT_SUB_LNODEONC,Node,-5.94218,19.57883,-26.41179,0.89078,0.0
2025-10-19 10:20:00-07:00,2025-10-19 17:20:00+00:00,2025-10-19 10:25:00-07:00,2025-10-19 17:25:00+00:00,REAL_TIME_5_MIN,SCEW_2_PDRP89-APND,AP Node,-7.89988,19.57883,-26.67985,-0.79885,0.0
2025-10-19 10:25:00-07:00,2025-10-19 17:25:00+00:00,2025-10-19 10:30:00-07:00,2025-10-19 17:30:00+00:00,REAL_TIME_5_MIN,ANAHEIM_6_N001,Node,-8.04943,16.32229,-23.65354,-0.71818,0.0
2025-10-19 10:25:00-07:00,2025-10-19 17:25:00+00:00,2025-10-19 10:30:00-07:00,2025-10-19 17:30:00+00:00,REAL_TIME_5_MIN,MKT_SUB_LNODEONC,Node,-6.14511,16.32229,-23.21,0.74261,0.0
2025-10-19 10:25:00-07:00,2025-10-19 17:25:00+00:00,2025-10-19 10:30:00-07:00,2025-10-19 17:30:00+00:00,REAL_TIME_5_MIN,SCEW_2_PDRP89-APND,AP Node,-7.79898,16.32229,-23.45528,-0.66598,0.0
2025-10-19 10:30:00-07:00,2025-10-19 17:30:00+00:00,2025-10-19 10:35:00-07:00,2025-10-19 17:35:00+00:00,REAL_TIME_5_MIN,ANAHEIM_6_N001,Node,-7.94092,19.41533,-26.54469,-0.81156,0.0
2025-10-19 10:30:00-07:00,2025-10-19 17:30:00+00:00,2025-10-19 10:35:00-07:00,2025-10-19 17:35:00+00:00,REAL_TIME_5_MIN,MKT_SUB_LNODEONC,Node,-6.24139,19.41533,-26.54589,0.88917,0.0
2025-10-19 10:30:00-07:00,2025-10-19 17:30:00+00:00,2025-10-19 10:35:00-07:00,2025-10-19 17:35:00+00:00,REAL_TIME_5_MIN,SCEW_2_PDRP89-APND,AP Node,-7.46242,19.41533,-26.12385,-0.75389,0.0
2025-10-19 10:35:00-07:00,2025-10-19 17:35:00+00:00,2025-10-19 10:40:00-07:00,2025-10-19 17:40:00+00:00,REAL_TIME_5_MIN,ANAHEIM_6_N001,Node,-7.99485,18.46725,-25.69017,-0.77193,0.0
2025-10-19 10:35:00-07:00,2025-10-19 17:35:00+00:00,2025-10-19 10:40:00-07:00,2025-10-19 17:40:00+00:00,REAL_TIME_5_MIN,MKT_SUB_LNODEONC,Node,-6.37838,18.46725,-25.69137,0.84575,0.0
2025-10-19 10:35:00-07:00,2025-10-19 17:35:00+00:00,2025-10-19 10:40:00-07:00,2025-10-19 17:40:00+00:00,REAL_TIME_5_MIN,SCEW_2_PDRP89-APND,AP Node,-7.53201,18.46725,-25.28218,-0.71708,0.0
2025-10-19 10:40:00-07:00,2025-10-19 17:40:00+00:00,2025-10-19 10:45:00-07:00,2025-10-19 17:45:00+00:00,REAL_TIME_5_MIN,ANAHEIM_6_N001,Node,-8.21318,20.6044,-27.95632,-0.86126,0.0
2025-10-19 10:40:00-07:00,2025-10-19 17:40:00+00:00,2025-10-19 10:45:00-07:00,2025-10-19 17:45:00+00:00,REAL_TIME_5_MIN,MKT_SUB_LNODEONC,Node,-6.40948,20.6044,-27.95752,0.94363,0.0
2025-10-19 10:40:00-07:00,2025-10-19 17:40:00+00:00,2025-10-19 10:45:00-07:00,2025-10-19 17:45:00+00:00,REAL_TIME_5_MIN,SCEW_2_PDRP89-APND,AP Node,-7.71698,20.6044,-27.52132,-0.80006,0.0
2025-10-19 10:45:00-07:00,2025-10-19 17:45:00+00:00,2025-10-19 10:50:00-07:00,2025-10-19 17:50:00+00:00,REAL_TIME_5_MIN,ANAHEIM_6_N001,Node,-8.11305,18.42662,-25.79155,-0.74812,0.0
2025-10-19 10:45:00-07:00,2025-10-19 17:45:00+00:00,2025-10-19 10:50:00-07:00,2025-10-19 17:50:00+00:00,REAL_TIME_5_MIN,MKT_SUB_LNODEONC,Node,-6.55173,18.42662,-25.79275,0.8144,0.0
2025-10-19 10:45:00-07:00,2025-10-19 17:45:00+00:00,2025-10-19 10:50:00-07:00,2025-10-19 17:50:00+00:00,REAL_TIME_5_MIN,SCEW_2_PDRP89-APND,AP Node,-7.65215,18.42662,-25.38243,-0.69634,0.0
2025-10-19 10:50:00-07:00,2025-10-19 17:50:00+00:00,2025-10-19 10:55:00-07:00,2025-10-19 17:55:00+00:00,REAL_TIME_5_MIN,ANAHEIM_6_N001,Node,-8.49229,17.77956,-25.54999,-0.72185,0.0
2025-10-19 10:50:00-07:00,2025-10-19 17:50:00+00:00,2025-10-19 10:55:00-07:00,2025-10-19 17:55:00+00:00,REAL_TIME_5_MIN,MKT_SUB_LNODEONC,Node,-6.98583,17.77956,-25.55119,0.7858,0.0
2025-10-19 10:50:00-07:00,2025-10-19 17:50:00+00:00,2025-10-19 10:55:00-07:00,2025-10-19 17:55:00+00:00,REAL_TIME_5_MIN,SCEW_2_PDRP89-APND,AP Node,-8.04107,17.77956,-25.14874,-0.67189,0.0
2025-10-19 10:55:00-07:00,2025-10-19 17:55:00+00:00,2025-10-19 11:00:00-07:00,2025-10-19 18:00:00+00:00,REAL_TIME_5_MIN,ANAHEIM_6_N001,Node,-8.70549,17.46101,-25.45758,-0.70892,0.0
2025-10-19 10:55:00-07:00,2025-10-19 17:55:00+00:00,2025-10-19 11:00:00-07:00,2025-10-19 18:00:00+00:00,REAL_TIME_5_MIN,MKT_SUB_LNODEONC,Node,-7.22604,17.46101,-25.45878,0.77172,0.0
2025-10-19 10:55:00-07:00,2025-10-19 17:55:00+00:00,2025-10-19 11:00:00-07:00,2025-10-19 18:00:00+00:00,REAL_TIME_5_MIN,SCEW_2_PDRP89-APND,AP Node,-8.25956,17.46101,-25.06073,-0.65985,0.0
2025-10-19 11:00:00-07:00,2025-10-19 18:00:00+00:00,2025-10-19 11:05:00-07:00,2025-10-19 18:05:00+00:00,REAL_TIME_5_MIN,ANAHEIM_6_N001,Node,-8.70549,17.46101,-25.45758,-0.70892,0.0
2025-10-19 11:00:00-07:00,2025-10-19 18:00:00+00:00,2025-10-19 11:05:00-07:00,2025-10-19 18:05:00+00:00,REAL_TIME_5_MIN,MKT_SUB_LNODEONC,Node,-7.22604,17.46101,-25.45878,0.77172,0.0
2025-10-19 11:00:00-07:00,2025-10-19 18:00:00+00:00,2025-10-19 11:05:00-07:00,2025-10-19 18:05:00+00:00,REAL_TIME_5_MIN,SCEW_2_PDRP89-APND,AP Node,-8.25956,17.46101,-25.06073,-0.65985,0.0
2025-10-19 11:05:00-07:00,2025-10-19 18:05:00+00:00,2025-10-19 11:10:00-07:00,2025-10-19 18:10:00+00:00,REAL_TIME_5_MIN,ANAHEIM_6_N001,Node,-7.04769,22.8617,-29.12981,-0.77958,0.0
2025-10-19 11:05:00-07:00,2025-10-19 18:05:00+00:00,2025-10-19 11:10:00-07:00,2025-10-19 18:10:00+00:00,REAL_TIME_5_MIN,MKT_SUB_LNODEONC,Node,-5.38689,22.8617,-29.13101,0.88242,0.0
2025-10-19 11:05:00-07:00,2025-10-19 18:05:00+00:00,2025-10-19 11:10:00-07:00,2025-10-19 18:10:00+00:00,REAL_TIME_5_MIN,SCEW_2_PDRP89-APND,AP Node,-7.29335,22.8617,-29.43743,-0.71762,0.0
2025-10-19 11:10:00-07:00,2025-10-19 18:10:00+00:00,2025-10-19 11:15:00-07:00,2025-10-19 18:15:00+00:00,REAL_TIME_5_MIN,ANAHEIM_6_N001,Node,-8.22816,16.85936,-24.51262,-0.5749,0.0
2025-10-19 11:10:00-07:00,2025-10-19 18:10:00+00:00,2025-10-19 11:15:00-07:00,2025-10-19 18:15:00+00:00,REAL_TIME_5_MIN,MKT_SUB_LNODEONC,Node,-7.00373,16.85936,-24.51382,0.65073,0.0
2025-10-19 11:10:00-07:00,2025-10-19 18:10:00+00:00,2025-10-19 11:15:00-07:00,2025-10-19 18:15:00+00:00,REAL_TIME_5_MIN,SCEW_2_PDRP89-APND,AP Node,-8.43433,16.85936,-24.76449,-0.52921,0.0
2025-10-19 11:15:00-07:00,2025-10-19 18:15:00+00:00,2025-10-19 11:20:00-07:00,2025-10-19 18:20:00+00:00,REAL_TIME_5_MIN,ANAHEIM_6_N001,Node,-8.14357,16.89814,-24.48744,-0.55426,0.0
2025-10-19 11:15:00-07:00,2025-10-19 18:15:00+00:00,2025-10-19 11:20:00-07:00,2025-10-19 18:20:00+00:00,REAL_TIME_5_MIN,MKT_SUB_LNODEONC,Node,-6.89604,16.89814,-24.48864,0.69446,0.0
2025-10-19 11:15:00-07:00,2025-10-19 18:15:00+00:00,2025-10-19 11:20:00-07:00,2025-10-19 18:20:00+00:00,REAL_TIME_5_MIN,SCEW_2_PDRP89-APND,AP Node,-8.17441,16.89814,-24.56355,-0.509,0.0
2025-10-19 11:20:00-07:00,2025-10-19 18:20:00+00:00,2025-10-19 11:25:00-07:00,2025-10-19 18:25:00+00:00,REAL_TIME_5_MIN,ANAHEIM_6_N001,Node,-8.11328,17.07991,-24.63296,-0.56022,0.0
2025-10-19 11:20:00-07:00,2025-10-19 18:20:00+00:00,2025-10-19 11:25:00-07:00,2025-10-19 18:25:00+00:00,REAL_TIME_5_MIN,MKT_SUB_LNODEONC,Node,-6.85232,17.07991,-24.63416,0.70193,0.0
2025-10-19 11:20:00-07:00,2025-10-19 18:20:00+00:00,2025-10-19 11:25:00-07:00,2025-10-19 18:25:00+00:00,REAL_TIME_5_MIN,SCEW_2_PDRP89-APND,AP Node,-8.14489,17.07991,-24.71032,-0.51448,0.0
2025-10-19 11:25:00-07:00,2025-10-19 18:25:00+00:00,2025-10-19 11:30:00-07:00,2025-10-19 18:30:00+00:00,REAL_TIME_5_MIN,ANAHEIM_6_N001,Node,-7.80934,18.58211,-25.78195,-0.60949,0.0
2025-10-19 11:25:00-07:00,2025-10-19 18:25:00+00:00,2025-10-19 11:30:00-07:00,2025-10-19 18:30:00+00:00,REAL_TIME_5_MIN,MKT_SUB_LNODEONC,Node,-6.43737,18.58211,-25.78315,0.76368,0.0
2025-10-19 11:25:00-07:00,2025-10-19 18:25:00+00:00,2025-10-19 11:30:00-07:00,2025-10-19 18:30:00+00:00,REAL_TIME_5_MIN,SCEW_2_PDRP89-APND,AP Node,-7.84777,18.58211,-25.87015,-0.55973,0.0
2025-10-19 11:30:00-07:00,2025-10-19 18:30:00+00:00,2025-10-19 11:35:00-07:00,2025-10-19 18:35:00+00:00,REAL_TIME_5_MIN,ANAHEIM_6_N001,Node,-5.7171,11.98714,-17.31346,-0.39078,0.0
2025-10-19 11:30:00-07:00,2025-10-19 18:30:00+00:00,2025-10-19 11:35:00-07:00,2025-10-19 18:35:00+00:00,REAL_TIME_5_MIN,MKT_SUB_LNODEONC,Node,-4.82046,11.98714,-17.31346,0.50586,0.0
2025-10-19 11:30:00-07:00,2025-10-19 18:30:00+00:00,2025-10-19 11:35:00-07:00,2025-10-19 18:35:00+00:00,REAL_TIME_5_MIN,SCEW_2_PDRP89-APND,AP Node,-5.76365,11.98714,-17.39292,-0.35787,0.0
2025-10-19 11:35:00-07:00,2025-10-19 18:35:00+00:00,2025-10-19 11:40:00-07:00,2025-10-19 18:40:00+00:00,REAL_TIME_5_MIN,ANAHEIM_6_N001,Node,-5.31845,10.11766,-15.10627,-0.32984,0.0
2025-10-19 11:35:00-07:00,2025-10-19 18:35:00+00:00,2025-10-19 11:40:00-07:00,2025-10-19 18:40:00+00:00,REAL_TIME_5_MIN,MKT_SUB_LNODEONC,Node,-4.5629,10.11766,-15.10747,0.42691,0.0
2025-10-19 11:35:00-07:00,2025-10-19 18:35:00+00:00,2025-10-19 11:40:00-07:00,2025-10-19 18:40:00+00:00,REAL_TIME_5_MIN,SCEW_2_PDRP89-APND,AP Node,-5.3643,10.11766,-15.1799,-0.30206,0.0
2025-10-19 11:40:00-07:00,2025-10-19 18:40:00+00:00,2025-10-19 11:45:00-07:00,2025-10-19 18:45:00+00:00,REAL_TIME_5_MIN,ANAHEIM_6_N001,Node,-4.44068,9.2974,-13.43499,-0.3031,0.0
2025-10-19 11:40:00-07:00,2025-10-19 18:40:00+00:00,2025-10-19 11:45:00-07:00,2025-10-19 18:45:00+00:00,REAL_TIME_5_MIN,MKT_SUB_LNODEONC,Node,-3.74648,9.2974,-13.43619,0.3923,0.0
2025-10-19 11:40:00-07:00,2025-10-19 18:40:00+00:00,2025-10-19 11:45:00-07:00,2025-10-19 18:45:00+00:00,REAL_TIME_5_MIN,SCEW_2_PDRP89-APND,AP Node,-4.48942,9.2974,-13.50925,-0.27757,0.0
2025-10-19 11:45:00-07:00,2025-10-19 18:45:00+00:00,2025-10-19 11:50:00-07:00,2025-10-19 18:50:00+00:00,REAL_TIME_5_MIN,ANAHEIM_6_N001,Node,-4.93515,6.95156,-11.6587,-0.22801,0.0
2025-10-19 11:45:00-07:00,2025-10-19 18:45:00+00:00,2025-10-19 11:50:00-07:00,2025-10-19 18:50:00+00:00,REAL_TIME_5_MIN,MKT_SUB_LNODEONC,Node,-4.39348,6.95156,-11.6599,0.31485,0.0
2025-10-19 11:45:00-07:00,2025-10-19 18:45:00+00:00,2025-10-19 11:50:00-07:00,2025-10-19 18:50:00+00:00,REAL_TIME_5_MIN,SCEW_2_PDRP89-APND,AP Node,-4.91533,6.95156,-11.65885,-0.20804,0.0
2025-10-19 11:50:00-07:00,2025-10-19 18:50:00+00:00,2025-10-19 11:55:00-07:00,2025-10-19 18:55:00+00:00,REAL_TIME_5_MIN,ANAHEIM_6_N001,Node,-4.93373,4.53423,-9.31923,-0.14872,0.0
2025-10-19 11:50:00-07:00,2025-10-19 18:50:00+00:00,2025-10-19 11:55:00-07:00,2025-10-19 18:55:00+00:00,REAL_TIME_5_MIN,MKT_SUB_LNODEONC,Node,-4.58086,4.53423,-9.32043,0.20535,0.0
2025-10-19 11:50:00-07:00,2025-10-19 18:50:00+00:00,2025-10-19 11:55:00-07:00,2025-10-19 18:55:00+00:00,REAL_TIME_5_MIN,SCEW_2_PDRP89-APND,AP Node,-4.92081,4.53423,-9.31934,-0.1357,0.0
2025-10-19 11:55:00-07:00,2025-10-19 18:55:00+00:00,2025-10-19 12:00:00-07:00,2025-10-19 19:00:00+00:00,REAL_TIME_5_MIN,ANAHEIM_6_N001,Node,-5.42084,6.81766,-12.01488,-0.22362,0.0
2025-10-19 11:55:00-07:00,2025-10-19 18:55:00+00:00,2025-10-19 12:00:00-07:00,2025-10-19 19:00:00+00:00,REAL_TIME_5_MIN,MKT_SUB_LNODEONC,Node,-4.88963,6.81766,-12.01608,0.30879,0.0
2025-10-19 11:55:00-07:00,2025-10-19 18:55:00+00:00,2025-10-19 12:00:00-07:00,2025-10-19 19:00:00+00:00,REAL_TIME_5_MIN,SCEW_2_PDRP89-APND,AP Node,-5.40141,6.81766,-12.01504,-0.20403,0.0
2025-10-19 12:00:00-07:00,2025-10-19 19:00:00+00:00,2025-10-19 12:05:00-07:00,2025-10-19 19:05:00+00:00,REAL_TIME_5_MIN,ANAHEIM_6_N001,Node,-3.65974,4.20026,-7.70207,-0.15793,0.0
2025-10-19 12:00:00-07:00,2025-10-19 19:00:00+00:00,2025-10-19 12:05:00-07:00,2025-10-19 19:05:00+00:00,REAL_TIME_5_MIN,MKT_SUB_LNODEONC,Node,-3.14542,4.20026,-7.57285,0.22717,0.0
2025-10-19 12:00:00-07:00,2025-10-19 19:00:00+00:00,2025-10-19 12:05:00-07:00,2025-10-19 19:05:00+00:00,REAL_TIME_5_MIN,SCEW_2_PDRP89-APND,AP Node,-3.6222,4.20026,-7.67427,-0.14819,0.0
2025-10-19 12:05:00-07:00,2025-10-19 19:05:00+00:00,2025-10-19 12:10:00-07:00,2025-10-19 19:10:00+00:00,REAL_TIME_5_MIN,ANAHEIM_6_N001,Node,-3.14302,4.38471,-7.36287,-0.16487,0.0
2025-10-19 12:05:00-07:00,2025-10-19 19:05:00+00:00,2025-10-19 12:10:00-07:00,2025-10-19 19:10:00+00:00,REAL_TIME_5_MIN,MKT_SUB_LNODEONC,Node,-2.57993,4.38471,-7.20179,0.23715,0.0
2025-10-19 12:05:00-07:00,2025-10-19 19:05:00+00:00,2025-10-19 12:10:00-07:00,2025-10-19 19:10:00+00:00,REAL_TIME_5_MIN,SCEW_2_PDRP89-APND,AP Node,-3.10359,4.38471,-7.3336,-0.1547,0.0
2025-10-19 12:10:00-07:00,2025-10-19 19:10:00+00:00,2025-10-19 12:15:00-07:00,2025-10-19 19:15:00+00:00,REAL_TIME_5_MIN,ANAHEIM_6_N001,Node,-3.62512,4.78238,-8.22768,-0.17982,0.0
2025-10-19 12:10:00-07:00,2025-10-19 19:10:00+00:00,2025-10-19 12:15:00-07:00,2025-10-19 19:15:00+00:00,REAL_TIME_5_MIN,MKT_SUB_LNODEONC,Node,-2.87237,4.78238,-7.91341,0.25866,0.0
2025-10-19 12:10:00-07:00,2025-10-19 19:10:00+00:00,2025-10-19 12:15:00-07:00,2025-10-19 19:15:00+00:00,REAL_TIME_5_MIN,SCEW_2_PDRP89-APND,AP Node,-3.58487,4.78238,-8.19852,-0.16873,0.0
2025-10-19 12:15:00-07:00,2025-10-19 19:15:00+00:00,2025-10-19 12:20:00-07:00,2025-10-19 19:20:00+00:00,REAL_TIME_5_MIN,ANAHEIM_6_N001,Node,-1.77629,1.32041,-3.04916,-0.04753,0.0
2025-10-19 12:15:00-07:00,2025-10-19 19:15:00+00:00,2025-10-19 12:20:00-07:00,2025-10-19 19:20:00+00:00,REAL_TIME_5_MIN,MKT_SUB_LNODEONC,Node,-0.67801,1.32041,-2.07203,0.07361,0.0
2025-10-19 12:15:00-07:00,2025-10-19 19:15:00+00:00,2025-10-19 12:20:00-07:00,2025-10-19 19:20:00+00:00,REAL_TIME_5_MIN,SCEW_2_PDRP89-APND,AP Node,-1.70982,1.32041,-2.98562,-0.0446,0.0
2025-10-19 12:20:00-07:00,2025-10-19 19:20:00+00:00,2025-10-19 12:25:00-07:00,2025-10-19 19:25:00+00:00,REAL_TIME_5_MIN,ANAHEIM_6_N001,Node,-3.23794,-0.42406,-2.82915,0.01527,0.0
2025-10-19 12:20:00-07:00,2025-10-19 19:20:00+00:00,2025-10-19 12:25:00-07:00,2025-10-19 19:25:00+00:00,REAL_TIME_5_MIN,MKT_SUB_LNODEONC,Node,-2.6597,-0.42406,-2.21191,-0.02373,0.0
2025-10-19 12:20:00-07:00,2025-10-19 19:20:00+00:00,2025-10-19 12:25:00-07:00,2025-10-19 19:25:00+00:00,REAL_TIME_5_MIN,SCEW_2_PDRP89-APND,AP Node,-3.193,-0.42406,-2.78327,0.01432,0.0
2025-10-19 12:25:00-07:00,2025-10-19 19:25:00+00:00,2025-10-19 12:30:00-07:00,2025-10-19 19:30:00+00:00,REAL_TIME_5_MIN,ANAHEIM_6_N001,Node,-4.33065,-0.41366,-3.93189,0.01489,0.0
2025-10-19 12:25:00-07:00,2025-10-19 19:25:00+00:00,2025-10-19 12:30:00-07:00,2025-10-19 19:30:00+00:00,REAL_TIME_5_MIN,MKT_SUB_LNODEONC,Node,-3.87568,-0.41366,-3.43888,-0.02315,0.0
2025-10-19 12:25:00-07:00,2025-10-19 19:25:00+00:00,2025-10-19 12:30:00-07:00,2025-10-19 19:30:00+00:00,REAL_TIME_5_MIN,SCEW_2_PDRP89-APND,AP Node,-4.28346,-0.41366,-3.88378,0.01397,0.0
2025-10-19 12:30:00-07:00,2025-10-19 19:30:00+00:00,2025-10-19 12:35:00-07:00,2025-10-19 19:35:00+00:00,REAL_TIME_5_MIN,ANAHEIM_6_N001,Node,-5.26576,-0.8324,-4.46557,0.03221,0.0
2025-10-19 12:30:00-07:00,2025-10-19 19:30:00+00:00,2025-10-19 12:35:00-07:00,2025-10-19 19:35:00+00:00,REAL_TIME_5_MIN,MKT_SUB_LNODEONC,Node,-5.25299,-0.8324,-4.37273,-0.04785,0.0
2025-10-19 12:30:00-07:00,2025-10-19 19:30:00+00:00,2025-10-19 12:35:00-07:00,2025-10-19 19:35:00+00:00,REAL_TIME_5_MIN,SCEW_2_PDRP89-APND,AP Node,-5.26269,-0.8324,-4.46071,0.03042,0.0
2025-10-19 12:35:00-07:00,2025-10-19 19:35:00+00:00,2025-10-19 12:40:00-07:00,2025-10-19 19:40:00+00:00,REAL_TIME_5_MIN,ANAHEIM_6_N001,Node,-4.87602,-1.48229,-3.45109,0.05736,0.0
2025-10-19 12:35:00-07:00,2025-10-19 19:35:00+00:00,2025-10-19 12:40:00-07:00,2025-10-19 19:40:00+00:00,REAL_TIME_5_MIN,MKT_SUB_LNODEONC,Node,-4.674,-1.48229,-3.10656,-0.08515,0.0
2025-10-19 12:35:00-07:00,2025-10-19 19:35:00+00:00,2025-10-19 12:40:00-07:00,2025-10-19 19:40:00+00:00,REAL_TIME_5_MIN,SCEW_2_PDRP89-APND,AP Node,-4.86126,-1.48229,-3.43314,0.05417,0.0
2025-10-19 12:40:00-07:00,2025-10-19 19:40:00+00:00,2025-10-19 12:45:00-07:00,2025-10-19 19:45:00+00:00,REAL_TIME_5_MIN,ANAHEIM_6_N001,Node,-4.92651,-0.13743,-4.7944,0.00532,0.0
2025-10-19 12:40:00-07:00,2025-10-19 19:40:00+00:00,2025-10-19 12:45:00-07:00,2025-10-19 19:45:00+00:00,REAL_TIME_5_MIN,MKT_SUB_LNODEONC,Node,-4.56889,-0.13743,-4.4235,-0.00796,0.0
2025-10-19 12:40:00-07:00,2025-10-19 19:40:00+00:00,2025-10-19 12:45:00-07:00,2025-10-19 19:45:00+00:00,REAL_TIME_5_MIN,SCEW_2_PDRP89-APND,AP Node,-4.90919,-0.13743,-4.77678,0.00502,0.0
2025-10-19 12:45:00-07:00,2025-10-19 19:45:00+00:00,2025-10-19 12:50:00-07:00,2025-10-19 19:50:00+00:00,REAL_TIME_5_MIN,ANAHEIM_6_N001,Node,-6.96561,-3.12771,-3.95457,0.11666,0.0
2025-10-19 12:45:00-07:00,2025-10-19 19:45:00+00:00,2025-10-19 12:50:00-07:00,2025-10-19 19:50:00+00:00,REAL_TIME_5_MIN,MKT_SUB_LNODEONC,Node,-7.17857,-3.12771,-3.87345,-0.17741,0.0
2025-10-19 12:45:00-07:00,2025-10-19 19:45:00+00:00,2025-10-19 12:50:00-07:00,2025-10-19 19:50:00+00:00,REAL_TIME_5_MIN,SCEW_2_PDRP89-APND,AP Node,-6.91806,-3.12771,-3.90058,0.11023,0.0
2025-10-19 12:50:00-07:00,2025-10-19 19:50:00+00:00,2025-10-19 12:55:00-07:00,2025-10-19 19:55:00+00:00,REAL_TIME_5_MIN,ANAHEIM_6_N001,Node,-7.63395,-3.93105,-3.84953,0.14663,0.0
2025-10-19 12:50:00-07:00,2025-10-19 19:50:00+00:00,2025-10-19 12:55:00-07:00,2025-10-19 19:55:00+00:00,REAL_TIME_5_MIN,MKT_SUB_LNODEONC,Node,-8.00473,-3.93105,-3.85073,-0.22296,0.0
2025-10-19 12:50:00-07:00,2025-10-19 19:50:00+00:00,2025-10-19 12:55:00-07:00,2025-10-19 19:55:00+00:00,REAL_TIME_5_MIN,SCEW_2_PDRP89-APND,AP Node,-7.59727,-3.93105,-3.80476,0.13854,0.0
2025-10-19 12:55:00-07:00,2025-10-19 19:55:00+00:00,2025-10-19 13:00:00-07:00,2025-10-19 20:00:00+00:00,REAL_TIME_5_MIN,ANAHEIM_6_N001,Node,-9.14855,-5.34429,-4.0036,0.19934,0.0
2025-10-19 12:55:00-07:00,2025-10-19 19:55:00+00:00,2025-10-19 13:00:00-07:00,2025-10-19 20:00:00+00:00,REAL_TIME_5_MIN,MKT_SUB_LNODEONC,Node,-9.65218,-5.34429,-4.0048,-0.30309,0.0
2025-10-19 12:55:00-07:00,2025-10-19 19:55:00+00:00,2025-10-19 13:00:00-07:00,2025-10-19 20:00:00+00:00,REAL_TIME_5_MIN,SCEW_2_PDRP89-APND,AP Node,-9.11715,-5.34429,-3.9612,0.18834,0.0
2025-10-19 13:00:00-07:00,2025-10-19 20:00:00+00:00,2025-10-19 13:05:00-07:00,2025-10-19 20:05:00+00:00,REAL_TIME_5_MIN,ANAHEIM_6_N001,Node,-11.64466,-6.09281,-5.79251,0.24067,0.0
2025-10-19 13:00:00-07:00,2025-10-19 20:00:00+00:00,2025-10-19 13:05:00-07:00,2025-10-19 20:05:00+00:00,REAL_TIME_5_MIN,MKT_SUB_LNODEONC,Node,-12.21466,-6.09281,-5.80131,-0.32054,0.0
2025-10-19 13:00:00-07:00,2025-10-19 20:00:00+00:00,2025-10-19 13:05:00-07:00,2025-10-19 20:05:00+00:00,REAL_TIME_5_MIN,SCEW_2_PDRP89-APND,AP Node,-11.60422,-6.09281,-5.73937,0.22796,0.0
2025-10-19 13:05:00-07:00,2025-10-19 20:05:00+00:00,2025-10-19 13:10:00-07:00,2025-10-19 20:10:00+00:00,REAL_TIME_5_MIN,ANAHEIM_6_N001,Node,-11.00534,-5.26964,-5.94384,0.20815,0.0
2025-10-19 13:05:00-07:00,2025-10-19 20:05:00+00:00,2025-10-19 13:10:00-07:00,2025-10-19 20:10:00+00:00,REAL_TIME_5_MIN,MKT_SUB_LNODEONC,Node,-11.4942,-5.26964,-5.94737,-0.27718,0.0
2025-10-19 13:05:00-07:00,2025-10-19 20:05:00+00:00,2025-10-19 13:10:00-07:00,2025-10-19 20:10:00+00:00,REAL_TIME_5_MIN,SCEW_2_PDRP89-APND,AP Node,-10.95038,-5.26964,-5.87789,0.19716,0.0
2025-10-19 13:10:00-07:00,2025-10-19 20:10:00+00:00,2025-10-19 13:15:00-07:00,2025-10-19 20:15:00+00:00,REAL_TIME_5_MIN,ANAHEIM_6_N001,Node,-12.19284,-5.75458,-6.66557,0.22731,0.0
2025-10-19 13:10:00-07:00,2025-10-19 20:10:00+00:00,2025-10-19 13:15:00-07:00,2025-10-19 20:15:00+00:00,REAL_TIME_5_MIN,MKT_SUB_LNODEONC,Node,-12.72973,-5.75458,-6.67245,-0.30269,0.0
2025-10-19 13:10:00-07:00,2025-10-19 20:10:00+00:00,2025-10-19 13:15:00-07:00,2025-10-19 20:15:00+00:00,REAL_TIME_5_MIN,SCEW_2_PDRP89-APND,AP Node,-12.14304,-5.75458,-6.60376,0.2153,0.0
2025-10-19 13:15:00-07:00,2025-10-19 20:15:00+00:00,2025-10-19 13:20:00-07:00,2025-10-19 20:20:00+00:00,REAL_TIME_5_MIN,ANAHEIM_6_N001,Node,-11.92802,-5.68111,-6.47699,0.23009,0.0
2025-10-19 13:15:00-07:00,2025-10-19 20:15:00+00:00,2025-10-19 13:20:00-07:00,2025-10-19 20:20:00+00:00,REAL_TIME_5_MIN,MKT_SUB_LNODEONC,Node,-12.39997,-5.68111,-6.43481,-0.28406,0.0
2025-10-19 13:15:00-07:00,2025-10-19 20:15:00+00:00,2025-10-19 13:20:00-07:00,2025-10-19 20:20:00+00:00,REAL_TIME_5_MIN,SCEW_2_PDRP89-APND,AP Node,-11.95967,-5.68111,-6.49514,0.21658,0.0
2025-10-19 13:20:00-07:00,2025-10-19 20:20:00+00:00,2025-10-19 13:25:00-07:00,2025-10-19 20:25:00+00:00,REAL_TIME_5_MIN,ANAHEIM_6_N001,Node,-12.26213,-5.92535,-6.57676,0.23998,0.0
2025-10-19 13:20:00-07:00,2025-10-19 20:20:00+00:00,2025-10-19 13:25:00-07:00,2025-10-19 20:25:00+00:00,REAL_TIME_5_MIN,MKT_SUB_LNODEONC,Node,-12.75542,-5.92535,-6.53387,-0.29621,0.0
2025-10-19 13:20:00-07:00,2025-10-19 20:20:00+00:00,2025-10-19 13:25:00-07:00,2025-10-19 20:25:00+00:00,REAL_TIME_5_MIN,SCEW_2_PDRP89-APND,AP Node,-12.29692,-5.92535,-6.59746,0.2259,0.0
2025-10-19 13:25:00-07:00,2025-10-19 20:25:00+00:00,2025-10-19 13:30:00-07:00,2025-10-19 20:30:00+00:00,REAL_TIME_5_MIN,ANAHEIM_6_N001,Node,-15.66675,-7.65067,-8.32593,0.30985,0.0
2025-10-19 13:25:00-07:00,2025-10-19 20:25:00+00:00,2025-10-19 13:30:00-07:00,2025-10-19 20:30:00+00:00,REAL_TIME_5_MIN,MKT_SUB_LNODEONC,Node,-16.32165,-7.65067,-8.28851,-0.38247,0.0
2025-10-19 13:25:00-07:00,2025-10-19 20:25:00+00:00,2025-10-19 13:30:00-07:00,2025-10-19 20:30:00+00:00,REAL_TIME_5_MIN,SCEW_2_PDRP89-APND,AP Node,-15.71296,-7.65067,-8.35396,0.29167,0.0
2025-10-19 13:30:00-07:00,2025-10-19 20:30:00+00:00,2025-10-19 13:35:00-07:00,2025-10-19 20:35:00+00:00,REAL_TIME_5_MIN,ANAHEIM_6_N001,Node,-15.49902,-8.51766,-7.27522,0.29386,0.0
2025-10-19 13:30:00-07:00,2025-10-19 20:30:00+00:00,2025-10-19 13:35:00-07:00,2025-10-19 20:35:00+00:00,REAL_TIME_5_MIN,MKT_SUB_LNODEONC,Node,-16.23064,-8.51766,-7.29227,-0.42071,0.0
2025-10-19 13:30:00-07:00,2025-10-19 20:30:00+00:00,2025-10-19 13:35:00-07:00,2025-10-19 20:35:00+00:00,REAL_TIME_5_MIN,SCEW_2_PDRP89-APND,AP Node,-15.58359,-8.51766,-7.33647,0.27054,0.0
2025-10-19 13:35:00-07:00,2025-10-19 20:35:00+00:00,2025-10-19 13:40:00-07:00,2025-10-19 20:40:00+00:00,REAL_TIME_5_MIN,ANAHEIM_6_N001,Node,-15.50966,-8.49552,-7.30724,0.2931,0.0
2025-10-19 13:35:00-07:00,2025-10-19 20:35:00+00:00,2025-10-19 13:40:00-07:00,2025-10-19 20:40:00+00:00,REAL_TIME_5_MIN,MKT_SUB_LNODEONC,Node,-16.23953,-8.49552,-7.32439,-0.41962,0.0
2025-10-19 13:35:00-07:00,2025-10-19 20:35:00+00:00,2025-10-19 13:40:00-07:00,2025-10-19 20:40:00+00:00,REAL_TIME_5_MIN,SCEW_2_PDRP89-APND,AP Node,-15.59437,-8.49552,-7.36869,0.26984,0.0
2025-10-19 13:40:00-07:00,2025-10-19 20:40:00+00:00,2025-10-19 13:45:00-07:00,2025-10-19 20:45:00+00:00,REAL_TIME_5_MIN,ANAHEIM_6_N001,Node,-15.58296,-8.52812,-7.34906,0.29422,0.0
2025-10-19 13:40:00-07:00,2025-10-19 20:40:00+00:00,2025-10-19 13:45:00-07:00,2025-10-19 20:45:00+00:00,REAL_TIME_5_MIN,MKT_SUB_LNODEONC,Node,-16.31509,-8.52812,-7.36573,-0.42123,0.0
2025-10-19 13:40:00-07:00,2025-10-19 20:40:00+00:00,2025-10-19 13:45:00-07:00,2025-10-19 20:45:00+00:00,REAL_TIME_5_MIN,SCEW_2_PDRP89-APND,AP Node,-15.66795,-8.52812,-7.4107,0.27087,0.0
2025-10-19 13:45:00-07:00,2025-10-19 20:45:00+00:00,2025-10-19 13:50:00-07:00,2025-10-19 20:50:00+00:00,REAL_TIME_5_MIN,ANAHEIM_6_N001,Node,-16.28663,-8.92133,-7.70878,0.34347,0.0
2025-10-19 13:45:00-07:00,2025-10-19 20:45:00+00:00,2025-10-19 13:50:00-07:00,2025-10-19 20:50:00+00:00,REAL_TIME_5_MIN,MKT_SUB_LNODEONC,Node,-17.06546,-8.92133,-7.70878,-0.43536,0.0
2025-10-19 13:45:00-07:00,2025-10-19 20:45:00+00:00,2025-10-19 13:50:00-07:00,2025-10-19 20:50:00+00:00,REAL_TIME_5_MIN,SCEW_2_PDRP89-APND,AP Node,-15.19248,-8.92133,-6.5879,0.31675,0.0
2025-10-19 13:50:00-07:00,2025-10-19 20:50:00+00:00,2025-10-19 13:55:00-07:00,2025-10-19 20:55:00+00:00,REAL_TIME_5_MIN,ANAHEIM_6_N001,Node,-16.27515,-8.91267,-7.70561,0.34314,0.0
2025-10-19 13:50:00-07:00,2025-10-19 20:50:00+00:00,2025-10-19 13:55:00-07:00,2025-10-19 20:55:00+00:00,REAL_TIME_5_MIN,MKT_SUB_LNODEONC,Node,-17.05322,-8.91267,-7.70561,-0.43494,0.0
2025-10-19 13:50:00-07:00,2025-10-19 20:50:00+00:00,2025-10-19 13:55:00-07:00,2025-10-19 20:55:00+00:00,REAL_TIME_5_MIN,SCEW_2_PDRP89-APND,AP Node,-15.18473,-8.91267,-6.5885,0.31644,0.0
2025-10-19 13:55:00-07:00,2025-10-19 20:55:00+00:00,2025-10-19 14:00:00-07:00,2025-10-19 21:00:00+00:00,REAL_TIME_5_MIN,ANAHEIM_6_N001,Node,-15.74508,-8.61106,-7.46555,0.33153,0.0
2025-10-19 13:55:00-07:00,2025-10-19 20:55:00+00:00,2025-10-19 14:00:00-07:00,2025-10-19 21:00:00+00:00,REAL_TIME_5_MIN,MKT_SUB_LNODEONC,Node,-16.49682,-8.61106,-7.46555,-0.42022,0.0
2025-10-19 13:55:00-07:00,2025-10-19 20:55:00+00:00,2025-10-19 14:00:00-07:00,2025-10-19 21:00:00+00:00,REAL_TIME_5_MIN,SCEW_2_PDRP89-APND,AP Node,-14.82696,-8.61106,-6.52163,0.30573,0.0
2025-10-19 14:00:00-07:00,2025-10-19 21:00:00+00:00,2025-10-19 14:05:00-07:00,2025-10-19 21:05:00+00:00,REAL_TIME_5_MIN,ANAHEIM_6_N001,Node,-15.75333,-8.65816,-7.42072,0.32555,0.0
2025-10-19 14:00:00-07:00,2025-10-19 21:00:00+00:00,2025-10-19 14:05:00-07:00,2025-10-19 21:05:00+00:00,REAL_TIME_5_MIN,MKT_SUB_LNODEONC,Node,-16.53037,-8.65816,-7.44011,-0.4321,0.0
2025-10-19 14:00:00-07:00,2025-10-19 21:00:00+00:00,2025-10-19 14:05:00-07:00,2025-10-19 21:05:00+00:00,REAL_TIME_5_MIN,SCEW_2_PDRP89-APND,AP Node,-14.84846,-8.65816,-6.49078,0.30048,0.0
2025-10-19 14:05:00-07:00,2025-10-19 21:05:00+00:00,2025-10-19 14:10:00-07:00,2025-10-19 21:10:00+00:00,REAL_TIME_5_MIN,ANAHEIM_6_N001,Node,-15.93671,-8.75756,-7.50843,0.32928,0.0
2025-10-19 14:05:00-07:00,2025-10-19 21:05:00+00:00,2025-10-19 14:10:00-07:00,2025-10-19 21:10:00+00:00,REAL_TIME_5_MIN,MKT_SUB_LNODEONC,Node,-16.73177,-8.75756,-7.53715,-0.43706,0.0
2025-10-19 14:05:00-07:00,2025-10-19 21:05:00+00:00,2025-10-19 14:10:00-07:00,2025-10-19 21:10:00+00:00,REAL_TIME_5_MIN,SCEW_2_PDRP89-APND,AP Node,-15.02918,-8.75756,-6.57555,0.30393,0.0
2025-10-19 14:10:00-07:00,2025-10-19 21:10:00+00:00,2025-10-19 14:15:00-07:00,2025-10-19 21:15:00+00:00,REAL_TIME_5_MIN,ANAHEIM_6_N001,Node,-15.75,-8.44997,-7.61775,0.31772,0.0
2025-10-19 14:10:00-07:00,2025-10-19 21:10:00+00:00,2025-10-19 14:15:00-07:00,2025-10-19 21:15:00+00:00,REAL_TIME_5_MIN,MKT_SUB_LNODEONC,Node,-16.51795,-8.44997,-7.64627,-0.42171,0.0
2025-10-19 14:10:00-07:00,2025-10-19 21:10:00+00:00,2025-10-19 14:15:00-07:00,2025-10-19 21:15:00+00:00,REAL_TIME_5_MIN,SCEW_2_PDRP89-APND,AP Node,-14.8941,-8.44997,-6.73738,0.29325,0.0
2025-10-19 14:15:00-07:00,2025-10-19 21:15:00+00:00,2025-10-19 14:20:00-07:00,2025-10-19 21:20:00+00:00,REAL_TIME_5_MIN,ANAHEIM_6_N001,Node,-13.06485,-8.834,-4.58067,0.34983,0.0
2025-10-19 14:15:00-07:00,2025-10-19 21:15:00+00:00,2025-10-19 14:20:00-07:00,2025-10-19 21:20:00+00:00,REAL_TIME_5_MIN,MKT_SUB_LNODEONC,Node,-13.86798,-8.834,-4.59222,-0.44176,0.0
2025-10-19 14:15:00-07:00,2025-10-19 21:15:00+00:00,2025-10-19 14:20:00-07:00,2025-10-19 21:20:00+00:00,REAL_TIME_5_MIN,SCEW_2_PDRP89-APND,AP Node,-14.04372,-8.834,-5.53253,0.32281,0.0
2025-10-19 14:20:00-07:00,2025-10-19 21:20:00+00:00,2025-10-19 14:25:00-07:00,2025-10-19 21:25:00+00:00,REAL_TIME_5_MIN,ANAHEIM_6_N001,Node,-13.31584,-8.95186,-4.71848,0.35449,0.0
2025-10-19 14:20:00-07:00,2025-10-19 21:20:00+00:00,2025-10-19 14:25:00-07:00,2025-10-19 21:25:00+00:00,REAL_TIME_5_MIN,MKT_SUB_LNODEONC,Node,-14.11919,-8.95186,-4.71968,-0.44765,0.0
2025-10-19 14:20:00-07:00,2025-10-19 21:20:00+00:00,2025-10-19 14:25:00-07:00,2025-10-19 21:25:00+00:00,REAL_TIME_5_MIN,SCEW_2_PDRP89-APND,AP Node,-14.2985,-8.95186,-5.67377,0.32712,0.0
2025-10-19 14:25:00-07:00,2025-10-19 21:25:00+00:00,2025-10-19 14:30:00-07:00,2025-10-19 21:30:00+00:00,REAL_TIME_5_MIN,ANAHEIM_6_N001,Node,-13.12364,-8.81082,-4.66173,0.34891,0.0
2025-10-19 14:25:00-07:00,2025-10-19 21:25:00+00:00,2025-10-19 14:30:00-07:00,2025-10-19 21:30:00+00:00,REAL_TIME_5_MIN,MKT_SUB_LNODEONC,Node,-13.91435,-8.81082,-4.66293,-0.4406,0.0
2025-10-19 14:25:00-07:00,2025-10-19 21:25:00+00:00,2025-10-19 14:30:00-07:00,2025-10-19 21:30:00+00:00,REAL_TIME_5_MIN,SCEW_2_PDRP89-APND,AP Node,-14.08068,-8.81082,-5.59182,0.32196,0.0
2025-10-19 14:30:00-07:00,2025-10-19 21:30:00+00:00,2025-10-19 14:35:00-07:00,2025-10-19 21:35:00+00:00,REAL_TIME_5_MIN,ANAHEIM_6_N001,Node,-13.33314,-8.95888,-4.7353,0.36104,0.0
2025-10-19 14:30:00-07:00,2025-10-19 21:30:00+00:00,2025-10-19 14:35:00-07:00,2025-10-19 21:35:00+00:00,REAL_TIME_5_MIN,MKT_SUB_LNODEONC,Node,-14.20288,-8.95888,-4.75836,-0.48564,0.0
2025-10-19 14:30:00-07:00,2025-10-19 21:30:00+00:00,2025-10-19 14:35:00-07:00,2025-10-19 21:35:00+00:00,REAL_TIME_5_MIN,SCEW_2_PDRP89-APND,AP Node,-13.37248,-8.95888,-4.74698,0.33338,0.0
2025-10-19 14:35:00-07:00,2025-10-19 21:35:00+00:00,2025-10-19 14:40:00-07:00,2025-10-19 21:40:00+00:00,REAL_TIME_5_MIN,ANAHEIM_6_N001,Node,-13.24322,-8.52085,-5.06576,0.34339,0.0
2025-10-19 14:35:00-07:00,2025-10-19 21:35:00+00:00,2025-10-19 14:40:00-07:00,2025-10-19 21:40:00+00:00,REAL_TIME_5_MIN,MKT_SUB_LNODEONC,Node,-14.0703,-8.52085,-5.08756,-0.4619,0.0
2025-10-19 14:35:00-07:00,2025-10-19 21:35:00+00:00,2025-10-19 14:40:00-07:00,2025-10-19 21:40:00+00:00,REAL_TIME_5_MIN,SCEW_2_PDRP89-APND,AP Node,-13.28289,-8.52085,-5.07911,0.31708,0.0
2025-10-19 14:40:00-07:00,2025-10-19 21:40:00+00:00,2025-10-19 14:45:00-07:00,2025-10-19 21:45:00+00:00,REAL_TIME_5_MIN,ANAHEIM_6_N001,Node,-12.92393,-6.19451,-6.97906,0.24964,0.0
2025-10-19 14:40:00-07:00,2025-10-19 21:40:00+00:00,2025-10-19 14:45:00-07:00,2025-10-19 21:45:00+00:00,REAL_TIME_5_MIN,MKT_SUB_LNODEONC,Node,-13.53895,-6.19451,-7.00863,-0.33581,0.0
2025-10-19 14:40:00-07:00,2025-10-19 21:40:00+00:00,2025-10-19 14:45:00-07:00,2025-10-19 21:45:00+00:00,REAL_TIME_5_MIN,SCEW_2_PDRP89-APND,AP Node,-12.96145,-6.19451,-6.99745,0.23051,0.0
2025-10-19 14:45:00-07:00,2025-10-19 21:45:00+00:00,2025-10-19 14:50:00-07:00,2025-10-19 21:50:00+00:00,REAL_TIME_5_MIN,ANAHEIM_6_N001,Node,-12.60696,-6.79449,-6.09648,0.28401,0.0
2025-10-19 14:45:00-07:00,2025-10-19 21:45:00+00:00,2025-10-19 14:50:00-07:00,2025-10-19 21:50:00+00:00,REAL_TIME_5_MIN,MKT_SUB_LNODEONC,Node,-13.26662,-6.79449,-6.09768,-0.37444,0.0
2025-10-19 14:45:00-07:00,2025-10-19 21:45:00+00:00,2025-10-19 14:50:00-07:00,2025-10-19 21:50:00+00:00,REAL_TIME_5_MIN,SCEW_2_PDRP89-APND,AP Node,-12.62661,-6.79449,-6.09583,0.26371,0.0
2025-10-19 14:50:00-07:00,2025-10-19 21:50:00+00:00,2025-10-19 14:55:00-07:00,2025-10-19 21:55:00+00:00,REAL_TIME_5_MIN,ANAHEIM_6_N001,Node,-12.90971,-8.60584,-4.6636,0.35972,0.0
2025-10-19 14:50:00-07:00,2025-10-19 21:50:00+00:00,2025-10-19 14:55:00-07:00,2025-10-19 21:55:00+00:00,REAL_TIME_5_MIN,MKT_SUB_LNODEONC,Node,-13.74362,-8.60584,-4.6636,-0.47418,0.0
2025-10-19 14:50:00-07:00,2025-10-19 21:50:00+00:00,2025-10-19 14:55:00-07:00,2025-10-19 21:55:00+00:00,REAL_TIME_5_MIN,SCEW_2_PDRP89-APND,AP Node,-12.93492,-8.60584,-4.6631,0.33401,0.0
2025-10-19 14:55:00-07:00,2025-10-19 21:55:00+00:00,2025-10-19 15:00:00-07:00,2025-10-19 22:00:00+00:00,REAL_TIME_5_MIN,ANAHEIM_6_N001,Node,-12.94632,-6.58076,-6.64063,0.27508,0.0
2025-10-19 14:55:00-07:00,2025-10-19 21:55:00+00:00,2025-10-19 15:00:00-07:00,2025-10-19 22:00:00+00:00,REAL_TIME_5_MIN,MKT_SUB_LNODEONC,Node,-13.58399,-6.58076,-6.64063,-0.3626,0.0
2025-10-19 14:55:00-07:00,2025-10-19 21:55:00+00:00,2025-10-19 15:00:00-07:00,2025-10-19 22:00:00+00:00,REAL_TIME_5_MIN,SCEW_2_PDRP89-APND,AP Node,-12.96527,-6.58076,-6.63992,0.25541,0.0
2025-10-19 15:00:00-07:00,2025-10-19 22:00:00+00:00,2025-10-19 15:05:00-07:00,2025-10-19 22:05:00+00:00,REAL_TIME_5_MIN,ANAHEIM_6_N001,Node,-13.33953,-9.5852,-4.13678,0.38245,0.0
2025-10-19 15:00:00-07:00,2025-10-19 22:00:00+00:00,2025-10-19 15:05:00-07:00,2025-10-19 22:05:00+00:00,REAL_TIME_5_MIN,MKT_SUB_LNODEONC,Node,-14.26683,-9.5852,-4.16397,-0.51767,0.0
2025-10-19 15:00:00-07:00,2025-10-19 22:00:00+00:00,2025-10-19 15:05:00-07:00,2025-10-19 22:05:00+00:00,REAL_TIME_5_MIN,SCEW_2_PDRP89-APND,AP Node,-13.36978,-9.5852,-4.13404,0.34946,0.0
2025-10-19 15:05:00-07:00,2025-10-19 22:05:00+00:00,2025-10-19 15:10:00-07:00,2025-10-19 22:10:00+00:00,REAL_TIME_5_MIN,ANAHEIM_6_N001,Node,-13.06635,-3.70268,-9.5114,0.14774,0.0
2025-10-19 15:05:00-07:00,2025-10-19 22:05:00+00:00,2025-10-19 15:10:00-07:00,2025-10-19 22:10:00+00:00,REAL_TIME_5_MIN,MKT_SUB_LNODEONC,Node,-13.42483,-3.70268,-9.5222,-0.19994,0.0
2025-10-19 15:05:00-07:00,2025-10-19 22:05:00+00:00,2025-10-19 15:10:00-07:00,2025-10-19 22:10:00+00:00,REAL_TIME_5_MIN,SCEW_2_PDRP89-APND,AP Node,-13.08832,-3.70268,-9.52063,0.13499,0.0
2025-10-19 15:10:00-07:00,2025-10-19 22:10:00+00:00,2025-10-19 15:15:00-07:00,2025-10-19 22:15:00+00:00,REAL_TIME_5_MIN,ANAHEIM_6_N001,Node,-13.18275,-3.50674,-9.81593,0.13992,0.0
2025-10-19 15:10:00-07:00,2025-10-19 22:10:00+00:00,2025-10-19 15:15:00-07:00,2025-10-19 22:15:00+00:00,REAL_TIME_5_MIN,MKT_SUB_LNODEONC,Node,-13.51203,-3.50674,-9.81593,-0.18936,0.0
2025-10-19 15:10:00-07:00,2025-10-19 22:10:00+00:00,2025-10-19 15:15:00-07:00,2025-10-19 22:15:00+00:00,REAL_TIME_5_MIN,SCEW_2_PDRP89-APND,AP Node,-13.20787,-3.50674,-9.82899,0.12785,0.0
2025-10-19 15:15:00-07:00,2025-10-19 22:15:00+00:00,2025-10-19 15:20:00-07:00,2025-10-19 22:20:00+00:00,REAL_TIME_5_MIN,ANAHEIM_6_N001,Node,-12.93027,-4.83942,-8.29023,0.19938,0.0
2025-10-19 15:15:00-07:00,2025-10-19 22:15:00+00:00,2025-10-19 15:20:00-07:00,2025-10-19 22:20:00+00:00,REAL_TIME_5_MIN,MKT_SUB_LNODEONC,Node,-13.42586,-4.83942,-8.32463,-0.26181,0.0
2025-10-19 15:15:00-07:00,2025-10-19 22:15:00+00:00,2025-10-19 15:20:00-07:00,2025-10-19 22:20:00+00:00,REAL_TIME_5_MIN,SCEW_2_PDRP89-APND,AP Node,-12.95899,-4.83942,-8.30135,0.18179,0.0
2025-10-19 15:20:00-07:00,2025-10-19 22:20:00+00:00,2025-10-19 15:25:00-07:00,2025-10-19 22:25:00+00:00,REAL_TIME_5_MIN,ANAHEIM_6_N001,Node,-12.93415,-4.84144,-8.29218,0.19947,0.0
2025-10-19 15:20:00-07:00,2025-10-19 22:20:00+00:00,2025-10-19 15:25:00-07:00,2025-10-19 22:25:00+00:00,REAL_TIME_5_MIN,MKT_SUB_LNODEONC,Node,-13.42995,-4.84144,-8.32658,-0.26192,0.0
2025-10-19 15:20:00-07:00,2025-10-19 22:20:00+00:00,2025-10-19 15:25:00-07:00,2025-10-19 22:25:00+00:00,REAL_TIME_5_MIN,SCEW_2_PDRP89-APND,AP Node,-12.96288,-4.84144,-8.3033,0.18186,0.0
2025-10-19 15:25:00-07:00,2025-10-19 22:25:00+00:00,2025-10-19 15:30:00-07:00,2025-10-19 22:30:00+00:00,REAL_TIME_5_MIN,ANAHEIM_6_N001,Node,-12.92627,-3.72385,-9.35585,0.15342,0.0
2025-10-19 15:25:00-07:00,2025-10-19 22:25:00+00:00,2025-10-19 15:30:00-07:00,2025-10-19 22:30:00+00:00,REAL_TIME_5_MIN,MKT_SUB_LNODEONC,Node,-13.31998,-3.72385,-9.39467,-0.20146,0.0
2025-10-19 15:25:00-07:00,2025-10-19 22:25:00+00:00,2025-10-19 15:30:00-07:00,2025-10-19 22:30:00+00:00,REAL_TIME_5_MIN,SCEW_2_PDRP89-APND,AP Node,-12.95237,-3.72385,-9.3684,0.13988,0.0
2025-10-19 15:30:00-07:00,2025-10-19 22:30:00+00:00,2025-10-19 15:35:00-07:00,2025-10-19 22:35:00+00:00,REAL_TIME_5_MIN,ANAHEIM_6_N001,Node,-12.80327,-3.80765,-9.14868,0.15307,0.0
2025-10-19 15:30:00-07:00,2025-10-19 22:30:00+00:00,2025-10-19 15:35:00-07:00,2025-10-19 22:35:00+00:00,REAL_TIME_5_MIN,MKT_SUB_LNODEONC,Node,-13.16791,-3.80765,-9.14748,-0.21278,0.0
2025-10-19 15:30:00-07:00,2025-10-19 22:30:00+00:00,2025-10-19 15:35:00-07:00,2025-10-19 22:35:00+00:00,REAL_TIME_5_MIN,SCEW_2_PDRP89-APND,AP Node,-12.82918,-3.80765,-9.161,0.13948,0.0
2025-10-19 15:35:00-07:00,2025-10-19 22:35:00+00:00,2025-10-19 15:40:00-07:00,2025-10-19 22:40:00+00:00,REAL_TIME_5_MIN,ANAHEIM_6_N001,Node,-11.80951,-2.74608,-9.17382,0.11039,0.0
2025-10-19 15:35:00-07:00,2025-10-19 22:35:00+00:00,2025-10-19 15:40:00-07:00,2025-10-19 22:40:00+00:00,REAL_TIME_5_MIN,MKT_SUB_LNODEONC,Node,-12.07214,-2.74608,-9.17262,-0.15344,0.0
2025-10-19 15:35:00-07:00,2025-10-19 22:35:00+00:00,2025-10-19 15:40:00-07:00,2025-10-19 22:40:00+00:00,REAL_TIME_5_MIN,SCEW_2_PDRP89-APND,AP Node,-11.83167,-2.74608,-9.18618,0.10059,0.0
2025-10-19 15:40:00-07:00,2025-10-19 22:40:00+00:00,2025-10-19 15:45:00-07:00,2025-10-19 22:45:00+00:00,REAL_TIME_5_MIN,ANAHEIM_6_N001,Node,-12.0487,-1.68425,-10.43216,0.06771,0.0
2025-10-19 15:40:00-07:00,2025-10-19 22:40:00+00:00,2025-10-19 15:45:00-07:00,2025-10-19 22:45:00+00:00,REAL_TIME_5_MIN,MKT_SUB_LNODEONC,Node,-12.20929,-1.68425,-10.43096,-0.09408,0.0
2025-10-19 15:40:00-07:00,2025-10-19 22:40:00+00:00,2025-10-19 15:45:00-07:00,2025-10-19 22:45:00+00:00,REAL_TIME_5_MIN,SCEW_2_PDRP89-APND,AP Node,-12.06877,-1.68425,-10.44621,0.0617,0.0
2025-10-19 15:45:00-07:00,2025-10-19 22:45:00+00:00,2025-10-19 15:50:00-07:00,2025-10-19 22:50:00+00:00,REAL_TIME_5_MIN,ANAHEIM_6_N001,Node,-12.82674,-1.13814,-11.73287,0.04427,0.0
2025-10-19 15:45:00-07:00,2025-10-19 22:45:00+00:00,2025-10-19 15:50:00-07:00,2025-10-19 22:50:00+00:00,REAL_TIME_5_MIN,MKT_SUB_LNODEONC,Node,-12.98386,-1.13814,-11.78316,-0.06255,0.0
2025-10-19 15:45:00-07:00,2025-10-19 22:45:00+00:00,2025-10-19 15:50:00-07:00,2025-10-19 22:50:00+00:00,REAL_TIME_5_MIN,SCEW_2_PDRP89-APND,AP Node,-12.84679,-1.13814,-11.74874,0.0401,0.0
2025-10-19 15:50:00-07:00,2025-10-19 22:50:00+00:00,2025-10-19 15:55:00-07:00,2025-10-19 22:55:00+00:00,REAL_TIME_5_MIN,ANAHEIM_6_N001,Node,-12.84504,-1.51292,-11.39098,0.05885,0.0
2025-10-19 15:50:00-07:00,2025-10-19 22:50:00+00:00,2025-10-19 15:55:00-07:00,2025-10-19 22:55:00+00:00,REAL_TIME_5_MIN,MKT_SUB_LNODEONC,Node,-13.03461,-1.51292,-11.43864,-0.08306,0.0
2025-10-19 15:50:00-07:00,2025-10-19 22:50:00+00:00,2025-10-19 15:55:00-07:00,2025-10-19 22:55:00+00:00,REAL_TIME_5_MIN,SCEW_2_PDRP89-APND,AP Node,-12.866,-1.51292,-11.40639,0.05331,0.0
2025-10-19 15:55:00-07:00,2025-10-19 22:55:00+00:00,2025-10-19 16:00:00-07:00,2025-10-19 23:00:00+00:00,REAL_TIME_5_MIN,ANAHEIM_6_N001,Node,-12.85316,-3.06165,-9.91061,0.1191,0.0
2025-10-19 15:55:00-07:00,2025-10-19 22:55:00+00:00,2025-10-19 16:00:00-07:00,2025-10-19 23:00:00+00:00,REAL_TIME_5_MIN,MKT_SUB_LNODEONC,Node,-13.18055,-3.06165,-9.95088,-0.16802,0.0
2025-10-19 15:55:00-07:00,2025-10-19 22:55:00+00:00,2025-10-19 16:00:00-07:00,2025-10-19 23:00:00+00:00,REAL_TIME_5_MIN,SCEW_2_PDRP89-APND,AP Node,-12.87779,-3.06165,-9.92402,0.10787,0.0
2025-10-19 16:00:00-07:00,2025-10-19 23:00:00+00:00,2025-10-19 16:05:00-07:00,2025-10-19 23:05:00+00:00,REAL_TIME_5_MIN,ANAHEIM_6_N001,Node,-12.84402,-7.42215,-5.70019,0.27833,0.0
2025-10-19 16:00:00-07:00,2025-10-19 23:00:00+00:00,2025-10-19 16:05:00-07:00,2025-10-19 23:05:00+00:00,REAL_TIME_5_MIN,MKT_SUB_LNODEONC,Node,-13.53279,-7.42215,-5.70019,-0.41045,0.0
2025-10-19 16:00:00-07:00,2025-10-19 23:00:00+00:00,2025-10-19 16:05:00-07:00,2025-10-19 23:05:00+00:00,REAL_TIME_5_MIN,SCEW_2_PDRP89-APND,AP Node,-12.88016,-7.42215,-5.7079,0.2499,0.0
2025-10-19 16:05:00-07:00,2025-10-19 23:05:00+00:00,2025-10-19 16:10:00-07:00,2025-10-19 23:10:00+00:00,REAL_TIME_5_MIN,ANAHEIM_6_N001,Node,-12.25761,-8.43499,-4.13894,0.31631,0.0
2025-10-19 16:05:00-07:00,2025-10-19 23:05:00+00:00,2025-10-19 16:10:00-07:00,2025-10-19 23:10:00+00:00,REAL_TIME_5_MIN,MKT_SUB_LNODEONC,Node,-13.03911,-8.43499,-4.13774,-0.46639,0.0
2025-10-19 16:05:00-07:00,2025-10-19 23:05:00+00:00,2025-10-19 16:10:00-07:00,2025-10-19 23:10:00+00:00,REAL_TIME_5_MIN,SCEW_2_PDRP89-APND,AP Node,-12.29552,-8.43499,-4.14454,0.284,0.0
2025-10-19 16:10:00-07:00,2025-10-19 23:10:00+00:00,2025-10-19 16:15:00-07:00,2025-10-19 23:15:00+00:00,REAL_TIME_5_MIN,ANAHEIM_6_N001,Node,-9.57894,-6.62055,-3.20665,0.24827,0.0
2025-10-19 16:10:00-07:00,2025-10-19 23:10:00+00:00,2025-10-19 16:15:00-07:00,2025-10-19 23:15:00+00:00,REAL_TIME_5_MIN,MKT_SUB_LNODEONC,Node,-10.19206,-6.62055,-3.20545,-0.36605,0.0
2025-10-19 16:10:00-07:00,2025-10-19 23:10:00+00:00,2025-10-19 16:15:00-07:00,2025-10-19 23:15:00+00:00,REAL_TIME_5_MIN,SCEW_2_PDRP89-APND,AP Node,-9.60863,-6.62055,-3.21099,0.22291,0.0
2025-10-19 16:15:00-07:00,2025-10-19 23:15:00+00:00,2025-10-19 16:20:00-07:00,2025-10-19 23:20:00+00:00,REAL_TIME_5_MIN,ANAHEIM_6_N001,Node,-7.34844,-6.39846,-1.20145,0.25146,0.0
2025-10-19 16:15:00-07:00,2025-10-19 23:15:00+00:00,2025-10-19 16:20:00-07:00,2025-10-19 23:20:00+00:00,REAL_TIME_5_MIN,MKT_SUB_LNODEONC,Node,-7.90058,-6.39846,-1.20529,-0.29683,0.0
2025-10-19 16:15:00-07:00,2025-10-19 23:15:00+00:00,2025-10-19 16:20:00-07:00,2025-10-19 23:20:00+00:00,REAL_TIME_5_MIN,SCEW_2_PDRP89-APND,AP Node,-7.37412,-6.39846,-1.20472,0.22905,0.0
2025-10-19 16:20:00-07:00,2025-10-19 23:20:00+00:00,2025-10-19 16:25:00-07:00,2025-10-19 23:25:00+00:00,REAL_TIME_5_MIN,ANAHEIM_6_N001,Node,-2.22044,-0.39261,-1.84325,0.01543,0.0
2025-10-19 16:20:00-07:00,2025-10-19 23:20:00+00:00,2025-10-19 16:25:00-07:00,2025-10-19 23:25:00+00:00,REAL_TIME_5_MIN,MKT_SUB_LNODEONC,Node,-2.26057,-0.39261,-1.8498,-0.01816,0.0
2025-10-19 16:20:00-07:00,2025-10-19 23:20:00+00:00,2025-10-19 16:25:00-07:00,2025-10-19 23:25:00+00:00,REAL_TIME_5_MIN,SCEW_2_PDRP89-APND,AP Node,-2.22683,-0.39261,-1.84827,0.01405,0.0
2025-10-19 16:25:00-07:00,2025-10-19 23:25:00+00:00,2025-10-19 16:30:00-07:00,2025-10-19 23:30:00+00:00,REAL_TIME_5_MIN,ANAHEIM_6_N001,Node,1.3199,1.56131,-0.18005,-0.06136,0.0
2025-10-19 16:25:00-07:00,2025-10-19 23:25:00+00:00,2025-10-19 16:30:00-07:00,2025-10-19 23:30:00+00:00,REAL_TIME_5_MIN,MKT_SUB_LNODEONC,Node,1.45496,1.56131,-0.17885,0.0725,0.0
2025-10-19 16:25:00-07:00,2025-10-19 23:25:00+00:00,2025-10-19 16:30:00-07:00,2025-10-19 23:30:00+00:00,REAL_TIME_5_MIN,SCEW_2_PDRP89-APND,AP Node,1.32283,1.56131,-0.18259,-0.05589,0.0
2025-10-19 16:30:00-07:00,2025-10-19 23:30:00+00:00,2025-10-19 16:35:00-07:00,2025-10-19 23:35:00+00:00,REAL_TIME_5_MIN,ANAHEIM_6_N001,Node,14.52229,18.74724,-3.48631,-0.73864,0.0
2025-10-19 16:30:00-07:00,2025-10-19 23:30:00+00:00,2025-10-19 16:35:00-07:00,2025-10-19 23:35:00+00:00,REAL_TIME_5_MIN,MKT_SUB_LNODEONC,Node,16.21268,18.74724,-3.48511,0.95055,0.0
2025-10-19 16:30:00-07:00,2025-10-19 23:30:00+00:00,2025-10-19 16:35:00-07:00,2025-10-19 23:35:00+00:00,REAL_TIME_5_MIN,SCEW_2_PDRP89-APND,AP Node,14.56603,18.74724,-3.51251,-0.66871,0.0
2025-10-19 16:35:00-07:00,2025-10-19 23:35:00+00:00,2025-10-19 16:40:00-07:00,2025-10-19 23:40:00+00:00,REAL_TIME_5_MIN,ANAHEIM_6_N001,Node,18.6935,20.2039,-0.71437,-0.79603,0.0
2025-10-19 16:35:00-07:00,2025-10-19 23:35:00+00:00,2025-10-19 16:40:00-07:00,2025-10-19 23:40:00+00:00,REAL_TIME_5_MIN,MKT_SUB_LNODEONC,Node,20.51387,20.2039,-0.71437,1.02434,0.0
2025-10-19 16:35:00-07:00,2025-10-19 23:35:00+00:00,2025-10-19 16:40:00-07:00,2025-10-19 23:40:00+00:00,REAL_TIME_5_MIN,SCEW_2_PDRP89-APND,AP Node,18.75877,20.2039,-0.72446,-0.72066,0.0
2025-10-19 16:40:00-07:00,2025-10-19 23:40:00+00:00,2025-10-19 16:45:00-07:00,2025-10-19 23:45:00+00:00,REAL_TIME_5_MIN,ANAHEIM_6_N001,Node,26.34363,27.42414,0.0,-1.08051,0.0
2025-10-19 16:40:00-07:00,2025-10-19 23:40:00+00:00,2025-10-19 16:45:00-07:00,2025-10-19 23:45:00+00:00,REAL_TIME_5_MIN,MKT_SUB_LNODEONC,Node,28.81538,27.42414,0.0008,1.39044,0.0
2025-10-19 16:40:00-07:00,2025-10-19 23:40:00+00:00,2025-10-19 16:45:00-07:00,2025-10-19 23:45:00+00:00,REAL_TIME_5_MIN,SCEW_2_PDRP89-APND,AP Node,26.44593,27.42414,0.0,-0.97821,0.0
2025-10-19 16:45:00-07:00,2025-10-19 23:45:00+00:00,2025-10-19 16:50:00-07:00,2025-10-19 23:50:00+00:00,REAL_TIME_5_MIN,ANAHEIM_6_N001,Node,27.71124,28.60663,0.0,-0.89539,0.0
2025-10-19 16:45:00-07:00,2025-10-19 23:45:00+00:00,2025-10-19 16:50:00-07:00,2025-10-19 23:50:00+00:00,REAL_TIME_5_MIN,MKT_SUB_LNODEONC,Node,30.1428,28.60663,0.0,1.53618,0.0
2025-10-19 16:45:00-07:00,2025-10-19 23:45:00+00:00,2025-10-19 16:50:00-07:00,2025-10-19 23:50:00+00:00,REAL_TIME_5_MIN,SCEW_2_PDRP89-APND,AP Node,27.8161,28.60663,0.0,-0.79053,0.0
2025-10-19 16:50:00-07:00,2025-10-19 23:50:00+00:00,2025-10-19 16:55:00-07:00,2025-10-19 23:55:00+00:00,REAL_TIME_5_MIN,ANAHEIM_6_N001,Node,35.0752,36.20852,0.0,-1.13333,0.0
2025-10-19 16:50:00-07:00,2025-10-19 23:50:00+00:00,2025-10-19 16:55:00-07:00,2025-10-19 23:55:00+00:00,REAL_TIME_5_MIN,MKT_SUB_LNODEONC,Node,38.15292,36.20852,0.0,1.9444,0.0
2025-10-19 16:50:00-07:00,2025-10-19 23:50:00+00:00,2025-10-19 16:55:00-07:00,2025-10-19 23:55:00+00:00,REAL_TIME_5_MIN,SCEW_2_PDRP89-APND,AP Node,35.20792,36.20852,0.0,-1.0006,0.0
2025-10-19 16:55:00-07:00,2025-10-19 23:55:00+00:00,2025-10-19 17:00:00-07:00,2025-10-20 00:00:00+00:00,REAL_TIME_5_MIN,ANAHEIM_6_N001,Node,37.86229,39.08567,0.0,-1.22338,0.0
2025-10-19 16:55:00-07:00,2025-10-19 23:55:00+00:00,2025-10-19 17:00:00-07:00,2025-10-20 00:00:00+00:00,REAL_TIME_5_MIN,MKT_SUB_LNODEONC,Node,41.18457,39.08567,0.0,2.0989,0.0
2025-10-19 16:55:00-07:00,2025-10-19 23:55:00+00:00,2025-10-19 17:00:00-07:00,2025-10-20 00:00:00+00:00,REAL_TIME_5_MIN,SCEW_2_PDRP89-APND,AP Node,38.00556,39.08567,0.0,-1.08011,0.0
2025-10-19 17:00:00-07:00,2025-10-20 00:00:00+00:00,2025-10-19 17:05:00-07:00,2025-10-20 00:05:00+00:00,REAL_TIME_5_MIN,ANAHEIM_6_N001,Node,20.94528,21.83965,-0.0055,-0.88887,0.0
2025-10-19 17:00:00-07:00,2025-10-20 00:00:00+00:00,2025-10-19 17:05:00-07:00,2025-10-20 00:05:00+00:00,REAL_TIME_5_MIN,MKT_SUB_LNODEONC,Node,22.79946,21.83965,-0.0055,0.96531,0.0
2025-10-19 17:00:00-07:00,2025-10-20 00:00:00+00:00,2025-10-19 17:05:00-07:00,2025-10-20 00:05:00+00:00,REAL_TIME_5_MIN,SCEW_2_PDRP89-APND,AP Node,21.01983,21.83965,-0.00551,-0.81431,0.0
2025-10-19 17:05:00-07:00,2025-10-20 00:05:00+00:00,2025-10-19 17:10:00-07:00,2025-10-20 00:10:00+00:00,REAL_TIME_5_MIN,ANAHEIM_6_N001,Node,19.63349,20.46648,0.0,-0.83299,0.0
2025-10-19 17:05:00-07:00,2025-10-20 00:05:00+00:00,2025-10-19 17:10:00-07:00,2025-10-20 00:10:00+00:00,REAL_TIME_5_MIN,MKT_SUB_LNODEONC,Node,21.3711,20.46648,0.0,0.90462,0.0
2025-10-19 17:05:00-07:00,2025-10-20 00:05:00+00:00,2025-10-19 17:10:00-07:00,2025-10-20 00:10:00+00:00,REAL_TIME_5_MIN,SCEW_2_PDRP89-APND,AP Node,19.70337,20.46648,0.0,-0.76311,0.0
2025-10-19 17:10:00-07:00,2025-10-20 00:10:00+00:00,2025-10-19 17:15:00-07:00,2025-10-20 00:15:00+00:00,REAL_TIME_5_MIN,ANAHEIM_6_N001,Node,21.92174,22.85181,0.0,-0.93007,0.0
2025-10-19 17:10:00-07:00,2025-10-20 00:10:00+00:00,2025-10-19 17:15:00-07:00,2025-10-20 00:15:00+00:00,REAL_TIME_5_MIN,MKT_SUB_LNODEONC,Node,23.86186,22.85181,0.0,1.01005,0.0
2025-10-19 17:10:00-07:00,2025-10-20 00:10:00+00:00,2025-10-19 17:15:00-07:00,2025-10-20 00:15:00+00:00,REAL_TIME_5_MIN,SCEW_2_PDRP89-APND,AP Node,21.99976,22.85181,0.0,-0.85205,0.0
2025-10-19 17:15:00-07:00,2025-10-20 00:15:00+00:00,2025-10-19 17:20:00-07:00,2025-10-20 00:20:00+00:00,REAL_TIME_5_MIN,ANAHEIM_6_N001,Node,29.51134,30.78588,0.0,-1.27454,0.0
2025-10-19 17:15:00-07:00,2025-10-20 00:15:00+00:00,2025-10-19 17:20:00-07:00,2025-10-20 00:20:00+00:00,REAL_TIME_5_MIN,MKT_SUB_LNODEONC,Node,32.45447,30.78588,0.0,1.66859,0.0
2025-10-19 17:15:00-07:00,2025-10-20 00:15:00+00:00,2025-10-19 17:20:00-07:00,2025-10-20 00:20:00+00:00,REAL_TIME_5_MIN,SCEW_2_PDRP89-APND,AP Node,29.6085,30.78588,0.0,-1.17738,0.0
2025-10-19 17:20:00-07:00,2025-10-20 00:20:00+00:00,2025-10-19 17:25:00-07:00,2025-10-20 00:25:00+00:00,REAL_TIME_5_MIN,ANAHEIM_6_N001,Node,32.0307,33.41404,0.0,-1.38334,0.0
2025-10-19 17:20:00-07:00,2025-10-20 00:20:00+00:00,2025-10-19 17:25:00-07:00,2025-10-20 00:25:00+00:00,REAL_TIME_5_MIN,MKT_SUB_LNODEONC,Node,35.22508,33.41404,0.0,1.81104,0.0
2025-10-19 17:20:00-07:00,2025-10-20 00:20:00+00:00,2025-10-19 17:25:00-07:00,2025-10-20 00:25:00+00:00,REAL_TIME_5_MIN,SCEW_2_PDRP89-APND,AP Node,32.13615,33.41404,0.0,-1.27789,0.0
2025-10-19 17:25:00-07:00,2025-10-20 00:25:00+00:00,2025-10-19 17:30:00-07:00,2025-10-20 00:30:00+00:00,REAL_TIME_5_MIN,ANAHEIM_6_N001,Node,35.72296,37.26576,0.0,-1.5428,0.0
2025-10-19 17:25:00-07:00,2025-10-20 00:25:00+00:00,2025-10-19 17:30:00-07:00,2025-10-20 00:30:00+00:00,REAL_TIME_5_MIN,MKT_SUB_LNODEONC,Node,39.28556,37.26576,0.0,2.0198,0.0
2025-10-19 17:25:00-07:00,2025-10-20 00:25:00+00:00,2025-10-19 17:30:00-07:00,2025-10-20 00:30:00+00:00,REAL_TIME_5_MIN,SCEW_2_PDRP89-APND,AP Node,35.84056,37.26576,0.0,-1.42519,0.0
2025-10-19 17:30:00-07:00,2025-10-20 00:30:00+00:00,2025-10-19 17:35:00-07:00,2025-10-20 00:35:00+00:00,REAL_TIME_5_MIN,ANAHEIM_6_N001,Node,42.80272,44.40576,0.0,-1.60305,0.0
2025-10-19 17:30:00-07:00,2025-10-20 00:30:00+00:00,2025-10-19 17:35:00-07:00,2025-10-20 00:35:00+00:00,REAL_TIME_5_MIN,MKT_SUB_LNODEONC,Node,47.01238,44.40576,0.0,2.60662,0.0
2025-10-19 17:30:00-07:00,2025-10-20 00:30:00+00:00,2025-10-19 17:35:00-07:00,2025-10-20 00:35:00+00:00,REAL_TIME_5_MIN,SCEW_2_PDRP89-APND,AP Node,42.92697,44.40576,0.0,-1.4788,0.0
2025-10-19 17:35:00-07:00,2025-10-20 00:35:00+00:00,2025-10-19 17:40:00-07:00,2025-10-20 00:40:00+00:00,REAL_TIME_5_MIN,ANAHEIM_6_N001,Node,43.98203,45.62925,0.0,-1.64722,0.0
2025-10-19 17:35:00-07:00,2025-10-20 00:35:00+00:00,2025-10-19 17:40:00-07:00,2025-10-20 00:40:00+00:00,REAL_TIME_5_MIN,MKT_SUB_LNODEONC,Node,48.30769,45.62925,0.0,2.67844,0.0
2025-10-19 17:35:00-07:00,2025-10-20 00:35:00+00:00,2025-10-19 17:40:00-07:00,2025-10-20 00:40:00+00:00,REAL_TIME_5_MIN,SCEW_2_PDRP89-APND,AP Node,44.10971,45.62925,0.0,-1.51954,0.0
2025-10-19 17:40:00-07:00,2025-10-20 00:40:00+00:00,2025-10-19 17:45:00-07:00,2025-10-20 00:45:00+00:00,REAL_TIME_5_MIN,ANAHEIM_6_N001,Node,45.59361,47.30118,0.0,-1.70757,0.0
2025-10-19 17:40:00-07:00,2025-10-20 00:40:00+00:00,2025-10-19 17:45:00-07:00,2025-10-20 00:45:00+00:00,REAL_TIME_5_MIN,MKT_SUB_LNODEONC,Node,50.07776,47.30118,0.0,2.77658,0.0
2025-10-19 17:40:00-07:00,2025-10-20 00:40:00+00:00,2025-10-19 17:45:00-07:00,2025-10-20 00:45:00+00:00,REAL_TIME_5_MIN,SCEW_2_PDRP89-APND,AP Node,45.72596,47.30118,0.0,-1.57522,0.0
2025-10-19 17:45:00-07:00,2025-10-20 00:45:00+00:00,2025-10-19 17:50:00-07:00,2025-10-20 00:50:00+00:00,REAL_TIME_5_MIN,ANAHEIM_6_N001,Node,47.75279,49.70625,0.0,-1.95346,0.0
2025-10-19 17:45:00-07:00,2025-10-20 00:45:00+00:00,2025-10-19 17:50:00-07:00,2025-10-20 00:50:00+00:00,REAL_TIME_5_MIN,MKT_SUB_LNODEONC,Node,53.06142,49.70625,0.0,3.35517,0.0
2025-10-19 17:45:00-07:00,2025-10-20 00:45:00+00:00,2025-10-19 17:50:00-07:00,2025-10-20 00:50:00+00:00,REAL_TIME_5_MIN,SCEW_2_PDRP89-APND,AP Node,47.90481,49.70625,0.0,-1.80144,0.0
2025-10-19 17:50:00-07:00,2025-10-20 00:50:00+00:00,2025-10-19 17:55:00-07:00,2025-10-20 00:55:00+00:00,REAL_TIME_5_MIN,ANAHEIM_6_N001,Node,48.70473,50.69713,0.0,-1.9924,0.0
2025-10-19 17:50:00-07:00,2025-10-20 00:50:00+00:00,2025-10-19 17:55:00-07:00,2025-10-20 00:55:00+00:00,REAL_TIME_5_MIN,MKT_SUB_LNODEONC,Node,54.11918,50.69713,0.0,3.42206,0.0
2025-10-19 17:50:00-07:00,2025-10-20 00:50:00+00:00,2025-10-19 17:55:00-07:00,2025-10-20 00:55:00+00:00,REAL_TIME_5_MIN,SCEW_2_PDRP89-APND,AP Node,48.85978,50.69713,0.0,-1.83735,0.0
2025-10-19 17:55:00-07:00,2025-10-20 00:55:00+00:00,2025-10-19 18:00:00-07:00,2025-10-20 01:00:00+00:00,REAL_TIME_5_MIN,ANAHEIM_6_N001,Node,49.23722,51.2514,0.0,-2.01418,0.0
2025-10-19 17:55:00-07:00,2025-10-20 00:55:00+00:00,2025-10-19 18:00:00-07:00,2025-10-20 01:00:00+00:00,REAL_TIME_5_MIN,MKT_SUB_LNODEONC,Node,54.71087,51.2514,0.0,3.45947,0.0
2025-10-19 17:55:00-07:00,2025-10-20 00:55:00+00:00,2025-10-19 18:00:00-07:00,2025-10-20 01:00:00+00:00,REAL_TIME_5_MIN,SCEW_2_PDRP89-APND,AP Node,49.39396,51.2514,0.0,-1.85744,0.0
2025-10-19 18:00:00-07:00,2025-10-20 01:00:00+00:00,2025-10-19 18:05:00-07:00,2025-10-20 01:05:00+00:00,REAL_TIME_5_MIN,ANAHEIM_6_N001,Node,38.0453,39.94622,-0.00747,-1.89345,0.0
2025-10-19 18:00:00-07:00,2025-10-20 01:00:00+00:00,2025-10-19 18:05:00-07:00,2025-10-20 01:05:00+00:00,REAL_TIME_5_MIN,MKT_SUB_LNODEONC,Node,42.49131,39.94622,-0.00747,2.55256,0.0
2025-10-19 18:00:00-07:00,2025-10-20 01:00:00+00:00,2025-10-19 18:05:00-07:00,2025-10-20 01:05:00+00:00,REAL_TIME_5_MIN,SCEW_2_PDRP89-APND,AP Node,38.16736,39.94622,-0.00748,-1.77138,0.0
2025-10-19 18:05:00-07:00,2025-10-20 01:05:00+00:00,2025-10-19 18:10:00-07:00,2025-10-20 01:10:00+00:00,REAL_TIME_5_MIN,ANAHEIM_6_N001,Node,36.71257,39.07724,-0.51241,-1.85226,0.0
2025-10-19 18:05:00-07:00,2025-10-20 01:05:00+00:00,2025-10-19 18:10:00-07:00,2025-10-20 01:10:00+00:00,REAL_TIME_5_MIN,MKT_SUB_LNODEONC,Node,41.06059,39.07724,-0.51361,2.49696,0.0
2025-10-19 18:05:00-07:00,2025-10-20 01:05:00+00:00,2025-10-19 18:10:00-07:00,2025-10-20 01:10:00+00:00,REAL_TIME_5_MIN,SCEW_2_PDRP89-APND,AP Node,36.83144,39.07724,-0.51295,-1.73285,0.0
2025-10-19 18:10:00-07:00,2025-10-20 01:10:00+00:00,2025-10-19 18:15:00-07:00,2025-10-20 01:15:00+00:00,REAL_TIME_5_MIN,ANAHEIM_6_N001,Node,36.31571,39.38674,-1.2041,-1.86693,0.0
2025-10-19 18:10:00-07:00,2025-10-20 01:10:00+00:00,2025-10-19 18:15:00-07:00,2025-10-20 01:15:00+00:00,REAL_TIME_5_MIN,MKT_SUB_LNODEONC,Node,40.69818,39.38674,-1.2053,2.51674,0.0
2025-10-19 18:10:00-07:00,2025-10-20 01:10:00+00:00,2025-10-19 18:15:00-07:00,2025-10-20 01:15:00+00:00,REAL_TIME_5_MIN,SCEW_2_PDRP89-APND,AP Node,36.43479,39.38674,-1.20537,-1.74657,0.0
2025-10-19 18:15:00-07:00,2025-10-20 01:15:00+00:00,2025-10-19 18:20:00-07:00,2025-10-20 01:20:00+00:00,REAL_TIME_5_MIN,ANAHEIM_6_N001,Node,36.38541,40.08144,-1.78415,-1.91188,0.0
2025-10-19 18:15:00-07:00,2025-10-20 01:15:00+00:00,2025-10-19 18:20:00-07:00,2025-10-20 01:20:00+00:00,REAL_TIME_5_MIN,MKT_SUB_LNODEONC,Node,40.85137,40.08144,-1.7912,2.56113,0.0
2025-10-19 18:15:00-07:00,2025-10-20 01:15:00+00:00,2025-10-19 18:20:00-07:00,2025-10-20 01:20:00+00:00,REAL_TIME_5_MIN,SCEW_2_PDRP89-APND,AP Node,36.50149,40.08144,-1.78794,-1.79202,0.0
2025-10-19 18:20:00-07:00,2025-10-20 01:20:00+00:00,2025-10-19 18:25:00-07:00,2025-10-20 01:25:00+00:00,REAL_TIME_5_MIN,ANAHEIM_6_N001,Node,36.28358,39.44822,-1.28295,-1.88168,0.0
2025-10-19 18:20:00-07:00,2025-10-20 01:20:00+00:00,2025-10-19 18:25:00-07:00,2025-10-20 01:25:00+00:00,REAL_TIME_5_MIN,MKT_SUB_LNODEONC,Node,40.78114,39.44822,-1.18774,2.52066,0.0
2025-10-19 18:20:00-07:00,2025-10-20 01:20:00+00:00,2025-10-19 18:25:00-07:00,2025-10-20 01:25:00+00:00,REAL_TIME_5_MIN,SCEW_2_PDRP89-APND,AP Node,36.40098,39.44822,-1.28353,-1.7637,0.0
2025-10-19 18:25:00-07:00,2025-10-20 01:25:00+00:00,2025-10-19 18:30:00-07:00,2025-10-20 01:30:00+00:00,REAL_TIME_5_MIN,ANAHEIM_6_N001,Node,36.75496,40.24458,-1.56996,-1.91967,0.0
2025-10-19 18:25:00-07:00,2025-10-20 01:25:00+00:00,2025-10-19 18:30:00-07:00,2025-10-20 01:30:00+00:00,REAL_TIME_5_MIN,MKT_SUB_LNODEONC,Node,41.52829,40.24458,-1.28784,2.57155,0.0
2025-10-19 18:25:00-07:00,2025-10-20 01:25:00+00:00,2025-10-19 18:30:00-07:00,2025-10-20 01:30:00+00:00,REAL_TIME_5_MIN,SCEW_2_PDRP89-APND,AP Node,36.87813,40.24458,-1.56714,-1.79931,0.0
2025-10-19 18:30:00-07:00,2025-10-20 01:30:00+00:00,2025-10-19 18:35:00-07:00,2025-10-20 01:35:00+00:00,REAL_TIME_5_MIN,ANAHEIM_6_N001,Node,37.01315,39.17745,-0.27595,-1.88835,0.0
2025-10-19 18:30:00-07:00,2025-10-20 01:30:00+00:00,2025-10-19 18:35:00-07:00,2025-10-20 01:35:00+00:00,REAL_TIME_5_MIN,MKT_SUB_LNODEONC,Node,42.1218,39.17745,0.23727,2.70708,0.0
2025-10-19 18:30:00-07:00,2025-10-20 01:30:00+00:00,2025-10-19 18:35:00-07:00,2025-10-20 01:35:00+00:00,REAL_TIME_5_MIN,SCEW_2_PDRP89-APND,AP Node,37.16139,39.17745,-0.24478,-1.77128,0.0
2025-10-19 18:35:00-07:00,2025-10-20 01:35:00+00:00,2025-10-19 18:40:00-07:00,2025-10-20 01:40:00+00:00,REAL_TIME_5_MIN,ANAHEIM_6_N001,Node,36.3424,36.70303,1.40846,-1.76909,0.0
2025-10-19 18:35:00-07:00,2025-10-20 01:35:00+00:00,2025-10-19 18:40:00-07:00,2025-10-20 01:40:00+00:00,REAL_TIME_5_MIN,MKT_SUB_LNODEONC,Node,41.90251,36.70303,2.66338,2.5361,0.0
2025-10-19 18:35:00-07:00,2025-10-20 01:35:00+00:00,2025-10-19 18:40:00-07:00,2025-10-20 01:40:00+00:00,REAL_TIME_5_MIN,SCEW_2_PDRP89-APND,AP Node,36.53221,36.70303,1.48859,-1.65941,0.0
2025-10-19 18:40:00-07:00,2025-10-20 01:40:00+00:00,2025-10-19 18:45:00-07:00,2025-10-20 01:45:00+00:00,REAL_TIME_5_MIN,ANAHEIM_6_N001,Node,35.5613,35.46753,1.80331,-1.70954,0.0
2025-10-19 18:40:00-07:00,2025-10-20 01:40:00+00:00,2025-10-19 18:45:00-07:00,2025-10-20 01:45:00+00:00,REAL_TIME_5_MIN,MKT_SUB_LNODEONC,Node,40.84808,35.46753,2.92982,2.45072,0.0
2025-10-19 18:40:00-07:00,2025-10-20 01:40:00+00:00,2025-10-19 18:45:00-07:00,2025-10-20 01:45:00+00:00,REAL_TIME_5_MIN,SCEW_2_PDRP89-APND,AP Node,35.74026,35.46753,1.87628,-1.60355,0.0
2025-10-19 18:45:00-07:00,2025-10-20 01:45:00+00:00,2025-10-19 18:50:00-07:00,2025-10-20 01:50:00+00:00,REAL_TIME_5_MIN,ANAHEIM_6_N001,Node,35.35294,35.02728,2.07352,-1.74786,0.0
2025-10-19 18:45:00-07:00,2025-10-20 01:45:00+00:00,2025-10-19 18:50:00-07:00,2025-10-20 01:50:00+00:00,REAL_TIME_5_MIN,MKT_SUB_LNODEONC,Node,40.68691,35.02728,3.27785,2.38177,0.0
2025-10-19 18:45:00-07:00,2025-10-20 01:45:00+00:00,2025-10-19 18:50:00-07:00,2025-10-20 01:50:00+00:00,REAL_TIME_5_MIN,SCEW_2_PDRP89-APND,AP Node,35.52024,35.02728,2.13615,-1.64319,0.0
2025-10-19 18:50:00-07:00,2025-10-20 01:50:00+00:00,2025-10-19 18:55:00-07:00,2025-10-20 01:55:00+00:00,REAL_TIME_5_MIN,ANAHEIM_6_N001,Node,34.01023,34.11565,1.59696,-1.70237,0.0
2025-10-19 18:50:00-07:00,2025-10-20 01:50:00+00:00,2025-10-19 18:55:00-07:00,2025-10-20 01:55:00+00:00,REAL_TIME_5_MIN,MKT_SUB_LNODEONC,Node,38.73124,34.11565,2.29573,2.31986,0.0
2025-10-19 18:50:00-07:00,2025-10-20 01:50:00+00:00,2025-10-19 18:55:00-07:00,2025-10-20 01:55:00+00:00,REAL_TIME_5_MIN,SCEW_2_PDRP89-APND,AP Node,34.14936,34.11565,1.63414,-1.60042,0.0
2025-10-19 18:55:00-07:00,2025-10-20 01:55:00+00:00,2025-10-19 19:00:00-07:00,2025-10-20 02:00:00+00:00,REAL_TIME_5_MIN,ANAHEIM_6_N001,Node,33.48597,33.40815,1.74489,-1.66707,0.0
2025-10-19 18:55:00-07:00,2025-10-20 01:55:00+00:00,2025-10-19 19:00:00-07:00,2025-10-20 02:00:00+00:00,REAL_TIME_5_MIN,MKT_SUB_LNODEONC,Node,38.43926,33.40815,2.75936,2.27175,0.0
2025-10-19 18:55:00-07:00,2025-10-20 01:55:00+00:00,2025-10-19 19:00:00-07:00,2025-10-20 02:00:00+00:00,REAL_TIME_5_MIN,SCEW_2_PDRP89-APND,AP Node,33.6385,33.40815,1.79759,-1.56723,0.0
2025-10-19 19:00:00-07:00,2025-10-20 02:00:00+00:00,2025-10-19 19:05:00-07:00,2025-10-20 02:05:00+00:00,REAL_TIME_5_MIN,ANAHEIM_6_N001,Node,40.38465,42.0134,0.06439,-1.69314,0.0
2025-10-19 19:00:00-07:00,2025-10-20 02:00:00+00:00,2025-10-19 19:05:00-07:00,2025-10-20 02:05:00+00:00,REAL_TIME_5_MIN,MKT_SUB_LNODEONC,Node,45.20321,42.0134,0.10182,3.08798,0.0
2025-10-19 19:00:00-07:00,2025-10-20 02:00:00+00:00,2025-10-19 19:05:00-07:00,2025-10-20 02:05:00+00:00,REAL_TIME_5_MIN,SCEW_2_PDRP89-APND,AP Node,40.48811,42.0134,0.06682,-1.59211,0.0
2025-10-19 19:05:00-07:00,2025-10-20 02:05:00+00:00,2025-10-19 19:10:00-07:00,2025-10-20 02:10:00+00:00,REAL_TIME_5_MIN,ANAHEIM_6_N001,Node,39.82729,41.29696,0.1946,-1.66427,0.0
2025-10-19 19:05:00-07:00,2025-10-20 02:05:00+00:00,2025-10-19 19:10:00-07:00,2025-10-20 02:10:00+00:00,REAL_TIME_5_MIN,MKT_SUB_LNODEONC,Node,44.64002,41.29696,0.30774,3.03533,0.0
2025-10-19 19:05:00-07:00,2025-10-20 02:05:00+00:00,2025-10-19 19:10:00-07:00,2025-10-20 02:10:00+00:00,REAL_TIME_5_MIN,SCEW_2_PDRP89-APND,AP Node,39.93395,41.29696,0.20195,-1.56496,0.0
2025-10-19 19:10:00-07:00,2025-10-20 02:10:00+00:00,2025-10-19 19:15:00-07:00,2025-10-20 02:15:00+00:00,REAL_TIME_5_MIN,ANAHEIM_6_N001,Node,39.08812,40.72952,0.0,-1.6414,0.0
2025-10-19 19:10:00-07:00,2025-10-20 02:10:00+00:00,2025-10-19 19:15:00-07:00,2025-10-20 02:15:00+00:00,REAL_TIME_5_MIN,MKT_SUB_LNODEONC,Node,43.72314,40.72952,0.0,2.99362,0.0
2025-10-19 19:10:00-07:00,2025-10-20 02:10:00+00:00,2025-10-19 19:15:00-07:00,2025-10-20 02:15:00+00:00,REAL_TIME_5_MIN,SCEW_2_PDRP89-APND,AP Node,39.18607,40.72952,0.0,-1.54345,0.0
2025-10-19 19:15:00-07:00,2025-10-20 02:15:00+00:00,2025-10-19 19:20:00-07:00,2025-10-20 02:20:00+00:00,REAL_TIME_5_MIN,ANAHEIM_6_N001,Node,38.31185,39.88741,0.0,-1.57555,0.0
2025-10-19 19:15:00-07:00,2025-10-20 02:15:00+00:00,2025-10-19 19:20:00-07:00,2025-10-20 02:20:00+00:00,REAL_TIME_5_MIN,MKT_SUB_LNODEONC,Node,42.58779,39.88741,0.0,2.70038,0.0
2025-10-19 19:15:00-07:00,2025-10-20 02:15:00+00:00,2025-10-19 19:20:00-07:00,2025-10-20 02:20:00+00:00,REAL_TIME_5_MIN,SCEW_2_PDRP89-APND,AP Node,38.40787,39.88741,0.0,-1.47954,0.0
2025-10-19 19:20:00-07:00,2025-10-20 02:20:00+00:00,2025-10-19 19:25:00-07:00,2025-10-20 02:25:00+00:00,REAL_TIME_5_MIN,ANAHEIM_6_N001,Node,36.98453,38.5055,0.0,-1.52097,0.0
2025-10-19 19:20:00-07:00,2025-10-20 02:20:00+00:00,2025-10-19 19:25:00-07:00,2025-10-20 02:25:00+00:00,REAL_TIME_5_MIN,MKT_SUB_LNODEONC,Node,41.11232,38.5055,0.0,2.60682,0.0
2025-10-19 19:20:00-07:00,2025-10-20 02:20:00+00:00,2025-10-19 19:25:00-07:00,2025-10-20 02:25:00+00:00,REAL_TIME_5_MIN,SCEW_2_PDRP89-APND,AP Node,37.07722,38.5055,0.0,-1.42828,0.0
2025-10-19 19:25:00-07:00,2025-10-20 02:25:00+00:00,2025-10-19 19:30:00-07:00,2025-10-20 02:30:00+00:00,REAL_TIME_5_MIN,ANAHEIM_6_N001,Node,36.39439,37.89109,0.0,-1.4967,0.0
2025-10-19 19:25:00-07:00,2025-10-20 02:25:00+00:00,2025-10-19 19:30:00-07:00,2025-10-20 02:30:00+00:00,REAL_TIME_5_MIN,MKT_SUB_LNODEONC,Node,40.45632,37.89109,0.0,2.56523,0.0
2025-10-19 19:25:00-07:00,2025-10-20 02:25:00+00:00,2025-10-19 19:30:00-07:00,2025-10-20 02:30:00+00:00,REAL_TIME_5_MIN,SCEW_2_PDRP89-APND,AP Node,36.4856,37.89109,0.0,-1.40549,0.0
2025-10-19 19:30:00-07:00,2025-10-20 02:30:00+00:00,2025-10-19 19:35:00-07:00,2025-10-20 02:35:00+00:00,REAL_TIME_5_MIN,ANAHEIM_6_N001,Node,34.97635,36.01471,0.47065,-1.50902,0.0
2025-10-19 19:30:00-07:00,2025-10-20 02:30:00+00:00,2025-10-19 19:35:00-07:00,2025-10-20 02:35:00+00:00,REAL_TIME_5_MIN,MKT_SUB_LNODEONC,Node,39.24041,36.01471,0.74429,2.48141,0.0
2025-10-19 19:30:00-07:00,2025-10-20 02:30:00+00:00,2025-10-19 19:35:00-07:00,2025-10-20 02:35:00+00:00,REAL_TIME_5_MIN,SCEW_2_PDRP89-APND,AP Node,35.07134,36.01471,0.4813,-1.42467,0.0
2025-10-19 19:35:00-07:00,2025-10-20 02:35:00+00:00,2025-10-19 19:40:00-07:00,2025-10-20 02:40:00+00:00,REAL_TIME_5_MIN,ANAHEIM_6_N001,Node,34.97635,36.01471,0.47065,-1.50902,0.0
2025-10-19 19:35:00-07:00,2025-10-20 02:35:00+00:00,2025-10-19 19:40:00-07:00,2025-10-20 02:40:00+00:00,REAL_TIME_5_MIN,MKT_SUB_LNODEONC,Node,39.24041,36.01471,0.74429,2.48141,0.0
2025-10-19 19:35:00-07:00,2025-10-20 02:35:00+00:00,2025-10-19 19:40:00-07:00,2025-10-20 02:40:00+00:00,REAL_TIME_5_MIN,SCEW_2_PDRP89-APND,AP Node,35.07134,36.01471,0.4813,-1.42467,0.0
2025-10-19 19:40:00-07:00,2025-10-20 02:40:00+00:00,2025-10-19 19:45:00-07:00,2025-10-20 02:45:00+00:00,REAL_TIME_5_MIN,ANAHEIM_6_N001,Node,34.53438,35.65552,0.37282,-1.49397,0.0
2025-10-19 19:40:00-07:00,2025-10-20 02:40:00+00:00,2025-10-19 19:45:00-07:00,2025-10-20 02:45:00+00:00,REAL_TIME_5_MIN,MKT_SUB_LNODEONC,Node,38.70177,35.65552,0.58958,2.45667,0.0
2025-10-19 19:40:00-07:00,2025-10-20 02:40:00+00:00,2025-10-19 19:45:00-07:00,2025-10-20 02:45:00+00:00,REAL_TIME_5_MIN,SCEW_2_PDRP89-APND,AP Node,34.62632,35.65552,0.38126,-1.41047,0.0
2025-10-19 19:45:00-07:00,2025-10-20 02:45:00+00:00,2025-10-19 19:50:00-07:00,2025-10-20 02:50:00+00:00,REAL_TIME_5_MIN,ANAHEIM_6_N001,Node,34.44927,35.4729,0.32079,-1.34442,0.0
2025-10-19 19:45:00-07:00,2025-10-20 02:45:00+00:00,2025-10-19 19:50:00-07:00,2025-10-20 02:50:00+00:00,REAL_TIME_5_MIN,MKT_SUB_LNODEONC,Node,38.30367,35.4729,0.50729,2.32348,0.0
2025-10-19 19:45:00-07:00,2025-10-20 02:45:00+00:00,2025-10-19 19:50:00-07:00,2025-10-20 02:50:00+00:00,REAL_TIME_5_MIN,SCEW_2_PDRP89-APND,AP Node,34.53392,35.4729,0.32805,-1.26703,0.0
2025-10-19 19:50:00-07:00,2025-10-20 02:50:00+00:00,2025-10-19 19:55:00-07:00,2025-10-20 02:55:00+00:00,REAL_TIME_5_MIN,ANAHEIM_6_N001,Node,34.7773,35.68813,0.44175,-1.35258,0.0
2025-10-19 19:50:00-07:00,2025-10-20 02:50:00+00:00,2025-10-19 19:55:00-07:00,2025-10-20 02:55:00+00:00,REAL_TIME_5_MIN,MKT_SUB_LNODEONC,Node,38.72428,35.68813,0.69858,2.33757,0.0
2025-10-19 19:50:00-07:00,2025-10-20 02:50:00+00:00,2025-10-19 19:55:00-07:00,2025-10-20 02:55:00+00:00,REAL_TIME_5_MIN,SCEW_2_PDRP89-APND,AP Node,34.86516,35.68813,0.45175,-1.27472,0.0
2025-10-19 19:55:00-07:00,2025-10-20 02:55:00+00:00,2025-10-19 20:00:00-07:00,2025-10-20 03:00:00+00:00,REAL_TIME_5_MIN,ANAHEIM_6_N001,Node,34.84614,35.74382,0.45701,-1.35469,0.0
2025-10-19 19:55:00-07:00,2025-10-20 02:55:00+00:00,2025-10-19 20:00:00-07:00,2025-10-20 03:00:00+00:00,REAL_TIME_5_MIN,MKT_SUB_LNODEONC,Node,38.80776,35.74382,0.72272,2.34122,0.0
2025-10-19 19:55:00-07:00,2025-10-20 02:55:00+00:00,2025-10-19 20:00:00-07:00,2025-10-20 03:00:00+00:00,REAL_TIME_5_MIN,SCEW_2_PDRP89-APND,AP Node,34.93447,35.74382,0.46735,-1.27671,0.0
2025-10-19 20:00:00-07:00,2025-10-20 03:00:00+00:00,2025-10-19 20:05:00-07:00,2025-10-20 03:05:00+00:00,REAL_TIME_5_MIN,ANAHEIM_6_N001,Node,40.00413,41.29245,0.0,-1.28832,0.0
2025-10-19 20:00:00-07:00,2025-10-20 03:00:00+00:00,2025-10-19 20:05:00-07:00,2025-10-20 03:05:00+00:00,REAL_TIME_5_MIN,MKT_SUB_LNODEONC,Node,43.8691,41.29245,0.0,2.57665,0.0
2025-10-19 20:00:00-07:00,2025-10-20 03:00:00+00:00,2025-10-19 20:05:00-07:00,2025-10-20 03:05:00+00:00,REAL_TIME_5_MIN,SCEW_2_PDRP89-APND,AP Node,40.10095,41.29245,0.0,-1.1915,0.0
2025-10-19 20:05:00-07:00,2025-10-20 03:05:00+00:00,2025-10-19 20:10:00-07:00,2025-10-20 03:10:00+00:00,REAL_TIME_5_MIN,ANAHEIM_6_N001,Node,39.54286,40.81633,0.0,-1.27347,0.0
2025-10-19 20:05:00-07:00,2025-10-20 03:05:00+00:00,2025-10-19 20:10:00-07:00,2025-10-20 03:10:00+00:00,REAL_TIME_5_MIN,MKT_SUB_LNODEONC,Node,43.36327,40.81633,0.0,2.54694,0.0
2025-10-19 20:05:00-07:00,2025-10-20 03:05:00+00:00,2025-10-19 20:10:00-07:00,2025-10-20 03:10:00+00:00,REAL_TIME_5_MIN,SCEW_2_PDRP89-APND,AP Node,39.63856,40.81633,0.0,-1.17777,0.0
2025-10-19 20:10:00-07:00,2025-10-20 03:10:00+00:00,2025-10-19 20:15:00-07:00,2025-10-20 03:15:00+00:00,REAL_TIME_5_MIN,ANAHEIM_6_N001,Node,39.2624,40.52684,0.0,-1.26444,0.0
2025-10-19 20:10:00-07:00,2025-10-20 03:10:00+00:00,2025-10-19 20:15:00-07:00,2025-10-20 03:15:00+00:00,REAL_TIME_5_MIN,MKT_SUB_LNODEONC,Node,43.05571,40.52684,0.0,2.52887,0.0
2025-10-19 20:10:00-07:00,2025-10-20 03:10:00+00:00,2025-10-19 20:15:00-07:00,2025-10-20 03:15:00+00:00,REAL_TIME_5_MIN,SCEW_2_PDRP89-APND,AP Node,39.35743,40.52684,0.0,-1.16941,0.0
2025-10-19 20:15:00-07:00,2025-10-20 03:15:00+00:00,2025-10-19 20:20:00-07:00,2025-10-20 03:20:00+00:00,REAL_TIME_5_MIN,ANAHEIM_6_N001,Node,38.95202,39.53689,0.63287,-1.21774,0.0
2025-10-19 20:15:00-07:00,2025-10-20 03:15:00+00:00,2025-10-19 20:20:00-07:00,2025-10-20 03:20:00+00:00,REAL_TIME_5_MIN,MKT_SUB_LNODEONC,Node,42.998,39.53689,0.9861,2.47501,0.0
2025-10-19 20:15:00-07:00,2025-10-20 03:15:00+00:00,2025-10-19 20:20:00-07:00,2025-10-20 03:20:00+00:00,REAL_TIME_5_MIN,SCEW_2_PDRP89-APND,AP Node,39.05005,39.53689,0.64205,-1.12889,0.0
2025-10-19 20:20:00-07:00,2025-10-20 03:20:00+00:00,2025-10-19 20:25:00-07:00,2025-10-20 03:25:00+00:00,REAL_TIME_5_MIN,ANAHEIM_6_N001,Node,37.74244,38.10012,0.8158,-1.17348,0.0
2025-10-19 20:20:00-07:00,2025-10-20 03:20:00+00:00,2025-10-19 20:25:00-07:00,2025-10-20 03:25:00+00:00,REAL_TIME_5_MIN,MKT_SUB_LNODEONC,Node,41.75632,38.10012,1.27113,2.38507,0.0
2025-10-19 20:20:00-07:00,2025-10-20 03:20:00+00:00,2025-10-19 20:25:00-07:00,2025-10-20 03:25:00+00:00,REAL_TIME_5_MIN,SCEW_2_PDRP89-APND,AP Node,37.83989,38.10012,0.82763,-1.08787,0.0
2025-10-19 20:25:00-07:00,2025-10-20 03:25:00+00:00,2025-10-19 20:30:00-07:00,2025-10-20 03:30:00+00:00,REAL_TIME_5_MIN,ANAHEIM_6_N001,Node,36.02916,36.49739,0.65588,-1.12412,0.0
2025-10-19 20:25:00-07:00,2025-10-20 03:25:00+00:00,2025-10-19 20:30:00-07:00,2025-10-20 03:30:00+00:00,REAL_TIME_5_MIN,MKT_SUB_LNODEONC,Node,39.80409,36.49739,1.02195,2.28474,0.0
2025-10-19 20:25:00-07:00,2025-10-20 03:25:00+00:00,2025-10-19 20:30:00-07:00,2025-10-20 03:30:00+00:00,REAL_TIME_5_MIN,SCEW_2_PDRP89-APND,AP Node,36.12068,36.49739,0.66539,-1.0421,0.0
2025-10-19 20:30:00-07:00,2025-10-20 03:30:00+00:00,2025-10-19 20:35:00-07:00,2025-10-20 03:35:00+00:00,REAL_TIME_5_MIN,ANAHEIM_6_N001,Node,35.87277,36.25609,0.79863,-1.18195,0.0
2025-10-19 20:30:00-07:00,2025-10-20 03:30:00+00:00,2025-10-19 20:35:00-07:00,2025-10-20 03:35:00+00:00,REAL_TIME_5_MIN,MKT_SUB_LNODEONC,Node,39.84623,36.25609,1.24437,2.34577,0.0
2025-10-19 20:30:00-07:00,2025-10-20 03:30:00+00:00,2025-10-19 20:35:00-07:00,2025-10-20 03:35:00+00:00,REAL_TIME_5_MIN,SCEW_2_PDRP89-APND,AP Node,35.96405,36.25609,0.8167,-1.10874,0.0
2025-10-19 20:35:00-07:00,2025-10-20 03:35:00+00:00,2025-10-19 20:40:00-07:00,2025-10-20 03:40:00+00:00,REAL_TIME_5_MIN,ANAHEIM_6_N001,Node,35.87281,36.25445,0.80025,-1.1819,0.0
2025-10-19 20:35:00-07:00,2025-10-20 03:35:00+00:00,2025-10-19 20:40:00-07:00,2025-10-20 03:40:00+00:00,REAL_TIME_5_MIN,MKT_SUB_LNODEONC,Node,39.84702,36.25445,1.2469,2.34566,0.0
2025-10-19 20:35:00-07:00,2025-10-20 03:35:00+00:00,2025-10-19 20:40:00-07:00,2025-10-20 03:40:00+00:00,REAL_TIME_5_MIN,SCEW_2_PDRP89-APND,AP Node,35.96412,36.25445,0.81836,-1.10869,0.0
2025-10-19 20:40:00-07:00,2025-10-20 03:40:00+00:00,2025-10-19 20:45:00-07:00,2025-10-20 03:45:00+00:00,REAL_TIME_5_MIN,ANAHEIM_6_N001,Node,35.9185,36.44235,0.66417,-1.18802,0.0
2025-10-19 20:40:00-07:00,2025-10-20 03:40:00+00:00,2025-10-19 20:45:00-07:00,2025-10-20 03:45:00+00:00,REAL_TIME_5_MIN,MKT_SUB_LNODEONC,Node,39.83504,36.44235,1.03487,2.35782,0.0
2025-10-19 20:40:00-07:00,2025-10-20 03:40:00+00:00,2025-10-19 20:45:00-07:00,2025-10-20 03:45:00+00:00,REAL_TIME_5_MIN,SCEW_2_PDRP89-APND,AP Node,36.00711,36.44235,0.6792,-1.11444,0.0
2025-10-19 20:45:00-07:00,2025-10-20 03:45:00+00:00,2025-10-19 20:50:00-07:00,2025-10-20 03:50:00+00:00,REAL_TIME_5_MIN,ANAHEIM_6_N001,Node,35.82549,36.04196,0.93327,-1.14974,0.0
2025-10-19 20:45:00-07:00,2025-10-20 03:45:00+00:00,2025-10-19 20:50:00-07:00,2025-10-20 03:50:00+00:00,REAL_TIME_5_MIN,MKT_SUB_LNODEONC,Node,39.73433,36.04196,1.45417,2.23821,0.0
2025-10-19 20:45:00-07:00,2025-10-20 03:45:00+00:00,2025-10-19 20:50:00-07:00,2025-10-20 03:50:00+00:00,REAL_TIME_5_MIN,SCEW_2_PDRP89-APND,AP Node,35.91947,36.04196,0.95439,-1.07688,0.0
2025-10-19 20:50:00-07:00,2025-10-20 03:50:00+00:00,2025-10-19 20:55:00-07:00,2025-10-20 03:55:00+00:00,REAL_TIME_5_MIN,ANAHEIM_6_N001,Node,35.36656,35.17753,1.31118,-1.12216,0.0
2025-10-19 20:50:00-07:00,2025-10-20 03:50:00+00:00,2025-10-19 20:55:00-07:00,2025-10-20 03:55:00+00:00,REAL_TIME_5_MIN,MKT_SUB_LNODEONC,Node,39.40507,35.17753,2.04301,2.18452,0.0
2025-10-19 20:50:00-07:00,2025-10-20 03:50:00+00:00,2025-10-19 20:55:00-07:00,2025-10-20 03:55:00+00:00,REAL_TIME_5_MIN,SCEW_2_PDRP89-APND,AP Node,35.46734,35.17753,1.34086,-1.05105,0.0
2025-10-19 20:55:00-07:00,2025-10-20 03:55:00+00:00,2025-10-19 21:00:00-07:00,2025-10-20 04:00:00+00:00,REAL_TIME_5_MIN,ANAHEIM_6_N001,Node,34.3863,33.84631,1.61969,-1.0797,0.0
2025-10-19 20:55:00-07:00,2025-10-20 03:55:00+00:00,2025-10-19 21:00:00-07:00,2025-10-20 04:00:00+00:00,REAL_TIME_5_MIN,MKT_SUB_LNODEONC,Node,38.47186,33.84631,2.5237,2.10186,0.0
2025-10-19 20:55:00-07:00,2025-10-20 03:55:00+00:00,2025-10-19 21:00:00-07:00,2025-10-20 04:00:00+00:00,REAL_TIME_5_MIN,SCEW_2_PDRP89-APND,AP Node,34.49137,33.84631,1.65634,-1.01127,0.0
2025-10-19 21:00:00-07:00,2025-10-20 04:00:00+00:00,2025-10-19 21:05:00-07:00,2025-10-20 04:05:00+00:00,REAL_TIME_5_MIN,ANAHEIM_6_N001,Node,38.25972,35.72773,3.6717,-1.13971,0.0
2025-10-19 21:00:00-07:00,2025-10-20 04:00:00+00:00,2025-10-19 21:05:00-07:00,2025-10-20 04:05:00+00:00,REAL_TIME_5_MIN,MKT_SUB_LNODEONC,Node,43.7707,35.72773,5.80641,2.23656,0.0
2025-10-19 21:00:00-07:00,2025-10-20 04:00:00+00:00,2025-10-19 21:05:00-07:00,2025-10-20 04:05:00+00:00,REAL_TIME_5_MIN,SCEW_2_PDRP89-APND,AP Node,38.41268,35.72773,3.75479,-1.06985,0.0
2025-10-19 21:05:00-07:00,2025-10-20 04:05:00+00:00,2025-10-19 21:10:00-07:00,2025-10-20 04:10:00+00:00,REAL_TIME_5_MIN,ANAHEIM_6_N001,Node,36.3476,34.45418,2.99251,-1.09909,0.0
2025-10-19 21:05:00-07:00,2025-10-20 04:05:00+00:00,2025-10-19 21:10:00-07:00,2025-10-20 04:10:00+00:00,REAL_TIME_5_MIN,MKT_SUB_LNODEONC,Node,41.34335,34.45418,4.73234,2.15683,0.0
2025-10-19 21:05:00-07:00,2025-10-20 04:05:00+00:00,2025-10-19 21:10:00-07:00,2025-10-20 04:10:00+00:00,REAL_TIME_5_MIN,SCEW_2_PDRP89-APND,AP Node,36.48269,34.45418,3.06023,-1.03171,0.0
2025-10-19 21:10:00-07:00,2025-10-20 04:10:00+00:00,2025-10-19 21:15:00-07:00,2025-10-20 04:15:00+00:00,REAL_TIME_5_MIN,ANAHEIM_6_N001,Node,34.84708,32.88838,3.00784,-1.04914,0.0
2025-10-19 21:10:00-07:00,2025-10-20 04:10:00+00:00,2025-10-19 21:15:00-07:00,2025-10-20 04:15:00+00:00,REAL_TIME_5_MIN,MKT_SUB_LNODEONC,Node,39.70378,32.88838,4.75659,2.05881,0.0
2025-10-19 21:10:00-07:00,2025-10-20 04:10:00+00:00,2025-10-19 21:15:00-07:00,2025-10-20 04:15:00+00:00,REAL_TIME_5_MIN,SCEW_2_PDRP89-APND,AP Node,34.97947,32.88838,3.07591,-0.98482,0.0
2025-10-19 21:15:00-07:00,2025-10-20 04:15:00+00:00,2025-10-19 21:20:00-07:00,2025-10-20 04:20:00+00:00,REAL_TIME_5_MIN,ANAHEIM_6_N001,Node,34.83288,32.46963,3.3763,-1.01305,0.0
2025-10-19 21:15:00-07:00,2025-10-20 04:15:00+00:00,2025-10-19 21:20:00-07:00,2025-10-20 04:20:00+00:00,REAL_TIME_5_MIN,MKT_SUB_LNODEONC,Node,39.8902,32.46963,5.33926,2.0813,0.0
2025-10-19 21:15:00-07:00,2025-10-20 04:15:00+00:00,2025-10-19 21:20:00-07:00,2025-10-20 04:20:00+00:00,REAL_TIME_5_MIN,SCEW_2_PDRP89-APND,AP Node,34.97391,32.46963,3.4527,-0.94842,0.0
2025-10-19 21:20:00-07:00,2025-10-20 04:20:00+00:00,2025-10-19 21:25:00-07:00,2025-10-20 04:25:00+00:00,REAL_TIME_5_MIN,ANAHEIM_6_N001,Node,34.19127,31.89953,3.28701,-0.99527,0.0
2025-10-19 21:20:00-07:00,2025-10-20 04:20:00+00:00,2025-10-19 21:25:00-07:00,2025-10-20 04:25:00+00:00,REAL_TIME_5_MIN,MKT_SUB_LNODEONC,Node,39.14235,31.89953,5.19806,2.04476,0.0
2025-10-19 21:20:00-07:00,2025-10-20 04:20:00+00:00,2025-10-19 21:25:00-07:00,2025-10-20 04:25:00+00:00,REAL_TIME_5_MIN,SCEW_2_PDRP89-APND,AP Node,34.32915,31.89953,3.36139,-0.93177,0.0
2025-10-19 21:25:00-07:00,2025-10-20 04:25:00+00:00,2025-10-19 21:30:00-07:00,2025-10-20 04:30:00+00:00,REAL_TIME_5_MIN,ANAHEIM_6_N001,Node,34.94052,33.04312,2.92835,-1.03095,0.0
2025-10-19 21:25:00-07:00,2025-10-20 04:25:00+00:00,2025-10-19 21:30:00-07:00,2025-10-20 04:30:00+00:00,REAL_TIME_5_MIN,MKT_SUB_LNODEONC,Node,39.48681,33.04312,4.32563,2.11806,0.0
2025-10-19 21:25:00-07:00,2025-10-20 04:25:00+00:00,2025-10-19 21:30:00-07:00,2025-10-20 04:30:00+00:00,REAL_TIME_5_MIN,SCEW_2_PDRP89-APND,AP Node,35.06156,33.04312,2.98362,-0.96517,0.0
2025-10-19 21:30:00-07:00,2025-10-20 04:30:00+00:00,2025-10-19 21:35:00-07:00,2025-10-20 04:35:00+00:00,REAL_TIME_5_MIN,ANAHEIM_6_N001,Node,35.77682,36.77225,0.17392,-1.16936,0.0
2025-10-19 21:30:00-07:00,2025-10-20 04:30:00+00:00,2025-10-19 21:35:00-07:00,2025-10-20 04:35:00+00:00,REAL_TIME_5_MIN,MKT_SUB_LNODEONC,Node,39.26429,36.77225,0.27099,2.22104,0.0
2025-10-19 21:30:00-07:00,2025-10-20 04:30:00+00:00,2025-10-19 21:35:00-07:00,2025-10-20 04:35:00+00:00,REAL_TIME_5_MIN,SCEW_2_PDRP89-APND,AP Node,35.85155,36.77225,0.17786,-1.09856,0.0
2025-10-19 21:35:00-07:00,2025-10-20 04:35:00+00:00,2025-10-19 21:40:00-07:00,2025-10-20 04:40:00+00:00,REAL_TIME_5_MIN,ANAHEIM_6_N001,Node,36.15078,37.33814,0.0,-1.18735,0.0
2025-10-19 21:35:00-07:00,2025-10-20 04:35:00+00:00,2025-10-19 21:40:00-07:00,2025-10-20 04:40:00+00:00,REAL_TIME_5_MIN,MKT_SUB_LNODEONC,Node,39.59336,37.33814,0.0,2.25522,0.0
2025-10-19 21:35:00-07:00,2025-10-20 04:35:00+00:00,2025-10-19 21:40:00-07:00,2025-10-20 04:40:00+00:00,REAL_TIME_5_MIN,SCEW_2_PDRP89-APND,AP Node,36.22267,37.33814,0.0,-1.11546,0.0
2025-10-19 21:40:00-07:00,2025-10-20 04:40:00+00:00,2025-10-19 21:45:00-07:00,2025-10-20 04:45:00+00:00,REAL_TIME_5_MIN,ANAHEIM_6_N001,Node,36.15078,37.33814,0.0,-1.18735,0.0
2025-10-19 21:40:00-07:00,2025-10-20 04:40:00+00:00,2025-10-19 21:45:00-07:00,2025-10-20 04:45:00+00:00,REAL_TIME_5_MIN,MKT_SUB_LNODEONC,Node,39.59336,37.33814,0.0,2.25522,0.0
2025-10-19 21:40:00-07:00,2025-10-20 04:40:00+00:00,2025-10-19 21:45:00-07:00,2025-10-20 04:45:00+00:00,REAL_TIME_5_MIN,SCEW_2_PDRP89-APND,AP Node,36.22267,37.33814,0.0,-1.11546,0.0
2025-10-19 21:45:00-07:00,2025-10-20 04:45:00+00:00,2025-10-19 21:50:00-07:00,2025-10-20 04:50:00+00:00,REAL_TIME_5_MIN,ANAHEIM_6_N001,Node,34.8032,33.97115,1.79343,-0.96138,0.0
2025-10-19 21:45:00-07:00,2025-10-20 04:45:00+00:00,2025-10-19 21:50:00-07:00,2025-10-20 04:50:00+00:00,REAL_TIME_5_MIN,MKT_SUB_LNODEONC,Node,38.91467,33.97115,2.79322,2.1503,0.0
2025-10-19 21:45:00-07:00,2025-10-20 04:45:00+00:00,2025-10-19 21:50:00-07:00,2025-10-20 04:50:00+00:00,REAL_TIME_5_MIN,SCEW_2_PDRP89-APND,AP Node,34.90706,33.97115,1.83402,-0.8981,0.0
2025-10-19 21:50:00-07:00,2025-10-20 04:50:00+00:00,2025-10-19 21:55:00-07:00,2025-10-20 04:55:00+00:00,REAL_TIME_5_MIN,ANAHEIM_6_N001,Node,32.58755,31.62196,1.86049,-0.8949,0.0
2025-10-19 21:50:00-07:00,2025-10-20 04:50:00+00:00,2025-10-19 21:55:00-07:00,2025-10-20 04:55:00+00:00,REAL_TIME_5_MIN,MKT_SUB_LNODEONC,Node,36.52126,31.62196,2.8977,2.00159,0.0
2025-10-19 21:50:00-07:00,2025-10-20 04:50:00+00:00,2025-10-19 21:55:00-07:00,2025-10-20 04:55:00+00:00,REAL_TIME_5_MIN,SCEW_2_PDRP89-APND,AP Node,32.68855,31.62196,1.90259,-0.836,0.0
2025-10-19 21:55:00-07:00,2025-10-20 04:55:00+00:00,2025-10-19 22:00:00-07:00,2025-10-20 05:00:00+00:00,REAL_TIME_5_MIN,ANAHEIM_6_N001,Node,31.27576,30.4065,1.72976,-0.8605,0.0
2025-10-19 21:55:00-07:00,2025-10-20 04:55:00+00:00,2025-10-19 22:00:00-07:00,2025-10-20 05:00:00+00:00,REAL_TIME_5_MIN,MKT_SUB_LNODEONC,Node,35.02516,30.4065,2.69401,1.92466,0.0
2025-10-19 21:55:00-07:00,2025-10-20 04:55:00+00:00,2025-10-19 22:00:00-07:00,2025-10-20 05:00:00+00:00,REAL_TIME_5_MIN,SCEW_2_PDRP89-APND,AP Node,31.37154,30.4065,1.7689,-0.80387,0.0
2025-10-19 22:00:00-07:00,2025-10-20 05:00:00+00:00,2025-10-19 22:05:00-07:00,2025-10-20 05:05:00+00:00,REAL_TIME_5_MIN,ANAHEIM_6_N001,Node,36.73552,37.60803,0.0,-0.87251,0.0
2025-10-19 22:00:00-07:00,2025-10-20 05:00:00+00:00,2025-10-19 22:05:00-07:00,2025-10-20 05:05:00+00:00,REAL_TIME_5_MIN,MKT_SUB_LNODEONC,Node,40.01118,37.60803,0.0,2.40315,0.0
2025-10-19 22:00:00-07:00,2025-10-20 05:00:00+00:00,2025-10-19 22:05:00-07:00,2025-10-20 05:05:00+00:00,REAL_TIME_5_MIN,SCEW_2_PDRP89-APND,AP Node,36.78844,37.60803,0.0,-0.81959,0.0
2025-10-19 22:05:00-07:00,2025-10-20 05:05:00+00:00,2025-10-19 22:10:00-07:00,2025-10-20 05:10:00+00:00,REAL_TIME_5_MIN,ANAHEIM_6_N001,Node,36.6456,37.51597,0.0,-0.87037,0.0
2025-10-19 22:05:00-07:00,2025-10-20 05:05:00+00:00,2025-10-19 22:10:00-07:00,2025-10-20 05:10:00+00:00,REAL_TIME_5_MIN,MKT_SUB_LNODEONC,Node,39.91324,37.51597,0.0,2.39727,0.0
2025-10-19 22:05:00-07:00,2025-10-20 05:05:00+00:00,2025-10-19 22:10:00-07:00,2025-10-20 05:10:00+00:00,REAL_TIME_5_MIN,SCEW_2_PDRP89-APND,AP Node,36.69839,37.51597,0.0,-0.81758,0.0
2025-10-19 22:10:00-07:00,2025-10-20 05:10:00+00:00,2025-10-19 22:15:00-07:00,2025-10-20 05:15:00+00:00,REAL_TIME_5_MIN,ANAHEIM_6_N001,Node,36.62969,37.49969,0.0,-0.86999,0.0
2025-10-19 22:10:00-07:00,2025-10-20 05:10:00+00:00,2025-10-19 22:15:00-07:00,2025-10-20 05:15:00+00:00,REAL_TIME_5_MIN,MKT_SUB_LNODEONC,Node,39.89592,37.49969,0.0,2.39623,0.0
2025-10-19 22:10:00-07:00,2025-10-20 05:10:00+00:00,2025-10-19 22:15:00-07:00,2025-10-20 05:15:00+00:00,REAL_TIME_5_MIN,SCEW_2_PDRP89-APND,AP Node,36.68246,37.49969,0.0,-0.81722,0.0
2025-10-19 22:15:00-07:00,2025-10-20 05:15:00+00:00,2025-10-19 22:20:00-07:00,2025-10-20 05:20:00+00:00,REAL_TIME_5_MIN,ANAHEIM_6_N001,Node,35.98804,36.82395,0.0,-0.8359,0.0
2025-10-19 22:15:00-07:00,2025-10-20 05:15:00+00:00,2025-10-19 22:20:00-07:00,2025-10-20 05:20:00+00:00,REAL_TIME_5_MIN,MKT_SUB_LNODEONC,Node,39.09967,36.82395,0.0,2.27572,0.0
2025-10-19 22:15:00-07:00,2025-10-20 05:15:00+00:00,2025-10-19 22:20:00-07:00,2025-10-20 05:20:00+00:00,REAL_TIME_5_MIN,SCEW_2_PDRP89-APND,AP Node,36.04475,36.82395,0.0,-0.7792,0.0
2025-10-19 22:20:00-07:00,2025-10-20 05:20:00+00:00,2025-10-19 22:25:00-07:00,2025-10-20 05:25:00+00:00,REAL_TIME_5_MIN,ANAHEIM_6_N001,Node,35.87946,36.71285,0.0,-0.83338,0.0
2025-10-19 22:20:00-07:00,2025-10-20 05:20:00+00:00,2025-10-19 22:25:00-07:00,2025-10-20 05:25:00+00:00,REAL_TIME_5_MIN,MKT_SUB_LNODEONC,Node,38.9817,36.71285,0.0,2.26885,0.0
2025-10-19 22:20:00-07:00,2025-10-20 05:20:00+00:00,2025-10-19 22:25:00-07:00,2025-10-20 05:25:00+00:00,REAL_TIME_5_MIN,SCEW_2_PDRP89-APND,AP Node,35.936,36.71285,0.0,-0.77685,0.0
2025-10-19 22:25:00-07:00,2025-10-20 05:25:00+00:00,2025-10-19 22:30:00-07:00,2025-10-20 05:30:00+00:00,REAL_TIME_5_MIN,ANAHEIM_6_N001,Node,36.20055,37.04139,0.0,-0.84084,0.0
2025-10-19 22:25:00-07:00,2025-10-20 05:25:00+00:00,2025-10-19 22:30:00-07:00,2025-10-20 05:30:00+00:00,REAL_TIME_5_MIN,MKT_SUB_LNODEONC,Node,39.33054,37.04139,0.0,2.28916,0.0
2025-10-19 22:25:00-07:00,2025-10-20 05:25:00+00:00,2025-10-19 22:30:00-07:00,2025-10-20 05:30:00+00:00,REAL_TIME_5_MIN,SCEW_2_PDRP89-APND,AP Node,36.25759,37.04139,0.0,-0.7838,0.0
2025-10-19 22:30:00-07:00,2025-10-20 05:30:00+00:00,2025-10-19 22:35:00-07:00,2025-10-20 05:35:00+00:00,REAL_TIME_5_MIN,ANAHEIM_6_N001,Node,36.30675,37.0704,0.0,-0.76365,0.0
2025-10-19 22:30:00-07:00,2025-10-20 05:30:00+00:00,2025-10-19 22:35:00-07:00,2025-10-20 05:35:00+00:00,REAL_TIME_5_MIN,MKT_SUB_LNODEONC,Node,39.40213,37.0704,0.0,2.33173,0.0
2025-10-19 22:30:00-07:00,2025-10-20 05:30:00+00:00,2025-10-19 22:35:00-07:00,2025-10-20 05:35:00+00:00,REAL_TIME_5_MIN,SCEW_2_PDRP89-APND,AP Node,36.37117,37.0704,0.0,-0.69923,0.0
2025-10-19 22:35:00-07:00,2025-10-20 05:35:00+00:00,2025-10-19 22:40:00-07:00,2025-10-20 05:40:00+00:00,REAL_TIME_5_MIN,ANAHEIM_6_N001,Node,36.30675,37.0704,0.0,-0.76365,0.0
2025-10-19 22:35:00-07:00,2025-10-20 05:35:00+00:00,2025-10-19 22:40:00-07:00,2025-10-20 05:40:00+00:00,REAL_TIME_5_MIN,MKT_SUB_LNODEONC,Node,39.40213,37.0704,0.0,2.33173,0.0
2025-10-19 22:35:00-07:00,2025-10-20 05:35:00+00:00,2025-10-19 22:40:00-07:00,2025-10-20 05:40:00+00:00,REAL_TIME_5_MIN,SCEW_2_PDRP89-APND,AP Node,36.37117,37.0704,0.0,-0.69923,0.0
2025-10-19 22:40:00-07:00,2025-10-20 05:40:00+00:00,2025-10-19 22:45:00-07:00,2025-10-20 05:45:00+00:00,REAL_TIME_5_MIN,ANAHEIM_6_N001,Node,35.8788,36.63345,0.0,-0.75465,0.0
2025-10-19 22:40:00-07:00,2025-10-20 05:40:00+00:00,2025-10-19 22:45:00-07:00,2025-10-20 05:45:00+00:00,REAL_TIME_5_MIN,MKT_SUB_LNODEONC,Node,38.93769,36.63345,0.0,2.30424,0.0
2025-10-19 22:40:00-07:00,2025-10-20 05:40:00+00:00,2025-10-19 22:45:00-07:00,2025-10-20 05:45:00+00:00,REAL_TIME_5_MIN,SCEW_2_PDRP89-APND,AP Node,35.94245,36.63345,0.0,-0.69099,0.0
2025-10-19 22:45:00-07:00,2025-10-20 05:45:00+00:00,2025-10-19 22:50:00-07:00,2025-10-20 05:50:00+00:00,REAL_TIME_5_MIN,ANAHEIM_6_N001,Node,35.03059,35.8186,0.0,-0.78801,0.0
2025-10-19 22:45:00-07:00,2025-10-20 05:45:00+00:00,2025-10-19 22:50:00-07:00,2025-10-20 05:50:00+00:00,REAL_TIME_5_MIN,MKT_SUB_LNODEONC,Node,38.00354,35.8186,0.0,2.18493,0.0
2025-10-19 22:45:00-07:00,2025-10-20 05:45:00+00:00,2025-10-19 22:50:00-07:00,2025-10-20 05:50:00+00:00,REAL_TIME_5_MIN,SCEW_2_PDRP89-APND,AP Node,35.08933,35.8186,0.0,-0.72927,0.0
2025-10-19 22:50:00-07:00,2025-10-20 05:50:00+00:00,2025-10-19 22:55:00-07:00,2025-10-20 05:55:00+00:00,REAL_TIME_5_MIN,ANAHEIM_6_N001,Node,34.93502,35.72088,0.0,-0.78586,0.0
2025-10-19 22:50:00-07:00,2025-10-20 05:50:00+00:00,2025-10-19 22:55:00-07:00,2025-10-20 05:55:00+00:00,REAL_TIME_5_MIN,MKT_SUB_LNODEONC,Node,37.89986,35.72088,0.0,2.17897,0.0
2025-10-19 22:50:00-07:00,2025-10-20 05:50:00+00:00,2025-10-19 22:55:00-07:00,2025-10-20 05:55:00+00:00,REAL_TIME_5_MIN,SCEW_2_PDRP89-APND,AP Node,34.9936,35.72088,0.0,-0.72728,0.0
2025-10-19 22:55:00-07:00,2025-10-20 05:55:00+00:00,2025-10-19 23:00:00-07:00,2025-10-20 06:00:00+00:00,REAL_TIME_5_MIN,ANAHEIM_6_N001,Node,35.79284,36.59799,0.0,-0.80516,0.0
2025-10-19 22:55:00-07:00,2025-10-20 05:55:00+00:00,2025-10-19 23:00:00-07:00,2025-10-20 06:00:00+00:00,REAL_TIME_5_MIN,MKT_SUB_LNODEONC,Node,38.83047,36.59799,0.0,2.23248,0.0
2025-10-19 22:55:00-07:00,2025-10-20 05:55:00+00:00,2025-10-19 23:00:00-07:00,2025-10-20 06:00:00+00:00,REAL_TIME_5_MIN,SCEW_2_PDRP89-APND,AP Node,35.85285,36.59799,0.0,-0.74514,0.0
2025-10-19 23:00:00-07:00,2025-10-20 06:00:00+00:00,2025-10-19 23:05:00-07:00,2025-10-20 06:05:00+00:00,REAL_TIME_5_MIN,ANAHEIM_6_N001,Node,36.75505,37.59723,0.0,-0.84218,0.0
2025-10-19 23:00:00-07:00,2025-10-20 06:00:00+00:00,2025-10-19 23:05:00-07:00,2025-10-20 06:05:00+00:00,REAL_TIME_5_MIN,MKT_SUB_LNODEONC,Node,39.65755,37.59723,0.0,2.06033,0.0
2025-10-19 23:00:00-07:00,2025-10-20 06:00:00+00:00,2025-10-19 23:05:00-07:00,2025-10-20 06:05:00+00:00,REAL_TIME_5_MIN,SCEW_2_PDRP89-APND,AP Node,36.81303,37.59723,0.0,-0.7842,0.0
2025-10-19 23:05:00-07:00,2025-10-20 06:05:00+00:00,2025-10-19 23:10:00-07:00,2025-10-20 06:10:00+00:00,REAL_TIME_5_MIN,ANAHEIM_6_N001,Node,35.77588,36.59562,0.0,-0.81974,0.0
2025-10-19 23:05:00-07:00,2025-10-20 06:05:00+00:00,2025-10-19 23:10:00-07:00,2025-10-20 06:10:00+00:00,REAL_TIME_5_MIN,MKT_SUB_LNODEONC,Node,38.60106,36.59562,0.0,2.00544,0.0
2025-10-19 23:05:00-07:00,2025-10-20 06:05:00+00:00,2025-10-19 23:10:00-07:00,2025-10-20 06:10:00+00:00,REAL_TIME_5_MIN,SCEW_2_PDRP89-APND,AP Node,35.83231,36.59562,0.0,-0.76331,0.0
2025-10-19 23:10:00-07:00,2025-10-20 06:10:00+00:00,2025-10-19 23:15:00-07:00,2025-10-20 06:15:00+00:00,REAL_TIME_5_MIN,ANAHEIM_6_N001,Node,33.4228,34.18862,0.0,-0.76583,0.0
2025-10-19 23:10:00-07:00,2025-10-20 06:10:00+00:00,2025-10-19 23:15:00-07:00,2025-10-20 06:15:00+00:00,REAL_TIME_5_MIN,MKT_SUB_LNODEONC,Node,36.06216,34.18862,0.0,1.87354,0.0
2025-10-19 23:10:00-07:00,2025-10-20 06:10:00+00:00,2025-10-19 23:15:00-07:00,2025-10-20 06:15:00+00:00,REAL_TIME_5_MIN,SCEW_2_PDRP89-APND,AP Node,33.47552,34.18862,0.0,-0.7131,0.0
2025-10-19 23:15:00-07:00,2025-10-20 06:15:00+00:00,2025-10-19 23:20:00-07:00,2025-10-20 06:20:00+00:00,REAL_TIME_5_MIN,ANAHEIM_6_N001,Node,32.02037,32.72059,0.0,-0.70022,0.0
2025-10-19 23:15:00-07:00,2025-10-20 06:15:00+00:00,2025-10-19 23:20:00-07:00,2025-10-20 06:20:00+00:00,REAL_TIME_5_MIN,MKT_SUB_LNODEONC,Node,34.41879,32.72059,0.0,1.6982,0.0
2025-10-19 23:15:00-07:00,2025-10-20 06:15:00+00:00,2025-10-19 23:20:00-07:00,2025-10-20 06:20:00+00:00,REAL_TIME_5_MIN,SCEW_2_PDRP89-APND,AP Node,32.06763,32.72059,0.0,-0.65296,0.0
2025-10-19 23:20:00-07:00,2025-10-20 06:20:00+00:00,2025-10-19 23:25:00-07:00,2025-10-20 06:25:00+00:00,REAL_TIME_5_MIN,ANAHEIM_6_N001,Node,31.3233,32.00828,0.0,-0.68498,0.0
2025-10-19 23:20:00-07:00,2025-10-20 06:20:00+00:00,2025-10-19 23:25:00-07:00,2025-10-20 06:25:00+00:00,REAL_TIME_5_MIN,MKT_SUB_LNODEONC,Node,33.66951,32.00828,0.0,1.66123,0.0
2025-10-19 23:20:00-07:00,2025-10-20 06:20:00+00:00,2025-10-19 23:25:00-07:00,2025-10-20 06:25:00+00:00,REAL_TIME_5_MIN,SCEW_2_PDRP89-APND,AP Node,31.36954,32.00828,0.0,-0.63874,0.0
2025-10-19 23:25:00-07:00,2025-10-20 06:25:00+00:00,2025-10-19 23:30:00-07:00,2025-10-20 06:30:00+00:00,REAL_TIME_5_MIN,ANAHEIM_6_N001,Node,31.44262,32.1302,0.0,-0.68759,0.0
2025-10-19 23:25:00-07:00,2025-10-20 06:25:00+00:00,2025-10-19 23:30:00-07:00,2025-10-20 06:30:00+00:00,REAL_TIME_5_MIN,MKT_SUB_LNODEONC,Node,33.79776,32.1302,0.0,1.66756,0.0
2025-10-19 23:25:00-07:00,2025-10-20 06:25:00+00:00,2025-10-19 23:30:00-07:00,2025-10-20 06:30:00+00:00,REAL_TIME_5_MIN,SCEW_2_PDRP89-APND,AP Node,31.48903,32.1302,0.0,-0.64117,0.0
2025-10-19 23:30:00-07:00,2025-10-20 06:30:00+00:00,2025-10-19 23:35:00-07:00,2025-10-20 06:35:00+00:00,REAL_TIME_5_MIN,ANAHEIM_6_N001,Node,30.78044,31.46641,0.0,-0.68597,0.0
2025-10-19 23:30:00-07:00,2025-10-20 06:30:00+00:00,2025-10-19 23:35:00-07:00,2025-10-20 06:35:00+00:00,REAL_TIME_5_MIN,MKT_SUB_LNODEONC,Node,33.14357,31.46641,0.0,1.67716,0.0
2025-10-19 23:30:00-07:00,2025-10-20 06:30:00+00:00,2025-10-19 23:35:00-07:00,2025-10-20 06:35:00+00:00,REAL_TIME_5_MIN,SCEW_2_PDRP89-APND,AP Node,30.82195,31.46641,0.0,-0.64446,0.0
2025-10-19 23:35:00-07:00,2025-10-20 06:35:00+00:00,2025-10-19 23:40:00-07:00,2025-10-20 06:40:00+00:00,REAL_TIME_5_MIN,ANAHEIM_6_N001,Node,31.78947,32.49792,0.0,-0.70845,0.0
2025-10-19 23:35:00-07:00,2025-10-20 06:35:00+00:00,2025-10-19 23:40:00-07:00,2025-10-20 06:40:00+00:00,REAL_TIME_5_MIN,MKT_SUB_LNODEONC,Node,34.23006,32.49792,0.0,1.73214,0.0
2025-10-19 23:35:00-07:00,2025-10-20 06:35:00+00:00,2025-10-19 23:40:00-07:00,2025-10-20 06:40:00+00:00,REAL_TIME_5_MIN,SCEW_2_PDRP89-APND,AP Node,31.83234,32.49792,0.0,-0.66558,0.0
2025-10-19 23:40:00-07:00,2025-10-20 06:40:00+00:00,2025-10-19 23:45:00-07:00,2025-10-20 06:45:00+00:00,REAL_TIME_5_MIN,ANAHEIM_6_N001,Node,31.26579,31.96257,0.0,-0.69678,0.0
2025-10-19 23:40:00-07:00,2025-10-20 06:40:00+00:00,2025-10-19 23:45:00-07:00,2025-10-20 06:45:00+00:00,REAL_TIME_5_MIN,MKT_SUB_LNODEONC,Node,33.66618,31.96257,0.0,1.70361,0.0
2025-10-19 23:40:00-07:00,2025-10-20 06:40:00+00:00,2025-10-19 23:45:00-07:00,2025-10-20 06:45:00+00:00,REAL_TIME_5_MIN,SCEW_2_PDRP89-APND,AP Node,31.30795,31.96257,0.0,-0.65462,0.0
2025-10-19 23:45:00-07:00,2025-10-20 06:45:00+00:00,2025-10-19 23:50:00-07:00,2025-10-20 06:50:00+00:00,REAL_TIME_5_MIN,ANAHEIM_6_N001,Node,31.78238,32.4575,0.0,-0.67512,0.0
2025-10-19 23:45:00-07:00,2025-10-20 06:45:00+00:00,2025-10-19 23:50:00-07:00,2025-10-20 06:50:00+00:00,REAL_TIME_5_MIN,MKT_SUB_LNODEONC,Node,34.13879,32.4575,0.0,1.6813,0.0
2025-10-19 23:45:00-07:00,2025-10-20 06:45:00+00:00,2025-10-19 23:50:00-07:00,2025-10-20 06:50:00+00:00,REAL_TIME_5_MIN,SCEW_2_PDRP89-APND,AP Node,31.82309,32.4575,0.0,-0.63441,0.0
2025-10-19 23:50:00-07:00,2025-10-20 06:50:00+00:00,2025-10-19 23:55:00-07:00,2025-10-20 06:55:00+00:00,REAL_TIME_5_MIN,ANAHEIM_6_N001,Node,31.78238,32.4575,0.0,-0.67512,0.0
2025-10-19 23:50:00-07:00,2025-10-20 06:50:00+00:00,2025-10-19 23:55:00-07:00,2025-10-20 06:55:00+00:00,REAL_TIME_5_MIN,MKT_SUB_LNODEONC,Node,34.13753,32.4575,-0.0012,1.68124,0.0
2025-10-19 23:50:00-07:00,2025-10-20 06:50:00+00:00,2025-10-19 23:55:00-07:00,2025-10-20 06:55:00+00:00,REAL_TIME_5_MIN,SCEW_2_PDRP89-APND,AP Node,31.82309,32.4575,0.0,-0.63441,0.0
2025-10-19 23:55:00-07:00,2025-10-20 06:55:00+00:00,2025-10-20 00:00:00-07:00,2025-10-20 07:00:00+00:00,REAL_TIME_5_MIN,ANAHEIM_6_N001,Node,31.78238,32.4575,0.0,-0.67512,0.0
2025-10-19 23:55:00-07:00,2025-10-20 06:55:00+00:00,2025-10-20 00:00:00-07:00,2025-10-20 07:00:00+00:00,REAL_TIME_5_MIN,MKT_SUB_LNODEONC,Node,34.13753,32.4575,-0.0012,1.68124,0.0
2025-10-19 23:55:00-07:00,2025-10-20 06:55:00+00:00,2025-10-20 00:00:00-07:00,2025-10-20 07:00:00+00:00,REAL_TIME_5_MIN,SCEW_2_PDRP89-APND,AP Node,31.82309,32.4575,0.0,-0.63441,0.0
2025-10-19 00:00:00-07:00,2025-10-19 07:00:00+00:00,2025-10-19 00:05:00-07:00,2025-10-19 07:05:00+00:00,REAL_TIME_5_MIN,URBAN_6_N001,Node,48.97985,50.97289,0.0,-1.99304,0.0
2025-10-19 00:05:00-07:00,2025-10-19 07:05:00+00:00,2025-10-19 00:10:00-07:00,2025-10-19 07:10:00+00:00,REAL_TIME_5_MIN,URBAN_6_N001,Node,49.3561,51.36445,0.0,-2.00835,0.0
2025-10-19 00:10:00-07:00,2025-10-19 07:10:00+00:00,2025-10-19 00:15:00-07:00,2025-10-19 07:15:00+00:00,REAL_TIME_5_MIN,URBAN_6_N001,Node,52.07529,54.19429,0.0,-2.119,0.0
2025-10-19 00:15:00-07:00,2025-10-19 07:15:00+00:00,2025-10-19 00:20:00-07:00,2025-10-19 07:20:00+00:00,REAL_TIME_5_MIN,URBAN_6_N001,Node,55.37149,57.39167,0.0,-2.02019,0.0
2025-10-19 00:20:00-07:00,2025-10-19 07:20:00+00:00,2025-10-19 00:25:00-07:00,2025-10-19 07:25:00+00:00,REAL_TIME_5_MIN,URBAN_6_N001,Node,55.38173,57.40229,0.0,-2.02056,0.0
2025-10-19 00:25:00-07:00,2025-10-19 07:25:00+00:00,2025-10-19 00:30:00-07:00,2025-10-19 07:30:00+00:00,REAL_TIME_5_MIN,URBAN_6_N001,Node,55.3817,57.40226,0.0,-2.02056,0.0
2025-10-19 00:30:00-07:00,2025-10-19 07:30:00+00:00,2025-10-19 00:35:00-07:00,2025-10-19 07:35:00+00:00,REAL_TIME_5_MIN,URBAN_6_N001,Node,56.18667,58.16425,0.0,-1.97758,0.0
2025-10-19 00:35:00-07:00,2025-10-19 07:35:00+00:00,2025-10-19 00:40:00-07:00,2025-10-19 07:40:00+00:00,REAL_TIME_5_MIN,URBAN_6_N001,Node,56.56962,58.56069,0.0,-1.99106,0.0
2025-10-19 00:40:00-07:00,2025-10-19 07:40:00+00:00,2025-10-19 00:45:00-07:00,2025-10-19 07:45:00+00:00,REAL_TIME_5_MIN,URBAN_6_N001,Node,54.61474,56.537,0.0,-1.92226,0.0
2025-10-19 00:45:00-07:00,2025-10-19 07:45:00+00:00,2025-10-19 00:50:00-07:00,2025-10-19 07:50:00+00:00,REAL_TIME_5_MIN,URBAN_6_N001,Node,49.01319,50.83302,0.0,-1.81982,0.0
2025-10-19 00:50:00-07:00,2025-10-19 07:50:00+00:00,2025-10-19 00:55:00-07:00,2025-10-19 07:55:00+00:00,REAL_TIME_5_MIN,URBAN_6_N001,Node,49.01275,50.83255,0.0,-1.81981,0.0
2025-10-19 00:55:00-07:00,2025-10-19 07:55:00+00:00,2025-10-19 01:00:00-07:00,2025-10-19 08:00:00+00:00,REAL_TIME_5_MIN,URBAN_6_N001,Node,49.04376,50.86472,0.0,-1.82096,0.0
2025-10-19 01:00:00-07:00,2025-10-19 08:00:00+00:00,2025-10-19 01:05:00-07:00,2025-10-19 08:05:00+00:00,REAL_TIME_5_MIN,URBAN_6_N001,Node,54.24678,56.18516,0.0,-1.93839,0.0
2025-10-19 01:05:00-07:00,2025-10-19 08:05:00+00:00,2025-10-19 01:10:00-07:00,2025-10-19 08:10:00+00:00,REAL_TIME_5_MIN,URBAN_6_N001,Node,53.87525,55.80036,0.0,-1.92511,0.0
2025-10-19 01:10:00-07:00,2025-10-19 08:10:00+00:00,2025-10-19 01:15:00-07:00,2025-10-19 08:15:00+00:00,REAL_TIME_5_MIN,URBAN_6_N001,Node,49.20346,50.96163,0.0,-1.75818,0.0
2025-10-19 01:15:00-07:00,2025-10-19 08:15:00+00:00,2025-10-19 01:20:00-07:00,2025-10-19 08:20:00+00:00,REAL_TIME_5_MIN,URBAN_6_N001,Node,49.46119,50.92792,0.0,-1.46672,0.0
2025-10-19 01:20:00-07:00,2025-10-19 08:20:00+00:00,2025-10-19 01:25:00-07:00,2025-10-19 08:25:00+00:00,REAL_TIME_5_MIN,URBAN_6_N001,Node,49.40085,50.86578,0.0,-1.46493,0.0
2025-10-19 01:25:00-07:00,2025-10-19 08:25:00+00:00,2025-10-19 01:30:00-07:00,2025-10-19 08:30:00+00:00,REAL_TIME_5_MIN,URBAN_6_N001,Node,49.3737,50.83782,0.0,-1.46413,0.0
2025-10-19 01:30:00-07:00,2025-10-19 08:30:00+00:00,2025-10-19 01:35:00-07:00,2025-10-19 08:35:00+00:00,REAL_TIME_5_MIN,URBAN_6_N001,Node,50.09829,51.74374,0.0,-1.64545,0.0
2025-10-19 01:35:00-07:00,2025-10-19 08:35:00+00:00,2025-10-19 01:40:00-07:00,2025-10-19 08:40:00+00:00,REAL_TIME_5_MIN,URBAN_6_N001,Node,48.5283,50.12219,0.0,-1.59389,0.0
2025-10-19 01:40:00-07:00,2025-10-19 08:40:00+00:00,2025-10-19 01:45:00-07:00,2025-10-19 08:45:00+00:00,REAL_TIME_5_MIN,URBAN_6_N001,Node,47.66315,49.22862,0.0,-1.56547,0.0
2025-10-19 01:45:00-07:00,2025-10-19 08:45:00+00:00,2025-10-19 01:50:00-07:00,2025-10-19 08:50:00+00:00,REAL_TIME_5_MIN,URBAN_6_N001,Node,48.53804,50.32978,0.0,-1.79174,0.0
2025-10-19 01:50:00-07:00,2025-10-19 08:50:00+00:00,2025-10-19 01:55:00-07:00,2025-10-19 08:55:00+00:00,REAL_TIME_5_MIN,URBAN_6_N001,Node,49.1824,50.99793,0.0,-1.81553,0.0
2025-10-19 01:55:00-07:00,2025-10-19 08:55:00+00:00,2025-10-19 02:00:00-07:00,2025-10-19 09:00:00+00:00,REAL_TIME_5_MIN,URBAN_6_N001,Node,50.31769,52.17512,0.0,-1.85743,0.0
2025-10-19 02:00:00-07:00,2025-10-19 09:00:00+00:00,2025-10-19 02:05:00-07:00,2025-10-19 09:05:00+00:00,REAL_TIME_5_MIN,URBAN_6_N001,Node,51.48846,53.51674,0.0,-2.02828,0.0
2025-10-19 02:05:00-07:00,2025-10-19 09:05:00+00:00,2025-10-19 02:10:00-07:00,2025-10-19 09:10:00+00:00,REAL_TIME_5_MIN,URBAN_6_N001,Node,49.23796,51.1776,0.0,-1.93963,0.0
2025-10-19 02:10:00-07:00,2025-10-19 09:10:00+00:00,2025-10-19 02:15:00-07:00,2025-10-19 09:15:00+00:00,REAL_TIME_5_MIN,URBAN_6_N001,Node,47.50494,49.3763,0.0,-1.87136,0.0
2025-10-19 02:15:00-07:00,2025-10-19 09:15:00+00:00,2025-10-19 02:20:00-07:00,2025-10-19 09:20:00+00:00,REAL_TIME_5_MIN,URBAN_6_N001,Node,47.4826,49.25581,0.0,-1.77321,0.0
2025-10-19 02:20:00-07:00,2025-10-19 09:20:00+00:00,2025-10-19 02:25:00-07:00,2025-10-19 09:25:00+00:00,REAL_TIME_5_MIN,URBAN_6_N001,Node,47.4826,49.25581,0.0,-1.77321,0.0
2025-10-19 02:25:00-07:00,2025-10-19 09:25:00+00:00,2025-10-19 02:30:00-07:00,2025-10-19 09:30:00+00:00,REAL_TIME_5_MIN,URBAN_6_N001,Node,46.64346,48.38534,0.0,-1.74187,0.0
2025-10-19 02:30:00-07:00,2025-10-19 09:30:00+00:00,2025-10-19 02:35:00-07:00,2025-10-19 09:35:00+00:00,REAL_TIME_5_MIN,URBAN_6_N001,Node,45.78061,47.51984,0.0,-1.73923,0.0
2025-10-19 02:35:00-07:00,2025-10-19 09:35:00+00:00,2025-10-19 02:40:00-07:00,2025-10-19 09:40:00+00:00,REAL_TIME_5_MIN,URBAN_6_N001,Node,44.37527,46.0611,0.0,-1.68584,0.0
2025-10-19 02:40:00-07:00,2025-10-19 09:40:00+00:00,2025-10-19 02:45:00-07:00,2025-10-19 09:45:00+00:00,REAL_TIME_5_MIN,URBAN_6_N001,Node,44.40634,46.09335,0.0,-1.68702,0.0
2025-10-19 02:45:00-07:00,2025-10-19 09:45:00+00:00,2025-10-19 02:50:00-07:00,2025-10-19 09:50:00+00:00,REAL_TIME_5_MIN,URBAN_6_N001,Node,43.68627,45.40721,0.0,-1.72093,0.0
2025-10-19 02:50:00-07:00,2025-10-19 09:50:00+00:00,2025-10-19 02:55:00-07:00,2025-10-19 09:55:00+00:00,REAL_TIME_5_MIN,URBAN_6_N001,Node,43.11999,44.81862,0.0,-1.69863,0.0
2025-10-19 02:55:00-07:00,2025-10-19 09:55:00+00:00,2025-10-19 03:00:00-07:00,2025-10-19 10:00:00+00:00,REAL_TIME_5_MIN,URBAN_6_N001,Node,41.88221,43.53208,0.0,-1.64987,0.0
2025-10-19 03:00:00-07:00,2025-10-19 10:00:00+00:00,2025-10-19 03:05:00-07:00,2025-10-19 10:05:00+00:00,REAL_TIME_5_MIN,URBAN_6_N001,Node,40.82612,42.38593,0.0,-1.5598,0.0
2025-10-19 03:05:00-07:00,2025-10-19 10:05:00+00:00,2025-10-19 03:10:00-07:00,2025-10-19 10:10:00+00:00,REAL_TIME_5_MIN,URBAN_6_N001,Node,40.70341,42.25852,0.0,-1.55511,0.0
2025-10-19 03:10:00-07:00,2025-10-19 10:10:00+00:00,2025-10-19 03:15:00-07:00,2025-10-19 10:15:00+00:00,REAL_TIME_5_MIN,URBAN_6_N001,Node,40.33846,41.87963,0.0,-1.54117,0.0
2025-10-19 03:15:00-07:00,2025-10-19 10:15:00+00:00,2025-10-19 03:20:00-07:00,2025-10-19 10:20:00+00:00,REAL_TIME_5_MIN,URBAN_6_N001,Node,44.28381,45.89947,0.0,-1.61566,0.0
2025-10-19 03:20:00-07:00,2025-10-19 10:20:00+00:00,2025-10-19 03:25:00-07:00,2025-10-19 10:25:00+00:00,REAL_TIME_5_MIN,URBAN_6_N001,Node,46.28849,47.97729,0.0,-1.6888,0.0
2025-10-19 03:25:00-07:00,2025-10-19 10:25:00+00:00,2025-10-19 03:30:00-07:00,2025-10-19 10:30:00+00:00,REAL_TIME_5_MIN,URBAN_6_N001,Node,47.4458,49.17682,0.0,-1.73102,0.0
2025-10-19 03:30:00-07:00,2025-10-19 10:30:00+00:00,2025-10-19 03:35:00-07:00,2025-10-19 10:35:00+00:00,REAL_TIME_5_MIN,URBAN_6_N001,Node,41.02775,42.57757,0.0,-1.54982,0.0
2025-10-19 03:35:00-07:00,2025-10-19 10:35:00+00:00,2025-10-19 03:40:00-07:00,2025-10-19 10:40:00+00:00,REAL_TIME_5_MIN,URBAN_6_N001,Node,40.98504,42.53325,0.0,-1.54821,0.0
2025-10-19 03:40:00-07:00,2025-10-19 10:40:00+00:00,2025-10-19 03:45:00-07:00,2025-10-19 10:45:00+00:00,REAL_TIME_5_MIN,URBAN_6_N001,Node,40.98504,42.53325,0.0,-1.54821,0.0
2025-10-19 03:45:00-07:00,2025-10-19 10:45:00+00:00,2025-10-19 03:50:00-07:00,2025-10-19 10:50:00+00:00,REAL_TIME_5_MIN,URBAN_6_N001,Node,40.43929,41.74163,0.0,-1.30234,0.0
2025-10-19 03:50:00-07:00,2025-10-19 10:50:00+00:00,2025-10-19 03:55:00-07:00,2025-10-19 10:55:00+00:00,REAL_TIME_5_MIN,URBAN_6_N001,Node,40.36104,41.66085,0.0,-1.29982,0.0
2025-10-19 03:55:00-07:00,2025-10-19 10:55:00+00:00,2025-10-19 04:00:00-07:00,2025-10-19 11:00:00+00:00,REAL_TIME_5_MIN,URBAN_6_N001,Node,40.69138,42.00183,0.0,-1.31046,0.0
2025-10-19 04:00:00-07:00,2025-10-19 11:00:00+00:00,2025-10-19 04:05:00-07:00,2025-10-19 11:05:00+00:00,REAL_TIME_5_MIN,URBAN_6_N001,Node,46.554,47.79671,0.0,-1.24271,0.0
2025-10-19 04:05:00-07:00,2025-10-19 11:05:00+00:00,2025-10-19 04:10:00-07:00,2025-10-19 11:10:00+00:00,REAL_TIME_5_MIN,URBAN_6_N001,Node,45.97379,47.20102,0.0,-1.22723,0.0
2025-10-19 04:10:00-07:00,2025-10-19 11:10:00+00:00,2025-10-19 04:15:00-07:00,2025-10-19 11:15:00+00:00,REAL_TIME_5_MIN,URBAN_6_N001,Node,43.57511,44.7383,0.0,-1.1632,0.0
2025-10-19 04:15:00-07:00,2025-10-19 11:15:00+00:00,2025-10-19 04:20:00-07:00,2025-10-19 11:20:00+00:00,REAL_TIME_5_MIN,URBAN_6_N001,Node,43.80469,44.86806,0.0,-1.06337,0.0
2025-10-19 04:20:00-07:00,2025-10-19 11:20:00+00:00,2025-10-19 04:25:00-07:00,2025-10-19 11:25:00+00:00,REAL_TIME_5_MIN,URBAN_6_N001,Node,43.64255,44.70199,0.0,-1.05944,0.0
2025-10-19 04:25:00-07:00,2025-10-19 11:25:00+00:00,2025-10-19 04:30:00-07:00,2025-10-19 11:30:00+00:00,REAL_TIME_5_MIN,URBAN_6_N001,Node,42.39515,43.42431,0.0,-1.02916,0.0
2025-10-19 04:30:00-07:00,2025-10-19 11:30:00+00:00,2025-10-19 04:35:00-07:00,2025-10-19 11:35:00+00:00,REAL_TIME_5_MIN,URBAN_6_N001,Node,42.35187,43.43337,0.0,-1.08149,0.0
2025-10-19 04:35:00-07:00,2025-10-19 11:35:00+00:00,2025-10-19 04:40:00-07:00,2025-10-19 11:40:00+00:00,REAL_TIME_5_MIN,URBAN_6_N001,Node,41.98195,43.05399,0.0,-1.07204,0.0
2025-10-19 04:40:00-07:00,2025-10-19 11:40:00+00:00,2025-10-19 04:45:00-07:00,2025-10-19 11:45:00+00:00,REAL_TIME_5_MIN,URBAN_6_N001,Node,41.50503,42.5649,0.0,-1.05987,0.0
2025-10-19 04:45:00-07:00,2025-10-19 11:45:00+00:00,2025-10-19 04:50:00-07:00,2025-10-19 11:50:00+00:00,REAL_TIME_5_MIN,URBAN_6_N001,Node,41.88329,42.98808,0.0,-1.10479,0.0
2025-10-19 04:50:00-07:00,2025-10-19 11:50:00+00:00,2025-10-19 04:55:00-07:00,2025-10-19 11:55:00+00:00,REAL_TIME_5_MIN,URBAN_6_N001,Node,42.62695,43.75136,0.0,-1.12441,0.0
2025-10-19 04:55:00-07:00,2025-10-19 11:55:00+00:00,2025-10-19 05:00:00-07:00,2025-10-19 12:00:00+00:00,REAL_TIME_5_MIN,URBAN_6_N001,Node,44.28966,45.45793,0.0,-1.16827,0.0
2025-10-19 05:00:00-07:00,2025-10-19 12:00:00+00:00,2025-10-19 05:05:00-07:00,2025-10-19 12:05:00+00:00,REAL_TIME_5_MIN,URBAN_6_N001,Node,42.2688,42.2688,0.0,0.0,0.0
2025-10-19 05:05:00-07:00,2025-10-19 12:05:00+00:00,2025-10-19 05:10:00-07:00,2025-10-19 12:10:00+00:00,REAL_TIME_5_MIN,URBAN_6_N001,Node,41.9924,41.9924,0.0,0.0,0.0
2025-10-19 05:10:00-07:00,2025-10-19 12:10:00+00:00,2025-10-19 05:15:00-07:00,2025-10-19 12:15:00+00:00,REAL_TIME_5_MIN,URBAN_6_N001,Node,41.6288,41.6288,0.0,0.0,0.0
2025-10-19 05:15:00-07:00,2025-10-19 12:15:00+00:00,2025-10-19 05:20:00-07:00,2025-10-19 12:20:00+00:00,REAL_TIME_5_MIN,URBAN_6_N001,Node,41.8112,41.8112,0.0,0.0,0.0
2025-10-19 05:20:00-07:00,2025-10-19 12:20:00+00:00,2025-10-19 05:25:00-07:00,2025-10-19 12:25:00+00:00,REAL_TIME_5_MIN,URBAN_6_N001,Node,42.52,42.52,0.0,0.0,0.0
2025-10-19 05:25:00-07:00,2025-10-19 12:25:00+00:00,2025-10-19 05:30:00-07:00,2025-10-19 12:30:00+00:00,REAL_TIME_5_MIN,URBAN_6_N001,Node,42.4912,42.4912,0.0,0.0,0.0
2025-10-19 05:30:00-07:00,2025-10-19 12:30:00+00:00,2025-10-19 05:35:00-07:00,2025-10-19 12:35:00+00:00,REAL_TIME_5_MIN,URBAN_6_N001,Node,42.54921,43.64469,0.0,-1.09548,0.0
2025-10-19 05:35:00-07:00,2025-10-19 12:35:00+00:00,2025-10-19 05:40:00-07:00,2025-10-19 12:40:00+00:00,REAL_TIME_5_MIN,URBAN_6_N001,Node,42.55896,43.65469,0.0,-1.09573,0.0
2025-10-19 05:40:00-07:00,2025-10-19 12:40:00+00:00,2025-10-19 05:45:00-07:00,2025-10-19 12:45:00+00:00,REAL_TIME_5_MIN,URBAN_6_N001,Node,42.5125,43.60704,0.0,-1.09454,0.0
2025-10-19 05:45:00-07:00,2025-10-19 12:45:00+00:00,2025-10-19 05:50:00-07:00,2025-10-19 12:50:00+00:00,REAL_TIME_5_MIN,URBAN_6_N001,Node,46.43254,47.53049,0.0,-1.09795,0.0
2025-10-19 05:50:00-07:00,2025-10-19 12:50:00+00:00,2025-10-19 05:55:00-07:00,2025-10-19 12:55:00+00:00,REAL_TIME_5_MIN,URBAN_6_N001,Node,48.21901,49.35921,0.0,-1.1402,0.0
2025-10-19 05:55:00-07:00,2025-10-19 12:55:00+00:00,2025-10-19 06:00:00-07:00,2025-10-19 13:00:00+00:00,REAL_TIME_5_MIN,URBAN_6_N001,Node,48.27135,49.41278,0.0,-1.14144,0.0
2025-10-19 06:00:00-07:00,2025-10-19 13:00:00+00:00,2025-10-19 06:05:00-07:00,2025-10-19 13:05:00+00:00,REAL_TIME_5_MIN,URBAN_6_N001,Node,40.40928,41.47945,0.0,-1.07017,0.0
2025-10-19 06:05:00-07:00,2025-10-19 13:05:00+00:00,2025-10-19 06:10:00-07:00,2025-10-19 13:10:00+00:00,REAL_TIME_5_MIN,URBAN_6_N001,Node,43.99074,45.15576,0.0,-1.16502,0.0
2025-10-19 06:10:00-07:00,2025-10-19 13:10:00+00:00,2025-10-19 06:15:00-07:00,2025-10-19 13:15:00+00:00,REAL_TIME_5_MIN,URBAN_6_N001,Node,48.45884,49.74219,0.0,-1.28335,0.0
2025-10-19 06:15:00-07:00,2025-10-19 13:15:00+00:00,2025-10-19 06:20:00-07:00,2025-10-19 13:20:00+00:00,REAL_TIME_5_MIN,URBAN_6_N001,Node,48.85879,50.127,0.0,-1.26821,0.0
2025-10-19 06:20:00-07:00,2025-10-19 13:20:00+00:00,2025-10-19 06:25:00-07:00,2025-10-19 13:25:00+00:00,REAL_TIME_5_MIN,URBAN_6_N001,Node,49.54241,50.82837,0.0,-1.28596,0.0
2025-10-19 06:25:00-07:00,2025-10-19 13:25:00+00:00,2025-10-19 06:30:00-07:00,2025-10-19 13:30:00+00:00,REAL_TIME_5_MIN,URBAN_6_N001,Node,49.50315,50.78809,0.0,-1.28494,0.0
2025-10-19 06:30:00-07:00,2025-10-19 13:30:00+00:00,2025-10-19 06:35:00-07:00,2025-10-19 13:35:00+00:00,REAL_TIME_5_MIN,URBAN_6_N001,Node,54.08902,55.67578,0.0,-1.58676,0.0
2025-10-19 06:35:00-07:00,2025-10-19 13:35:00+00:00,2025-10-19 06:40:00-07:00,2025-10-19 13:40:00+00:00,REAL_TIME_5_MIN,URBAN_6_N001,Node,52.75911,54.30686,0.0,-1.54775,0.0
2025-10-19 06:40:00-07:00,2025-10-19 13:40:00+00:00,2025-10-19 06:45:00-07:00,2025-10-19 13:45:00+00:00,REAL_TIME_5_MIN,URBAN_6_N001,Node,52.78379,54.33226,0.0,-1.54847,0.0
2025-10-19 06:45:00-07:00,2025-10-19 13:45:00+00:00,2025-10-19 06:50:00-07:00,2025-10-19 13:50:00+00:00,REAL_TIME_5_MIN,URBAN_6_N001,Node,52.29841,54.02728,0.0,-1.72887,0.0
2025-10-19 06:50:00-07:00,2025-10-19 13:50:00+00:00,2025-10-19 06:55:00-07:00,2025-10-19 13:55:00+00:00,REAL_TIME_5_MIN,URBAN_6_N001,Node,52.6027,54.34164,0.0,-1.73893,0.0
2025-10-19 06:55:00-07:00,2025-10-19 13:55:00+00:00,2025-10-19 07:00:00-07:00,2025-10-19 14:00:00+00:00,REAL_TIME_5_MIN,URBAN_6_N001,Node,52.60866,54.34779,0.0,-1.73913,0.0
2025-10-19 07:00:00-07:00,2025-10-19 14:00:00+00:00,2025-10-19 07:05:00-07:00,2025-10-19 14:05:00+00:00,REAL_TIME_5_MIN,URBAN_6_N001,Node,55.90322,58.25073,0.0,-2.3475,0.0
2025-10-19 07:05:00-07:00,2025-10-19 14:05:00+00:00,2025-10-19 07:10:00-07:00,2025-10-19 14:10:00+00:00,REAL_TIME_5_MIN,URBAN_6_N001,Node,56.56496,58.94025,0.0,-2.37529,0.0
2025-10-19 07:10:00-07:00,2025-10-19 14:10:00+00:00,2025-10-19 07:15:00-07:00,2025-10-19 14:15:00+00:00,REAL_TIME_5_MIN,URBAN_6_N001,Node,53.64016,55.89264,0.0,-2.25247,0.0
2025-10-19 07:15:00-07:00,2025-10-19 14:15:00+00:00,2025-10-19 07:20:00-07:00,2025-10-19 14:20:00+00:00,REAL_TIME_5_MIN,URBAN_6_N001,Node,50.60919,53.69106,0.0,-3.08187,0.0
2025-10-19 07:20:00-07:00,2025-10-19 14:20:00+00:00,2025-10-19 07:25:00-07:00,2025-10-19 14:25:00+00:00,REAL_TIME_5_MIN,URBAN_6_N001,Node,47.88727,50.80338,0.0,-2.91611,0.0
2025-10-19 07:25:00-07:00,2025-10-19 14:25:00+00:00,2025-10-19 07:30:00-07:00,2025-10-19 14:30:00+00:00,REAL_TIME_5_MIN,URBAN_6_N001,Node,41.54955,44.07972,0.0,-2.53018,0.0
2025-10-19 07:30:00-07:00,2025-10-19 14:30:00+00:00,2025-10-19 07:35:00-07:00,2025-10-19 14:35:00+00:00,REAL_TIME_5_MIN,URBAN_6_N001,Node,33.52434,39.38053,-2.68606,-3.17013,0.0
2025-10-19 07:35:00-07:00,2025-10-19 14:35:00+00:00,2025-10-19 07:40:00-07:00,2025-10-19 14:40:00+00:00,REAL_TIME_5_MIN,URBAN_6_N001,Node,27.38461,35.07733,-4.86899,-2.82373,0.0
2025-10-19 07:40:00-07:00,2025-10-19 14:40:00+00:00,2025-10-19 07:45:00-07:00,2025-10-19 14:45:00+00:00,REAL_TIME_5_MIN,URBAN_6_N001,Node,24.01401,34.04387,-7.28933,-2.74053,0.0
2025-10-19 07:45:00-07:00,2025-10-19 14:45:00+00:00,2025-10-19 07:50:00-07:00,2025-10-19 14:50:00+00:00,REAL_TIME_5_MIN,URBAN_6_N001,Node,19.84097,32.55039,-10.23559,-2.47383,0.0
2025-10-19 07:50:00-07:00,2025-10-19 14:50:00+00:00,2025-10-19 07:55:00-07:00,2025-10-19 14:55:00+00:00,REAL_TIME_5_MIN,URBAN_6_N001,Node,16.49912,28.79838,-10.11058,-2.18868,0.0
2025-10-19 07:55:00-07:00,2025-10-19 14:55:00+00:00,2025-10-19 08:00:00-07:00,2025-10-19 15:00:00+00:00,REAL_TIME_5_MIN,URBAN_6_N001,Node,11.89958,24.91419,-11.12113,-1.89348,0.0
2025-10-19 08:00:00-07:00,2025-10-19 15:00:00+00:00,2025-10-19 08:05:00-07:00,2025-10-19 15:05:00+00:00,REAL_TIME_5_MIN,URBAN_6_N001,Node,22.08052,26.10007,-1.77494,-2.24461,0.0
2025-10-19 08:05:00-07:00,2025-10-19 15:05:00+00:00,2025-10-19 08:10:00-07:00,2025-10-19 15:10:00+00:00,REAL_TIME_5_MIN,URBAN_6_N001,Node,19.40363,31.43709,-9.32987,-2.70359,0.0
2025-10-19 08:10:00-07:00,2025-10-19 15:10:00+00:00,2025-10-19 08:15:00-07:00,2025-10-19 15:15:00+00:00,REAL_TIME_5_MIN,URBAN_6_N001,Node,20.46714,32.50001,-9.23788,-2.795,0.0
2025-10-19 08:15:00-07:00,2025-10-19 15:15:00+00:00,2025-10-19 08:20:00-07:00,2025-10-19 15:20:00+00:00,REAL_TIME_5_MIN,URBAN_6_N001,Node,4.81223,23.43817,-16.74854,-1.8774,0.0
2025-10-19 08:20:00-07:00,2025-10-19 15:20:00+00:00,2025-10-19 08:25:00-07:00,2025-10-19 15:25:00+00:00,REAL_TIME_5_MIN,URBAN_6_N001,Node,1.51792,19.5832,-16.49667,-1.56861,0.0
2025-10-19 08:25:00-07:00,2025-10-19 15:25:00+00:00,2025-10-19 08:30:00-07:00,2025-10-19 15:30:00+00:00,REAL_TIME_5_MIN,URBAN_6_N001,Node,-0.63168,18.30459,-17.47007,-1.4662,0.0
2025-10-19 08:30:00-07:00,2025-10-19 15:30:00+00:00,2025-10-19 08:35:00-07:00,2025-10-19 15:35:00+00:00,REAL_TIME_5_MIN,URBAN_6_N001,Node,-3.26886,16.47718,-18.57451,-1.17153,0.0
2025-10-19 08:35:00-07:00,2025-10-19 15:35:00+00:00,2025-10-19 08:40:00-07:00,2025-10-19 15:40:00+00:00,REAL_TIME_5_MIN,URBAN_6_N001,Node,-6.13115,12.37394,-17.62531,-0.87979,0.0
2025-10-19 08:40:00-07:00,2025-10-19 15:40:00+00:00,2025-10-19 08:45:00-07:00,2025-10-19 15:45:00+00:00,REAL_TIME_5_MIN,URBAN_6_N001,Node,-6.32267,11.27742,-16.79827,-0.80182,0.0
2025-10-19 08:45:00-07:00,2025-10-19 15:45:00+00:00,2025-10-19 08:50:00-07:00,2025-10-19 15:50:00+00:00,REAL_TIME_5_MIN,URBAN_6_N001,Node,-5.80569,11.32737,-16.26879,-0.86428,0.0
2025-10-19 08:50:00-07:00,2025-10-19 15:50:00+00:00,2025-10-19 08:55:00-07:00,2025-10-19 15:55:00+00:00,REAL_TIME_5_MIN,URBAN_6_N001,Node,-7.30531,7.59249,-14.31849,-0.57931,0.0
2025-10-19 08:55:00-07:00,2025-10-19 15:55:00+00:00,2025-10-19 09:00:00-07:00,2025-10-19 16:00:00+00:00,REAL_TIME_5_MIN,URBAN_6_N001,Node,-7.31786,6.10089,-12.95325,-0.4655,0.0
2025-10-19 09:00:00-07:00,2025-10-19 16:00:00+00:00,2025-10-19 09:05:00-07:00,2025-10-19 16:05:00+00:00,REAL_TIME_5_MIN,URBAN_6_N001,Node,-1.98066,15.31531,-15.90994,-1.38604,0.0
2025-10-19 09:05:00-07:00,2025-10-19 16:05:00+00:00,2025-10-19 09:10:00-07:00,2025-10-19 16:10:00+00:00,REAL_TIME_5_MIN,URBAN_6_N001,Node,-1.45886,14.79765,-14.91732,-1.33919,0.0
2025-10-19 09:10:00-07:00,2025-10-19 16:10:00+00:00,2025-10-19 09:15:00-07:00,2025-10-19 16:15:00+00:00,REAL_TIME_5_MIN,URBAN_6_N001,Node,-1.61161,14.6851,-14.9677,-1.329,0.0
2025-10-19 09:15:00-07:00,2025-10-19 16:15:00+00:00,2025-10-19 09:20:00-07:00,2025-10-19 16:20:00+00:00,REAL_TIME_5_MIN,URBAN_6_N001,Node,-2.45979,15.56844,-16.5648,-1.46343,0.0
2025-10-19 09:20:00-07:00,2025-10-19 16:20:00+00:00,2025-10-19 09:25:00-07:00,2025-10-19 16:25:00+00:00,REAL_TIME_5_MIN,URBAN_6_N001,Node,-2.92704,15.97211,-17.39777,-1.50138,0.0
2025-10-19 09:25:00-07:00,2025-10-19 16:25:00+00:00,2025-10-19 09:30:00-07:00,2025-10-19 16:30:00+00:00,REAL_TIME_5_MIN,URBAN_6_N001,Node,-3.01285,15.90416,-17.42202,-1.49499,0.0
2025-10-19 09:30:00-07:00,2025-10-19 16:30:00+00:00,2025-10-19 09:35:00-07:00,2025-10-19 16:35:00+00:00,REAL_TIME_5_MIN,URBAN_6_N001,Node,-4.0932,18.79904,-21.47855,-1.41369,0.0
2025-10-19 09:35:00-07:00,2025-10-19 16:35:00+00:00,2025-10-19 09:40:00-07:00,2025-10-19 16:40:00+00:00,REAL_TIME_5_MIN,URBAN_6_N001,Node,-4.19951,20.60456,-23.2546,-1.54946,0.0
2025-10-19 09:40:00-07:00,2025-10-19 16:40:00+00:00,2025-10-19 09:45:00-07:00,2025-10-19 16:45:00+00:00,REAL_TIME_5_MIN,URBAN_6_N001,Node,-4.21283,21.11736,-23.74216,-1.58803,0.0
2025-10-19 09:45:00-07:00,2025-10-19 16:45:00+00:00,2025-10-19 09:50:00-07:00,2025-10-19 16:50:00+00:00,REAL_TIME_5_MIN,URBAN_6_N001,Node,-15.46422,22.10302,-35.80563,-1.76161,0.0
2025-10-19 09:50:00-07:00,2025-10-19 16:50:00+00:00,2025-10-19 09:55:00-07:00,2025-10-19 16:55:00+00:00,REAL_TIME_5_MIN,URBAN_6_N001,Node,-14.33372,22.86104,-35.37274,-1.82202,0.0
2025-10-19 09:55:00-07:00,2025-10-19 16:55:00+00:00,2025-10-19 10:00:00-07:00,2025-10-19 17:00:00+00:00,REAL_TIME_5_MIN,URBAN_6_N001,Node,-15.31624,24.57183,-37.92969,-1.95837,0.0
2025-10-19 10:00:00-07:00,2025-10-19 17:00:00+00:00,2025-10-19 10:05:00-07:00,2025-10-19 17:05:00+00:00,REAL_TIME_5_MIN,URBAN_6_N001,Node,-10.70251,20.84045,-29.82987,-1.71308,0.0
2025-10-19 10:05:00-07:00,2025-10-19 17:05:00+00:00,2025-10-19 10:10:00-07:00,2025-10-19 17:10:00+00:00,REAL_TIME_5_MIN,URBAN_6_N001,Node,-10.94511,21.44776,-30.62987,-1.76301,0.0
2025-10-19 10:10:00-07:00,2025-10-19 17:10:00+00:00,2025-10-19 10:15:00-07:00,2025-10-19 17:15:00+00:00,REAL_TIME_5_MIN,URBAN_6_N001,Node,-10.95279,21.07311,-30.29369,-1.73221,0.0
2025-10-19 10:15:00-07:00,2025-10-19 17:15:00+00:00,2025-10-19 10:20:00-07:00,2025-10-19 17:20:00+00:00,REAL_TIME_5_MIN,URBAN_6_N001,Node,-10.27763,21.53941,-30.1542,-1.66284,0.0
2025-10-19 10:20:00-07:00,2025-10-19 17:20:00+00:00,2025-10-19 10:25:00-07:00,2025-10-19 17:25:00+00:00,REAL_TIME_5_MIN,URBAN_6_N001,Node,-11.06746,19.57883,-29.1348,-1.51149,0.0
2025-10-19 10:25:00-07:00,2025-10-19 17:25:00+00:00,2025-10-19 10:30:00-07:00,2025-10-19 17:30:00+00:00,REAL_TIME_5_MIN,URBAN_6_N001,Node,-10.53578,16.32229,-25.59798,-1.26008,0.0
2025-10-19 10:30:00-07:00,2025-10-19 17:30:00+00:00,2025-10-19 10:35:00-07:00,2025-10-19 17:35:00+00:00,REAL_TIME_5_MIN,URBAN_6_N001,Node,-10.40648,19.41533,-28.37537,-1.44644,0.0
2025-10-19 10:35:00-07:00,2025-10-19 17:35:00+00:00,2025-10-19 10:40:00-07:00,2025-10-19 17:40:00+00:00,REAL_TIME_5_MIN,URBAN_6_N001,Node,-10.41235,18.46725,-27.50379,-1.37581,0.0
2025-10-19 10:40:00-07:00,2025-10-19 17:40:00+00:00,2025-10-19 10:45:00-07:00,2025-10-19 17:45:00+00:00,REAL_TIME_5_MIN,URBAN_6_N001,Node,-10.83959,20.6044,-29.90897,-1.53503,0.0
2025-10-19 10:45:00-07:00,2025-10-19 17:45:00+00:00,2025-10-19 10:50:00-07:00,2025-10-19 17:50:00+00:00,REAL_TIME_5_MIN,URBAN_6_N001,Node,-10.57893,18.42662,-27.61434,-1.39121,0.0
2025-10-19 10:50:00-07:00,2025-10-19 17:50:00+00:00,2025-10-19 10:55:00-07:00,2025-10-19 17:55:00+00:00,REAL_TIME_5_MIN,URBAN_6_N001,Node,-10.9256,17.77956,-27.3628,-1.34236,0.0
2025-10-19 10:55:00-07:00,2025-10-19 17:55:00+00:00,2025-10-19 11:00:00-07:00,2025-10-19 18:00:00+00:00,REAL_TIME_5_MIN,URBAN_6_N001,Node,-11.12306,17.46101,-27.26576,-1.31831,0.0
2025-10-19 11:00:00-07:00,2025-10-19 18:00:00+00:00,2025-10-19 11:05:00-07:00,2025-10-19 18:05:00+00:00,REAL_TIME_5_MIN,URBAN_6_N001,Node,-11.12306,17.46101,-27.26576,-1.31831,0.0
2025-10-19 11:05:00-07:00,2025-10-19 18:05:00+00:00,2025-10-19 11:10:00-07:00,2025-10-19 18:10:00+00:00,REAL_TIME_5_MIN,URBAN_6_N001,Node,-17.31617,22.8617,-38.7193,-1.45858,0.0
2025-10-19 11:10:00-07:00,2025-10-19 18:10:00+00:00,2025-10-19 11:15:00-07:00,2025-10-19 18:15:00+00:00,REAL_TIME_5_MIN,URBAN_6_N001,Node,-11.86028,16.85936,-27.64402,-1.07563,0.0
2025-10-19 11:15:00-07:00,2025-10-19 18:15:00+00:00,2025-10-19 11:20:00-07:00,2025-10-19 18:20:00+00:00,REAL_TIME_5_MIN,URBAN_6_N001,Node,-11.46487,16.89814,-27.32377,-1.03924,0.0
2025-10-19 11:20:00-07:00,2025-10-19 18:20:00+00:00,2025-10-19 11:25:00-07:00,2025-10-19 18:25:00+00:00,REAL_TIME_5_MIN,URBAN_6_N001,Node,-15.84448,17.07991,-31.87397,-1.05041,0.0
2025-10-19 11:25:00-07:00,2025-10-19 18:25:00+00:00,2025-10-19 11:30:00-07:00,2025-10-19 18:30:00+00:00,REAL_TIME_5_MIN,URBAN_6_N001,Node,-16.66174,18.58211,-34.10105,-1.1428,0.0
2025-10-19 11:30:00-07:00,2025-10-19 18:30:00+00:00,2025-10-19 11:35:00-07:00,2025-10-19 18:35:00+00:00,REAL_TIME_5_MIN,URBAN_6_N001,Node,-17.4308,11.98714,-28.66754,-0.75039,0.0
2025-10-19 11:35:00-07:00,2025-10-19 18:35:00+00:00,2025-10-19 11:40:00-07:00,2025-10-19 18:40:00+00:00,REAL_TIME_5_MIN,URBAN_6_N001,Node,-17.52563,10.11766,-27.00993,-0.63337,0.0
2025-10-19 11:40:00-07:00,2025-10-19 18:40:00+00:00,2025-10-19 11:45:00-07:00,2025-10-19 18:45:00+00:00,REAL_TIME_5_MIN,URBAN_6_N001,Node,-17.91514,9.2974,-26.63052,-0.58202,0.0
2025-10-19 11:45:00-07:00,2025-10-19 18:45:00+00:00,2025-10-19 11:50:00-07:00,2025-10-19 18:50:00+00:00,REAL_TIME_5_MIN,URBAN_6_N001,Node,-17.16063,6.95156,-23.64921,-0.46297,0.0
2025-10-19 11:50:00-07:00,2025-10-19 18:50:00+00:00,2025-10-19 11:55:00-07:00,2025-10-19 18:55:00+00:00,REAL_TIME_5_MIN,URBAN_6_N001,Node,-17.32814,4.53423,-21.56038,-0.30198,0.0
2025-10-19 11:55:00-07:00,2025-10-19 18:55:00+00:00,2025-10-19 12:00:00-07:00,2025-10-19 19:00:00+00:00,REAL_TIME_5_MIN,URBAN_6_N001,Node,-16.73839,6.81766,-23.102,-0.45406,0.0
2025-10-19 12:00:00-07:00,2025-10-19 19:00:00+00:00,2025-10-19 12:05:00-07:00,2025-10-19 19:05:00+00:00,REAL_TIME_5_MIN,URBAN_6_N001,Node,-3.83596,4.20026,-7.79219,-0.24404,0.0
2025-10-19 12:05:00-07:00,2025-10-19 19:05:00+00:00,2025-10-19 12:10:00-07:00,2025-10-19 19:10:00+00:00,REAL_TIME_5_MIN,URBAN_6_N001,Node,-3.34444,4.38471,-7.4744,-0.25475,0.0
2025-10-19 12:10:00-07:00,2025-10-19 19:10:00+00:00,2025-10-19 12:15:00-07:00,2025-10-19 19:15:00+00:00,REAL_TIME_5_MIN,URBAN_6_N001,Node,-3.78335,4.78238,-8.28787,-0.27786,0.0
2025-10-19 12:15:00-07:00,2025-10-19 19:15:00+00:00,2025-10-19 12:20:00-07:00,2025-10-19 19:20:00+00:00,REAL_TIME_5_MIN,URBAN_6_N001,Node,-1.96549,1.32041,-3.20958,-0.07632,0.0
2025-10-19 12:20:00-07:00,2025-10-19 19:20:00+00:00,2025-10-19 12:25:00-07:00,2025-10-19 19:25:00+00:00,REAL_TIME_5_MIN,URBAN_6_N001,Node,-3.34094,-0.42406,-2.94139,0.02451,0.0
2025-10-19 12:25:00-07:00,2025-10-19 19:25:00+00:00,2025-10-19 12:30:00-07:00,2025-10-19 19:30:00+00:00,REAL_TIME_5_MIN,URBAN_6_N001,Node,-4.43929,-0.41366,-4.04955,0.02391,0.0
2025-10-19 12:30:00-07:00,2025-10-19 19:30:00+00:00,2025-10-19 12:35:00-07:00,2025-10-19 19:35:00+00:00,REAL_TIME_5_MIN,URBAN_6_N001,Node,-2.10079,-0.8324,-1.32049,0.05211,0.0
2025-10-19 12:35:00-07:00,2025-10-19 19:35:00+00:00,2025-10-19 12:40:00-07:00,2025-10-19 19:40:00+00:00,REAL_TIME_5_MIN,URBAN_6_N001,Node,-1.7416,-1.48229,-0.3521,0.09279,0.0
2025-10-19 12:40:00-07:00,2025-10-19 19:40:00+00:00,2025-10-19 12:45:00-07:00,2025-10-19 19:45:00+00:00,REAL_TIME_5_MIN,URBAN_6_N001,Node,-1.42644,-0.13743,-1.29761,0.0086,0.0
2025-10-19 12:45:00-07:00,2025-10-19 19:45:00+00:00,2025-10-19 12:50:00-07:00,2025-10-19 19:50:00+00:00,REAL_TIME_5_MIN,URBAN_6_N001,Node,-3.88023,-3.12771,-0.95457,0.20205,0.0
2025-10-19 12:50:00-07:00,2025-10-19 19:50:00+00:00,2025-10-19 12:55:00-07:00,2025-10-19 19:55:00+00:00,REAL_TIME_5_MIN,URBAN_6_N001,Node,-4.74285,-3.93105,-1.06575,0.25395,0.0
2025-10-19 12:55:00-07:00,2025-10-19 19:55:00+00:00,2025-10-19 13:00:00-07:00,2025-10-19 20:00:00+00:00,REAL_TIME_5_MIN,URBAN_6_N001,Node,-6.40398,-5.34429,-1.40493,0.34524,0.0
2025-10-19 13:00:00-07:00,2025-10-19 20:00:00+00:00,2025-10-19 13:05:00-07:00,2025-10-19 20:05:00+00:00,REAL_TIME_5_MIN,URBAN_6_N001,Node,-8.25009,-6.09281,-2.54905,0.39177,0.0
2025-10-19 13:05:00-07:00,2025-10-19 20:05:00+00:00,2025-10-19 13:10:00-07:00,2025-10-19 20:10:00+00:00,REAL_TIME_5_MIN,URBAN_6_N001,Node,-7.62168,-5.26964,-2.69087,0.33884,0.0
2025-10-19 13:10:00-07:00,2025-10-19 20:10:00+00:00,2025-10-19 13:15:00-07:00,2025-10-19 20:15:00+00:00,REAL_TIME_5_MIN,URBAN_6_N001,Node,-9.0598,-5.75458,-3.67524,0.37002,0.0
2025-10-19 13:15:00-07:00,2025-10-19 20:15:00+00:00,2025-10-19 13:20:00-07:00,2025-10-19 20:20:00+00:00,REAL_TIME_5_MIN,URBAN_6_N001,Node,-9.11391,-5.68111,-3.79696,0.36416,0.0
2025-10-19 13:20:00-07:00,2025-10-19 20:20:00+00:00,2025-10-19 13:25:00-07:00,2025-10-19 20:25:00+00:00,REAL_TIME_5_MIN,URBAN_6_N001,Node,-9.30303,-5.92535,-3.75749,0.37981,0.0
2025-10-19 13:25:00-07:00,2025-10-19 20:25:00+00:00,2025-10-19 13:30:00-07:00,2025-10-19 20:30:00+00:00,REAL_TIME_5_MIN,URBAN_6_N001,Node,-12.37675,-7.65067,-5.21649,0.49041,0.0
2025-10-19 13:30:00-07:00,2025-10-19 20:30:00+00:00,2025-10-19 13:35:00-07:00,2025-10-19 20:35:00+00:00,REAL_TIME_5_MIN,URBAN_6_N001,Node,-12.52438,-8.51766,-4.41642,0.4097,0.0
2025-10-19 13:35:00-07:00,2025-10-19 20:35:00+00:00,2025-10-19 13:40:00-07:00,2025-10-19 20:40:00+00:00,REAL_TIME_5_MIN,URBAN_6_N001,Node,-12.52793,-8.49552,-4.44105,0.40863,0.0
2025-10-19 13:40:00-07:00,2025-10-19 20:40:00+00:00,2025-10-19 13:45:00-07:00,2025-10-19 20:45:00+00:00,REAL_TIME_5_MIN,URBAN_6_N001,Node,-12.53042,-8.52812,-4.41249,0.4102,0.0
2025-10-19 13:45:00-07:00,2025-10-19 20:45:00+00:00,2025-10-19 13:50:00-07:00,2025-10-19 20:50:00+00:00,REAL_TIME_5_MIN,URBAN_6_N001,Node,-12.55226,-8.92133,-4.09841,0.46748,0.0
2025-10-19 13:50:00-07:00,2025-10-19 20:50:00+00:00,2025-10-19 13:55:00-07:00,2025-10-19 20:55:00+00:00,REAL_TIME_5_MIN,URBAN_6_N001,Node,-12.55209,-8.91267,-4.10645,0.46702,0.0
2025-10-19 13:55:00-07:00,2025-10-19 20:55:00+00:00,2025-10-19 14:00:00-07:00,2025-10-19 21:00:00+00:00,REAL_TIME_5_MIN,URBAN_6_N001,Node,-12.54651,-8.61106,-4.38667,0.45122,0.0
2025-10-19 14:00:00-07:00,2025-10-19 21:00:00+00:00,2025-10-19 14:05:00-07:00,2025-10-19 21:05:00+00:00,REAL_TIME_5_MIN,URBAN_6_N001,Node,-12.55774,-8.65816,-4.34721,0.44763,0.0
2025-10-19 14:05:00-07:00,2025-10-19 21:05:00+00:00,2025-10-19 14:10:00-07:00,2025-10-19 21:10:00+00:00,REAL_TIME_5_MIN,URBAN_6_N001,Node,-12.63806,-8.75756,-4.33326,0.45277,0.0
2025-10-19 14:10:00-07:00,2025-10-19 21:10:00+00:00,2025-10-19 14:15:00-07:00,2025-10-19 21:15:00+00:00,REAL_TIME_5_MIN,URBAN_6_N001,Node,-12.61657,-8.44997,-4.60347,0.43686,0.0
2025-10-19 14:15:00-07:00,2025-10-19 21:15:00+00:00,2025-10-19 14:20:00-07:00,2025-10-19 21:20:00+00:00,REAL_TIME_5_MIN,URBAN_6_N001,Node,-12.65542,-8.834,-4.28343,0.46202,0.0
2025-10-19 14:20:00-07:00,2025-10-19 21:20:00+00:00,2025-10-19 14:25:00-07:00,2025-10-19 21:25:00+00:00,REAL_TIME_5_MIN,URBAN_6_N001,Node,-13.01189,-8.95186,-4.52822,0.46818,0.0
2025-10-19 14:25:00-07:00,2025-10-19 21:25:00+00:00,2025-10-19 14:30:00-07:00,2025-10-19 21:30:00+00:00,REAL_TIME_5_MIN,URBAN_6_N001,Node,-12.82377,-8.81082,-4.47376,0.46081,0.0
2025-10-19 14:30:00-07:00,2025-10-19 21:30:00+00:00,2025-10-19 14:35:00-07:00,2025-10-19 21:35:00+00:00,REAL_TIME_5_MIN,URBAN_6_N001,Node,-13.00406,-8.95888,-4.51463,0.46945,0.0
2025-10-19 14:35:00-07:00,2025-10-19 21:35:00+00:00,2025-10-19 14:40:00-07:00,2025-10-19 21:40:00+00:00,REAL_TIME_5_MIN,URBAN_6_N001,Node,-12.9342,-8.52085,-4.85984,0.44649,0.0
2025-10-19 14:40:00-07:00,2025-10-19 21:40:00+00:00,2025-10-19 14:45:00-07:00,2025-10-19 21:45:00+00:00,REAL_TIME_5_MIN,URBAN_6_N001,Node,-12.56528,-6.19451,-6.69536,0.32459,0.0
2025-10-19 14:45:00-07:00,2025-10-19 21:45:00+00:00,2025-10-19 14:50:00-07:00,2025-10-19 21:50:00+00:00,REAL_TIME_5_MIN,URBAN_6_N001,Node,-12.23311,-6.79449,-5.84764,0.40903,0.0
2025-10-19 14:50:00-07:00,2025-10-19 21:50:00+00:00,2025-10-19 14:55:00-07:00,2025-10-19 21:55:00+00:00,REAL_TIME_5_MIN,URBAN_6_N001,Node,-12.56101,-8.60584,-4.47325,0.51807,0.0
2025-10-19 14:55:00-07:00,2025-10-19 21:55:00+00:00,2025-10-19 15:00:00-07:00,2025-10-19 22:00:00+00:00,REAL_TIME_5_MIN,URBAN_6_N001,Node,-12.55418,-6.58076,-6.36959,0.39616,0.0
2025-10-19 15:00:00-07:00,2025-10-19 22:00:00+00:00,2025-10-19 15:05:00-07:00,2025-10-19 22:05:00+00:00,REAL_TIME_5_MIN,URBAN_6_N001,Node,-12.79555,-9.5852,-3.68386,0.47351,0.0
2025-10-19 15:05:00-07:00,2025-10-19 22:05:00+00:00,2025-10-19 15:10:00-07:00,2025-10-19 22:10:00+00:00,REAL_TIME_5_MIN,URBAN_6_N001,Node,-12.5223,-3.70268,-9.00253,0.18291,0.0
2025-10-19 15:10:00-07:00,2025-10-19 22:10:00+00:00,2025-10-19 15:15:00-07:00,2025-10-19 22:15:00+00:00,REAL_TIME_5_MIN,URBAN_6_N001,Node,-12.74549,-3.50674,-9.41198,0.17323,0.0
2025-10-19 15:15:00-07:00,2025-10-19 22:15:00+00:00,2025-10-19 15:20:00-07:00,2025-10-19 22:20:00+00:00,REAL_TIME_5_MIN,URBAN_6_N001,Node,-12.5432,-4.83942,-7.94624,0.24245,0.0
2025-10-19 15:20:00-07:00,2025-10-19 22:20:00+00:00,2025-10-19 15:25:00-07:00,2025-10-19 22:25:00+00:00,REAL_TIME_5_MIN,URBAN_6_N001,Node,-12.54699,-4.84144,-7.9481,0.24256,0.0
2025-10-19 15:25:00-07:00,2025-10-19 22:25:00+00:00,2025-10-19 15:30:00-07:00,2025-10-19 22:30:00+00:00,REAL_TIME_5_MIN,URBAN_6_N001,Node,-12.50492,-3.72385,-8.96764,0.18656,0.0
2025-10-19 15:30:00-07:00,2025-10-19 22:30:00+00:00,2025-10-19 15:35:00-07:00,2025-10-19 22:35:00+00:00,REAL_TIME_5_MIN,URBAN_6_N001,Node,-12.38247,-3.80765,-8.76749,0.19267,0.0
2025-10-19 15:35:00-07:00,2025-10-19 22:35:00+00:00,2025-10-19 15:40:00-07:00,2025-10-19 22:40:00+00:00,REAL_TIME_5_MIN,URBAN_6_N001,Node,-11.39871,-2.74608,-8.79158,0.13895,0.0
2025-10-19 15:40:00-07:00,2025-10-19 22:40:00+00:00,2025-10-19 15:45:00-07:00,2025-10-19 22:45:00+00:00,REAL_TIME_5_MIN,URBAN_6_N001,Node,-11.59651,-1.68425,-9.99749,0.08522,0.0
2025-10-19 15:45:00-07:00,2025-10-19 22:45:00+00:00,2025-10-19 15:50:00-07:00,2025-10-19 22:50:00+00:00,REAL_TIME_5_MIN,URBAN_6_N001,Node,-12.32638,-1.13814,-11.24196,0.05372,0.0
2025-10-19 15:50:00-07:00,2025-10-19 22:50:00+00:00,2025-10-19 15:55:00-07:00,2025-10-19 22:55:00+00:00,REAL_TIME_5_MIN,URBAN_6_N001,Node,-12.35587,-1.51292,-10.91437,0.07141,0.0
2025-10-19 15:55:00-07:00,2025-10-19 22:55:00+00:00,2025-10-19 16:00:00-07:00,2025-10-19 23:00:00+00:00,REAL_TIME_5_MIN,URBAN_6_N001,Node,-12.41308,-3.06165,-9.49594,0.14451,0.0
2025-10-19 16:00:00-07:00,2025-10-19 23:00:00+00:00,2025-10-19 16:05:00-07:00,2025-10-19 23:05:00+00:00,REAL_TIME_5_MIN,URBAN_6_N001,Node,-12.61442,-7.42215,-5.46169,0.26942,0.0
2025-10-19 16:05:00-07:00,2025-10-19 23:05:00+00:00,2025-10-19 16:10:00-07:00,2025-10-19 23:10:00+00:00,REAL_TIME_5_MIN,URBAN_6_N001,Node,-12.09456,-8.43499,-3.96576,0.30619,0.0
2025-10-19 16:10:00-07:00,2025-10-19 23:10:00+00:00,2025-10-19 16:15:00-07:00,2025-10-19 23:15:00+00:00,REAL_TIME_5_MIN,URBAN_6_N001,Node,-9.45271,-6.62055,-3.07248,0.24033,0.0
2025-10-19 16:15:00-07:00,2025-10-19 23:15:00+00:00,2025-10-19 16:20:00-07:00,2025-10-19 23:20:00+00:00,REAL_TIME_5_MIN,URBAN_6_N001,Node,-7.26597,-6.39846,-1.15096,0.28345,0.0
2025-10-19 16:20:00-07:00,2025-10-19 23:20:00+00:00,2025-10-19 16:25:00-07:00,2025-10-19 23:25:00+00:00,REAL_TIME_5_MIN,URBAN_6_N001,Node,-2.14103,-0.39261,-1.76581,0.01739,0.0
2025-10-19 16:25:00-07:00,2025-10-19 23:25:00+00:00,2025-10-19 16:30:00-07:00,2025-10-19 23:30:00+00:00,REAL_TIME_5_MIN,URBAN_6_N001,Node,1.31992,1.56131,-0.17222,-0.06917,0.0
2025-10-19 16:30:00-07:00,2025-10-19 23:30:00+00:00,2025-10-19 16:35:00-07:00,2025-10-19 23:35:00+00:00,REAL_TIME_5_MIN,URBAN_6_N001,Node,14.67654,18.74724,-3.33769,-0.73302,0.0
2025-10-19 16:35:00-07:00,2025-10-19 23:35:00+00:00,2025-10-19 16:40:00-07:00,2025-10-19 23:40:00+00:00,REAL_TIME_5_MIN,URBAN_6_N001,Node,18.73062,20.2039,-0.68331,-0.78997,0.0
2025-10-19 16:40:00-07:00,2025-10-19 23:40:00+00:00,2025-10-19 16:45:00-07:00,2025-10-19 23:45:00+00:00,REAL_TIME_5_MIN,URBAN_6_N001,Node,26.35185,27.42414,0.0,-1.07228,0.0
2025-10-19 16:45:00-07:00,2025-10-19 23:45:00+00:00,2025-10-19 16:50:00-07:00,2025-10-19 23:50:00+00:00,REAL_TIME_5_MIN,URBAN_6_N001,Node,27.75415,28.60663,0.0,-0.85248,0.0
2025-10-19 16:50:00-07:00,2025-10-19 23:50:00+00:00,2025-10-19 16:55:00-07:00,2025-10-19 23:55:00+00:00,REAL_TIME_5_MIN,URBAN_6_N001,Node,35.12951,36.20852,0.0,-1.07901,0.0
2025-10-19 16:55:00-07:00,2025-10-19 23:55:00+00:00,2025-10-19 17:00:00-07:00,2025-10-20 00:00:00+00:00,REAL_TIME_5_MIN,URBAN_6_N001,Node,37.92091,39.08567,0.0,-1.16475,0.0
2025-10-19 17:00:00-07:00,2025-10-20 00:00:00+00:00,2025-10-19 17:05:00-07:00,2025-10-20 00:05:00+00:00,REAL_TIME_5_MIN,URBAN_6_N001,Node,21.10712,21.83965,-0.00527,-0.72726,0.0
2025-10-19 17:05:00-07:00,2025-10-20 00:05:00+00:00,2025-10-19 17:10:00-07:00,2025-10-20 00:10:00+00:00,REAL_TIME_5_MIN,URBAN_6_N001,Node,19.78494,20.46648,0.0,-0.68153,0.0
2025-10-19 17:10:00-07:00,2025-10-20 00:10:00+00:00,2025-10-19 17:15:00-07:00,2025-10-20 00:15:00+00:00,REAL_TIME_5_MIN,URBAN_6_N001,Node,22.09084,22.85181,0.0,-0.76097,0.0
2025-10-19 17:15:00-07:00,2025-10-20 00:15:00+00:00,2025-10-19 17:20:00-07:00,2025-10-20 00:20:00+00:00,REAL_TIME_5_MIN,URBAN_6_N001,Node,29.84999,30.78588,0.0,-0.93589,0.0
2025-10-19 17:20:00-07:00,2025-10-20 00:20:00+00:00,2025-10-19 17:25:00-07:00,2025-10-20 00:25:00+00:00,REAL_TIME_5_MIN,URBAN_6_N001,Node,32.39826,33.41404,0.0,-1.01579,0.0
2025-10-19 17:25:00-07:00,2025-10-20 00:25:00+00:00,2025-10-19 17:30:00-07:00,2025-10-20 00:30:00+00:00,REAL_TIME_5_MIN,URBAN_6_N001,Node,36.13288,37.26576,0.0,-1.13288,0.0
2025-10-19 17:30:00-07:00,2025-10-20 00:30:00+00:00,2025-10-19 17:35:00-07:00,2025-10-20 00:35:00+00:00,REAL_TIME_5_MIN,URBAN_6_N001,Node,43.35335,44.40576,0.0,-1.05242,0.0
2025-10-19 17:35:00-07:00,2025-10-20 00:35:00+00:00,2025-10-19 17:40:00-07:00,2025-10-20 00:40:00+00:00,REAL_TIME_5_MIN,URBAN_6_N001,Node,44.54784,45.62925,0.0,-1.08141,0.0
2025-10-19 17:40:00-07:00,2025-10-20 00:40:00+00:00,2025-10-19 17:45:00-07:00,2025-10-20 00:45:00+00:00,REAL_TIME_5_MIN,URBAN_6_N001,Node,46.18014,47.30118,0.0,-1.12104,0.0
2025-10-19 17:45:00-07:00,2025-10-20 00:45:00+00:00,2025-10-19 17:50:00-07:00,2025-10-20 00:50:00+00:00,REAL_TIME_5_MIN,URBAN_6_N001,Node,48.43377,49.70625,0.0,-1.27248,0.0
2025-10-19 17:50:00-07:00,2025-10-20 00:50:00+00:00,2025-10-19 17:55:00-07:00,2025-10-20 00:55:00+00:00,REAL_TIME_5_MIN,URBAN_6_N001,Node,49.39928,50.69713,0.0,-1.29785,0.0
2025-10-19 17:55:00-07:00,2025-10-20 00:55:00+00:00,2025-10-19 18:00:00-07:00,2025-10-20 01:00:00+00:00,REAL_TIME_5_MIN,URBAN_6_N001,Node,49.93936,51.2514,0.0,-1.31204,0.0
2025-10-19 18:00:00-07:00,2025-10-20 01:00:00+00:00,2025-10-19 18:05:00-07:00,2025-10-20 01:05:00+00:00,REAL_TIME_5_MIN,URBAN_6_N001,Node,38.42111,39.94622,-0.00715,-1.51796,0.0
2025-10-19 18:05:00-07:00,2025-10-20 01:05:00+00:00,2025-10-19 18:10:00-07:00,2025-10-20 01:10:00+00:00,REAL_TIME_5_MIN,URBAN_6_N001,Node,37.10174,39.07724,-0.49057,-1.48494,0.0
2025-10-19 18:10:00-07:00,2025-10-20 01:10:00+00:00,2025-10-19 18:15:00-07:00,2025-10-20 01:15:00+00:00,REAL_TIME_5_MIN,URBAN_6_N001,Node,36.73727,39.38674,-1.15277,-1.4967,0.0
2025-10-19 18:15:00-07:00,2025-10-20 01:15:00+00:00,2025-10-19 18:20:00-07:00,2025-10-20 01:20:00+00:00,REAL_TIME_5_MIN,URBAN_6_N001,Node,36.82435,40.08144,-1.71395,-1.54314,0.0
2025-10-19 18:20:00-07:00,2025-10-20 01:20:00+00:00,2025-10-19 18:25:00-07:00,2025-10-20 01:25:00+00:00,REAL_TIME_5_MIN,URBAN_6_N001,Node,36.65946,39.44822,-1.27,-1.51876,0.0
2025-10-19 18:25:00-07:00,2025-10-20 01:25:00+00:00,2025-10-19 18:30:00-07:00,2025-10-20 01:30:00+00:00,REAL_TIME_5_MIN,URBAN_6_N001,Node,37.0794,40.24458,-1.61576,-1.54942,0.0
2025-10-19 18:30:00-07:00,2025-10-20 01:30:00+00:00,2025-10-19 18:35:00-07:00,2025-10-20 01:35:00+00:00,REAL_TIME_5_MIN,URBAN_6_N001,Node,37.1221,39.17745,-0.43732,-1.61803,0.0
2025-10-19 18:35:00-07:00,2025-10-20 01:35:00+00:00,2025-10-19 18:40:00-07:00,2025-10-20 01:40:00+00:00,REAL_TIME_5_MIN,URBAN_6_N001,Node,36.12197,36.70303,0.93477,-1.51584,0.0
2025-10-19 18:40:00-07:00,2025-10-20 01:40:00+00:00,2025-10-19 18:45:00-07:00,2025-10-20 01:45:00+00:00,REAL_TIME_5_MIN,URBAN_6_N001,Node,35.36016,35.46753,1.35743,-1.46481,0.0
2025-10-19 18:45:00-07:00,2025-10-20 01:45:00+00:00,2025-10-19 18:50:00-07:00,2025-10-20 01:50:00+00:00,REAL_TIME_5_MIN,URBAN_6_N001,Node,35.13693,35.02728,1.5913,-1.48165,0.0
2025-10-19 18:50:00-07:00,2025-10-20 01:50:00+00:00,2025-10-19 18:55:00-07:00,2025-10-20 01:55:00+00:00,REAL_TIME_5_MIN,URBAN_6_N001,Node,34.04996,34.11565,1.37741,-1.44309,0.0
2025-10-19 18:55:00-07:00,2025-10-20 01:55:00+00:00,2025-10-19 19:00:00-07:00,2025-10-20 02:00:00+00:00,REAL_TIME_5_MIN,URBAN_6_N001,Node,33.33408,33.40815,1.3391,-1.41316,0.0
2025-10-19 19:00:00-07:00,2025-10-20 02:00:00+00:00,2025-10-19 19:05:00-07:00,2025-10-20 02:05:00+00:00,REAL_TIME_5_MIN,URBAN_6_N001,Node,40.53773,42.0134,0.04941,-1.52509,0.0
2025-10-19 19:05:00-07:00,2025-10-20 02:05:00+00:00,2025-10-19 19:10:00-07:00,2025-10-20 02:10:00+00:00,REAL_TIME_5_MIN,URBAN_6_N001,Node,39.94722,41.29696,0.14935,-1.49908,0.0
2025-10-19 19:10:00-07:00,2025-10-20 02:10:00+00:00,2025-10-19 19:15:00-07:00,2025-10-20 02:15:00+00:00,REAL_TIME_5_MIN,URBAN_6_N001,Node,39.25104,40.72952,0.0,-1.47848,0.0
2025-10-19 19:15:00-07:00,2025-10-20 02:15:00+00:00,2025-10-19 19:20:00-07:00,2025-10-20 02:20:00+00:00,REAL_TIME_5_MIN,URBAN_6_N001,Node,38.46742,39.88741,0.0,-1.41999,0.0
2025-10-19 19:20:00-07:00,2025-10-20 02:20:00+00:00,2025-10-19 19:25:00-07:00,2025-10-20 02:25:00+00:00,REAL_TIME_5_MIN,URBAN_6_N001,Node,37.1347,38.5055,0.0,-1.3708,0.0
2025-10-19 19:25:00-07:00,2025-10-20 02:25:00+00:00,2025-10-19 19:30:00-07:00,2025-10-20 02:30:00+00:00,REAL_TIME_5_MIN,URBAN_6_N001,Node,36.54217,37.89109,0.0,-1.34892,0.0
2025-10-19 19:30:00-07:00,2025-10-20 02:30:00+00:00,2025-10-19 19:35:00-07:00,2025-10-20 02:35:00+00:00,REAL_TIME_5_MIN,URBAN_6_N001,Node,34.97854,36.01471,0.3612,-1.39737,0.0
2025-10-19 19:35:00-07:00,2025-10-20 02:35:00+00:00,2025-10-19 19:40:00-07:00,2025-10-20 02:40:00+00:00,REAL_TIME_5_MIN,URBAN_6_N001,Node,34.97854,36.01471,0.3612,-1.39737,0.0
2025-10-19 19:40:00-07:00,2025-10-20 02:40:00+00:00,2025-10-19 19:45:00-07:00,2025-10-20 02:45:00+00:00,REAL_TIME_5_MIN,URBAN_6_N001,Node,34.55821,35.65552,0.28612,-1.38343,0.0
2025-10-19 19:45:00-07:00,2025-10-20 02:45:00+00:00,2025-10-19 19:50:00-07:00,2025-10-20 02:50:00+00:00,REAL_TIME_5_MIN,URBAN_6_N001,Node,34.47399,35.4729,0.24619,-1.2451,0.0
2025-10-19 19:50:00-07:00,2025-10-20 02:50:00+00:00,2025-10-19 19:55:00-07:00,2025-10-20 02:55:00+00:00,REAL_TIME_5_MIN,URBAN_6_N001,Node,34.77449,35.68813,0.33902,-1.25265,0.0
2025-10-19 19:55:00-07:00,2025-10-20 02:55:00+00:00,2025-10-19 20:00:00-07:00,2025-10-20 03:00:00+00:00,REAL_TIME_5_MIN,URBAN_6_N001,Node,34.83994,35.74382,0.35073,-1.25461,0.0
2025-10-19 20:00:00-07:00,2025-10-20 03:00:00+00:00,2025-10-19 20:05:00-07:00,2025-10-20 03:05:00+00:00,REAL_TIME_5_MIN,URBAN_6_N001,Node,40.10736,41.29245,0.0,-1.18509,0.0
2025-10-19 20:05:00-07:00,2025-10-20 03:05:00+00:00,2025-10-19 20:10:00-07:00,2025-10-20 03:10:00+00:00,REAL_TIME_5_MIN,URBAN_6_N001,Node,39.6449,40.81633,0.0,-1.17143,0.0
2025-10-19 20:10:00-07:00,2025-10-20 03:10:00+00:00,2025-10-19 20:15:00-07:00,2025-10-20 03:15:00+00:00,REAL_TIME_5_MIN,URBAN_6_N001,Node,39.36372,40.52684,0.0,-1.16312,0.0
2025-10-19 20:15:00-07:00,2025-10-20 03:15:00+00:00,2025-10-19 20:20:00-07:00,2025-10-20 03:20:00+00:00,REAL_TIME_5_MIN,URBAN_6_N001,Node,38.89292,39.53689,0.47097,-1.11494,0.0
2025-10-19 20:20:00-07:00,2025-10-20 03:20:00+00:00,2025-10-19 20:25:00-07:00,2025-10-20 03:25:00+00:00,REAL_TIME_5_MIN,URBAN_6_N001,Node,37.6328,38.10012,0.60711,-1.07442,0.0
2025-10-19 20:25:00-07:00,2025-10-20 03:25:00+00:00,2025-10-19 20:30:00-07:00,2025-10-20 03:30:00+00:00,REAL_TIME_5_MIN,URBAN_6_N001,Node,35.95627,36.49739,0.4881,-1.02923,0.0
2025-10-19 20:30:00-07:00,2025-10-20 03:30:00+00:00,2025-10-19 20:35:00-07:00,2025-10-20 03:35:00+00:00,REAL_TIME_5_MIN,URBAN_6_N001,Node,35.67572,36.25609,0.59433,-1.1747,0.0
2025-10-19 20:35:00-07:00,2025-10-20 03:35:00+00:00,2025-10-19 20:40:00-07:00,2025-10-20 03:40:00+00:00,REAL_TIME_5_MIN,URBAN_6_N001,Node,35.67534,36.25445,0.59553,-1.17464,0.0
2025-10-19 20:40:00-07:00,2025-10-20 03:40:00+00:00,2025-10-19 20:45:00-07:00,2025-10-20 03:45:00+00:00,REAL_TIME_5_MIN,URBAN_6_N001,Node,35.75588,36.44235,0.49426,-1.18073,0.0
2025-10-19 20:45:00-07:00,2025-10-20 03:45:00+00:00,2025-10-19 20:50:00-07:00,2025-10-20 03:50:00+00:00,REAL_TIME_5_MIN,URBAN_6_N001,Node,35.60845,36.04196,0.71623,-1.14974,0.0
2025-10-19 20:50:00-07:00,2025-10-20 03:50:00+00:00,2025-10-19 20:55:00-07:00,2025-10-20 03:55:00+00:00,REAL_TIME_5_MIN,URBAN_6_N001,Node,35.06163,35.17753,1.00626,-1.12216,0.0
2025-10-19 20:55:00-07:00,2025-10-20 03:55:00+00:00,2025-10-19 21:00:00-07:00,2025-10-20 04:00:00+00:00,REAL_TIME_5_MIN,URBAN_6_N001,Node,34.00963,33.84631,1.24302,-1.0797,0.0
2025-10-19 21:00:00-07:00,2025-10-20 04:00:00+00:00,2025-10-19 21:05:00-07:00,2025-10-20 04:05:00+00:00,REAL_TIME_5_MIN,URBAN_6_N001,Node,37.20576,35.72773,2.81782,-1.33979,0.0
2025-10-19 21:05:00-07:00,2025-10-20 04:05:00+00:00,2025-10-19 21:10:00-07:00,2025-10-20 04:10:00+00:00,REAL_TIME_5_MIN,URBAN_6_N001,Node,35.45872,34.45418,2.29658,-1.29203,0.0
2025-10-19 21:10:00-07:00,2025-10-20 04:10:00+00:00,2025-10-19 21:15:00-07:00,2025-10-20 04:15:00+00:00,REAL_TIME_5_MIN,URBAN_6_N001,Node,33.96341,32.88838,2.30835,-1.23331,0.0
2025-10-19 21:15:00-07:00,2025-10-20 04:15:00+00:00,2025-10-19 21:20:00-07:00,2025-10-20 04:20:00+00:00,REAL_TIME_5_MIN,URBAN_6_N001,Node,33.84313,32.46963,2.59111,-1.21761,0.0
2025-10-19 21:20:00-07:00,2025-10-20 04:20:00+00:00,2025-10-19 21:25:00-07:00,2025-10-20 04:25:00+00:00,REAL_TIME_5_MIN,URBAN_6_N001,Node,33.22588,31.89953,2.52259,-1.19623,0.0
2025-10-19 21:25:00-07:00,2025-10-20 04:25:00+00:00,2025-10-19 21:30:00-07:00,2025-10-20 04:30:00+00:00,REAL_TIME_5_MIN,URBAN_6_N001,Node,34.25313,33.04312,2.44913,-1.23912,0.0
2025-10-19 21:30:00-07:00,2025-10-20 04:30:00+00:00,2025-10-19 21:35:00-07:00,2025-10-20 04:35:00+00:00,REAL_TIME_5_MIN,URBAN_6_N001,Node,35.54148,36.77225,0.13347,-1.36425,0.0
2025-10-19 21:35:00-07:00,2025-10-20 04:35:00+00:00,2025-10-19 21:40:00-07:00,2025-10-20 04:40:00+00:00,REAL_TIME_5_MIN,URBAN_6_N001,Node,35.95289,37.33814,0.0,-1.38524,0.0
2025-10-19 21:40:00-07:00,2025-10-20 04:40:00+00:00,2025-10-19 21:45:00-07:00,2025-10-20 04:45:00+00:00,REAL_TIME_5_MIN,URBAN_6_N001,Node,35.95289,37.33814,0.0,-1.38524,0.0
2025-10-19 21:45:00-07:00,2025-10-20 04:45:00+00:00,2025-10-19 21:50:00-07:00,2025-10-20 04:50:00+00:00,REAL_TIME_5_MIN,URBAN_6_N001,Node,34.15851,33.97115,1.37635,-1.18899,0.0
2025-10-19 21:50:00-07:00,2025-10-20 04:50:00+00:00,2025-10-19 21:55:00-07:00,2025-10-20 04:55:00+00:00,REAL_TIME_5_MIN,URBAN_6_N001,Node,31.94301,31.62196,1.42782,-1.10677,0.0
2025-10-19 21:55:00-07:00,2025-10-20 04:55:00+00:00,2025-10-19 22:00:00-07:00,2025-10-20 05:00:00+00:00,REAL_TIME_5_MIN,URBAN_6_N001,Node,30.66976,30.4065,1.32749,-1.06423,0.0
2025-10-19 22:00:00-07:00,2025-10-20 05:00:00+00:00,2025-10-19 22:05:00-07:00,2025-10-20 05:05:00+00:00,REAL_TIME_5_MIN,URBAN_6_N001,Node,36.40457,37.60803,0.0,-1.20346,0.0
2025-10-19 22:05:00-07:00,2025-10-20 05:05:00+00:00,2025-10-19 22:10:00-07:00,2025-10-20 05:10:00+00:00,REAL_TIME_5_MIN,URBAN_6_N001,Node,36.31546,37.51597,0.0,-1.20051,0.0
2025-10-19 22:10:00-07:00,2025-10-20 05:10:00+00:00,2025-10-19 22:15:00-07:00,2025-10-20 05:15:00+00:00,REAL_TIME_5_MIN,URBAN_6_N001,Node,36.2997,37.49969,0.0,-1.19999,0.0
2025-10-19 22:15:00-07:00,2025-10-20 05:15:00+00:00,2025-10-19 22:20:00-07:00,2025-10-20 05:20:00+00:00,REAL_TIME_5_MIN,URBAN_6_N001,Node,35.72659,36.82395,0.0,-1.09735,0.0
2025-10-19 22:20:00-07:00,2025-10-20 05:20:00+00:00,2025-10-19 22:25:00-07:00,2025-10-20 05:25:00+00:00,REAL_TIME_5_MIN,URBAN_6_N001,Node,35.6188,36.71285,0.0,-1.09404,0.0
2025-10-19 22:25:00-07:00,2025-10-20 05:25:00+00:00,2025-10-19 22:30:00-07:00,2025-10-20 05:30:00+00:00,REAL_TIME_5_MIN,URBAN_6_N001,Node,35.93755,37.04139,0.0,-1.10383,0.0
2025-10-19 22:30:00-07:00,2025-10-20 05:30:00+00:00,2025-10-19 22:35:00-07:00,2025-10-20 05:35:00+00:00,REAL_TIME_5_MIN,URBAN_6_N001,Node,36.0695,37.0704,0.0,-1.0009,0.0
2025-10-19 22:35:00-07:00,2025-10-20 05:35:00+00:00,2025-10-19 22:40:00-07:00,2025-10-20 05:40:00+00:00,REAL_TIME_5_MIN,URBAN_6_N001,Node,36.0695,37.0704,0.0,-1.0009,0.0
2025-10-19 22:40:00-07:00,2025-10-20 05:40:00+00:00,2025-10-19 22:45:00-07:00,2025-10-20 05:45:00+00:00,REAL_TIME_5_MIN,URBAN_6_N001,Node,35.64434,36.63345,0.0,-0.9891,0.0
2025-10-19 22:45:00-07:00,2025-10-20 05:45:00+00:00,2025-10-19 22:50:00-07:00,2025-10-20 05:50:00+00:00,REAL_TIME_5_MIN,URBAN_6_N001,Node,34.68673,35.8186,0.0,-1.13187,0.0
2025-10-19 22:50:00-07:00,2025-10-20 05:50:00+00:00,2025-10-19 22:55:00-07:00,2025-10-20 05:55:00+00:00,REAL_TIME_5_MIN,URBAN_6_N001,Node,34.5921,35.72088,0.0,-1.12878,0.0
2025-10-19 22:55:00-07:00,2025-10-20 05:55:00+00:00,2025-10-19 23:00:00-07:00,2025-10-20 06:00:00+00:00,REAL_TIME_5_MIN,URBAN_6_N001,Node,35.44149,36.59799,0.0,-1.1565,0.0
2025-10-19 23:00:00-07:00,2025-10-20 06:00:00+00:00,2025-10-19 23:05:00-07:00,2025-10-20 06:05:00+00:00,REAL_TIME_5_MIN,URBAN_6_N001,Node,36.3678,37.59723,0.0,-1.22943,0.0
2025-10-19 23:05:00-07:00,2025-10-20 06:05:00+00:00,2025-10-19 23:10:00-07:00,2025-10-20 06:10:00+00:00,REAL_TIME_5_MIN,URBAN_6_N001,Node,35.39894,36.59562,0.0,-1.19668,0.0
2025-10-19 23:10:00-07:00,2025-10-20 06:10:00+00:00,2025-10-19 23:15:00-07:00,2025-10-20 06:15:00+00:00,REAL_TIME_5_MIN,URBAN_6_N001,Node,33.07066,34.18862,0.0,-1.11797,0.0
2025-10-19 23:15:00-07:00,2025-10-20 06:15:00+00:00,2025-10-19 23:20:00-07:00,2025-10-20 06:20:00+00:00,REAL_TIME_5_MIN,URBAN_6_N001,Node,31.67026,32.72059,0.0,-1.05033,0.0
2025-10-19 23:20:00-07:00,2025-10-20 06:20:00+00:00,2025-10-19 23:25:00-07:00,2025-10-20 06:25:00+00:00,REAL_TIME_5_MIN,URBAN_6_N001,Node,30.98082,32.00828,0.0,-1.02747,0.0
2025-10-19 23:25:00-07:00,2025-10-20 06:25:00+00:00,2025-10-19 23:30:00-07:00,2025-10-20 06:30:00+00:00,REAL_TIME_5_MIN,URBAN_6_N001,Node,31.09882,32.1302,0.0,-1.03138,0.0
2025-10-19 23:30:00-07:00,2025-10-20 06:30:00+00:00,2025-10-19 23:35:00-07:00,2025-10-20 06:35:00+00:00,REAL_TIME_5_MIN,URBAN_6_N001,Node,30.43116,31.46641,0.0,-1.03524,0.0
2025-10-19 23:35:00-07:00,2025-10-20 06:35:00+00:00,2025-10-19 23:40:00-07:00,2025-10-20 06:40:00+00:00,REAL_TIME_5_MIN,URBAN_6_N001,Node,31.42874,32.49792,0.0,-1.06918,0.0
2025-10-19 23:40:00-07:00,2025-10-20 06:40:00+00:00,2025-10-19 23:45:00-07:00,2025-10-20 06:45:00+00:00,REAL_TIME_5_MIN,URBAN_6_N001,Node,30.911,31.96257,0.0,-1.05157,0.0
2025-10-19 23:45:00-07:00,2025-10-20 06:45:00+00:00,2025-10-19 23:50:00-07:00,2025-10-20 06:50:00+00:00,REAL_TIME_5_MIN,URBAN_6_N001,Node,31.40587,32.4575,0.0,-1.05162,0.0
2025-10-19 23:50:00-07:00,2025-10-20 06:50:00+00:00,2025-10-19 23:55:00-07:00,2025-10-20 06:55:00+00:00,REAL_TIME_5_MIN,URBAN_6_N001,Node,31.40587,32.4575,0.0,-1.05162,0.0
2025-10-19 23:55:00-07:00,2025-10-20 06:55:00+00:00,2025-10-20 00:00:00-07:00,2025-10-20 07:00:00+00:00,REAL_TIME_5_MIN,URBAN_6_N001,Node,31.40587,32.4575,0.0,-1.05162,0.0
