interval_start_local,interval_start_utc,interval_end_local,interval_end_utc,market,location,location_type,lmp,energy,congestion,loss,ghg
2025-09-28 00:00:00-07:00,2025-09-28 07:00:00+00:00,2025-09-28 00:05:00-07:00,2025-09-28 07:05:00+00:00,REAL_TIME_5_MIN,OAKLAND_1_N001,Node,42.26051,41.66881,0.0,0.5917,0.0
2025-09-28 00:00:00-07:00,2025-09-28 07:00:00+00:00,2025-09-28 00:05:00-07:00,2025-09-28 07:05:00+00:00,REAL_TIME_5_MIN,PGSF_2_PDRP58-APND,AP Node,43.60642,41.66881,0.0,1.93761,0.0
2025-09-28 00:00:00-07:00,2025-09-28 07:00:00+00:00,2025-09-28 00:05:00-07:00,2025-09-28 07:05:00+00:00,REAL_TIME_5_MIN,SNJOSEB_1_N001,Node,43.63975,41.66881,0.0,1.97093,0.0
2025-09-28 00:05:00-07:00,2025-09-28 07:05:00+00:00,2025-09-28 00:10:00-07:00,2025-09-28 07:10:00+00:00,REAL_TIME_5_MIN,OAKLAND_1_N001,Node,42.13106,41.54118,0.0,0.58988,0.0
2025-09-28 00:05:00-07:00,2025-09-28 07:05:00+00:00,2025-09-28 00:10:00-07:00,2025-09-28 07:10:00+00:00,REAL_TIME_5_MIN,PGSF_2_PDRP58-APND,AP Node,43.47285,41.54118,0.0,1.93168,0.0
2025-09-28 00:05:00-07:00,2025-09-28 07:05:00+00:00,2025-09-28 00:10:00-07:00,2025-09-28 07:10:00+00:00,REAL_TIME_5_MIN,SNJOSEB_1_N001,Node,43.50608,41.54118,0.0,1.9649,0.0
2025-09-28 00:10:00-07:00,2025-09-28 07:10:00+00:00,2025-09-28 00:15:00-07:00,2025-09-28 07:15:00+00:00,REAL_TIME_5_MIN,OAKLAND_1_N001,Node,42.13106,41.54118,0.0,0.58988,0.0
2025-09-28 00:10:00-07:00,2025-09-28 07:10:00+00:00,2025-09-28 00:15:00-07:00,2025-09-28 07:15:00+00:00,REAL_TIME_5_MIN,PGSF_2_PDRP58-APND,AP Node,43.47285,41.54118,0.0,1.93168,0.0
2025-09-28 00:10:00-07:00,2025-09-28 07:10:00+00:00,2025-09-28 00:15:00-07:00,2025-09-28 07:15:00+00:00,REAL_TIME_5_MIN,SNJOSEB_1_N001,Node,43.50608,41.54118,0.0,1.9649,0.0
2025-09-28 00:15:00-07:00,2025-09-28 07:15:00+00:00,2025-09-28 00:20:00-07:00,2025-09-28 07:20:00+00:00,REAL_TIME_5_MIN,OAKLAND_1_N001,Node,42.10993,41.59416,0.0,0.51577,0.0
2025-09-28 00:15:00-07:00,2025-09-28 07:15:00+00:00,2025-09-28 00:20:00-07:00,2025-09-28 07:20:00+00:00,REAL_TIME_5_MIN,PGSF_2_PDRP58-APND,AP Node,43.42847,41.59416,0.0,1.83431,0.0
2025-09-28 00:15:00-07:00,2025-09-28 07:15:00+00:00,2025-09-28 00:20:00-07:00,2025-09-28 07:20:00+00:00,REAL_TIME_5_MIN,SNJOSEB_1_N001,Node,43.45758,41.59416,0.0,1.86342,0.0
2025-09-28 00:20:00-07:00,2025-09-28 07:20:00+00:00,2025-09-28 00:25:00-07:00,2025-09-28 07:25:00+00:00,REAL_TIME_5_MIN,OAKLAND_1_N001,Node,42.35256,41.83382,0.0,0.51874,0.0
2025-09-28 00:20:00-07:00,2025-09-28 07:20:00+00:00,2025-09-28 00:25:00-07:00,2025-09-28 07:25:00+00:00,REAL_TIME_5_MIN,PGSF_2_PDRP58-APND,AP Node,43.6787,41.83382,0.0,1.84488,0.0
2025-09-28 00:20:00-07:00,2025-09-28 07:20:00+00:00,2025-09-28 00:25:00-07:00,2025-09-28 07:25:00+00:00,REAL_TIME_5_MIN,SNJOSEB_1_N001,Node,43.70797,41.83382,0.0,1.87415,0.0
2025-09-28 00:25:00-07:00,2025-09-28 07:25:00+00:00,2025-09-28 00:30:00-07:00,2025-09-28 07:30:00+00:00,REAL_TIME_5_MIN,OAKLAND_1_N001,Node,42.56467,42.04333,0.0,0.52134,0.0
2025-09-28 00:25:00-07:00,2025-09-28 07:25:00+00:00,2025-09-28 00:30:00-07:00,2025-09-28 07:30:00+00:00,REAL_TIME_5_MIN,PGSF_2_PDRP58-APND,AP Node,43.89745,42.04333,0.0,1.85412,0.0
2025-09-28 00:25:00-07:00,2025-09-28 07:25:00+00:00,2025-09-28 00:30:00-07:00,2025-09-28 07:30:00+00:00,REAL_TIME_5_MIN,SNJOSEB_1_N001,Node,43.92687,42.04333,0.0,1.88354,0.0
2025-09-28 00:30:00-07:00,2025-09-28 07:30:00+00:00,2025-09-28 00:35:00-07:00,2025-09-28 07:35:00+00:00,REAL_TIME_5_MIN,OAKLAND_1_N001,Node,42.69758,42.26646,0.0,0.43112,0.0
2025-09-28 00:30:00-07:00,2025-09-28 07:30:00+00:00,2025-09-28 00:35:00-07:00,2025-09-28 07:35:00+00:00,REAL_TIME_5_MIN,PGSF_2_PDRP58-APND,AP Node,44.32493,42.26646,0.0,2.05847,0.0
2025-09-28 00:30:00-07:00,2025-09-28 07:30:00+00:00,2025-09-28 00:35:00-07:00,2025-09-28 07:35:00+00:00,REAL_TIME_5_MIN,SNJOSEB_1_N001,Node,44.17691,42.26646,0.0,1.91044,0.0
2025-09-28 00:35:00-07:00,2025-09-28 07:35:00+00:00,2025-09-28 00:40:00-07:00,2025-09-28 07:40:00+00:00,REAL_TIME_5_MIN,OAKLAND_1_N001,Node,42.58429,42.15431,0.0,0.42997,0.0
2025-09-28 00:35:00-07:00,2025-09-28 07:35:00+00:00,2025-09-28 00:40:00-07:00,2025-09-28 07:40:00+00:00,REAL_TIME_5_MIN,PGSF_2_PDRP58-APND,AP Node,44.20732,42.15431,0.0,2.05301,0.0
2025-09-28 00:35:00-07:00,2025-09-28 07:35:00+00:00,2025-09-28 00:40:00-07:00,2025-09-28 07:40:00+00:00,REAL_TIME_5_MIN,SNJOSEB_1_N001,Node,44.05969,42.15431,0.0,1.90537,0.0
2025-09-28 00:40:00-07:00,2025-09-28 07:40:00+00:00,2025-09-28 00:45:00-07:00,2025-09-28 07:45:00+00:00,REAL_TIME_5_MIN,OAKLAND_1_N001,Node,42.29186,41.86484,0.0,0.42702,0.0
2025-09-28 00:40:00-07:00,2025-09-28 07:40:00+00:00,2025-09-28 00:45:00-07:00,2025-09-28 07:45:00+00:00,REAL_TIME_5_MIN,PGSF_2_PDRP58-APND,AP Node,43.90375,41.86484,0.0,2.03891,0.0
2025-09-28 00:40:00-07:00,2025-09-28 07:40:00+00:00,2025-09-28 00:45:00-07:00,2025-09-28 07:45:00+00:00,REAL_TIME_5_MIN,SNJOSEB_1_N001,Node,43.75713,41.86484,0.0,1.89229,0.0
2025-09-28 00:45:00-07:00,2025-09-28 07:45:00+00:00,2025-09-28 00:50:00-07:00,2025-09-28 07:50:00+00:00,REAL_TIME_5_MIN,OAKLAND_1_N001,Node,42.21422,41.68894,0.0,0.52528,0.0
2025-09-28 00:45:00-07:00,2025-09-28 07:45:00+00:00,2025-09-28 00:50:00-07:00,2025-09-28 07:50:00+00:00,REAL_TIME_5_MIN,PGSF_2_PDRP58-APND,AP Node,43.78755,41.68894,0.0,2.09861,0.0
2025-09-28 00:45:00-07:00,2025-09-28 07:45:00+00:00,2025-09-28 00:50:00-07:00,2025-09-28 07:50:00+00:00,REAL_TIME_5_MIN,SNJOSEB_1_N001,Node,43.65249,41.68894,0.0,1.96355,0.0
2025-09-28 00:50:00-07:00,2025-09-28 07:50:00+00:00,2025-09-28 00:55:00-07:00,2025-09-28 07:55:00+00:00,REAL_TIME_5_MIN,OAKLAND_1_N001,Node,42.26082,41.73496,0.0,0.52586,0.0
2025-09-28 00:50:00-07:00,2025-09-28 07:50:00+00:00,2025-09-28 00:55:00-07:00,2025-09-28 07:55:00+00:00,REAL_TIME_5_MIN,PGSF_2_PDRP58-APND,AP Node,43.83588,41.73496,0.0,2.10092,0.0
2025-09-28 00:50:00-07:00,2025-09-28 07:50:00+00:00,2025-09-28 00:55:00-07:00,2025-09-28 07:55:00+00:00,REAL_TIME_5_MIN,SNJOSEB_1_N001,Node,43.70068,41.73496,0.0,1.96572,0.0
2025-09-28 00:55:00-07:00,2025-09-28 07:55:00+00:00,2025-09-28 01:00:00-07:00,2025-09-28 08:00:00+00:00,REAL_TIME_5_MIN,OAKLAND_1_N001,Node,42.39654,41.86899,0.0,0.52755,0.0
2025-09-28 00:55:00-07:00,2025-09-28 07:55:00+00:00,2025-09-28 01:00:00-07:00,2025-09-28 08:00:00+00:00,REAL_TIME_5_MIN,PGSF_2_PDRP58-APND,AP Node,43.97666,41.86899,0.0,2.10767,0.0
2025-09-28 00:55:00-07:00,2025-09-28 07:55:00+00:00,2025-09-28 01:00:00-07:00,2025-09-28 08:00:00+00:00,REAL_TIME_5_MIN,SNJOSEB_1_N001,Node,43.84102,41.86899,0.0,1.97203,0.0
2025-09-28 01:00:00-07:00,2025-09-28 08:00:00+00:00,2025-09-28 01:05:00-07:00,2025-09-28 08:05:00+00:00,REAL_TIME_5_MIN,OAKLAND_1_N001,Node,43.38146,42.71511,0.0,0.66636,0.0
2025-09-28 01:00:00-07:00,2025-09-28 08:00:00+00:00,2025-09-28 01:05:00-07:00,2025-09-28 08:05:00+00:00,REAL_TIME_5_MIN,PGSF_2_PDRP58-APND,AP Node,44.68173,42.71511,0.0,1.96663,0.0
2025-09-28 01:00:00-07:00,2025-09-28 08:00:00+00:00,2025-09-28 01:05:00-07:00,2025-09-28 08:05:00+00:00,REAL_TIME_5_MIN,SNJOSEB_1_N001,Node,44.75689,42.71511,0.0,2.04178,0.0
2025-09-28 01:05:00-07:00,2025-09-28 08:05:00+00:00,2025-09-28 01:10:00-07:00,2025-09-28 08:10:00+00:00,REAL_TIME_5_MIN,OAKLAND_1_N001,Node,43.38104,42.71469,0.0,0.66635,0.0
2025-09-28 01:05:00-07:00,2025-09-28 08:05:00+00:00,2025-09-28 01:10:00-07:00,2025-09-28 08:10:00+00:00,REAL_TIME_5_MIN,PGSF_2_PDRP58-APND,AP Node,44.6813,42.71469,0.0,1.96661,0.0
2025-09-28 01:05:00-07:00,2025-09-28 08:05:00+00:00,2025-09-28 01:10:00-07:00,2025-09-28 08:10:00+00:00,REAL_TIME_5_MIN,SNJOSEB_1_N001,Node,44.75645,42.71469,0.0,2.04176,0.0
2025-09-28 01:10:00-07:00,2025-09-28 08:10:00+00:00,2025-09-28 01:15:00-07:00,2025-09-28 08:15:00+00:00,REAL_TIME_5_MIN,OAKLAND_1_N001,Node,43.4021,42.73543,0.0,0.66667,0.0
2025-09-28 01:10:00-07:00,2025-09-28 08:10:00+00:00,2025-09-28 01:15:00-07:00,2025-09-28 08:15:00+00:00,REAL_TIME_5_MIN,PGSF_2_PDRP58-APND,AP Node,44.70299,42.73543,0.0,1.96756,0.0
2025-09-28 01:10:00-07:00,2025-09-28 08:10:00+00:00,2025-09-28 01:15:00-07:00,2025-09-28 08:15:00+00:00,REAL_TIME_5_MIN,SNJOSEB_1_N001,Node,44.77818,42.73543,0.0,2.04275,0.0
2025-09-28 01:15:00-07:00,2025-09-28 08:15:00+00:00,2025-09-28 01:20:00-07:00,2025-09-28 08:20:00+00:00,REAL_TIME_5_MIN,OAKLAND_1_N001,Node,43.0987,42.52881,0.0,0.56989,0.0
2025-09-28 01:15:00-07:00,2025-09-28 08:15:00+00:00,2025-09-28 01:20:00-07:00,2025-09-28 08:20:00+00:00,REAL_TIME_5_MIN,PGSF_2_PDRP58-APND,AP Node,44.63839,42.52881,0.0,2.10958,0.0
2025-09-28 01:15:00-07:00,2025-09-28 08:15:00+00:00,2025-09-28 01:20:00-07:00,2025-09-28 08:20:00+00:00,REAL_TIME_5_MIN,SNJOSEB_1_N001,Node,44.4979,42.52881,0.0,1.96908,0.0
2025-09-28 01:20:00-07:00,2025-09-28 08:20:00+00:00,2025-09-28 01:25:00-07:00,2025-09-28 08:25:00+00:00,REAL_TIME_5_MIN,OAKLAND_1_N001,Node,43.27452,42.70231,0.0,0.57221,0.0
2025-09-28 01:20:00-07:00,2025-09-28 08:20:00+00:00,2025-09-28 01:25:00-07:00,2025-09-28 08:25:00+00:00,REAL_TIME_5_MIN,PGSF_2_PDRP58-APND,AP Node,44.8205,42.70231,0.0,2.11819,0.0
2025-09-28 01:20:00-07:00,2025-09-28 08:20:00+00:00,2025-09-28 01:25:00-07:00,2025-09-28 08:25:00+00:00,REAL_TIME_5_MIN,SNJOSEB_1_N001,Node,44.67943,42.70231,0.0,1.97712,0.0
2025-09-28 01:25:00-07:00,2025-09-28 08:25:00+00:00,2025-09-28 01:30:00-07:00,2025-09-28 08:30:00+00:00,REAL_TIME_5_MIN,OAKLAND_1_N001,Node,43.33764,42.7646,0.0,0.57305,0.0
2025-09-28 01:25:00-07:00,2025-09-28 08:25:00+00:00,2025-09-28 01:30:00-07:00,2025-09-28 08:30:00+00:00,REAL_TIME_5_MIN,PGSF_2_PDRP58-APND,AP Node,44.88588,42.7646,0.0,2.12128,0.0
2025-09-28 01:25:00-07:00,2025-09-28 08:25:00+00:00,2025-09-28 01:30:00-07:00,2025-09-28 08:30:00+00:00,REAL_TIME_5_MIN,SNJOSEB_1_N001,Node,44.7446,42.7646,0.0,1.98,0.0
2025-09-28 01:30:00-07:00,2025-09-28 08:30:00+00:00,2025-09-28 01:35:00-07:00,2025-09-28 08:35:00+00:00,REAL_TIME_5_MIN,OAKLAND_1_N001,Node,43.0973,42.54422,0.0,0.55307,0.0
2025-09-28 01:30:00-07:00,2025-09-28 08:30:00+00:00,2025-09-28 01:35:00-07:00,2025-09-28 08:35:00+00:00,REAL_TIME_5_MIN,PGSF_2_PDRP58-APND,AP Node,44.57692,42.54422,0.0,2.0327,0.0
2025-09-28 01:30:00-07:00,2025-09-28 08:30:00+00:00,2025-09-28 01:35:00-07:00,2025-09-28 08:35:00+00:00,REAL_TIME_5_MIN,SNJOSEB_1_N001,Node,44.41191,42.54422,0.0,1.86769,0.0
2025-09-28 01:35:00-07:00,2025-09-28 08:35:00+00:00,2025-09-28 01:40:00-07:00,2025-09-28 08:40:00+00:00,REAL_TIME_5_MIN,OAKLAND_1_N001,Node,43.0973,42.54422,0.0,0.55307,0.0
2025-09-28 01:35:00-07:00,2025-09-28 08:35:00+00:00,2025-09-28 01:40:00-07:00,2025-09-28 08:40:00+00:00,REAL_TIME_5_MIN,PGSF_2_PDRP58-APND,AP Node,44.57692,42.54422,0.0,2.0327,0.0
2025-09-28 01:35:00-07:00,2025-09-28 08:35:00+00:00,2025-09-28 01:40:00-07:00,2025-09-28 08:40:00+00:00,REAL_TIME_5_MIN,SNJOSEB_1_N001,Node,44.41191,42.54422,0.0,1.86769,0.0
2025-09-28 01:40:00-07:00,2025-09-28 08:40:00+00:00,2025-09-28 01:45:00-07:00,2025-09-28 08:45:00+00:00,REAL_TIME_5_MIN,OAKLAND_1_N001,Node,42.89829,42.34777,0.0,0.55052,0.0
2025-09-28 01:40:00-07:00,2025-09-28 08:40:00+00:00,2025-09-28 01:45:00-07:00,2025-09-28 08:45:00+00:00,REAL_TIME_5_MIN,PGSF_2_PDRP58-APND,AP Node,44.37108,42.34777,0.0,2.02331,0.0
2025-09-28 01:40:00-07:00,2025-09-28 08:40:00+00:00,2025-09-28 01:45:00-07:00,2025-09-28 08:45:00+00:00,REAL_TIME_5_MIN,SNJOSEB_1_N001,Node,44.20683,42.34777,0.0,1.85907,0.0
2025-09-28 01:45:00-07:00,2025-09-28 08:45:00+00:00,2025-09-28 01:50:00-07:00,2025-09-28 08:50:00+00:00,REAL_TIME_5_MIN,OAKLAND_1_N001,Node,42.13775,41.6422,0.0,0.49554,0.0
2025-09-28 01:45:00-07:00,2025-09-28 08:45:00+00:00,2025-09-28 01:50:00-07:00,2025-09-28 08:50:00+00:00,REAL_TIME_5_MIN,PGSF_2_PDRP58-APND,AP Node,43.55008,41.6422,0.0,1.90788,0.0
2025-09-28 01:45:00-07:00,2025-09-28 08:45:00+00:00,2025-09-28 01:50:00-07:00,2025-09-28 08:50:00+00:00,REAL_TIME_5_MIN,SNJOSEB_1_N001,Node,43.40783,41.6422,0.0,1.76563,0.0
2025-09-28 01:50:00-07:00,2025-09-28 08:50:00+00:00,2025-09-28 01:55:00-07:00,2025-09-28 08:55:00+00:00,REAL_TIME_5_MIN,OAKLAND_1_N001,Node,41.55889,41.07015,0.0,0.48873,0.0
2025-09-28 01:50:00-07:00,2025-09-28 08:50:00+00:00,2025-09-28 01:55:00-07:00,2025-09-28 08:55:00+00:00,REAL_TIME_5_MIN,PGSF_2_PDRP58-APND,AP Node,42.95182,41.07015,0.0,1.88167,0.0
2025-09-28 01:50:00-07:00,2025-09-28 08:50:00+00:00,2025-09-28 01:55:00-07:00,2025-09-28 08:55:00+00:00,REAL_TIME_5_MIN,SNJOSEB_1_N001,Node,42.81153,41.07015,0.0,1.74137,0.0
2025-09-28 01:55:00-07:00,2025-09-28 08:55:00+00:00,2025-09-28 02:00:00-07:00,2025-09-28 09:00:00+00:00,REAL_TIME_5_MIN,OAKLAND_1_N001,Node,41.52662,41.03827,0.0,0.48836,0.0
2025-09-28 01:55:00-07:00,2025-09-28 08:55:00+00:00,2025-09-28 02:00:00-07:00,2025-09-28 09:00:00+00:00,REAL_TIME_5_MIN,PGSF_2_PDRP58-APND,AP Node,42.91847,41.03827,0.0,1.88021,0.0
2025-09-28 01:55:00-07:00,2025-09-28 08:55:00+00:00,2025-09-28 02:00:00-07:00,2025-09-28 09:00:00+00:00,REAL_TIME_5_MIN,SNJOSEB_1_N001,Node,42.77829,41.03827,0.0,1.74002,0.0
2025-09-28 02:00:00-07:00,2025-09-28 09:00:00+00:00,2025-09-28 02:05:00-07:00,2025-09-28 09:05:00+00:00,REAL_TIME_5_MIN,OAKLAND_1_N001,Node,44.46736,43.78432,0.0,0.68304,0.0
2025-09-28 02:00:00-07:00,2025-09-28 09:00:00+00:00,2025-09-28 02:05:00-07:00,2025-09-28 09:05:00+00:00,REAL_TIME_5_MIN,PGSF_2_PDRP58-APND,AP Node,46.00763,43.78432,0.0,2.2233,0.0
2025-09-28 02:00:00-07:00,2025-09-28 09:00:00+00:00,2025-09-28 02:05:00-07:00,2025-09-28 09:05:00+00:00,REAL_TIME_5_MIN,SNJOSEB_1_N001,Node,45.84219,43.78432,0.0,2.05786,0.0
2025-09-28 02:05:00-07:00,2025-09-28 09:05:00+00:00,2025-09-28 02:10:00-07:00,2025-09-28 09:10:00+00:00,REAL_TIME_5_MIN,OAKLAND_1_N001,Node,44.86655,44.17738,0.0,0.68917,0.0
2025-09-28 02:05:00-07:00,2025-09-28 09:05:00+00:00,2025-09-28 02:10:00-07:00,2025-09-28 09:10:00+00:00,REAL_TIME_5_MIN,PGSF_2_PDRP58-APND,AP Node,46.42064,44.17738,0.0,2.24326,0.0
2025-09-28 02:05:00-07:00,2025-09-28 09:05:00+00:00,2025-09-28 02:10:00-07:00,2025-09-28 09:10:00+00:00,REAL_TIME_5_MIN,SNJOSEB_1_N001,Node,46.25372,44.17738,0.0,2.07634,0.0
2025-09-28 02:10:00-07:00,2025-09-28 09:10:00+00:00,2025-09-28 02:15:00-07:00,2025-09-28 09:15:00+00:00,REAL_TIME_5_MIN,OAKLAND_1_N001,Node,44.55012,43.86582,0.0,0.68431,0.0
2025-09-28 02:10:00-07:00,2025-09-28 09:10:00+00:00,2025-09-28 02:15:00-07:00,2025-09-28 09:15:00+00:00,REAL_TIME_5_MIN,PGSF_2_PDRP58-APND,AP Node,46.09326,43.86582,0.0,2.22744,0.0
2025-09-28 02:10:00-07:00,2025-09-28 09:10:00+00:00,2025-09-28 02:15:00-07:00,2025-09-28 09:15:00+00:00,REAL_TIME_5_MIN,SNJOSEB_1_N001,Node,45.92751,43.86582,0.0,2.06169,0.0
2025-09-28 02:15:00-07:00,2025-09-28 09:15:00+00:00,2025-09-28 02:20:00-07:00,2025-09-28 09:20:00+00:00,REAL_TIME_5_MIN,OAKLAND_1_N001,Node,44.4389,43.73047,0.0,0.70843,0.0
2025-09-28 02:15:00-07:00,2025-09-28 09:15:00+00:00,2025-09-28 02:20:00-07:00,2025-09-28 09:20:00+00:00,REAL_TIME_5_MIN,PGSF_2_PDRP58-APND,AP Node,45.91885,43.73047,0.0,2.18838,0.0
2025-09-28 02:15:00-07:00,2025-09-28 09:15:00+00:00,2025-09-28 02:20:00-07:00,2025-09-28 09:20:00+00:00,REAL_TIME_5_MIN,SNJOSEB_1_N001,Node,45.75082,43.73047,0.0,2.02035,0.0
2025-09-28 02:20:00-07:00,2025-09-28 09:20:00+00:00,2025-09-28 02:25:00-07:00,2025-09-28 09:25:00+00:00,REAL_TIME_5_MIN,OAKLAND_1_N001,Node,44.4389,43.73047,0.0,0.70843,0.0
2025-09-28 02:20:00-07:00,2025-09-28 09:20:00+00:00,2025-09-28 02:25:00-07:00,2025-09-28 09:25:00+00:00,REAL_TIME_5_MIN,PGSF_2_PDRP58-APND,AP Node,45.91885,43.73047,0.0,2.18838,0.0
2025-09-28 02:20:00-07:00,2025-09-28 09:20:00+00:00,2025-09-28 02:25:00-07:00,2025-09-28 09:25:00+00:00,REAL_TIME_5_MIN,SNJOSEB_1_N001,Node,45.75082,43.73047,0.0,2.02035,0.0
2025-09-28 02:25:00-07:00,2025-09-28 09:25:00+00:00,2025-09-28 02:30:00-07:00,2025-09-28 09:30:00+00:00,REAL_TIME_5_MIN,OAKLAND_1_N001,Node,43.63453,42.93892,0.0,0.69561,0.0
2025-09-28 02:25:00-07:00,2025-09-28 09:25:00+00:00,2025-09-28 02:30:00-07:00,2025-09-28 09:30:00+00:00,REAL_TIME_5_MIN,PGSF_2_PDRP58-APND,AP Node,45.08769,42.93892,0.0,2.14877,0.0
2025-09-28 02:25:00-07:00,2025-09-28 09:25:00+00:00,2025-09-28 02:30:00-07:00,2025-09-28 09:30:00+00:00,REAL_TIME_5_MIN,SNJOSEB_1_N001,Node,44.9227,42.93892,0.0,1.98378,0.0
2025-09-28 02:30:00-07:00,2025-09-28 09:30:00+00:00,2025-09-28 02:35:00-07:00,2025-09-28 09:35:00+00:00,REAL_TIME_5_MIN,OAKLAND_1_N001,Node,44.97245,44.17292,0.0,0.79953,0.0
2025-09-28 02:30:00-07:00,2025-09-28 09:30:00+00:00,2025-09-28 02:35:00-07:00,2025-09-28 09:35:00+00:00,REAL_TIME_5_MIN,PGSF_2_PDRP58-APND,AP Node,46.36466,44.17292,0.0,2.19174,0.0
2025-09-28 02:30:00-07:00,2025-09-28 09:30:00+00:00,2025-09-28 02:35:00-07:00,2025-09-28 09:35:00+00:00,REAL_TIME_5_MIN,SNJOSEB_1_N001,Node,46.1872,44.17292,0.0,2.01429,0.0
2025-09-28 02:35:00-07:00,2025-09-28 09:35:00+00:00,2025-09-28 02:40:00-07:00,2025-09-28 09:40:00+00:00,REAL_TIME_5_MIN,OAKLAND_1_N001,Node,44.60186,43.80892,0.0,0.79294,0.0
2025-09-28 02:35:00-07:00,2025-09-28 09:35:00+00:00,2025-09-28 02:40:00-07:00,2025-09-28 09:40:00+00:00,REAL_TIME_5_MIN,PGSF_2_PDRP58-APND,AP Node,45.9826,43.80892,0.0,2.17368,0.0
2025-09-28 02:35:00-07:00,2025-09-28 09:35:00+00:00,2025-09-28 02:40:00-07:00,2025-09-28 09:40:00+00:00,REAL_TIME_5_MIN,SNJOSEB_1_N001,Node,45.80661,43.80892,0.0,1.99769,0.0
2025-09-28 02:40:00-07:00,2025-09-28 09:40:00+00:00,2025-09-28 02:45:00-07:00,2025-09-28 09:45:00+00:00,REAL_TIME_5_MIN,OAKLAND_1_N001,Node,44.5133,43.72193,0.0,0.79137,0.0
2025-09-28 02:40:00-07:00,2025-09-28 09:40:00+00:00,2025-09-28 02:45:00-07:00,2025-09-28 09:45:00+00:00,REAL_TIME_5_MIN,PGSF_2_PDRP58-APND,AP Node,45.8913,43.72193,0.0,2.16937,0.0
2025-09-28 02:40:00-07:00,2025-09-28 09:40:00+00:00,2025-09-28 02:45:00-07:00,2025-09-28 09:45:00+00:00,REAL_TIME_5_MIN,SNJOSEB_1_N001,Node,45.71565,43.72193,0.0,1.99372,0.0
2025-09-28 02:45:00-07:00,2025-09-28 09:45:00+00:00,2025-09-28 02:50:00-07:00,2025-09-28 09:50:00+00:00,REAL_TIME_5_MIN,OAKLAND_1_N001,Node,44.65164,43.81047,0.0,0.84116,0.0
2025-09-28 02:45:00-07:00,2025-09-28 09:45:00+00:00,2025-09-28 02:50:00-07:00,2025-09-28 09:50:00+00:00,REAL_TIME_5_MIN,PGSF_2_PDRP58-APND,AP Node,45.7477,43.81047,0.0,1.93723,0.0
2025-09-28 02:45:00-07:00,2025-09-28 09:45:00+00:00,2025-09-28 02:50:00-07:00,2025-09-28 09:50:00+00:00,REAL_TIME_5_MIN,SNJOSEB_1_N001,Node,45.80385,43.81047,0.0,1.99338,0.0
2025-09-28 02:50:00-07:00,2025-09-28 09:50:00+00:00,2025-09-28 02:55:00-07:00,2025-09-28 09:55:00+00:00,REAL_TIME_5_MIN,OAKLAND_1_N001,Node,44.55704,43.71766,0.0,0.83938,0.0
2025-09-28 02:50:00-07:00,2025-09-28 09:50:00+00:00,2025-09-28 02:55:00-07:00,2025-09-28 09:55:00+00:00,REAL_TIME_5_MIN,PGSF_2_PDRP58-APND,AP Node,45.65078,43.71766,0.0,1.93312,0.0
2025-09-28 02:50:00-07:00,2025-09-28 09:50:00+00:00,2025-09-28 02:55:00-07:00,2025-09-28 09:55:00+00:00,REAL_TIME_5_MIN,SNJOSEB_1_N001,Node,45.70681,43.71766,0.0,1.98915,0.0
2025-09-28 02:55:00-07:00,2025-09-28 09:55:00+00:00,2025-09-28 03:00:00-07:00,2025-09-28 10:00:00+00:00,REAL_TIME_5_MIN,OAKLAND_1_N001,Node,44.90094,44.05508,0.0,0.84586,0.0
2025-09-28 02:55:00-07:00,2025-09-28 09:55:00+00:00,2025-09-28 03:00:00-07:00,2025-09-28 10:00:00+00:00,REAL_TIME_5_MIN,PGSF_2_PDRP58-APND,AP Node,46.00312,44.05508,0.0,1.94804,0.0
2025-09-28 02:55:00-07:00,2025-09-28 09:55:00+00:00,2025-09-28 03:00:00-07:00,2025-09-28 10:00:00+00:00,REAL_TIME_5_MIN,SNJOSEB_1_N001,Node,46.05959,44.05508,0.0,2.00451,0.0
2025-09-28 03:00:00-07:00,2025-09-28 10:00:00+00:00,2025-09-28 03:05:00-07:00,2025-09-28 10:05:00+00:00,REAL_TIME_5_MIN,OAKLAND_1_N001,Node,45.83629,44.97282,0.0,0.86348,0.0
2025-09-28 03:00:00-07:00,2025-09-28 10:00:00+00:00,2025-09-28 03:05:00-07:00,2025-09-28 10:05:00+00:00,REAL_TIME_5_MIN,PGSF_2_PDRP58-APND,AP Node,46.94345,44.97282,0.0,1.97063,0.0
2025-09-28 03:00:00-07:00,2025-09-28 10:00:00+00:00,2025-09-28 03:05:00-07:00,2025-09-28 10:05:00+00:00,REAL_TIME_5_MIN,SNJOSEB_1_N001,Node,47.04606,44.97282,0.0,2.07325,0.0
2025-09-28 03:05:00-07:00,2025-09-28 10:05:00+00:00,2025-09-28 03:10:00-07:00,2025-09-28 10:10:00+00:00,REAL_TIME_5_MIN,OAKLAND_1_N001,Node,45.64296,44.78313,0.0,0.85984,0.0
2025-09-28 03:05:00-07:00,2025-09-28 10:05:00+00:00,2025-09-28 03:10:00-07:00,2025-09-28 10:10:00+00:00,REAL_TIME_5_MIN,PGSF_2_PDRP58-APND,AP Node,46.74545,44.78313,0.0,1.96232,0.0
2025-09-28 03:05:00-07:00,2025-09-28 10:05:00+00:00,2025-09-28 03:10:00-07:00,2025-09-28 10:10:00+00:00,REAL_TIME_5_MIN,SNJOSEB_1_N001,Node,46.84763,44.78313,0.0,2.0645,0.0
2025-09-28 03:10:00-07:00,2025-09-28 10:10:00+00:00,2025-09-28 03:15:00-07:00,2025-09-28 10:15:00+00:00,REAL_TIME_5_MIN,OAKLAND_1_N001,Node,44.25205,43.41841,0.0,0.83363,0.0
2025-09-28 03:10:00-07:00,2025-09-28 10:10:00+00:00,2025-09-28 03:15:00-07:00,2025-09-28 10:15:00+00:00,REAL_TIME_5_MIN,PGSF_2_PDRP58-APND,AP Node,45.32093,43.41841,0.0,1.90252,0.0
2025-09-28 03:10:00-07:00,2025-09-28 10:10:00+00:00,2025-09-28 03:15:00-07:00,2025-09-28 10:15:00+00:00,REAL_TIME_5_MIN,SNJOSEB_1_N001,Node,45.42,43.41841,0.0,2.00159,0.0
2025-09-28 03:15:00-07:00,2025-09-28 10:15:00+00:00,2025-09-28 03:20:00-07:00,2025-09-28 10:20:00+00:00,REAL_TIME_5_MIN,OAKLAND_1_N001,Node,44.64085,43.76554,0.0,0.87531,0.0
2025-09-28 03:15:00-07:00,2025-09-28 10:15:00+00:00,2025-09-28 03:20:00-07:00,2025-09-28 10:20:00+00:00,REAL_TIME_5_MIN,PGSF_2_PDRP58-APND,AP Node,45.69203,43.76554,0.0,1.92649,0.0
2025-09-28 03:15:00-07:00,2025-09-28 10:15:00+00:00,2025-09-28 03:20:00-07:00,2025-09-28 10:20:00+00:00,REAL_TIME_5_MIN,SNJOSEB_1_N001,Node,45.79627,43.76554,0.0,2.03072,0.0
2025-09-28 03:20:00-07:00,2025-09-28 10:20:00+00:00,2025-09-28 03:25:00-07:00,2025-09-28 10:25:00+00:00,REAL_TIME_5_MIN,OAKLAND_1_N001,Node,43.20871,42.36148,0.0,0.84723,0.0
2025-09-28 03:20:00-07:00,2025-09-28 10:20:00+00:00,2025-09-28 03:25:00-07:00,2025-09-28 10:25:00+00:00,REAL_TIME_5_MIN,PGSF_2_PDRP58-APND,AP Node,44.22616,42.36148,0.0,1.86468,0.0
2025-09-28 03:20:00-07:00,2025-09-28 10:20:00+00:00,2025-09-28 03:25:00-07:00,2025-09-28 10:25:00+00:00,REAL_TIME_5_MIN,SNJOSEB_1_N001,Node,44.32705,42.36148,0.0,1.96557,0.0
2025-09-28 03:25:00-07:00,2025-09-28 10:25:00+00:00,2025-09-28 03:30:00-07:00,2025-09-28 10:30:00+00:00,REAL_TIME_5_MIN,OAKLAND_1_N001,Node,42.86714,42.0266,0.0,0.84053,0.0
2025-09-28 03:25:00-07:00,2025-09-28 10:25:00+00:00,2025-09-28 03:30:00-07:00,2025-09-28 10:30:00+00:00,REAL_TIME_5_MIN,PGSF_2_PDRP58-APND,AP Node,43.87654,42.0266,0.0,1.84994,0.0
2025-09-28 03:25:00-07:00,2025-09-28 10:25:00+00:00,2025-09-28 03:30:00-07:00,2025-09-28 10:30:00+00:00,REAL_TIME_5_MIN,SNJOSEB_1_N001,Node,43.97664,42.0266,0.0,1.95003,0.0
2025-09-28 03:30:00-07:00,2025-09-28 10:30:00+00:00,2025-09-28 03:35:00-07:00,2025-09-28 10:35:00+00:00,REAL_TIME_5_MIN,OAKLAND_1_N001,Node,43.07434,42.11826,0.0,0.95608,0.0
2025-09-28 03:30:00-07:00,2025-09-28 10:30:00+00:00,2025-09-28 03:35:00-07:00,2025-09-28 10:35:00+00:00,REAL_TIME_5_MIN,PGSF_2_PDRP58-APND,AP Node,44.03278,42.11826,0.0,1.91452,0.0
2025-09-28 03:30:00-07:00,2025-09-28 10:30:00+00:00,2025-09-28 03:35:00-07:00,2025-09-28 10:35:00+00:00,REAL_TIME_5_MIN,SNJOSEB_1_N001,Node,44.10624,42.11826,0.0,1.98798,0.0
2025-09-28 03:35:00-07:00,2025-09-28 10:35:00+00:00,2025-09-28 03:40:00-07:00,2025-09-28 10:40:00+00:00,REAL_TIME_5_MIN,OAKLAND_1_N001,Node,43.16878,42.2106,0.0,0.95818,0.0
2025-09-28 03:35:00-07:00,2025-09-28 10:35:00+00:00,2025-09-28 03:40:00-07:00,2025-09-28 10:40:00+00:00,REAL_TIME_5_MIN,PGSF_2_PDRP58-APND,AP Node,44.12931,42.2106,0.0,1.91871,0.0
2025-09-28 03:35:00-07:00,2025-09-28 10:35:00+00:00,2025-09-28 03:40:00-07:00,2025-09-28 10:40:00+00:00,REAL_TIME_5_MIN,SNJOSEB_1_N001,Node,44.20294,42.2106,0.0,1.99234,0.0
2025-09-28 03:40:00-07:00,2025-09-28 10:40:00+00:00,2025-09-28 03:45:00-07:00,2025-09-28 10:45:00+00:00,REAL_TIME_5_MIN,OAKLAND_1_N001,Node,43.82032,42.84768,0.0,0.97264,0.0
2025-09-28 03:40:00-07:00,2025-09-28 10:40:00+00:00,2025-09-28 03:45:00-07:00,2025-09-28 10:45:00+00:00,REAL_TIME_5_MIN,PGSF_2_PDRP58-APND,AP Node,44.79535,42.84768,0.0,1.94767,0.0
2025-09-28 03:40:00-07:00,2025-09-28 10:40:00+00:00,2025-09-28 03:45:00-07:00,2025-09-28 10:45:00+00:00,REAL_TIME_5_MIN,SNJOSEB_1_N001,Node,44.87009,42.84768,0.0,2.02241,0.0
2025-09-28 03:45:00-07:00,2025-09-28 10:45:00+00:00,2025-09-28 03:50:00-07:00,2025-09-28 10:50:00+00:00,REAL_TIME_5_MIN,OAKLAND_1_N001,Node,43.85629,42.92062,0.0,0.93567,0.0
2025-09-28 03:45:00-07:00,2025-09-28 10:45:00+00:00,2025-09-28 03:50:00-07:00,2025-09-28 10:50:00+00:00,REAL_TIME_5_MIN,PGSF_2_PDRP58-APND,AP Node,44.80997,42.92062,0.0,1.88935,0.0
2025-09-28 03:45:00-07:00,2025-09-28 10:45:00+00:00,2025-09-28 03:50:00-07:00,2025-09-28 10:50:00+00:00,REAL_TIME_5_MIN,SNJOSEB_1_N001,Node,44.88638,42.92062,0.0,1.96576,0.0
2025-09-28 03:50:00-07:00,2025-09-28 10:50:00+00:00,2025-09-28 03:55:00-07:00,2025-09-28 10:55:00+00:00,REAL_TIME_5_MIN,OAKLAND_1_N001,Node,43.83922,42.90392,0.0,0.93531,0.0
2025-09-28 03:50:00-07:00,2025-09-28 10:50:00+00:00,2025-09-28 03:55:00-07:00,2025-09-28 10:55:00+00:00,REAL_TIME_5_MIN,PGSF_2_PDRP58-APND,AP Node,44.79254,42.90392,0.0,1.88862,0.0
2025-09-28 03:50:00-07:00,2025-09-28 10:50:00+00:00,2025-09-28 03:55:00-07:00,2025-09-28 10:55:00+00:00,REAL_TIME_5_MIN,SNJOSEB_1_N001,Node,44.86891,42.90392,0.0,1.965,0.0
2025-09-28 03:55:00-07:00,2025-09-28 10:55:00+00:00,2025-09-28 04:00:00-07:00,2025-09-28 11:00:00+00:00,REAL_TIME_5_MIN,OAKLAND_1_N001,Node,43.54219,42.61322,0.0,0.92897,0.0
2025-09-28 03:55:00-07:00,2025-09-28 10:55:00+00:00,2025-09-28 04:00:00-07:00,2025-09-28 11:00:00+00:00,REAL_TIME_5_MIN,PGSF_2_PDRP58-APND,AP Node,44.48905,42.61322,0.0,1.87582,0.0
2025-09-28 03:55:00-07:00,2025-09-28 10:55:00+00:00,2025-09-28 04:00:00-07:00,2025-09-28 11:00:00+00:00,REAL_TIME_5_MIN,SNJOSEB_1_N001,Node,44.56491,42.61322,0.0,1.95169,0.0
2025-09-28 04:00:00-07:00,2025-09-28 11:00:00+00:00,2025-09-28 04:05:00-07:00,2025-09-28 11:05:00+00:00,REAL_TIME_5_MIN,OAKLAND_1_N001,Node,41.77456,40.89931,0.0,0.87525,0.0
2025-09-28 04:00:00-07:00,2025-09-28 11:00:00+00:00,2025-09-28 04:05:00-07:00,2025-09-28 11:05:00+00:00,REAL_TIME_5_MIN,PGSF_2_PDRP58-APND,AP Node,42.71747,40.89931,0.0,1.81815,0.0
2025-09-28 04:00:00-07:00,2025-09-28 11:00:00+00:00,2025-09-28 04:05:00-07:00,2025-09-28 11:05:00+00:00,REAL_TIME_5_MIN,SNJOSEB_1_N001,Node,42.79704,40.89931,0.0,1.89773,0.0
2025-09-28 04:05:00-07:00,2025-09-28 11:05:00+00:00,2025-09-28 04:10:00-07:00,2025-09-28 11:10:00+00:00,REAL_TIME_5_MIN,OAKLAND_1_N001,Node,41.67151,40.79842,0.0,0.87309,0.0
2025-09-28 04:05:00-07:00,2025-09-28 11:05:00+00:00,2025-09-28 04:10:00-07:00,2025-09-28 11:10:00+00:00,REAL_TIME_5_MIN,PGSF_2_PDRP58-APND,AP Node,42.61209,40.79842,0.0,1.81367,0.0
2025-09-28 04:05:00-07:00,2025-09-28 11:05:00+00:00,2025-09-28 04:10:00-07:00,2025-09-28 11:10:00+00:00,REAL_TIME_5_MIN,SNJOSEB_1_N001,Node,42.69147,40.79842,0.0,1.89305,0.0
2025-09-28 04:10:00-07:00,2025-09-28 11:10:00+00:00,2025-09-28 04:15:00-07:00,2025-09-28 11:15:00+00:00,REAL_TIME_5_MIN,OAKLAND_1_N001,Node,40.78474,39.93023,0.0,0.85451,0.0
2025-09-28 04:10:00-07:00,2025-09-28 11:10:00+00:00,2025-09-28 04:15:00-07:00,2025-09-28 11:15:00+00:00,REAL_TIME_5_MIN,PGSF_2_PDRP58-APND,AP Node,41.7053,39.93023,0.0,1.77507,0.0
2025-09-28 04:10:00-07:00,2025-09-28 11:10:00+00:00,2025-09-28 04:15:00-07:00,2025-09-28 11:15:00+00:00,REAL_TIME_5_MIN,SNJOSEB_1_N001,Node,41.783,39.93023,0.0,1.85276,0.0
2025-09-28 04:15:00-07:00,2025-09-28 11:15:00+00:00,2025-09-28 04:20:00-07:00,2025-09-28 11:20:00+00:00,REAL_TIME_5_MIN,OAKLAND_1_N001,Node,40.44077,39.6517,0.0,0.78907,0.0
2025-09-28 04:15:00-07:00,2025-09-28 11:15:00+00:00,2025-09-28 04:20:00-07:00,2025-09-28 11:20:00+00:00,REAL_TIME_5_MIN,PGSF_2_PDRP58-APND,AP Node,41.36141,39.6517,0.0,1.70971,0.0
2025-09-28 04:15:00-07:00,2025-09-28 11:15:00+00:00,2025-09-28 04:20:00-07:00,2025-09-28 11:20:00+00:00,REAL_TIME_5_MIN,SNJOSEB_1_N001,Node,41.44395,39.6517,0.0,1.79226,0.0
2025-09-28 04:20:00-07:00,2025-09-28 11:20:00+00:00,2025-09-28 04:25:00-07:00,2025-09-28 11:25:00+00:00,REAL_TIME_5_MIN,OAKLAND_1_N001,Node,39.99566,39.21528,0.0,0.78038,0.0
2025-09-28 04:20:00-07:00,2025-09-28 11:20:00+00:00,2025-09-28 04:25:00-07:00,2025-09-28 11:25:00+00:00,REAL_TIME_5_MIN,PGSF_2_PDRP58-APND,AP Node,40.90617,39.21528,0.0,1.6909,0.0
2025-09-28 04:20:00-07:00,2025-09-28 11:20:00+00:00,2025-09-28 04:25:00-07:00,2025-09-28 11:25:00+00:00,REAL_TIME_5_MIN,SNJOSEB_1_N001,Node,40.98781,39.21528,0.0,1.77253,0.0
2025-09-28 04:25:00-07:00,2025-09-28 11:25:00+00:00,2025-09-28 04:30:00-07:00,2025-09-28 11:30:00+00:00,REAL_TIME_5_MIN,OAKLAND_1_N001,Node,39.63884,38.86542,0.0,0.77342,0.0
2025-09-28 04:25:00-07:00,2025-09-28 11:25:00+00:00,2025-09-28 04:30:00-07:00,2025-09-28 11:30:00+00:00,REAL_TIME_5_MIN,PGSF_2_PDRP58-APND,AP Node,40.54123,38.86542,0.0,1.67581,0.0
2025-09-28 04:25:00-07:00,2025-09-28 11:25:00+00:00,2025-09-28 04:30:00-07:00,2025-09-28 11:30:00+00:00,REAL_TIME_5_MIN,SNJOSEB_1_N001,Node,40.62214,38.86542,0.0,1.75672,0.0
2025-09-28 04:30:00-07:00,2025-09-28 11:30:00+00:00,2025-09-28 04:35:00-07:00,2025-09-28 11:35:00+00:00,REAL_TIME_5_MIN,OAKLAND_1_N001,Node,39.93526,39.08707,0.0,0.84819,0.0
2025-09-28 04:30:00-07:00,2025-09-28 11:30:00+00:00,2025-09-28 04:35:00-07:00,2025-09-28 11:35:00+00:00,REAL_TIME_5_MIN,PGSF_2_PDRP58-APND,AP Node,40.7739,39.08707,0.0,1.68683,0.0
2025-09-28 04:30:00-07:00,2025-09-28 11:30:00+00:00,2025-09-28 04:35:00-07:00,2025-09-28 11:35:00+00:00,REAL_TIME_5_MIN,SNJOSEB_1_N001,Node,40.83426,39.08707,0.0,1.74719,0.0
2025-09-28 04:35:00-07:00,2025-09-28 11:35:00+00:00,2025-09-28 04:40:00-07:00,2025-09-28 11:40:00+00:00,REAL_TIME_5_MIN,OAKLAND_1_N001,Node,40.29268,39.4369,0.0,0.85578,0.0
2025-09-28 04:35:00-07:00,2025-09-28 11:35:00+00:00,2025-09-28 04:40:00-07:00,2025-09-28 11:40:00+00:00,REAL_TIME_5_MIN,PGSF_2_PDRP58-APND,AP Node,41.13883,39.4369,0.0,1.70193,0.0
2025-09-28 04:35:00-07:00,2025-09-28 11:35:00+00:00,2025-09-28 04:40:00-07:00,2025-09-28 11:40:00+00:00,REAL_TIME_5_MIN,SNJOSEB_1_N001,Node,41.19973,39.4369,0.0,1.76283,0.0
2025-09-28 04:40:00-07:00,2025-09-28 11:40:00+00:00,2025-09-28 04:45:00-07:00,2025-09-28 11:45:00+00:00,REAL_TIME_5_MIN,OAKLAND_1_N001,Node,40.07263,39.22153,0.0,0.85111,0.0
2025-09-28 04:40:00-07:00,2025-09-28 11:40:00+00:00,2025-09-28 04:45:00-07:00,2025-09-28 11:45:00+00:00,REAL_TIME_5_MIN,PGSF_2_PDRP58-APND,AP Node,40.91416,39.22153,0.0,1.69263,0.0
2025-09-28 04:40:00-07:00,2025-09-28 11:40:00+00:00,2025-09-28 04:45:00-07:00,2025-09-28 11:45:00+00:00,REAL_TIME_5_MIN,SNJOSEB_1_N001,Node,40.97473,39.22153,0.0,1.7532,0.0
2025-09-28 04:45:00-07:00,2025-09-28 11:45:00+00:00,2025-09-28 04:50:00-07:00,2025-09-28 11:50:00+00:00,REAL_TIME_5_MIN,OAKLAND_1_N001,Node,40.2299,39.32926,0.0,0.90064,0.0
2025-09-28 04:45:00-07:00,2025-09-28 11:45:00+00:00,2025-09-28 04:50:00-07:00,2025-09-28 11:50:00+00:00,REAL_TIME_5_MIN,PGSF_2_PDRP58-APND,AP Node,41.0698,39.32926,0.0,1.74055,0.0
2025-09-28 04:45:00-07:00,2025-09-28 11:45:00+00:00,2025-09-28 04:50:00-07:00,2025-09-28 11:50:00+00:00,REAL_TIME_5_MIN,SNJOSEB_1_N001,Node,41.12661,39.32926,0.0,1.79735,0.0
2025-09-28 04:50:00-07:00,2025-09-28 11:50:00+00:00,2025-09-28 04:55:00-07:00,2025-09-28 11:55:00+00:00,REAL_TIME_5_MIN,OAKLAND_1_N001,Node,40.50573,39.59892,0.0,0.90682,0.0
2025-09-28 04:50:00-07:00,2025-09-28 11:50:00+00:00,2025-09-28 04:55:00-07:00,2025-09-28 11:55:00+00:00,REAL_TIME_5_MIN,PGSF_2_PDRP58-APND,AP Node,41.3514,39.59892,0.0,1.75248,0.0
2025-09-28 04:50:00-07:00,2025-09-28 11:50:00+00:00,2025-09-28 04:55:00-07:00,2025-09-28 11:55:00+00:00,REAL_TIME_5_MIN,SNJOSEB_1_N001,Node,41.40859,39.59892,0.0,1.80967,0.0
2025-09-28 04:55:00-07:00,2025-09-28 11:55:00+00:00,2025-09-28 05:00:00-07:00,2025-09-28 12:00:00+00:00,REAL_TIME_5_MIN,OAKLAND_1_N001,Node,41.3346,40.40923,0.0,0.92537,0.0
2025-09-28 04:55:00-07:00,2025-09-28 11:55:00+00:00,2025-09-28 05:00:00-07:00,2025-09-28 12:00:00+00:00,REAL_TIME_5_MIN,PGSF_2_PDRP58-APND,AP Node,42.19757,40.40923,0.0,1.78834,0.0
2025-09-28 04:55:00-07:00,2025-09-28 11:55:00+00:00,2025-09-28 05:00:00-07:00,2025-09-28 12:00:00+00:00,REAL_TIME_5_MIN,SNJOSEB_1_N001,Node,42.25593,40.40923,0.0,1.8467,0.0
2025-09-28 05:00:00-07:00,2025-09-28 12:00:00+00:00,2025-09-28 05:05:00-07:00,2025-09-28 12:05:00+00:00,REAL_TIME_5_MIN,OAKLAND_1_N001,Node,46.2818,45.26337,0.0,1.01843,0.0
2025-09-28 05:00:00-07:00,2025-09-28 12:00:00+00:00,2025-09-28 05:05:00-07:00,2025-09-28 12:05:00+00:00,REAL_TIME_5_MIN,PGSF_2_PDRP58-APND,AP Node,47.28295,45.26337,0.0,2.01958,0.0
2025-09-28 05:00:00-07:00,2025-09-28 12:00:00+00:00,2025-09-28 05:05:00-07:00,2025-09-28 12:05:00+00:00,REAL_TIME_5_MIN,SNJOSEB_1_N001,Node,47.3636,45.26337,0.0,2.10022,0.0
2025-09-28 05:05:00-07:00,2025-09-28 12:05:00+00:00,2025-09-28 05:10:00-07:00,2025-09-28 12:10:00+00:00,REAL_TIME_5_MIN,OAKLAND_1_N001,Node,42.67199,41.733,0.0,0.93899,0.0
2025-09-28 05:05:00-07:00,2025-09-28 12:05:00+00:00,2025-09-28 05:10:00-07:00,2025-09-28 12:10:00+00:00,REAL_TIME_5_MIN,PGSF_2_PDRP58-APND,AP Node,43.59506,41.733,0.0,1.86206,0.0
2025-09-28 05:05:00-07:00,2025-09-28 12:05:00+00:00,2025-09-28 05:10:00-07:00,2025-09-28 12:10:00+00:00,REAL_TIME_5_MIN,SNJOSEB_1_N001,Node,43.66941,41.733,0.0,1.93641,0.0
2025-09-28 05:10:00-07:00,2025-09-28 12:10:00+00:00,2025-09-28 05:15:00-07:00,2025-09-28 12:15:00+00:00,REAL_TIME_5_MIN,OAKLAND_1_N001,Node,42.25372,41.32394,0.0,0.92979,0.0
2025-09-28 05:10:00-07:00,2025-09-28 12:10:00+00:00,2025-09-28 05:15:00-07:00,2025-09-28 12:15:00+00:00,REAL_TIME_5_MIN,PGSF_2_PDRP58-APND,AP Node,43.16774,41.32394,0.0,1.8438,0.0
2025-09-28 05:10:00-07:00,2025-09-28 12:10:00+00:00,2025-09-28 05:15:00-07:00,2025-09-28 12:15:00+00:00,REAL_TIME_5_MIN,SNJOSEB_1_N001,Node,43.24137,41.32394,0.0,1.91743,0.0
2025-09-28 05:15:00-07:00,2025-09-28 12:15:00+00:00,2025-09-28 05:20:00-07:00,2025-09-28 12:20:00+00:00,REAL_TIME_5_MIN,OAKLAND_1_N001,Node,42.6201,41.67003,0.0,0.95008,0.0
2025-09-28 05:15:00-07:00,2025-09-28 12:15:00+00:00,2025-09-28 05:20:00-07:00,2025-09-28 12:20:00+00:00,REAL_TIME_5_MIN,PGSF_2_PDRP58-APND,AP Node,43.53911,41.67003,0.0,1.86908,0.0
2025-09-28 05:15:00-07:00,2025-09-28 12:15:00+00:00,2025-09-28 05:20:00-07:00,2025-09-28 12:20:00+00:00,REAL_TIME_5_MIN,SNJOSEB_1_N001,Node,43.59518,41.67003,0.0,1.92516,0.0
2025-09-28 05:20:00-07:00,2025-09-28 12:20:00+00:00,2025-09-28 05:25:00-07:00,2025-09-28 12:25:00+00:00,REAL_TIME_5_MIN,OAKLAND_1_N001,Node,42.73576,41.78311,0.0,0.95265,0.0
2025-09-28 05:20:00-07:00,2025-09-28 12:20:00+00:00,2025-09-28 05:25:00-07:00,2025-09-28 12:25:00+00:00,REAL_TIME_5_MIN,PGSF_2_PDRP58-APND,AP Node,43.65726,41.78311,0.0,1.87415,0.0
2025-09-28 05:20:00-07:00,2025-09-28 12:20:00+00:00,2025-09-28 05:25:00-07:00,2025-09-28 12:25:00+00:00,REAL_TIME_5_MIN,SNJOSEB_1_N001,Node,43.71348,41.78311,0.0,1.93038,0.0
2025-09-28 05:25:00-07:00,2025-09-28 12:25:00+00:00,2025-09-28 05:30:00-07:00,2025-09-28 12:30:00+00:00,REAL_TIME_5_MIN,OAKLAND_1_N001,Node,42.59924,41.64963,0.0,0.94961,0.0
2025-09-28 05:25:00-07:00,2025-09-28 12:25:00+00:00,2025-09-28 05:30:00-07:00,2025-09-28 12:30:00+00:00,REAL_TIME_5_MIN,PGSF_2_PDRP58-APND,AP Node,43.5178,41.64963,0.0,1.86817,0.0
2025-09-28 05:25:00-07:00,2025-09-28 12:25:00+00:00,2025-09-28 05:30:00-07:00,2025-09-28 12:30:00+00:00,REAL_TIME_5_MIN,SNJOSEB_1_N001,Node,43.57385,41.64963,0.0,1.92421,0.0
2025-09-28 05:30:00-07:00,2025-09-28 12:30:00+00:00,2025-09-28 05:35:00-07:00,2025-09-28 12:35:00+00:00,REAL_TIME_5_MIN,OAKLAND_1_N001,Node,42.7933,41.72921,0.0,1.06409,0.0
2025-09-28 05:30:00-07:00,2025-09-28 12:30:00+00:00,2025-09-28 05:35:00-07:00,2025-09-28 12:35:00+00:00,REAL_TIME_5_MIN,PGSF_2_PDRP58-APND,AP Node,43.72045,41.72921,0.0,1.99125,0.0
2025-09-28 05:30:00-07:00,2025-09-28 12:30:00+00:00,2025-09-28 05:35:00-07:00,2025-09-28 12:35:00+00:00,REAL_TIME_5_MIN,SNJOSEB_1_N001,Node,43.75725,41.72921,0.0,2.02804,0.0
2025-09-28 05:35:00-07:00,2025-09-28 12:35:00+00:00,2025-09-28 05:40:00-07:00,2025-09-28 12:40:00+00:00,REAL_TIME_5_MIN,OAKLAND_1_N001,Node,43.16125,42.08801,0.0,1.07324,0.0
2025-09-28 05:35:00-07:00,2025-09-28 12:35:00+00:00,2025-09-28 05:40:00-07:00,2025-09-28 12:40:00+00:00,REAL_TIME_5_MIN,PGSF_2_PDRP58-APND,AP Node,44.09637,42.08801,0.0,2.00837,0.0
2025-09-28 05:35:00-07:00,2025-09-28 12:35:00+00:00,2025-09-28 05:40:00-07:00,2025-09-28 12:40:00+00:00,REAL_TIME_5_MIN,SNJOSEB_1_N001,Node,44.13348,42.08801,0.0,2.04548,0.0
2025-09-28 05:40:00-07:00,2025-09-28 12:40:00+00:00,2025-09-28 05:45:00-07:00,2025-09-28 12:45:00+00:00,REAL_TIME_5_MIN,OAKLAND_1_N001,Node,43.07546,42.00435,0.0,1.07111,0.0
2025-09-28 05:40:00-07:00,2025-09-28 12:40:00+00:00,2025-09-28 05:45:00-07:00,2025-09-28 12:45:00+00:00,REAL_TIME_5_MIN,PGSF_2_PDRP58-APND,AP Node,44.00872,42.00435,0.0,2.00438,0.0
2025-09-28 05:40:00-07:00,2025-09-28 12:40:00+00:00,2025-09-28 05:45:00-07:00,2025-09-28 12:45:00+00:00,REAL_TIME_5_MIN,SNJOSEB_1_N001,Node,44.04576,42.00435,0.0,2.04141,0.0
2025-09-28 05:45:00-07:00,2025-09-28 12:45:00+00:00,2025-09-28 05:50:00-07:00,2025-09-28 12:50:00+00:00,REAL_TIME_5_MIN,OAKLAND_1_N001,Node,43.24677,42.25381,0.0,0.99296,0.0
2025-09-28 05:45:00-07:00,2025-09-28 12:45:00+00:00,2025-09-28 05:50:00-07:00,2025-09-28 12:50:00+00:00,REAL_TIME_5_MIN,PGSF_2_PDRP58-APND,AP Node,44.47973,42.25381,0.0,2.22593,0.0
2025-09-28 05:45:00-07:00,2025-09-28 12:45:00+00:00,2025-09-28 05:50:00-07:00,2025-09-28 12:50:00+00:00,REAL_TIME_5_MIN,SNJOSEB_1_N001,Node,44.29467,42.25381,0.0,2.04086,0.0
2025-09-28 05:50:00-07:00,2025-09-28 12:50:00+00:00,2025-09-28 05:55:00-07:00,2025-09-28 12:55:00+00:00,REAL_TIME_5_MIN,OAKLAND_1_N001,Node,43.84936,42.84256,0.0,1.0068,0.0
2025-09-28 05:50:00-07:00,2025-09-28 12:50:00+00:00,2025-09-28 05:55:00-07:00,2025-09-28 12:55:00+00:00,REAL_TIME_5_MIN,PGSF_2_PDRP58-APND,AP Node,45.0995,42.84256,0.0,2.25694,0.0
2025-09-28 05:50:00-07:00,2025-09-28 12:50:00+00:00,2025-09-28 05:55:00-07:00,2025-09-28 12:55:00+00:00,REAL_TIME_5_MIN,SNJOSEB_1_N001,Node,44.91185,42.84256,0.0,2.0693,0.0
2025-09-28 05:55:00-07:00,2025-09-28 12:55:00+00:00,2025-09-28 06:00:00-07:00,2025-09-28 13:00:00+00:00,REAL_TIME_5_MIN,OAKLAND_1_N001,Node,44.08533,43.07311,0.0,1.01222,0.0
2025-09-28 05:55:00-07:00,2025-09-28 12:55:00+00:00,2025-09-28 06:00:00-07:00,2025-09-28 13:00:00+00:00,REAL_TIME_5_MIN,PGSF_2_PDRP58-APND,AP Node,45.3422,43.07311,0.0,2.26909,0.0
2025-09-28 05:55:00-07:00,2025-09-28 12:55:00+00:00,2025-09-28 06:00:00-07:00,2025-09-28 13:00:00+00:00,REAL_TIME_5_MIN,SNJOSEB_1_N001,Node,45.15354,43.07311,0.0,2.08043,0.0
2025-09-28 06:00:00-07:00,2025-09-28 13:00:00+00:00,2025-09-28 06:05:00-07:00,2025-09-28 13:05:00+00:00,REAL_TIME_5_MIN,OAKLAND_1_N001,Node,42.98836,42.11243,0.0,0.87594,0.0
2025-09-28 06:00:00-07:00,2025-09-28 13:00:00+00:00,2025-09-28 06:05:00-07:00,2025-09-28 13:05:00+00:00,REAL_TIME_5_MIN,PGSF_2_PDRP58-APND,AP Node,44.30709,42.11243,0.0,2.19467,0.0
2025-09-28 06:00:00-07:00,2025-09-28 13:00:00+00:00,2025-09-28 06:05:00-07:00,2025-09-28 13:05:00+00:00,REAL_TIME_5_MIN,SNJOSEB_1_N001,Node,44.1254,42.11243,0.0,2.01297,0.0
2025-09-28 06:05:00-07:00,2025-09-28 13:05:00+00:00,2025-09-28 06:10:00-07:00,2025-09-28 13:10:00+00:00,REAL_TIME_5_MIN,OAKLAND_1_N001,Node,43.38268,42.49871,0.0,0.88397,0.0
2025-09-28 06:05:00-07:00,2025-09-28 13:05:00+00:00,2025-09-28 06:10:00-07:00,2025-09-28 13:10:00+00:00,REAL_TIME_5_MIN,PGSF_2_PDRP58-APND,AP Node,44.71351,42.49871,0.0,2.2148,0.0
2025-09-28 06:05:00-07:00,2025-09-28 13:05:00+00:00,2025-09-28 06:10:00-07:00,2025-09-28 13:10:00+00:00,REAL_TIME_5_MIN,SNJOSEB_1_N001,Node,44.53015,42.49871,0.0,2.03144,0.0
2025-09-28 06:10:00-07:00,2025-09-28 13:10:00+00:00,2025-09-28 06:15:00-07:00,2025-09-28 13:15:00+00:00,REAL_TIME_5_MIN,OAKLAND_1_N001,Node,43.83513,42.94194,0.0,0.89319,0.0
2025-09-28 06:10:00-07:00,2025-09-28 13:10:00+00:00,2025-09-28 06:15:00-07:00,2025-09-28 13:15:00+00:00,REAL_TIME_5_MIN,PGSF_2_PDRP58-APND,AP Node,45.17984,42.94194,0.0,2.2379,0.0
2025-09-28 06:10:00-07:00,2025-09-28 13:10:00+00:00,2025-09-28 06:15:00-07:00,2025-09-28 13:15:00+00:00,REAL_TIME_5_MIN,SNJOSEB_1_N001,Node,44.99456,42.94194,0.0,2.05262,0.0
2025-09-28 06:15:00-07:00,2025-09-28 13:15:00+00:00,2025-09-28 06:20:00-07:00,2025-09-28 13:20:00+00:00,REAL_TIME_5_MIN,OAKLAND_1_N001,Node,43.16222,42.24549,0.0,0.91673,0.0
2025-09-28 06:15:00-07:00,2025-09-28 13:15:00+00:00,2025-09-28 06:20:00-07:00,2025-09-28 13:20:00+00:00,REAL_TIME_5_MIN,PGSF_2_PDRP58-APND,AP Node,44.47508,42.24549,0.0,2.22959,0.0
2025-09-28 06:15:00-07:00,2025-09-28 13:15:00+00:00,2025-09-28 06:20:00-07:00,2025-09-28 13:20:00+00:00,REAL_TIME_5_MIN,SNJOSEB_1_N001,Node,44.28595,42.24549,0.0,2.04046,0.0
2025-09-28 06:20:00-07:00,2025-09-28 13:20:00+00:00,2025-09-28 06:25:00-07:00,2025-09-28 13:25:00+00:00,REAL_TIME_5_MIN,OAKLAND_1_N001,Node,43.70322,42.775,0.0,0.92822,0.0
2025-09-28 06:20:00-07:00,2025-09-28 13:20:00+00:00,2025-09-28 06:25:00-07:00,2025-09-28 13:25:00+00:00,REAL_TIME_5_MIN,PGSF_2_PDRP58-APND,AP Node,45.03254,42.775,0.0,2.25754,0.0
2025-09-28 06:20:00-07:00,2025-09-28 13:20:00+00:00,2025-09-28 06:25:00-07:00,2025-09-28 13:25:00+00:00,REAL_TIME_5_MIN,SNJOSEB_1_N001,Node,44.84104,42.775,0.0,2.06603,0.0
2025-09-28 06:25:00-07:00,2025-09-28 13:25:00+00:00,2025-09-28 06:30:00-07:00,2025-09-28 13:30:00+00:00,REAL_TIME_5_MIN,OAKLAND_1_N001,Node,43.87956,42.94759,0.0,0.93196,0.0
2025-09-28 06:25:00-07:00,2025-09-28 13:25:00+00:00,2025-09-28 06:30:00-07:00,2025-09-28 13:30:00+00:00,REAL_TIME_5_MIN,PGSF_2_PDRP58-APND,AP Node,45.21424,42.94759,0.0,2.26665,0.0
2025-09-28 06:25:00-07:00,2025-09-28 13:25:00+00:00,2025-09-28 06:30:00-07:00,2025-09-28 13:30:00+00:00,REAL_TIME_5_MIN,SNJOSEB_1_N001,Node,45.02196,42.94759,0.0,2.07437,0.0
2025-09-28 06:30:00-07:00,2025-09-28 13:30:00+00:00,2025-09-28 06:35:00-07:00,2025-09-28 13:35:00+00:00,REAL_TIME_5_MIN,OAKLAND_1_N001,Node,44.36812,43.28175,0.0,1.08637,0.0
2025-09-28 06:30:00-07:00,2025-09-28 13:30:00+00:00,2025-09-28 06:35:00-07:00,2025-09-28 13:35:00+00:00,REAL_TIME_5_MIN,PGSF_2_PDRP58-APND,AP Node,45.70291,43.28175,0.0,2.42116,0.0
2025-09-28 06:30:00-07:00,2025-09-28 13:30:00+00:00,2025-09-28 06:35:00-07:00,2025-09-28 13:35:00+00:00,REAL_TIME_5_MIN,SNJOSEB_1_N001,Node,45.45882,43.28175,0.0,2.17707,0.0
2025-09-28 06:35:00-07:00,2025-09-28 13:35:00+00:00,2025-09-28 06:40:00-07:00,2025-09-28 13:40:00+00:00,REAL_TIME_5_MIN,OAKLAND_1_N001,Node,44.94596,43.84544,0.0,1.10052,0.0
2025-09-28 06:35:00-07:00,2025-09-28 13:35:00+00:00,2025-09-28 06:40:00-07:00,2025-09-28 13:40:00+00:00,REAL_TIME_5_MIN,PGSF_2_PDRP58-APND,AP Node,46.29814,43.84544,0.0,2.4527,0.0
2025-09-28 06:35:00-07:00,2025-09-28 13:35:00+00:00,2025-09-28 06:40:00-07:00,2025-09-28 13:40:00+00:00,REAL_TIME_5_MIN,SNJOSEB_1_N001,Node,46.05087,43.84544,0.0,2.20543,0.0
2025-09-28 06:40:00-07:00,2025-09-28 13:40:00+00:00,2025-09-28 06:45:00-07:00,2025-09-28 13:45:00+00:00,REAL_TIME_5_MIN,OAKLAND_1_N001,Node,45.05469,43.9515,0.0,1.10318,0.0
2025-09-28 06:40:00-07:00,2025-09-28 13:40:00+00:00,2025-09-28 06:45:00-07:00,2025-09-28 13:45:00+00:00,REAL_TIME_5_MIN,PGSF_2_PDRP58-APND,AP Node,46.41014,43.9515,0.0,2.45863,0.0
2025-09-28 06:40:00-07:00,2025-09-28 13:40:00+00:00,2025-09-28 06:45:00-07:00,2025-09-28 13:45:00+00:00,REAL_TIME_5_MIN,SNJOSEB_1_N001,Node,46.16227,43.9515,0.0,2.21076,0.0
2025-09-28 06:45:00-07:00,2025-09-28 13:45:00+00:00,2025-09-28 06:50:00-07:00,2025-09-28 13:50:00+00:00,REAL_TIME_5_MIN,OAKLAND_1_N001,Node,47.2806,46.09593,0.0,1.18467,0.0
2025-09-28 06:45:00-07:00,2025-09-28 13:45:00+00:00,2025-09-28 06:50:00-07:00,2025-09-28 13:50:00+00:00,REAL_TIME_5_MIN,PGSF_2_PDRP58-APND,AP Node,48.68252,46.09593,0.0,2.58658,0.0
2025-09-28 06:45:00-07:00,2025-09-28 13:45:00+00:00,2025-09-28 06:50:00-07:00,2025-09-28 13:50:00+00:00,REAL_TIME_5_MIN,SNJOSEB_1_N001,Node,48.42378,46.09593,0.0,2.32784,0.0
2025-09-28 06:50:00-07:00,2025-09-28 13:50:00+00:00,2025-09-28 06:55:00-07:00,2025-09-28 13:55:00+00:00,REAL_TIME_5_MIN,OAKLAND_1_N001,Node,49.56694,48.32498,0.0,1.24195,0.0
2025-09-28 06:50:00-07:00,2025-09-28 13:50:00+00:00,2025-09-28 06:55:00-07:00,2025-09-28 13:55:00+00:00,REAL_TIME_5_MIN,PGSF_2_PDRP58-APND,AP Node,51.03665,48.32498,0.0,2.71166,0.0
2025-09-28 06:50:00-07:00,2025-09-28 13:50:00+00:00,2025-09-28 06:55:00-07:00,2025-09-28 13:55:00+00:00,REAL_TIME_5_MIN,SNJOSEB_1_N001,Node,50.7654,48.32498,0.0,2.44041,0.0
2025-09-28 06:55:00-07:00,2025-09-28 13:55:00+00:00,2025-09-28 07:00:00-07:00,2025-09-28 14:00:00+00:00,REAL_TIME_5_MIN,OAKLAND_1_N001,Node,50.39531,49.1326,0.0,1.26271,0.0
2025-09-28 06:55:00-07:00,2025-09-28 13:55:00+00:00,2025-09-28 07:00:00-07:00,2025-09-28 14:00:00+00:00,REAL_TIME_5_MIN,PGSF_2_PDRP58-APND,AP Node,51.88958,49.1326,0.0,2.75698,0.0
2025-09-28 06:55:00-07:00,2025-09-28 13:55:00+00:00,2025-09-28 07:00:00-07:00,2025-09-28 14:00:00+00:00,REAL_TIME_5_MIN,SNJOSEB_1_N001,Node,51.6138,49.1326,0.0,2.4812,0.0
2025-09-28 07:00:00-07:00,2025-09-28 14:00:00+00:00,2025-09-28 07:05:00-07:00,2025-09-28 14:05:00+00:00,REAL_TIME_5_MIN,OAKLAND_1_N001,Node,61.19681,59.05318,0.0,2.14363,0.0
2025-09-28 07:00:00-07:00,2025-09-28 14:00:00+00:00,2025-09-28 07:05:00-07:00,2025-09-28 14:05:00+00:00,REAL_TIME_5_MIN,PGSF_2_PDRP58-APND,AP Node,63.03562,59.05318,0.0,3.98244,0.0
2025-09-28 07:00:00-07:00,2025-09-28 14:00:00+00:00,2025-09-28 07:05:00-07:00,2025-09-28 14:05:00+00:00,REAL_TIME_5_MIN,SNJOSEB_1_N001,Node,62.70267,59.05318,0.0,3.64949,0.0
2025-09-28 07:05:00-07:00,2025-09-28 14:05:00+00:00,2025-09-28 07:10:00-07:00,2025-09-28 14:10:00+00:00,REAL_TIME_5_MIN,OAKLAND_1_N001,Node,57.15778,55.15563,0.0,2.00215,0.0
2025-09-28 07:05:00-07:00,2025-09-28 14:05:00+00:00,2025-09-28 07:10:00-07:00,2025-09-28 14:10:00+00:00,REAL_TIME_5_MIN,PGSF_2_PDRP58-APND,AP Node,58.87523,55.15563,0.0,3.7196,0.0
2025-09-28 07:05:00-07:00,2025-09-28 14:05:00+00:00,2025-09-28 07:10:00-07:00,2025-09-28 14:10:00+00:00,REAL_TIME_5_MIN,SNJOSEB_1_N001,Node,58.56425,55.15563,0.0,3.40862,0.0
2025-09-28 07:10:00-07:00,2025-09-28 14:10:00+00:00,2025-09-28 07:15:00-07:00,2025-09-28 14:15:00+00:00,REAL_TIME_5_MIN,OAKLAND_1_N001,Node,61.00153,58.86474,0.0,2.13679,0.0
2025-09-28 07:10:00-07:00,2025-09-28 14:10:00+00:00,2025-09-28 07:15:00-07:00,2025-09-28 14:15:00+00:00,REAL_TIME_5_MIN,PGSF_2_PDRP58-APND,AP Node,62.83447,58.86474,0.0,3.96973,0.0
2025-09-28 07:10:00-07:00,2025-09-28 14:10:00+00:00,2025-09-28 07:15:00-07:00,2025-09-28 14:15:00+00:00,REAL_TIME_5_MIN,SNJOSEB_1_N001,Node,62.50258,58.86474,0.0,3.63784,0.0
2025-09-28 07:15:00-07:00,2025-09-28 14:15:00+00:00,2025-09-28 07:20:00-07:00,2025-09-28 14:20:00+00:00,REAL_TIME_5_MIN,OAKLAND_1_N001,Node,61.89605,58.97108,0.0,2.92497,0.0
2025-09-28 07:15:00-07:00,2025-09-28 14:15:00+00:00,2025-09-28 07:20:00-07:00,2025-09-28 14:20:00+00:00,REAL_TIME_5_MIN,PGSF_2_PDRP58-APND,AP Node,63.70273,58.97108,0.0,4.73165,0.0
2025-09-28 07:15:00-07:00,2025-09-28 14:15:00+00:00,2025-09-28 07:20:00-07:00,2025-09-28 14:20:00+00:00,REAL_TIME_5_MIN,SNJOSEB_1_N001,Node,63.33494,58.97108,0.0,4.36386,0.0
2025-09-28 07:20:00-07:00,2025-09-28 14:20:00+00:00,2025-09-28 07:25:00-07:00,2025-09-28 14:25:00+00:00,REAL_TIME_5_MIN,OAKLAND_1_N001,Node,57.83915,55.1059,0.0,2.73325,0.0
2025-09-28 07:20:00-07:00,2025-09-28 14:20:00+00:00,2025-09-28 07:25:00-07:00,2025-09-28 14:25:00+00:00,REAL_TIME_5_MIN,PGSF_2_PDRP58-APND,AP Node,59.52742,55.1059,0.0,4.42152,0.0
2025-09-28 07:20:00-07:00,2025-09-28 14:20:00+00:00,2025-09-28 07:25:00-07:00,2025-09-28 14:25:00+00:00,REAL_TIME_5_MIN,SNJOSEB_1_N001,Node,59.18374,55.1059,0.0,4.07784,0.0
2025-09-28 07:25:00-07:00,2025-09-28 14:25:00+00:00,2025-09-28 07:30:00-07:00,2025-09-28 14:30:00+00:00,REAL_TIME_5_MIN,OAKLAND_1_N001,Node,50.59343,48.20259,0.0,2.39085,0.0
2025-09-28 07:25:00-07:00,2025-09-28 14:25:00+00:00,2025-09-28 07:30:00-07:00,2025-09-28 14:30:00+00:00,REAL_TIME_5_MIN,PGSF_2_PDRP58-APND,AP Node,52.0702,48.20259,0.0,3.86762,0.0
2025-09-28 07:25:00-07:00,2025-09-28 14:25:00+00:00,2025-09-28 07:30:00-07:00,2025-09-28 14:30:00+00:00,REAL_TIME_5_MIN,SNJOSEB_1_N001,Node,51.76958,48.20259,0.0,3.56699,0.0
2025-09-28 07:30:00-07:00,2025-09-28 14:30:00+00:00,2025-09-28 07:35:00-07:00,2025-09-28 14:35:00+00:00,REAL_TIME_5_MIN,OAKLAND_1_N001,Node,45.35393,43.1326,0.0,2.22133,0.0
2025-09-28 07:30:00-07:00,2025-09-28 14:30:00+00:00,2025-09-28 07:35:00-07:00,2025-09-28 14:35:00+00:00,REAL_TIME_5_MIN,PGSF_2_PDRP58-APND,AP Node,46.35785,43.1326,0.0,3.22525,0.0
2025-09-28 07:30:00-07:00,2025-09-28 14:30:00+00:00,2025-09-28 07:35:00-07:00,2025-09-28 14:35:00+00:00,REAL_TIME_5_MIN,SNJOSEB_1_N001,Node,46.29854,43.1326,0.0,3.16593,0.0
2025-09-28 07:35:00-07:00,2025-09-28 14:35:00+00:00,2025-09-28 07:40:00-07:00,2025-09-28 14:40:00+00:00,REAL_TIME_5_MIN,OAKLAND_1_N001,Node,42.05552,39.99574,0.0,2.05978,0.0
2025-09-28 07:35:00-07:00,2025-09-28 14:35:00+00:00,2025-09-28 07:40:00-07:00,2025-09-28 14:40:00+00:00,REAL_TIME_5_MIN,PGSF_2_PDRP58-APND,AP Node,42.98643,39.99574,0.0,2.99069,0.0
2025-09-28 07:35:00-07:00,2025-09-28 14:35:00+00:00,2025-09-28 07:40:00-07:00,2025-09-28 14:40:00+00:00,REAL_TIME_5_MIN,SNJOSEB_1_N001,Node,42.93143,39.99574,0.0,2.93569,0.0
2025-09-28 07:40:00-07:00,2025-09-28 14:40:00+00:00,2025-09-28 07:45:00-07:00,2025-09-28 14:45:00+00:00,REAL_TIME_5_MIN,OAKLAND_1_N001,Node,37.39047,35.55917,0.0,1.8313,0.0
2025-09-28 07:40:00-07:00,2025-09-28 14:40:00+00:00,2025-09-28 07:45:00-07:00,2025-09-28 14:45:00+00:00,REAL_TIME_5_MIN,PGSF_2_PDRP58-APND,AP Node,38.21811,35.55917,0.0,2.65894,0.0
2025-09-28 07:40:00-07:00,2025-09-28 14:40:00+00:00,2025-09-28 07:45:00-07:00,2025-09-28 14:45:00+00:00,REAL_TIME_5_MIN,SNJOSEB_1_N001,Node,38.16921,35.55917,0.0,2.61004,0.0
2025-09-28 07:45:00-07:00,2025-09-28 14:45:00+00:00,2025-09-28 07:50:00-07:00,2025-09-28 14:50:00+00:00,REAL_TIME_5_MIN,OAKLAND_1_N001,Node,36.03992,34.10933,0.0,1.93059,0.0
2025-09-28 07:45:00-07:00,2025-09-28 14:45:00+00:00,2025-09-28 07:50:00-07:00,2025-09-28 14:50:00+00:00,REAL_TIME_5_MIN,PGSF_2_PDRP58-APND,AP Node,37.03158,34.10933,0.0,2.92224,0.0
2025-09-28 07:45:00-07:00,2025-09-28 14:45:00+00:00,2025-09-28 07:50:00-07:00,2025-09-28 14:50:00+00:00,REAL_TIME_5_MIN,SNJOSEB_1_N001,Node,36.75622,34.10933,0.0,2.64688,0.0
2025-09-28 07:50:00-07:00,2025-09-28 14:50:00+00:00,2025-09-28 07:55:00-07:00,2025-09-28 14:55:00+00:00,REAL_TIME_5_MIN,OAKLAND_1_N001,Node,31.89701,27.99331,2.31928,1.58442,0.0
2025-09-28 07:50:00-07:00,2025-09-28 14:50:00+00:00,2025-09-28 07:55:00-07:00,2025-09-28 14:55:00+00:00,REAL_TIME_5_MIN,PGSF_2_PDRP58-APND,AP Node,32.75705,27.99331,2.36548,2.39826,0.0
2025-09-28 07:50:00-07:00,2025-09-28 14:50:00+00:00,2025-09-28 07:55:00-07:00,2025-09-28 14:55:00+00:00,REAL_TIME_5_MIN,SNJOSEB_1_N001,Node,32.55735,27.99331,2.39176,2.17228,0.0
2025-09-28 07:55:00-07:00,2025-09-28 14:55:00+00:00,2025-09-28 08:00:00-07:00,2025-09-28 15:00:00+00:00,REAL_TIME_5_MIN,OAKLAND_1_N001,Node,33.53722,26.96012,5.05116,1.52594,0.0
2025-09-28 07:55:00-07:00,2025-09-28 14:55:00+00:00,2025-09-28 08:00:00-07:00,2025-09-28 15:00:00+00:00,REAL_TIME_5_MIN,PGSF_2_PDRP58-APND,AP Node,34.42164,26.96012,5.15178,2.30975,0.0
2025-09-28 07:55:00-07:00,2025-09-28 14:55:00+00:00,2025-09-28 08:00:00-07:00,2025-09-28 15:00:00+00:00,REAL_TIME_5_MIN,SNJOSEB_1_N001,Node,34.26123,26.96012,5.20901,2.09211,0.0
2025-09-28 08:00:00-07:00,2025-09-28 15:00:00+00:00,2025-09-28 08:05:00-07:00,2025-09-28 15:05:00+00:00,REAL_TIME_5_MIN,OAKLAND_1_N001,Node,37.35253,34.63466,0.68481,2.03305,0.0
2025-09-28 08:00:00-07:00,2025-09-28 15:00:00+00:00,2025-09-28 08:05:00-07:00,2025-09-28 15:05:00+00:00,REAL_TIME_5_MIN,PGSF_2_PDRP58-APND,AP Node,38.45959,34.63466,0.69841,3.12652,0.0
2025-09-28 08:00:00-07:00,2025-09-28 15:00:00+00:00,2025-09-28 08:05:00-07:00,2025-09-28 15:05:00+00:00,REAL_TIME_5_MIN,SNJOSEB_1_N001,Node,38.2328,34.63466,0.70615,2.89199,0.0
2025-09-28 08:05:00-07:00,2025-09-28 15:05:00+00:00,2025-09-28 08:10:00-07:00,2025-09-28 15:10:00+00:00,REAL_TIME_5_MIN,OAKLAND_1_N001,Node,37.14318,30.92336,4.40463,1.8152,0.0
2025-09-28 08:05:00-07:00,2025-09-28 15:05:00+00:00,2025-09-28 08:10:00-07:00,2025-09-28 15:10:00+00:00,REAL_TIME_5_MIN,PGSF_2_PDRP58-APND,AP Node,38.20694,30.92336,4.49209,2.79149,0.0
2025-09-28 08:05:00-07:00,2025-09-28 15:05:00+00:00,2025-09-28 08:10:00-07:00,2025-09-28 15:10:00+00:00,REAL_TIME_5_MIN,SNJOSEB_1_N001,Node,38.0473,30.92336,4.54184,2.5821,0.0
2025-09-28 08:10:00-07:00,2025-09-28 15:10:00+00:00,2025-09-28 08:15:00-07:00,2025-09-28 15:15:00+00:00,REAL_TIME_5_MIN,OAKLAND_1_N001,Node,36.07329,27.44795,7.01415,1.61119,0.0
2025-09-28 08:10:00-07:00,2025-09-28 15:10:00+00:00,2025-09-28 08:15:00-07:00,2025-09-28 15:15:00+00:00,REAL_TIME_5_MIN,PGSF_2_PDRP58-APND,AP Node,36.95501,27.44795,7.0293,2.47776,0.0
2025-09-28 08:10:00-07:00,2025-09-28 15:10:00+00:00,2025-09-28 08:15:00-07:00,2025-09-28 15:15:00+00:00,REAL_TIME_5_MIN,SNJOSEB_1_N001,Node,35.1159,27.44795,5.37605,2.2919,0.0
2025-09-28 08:15:00-07:00,2025-09-28 15:15:00+00:00,2025-09-28 08:20:00-07:00,2025-09-28 15:20:00+00:00,REAL_TIME_5_MIN,OAKLAND_1_N001,Node,38.04189,23.43647,13.11486,1.49056,0.0
2025-09-28 08:15:00-07:00,2025-09-28 15:15:00+00:00,2025-09-28 08:20:00-07:00,2025-09-28 15:20:00+00:00,REAL_TIME_5_MIN,PGSF_2_PDRP58-APND,AP Node,38.574,23.43647,12.88686,2.25066,0.0
2025-09-28 08:15:00-07:00,2025-09-28 15:15:00+00:00,2025-09-28 08:20:00-07:00,2025-09-28 15:20:00+00:00,REAL_TIME_5_MIN,SNJOSEB_1_N001,Node,31.81189,23.43647,6.30129,2.07413,0.0
2025-09-28 08:20:00-07:00,2025-09-28 15:20:00+00:00,2025-09-28 08:25:00-07:00,2025-09-28 15:25:00+00:00,REAL_TIME_5_MIN,OAKLAND_1_N001,Node,37.5081,21.90223,14.21289,1.39298,0.0
2025-09-28 08:20:00-07:00,2025-09-28 15:20:00+00:00,2025-09-28 08:25:00-07:00,2025-09-28 15:25:00+00:00,REAL_TIME_5_MIN,PGSF_2_PDRP58-APND,AP Node,38.00403,21.90223,13.99847,2.10333,0.0
2025-09-28 08:20:00-07:00,2025-09-28 15:20:00+00:00,2025-09-28 08:25:00-07:00,2025-09-28 15:25:00+00:00,REAL_TIME_5_MIN,SNJOSEB_1_N001,Node,31.16454,21.90223,7.32396,1.93835,0.0
2025-09-28 08:25:00-07:00,2025-09-28 15:25:00+00:00,2025-09-28 08:30:00-07:00,2025-09-28 15:30:00+00:00,REAL_TIME_5_MIN,OAKLAND_1_N001,Node,41.03084,21.52113,18.14097,1.36874,0.0
2025-09-28 08:25:00-07:00,2025-09-28 15:25:00+00:00,2025-09-28 08:30:00-07:00,2025-09-28 15:30:00+00:00,REAL_TIME_5_MIN,PGSF_2_PDRP58-APND,AP Node,41.91316,21.52113,18.3253,2.06673,0.0
2025-09-28 08:25:00-07:00,2025-09-28 15:25:00+00:00,2025-09-28 08:30:00-07:00,2025-09-28 15:30:00+00:00,REAL_TIME_5_MIN,SNJOSEB_1_N001,Node,32.26218,21.52113,8.83642,1.90462,0.0
2025-09-28 08:30:00-07:00,2025-09-28 15:30:00+00:00,2025-09-28 08:35:00-07:00,2025-09-28 15:35:00+00:00,REAL_TIME_5_MIN,OAKLAND_1_N001,Node,38.54973,21.4484,15.81442,1.2869,0.0
2025-09-28 08:30:00-07:00,2025-09-28 15:30:00+00:00,2025-09-28 08:35:00-07:00,2025-09-28 15:35:00+00:00,REAL_TIME_5_MIN,PGSF_2_PDRP58-APND,AP Node,39.04728,21.4484,15.63937,1.9595,0.0
2025-09-28 08:30:00-07:00,2025-09-28 15:30:00+00:00,2025-09-28 08:35:00-07:00,2025-09-28 15:35:00+00:00,REAL_TIME_5_MIN,SNJOSEB_1_N001,Node,32.22707,21.4484,8.99202,1.78665,0.0
2025-09-28 08:35:00-07:00,2025-09-28 15:35:00+00:00,2025-09-28 08:40:00-07:00,2025-09-28 15:40:00+00:00,REAL_TIME_5_MIN,OAKLAND_1_N001,Node,38.2353,20.32981,16.6857,1.21979,0.0
2025-09-28 08:35:00-07:00,2025-09-28 15:35:00+00:00,2025-09-28 08:40:00-07:00,2025-09-28 15:40:00+00:00,REAL_TIME_5_MIN,PGSF_2_PDRP58-APND,AP Node,38.71686,20.32981,16.52974,1.85731,0.0
2025-09-28 08:35:00-07:00,2025-09-28 15:35:00+00:00,2025-09-28 08:40:00-07:00,2025-09-28 15:40:00+00:00,REAL_TIME_5_MIN,SNJOSEB_1_N001,Node,31.94045,20.32981,9.91717,1.69347,0.0
2025-09-28 08:40:00-07:00,2025-09-28 15:40:00+00:00,2025-09-28 08:45:00-07:00,2025-09-28 15:45:00+00:00,REAL_TIME_5_MIN,OAKLAND_1_N001,Node,38.83317,20.01394,17.61839,1.20084,0.0
2025-09-28 08:40:00-07:00,2025-09-28 15:40:00+00:00,2025-09-28 08:45:00-07:00,2025-09-28 15:45:00+00:00,REAL_TIME_5_MIN,PGSF_2_PDRP58-APND,AP Node,39.25678,20.01394,17.41438,1.82845,0.0
2025-09-28 08:40:00-07:00,2025-09-28 15:40:00+00:00,2025-09-28 08:45:00-07:00,2025-09-28 15:45:00+00:00,REAL_TIME_5_MIN,SNJOSEB_1_N001,Node,31.5644,20.01394,9.88329,1.66716,0.0
2025-09-28 08:45:00-07:00,2025-09-28 15:45:00+00:00,2025-09-28 08:50:00-07:00,2025-09-28 15:50:00+00:00,REAL_TIME_5_MIN,OAKLAND_1_N001,Node,37.43165,18.83287,17.50082,1.09796,0.0
2025-09-28 08:45:00-07:00,2025-09-28 15:45:00+00:00,2025-09-28 08:50:00-07:00,2025-09-28 15:50:00+00:00,REAL_TIME_5_MIN,PGSF_2_PDRP58-APND,AP Node,37.63257,18.83287,17.10672,1.69298,0.0
2025-09-28 08:45:00-07:00,2025-09-28 15:45:00+00:00,2025-09-28 08:50:00-07:00,2025-09-28 15:50:00+00:00,REAL_TIME_5_MIN,SNJOSEB_1_N001,Node,29.29989,18.83287,8.93214,1.53488,0.0
2025-09-28 08:50:00-07:00,2025-09-28 15:50:00+00:00,2025-09-28 08:55:00-07:00,2025-09-28 15:55:00+00:00,REAL_TIME_5_MIN,OAKLAND_1_N001,Node,37.49413,18.24839,18.18186,1.06388,0.0
2025-09-28 08:50:00-07:00,2025-09-28 15:50:00+00:00,2025-09-28 08:55:00-07:00,2025-09-28 15:55:00+00:00,REAL_TIME_5_MIN,PGSF_2_PDRP58-APND,AP Node,37.68564,18.24839,17.79681,1.64044,0.0
2025-09-28 08:50:00-07:00,2025-09-28 15:50:00+00:00,2025-09-28 08:55:00-07:00,2025-09-28 15:55:00+00:00,REAL_TIME_5_MIN,SNJOSEB_1_N001,Node,28.76813,18.24839,9.0325,1.48724,0.0
2025-09-28 08:55:00-07:00,2025-09-28 15:55:00+00:00,2025-09-28 09:00:00-07:00,2025-09-28 16:00:00+00:00,REAL_TIME_5_MIN,OAKLAND_1_N001,Node,37.85697,17.91063,18.90216,1.04419,0.0
2025-09-28 08:55:00-07:00,2025-09-28 15:55:00+00:00,2025-09-28 09:00:00-07:00,2025-09-28 16:00:00+00:00,REAL_TIME_5_MIN,PGSF_2_PDRP58-APND,AP Node,38.0432,17.91063,18.52249,1.61008,0.0
2025-09-28 08:55:00-07:00,2025-09-28 15:55:00+00:00,2025-09-28 09:00:00-07:00,2025-09-28 16:00:00+00:00,REAL_TIME_5_MIN,SNJOSEB_1_N001,Node,28.31047,17.91063,8.94012,1.45972,0.0
2025-09-28 09:00:00-07:00,2025-09-28 16:00:00+00:00,2025-09-28 09:05:00-07:00,2025-09-28 16:05:00+00:00,REAL_TIME_5_MIN,OAKLAND_1_N001,Node,41.17458,21.72559,18.21498,1.23401,0.0
2025-09-28 09:00:00-07:00,2025-09-28 16:00:00+00:00,2025-09-28 09:05:00-07:00,2025-09-28 16:05:00+00:00,REAL_TIME_5_MIN,PGSF_2_PDRP58-APND,AP Node,43.99332,21.72559,20.58843,1.67929,0.0
2025-09-28 09:00:00-07:00,2025-09-28 16:00:00+00:00,2025-09-28 09:05:00-07:00,2025-09-28 16:05:00+00:00,REAL_TIME_5_MIN,SNJOSEB_1_N001,Node,42.5629,21.72559,19.07971,1.7576,0.0
2025-09-28 09:05:00-07:00,2025-09-28 16:05:00+00:00,2025-09-28 09:10:00-07:00,2025-09-28 16:10:00+00:00,REAL_TIME_5_MIN,OAKLAND_1_N001,Node,40.81989,21.08032,18.54221,1.19736,0.0
2025-09-28 09:05:00-07:00,2025-09-28 16:05:00+00:00,2025-09-28 09:10:00-07:00,2025-09-28 16:10:00+00:00,REAL_TIME_5_MIN,PGSF_2_PDRP58-APND,AP Node,43.77055,21.08032,21.06082,1.62941,0.0
2025-09-28 09:05:00-07:00,2025-09-28 16:05:00+00:00,2025-09-28 09:10:00-07:00,2025-09-28 16:10:00+00:00,REAL_TIME_5_MIN,SNJOSEB_1_N001,Node,42.52752,21.08032,19.74181,1.7054,0.0
2025-09-28 09:10:00-07:00,2025-09-28 16:10:00+00:00,2025-09-28 09:15:00-07:00,2025-09-28 16:15:00+00:00,REAL_TIME_5_MIN,OAKLAND_1_N001,Node,40.20657,20.77264,18.25405,1.17989,0.0
2025-09-28 09:10:00-07:00,2025-09-28 16:10:00+00:00,2025-09-28 09:15:00-07:00,2025-09-28 16:15:00+00:00,REAL_TIME_5_MIN,PGSF_2_PDRP58-APND,AP Node,42.63883,20.77264,20.26057,1.60563,0.0
2025-09-28 09:10:00-07:00,2025-09-28 16:10:00+00:00,2025-09-28 09:15:00-07:00,2025-09-28 16:15:00+00:00,REAL_TIME_5_MIN,SNJOSEB_1_N001,Node,40.36996,20.77264,17.91682,1.68051,0.0
2025-09-28 09:15:00-07:00,2025-09-28 16:15:00+00:00,2025-09-28 09:20:00-07:00,2025-09-28 16:20:00+00:00,REAL_TIME_5_MIN,OAKLAND_1_N001,Node,40.64444,19.68212,19.84634,1.11598,0.0
2025-09-28 09:15:00-07:00,2025-09-28 16:15:00+00:00,2025-09-28 09:20:00-07:00,2025-09-28 16:20:00+00:00,REAL_TIME_5_MIN,PGSF_2_PDRP58-APND,AP Node,44.93416,19.68212,23.72089,1.53115,0.0
2025-09-28 09:15:00-07:00,2025-09-28 16:15:00+00:00,2025-09-28 09:20:00-07:00,2025-09-28 16:20:00+00:00,REAL_TIME_5_MIN,SNJOSEB_1_N001,Node,47.34827,19.68212,26.06599,1.60016,0.0
2025-09-28 09:20:00-07:00,2025-09-28 16:20:00+00:00,2025-09-28 09:25:00-07:00,2025-09-28 16:25:00+00:00,REAL_TIME_5_MIN,OAKLAND_1_N001,Node,41.21865,19.88929,20.20164,1.12772,0.0
2025-09-28 09:20:00-07:00,2025-09-28 16:20:00+00:00,2025-09-28 09:25:00-07:00,2025-09-28 16:25:00+00:00,REAL_TIME_5_MIN,PGSF_2_PDRP58-APND,AP Node,45.50032,19.88929,24.06376,1.54727,0.0
2025-09-28 09:20:00-07:00,2025-09-28 16:20:00+00:00,2025-09-28 09:25:00-07:00,2025-09-28 16:25:00+00:00,REAL_TIME_5_MIN,SNJOSEB_1_N001,Node,47.69626,19.88929,26.18997,1.617,0.0
2025-09-28 09:25:00-07:00,2025-09-28 16:25:00+00:00,2025-09-28 09:30:00-07:00,2025-09-28 16:30:00+00:00,REAL_TIME_5_MIN,OAKLAND_1_N001,Node,41.2468,19.90962,20.2083,1.12888,0.0
2025-09-28 09:25:00-07:00,2025-09-28 16:25:00+00:00,2025-09-28 09:30:00-07:00,2025-09-28 16:30:00+00:00,REAL_TIME_5_MIN,PGSF_2_PDRP58-APND,AP Node,45.37726,19.90962,23.91878,1.54885,0.0
2025-09-28 09:25:00-07:00,2025-09-28 16:25:00+00:00,2025-09-28 09:30:00-07:00,2025-09-28 16:30:00+00:00,REAL_TIME_5_MIN,SNJOSEB_1_N001,Node,47.27382,19.90962,25.74555,1.61865,0.0
2025-09-28 09:30:00-07:00,2025-09-28 16:30:00+00:00,2025-09-28 09:35:00-07:00,2025-09-28 16:35:00+00:00,REAL_TIME_5_MIN,OAKLAND_1_N001,Node,41.53338,19.89717,20.49411,1.1421,0.0
2025-09-28 09:30:00-07:00,2025-09-28 16:30:00+00:00,2025-09-28 09:35:00-07:00,2025-09-28 16:35:00+00:00,REAL_TIME_5_MIN,PGSF_2_PDRP58-APND,AP Node,44.57038,19.89717,23.1457,1.52751,0.0
2025-09-28 09:30:00-07:00,2025-09-28 16:30:00+00:00,2025-09-28 09:35:00-07:00,2025-09-28 16:35:00+00:00,REAL_TIME_5_MIN,SNJOSEB_1_N001,Node,44.35166,19.89717,22.86272,1.59177,0.0
2025-09-28 09:35:00-07:00,2025-09-28 16:35:00+00:00,2025-09-28 09:40:00-07:00,2025-09-28 16:40:00+00:00,REAL_TIME_5_MIN,OAKLAND_1_N001,Node,41.53773,19.88184,20.51467,1.14122,0.0
2025-09-28 09:35:00-07:00,2025-09-28 16:35:00+00:00,2025-09-28 09:40:00-07:00,2025-09-28 16:40:00+00:00,REAL_TIME_5_MIN,PGSF_2_PDRP58-APND,AP Node,44.25963,19.88184,22.85145,1.52634,0.0
2025-09-28 09:35:00-07:00,2025-09-28 16:35:00+00:00,2025-09-28 09:40:00-07:00,2025-09-28 16:40:00+00:00,REAL_TIME_5_MIN,SNJOSEB_1_N001,Node,43.37322,19.88184,21.90083,1.59055,0.0
2025-09-28 09:40:00-07:00,2025-09-28 16:40:00+00:00,2025-09-28 09:45:00-07:00,2025-09-28 16:45:00+00:00,REAL_TIME_5_MIN,OAKLAND_1_N001,Node,48.12049,20.4188,25.85991,1.84178,0.0
2025-09-28 09:40:00-07:00,2025-09-28 16:40:00+00:00,2025-09-28 09:45:00-07:00,2025-09-28 16:45:00+00:00,REAL_TIME_5_MIN,PGSF_2_PDRP58-APND,AP Node,53.88865,20.4188,31.37877,2.09107,0.0
2025-09-28 09:40:00-07:00,2025-09-28 16:40:00+00:00,2025-09-28 09:45:00-07:00,2025-09-28 16:45:00+00:00,REAL_TIME_5_MIN,SNJOSEB_1_N001,Node,57.57498,20.4188,35.01833,2.13785,0.0
2025-09-28 09:45:00-07:00,2025-09-28 16:45:00+00:00,2025-09-28 09:50:00-07:00,2025-09-28 16:50:00+00:00,REAL_TIME_5_MIN,OAKLAND_1_N001,Node,45.93548,19.53403,24.64534,1.75611,0.0
2025-09-28 09:45:00-07:00,2025-09-28 16:45:00+00:00,2025-09-28 09:50:00-07:00,2025-09-28 16:50:00+00:00,REAL_TIME_5_MIN,PGSF_2_PDRP58-APND,AP Node,50.73706,19.53403,29.19282,2.01021,0.0
2025-09-28 09:45:00-07:00,2025-09-28 16:45:00+00:00,2025-09-28 09:50:00-07:00,2025-09-28 16:50:00+00:00,REAL_TIME_5_MIN,SNJOSEB_1_N001,Node,52.29371,19.53403,30.71447,2.04521,0.0
2025-09-28 09:50:00-07:00,2025-09-28 16:50:00+00:00,2025-09-28 09:55:00-07:00,2025-09-28 16:55:00+00:00,REAL_TIME_5_MIN,OAKLAND_1_N001,Node,45.17852,19.08048,24.3827,1.71534,0.0
2025-09-28 09:50:00-07:00,2025-09-28 16:50:00+00:00,2025-09-28 09:55:00-07:00,2025-09-28 16:55:00+00:00,REAL_TIME_5_MIN,PGSF_2_PDRP58-APND,AP Node,50.12129,19.08048,29.07727,1.96353,0.0
2025-09-28 09:50:00-07:00,2025-09-28 16:50:00+00:00,2025-09-28 09:55:00-07:00,2025-09-28 16:55:00+00:00,REAL_TIME_5_MIN,SNJOSEB_1_N001,Node,52.52387,19.08048,31.44566,1.99773,0.0
2025-09-28 09:55:00-07:00,2025-09-28 16:55:00+00:00,2025-09-28 10:00:00-07:00,2025-09-28 17:00:00+00:00,REAL_TIME_5_MIN,OAKLAND_1_N001,Node,45.10968,19.01233,24.38814,1.70921,0.0
2025-09-28 09:55:00-07:00,2025-09-28 16:55:00+00:00,2025-09-28 10:00:00-07:00,2025-09-28 17:00:00+00:00,REAL_TIME_5_MIN,PGSF_2_PDRP58-APND,AP Node,50.01118,19.01233,29.04233,1.95652,0.0
2025-09-28 09:55:00-07:00,2025-09-28 16:55:00+00:00,2025-09-28 10:00:00-07:00,2025-09-28 17:00:00+00:00,REAL_TIME_5_MIN,SNJOSEB_1_N001,Node,52.0024,19.01233,30.99949,1.99059,0.0
2025-09-28 10:00:00-07:00,2025-09-28 17:00:00+00:00,2025-09-28 10:05:00-07:00,2025-09-28 17:05:00+00:00,REAL_TIME_5_MIN,OAKLAND_1_N001,Node,49.12067,20.70076,26.55891,1.861,0.0
2025-09-28 10:00:00-07:00,2025-09-28 17:00:00+00:00,2025-09-28 10:05:00-07:00,2025-09-28 17:05:00+00:00,REAL_TIME_5_MIN,PGSF_2_PDRP58-APND,AP Node,55.66443,20.70076,32.8334,2.13027,0.0
2025-09-28 10:00:00-07:00,2025-09-28 17:00:00+00:00,2025-09-28 10:05:00-07:00,2025-09-28 17:05:00+00:00,REAL_TIME_5_MIN,SNJOSEB_1_N001,Node,61.6264,20.70076,38.75828,2.16737,0.0
2025-09-28 10:05:00-07:00,2025-09-28 17:05:00+00:00,2025-09-28 10:10:00-07:00,2025-09-28 17:10:00+00:00,REAL_TIME_5_MIN,OAKLAND_1_N001,Node,48.69727,19.48998,27.45514,1.75215,0.0
2025-09-28 10:05:00-07:00,2025-09-28 17:05:00+00:00,2025-09-28 10:10:00-07:00,2025-09-28 17:10:00+00:00,REAL_TIME_5_MIN,PGSF_2_PDRP58-APND,AP Node,55.08484,19.48998,33.58918,2.00567,0.0
2025-09-28 10:05:00-07:00,2025-09-28 17:05:00+00:00,2025-09-28 10:10:00-07:00,2025-09-28 17:10:00+00:00,REAL_TIME_5_MIN,SNJOSEB_1_N001,Node,60.8455,19.48998,39.31492,2.0406,0.0
2025-09-28 10:10:00-07:00,2025-09-28 17:10:00+00:00,2025-09-28 10:15:00-07:00,2025-09-28 17:15:00+00:00,REAL_TIME_5_MIN,OAKLAND_1_N001,Node,47.13183,19.00963,26.41323,1.70897,0.0
2025-09-28 10:10:00-07:00,2025-09-28 17:10:00+00:00,2025-09-28 10:15:00-07:00,2025-09-28 17:15:00+00:00,REAL_TIME_5_MIN,PGSF_2_PDRP58-APND,AP Node,53.20069,19.00963,32.23482,1.95624,0.0
2025-09-28 10:10:00-07:00,2025-09-28 17:10:00+00:00,2025-09-28 10:15:00-07:00,2025-09-28 17:15:00+00:00,REAL_TIME_5_MIN,SNJOSEB_1_N001,Node,58.43877,19.00963,37.43883,1.99031,0.0
2025-09-28 10:15:00-07:00,2025-09-28 17:15:00+00:00,2025-09-28 10:20:00-07:00,2025-09-28 17:20:00+00:00,REAL_TIME_5_MIN,OAKLAND_1_N001,Node,35.91873,18.42726,16.39689,1.09458,0.0
2025-09-28 10:15:00-07:00,2025-09-28 17:15:00+00:00,2025-09-28 10:20:00-07:00,2025-09-28 17:20:00+00:00,REAL_TIME_5_MIN,PGSF_2_PDRP58-APND,AP Node,36.11544,18.42726,15.9311,1.75707,0.0
2025-09-28 10:15:00-07:00,2025-09-28 17:15:00+00:00,2025-09-28 10:20:00-07:00,2025-09-28 17:20:00+00:00,REAL_TIME_5_MIN,SNJOSEB_1_N001,Node,30.29925,18.42726,10.26882,1.60317,0.0
2025-09-28 10:20:00-07:00,2025-09-28 17:20:00+00:00,2025-09-28 10:25:00-07:00,2025-09-28 17:25:00+00:00,REAL_TIME_5_MIN,OAKLAND_1_N001,Node,35.64724,18.3354,16.22272,1.08912,0.0
2025-09-28 10:20:00-07:00,2025-09-28 17:20:00+00:00,2025-09-28 10:25:00-07:00,2025-09-28 17:25:00+00:00,REAL_TIME_5_MIN,PGSF_2_PDRP58-APND,AP Node,35.84093,18.3354,15.75722,1.74832,0.0
2025-09-28 10:20:00-07:00,2025-09-28 17:20:00+00:00,2025-09-28 10:25:00-07:00,2025-09-28 17:25:00+00:00,REAL_TIME_5_MIN,SNJOSEB_1_N001,Node,30.04437,18.3354,10.11378,1.59518,0.0
2025-09-28 10:25:00-07:00,2025-09-28 17:25:00+00:00,2025-09-28 10:30:00-07:00,2025-09-28 17:30:00+00:00,REAL_TIME_5_MIN,OAKLAND_1_N001,Node,35.82473,18.74812,15.96297,1.11364,0.0
2025-09-28 10:25:00-07:00,2025-09-28 17:25:00+00:00,2025-09-28 10:30:00-07:00,2025-09-28 17:30:00+00:00,REAL_TIME_5_MIN,PGSF_2_PDRP58-APND,AP Node,36.02577,18.74812,15.48998,1.78767,0.0
2025-09-28 10:25:00-07:00,2025-09-28 17:25:00+00:00,2025-09-28 10:30:00-07:00,2025-09-28 17:30:00+00:00,REAL_TIME_5_MIN,SNJOSEB_1_N001,Node,30.21564,18.74812,9.83643,1.63109,0.0
2025-09-28 10:30:00-07:00,2025-09-28 17:30:00+00:00,2025-09-28 10:35:00-07:00,2025-09-28 17:35:00+00:00,REAL_TIME_5_MIN,OAKLAND_1_N001,Node,36.12937,18.60437,16.35478,1.17021,0.0
2025-09-28 10:30:00-07:00,2025-09-28 17:30:00+00:00,2025-09-28 10:35:00-07:00,2025-09-28 17:35:00+00:00,REAL_TIME_5_MIN,PGSF_2_PDRP58-APND,AP Node,36.53551,18.60437,16.14413,1.78701,0.0
2025-09-28 10:30:00-07:00,2025-09-28 17:30:00+00:00,2025-09-28 10:35:00-07:00,2025-09-28 17:35:00+00:00,REAL_TIME_5_MIN,SNJOSEB_1_N001,Node,30.68424,18.60437,10.47245,1.60742,0.0
2025-09-28 10:35:00-07:00,2025-09-28 17:35:00+00:00,2025-09-28 10:40:00-07:00,2025-09-28 17:40:00+00:00,REAL_TIME_5_MIN,OAKLAND_1_N001,Node,36.84447,19.00989,16.63886,1.19572,0.0
2025-09-28 10:35:00-07:00,2025-09-28 17:35:00+00:00,2025-09-28 10:40:00-07:00,2025-09-28 17:40:00+00:00,REAL_TIME_5_MIN,PGSF_2_PDRP58-APND,AP Node,37.26358,19.00989,16.42773,1.82596,0.0
2025-09-28 10:35:00-07:00,2025-09-28 17:35:00+00:00,2025-09-28 10:40:00-07:00,2025-09-28 17:40:00+00:00,REAL_TIME_5_MIN,SNJOSEB_1_N001,Node,31.47027,19.00989,10.81793,1.64245,0.0
2025-09-28 10:40:00-07:00,2025-09-28 17:40:00+00:00,2025-09-28 10:45:00-07:00,2025-09-28 17:45:00+00:00,REAL_TIME_5_MIN,OAKLAND_1_N001,Node,36.89896,18.95308,16.75373,1.19215,0.0
2025-09-28 10:40:00-07:00,2025-09-28 17:40:00+00:00,2025-09-28 10:45:00-07:00,2025-09-28 17:45:00+00:00,REAL_TIME_5_MIN,PGSF_2_PDRP58-APND,AP Node,37.31782,18.95308,16.54423,1.82051,0.0
2025-09-28 10:40:00-07:00,2025-09-28 17:40:00+00:00,2025-09-28 10:45:00-07:00,2025-09-28 17:45:00+00:00,REAL_TIME_5_MIN,SNJOSEB_1_N001,Node,31.52054,18.95308,10.92991,1.63755,0.0
2025-09-28 10:45:00-07:00,2025-09-28 17:45:00+00:00,2025-09-28 10:50:00-07:00,2025-09-28 17:50:00+00:00,REAL_TIME_5_MIN,OAKLAND_1_N001,Node,37.39246,19.22582,16.9881,1.17854,0.0
2025-09-28 10:45:00-07:00,2025-09-28 17:45:00+00:00,2025-09-28 10:50:00-07:00,2025-09-28 17:50:00+00:00,REAL_TIME_5_MIN,PGSF_2_PDRP58-APND,AP Node,37.81233,19.22582,16.77703,1.80948,0.0
2025-09-28 10:45:00-07:00,2025-09-28 17:45:00+00:00,2025-09-28 10:50:00-07:00,2025-09-28 17:50:00+00:00,REAL_TIME_5_MIN,SNJOSEB_1_N001,Node,32.19749,19.22582,11.34709,1.62458,0.0
2025-09-28 10:50:00-07:00,2025-09-28 17:50:00+00:00,2025-09-28 10:55:00-07:00,2025-09-28 17:55:00+00:00,REAL_TIME_5_MIN,OAKLAND_1_N001,Node,37.48505,18.22183,18.14622,1.117,0.0
2025-09-28 10:50:00-07:00,2025-09-28 17:50:00+00:00,2025-09-28 10:55:00-07:00,2025-09-28 17:55:00+00:00,REAL_TIME_5_MIN,PGSF_2_PDRP58-APND,AP Node,37.89172,18.22183,17.9549,1.71499,0.0
2025-09-28 10:50:00-07:00,2025-09-28 17:50:00+00:00,2025-09-28 10:55:00-07:00,2025-09-28 17:55:00+00:00,REAL_TIME_5_MIN,SNJOSEB_1_N001,Node,32.32323,18.22183,12.56165,1.53974,0.0
2025-09-28 10:55:00-07:00,2025-09-28 17:55:00+00:00,2025-09-28 11:00:00-07:00,2025-09-28 18:00:00+00:00,REAL_TIME_5_MIN,OAKLAND_1_N001,Node,37.786,17.87549,18.81474,1.09577,0.0
2025-09-28 10:55:00-07:00,2025-09-28 17:55:00+00:00,2025-09-28 11:00:00-07:00,2025-09-28 18:00:00+00:00,REAL_TIME_5_MIN,PGSF_2_PDRP58-APND,AP Node,38.19104,17.87549,18.63316,1.68239,0.0
2025-09-28 10:55:00-07:00,2025-09-28 17:55:00+00:00,2025-09-28 11:00:00-07:00,2025-09-28 18:00:00+00:00,REAL_TIME_5_MIN,SNJOSEB_1_N001,Node,32.68073,17.87549,13.29476,1.51048,0.0
2025-09-28 11:00:00-07:00,2025-09-28 18:00:00+00:00,2025-09-28 11:05:00-07:00,2025-09-28 18:05:00+00:00,REAL_TIME_5_MIN,OAKLAND_1_N001,Node,37.17434,19.40983,16.63874,1.12577,0.0
2025-09-28 11:00:00-07:00,2025-09-28 18:00:00+00:00,2025-09-28 11:05:00-07:00,2025-09-28 18:05:00+00:00,REAL_TIME_5_MIN,PGSF_2_PDRP58-APND,AP Node,37.45309,19.40983,16.20802,1.83524,0.0
2025-09-28 11:00:00-07:00,2025-09-28 18:00:00+00:00,2025-09-28 11:05:00-07:00,2025-09-28 18:05:00+00:00,REAL_TIME_5_MIN,SNJOSEB_1_N001,Node,31.30168,19.40983,10.19154,1.7003,0.0
2025-09-28 11:05:00-07:00,2025-09-28 18:05:00+00:00,2025-09-28 11:10:00-07:00,2025-09-28 18:10:00+00:00,REAL_TIME_5_MIN,OAKLAND_1_N001,Node,36.8783,18.99685,16.77963,1.10182,0.0
2025-09-28 11:05:00-07:00,2025-09-28 18:05:00+00:00,2025-09-28 11:10:00-07:00,2025-09-28 18:10:00+00:00,REAL_TIME_5_MIN,PGSF_2_PDRP58-APND,AP Node,37.09991,18.99685,16.30687,1.79619,0.0
2025-09-28 11:05:00-07:00,2025-09-28 18:05:00+00:00,2025-09-28 11:10:00-07:00,2025-09-28 18:10:00+00:00,REAL_TIME_5_MIN,SNJOSEB_1_N001,Node,30.52507,18.99685,9.8641,1.66412,0.0
2025-09-28 11:10:00-07:00,2025-09-28 18:10:00+00:00,2025-09-28 11:15:00-07:00,2025-09-28 18:15:00+00:00,REAL_TIME_5_MIN,OAKLAND_1_N001,Node,37.33666,19.34087,16.87402,1.12177,0.0
2025-09-28 11:10:00-07:00,2025-09-28 18:10:00+00:00,2025-09-28 11:15:00-07:00,2025-09-28 18:15:00+00:00,REAL_TIME_5_MIN,PGSF_2_PDRP58-APND,AP Node,37.60945,19.34087,16.43987,1.82872,0.0
2025-09-28 11:10:00-07:00,2025-09-28 18:10:00+00:00,2025-09-28 11:15:00-07:00,2025-09-28 18:15:00+00:00,REAL_TIME_5_MIN,SNJOSEB_1_N001,Node,31.48293,19.34087,10.44781,1.69426,0.0
2025-09-28 11:15:00-07:00,2025-09-28 18:15:00+00:00,2025-09-28 11:20:00-07:00,2025-09-28 18:20:00+00:00,REAL_TIME_5_MIN,OAKLAND_1_N001,Node,36.6814,18.76675,16.83743,1.07721,0.0
2025-09-28 11:15:00-07:00,2025-09-28 18:15:00+00:00,2025-09-28 11:20:00-07:00,2025-09-28 18:20:00+00:00,REAL_TIME_5_MIN,PGSF_2_PDRP58-APND,AP Node,36.96398,18.76675,16.44036,1.75687,0.0
2025-09-28 11:15:00-07:00,2025-09-28 18:15:00+00:00,2025-09-28 11:20:00-07:00,2025-09-28 18:20:00+00:00,REAL_TIME_5_MIN,SNJOSEB_1_N001,Node,30.24906,18.76675,9.84772,1.63458,0.0
2025-09-28 11:20:00-07:00,2025-09-28 18:20:00+00:00,2025-09-28 11:25:00-07:00,2025-09-28 18:25:00+00:00,REAL_TIME_5_MIN,OAKLAND_1_N001,Node,36.8445,16.17989,19.73589,0.92873,0.0
2025-09-28 11:20:00-07:00,2025-09-28 18:20:00+00:00,2025-09-28 11:25:00-07:00,2025-09-28 18:25:00+00:00,REAL_TIME_5_MIN,PGSF_2_PDRP58-APND,AP Node,37.10526,16.17989,19.41068,1.51469,0.0
2025-09-28 11:20:00-07:00,2025-09-28 18:20:00+00:00,2025-09-28 11:25:00-07:00,2025-09-28 18:25:00+00:00,REAL_TIME_5_MIN,SNJOSEB_1_N001,Node,30.74199,16.17989,13.15283,1.40927,0.0
2025-09-28 11:25:00-07:00,2025-09-28 18:25:00+00:00,2025-09-28 11:30:00-07:00,2025-09-28 18:30:00+00:00,REAL_TIME_5_MIN,OAKLAND_1_N001,Node,36.79615,17.12046,18.69297,0.98271,0.0
2025-09-28 11:25:00-07:00,2025-09-28 18:25:00+00:00,2025-09-28 11:30:00-07:00,2025-09-28 18:30:00+00:00,REAL_TIME_5_MIN,PGSF_2_PDRP58-APND,AP Node,37.06604,17.12046,18.34283,1.60275,0.0
2025-09-28 11:25:00-07:00,2025-09-28 18:25:00+00:00,2025-09-28 11:30:00-07:00,2025-09-28 18:30:00+00:00,REAL_TIME_5_MIN,SNJOSEB_1_N001,Node,30.63741,17.12046,12.02576,1.49119,0.0
2025-09-28 11:30:00-07:00,2025-09-28 18:30:00+00:00,2025-09-28 11:35:00-07:00,2025-09-28 18:35:00+00:00,REAL_TIME_5_MIN,OAKLAND_1_N001,Node,37.71723,19.22237,17.35498,1.13989,0.0
2025-09-28 11:30:00-07:00,2025-09-28 18:30:00+00:00,2025-09-28 11:35:00-07:00,2025-09-28 18:35:00+00:00,REAL_TIME_5_MIN,PGSF_2_PDRP58-APND,AP Node,38.12058,19.22237,17.09867,1.79955,0.0
2025-09-28 11:30:00-07:00,2025-09-28 18:30:00+00:00,2025-09-28 11:35:00-07:00,2025-09-28 18:35:00+00:00,REAL_TIME_5_MIN,SNJOSEB_1_N001,Node,31.55133,19.22237,10.69506,1.6339,0.0
2025-09-28 11:35:00-07:00,2025-09-28 18:35:00+00:00,2025-09-28 11:40:00-07:00,2025-09-28 18:40:00+00:00,REAL_TIME_5_MIN,OAKLAND_1_N001,Node,38.45849,19.27244,18.04319,1.14286,0.0
2025-09-28 11:35:00-07:00,2025-09-28 18:35:00+00:00,2025-09-28 11:40:00-07:00,2025-09-28 18:40:00+00:00,REAL_TIME_5_MIN,PGSF_2_PDRP58-APND,AP Node,38.85419,19.27244,17.77751,1.80423,0.0
2025-09-28 11:35:00-07:00,2025-09-28 18:35:00+00:00,2025-09-28 11:40:00-07:00,2025-09-28 18:40:00+00:00,REAL_TIME_5_MIN,SNJOSEB_1_N001,Node,32.35606,19.27244,11.44546,1.63816,0.0
2025-09-28 11:40:00-07:00,2025-09-28 18:40:00+00:00,2025-09-28 11:45:00-07:00,2025-09-28 18:45:00+00:00,REAL_TIME_5_MIN,OAKLAND_1_N001,Node,38.48776,19.99438,17.30771,1.18567,0.0
2025-09-28 11:40:00-07:00,2025-09-28 18:40:00+00:00,2025-09-28 11:45:00-07:00,2025-09-28 18:45:00+00:00,REAL_TIME_5_MIN,PGSF_2_PDRP58-APND,AP Node,38.94198,19.99438,17.07578,1.87182,0.0
2025-09-28 11:40:00-07:00,2025-09-28 18:40:00+00:00,2025-09-28 11:45:00-07:00,2025-09-28 18:45:00+00:00,REAL_TIME_5_MIN,SNJOSEB_1_N001,Node,32.77259,19.99438,11.07869,1.69952,0.0
2025-09-28 11:45:00-07:00,2025-09-28 18:45:00+00:00,2025-09-28 11:50:00-07:00,2025-09-28 18:50:00+00:00,REAL_TIME_5_MIN,OAKLAND_1_N001,Node,38.45053,19.66719,17.64658,1.13676,0.0
2025-09-28 11:45:00-07:00,2025-09-28 18:45:00+00:00,2025-09-28 11:50:00-07:00,2025-09-28 18:50:00+00:00,REAL_TIME_5_MIN,PGSF_2_PDRP58-APND,AP Node,38.55089,19.66719,17.08968,1.79402,0.0
2025-09-28 11:45:00-07:00,2025-09-28 18:45:00+00:00,2025-09-28 11:50:00-07:00,2025-09-28 18:50:00+00:00,REAL_TIME_5_MIN,SNJOSEB_1_N001,Node,32.132,19.66719,10.83047,1.63434,0.0
2025-09-28 11:50:00-07:00,2025-09-28 18:50:00+00:00,2025-09-28 11:55:00-07:00,2025-09-28 18:55:00+00:00,REAL_TIME_5_MIN,OAKLAND_1_N001,Node,38.76804,19.78101,17.84368,1.14334,0.0
2025-09-28 11:50:00-07:00,2025-09-28 18:50:00+00:00,2025-09-28 11:55:00-07:00,2025-09-28 18:55:00+00:00,REAL_TIME_5_MIN,PGSF_2_PDRP58-APND,AP Node,38.83595,19.78101,17.25054,1.8044,0.0
2025-09-28 11:50:00-07:00,2025-09-28 18:50:00+00:00,2025-09-28 11:55:00-07:00,2025-09-28 18:55:00+00:00,REAL_TIME_5_MIN,SNJOSEB_1_N001,Node,32.42158,19.78101,10.99677,1.6438,0.0
2025-09-28 11:55:00-07:00,2025-09-28 18:55:00+00:00,2025-09-28 12:00:00-07:00,2025-09-28 19:00:00+00:00,REAL_TIME_5_MIN,OAKLAND_1_N001,Node,38.69543,17.81147,19.85446,1.0295,0.0
2025-09-28 11:55:00-07:00,2025-09-28 18:55:00+00:00,2025-09-28 12:00:00-07:00,2025-09-28 19:00:00+00:00,REAL_TIME_5_MIN,PGSF_2_PDRP58-APND,AP Node,38.75991,17.81147,19.3237,1.62474,0.0
2025-09-28 11:55:00-07:00,2025-09-28 18:55:00+00:00,2025-09-28 12:00:00-07:00,2025-09-28 19:00:00+00:00,REAL_TIME_5_MIN,SNJOSEB_1_N001,Node,32.42443,17.81147,13.13283,1.48013,0.0
2025-09-28 12:00:00-07:00,2025-09-28 19:00:00+00:00,2025-09-28 12:05:00-07:00,2025-09-28 19:05:00+00:00,REAL_TIME_5_MIN,OAKLAND_1_N001,Node,37.70675,18.05047,18.59672,1.05956,0.0
2025-09-28 12:00:00-07:00,2025-09-28 19:00:00+00:00,2025-09-28 12:05:00-07:00,2025-09-28 19:05:00+00:00,REAL_TIME_5_MIN,PGSF_2_PDRP58-APND,AP Node,38.00449,18.05047,18.2293,1.72473,0.0
2025-09-28 12:00:00-07:00,2025-09-28 19:00:00+00:00,2025-09-28 12:05:00-07:00,2025-09-28 19:05:00+00:00,REAL_TIME_5_MIN,SNJOSEB_1_N001,Node,32.56406,18.05047,12.89988,1.61371,0.0
2025-09-28 12:05:00-07:00,2025-09-28 19:05:00+00:00,2025-09-28 12:10:00-07:00,2025-09-28 19:10:00+00:00,REAL_TIME_5_MIN,OAKLAND_1_N001,Node,37.68671,17.01666,19.67117,0.99888,0.0
2025-09-28 12:05:00-07:00,2025-09-28 19:05:00+00:00,2025-09-28 12:10:00-07:00,2025-09-28 19:10:00+00:00,REAL_TIME_5_MIN,PGSF_2_PDRP58-APND,AP Node,38.00467,17.01666,19.36207,1.62595,0.0
2025-09-28 12:05:00-07:00,2025-09-28 19:05:00+00:00,2025-09-28 12:10:00-07:00,2025-09-28 19:10:00+00:00,REAL_TIME_5_MIN,SNJOSEB_1_N001,Node,32.64048,17.01666,14.10254,1.52129,0.0
2025-09-28 12:10:00-07:00,2025-09-28 19:10:00+00:00,2025-09-28 12:15:00-07:00,2025-09-28 19:15:00+00:00,REAL_TIME_5_MIN,OAKLAND_1_N001,Node,37.63532,17.35248,19.26426,1.01859,0.0
2025-09-28 12:10:00-07:00,2025-09-28 19:10:00+00:00,2025-09-28 12:15:00-07:00,2025-09-28 19:15:00+00:00,REAL_TIME_5_MIN,PGSF_2_PDRP58-APND,AP Node,38.02154,17.35248,19.01102,1.65804,0.0
2025-09-28 12:10:00-07:00,2025-09-28 19:10:00+00:00,2025-09-28 12:15:00-07:00,2025-09-28 19:15:00+00:00,REAL_TIME_5_MIN,SNJOSEB_1_N001,Node,33.56304,17.35248,14.65925,1.55131,0.0
2025-09-28 12:15:00-07:00,2025-09-28 19:15:00+00:00,2025-09-28 12:20:00-07:00,2025-09-28 19:20:00+00:00,REAL_TIME_5_MIN,OAKLAND_1_N001,Node,37.59692,17.79757,18.7742,1.02514,0.0
2025-09-28 12:15:00-07:00,2025-09-28 19:15:00+00:00,2025-09-28 12:20:00-07:00,2025-09-28 19:20:00+00:00,REAL_TIME_5_MIN,PGSF_2_PDRP58-APND,AP Node,38.01854,17.79757,18.54774,1.67323,0.0
2025-09-28 12:15:00-07:00,2025-09-28 19:15:00+00:00,2025-09-28 12:20:00-07:00,2025-09-28 19:20:00+00:00,REAL_TIME_5_MIN,SNJOSEB_1_N001,Node,34.5032,17.79757,15.13766,1.56797,0.0
2025-09-28 12:20:00-07:00,2025-09-28 19:20:00+00:00,2025-09-28 12:25:00-07:00,2025-09-28 19:25:00+00:00,REAL_TIME_5_MIN,OAKLAND_1_N001,Node,37.59281,17.27852,19.31904,0.99524,0.0
2025-09-28 12:20:00-07:00,2025-09-28 19:20:00+00:00,2025-09-28 12:25:00-07:00,2025-09-28 19:25:00+00:00,REAL_TIME_5_MIN,PGSF_2_PDRP58-APND,AP Node,37.98837,17.27852,19.08541,1.62443,0.0
2025-09-28 12:20:00-07:00,2025-09-28 19:20:00+00:00,2025-09-28 12:25:00-07:00,2025-09-28 19:25:00+00:00,REAL_TIME_5_MIN,SNJOSEB_1_N001,Node,34.25256,17.27852,15.4518,1.52224,0.0
2025-09-28 12:25:00-07:00,2025-09-28 19:25:00+00:00,2025-09-28 12:30:00-07:00,2025-09-28 19:30:00+00:00,REAL_TIME_5_MIN,OAKLAND_1_N001,Node,38.02417,17.52271,19.49215,1.00931,0.0
2025-09-28 12:25:00-07:00,2025-09-28 19:25:00+00:00,2025-09-28 12:30:00-07:00,2025-09-28 19:30:00+00:00,REAL_TIME_5_MIN,PGSF_2_PDRP58-APND,AP Node,38.4259,17.52271,19.25579,1.64739,0.0
2025-09-28 12:25:00-07:00,2025-09-28 19:25:00+00:00,2025-09-28 12:30:00-07:00,2025-09-28 19:30:00+00:00,REAL_TIME_5_MIN,SNJOSEB_1_N001,Node,34.65178,17.52271,15.58532,1.54375,0.0
2025-09-28 12:30:00-07:00,2025-09-28 19:30:00+00:00,2025-09-28 12:35:00-07:00,2025-09-28 19:35:00+00:00,REAL_TIME_5_MIN,OAKLAND_1_N001,Node,38.59661,17.55002,20.03571,1.01088,0.0
2025-09-28 12:30:00-07:00,2025-09-28 19:30:00+00:00,2025-09-28 12:35:00-07:00,2025-09-28 19:35:00+00:00,REAL_TIME_5_MIN,PGSF_2_PDRP58-APND,AP Node,38.9313,17.55002,19.78154,1.59974,0.0
2025-09-28 12:30:00-07:00,2025-09-28 19:30:00+00:00,2025-09-28 12:35:00-07:00,2025-09-28 19:35:00+00:00,REAL_TIME_5_MIN,SNJOSEB_1_N001,Node,33.72305,17.55002,14.71638,1.45665,0.0
2025-09-28 12:35:00-07:00,2025-09-28 19:35:00+00:00,2025-09-28 12:40:00-07:00,2025-09-28 19:40:00+00:00,REAL_TIME_5_MIN,OAKLAND_1_N001,Node,38.62852,17.4004,20.22586,1.00226,0.0
2025-09-28 12:35:00-07:00,2025-09-28 19:35:00+00:00,2025-09-28 12:40:00-07:00,2025-09-28 19:40:00+00:00,REAL_TIME_5_MIN,PGSF_2_PDRP58-APND,AP Node,38.96188,17.4004,19.97537,1.5861,0.0
2025-09-28 12:35:00-07:00,2025-09-28 19:35:00+00:00,2025-09-28 12:40:00-07:00,2025-09-28 19:40:00+00:00,REAL_TIME_5_MIN,SNJOSEB_1_N001,Node,33.77852,17.4004,14.93389,1.44423,0.0
2025-09-28 12:40:00-07:00,2025-09-28 19:40:00+00:00,2025-09-28 12:45:00-07:00,2025-09-28 19:45:00+00:00,REAL_TIME_5_MIN,OAKLAND_1_N001,Node,38.59258,17.888,19.67423,1.03035,0.0
2025-09-28 12:40:00-07:00,2025-09-28 19:40:00+00:00,2025-09-28 12:45:00-07:00,2025-09-28 19:45:00+00:00,REAL_TIME_5_MIN,PGSF_2_PDRP58-APND,AP Node,38.92675,17.888,19.4082,1.63055,0.0
2025-09-28 12:40:00-07:00,2025-09-28 19:40:00+00:00,2025-09-28 12:45:00-07:00,2025-09-28 19:45:00+00:00,REAL_TIME_5_MIN,SNJOSEB_1_N001,Node,33.66154,17.888,14.28883,1.4847,0.0
2025-09-28 12:45:00-07:00,2025-09-28 19:45:00+00:00,2025-09-28 12:50:00-07:00,2025-09-28 19:50:00+00:00,REAL_TIME_5_MIN,OAKLAND_1_N001,Node,38.69726,17.12616,20.60176,0.96934,0.0
2025-09-28 12:45:00-07:00,2025-09-28 19:45:00+00:00,2025-09-28 12:50:00-07:00,2025-09-28 19:50:00+00:00,REAL_TIME_5_MIN,PGSF_2_PDRP58-APND,AP Node,39.02344,17.12616,20.34473,1.55254,0.0
2025-09-28 12:45:00-07:00,2025-09-28 19:45:00+00:00,2025-09-28 12:50:00-07:00,2025-09-28 19:50:00+00:00,REAL_TIME_5_MIN,SNJOSEB_1_N001,Node,33.71211,17.12616,15.16448,1.42147,0.0
2025-09-28 12:50:00-07:00,2025-09-28 19:50:00+00:00,2025-09-28 12:55:00-07:00,2025-09-28 19:55:00+00:00,REAL_TIME_5_MIN,OAKLAND_1_N001,Node,38.84341,17.19248,20.67783,0.97309,0.0
2025-09-28 12:50:00-07:00,2025-09-28 19:50:00+00:00,2025-09-28 12:55:00-07:00,2025-09-28 19:55:00+00:00,REAL_TIME_5_MIN,PGSF_2_PDRP58-APND,AP Node,39.17377,17.19248,20.42273,1.55856,0.0
2025-09-28 12:50:00-07:00,2025-09-28 19:50:00+00:00,2025-09-28 12:55:00-07:00,2025-09-28 19:55:00+00:00,REAL_TIME_5_MIN,SNJOSEB_1_N001,Node,33.87565,17.19248,15.25619,1.42698,0.0
2025-09-28 12:55:00-07:00,2025-09-28 19:55:00+00:00,2025-09-28 13:00:00-07:00,2025-09-28 20:00:00+00:00,REAL_TIME_5_MIN,OAKLAND_1_N001,Node,39.78621,17.70773,21.07622,1.00226,0.0
2025-09-28 12:55:00-07:00,2025-09-28 19:55:00+00:00,2025-09-28 13:00:00-07:00,2025-09-28 20:00:00+00:00,REAL_TIME_5_MIN,PGSF_2_PDRP58-APND,AP Node,40.14933,17.70773,20.83634,1.60526,0.0
2025-09-28 12:55:00-07:00,2025-09-28 19:55:00+00:00,2025-09-28 13:00:00-07:00,2025-09-28 20:00:00+00:00,REAL_TIME_5_MIN,SNJOSEB_1_N001,Node,35.00084,17.70773,15.82337,1.46974,0.0
2025-09-28 13:00:00-07:00,2025-09-28 20:00:00+00:00,2025-09-28 13:05:00-07:00,2025-09-28 20:05:00+00:00,REAL_TIME_5_MIN,OAKLAND_1_N001,Node,38.94763,17.46733,20.47069,1.00961,0.0
2025-09-28 13:00:00-07:00,2025-09-28 20:00:00+00:00,2025-09-28 13:05:00-07:00,2025-09-28 20:05:00+00:00,REAL_TIME_5_MIN,PGSF_2_PDRP58-APND,AP Node,39.50212,17.46733,20.38566,1.64914,0.0
2025-09-28 13:00:00-07:00,2025-09-28 20:00:00+00:00,2025-09-28 13:05:00-07:00,2025-09-28 20:05:00+00:00,REAL_TIME_5_MIN,SNJOSEB_1_N001,Node,35.09542,17.46733,16.05429,1.57381,0.0
2025-09-28 13:05:00-07:00,2025-09-28 20:05:00+00:00,2025-09-28 13:10:00-07:00,2025-09-28 20:10:00+00:00,REAL_TIME_5_MIN,OAKLAND_1_N001,Node,38.55822,17.11203,20.45711,0.98908,0.0
2025-09-28 13:05:00-07:00,2025-09-28 20:05:00+00:00,2025-09-28 13:10:00-07:00,2025-09-28 20:10:00+00:00,REAL_TIME_5_MIN,PGSF_2_PDRP58-APND,AP Node,39.132,17.11203,20.40437,1.6156,0.0
2025-09-28 13:05:00-07:00,2025-09-28 20:05:00+00:00,2025-09-28 13:10:00-07:00,2025-09-28 20:10:00+00:00,REAL_TIME_5_MIN,SNJOSEB_1_N001,Node,35.20588,17.11203,16.55205,1.54179,0.0
2025-09-28 13:10:00-07:00,2025-09-28 20:10:00+00:00,2025-09-28 13:15:00-07:00,2025-09-28 20:15:00+00:00,REAL_TIME_5_MIN,OAKLAND_1_N001,Node,38.28198,17.24397,20.04131,0.9967,0.0
2025-09-28 13:10:00-07:00,2025-09-28 20:10:00+00:00,2025-09-28 13:15:00-07:00,2025-09-28 20:15:00+00:00,REAL_TIME_5_MIN,PGSF_2_PDRP58-APND,AP Node,38.86341,17.24397,19.99139,1.62806,0.0
2025-09-28 13:10:00-07:00,2025-09-28 20:10:00+00:00,2025-09-28 13:15:00-07:00,2025-09-28 20:15:00+00:00,REAL_TIME_5_MIN,SNJOSEB_1_N001,Node,35.14325,17.24397,16.3456,1.55368,0.0
2025-09-28 13:15:00-07:00,2025-09-28 20:15:00+00:00,2025-09-28 13:20:00-07:00,2025-09-28 20:20:00+00:00,REAL_TIME_5_MIN,OAKLAND_1_N001,Node,38.54679,16.44198,21.17913,0.92568,0.0
2025-09-28 13:15:00-07:00,2025-09-28 20:15:00+00:00,2025-09-28 13:20:00-07:00,2025-09-28 20:20:00+00:00,REAL_TIME_5_MIN,PGSF_2_PDRP58-APND,AP Node,39.055,16.44198,21.08578,1.52724,0.0
2025-09-28 13:15:00-07:00,2025-09-28 20:15:00+00:00,2025-09-28 13:20:00-07:00,2025-09-28 20:20:00+00:00,REAL_TIME_5_MIN,SNJOSEB_1_N001,Node,35.07272,16.44198,17.1707,1.46005,0.0
2025-09-28 13:20:00-07:00,2025-09-28 20:20:00+00:00,2025-09-28 13:25:00-07:00,2025-09-28 20:25:00+00:00,REAL_TIME_5_MIN,OAKLAND_1_N001,Node,38.67451,16.89153,20.83198,0.95099,0.0
2025-09-28 13:20:00-07:00,2025-09-28 20:20:00+00:00,2025-09-28 13:25:00-07:00,2025-09-28 20:25:00+00:00,REAL_TIME_5_MIN,PGSF_2_PDRP58-APND,AP Node,39.19569,16.89153,20.73517,1.56899,0.0
2025-09-28 13:20:00-07:00,2025-09-28 20:20:00+00:00,2025-09-28 13:25:00-07:00,2025-09-28 20:25:00+00:00,REAL_TIME_5_MIN,SNJOSEB_1_N001,Node,35.38638,16.89153,16.99488,1.49997,0.0
2025-09-28 13:25:00-07:00,2025-09-28 20:25:00+00:00,2025-09-28 13:30:00-07:00,2025-09-28 20:30:00+00:00,REAL_TIME_5_MIN,OAKLAND_1_N001,Node,37.82017,15.77635,21.15561,0.88821,0.0
2025-09-28 13:25:00-07:00,2025-09-28 20:25:00+00:00,2025-09-28 13:30:00-07:00,2025-09-28 20:30:00+00:00,REAL_TIME_5_MIN,PGSF_2_PDRP58-APND,AP Node,38.331,15.77635,21.08924,1.46541,0.0
2025-09-28 13:25:00-07:00,2025-09-28 20:25:00+00:00,2025-09-28 13:30:00-07:00,2025-09-28 20:30:00+00:00,REAL_TIME_5_MIN,SNJOSEB_1_N001,Node,34.70883,15.77635,17.53155,1.40094,0.0
2025-09-28 13:30:00-07:00,2025-09-28 20:30:00+00:00,2025-09-28 13:35:00-07:00,2025-09-28 20:35:00+00:00,REAL_TIME_5_MIN,OAKLAND_1_N001,Node,37.446,16.45551,20.04265,0.94784,0.0
2025-09-28 13:30:00-07:00,2025-09-28 20:30:00+00:00,2025-09-28 13:35:00-07:00,2025-09-28 20:35:00+00:00,REAL_TIME_5_MIN,PGSF_2_PDRP58-APND,AP Node,37.89234,16.45551,19.90561,1.53122,0.0
2025-09-28 13:30:00-07:00,2025-09-28 20:30:00+00:00,2025-09-28 13:35:00-07:00,2025-09-28 20:35:00+00:00,REAL_TIME_5_MIN,SNJOSEB_1_N001,Node,32.46826,16.45551,14.59429,1.41847,0.0
2025-09-28 13:35:00-07:00,2025-09-28 20:35:00+00:00,2025-09-28 13:40:00-07:00,2025-09-28 20:40:00+00:00,REAL_TIME_5_MIN,OAKLAND_1_N001,Node,37.84662,16.85749,20.01814,0.97099,0.0
2025-09-28 13:35:00-07:00,2025-09-28 20:35:00+00:00,2025-09-28 13:40:00-07:00,2025-09-28 20:40:00+00:00,REAL_TIME_5_MIN,PGSF_2_PDRP58-APND,AP Node,38.29946,16.85749,19.87335,1.56862,0.0
2025-09-28 13:35:00-07:00,2025-09-28 20:35:00+00:00,2025-09-28 13:40:00-07:00,2025-09-28 20:40:00+00:00,REAL_TIME_5_MIN,SNJOSEB_1_N001,Node,32.81107,16.85749,14.50046,1.45312,0.0
2025-09-28 13:40:00-07:00,2025-09-28 20:40:00+00:00,2025-09-28 13:45:00-07:00,2025-09-28 20:45:00+00:00,REAL_TIME_5_MIN,OAKLAND_1_N001,Node,38.1858,17.6147,19.5565,1.01461,0.0
2025-09-28 13:40:00-07:00,2025-09-28 20:40:00+00:00,2025-09-28 13:45:00-07:00,2025-09-28 20:45:00+00:00,REAL_TIME_5_MIN,PGSF_2_PDRP58-APND,AP Node,38.62345,17.6147,19.36967,1.63908,0.0
2025-09-28 13:40:00-07:00,2025-09-28 20:40:00+00:00,2025-09-28 13:45:00-07:00,2025-09-28 20:45:00+00:00,REAL_TIME_5_MIN,SNJOSEB_1_N001,Node,32.66792,17.6147,13.53483,1.51839,0.0
2025-09-28 13:45:00-07:00,2025-09-28 20:45:00+00:00,2025-09-28 13:50:00-07:00,2025-09-28 20:50:00+00:00,REAL_TIME_5_MIN,OAKLAND_1_N001,Node,38.16683,17.7141,19.42886,1.02387,0.0
2025-09-28 13:45:00-07:00,2025-09-28 20:45:00+00:00,2025-09-28 13:50:00-07:00,2025-09-28 20:50:00+00:00,REAL_TIME_5_MIN,PGSF_2_PDRP58-APND,AP Node,38.59549,17.7141,19.23548,1.64592,0.0
2025-09-28 13:45:00-07:00,2025-09-28 20:45:00+00:00,2025-09-28 13:50:00-07:00,2025-09-28 20:50:00+00:00,REAL_TIME_5_MIN,SNJOSEB_1_N001,Node,32.61846,17.7141,13.38095,1.52341,0.0
2025-09-28 13:50:00-07:00,2025-09-28 20:50:00+00:00,2025-09-28 13:55:00-07:00,2025-09-28 20:55:00+00:00,REAL_TIME_5_MIN,OAKLAND_1_N001,Node,37.99622,18.79617,18.11363,1.08642,0.0
2025-09-28 13:50:00-07:00,2025-09-28 20:50:00+00:00,2025-09-28 13:55:00-07:00,2025-09-28 20:55:00+00:00,REAL_TIME_5_MIN,PGSF_2_PDRP58-APND,AP Node,38.42401,18.79617,17.88137,1.74646,0.0
2025-09-28 13:50:00-07:00,2025-09-28 20:50:00+00:00,2025-09-28 13:55:00-07:00,2025-09-28 20:55:00+00:00,REAL_TIME_5_MIN,SNJOSEB_1_N001,Node,32.35157,18.79617,11.93893,1.61647,0.0
2025-09-28 13:55:00-07:00,2025-09-28 20:55:00+00:00,2025-09-28 14:00:00-07:00,2025-09-28 21:00:00+00:00,REAL_TIME_5_MIN,OAKLAND_1_N001,Node,38.62231,19.89584,17.57649,1.14998,0.0
2025-09-28 13:55:00-07:00,2025-09-28 20:55:00+00:00,2025-09-28 14:00:00-07:00,2025-09-28 21:00:00+00:00,REAL_TIME_5_MIN,PGSF_2_PDRP58-APND,AP Node,39.09093,19.89584,17.34644,1.84864,0.0
2025-09-28 13:55:00-07:00,2025-09-28 20:55:00+00:00,2025-09-28 14:00:00-07:00,2025-09-28 21:00:00+00:00,REAL_TIME_5_MIN,SNJOSEB_1_N001,Node,33.10685,19.89584,11.49996,1.71104,0.0
2025-09-28 14:00:00-07:00,2025-09-28 21:00:00+00:00,2025-09-28 14:05:00-07:00,2025-09-28 21:05:00+00:00,REAL_TIME_5_MIN,OAKLAND_1_N001,Node,35.42081,18.8023,15.58815,1.03037,0.0
2025-09-28 14:00:00-07:00,2025-09-28 21:00:00+00:00,2025-09-28 14:05:00-07:00,2025-09-28 21:05:00+00:00,REAL_TIME_5_MIN,PGSF_2_PDRP58-APND,AP Node,35.90457,18.8023,15.36284,1.73943,0.0
2025-09-28 14:00:00-07:00,2025-09-28 21:00:00+00:00,2025-09-28 14:05:00-07:00,2025-09-28 21:05:00+00:00,REAL_TIME_5_MIN,SNJOSEB_1_N001,Node,29.73664,18.8023,9.29854,1.6358,0.0
2025-09-28 14:05:00-07:00,2025-09-28 21:05:00+00:00,2025-09-28 14:10:00-07:00,2025-09-28 21:10:00+00:00,REAL_TIME_5_MIN,OAKLAND_1_N001,Node,35.14548,17.5858,16.59599,0.9637,0.0
2025-09-28 14:05:00-07:00,2025-09-28 21:05:00+00:00,2025-09-28 14:10:00-07:00,2025-09-28 21:10:00+00:00,REAL_TIME_5_MIN,PGSF_2_PDRP58-APND,AP Node,35.5766,17.5858,16.36392,1.62689,0.0
2025-09-28 14:05:00-07:00,2025-09-28 21:05:00+00:00,2025-09-28 14:10:00-07:00,2025-09-28 21:10:00+00:00,REAL_TIME_5_MIN,SNJOSEB_1_N001,Node,29.01301,17.5858,9.89725,1.52996,0.0
2025-09-28 14:10:00-07:00,2025-09-28 21:10:00+00:00,2025-09-28 14:15:00-07:00,2025-09-28 21:15:00+00:00,REAL_TIME_5_MIN,OAKLAND_1_N001,Node,35.07184,15.38258,18.8463,0.84297,0.0
2025-09-28 14:10:00-07:00,2025-09-28 21:10:00+00:00,2025-09-28 14:15:00-07:00,2025-09-28 21:15:00+00:00,REAL_TIME_5_MIN,PGSF_2_PDRP58-APND,AP Node,35.4852,15.38258,18.67955,1.42307,0.0
2025-09-28 14:10:00-07:00,2025-09-28 21:10:00+00:00,2025-09-28 14:15:00-07:00,2025-09-28 21:15:00+00:00,REAL_TIME_5_MIN,SNJOSEB_1_N001,Node,29.37977,15.38258,12.65891,1.33828,0.0
2025-09-28 14:15:00-07:00,2025-09-28 21:15:00+00:00,2025-09-28 14:20:00-07:00,2025-09-28 21:20:00+00:00,REAL_TIME_5_MIN,OAKLAND_1_N001,Node,32.49526,12.82808,18.96548,0.7017,0.0
2025-09-28 14:15:00-07:00,2025-09-28 21:15:00+00:00,2025-09-28 14:20:00-07:00,2025-09-28 21:20:00+00:00,REAL_TIME_5_MIN,PGSF_2_PDRP58-APND,AP Node,32.75365,12.82808,18.74267,1.1829,0.0
2025-09-28 14:15:00-07:00,2025-09-28 21:15:00+00:00,2025-09-28 14:20:00-07:00,2025-09-28 21:20:00+00:00,REAL_TIME_5_MIN,SNJOSEB_1_N001,Node,25.87131,12.82808,11.92847,1.11476,0.0
2025-09-28 14:20:00-07:00,2025-09-28 21:20:00+00:00,2025-09-28 14:25:00-07:00,2025-09-28 21:25:00+00:00,REAL_TIME_5_MIN,OAKLAND_1_N001,Node,35.25956,14.05897,20.43157,0.76903,0.0
2025-09-28 14:20:00-07:00,2025-09-28 21:20:00+00:00,2025-09-28 14:25:00-07:00,2025-09-28 21:25:00+00:00,REAL_TIME_5_MIN,PGSF_2_PDRP58-APND,AP Node,35.61198,14.05897,20.25661,1.2964,0.0
2025-09-28 14:20:00-07:00,2025-09-28 21:20:00+00:00,2025-09-28 14:25:00-07:00,2025-09-28 21:25:00+00:00,REAL_TIME_5_MIN,SNJOSEB_1_N001,Node,29.60509,14.05897,14.32439,1.22172,0.0
2025-09-28 14:25:00-07:00,2025-09-28 21:25:00+00:00,2025-09-28 14:30:00-07:00,2025-09-28 21:30:00+00:00,REAL_TIME_5_MIN,OAKLAND_1_N001,Node,35.26713,14.1136,20.38151,0.77201,0.0
2025-09-28 14:25:00-07:00,2025-09-28 21:25:00+00:00,2025-09-28 14:30:00-07:00,2025-09-28 21:30:00+00:00,REAL_TIME_5_MIN,PGSF_2_PDRP58-APND,AP Node,35.61839,14.1136,20.20336,1.30144,0.0
2025-09-28 14:25:00-07:00,2025-09-28 21:25:00+00:00,2025-09-28 14:30:00-07:00,2025-09-28 21:30:00+00:00,REAL_TIME_5_MIN,SNJOSEB_1_N001,Node,29.6089,14.1136,14.26883,1.22647,0.0
2025-09-28 14:30:00-07:00,2025-09-28 21:30:00+00:00,2025-09-28 14:35:00-07:00,2025-09-28 21:35:00+00:00,REAL_TIME_5_MIN,OAKLAND_1_N001,Node,35.52012,14.28459,20.46131,0.77422,0.0
2025-09-28 14:30:00-07:00,2025-09-28 21:30:00+00:00,2025-09-28 14:35:00-07:00,2025-09-28 21:35:00+00:00,REAL_TIME_5_MIN,PGSF_2_PDRP58-APND,AP Node,35.89478,14.28459,20.32866,1.28153,0.0
2025-09-28 14:30:00-07:00,2025-09-28 21:30:00+00:00,2025-09-28 14:35:00-07:00,2025-09-28 21:35:00+00:00,REAL_TIME_5_MIN,SNJOSEB_1_N001,Node,30.09362,14.28459,14.62484,1.18419,0.0
2025-09-28 14:35:00-07:00,2025-09-28 21:35:00+00:00,2025-09-28 14:40:00-07:00,2025-09-28 21:40:00+00:00,REAL_TIME_5_MIN,OAKLAND_1_N001,Node,35.53766,16.42555,18.22184,0.89027,0.0
2025-09-28 14:35:00-07:00,2025-09-28 21:35:00+00:00,2025-09-28 14:40:00-07:00,2025-09-28 21:40:00+00:00,REAL_TIME_5_MIN,PGSF_2_PDRP58-APND,AP Node,35.9429,16.42555,18.04374,1.47361,0.0
2025-09-28 14:35:00-07:00,2025-09-28 21:35:00+00:00,2025-09-28 14:40:00-07:00,2025-09-28 21:40:00+00:00,REAL_TIME_5_MIN,SNJOSEB_1_N001,Node,29.87153,16.42555,12.0843,1.36168,0.0
2025-09-28 14:40:00-07:00,2025-09-28 21:40:00+00:00,2025-09-28 14:45:00-07:00,2025-09-28 21:45:00+00:00,REAL_TIME_5_MIN,OAKLAND_1_N001,Node,35.71147,17.04425,17.74343,0.9238,0.0
2025-09-28 14:40:00-07:00,2025-09-28 21:40:00+00:00,2025-09-28 14:45:00-07:00,2025-09-28 21:45:00+00:00,REAL_TIME_5_MIN,PGSF_2_PDRP58-APND,AP Node,36.12935,17.04425,17.55598,1.52912,0.0
2025-09-28 14:40:00-07:00,2025-09-28 21:40:00+00:00,2025-09-28 14:45:00-07:00,2025-09-28 21:45:00+00:00,REAL_TIME_5_MIN,SNJOSEB_1_N001,Node,30.03595,17.04425,11.57874,1.41297,0.0
2025-09-28 14:45:00-07:00,2025-09-28 21:45:00+00:00,2025-09-28 14:50:00-07:00,2025-09-28 21:50:00+00:00,REAL_TIME_5_MIN,OAKLAND_1_N001,Node,35.37151,15.90203,18.59805,0.87143,0.0
2025-09-28 14:45:00-07:00,2025-09-28 21:45:00+00:00,2025-09-28 14:50:00-07:00,2025-09-28 21:50:00+00:00,REAL_TIME_5_MIN,PGSF_2_PDRP58-APND,AP Node,35.76503,15.90203,18.41671,1.4463,0.0
2025-09-28 14:45:00-07:00,2025-09-28 21:45:00+00:00,2025-09-28 14:50:00-07:00,2025-09-28 21:50:00+00:00,REAL_TIME_5_MIN,SNJOSEB_1_N001,Node,29.65207,15.90203,12.42063,1.32941,0.0
2025-09-28 14:50:00-07:00,2025-09-28 21:50:00+00:00,2025-09-28 14:55:00-07:00,2025-09-28 21:55:00+00:00,REAL_TIME_5_MIN,OAKLAND_1_N001,Node,35.34915,17.82403,16.54836,0.97676,0.0
2025-09-28 14:50:00-07:00,2025-09-28 21:50:00+00:00,2025-09-28 14:55:00-07:00,2025-09-28 21:55:00+00:00,REAL_TIME_5_MIN,PGSF_2_PDRP58-APND,AP Node,35.77479,17.82403,16.32965,1.6211,0.0
2025-09-28 14:50:00-07:00,2025-09-28 21:50:00+00:00,2025-09-28 14:55:00-07:00,2025-09-28 21:55:00+00:00,REAL_TIME_5_MIN,SNJOSEB_1_N001,Node,29.58533,17.82403,10.27121,1.49009,0.0
2025-09-28 14:55:00-07:00,2025-09-28 21:55:00+00:00,2025-09-28 15:00:00-07:00,2025-09-28 22:00:00+00:00,REAL_TIME_5_MIN,OAKLAND_1_N001,Node,35.27218,16.81258,17.53827,0.92133,0.0
2025-09-28 14:55:00-07:00,2025-09-28 21:55:00+00:00,2025-09-28 15:00:00-07:00,2025-09-28 22:00:00+00:00,REAL_TIME_5_MIN,PGSF_2_PDRP58-APND,AP Node,35.66628,16.81258,17.32459,1.52911,0.0
2025-09-28 14:55:00-07:00,2025-09-28 21:55:00+00:00,2025-09-28 15:00:00-07:00,2025-09-28 22:00:00+00:00,REAL_TIME_5_MIN,SNJOSEB_1_N001,Node,29.29261,16.81258,11.0745,1.40553,0.0
2025-09-28 15:00:00-07:00,2025-09-28 22:00:00+00:00,2025-09-28 15:05:00-07:00,2025-09-28 22:05:00+00:00,REAL_TIME_5_MIN,OAKLAND_1_N001,Node,34.6229,13.58067,20.23554,0.80669,0.0
2025-09-28 15:00:00-07:00,2025-09-28 22:00:00+00:00,2025-09-28 15:05:00-07:00,2025-09-28 22:05:00+00:00,REAL_TIME_5_MIN,PGSF_2_PDRP58-APND,AP Node,34.6552,13.58067,19.76569,1.30884,0.0
2025-09-28 15:00:00-07:00,2025-09-28 22:00:00+00:00,2025-09-28 15:05:00-07:00,2025-09-28 22:05:00+00:00,REAL_TIME_5_MIN,SNJOSEB_1_N001,Node,26.27776,13.58067,11.45718,1.23991,0.0
2025-09-28 15:05:00-07:00,2025-09-28 22:05:00+00:00,2025-09-28 15:10:00-07:00,2025-09-28 22:10:00+00:00,REAL_TIME_5_MIN,OAKLAND_1_N001,Node,34.6191,14.43776,19.32374,0.8576,0.0
2025-09-28 15:05:00-07:00,2025-09-28 22:05:00+00:00,2025-09-28 15:10:00-07:00,2025-09-28 22:10:00+00:00,REAL_TIME_5_MIN,PGSF_2_PDRP58-APND,AP Node,34.66818,14.43776,18.83897,1.39145,0.0
2025-09-28 15:05:00-07:00,2025-09-28 22:05:00+00:00,2025-09-28 15:10:00-07:00,2025-09-28 22:10:00+00:00,REAL_TIME_5_MIN,SNJOSEB_1_N001,Node,26.28758,14.43776,10.53165,1.31817,0.0
2025-09-28 15:10:00-07:00,2025-09-28 22:10:00+00:00,2025-09-28 15:15:00-07:00,2025-09-28 22:15:00+00:00,REAL_TIME_5_MIN,OAKLAND_1_N001,Node,34.94263,14.70786,19.36113,0.87365,0.0
2025-09-28 15:10:00-07:00,2025-09-28 22:10:00+00:00,2025-09-28 15:15:00-07:00,2025-09-28 22:15:00+00:00,REAL_TIME_5_MIN,PGSF_2_PDRP58-APND,AP Node,35.03577,14.70786,18.91043,1.41748,0.0
2025-09-28 15:10:00-07:00,2025-09-28 22:10:00+00:00,2025-09-28 15:15:00-07:00,2025-09-28 22:15:00+00:00,REAL_TIME_5_MIN,SNJOSEB_1_N001,Node,27.09325,14.70786,11.04257,1.34283,0.0
2025-09-28 15:15:00-07:00,2025-09-28 22:15:00+00:00,2025-09-28 15:20:00-07:00,2025-09-28 22:20:00+00:00,REAL_TIME_5_MIN,OAKLAND_1_N001,Node,34.63673,16.2914,17.35808,0.98726,0.0
2025-09-28 15:15:00-07:00,2025-09-28 22:15:00+00:00,2025-09-28 15:20:00-07:00,2025-09-28 22:20:00+00:00,REAL_TIME_5_MIN,PGSF_2_PDRP58-APND,AP Node,34.72589,16.2914,16.8404,1.5941,0.0
2025-09-28 15:15:00-07:00,2025-09-28 22:15:00+00:00,2025-09-28 15:20:00-07:00,2025-09-28 22:20:00+00:00,REAL_TIME_5_MIN,SNJOSEB_1_N001,Node,26.38159,16.2914,8.57183,1.51836,0.0
2025-09-28 15:20:00-07:00,2025-09-28 22:20:00+00:00,2025-09-28 15:25:00-07:00,2025-09-28 22:25:00+00:00,REAL_TIME_5_MIN,OAKLAND_1_N001,Node,35.01163,16.01771,18.02325,0.97067,0.0
2025-09-28 15:20:00-07:00,2025-09-28 22:20:00+00:00,2025-09-28 15:25:00-07:00,2025-09-28 22:25:00+00:00,REAL_TIME_5_MIN,PGSF_2_PDRP58-APND,AP Node,35.09826,16.01771,17.51323,1.56732,0.0
2025-09-28 15:20:00-07:00,2025-09-28 22:20:00+00:00,2025-09-28 15:25:00-07:00,2025-09-28 22:25:00+00:00,REAL_TIME_5_MIN,SNJOSEB_1_N001,Node,26.73434,16.01771,9.22378,1.49285,0.0
2025-09-28 15:25:00-07:00,2025-09-28 22:25:00+00:00,2025-09-28 15:30:00-07:00,2025-09-28 22:30:00+00:00,REAL_TIME_5_MIN,OAKLAND_1_N001,Node,34.62963,17.11111,16.48158,1.03693,0.0
2025-09-28 15:25:00-07:00,2025-09-28 22:25:00+00:00,2025-09-28 15:30:00-07:00,2025-09-28 22:30:00+00:00,REAL_TIME_5_MIN,PGSF_2_PDRP58-APND,AP Node,34.73918,17.11111,15.95377,1.67431,0.0
2025-09-28 15:25:00-07:00,2025-09-28 22:25:00+00:00,2025-09-28 15:30:00-07:00,2025-09-28 22:30:00+00:00,REAL_TIME_5_MIN,SNJOSEB_1_N001,Node,26.415,17.11111,7.70913,1.59476,0.0
2025-09-28 15:30:00-07:00,2025-09-28 22:30:00+00:00,2025-09-28 15:35:00-07:00,2025-09-28 22:35:00+00:00,REAL_TIME_5_MIN,OAKLAND_1_N001,Node,33.08634,17.10681,14.94115,1.03838,0.0
2025-09-28 15:30:00-07:00,2025-09-28 22:30:00+00:00,2025-09-28 15:35:00-07:00,2025-09-28 22:35:00+00:00,REAL_TIME_5_MIN,PGSF_2_PDRP58-APND,AP Node,33.15071,17.10681,14.40031,1.64359,0.0
2025-09-28 15:30:00-07:00,2025-09-28 22:30:00+00:00,2025-09-28 15:35:00-07:00,2025-09-28 22:35:00+00:00,REAL_TIME_5_MIN,SNJOSEB_1_N001,Node,24.86902,17.10681,6.24313,1.51908,0.0
2025-09-28 15:35:00-07:00,2025-09-28 22:35:00+00:00,2025-09-28 15:40:00-07:00,2025-09-28 22:40:00+00:00,REAL_TIME_5_MIN,OAKLAND_1_N001,Node,34.59003,17.44236,16.08892,1.05875,0.0
2025-09-28 15:35:00-07:00,2025-09-28 22:35:00+00:00,2025-09-28 15:40:00-07:00,2025-09-28 22:40:00+00:00,REAL_TIME_5_MIN,PGSF_2_PDRP58-APND,AP Node,34.66859,17.44236,15.5504,1.67583,0.0
2025-09-28 15:35:00-07:00,2025-09-28 22:35:00+00:00,2025-09-28 15:40:00-07:00,2025-09-28 22:40:00+00:00,REAL_TIME_5_MIN,SNJOSEB_1_N001,Node,26.23926,17.44236,7.24802,1.54888,0.0
2025-09-28 15:40:00-07:00,2025-09-28 22:40:00+00:00,2025-09-28 15:45:00-07:00,2025-09-28 22:45:00+00:00,REAL_TIME_5_MIN,OAKLAND_1_N001,Node,36.73183,15.73632,20.04032,0.95519,0.0
2025-09-28 15:40:00-07:00,2025-09-28 22:40:00+00:00,2025-09-28 15:45:00-07:00,2025-09-28 22:45:00+00:00,REAL_TIME_5_MIN,PGSF_2_PDRP58-APND,AP Node,36.76928,15.73632,19.52105,1.51192,0.0
2025-09-28 15:40:00-07:00,2025-09-28 22:40:00+00:00,2025-09-28 15:45:00-07:00,2025-09-28 22:45:00+00:00,REAL_TIME_5_MIN,SNJOSEB_1_N001,Node,26.86183,15.73632,9.72812,1.39739,0.0
2025-09-28 15:45:00-07:00,2025-09-28 22:45:00+00:00,2025-09-28 15:50:00-07:00,2025-09-28 22:50:00+00:00,REAL_TIME_5_MIN,OAKLAND_1_N001,Node,37.40153,14.78194,21.74006,0.87953,0.0
2025-09-28 15:45:00-07:00,2025-09-28 22:45:00+00:00,2025-09-28 15:50:00-07:00,2025-09-28 22:50:00+00:00,REAL_TIME_5_MIN,PGSF_2_PDRP58-APND,AP Node,37.47037,14.78194,21.27063,1.4178,0.0
2025-09-28 15:45:00-07:00,2025-09-28 22:45:00+00:00,2025-09-28 15:50:00-07:00,2025-09-28 22:50:00+00:00,REAL_TIME_5_MIN,SNJOSEB_1_N001,Node,27.91879,14.78194,11.83013,1.30672,0.0
2025-09-28 15:50:00-07:00,2025-09-28 22:50:00+00:00,2025-09-28 15:55:00-07:00,2025-09-28 22:55:00+00:00,REAL_TIME_5_MIN,OAKLAND_1_N001,Node,35.86101,13.97153,21.05817,0.83131,0.0
2025-09-28 15:50:00-07:00,2025-09-28 22:50:00+00:00,2025-09-28 15:55:00-07:00,2025-09-28 22:55:00+00:00,REAL_TIME_5_MIN,PGSF_2_PDRP58-APND,AP Node,35.91822,13.97153,20.60662,1.34007,0.0
2025-09-28 15:50:00-07:00,2025-09-28 22:50:00+00:00,2025-09-28 15:55:00-07:00,2025-09-28 22:55:00+00:00,REAL_TIME_5_MIN,SNJOSEB_1_N001,Node,27.31869,13.97153,12.11208,1.23508,0.0
2025-09-28 15:55:00-07:00,2025-09-28 22:55:00+00:00,2025-09-28 16:00:00-07:00,2025-09-28 23:00:00+00:00,REAL_TIME_5_MIN,OAKLAND_1_N001,Node,34.28289,14.20378,19.23399,0.84512,0.0
2025-09-28 15:55:00-07:00,2025-09-28 22:55:00+00:00,2025-09-28 16:00:00-07:00,2025-09-28 23:00:00+00:00,REAL_TIME_5_MIN,PGSF_2_PDRP58-APND,AP Node,34.32329,14.20378,18.75717,1.36235,0.0
2025-09-28 15:55:00-07:00,2025-09-28 22:55:00+00:00,2025-09-28 16:00:00-07:00,2025-09-28 23:00:00+00:00,REAL_TIME_5_MIN,SNJOSEB_1_N001,Node,25.29843,14.20378,9.83904,1.25561,0.0
2025-09-28 16:00:00-07:00,2025-09-28 23:00:00+00:00,2025-09-28 16:05:00-07:00,2025-09-28 23:05:00+00:00,REAL_TIME_5_MIN,OAKLAND_1_N001,Node,33.71635,13.06735,19.82837,0.82063,0.0
2025-09-28 16:00:00-07:00,2025-09-28 23:00:00+00:00,2025-09-28 16:05:00-07:00,2025-09-28 23:05:00+00:00,REAL_TIME_5_MIN,PGSF_2_PDRP58-APND,AP Node,33.88174,13.06735,19.51843,1.29596,0.0
2025-09-28 16:00:00-07:00,2025-09-28 23:00:00+00:00,2025-09-28 16:05:00-07:00,2025-09-28 23:05:00+00:00,REAL_TIME_5_MIN,SNJOSEB_1_N001,Node,27.54239,13.06735,13.28853,1.18652,0.0
2025-09-28 16:05:00-07:00,2025-09-28 23:05:00+00:00,2025-09-28 16:10:00-07:00,2025-09-28 23:10:00+00:00,REAL_TIME_5_MIN,OAKLAND_1_N001,Node,33.98093,12.94628,20.22162,0.81303,0.0
2025-09-28 16:05:00-07:00,2025-09-28 23:05:00+00:00,2025-09-28 16:10:00-07:00,2025-09-28 23:10:00+00:00,REAL_TIME_5_MIN,PGSF_2_PDRP58-APND,AP Node,34.01536,12.94628,19.78513,1.28395,0.0
2025-09-28 16:05:00-07:00,2025-09-28 23:05:00+00:00,2025-09-28 16:10:00-07:00,2025-09-28 23:10:00+00:00,REAL_TIME_5_MIN,SNJOSEB_1_N001,Node,25.95994,12.94628,11.83814,1.17552,0.0
2025-09-28 16:10:00-07:00,2025-09-28 23:10:00+00:00,2025-09-28 16:15:00-07:00,2025-09-28 23:15:00+00:00,REAL_TIME_5_MIN,OAKLAND_1_N001,Node,34.07585,13.53575,19.69006,0.85004,0.0
2025-09-28 16:10:00-07:00,2025-09-28 23:10:00+00:00,2025-09-28 16:15:00-07:00,2025-09-28 23:15:00+00:00,REAL_TIME_5_MIN,PGSF_2_PDRP58-APND,AP Node,34.1654,13.53575,19.28724,1.34242,0.0
2025-09-28 16:10:00-07:00,2025-09-28 23:10:00+00:00,2025-09-28 16:15:00-07:00,2025-09-28 23:15:00+00:00,REAL_TIME_5_MIN,SNJOSEB_1_N001,Node,25.85696,13.53575,11.09217,1.22905,0.0
2025-09-28 16:15:00-07:00,2025-09-28 23:15:00+00:00,2025-09-28 16:20:00-07:00,2025-09-28 23:20:00+00:00,REAL_TIME_5_MIN,OAKLAND_1_N001,Node,34.11816,13.93364,19.34154,0.84298,0.0
2025-09-28 16:15:00-07:00,2025-09-28 23:15:00+00:00,2025-09-28 16:20:00-07:00,2025-09-28 23:20:00+00:00,REAL_TIME_5_MIN,PGSF_2_PDRP58-APND,AP Node,34.57073,13.93364,19.28309,1.35401,0.0
2025-09-28 16:15:00-07:00,2025-09-28 23:15:00+00:00,2025-09-28 16:20:00-07:00,2025-09-28 23:20:00+00:00,REAL_TIME_5_MIN,SNJOSEB_1_N001,Node,28.5844,13.93364,13.40927,1.24149,0.0
2025-09-28 16:20:00-07:00,2025-09-28 23:20:00+00:00,2025-09-28 16:25:00-07:00,2025-09-28 23:25:00+00:00,REAL_TIME_5_MIN,OAKLAND_1_N001,Node,35.04665,17.57085,16.41277,1.06304,0.0
2025-09-28 16:20:00-07:00,2025-09-28 23:20:00+00:00,2025-09-28 16:25:00-07:00,2025-09-28 23:25:00+00:00,REAL_TIME_5_MIN,PGSF_2_PDRP58-APND,AP Node,35.58327,17.57085,16.30496,1.70746,0.0
2025-09-28 16:20:00-07:00,2025-09-28 23:20:00+00:00,2025-09-28 16:25:00-07:00,2025-09-28 23:25:00+00:00,REAL_TIME_5_MIN,SNJOSEB_1_N001,Node,29.90564,17.57085,10.76923,1.56556,0.0
2025-09-28 16:25:00-07:00,2025-09-28 23:25:00+00:00,2025-09-28 16:30:00-07:00,2025-09-28 23:30:00+00:00,REAL_TIME_5_MIN,OAKLAND_1_N001,Node,35.16087,19.83791,14.12277,1.20019,0.0
2025-09-28 16:25:00-07:00,2025-09-28 23:25:00+00:00,2025-09-28 16:30:00-07:00,2025-09-28 23:30:00+00:00,REAL_TIME_5_MIN,PGSF_2_PDRP58-APND,AP Node,35.79784,19.83791,14.03217,1.92776,0.0
2025-09-28 16:25:00-07:00,2025-09-28 23:25:00+00:00,2025-09-28 16:30:00-07:00,2025-09-28 23:30:00+00:00,REAL_TIME_5_MIN,SNJOSEB_1_N001,Node,30.61026,19.83791,9.00479,1.76756,0.0
2025-09-28 16:30:00-07:00,2025-09-28 23:30:00+00:00,2025-09-28 16:35:00-07:00,2025-09-28 23:35:00+00:00,REAL_TIME_5_MIN,OAKLAND_1_N001,Node,34.32261,18.92256,14.22118,1.17888,0.0
2025-09-28 16:30:00-07:00,2025-09-28 23:30:00+00:00,2025-09-28 16:35:00-07:00,2025-09-28 23:35:00+00:00,REAL_TIME_5_MIN,PGSF_2_PDRP58-APND,AP Node,34.62037,18.92256,13.84003,1.85779,0.0
2025-09-28 16:30:00-07:00,2025-09-28 23:30:00+00:00,2025-09-28 16:35:00-07:00,2025-09-28 23:35:00+00:00,REAL_TIME_5_MIN,SNJOSEB_1_N001,Node,25.51724,18.92256,4.89355,1.70114,0.0
2025-09-28 16:35:00-07:00,2025-09-28 23:35:00+00:00,2025-09-28 16:40:00-07:00,2025-09-28 23:40:00+00:00,REAL_TIME_5_MIN,OAKLAND_1_N001,Node,39.04112,27.02476,10.33272,1.68364,0.0
2025-09-28 16:35:00-07:00,2025-09-28 23:35:00+00:00,2025-09-28 16:40:00-07:00,2025-09-28 23:40:00+00:00,REAL_TIME_5_MIN,PGSF_2_PDRP58-APND,AP Node,39.52157,27.02476,9.84357,2.65325,0.0
2025-09-28 16:35:00-07:00,2025-09-28 23:35:00+00:00,2025-09-28 16:40:00-07:00,2025-09-28 23:40:00+00:00,REAL_TIME_5_MIN,SNJOSEB_1_N001,Node,29.45919,27.02476,0.00491,2.42953,0.0
2025-09-28 16:40:00-07:00,2025-09-28 23:40:00+00:00,2025-09-28 16:45:00-07:00,2025-09-28 23:45:00+00:00,REAL_TIME_5_MIN,OAKLAND_1_N001,Node,41.91613,29.32984,10.75904,1.82725,0.0
2025-09-28 16:40:00-07:00,2025-09-28 23:40:00+00:00,2025-09-28 16:45:00-07:00,2025-09-28 23:45:00+00:00,REAL_TIME_5_MIN,PGSF_2_PDRP58-APND,AP Node,42.45853,29.32984,10.24913,2.87956,0.0
2025-09-28 16:40:00-07:00,2025-09-28 23:40:00+00:00,2025-09-28 16:45:00-07:00,2025-09-28 23:45:00+00:00,REAL_TIME_5_MIN,SNJOSEB_1_N001,Node,31.96659,29.32984,0.0,2.63675,0.0
2025-09-28 16:45:00-07:00,2025-09-28 23:45:00+00:00,2025-09-28 16:50:00-07:00,2025-09-28 23:50:00+00:00,REAL_TIME_5_MIN,OAKLAND_1_N001,Node,41.27571,31.87103,7.57847,1.82621,0.0
2025-09-28 16:45:00-07:00,2025-09-28 23:45:00+00:00,2025-09-28 16:50:00-07:00,2025-09-28 23:50:00+00:00,REAL_TIME_5_MIN,PGSF_2_PDRP58-APND,AP Node,42.05485,31.87103,7.2193,2.96451,0.0
2025-09-28 16:45:00-07:00,2025-09-28 23:45:00+00:00,2025-09-28 16:50:00-07:00,2025-09-28 23:50:00+00:00,REAL_TIME_5_MIN,SNJOSEB_1_N001,Node,39.81616,31.87103,5.22653,2.7186,0.0
2025-09-28 16:50:00-07:00,2025-09-28 23:50:00+00:00,2025-09-28 16:55:00-07:00,2025-09-28 23:55:00+00:00,REAL_TIME_5_MIN,OAKLAND_1_N001,Node,43.90692,34.02011,7.93746,1.94935,0.0
2025-09-28 16:50:00-07:00,2025-09-28 23:50:00+00:00,2025-09-28 16:55:00-07:00,2025-09-28 23:55:00+00:00,REAL_TIME_5_MIN,PGSF_2_PDRP58-APND,AP Node,44.74579,34.02011,7.56127,3.16441,0.0
2025-09-28 16:50:00-07:00,2025-09-28 23:50:00+00:00,2025-09-28 16:55:00-07:00,2025-09-28 23:55:00+00:00,REAL_TIME_5_MIN,SNJOSEB_1_N001,Node,42.39613,34.02011,5.47411,2.90192,0.0
2025-09-28 16:55:00-07:00,2025-09-28 23:55:00+00:00,2025-09-28 17:00:00-07:00,2025-09-29 00:00:00+00:00,REAL_TIME_5_MIN,OAKLAND_1_N001,Node,46.48831,36.1285,8.28965,2.07016,0.0
2025-09-28 16:55:00-07:00,2025-09-28 23:55:00+00:00,2025-09-28 17:00:00-07:00,2025-09-29 00:00:00+00:00,REAL_TIME_5_MIN,PGSF_2_PDRP58-APND,AP Node,47.38579,36.1285,7.89677,3.36052,0.0
2025-09-28 16:55:00-07:00,2025-09-28 23:55:00+00:00,2025-09-28 17:00:00-07:00,2025-09-29 00:00:00+00:00,REAL_TIME_5_MIN,SNJOSEB_1_N001,Node,44.92726,36.1285,5.717,3.08176,0.0
2025-09-28 17:00:00-07:00,2025-09-29 00:00:00+00:00,2025-09-28 17:05:00-07:00,2025-09-29 00:05:00+00:00,REAL_TIME_5_MIN,OAKLAND_1_N001,Node,32.55397,25.18692,6.19082,1.17623,0.0
2025-09-28 17:00:00-07:00,2025-09-29 00:00:00+00:00,2025-09-28 17:05:00-07:00,2025-09-29 00:05:00+00:00,REAL_TIME_5_MIN,PGSF_2_PDRP58-APND,AP Node,33.1296,25.18692,5.89742,2.04527,0.0
2025-09-28 17:00:00-07:00,2025-09-29 00:00:00+00:00,2025-09-28 17:05:00-07:00,2025-09-29 00:05:00+00:00,REAL_TIME_5_MIN,SNJOSEB_1_N001,Node,31.25228,25.18692,4.26953,1.79583,0.0
2025-09-28 17:05:00-07:00,2025-09-29 00:05:00+00:00,2025-09-28 17:10:00-07:00,2025-09-29 00:10:00+00:00,REAL_TIME_5_MIN,OAKLAND_1_N001,Node,33.06128,26.15777,5.68194,1.22157,0.0
2025-09-28 17:05:00-07:00,2025-09-29 00:05:00+00:00,2025-09-28 17:10:00-07:00,2025-09-29 00:10:00+00:00,REAL_TIME_5_MIN,PGSF_2_PDRP58-APND,AP Node,33.69453,26.15777,5.41265,2.1241,0.0
2025-09-28 17:05:00-07:00,2025-09-29 00:05:00+00:00,2025-09-28 17:10:00-07:00,2025-09-29 00:10:00+00:00,REAL_TIME_5_MIN,SNJOSEB_1_N001,Node,31.9414,26.15777,3.91858,1.86505,0.0
2025-09-28 17:10:00-07:00,2025-09-29 00:10:00+00:00,2025-09-28 17:15:00-07:00,2025-09-29 00:15:00+00:00,REAL_TIME_5_MIN,OAKLAND_1_N001,Node,31.27826,25.86167,4.20885,1.20774,0.0
2025-09-28 17:10:00-07:00,2025-09-29 00:10:00+00:00,2025-09-28 17:15:00-07:00,2025-09-29 00:15:00+00:00,REAL_TIME_5_MIN,PGSF_2_PDRP58-APND,AP Node,31.97111,25.86167,4.00938,2.10006,0.0
2025-09-28 17:10:00-07:00,2025-09-29 00:10:00+00:00,2025-09-28 17:15:00-07:00,2025-09-29 00:15:00+00:00,REAL_TIME_5_MIN,SNJOSEB_1_N001,Node,30.60826,25.86167,2.90266,1.84394,0.0
2025-09-28 17:15:00-07:00,2025-09-29 00:15:00+00:00,2025-09-28 17:20:00-07:00,2025-09-29 00:20:00+00:00,REAL_TIME_5_MIN,OAKLAND_1_N001,Node,34.80693,31.47758,2.18356,1.14578,0.0
2025-09-28 17:15:00-07:00,2025-09-29 00:15:00+00:00,2025-09-28 17:20:00-07:00,2025-09-29 00:20:00+00:00,REAL_TIME_5_MIN,PGSF_2_PDRP58-APND,AP Node,35.72647,31.47758,2.08008,2.16881,0.0
2025-09-28 17:15:00-07:00,2025-09-29 00:15:00+00:00,2025-09-28 17:20:00-07:00,2025-09-29 00:20:00+00:00,REAL_TIME_5_MIN,SNJOSEB_1_N001,Node,35.00749,31.47758,1.5059,2.02401,0.0
2025-09-28 17:20:00-07:00,2025-09-29 00:20:00+00:00,2025-09-28 17:25:00-07:00,2025-09-29 00:25:00+00:00,REAL_TIME_5_MIN,OAKLAND_1_N001,Node,35.05284,33.44512,0.39032,1.2174,0.0
2025-09-28 17:20:00-07:00,2025-09-29 00:20:00+00:00,2025-09-28 17:25:00-07:00,2025-09-29 00:25:00+00:00,REAL_TIME_5_MIN,PGSF_2_PDRP58-APND,AP Node,36.12132,33.44512,0.37182,2.30438,0.0
2025-09-28 17:20:00-07:00,2025-09-29 00:20:00+00:00,2025-09-28 17:25:00-07:00,2025-09-29 00:25:00+00:00,REAL_TIME_5_MIN,SNJOSEB_1_N001,Node,35.86483,33.44512,0.26919,2.15052,0.0
2025-09-28 17:25:00-07:00,2025-09-29 00:25:00+00:00,2025-09-28 17:30:00-07:00,2025-09-29 00:30:00+00:00,REAL_TIME_5_MIN,OAKLAND_1_N001,Node,42.01991,40.54411,0.0,1.47581,0.0
2025-09-28 17:25:00-07:00,2025-09-29 00:25:00+00:00,2025-09-28 17:30:00-07:00,2025-09-29 00:30:00+00:00,REAL_TIME_5_MIN,PGSF_2_PDRP58-APND,AP Node,43.3376,40.54411,0.0,2.7935,0.0
2025-09-28 17:25:00-07:00,2025-09-29 00:25:00+00:00,2025-09-28 17:30:00-07:00,2025-09-29 00:30:00+00:00,REAL_TIME_5_MIN,SNJOSEB_1_N001,Node,43.15109,40.54411,0.0,2.60699,0.0
2025-09-28 17:30:00-07:00,2025-09-29 00:30:00+00:00,2025-09-28 17:35:00-07:00,2025-09-29 00:35:00+00:00,REAL_TIME_5_MIN,OAKLAND_1_N001,Node,42.39423,41.06376,0.0,1.33047,0.0
2025-09-28 17:30:00-07:00,2025-09-29 00:30:00+00:00,2025-09-28 17:35:00-07:00,2025-09-29 00:35:00+00:00,REAL_TIME_5_MIN,PGSF_2_PDRP58-APND,AP Node,43.73188,41.06376,0.0,2.66812,0.0
2025-09-28 17:30:00-07:00,2025-09-29 00:30:00+00:00,2025-09-28 17:35:00-07:00,2025-09-29 00:35:00+00:00,REAL_TIME_5_MIN,SNJOSEB_1_N001,Node,43.56044,41.06376,0.0,2.49668,0.0
2025-09-28 17:35:00-07:00,2025-09-29 00:35:00+00:00,2025-09-28 17:40:00-07:00,2025-09-29 00:40:00+00:00,REAL_TIME_5_MIN,OAKLAND_1_N001,Node,46.86793,45.39706,0.0,1.47086,0.0
2025-09-28 17:35:00-07:00,2025-09-29 00:35:00+00:00,2025-09-28 17:40:00-07:00,2025-09-29 00:40:00+00:00,REAL_TIME_5_MIN,PGSF_2_PDRP58-APND,AP Node,48.34674,45.39706,0.0,2.94968,0.0
2025-09-28 17:35:00-07:00,2025-09-29 00:35:00+00:00,2025-09-28 17:40:00-07:00,2025-09-29 00:40:00+00:00,REAL_TIME_5_MIN,SNJOSEB_1_N001,Node,48.15721,45.39706,0.0,2.76014,0.0
2025-09-28 17:40:00-07:00,2025-09-29 00:40:00+00:00,2025-09-28 17:45:00-07:00,2025-09-29 00:45:00+00:00,REAL_TIME_5_MIN,OAKLAND_1_N001,Node,48.44926,46.92877,0.0,1.52049,0.0
2025-09-28 17:40:00-07:00,2025-09-29 00:40:00+00:00,2025-09-28 17:45:00-07:00,2025-09-29 00:45:00+00:00,REAL_TIME_5_MIN,PGSF_2_PDRP58-APND,AP Node,49.97797,46.92877,0.0,3.0492,0.0
2025-09-28 17:40:00-07:00,2025-09-29 00:40:00+00:00,2025-09-28 17:45:00-07:00,2025-09-29 00:45:00+00:00,REAL_TIME_5_MIN,SNJOSEB_1_N001,Node,49.78204,46.92877,0.0,2.85327,0.0
2025-09-28 17:45:00-07:00,2025-09-29 00:45:00+00:00,2025-09-28 17:50:00-07:00,2025-09-29 00:50:00+00:00,REAL_TIME_5_MIN,OAKLAND_1_N001,Node,50.88406,49.67206,0.0,1.212,0.0
2025-09-28 17:45:00-07:00,2025-09-29 00:45:00+00:00,2025-09-28 17:50:00-07:00,2025-09-29 00:50:00+00:00,REAL_TIME_5_MIN,PGSF_2_PDRP58-APND,AP Node,52.29169,49.67206,0.0,2.61964,0.0
2025-09-28 17:45:00-07:00,2025-09-29 00:45:00+00:00,2025-09-28 17:50:00-07:00,2025-09-29 00:50:00+00:00,REAL_TIME_5_MIN,SNJOSEB_1_N001,Node,52.40899,49.67206,0.0,2.73693,0.0
2025-09-28 17:50:00-07:00,2025-09-29 00:50:00+00:00,2025-09-28 17:55:00-07:00,2025-09-29 00:55:00+00:00,REAL_TIME_5_MIN,OAKLAND_1_N001,Node,52.26574,51.02083,0.0,1.24491,0.0
2025-09-28 17:50:00-07:00,2025-09-29 00:50:00+00:00,2025-09-28 17:55:00-07:00,2025-09-29 00:55:00+00:00,REAL_TIME_5_MIN,PGSF_2_PDRP58-APND,AP Node,53.7116,51.02083,0.0,2.69077,0.0
2025-09-28 17:50:00-07:00,2025-09-29 00:50:00+00:00,2025-09-28 17:55:00-07:00,2025-09-29 00:55:00+00:00,REAL_TIME_5_MIN,SNJOSEB_1_N001,Node,53.83208,51.02083,0.0,2.81125,0.0
2025-09-28 17:55:00-07:00,2025-09-29 00:55:00+00:00,2025-09-28 18:00:00-07:00,2025-09-29 01:00:00+00:00,REAL_TIME_5_MIN,OAKLAND_1_N001,Node,60.31346,58.87687,0.0,1.4366,0.0
2025-09-28 17:55:00-07:00,2025-09-29 00:55:00+00:00,2025-09-28 18:00:00-07:00,2025-09-29 01:00:00+00:00,REAL_TIME_5_MIN,PGSF_2_PDRP58-APND,AP Node,61.98195,58.87687,0.0,3.10508,0.0
2025-09-28 17:55:00-07:00,2025-09-29 00:55:00+00:00,2025-09-28 18:00:00-07:00,2025-09-29 01:00:00+00:00,REAL_TIME_5_MIN,SNJOSEB_1_N001,Node,62.12098,58.87687,0.0,3.24412,0.0
2025-09-28 18:00:00-07:00,2025-09-29 01:00:00+00:00,2025-09-28 18:05:00-07:00,2025-09-29 01:05:00+00:00,REAL_TIME_5_MIN,OAKLAND_1_N001,Node,39.62983,38.12027,0.0,1.50956,0.0
2025-09-28 18:00:00-07:00,2025-09-29 01:00:00+00:00,2025-09-28 18:05:00-07:00,2025-09-29 01:05:00+00:00,REAL_TIME_5_MIN,PGSF_2_PDRP58-APND,AP Node,40.97025,38.12027,0.0,2.84998,0.0
2025-09-28 18:00:00-07:00,2025-09-29 01:00:00+00:00,2025-09-28 18:05:00-07:00,2025-09-29 01:05:00+00:00,REAL_TIME_5_MIN,SNJOSEB_1_N001,Node,40.78106,38.12027,0.0,2.66079,0.0
2025-09-28 18:05:00-07:00,2025-09-29 01:05:00+00:00,2025-09-28 18:10:00-07:00,2025-09-29 01:10:00+00:00,REAL_TIME_5_MIN,OAKLAND_1_N001,Node,40.45871,38.91758,0.0,1.54114,0.0
2025-09-28 18:05:00-07:00,2025-09-29 01:05:00+00:00,2025-09-28 18:10:00-07:00,2025-09-29 01:10:00+00:00,REAL_TIME_5_MIN,PGSF_2_PDRP58-APND,AP Node,41.82716,38.91758,0.0,2.90959,0.0
2025-09-28 18:05:00-07:00,2025-09-29 01:05:00+00:00,2025-09-28 18:10:00-07:00,2025-09-29 01:10:00+00:00,REAL_TIME_5_MIN,SNJOSEB_1_N001,Node,41.63402,38.91758,0.0,2.71645,0.0
2025-09-28 18:10:00-07:00,2025-09-29 01:10:00+00:00,2025-09-28 18:15:00-07:00,2025-09-29 01:15:00+00:00,REAL_TIME_5_MIN,OAKLAND_1_N001,Node,41.26974,39.69771,0.0,1.57203,0.0
2025-09-28 18:10:00-07:00,2025-09-29 01:10:00+00:00,2025-09-28 18:15:00-07:00,2025-09-29 01:15:00+00:00,REAL_TIME_5_MIN,PGSF_2_PDRP58-APND,AP Node,42.66562,39.69771,0.0,2.96791,0.0
2025-09-28 18:10:00-07:00,2025-09-29 01:10:00+00:00,2025-09-28 18:15:00-07:00,2025-09-29 01:15:00+00:00,REAL_TIME_5_MIN,SNJOSEB_1_N001,Node,42.46861,39.69771,0.0,2.7709,0.0
2025-09-28 18:15:00-07:00,2025-09-29 01:15:00+00:00,2025-09-28 18:20:00-07:00,2025-09-29 01:20:00+00:00,REAL_TIME_5_MIN,OAKLAND_1_N001,Node,44.81791,43.04034,0.0,1.77757,0.0
2025-09-28 18:15:00-07:00,2025-09-29 01:15:00+00:00,2025-09-28 18:20:00-07:00,2025-09-29 01:20:00+00:00,REAL_TIME_5_MIN,PGSF_2_PDRP58-APND,AP Node,46.38453,43.04034,0.0,3.34418,0.0
2025-09-28 18:15:00-07:00,2025-09-29 01:15:00+00:00,2025-09-28 18:20:00-07:00,2025-09-29 01:20:00+00:00,REAL_TIME_5_MIN,SNJOSEB_1_N001,Node,46.18229,43.04034,0.0,3.14195,0.0
2025-09-28 18:20:00-07:00,2025-09-29 01:20:00+00:00,2025-09-28 18:25:00-07:00,2025-09-29 01:25:00+00:00,REAL_TIME_5_MIN,OAKLAND_1_N001,Node,46.133,44.30327,0.0,1.82973,0.0
2025-09-28 18:20:00-07:00,2025-09-29 01:20:00+00:00,2025-09-28 18:25:00-07:00,2025-09-29 01:25:00+00:00,REAL_TIME_5_MIN,PGSF_2_PDRP58-APND,AP Node,47.74558,44.30327,0.0,3.44231,0.0
2025-09-28 18:20:00-07:00,2025-09-29 01:20:00+00:00,2025-09-28 18:25:00-07:00,2025-09-29 01:25:00+00:00,REAL_TIME_5_MIN,SNJOSEB_1_N001,Node,47.53741,44.30327,0.0,3.23414,0.0
2025-09-28 18:25:00-07:00,2025-09-29 01:25:00+00:00,2025-09-28 18:30:00-07:00,2025-09-29 01:30:00+00:00,REAL_TIME_5_MIN,OAKLAND_1_N001,Node,47.618,45.72938,0.0,1.88862,0.0
2025-09-28 18:25:00-07:00,2025-09-29 01:25:00+00:00,2025-09-28 18:30:00-07:00,2025-09-29 01:30:00+00:00,REAL_TIME_5_MIN,PGSF_2_PDRP58-APND,AP Node,49.2825,45.72938,0.0,3.55312,0.0
2025-09-28 18:25:00-07:00,2025-09-29 01:25:00+00:00,2025-09-28 18:30:00-07:00,2025-09-29 01:30:00+00:00,REAL_TIME_5_MIN,SNJOSEB_1_N001,Node,49.06763,45.72938,0.0,3.33824,0.0
2025-09-28 18:30:00-07:00,2025-09-29 01:30:00+00:00,2025-09-28 18:35:00-07:00,2025-09-29 01:35:00+00:00,REAL_TIME_5_MIN,OAKLAND_1_N001,Node,48.14875,46.19915,0.0,1.9496,0.0
2025-09-28 18:30:00-07:00,2025-09-29 01:30:00+00:00,2025-09-28 18:35:00-07:00,2025-09-29 01:35:00+00:00,REAL_TIME_5_MIN,PGSF_2_PDRP58-APND,AP Node,49.80096,46.19915,0.0,3.60181,0.0
2025-09-28 18:30:00-07:00,2025-09-29 01:30:00+00:00,2025-09-28 18:35:00-07:00,2025-09-29 01:35:00+00:00,REAL_TIME_5_MIN,SNJOSEB_1_N001,Node,49.54859,46.19915,0.0,3.34944,0.0
2025-09-28 18:35:00-07:00,2025-09-29 01:35:00+00:00,2025-09-28 18:40:00-07:00,2025-09-29 01:40:00+00:00,REAL_TIME_5_MIN,OAKLAND_1_N001,Node,48.30659,46.3506,0.0,1.956,0.0
2025-09-28 18:35:00-07:00,2025-09-29 01:35:00+00:00,2025-09-28 18:40:00-07:00,2025-09-29 01:40:00+00:00,REAL_TIME_5_MIN,PGSF_2_PDRP58-APND,AP Node,49.96422,46.3506,0.0,3.61362,0.0
2025-09-28 18:35:00-07:00,2025-09-29 01:35:00+00:00,2025-09-28 18:40:00-07:00,2025-09-29 01:40:00+00:00,REAL_TIME_5_MIN,SNJOSEB_1_N001,Node,49.71102,46.3506,0.0,3.36042,0.0
2025-09-28 18:40:00-07:00,2025-09-29 01:40:00+00:00,2025-09-28 18:45:00-07:00,2025-09-29 01:45:00+00:00,REAL_TIME_5_MIN,OAKLAND_1_N001,Node,49.10405,47.11577,0.0,1.98829,0.0
2025-09-28 18:40:00-07:00,2025-09-29 01:40:00+00:00,2025-09-28 18:45:00-07:00,2025-09-29 01:45:00+00:00,REAL_TIME_5_MIN,PGSF_2_PDRP58-APND,AP Node,50.78904,47.11577,0.0,3.67328,0.0
2025-09-28 18:40:00-07:00,2025-09-29 01:40:00+00:00,2025-09-28 18:45:00-07:00,2025-09-29 01:45:00+00:00,REAL_TIME_5_MIN,SNJOSEB_1_N001,Node,50.53166,47.11577,0.0,3.41589,0.0
2025-09-28 18:45:00-07:00,2025-09-29 01:45:00+00:00,2025-09-28 18:50:00-07:00,2025-09-29 01:50:00+00:00,REAL_TIME_5_MIN,OAKLAND_1_N001,Node,49.96324,47.95396,0.0,2.00927,0.0
2025-09-28 18:45:00-07:00,2025-09-29 01:45:00+00:00,2025-09-28 18:50:00-07:00,2025-09-29 01:50:00+00:00,REAL_TIME_5_MIN,PGSF_2_PDRP58-APND,AP Node,51.75006,47.95396,0.0,3.7961,0.0
2025-09-28 18:45:00-07:00,2025-09-29 01:45:00+00:00,2025-09-28 18:50:00-07:00,2025-09-29 01:50:00+00:00,REAL_TIME_5_MIN,SNJOSEB_1_N001,Node,51.46419,47.95396,0.0,3.51023,0.0
2025-09-28 18:50:00-07:00,2025-09-29 01:50:00+00:00,2025-09-28 18:55:00-07:00,2025-09-29 01:55:00+00:00,REAL_TIME_5_MIN,OAKLAND_1_N001,Node,50.07679,48.06295,0.0,2.01384,0.0
2025-09-28 18:50:00-07:00,2025-09-29 01:50:00+00:00,2025-09-28 18:55:00-07:00,2025-09-29 01:55:00+00:00,REAL_TIME_5_MIN,PGSF_2_PDRP58-APND,AP Node,51.86768,48.06295,0.0,3.80473,0.0
2025-09-28 18:50:00-07:00,2025-09-29 01:50:00+00:00,2025-09-28 18:55:00-07:00,2025-09-29 01:55:00+00:00,REAL_TIME_5_MIN,SNJOSEB_1_N001,Node,51.58116,48.06295,0.0,3.51821,0.0
2025-09-28 18:55:00-07:00,2025-09-29 01:55:00+00:00,2025-09-28 19:00:00-07:00,2025-09-29 02:00:00+00:00,REAL_TIME_5_MIN,OAKLAND_1_N001,Node,50.29862,48.27586,0.0,2.02276,0.0
2025-09-28 18:55:00-07:00,2025-09-29 01:55:00+00:00,2025-09-28 19:00:00-07:00,2025-09-29 02:00:00+00:00,REAL_TIME_5_MIN,PGSF_2_PDRP58-APND,AP Node,52.09744,48.27586,0.0,3.82158,0.0
2025-09-28 18:55:00-07:00,2025-09-29 01:55:00+00:00,2025-09-28 19:00:00-07:00,2025-09-29 02:00:00+00:00,REAL_TIME_5_MIN,SNJOSEB_1_N001,Node,51.80966,48.27586,0.0,3.53379,0.0
2025-09-28 19:00:00-07:00,2025-09-29 02:00:00+00:00,2025-09-28 19:05:00-07:00,2025-09-29 02:05:00+00:00,REAL_TIME_5_MIN,OAKLAND_1_N001,Node,47.34693,45.52152,0.0,1.82541,0.0
2025-09-28 19:00:00-07:00,2025-09-29 02:00:00+00:00,2025-09-28 19:05:00-07:00,2025-09-29 02:05:00+00:00,REAL_TIME_5_MIN,PGSF_2_PDRP58-APND,AP Node,49.02783,45.52152,0.0,3.50631,0.0
2025-09-28 19:00:00-07:00,2025-09-29 02:00:00+00:00,2025-09-28 19:05:00-07:00,2025-09-29 02:05:00+00:00,REAL_TIME_5_MIN,SNJOSEB_1_N001,Node,48.7672,45.52152,0.0,3.24568,0.0
2025-09-28 19:05:00-07:00,2025-09-29 02:05:00+00:00,2025-09-28 19:10:00-07:00,2025-09-29 02:10:00+00:00,REAL_TIME_5_MIN,OAKLAND_1_N001,Node,46.68113,44.88138,0.0,1.79974,0.0
2025-09-28 19:05:00-07:00,2025-09-29 02:05:00+00:00,2025-09-28 19:10:00-07:00,2025-09-29 02:10:00+00:00,REAL_TIME_5_MIN,PGSF_2_PDRP58-APND,AP Node,48.33839,44.88138,0.0,3.457,0.0
2025-09-28 19:05:00-07:00,2025-09-29 02:05:00+00:00,2025-09-28 19:10:00-07:00,2025-09-29 02:10:00+00:00,REAL_TIME_5_MIN,SNJOSEB_1_N001,Node,48.08143,44.88138,0.0,3.20004,0.0
2025-09-28 19:10:00-07:00,2025-09-29 02:10:00+00:00,2025-09-28 19:15:00-07:00,2025-09-29 02:15:00+00:00,REAL_TIME_5_MIN,OAKLAND_1_N001,Node,45.93238,44.16151,0.0,1.77088,0.0
2025-09-28 19:10:00-07:00,2025-09-29 02:10:00+00:00,2025-09-28 19:15:00-07:00,2025-09-29 02:15:00+00:00,REAL_TIME_5_MIN,PGSF_2_PDRP58-APND,AP Node,47.56306,44.16151,0.0,3.40155,0.0
2025-09-28 19:10:00-07:00,2025-09-29 02:10:00+00:00,2025-09-28 19:15:00-07:00,2025-09-29 02:15:00+00:00,REAL_TIME_5_MIN,SNJOSEB_1_N001,Node,47.31022,44.16151,0.0,3.14872,0.0
2025-09-28 19:15:00-07:00,2025-09-29 02:15:00+00:00,2025-09-28 19:20:00-07:00,2025-09-29 02:20:00+00:00,REAL_TIME_5_MIN,OAKLAND_1_N001,Node,46.34076,44.46437,0.0,1.8764,0.0
2025-09-28 19:15:00-07:00,2025-09-29 02:15:00+00:00,2025-09-28 19:20:00-07:00,2025-09-29 02:20:00+00:00,REAL_TIME_5_MIN,PGSF_2_PDRP58-APND,AP Node,47.92204,44.46437,0.0,3.45767,0.0
2025-09-28 19:15:00-07:00,2025-09-29 02:15:00+00:00,2025-09-28 19:20:00-07:00,2025-09-29 02:20:00+00:00,REAL_TIME_5_MIN,SNJOSEB_1_N001,Node,47.6658,44.46437,0.0,3.20143,0.0
2025-09-28 19:20:00-07:00,2025-09-29 02:20:00+00:00,2025-09-28 19:25:00-07:00,2025-09-29 02:25:00+00:00,REAL_TIME_5_MIN,OAKLAND_1_N001,Node,46.29597,44.42139,0.0,1.87458,0.0
2025-09-28 19:20:00-07:00,2025-09-29 02:20:00+00:00,2025-09-28 19:25:00-07:00,2025-09-29 02:25:00+00:00,REAL_TIME_5_MIN,PGSF_2_PDRP58-APND,AP Node,47.87572,44.42139,0.0,3.45433,0.0
2025-09-28 19:20:00-07:00,2025-09-29 02:20:00+00:00,2025-09-28 19:25:00-07:00,2025-09-29 02:25:00+00:00,REAL_TIME_5_MIN,SNJOSEB_1_N001,Node,47.61973,44.42139,0.0,3.19834,0.0
2025-09-28 19:25:00-07:00,2025-09-29 02:25:00+00:00,2025-09-28 19:30:00-07:00,2025-09-29 02:30:00+00:00,REAL_TIME_5_MIN,OAKLAND_1_N001,Node,45.97667,44.11502,0.0,1.86165,0.0
2025-09-28 19:25:00-07:00,2025-09-29 02:25:00+00:00,2025-09-28 19:30:00-07:00,2025-09-29 02:30:00+00:00,REAL_TIME_5_MIN,PGSF_2_PDRP58-APND,AP Node,47.54553,44.11502,0.0,3.43051,0.0
2025-09-28 19:25:00-07:00,2025-09-29 02:25:00+00:00,2025-09-28 19:30:00-07:00,2025-09-29 02:30:00+00:00,REAL_TIME_5_MIN,SNJOSEB_1_N001,Node,47.2913,44.11502,0.0,3.17628,0.0
2025-09-28 19:30:00-07:00,2025-09-29 02:30:00+00:00,2025-09-28 19:35:00-07:00,2025-09-29 02:35:00+00:00,REAL_TIME_5_MIN,OAKLAND_1_N001,Node,44.49325,42.65891,0.0,1.83433,0.0
2025-09-28 19:30:00-07:00,2025-09-29 02:30:00+00:00,2025-09-28 19:35:00-07:00,2025-09-29 02:35:00+00:00,REAL_TIME_5_MIN,PGSF_2_PDRP58-APND,AP Node,45.97198,42.65891,0.0,3.31307,0.0
2025-09-28 19:30:00-07:00,2025-09-29 02:30:00+00:00,2025-09-28 19:35:00-07:00,2025-09-29 02:35:00+00:00,REAL_TIME_5_MIN,SNJOSEB_1_N001,Node,45.71756,42.65891,0.0,3.05864,0.0
2025-09-28 19:35:00-07:00,2025-09-29 02:35:00+00:00,2025-09-28 19:40:00-07:00,2025-09-29 02:40:00+00:00,REAL_TIME_5_MIN,OAKLAND_1_N001,Node,44.17954,42.35814,0.0,1.8214,0.0
2025-09-28 19:35:00-07:00,2025-09-29 02:35:00+00:00,2025-09-28 19:40:00-07:00,2025-09-29 02:40:00+00:00,REAL_TIME_5_MIN,PGSF_2_PDRP58-APND,AP Node,45.64785,42.35814,0.0,3.28971,0.0
2025-09-28 19:35:00-07:00,2025-09-29 02:35:00+00:00,2025-09-28 19:40:00-07:00,2025-09-29 02:40:00+00:00,REAL_TIME_5_MIN,SNJOSEB_1_N001,Node,45.39522,42.35814,0.0,3.03708,0.0
2025-09-28 19:40:00-07:00,2025-09-29 02:40:00+00:00,2025-09-28 19:45:00-07:00,2025-09-29 02:45:00+00:00,REAL_TIME_5_MIN,OAKLAND_1_N001,Node,43.75628,41.95233,0.0,1.80395,0.0
2025-09-28 19:40:00-07:00,2025-09-29 02:40:00+00:00,2025-09-28 19:45:00-07:00,2025-09-29 02:45:00+00:00,REAL_TIME_5_MIN,PGSF_2_PDRP58-APND,AP Node,45.21053,41.95233,0.0,3.25819,0.0
2025-09-28 19:40:00-07:00,2025-09-29 02:40:00+00:00,2025-09-28 19:45:00-07:00,2025-09-29 02:45:00+00:00,REAL_TIME_5_MIN,SNJOSEB_1_N001,Node,44.96032,41.95233,0.0,3.00798,0.0
2025-09-28 19:45:00-07:00,2025-09-29 02:45:00+00:00,2025-09-28 19:50:00-07:00,2025-09-29 02:50:00+00:00,REAL_TIME_5_MIN,OAKLAND_1_N001,Node,43.12961,41.18958,0.0,1.94003,0.0
2025-09-28 19:45:00-07:00,2025-09-29 02:45:00+00:00,2025-09-28 19:50:00-07:00,2025-09-29 02:50:00+00:00,REAL_TIME_5_MIN,PGSF_2_PDRP58-APND,AP Node,44.58619,41.18958,0.0,3.39661,0.0
2025-09-28 19:45:00-07:00,2025-09-29 02:45:00+00:00,2025-09-28 19:50:00-07:00,2025-09-29 02:50:00+00:00,REAL_TIME_5_MIN,SNJOSEB_1_N001,Node,44.34882,41.18958,0.0,3.15924,0.0
2025-09-28 19:50:00-07:00,2025-09-29 02:50:00+00:00,2025-09-28 19:55:00-07:00,2025-09-29 02:55:00+00:00,REAL_TIME_5_MIN,OAKLAND_1_N001,Node,42.89499,40.96551,0.0,1.92948,0.0
2025-09-28 19:50:00-07:00,2025-09-29 02:50:00+00:00,2025-09-28 19:55:00-07:00,2025-09-29 02:55:00+00:00,REAL_TIME_5_MIN,PGSF_2_PDRP58-APND,AP Node,44.34364,40.96551,0.0,3.37813,0.0
2025-09-28 19:50:00-07:00,2025-09-29 02:50:00+00:00,2025-09-28 19:55:00-07:00,2025-09-29 02:55:00+00:00,REAL_TIME_5_MIN,SNJOSEB_1_N001,Node,44.10757,40.96551,0.0,3.14205,0.0
2025-09-28 19:55:00-07:00,2025-09-29 02:55:00+00:00,2025-09-28 20:00:00-07:00,2025-09-29 03:00:00+00:00,REAL_TIME_5_MIN,OAKLAND_1_N001,Node,42.24023,40.34021,0.0,1.90002,0.0
2025-09-28 19:55:00-07:00,2025-09-29 02:55:00+00:00,2025-09-28 20:00:00-07:00,2025-09-29 03:00:00+00:00,REAL_TIME_5_MIN,PGSF_2_PDRP58-APND,AP Node,43.66677,40.34021,0.0,3.32657,0.0
2025-09-28 19:55:00-07:00,2025-09-29 02:55:00+00:00,2025-09-28 20:00:00-07:00,2025-09-29 03:00:00+00:00,REAL_TIME_5_MIN,SNJOSEB_1_N001,Node,43.4343,40.34021,0.0,3.09409,0.0
2025-09-28 20:00:00-07:00,2025-09-29 03:00:00+00:00,2025-09-28 20:05:00-07:00,2025-09-29 03:05:00+00:00,REAL_TIME_5_MIN,OAKLAND_1_N001,Node,43.1316,41.18362,0.0,1.94799,0.0
2025-09-28 20:00:00-07:00,2025-09-29 03:00:00+00:00,2025-09-28 20:05:00-07:00,2025-09-29 03:05:00+00:00,REAL_TIME_5_MIN,PGSF_2_PDRP58-APND,AP Node,44.52883,41.18362,0.0,3.34521,0.0
2025-09-28 20:00:00-07:00,2025-09-29 03:00:00+00:00,2025-09-28 20:05:00-07:00,2025-09-29 03:05:00+00:00,REAL_TIME_5_MIN,SNJOSEB_1_N001,Node,44.30122,41.18362,0.0,3.1176,0.0
2025-09-28 20:05:00-07:00,2025-09-29 03:05:00+00:00,2025-09-28 20:10:00-07:00,2025-09-29 03:10:00+00:00,REAL_TIME_5_MIN,OAKLAND_1_N001,Node,43.18674,41.23626,0.0,1.95048,0.0
2025-09-28 20:05:00-07:00,2025-09-29 03:05:00+00:00,2025-09-28 20:10:00-07:00,2025-09-29 03:10:00+00:00,REAL_TIME_5_MIN,PGSF_2_PDRP58-APND,AP Node,44.58575,41.23626,0.0,3.34949,0.0
2025-09-28 20:05:00-07:00,2025-09-29 03:05:00+00:00,2025-09-28 20:10:00-07:00,2025-09-29 03:10:00+00:00,REAL_TIME_5_MIN,SNJOSEB_1_N001,Node,44.35785,41.23626,0.0,3.12159,0.0
2025-09-28 20:10:00-07:00,2025-09-29 03:10:00+00:00,2025-09-28 20:15:00-07:00,2025-09-29 03:15:00+00:00,REAL_TIME_5_MIN,OAKLAND_1_N001,Node,43.30141,41.34576,0.0,1.95565,0.0
2025-09-28 20:10:00-07:00,2025-09-29 03:10:00+00:00,2025-09-28 20:15:00-07:00,2025-09-29 03:15:00+00:00,REAL_TIME_5_MIN,PGSF_2_PDRP58-APND,AP Node,44.70414,41.34576,0.0,3.35838,0.0
2025-09-28 20:10:00-07:00,2025-09-29 03:10:00+00:00,2025-09-28 20:15:00-07:00,2025-09-29 03:15:00+00:00,REAL_TIME_5_MIN,SNJOSEB_1_N001,Node,44.47563,41.34576,0.0,3.12987,0.0
2025-09-28 20:15:00-07:00,2025-09-29 03:15:00+00:00,2025-09-28 20:20:00-07:00,2025-09-29 03:20:00+00:00,REAL_TIME_5_MIN,OAKLAND_1_N001,Node,43.31285,41.42788,0.0,1.88497,0.0
2025-09-28 20:15:00-07:00,2025-09-29 03:15:00+00:00,2025-09-28 20:20:00-07:00,2025-09-29 03:20:00+00:00,REAL_TIME_5_MIN,PGSF_2_PDRP58-APND,AP Node,44.71842,41.42788,0.0,3.29054,0.0
2025-09-28 20:15:00-07:00,2025-09-29 03:15:00+00:00,2025-09-28 20:20:00-07:00,2025-09-29 03:20:00+00:00,REAL_TIME_5_MIN,SNJOSEB_1_N001,Node,44.49769,41.42788,0.0,3.06981,0.0
2025-09-28 20:20:00-07:00,2025-09-29 03:20:00+00:00,2025-09-28 20:25:00-07:00,2025-09-29 03:25:00+00:00,REAL_TIME_5_MIN,OAKLAND_1_N001,Node,43.83925,41.93137,0.0,1.90788,0.0
2025-09-28 20:20:00-07:00,2025-09-29 03:20:00+00:00,2025-09-28 20:25:00-07:00,2025-09-29 03:25:00+00:00,REAL_TIME_5_MIN,PGSF_2_PDRP58-APND,AP Node,45.2619,41.93137,0.0,3.33053,0.0
2025-09-28 20:20:00-07:00,2025-09-29 03:20:00+00:00,2025-09-28 20:25:00-07:00,2025-09-29 03:25:00+00:00,REAL_TIME_5_MIN,SNJOSEB_1_N001,Node,45.03849,41.93137,0.0,3.10711,0.0
2025-09-28 20:25:00-07:00,2025-09-29 03:25:00+00:00,2025-09-28 20:30:00-07:00,2025-09-29 03:30:00+00:00,REAL_TIME_5_MIN,OAKLAND_1_N001,Node,43.87675,41.96724,0.0,1.90951,0.0
2025-09-28 20:25:00-07:00,2025-09-29 03:25:00+00:00,2025-09-28 20:30:00-07:00,2025-09-29 03:30:00+00:00,REAL_TIME_5_MIN,PGSF_2_PDRP58-APND,AP Node,45.30062,41.96724,0.0,3.33338,0.0
2025-09-28 20:25:00-07:00,2025-09-29 03:25:00+00:00,2025-09-28 20:30:00-07:00,2025-09-29 03:30:00+00:00,REAL_TIME_5_MIN,SNJOSEB_1_N001,Node,45.07701,41.96724,0.0,3.10977,0.0
2025-09-28 20:30:00-07:00,2025-09-29 03:30:00+00:00,2025-09-28 20:35:00-07:00,2025-09-29 03:35:00+00:00,REAL_TIME_5_MIN,OAKLAND_1_N001,Node,43.60662,41.82889,0.0,1.77773,0.0
2025-09-28 20:30:00-07:00,2025-09-29 03:30:00+00:00,2025-09-28 20:35:00-07:00,2025-09-29 03:35:00+00:00,REAL_TIME_5_MIN,PGSF_2_PDRP58-APND,AP Node,44.9422,41.82889,0.0,3.11331,0.0
2025-09-28 20:30:00-07:00,2025-09-29 03:30:00+00:00,2025-09-28 20:35:00-07:00,2025-09-29 03:35:00+00:00,REAL_TIME_5_MIN,SNJOSEB_1_N001,Node,44.68999,41.82889,0.0,2.8611,0.0
2025-09-28 20:35:00-07:00,2025-09-29 03:35:00+00:00,2025-09-28 20:40:00-07:00,2025-09-29 03:40:00+00:00,REAL_TIME_5_MIN,OAKLAND_1_N001,Node,43.55189,41.7764,0.0,1.7755,0.0
2025-09-28 20:35:00-07:00,2025-09-29 03:35:00+00:00,2025-09-28 20:40:00-07:00,2025-09-29 03:40:00+00:00,REAL_TIME_5_MIN,PGSF_2_PDRP58-APND,AP Node,44.8858,41.7764,0.0,3.1094,0.0
2025-09-28 20:35:00-07:00,2025-09-29 03:35:00+00:00,2025-09-28 20:40:00-07:00,2025-09-29 03:40:00+00:00,REAL_TIME_5_MIN,SNJOSEB_1_N001,Node,44.6339,41.7764,0.0,2.85751,0.0
2025-09-28 20:40:00-07:00,2025-09-29 03:40:00+00:00,2025-09-28 20:45:00-07:00,2025-09-29 03:45:00+00:00,REAL_TIME_5_MIN,OAKLAND_1_N001,Node,43.55225,41.77674,0.0,1.77551,0.0
2025-09-28 20:40:00-07:00,2025-09-29 03:40:00+00:00,2025-09-28 20:45:00-07:00,2025-09-29 03:45:00+00:00,REAL_TIME_5_MIN,PGSF_2_PDRP58-APND,AP Node,44.88616,41.77674,0.0,3.10943,0.0
2025-09-28 20:40:00-07:00,2025-09-29 03:40:00+00:00,2025-09-28 20:45:00-07:00,2025-09-29 03:45:00+00:00,REAL_TIME_5_MIN,SNJOSEB_1_N001,Node,44.63427,41.77674,0.0,2.85753,0.0
2025-09-28 20:45:00-07:00,2025-09-29 03:45:00+00:00,2025-09-28 20:50:00-07:00,2025-09-29 03:50:00+00:00,REAL_TIME_5_MIN,OAKLAND_1_N001,Node,43.68714,41.7659,0.0,1.92123,0.0
2025-09-28 20:45:00-07:00,2025-09-29 03:45:00+00:00,2025-09-28 20:50:00-07:00,2025-09-29 03:50:00+00:00,REAL_TIME_5_MIN,PGSF_2_PDRP58-APND,AP Node,44.94865,41.7659,0.0,3.18275,0.0
2025-09-28 20:45:00-07:00,2025-09-29 03:45:00+00:00,2025-09-28 20:50:00-07:00,2025-09-29 03:50:00+00:00,REAL_TIME_5_MIN,SNJOSEB_1_N001,Node,44.70205,41.7659,0.0,2.93614,0.0
2025-09-28 20:50:00-07:00,2025-09-29 03:50:00+00:00,2025-09-28 20:55:00-07:00,2025-09-29 03:55:00+00:00,REAL_TIME_5_MIN,OAKLAND_1_N001,Node,43.68714,41.7659,0.0,1.92123,0.0
2025-09-28 20:50:00-07:00,2025-09-29 03:50:00+00:00,2025-09-28 20:55:00-07:00,2025-09-29 03:55:00+00:00,REAL_TIME_5_MIN,PGSF_2_PDRP58-APND,AP Node,44.94865,41.7659,0.0,3.18275,0.0
2025-09-28 20:50:00-07:00,2025-09-29 03:50:00+00:00,2025-09-28 20:55:00-07:00,2025-09-29 03:55:00+00:00,REAL_TIME_5_MIN,SNJOSEB_1_N001,Node,44.70205,41.7659,0.0,2.93614,0.0
2025-09-28 20:55:00-07:00,2025-09-29 03:55:00+00:00,2025-09-28 21:00:00-07:00,2025-09-29 04:00:00+00:00,REAL_TIME_5_MIN,OAKLAND_1_N001,Node,43.68714,41.7659,0.0,1.92123,0.0
2025-09-28 20:55:00-07:00,2025-09-29 03:55:00+00:00,2025-09-28 21:00:00-07:00,2025-09-29 04:00:00+00:00,REAL_TIME_5_MIN,PGSF_2_PDRP58-APND,AP Node,44.94865,41.7659,0.0,3.18275,0.0
2025-09-28 20:55:00-07:00,2025-09-29 03:55:00+00:00,2025-09-28 21:00:00-07:00,2025-09-29 04:00:00+00:00,REAL_TIME_5_MIN,SNJOSEB_1_N001,Node,44.70205,41.7659,0.0,2.93614,0.0
2025-09-28 21:00:00-07:00,2025-09-29 04:00:00+00:00,2025-09-28 21:05:00-07:00,2025-09-29 04:05:00+00:00,REAL_TIME_5_MIN,OAKLAND_1_N001,Node,46.39577,44.00009,0.16047,2.2352,0.0
2025-09-28 21:00:00-07:00,2025-09-29 04:00:00+00:00,2025-09-28 21:05:00-07:00,2025-09-29 04:05:00+00:00,REAL_TIME_5_MIN,PGSF_2_PDRP58-APND,AP Node,47.83902,44.00009,0.17235,3.66657,0.0
2025-09-28 21:00:00-07:00,2025-09-29 04:00:00+00:00,2025-09-28 21:05:00-07:00,2025-09-29 04:05:00+00:00,REAL_TIME_5_MIN,SNJOSEB_1_N001,Node,47.6632,44.00009,0.1783,3.48481,0.0
2025-09-28 21:05:00-07:00,2025-09-29 04:05:00+00:00,2025-09-28 21:10:00-07:00,2025-09-29 04:10:00+00:00,REAL_TIME_5_MIN,OAKLAND_1_N001,Node,46.63167,44.24511,0.13891,2.24765,0.0
2025-09-28 21:05:00-07:00,2025-09-29 04:05:00+00:00,2025-09-28 21:10:00-07:00,2025-09-29 04:10:00+00:00,REAL_TIME_5_MIN,PGSF_2_PDRP58-APND,AP Node,48.0813,44.24511,0.1492,3.68699,0.0
2025-09-28 21:05:00-07:00,2025-09-29 04:05:00+00:00,2025-09-28 21:10:00-07:00,2025-09-29 04:10:00+00:00,REAL_TIME_5_MIN,SNJOSEB_1_N001,Node,47.90367,44.24511,0.15435,3.50421,0.0
2025-09-28 21:10:00-07:00,2025-09-29 04:10:00+00:00,2025-09-28 21:15:00-07:00,2025-09-29 04:15:00+00:00,REAL_TIME_5_MIN,OAKLAND_1_N001,Node,46.68008,44.32857,0.09962,2.25189,0.0
2025-09-28 21:10:00-07:00,2025-09-29 04:10:00+00:00,2025-09-28 21:15:00-07:00,2025-09-29 04:15:00+00:00,REAL_TIME_5_MIN,PGSF_2_PDRP58-APND,AP Node,48.12952,44.32857,0.107,3.69395,0.0
2025-09-28 21:10:00-07:00,2025-09-29 04:10:00+00:00,2025-09-28 21:15:00-07:00,2025-09-29 04:15:00+00:00,REAL_TIME_5_MIN,SNJOSEB_1_N001,Node,47.95008,44.32857,0.11069,3.51082,0.0
2025-09-28 21:15:00-07:00,2025-09-29 04:15:00+00:00,2025-09-28 21:20:00-07:00,2025-09-29 04:20:00+00:00,REAL_TIME_5_MIN,OAKLAND_1_N001,Node,46.78891,44.31535,0.10268,2.37087,0.0
2025-09-28 21:15:00-07:00,2025-09-29 04:15:00+00:00,2025-09-28 21:20:00-07:00,2025-09-29 04:20:00+00:00,REAL_TIME_5_MIN,PGSF_2_PDRP58-APND,AP Node,48.23253,44.31535,0.11029,3.80689,0.0
2025-09-28 21:15:00-07:00,2025-09-29 04:15:00+00:00,2025-09-28 21:20:00-07:00,2025-09-29 04:20:00+00:00,REAL_TIME_5_MIN,SNJOSEB_1_N001,Node,48.0633,44.31535,0.11409,3.63386,0.0
2025-09-28 21:20:00-07:00,2025-09-29 04:20:00+00:00,2025-09-28 21:25:00-07:00,2025-09-29 04:25:00+00:00,REAL_TIME_5_MIN,OAKLAND_1_N001,Node,47.17134,44.69236,0.08795,2.39104,0.0
2025-09-28 21:20:00-07:00,2025-09-29 04:20:00+00:00,2025-09-28 21:25:00-07:00,2025-09-29 04:25:00+00:00,REAL_TIME_5_MIN,PGSF_2_PDRP58-APND,AP Node,48.62609,44.69236,0.09446,3.83927,0.0
2025-09-28 21:20:00-07:00,2025-09-29 04:20:00+00:00,2025-09-28 21:25:00-07:00,2025-09-29 04:25:00+00:00,REAL_TIME_5_MIN,SNJOSEB_1_N001,Node,48.45485,44.69236,0.09772,3.66477,0.0
2025-09-28 21:25:00-07:00,2025-09-29 04:25:00+00:00,2025-09-28 21:30:00-07:00,2025-09-29 04:30:00+00:00,REAL_TIME_5_MIN,OAKLAND_1_N001,Node,47.2011,44.80408,0.0,2.39702,0.0
2025-09-28 21:25:00-07:00,2025-09-29 04:25:00+00:00,2025-09-28 21:30:00-07:00,2025-09-29 04:30:00+00:00,REAL_TIME_5_MIN,PGSF_2_PDRP58-APND,AP Node,48.66175,44.80408,0.0088,3.84887,0.0
2025-09-28 21:25:00-07:00,2025-09-29 04:25:00+00:00,2025-09-28 21:30:00-07:00,2025-09-29 04:30:00+00:00,REAL_TIME_5_MIN,SNJOSEB_1_N001,Node,48.48681,44.80408,0.0088,3.67393,0.0
2025-09-28 21:30:00-07:00,2025-09-29 04:30:00+00:00,2025-09-28 21:35:00-07:00,2025-09-29 04:35:00+00:00,REAL_TIME_5_MIN,OAKLAND_1_N001,Node,46.4423,44.40839,0.0,2.0339,0.0
2025-09-28 21:30:00-07:00,2025-09-29 04:30:00+00:00,2025-09-28 21:35:00-07:00,2025-09-29 04:35:00+00:00,REAL_TIME_5_MIN,PGSF_2_PDRP58-APND,AP Node,47.79868,44.40839,0.0,3.39029,0.0
2025-09-28 21:30:00-07:00,2025-09-29 04:30:00+00:00,2025-09-28 21:35:00-07:00,2025-09-29 04:35:00+00:00,REAL_TIME_5_MIN,SNJOSEB_1_N001,Node,47.61024,44.40839,0.0,3.20185,0.0
2025-09-28 21:35:00-07:00,2025-09-29 04:35:00+00:00,2025-09-28 21:40:00-07:00,2025-09-29 04:40:00+00:00,REAL_TIME_5_MIN,OAKLAND_1_N001,Node,47.3294,45.25665,0.0,2.07275,0.0
2025-09-28 21:35:00-07:00,2025-09-29 04:35:00+00:00,2025-09-28 21:40:00-07:00,2025-09-29 04:40:00+00:00,REAL_TIME_5_MIN,PGSF_2_PDRP58-APND,AP Node,48.71169,45.25665,0.0,3.45505,0.0
2025-09-28 21:35:00-07:00,2025-09-29 04:35:00+00:00,2025-09-28 21:40:00-07:00,2025-09-29 04:40:00+00:00,REAL_TIME_5_MIN,SNJOSEB_1_N001,Node,48.51965,45.25665,0.0,3.263,0.0
2025-09-28 21:40:00-07:00,2025-09-29 04:40:00+00:00,2025-09-28 21:45:00-07:00,2025-09-29 04:45:00+00:00,REAL_TIME_5_MIN,OAKLAND_1_N001,Node,46.72008,44.67401,0.0,2.04607,0.0
2025-09-28 21:40:00-07:00,2025-09-29 04:40:00+00:00,2025-09-28 21:45:00-07:00,2025-09-29 04:45:00+00:00,REAL_TIME_5_MIN,PGSF_2_PDRP58-APND,AP Node,48.08458,44.67401,0.0,3.41056,0.0
2025-09-28 21:40:00-07:00,2025-09-29 04:40:00+00:00,2025-09-28 21:45:00-07:00,2025-09-29 04:45:00+00:00,REAL_TIME_5_MIN,SNJOSEB_1_N001,Node,47.89501,44.67401,0.0,3.221,0.0
2025-09-28 21:45:00-07:00,2025-09-29 04:45:00+00:00,2025-09-28 21:50:00-07:00,2025-09-29 04:50:00+00:00,REAL_TIME_5_MIN,OAKLAND_1_N001,Node,46.28387,44.42256,0.0,1.86131,0.0
2025-09-28 21:45:00-07:00,2025-09-29 04:45:00+00:00,2025-09-28 21:50:00-07:00,2025-09-29 04:50:00+00:00,REAL_TIME_5_MIN,PGSF_2_PDRP58-APND,AP Node,47.67906,44.42256,0.0,3.2565,0.0
2025-09-28 21:45:00-07:00,2025-09-29 04:45:00+00:00,2025-09-28 21:50:00-07:00,2025-09-29 04:50:00+00:00,REAL_TIME_5_MIN,SNJOSEB_1_N001,Node,47.51437,44.42256,0.0,3.09181,0.0
2025-09-28 21:50:00-07:00,2025-09-29 04:50:00+00:00,2025-09-28 21:55:00-07:00,2025-09-29 04:55:00+00:00,REAL_TIME_5_MIN,OAKLAND_1_N001,Node,46.28387,44.42256,0.0,1.86131,0.0
2025-09-28 21:50:00-07:00,2025-09-29 04:50:00+00:00,2025-09-28 21:55:00-07:00,2025-09-29 04:55:00+00:00,REAL_TIME_5_MIN,PGSF_2_PDRP58-APND,AP Node,47.67906,44.42256,0.0,3.2565,0.0
2025-09-28 21:50:00-07:00,2025-09-29 04:50:00+00:00,2025-09-28 21:55:00-07:00,2025-09-29 04:55:00+00:00,REAL_TIME_5_MIN,SNJOSEB_1_N001,Node,47.51437,44.42256,0.0,3.09181,0.0
2025-09-28 21:55:00-07:00,2025-09-29 04:55:00+00:00,2025-09-28 22:00:00-07:00,2025-09-29 05:00:00+00:00,REAL_TIME_5_MIN,OAKLAND_1_N001,Node,46.32351,44.46061,0.0,1.8629,0.0
2025-09-28 21:55:00-07:00,2025-09-29 04:55:00+00:00,2025-09-28 22:00:00-07:00,2025-09-29 05:00:00+00:00,REAL_TIME_5_MIN,PGSF_2_PDRP58-APND,AP Node,47.7199,44.46061,0.0,3.25929,0.0
2025-09-28 21:55:00-07:00,2025-09-29 04:55:00+00:00,2025-09-28 22:00:00-07:00,2025-09-29 05:00:00+00:00,REAL_TIME_5_MIN,SNJOSEB_1_N001,Node,47.55507,44.46061,0.0,3.09446,0.0
2025-09-28 22:00:00-07:00,2025-09-29 05:00:00+00:00,2025-09-28 22:05:00-07:00,2025-09-29 05:05:00+00:00,REAL_TIME_5_MIN,OAKLAND_1_N001,Node,47.78303,45.76042,0.0,2.02261,0.0
2025-09-28 22:00:00-07:00,2025-09-29 05:00:00+00:00,2025-09-28 22:05:00-07:00,2025-09-29 05:05:00+00:00,REAL_TIME_5_MIN,PGSF_2_PDRP58-APND,AP Node,49.21859,45.76042,0.0,3.45818,0.0
2025-09-28 22:00:00-07:00,2025-09-29 05:00:00+00:00,2025-09-28 22:05:00-07:00,2025-09-29 05:05:00+00:00,REAL_TIME_5_MIN,SNJOSEB_1_N001,Node,49.09635,45.76042,0.0,3.33593,0.0
2025-09-28 22:05:00-07:00,2025-09-29 05:05:00+00:00,2025-09-28 22:10:00-07:00,2025-09-29 05:10:00+00:00,REAL_TIME_5_MIN,OAKLAND_1_N001,Node,47.61552,45.6,0.0,2.01552,0.0
2025-09-28 22:05:00-07:00,2025-09-29 05:05:00+00:00,2025-09-28 22:10:00-07:00,2025-09-29 05:10:00+00:00,REAL_TIME_5_MIN,PGSF_2_PDRP58-APND,AP Node,49.04605,45.6,0.0,3.44605,0.0
2025-09-28 22:05:00-07:00,2025-09-29 05:05:00+00:00,2025-09-28 22:10:00-07:00,2025-09-29 05:10:00+00:00,REAL_TIME_5_MIN,SNJOSEB_1_N001,Node,48.92424,45.6,0.0,3.32424,0.0
2025-09-28 22:10:00-07:00,2025-09-29 05:10:00+00:00,2025-09-28 22:15:00-07:00,2025-09-29 05:15:00+00:00,REAL_TIME_5_MIN,OAKLAND_1_N001,Node,47.20956,45.21122,0.0,1.99834,0.0
2025-09-28 22:10:00-07:00,2025-09-29 05:10:00+00:00,2025-09-28 22:15:00-07:00,2025-09-29 05:15:00+00:00,REAL_TIME_5_MIN,PGSF_2_PDRP58-APND,AP Node,48.62789,45.21122,0.0,3.41667,0.0
2025-09-28 22:10:00-07:00,2025-09-29 05:10:00+00:00,2025-09-28 22:15:00-07:00,2025-09-29 05:15:00+00:00,REAL_TIME_5_MIN,SNJOSEB_1_N001,Node,48.50712,45.21122,0.0,3.2959,0.0
2025-09-28 22:15:00-07:00,2025-09-29 05:15:00+00:00,2025-09-28 22:20:00-07:00,2025-09-29 05:20:00+00:00,REAL_TIME_5_MIN,OAKLAND_1_N001,Node,47.0999,45.26225,0.0,1.83765,0.0
2025-09-28 22:15:00-07:00,2025-09-29 05:15:00+00:00,2025-09-28 22:20:00-07:00,2025-09-29 05:20:00+00:00,REAL_TIME_5_MIN,PGSF_2_PDRP58-APND,AP Node,48.44175,45.26225,0.0,3.1795,0.0
2025-09-28 22:15:00-07:00,2025-09-29 05:15:00+00:00,2025-09-28 22:20:00-07:00,2025-09-29 05:20:00+00:00,REAL_TIME_5_MIN,SNJOSEB_1_N001,Node,48.31293,45.26225,0.0,3.05068,0.0
2025-09-28 22:20:00-07:00,2025-09-29 05:20:00+00:00,2025-09-28 22:25:00-07:00,2025-09-29 05:25:00+00:00,REAL_TIME_5_MIN,OAKLAND_1_N001,Node,47.81791,45.95225,0.0,1.86566,0.0
2025-09-28 22:20:00-07:00,2025-09-29 05:20:00+00:00,2025-09-28 22:25:00-07:00,2025-09-29 05:25:00+00:00,REAL_TIME_5_MIN,PGSF_2_PDRP58-APND,AP Node,49.18022,45.95225,0.0,3.22797,0.0
2025-09-28 22:20:00-07:00,2025-09-29 05:20:00+00:00,2025-09-28 22:25:00-07:00,2025-09-29 05:25:00+00:00,REAL_TIME_5_MIN,SNJOSEB_1_N001,Node,49.04943,45.95225,0.0,3.09718,0.0
2025-09-28 22:25:00-07:00,2025-09-29 05:25:00+00:00,2025-09-28 22:30:00-07:00,2025-09-29 05:30:00+00:00,REAL_TIME_5_MIN,OAKLAND_1_N001,Node,47.13889,45.29972,0.0,1.83917,0.0
2025-09-28 22:25:00-07:00,2025-09-29 05:25:00+00:00,2025-09-28 22:30:00-07:00,2025-09-29 05:30:00+00:00,REAL_TIME_5_MIN,PGSF_2_PDRP58-APND,AP Node,48.48186,45.29972,0.0,3.18213,0.0
2025-09-28 22:25:00-07:00,2025-09-29 05:25:00+00:00,2025-09-28 22:30:00-07:00,2025-09-29 05:30:00+00:00,REAL_TIME_5_MIN,SNJOSEB_1_N001,Node,48.35292,45.29972,0.0,3.0532,0.0
2025-09-28 22:30:00-07:00,2025-09-29 05:30:00+00:00,2025-09-28 22:35:00-07:00,2025-09-29 05:35:00+00:00,REAL_TIME_5_MIN,OAKLAND_1_N001,Node,47.06712,45.47987,0.0,1.58725,0.0
2025-09-28 22:30:00-07:00,2025-09-29 05:30:00+00:00,2025-09-28 22:35:00-07:00,2025-09-29 05:35:00+00:00,REAL_TIME_5_MIN,PGSF_2_PDRP58-APND,AP Node,48.4081,45.47987,0.0,2.92823,0.0
2025-09-28 22:30:00-07:00,2025-09-29 05:30:00+00:00,2025-09-28 22:35:00-07:00,2025-09-29 05:35:00+00:00,REAL_TIME_5_MIN,SNJOSEB_1_N001,Node,48.29507,45.47987,0.0,2.8152,0.0
2025-09-28 22:35:00-07:00,2025-09-29 05:35:00+00:00,2025-09-28 22:40:00-07:00,2025-09-29 05:40:00+00:00,REAL_TIME_5_MIN,OAKLAND_1_N001,Node,46.97607,45.39189,0.0,1.58418,0.0
2025-09-28 22:35:00-07:00,2025-09-29 05:35:00+00:00,2025-09-28 22:40:00-07:00,2025-09-29 05:40:00+00:00,REAL_TIME_5_MIN,PGSF_2_PDRP58-APND,AP Node,48.31445,45.39189,0.0,2.92256,0.0
2025-09-28 22:35:00-07:00,2025-09-29 05:35:00+00:00,2025-09-28 22:40:00-07:00,2025-09-29 05:40:00+00:00,REAL_TIME_5_MIN,SNJOSEB_1_N001,Node,48.20165,45.39189,0.0,2.80976,0.0
2025-09-28 22:40:00-07:00,2025-09-29 05:40:00+00:00,2025-09-28 22:45:00-07:00,2025-09-29 05:45:00+00:00,REAL_TIME_5_MIN,OAKLAND_1_N001,Node,47.12904,45.53971,0.0,1.58934,0.0
2025-09-28 22:40:00-07:00,2025-09-29 05:40:00+00:00,2025-09-28 22:45:00-07:00,2025-09-29 05:45:00+00:00,REAL_TIME_5_MIN,PGSF_2_PDRP58-APND,AP Node,48.47178,45.53971,0.0,2.93208,0.0
2025-09-28 22:40:00-07:00,2025-09-29 05:40:00+00:00,2025-09-28 22:45:00-07:00,2025-09-29 05:45:00+00:00,REAL_TIME_5_MIN,SNJOSEB_1_N001,Node,48.35861,45.53971,0.0,2.81891,0.0
2025-09-28 22:45:00-07:00,2025-09-29 05:45:00+00:00,2025-09-28 22:50:00-07:00,2025-09-29 05:50:00+00:00,REAL_TIME_5_MIN,OAKLAND_1_N001,Node,46.56688,45.19302,0.0,1.37387,0.0
2025-09-28 22:45:00-07:00,2025-09-29 05:45:00+00:00,2025-09-28 22:50:00-07:00,2025-09-29 05:50:00+00:00,REAL_TIME_5_MIN,PGSF_2_PDRP58-APND,AP Node,47.86614,45.19302,0.0,2.67313,0.0
2025-09-28 22:45:00-07:00,2025-09-29 05:45:00+00:00,2025-09-28 22:50:00-07:00,2025-09-29 05:50:00+00:00,REAL_TIME_5_MIN,SNJOSEB_1_N001,Node,47.7645,45.19302,0.0,2.57148,0.0
2025-09-28 22:50:00-07:00,2025-09-29 05:50:00+00:00,2025-09-28 22:55:00-07:00,2025-09-29 05:55:00+00:00,REAL_TIME_5_MIN,OAKLAND_1_N001,Node,46.73836,45.35943,0.0,1.37893,0.0
2025-09-28 22:50:00-07:00,2025-09-29 05:50:00+00:00,2025-09-28 22:55:00-07:00,2025-09-29 05:55:00+00:00,REAL_TIME_5_MIN,PGSF_2_PDRP58-APND,AP Node,48.0424,45.35943,0.0,2.68297,0.0
2025-09-28 22:50:00-07:00,2025-09-29 05:50:00+00:00,2025-09-28 22:55:00-07:00,2025-09-29 05:55:00+00:00,REAL_TIME_5_MIN,SNJOSEB_1_N001,Node,47.94038,45.35943,0.0,2.58095,0.0
2025-09-28 22:55:00-07:00,2025-09-29 05:55:00+00:00,2025-09-28 23:00:00-07:00,2025-09-29 06:00:00+00:00,REAL_TIME_5_MIN,OAKLAND_1_N001,Node,46.81166,45.43057,0.0,1.38109,0.0
2025-09-28 22:55:00-07:00,2025-09-29 05:55:00+00:00,2025-09-28 23:00:00-07:00,2025-09-29 06:00:00+00:00,REAL_TIME_5_MIN,PGSF_2_PDRP58-APND,AP Node,48.11775,45.43057,0.0,2.68718,0.0
2025-09-28 22:55:00-07:00,2025-09-29 05:55:00+00:00,2025-09-28 23:00:00-07:00,2025-09-29 06:00:00+00:00,REAL_TIME_5_MIN,SNJOSEB_1_N001,Node,48.01557,45.43057,0.0,2.585,0.0
2025-09-28 23:00:00-07:00,2025-09-29 06:00:00+00:00,2025-09-28 23:05:00-07:00,2025-09-29 06:05:00+00:00,REAL_TIME_5_MIN,OAKLAND_1_N001,Node,47.0233,45.56079,0.0,1.4625,0.0
2025-09-28 23:00:00-07:00,2025-09-29 06:00:00+00:00,2025-09-28 23:05:00-07:00,2025-09-29 06:05:00+00:00,REAL_TIME_5_MIN,PGSF_2_PDRP58-APND,AP Node,48.4288,45.56079,0.0,2.86801,0.0
2025-09-28 23:00:00-07:00,2025-09-29 06:00:00+00:00,2025-09-28 23:05:00-07:00,2025-09-29 06:05:00+00:00,REAL_TIME_5_MIN,SNJOSEB_1_N001,Node,48.39012,45.56079,0.0,2.82933,0.0
2025-09-28 23:05:00-07:00,2025-09-29 06:05:00+00:00,2025-09-28 23:10:00-07:00,2025-09-29 06:10:00+00:00,REAL_TIME_5_MIN,OAKLAND_1_N001,Node,47.26664,45.79657,0.0,1.47007,0.0
2025-09-28 23:05:00-07:00,2025-09-29 06:05:00+00:00,2025-09-28 23:10:00-07:00,2025-09-29 06:10:00+00:00,REAL_TIME_5_MIN,PGSF_2_PDRP58-APND,AP Node,48.67942,45.79657,0.0,2.88285,0.0
2025-09-28 23:05:00-07:00,2025-09-29 06:05:00+00:00,2025-09-28 23:10:00-07:00,2025-09-29 06:10:00+00:00,REAL_TIME_5_MIN,SNJOSEB_1_N001,Node,48.64054,45.79657,0.0,2.84397,0.0
2025-09-28 23:10:00-07:00,2025-09-29 06:10:00+00:00,2025-09-28 23:15:00-07:00,2025-09-29 06:15:00+00:00,REAL_TIME_5_MIN,OAKLAND_1_N001,Node,46.93121,45.47157,0.0,1.45964,0.0
2025-09-28 23:10:00-07:00,2025-09-29 06:10:00+00:00,2025-09-28 23:15:00-07:00,2025-09-29 06:15:00+00:00,REAL_TIME_5_MIN,PGSF_2_PDRP58-APND,AP Node,48.33396,45.47157,0.0,2.86239,0.0
2025-09-28 23:10:00-07:00,2025-09-29 06:10:00+00:00,2025-09-28 23:15:00-07:00,2025-09-29 06:15:00+00:00,REAL_TIME_5_MIN,SNJOSEB_1_N001,Node,48.29535,45.47157,0.0,2.82378,0.0
2025-09-28 23:15:00-07:00,2025-09-29 06:15:00+00:00,2025-09-28 23:20:00-07:00,2025-09-29 06:20:00+00:00,REAL_TIME_5_MIN,OAKLAND_1_N001,Node,46.8246,45.56695,0.0,1.25765,0.0
2025-09-28 23:15:00-07:00,2025-09-29 06:15:00+00:00,2025-09-28 23:20:00-07:00,2025-09-29 06:20:00+00:00,REAL_TIME_5_MIN,PGSF_2_PDRP58-APND,AP Node,48.25194,45.56695,0.0,2.68499,0.0
2025-09-28 23:15:00-07:00,2025-09-29 06:15:00+00:00,2025-09-28 23:20:00-07:00,2025-09-29 06:20:00+00:00,REAL_TIME_5_MIN,SNJOSEB_1_N001,Node,48.23262,45.56695,0.0,2.66567,0.0
2025-09-28 23:20:00-07:00,2025-09-29 06:20:00+00:00,2025-09-28 23:25:00-07:00,2025-09-29 06:25:00+00:00,REAL_TIME_5_MIN,OAKLAND_1_N001,Node,47.45421,46.17965,0.0,1.27456,0.0
2025-09-28 23:20:00-07:00,2025-09-29 06:20:00+00:00,2025-09-28 23:25:00-07:00,2025-09-29 06:25:00+00:00,REAL_TIME_5_MIN,PGSF_2_PDRP58-APND,AP Node,48.90074,46.17965,0.0,2.72109,0.0
2025-09-28 23:20:00-07:00,2025-09-29 06:20:00+00:00,2025-09-28 23:25:00-07:00,2025-09-29 06:25:00+00:00,REAL_TIME_5_MIN,SNJOSEB_1_N001,Node,48.88116,46.17965,0.0,2.70151,0.0
2025-09-28 23:25:00-07:00,2025-09-29 06:25:00+00:00,2025-09-28 23:30:00-07:00,2025-09-29 06:30:00+00:00,REAL_TIME_5_MIN,OAKLAND_1_N001,Node,47.72064,46.43892,0.0,1.28171,0.0
2025-09-28 23:25:00-07:00,2025-09-29 06:25:00+00:00,2025-09-28 23:30:00-07:00,2025-09-29 06:30:00+00:00,REAL_TIME_5_MIN,PGSF_2_PDRP58-APND,AP Node,49.17529,46.43892,0.0,2.73637,0.0
2025-09-28 23:25:00-07:00,2025-09-29 06:25:00+00:00,2025-09-28 23:30:00-07:00,2025-09-29 06:30:00+00:00,REAL_TIME_5_MIN,SNJOSEB_1_N001,Node,49.1556,46.43892,0.0,2.71668,0.0
2025-09-28 23:30:00-07:00,2025-09-29 06:30:00+00:00,2025-09-28 23:35:00-07:00,2025-09-29 06:35:00+00:00,REAL_TIME_5_MIN,OAKLAND_1_N001,Node,47.65505,46.37961,0.0,1.27544,0.0
2025-09-28 23:30:00-07:00,2025-09-29 06:30:00+00:00,2025-09-28 23:35:00-07:00,2025-09-29 06:35:00+00:00,REAL_TIME_5_MIN,PGSF_2_PDRP58-APND,AP Node,48.97347,46.37961,0.0,2.59386,0.0
2025-09-28 23:30:00-07:00,2025-09-29 06:30:00+00:00,2025-09-28 23:35:00-07:00,2025-09-29 06:35:00+00:00,REAL_TIME_5_MIN,SNJOSEB_1_N001,Node,48.93049,46.37961,0.0,2.55088,0.0
2025-09-28 23:35:00-07:00,2025-09-29 06:35:00+00:00,2025-09-28 23:40:00-07:00,2025-09-29 06:40:00+00:00,REAL_TIME_5_MIN,OAKLAND_1_N001,Node,46.98337,45.7259,0.0,1.25746,0.0
2025-09-28 23:35:00-07:00,2025-09-29 06:35:00+00:00,2025-09-28 23:40:00-07:00,2025-09-29 06:40:00+00:00,REAL_TIME_5_MIN,PGSF_2_PDRP58-APND,AP Node,48.28321,45.7259,0.0,2.5573,0.0
2025-09-28 23:35:00-07:00,2025-09-29 06:35:00+00:00,2025-09-28 23:40:00-07:00,2025-09-29 06:40:00+00:00,REAL_TIME_5_MIN,SNJOSEB_1_N001,Node,48.24083,45.7259,0.0,2.51492,0.0
2025-09-28 23:40:00-07:00,2025-09-29 06:40:00+00:00,2025-09-28 23:45:00-07:00,2025-09-29 06:45:00+00:00,REAL_TIME_5_MIN,OAKLAND_1_N001,Node,46.87437,45.61982,0.0,1.25455,0.0
2025-09-28 23:40:00-07:00,2025-09-29 06:40:00+00:00,2025-09-28 23:45:00-07:00,2025-09-29 06:45:00+00:00,REAL_TIME_5_MIN,PGSF_2_PDRP58-APND,AP Node,48.17119,45.61982,0.0,2.55137,0.0
2025-09-28 23:40:00-07:00,2025-09-29 06:40:00+00:00,2025-09-28 23:45:00-07:00,2025-09-29 06:45:00+00:00,REAL_TIME_5_MIN,SNJOSEB_1_N001,Node,48.12891,45.61982,0.0,2.50909,0.0
2025-09-28 23:45:00-07:00,2025-09-29 06:45:00+00:00,2025-09-28 23:50:00-07:00,2025-09-29 06:50:00+00:00,REAL_TIME_5_MIN,OAKLAND_1_N001,Node,46.43025,45.31549,0.0,1.11476,0.0
2025-09-28 23:45:00-07:00,2025-09-29 06:45:00+00:00,2025-09-28 23:50:00-07:00,2025-09-29 06:50:00+00:00,REAL_TIME_5_MIN,PGSF_2_PDRP58-APND,AP Node,47.702,45.31549,0.0,2.38651,0.0
2025-09-28 23:45:00-07:00,2025-09-29 06:45:00+00:00,2025-09-28 23:50:00-07:00,2025-09-29 06:50:00+00:00,REAL_TIME_5_MIN,SNJOSEB_1_N001,Node,47.6719,45.31549,0.0,2.35641,0.0
2025-09-28 23:50:00-07:00,2025-09-29 06:50:00+00:00,2025-09-28 23:55:00-07:00,2025-09-29 06:55:00+00:00,REAL_TIME_5_MIN,OAKLAND_1_N001,Node,45.3489,44.2601,0.0,1.0888,0.0
2025-09-28 23:50:00-07:00,2025-09-29 06:50:00+00:00,2025-09-28 23:55:00-07:00,2025-09-29 06:55:00+00:00,REAL_TIME_5_MIN,PGSF_2_PDRP58-APND,AP Node,46.59103,44.2601,0.0,2.33093,0.0
2025-09-28 23:50:00-07:00,2025-09-29 06:50:00+00:00,2025-09-28 23:55:00-07:00,2025-09-29 06:55:00+00:00,REAL_TIME_5_MIN,SNJOSEB_1_N001,Node,46.56163,44.2601,0.0,2.30153,0.0
2025-09-28 23:55:00-07:00,2025-09-29 06:55:00+00:00,2025-09-29 00:00:00-07:00,2025-09-29 07:00:00+00:00,REAL_TIME_5_MIN,OAKLAND_1_N001,Node,46.96758,45.83992,0.0,1.12766,0.0
2025-09-28 23:55:00-07:00,2025-09-29 06:55:00+00:00,2025-09-29 00:00:00-07:00,2025-09-29 07:00:00+00:00,REAL_TIME_5_MIN,PGSF_2_PDRP58-APND,AP Node,48.25405,45.83992,0.0,2.41413,0.0
2025-09-28 23:55:00-07:00,2025-09-29 06:55:00+00:00,2025-09-29 00:00:00-07:00,2025-09-29 07:00:00+00:00,REAL_TIME_5_MIN,SNJOSEB_1_N001,Node,48.2236,45.83992,0.0,2.38368,0.0
2025-09-28 00:00:00-07:00,2025-09-28 07:00:00+00:00,2025-09-28 00:05:00-07:00,2025-09-28 07:05:00+00:00,REAL_TIME_5_MIN,BALCH1_7_N001,Node,41.70215,41.66881,0.0,0.03334,0.0
2025-09-28 00:00:00-07:00,2025-09-28 07:00:00+00:00,2025-09-28 00:05:00-07:00,2025-09-28 07:05:00+00:00,REAL_TIME_5_MIN,BEARTAP_1_N001,Node,41.83965,41.66881,0.0,0.17084,0.0
2025-09-28 00:00:00-07:00,2025-09-28 07:00:00+00:00,2025-09-28 00:05:00-07:00,2025-09-28 07:05:00+00:00,REAL_TIME_5_MIN,SOUTHBY_6_N001,Node,41.93132,41.66881,0.0,0.26251,0.0
2025-09-28 00:05:00-07:00,2025-09-28 07:05:00+00:00,2025-09-28 00:10:00-07:00,2025-09-28 07:10:00+00:00,REAL_TIME_5_MIN,BALCH1_7_N001,Node,41.57441,41.54118,0.0,0.03323,0.0
2025-09-28 00:05:00-07:00,2025-09-28 07:05:00+00:00,2025-09-28 00:10:00-07:00,2025-09-28 07:10:00+00:00,REAL_TIME_5_MIN,BEARTAP_1_N001,Node,41.7115,41.54118,0.0,0.17032,0.0
2025-09-28 00:05:00-07:00,2025-09-28 07:05:00+00:00,2025-09-28 00:10:00-07:00,2025-09-28 07:10:00+00:00,REAL_TIME_5_MIN,SOUTHBY_6_N001,Node,41.80289,41.54118,0.0,0.26171,0.0
2025-09-28 00:10:00-07:00,2025-09-28 07:10:00+00:00,2025-09-28 00:15:00-07:00,2025-09-28 07:15:00+00:00,REAL_TIME_5_MIN,BALCH1_7_N001,Node,41.57441,41.54118,0.0,0.03323,0.0
2025-09-28 00:10:00-07:00,2025-09-28 07:10:00+00:00,2025-09-28 00:15:00-07:00,2025-09-28 07:15:00+00:00,REAL_TIME_5_MIN,BEARTAP_1_N001,Node,41.7115,41.54118,0.0,0.17032,0.0
2025-09-28 00:10:00-07:00,2025-09-28 07:10:00+00:00,2025-09-28 00:15:00-07:00,2025-09-28 07:15:00+00:00,REAL_TIME_5_MIN,SOUTHBY_6_N001,Node,41.80289,41.54118,0.0,0.26171,0.0
2025-09-28 00:15:00-07:00,2025-09-28 07:15:00+00:00,2025-09-28 00:20:00-07:00,2025-09-28 07:20:00+00:00,REAL_TIME_5_MIN,BALCH1_7_N001,Node,41.54425,41.59416,0.0,-0.04991,0.0
2025-09-28 00:15:00-07:00,2025-09-28 07:15:00+00:00,2025-09-28 00:20:00-07:00,2025-09-28 07:20:00+00:00,REAL_TIME_5_MIN,BEARTAP_1_N001,Node,41.83541,41.59416,0.0,0.24125,0.0
2025-09-28 00:15:00-07:00,2025-09-28 07:15:00+00:00,2025-09-28 00:20:00-07:00,2025-09-28 07:20:00+00:00,REAL_TIME_5_MIN,SOUTHBY_6_N001,Node,41.74806,41.59416,0.0,0.1539,0.0
2025-09-28 00:20:00-07:00,2025-09-28 07:20:00+00:00,2025-09-28 00:25:00-07:00,2025-09-28 07:25:00+00:00,REAL_TIME_5_MIN,BALCH1_7_N001,Node,41.78362,41.83382,0.0,-0.0502,0.0
2025-09-28 00:20:00-07:00,2025-09-28 07:20:00+00:00,2025-09-28 00:25:00-07:00,2025-09-28 07:25:00+00:00,REAL_TIME_5_MIN,BEARTAP_1_N001,Node,42.07645,41.83382,0.0,0.24264,0.0
2025-09-28 00:20:00-07:00,2025-09-28 07:20:00+00:00,2025-09-28 00:25:00-07:00,2025-09-28 07:25:00+00:00,REAL_TIME_5_MIN,SOUTHBY_6_N001,Node,41.9886,41.83382,0.0,0.15479,0.0
2025-09-28 00:25:00-07:00,2025-09-28 07:25:00+00:00,2025-09-28 00:30:00-07:00,2025-09-28 07:30:00+00:00,REAL_TIME_5_MIN,BALCH1_7_N001,Node,41.99288,42.04333,0.0,-0.05045,0.0
2025-09-28 00:25:00-07:00,2025-09-28 07:25:00+00:00,2025-09-28 00:30:00-07:00,2025-09-28 07:30:00+00:00,REAL_TIME_5_MIN,BEARTAP_1_N001,Node,42.28718,42.04333,0.0,0.24385,0.0
2025-09-28 00:25:00-07:00,2025-09-28 07:25:00+00:00,2025-09-28 00:30:00-07:00,2025-09-28 07:30:00+00:00,REAL_TIME_5_MIN,SOUTHBY_6_N001,Node,42.19889,42.04333,0.0,0.15556,0.0
2025-09-28 00:30:00-07:00,2025-09-28 07:30:00+00:00,2025-09-28 00:35:00-07:00,2025-09-28 07:35:00+00:00,REAL_TIME_5_MIN,BALCH1_7_N001,Node,42.13544,42.26646,0.0,-0.13103,0.0
2025-09-28 00:30:00-07:00,2025-09-28 07:30:00+00:00,2025-09-28 00:35:00-07:00,2025-09-28 07:35:00+00:00,REAL_TIME_5_MIN,BEARTAP_1_N001,Node,42.47357,42.26646,0.0,0.20711,0.0
2025-09-28 00:30:00-07:00,2025-09-28 07:30:00+00:00,2025-09-28 00:35:00-07:00,2025-09-28 07:35:00+00:00,REAL_TIME_5_MIN,SOUTHBY_6_N001,Node,42.41862,42.26646,0.0,0.15216,0.0
2025-09-28 00:35:00-07:00,2025-09-28 07:35:00+00:00,2025-09-28 00:40:00-07:00,2025-09-28 07:40:00+00:00,REAL_TIME_5_MIN,BALCH1_7_N001,Node,42.02364,42.15431,0.0,-0.13068,0.0
2025-09-28 00:35:00-07:00,2025-09-28 07:35:00+00:00,2025-09-28 00:40:00-07:00,2025-09-28 07:40:00+00:00,REAL_TIME_5_MIN,BEARTAP_1_N001,Node,42.36087,42.15431,0.0,0.20656,0.0
2025-09-28 00:35:00-07:00,2025-09-28 07:35:00+00:00,2025-09-28 00:40:00-07:00,2025-09-28 07:40:00+00:00,REAL_TIME_5_MIN,SOUTHBY_6_N001,Node,42.30607,42.15431,0.0,0.15176,0.0
2025-09-28 00:40:00-07:00,2025-09-28 07:40:00+00:00,2025-09-28 00:45:00-07:00,2025-09-28 07:45:00+00:00,REAL_TIME_5_MIN,BALCH1_7_N001,Node,41.73506,41.86484,0.0,-0.12978,0.0
2025-09-28 00:40:00-07:00,2025-09-28 07:40:00+00:00,2025-09-28 00:45:00-07:00,2025-09-28 07:45:00+00:00,REAL_TIME_5_MIN,BEARTAP_1_N001,Node,42.06998,41.86484,0.0,0.20514,0.0
2025-09-28 00:40:00-07:00,2025-09-28 07:40:00+00:00,2025-09-28 00:45:00-07:00,2025-09-28 07:45:00+00:00,REAL_TIME_5_MIN,SOUTHBY_6_N001,Node,42.01556,41.86484,0.0,0.15071,0.0
2025-09-28 00:45:00-07:00,2025-09-28 07:45:00+00:00,2025-09-28 00:50:00-07:00,2025-09-28 07:50:00+00:00,REAL_TIME_5_MIN,BALCH1_7_N001,Node,41.55554,41.68894,0.0,-0.1334,0.0
2025-09-28 00:45:00-07:00,2025-09-28 07:45:00+00:00,2025-09-28 00:50:00-07:00,2025-09-28 07:50:00+00:00,REAL_TIME_5_MIN,BEARTAP_1_N001,Node,41.88905,41.68894,0.0,0.20011,0.0
2025-09-28 00:45:00-07:00,2025-09-28 07:45:00+00:00,2025-09-28 00:50:00-07:00,2025-09-28 07:50:00+00:00,REAL_TIME_5_MIN,SOUTHBY_6_N001,Node,41.95575,41.68894,0.0,0.26681,0.0
2025-09-28 00:50:00-07:00,2025-09-28 07:50:00+00:00,2025-09-28 00:55:00-07:00,2025-09-28 07:55:00+00:00,REAL_TIME_5_MIN,BALCH1_7_N001,Node,41.60141,41.73496,0.0,-0.13355,0.0
2025-09-28 00:50:00-07:00,2025-09-28 07:50:00+00:00,2025-09-28 00:55:00-07:00,2025-09-28 07:55:00+00:00,REAL_TIME_5_MIN,BEARTAP_1_N001,Node,41.93529,41.73496,0.0,0.20033,0.0
2025-09-28 00:50:00-07:00,2025-09-28 07:50:00+00:00,2025-09-28 00:55:00-07:00,2025-09-28 07:55:00+00:00,REAL_TIME_5_MIN,SOUTHBY_6_N001,Node,42.00206,41.73496,0.0,0.2671,0.0
2025-09-28 00:55:00-07:00,2025-09-28 07:55:00+00:00,2025-09-28 01:00:00-07:00,2025-09-28 08:00:00+00:00,REAL_TIME_5_MIN,BALCH1_7_N001,Node,41.73501,41.86899,0.0,-0.13398,0.0
2025-09-28 00:55:00-07:00,2025-09-28 07:55:00+00:00,2025-09-28 01:00:00-07:00,2025-09-28 08:00:00+00:00,REAL_TIME_5_MIN,BEARTAP_1_N001,Node,42.06996,41.86899,0.0,0.20097,0.0
2025-09-28 00:55:00-07:00,2025-09-28 07:55:00+00:00,2025-09-28 01:00:00-07:00,2025-09-28 08:00:00+00:00,REAL_TIME_5_MIN,SOUTHBY_6_N001,Node,42.13695,41.86899,0.0,0.26796,0.0
2025-09-28 01:00:00-07:00,2025-09-28 08:00:00+00:00,2025-09-28 01:05:00-07:00,2025-09-28 08:05:00+00:00,REAL_TIME_5_MIN,BALCH1_7_N001,Node,43.00557,42.71511,0.0,0.29046,0.0
2025-09-28 01:00:00-07:00,2025-09-28 08:00:00+00:00,2025-09-28 01:05:00-07:00,2025-09-28 08:05:00+00:00,REAL_TIME_5_MIN,BEARTAP_1_N001,Node,42.95858,42.71511,0.0,0.24348,0.0
2025-09-28 01:00:00-07:00,2025-09-28 08:00:00+00:00,2025-09-28 01:05:00-07:00,2025-09-28 08:05:00+00:00,REAL_TIME_5_MIN,SOUTHBY_6_N001,Node,43.10381,42.71511,0.0,0.38871,0.0
2025-09-28 01:05:00-07:00,2025-09-28 08:05:00+00:00,2025-09-28 01:10:00-07:00,2025-09-28 08:10:00+00:00,REAL_TIME_5_MIN,BALCH1_7_N001,Node,43.00515,42.71469,0.0,0.29046,0.0
2025-09-28 01:05:00-07:00,2025-09-28 08:05:00+00:00,2025-09-28 01:10:00-07:00,2025-09-28 08:10:00+00:00,REAL_TIME_5_MIN,BEARTAP_1_N001,Node,42.95817,42.71469,0.0,0.24347,0.0
2025-09-28 01:05:00-07:00,2025-09-28 08:05:00+00:00,2025-09-28 01:10:00-07:00,2025-09-28 08:10:00+00:00,REAL_TIME_5_MIN,SOUTHBY_6_N001,Node,43.1034,42.71469,0.0,0.3887,0.0
2025-09-28 01:10:00-07:00,2025-09-28 08:10:00+00:00,2025-09-28 01:15:00-07:00,2025-09-28 08:15:00+00:00,REAL_TIME_5_MIN,BALCH1_7_N001,Node,43.02603,42.73543,0.0,0.2906,0.0
2025-09-28 01:10:00-07:00,2025-09-28 08:10:00+00:00,2025-09-28 01:15:00-07:00,2025-09-28 08:15:00+00:00,REAL_TIME_5_MIN,BEARTAP_1_N001,Node,42.97902,42.73543,0.0,0.24359,0.0
2025-09-28 01:10:00-07:00,2025-09-28 08:10:00+00:00,2025-09-28 01:15:00-07:00,2025-09-28 08:15:00+00:00,REAL_TIME_5_MIN,SOUTHBY_6_N001,Node,43.12432,42.73543,0.0,0.38889,0.0
2025-09-28 01:15:00-07:00,2025-09-28 08:15:00+00:00,2025-09-28 01:20:00-07:00,2025-09-28 08:20:00+00:00,REAL_TIME_5_MIN,BALCH1_7_N001,Node,42.75421,42.52881,0.0,0.2254,0.0
2025-09-28 01:15:00-07:00,2025-09-28 08:15:00+00:00,2025-09-28 01:20:00-07:00,2025-09-28 08:20:00+00:00,REAL_TIME_5_MIN,BEARTAP_1_N001,Node,42.76697,42.52881,0.0,0.23816,0.0
2025-09-28 01:15:00-07:00,2025-09-28 08:15:00+00:00,2025-09-28 01:20:00-07:00,2025-09-28 08:20:00+00:00,REAL_TIME_5_MIN,SOUTHBY_6_N001,Node,42.85203,42.52881,0.0,0.32322,0.0
2025-09-28 01:20:00-07:00,2025-09-28 08:20:00+00:00,2025-09-28 01:25:00-07:00,2025-09-28 08:25:00+00:00,REAL_TIME_5_MIN,BALCH1_7_N001,Node,42.92863,42.70231,0.0,0.22632,0.0
2025-09-28 01:20:00-07:00,2025-09-28 08:20:00+00:00,2025-09-28 01:25:00-07:00,2025-09-28 08:25:00+00:00,REAL_TIME_5_MIN,BEARTAP_1_N001,Node,42.94145,42.70231,0.0,0.23913,0.0
2025-09-28 01:20:00-07:00,2025-09-28 08:20:00+00:00,2025-09-28 01:25:00-07:00,2025-09-28 08:25:00+00:00,REAL_TIME_5_MIN,SOUTHBY_6_N001,Node,43.02685,42.70231,0.0,0.32454,0.0
2025-09-28 01:25:00-07:00,2025-09-28 08:25:00+00:00,2025-09-28 01:30:00-07:00,2025-09-28 08:30:00+00:00,REAL_TIME_5_MIN,BALCH1_7_N001,Node,42.99125,42.7646,0.0,0.22665,0.0
2025-09-28 01:25:00-07:00,2025-09-28 08:25:00+00:00,2025-09-28 01:30:00-07:00,2025-09-28 08:30:00+00:00,REAL_TIME_5_MIN,BEARTAP_1_N001,Node,43.00408,42.7646,0.0,0.23948,0.0
2025-09-28 01:25:00-07:00,2025-09-28 08:25:00+00:00,2025-09-28 01:30:00-07:00,2025-09-28 08:30:00+00:00,REAL_TIME_5_MIN,SOUTHBY_6_N001,Node,43.08961,42.7646,0.0,0.32501,0.0
2025-09-28 01:30:00-07:00,2025-09-28 08:30:00+00:00,2025-09-28 01:35:00-07:00,2025-09-28 08:35:00+00:00,REAL_TIME_5_MIN,BALCH1_7_N001,Node,42.81225,42.54422,0.0,0.26803,0.0
2025-09-28 01:30:00-07:00,2025-09-28 08:30:00+00:00,2025-09-28 01:35:00-07:00,2025-09-28 08:35:00+00:00,REAL_TIME_5_MIN,BEARTAP_1_N001,Node,42.74843,42.54422,0.0,0.20421,0.0
2025-09-28 01:30:00-07:00,2025-09-28 08:30:00+00:00,2025-09-28 01:35:00-07:00,2025-09-28 08:35:00+00:00,REAL_TIME_5_MIN,SOUTHBY_6_N001,Node,42.80799,42.54422,0.0,0.26377,0.0
2025-09-28 01:35:00-07:00,2025-09-28 08:35:00+00:00,2025-09-28 01:40:00-07:00,2025-09-28 08:40:00+00:00,REAL_TIME_5_MIN,BALCH1_7_N001,Node,42.81225,42.54422,0.0,0.26803,0.0
2025-09-28 01:35:00-07:00,2025-09-28 08:35:00+00:00,2025-09-28 01:40:00-07:00,2025-09-28 08:40:00+00:00,REAL_TIME_5_MIN,BEARTAP_1_N001,Node,42.74843,42.54422,0.0,0.20421,0.0
2025-09-28 01:35:00-07:00,2025-09-28 08:35:00+00:00,2025-09-28 01:40:00-07:00,2025-09-28 08:40:00+00:00,REAL_TIME_5_MIN,SOUTHBY_6_N001,Node,42.80799,42.54422,0.0,0.26377,0.0
2025-09-28 01:40:00-07:00,2025-09-28 08:40:00+00:00,2025-09-28 01:45:00-07:00,2025-09-28 08:45:00+00:00,REAL_TIME_5_MIN,BALCH1_7_N001,Node,42.61456,42.34777,0.0,0.26679,0.0
2025-09-28 01:40:00-07:00,2025-09-28 08:40:00+00:00,2025-09-28 01:45:00-07:00,2025-09-28 08:45:00+00:00,REAL_TIME_5_MIN,BEARTAP_1_N001,Node,42.55104,42.34777,0.0,0.20327,0.0
2025-09-28 01:40:00-07:00,2025-09-28 08:40:00+00:00,2025-09-28 01:45:00-07:00,2025-09-28 08:45:00+00:00,REAL_TIME_5_MIN,SOUTHBY_6_N001,Node,42.61032,42.34777,0.0,0.26256,0.0
2025-09-28 01:45:00-07:00,2025-09-28 08:45:00+00:00,2025-09-28 01:50:00-07:00,2025-09-28 08:50:00+00:00,REAL_TIME_5_MIN,BALCH1_7_N001,Node,41.84209,41.6422,0.0,0.19988,0.0
2025-09-28 01:45:00-07:00,2025-09-28 08:45:00+00:00,2025-09-28 01:50:00-07:00,2025-09-28 08:50:00+00:00,REAL_TIME_5_MIN,BEARTAP_1_N001,Node,41.82127,41.6422,0.0,0.17906,0.0
2025-09-28 01:45:00-07:00,2025-09-28 08:45:00+00:00,2025-09-28 01:50:00-07:00,2025-09-28 08:50:00+00:00,REAL_TIME_5_MIN,SOUTHBY_6_N001,Node,41.86707,41.6422,0.0,0.22487,0.0
2025-09-28 01:50:00-07:00,2025-09-28 08:50:00+00:00,2025-09-28 01:55:00-07:00,2025-09-28 08:55:00+00:00,REAL_TIME_5_MIN,BALCH1_7_N001,Node,41.26729,41.07015,0.0,0.19714,0.0
2025-09-28 01:50:00-07:00,2025-09-28 08:50:00+00:00,2025-09-28 01:55:00-07:00,2025-09-28 08:55:00+00:00,REAL_TIME_5_MIN,BEARTAP_1_N001,Node,41.24675,41.07015,0.0,0.1766,0.0
2025-09-28 01:50:00-07:00,2025-09-28 08:50:00+00:00,2025-09-28 01:55:00-07:00,2025-09-28 08:55:00+00:00,REAL_TIME_5_MIN,SOUTHBY_6_N001,Node,41.29193,41.07015,0.0,0.22178,0.0
2025-09-28 01:55:00-07:00,2025-09-28 08:55:00+00:00,2025-09-28 02:00:00-07:00,2025-09-28 09:00:00+00:00,REAL_TIME_5_MIN,BALCH1_7_N001,Node,41.23525,41.03827,0.0,0.19698,0.0
2025-09-28 01:55:00-07:00,2025-09-28 08:55:00+00:00,2025-09-28 02:00:00-07:00,2025-09-28 09:00:00+00:00,REAL_TIME_5_MIN,BEARTAP_1_N001,Node,41.21473,41.03827,0.0,0.17646,0.0
2025-09-28 01:55:00-07:00,2025-09-28 08:55:00+00:00,2025-09-28 02:00:00-07:00,2025-09-28 09:00:00+00:00,REAL_TIME_5_MIN,SOUTHBY_6_N001,Node,41.25987,41.03827,0.0,0.22161,0.0
2025-09-28 02:00:00-07:00,2025-09-28 09:00:00+00:00,2025-09-28 02:05:00-07:00,2025-09-28 09:05:00+00:00,REAL_TIME_5_MIN,BALCH1_7_N001,Node,44.5199,43.78432,0.0,0.73558,0.0
2025-09-28 02:00:00-07:00,2025-09-28 09:00:00+00:00,2025-09-28 02:05:00-07:00,2025-09-28 09:05:00+00:00,REAL_TIME_5_MIN,BEARTAP_1_N001,Node,44.012,43.78432,0.0,0.22768,0.0
2025-09-28 02:00:00-07:00,2025-09-28 09:00:00+00:00,2025-09-28 02:05:00-07:00,2025-09-28 09:05:00+00:00,REAL_TIME_5_MIN,SOUTHBY_6_N001,Node,44.24406,43.78432,0.0,0.45974,0.0
2025-09-28 02:05:00-07:00,2025-09-28 09:05:00+00:00,2025-09-28 02:10:00-07:00,2025-09-28 09:10:00+00:00,REAL_TIME_5_MIN,BALCH1_7_N001,Node,44.91956,44.17738,0.0,0.74218,0.0
2025-09-28 02:05:00-07:00,2025-09-28 09:05:00+00:00,2025-09-28 02:10:00-07:00,2025-09-28 09:10:00+00:00,REAL_TIME_5_MIN,BEARTAP_1_N001,Node,44.4071,44.17738,0.0,0.22972,0.0
2025-09-28 02:05:00-07:00,2025-09-28 09:05:00+00:00,2025-09-28 02:10:00-07:00,2025-09-28 09:10:00+00:00,REAL_TIME_5_MIN,SOUTHBY_6_N001,Node,44.64124,44.17738,0.0,0.46386,0.0
2025-09-28 02:10:00-07:00,2025-09-28 09:10:00+00:00,2025-09-28 02:15:00-07:00,2025-09-28 09:15:00+00:00,REAL_TIME_5_MIN,BALCH1_7_N001,Node,44.60276,43.86582,0.0,0.73695,0.0
2025-09-28 02:10:00-07:00,2025-09-28 09:10:00+00:00,2025-09-28 02:15:00-07:00,2025-09-28 09:15:00+00:00,REAL_TIME_5_MIN,BEARTAP_1_N001,Node,44.09392,43.86582,0.0,0.2281,0.0
2025-09-28 02:10:00-07:00,2025-09-28 09:10:00+00:00,2025-09-28 02:15:00-07:00,2025-09-28 09:15:00+00:00,REAL_TIME_5_MIN,SOUTHBY_6_N001,Node,44.32641,43.86582,0.0,0.46059,0.0
2025-09-28 02:15:00-07:00,2025-09-28 09:15:00+00:00,2025-09-28 02:20:00-07:00,2025-09-28 09:20:00+00:00,REAL_TIME_5_MIN,BALCH1_7_N001,Node,44.42141,43.73047,0.0,0.69094,0.0
2025-09-28 02:15:00-07:00,2025-09-28 09:15:00+00:00,2025-09-28 02:20:00-07:00,2025-09-28 09:20:00+00:00,REAL_TIME_5_MIN,BEARTAP_1_N001,Node,43.94475,43.73047,0.0,0.21428,0.0
2025-09-28 02:15:00-07:00,2025-09-28 09:15:00+00:00,2025-09-28 02:20:00-07:00,2025-09-28 09:20:00+00:00,REAL_TIME_5_MIN,SOUTHBY_6_N001,Node,44.20713,43.73047,0.0,0.47666,0.0
2025-09-28 02:20:00-07:00,2025-09-28 09:20:00+00:00,2025-09-28 02:25:00-07:00,2025-09-28 09:25:00+00:00,REAL_TIME_5_MIN,BALCH1_7_N001,Node,44.42141,43.73047,0.0,0.69094,0.0
2025-09-28 02:20:00-07:00,2025-09-28 09:20:00+00:00,2025-09-28 02:25:00-07:00,2025-09-28 09:25:00+00:00,REAL_TIME_5_MIN,BEARTAP_1_N001,Node,43.94475,43.73047,0.0,0.21428,0.0
2025-09-28 02:20:00-07:00,2025-09-28 09:20:00+00:00,2025-09-28 02:25:00-07:00,2025-09-28 09:25:00+00:00,REAL_TIME_5_MIN,SOUTHBY_6_N001,Node,44.20713,43.73047,0.0,0.47666,0.0
2025-09-28 02:25:00-07:00,2025-09-28 09:25:00+00:00,2025-09-28 02:30:00-07:00,2025-09-28 09:30:00+00:00,REAL_TIME_5_MIN,BALCH1_7_N001,Node,43.61735,42.93892,0.0,0.67843,0.0
2025-09-28 02:25:00-07:00,2025-09-28 09:25:00+00:00,2025-09-28 02:30:00-07:00,2025-09-28 09:30:00+00:00,REAL_TIME_5_MIN,BEARTAP_1_N001,Node,43.14932,42.93892,0.0,0.2104,0.0
2025-09-28 02:25:00-07:00,2025-09-28 09:25:00+00:00,2025-09-28 02:30:00-07:00,2025-09-28 09:30:00+00:00,REAL_TIME_5_MIN,SOUTHBY_6_N001,Node,43.40695,42.93892,0.0,0.46803,0.0
2025-09-28 02:30:00-07:00,2025-09-28 09:30:00+00:00,2025-09-28 02:35:00-07:00,2025-09-28 09:35:00+00:00,REAL_TIME_5_MIN,BALCH1_7_N001,Node,44.9106,44.17292,0.0,0.73769,0.0
2025-09-28 02:30:00-07:00,2025-09-28 09:30:00+00:00,2025-09-28 02:35:00-07:00,2025-09-28 09:35:00+00:00,REAL_TIME_5_MIN,BEARTAP_1_N001,Node,44.35844,44.17292,0.0,0.18553,0.0
2025-09-28 02:30:00-07:00,2025-09-28 09:30:00+00:00,2025-09-28 02:35:00-07:00,2025-09-28 09:35:00+00:00,REAL_TIME_5_MIN,SOUTHBY_6_N001,Node,44.70299,44.17292,0.0,0.53008,0.0
2025-09-28 02:35:00-07:00,2025-09-28 09:35:00+00:00,2025-09-28 02:40:00-07:00,2025-09-28 09:40:00+00:00,REAL_TIME_5_MIN,BALCH1_7_N001,Node,44.54053,43.80892,0.0,0.73161,0.0
2025-09-28 02:35:00-07:00,2025-09-28 09:35:00+00:00,2025-09-28 02:40:00-07:00,2025-09-28 09:40:00+00:00,REAL_TIME_5_MIN,BEARTAP_1_N001,Node,43.99292,43.80892,0.0,0.184,0.0
2025-09-28 02:35:00-07:00,2025-09-28 09:35:00+00:00,2025-09-28 02:40:00-07:00,2025-09-28 09:40:00+00:00,REAL_TIME_5_MIN,SOUTHBY_6_N001,Node,44.33463,43.80892,0.0,0.52571,0.0
2025-09-28 02:40:00-07:00,2025-09-28 09:40:00+00:00,2025-09-28 02:45:00-07:00,2025-09-28 09:45:00+00:00,REAL_TIME_5_MIN,BALCH1_7_N001,Node,44.45209,43.72193,0.0,0.73016,0.0
2025-09-28 02:40:00-07:00,2025-09-28 09:40:00+00:00,2025-09-28 02:45:00-07:00,2025-09-28 09:45:00+00:00,REAL_TIME_5_MIN,BEARTAP_1_N001,Node,43.90556,43.72193,0.0,0.18363,0.0
2025-09-28 02:40:00-07:00,2025-09-28 09:40:00+00:00,2025-09-28 02:45:00-07:00,2025-09-28 09:45:00+00:00,REAL_TIME_5_MIN,SOUTHBY_6_N001,Node,44.24659,43.72193,0.0,0.52466,0.0
2025-09-28 02:45:00-07:00,2025-09-28 09:45:00+00:00,2025-09-28 02:50:00-07:00,2025-09-28 09:50:00+00:00,REAL_TIME_5_MIN,BALCH1_7_N001,Node,44.56401,43.81047,0.0,0.75354,0.0
2025-09-28 02:45:00-07:00,2025-09-28 09:45:00+00:00,2025-09-28 02:50:00-07:00,2025-09-28 09:50:00+00:00,REAL_TIME_5_MIN,BEARTAP_1_N001,Node,44.16534,43.81047,0.0,0.35486,0.0
2025-09-28 02:45:00-07:00,2025-09-28 09:45:00+00:00,2025-09-28 02:50:00-07:00,2025-09-28 09:50:00+00:00,REAL_TIME_5_MIN,SOUTHBY_6_N001,Node,44.34934,43.81047,0.0,0.53887,0.0
2025-09-28 02:50:00-07:00,2025-09-28 09:50:00+00:00,2025-09-28 02:55:00-07:00,2025-09-28 09:55:00+00:00,REAL_TIME_5_MIN,BALCH1_7_N001,Node,44.4696,43.71766,0.0,0.75194,0.0
2025-09-28 02:50:00-07:00,2025-09-28 09:50:00+00:00,2025-09-28 02:55:00-07:00,2025-09-28 09:55:00+00:00,REAL_TIME_5_MIN,BEARTAP_1_N001,Node,44.07177,43.71766,0.0,0.35411,0.0
2025-09-28 02:50:00-07:00,2025-09-28 09:50:00+00:00,2025-09-28 02:55:00-07:00,2025-09-28 09:55:00+00:00,REAL_TIME_5_MIN,SOUTHBY_6_N001,Node,44.25539,43.71766,0.0,0.53773,0.0
2025-09-28 02:55:00-07:00,2025-09-28 09:55:00+00:00,2025-09-28 03:00:00-07:00,2025-09-28 10:00:00+00:00,REAL_TIME_5_MIN,BALCH1_7_N001,Node,44.81283,44.05508,0.0,0.75775,0.0
2025-09-28 02:55:00-07:00,2025-09-28 09:55:00+00:00,2025-09-28 03:00:00-07:00,2025-09-28 10:00:00+00:00,REAL_TIME_5_MIN,BEARTAP_1_N001,Node,44.41193,44.05508,0.0,0.35685,0.0
2025-09-28 02:55:00-07:00,2025-09-28 09:55:00+00:00,2025-09-28 03:00:00-07:00,2025-09-28 10:00:00+00:00,REAL_TIME_5_MIN,SOUTHBY_6_N001,Node,44.59696,44.05508,0.0,0.54188,0.0
2025-09-28 03:00:00-07:00,2025-09-28 10:00:00+00:00,2025-09-28 03:05:00-07:00,2025-09-28 10:05:00+00:00,REAL_TIME_5_MIN,BALCH1_7_N001,Node,45.57095,44.97282,0.0,0.59814,0.0
2025-09-28 03:00:00-07:00,2025-09-28 10:00:00+00:00,2025-09-28 03:05:00-07:00,2025-09-28 10:05:00+00:00,REAL_TIME_5_MIN,BEARTAP_1_N001,Node,45.34159,44.97282,0.0,0.36878,0.0
2025-09-28 03:00:00-07:00,2025-09-28 10:00:00+00:00,2025-09-28 03:05:00-07:00,2025-09-28 10:05:00+00:00,REAL_TIME_5_MIN,SOUTHBY_6_N001,Node,45.55746,44.97282,0.0,0.58465,0.0
2025-09-28 03:05:00-07:00,2025-09-28 10:05:00+00:00,2025-09-28 03:10:00-07:00,2025-09-28 10:10:00+00:00,REAL_TIME_5_MIN,BALCH1_7_N001,Node,45.37874,44.78313,0.0,0.59562,0.0
2025-09-28 03:05:00-07:00,2025-09-28 10:05:00+00:00,2025-09-28 03:10:00-07:00,2025-09-28 10:10:00+00:00,REAL_TIME_5_MIN,BEARTAP_1_N001,Node,45.15035,44.78313,0.0,0.36722,0.0
2025-09-28 03:05:00-07:00,2025-09-28 10:05:00+00:00,2025-09-28 03:10:00-07:00,2025-09-28 10:10:00+00:00,REAL_TIME_5_MIN,SOUTHBY_6_N001,Node,45.36531,44.78313,0.0,0.58218,0.0
2025-09-28 03:10:00-07:00,2025-09-28 10:10:00+00:00,2025-09-28 03:15:00-07:00,2025-09-28 10:15:00+00:00,REAL_TIME_5_MIN,BALCH1_7_N001,Node,43.99588,43.41841,0.0,0.57746,0.0
2025-09-28 03:10:00-07:00,2025-09-28 10:10:00+00:00,2025-09-28 03:15:00-07:00,2025-09-28 10:15:00+00:00,REAL_TIME_5_MIN,BEARTAP_1_N001,Node,43.77444,43.41841,0.0,0.35603,0.0
2025-09-28 03:10:00-07:00,2025-09-28 10:10:00+00:00,2025-09-28 03:15:00-07:00,2025-09-28 10:15:00+00:00,REAL_TIME_5_MIN,SOUTHBY_6_N001,Node,43.98285,43.41841,0.0,0.56444,0.0
2025-09-28 03:15:00-07:00,2025-09-28 10:15:00+00:00,2025-09-28 03:20:00-07:00,2025-09-28 10:20:00+00:00,REAL_TIME_5_MIN,BALCH1_7_N001,Node,44.45266,43.76554,0.0,0.68712,0.0
2025-09-28 03:15:00-07:00,2025-09-28 10:15:00+00:00,2025-09-28 03:20:00-07:00,2025-09-28 10:20:00+00:00,REAL_TIME_5_MIN,BEARTAP_1_N001,Node,44.11567,43.76554,0.0,0.35012,0.0
2025-09-28 03:15:00-07:00,2025-09-28 10:15:00+00:00,2025-09-28 03:20:00-07:00,2025-09-28 10:20:00+00:00,REAL_TIME_5_MIN,SOUTHBY_6_N001,Node,44.38701,43.76554,0.0,0.62147,0.0
2025-09-28 03:20:00-07:00,2025-09-28 10:20:00+00:00,2025-09-28 03:25:00-07:00,2025-09-28 10:25:00+00:00,REAL_TIME_5_MIN,BALCH1_7_N001,Node,43.02655,42.36148,0.0,0.66508,0.0
2025-09-28 03:20:00-07:00,2025-09-28 10:20:00+00:00,2025-09-28 03:25:00-07:00,2025-09-28 10:25:00+00:00,REAL_TIME_5_MIN,BEARTAP_1_N001,Node,42.70037,42.36148,0.0,0.33889,0.0
2025-09-28 03:20:00-07:00,2025-09-28 10:20:00+00:00,2025-09-28 03:25:00-07:00,2025-09-28 10:25:00+00:00,REAL_TIME_5_MIN,SOUTHBY_6_N001,Node,42.96301,42.36148,0.0,0.60153,0.0
2025-09-28 03:25:00-07:00,2025-09-28 10:25:00+00:00,2025-09-28 03:30:00-07:00,2025-09-28 10:30:00+00:00,REAL_TIME_5_MIN,BALCH1_7_N001,Node,42.68642,42.0266,0.0,0.65982,0.0
2025-09-28 03:25:00-07:00,2025-09-28 10:25:00+00:00,2025-09-28 03:30:00-07:00,2025-09-28 10:30:00+00:00,REAL_TIME_5_MIN,BEARTAP_1_N001,Node,42.36282,42.0266,0.0,0.33621,0.0
2025-09-28 03:25:00-07:00,2025-09-28 10:25:00+00:00,2025-09-28 03:30:00-07:00,2025-09-28 10:30:00+00:00,REAL_TIME_5_MIN,SOUTHBY_6_N001,Node,42.62338,42.0266,0.0,0.59678,0.0
2025-09-28 03:30:00-07:00,2025-09-28 10:30:00+00:00,2025-09-28 03:35:00-07:00,2025-09-28 10:35:00+00:00,REAL_TIME_5_MIN,BALCH1_7_N001,Node,42.74161,42.11826,0.0,0.62335,0.0
2025-09-28 03:30:00-07:00,2025-09-28 10:30:00+00:00,2025-09-28 03:35:00-07:00,2025-09-28 10:35:00+00:00,REAL_TIME_5_MIN,BEARTAP_1_N001,Node,42.43414,42.11826,0.0,0.31589,0.0
2025-09-28 03:30:00-07:00,2025-09-28 10:30:00+00:00,2025-09-28 03:35:00-07:00,2025-09-28 10:35:00+00:00,REAL_TIME_5_MIN,SOUTHBY_6_N001,Node,42.77109,42.11826,0.0,0.65283,0.0
2025-09-28 03:35:00-07:00,2025-09-28 10:35:00+00:00,2025-09-28 03:40:00-07:00,2025-09-28 10:40:00+00:00,REAL_TIME_5_MIN,BALCH1_7_N001,Node,42.83531,42.2106,0.0,0.62472,0.0
2025-09-28 03:35:00-07:00,2025-09-28 10:35:00+00:00,2025-09-28 03:40:00-07:00,2025-09-28 10:40:00+00:00,REAL_TIME_5_MIN,BEARTAP_1_N001,Node,42.52718,42.2106,0.0,0.31658,0.0
2025-09-28 03:35:00-07:00,2025-09-28 10:35:00+00:00,2025-09-28 03:40:00-07:00,2025-09-28 10:40:00+00:00,REAL_TIME_5_MIN,SOUTHBY_6_N001,Node,42.86486,42.2106,0.0,0.65426,0.0
2025-09-28 03:40:00-07:00,2025-09-28 10:40:00+00:00,2025-09-28 03:45:00-07:00,2025-09-28 10:45:00+00:00,REAL_TIME_5_MIN,BALCH1_7_N001,Node,43.48183,42.84768,0.0,0.63415,0.0
2025-09-28 03:40:00-07:00,2025-09-28 10:40:00+00:00,2025-09-28 03:45:00-07:00,2025-09-28 10:45:00+00:00,REAL_TIME_5_MIN,BEARTAP_1_N001,Node,43.16904,42.84768,0.0,0.32136,0.0
2025-09-28 03:40:00-07:00,2025-09-28 10:40:00+00:00,2025-09-28 03:45:00-07:00,2025-09-28 10:45:00+00:00,REAL_TIME_5_MIN,SOUTHBY_6_N001,Node,43.51182,42.84768,0.0,0.66414,0.0
2025-09-28 03:45:00-07:00,2025-09-28 10:45:00+00:00,2025-09-28 03:50:00-07:00,2025-09-28 10:50:00+00:00,REAL_TIME_5_MIN,BALCH1_7_N001,Node,43.50863,42.92062,0.0,0.58801,0.0
2025-09-28 03:45:00-07:00,2025-09-28 10:45:00+00:00,2025-09-28 03:50:00-07:00,2025-09-28 10:50:00+00:00,REAL_TIME_5_MIN,BEARTAP_1_N001,Node,43.24252,42.92062,0.0,0.3219,0.0
2025-09-28 03:45:00-07:00,2025-09-28 10:45:00+00:00,2025-09-28 03:50:00-07:00,2025-09-28 10:50:00+00:00,REAL_TIME_5_MIN,SOUTHBY_6_N001,Node,43.56013,42.92062,0.0,0.63952,0.0
2025-09-28 03:50:00-07:00,2025-09-28 10:50:00+00:00,2025-09-28 03:55:00-07:00,2025-09-28 10:55:00+00:00,REAL_TIME_5_MIN,BALCH1_7_N001,Node,43.4917,42.90392,0.0,0.58778,0.0
2025-09-28 03:50:00-07:00,2025-09-28 10:50:00+00:00,2025-09-28 03:55:00-07:00,2025-09-28 10:55:00+00:00,REAL_TIME_5_MIN,BEARTAP_1_N001,Node,43.22569,42.90392,0.0,0.32178,0.0
2025-09-28 03:50:00-07:00,2025-09-28 10:50:00+00:00,2025-09-28 03:55:00-07:00,2025-09-28 10:55:00+00:00,REAL_TIME_5_MIN,SOUTHBY_6_N001,Node,43.54318,42.90392,0.0,0.63927,0.0
2025-09-28 03:55:00-07:00,2025-09-28 10:55:00+00:00,2025-09-28 04:00:00-07:00,2025-09-28 11:00:00+00:00,REAL_TIME_5_MIN,BALCH1_7_N001,Node,43.19702,42.61322,0.0,0.5838,0.0
2025-09-28 03:55:00-07:00,2025-09-28 10:55:00+00:00,2025-09-28 04:00:00-07:00,2025-09-28 11:00:00+00:00,REAL_TIME_5_MIN,BEARTAP_1_N001,Node,42.93282,42.61322,0.0,0.3196,0.0
2025-09-28 03:55:00-07:00,2025-09-28 10:55:00+00:00,2025-09-28 04:00:00-07:00,2025-09-28 11:00:00+00:00,REAL_TIME_5_MIN,SOUTHBY_6_N001,Node,43.24816,42.61322,0.0,0.63494,0.0
2025-09-28 04:00:00-07:00,2025-09-28 11:00:00+00:00,2025-09-28 04:05:00-07:00,2025-09-28 11:05:00+00:00,REAL_TIME_5_MIN,BALCH1_7_N001,Node,40.85841,40.89931,0.0,-0.0409,0.0
2025-09-28 04:00:00-07:00,2025-09-28 11:00:00+00:00,2025-09-28 04:05:00-07:00,2025-09-28 11:05:00+00:00,REAL_TIME_5_MIN,BEARTAP_1_N001,Node,41.21015,40.89931,0.0,0.31083,0.0
2025-09-28 04:00:00-07:00,2025-09-28 11:00:00+00:00,2025-09-28 04:05:00-07:00,2025-09-28 11:05:00+00:00,REAL_TIME_5_MIN,SOUTHBY_6_N001,Node,41.51689,40.89931,0.0,0.61758,0.0
2025-09-28 04:05:00-07:00,2025-09-28 11:05:00+00:00,2025-09-28 04:10:00-07:00,2025-09-28 11:10:00+00:00,REAL_TIME_5_MIN,BALCH1_7_N001,Node,40.75763,40.79842,0.0,-0.0408,0.0
2025-09-28 04:05:00-07:00,2025-09-28 11:05:00+00:00,2025-09-28 04:10:00-07:00,2025-09-28 11:10:00+00:00,REAL_TIME_5_MIN,BEARTAP_1_N001,Node,41.10849,40.79842,0.0,0.31007,0.0
2025-09-28 04:05:00-07:00,2025-09-28 11:05:00+00:00,2025-09-28 04:10:00-07:00,2025-09-28 11:10:00+00:00,REAL_TIME_5_MIN,SOUTHBY_6_N001,Node,41.41448,40.79842,0.0,0.61606,0.0
2025-09-28 04:10:00-07:00,2025-09-28 11:10:00+00:00,2025-09-28 04:15:00-07:00,2025-09-28 11:15:00+00:00,REAL_TIME_5_MIN,BALCH1_7_N001,Node,39.8903,39.93023,0.0,-0.03993,0.0
2025-09-28 04:10:00-07:00,2025-09-28 11:10:00+00:00,2025-09-28 04:15:00-07:00,2025-09-28 11:15:00+00:00,REAL_TIME_5_MIN,BEARTAP_1_N001,Node,40.2337,39.93023,0.0,0.30347,0.0
2025-09-28 04:10:00-07:00,2025-09-28 11:10:00+00:00,2025-09-28 04:15:00-07:00,2025-09-28 11:15:00+00:00,REAL_TIME_5_MIN,SOUTHBY_6_N001,Node,40.53318,39.93023,0.0,0.60295,0.0
2025-09-28 04:15:00-07:00,2025-09-28 11:15:00+00:00,2025-09-28 04:20:00-07:00,2025-09-28 11:20:00+00:00,REAL_TIME_5_MIN,BALCH1_7_N001,Node,39.58429,39.6517,0.0,-0.06741,0.0
2025-09-28 04:15:00-07:00,2025-09-28 11:15:00+00:00,2025-09-28 04:20:00-07:00,2025-09-28 11:20:00+00:00,REAL_TIME_5_MIN,BEARTAP_1_N001,Node,39.94512,39.6517,0.0,0.29342,0.0
2025-09-28 04:15:00-07:00,2025-09-28 11:15:00+00:00,2025-09-28 04:20:00-07:00,2025-09-28 11:20:00+00:00,REAL_TIME_5_MIN,SOUTHBY_6_N001,Node,40.20286,39.6517,0.0,0.55116,0.0
2025-09-28 04:20:00-07:00,2025-09-28 11:20:00+00:00,2025-09-28 04:25:00-07:00,2025-09-28 11:25:00+00:00,REAL_TIME_5_MIN,BALCH1_7_N001,Node,39.14861,39.21528,0.0,-0.06667,0.0
2025-09-28 04:20:00-07:00,2025-09-28 11:20:00+00:00,2025-09-28 04:25:00-07:00,2025-09-28 11:25:00+00:00,REAL_TIME_5_MIN,BEARTAP_1_N001,Node,39.50547,39.21528,0.0,0.29019,0.0
2025-09-28 04:20:00-07:00,2025-09-28 11:20:00+00:00,2025-09-28 04:25:00-07:00,2025-09-28 11:25:00+00:00,REAL_TIME_5_MIN,SOUTHBY_6_N001,Node,39.76037,39.21528,0.0,0.54509,0.0
2025-09-28 04:25:00-07:00,2025-09-28 11:25:00+00:00,2025-09-28 04:30:00-07:00,2025-09-28 11:30:00+00:00,REAL_TIME_5_MIN,BALCH1_7_N001,Node,38.79935,38.86542,0.0,-0.06607,0.0
2025-09-28 04:25:00-07:00,2025-09-28 11:25:00+00:00,2025-09-28 04:30:00-07:00,2025-09-28 11:30:00+00:00,REAL_TIME_5_MIN,BEARTAP_1_N001,Node,39.15302,38.86542,0.0,0.2876,0.0
2025-09-28 04:25:00-07:00,2025-09-28 11:25:00+00:00,2025-09-28 04:30:00-07:00,2025-09-28 11:30:00+00:00,REAL_TIME_5_MIN,SOUTHBY_6_N001,Node,39.40565,38.86542,0.0,0.54023,0.0
2025-09-28 04:30:00-07:00,2025-09-28 11:30:00+00:00,2025-09-28 04:35:00-07:00,2025-09-28 11:35:00+00:00,REAL_TIME_5_MIN,BALCH1_7_N001,Node,39.10661,39.08707,0.0,0.01954,0.0
2025-09-28 04:30:00-07:00,2025-09-28 11:30:00+00:00,2025-09-28 04:35:00-07:00,2025-09-28 11:35:00+00:00,REAL_TIME_5_MIN,BEARTAP_1_N001,Node,39.38022,39.08707,0.0,0.29315,0.0
2025-09-28 04:30:00-07:00,2025-09-28 11:30:00+00:00,2025-09-28 04:35:00-07:00,2025-09-28 11:35:00+00:00,REAL_TIME_5_MIN,SOUTHBY_6_N001,Node,39.66946,39.08707,0.0,0.5824,0.0
2025-09-28 04:35:00-07:00,2025-09-28 11:35:00+00:00,2025-09-28 04:40:00-07:00,2025-09-28 11:40:00+00:00,REAL_TIME_5_MIN,BALCH1_7_N001,Node,39.45662,39.4369,0.0,0.01972,0.0
2025-09-28 04:35:00-07:00,2025-09-28 11:35:00+00:00,2025-09-28 04:40:00-07:00,2025-09-28 11:40:00+00:00,REAL_TIME_5_MIN,BEARTAP_1_N001,Node,39.73268,39.4369,0.0,0.29578,0.0
2025-09-28 04:35:00-07:00,2025-09-28 11:35:00+00:00,2025-09-28 04:40:00-07:00,2025-09-28 11:40:00+00:00,REAL_TIME_5_MIN,SOUTHBY_6_N001,Node,40.02451,39.4369,0.0,0.58761,0.0
2025-09-28 04:40:00-07:00,2025-09-28 11:40:00+00:00,2025-09-28 04:45:00-07:00,2025-09-28 11:45:00+00:00,REAL_TIME_5_MIN,BALCH1_7_N001,Node,39.24114,39.22153,0.0,0.01961,0.0
2025-09-28 04:40:00-07:00,2025-09-28 11:40:00+00:00,2025-09-28 04:45:00-07:00,2025-09-28 11:45:00+00:00,REAL_TIME_5_MIN,BEARTAP_1_N001,Node,39.51569,39.22153,0.0,0.29416,0.0
2025-09-28 04:40:00-07:00,2025-09-28 11:40:00+00:00,2025-09-28 04:45:00-07:00,2025-09-28 11:45:00+00:00,REAL_TIME_5_MIN,SOUTHBY_6_N001,Node,39.80593,39.22153,0.0,0.5844,0.0
2025-09-28 04:45:00-07:00,2025-09-28 11:45:00+00:00,2025-09-28 04:50:00-07:00,2025-09-28 11:50:00+00:00,REAL_TIME_5_MIN,BALCH1_7_N001,Node,39.36859,39.32926,0.0,0.03933,0.0
2025-09-28 04:45:00-07:00,2025-09-28 11:45:00+00:00,2025-09-28 04:50:00-07:00,2025-09-28 11:50:00+00:00,REAL_TIME_5_MIN,BEARTAP_1_N001,Node,39.62816,39.32926,0.0,0.2989,0.0
2025-09-28 04:45:00-07:00,2025-09-28 11:45:00+00:00,2025-09-28 04:50:00-07:00,2025-09-28 11:50:00+00:00,REAL_TIME_5_MIN,SOUTHBY_6_N001,Node,39.95066,39.32926,0.0,0.6214,0.0
2025-09-28 04:50:00-07:00,2025-09-28 11:50:00+00:00,2025-09-28 04:55:00-07:00,2025-09-28 11:55:00+00:00,REAL_TIME_5_MIN,BALCH1_7_N001,Node,39.63852,39.59892,0.0,0.0396,0.0
2025-09-28 04:50:00-07:00,2025-09-28 11:50:00+00:00,2025-09-28 04:55:00-07:00,2025-09-28 11:55:00+00:00,REAL_TIME_5_MIN,BEARTAP_1_N001,Node,39.89987,39.59892,0.0,0.30095,0.0
2025-09-28 04:50:00-07:00,2025-09-28 11:50:00+00:00,2025-09-28 04:55:00-07:00,2025-09-28 11:55:00+00:00,REAL_TIME_5_MIN,SOUTHBY_6_N001,Node,40.22458,39.59892,0.0,0.62566,0.0
2025-09-28 04:55:00-07:00,2025-09-28 11:55:00+00:00,2025-09-28 05:00:00-07:00,2025-09-28 12:00:00+00:00,REAL_TIME_5_MIN,BALCH1_7_N001,Node,40.44964,40.40923,0.0,0.04041,0.0
2025-09-28 04:55:00-07:00,2025-09-28 11:55:00+00:00,2025-09-28 05:00:00-07:00,2025-09-28 12:00:00+00:00,REAL_TIME_5_MIN,BEARTAP_1_N001,Node,40.71634,40.40923,0.0,0.30711,0.0
2025-09-28 04:55:00-07:00,2025-09-28 11:55:00+00:00,2025-09-28 05:00:00-07:00,2025-09-28 12:00:00+00:00,REAL_TIME_5_MIN,SOUTHBY_6_N001,Node,41.0477,40.40923,0.0,0.63847,0.0
2025-09-28 05:00:00-07:00,2025-09-28 12:00:00+00:00,2025-09-28 05:05:00-07:00,2025-09-28 12:05:00+00:00,REAL_TIME_5_MIN,BALCH1_7_N001,Node,46.47191,45.26337,0.0,1.20853,0.0
2025-09-28 05:00:00-07:00,2025-09-28 12:00:00+00:00,2025-09-28 05:05:00-07:00,2025-09-28 12:05:00+00:00,REAL_TIME_5_MIN,BEARTAP_1_N001,Node,45.54853,45.26337,0.0,0.28516,0.0
2025-09-28 05:00:00-07:00,2025-09-28 12:00:00+00:00,2025-09-28 05:05:00-07:00,2025-09-28 12:05:00+00:00,REAL_TIME_5_MIN,SOUTHBY_6_N001,Node,45.99664,45.26337,0.0,0.73327,0.0
2025-09-28 05:05:00-07:00,2025-09-28 12:05:00+00:00,2025-09-28 05:10:00-07:00,2025-09-28 12:10:00+00:00,REAL_TIME_5_MIN,BALCH1_7_N001,Node,42.84727,41.733,0.0,1.11427,0.0
2025-09-28 05:05:00-07:00,2025-09-28 12:05:00+00:00,2025-09-28 05:10:00-07:00,2025-09-28 12:10:00+00:00,REAL_TIME_5_MIN,BEARTAP_1_N001,Node,41.99592,41.733,0.0,0.26292,0.0
2025-09-28 05:05:00-07:00,2025-09-28 12:05:00+00:00,2025-09-28 05:10:00-07:00,2025-09-28 12:10:00+00:00,REAL_TIME_5_MIN,SOUTHBY_6_N001,Node,42.40907,41.733,0.0,0.67607,0.0
2025-09-28 05:10:00-07:00,2025-09-28 12:10:00+00:00,2025-09-28 05:15:00-07:00,2025-09-28 12:15:00+00:00,REAL_TIME_5_MIN,BALCH1_7_N001,Node,42.42728,41.32394,0.0,1.10335,0.0
2025-09-28 05:10:00-07:00,2025-09-28 12:10:00+00:00,2025-09-28 05:15:00-07:00,2025-09-28 12:15:00+00:00,REAL_TIME_5_MIN,BEARTAP_1_N001,Node,41.58428,41.32394,0.0,0.26034,0.0
2025-09-28 05:10:00-07:00,2025-09-28 12:10:00+00:00,2025-09-28 05:15:00-07:00,2025-09-28 12:15:00+00:00,REAL_TIME_5_MIN,SOUTHBY_6_N001,Node,41.99338,41.32394,0.0,0.66945,0.0
2025-09-28 05:15:00-07:00,2025-09-28 12:15:00+00:00,2025-09-28 05:20:00-07:00,2025-09-28 12:20:00+00:00,REAL_TIME_5_MIN,BALCH1_7_N001,Node,42.77428,41.67003,0.0,1.10426,0.0
2025-09-28 05:15:00-07:00,2025-09-28 12:15:00+00:00,2025-09-28 05:20:00-07:00,2025-09-28 12:20:00+00:00,REAL_TIME_5_MIN,BEARTAP_1_N001,Node,41.93255,41.67003,0.0,0.26252,0.0
2025-09-28 05:15:00-07:00,2025-09-28 12:15:00+00:00,2025-09-28 05:20:00-07:00,2025-09-28 12:20:00+00:00,REAL_TIME_5_MIN,SOUTHBY_6_N001,Node,42.31591,41.67003,0.0,0.64589,0.0
2025-09-28 05:20:00-07:00,2025-09-28 12:20:00+00:00,2025-09-28 05:25:00-07:00,2025-09-28 12:25:00+00:00,REAL_TIME_5_MIN,BALCH1_7_N001,Node,42.89036,41.78311,0.0,1.10725,0.0
2025-09-28 05:20:00-07:00,2025-09-28 12:20:00+00:00,2025-09-28 05:25:00-07:00,2025-09-28 12:25:00+00:00,REAL_TIME_5_MIN,BEARTAP_1_N001,Node,42.04634,41.78311,0.0,0.26323,0.0
2025-09-28 05:20:00-07:00,2025-09-28 12:20:00+00:00,2025-09-28 05:25:00-07:00,2025-09-28 12:25:00+00:00,REAL_TIME_5_MIN,SOUTHBY_6_N001,Node,42.43074,41.78311,0.0,0.64764,0.0
2025-09-28 05:25:00-07:00,2025-09-28 12:25:00+00:00,2025-09-28 05:30:00-07:00,2025-09-28 12:30:00+00:00,REAL_TIME_5_MIN,BALCH1_7_N001,Node,42.75335,41.64963,0.0,1.10372,0.0
2025-09-28 05:25:00-07:00,2025-09-28 12:25:00+00:00,2025-09-28 05:30:00-07:00,2025-09-28 12:30:00+00:00,REAL_TIME_5_MIN,BEARTAP_1_N001,Node,41.91203,41.64963,0.0,0.26239,0.0
2025-09-28 05:25:00-07:00,2025-09-28 12:25:00+00:00,2025-09-28 05:30:00-07:00,2025-09-28 12:30:00+00:00,REAL_TIME_5_MIN,SOUTHBY_6_N001,Node,42.2952,41.64963,0.0,0.64557,0.0
2025-09-28 05:30:00-07:00,2025-09-28 12:30:00+00:00,2025-09-28 05:35:00-07:00,2025-09-28 12:35:00+00:00,REAL_TIME_5_MIN,BALCH1_7_N001,Node,43.62789,41.72921,0.0,1.89868,0.0
2025-09-28 05:30:00-07:00,2025-09-28 12:30:00+00:00,2025-09-28 05:35:00-07:00,2025-09-28 12:35:00+00:00,REAL_TIME_5_MIN,BEARTAP_1_N001,Node,41.97958,41.72921,0.0,0.25038,0.0
2025-09-28 05:30:00-07:00,2025-09-28 12:30:00+00:00,2025-09-28 05:35:00-07:00,2025-09-28 12:35:00+00:00,REAL_TIME_5_MIN,SOUTHBY_6_N001,Node,42.47199,41.72921,0.0,0.74278,0.0
2025-09-28 05:35:00-07:00,2025-09-28 12:35:00+00:00,2025-09-28 05:40:00-07:00,2025-09-28 12:40:00+00:00,REAL_TIME_5_MIN,BALCH1_7_N001,Node,44.00301,42.08801,0.0,1.915,0.0
2025-09-28 05:35:00-07:00,2025-09-28 12:35:00+00:00,2025-09-28 05:40:00-07:00,2025-09-28 12:40:00+00:00,REAL_TIME_5_MIN,BEARTAP_1_N001,Node,42.34053,42.08801,0.0,0.25253,0.0
2025-09-28 05:35:00-07:00,2025-09-28 12:35:00+00:00,2025-09-28 05:40:00-07:00,2025-09-28 12:40:00+00:00,REAL_TIME_5_MIN,SOUTHBY_6_N001,Node,42.83717,42.08801,0.0,0.74917,0.0
2025-09-28 05:40:00-07:00,2025-09-28 12:40:00+00:00,2025-09-28 05:45:00-07:00,2025-09-28 12:45:00+00:00,REAL_TIME_5_MIN,BALCH1_7_N001,Node,43.91554,42.00435,0.0,1.9112,0.0
2025-09-28 05:40:00-07:00,2025-09-28 12:40:00+00:00,2025-09-28 05:45:00-07:00,2025-09-28 12:45:00+00:00,REAL_TIME_5_MIN,BEARTAP_1_N001,Node,42.25637,42.00435,0.0,0.25203,0.0
2025-09-28 05:40:00-07:00,2025-09-28 12:40:00+00:00,2025-09-28 05:45:00-07:00,2025-09-28 12:45:00+00:00,REAL_TIME_5_MIN,SOUTHBY_6_N001,Node,42.75202,42.00435,0.0,0.74768,0.0
2025-09-28 05:45:00-07:00,2025-09-28 12:45:00+00:00,2025-09-28 05:50:00-07:00,2025-09-28 12:50:00+00:00,REAL_TIME_5_MIN,BALCH1_7_N001,Node,44.35805,42.25381,0.0,2.10424,0.0
2025-09-28 05:45:00-07:00,2025-09-28 12:45:00+00:00,2025-09-28 05:50:00-07:00,2025-09-28 12:50:00+00:00,REAL_TIME_5_MIN,BEARTAP_1_N001,Node,42.46085,42.25381,0.0,0.20704,0.0
2025-09-28 05:45:00-07:00,2025-09-28 12:45:00+00:00,2025-09-28 05:50:00-07:00,2025-09-28 12:50:00+00:00,REAL_TIME_5_MIN,SOUTHBY_6_N001,Node,42.97212,42.25381,0.0,0.71831,0.0
2025-09-28 05:50:00-07:00,2025-09-28 12:50:00+00:00,2025-09-28 05:55:00-07:00,2025-09-28 12:55:00+00:00,REAL_TIME_5_MIN,BALCH1_7_N001,Node,44.97612,42.84256,0.0,2.13356,0.0
2025-09-28 05:50:00-07:00,2025-09-28 12:50:00+00:00,2025-09-28 05:55:00-07:00,2025-09-28 12:55:00+00:00,REAL_TIME_5_MIN,BEARTAP_1_N001,Node,43.05249,42.84256,0.0,0.20993,0.0
2025-09-28 05:50:00-07:00,2025-09-28 12:50:00+00:00,2025-09-28 05:55:00-07:00,2025-09-28 12:55:00+00:00,REAL_TIME_5_MIN,SOUTHBY_6_N001,Node,43.57088,42.84256,0.0,0.72832,0.0
2025-09-28 05:55:00-07:00,2025-09-28 12:55:00+00:00,2025-09-28 06:00:00-07:00,2025-09-28 13:00:00+00:00,REAL_TIME_5_MIN,BALCH1_7_N001,Node,45.21815,43.07311,0.0,2.14504,0.0
2025-09-28 05:55:00-07:00,2025-09-28 12:55:00+00:00,2025-09-28 06:00:00-07:00,2025-09-28 13:00:00+00:00,REAL_TIME_5_MIN,BEARTAP_1_N001,Node,43.28417,43.07311,0.0,0.21106,0.0
2025-09-28 05:55:00-07:00,2025-09-28 12:55:00+00:00,2025-09-28 06:00:00-07:00,2025-09-28 13:00:00+00:00,REAL_TIME_5_MIN,SOUTHBY_6_N001,Node,43.80535,43.07311,0.0,0.73224,0.0
2025-09-28 06:00:00-07:00,2025-09-28 13:00:00+00:00,2025-09-28 06:05:00-07:00,2025-09-28 13:05:00+00:00,REAL_TIME_5_MIN,BALCH1_7_N001,Node,44.12961,42.11243,0.0,2.01719,0.0
2025-09-28 06:00:00-07:00,2025-09-28 13:00:00+00:00,2025-09-28 06:05:00-07:00,2025-09-28 13:05:00+00:00,REAL_TIME_5_MIN,BEARTAP_1_N001,Node,42.28088,42.11243,0.0,0.16845,0.0
2025-09-28 06:00:00-07:00,2025-09-28 13:00:00+00:00,2025-09-28 06:05:00-07:00,2025-09-28 13:05:00+00:00,REAL_TIME_5_MIN,SOUTHBY_6_N001,Node,42.73569,42.11243,0.0,0.62326,0.0
2025-09-28 06:05:00-07:00,2025-09-28 13:05:00+00:00,2025-09-28 06:10:00-07:00,2025-09-28 13:10:00+00:00,REAL_TIME_5_MIN,BALCH1_7_N001,Node,44.5344,42.49871,0.0,2.03569,0.0
2025-09-28 06:05:00-07:00,2025-09-28 13:05:00+00:00,2025-09-28 06:10:00-07:00,2025-09-28 13:10:00+00:00,REAL_TIME_5_MIN,BEARTAP_1_N001,Node,42.6687,42.49871,0.0,0.16999,0.0
2025-09-28 06:05:00-07:00,2025-09-28 13:05:00+00:00,2025-09-28 06:10:00-07:00,2025-09-28 13:10:00+00:00,REAL_TIME_5_MIN,SOUTHBY_6_N001,Node,43.12769,42.49871,0.0,0.62898,0.0
2025-09-28 06:10:00-07:00,2025-09-28 13:10:00+00:00,2025-09-28 06:15:00-07:00,2025-09-28 13:15:00+00:00,REAL_TIME_5_MIN,BALCH1_7_N001,Node,44.99886,42.94194,0.0,2.05692,0.0
2025-09-28 06:10:00-07:00,2025-09-28 13:10:00+00:00,2025-09-28 06:15:00-07:00,2025-09-28 13:15:00+00:00,REAL_TIME_5_MIN,BEARTAP_1_N001,Node,43.11371,42.94194,0.0,0.17177,0.0
2025-09-28 06:10:00-07:00,2025-09-28 13:10:00+00:00,2025-09-28 06:15:00-07:00,2025-09-28 13:15:00+00:00,REAL_TIME_5_MIN,SOUTHBY_6_N001,Node,43.57748,42.94194,0.0,0.63554,0.0
2025-09-28 06:15:00-07:00,2025-09-28 13:15:00+00:00,2025-09-28 06:20:00-07:00,2025-09-28 13:20:00+00:00,REAL_TIME_5_MIN,BALCH1_7_N001,Node,44.28172,42.24549,0.0,2.03623,0.0
2025-09-28 06:15:00-07:00,2025-09-28 13:15:00+00:00,2025-09-28 06:20:00-07:00,2025-09-28 13:20:00+00:00,REAL_TIME_5_MIN,BEARTAP_1_N001,Node,42.41447,42.24549,0.0,0.16898,0.0
2025-09-28 06:15:00-07:00,2025-09-28 13:15:00+00:00,2025-09-28 06:20:00-07:00,2025-09-28 13:20:00+00:00,REAL_TIME_5_MIN,SOUTHBY_6_N001,Node,42.89185,42.24549,0.0,0.64636,0.0
2025-09-28 06:20:00-07:00,2025-09-28 13:20:00+00:00,2025-09-28 06:25:00-07:00,2025-09-28 13:25:00+00:00,REAL_TIME_5_MIN,BALCH1_7_N001,Node,44.83676,42.775,0.0,2.06176,0.0
2025-09-28 06:20:00-07:00,2025-09-28 13:20:00+00:00,2025-09-28 06:25:00-07:00,2025-09-28 13:25:00+00:00,REAL_TIME_5_MIN,BEARTAP_1_N001,Node,42.9461,42.775,0.0,0.1711,0.0
2025-09-28 06:20:00-07:00,2025-09-28 13:20:00+00:00,2025-09-28 06:25:00-07:00,2025-09-28 13:25:00+00:00,REAL_TIME_5_MIN,SOUTHBY_6_N001,Node,43.42946,42.775,0.0,0.65446,0.0
2025-09-28 06:25:00-07:00,2025-09-28 13:25:00+00:00,2025-09-28 06:30:00-07:00,2025-09-28 13:30:00+00:00,REAL_TIME_5_MIN,BALCH1_7_N001,Node,45.01767,42.94759,0.0,2.07007,0.0
2025-09-28 06:25:00-07:00,2025-09-28 13:25:00+00:00,2025-09-28 06:30:00-07:00,2025-09-28 13:30:00+00:00,REAL_TIME_5_MIN,BEARTAP_1_N001,Node,43.11938,42.94759,0.0,0.17179,0.0
2025-09-28 06:25:00-07:00,2025-09-28 13:25:00+00:00,2025-09-28 06:30:00-07:00,2025-09-28 13:30:00+00:00,REAL_TIME_5_MIN,SOUTHBY_6_N001,Node,43.60469,42.94759,0.0,0.6571,0.0
2025-09-28 06:30:00-07:00,2025-09-28 13:30:00+00:00,2025-09-28 06:35:00-07:00,2025-09-28 13:35:00+00:00,REAL_TIME_5_MIN,BALCH1_7_N001,Node,45.5021,43.28175,0.0,2.22035,0.0
2025-09-28 06:30:00-07:00,2025-09-28 13:30:00+00:00,2025-09-28 06:35:00-07:00,2025-09-28 13:35:00+00:00,REAL_TIME_5_MIN,BEARTAP_1_N001,Node,43.45055,43.28175,0.0,0.1688,0.0
2025-09-28 06:30:00-07:00,2025-09-28 13:30:00+00:00,2025-09-28 06:35:00-07:00,2025-09-28 13:35:00+00:00,REAL_TIME_5_MIN,SOUTHBY_6_N001,Node,44.06082,43.28175,0.0,0.77907,0.0
2025-09-28 06:35:00-07:00,2025-09-28 13:35:00+00:00,2025-09-28 06:40:00-07:00,2025-09-28 13:40:00+00:00,REAL_TIME_5_MIN,BALCH1_7_N001,Node,46.09472,43.84544,0.0,2.24927,0.0
2025-09-28 06:35:00-07:00,2025-09-28 13:35:00+00:00,2025-09-28 06:40:00-07:00,2025-09-28 13:40:00+00:00,REAL_TIME_5_MIN,BEARTAP_1_N001,Node,44.01644,43.84544,0.0,0.171,0.0
2025-09-28 06:35:00-07:00,2025-09-28 13:35:00+00:00,2025-09-28 06:40:00-07:00,2025-09-28 13:40:00+00:00,REAL_TIME_5_MIN,SOUTHBY_6_N001,Node,44.63466,43.84544,0.0,0.78922,0.0
2025-09-28 06:40:00-07:00,2025-09-28 13:40:00+00:00,2025-09-28 06:45:00-07:00,2025-09-28 13:45:00+00:00,REAL_TIME_5_MIN,BALCH1_7_N001,Node,46.20622,43.9515,0.0,2.25471,0.0
2025-09-28 06:40:00-07:00,2025-09-28 13:40:00+00:00,2025-09-28 06:45:00-07:00,2025-09-28 13:45:00+00:00,REAL_TIME_5_MIN,BEARTAP_1_N001,Node,44.12292,43.9515,0.0,0.17141,0.0
2025-09-28 06:40:00-07:00,2025-09-28 13:40:00+00:00,2025-09-28 06:45:00-07:00,2025-09-28 13:45:00+00:00,REAL_TIME_5_MIN,SOUTHBY_6_N001,Node,44.74263,43.9515,0.0,0.79113,0.0
2025-09-28 06:45:00-07:00,2025-09-28 13:45:00+00:00,2025-09-28 06:50:00-07:00,2025-09-28 13:50:00+00:00,REAL_TIME_5_MIN,BALCH1_7_N001,Node,48.44683,46.09593,0.0,2.35089,0.0
2025-09-28 06:45:00-07:00,2025-09-28 13:45:00+00:00,2025-09-28 06:50:00-07:00,2025-09-28 13:50:00+00:00,REAL_TIME_5_MIN,BEARTAP_1_N001,Node,46.19274,46.09593,0.0,0.0968,0.0
2025-09-28 06:45:00-07:00,2025-09-28 13:45:00+00:00,2025-09-28 06:50:00-07:00,2025-09-28 13:50:00+00:00,REAL_TIME_5_MIN,SOUTHBY_6_N001,Node,46.93488,46.09593,0.0,0.83895,0.0
2025-09-28 06:50:00-07:00,2025-09-28 13:50:00+00:00,2025-09-28 06:55:00-07:00,2025-09-28 13:55:00+00:00,REAL_TIME_5_MIN,BALCH1_7_N001,Node,50.78956,48.32498,0.0,2.46457,0.0
2025-09-28 06:50:00-07:00,2025-09-28 13:50:00+00:00,2025-09-28 06:55:00-07:00,2025-09-28 13:55:00+00:00,REAL_TIME_5_MIN,BEARTAP_1_N001,Node,48.42647,48.32498,0.0,0.10148,0.0
2025-09-28 06:50:00-07:00,2025-09-28 13:50:00+00:00,2025-09-28 06:55:00-07:00,2025-09-28 13:55:00+00:00,REAL_TIME_5_MIN,SOUTHBY_6_N001,Node,49.2045,48.32498,0.0,0.87951,0.0
2025-09-28 06:55:00-07:00,2025-09-28 13:55:00+00:00,2025-09-28 07:00:00-07:00,2025-09-28 14:00:00+00:00,REAL_TIME_5_MIN,BALCH1_7_N001,Node,51.63836,49.1326,0.0,2.50576,0.0
2025-09-28 06:55:00-07:00,2025-09-28 13:55:00+00:00,2025-09-28 07:00:00-07:00,2025-09-28 14:00:00+00:00,REAL_TIME_5_MIN,BEARTAP_1_N001,Node,49.23578,49.1326,0.0,0.10318,0.0
2025-09-28 06:55:00-07:00,2025-09-28 13:55:00+00:00,2025-09-28 07:00:00-07:00,2025-09-28 14:00:00+00:00,REAL_TIME_5_MIN,SOUTHBY_6_N001,Node,50.02682,49.1326,0.0,0.89421,0.0
2025-09-28 07:00:00-07:00,2025-09-28 14:00:00+00:00,2025-09-28 07:05:00-07:00,2025-09-28 14:05:00+00:00,REAL_TIME_5_MIN,BALCH1_7_N001,Node,63.97822,59.05318,0.0,4.92504,0.0
2025-09-28 07:00:00-07:00,2025-09-28 14:00:00+00:00,2025-09-28 07:05:00-07:00,2025-09-28 14:05:00+00:00,REAL_TIME_5_MIN,BEARTAP_1_N001,Node,59.01184,59.05318,0.0,-0.04134,0.0
2025-09-28 07:00:00-07:00,2025-09-28 14:00:00+00:00,2025-09-28 07:05:00-07:00,2025-09-28 14:05:00+00:00,REAL_TIME_5_MIN,SOUTHBY_6_N001,Node,60.7362,59.05318,0.0,1.68302,0.0
2025-09-28 07:05:00-07:00,2025-09-28 14:05:00+00:00,2025-09-28 07:10:00-07:00,2025-09-28 14:10:00+00:00,REAL_TIME_5_MIN,BALCH1_7_N001,Node,59.75561,55.15563,0.0,4.59998,0.0
2025-09-28 07:05:00-07:00,2025-09-28 14:05:00+00:00,2025-09-28 07:10:00-07:00,2025-09-28 14:10:00+00:00,REAL_TIME_5_MIN,BEARTAP_1_N001,Node,55.11702,55.15563,0.0,-0.03861,0.0
2025-09-28 07:05:00-07:00,2025-09-28 14:05:00+00:00,2025-09-28 07:10:00-07:00,2025-09-28 14:10:00+00:00,REAL_TIME_5_MIN,SOUTHBY_6_N001,Node,56.72757,55.15563,0.0,1.57194,0.0
2025-09-28 07:10:00-07:00,2025-09-28 14:10:00+00:00,2025-09-28 07:15:00-07:00,2025-09-28 14:15:00+00:00,REAL_TIME_5_MIN,BALCH1_7_N001,Node,63.77406,58.86474,0.0,4.90932,0.0
2025-09-28 07:10:00-07:00,2025-09-28 14:10:00+00:00,2025-09-28 07:15:00-07:00,2025-09-28 14:15:00+00:00,REAL_TIME_5_MIN,BEARTAP_1_N001,Node,58.82353,58.86474,0.0,-0.04121,0.0
2025-09-28 07:10:00-07:00,2025-09-28 14:10:00+00:00,2025-09-28 07:15:00-07:00,2025-09-28 14:15:00+00:00,REAL_TIME_5_MIN,SOUTHBY_6_N001,Node,60.54238,58.86474,0.0,1.67764,0.0
2025-09-28 07:15:00-07:00,2025-09-28 14:15:00+00:00,2025-09-28 07:20:00-07:00,2025-09-28 14:20:00+00:00,REAL_TIME_5_MIN,BALCH1_7_N001,Node,63.87158,58.97108,0.0,4.9005,0.0
2025-09-28 07:15:00-07:00,2025-09-28 14:15:00+00:00,2025-09-28 07:20:00-07:00,2025-09-28 14:20:00+00:00,REAL_TIME_5_MIN,BEARTAP_1_N001,Node,58.64674,58.97108,0.0,-0.32434,0.0
2025-09-28 07:15:00-07:00,2025-09-28 14:15:00+00:00,2025-09-28 07:20:00-07:00,2025-09-28 14:20:00+00:00,REAL_TIME_5_MIN,SOUTHBY_6_N001,Node,61.35941,58.97108,0.0,2.38833,0.0
2025-09-28 07:20:00-07:00,2025-09-28 14:20:00+00:00,2025-09-28 07:25:00-07:00,2025-09-28 14:25:00+00:00,REAL_TIME_5_MIN,BALCH1_7_N001,Node,59.6852,55.1059,0.0,4.5793,0.0
2025-09-28 07:20:00-07:00,2025-09-28 14:20:00+00:00,2025-09-28 07:25:00-07:00,2025-09-28 14:25:00+00:00,REAL_TIME_5_MIN,BEARTAP_1_N001,Node,54.80282,55.1059,0.0,-0.30308,0.0
2025-09-28 07:20:00-07:00,2025-09-28 14:20:00+00:00,2025-09-28 07:25:00-07:00,2025-09-28 14:25:00+00:00,REAL_TIME_5_MIN,SOUTHBY_6_N001,Node,57.33769,55.1059,0.0,2.23179,0.0
2025-09-28 07:25:00-07:00,2025-09-28 14:25:00+00:00,2025-09-28 07:30:00-07:00,2025-09-28 14:30:00+00:00,REAL_TIME_5_MIN,BALCH1_7_N001,Node,52.20822,48.20259,0.0,4.00563,0.0
2025-09-28 07:25:00-07:00,2025-09-28 14:25:00+00:00,2025-09-28 07:30:00-07:00,2025-09-28 14:30:00+00:00,REAL_TIME_5_MIN,BEARTAP_1_N001,Node,47.93747,48.20259,0.0,-0.26511,0.0
2025-09-28 07:25:00-07:00,2025-09-28 14:25:00+00:00,2025-09-28 07:30:00-07:00,2025-09-28 14:30:00+00:00,REAL_TIME_5_MIN,SOUTHBY_6_N001,Node,50.15479,48.20259,0.0,1.9522,0.0
2025-09-28 07:30:00-07:00,2025-09-28 14:30:00+00:00,2025-09-28 07:35:00-07:00,2025-09-28 14:35:00+00:00,REAL_TIME_5_MIN,BALCH1_7_N001,Node,46.30716,43.1326,0.0,3.17456,0.0
2025-09-28 07:30:00-07:00,2025-09-28 14:30:00+00:00,2025-09-28 07:35:00-07:00,2025-09-28 14:35:00+00:00,REAL_TIME_5_MIN,BEARTAP_1_N001,Node,42.86087,43.1326,0.0,-0.27174,0.0
2025-09-28 07:30:00-07:00,2025-09-28 14:30:00+00:00,2025-09-28 07:35:00-07:00,2025-09-28 14:35:00+00:00,REAL_TIME_5_MIN,SOUTHBY_6_N001,Node,44.87516,43.1326,0.0,1.74256,0.0
2025-09-28 07:35:00-07:00,2025-09-28 14:35:00+00:00,2025-09-28 07:40:00-07:00,2025-09-28 14:40:00+00:00,REAL_TIME_5_MIN,BALCH1_7_N001,Node,42.93943,39.99574,0.0,2.94369,0.0
2025-09-28 07:35:00-07:00,2025-09-28 14:35:00+00:00,2025-09-28 07:40:00-07:00,2025-09-28 14:40:00+00:00,REAL_TIME_5_MIN,BEARTAP_1_N001,Node,39.74377,39.99574,0.0,-0.25197,0.0
2025-09-28 07:35:00-07:00,2025-09-28 14:35:00+00:00,2025-09-28 07:40:00-07:00,2025-09-28 14:40:00+00:00,REAL_TIME_5_MIN,SOUTHBY_6_N001,Node,41.61157,39.99574,0.0,1.61583,0.0
2025-09-28 07:40:00-07:00,2025-09-28 14:40:00+00:00,2025-09-28 07:45:00-07:00,2025-09-28 14:45:00+00:00,REAL_TIME_5_MIN,BALCH1_7_N001,Node,38.17632,35.55917,0.0,2.61715,0.0
2025-09-28 07:40:00-07:00,2025-09-28 14:40:00+00:00,2025-09-28 07:45:00-07:00,2025-09-28 14:45:00+00:00,REAL_TIME_5_MIN,BEARTAP_1_N001,Node,35.33515,35.55917,0.0,-0.22402,0.0
2025-09-28 07:40:00-07:00,2025-09-28 14:40:00+00:00,2025-09-28 07:45:00-07:00,2025-09-28 14:45:00+00:00,REAL_TIME_5_MIN,SOUTHBY_6_N001,Node,36.99576,35.55917,0.0,1.43659,0.0
2025-09-28 07:45:00-07:00,2025-09-28 14:45:00+00:00,2025-09-28 07:50:00-07:00,2025-09-28 14:50:00+00:00,REAL_TIME_5_MIN,BALCH1_7_N001,Node,36.26163,34.10933,0.0,2.1523,0.0
2025-09-28 07:45:00-07:00,2025-09-28 14:45:00+00:00,2025-09-28 07:50:00-07:00,2025-09-28 14:50:00+00:00,REAL_TIME_5_MIN,BEARTAP_1_N001,Node,33.83987,34.10933,0.0,-0.26946,0.0
2025-09-28 07:45:00-07:00,2025-09-28 14:45:00+00:00,2025-09-28 07:50:00-07:00,2025-09-28 14:50:00+00:00,REAL_TIME_5_MIN,SOUTHBY_6_N001,Node,35.60673,34.10933,0.0,1.4974,0.0
2025-09-28 07:50:00-07:00,2025-09-28 14:50:00+00:00,2025-09-28 07:55:00-07:00,2025-09-28 14:55:00+00:00,REAL_TIME_5_MIN,BALCH1_7_N001,Node,32.18043,27.99331,2.42075,1.76638,0.0
2025-09-28 07:50:00-07:00,2025-09-28 14:50:00+00:00,2025-09-28 07:55:00-07:00,2025-09-28 14:55:00+00:00,REAL_TIME_5_MIN,BEARTAP_1_N001,Node,26.72123,27.99331,-1.05092,-0.22115,0.0
2025-09-28 07:50:00-07:00,2025-09-28 14:50:00+00:00,2025-09-28 07:55:00-07:00,2025-09-28 14:55:00+00:00,REAL_TIME_5_MIN,SOUTHBY_6_N001,Node,31.57049,27.99331,2.34827,1.22891,0.0
2025-09-28 07:55:00-07:00,2025-09-28 14:55:00+00:00,2025-09-28 08:00:00-07:00,2025-09-28 15:00:00+00:00,REAL_TIME_5_MIN,BALCH1_7_N001,Node,33.93345,26.96012,5.27215,1.70118,0.0
2025-09-28 07:55:00-07:00,2025-09-28 14:55:00+00:00,2025-09-28 08:00:00-07:00,2025-09-28 15:00:00+00:00,REAL_TIME_5_MIN,BEARTAP_1_N001,Node,24.45833,26.96012,-2.28881,-0.21298,0.0
2025-09-28 07:55:00-07:00,2025-09-28 14:55:00+00:00,2025-09-28 08:00:00-07:00,2025-09-28 15:00:00+00:00,REAL_TIME_5_MIN,SOUTHBY_6_N001,Node,33.25796,26.96012,5.1143,1.18355,0.0
2025-09-28 08:00:00-07:00,2025-09-28 15:00:00+00:00,2025-09-28 08:05:00-07:00,2025-09-28 15:05:00+00:00,REAL_TIME_5_MIN,BALCH1_7_N001,Node,37.52093,34.63466,0.71468,2.17159,0.0
2025-09-28 08:00:00-07:00,2025-09-28 15:00:00+00:00,2025-09-28 08:05:00-07:00,2025-09-28 15:05:00+00:00,REAL_TIME_5_MIN,BEARTAP_1_N001,Node,33.78022,34.63466,-0.30721,-0.54723,0.0
2025-09-28 08:00:00-07:00,2025-09-28 15:00:00+00:00,2025-09-28 08:05:00-07:00,2025-09-28 15:05:00+00:00,REAL_TIME_5_MIN,SOUTHBY_6_N001,Node,36.92813,34.63466,0.69335,1.60012,0.0
2025-09-28 08:05:00-07:00,2025-09-28 15:05:00+00:00,2025-09-28 08:10:00-07:00,2025-09-28 15:10:00+00:00,REAL_TIME_5_MIN,BALCH1_7_N001,Node,37.45898,30.92336,4.59673,1.93889,0.0
2025-09-28 08:05:00-07:00,2025-09-28 15:05:00+00:00,2025-09-28 08:10:00-07:00,2025-09-28 15:10:00+00:00,REAL_TIME_5_MIN,BEARTAP_1_N001,Node,28.45886,30.92336,-1.97591,-0.48859,0.0
2025-09-28 08:05:00-07:00,2025-09-28 15:05:00+00:00,2025-09-28 08:10:00-07:00,2025-09-28 15:10:00+00:00,REAL_TIME_5_MIN,SOUTHBY_6_N001,Node,36.81153,30.92336,4.45951,1.42866,0.0
2025-09-28 08:10:00-07:00,2025-09-28 15:10:00+00:00,2025-09-28 08:15:00-07:00,2025-09-28 15:15:00+00:00,REAL_TIME_5_MIN,BALCH1_7_N001,Node,28.62964,27.44795,-0.53929,1.72099,0.0
2025-09-28 08:10:00-07:00,2025-09-28 15:10:00+00:00,2025-09-28 08:15:00-07:00,2025-09-28 15:15:00+00:00,REAL_TIME_5_MIN,BEARTAP_1_N001,Node,22.6045,27.44795,-4.40977,-0.43368,0.0
2025-09-28 08:10:00-07:00,2025-09-28 15:10:00+00:00,2025-09-28 08:15:00-07:00,2025-09-28 15:15:00+00:00,REAL_TIME_5_MIN,SOUTHBY_6_N001,Node,36.18099,27.44795,7.46494,1.2681,0.0
2025-09-28 08:15:00-07:00,2025-09-28 15:15:00+00:00,2025-09-28 08:20:00-07:00,2025-09-28 15:20:00+00:00,REAL_TIME_5_MIN,BALCH1_7_N001,Node,8.29212,23.43647,-16.49898,1.35463,0.0
2025-09-28 08:15:00-07:00,2025-09-28 15:15:00+00:00,2025-09-28 08:20:00-07:00,2025-09-28 15:20:00+00:00,REAL_TIME_5_MIN,BEARTAP_1_N001,Node,12.18952,23.43647,-10.82276,-0.4242,0.0
2025-09-28 08:15:00-07:00,2025-09-28 15:15:00+00:00,2025-09-28 08:20:00-07:00,2025-09-28 15:20:00+00:00,REAL_TIME_5_MIN,SOUTHBY_6_N001,Node,39.28229,23.43647,14.6693,1.17651,0.0
2025-09-28 08:20:00-07:00,2025-09-28 15:20:00+00:00,2025-09-28 08:25:00-07:00,2025-09-28 15:25:00+00:00,REAL_TIME_5_MIN,BALCH1_7_N001,Node,7.50325,21.90223,-15.66494,1.26595,0.0
2025-09-28 08:20:00-07:00,2025-09-28 15:20:00+00:00,2025-09-28 08:25:00-07:00,2025-09-28 15:25:00+00:00,REAL_TIME_5_MIN,BEARTAP_1_N001,Node,10.13664,21.90223,-11.36916,-0.39643,0.0
2025-09-28 08:20:00-07:00,2025-09-28 15:20:00+00:00,2025-09-28 08:25:00-07:00,2025-09-28 15:25:00+00:00,REAL_TIME_5_MIN,SOUTHBY_6_N001,Node,38.80053,21.90223,15.7988,1.09949,0.0
2025-09-28 08:25:00-07:00,2025-09-28 15:25:00+00:00,2025-09-28 08:30:00-07:00,2025-09-28 15:30:00+00:00,REAL_TIME_5_MIN,BALCH1_7_N001,Node,-1.80884,21.52113,-24.5739,1.24392,0.0
2025-09-28 08:25:00-07:00,2025-09-28 15:25:00+00:00,2025-09-28 08:30:00-07:00,2025-09-28 15:30:00+00:00,REAL_TIME_5_MIN,BEARTAP_1_N001,Node,1.09671,21.52113,-20.03489,-0.38953,0.0
2025-09-28 08:25:00-07:00,2025-09-28 15:25:00+00:00,2025-09-28 08:30:00-07:00,2025-09-28 15:30:00+00:00,REAL_TIME_5_MIN,SOUTHBY_6_N001,Node,42.86068,21.52113,20.25918,1.08036,0.0
2025-09-28 08:30:00-07:00,2025-09-28 15:30:00+00:00,2025-09-28 08:35:00-07:00,2025-09-28 15:35:00+00:00,REAL_TIME_5_MIN,BALCH1_7_N001,Node,10.1408,21.4484,-12.67172,1.36412,0.0
2025-09-28 08:30:00-07:00,2025-09-28 15:30:00+00:00,2025-09-28 08:35:00-07:00,2025-09-28 15:35:00+00:00,REAL_TIME_5_MIN,BEARTAP_1_N001,Node,8.67799,21.4484,-12.2728,-0.4976,0.0
2025-09-28 08:30:00-07:00,2025-09-28 15:30:00+00:00,2025-09-28 08:35:00-07:00,2025-09-28 15:35:00+00:00,REAL_TIME_5_MIN,SOUTHBY_6_N001,Node,39.88471,21.4484,17.44325,0.99306,0.0
2025-09-28 08:35:00-07:00,2025-09-28 15:35:00+00:00,2025-09-28 08:40:00-07:00,2025-09-28 15:40:00+00:00,REAL_TIME_5_MIN,BALCH1_7_N001,Node,9.99886,20.32981,-11.62392,1.29298,0.0
2025-09-28 08:35:00-07:00,2025-09-28 15:35:00+00:00,2025-09-28 08:40:00-07:00,2025-09-28 15:40:00+00:00,REAL_TIME_5_MIN,BEARTAP_1_N001,Node,7.21342,20.32981,-12.64473,-0.47165,0.0
2025-09-28 08:35:00-07:00,2025-09-28 15:35:00+00:00,2025-09-28 08:40:00-07:00,2025-09-28 15:40:00+00:00,REAL_TIME_5_MIN,SOUTHBY_6_N001,Node,39.59123,20.32981,18.32015,0.94127,0.0
2025-09-28 08:40:00-07:00,2025-09-28 15:40:00+00:00,2025-09-28 08:45:00-07:00,2025-09-28 15:45:00+00:00,REAL_TIME_5_MIN,BALCH1_7_N001,Node,6.96648,20.01394,-14.32035,1.27289,0.0
2025-09-28 08:40:00-07:00,2025-09-28 15:40:00+00:00,2025-09-28 08:45:00-07:00,2025-09-28 15:45:00+00:00,REAL_TIME_5_MIN,BEARTAP_1_N001,Node,5.78167,20.01394,-13.76795,-0.46432,0.0
2025-09-28 08:40:00-07:00,2025-09-28 15:40:00+00:00,2025-09-28 08:45:00-07:00,2025-09-28 15:45:00+00:00,REAL_TIME_5_MIN,SOUTHBY_6_N001,Node,40.39992,20.01394,19.45933,0.92665,0.0
2025-09-28 08:45:00-07:00,2025-09-28 15:45:00+00:00,2025-09-28 08:50:00-07:00,2025-09-28 15:50:00+00:00,REAL_TIME_5_MIN,BALCH1_7_N001,Node,3.06315,18.83287,-16.86579,1.09607,0.0
2025-09-28 08:45:00-07:00,2025-09-28 15:45:00+00:00,2025-09-28 08:50:00-07:00,2025-09-28 15:50:00+00:00,REAL_TIME_5_MIN,BEARTAP_1_N001,Node,2.53297,18.83287,-15.80836,-0.49154,0.0
2025-09-28 08:45:00-07:00,2025-09-28 15:45:00+00:00,2025-09-28 08:50:00-07:00,2025-09-28 15:50:00+00:00,REAL_TIME_5_MIN,SOUTHBY_6_N001,Node,39.15738,18.83287,19.48268,0.84183,0.0
2025-09-28 08:50:00-07:00,2025-09-28 15:50:00+00:00,2025-09-28 08:55:00-07:00,2025-09-28 15:55:00+00:00,REAL_TIME_5_MIN,BALCH1_7_N001,Node,1.34584,18.24839,-17.96461,1.06206,0.0
2025-09-28 08:50:00-07:00,2025-09-28 15:50:00+00:00,2025-09-28 08:55:00-07:00,2025-09-28 15:55:00+00:00,REAL_TIME_5_MIN,BEARTAP_1_N001,Node,0.22784,18.24839,-17.54427,-0.47628,0.0
2025-09-28 08:50:00-07:00,2025-09-28 15:50:00+00:00,2025-09-28 08:55:00-07:00,2025-09-28 15:55:00+00:00,REAL_TIME_5_MIN,SOUTHBY_6_N001,Node,39.36199,18.24839,20.2979,0.8157,0.0
2025-09-28 08:55:00-07:00,2025-09-28 15:55:00+00:00,2025-09-28 09:00:00-07:00,2025-09-28 16:00:00+00:00,REAL_TIME_5_MIN,BALCH1_7_N001,Node,-0.83585,17.91063,-19.78887,1.0424,0.0
2025-09-28 08:55:00-07:00,2025-09-28 15:55:00+00:00,2025-09-28 09:00:00-07:00,2025-09-28 16:00:00+00:00,REAL_TIME_5_MIN,BEARTAP_1_N001,Node,-2.3485,17.91063,-19.79166,-0.46747,0.0
2025-09-28 08:55:00-07:00,2025-09-28 15:55:00+00:00,2025-09-28 09:00:00-07:00,2025-09-28 16:00:00+00:00,REAL_TIME_5_MIN,SOUTHBY_6_N001,Node,39.91316,17.91063,21.20192,0.80061,0.0
2025-09-28 09:00:00-07:00,2025-09-28 16:00:00+00:00,2025-09-28 09:05:00-07:00,2025-09-28 16:05:00+00:00,REAL_TIME_5_MIN,BALCH1_7_N001,Node,0.8337,21.72559,-22.1737,1.28181,0.0
2025-09-28 09:00:00-07:00,2025-09-28 16:00:00+00:00,2025-09-28 09:05:00-07:00,2025-09-28 16:05:00+00:00,REAL_TIME_5_MIN,BEARTAP_1_N001,Node,6.09293,21.72559,-15.0352,-0.59745,0.0
2025-09-28 09:00:00-07:00,2025-09-28 16:00:00+00:00,2025-09-28 09:05:00-07:00,2025-09-28 16:05:00+00:00,REAL_TIME_5_MIN,SOUTHBY_6_N001,Node,40.49247,21.72559,17.84571,0.92117,0.0
2025-09-28 09:05:00-07:00,2025-09-28 16:05:00+00:00,2025-09-28 09:10:00-07:00,2025-09-28 16:10:00+00:00,REAL_TIME_5_MIN,BALCH1_7_N001,Node,0.02912,21.08032,-22.29494,1.24374,0.0
2025-09-28 09:05:00-07:00,2025-09-28 16:05:00+00:00,2025-09-28 09:10:00-07:00,2025-09-28 16:10:00+00:00,REAL_TIME_5_MIN,BEARTAP_1_N001,Node,4.87132,21.08032,-15.62929,-0.57971,0.0
2025-09-28 09:05:00-07:00,2025-09-28 16:05:00+00:00,2025-09-28 09:10:00-07:00,2025-09-28 16:10:00+00:00,REAL_TIME_5_MIN,SOUTHBY_6_N001,Node,40.07279,21.08032,18.09866,0.89381,0.0
2025-09-28 09:10:00-07:00,2025-09-28 16:10:00+00:00,2025-09-28 09:15:00-07:00,2025-09-28 16:15:00+00:00,REAL_TIME_5_MIN,BALCH1_7_N001,Node,0.92235,20.77264,-21.07587,1.22559,0.0
2025-09-28 09:10:00-07:00,2025-09-28 16:10:00+00:00,2025-09-28 09:15:00-07:00,2025-09-28 16:15:00+00:00,REAL_TIME_5_MIN,BEARTAP_1_N001,Node,5.11333,20.77264,-15.08806,-0.57125,0.0
2025-09-28 09:10:00-07:00,2025-09-28 16:10:00+00:00,2025-09-28 09:15:00-07:00,2025-09-28 16:15:00+00:00,REAL_TIME_5_MIN,SOUTHBY_6_N001,Node,39.80874,20.77264,18.15534,0.88076,0.0
2025-09-28 09:15:00-07:00,2025-09-28 16:15:00+00:00,2025-09-28 09:20:00-07:00,2025-09-28 16:20:00+00:00,REAL_TIME_5_MIN,BALCH1_7_N001,Node,-0.54438,19.68212,-21.29523,1.06874,0.0
2025-09-28 09:15:00-07:00,2025-09-28 16:15:00+00:00,2025-09-28 09:20:00-07:00,2025-09-28 16:20:00+00:00,REAL_TIME_5_MIN,BEARTAP_1_N001,Node,2.81285,19.68212,-16.29652,-0.57275,0.0
2025-09-28 09:15:00-07:00,2025-09-28 16:15:00+00:00,2025-09-28 09:20:00-07:00,2025-09-28 16:20:00+00:00,REAL_TIME_5_MIN,SOUTHBY_6_N001,Node,38.87778,19.68212,18.36114,0.83452,0.0
2025-09-28 09:20:00-07:00,2025-09-28 16:20:00+00:00,2025-09-28 09:25:00-07:00,2025-09-28 16:25:00+00:00,REAL_TIME_5_MIN,BALCH1_7_N001,Node,-4.0382,19.88929,-25.00748,1.07999,0.0
2025-09-28 09:20:00-07:00,2025-09-28 16:20:00+00:00,2025-09-28 09:25:00-07:00,2025-09-28 16:25:00+00:00,REAL_TIME_5_MIN,BEARTAP_1_N001,Node,1.56733,19.88929,-17.74318,-0.57878,0.0
2025-09-28 09:20:00-07:00,2025-09-28 16:20:00+00:00,2025-09-28 09:25:00-07:00,2025-09-28 16:25:00+00:00,REAL_TIME_5_MIN,SOUTHBY_6_N001,Node,39.49436,19.88929,18.76177,0.84331,0.0
2025-09-28 09:25:00-07:00,2025-09-28 16:25:00+00:00,2025-09-28 09:30:00-07:00,2025-09-28 16:30:00+00:00,REAL_TIME_5_MIN,BALCH1_7_N001,Node,-4.02166,19.90962,-25.01238,1.08109,0.0
2025-09-28 09:25:00-07:00,2025-09-28 16:25:00+00:00,2025-09-28 09:30:00-07:00,2025-09-28 16:30:00+00:00,REAL_TIME_5_MIN,BEARTAP_1_N001,Node,1.55268,19.90962,-17.77757,-0.57937,0.0
2025-09-28 09:25:00-07:00,2025-09-28 16:25:00+00:00,2025-09-28 09:30:00-07:00,2025-09-28 16:30:00+00:00,REAL_TIME_5_MIN,SOUTHBY_6_N001,Node,39.62383,19.90962,18.87004,0.84417,0.0
2025-09-28 09:30:00-07:00,2025-09-28 16:30:00+00:00,2025-09-28 09:35:00-07:00,2025-09-28 16:35:00+00:00,REAL_TIME_5_MIN,BALCH1_7_N001,Node,-3.81149,19.89717,-24.77117,1.06251,0.0
2025-09-28 09:30:00-07:00,2025-09-28 16:30:00+00:00,2025-09-28 09:35:00-07:00,2025-09-28 16:35:00+00:00,REAL_TIME_5_MIN,BEARTAP_1_N001,Node,1.00756,19.89717,-18.29667,-0.59294,0.0
2025-09-28 09:30:00-07:00,2025-09-28 16:30:00+00:00,2025-09-28 09:35:00-07:00,2025-09-28 16:35:00+00:00,REAL_TIME_5_MIN,SOUTHBY_6_N001,Node,35.58929,19.89717,14.84052,0.8516,0.0
2025-09-28 09:35:00-07:00,2025-09-28 16:35:00+00:00,2025-09-28 09:40:00-07:00,2025-09-28 16:40:00+00:00,REAL_TIME_5_MIN,BALCH1_7_N001,Node,-5.8832,19.88184,-26.82673,1.06169,0.0
2025-09-28 09:35:00-07:00,2025-09-28 16:35:00+00:00,2025-09-28 09:40:00-07:00,2025-09-28 16:40:00+00:00,REAL_TIME_5_MIN,BEARTAP_1_N001,Node,-0.55679,19.88184,-19.84615,-0.59248,0.0
2025-09-28 09:35:00-07:00,2025-09-28 16:35:00+00:00,2025-09-28 09:40:00-07:00,2025-09-28 16:40:00+00:00,REAL_TIME_5_MIN,SOUTHBY_6_N001,Node,36.3283,19.88184,15.59552,0.85094,0.0
2025-09-28 09:40:00-07:00,2025-09-28 16:40:00+00:00,2025-09-28 09:45:00-07:00,2025-09-28 16:45:00+00:00,REAL_TIME_5_MIN,BALCH1_7_N001,Node,-5.82298,20.4188,-26.86047,0.61869,0.0
2025-09-28 09:40:00-07:00,2025-09-28 16:40:00+00:00,2025-09-28 09:45:00-07:00,2025-09-28 16:45:00+00:00,REAL_TIME_5_MIN,BEARTAP_1_N001,Node,-4.97996,20.4188,-24.51463,-0.88413,0.0
2025-09-28 09:40:00-07:00,2025-09-28 16:40:00+00:00,2025-09-28 09:45:00-07:00,2025-09-28 16:45:00+00:00,REAL_TIME_5_MIN,SOUTHBY_6_N001,Node,36.36784,20.4188,14.57077,1.37827,0.0
2025-09-28 09:45:00-07:00,2025-09-28 16:45:00+00:00,2025-09-28 09:50:00-07:00,2025-09-28 16:50:00+00:00,REAL_TIME_5_MIN,BALCH1_7_N001,Node,-5.67704,19.53403,-25.79904,0.58797,0.0
2025-09-28 09:45:00-07:00,2025-09-28 16:45:00+00:00,2025-09-28 09:50:00-07:00,2025-09-28 16:50:00+00:00,REAL_TIME_5_MIN,BEARTAP_1_N001,Node,0.86377,19.53403,-17.81663,-0.85364,0.0
2025-09-28 09:45:00-07:00,2025-09-28 16:45:00+00:00,2025-09-28 09:50:00-07:00,2025-09-28 16:50:00+00:00,REAL_TIME_5_MIN,SOUTHBY_6_N001,Node,36.48389,19.53403,15.63717,1.31269,0.0
2025-09-28 09:50:00-07:00,2025-09-28 16:50:00+00:00,2025-09-28 09:55:00-07:00,2025-09-28 16:55:00+00:00,REAL_TIME_5_MIN,BALCH1_7_N001,Node,-4.61093,19.08048,-24.26574,0.57432,0.0
2025-09-28 09:50:00-07:00,2025-09-28 16:50:00+00:00,2025-09-28 09:55:00-07:00,2025-09-28 16:55:00+00:00,REAL_TIME_5_MIN,BEARTAP_1_N001,Node,1.48821,19.08048,-16.75845,-0.83382,0.0
2025-09-28 09:50:00-07:00,2025-09-28 16:50:00+00:00,2025-09-28 09:55:00-07:00,2025-09-28 16:55:00+00:00,REAL_TIME_5_MIN,SOUTHBY_6_N001,Node,35.2773,19.08048,14.91461,1.28221,0.0
2025-09-28 09:55:00-07:00,2025-09-28 16:55:00+00:00,2025-09-28 10:00:00-07:00,2025-09-28 17:00:00+00:00,REAL_TIME_5_MIN,BALCH1_7_N001,Node,-6.0682,19.01233,-25.65279,0.57227,0.0
2025-09-28 09:55:00-07:00,2025-09-28 16:55:00+00:00,2025-09-28 10:00:00-07:00,2025-09-28 17:00:00+00:00,REAL_TIME_5_MIN,BEARTAP_1_N001,Node,3.0919,19.01233,-15.08959,-0.83084,0.0
2025-09-28 09:55:00-07:00,2025-09-28 16:55:00+00:00,2025-09-28 10:00:00-07:00,2025-09-28 17:00:00+00:00,REAL_TIME_5_MIN,SOUTHBY_6_N001,Node,35.34505,19.01233,15.05509,1.27763,0.0
2025-09-28 10:00:00-07:00,2025-09-28 17:00:00+00:00,2025-09-28 10:05:00-07:00,2025-09-28 17:05:00+00:00,REAL_TIME_5_MIN,BALCH1_7_N001,Node,-2.8286,20.70076,-24.15245,0.62309,0.0
2025-09-28 10:00:00-07:00,2025-09-28 17:00:00+00:00,2025-09-28 10:05:00-07:00,2025-09-28 17:05:00+00:00,REAL_TIME_5_MIN,BEARTAP_1_N001,Node,-0.90191,20.70076,-20.69804,-0.90462,0.0
2025-09-28 10:00:00-07:00,2025-09-28 17:00:00+00:00,2025-09-28 10:05:00-07:00,2025-09-28 17:05:00+00:00,REAL_TIME_5_MIN,SOUTHBY_6_N001,Node,35.44052,20.70076,13.34867,1.39109,0.0
2025-09-28 10:05:00-07:00,2025-09-28 17:05:00+00:00,2025-09-28 10:10:00-07:00,2025-09-28 17:10:00+00:00,REAL_TIME_5_MIN,BALCH1_7_N001,Node,-2.33585,19.48998,-22.41248,0.58665,0.0
2025-09-28 10:05:00-07:00,2025-09-28 17:05:00+00:00,2025-09-28 10:10:00-07:00,2025-09-28 17:10:00+00:00,REAL_TIME_5_MIN,BEARTAP_1_N001,Node,-2.42961,19.48998,-21.06788,-0.85171,0.0
2025-09-28 10:05:00-07:00,2025-09-28 17:05:00+00:00,2025-09-28 10:10:00-07:00,2025-09-28 17:10:00+00:00,REAL_TIME_5_MIN,SOUTHBY_6_N001,Node,35.39672,19.48998,14.597,1.30973,0.0
2025-09-28 10:10:00-07:00,2025-09-28 17:10:00+00:00,2025-09-28 10:15:00-07:00,2025-09-28 17:15:00+00:00,REAL_TIME_5_MIN,BALCH1_7_N001,Node,-2.49479,19.00963,-22.07661,0.57219,0.0
2025-09-28 10:10:00-07:00,2025-09-28 17:10:00+00:00,2025-09-28 10:15:00-07:00,2025-09-28 17:15:00+00:00,REAL_TIME_5_MIN,BEARTAP_1_N001,Node,-1.90837,19.00963,-20.08728,-0.83072,0.0
2025-09-28 10:10:00-07:00,2025-09-28 17:10:00+00:00,2025-09-28 10:15:00-07:00,2025-09-28 17:15:00+00:00,REAL_TIME_5_MIN,SOUTHBY_6_N001,Node,34.53135,19.00963,14.24427,1.27745,0.0
2025-09-28 10:15:00-07:00,2025-09-28 17:15:00+00:00,2025-09-28 10:20:00-07:00,2025-09-28 17:20:00+00:00,REAL_TIME_5_MIN,BALCH1_7_N001,Node,-5.31677,18.42726,-24.32265,0.57862,0.0
2025-09-28 10:15:00-07:00,2025-09-28 17:15:00+00:00,2025-09-28 10:20:00-07:00,2025-09-28 17:20:00+00:00,REAL_TIME_5_MIN,BEARTAP_1_N001,Node,5.38522,18.42726,-12.39709,-0.64495,0.0
2025-09-28 10:15:00-07:00,2025-09-28 17:15:00+00:00,2025-09-28 10:20:00-07:00,2025-09-28 17:20:00+00:00,REAL_TIME_5_MIN,SOUTHBY_6_N001,Node,36.8223,18.42726,17.60451,0.79053,0.0
2025-09-28 10:20:00-07:00,2025-09-28 17:20:00+00:00,2025-09-28 10:25:00-07:00,2025-09-28 17:25:00+00:00,REAL_TIME_5_MIN,BALCH1_7_N001,Node,-5.34032,18.3354,-24.25146,0.57573,0.0
2025-09-28 10:20:00-07:00,2025-09-28 17:20:00+00:00,2025-09-28 10:25:00-07:00,2025-09-28 17:25:00+00:00,REAL_TIME_5_MIN,BEARTAP_1_N001,Node,5.48334,18.3354,-12.21033,-0.64174,0.0
2025-09-28 10:20:00-07:00,2025-09-28 17:20:00+00:00,2025-09-28 10:25:00-07:00,2025-09-28 17:25:00+00:00,REAL_TIME_5_MIN,SOUTHBY_6_N001,Node,36.54695,18.3354,17.42496,0.78659,0.0
2025-09-28 10:25:00-07:00,2025-09-28 17:25:00+00:00,2025-09-28 10:30:00-07:00,2025-09-28 17:30:00+00:00,REAL_TIME_5_MIN,BALCH1_7_N001,Node,-5.30673,18.74812,-24.64354,0.58869,0.0
2025-09-28 10:25:00-07:00,2025-09-28 17:25:00+00:00,2025-09-28 10:30:00-07:00,2025-09-28 17:30:00+00:00,REAL_TIME_5_MIN,BEARTAP_1_N001,Node,6.1262,18.74812,-11.96574,-0.65618,0.0
2025-09-28 10:25:00-07:00,2025-09-28 17:25:00+00:00,2025-09-28 10:30:00-07:00,2025-09-28 17:30:00+00:00,REAL_TIME_5_MIN,SOUTHBY_6_N001,Node,36.71551,18.74812,17.1631,0.80429,0.0
2025-09-28 10:30:00-07:00,2025-09-28 17:30:00+00:00,2025-09-28 10:35:00-07:00,2025-09-28 17:35:00+00:00,REAL_TIME_5_MIN,BALCH1_7_N001,Node,-5.52724,18.60437,-24.72881,0.5972,0.0
2025-09-28 10:30:00-07:00,2025-09-28 17:30:00+00:00,2025-09-28 10:35:00-07:00,2025-09-28 17:35:00+00:00,REAL_TIME_5_MIN,BEARTAP_1_N001,Node,4.9836,18.60437,-12.91566,-0.70511,0.0
2025-09-28 10:30:00-07:00,2025-09-28 17:30:00+00:00,2025-09-28 10:35:00-07:00,2025-09-28 17:35:00+00:00,REAL_TIME_5_MIN,SOUTHBY_6_N001,Node,37.25999,18.60437,17.84074,0.81487,0.0
2025-09-28 10:35:00-07:00,2025-09-28 17:35:00+00:00,2025-09-28 10:40:00-07:00,2025-09-28 17:40:00+00:00,REAL_TIME_5_MIN,BALCH1_7_N001,Node,-5.95931,19.00989,-25.57942,0.61022,0.0
2025-09-28 10:35:00-07:00,2025-09-28 17:35:00+00:00,2025-09-28 10:40:00-07:00,2025-09-28 17:40:00+00:00,REAL_TIME_5_MIN,BEARTAP_1_N001,Node,4.5681,19.00989,-13.72131,-0.72047,0.0
2025-09-28 10:35:00-07:00,2025-09-28 17:35:00+00:00,2025-09-28 10:40:00-07:00,2025-09-28 17:40:00+00:00,REAL_TIME_5_MIN,SOUTHBY_6_N001,Node,37.95837,19.00989,18.11585,0.83263,0.0
2025-09-28 10:40:00-07:00,2025-09-28 17:40:00+00:00,2025-09-28 10:45:00-07:00,2025-09-28 17:45:00+00:00,REAL_TIME_5_MIN,BALCH1_7_N001,Node,-5.95725,18.95308,-25.51873,0.60839,0.0
2025-09-28 10:40:00-07:00,2025-09-28 17:40:00+00:00,2025-09-28 10:45:00-07:00,2025-09-28 17:45:00+00:00,REAL_TIME_5_MIN,BEARTAP_1_N001,Node,4.39852,18.95308,-13.83624,-0.71832,0.0
2025-09-28 10:40:00-07:00,2025-09-28 17:40:00+00:00,2025-09-28 10:45:00-07:00,2025-09-28 17:45:00+00:00,REAL_TIME_5_MIN,SOUTHBY_6_N001,Node,38.01666,18.95308,18.23343,0.83014,0.0
2025-09-28 10:45:00-07:00,2025-09-28 17:45:00+00:00,2025-09-28 10:50:00-07:00,2025-09-28 17:50:00+00:00,REAL_TIME_5_MIN,BALCH1_7_N001,Node,-6.72289,19.22582,-26.56778,0.61907,0.0
2025-09-28 10:45:00-07:00,2025-09-28 17:45:00+00:00,2025-09-28 10:50:00-07:00,2025-09-28 17:50:00+00:00,REAL_TIME_5_MIN,BEARTAP_1_N001,Node,3.66412,19.22582,-14.83111,-0.73058,0.0
2025-09-28 10:45:00-07:00,2025-09-28 17:45:00+00:00,2025-09-28 10:50:00-07:00,2025-09-28 17:50:00+00:00,REAL_TIME_5_MIN,SOUTHBY_6_N001,Node,38.49378,19.22582,18.44317,0.82479,0.0
2025-09-28 10:50:00-07:00,2025-09-28 17:50:00+00:00,2025-09-28 10:55:00-07:00,2025-09-28 17:55:00+00:00,REAL_TIME_5_MIN,BALCH1_7_N001,Node,-6.97428,18.22183,-25.78285,0.58674,0.0
2025-09-28 10:50:00-07:00,2025-09-28 17:50:00+00:00,2025-09-28 10:55:00-07:00,2025-09-28 17:55:00+00:00,REAL_TIME_5_MIN,BEARTAP_1_N001,Node,1.35966,18.22183,-16.16974,-0.69243,0.0
2025-09-28 10:50:00-07:00,2025-09-28 17:50:00+00:00,2025-09-28 10:55:00-07:00,2025-09-28 17:55:00+00:00,REAL_TIME_5_MIN,SOUTHBY_6_N001,Node,38.61155,18.22183,19.60801,0.78172,0.0
2025-09-28 10:55:00-07:00,2025-09-28 17:55:00+00:00,2025-09-28 11:00:00-07:00,2025-09-28 18:00:00+00:00,REAL_TIME_5_MIN,BALCH1_7_N001,Node,-7.3218,17.87549,-25.77288,0.57559,0.0
2025-09-28 10:55:00-07:00,2025-09-28 17:55:00+00:00,2025-09-28 11:00:00-07:00,2025-09-28 18:00:00+00:00,REAL_TIME_5_MIN,BEARTAP_1_N001,Node,0.02166,17.87549,-17.17456,-0.67927,0.0
2025-09-28 10:55:00-07:00,2025-09-28 17:55:00+00:00,2025-09-28 11:00:00-07:00,2025-09-28 18:00:00+00:00,REAL_TIME_5_MIN,SOUTHBY_6_N001,Node,38.91714,17.87549,20.27479,0.76686,0.0
2025-09-28 11:00:00-07:00,2025-09-28 18:00:00+00:00,2025-09-28 11:05:00-07:00,2025-09-28 18:05:00+00:00,REAL_TIME_5_MIN,BALCH1_7_N001,Node,0.44265,19.40983,-19.59413,0.62694,0.0
2025-09-28 11:00:00-07:00,2025-09-28 18:00:00+00:00,2025-09-28 11:05:00-07:00,2025-09-28 18:05:00+00:00,REAL_TIME_5_MIN,BEARTAP_1_N001,Node,9.64225,19.40983,-9.05525,-0.71234,0.0
2025-09-28 11:00:00-07:00,2025-09-28 18:00:00+00:00,2025-09-28 11:05:00-07:00,2025-09-28 18:05:00+00:00,REAL_TIME_5_MIN,SOUTHBY_6_N001,Node,38.16194,19.40983,17.94077,0.81133,0.0
2025-09-28 11:05:00-07:00,2025-09-28 18:05:00+00:00,2025-09-28 11:10:00-07:00,2025-09-28 18:10:00+00:00,REAL_TIME_5_MIN,BALCH1_7_N001,Node,-1.39522,18.99685,-21.00566,0.6136,0.0
2025-09-28 11:05:00-07:00,2025-09-28 18:05:00+00:00,2025-09-28 11:10:00-07:00,2025-09-28 18:10:00+00:00,REAL_TIME_5_MIN,BEARTAP_1_N001,Node,8.83084,18.99685,-9.46882,-0.69718,0.0
2025-09-28 11:05:00-07:00,2025-09-28 18:05:00+00:00,2025-09-28 11:10:00-07:00,2025-09-28 18:10:00+00:00,REAL_TIME_5_MIN,SOUTHBY_6_N001,Node,37.9511,18.99685,18.16018,0.79407,0.0
2025-09-28 11:10:00-07:00,2025-09-28 18:10:00+00:00,2025-09-28 11:15:00-07:00,2025-09-28 18:15:00+00:00,REAL_TIME_5_MIN,BALCH1_7_N001,Node,-0.82514,19.34087,-20.79072,0.62471,0.0
2025-09-28 11:10:00-07:00,2025-09-28 18:10:00+00:00,2025-09-28 11:15:00-07:00,2025-09-28 18:15:00+00:00,REAL_TIME_5_MIN,BEARTAP_1_N001,Node,8.53162,19.34087,-10.09943,-0.70981,0.0
2025-09-28 11:10:00-07:00,2025-09-28 18:10:00+00:00,2025-09-28 11:15:00-07:00,2025-09-28 18:15:00+00:00,REAL_TIME_5_MIN,SOUTHBY_6_N001,Node,38.32702,19.34087,18.1777,0.80845,0.0
2025-09-28 11:15:00-07:00,2025-09-28 18:15:00+00:00,2025-09-28 11:20:00-07:00,2025-09-28 18:20:00+00:00,REAL_TIME_5_MIN,BALCH1_7_N001,Node,-5.30299,18.76675,-24.68529,0.61555,0.0
2025-09-28 11:15:00-07:00,2025-09-28 18:15:00+00:00,2025-09-28 11:20:00-07:00,2025-09-28 18:20:00+00:00,REAL_TIME_5_MIN,BEARTAP_1_N001,Node,6.53469,18.76675,-11.53957,-0.69249,0.0
2025-09-28 11:15:00-07:00,2025-09-28 18:15:00+00:00,2025-09-28 11:20:00-07:00,2025-09-28 18:20:00+00:00,REAL_TIME_5_MIN,SOUTHBY_6_N001,Node,37.7982,18.76675,18.2545,0.77694,0.0
2025-09-28 11:20:00-07:00,2025-09-28 18:20:00+00:00,2025-09-28 11:25:00-07:00,2025-09-28 18:25:00+00:00,REAL_TIME_5_MIN,BALCH1_7_N001,Node,-5.98098,16.17989,-22.69157,0.5307,0.0
2025-09-28 11:20:00-07:00,2025-09-28 18:20:00+00:00,2025-09-28 11:25:00-07:00,2025-09-28 18:25:00+00:00,REAL_TIME_5_MIN,BEARTAP_1_N001,Node,0.3114,16.17989,-15.27146,-0.59704,0.0
2025-09-28 11:20:00-07:00,2025-09-28 18:20:00+00:00,2025-09-28 11:25:00-07:00,2025-09-28 18:25:00+00:00,REAL_TIME_5_MIN,SOUTHBY_6_N001,Node,37.98699,16.17989,21.13726,0.66985,0.0
2025-09-28 11:25:00-07:00,2025-09-28 18:25:00+00:00,2025-09-28 11:30:00-07:00,2025-09-28 18:30:00+00:00,REAL_TIME_5_MIN,BALCH1_7_N001,Node,-6.03294,17.12046,-23.71495,0.56155,0.0
2025-09-28 11:25:00-07:00,2025-09-28 18:25:00+00:00,2025-09-28 11:30:00-07:00,2025-09-28 18:30:00+00:00,REAL_TIME_5_MIN,BEARTAP_1_N001,Node,2.28702,17.12046,-14.20169,-0.63175,0.0
2025-09-28 11:25:00-07:00,2025-09-28 18:25:00+00:00,2025-09-28 11:30:00-07:00,2025-09-28 18:30:00+00:00,REAL_TIME_5_MIN,SOUTHBY_6_N001,Node,37.91909,17.12046,20.08985,0.70879,0.0
2025-09-28 11:30:00-07:00,2025-09-28 18:30:00+00:00,2025-09-28 11:35:00-07:00,2025-09-28 18:35:00+00:00,REAL_TIME_5_MIN,BALCH1_7_N001,Node,-8.48346,19.22237,-28.29019,0.58436,0.0
2025-09-28 11:30:00-07:00,2025-09-28 18:30:00+00:00,2025-09-28 11:35:00-07:00,2025-09-28 18:35:00+00:00,REAL_TIME_5_MIN,BEARTAP_1_N001,Node,3.87509,19.22237,-14.61298,-0.73429,0.0
2025-09-28 11:30:00-07:00,2025-09-28 18:30:00+00:00,2025-09-28 11:35:00-07:00,2025-09-28 18:35:00+00:00,REAL_TIME_5_MIN,SOUTHBY_6_N001,Node,39.03119,19.22237,19.00917,0.79965,0.0
2025-09-28 11:35:00-07:00,2025-09-28 18:35:00+00:00,2025-09-28 11:40:00-07:00,2025-09-28 18:40:00+00:00,REAL_TIME_5_MIN,BALCH1_7_N001,Node,-11.42776,19.27244,-31.28609,0.58588,0.0
2025-09-28 11:35:00-07:00,2025-09-28 18:35:00+00:00,2025-09-28 11:40:00-07:00,2025-09-28 18:40:00+00:00,REAL_TIME_5_MIN,BEARTAP_1_N001,Node,1.26438,19.27244,-17.27185,-0.73621,0.0
2025-09-28 11:35:00-07:00,2025-09-28 18:35:00+00:00,2025-09-28 11:40:00-07:00,2025-09-28 18:40:00+00:00,REAL_TIME_5_MIN,SOUTHBY_6_N001,Node,39.77247,19.27244,19.69829,0.80173,0.0
2025-09-28 11:40:00-07:00,2025-09-28 18:40:00+00:00,2025-09-28 11:45:00-07:00,2025-09-28 18:45:00+00:00,REAL_TIME_5_MIN,BALCH1_7_N001,Node,-6.45122,19.99438,-27.05343,0.60783,0.0
2025-09-28 11:40:00-07:00,2025-09-28 18:40:00+00:00,2025-09-28 11:45:00-07:00,2025-09-28 18:45:00+00:00,REAL_TIME_5_MIN,BEARTAP_1_N001,Node,4.99586,19.99438,-14.23474,-0.76379,0.0
2025-09-28 11:40:00-07:00,2025-09-28 18:40:00+00:00,2025-09-28 11:45:00-07:00,2025-09-28 18:45:00+00:00,REAL_TIME_5_MIN,SOUTHBY_6_N001,Node,39.69861,19.99438,18.87246,0.83177,0.0
2025-09-28 11:45:00-07:00,2025-09-28 18:45:00+00:00,2025-09-28 11:50:00-07:00,2025-09-28 18:50:00+00:00,REAL_TIME_5_MIN,BALCH1_7_N001,Node,-7.32065,19.66719,-27.62703,0.63918,0.0
2025-09-28 11:45:00-07:00,2025-09-28 18:45:00+00:00,2025-09-28 11:50:00-07:00,2025-09-28 18:50:00+00:00,REAL_TIME_5_MIN,BEARTAP_1_N001,Node,4.69276,19.66719,-14.21528,-0.75915,0.0
2025-09-28 11:45:00-07:00,2025-09-28 18:45:00+00:00,2025-09-28 11:50:00-07:00,2025-09-28 18:50:00+00:00,REAL_TIME_5_MIN,SOUTHBY_6_N001,Node,39.43991,19.66719,18.97226,0.80045,0.0
2025-09-28 11:50:00-07:00,2025-09-28 18:50:00+00:00,2025-09-28 11:55:00-07:00,2025-09-28 18:55:00+00:00,REAL_TIME_5_MIN,BALCH1_7_N001,Node,-10.5119,19.78101,-30.93579,0.64288,0.0
2025-09-28 11:50:00-07:00,2025-09-28 18:50:00+00:00,2025-09-28 11:55:00-07:00,2025-09-28 18:55:00+00:00,REAL_TIME_5_MIN,BEARTAP_1_N001,Node,2.69132,19.78101,-16.32615,-0.76355,0.0
2025-09-28 11:50:00-07:00,2025-09-28 18:50:00+00:00,2025-09-28 11:55:00-07:00,2025-09-28 18:55:00+00:00,REAL_TIME_5_MIN,SOUTHBY_6_N001,Node,39.75261,19.78101,19.16651,0.80509,0.0
2025-09-28 11:55:00-07:00,2025-09-28 18:55:00+00:00,2025-09-28 12:00:00-07:00,2025-09-28 19:00:00+00:00,REAL_TIME_5_MIN,BALCH1_7_N001,Node,-8.66994,17.81147,-27.06028,0.57887,0.0
2025-09-28 11:55:00-07:00,2025-09-28 18:55:00+00:00,2025-09-28 12:00:00-07:00,2025-09-28 19:00:00+00:00,REAL_TIME_5_MIN,BEARTAP_1_N001,Node,-0.12009,17.81147,-17.24404,-0.68752,0.0
2025-09-28 11:55:00-07:00,2025-09-28 18:55:00+00:00,2025-09-28 12:00:00-07:00,2025-09-28 19:00:00+00:00,REAL_TIME_5_MIN,SOUTHBY_6_N001,Node,39.72676,17.81147,21.19036,0.72493,0.0
2025-09-28 12:00:00-07:00,2025-09-28 19:00:00+00:00,2025-09-28 12:05:00-07:00,2025-09-28 19:05:00+00:00,REAL_TIME_5_MIN,BALCH1_7_N001,Node,-4.568,18.05047,-23.31161,0.69314,0.0
2025-09-28 12:00:00-07:00,2025-09-28 19:00:00+00:00,2025-09-28 12:05:00-07:00,2025-09-28 19:05:00+00:00,REAL_TIME_5_MIN,BEARTAP_1_N001,Node,2.44788,18.05047,-14.90765,-0.69494,0.0
2025-09-28 12:00:00-07:00,2025-09-28 19:00:00+00:00,2025-09-28 12:05:00-07:00,2025-09-28 19:05:00+00:00,REAL_TIME_5_MIN,SOUTHBY_6_N001,Node,38.75936,18.05047,19.95618,0.7527,0.0
2025-09-28 12:05:00-07:00,2025-09-28 19:05:00+00:00,2025-09-28 12:10:00-07:00,2025-09-28 19:10:00+00:00,REAL_TIME_5_MIN,BALCH1_7_N001,Node,-1.21784,17.01666,-18.88794,0.65344,0.0
2025-09-28 12:05:00-07:00,2025-09-28 19:05:00+00:00,2025-09-28 12:10:00-07:00,2025-09-28 19:10:00+00:00,REAL_TIME_5_MIN,BEARTAP_1_N001,Node,2.27128,17.01666,-14.09024,-0.65514,0.0
2025-09-28 12:05:00-07:00,2025-09-28 19:05:00+00:00,2025-09-28 12:10:00-07:00,2025-09-28 19:10:00+00:00,REAL_TIME_5_MIN,SOUTHBY_6_N001,Node,38.75627,17.01666,21.03002,0.70959,0.0
2025-09-28 12:10:00-07:00,2025-09-28 19:10:00+00:00,2025-09-28 12:15:00-07:00,2025-09-28 19:15:00+00:00,REAL_TIME_5_MIN,BALCH1_7_N001,Node,0.77179,17.35248,-17.24703,0.66634,0.0
2025-09-28 12:10:00-07:00,2025-09-28 19:10:00+00:00,2025-09-28 12:15:00-07:00,2025-09-28 19:15:00+00:00,REAL_TIME_5_MIN,BEARTAP_1_N001,Node,2.67428,17.35248,-14.01013,-0.66807,0.0
2025-09-28 12:10:00-07:00,2025-09-28 19:10:00+00:00,2025-09-28 12:15:00-07:00,2025-09-28 19:15:00+00:00,REAL_TIME_5_MIN,SOUTHBY_6_N001,Node,38.49418,17.35248,20.41811,0.7236,0.0
2025-09-28 12:15:00-07:00,2025-09-28 19:15:00+00:00,2025-09-28 12:20:00-07:00,2025-09-28 19:20:00+00:00,REAL_TIME_5_MIN,BALCH1_7_N001,Node,0.0796,17.79757,-18.38004,0.66207,0.0
2025-09-28 12:15:00-07:00,2025-09-28 19:15:00+00:00,2025-09-28 12:20:00-07:00,2025-09-28 19:20:00+00:00,REAL_TIME_5_MIN,BEARTAP_1_N001,Node,1.6413,17.79757,-15.44792,-0.70834,0.0
2025-09-28 12:15:00-07:00,2025-09-28 19:15:00+00:00,2025-09-28 12:20:00-07:00,2025-09-28 19:20:00+00:00,REAL_TIME_5_MIN,SOUTHBY_6_N001,Node,38.23061,17.79757,19.71224,0.7208,0.0
2025-09-28 12:20:00-07:00,2025-09-28 19:20:00+00:00,2025-09-28 12:25:00-07:00,2025-09-28 19:25:00+00:00,REAL_TIME_5_MIN,BALCH1_7_N001,Node,-0.52996,17.27852,-18.45124,0.64276,0.0
2025-09-28 12:20:00-07:00,2025-09-28 19:20:00+00:00,2025-09-28 12:25:00-07:00,2025-09-28 19:25:00+00:00,REAL_TIME_5_MIN,BEARTAP_1_N001,Node,0.64482,17.27852,-15.94602,-0.68769,0.0
2025-09-28 12:20:00-07:00,2025-09-28 19:20:00+00:00,2025-09-28 12:25:00-07:00,2025-09-28 19:25:00+00:00,REAL_TIME_5_MIN,SOUTHBY_6_N001,Node,38.29075,17.27852,20.31245,0.69978,0.0
2025-09-28 12:25:00-07:00,2025-09-28 19:25:00+00:00,2025-09-28 12:30:00-07:00,2025-09-28 19:30:00+00:00,REAL_TIME_5_MIN,BALCH1_7_N001,Node,-0.4819,17.52271,-18.65646,0.65184,0.0
2025-09-28 12:25:00-07:00,2025-09-28 19:25:00+00:00,2025-09-28 12:30:00-07:00,2025-09-28 19:30:00+00:00,REAL_TIME_5_MIN,BEARTAP_1_N001,Node,0.70177,17.52271,-16.12354,-0.6974,0.0
2025-09-28 12:25:00-07:00,2025-09-28 19:25:00+00:00,2025-09-28 12:30:00-07:00,2025-09-28 19:30:00+00:00,REAL_TIME_5_MIN,SOUTHBY_6_N001,Node,38.72776,17.52271,20.49538,0.70967,0.0
2025-09-28 12:30:00-07:00,2025-09-28 19:30:00+00:00,2025-09-28 12:35:00-07:00,2025-09-28 19:35:00+00:00,REAL_TIME_5_MIN,BALCH1_7_N001,Node,-4.0393,17.55002,-22.2299,0.64058,0.0
2025-09-28 12:30:00-07:00,2025-09-28 19:30:00+00:00,2025-09-28 12:35:00-07:00,2025-09-28 19:35:00+00:00,REAL_TIME_5_MIN,BEARTAP_1_N001,Node,0.19231,17.55002,-16.64693,-0.71078,0.0
2025-09-28 12:30:00-07:00,2025-09-28 19:30:00+00:00,2025-09-28 12:35:00-07:00,2025-09-28 19:35:00+00:00,REAL_TIME_5_MIN,SOUTHBY_6_N001,Node,39.46731,17.55002,21.22231,0.69498,0.0
2025-09-28 12:35:00-07:00,2025-09-28 19:35:00+00:00,2025-09-28 12:40:00-07:00,2025-09-28 19:40:00+00:00,REAL_TIME_5_MIN,BALCH1_7_N001,Node,-4.18611,17.4004,-22.22162,0.63511,0.0
2025-09-28 12:35:00-07:00,2025-09-28 19:35:00+00:00,2025-09-28 12:40:00-07:00,2025-09-28 19:40:00+00:00,REAL_TIME_5_MIN,BEARTAP_1_N001,Node,-0.25934,17.4004,-16.95502,-0.70472,0.0
2025-09-28 12:35:00-07:00,2025-09-28 19:35:00+00:00,2025-09-28 12:40:00-07:00,2025-09-28 19:40:00+00:00,REAL_TIME_5_MIN,SOUTHBY_6_N001,Node,39.50052,17.4004,21.41106,0.68906,0.0
2025-09-28 12:40:00-07:00,2025-09-28 19:40:00+00:00,2025-09-28 12:45:00-07:00,2025-09-28 19:45:00+00:00,REAL_TIME_5_MIN,BALCH1_7_N001,Node,-4.29418,17.888,-22.8351,0.65291,0.0
2025-09-28 12:40:00-07:00,2025-09-28 19:40:00+00:00,2025-09-28 12:45:00-07:00,2025-09-28 19:45:00+00:00,REAL_TIME_5_MIN,BEARTAP_1_N001,Node,0.78936,17.888,-16.37417,-0.72446,0.0
2025-09-28 12:40:00-07:00,2025-09-28 19:40:00+00:00,2025-09-28 12:45:00-07:00,2025-09-28 19:45:00+00:00,REAL_TIME_5_MIN,SOUTHBY_6_N001,Node,39.46167,17.888,20.8653,0.70836,0.0
2025-09-28 12:45:00-07:00,2025-09-28 19:45:00+00:00,2025-09-28 12:50:00-07:00,2025-09-28 19:50:00+00:00,REAL_TIME_5_MIN,BALCH1_7_N001,Node,-4.13286,17.12616,-21.87043,0.6114,0.0
2025-09-28 12:45:00-07:00,2025-09-28 19:45:00+00:00,2025-09-28 12:50:00-07:00,2025-09-28 19:50:00+00:00,REAL_TIME_5_MIN,BEARTAP_1_N001,Node,-0.52104,17.12616,-16.95702,-0.69018,0.0
2025-09-28 12:45:00-07:00,2025-09-28 19:45:00+00:00,2025-09-28 12:50:00-07:00,2025-09-28 19:50:00+00:00,REAL_TIME_5_MIN,SOUTHBY_6_N001,Node,39.79277,17.12616,22.00554,0.66107,0.0
2025-09-28 12:50:00-07:00,2025-09-28 19:50:00+00:00,2025-09-28 12:55:00-07:00,2025-09-28 19:55:00+00:00,REAL_TIME_5_MIN,BALCH1_7_N001,Node,-4.0325,17.19248,-21.83875,0.61377,0.0
2025-09-28 12:50:00-07:00,2025-09-28 19:50:00+00:00,2025-09-28 12:55:00-07:00,2025-09-28 19:55:00+00:00,REAL_TIME_5_MIN,BEARTAP_1_N001,Node,-0.52719,17.19248,-17.02682,-0.69286,0.0
2025-09-28 12:50:00-07:00,2025-09-28 19:50:00+00:00,2025-09-28 12:55:00-07:00,2025-09-28 19:55:00+00:00,REAL_TIME_5_MIN,SOUTHBY_6_N001,Node,39.93582,17.19248,22.0797,0.66363,0.0
2025-09-28 12:55:00-07:00,2025-09-28 19:55:00+00:00,2025-09-28 13:00:00-07:00,2025-09-28 20:00:00+00:00,REAL_TIME_5_MIN,BALCH1_7_N001,Node,-3.34861,17.70773,-21.68851,0.63217,0.0
2025-09-28 12:55:00-07:00,2025-09-28 19:55:00+00:00,2025-09-28 13:00:00-07:00,2025-09-28 20:00:00+00:00,REAL_TIME_5_MIN,BEARTAP_1_N001,Node,-0.48266,17.70773,-17.47677,-0.71362,0.0
2025-09-28 12:55:00-07:00,2025-09-28 19:55:00+00:00,2025-09-28 13:00:00-07:00,2025-09-28 20:00:00+00:00,REAL_TIME_5_MIN,SOUTHBY_6_N001,Node,40.84237,17.70773,22.45112,0.68352,0.0
2025-09-28 13:00:00-07:00,2025-09-28 20:00:00+00:00,2025-09-28 13:05:00-07:00,2025-09-28 20:05:00+00:00,REAL_TIME_5_MIN,BALCH1_7_N001,Node,-2.12362,17.46733,-20.31584,0.72489,0.0
2025-09-28 13:00:00-07:00,2025-09-28 20:00:00+00:00,2025-09-28 13:05:00-07:00,2025-09-28 20:05:00+00:00,REAL_TIME_5_MIN,BEARTAP_1_N001,Node,10.58898,17.46733,-6.20935,-0.669,0.0
2025-09-28 13:00:00-07:00,2025-09-28 20:00:00+00:00,2025-09-28 13:05:00-07:00,2025-09-28 20:05:00+00:00,REAL_TIME_5_MIN,SOUTHBY_6_N001,Node,39.84646,17.46733,21.66996,0.70917,0.0
2025-09-28 13:05:00-07:00,2025-09-28 20:05:00+00:00,2025-09-28 13:10:00-07:00,2025-09-28 20:10:00+00:00,REAL_TIME_5_MIN,BALCH1_7_N001,Node,-0.48625,17.11203,-18.30843,0.71015,0.0
2025-09-28 13:05:00-07:00,2025-09-28 20:05:00+00:00,2025-09-28 13:10:00-07:00,2025-09-28 20:10:00+00:00,REAL_TIME_5_MIN,BEARTAP_1_N001,Node,10.56555,17.11203,-5.89109,-0.65539,0.0
2025-09-28 13:05:00-07:00,2025-09-28 20:05:00+00:00,2025-09-28 13:10:00-07:00,2025-09-28 20:10:00+00:00,REAL_TIME_5_MIN,SOUTHBY_6_N001,Node,39.36097,17.11203,21.55419,0.69475,0.0
2025-09-28 13:10:00-07:00,2025-09-28 20:10:00+00:00,2025-09-28 13:15:00-07:00,2025-09-28 20:15:00+00:00,REAL_TIME_5_MIN,BALCH1_7_N001,Node,-0.47773,17.24397,-18.43732,0.71562,0.0
2025-09-28 13:10:00-07:00,2025-09-28 20:10:00+00:00,2025-09-28 13:15:00-07:00,2025-09-28 20:15:00+00:00,REAL_TIME_5_MIN,BEARTAP_1_N001,Node,10.82234,17.24397,-5.76119,-0.66044,0.0
2025-09-28 13:10:00-07:00,2025-09-28 20:10:00+00:00,2025-09-28 13:15:00-07:00,2025-09-28 20:15:00+00:00,REAL_TIME_5_MIN,SOUTHBY_6_N001,Node,39.0352,17.24397,21.09112,0.70011,0.0
2025-09-28 13:15:00-07:00,2025-09-28 20:15:00+00:00,2025-09-28 13:20:00-07:00,2025-09-28 20:20:00+00:00,REAL_TIME_5_MIN,BALCH1_7_N001,Node,-0.01268,16.44198,-17.1222,0.66754,0.0
2025-09-28 13:15:00-07:00,2025-09-28 20:15:00+00:00,2025-09-28 13:20:00-07:00,2025-09-28 20:20:00+00:00,REAL_TIME_5_MIN,BEARTAP_1_N001,Node,9.84707,16.44198,-6.00299,-0.59191,0.0
2025-09-28 13:15:00-07:00,2025-09-28 20:15:00+00:00,2025-09-28 13:20:00-07:00,2025-09-28 20:20:00+00:00,REAL_TIME_5_MIN,SOUTHBY_6_N001,Node,39.308,16.44198,22.22479,0.64124,0.0
2025-09-28 13:20:00-07:00,2025-09-28 20:20:00+00:00,2025-09-28 13:25:00-07:00,2025-09-28 20:25:00+00:00,REAL_TIME_5_MIN,BALCH1_7_N001,Node,-0.13821,16.89153,-17.71553,0.6858,0.0
2025-09-28 13:20:00-07:00,2025-09-28 20:20:00+00:00,2025-09-28 13:25:00-07:00,2025-09-28 20:25:00+00:00,REAL_TIME_5_MIN,BEARTAP_1_N001,Node,10.22149,16.89153,-6.06194,-0.6081,0.0
2025-09-28 13:20:00-07:00,2025-09-28 20:20:00+00:00,2025-09-28 13:25:00-07:00,2025-09-28 20:25:00+00:00,REAL_TIME_5_MIN,SOUTHBY_6_N001,Node,39.38552,16.89153,21.83522,0.65877,0.0
2025-09-28 13:25:00-07:00,2025-09-28 20:25:00+00:00,2025-09-28 13:30:00-07:00,2025-09-28 20:30:00+00:00,REAL_TIME_5_MIN,BALCH1_7_N001,Node,1.14911,15.77635,-15.26776,0.64052,0.0
2025-09-28 13:25:00-07:00,2025-09-28 20:25:00+00:00,2025-09-28 13:30:00-07:00,2025-09-28 20:30:00+00:00,REAL_TIME_5_MIN,BEARTAP_1_N001,Node,9.529,15.77635,-5.6794,-0.56795,0.0
2025-09-28 13:25:00-07:00,2025-09-28 20:25:00+00:00,2025-09-28 13:30:00-07:00,2025-09-28 20:30:00+00:00,REAL_TIME_5_MIN,SOUTHBY_6_N001,Node,38.51654,15.77635,22.12491,0.61528,0.0
2025-09-28 13:30:00-07:00,2025-09-28 20:30:00+00:00,2025-09-28 13:35:00-07:00,2025-09-28 20:35:00+00:00,REAL_TIME_5_MIN,BALCH1_7_N001,Node,-4.394,16.45551,-21.50445,0.65493,0.0
2025-09-28 13:30:00-07:00,2025-09-28 20:30:00+00:00,2025-09-28 13:35:00-07:00,2025-09-28 20:35:00+00:00,REAL_TIME_5_MIN,BEARTAP_1_N001,Node,10.51805,16.45551,-5.28418,-0.65328,0.0
2025-09-28 13:30:00-07:00,2025-09-28 20:30:00+00:00,2025-09-28 13:35:00-07:00,2025-09-28 20:35:00+00:00,REAL_TIME_5_MIN,SOUTHBY_6_N001,Node,38.53739,16.45551,21.43847,0.64341,0.0
2025-09-28 13:35:00-07:00,2025-09-28 20:35:00+00:00,2025-09-28 13:40:00-07:00,2025-09-28 20:40:00+00:00,REAL_TIME_5_MIN,BALCH1_7_N001,Node,-4.72857,16.85749,-22.25699,0.67093,0.0
2025-09-28 13:35:00-07:00,2025-09-28 20:35:00+00:00,2025-09-28 13:40:00-07:00,2025-09-28 20:40:00+00:00,REAL_TIME_5_MIN,BEARTAP_1_N001,Node,10.72708,16.85749,-5.46117,-0.66924,0.0
2025-09-28 13:35:00-07:00,2025-09-28 20:35:00+00:00,2025-09-28 13:40:00-07:00,2025-09-28 20:40:00+00:00,REAL_TIME_5_MIN,SOUTHBY_6_N001,Node,38.94448,16.85749,21.42787,0.65913,0.0
2025-09-28 13:40:00-07:00,2025-09-28 20:40:00+00:00,2025-09-28 13:45:00-07:00,2025-09-28 20:45:00+00:00,REAL_TIME_5_MIN,BALCH1_7_N001,Node,-6.73459,17.6147,-25.05035,0.70107,0.0
2025-09-28 13:40:00-07:00,2025-09-28 20:40:00+00:00,2025-09-28 13:45:00-07:00,2025-09-28 20:45:00+00:00,REAL_TIME_5_MIN,BEARTAP_1_N001,Node,11.33782,17.6147,-5.57758,-0.6993,0.0
2025-09-28 13:40:00-07:00,2025-09-28 20:40:00+00:00,2025-09-28 13:45:00-07:00,2025-09-28 20:45:00+00:00,REAL_TIME_5_MIN,SOUTHBY_6_N001,Node,39.36383,17.6147,21.0604,0.68873,0.0
2025-09-28 13:45:00-07:00,2025-09-28 20:45:00+00:00,2025-09-28 13:50:00-07:00,2025-09-28 20:50:00+00:00,REAL_TIME_5_MIN,BALCH1_7_N001,Node,-7.14348,17.7141,-25.55197,0.69439,0.0
2025-09-28 13:45:00-07:00,2025-09-28 20:45:00+00:00,2025-09-28 13:50:00-07:00,2025-09-28 20:50:00+00:00,REAL_TIME_5_MIN,BEARTAP_1_N001,Node,11.56691,17.7141,-5.44748,-0.69971,0.0
2025-09-28 13:45:00-07:00,2025-09-28 20:45:00+00:00,2025-09-28 13:50:00-07:00,2025-09-28 20:50:00+00:00,REAL_TIME_5_MIN,SOUTHBY_6_N001,Node,39.35952,17.7141,20.93509,0.71034,0.0
2025-09-28 13:50:00-07:00,2025-09-28 20:50:00+00:00,2025-09-28 13:55:00-07:00,2025-09-28 20:55:00+00:00,REAL_TIME_5_MIN,BALCH1_7_N001,Node,-9.19507,18.79617,-28.72806,0.73681,0.0
2025-09-28 13:50:00-07:00,2025-09-28 20:50:00+00:00,2025-09-28 13:55:00-07:00,2025-09-28 20:55:00+00:00,REAL_TIME_5_MIN,BEARTAP_1_N001,Node,12.76905,18.79617,-5.28468,-0.74245,0.0
2025-09-28 13:50:00-07:00,2025-09-28 20:50:00+00:00,2025-09-28 13:55:00-07:00,2025-09-28 20:55:00+00:00,REAL_TIME_5_MIN,SOUTHBY_6_N001,Node,39.17743,18.79617,19.62753,0.75373,0.0
2025-09-28 13:55:00-07:00,2025-09-28 20:55:00+00:00,2025-09-28 14:00:00-07:00,2025-09-28 21:00:00+00:00,REAL_TIME_5_MIN,BALCH1_7_N001,Node,-7.42401,19.89584,-28.09977,0.77992,0.0
2025-09-28 13:55:00-07:00,2025-09-28 20:55:00+00:00,2025-09-28 14:00:00-07:00,2025-09-28 21:00:00+00:00,REAL_TIME_5_MIN,BEARTAP_1_N001,Node,15.03303,19.89584,-4.07693,-0.78589,0.0
2025-09-28 13:55:00-07:00,2025-09-28 20:55:00+00:00,2025-09-28 14:00:00-07:00,2025-09-28 21:00:00+00:00,REAL_TIME_5_MIN,SOUTHBY_6_N001,Node,39.75601,19.89584,19.06234,0.79782,0.0
2025-09-28 14:00:00-07:00,2025-09-28 21:00:00+00:00,2025-09-28 14:05:00-07:00,2025-09-28 21:05:00+00:00,REAL_TIME_5_MIN,BALCH1_7_N001,Node,-3.26414,18.8023,-22.74332,0.67688,0.0
2025-09-28 14:00:00-07:00,2025-09-28 21:00:00+00:00,2025-09-28 14:05:00-07:00,2025-09-28 21:05:00+00:00,REAL_TIME_5_MIN,BEARTAP_1_N001,Node,19.87771,18.8023,1.72221,-0.6468,0.0
2025-09-28 14:00:00-07:00,2025-09-28 21:00:00+00:00,2025-09-28 14:05:00-07:00,2025-09-28 21:05:00+00:00,REAL_TIME_5_MIN,SOUTHBY_6_N001,Node,36.61869,18.8023,17.07934,0.73705,0.0
2025-09-28 14:05:00-07:00,2025-09-28 21:05:00+00:00,2025-09-28 14:10:00-07:00,2025-09-28 21:10:00+00:00,REAL_TIME_5_MIN,BALCH1_7_N001,Node,-4.76729,17.5858,-22.98618,0.63309,0.0
2025-09-28 14:05:00-07:00,2025-09-28 21:05:00+00:00,2025-09-28 14:10:00-07:00,2025-09-28 21:10:00+00:00,REAL_TIME_5_MIN,BEARTAP_1_N001,Node,17.63706,17.5858,0.65622,-0.60495,0.0
2025-09-28 14:05:00-07:00,2025-09-28 21:05:00+00:00,2025-09-28 14:10:00-07:00,2025-09-28 21:10:00+00:00,REAL_TIME_5_MIN,SOUTHBY_6_N001,Node,36.45809,17.5858,18.18293,0.68936,0.0
2025-09-28 14:10:00-07:00,2025-09-28 21:10:00+00:00,2025-09-28 14:15:00-07:00,2025-09-28 21:15:00+00:00,REAL_TIME_5_MIN,BALCH1_7_N001,Node,-3.50185,15.38258,-19.4382,0.55377,0.0
2025-09-28 14:10:00-07:00,2025-09-28 21:10:00+00:00,2025-09-28 14:15:00-07:00,2025-09-28 21:15:00+00:00,REAL_TIME_5_MIN,BEARTAP_1_N001,Node,13.56778,15.38258,-1.28564,-0.52916,0.0
2025-09-28 14:10:00-07:00,2025-09-28 21:10:00+00:00,2025-09-28 14:15:00-07:00,2025-09-28 21:15:00+00:00,REAL_TIME_5_MIN,SOUTHBY_6_N001,Node,36.34958,15.38258,20.364,0.603,0.0
2025-09-28 14:15:00-07:00,2025-09-28 21:15:00+00:00,2025-09-28 14:20:00-07:00,2025-09-28 21:20:00+00:00,REAL_TIME_5_MIN,BALCH1_7_N001,Node,-7.46324,12.82808,-20.79418,0.50286,0.0
2025-09-28 14:15:00-07:00,2025-09-28 21:15:00+00:00,2025-09-28 14:20:00-07:00,2025-09-28 21:20:00+00:00,REAL_TIME_5_MIN,BEARTAP_1_N001,Node,10.64387,12.82808,-1.75191,-0.43231,0.0
2025-09-28 14:15:00-07:00,2025-09-28 21:15:00+00:00,2025-09-28 14:20:00-07:00,2025-09-28 21:20:00+00:00,REAL_TIME_5_MIN,SOUTHBY_6_N001,Node,33.96957,12.82808,20.64119,0.5003,0.0
2025-09-28 14:20:00-07:00,2025-09-28 21:20:00+00:00,2025-09-28 14:25:00-07:00,2025-09-28 21:25:00+00:00,REAL_TIME_5_MIN,BALCH1_7_N001,Node,-4.39019,14.05897,-19.00028,0.55111,0.0
2025-09-28 14:20:00-07:00,2025-09-28 21:20:00+00:00,2025-09-28 14:25:00-07:00,2025-09-28 21:25:00+00:00,REAL_TIME_5_MIN,BEARTAP_1_N001,Node,10.28983,14.05897,-3.29535,-0.47379,0.0
2025-09-28 14:20:00-07:00,2025-09-28 21:20:00+00:00,2025-09-28 14:25:00-07:00,2025-09-28 21:25:00+00:00,REAL_TIME_5_MIN,SOUTHBY_6_N001,Node,36.53916,14.05897,21.93189,0.5483,0.0
2025-09-28 14:25:00-07:00,2025-09-28 21:25:00+00:00,2025-09-28 14:30:00-07:00,2025-09-28 21:30:00+00:00,REAL_TIME_5_MIN,BALCH1_7_N001,Node,-4.55461,14.1136,-19.22146,0.55325,0.0
2025-09-28 14:25:00-07:00,2025-09-28 21:25:00+00:00,2025-09-28 14:30:00-07:00,2025-09-28 21:30:00+00:00,REAL_TIME_5_MIN,BEARTAP_1_N001,Node,10.29427,14.1136,-3.3437,-0.47563,0.0
2025-09-28 14:25:00-07:00,2025-09-28 21:25:00+00:00,2025-09-28 14:30:00-07:00,2025-09-28 21:30:00+00:00,REAL_TIME_5_MIN,SOUTHBY_6_N001,Node,36.54523,14.1136,21.8812,0.55043,0.0
2025-09-28 14:30:00-07:00,2025-09-28 21:30:00+00:00,2025-09-28 14:35:00-07:00,2025-09-28 21:35:00+00:00,REAL_TIME_5_MIN,BALCH1_7_N001,Node,-4.79507,14.28459,-19.60533,0.52567,0.0
2025-09-28 14:30:00-07:00,2025-09-28 21:30:00+00:00,2025-09-28 14:35:00-07:00,2025-09-28 21:35:00+00:00,REAL_TIME_5_MIN,BEARTAP_1_N001,Node,9.76703,14.28459,-4.01617,-0.50139,0.0
2025-09-28 14:30:00-07:00,2025-09-28 21:30:00+00:00,2025-09-28 14:35:00-07:00,2025-09-28 21:35:00+00:00,REAL_TIME_5_MIN,SOUTHBY_6_N001,Node,36.74709,14.28459,21.93397,0.52853,0.0
2025-09-28 14:35:00-07:00,2025-09-28 21:35:00+00:00,2025-09-28 14:40:00-07:00,2025-09-28 21:40:00+00:00,REAL_TIME_5_MIN,BALCH1_7_N001,Node,-4.08949,16.42555,-21.11951,0.60446,0.0
2025-09-28 14:35:00-07:00,2025-09-28 21:35:00+00:00,2025-09-28 14:40:00-07:00,2025-09-28 21:40:00+00:00,REAL_TIME_5_MIN,BEARTAP_1_N001,Node,14.60714,16.42555,-1.24188,-0.57654,0.0
2025-09-28 14:35:00-07:00,2025-09-28 21:35:00+00:00,2025-09-28 14:40:00-07:00,2025-09-28 21:40:00+00:00,REAL_TIME_5_MIN,SOUTHBY_6_N001,Node,36.75426,16.42555,19.72096,0.60775,0.0
2025-09-28 14:40:00-07:00,2025-09-28 21:40:00+00:00,2025-09-28 14:45:00-07:00,2025-09-28 21:45:00+00:00,REAL_TIME_5_MIN,BALCH1_7_N001,Node,-3.90653,17.04425,-21.57801,0.62723,0.0
2025-09-28 14:40:00-07:00,2025-09-28 21:40:00+00:00,2025-09-28 14:45:00-07:00,2025-09-28 21:45:00+00:00,REAL_TIME_5_MIN,BEARTAP_1_N001,Node,15.71591,17.04425,-0.73008,-0.59825,0.0
2025-09-28 14:40:00-07:00,2025-09-28 21:40:00+00:00,2025-09-28 14:45:00-07:00,2025-09-28 21:45:00+00:00,REAL_TIME_5_MIN,SOUTHBY_6_N001,Node,36.91592,17.04425,19.24103,0.63064,0.0
2025-09-28 14:45:00-07:00,2025-09-28 21:45:00+00:00,2025-09-28 14:50:00-07:00,2025-09-28 21:50:00+00:00,REAL_TIME_5_MIN,BALCH1_7_N001,Node,-4.62385,15.90203,-21.11902,0.59315,0.0
2025-09-28 14:45:00-07:00,2025-09-28 21:45:00+00:00,2025-09-28 14:50:00-07:00,2025-09-28 21:50:00+00:00,REAL_TIME_5_MIN,BEARTAP_1_N001,Node,13.62578,15.90203,-1.72445,-0.5518,0.0
2025-09-28 14:45:00-07:00,2025-09-28 21:45:00+00:00,2025-09-28 14:50:00-07:00,2025-09-28 21:50:00+00:00,REAL_TIME_5_MIN,SOUTHBY_6_N001,Node,36.60094,15.90203,20.11054,0.58837,0.0
2025-09-28 14:50:00-07:00,2025-09-28 21:50:00+00:00,2025-09-28 14:55:00-07:00,2025-09-28 21:55:00+00:00,REAL_TIME_5_MIN,BALCH1_7_N001,Node,-4.61605,17.82403,-23.10492,0.66484,0.0
2025-09-28 14:50:00-07:00,2025-09-28 21:50:00+00:00,2025-09-28 14:55:00-07:00,2025-09-28 21:55:00+00:00,REAL_TIME_5_MIN,BEARTAP_1_N001,Node,17.37933,17.82403,0.17379,-0.61849,0.0
2025-09-28 14:50:00-07:00,2025-09-28 21:50:00+00:00,2025-09-28 14:55:00-07:00,2025-09-28 21:55:00+00:00,REAL_TIME_5_MIN,SOUTHBY_6_N001,Node,36.53472,17.82403,18.0512,0.65949,0.0
2025-09-28 14:55:00-07:00,2025-09-28 21:55:00+00:00,2025-09-28 15:00:00-07:00,2025-09-28 22:00:00+00:00,REAL_TIME_5_MIN,BALCH1_7_N001,Node,-5.34979,16.81258,-22.78948,0.62711,0.0
2025-09-28 14:55:00-07:00,2025-09-28 21:55:00+00:00,2025-09-28 15:00:00-07:00,2025-09-28 22:00:00+00:00,REAL_TIME_5_MIN,BEARTAP_1_N001,Node,15.43034,16.81258,-0.79884,-0.5834,0.0
2025-09-28 14:55:00-07:00,2025-09-28 21:55:00+00:00,2025-09-28 15:00:00-07:00,2025-09-28 22:00:00+00:00,REAL_TIME_5_MIN,SOUTHBY_6_N001,Node,36.52705,16.81258,19.0924,0.62207,0.0
2025-09-28 15:00:00-07:00,2025-09-28 22:00:00+00:00,2025-09-28 15:05:00-07:00,2025-09-28 22:05:00+00:00,REAL_TIME_5_MIN,BALCH1_7_N001,Node,-9.25275,13.58067,-23.44319,0.60977,0.0
2025-09-28 15:00:00-07:00,2025-09-28 22:00:00+00:00,2025-09-28 15:05:00-07:00,2025-09-28 22:05:00+00:00,REAL_TIME_5_MIN,BEARTAP_1_N001,Node,10.86633,13.58067,-2.311,-0.40335,0.0
2025-09-28 15:00:00-07:00,2025-09-28 22:00:00+00:00,2025-09-28 15:05:00-07:00,2025-09-28 22:05:00+00:00,REAL_TIME_5_MIN,SOUTHBY_6_N001,Node,36.0796,13.58067,21.90818,0.59076,0.0
2025-09-28 15:05:00-07:00,2025-09-28 22:05:00+00:00,2025-09-28 15:10:00-07:00,2025-09-28 22:10:00+00:00,REAL_TIME_5_MIN,BALCH1_7_N001,Node,-9.19185,14.43776,-24.27786,0.64826,0.0
2025-09-28 15:05:00-07:00,2025-09-28 22:05:00+00:00,2025-09-28 15:10:00-07:00,2025-09-28 22:10:00+00:00,REAL_TIME_5_MIN,BEARTAP_1_N001,Node,12.52048,14.43776,-1.48848,-0.4288,0.0
2025-09-28 15:05:00-07:00,2025-09-28 22:05:00+00:00,2025-09-28 15:10:00-07:00,2025-09-28 22:10:00+00:00,REAL_TIME_5_MIN,SOUTHBY_6_N001,Node,36.05229,14.43776,20.98649,0.62804,0.0
2025-09-28 15:10:00-07:00,2025-09-28 22:10:00+00:00,2025-09-28 15:15:00-07:00,2025-09-28 22:15:00+00:00,REAL_TIME_5_MIN,BALCH1_7_N001,Node,-7.88547,14.70786,-23.25371,0.66038,0.0
2025-09-28 15:10:00-07:00,2025-09-28 22:10:00+00:00,2025-09-28 15:15:00-07:00,2025-09-28 22:15:00+00:00,REAL_TIME_5_MIN,BEARTAP_1_N001,Node,12.69904,14.70786,-1.57199,-0.43682,0.0
2025-09-28 15:10:00-07:00,2025-09-28 22:10:00+00:00,2025-09-28 15:15:00-07:00,2025-09-28 22:15:00+00:00,REAL_TIME_5_MIN,SOUTHBY_6_N001,Node,36.29789,14.70786,20.95025,0.63979,0.0
2025-09-28 15:15:00-07:00,2025-09-28 22:15:00+00:00,2025-09-28 15:20:00-07:00,2025-09-28 22:20:00+00:00,REAL_TIME_5_MIN,BALCH1_7_N001,Node,-9.17682,16.2914,-26.2111,0.74289,0.0
2025-09-28 15:15:00-07:00,2025-09-28 22:15:00+00:00,2025-09-28 15:20:00-07:00,2025-09-28 22:20:00+00:00,REAL_TIME_5_MIN,BEARTAP_1_N001,Node,16.06325,16.2914,0.24268,-0.47082,0.0
2025-09-28 15:15:00-07:00,2025-09-28 22:15:00+00:00,2025-09-28 15:20:00-07:00,2025-09-28 22:20:00+00:00,REAL_TIME_5_MIN,SOUTHBY_6_N001,Node,36.31781,16.2914,19.30796,0.71845,0.0
2025-09-28 15:20:00-07:00,2025-09-28 22:20:00+00:00,2025-09-28 15:25:00-07:00,2025-09-28 22:25:00+00:00,REAL_TIME_5_MIN,BALCH1_7_N001,Node,-9.13049,16.01771,-25.8786,0.73041,0.0
2025-09-28 15:20:00-07:00,2025-09-28 22:20:00+00:00,2025-09-28 15:25:00-07:00,2025-09-28 22:25:00+00:00,REAL_TIME_5_MIN,BEARTAP_1_N001,Node,15.1918,16.01771,-0.36299,-0.46291,0.0
2025-09-28 15:20:00-07:00,2025-09-28 22:20:00+00:00,2025-09-28 15:25:00-07:00,2025-09-28 22:25:00+00:00,REAL_TIME_5_MIN,SOUTHBY_6_N001,Node,36.70951,16.01771,19.98542,0.70638,0.0
2025-09-28 15:25:00-07:00,2025-09-28 22:25:00+00:00,2025-09-28 15:30:00-07:00,2025-09-28 22:30:00+00:00,REAL_TIME_5_MIN,BALCH1_7_N001,Node,-8.7104,17.11111,-26.60177,0.78027,0.0
2025-09-28 15:25:00-07:00,2025-09-28 22:25:00+00:00,2025-09-28 15:30:00-07:00,2025-09-28 22:30:00+00:00,REAL_TIME_5_MIN,BEARTAP_1_N001,Node,17.83687,17.11111,1.22027,-0.49451,0.0
2025-09-28 15:25:00-07:00,2025-09-28 22:25:00+00:00,2025-09-28 15:30:00-07:00,2025-09-28 22:30:00+00:00,REAL_TIME_5_MIN,SOUTHBY_6_N001,Node,36.28162,17.11111,18.41591,0.7546,0.0
2025-09-28 15:30:00-07:00,2025-09-28 22:30:00+00:00,2025-09-28 15:35:00-07:00,2025-09-28 22:35:00+00:00,REAL_TIME_5_MIN,BALCH1_7_N001,Node,-9.44585,17.10681,-27.32931,0.77665,0.0
2025-09-28 15:30:00-07:00,2025-09-28 22:30:00+00:00,2025-09-28 15:35:00-07:00,2025-09-28 22:35:00+00:00,REAL_TIME_5_MIN,BEARTAP_1_N001,Node,19.05472,17.10681,2.47822,-0.53031,0.0
2025-09-28 15:30:00-07:00,2025-09-28 22:30:00+00:00,2025-09-28 15:35:00-07:00,2025-09-28 22:35:00+00:00,REAL_TIME_5_MIN,SOUTHBY_6_N001,Node,34.68288,17.10681,16.83363,0.74244,0.0
2025-09-28 15:35:00-07:00,2025-09-28 22:35:00+00:00,2025-09-28 15:40:00-07:00,2025-09-28 22:40:00+00:00,REAL_TIME_5_MIN,BALCH1_7_N001,Node,-9.49944,17.44236,-27.73368,0.79188,0.0
2025-09-28 15:35:00-07:00,2025-09-28 22:35:00+00:00,2025-09-28 15:40:00-07:00,2025-09-28 22:40:00+00:00,REAL_TIME_5_MIN,BEARTAP_1_N001,Node,18.3144,17.44236,1.41276,-0.54071,0.0
2025-09-28 15:35:00-07:00,2025-09-28 22:35:00+00:00,2025-09-28 15:40:00-07:00,2025-09-28 22:40:00+00:00,REAL_TIME_5_MIN,SOUTHBY_6_N001,Node,36.22517,17.44236,18.02581,0.757,0.0
2025-09-28 15:40:00-07:00,2025-09-28 22:40:00+00:00,2025-09-28 15:45:00-07:00,2025-09-28 22:45:00+00:00,REAL_TIME_5_MIN,BALCH1_7_N001,Node,-9.33011,15.73632,-25.78085,0.71443,0.0
2025-09-28 15:40:00-07:00,2025-09-28 22:40:00+00:00,2025-09-28 15:45:00-07:00,2025-09-28 22:45:00+00:00,REAL_TIME_5_MIN,BEARTAP_1_N001,Node,13.12969,15.73632,-2.1188,-0.48783,0.0
2025-09-28 15:40:00-07:00,2025-09-28 22:40:00+00:00,2025-09-28 15:45:00-07:00,2025-09-28 22:45:00+00:00,REAL_TIME_5_MIN,SOUTHBY_6_N001,Node,38.74119,15.73632,22.32192,0.68296,0.0
2025-09-28 15:45:00-07:00,2025-09-28 22:45:00+00:00,2025-09-28 15:50:00-07:00,2025-09-28 22:50:00+00:00,REAL_TIME_5_MIN,BALCH1_7_N001,Node,-9.06399,14.78194,-24.51851,0.67258,0.0
2025-09-28 15:45:00-07:00,2025-09-28 22:45:00+00:00,2025-09-28 15:50:00-07:00,2025-09-28 22:50:00+00:00,REAL_TIME_5_MIN,BEARTAP_1_N001,Node,11.05545,14.78194,-3.29338,-0.43311,0.0
2025-09-28 15:45:00-07:00,2025-09-28 22:45:00+00:00,2025-09-28 15:50:00-07:00,2025-09-28 22:50:00+00:00,REAL_TIME_5_MIN,SOUTHBY_6_N001,Node,39.40752,14.78194,23.99439,0.63119,0.0
2025-09-28 15:50:00-07:00,2025-09-28 22:50:00+00:00,2025-09-28 15:55:00-07:00,2025-09-28 22:55:00+00:00,REAL_TIME_5_MIN,BALCH1_7_N001,Node,-9.35005,13.97153,-23.95729,0.6357,0.0
2025-09-28 15:50:00-07:00,2025-09-28 22:50:00+00:00,2025-09-28 15:55:00-07:00,2025-09-28 22:55:00+00:00,REAL_TIME_5_MIN,BEARTAP_1_N001,Node,10.90826,13.97153,-2.6539,-0.40937,0.0
2025-09-28 15:50:00-07:00,2025-09-28 22:50:00+00:00,2025-09-28 15:55:00-07:00,2025-09-28 22:55:00+00:00,REAL_TIME_5_MIN,SOUTHBY_6_N001,Node,37.67997,13.97153,23.11186,0.59658,0.0
2025-09-28 15:55:00-07:00,2025-09-28 22:55:00+00:00,2025-09-28 16:00:00-07:00,2025-09-28 23:00:00+00:00,REAL_TIME_5_MIN,BALCH1_7_N001,Node,-9.19724,14.20378,-24.04728,0.64627,0.0
2025-09-28 15:55:00-07:00,2025-09-28 22:55:00+00:00,2025-09-28 16:00:00-07:00,2025-09-28 23:00:00+00:00,REAL_TIME_5_MIN,BEARTAP_1_N001,Node,13.01857,14.20378,-0.76903,-0.41617,0.0
2025-09-28 15:55:00-07:00,2025-09-28 22:55:00+00:00,2025-09-28 16:00:00-07:00,2025-09-28 23:00:00+00:00,REAL_TIME_5_MIN,SOUTHBY_6_N001,Node,36.15713,14.20378,21.34685,0.6065,0.0
2025-09-28 16:00:00-07:00,2025-09-28 23:00:00+00:00,2025-09-28 16:05:00-07:00,2025-09-28 23:05:00+00:00,REAL_TIME_5_MIN,BALCH1_7_N001,Node,0.89542,13.06735,-12.86319,0.69126,0.0
2025-09-28 16:00:00-07:00,2025-09-28 23:00:00+00:00,2025-09-28 16:05:00-07:00,2025-09-28 23:05:00+00:00,REAL_TIME_5_MIN,BEARTAP_1_N001,Node,9.44336,13.06735,-3.27117,-0.35282,0.0
2025-09-28 16:00:00-07:00,2025-09-28 23:00:00+00:00,2025-09-28 16:05:00-07:00,2025-09-28 23:05:00+00:00,REAL_TIME_5_MIN,SOUTHBY_6_N001,Node,35.08957,13.06735,21.39761,0.62462,0.0
2025-09-28 16:05:00-07:00,2025-09-28 23:05:00+00:00,2025-09-28 16:10:00-07:00,2025-09-28 23:10:00+00:00,REAL_TIME_5_MIN,BALCH1_7_N001,Node,-2.66062,12.94628,-16.29175,0.68486,0.0
2025-09-28 16:05:00-07:00,2025-09-28 23:05:00+00:00,2025-09-28 16:10:00-07:00,2025-09-28 23:10:00+00:00,REAL_TIME_5_MIN,BEARTAP_1_N001,Node,9.23956,12.94628,-3.35717,-0.34955,0.0
2025-09-28 16:05:00-07:00,2025-09-28 23:05:00+00:00,2025-09-28 16:10:00-07:00,2025-09-28 23:10:00+00:00,REAL_TIME_5_MIN,SOUTHBY_6_N001,Node,35.71631,12.94628,22.1512,0.61883,0.0
2025-09-28 16:10:00-07:00,2025-09-28 23:10:00+00:00,2025-09-28 16:15:00-07:00,2025-09-28 23:15:00+00:00,REAL_TIME_5_MIN,BALCH1_7_N001,Node,50.10873,13.53575,35.85695,0.71604,0.0
2025-09-28 16:10:00-07:00,2025-09-28 23:10:00+00:00,2025-09-28 16:15:00-07:00,2025-09-28 23:15:00+00:00,REAL_TIME_5_MIN,BEARTAP_1_N001,Node,9.76998,13.53575,-3.4003,-0.36547,0.0
2025-09-28 16:10:00-07:00,2025-09-28 23:10:00+00:00,2025-09-28 16:15:00-07:00,2025-09-28 23:15:00+00:00,REAL_TIME_5_MIN,SOUTHBY_6_N001,Node,35.84034,13.53575,21.65759,0.64701,0.0
2025-09-28 16:15:00-07:00,2025-09-28 23:15:00+00:00,2025-09-28 16:20:00-07:00,2025-09-28 23:20:00+00:00,REAL_TIME_5_MIN,BALCH1_7_N001,Node,494.53458,13.93364,479.88477,0.71619,0.0
2025-09-28 16:15:00-07:00,2025-09-28 23:15:00+00:00,2025-09-28 16:20:00-07:00,2025-09-28 23:20:00+00:00,REAL_TIME_5_MIN,BEARTAP_1_N001,Node,10.17617,13.93364,-3.41888,-0.33859,0.0
2025-09-28 16:15:00-07:00,2025-09-28 23:15:00+00:00,2025-09-28 16:20:00-07:00,2025-09-28 23:20:00+00:00,REAL_TIME_5_MIN,SOUTHBY_6_N001,Node,35.35578,13.93364,20.79095,0.63119,0.0
2025-09-28 16:20:00-07:00,2025-09-28 23:20:00+00:00,2025-09-28 16:25:00-07:00,2025-09-28 23:25:00+00:00,REAL_TIME_5_MIN,BALCH1_7_N001,Node,503.03973,17.57085,484.56573,0.90314,0.0
2025-09-28 16:20:00-07:00,2025-09-28 23:20:00+00:00,2025-09-28 16:25:00-07:00,2025-09-28 23:25:00+00:00,REAL_TIME_5_MIN,BEARTAP_1_N001,Node,15.92326,17.57085,-1.22062,-0.42697,0.0
2025-09-28 16:20:00-07:00,2025-09-28 23:20:00+00:00,2025-09-28 16:25:00-07:00,2025-09-28 23:25:00+00:00,REAL_TIME_5_MIN,SOUTHBY_6_N001,Node,36.13226,17.57085,17.76545,0.79596,0.0
2025-09-28 16:25:00-07:00,2025-09-28 23:25:00+00:00,2025-09-28 16:30:00-07:00,2025-09-28 23:30:00+00:00,REAL_TIME_5_MIN,BALCH1_7_N001,Node,456.08667,19.83791,435.2291,1.01967,0.0
2025-09-28 16:25:00-07:00,2025-09-28 23:25:00+00:00,2025-09-28 16:30:00-07:00,2025-09-28 23:30:00+00:00,REAL_TIME_5_MIN,BEARTAP_1_N001,Node,20.43473,19.83791,1.07888,-0.48206,0.0
2025-09-28 16:25:00-07:00,2025-09-28 23:25:00+00:00,2025-09-28 16:30:00-07:00,2025-09-28 23:30:00+00:00,REAL_TIME_5_MIN,SOUTHBY_6_N001,Node,36.07995,19.83791,15.34338,0.89866,0.0
2025-09-28 16:30:00-07:00,2025-09-28 23:30:00+00:00,2025-09-28 16:35:00-07:00,2025-09-28 23:35:00+00:00,REAL_TIME_5_MIN,BALCH1_7_N001,Node,1.71642,18.92256,-18.01602,0.80989,0.0
2025-09-28 16:30:00-07:00,2025-09-28 23:30:00+00:00,2025-09-28 16:35:00-07:00,2025-09-28 23:35:00+00:00,REAL_TIME_5_MIN,BEARTAP_1_N001,Node,20.0785,18.92256,1.56278,-0.40683,0.0
2025-09-28 16:30:00-07:00,2025-09-28 23:30:00+00:00,2025-09-28 16:35:00-07:00,2025-09-28 23:35:00+00:00,REAL_TIME_5_MIN,SOUTHBY_6_N001,Node,35.98331,18.92256,16.20735,0.85341,0.0
2025-09-28 16:35:00-07:00,2025-09-28 23:35:00+00:00,2025-09-28 16:40:00-07:00,2025-09-28 23:40:00+00:00,REAL_TIME_5_MIN,BALCH1_7_N001,Node,0.97226,27.02476,-27.20916,1.15666,0.0
2025-09-28 16:35:00-07:00,2025-09-28 23:35:00+00:00,2025-09-28 16:40:00-07:00,2025-09-28 23:40:00+00:00,REAL_TIME_5_MIN,BEARTAP_1_N001,Node,36.8002,27.02476,10.35647,-0.58103,0.0
2025-09-28 16:35:00-07:00,2025-09-28 23:35:00+00:00,2025-09-28 16:40:00-07:00,2025-09-28 23:40:00+00:00,REAL_TIME_5_MIN,SOUTHBY_6_N001,Node,40.71319,27.02476,12.46961,1.21882,0.0
2025-09-28 16:40:00-07:00,2025-09-28 23:40:00+00:00,2025-09-28 16:45:00-07:00,2025-09-28 23:45:00+00:00,REAL_TIME_5_MIN,BALCH1_7_N001,Node,1.0939,29.32984,-29.49125,1.25532,0.0
2025-09-28 16:40:00-07:00,2025-09-28 23:40:00+00:00,2025-09-28 16:45:00-07:00,2025-09-28 23:45:00+00:00,REAL_TIME_5_MIN,BEARTAP_1_N001,Node,39.21973,29.32984,10.52048,-0.63059,0.0
2025-09-28 16:40:00-07:00,2025-09-28 23:40:00+00:00,2025-09-28 16:45:00-07:00,2025-09-28 23:45:00+00:00,REAL_TIME_5_MIN,SOUTHBY_6_N001,Node,43.63766,29.32984,12.98504,1.32278,0.0
2025-09-28 16:45:00-07:00,2025-09-28 23:45:00+00:00,2025-09-28 16:50:00-07:00,2025-09-28 23:50:00+00:00,REAL_TIME_5_MIN,BALCH1_7_N001,Node,20.47095,31.87103,-12.73549,1.3354,0.0
2025-09-28 16:45:00-07:00,2025-09-28 23:45:00+00:00,2025-09-28 16:50:00-07:00,2025-09-28 23:50:00+00:00,REAL_TIME_5_MIN,BEARTAP_1_N001,Node,47.96652,31.87103,16.62136,-0.52587,0.0
2025-09-28 16:45:00-07:00,2025-09-28 23:45:00+00:00,2025-09-28 16:50:00-07:00,2025-09-28 23:50:00+00:00,REAL_TIME_5_MIN,SOUTHBY_6_N001,Node,42.29868,31.87103,9.14643,1.28122,0.0
2025-09-28 16:50:00-07:00,2025-09-28 23:50:00+00:00,2025-09-28 16:55:00-07:00,2025-09-28 23:55:00+00:00,REAL_TIME_5_MIN,BALCH1_7_N001,Node,20.79822,34.02011,-14.64733,1.42544,0.0
2025-09-28 16:50:00-07:00,2025-09-28 23:50:00+00:00,2025-09-28 16:55:00-07:00,2025-09-28 23:55:00+00:00,REAL_TIME_5_MIN,BEARTAP_1_N001,Node,50.31043,34.02011,16.85165,-0.56133,0.0
2025-09-28 16:50:00-07:00,2025-09-28 23:50:00+00:00,2025-09-28 16:55:00-07:00,2025-09-28 23:55:00+00:00,REAL_TIME_5_MIN,SOUTHBY_6_N001,Node,44.96741,34.02011,9.57969,1.36761,0.0
2025-09-28 16:55:00-07:00,2025-09-28 23:55:00+00:00,2025-09-28 17:00:00-07:00,2025-09-29 00:00:00+00:00,REAL_TIME_5_MIN,BALCH1_7_N001,Node,38.11538,36.1285,0.4731,1.51378,0.0
2025-09-28 16:55:00-07:00,2025-09-28 23:55:00+00:00,2025-09-28 17:00:00-07:00,2025-09-29 00:00:00+00:00,REAL_TIME_5_MIN,BEARTAP_1_N001,Node,52.60995,36.1285,17.07758,-0.59612,0.0
2025-09-28 16:55:00-07:00,2025-09-28 23:55:00+00:00,2025-09-28 17:00:00-07:00,2025-09-29 00:00:00+00:00,REAL_TIME_5_MIN,SOUTHBY_6_N001,Node,47.58561,36.1285,10.00475,1.45237,0.0
2025-09-28 17:00:00-07:00,2025-09-29 00:00:00+00:00,2025-09-28 17:05:00-07:00,2025-09-29 00:05:00+00:00,REAL_TIME_5_MIN,BALCH1_7_N001,Node,5.66163,25.18692,-19.0291,-0.49618,0.0
2025-09-28 17:00:00-07:00,2025-09-29 00:00:00+00:00,2025-09-28 17:05:00-07:00,2025-09-29 00:05:00+00:00,REAL_TIME_5_MIN,BEARTAP_1_N001,Node,41.0616,25.18692,16.31042,-0.43573,0.0
2025-09-28 17:00:00-07:00,2025-09-29 00:00:00+00:00,2025-09-28 17:05:00-07:00,2025-09-29 00:05:00+00:00,REAL_TIME_5_MIN,SOUTHBY_6_N001,Node,33.45954,25.18692,7.47168,0.80094,0.0
2025-09-28 17:05:00-07:00,2025-09-29 00:05:00+00:00,2025-09-28 17:10:00-07:00,2025-09-29 00:10:00+00:00,REAL_TIME_5_MIN,BALCH1_7_N001,Node,7.83159,26.15777,-17.81088,-0.51531,0.0
2025-09-28 17:05:00-07:00,2025-09-29 00:05:00+00:00,2025-09-28 17:10:00-07:00,2025-09-29 00:10:00+00:00,REAL_TIME_5_MIN,BEARTAP_1_N001,Node,43.10041,26.15777,17.39517,-0.45253,0.0
2025-09-28 17:05:00-07:00,2025-09-29 00:05:00+00:00,2025-09-28 17:10:00-07:00,2025-09-29 00:10:00+00:00,REAL_TIME_5_MIN,SOUTHBY_6_N001,Node,33.8471,26.15777,6.85751,0.83182,0.0
2025-09-28 17:10:00-07:00,2025-09-29 00:10:00+00:00,2025-09-28 17:15:00-07:00,2025-09-29 00:15:00+00:00,REAL_TIME_5_MIN,BALCH1_7_N001,Node,12.44803,25.86167,-12.90416,-0.50947,0.0
2025-09-28 17:10:00-07:00,2025-09-29 00:10:00+00:00,2025-09-28 17:15:00-07:00,2025-09-29 00:15:00+00:00,REAL_TIME_5_MIN,BEARTAP_1_N001,Node,44.8574,25.86167,19.44314,-0.44741,0.0
2025-09-28 17:10:00-07:00,2025-09-29 00:10:00+00:00,2025-09-28 17:15:00-07:00,2025-09-29 00:15:00+00:00,REAL_TIME_5_MIN,SOUTHBY_6_N001,Node,31.76372,25.86167,5.07965,0.8224,0.0
2025-09-28 17:15:00-07:00,2025-09-29 00:15:00+00:00,2025-09-28 17:20:00-07:00,2025-09-29 00:20:00+00:00,REAL_TIME_5_MIN,BALCH1_7_N001,Node,23.55573,31.47758,-6.92716,-0.99469,0.0
2025-09-28 17:15:00-07:00,2025-09-29 00:15:00+00:00,2025-09-28 17:20:00-07:00,2025-09-29 00:20:00+00:00,REAL_TIME_5_MIN,BEARTAP_1_N001,Node,55.40653,31.47758,24.40741,-0.47846,0.0
2025-09-28 17:15:00-07:00,2025-09-29 00:15:00+00:00,2025-09-28 17:20:00-07:00,2025-09-29 00:20:00+00:00,REAL_TIME_5_MIN,SOUTHBY_6_N001,Node,34.74561,31.47758,2.63533,0.6327,0.0
2025-09-28 17:20:00-07:00,2025-09-29 00:20:00+00:00,2025-09-28 17:25:00-07:00,2025-09-29 00:25:00+00:00,REAL_TIME_5_MIN,BALCH1_7_N001,Node,31.15001,33.44512,-1.23825,-1.05687,0.0
2025-09-28 17:20:00-07:00,2025-09-29 00:20:00+00:00,2025-09-28 17:25:00-07:00,2025-09-29 00:25:00+00:00,REAL_TIME_5_MIN,BEARTAP_1_N001,Node,60.65761,33.44512,27.72085,-0.50837,0.0
2025-09-28 17:20:00-07:00,2025-09-29 00:20:00+00:00,2025-09-28 17:25:00-07:00,2025-09-29 00:25:00+00:00,REAL_TIME_5_MIN,SOUTHBY_6_N001,Node,34.58844,33.44512,0.47107,0.67225,0.0
2025-09-28 17:25:00-07:00,2025-09-29 00:25:00+00:00,2025-09-28 17:30:00-07:00,2025-09-29 00:30:00+00:00,REAL_TIME_5_MIN,BALCH1_7_N001,Node,39.26291,40.54411,0.0,-1.28119,0.0
2025-09-28 17:25:00-07:00,2025-09-29 00:25:00+00:00,2025-09-28 17:30:00-07:00,2025-09-29 00:30:00+00:00,REAL_TIME_5_MIN,BEARTAP_1_N001,Node,70.72166,40.54411,30.79382,-0.61627,0.0
2025-09-28 17:25:00-07:00,2025-09-29 00:25:00+00:00,2025-09-28 17:30:00-07:00,2025-09-29 00:30:00+00:00,REAL_TIME_5_MIN,SOUTHBY_6_N001,Node,41.35904,40.54411,0.0,0.81494,0.0
2025-09-28 17:30:00-07:00,2025-09-29 00:30:00+00:00,2025-09-28 17:35:00-07:00,2025-09-29 00:35:00+00:00,REAL_TIME_5_MIN,BALCH1_7_N001,Node,39.81132,41.06376,0.0,-1.25244,0.0
2025-09-28 17:30:00-07:00,2025-09-29 00:30:00+00:00,2025-09-28 17:35:00-07:00,2025-09-29 00:35:00+00:00,REAL_TIME_5_MIN,BEARTAP_1_N001,Node,71.54173,41.06376,30.93788,-0.45991,0.0
2025-09-28 17:30:00-07:00,2025-09-29 00:30:00+00:00,2025-09-28 17:35:00-07:00,2025-09-29 00:35:00+00:00,REAL_TIME_5_MIN,SOUTHBY_6_N001,Node,41.66329,41.06376,0.0,0.59953,0.0
2025-09-28 17:35:00-07:00,2025-09-29 00:35:00+00:00,2025-09-28 17:40:00-07:00,2025-09-29 00:40:00+00:00,REAL_TIME_5_MIN,BALCH1_7_N001,Node,44.01245,45.39706,0.0,-1.38461,0.0
2025-09-28 17:35:00-07:00,2025-09-29 00:35:00+00:00,2025-09-28 17:40:00-07:00,2025-09-29 00:40:00+00:00,REAL_TIME_5_MIN,BEARTAP_1_N001,Node,77.35007,45.39706,32.46146,-0.50845,0.0
2025-09-28 17:35:00-07:00,2025-09-29 00:35:00+00:00,2025-09-28 17:40:00-07:00,2025-09-29 00:40:00+00:00,REAL_TIME_5_MIN,SOUTHBY_6_N001,Node,46.05986,45.39706,0.0,0.6628,0.0
2025-09-28 17:40:00-07:00,2025-09-29 00:40:00+00:00,2025-09-28 17:45:00-07:00,2025-09-29 00:45:00+00:00,REAL_TIME_5_MIN,BALCH1_7_N001,Node,45.49744,46.92877,0.0,-1.43133,0.0
2025-09-28 17:40:00-07:00,2025-09-29 00:40:00+00:00,2025-09-28 17:45:00-07:00,2025-09-29 00:45:00+00:00,REAL_TIME_5_MIN,BEARTAP_1_N001,Node,68.40317,46.92877,22.0,-0.5256,0.0
2025-09-28 17:40:00-07:00,2025-09-29 00:40:00+00:00,2025-09-28 17:45:00-07:00,2025-09-29 00:45:00+00:00,REAL_TIME_5_MIN,SOUTHBY_6_N001,Node,47.61393,46.92877,0.0,0.68516,0.0
2025-09-28 17:45:00-07:00,2025-09-29 00:45:00+00:00,2025-09-28 17:50:00-07:00,2025-09-29 00:50:00+00:00,REAL_TIME_5_MIN,BALCH1_7_N001,Node,48.33091,49.67206,0.0,-1.34115,0.0
2025-09-28 17:45:00-07:00,2025-09-29 00:45:00+00:00,2025-09-28 17:50:00-07:00,2025-09-29 00:50:00+00:00,REAL_TIME_5_MIN,BEARTAP_1_N001,Node,71.41873,49.67206,22.0,-0.25333,0.0
2025-09-28 17:45:00-07:00,2025-09-29 00:45:00+00:00,2025-09-28 17:50:00-07:00,2025-09-29 00:50:00+00:00,REAL_TIME_5_MIN,SOUTHBY_6_N001,Node,49.9999,49.67206,0.0,0.32784,0.0
2025-09-28 17:50:00-07:00,2025-09-29 00:50:00+00:00,2025-09-28 17:55:00-07:00,2025-09-29 00:55:00+00:00,REAL_TIME_5_MIN,BALCH1_7_N001,Node,49.64327,51.02083,0.0,-1.37756,0.0
2025-09-28 17:50:00-07:00,2025-09-29 00:50:00+00:00,2025-09-28 17:55:00-07:00,2025-09-29 00:55:00+00:00,REAL_TIME_5_MIN,BEARTAP_1_N001,Node,72.76062,51.02083,22.0,-0.26021,0.0
2025-09-28 17:50:00-07:00,2025-09-29 00:50:00+00:00,2025-09-28 17:55:00-07:00,2025-09-29 00:55:00+00:00,REAL_TIME_5_MIN,SOUTHBY_6_N001,Node,51.35757,51.02083,0.0,0.33674,0.0
2025-09-28 17:55:00-07:00,2025-09-29 00:55:00+00:00,2025-09-28 18:00:00-07:00,2025-09-29 01:00:00+00:00,REAL_TIME_5_MIN,BALCH1_7_N001,Node,57.28719,58.87687,0.0,-1.58968,0.0
2025-09-28 17:55:00-07:00,2025-09-29 00:55:00+00:00,2025-09-28 18:00:00-07:00,2025-09-29 01:00:00+00:00,REAL_TIME_5_MIN,BEARTAP_1_N001,Node,80.5766,58.87687,22.0,-0.30027,0.0
2025-09-28 17:55:00-07:00,2025-09-29 00:55:00+00:00,2025-09-28 18:00:00-07:00,2025-09-29 01:00:00+00:00,REAL_TIME_5_MIN,SOUTHBY_6_N001,Node,59.26545,58.87687,0.0,0.38859,0.0
2025-09-28 18:00:00-07:00,2025-09-29 01:00:00+00:00,2025-09-28 18:05:00-07:00,2025-09-29 01:05:00+00:00,REAL_TIME_5_MIN,BALCH1_7_N001,Node,37.46841,38.12027,0.0,-0.65186,0.0
2025-09-28 18:00:00-07:00,2025-09-29 01:00:00+00:00,2025-09-28 18:05:00-07:00,2025-09-29 01:05:00+00:00,REAL_TIME_5_MIN,BEARTAP_1_N001,Node,67.95919,38.12027,30.07908,-0.24016,0.0
2025-09-28 18:00:00-07:00,2025-09-29 01:00:00+00:00,2025-09-28 18:05:00-07:00,2025-09-29 01:05:00+00:00,REAL_TIME_5_MIN,SOUTHBY_6_N001,Node,39.01228,38.12027,0.0,0.89201,0.0
2025-09-28 18:05:00-07:00,2025-09-29 01:05:00+00:00,2025-09-28 18:10:00-07:00,2025-09-29 01:10:00+00:00,REAL_TIME_5_MIN,BALCH1_7_N001,Node,51.3394,38.91758,13.08731,-0.66549,0.0
2025-09-28 18:05:00-07:00,2025-09-29 01:05:00+00:00,2025-09-28 18:10:00-07:00,2025-09-29 01:10:00+00:00,REAL_TIME_5_MIN,BEARTAP_1_N001,Node,69.03549,38.91758,30.36309,-0.24518,0.0
2025-09-28 18:05:00-07:00,2025-09-29 01:05:00+00:00,2025-09-28 18:10:00-07:00,2025-09-29 01:10:00+00:00,REAL_TIME_5_MIN,SOUTHBY_6_N001,Node,39.82825,38.91758,0.0,0.91067,0.0
2025-09-28 18:10:00-07:00,2025-09-29 01:10:00+00:00,2025-09-28 18:15:00-07:00,2025-09-29 01:15:00+00:00,REAL_TIME_5_MIN,BALCH1_7_N001,Node,50.47128,39.69771,11.4524,-0.67883,0.0
2025-09-28 18:10:00-07:00,2025-09-29 01:10:00+00:00,2025-09-28 18:15:00-07:00,2025-09-29 01:15:00+00:00,REAL_TIME_5_MIN,BEARTAP_1_N001,Node,70.0886,39.69771,30.64099,-0.2501,0.0
2025-09-28 18:10:00-07:00,2025-09-29 01:10:00+00:00,2025-09-28 18:15:00-07:00,2025-09-29 01:15:00+00:00,REAL_TIME_5_MIN,SOUTHBY_6_N001,Node,40.62663,39.69771,0.0,0.92893,0.0
2025-09-28 18:15:00-07:00,2025-09-29 01:15:00+00:00,2025-09-28 18:20:00-07:00,2025-09-29 01:20:00+00:00,REAL_TIME_5_MIN,BALCH1_7_N001,Node,51.46668,43.04034,8.86965,-0.44332,0.0
2025-09-28 18:15:00-07:00,2025-09-29 01:15:00+00:00,2025-09-28 18:20:00-07:00,2025-09-29 01:20:00+00:00,REAL_TIME_5_MIN,BEARTAP_1_N001,Node,63.74033,43.04034,20.85063,-0.15064,0.0
2025-09-28 18:15:00-07:00,2025-09-29 01:15:00+00:00,2025-09-28 18:20:00-07:00,2025-09-29 01:20:00+00:00,REAL_TIME_5_MIN,SOUTHBY_6_N001,Node,44.15078,43.04034,0.0,1.11044,0.0
2025-09-28 18:20:00-07:00,2025-09-29 01:20:00+00:00,2025-09-28 18:25:00-07:00,2025-09-29 01:25:00+00:00,REAL_TIME_5_MIN,BALCH1_7_N001,Node,51.50542,44.30327,7.65847,-0.45632,0.0
2025-09-28 18:20:00-07:00,2025-09-29 01:20:00+00:00,2025-09-28 18:25:00-07:00,2025-09-29 01:25:00+00:00,REAL_TIME_5_MIN,BEARTAP_1_N001,Node,65.44927,44.30327,21.30106,-0.15506,0.0
2025-09-28 18:20:00-07:00,2025-09-29 01:20:00+00:00,2025-09-28 18:25:00-07:00,2025-09-29 01:25:00+00:00,REAL_TIME_5_MIN,SOUTHBY_6_N001,Node,45.44629,44.30327,0.0,1.14302,0.0
2025-09-28 18:25:00-07:00,2025-09-29 01:25:00+00:00,2025-09-28 18:30:00-07:00,2025-09-29 01:30:00+00:00,REAL_TIME_5_MIN,BALCH1_7_N001,Node,45.25837,45.72938,0.0,-0.47101,0.0
2025-09-28 18:25:00-07:00,2025-09-29 01:25:00+00:00,2025-09-28 18:30:00-07:00,2025-09-29 01:30:00+00:00,REAL_TIME_5_MIN,BEARTAP_1_N001,Node,45.56933,45.72938,0.0,-0.16005,0.0
2025-09-28 18:25:00-07:00,2025-09-29 01:25:00+00:00,2025-09-28 18:30:00-07:00,2025-09-29 01:30:00+00:00,REAL_TIME_5_MIN,SOUTHBY_6_N001,Node,46.9092,45.72938,0.0,1.17982,0.0
2025-09-28 18:30:00-07:00,2025-09-29 01:30:00+00:00,2025-09-28 18:35:00-07:00,2025-09-29 01:35:00+00:00,REAL_TIME_5_MIN,BALCH1_7_N001,Node,51.80119,46.19915,5.92082,-0.31877,0.0
2025-09-28 18:30:00-07:00,2025-09-29 01:30:00+00:00,2025-09-28 18:35:00-07:00,2025-09-29 01:35:00+00:00,REAL_TIME_5_MIN,BEARTAP_1_N001,Node,46.32389,46.19915,0.0,0.12474,0.0
2025-09-28 18:30:00-07:00,2025-09-29 01:30:00+00:00,2025-09-28 18:35:00-07:00,2025-09-29 01:35:00+00:00,REAL_TIME_5_MIN,SOUTHBY_6_N001,Node,47.31255,46.19915,0.0,1.1134,0.0
2025-09-28 18:35:00-07:00,2025-09-29 01:35:00+00:00,2025-09-28 18:40:00-07:00,2025-09-29 01:40:00+00:00,REAL_TIME_5_MIN,BALCH1_7_N001,Node,51.80664,46.3506,5.77586,-0.31982,0.0
2025-09-28 18:35:00-07:00,2025-09-29 01:35:00+00:00,2025-09-28 18:40:00-07:00,2025-09-29 01:40:00+00:00,REAL_TIME_5_MIN,BEARTAP_1_N001,Node,46.47575,46.3506,0.0,0.12515,0.0
2025-09-28 18:35:00-07:00,2025-09-29 01:35:00+00:00,2025-09-28 18:40:00-07:00,2025-09-29 01:40:00+00:00,REAL_TIME_5_MIN,SOUTHBY_6_N001,Node,47.46765,46.3506,0.0,1.11705,0.0
2025-09-28 18:40:00-07:00,2025-09-29 01:40:00+00:00,2025-09-28 18:45:00-07:00,2025-09-29 01:45:00+00:00,REAL_TIME_5_MIN,BALCH1_7_N001,Node,51.83418,47.11577,5.04351,-0.3251,0.0
2025-09-28 18:40:00-07:00,2025-09-29 01:40:00+00:00,2025-09-28 18:45:00-07:00,2025-09-29 01:45:00+00:00,REAL_TIME_5_MIN,BEARTAP_1_N001,Node,47.24298,47.11577,0.0,0.12721,0.0
2025-09-28 18:40:00-07:00,2025-09-29 01:40:00+00:00,2025-09-28 18:45:00-07:00,2025-09-29 01:45:00+00:00,REAL_TIME_5_MIN,SOUTHBY_6_N001,Node,48.25126,47.11577,0.0,1.13549,0.0
2025-09-28 18:45:00-07:00,2025-09-29 01:45:00+00:00,2025-09-28 18:50:00-07:00,2025-09-29 01:50:00+00:00,REAL_TIME_5_MIN,BALCH1_7_N001,Node,51.60654,47.95396,3.54228,0.11029,0.0
2025-09-28 18:45:00-07:00,2025-09-29 01:45:00+00:00,2025-09-28 18:50:00-07:00,2025-09-29 01:50:00+00:00,REAL_TIME_5_MIN,BEARTAP_1_N001,Node,48.17455,47.95396,0.0,0.22059,0.0
2025-09-28 18:45:00-07:00,2025-09-29 01:45:00+00:00,2025-09-28 18:50:00-07:00,2025-09-29 01:50:00+00:00,REAL_TIME_5_MIN,SOUTHBY_6_N001,Node,49.14802,47.95396,0.0,1.19405,0.0
2025-09-28 18:50:00-07:00,2025-09-29 01:50:00+00:00,2025-09-28 18:55:00-07:00,2025-09-29 01:55:00+00:00,REAL_TIME_5_MIN,BALCH1_7_N001,Node,51.60988,48.06295,3.43638,0.11054,0.0
2025-09-28 18:50:00-07:00,2025-09-29 01:50:00+00:00,2025-09-28 18:55:00-07:00,2025-09-29 01:55:00+00:00,REAL_TIME_5_MIN,BEARTAP_1_N001,Node,48.28404,48.06295,0.0,0.22109,0.0
2025-09-28 18:50:00-07:00,2025-09-29 01:50:00+00:00,2025-09-28 18:55:00-07:00,2025-09-29 01:55:00+00:00,REAL_TIME_5_MIN,SOUTHBY_6_N001,Node,49.25972,48.06295,0.0,1.19677,0.0
2025-09-28 18:55:00-07:00,2025-09-29 01:55:00+00:00,2025-09-28 19:00:00-07:00,2025-09-29 02:00:00+00:00,REAL_TIME_5_MIN,BALCH1_7_N001,Node,51.61639,48.27586,3.2295,0.11103,0.0
2025-09-28 18:55:00-07:00,2025-09-29 01:55:00+00:00,2025-09-28 19:00:00-07:00,2025-09-29 02:00:00+00:00,REAL_TIME_5_MIN,BEARTAP_1_N001,Node,48.49793,48.27586,0.0,0.22207,0.0
2025-09-28 18:55:00-07:00,2025-09-29 01:55:00+00:00,2025-09-28 19:00:00-07:00,2025-09-29 02:00:00+00:00,REAL_TIME_5_MIN,SOUTHBY_6_N001,Node,49.47793,48.27586,0.0,1.20207,0.0
2025-09-28 19:00:00-07:00,2025-09-29 02:00:00+00:00,2025-09-28 19:05:00-07:00,2025-09-29 02:05:00+00:00,REAL_TIME_5_MIN,BALCH1_7_N001,Node,46.62654,45.52152,1.52838,-0.42335,0.0
2025-09-28 19:00:00-07:00,2025-09-29 02:00:00+00:00,2025-09-28 19:05:00-07:00,2025-09-29 02:05:00+00:00,REAL_TIME_5_MIN,BEARTAP_1_N001,Node,45.52607,45.52152,0.0,0.00455,0.0
2025-09-28 19:00:00-07:00,2025-09-29 02:00:00+00:00,2025-09-28 19:05:00-07:00,2025-09-29 02:05:00+00:00,REAL_TIME_5_MIN,SOUTHBY_6_N001,Node,46.71873,45.52152,0.0,1.19722,0.0
2025-09-28 19:05:00-07:00,2025-09-29 02:05:00+00:00,2025-09-28 19:10:00-07:00,2025-09-29 02:10:00+00:00,REAL_TIME_5_MIN,BALCH1_7_N001,Node,44.46399,44.88138,0.0,-0.4174,0.0
2025-09-28 19:05:00-07:00,2025-09-29 02:05:00+00:00,2025-09-28 19:10:00-07:00,2025-09-29 02:10:00+00:00,REAL_TIME_5_MIN,BEARTAP_1_N001,Node,44.88587,44.88138,0.0,0.00449,0.0
2025-09-28 19:05:00-07:00,2025-09-29 02:05:00+00:00,2025-09-28 19:10:00-07:00,2025-09-29 02:10:00+00:00,REAL_TIME_5_MIN,SOUTHBY_6_N001,Node,46.06177,44.88138,0.0,1.18038,0.0
2025-09-28 19:10:00-07:00,2025-09-29 02:10:00+00:00,2025-09-28 19:15:00-07:00,2025-09-29 02:15:00+00:00,REAL_TIME_5_MIN,BALCH1_7_N001,Node,44.68526,44.16151,0.93446,-0.4107,0.0
2025-09-28 19:10:00-07:00,2025-09-29 02:10:00+00:00,2025-09-28 19:15:00-07:00,2025-09-29 02:15:00+00:00,REAL_TIME_5_MIN,BEARTAP_1_N001,Node,44.27699,44.16151,0.11107,0.00442,0.0
2025-09-28 19:10:00-07:00,2025-09-29 02:10:00+00:00,2025-09-28 19:15:00-07:00,2025-09-29 02:15:00+00:00,REAL_TIME_5_MIN,SOUTHBY_6_N001,Node,45.32295,44.16151,0.0,1.16145,0.0
2025-09-28 19:15:00-07:00,2025-09-29 02:15:00+00:00,2025-09-28 19:20:00-07:00,2025-09-29 02:20:00+00:00,REAL_TIME_5_MIN,BALCH1_7_N001,Node,44.19758,44.46437,0.0,-0.26679,0.0
2025-09-28 19:15:00-07:00,2025-09-29 02:15:00+00:00,2025-09-28 19:20:00-07:00,2025-09-29 02:20:00+00:00,REAL_TIME_5_MIN,BEARTAP_1_N001,Node,44.44663,44.46437,0.00894,-0.02668,0.0
2025-09-28 19:15:00-07:00,2025-09-29 02:15:00+00:00,2025-09-28 19:20:00-07:00,2025-09-29 02:20:00+00:00,REAL_TIME_5_MIN,SOUTHBY_6_N001,Node,45.70492,44.46437,0.0,1.24056,0.0
2025-09-28 19:20:00-07:00,2025-09-29 02:20:00+00:00,2025-09-28 19:25:00-07:00,2025-09-29 02:25:00+00:00,REAL_TIME_5_MIN,BALCH1_7_N001,Node,44.15486,44.42139,0.0,-0.26653,0.0
2025-09-28 19:20:00-07:00,2025-09-29 02:20:00+00:00,2025-09-28 19:25:00-07:00,2025-09-29 02:25:00+00:00,REAL_TIME_5_MIN,BEARTAP_1_N001,Node,44.40246,44.42139,0.00772,-0.02665,0.0
2025-09-28 19:20:00-07:00,2025-09-29 02:20:00+00:00,2025-09-28 19:25:00-07:00,2025-09-29 02:25:00+00:00,REAL_TIME_5_MIN,SOUTHBY_6_N001,Node,45.66075,44.42139,0.0,1.23936,0.0
2025-09-28 19:25:00-07:00,2025-09-29 02:25:00+00:00,2025-09-28 19:30:00-07:00,2025-09-29 02:30:00+00:00,REAL_TIME_5_MIN,BALCH1_7_N001,Node,43.85033,44.11502,0.0,-0.26469,0.0
2025-09-28 19:25:00-07:00,2025-09-29 02:25:00+00:00,2025-09-28 19:30:00-07:00,2025-09-29 02:30:00+00:00,REAL_TIME_5_MIN,BEARTAP_1_N001,Node,44.10292,44.11502,0.01437,-0.02647,0.0
2025-09-28 19:25:00-07:00,2025-09-29 02:25:00+00:00,2025-09-28 19:30:00-07:00,2025-09-29 02:30:00+00:00,REAL_TIME_5_MIN,SOUTHBY_6_N001,Node,45.34583,44.11502,0.0,1.23081,0.0
2025-09-28 19:30:00-07:00,2025-09-29 02:30:00+00:00,2025-09-28 19:35:00-07:00,2025-09-29 02:35:00+00:00,REAL_TIME_5_MIN,BALCH1_7_N001,Node,51.43525,42.65891,8.97256,-0.19623,0.0
2025-09-28 19:30:00-07:00,2025-09-29 02:30:00+00:00,2025-09-28 19:35:00-07:00,2025-09-29 02:35:00+00:00,REAL_TIME_5_MIN,BEARTAP_1_N001,Node,42.77539,42.65891,0.07381,0.04266,0.0
2025-09-28 19:30:00-07:00,2025-09-29 02:30:00+00:00,2025-09-28 19:35:00-07:00,2025-09-29 02:35:00+00:00,REAL_TIME_5_MIN,SOUTHBY_6_N001,Node,43.75951,42.65891,0.0,1.1006,0.0
2025-09-28 19:35:00-07:00,2025-09-29 02:35:00+00:00,2025-09-28 19:40:00-07:00,2025-09-29 02:40:00+00:00,REAL_TIME_5_MIN,BALCH1_7_N001,Node,51.4261,42.35814,9.26281,-0.19485,0.0
2025-09-28 19:35:00-07:00,2025-09-29 02:35:00+00:00,2025-09-28 19:40:00-07:00,2025-09-29 02:40:00+00:00,REAL_TIME_5_MIN,BEARTAP_1_N001,Node,42.46751,42.35814,0.06701,0.04236,0.0
2025-09-28 19:35:00-07:00,2025-09-29 02:35:00+00:00,2025-09-28 19:40:00-07:00,2025-09-29 02:40:00+00:00,REAL_TIME_5_MIN,SOUTHBY_6_N001,Node,43.45098,42.35814,0.0,1.09284,0.0
2025-09-28 19:40:00-07:00,2025-09-29 02:40:00+00:00,2025-09-28 19:45:00-07:00,2025-09-29 02:45:00+00:00,REAL_TIME_5_MIN,BALCH1_7_N001,Node,41.75935,41.95233,0.0,-0.19298,0.0
2025-09-28 19:40:00-07:00,2025-09-29 02:40:00+00:00,2025-09-28 19:45:00-07:00,2025-09-29 02:45:00+00:00,REAL_TIME_5_MIN,BEARTAP_1_N001,Node,42.08339,41.95233,0.0891,0.04195,0.0
2025-09-28 19:40:00-07:00,2025-09-29 02:40:00+00:00,2025-09-28 19:45:00-07:00,2025-09-29 02:45:00+00:00,REAL_TIME_5_MIN,SOUTHBY_6_N001,Node,43.0347,41.95233,0.0,1.08237,0.0
2025-09-28 19:45:00-07:00,2025-09-29 02:45:00+00:00,2025-09-28 19:50:00-07:00,2025-09-29 02:50:00+00:00,REAL_TIME_5_MIN,BALCH1_7_N001,Node,41.22665,41.18958,0.0,0.03707,0.0
2025-09-28 19:45:00-07:00,2025-09-29 02:45:00+00:00,2025-09-28 19:50:00-07:00,2025-09-29 02:50:00+00:00,REAL_TIME_5_MIN,BEARTAP_1_N001,Node,41.29069,41.18958,0.13406,-0.03295,0.0
2025-09-28 19:45:00-07:00,2025-09-29 02:45:00+00:00,2025-09-28 19:50:00-07:00,2025-09-29 02:50:00+00:00,REAL_TIME_5_MIN,SOUTHBY_6_N001,Node,42.3882,41.18958,0.0,1.19862,0.0
2025-09-28 19:50:00-07:00,2025-09-29 02:50:00+00:00,2025-09-28 19:55:00-07:00,2025-09-29 02:55:00+00:00,REAL_TIME_5_MIN,BALCH1_7_N001,Node,41.00238,40.96551,0.0,0.03687,0.0
2025-09-28 19:50:00-07:00,2025-09-29 02:50:00+00:00,2025-09-28 19:55:00-07:00,2025-09-29 02:55:00+00:00,REAL_TIME_5_MIN,BEARTAP_1_N001,Node,41.0588,40.96551,0.12606,-0.03277,0.0
2025-09-28 19:50:00-07:00,2025-09-29 02:50:00+00:00,2025-09-28 19:55:00-07:00,2025-09-29 02:55:00+00:00,REAL_TIME_5_MIN,SOUTHBY_6_N001,Node,42.15761,40.96551,0.0,1.1921,0.0
2025-09-28 19:55:00-07:00,2025-09-29 02:55:00+00:00,2025-09-28 20:00:00-07:00,2025-09-29 03:00:00+00:00,REAL_TIME_5_MIN,BALCH1_7_N001,Node,70.62742,40.34021,30.25091,0.03631,0.0
2025-09-28 19:55:00-07:00,2025-09-29 02:55:00+00:00,2025-09-28 20:00:00-07:00,2025-09-29 03:00:00+00:00,REAL_TIME_5_MIN,BEARTAP_1_N001,Node,40.45948,40.34021,0.15155,-0.03227,0.0
2025-09-28 19:55:00-07:00,2025-09-29 02:55:00+00:00,2025-09-28 20:00:00-07:00,2025-09-29 03:00:00+00:00,REAL_TIME_5_MIN,SOUTHBY_6_N001,Node,41.51411,40.34021,0.0,1.1739,0.0
2025-09-28 20:00:00-07:00,2025-09-29 03:00:00+00:00,2025-09-28 20:05:00-07:00,2025-09-29 03:05:00+00:00,REAL_TIME_5_MIN,BALCH1_7_N001,Node,51.43062,41.18362,9.8434,0.4036,0.0
2025-09-28 20:00:00-07:00,2025-09-29 03:00:00+00:00,2025-09-28 20:05:00-07:00,2025-09-29 03:05:00+00:00,REAL_TIME_5_MIN,BEARTAP_1_N001,Node,41.14864,41.18362,0.10093,-0.13591,0.0
2025-09-28 20:00:00-07:00,2025-09-29 03:00:00+00:00,2025-09-28 20:05:00-07:00,2025-09-29 03:05:00+00:00,REAL_TIME_5_MIN,SOUTHBY_6_N001,Node,42.43972,41.18362,0.0,1.2561,0.0
2025-09-28 20:05:00-07:00,2025-09-29 03:05:00+00:00,2025-09-28 20:10:00-07:00,2025-09-29 03:10:00+00:00,REAL_TIME_5_MIN,BALCH1_7_N001,Node,51.43226,41.23626,9.79188,0.40412,0.0
2025-09-28 20:05:00-07:00,2025-09-29 03:05:00+00:00,2025-09-28 20:10:00-07:00,2025-09-29 03:10:00+00:00,REAL_TIME_5_MIN,BEARTAP_1_N001,Node,41.19248,41.23626,0.0923,-0.13608,0.0
2025-09-28 20:05:00-07:00,2025-09-29 03:05:00+00:00,2025-09-28 20:10:00-07:00,2025-09-29 03:10:00+00:00,REAL_TIME_5_MIN,SOUTHBY_6_N001,Node,42.49397,41.23626,0.0,1.25771,0.0
2025-09-28 20:10:00-07:00,2025-09-29 03:10:00+00:00,2025-09-28 20:15:00-07:00,2025-09-29 03:15:00+00:00,REAL_TIME_5_MIN,BALCH1_7_N001,Node,51.43567,41.34576,9.68472,0.40519,0.0
2025-09-28 20:10:00-07:00,2025-09-29 03:10:00+00:00,2025-09-28 20:15:00-07:00,2025-09-29 03:15:00+00:00,REAL_TIME_5_MIN,BEARTAP_1_N001,Node,41.29947,41.34576,0.09015,-0.13644,0.0
2025-09-28 20:10:00-07:00,2025-09-29 03:10:00+00:00,2025-09-28 20:15:00-07:00,2025-09-29 03:15:00+00:00,REAL_TIME_5_MIN,SOUTHBY_6_N001,Node,42.60681,41.34576,0.0,1.26105,0.0
2025-09-28 20:15:00-07:00,2025-09-29 03:15:00+00:00,2025-09-28 20:20:00-07:00,2025-09-29 03:20:00+00:00,REAL_TIME_5_MIN,BALCH1_7_N001,Node,51.66046,41.42788,10.1083,0.12428,0.0
2025-09-28 20:15:00-07:00,2025-09-29 03:15:00+00:00,2025-09-28 20:20:00-07:00,2025-09-29 03:20:00+00:00,REAL_TIME_5_MIN,BEARTAP_1_N001,Node,41.38673,41.42788,0.07899,-0.12014,0.0
2025-09-28 20:15:00-07:00,2025-09-29 03:15:00+00:00,2025-09-28 20:20:00-07:00,2025-09-29 03:20:00+00:00,REAL_TIME_5_MIN,SOUTHBY_6_N001,Node,42.65,41.42788,0.0,1.22212,0.0
2025-09-28 20:20:00-07:00,2025-09-29 03:20:00+00:00,2025-09-28 20:25:00-07:00,2025-09-29 03:25:00+00:00,REAL_TIME_5_MIN,BALCH1_7_N001,Node,51.67886,41.93137,9.6217,0.12579,0.0
2025-09-28 20:20:00-07:00,2025-09-29 03:20:00+00:00,2025-09-28 20:25:00-07:00,2025-09-29 03:25:00+00:00,REAL_TIME_5_MIN,BEARTAP_1_N001,Node,41.87787,41.93137,0.0681,-0.1216,0.0
2025-09-28 20:20:00-07:00,2025-09-29 03:20:00+00:00,2025-09-28 20:25:00-07:00,2025-09-29 03:25:00+00:00,REAL_TIME_5_MIN,SOUTHBY_6_N001,Node,43.16835,41.93137,0.0,1.23698,0.0
2025-09-28 20:25:00-07:00,2025-09-29 03:25:00+00:00,2025-09-28 20:30:00-07:00,2025-09-29 03:30:00+00:00,REAL_TIME_5_MIN,BALCH1_7_N001,Node,51.68017,41.96724,9.58704,0.1259,0.0
2025-09-28 20:25:00-07:00,2025-09-29 03:25:00+00:00,2025-09-28 20:30:00-07:00,2025-09-29 03:30:00+00:00,REAL_TIME_5_MIN,BEARTAP_1_N001,Node,41.91022,41.96724,0.06469,-0.1217,0.0
2025-09-28 20:25:00-07:00,2025-09-29 03:25:00+00:00,2025-09-28 20:30:00-07:00,2025-09-29 03:30:00+00:00,REAL_TIME_5_MIN,SOUTHBY_6_N001,Node,43.20527,41.96724,0.0,1.23803,0.0
2025-09-28 20:30:00-07:00,2025-09-29 03:30:00+00:00,2025-09-28 20:35:00-07:00,2025-09-29 03:35:00+00:00,REAL_TIME_5_MIN,BALCH1_7_N001,Node,51.84901,41.82889,9.90718,0.11294,0.0
2025-09-28 20:30:00-07:00,2025-09-29 03:30:00+00:00,2025-09-28 20:35:00-07:00,2025-09-29 03:35:00+00:00,REAL_TIME_5_MIN,BEARTAP_1_N001,Node,41.85367,41.82889,0.05825,-0.03346,0.0
2025-09-28 20:30:00-07:00,2025-09-29 03:30:00+00:00,2025-09-28 20:35:00-07:00,2025-09-29 03:35:00+00:00,REAL_TIME_5_MIN,SOUTHBY_6_N001,Node,42.88298,41.82889,0.0,1.05409,0.0
2025-09-28 20:35:00-07:00,2025-09-29 03:35:00+00:00,2025-09-28 20:40:00-07:00,2025-09-29 03:40:00+00:00,REAL_TIME_5_MIN,BALCH1_7_N001,Node,51.84687,41.7764,9.95768,0.1128,0.0
2025-09-28 20:35:00-07:00,2025-09-29 03:35:00+00:00,2025-09-28 20:40:00-07:00,2025-09-29 03:40:00+00:00,REAL_TIME_5_MIN,BEARTAP_1_N001,Node,41.79732,41.7764,0.05435,-0.03342,0.0
2025-09-28 20:35:00-07:00,2025-09-29 03:35:00+00:00,2025-09-28 20:40:00-07:00,2025-09-29 03:40:00+00:00,REAL_TIME_5_MIN,SOUTHBY_6_N001,Node,42.82916,41.7764,0.0,1.05277,0.0
2025-09-28 20:40:00-07:00,2025-09-29 03:40:00+00:00,2025-09-28 20:45:00-07:00,2025-09-29 03:45:00+00:00,REAL_TIME_5_MIN,BALCH1_7_N001,Node,54.4491,41.77674,12.55956,0.1128,0.0
2025-09-28 20:40:00-07:00,2025-09-29 03:40:00+00:00,2025-09-28 20:45:00-07:00,2025-09-29 03:45:00+00:00,REAL_TIME_5_MIN,BEARTAP_1_N001,Node,41.79736,41.77674,0.05404,-0.03342,0.0
2025-09-28 20:40:00-07:00,2025-09-29 03:40:00+00:00,2025-09-28 20:45:00-07:00,2025-09-29 03:45:00+00:00,REAL_TIME_5_MIN,SOUTHBY_6_N001,Node,42.82951,41.77674,0.0,1.05277,0.0
2025-09-28 20:45:00-07:00,2025-09-29 03:45:00+00:00,2025-09-28 20:50:00-07:00,2025-09-29 03:50:00+00:00,REAL_TIME_5_MIN,BALCH1_7_N001,Node,54.06489,41.7659,12.09851,0.20048,0.0
2025-09-28 20:45:00-07:00,2025-09-29 03:45:00+00:00,2025-09-28 20:50:00-07:00,2025-09-29 03:50:00+00:00,REAL_TIME_5_MIN,BEARTAP_1_N001,Node,41.73249,41.7659,0.0,-0.03341,0.0
2025-09-28 20:45:00-07:00,2025-09-29 03:45:00+00:00,2025-09-28 20:50:00-07:00,2025-09-29 03:50:00+00:00,REAL_TIME_5_MIN,SOUTHBY_6_N001,Node,42.96041,41.7659,0.0,1.1945,0.0
2025-09-28 20:50:00-07:00,2025-09-29 03:50:00+00:00,2025-09-28 20:55:00-07:00,2025-09-29 03:55:00+00:00,REAL_TIME_5_MIN,BALCH1_7_N001,Node,54.11892,41.7659,12.15253,0.20048,0.0
2025-09-28 20:50:00-07:00,2025-09-29 03:50:00+00:00,2025-09-28 20:55:00-07:00,2025-09-29 03:55:00+00:00,REAL_TIME_5_MIN,BEARTAP_1_N001,Node,41.73249,41.7659,0.0,-0.03341,0.0
2025-09-28 20:50:00-07:00,2025-09-29 03:50:00+00:00,2025-09-28 20:55:00-07:00,2025-09-29 03:55:00+00:00,REAL_TIME_5_MIN,SOUTHBY_6_N001,Node,42.96041,41.7659,0.0,1.1945,0.0
2025-09-28 20:55:00-07:00,2025-09-29 03:55:00+00:00,2025-09-28 21:00:00-07:00,2025-09-29 04:00:00+00:00,REAL_TIME_5_MIN,BALCH1_7_N001,Node,57.57297,41.7659,15.60659,0.20048,0.0
2025-09-28 20:55:00-07:00,2025-09-29 03:55:00+00:00,2025-09-28 21:00:00-07:00,2025-09-29 04:00:00+00:00,REAL_TIME_5_MIN,BEARTAP_1_N001,Node,41.73249,41.7659,0.0,-0.03341,0.0
2025-09-28 20:55:00-07:00,2025-09-29 03:55:00+00:00,2025-09-28 21:00:00-07:00,2025-09-29 04:00:00+00:00,REAL_TIME_5_MIN,SOUTHBY_6_N001,Node,42.96041,41.7659,0.0,1.1945,0.0
2025-09-28 21:00:00-07:00,2025-09-29 04:00:00+00:00,2025-09-28 21:05:00-07:00,2025-09-29 04:05:00+00:00,REAL_TIME_5_MIN,BALCH1_7_N001,Node,53.12703,44.00009,8.70453,0.4224,0.0
2025-09-28 21:00:00-07:00,2025-09-29 04:00:00+00:00,2025-09-28 21:05:00-07:00,2025-09-29 04:05:00+00:00,REAL_TIME_5_MIN,BEARTAP_1_N001,Node,43.9656,44.00009,-0.1533,0.1188,0.0
2025-09-28 21:00:00-07:00,2025-09-29 04:00:00+00:00,2025-09-28 21:05:00-07:00,2025-09-29 04:05:00+00:00,REAL_TIME_5_MIN,SOUTHBY_6_N001,Node,45.77251,44.00009,0.16641,1.606,0.0
2025-09-28 21:05:00-07:00,2025-09-29 04:05:00+00:00,2025-09-28 21:10:00-07:00,2025-09-29 04:10:00+00:00,REAL_TIME_5_MIN,BALCH1_7_N001,Node,57.35882,44.24511,12.68896,0.42475,0.0
2025-09-28 21:05:00-07:00,2025-09-29 04:05:00+00:00,2025-09-28 21:10:00-07:00,2025-09-29 04:10:00+00:00,REAL_TIME_5_MIN,BEARTAP_1_N001,Node,44.23152,44.24511,-0.13304,0.11946,0.0
2025-09-28 21:05:00-07:00,2025-09-29 04:05:00+00:00,2025-09-28 21:10:00-07:00,2025-09-29 04:10:00+00:00,REAL_TIME_5_MIN,SOUTHBY_6_N001,Node,46.00411,44.24511,0.14406,1.61495,0.0
2025-09-28 21:10:00-07:00,2025-09-29 04:10:00+00:00,2025-09-28 21:15:00-07:00,2025-09-29 04:15:00+00:00,REAL_TIME_5_MIN,BALCH1_7_N001,Node,53.07915,44.32857,8.32503,0.42555,0.0
2025-09-28 21:10:00-07:00,2025-09-29 04:10:00+00:00,2025-09-28 21:15:00-07:00,2025-09-29 04:15:00+00:00,REAL_TIME_5_MIN,BEARTAP_1_N001,Node,44.35212,44.32857,-0.09613,0.11969,0.0
2025-09-28 21:10:00-07:00,2025-09-29 04:10:00+00:00,2025-09-28 21:15:00-07:00,2025-09-29 04:15:00+00:00,REAL_TIME_5_MIN,SOUTHBY_6_N001,Node,46.04987,44.32857,0.10331,1.61799,0.0
2025-09-28 21:15:00-07:00,2025-09-29 04:15:00+00:00,2025-09-28 21:20:00-07:00,2025-09-29 04:20:00+00:00,REAL_TIME_5_MIN,BALCH1_7_N001,Node,57.16184,44.31535,12.31027,0.53622,0.0
2025-09-28 21:15:00-07:00,2025-09-29 04:15:00+00:00,2025-09-28 21:20:00-07:00,2025-09-29 04:20:00+00:00,REAL_TIME_5_MIN,BEARTAP_1_N001,Node,44.30378,44.31535,-0.14452,0.13295,0.0
2025-09-28 21:15:00-07:00,2025-09-29 04:15:00+00:00,2025-09-28 21:20:00-07:00,2025-09-29 04:20:00+00:00,REAL_TIME_5_MIN,SOUTHBY_6_N001,Node,46.15457,44.31535,0.10649,1.73273,0.0
2025-09-28 21:20:00-07:00,2025-09-29 04:20:00+00:00,2025-09-28 21:25:00-07:00,2025-09-29 04:25:00+00:00,REAL_TIME_5_MIN,BALCH1_7_N001,Node,113.86603,44.69236,68.63289,0.54078,0.0
2025-09-28 21:20:00-07:00,2025-09-29 04:20:00+00:00,2025-09-28 21:25:00-07:00,2025-09-29 04:25:00+00:00,REAL_TIME_5_MIN,BEARTAP_1_N001,Node,44.70266,44.69236,-0.12378,0.13408,0.0
2025-09-28 21:20:00-07:00,2025-09-29 04:20:00+00:00,2025-09-28 21:25:00-07:00,2025-09-29 04:25:00+00:00,REAL_TIME_5_MIN,SOUTHBY_6_N001,Node,46.53103,44.69236,0.0912,1.74747,0.0
2025-09-28 21:25:00-07:00,2025-09-29 04:25:00+00:00,2025-09-28 21:30:00-07:00,2025-09-29 04:30:00+00:00,REAL_TIME_5_MIN,BALCH1_7_N001,Node,113.53477,44.80408,68.18856,0.54213,0.0
2025-09-28 21:25:00-07:00,2025-09-29 04:25:00+00:00,2025-09-28 21:30:00-07:00,2025-09-29 04:30:00+00:00,REAL_TIME_5_MIN,BEARTAP_1_N001,Node,44.9273,44.80408,-0.01119,0.13441,0.0
2025-09-28 21:25:00-07:00,2025-09-29 04:25:00+00:00,2025-09-28 21:30:00-07:00,2025-09-29 04:30:00+00:00,REAL_TIME_5_MIN,SOUTHBY_6_N001,Node,46.55592,44.80408,0.0,1.75184,0.0
2025-09-28 21:30:00-07:00,2025-09-29 04:30:00+00:00,2025-09-28 21:35:00-07:00,2025-09-29 04:35:00+00:00,REAL_TIME_5_MIN,BALCH1_7_N001,Node,112.18988,44.40839,67.32408,0.45741,0.0
2025-09-28 21:30:00-07:00,2025-09-29 04:30:00+00:00,2025-09-28 21:35:00-07:00,2025-09-29 04:35:00+00:00,REAL_TIME_5_MIN,BEARTAP_1_N001,Node,44.58158,44.40839,0.0,0.17319,0.0
2025-09-28 21:30:00-07:00,2025-09-29 04:30:00+00:00,2025-09-28 21:35:00-07:00,2025-09-29 04:35:00+00:00,REAL_TIME_5_MIN,SOUTHBY_6_N001,Node,45.76285,44.40839,0.0,1.35446,0.0
2025-09-28 21:35:00-07:00,2025-09-29 04:35:00+00:00,2025-09-28 21:40:00-07:00,2025-09-29 04:40:00+00:00,REAL_TIME_5_MIN,BALCH1_7_N001,Node,114.33314,45.25665,68.61035,0.46614,0.0
2025-09-28 21:35:00-07:00,2025-09-29 04:35:00+00:00,2025-09-28 21:40:00-07:00,2025-09-29 04:40:00+00:00,REAL_TIME_5_MIN,BEARTAP_1_N001,Node,45.43315,45.25665,0.0,0.1765,0.0
2025-09-28 21:35:00-07:00,2025-09-29 04:35:00+00:00,2025-09-28 21:40:00-07:00,2025-09-29 04:40:00+00:00,REAL_TIME_5_MIN,SOUTHBY_6_N001,Node,46.63698,45.25665,0.0,1.38033,0.0
2025-09-28 21:40:00-07:00,2025-09-29 04:40:00+00:00,2025-09-28 21:45:00-07:00,2025-09-29 04:45:00+00:00,REAL_TIME_5_MIN,BALCH1_7_N001,Node,83.39871,44.67401,38.26455,0.46014,0.0
2025-09-28 21:40:00-07:00,2025-09-29 04:40:00+00:00,2025-09-28 21:45:00-07:00,2025-09-29 04:45:00+00:00,REAL_TIME_5_MIN,BEARTAP_1_N001,Node,44.84824,44.67401,0.0,0.17423,0.0
2025-09-28 21:40:00-07:00,2025-09-29 04:40:00+00:00,2025-09-28 21:45:00-07:00,2025-09-29 04:45:00+00:00,REAL_TIME_5_MIN,SOUTHBY_6_N001,Node,46.03657,44.67401,0.0,1.36256,0.0
2025-09-28 21:45:00-07:00,2025-09-29 04:45:00+00:00,2025-09-28 21:50:00-07:00,2025-09-29 04:50:00+00:00,REAL_TIME_5_MIN,BALCH1_7_N001,Node,54.80271,44.42256,9.4606,0.91955,0.0
2025-09-28 21:45:00-07:00,2025-09-29 04:45:00+00:00,2025-09-28 21:50:00-07:00,2025-09-29 04:50:00+00:00,REAL_TIME_5_MIN,BEARTAP_1_N001,Node,44.60914,44.42256,0.0,0.18657,0.0
2025-09-28 21:45:00-07:00,2025-09-29 04:45:00+00:00,2025-09-28 21:50:00-07:00,2025-09-29 04:50:00+00:00,REAL_TIME_5_MIN,SOUTHBY_6_N001,Node,45.63974,44.42256,0.0,1.21718,0.0
2025-09-28 21:50:00-07:00,2025-09-29 04:50:00+00:00,2025-09-28 21:55:00-07:00,2025-09-29 04:55:00+00:00,REAL_TIME_5_MIN,BALCH1_7_N001,Node,46.97649,44.42256,1.63438,0.91955,0.0
2025-09-28 21:50:00-07:00,2025-09-29 04:50:00+00:00,2025-09-28 21:55:00-07:00,2025-09-29 04:55:00+00:00,REAL_TIME_5_MIN,BEARTAP_1_N001,Node,44.60914,44.42256,0.0,0.18657,0.0
2025-09-28 21:50:00-07:00,2025-09-29 04:50:00+00:00,2025-09-28 21:55:00-07:00,2025-09-29 04:55:00+00:00,REAL_TIME_5_MIN,SOUTHBY_6_N001,Node,45.63974,44.42256,0.0,1.21718,0.0
2025-09-28 21:55:00-07:00,2025-09-29 04:55:00+00:00,2025-09-28 22:00:00-07:00,2025-09-29 05:00:00+00:00,REAL_TIME_5_MIN,BALCH1_7_N001,Node,45.38095,44.46061,0.0,0.92033,0.0
2025-09-28 21:55:00-07:00,2025-09-29 04:55:00+00:00,2025-09-28 22:00:00-07:00,2025-09-29 05:00:00+00:00,REAL_TIME_5_MIN,BEARTAP_1_N001,Node,44.64735,44.46061,0.0,0.18673,0.0
2025-09-28 21:55:00-07:00,2025-09-29 04:55:00+00:00,2025-09-28 22:00:00-07:00,2025-09-29 05:00:00+00:00,REAL_TIME_5_MIN,SOUTHBY_6_N001,Node,45.67883,44.46061,0.0,1.21822,0.0
2025-09-28 22:00:00-07:00,2025-09-29 05:00:00+00:00,2025-09-28 22:05:00-07:00,2025-09-29 05:05:00+00:00,REAL_TIME_5_MIN,BALCH1_7_N001,Node,45.54077,45.76042,0.0,-0.21965,0.0
2025-09-28 22:00:00-07:00,2025-09-29 05:00:00+00:00,2025-09-28 22:05:00-07:00,2025-09-29 05:05:00+00:00,REAL_TIME_5_MIN,BEARTAP_1_N001,Node,45.98464,45.76042,0.0,0.22423,0.0
2025-09-28 22:00:00-07:00,2025-09-29 05:00:00+00:00,2025-09-28 22:05:00-07:00,2025-09-29 05:05:00+00:00,REAL_TIME_5_MIN,SOUTHBY_6_N001,Node,47.24763,45.76042,0.0,1.48721,0.0
2025-09-28 22:05:00-07:00,2025-09-29 05:05:00+00:00,2025-09-28 22:10:00-07:00,2025-09-29 05:10:00+00:00,REAL_TIME_5_MIN,BALCH1_7_N001,Node,45.38112,45.6,0.0,-0.21888,0.0
2025-09-28 22:05:00-07:00,2025-09-29 05:05:00+00:00,2025-09-28 22:10:00-07:00,2025-09-29 05:10:00+00:00,REAL_TIME_5_MIN,BEARTAP_1_N001,Node,45.82344,45.6,0.0,0.22344,0.0
2025-09-28 22:05:00-07:00,2025-09-29 05:05:00+00:00,2025-09-28 22:10:00-07:00,2025-09-29 05:10:00+00:00,REAL_TIME_5_MIN,SOUTHBY_6_N001,Node,47.082,45.6,0.0,1.482,0.0
2025-09-28 22:10:00-07:00,2025-09-29 05:10:00+00:00,2025-09-28 22:15:00-07:00,2025-09-29 05:15:00+00:00,REAL_TIME_5_MIN,BALCH1_7_N001,Node,44.99421,45.21122,0.0,-0.21701,0.0
2025-09-28 22:10:00-07:00,2025-09-29 05:10:00+00:00,2025-09-28 22:15:00-07:00,2025-09-29 05:15:00+00:00,REAL_TIME_5_MIN,BEARTAP_1_N001,Node,45.43276,45.21122,0.0,0.22153,0.0
2025-09-28 22:10:00-07:00,2025-09-29 05:10:00+00:00,2025-09-28 22:15:00-07:00,2025-09-29 05:15:00+00:00,REAL_TIME_5_MIN,SOUTHBY_6_N001,Node,46.68059,45.21122,0.0,1.46936,0.0
2025-09-28 22:15:00-07:00,2025-09-29 05:15:00+00:00,2025-09-28 22:20:00-07:00,2025-09-29 05:20:00+00:00,REAL_TIME_5_MIN,BALCH1_7_N001,Node,44.63311,45.26225,0.0,-0.62915,0.0
2025-09-28 22:15:00-07:00,2025-09-29 05:15:00+00:00,2025-09-28 22:20:00-07:00,2025-09-29 05:20:00+00:00,REAL_TIME_5_MIN,BEARTAP_1_N001,Node,45.46593,45.26225,0.0,0.20368,0.0
2025-09-28 22:15:00-07:00,2025-09-29 05:15:00+00:00,2025-09-28 22:20:00-07:00,2025-09-29 05:20:00+00:00,REAL_TIME_5_MIN,SOUTHBY_6_N001,Node,46.5477,45.26225,0.0,1.28545,0.0
2025-09-28 22:20:00-07:00,2025-09-29 05:20:00+00:00,2025-09-28 22:25:00-07:00,2025-09-29 05:25:00+00:00,REAL_TIME_5_MIN,BALCH1_7_N001,Node,45.31352,45.95225,0.0,-0.63874,0.0
2025-09-28 22:20:00-07:00,2025-09-29 05:20:00+00:00,2025-09-28 22:25:00-07:00,2025-09-29 05:25:00+00:00,REAL_TIME_5_MIN,BEARTAP_1_N001,Node,46.15904,45.95225,0.0,0.20679,0.0
2025-09-28 22:20:00-07:00,2025-09-29 05:20:00+00:00,2025-09-28 22:25:00-07:00,2025-09-29 05:25:00+00:00,REAL_TIME_5_MIN,SOUTHBY_6_N001,Node,47.2573,45.95225,0.0,1.30504,0.0
2025-09-28 22:25:00-07:00,2025-09-29 05:25:00+00:00,2025-09-28 22:30:00-07:00,2025-09-29 05:30:00+00:00,REAL_TIME_5_MIN,BALCH1_7_N001,Node,44.67006,45.29972,0.0,-0.62967,0.0
2025-09-28 22:25:00-07:00,2025-09-29 05:25:00+00:00,2025-09-28 22:30:00-07:00,2025-09-29 05:30:00+00:00,REAL_TIME_5_MIN,BEARTAP_1_N001,Node,45.50357,45.29972,0.0,0.20385,0.0
2025-09-28 22:25:00-07:00,2025-09-29 05:25:00+00:00,2025-09-28 22:30:00-07:00,2025-09-29 05:30:00+00:00,REAL_TIME_5_MIN,SOUTHBY_6_N001,Node,46.58623,45.29972,0.0,1.28651,0.0
2025-09-28 22:30:00-07:00,2025-09-29 05:30:00+00:00,2025-09-28 22:35:00-07:00,2025-09-29 05:35:00+00:00,REAL_TIME_5_MIN,BALCH1_7_N001,Node,45.35253,45.47987,0.0,-0.12734,0.0
2025-09-28 22:30:00-07:00,2025-09-29 05:30:00+00:00,2025-09-28 22:35:00-07:00,2025-09-29 05:35:00+00:00,REAL_TIME_5_MIN,BEARTAP_1_N001,Node,45.7482,45.47987,0.0,0.26833,0.0
2025-09-28 22:30:00-07:00,2025-09-29 05:30:00+00:00,2025-09-28 22:35:00-07:00,2025-09-29 05:35:00+00:00,REAL_TIME_5_MIN,SOUTHBY_6_N001,Node,46.55774,45.47987,0.0,1.07787,0.0
2025-09-28 22:35:00-07:00,2025-09-29 05:35:00+00:00,2025-09-28 22:40:00-07:00,2025-09-29 05:40:00+00:00,REAL_TIME_5_MIN,BALCH1_7_N001,Node,45.26479,45.39189,0.0,-0.1271,0.0
2025-09-28 22:35:00-07:00,2025-09-29 05:35:00+00:00,2025-09-28 22:40:00-07:00,2025-09-29 05:40:00+00:00,REAL_TIME_5_MIN,BEARTAP_1_N001,Node,45.6597,45.39189,0.0,0.26781,0.0
2025-09-28 22:35:00-07:00,2025-09-29 05:35:00+00:00,2025-09-28 22:40:00-07:00,2025-09-29 05:40:00+00:00,REAL_TIME_5_MIN,SOUTHBY_6_N001,Node,46.46768,45.39189,0.0,1.07579,0.0
2025-09-28 22:40:00-07:00,2025-09-29 05:40:00+00:00,2025-09-28 22:45:00-07:00,2025-09-29 05:45:00+00:00,REAL_TIME_5_MIN,BALCH1_7_N001,Node,45.41219,45.53971,0.0,-0.12751,0.0
2025-09-28 22:40:00-07:00,2025-09-29 05:40:00+00:00,2025-09-28 22:45:00-07:00,2025-09-29 05:45:00+00:00,REAL_TIME_5_MIN,BEARTAP_1_N001,Node,45.80839,45.53971,0.0,0.26868,0.0
2025-09-28 22:40:00-07:00,2025-09-29 05:40:00+00:00,2025-09-28 22:45:00-07:00,2025-09-29 05:45:00+00:00,REAL_TIME_5_MIN,SOUTHBY_6_N001,Node,46.619,45.53971,0.0,1.07929,0.0
2025-09-28 22:45:00-07:00,2025-09-29 05:45:00+00:00,2025-09-28 22:50:00-07:00,2025-09-29 05:50:00+00:00,REAL_TIME_5_MIN,BALCH1_7_N001,Node,44.69589,45.19302,0.0,-0.49712,0.0
2025-09-28 22:45:00-07:00,2025-09-29 05:45:00+00:00,2025-09-28 22:50:00-07:00,2025-09-29 05:50:00+00:00,REAL_TIME_5_MIN,BEARTAP_1_N001,Node,45.48225,45.19302,0.0,0.28924,0.0
2025-09-28 22:45:00-07:00,2025-09-29 05:45:00+00:00,2025-09-28 22:50:00-07:00,2025-09-29 05:50:00+00:00,REAL_TIME_5_MIN,SOUTHBY_6_N001,Node,46.0788,45.19302,0.0,0.88578,0.0
2025-09-28 22:50:00-07:00,2025-09-29 05:50:00+00:00,2025-09-28 22:55:00-07:00,2025-09-29 05:55:00+00:00,REAL_TIME_5_MIN,BALCH1_7_N001,Node,44.86048,45.35943,0.0,-0.49895,0.0
2025-09-28 22:50:00-07:00,2025-09-29 05:50:00+00:00,2025-09-28 22:55:00-07:00,2025-09-29 05:55:00+00:00,REAL_TIME_5_MIN,BEARTAP_1_N001,Node,45.64973,45.35943,0.0,0.2903,0.0
2025-09-28 22:50:00-07:00,2025-09-29 05:50:00+00:00,2025-09-28 22:55:00-07:00,2025-09-29 05:55:00+00:00,REAL_TIME_5_MIN,SOUTHBY_6_N001,Node,46.24848,45.35943,0.0,0.88904,0.0
2025-09-28 22:55:00-07:00,2025-09-29 05:55:00+00:00,2025-09-28 23:00:00-07:00,2025-09-29 06:00:00+00:00,REAL_TIME_5_MIN,BALCH1_7_N001,Node,44.93083,45.43057,0.0,-0.49974,0.0
2025-09-28 22:55:00-07:00,2025-09-29 05:55:00+00:00,2025-09-28 23:00:00-07:00,2025-09-29 06:00:00+00:00,REAL_TIME_5_MIN,BEARTAP_1_N001,Node,45.72133,45.43057,0.0,0.29076,0.0
2025-09-28 22:55:00-07:00,2025-09-29 05:55:00+00:00,2025-09-28 23:00:00-07:00,2025-09-29 06:00:00+00:00,REAL_TIME_5_MIN,SOUTHBY_6_N001,Node,46.32101,45.43057,0.0,0.89044,0.0
2025-09-28 23:00:00-07:00,2025-09-29 06:00:00+00:00,2025-09-28 23:05:00-07:00,2025-09-29 06:05:00+00:00,REAL_TIME_5_MIN,BALCH1_7_N001,Node,45.52434,45.56079,0.0,-0.03645,0.0
2025-09-28 23:00:00-07:00,2025-09-29 06:00:00+00:00,2025-09-28 23:05:00-07:00,2025-09-29 06:05:00+00:00,REAL_TIME_5_MIN,BEARTAP_1_N001,Node,45.87516,45.56079,0.0,0.31437,0.0
2025-09-28 23:00:00-07:00,2025-09-29 06:00:00+00:00,2025-09-28 23:05:00-07:00,2025-09-29 06:05:00+00:00,REAL_TIME_5_MIN,SOUTHBY_6_N001,Node,46.64514,45.56079,0.0,1.08435,0.0
2025-09-28 23:05:00-07:00,2025-09-29 06:05:00+00:00,2025-09-28 23:10:00-07:00,2025-09-29 06:10:00+00:00,REAL_TIME_5_MIN,BALCH1_7_N001,Node,45.75994,45.79657,0.0,-0.03664,0.0
2025-09-28 23:05:00-07:00,2025-09-29 06:05:00+00:00,2025-09-28 23:10:00-07:00,2025-09-29 06:10:00+00:00,REAL_TIME_5_MIN,BEARTAP_1_N001,Node,46.11257,45.79657,0.0,0.316,0.0
2025-09-28 23:05:00-07:00,2025-09-29 06:05:00+00:00,2025-09-28 23:10:00-07:00,2025-09-29 06:10:00+00:00,REAL_TIME_5_MIN,SOUTHBY_6_N001,Node,46.88653,45.79657,0.0,1.08996,0.0
2025-09-28 23:10:00-07:00,2025-09-29 06:10:00+00:00,2025-09-28 23:15:00-07:00,2025-09-29 06:15:00+00:00,REAL_TIME_5_MIN,BALCH1_7_N001,Node,45.43519,45.47157,0.0,-0.03638,0.0
2025-09-28 23:10:00-07:00,2025-09-29 06:10:00+00:00,2025-09-28 23:15:00-07:00,2025-09-29 06:15:00+00:00,REAL_TIME_5_MIN,BEARTAP_1_N001,Node,45.78532,45.47157,0.0,0.31375,0.0
2025-09-28 23:10:00-07:00,2025-09-29 06:10:00+00:00,2025-09-28 23:15:00-07:00,2025-09-29 06:15:00+00:00,REAL_TIME_5_MIN,SOUTHBY_6_N001,Node,46.55379,45.47157,0.0,1.08222,0.0
2025-09-28 23:15:00-07:00,2025-09-29 06:15:00+00:00,2025-09-28 23:20:00-07:00,2025-09-29 06:20:00+00:00,REAL_TIME_5_MIN,BALCH1_7_N001,Node,46.19122,45.56695,0.0,0.62427,0.0
2025-09-28 23:15:00-07:00,2025-09-29 06:15:00+00:00,2025-09-28 23:20:00-07:00,2025-09-29 06:20:00+00:00,REAL_TIME_5_MIN,BEARTAP_1_N001,Node,45.86314,45.56695,0.0,0.29619,0.0
2025-09-28 23:15:00-07:00,2025-09-29 06:15:00+00:00,2025-09-28 23:20:00-07:00,2025-09-29 06:20:00+00:00,REAL_TIME_5_MIN,SOUTHBY_6_N001,Node,46.50563,45.56695,0.0,0.93868,0.0
2025-09-28 23:20:00-07:00,2025-09-29 06:20:00+00:00,2025-09-28 23:25:00-07:00,2025-09-29 06:25:00+00:00,REAL_TIME_5_MIN,BALCH1_7_N001,Node,46.81232,46.17965,0.0,0.63266,0.0
2025-09-28 23:20:00-07:00,2025-09-29 06:20:00+00:00,2025-09-28 23:25:00-07:00,2025-09-29 06:25:00+00:00,REAL_TIME_5_MIN,BEARTAP_1_N001,Node,46.47982,46.17965,0.0,0.30017,0.0
2025-09-28 23:20:00-07:00,2025-09-29 06:20:00+00:00,2025-09-28 23:25:00-07:00,2025-09-29 06:25:00+00:00,REAL_TIME_5_MIN,SOUTHBY_6_N001,Node,47.13096,46.17965,0.0,0.9513,0.0
2025-09-28 23:25:00-07:00,2025-09-29 06:25:00+00:00,2025-09-28 23:30:00-07:00,2025-09-29 06:30:00+00:00,REAL_TIME_5_MIN,BALCH1_7_N001,Node,47.07514,46.43892,0.0,0.63621,0.0
2025-09-28 23:25:00-07:00,2025-09-29 06:25:00+00:00,2025-09-28 23:30:00-07:00,2025-09-29 06:30:00+00:00,REAL_TIME_5_MIN,BEARTAP_1_N001,Node,46.74078,46.43892,0.0,0.30185,0.0
2025-09-28 23:25:00-07:00,2025-09-29 06:25:00+00:00,2025-09-28 23:30:00-07:00,2025-09-29 06:30:00+00:00,REAL_TIME_5_MIN,SOUTHBY_6_N001,Node,47.39557,46.43892,0.0,0.95664,0.0
2025-09-28 23:30:00-07:00,2025-09-29 06:30:00+00:00,2025-09-28 23:35:00-07:00,2025-09-29 06:35:00+00:00,REAL_TIME_5_MIN,BALCH1_7_N001,Node,46.29613,46.37961,0.0,-0.08348,0.0
2025-09-28 23:30:00-07:00,2025-09-29 06:30:00+00:00,2025-09-28 23:35:00-07:00,2025-09-29 06:35:00+00:00,REAL_TIME_5_MIN,BEARTAP_1_N001,Node,46.68572,46.37961,0.0,0.30611,0.0
2025-09-28 23:30:00-07:00,2025-09-29 06:30:00+00:00,2025-09-28 23:35:00-07:00,2025-09-29 06:35:00+00:00,REAL_TIME_5_MIN,SOUTHBY_6_N001,Node,47.24691,46.37961,0.0,0.8673,0.0
2025-09-28 23:35:00-07:00,2025-09-29 06:35:00+00:00,2025-09-28 23:40:00-07:00,2025-09-29 06:40:00+00:00,REAL_TIME_5_MIN,BALCH1_7_N001,Node,45.6436,45.7259,0.0,-0.08231,0.0
2025-09-28 23:35:00-07:00,2025-09-29 06:35:00+00:00,2025-09-28 23:40:00-07:00,2025-09-29 06:40:00+00:00,REAL_TIME_5_MIN,BEARTAP_1_N001,Node,46.02769,45.7259,0.0,0.30179,0.0
2025-09-28 23:35:00-07:00,2025-09-29 06:35:00+00:00,2025-09-28 23:40:00-07:00,2025-09-29 06:40:00+00:00,REAL_TIME_5_MIN,SOUTHBY_6_N001,Node,46.58098,45.7259,0.0,0.85507,0.0
2025-09-28 23:40:00-07:00,2025-09-29 06:40:00+00:00,2025-09-28 23:45:00-07:00,2025-09-29 06:45:00+00:00,REAL_TIME_5_MIN,BALCH1_7_N001,Node,45.5377,45.61982,0.0,-0.08212,0.0
2025-09-28 23:40:00-07:00,2025-09-29 06:40:00+00:00,2025-09-28 23:45:00-07:00,2025-09-29 06:45:00+00:00,REAL_TIME_5_MIN,BEARTAP_1_N001,Node,45.92091,45.61982,0.0,0.30109,0.0
2025-09-28 23:40:00-07:00,2025-09-29 06:40:00+00:00,2025-09-28 23:45:00-07:00,2025-09-29 06:45:00+00:00,REAL_TIME_5_MIN,SOUTHBY_6_N001,Node,46.47291,45.61982,0.0,0.85309,0.0
2025-09-28 23:45:00-07:00,2025-09-29 06:45:00+00:00,2025-09-28 23:50:00-07:00,2025-09-29 06:50:00+00:00,REAL_TIME_5_MIN,BALCH1_7_N001,Node,45.16142,45.31549,0.0,-0.15407,0.0
2025-09-28 23:45:00-07:00,2025-09-29 06:45:00+00:00,2025-09-28 23:50:00-07:00,2025-09-29 06:50:00+00:00,REAL_TIME_5_MIN,BEARTAP_1_N001,Node,45.6463,45.31549,0.0,0.3308,0.0
2025-09-28 23:45:00-07:00,2025-09-29 06:45:00+00:00,2025-09-28 23:50:00-07:00,2025-09-29 06:50:00+00:00,REAL_TIME_5_MIN,SOUTHBY_6_N001,Node,46.05867,45.31549,0.0,0.74317,0.0
2025-09-28 23:50:00-07:00,2025-09-29 06:50:00+00:00,2025-09-28 23:55:00-07:00,2025-09-29 06:55:00+00:00,REAL_TIME_5_MIN,BALCH1_7_N001,Node,44.10962,44.2601,0.0,-0.15048,0.0
2025-09-28 23:50:00-07:00,2025-09-29 06:50:00+00:00,2025-09-28 23:55:00-07:00,2025-09-29 06:55:00+00:00,REAL_TIME_5_MIN,BEARTAP_1_N001,Node,44.5832,44.2601,0.0,0.3231,0.0
2025-09-28 23:50:00-07:00,2025-09-29 06:50:00+00:00,2025-09-28 23:55:00-07:00,2025-09-29 06:55:00+00:00,REAL_TIME_5_MIN,SOUTHBY_6_N001,Node,44.98597,44.2601,0.0,0.72587,0.0
2025-09-28 23:55:00-07:00,2025-09-29 06:55:00+00:00,2025-09-29 00:00:00-07:00,2025-09-29 07:00:00+00:00,REAL_TIME_5_MIN,BALCH1_7_N001,Node,45.68407,45.83992,0.0,-0.15586,0.0
2025-09-28 23:55:00-07:00,2025-09-29 06:55:00+00:00,2025-09-29 00:00:00-07:00,2025-09-29 07:00:00+00:00,REAL_TIME_5_MIN,BEARTAP_1_N001,Node,46.17455,45.83992,0.0,0.33463,0.0
2025-09-28 23:55:00-07:00,2025-09-29 06:55:00+00:00,2025-09-29 00:00:00-07:00,2025-09-29 07:00:00+00:00,REAL_TIME_5_MIN,SOUTHBY_6_N001,Node,46.5917,45.83992,0.0,0.75177,0.0
2025-09-28 00:00:00-07:00,2025-09-28 07:00:00+00:00,2025-09-28 00:05:00-07:00,2025-09-28 07:05:00+00:00,REAL_TIME_5_MIN,ANAHEIM_6_N001,Node,40.94794,41.66881,0.0,-0.72087,0.0
2025-09-28 00:00:00-07:00,2025-09-28 07:00:00+00:00,2025-09-28 00:05:00-07:00,2025-09-28 07:05:00+00:00,REAL_TIME_5_MIN,MKT_SUB_LNODEONC,Node,43.12598,41.66881,-0.0012,1.45837,0.0
2025-09-28 00:00:00-07:00,2025-09-28 07:00:00+00:00,2025-09-28 00:05:00-07:00,2025-09-28 07:05:00+00:00,REAL_TIME_5_MIN,SCEW_2_PDRP89-APND,AP Node,41.01626,41.66881,0.0,-0.65255,0.0
2025-09-28 00:05:00-07:00,2025-09-28 07:05:00+00:00,2025-09-28 00:10:00-07:00,2025-09-28 07:10:00+00:00,REAL_TIME_5_MIN,ANAHEIM_6_N001,Node,40.82252,41.54118,0.0,-0.71866,0.0
2025-09-28 00:05:00-07:00,2025-09-28 07:05:00+00:00,2025-09-28 00:10:00-07:00,2025-09-28 07:10:00+00:00,REAL_TIME_5_MIN,MKT_SUB_LNODEONC,Node,42.99388,41.54118,-0.0012,1.4539,0.0
2025-09-28 00:05:00-07:00,2025-09-28 07:05:00+00:00,2025-09-28 00:10:00-07:00,2025-09-28 07:10:00+00:00,REAL_TIME_5_MIN,SCEW_2_PDRP89-APND,AP Node,40.89063,41.54118,0.0,-0.65055,0.0
2025-09-28 00:10:00-07:00,2025-09-28 07:10:00+00:00,2025-09-28 00:15:00-07:00,2025-09-28 07:15:00+00:00,REAL_TIME_5_MIN,ANAHEIM_6_N001,Node,40.82252,41.54118,0.0,-0.71866,0.0
2025-09-28 00:10:00-07:00,2025-09-28 07:10:00+00:00,2025-09-28 00:15:00-07:00,2025-09-28 07:15:00+00:00,REAL_TIME_5_MIN,MKT_SUB_LNODEONC,Node,42.99388,41.54118,-0.0012,1.4539,0.0
2025-09-28 00:10:00-07:00,2025-09-28 07:10:00+00:00,2025-09-28 00:15:00-07:00,2025-09-28 07:15:00+00:00,REAL_TIME_5_MIN,SCEW_2_PDRP89-APND,AP Node,40.89063,41.54118,0.0,-0.65055,0.0
2025-09-28 00:15:00-07:00,2025-09-28 07:15:00+00:00,2025-09-28 00:20:00-07:00,2025-09-28 07:20:00+00:00,REAL_TIME_5_MIN,ANAHEIM_6_N001,Node,40.94113,41.59416,0.0,-0.65303,0.0
2025-09-28 00:15:00-07:00,2025-09-28 07:15:00+00:00,2025-09-28 00:20:00-07:00,2025-09-28 07:20:00+00:00,REAL_TIME_5_MIN,MKT_SUB_LNODEONC,Node,43.04455,41.59416,-0.0012,1.45159,0.0
2025-09-28 00:15:00-07:00,2025-09-28 07:15:00+00:00,2025-09-28 00:20:00-07:00,2025-09-28 07:20:00+00:00,REAL_TIME_5_MIN,SCEW_2_PDRP89-APND,AP Node,41.01069,41.59416,0.0,-0.58347,0.0
2025-09-28 00:20:00-07:00,2025-09-28 07:20:00+00:00,2025-09-28 00:25:00-07:00,2025-09-28 07:25:00+00:00,REAL_TIME_5_MIN,ANAHEIM_6_N001,Node,41.17702,41.83382,0.0,-0.65679,0.0
2025-09-28 00:20:00-07:00,2025-09-28 07:20:00+00:00,2025-09-28 00:25:00-07:00,2025-09-28 07:25:00+00:00,REAL_TIME_5_MIN,MKT_SUB_LNODEONC,Node,43.29257,41.83382,-0.0012,1.45996,0.0
2025-09-28 00:20:00-07:00,2025-09-28 07:20:00+00:00,2025-09-28 00:25:00-07:00,2025-09-28 07:25:00+00:00,REAL_TIME_5_MIN,SCEW_2_PDRP89-APND,AP Node,41.24699,41.83382,0.0,-0.58683,0.0
2025-09-28 00:25:00-07:00,2025-09-28 07:25:00+00:00,2025-09-28 00:30:00-07:00,2025-09-28 07:30:00+00:00,REAL_TIME_5_MIN,ANAHEIM_6_N001,Node,41.38325,42.04333,0.0,-0.66008,0.0
2025-09-28 00:25:00-07:00,2025-09-28 07:25:00+00:00,2025-09-28 00:30:00-07:00,2025-09-28 07:30:00+00:00,REAL_TIME_5_MIN,MKT_SUB_LNODEONC,Node,43.5094,42.04333,-0.0012,1.46727,0.0
2025-09-28 00:25:00-07:00,2025-09-28 07:25:00+00:00,2025-09-28 00:30:00-07:00,2025-09-28 07:30:00+00:00,REAL_TIME_5_MIN,SCEW_2_PDRP89-APND,AP Node,41.45356,42.04333,0.0,-0.58977,0.0
2025-09-28 00:30:00-07:00,2025-09-28 07:30:00+00:00,2025-09-28 00:35:00-07:00,2025-09-28 07:35:00+00:00,REAL_TIME_5_MIN,ANAHEIM_6_N001,Node,41.61133,42.26646,0.0,-0.65513,0.0
2025-09-28 00:30:00-07:00,2025-09-28 07:30:00+00:00,2025-09-28 00:35:00-07:00,2025-09-28 07:35:00+00:00,REAL_TIME_5_MIN,MKT_SUB_LNODEONC,Node,43.72341,42.26646,-0.0012,1.45815,0.0
2025-09-28 00:30:00-07:00,2025-09-28 07:30:00+00:00,2025-09-28 00:35:00-07:00,2025-09-28 07:35:00+00:00,REAL_TIME_5_MIN,SCEW_2_PDRP89-APND,AP Node,41.67926,42.26646,0.0,-0.5872,0.0
2025-09-28 00:35:00-07:00,2025-09-28 07:35:00+00:00,2025-09-28 00:40:00-07:00,2025-09-28 07:40:00+00:00,REAL_TIME_5_MIN,ANAHEIM_6_N001,Node,41.50092,42.15431,0.0,-0.65339,0.0
2025-09-28 00:35:00-07:00,2025-09-28 07:35:00+00:00,2025-09-28 00:40:00-07:00,2025-09-28 07:40:00+00:00,REAL_TIME_5_MIN,MKT_SUB_LNODEONC,Node,43.6074,42.15431,-0.0012,1.45428,0.0
2025-09-28 00:35:00-07:00,2025-09-28 07:35:00+00:00,2025-09-28 00:40:00-07:00,2025-09-28 07:40:00+00:00,REAL_TIME_5_MIN,SCEW_2_PDRP89-APND,AP Node,41.56867,42.15431,0.0,-0.58565,0.0
2025-09-28 00:40:00-07:00,2025-09-28 07:40:00+00:00,2025-09-28 00:45:00-07:00,2025-09-28 07:45:00+00:00,REAL_TIME_5_MIN,ANAHEIM_6_N001,Node,41.21594,41.86484,0.0,-0.64891,0.0
2025-09-28 00:40:00-07:00,2025-09-28 07:40:00+00:00,2025-09-28 00:45:00-07:00,2025-09-28 07:45:00+00:00,REAL_TIME_5_MIN,MKT_SUB_LNODEONC,Node,43.30794,41.86484,-0.0012,1.4443,0.0
2025-09-28 00:40:00-07:00,2025-09-28 07:40:00+00:00,2025-09-28 00:45:00-07:00,2025-09-28 07:45:00+00:00,REAL_TIME_5_MIN,SCEW_2_PDRP89-APND,AP Node,41.28322,41.86484,0.0,-0.58162,0.0
2025-09-28 00:45:00-07:00,2025-09-28 07:45:00+00:00,2025-09-28 00:50:00-07:00,2025-09-28 07:50:00+00:00,REAL_TIME_5_MIN,ANAHEIM_6_N001,Node,41.00941,41.68894,0.0,-0.67953,0.0
2025-09-28 00:45:00-07:00,2025-09-28 07:45:00+00:00,2025-09-28 00:50:00-07:00,2025-09-28 07:50:00+00:00,REAL_TIME_5_MIN,MKT_SUB_LNODEONC,Node,43.07594,41.68894,-0.0012,1.3882,0.0
2025-09-28 00:45:00-07:00,2025-09-28 07:45:00+00:00,2025-09-28 00:50:00-07:00,2025-09-28 07:50:00+00:00,REAL_TIME_5_MIN,SCEW_2_PDRP89-APND,AP Node,41.07243,41.68894,0.0,-0.61651,0.0
2025-09-28 00:50:00-07:00,2025-09-28 07:50:00+00:00,2025-09-28 00:55:00-07:00,2025-09-28 07:55:00+00:00,REAL_TIME_5_MIN,ANAHEIM_6_N001,Node,41.05468,41.73496,0.0,-0.68028,0.0
2025-09-28 00:50:00-07:00,2025-09-28 07:50:00+00:00,2025-09-28 00:55:00-07:00,2025-09-28 07:55:00+00:00,REAL_TIME_5_MIN,MKT_SUB_LNODEONC,Node,43.1235,41.73496,-0.0012,1.38973,0.0
2025-09-28 00:50:00-07:00,2025-09-28 07:50:00+00:00,2025-09-28 00:55:00-07:00,2025-09-28 07:55:00+00:00,REAL_TIME_5_MIN,SCEW_2_PDRP89-APND,AP Node,41.11777,41.73496,0.0,-0.61719,0.0
2025-09-28 00:55:00-07:00,2025-09-28 07:55:00+00:00,2025-09-28 01:00:00-07:00,2025-09-28 08:00:00+00:00,REAL_TIME_5_MIN,ANAHEIM_6_N001,Node,41.18653,41.86899,0.0,-0.68246,0.0
2025-09-28 00:55:00-07:00,2025-09-28 07:55:00+00:00,2025-09-28 01:00:00-07:00,2025-09-28 08:00:00+00:00,REAL_TIME_5_MIN,MKT_SUB_LNODEONC,Node,43.26199,41.86899,-0.0012,1.3942,0.0
2025-09-28 00:55:00-07:00,2025-09-28 07:55:00+00:00,2025-09-28 01:00:00-07:00,2025-09-28 08:00:00+00:00,REAL_TIME_5_MIN,SCEW_2_PDRP89-APND,AP Node,41.24982,41.86899,0.0,-0.61917,0.0
2025-09-28 01:00:00-07:00,2025-09-28 08:00:00+00:00,2025-09-28 01:05:00-07:00,2025-09-28 08:05:00+00:00,REAL_TIME_5_MIN,ANAHEIM_6_N001,Node,41.95051,42.71511,0.0,-0.7646,0.0
2025-09-28 01:00:00-07:00,2025-09-28 08:00:00+00:00,2025-09-28 01:05:00-07:00,2025-09-28 08:05:00+00:00,REAL_TIME_5_MIN,MKT_SUB_LNODEONC,Node,44.25588,42.71511,-0.0012,1.54197,0.0
2025-09-28 01:00:00-07:00,2025-09-28 08:00:00+00:00,2025-09-28 01:05:00-07:00,2025-09-28 08:05:00+00:00,REAL_TIME_5_MIN,SCEW_2_PDRP89-APND,AP Node,42.01797,42.71511,0.0,-0.69714,0.0
2025-09-28 01:05:00-07:00,2025-09-28 08:05:00+00:00,2025-09-28 01:10:00-07:00,2025-09-28 08:10:00+00:00,REAL_TIME_5_MIN,ANAHEIM_6_N001,Node,41.9501,42.71469,0.0,-0.76459,0.0
2025-09-28 01:05:00-07:00,2025-09-28 08:05:00+00:00,2025-09-28 01:10:00-07:00,2025-09-28 08:10:00+00:00,REAL_TIME_5_MIN,MKT_SUB_LNODEONC,Node,44.25545,42.71469,-0.0012,1.54196,0.0
2025-09-28 01:05:00-07:00,2025-09-28 08:05:00+00:00,2025-09-28 01:10:00-07:00,2025-09-28 08:10:00+00:00,REAL_TIME_5_MIN,SCEW_2_PDRP89-APND,AP Node,42.01756,42.71469,0.0,-0.69713,0.0
2025-09-28 01:10:00-07:00,2025-09-28 08:10:00+00:00,2025-09-28 01:15:00-07:00,2025-09-28 08:15:00+00:00,REAL_TIME_5_MIN,ANAHEIM_6_N001,Node,41.97047,42.73543,0.0,-0.76496,0.0
2025-09-28 01:10:00-07:00,2025-09-28 08:10:00+00:00,2025-09-28 01:15:00-07:00,2025-09-28 08:15:00+00:00,REAL_TIME_5_MIN,MKT_SUB_LNODEONC,Node,44.27694,42.73543,-0.0012,1.54271,0.0
2025-09-28 01:10:00-07:00,2025-09-28 08:10:00+00:00,2025-09-28 01:15:00-07:00,2025-09-28 08:15:00+00:00,REAL_TIME_5_MIN,SCEW_2_PDRP89-APND,AP Node,42.03796,42.73543,0.0,-0.69747,0.0
2025-09-28 01:15:00-07:00,2025-09-28 08:15:00+00:00,2025-09-28 01:20:00-07:00,2025-09-28 08:20:00+00:00,REAL_TIME_5_MIN,ANAHEIM_6_N001,Node,41.79732,42.52881,0.0,-0.7315,0.0
2025-09-28 01:15:00-07:00,2025-09-28 08:15:00+00:00,2025-09-28 01:20:00-07:00,2025-09-28 08:20:00+00:00,REAL_TIME_5_MIN,MKT_SUB_LNODEONC,Node,43.97355,42.52881,-0.0012,1.44594,0.0
2025-09-28 01:15:00-07:00,2025-09-28 08:15:00+00:00,2025-09-28 01:20:00-07:00,2025-09-28 08:20:00+00:00,REAL_TIME_5_MIN,SCEW_2_PDRP89-APND,AP Node,41.86311,42.52881,0.0,-0.66571,0.0
2025-09-28 01:20:00-07:00,2025-09-28 08:20:00+00:00,2025-09-28 01:25:00-07:00,2025-09-28 08:25:00+00:00,REAL_TIME_5_MIN,ANAHEIM_6_N001,Node,41.96783,42.70231,0.0,-0.73448,0.0
2025-09-28 01:20:00-07:00,2025-09-28 08:20:00+00:00,2025-09-28 01:25:00-07:00,2025-09-28 08:25:00+00:00,REAL_TIME_5_MIN,MKT_SUB_LNODEONC,Node,44.15295,42.70231,-0.0012,1.45184,0.0
2025-09-28 01:20:00-07:00,2025-09-28 08:20:00+00:00,2025-09-28 01:25:00-07:00,2025-09-28 08:25:00+00:00,REAL_TIME_5_MIN,SCEW_2_PDRP89-APND,AP Node,42.03389,42.70231,0.0,-0.66842,0.0
2025-09-28 01:25:00-07:00,2025-09-28 08:25:00+00:00,2025-09-28 01:30:00-07:00,2025-09-28 08:30:00+00:00,REAL_TIME_5_MIN,ANAHEIM_6_N001,Node,42.02905,42.7646,0.0,-0.73555,0.0
2025-09-28 01:25:00-07:00,2025-09-28 08:25:00+00:00,2025-09-28 01:30:00-07:00,2025-09-28 08:30:00+00:00,REAL_TIME_5_MIN,MKT_SUB_LNODEONC,Node,44.21735,42.7646,-0.0012,1.45396,0.0
2025-09-28 01:25:00-07:00,2025-09-28 08:25:00+00:00,2025-09-28 01:30:00-07:00,2025-09-28 08:30:00+00:00,REAL_TIME_5_MIN,SCEW_2_PDRP89-APND,AP Node,42.0952,42.7646,0.0,-0.6694,0.0
2025-09-28 01:30:00-07:00,2025-09-28 08:30:00+00:00,2025-09-28 01:35:00-07:00,2025-09-28 08:35:00+00:00,REAL_TIME_5_MIN,ANAHEIM_6_N001,Node,41.84224,42.54422,0.0,-0.70198,0.0
2025-09-28 01:30:00-07:00,2025-09-28 08:30:00+00:00,2025-09-28 01:35:00-07:00,2025-09-28 08:35:00+00:00,REAL_TIME_5_MIN,MKT_SUB_LNODEONC,Node,43.9597,42.54422,-0.0012,1.41668,0.0
2025-09-28 01:30:00-07:00,2025-09-28 08:30:00+00:00,2025-09-28 01:35:00-07:00,2025-09-28 08:35:00+00:00,REAL_TIME_5_MIN,SCEW_2_PDRP89-APND,AP Node,41.9039,42.54422,0.0,-0.64032,0.0
2025-09-28 01:35:00-07:00,2025-09-28 08:35:00+00:00,2025-09-28 01:40:00-07:00,2025-09-28 08:40:00+00:00,REAL_TIME_5_MIN,ANAHEIM_6_N001,Node,41.84224,42.54422,0.0,-0.70198,0.0
2025-09-28 01:35:00-07:00,2025-09-28 08:35:00+00:00,2025-09-28 01:40:00-07:00,2025-09-28 08:40:00+00:00,REAL_TIME_5_MIN,MKT_SUB_LNODEONC,Node,43.9597,42.54422,-0.0012,1.41668,0.0
2025-09-28 01:35:00-07:00,2025-09-28 08:35:00+00:00,2025-09-28 01:40:00-07:00,2025-09-28 08:40:00+00:00,REAL_TIME_5_MIN,SCEW_2_PDRP89-APND,AP Node,41.9039,42.54422,0.0,-0.64032,0.0
2025-09-28 01:40:00-07:00,2025-09-28 08:40:00+00:00,2025-09-28 01:45:00-07:00,2025-09-28 08:45:00+00:00,REAL_TIME_5_MIN,ANAHEIM_6_N001,Node,41.64903,42.34777,0.0,-0.69874,0.0
2025-09-28 01:40:00-07:00,2025-09-28 08:40:00+00:00,2025-09-28 01:45:00-07:00,2025-09-28 08:45:00+00:00,REAL_TIME_5_MIN,MKT_SUB_LNODEONC,Node,43.75671,42.34777,-0.0012,1.41014,0.0
2025-09-28 01:40:00-07:00,2025-09-28 08:40:00+00:00,2025-09-28 01:45:00-07:00,2025-09-28 08:45:00+00:00,REAL_TIME_5_MIN,SCEW_2_PDRP89-APND,AP Node,41.71041,42.34777,0.0,-0.63736,0.0
2025-09-28 01:45:00-07:00,2025-09-28 08:45:00+00:00,2025-09-28 01:50:00-07:00,2025-09-28 08:50:00+00:00,REAL_TIME_5_MIN,ANAHEIM_6_N001,Node,40.9676,41.6422,0.0,-0.6746,0.0
2025-09-28 01:45:00-07:00,2025-09-28 08:45:00+00:00,2025-09-28 01:50:00-07:00,2025-09-28 08:50:00+00:00,REAL_TIME_5_MIN,MKT_SUB_LNODEONC,Node,43.00683,41.6422,-0.0012,1.36582,0.0
2025-09-28 01:45:00-07:00,2025-09-28 08:45:00+00:00,2025-09-28 01:50:00-07:00,2025-09-28 08:50:00+00:00,REAL_TIME_5_MIN,SCEW_2_PDRP89-APND,AP Node,41.02796,41.6422,0.0,-0.61425,0.0
2025-09-28 01:50:00-07:00,2025-09-28 08:50:00+00:00,2025-09-28 01:55:00-07:00,2025-09-28 08:55:00+00:00,REAL_TIME_5_MIN,ANAHEIM_6_N001,Node,40.40482,41.07015,0.0,-0.66534,0.0
2025-09-28 01:50:00-07:00,2025-09-28 08:50:00+00:00,2025-09-28 01:55:00-07:00,2025-09-28 08:55:00+00:00,REAL_TIME_5_MIN,MKT_SUB_LNODEONC,Node,42.41601,41.07015,-0.0012,1.34706,0.0
2025-09-28 01:50:00-07:00,2025-09-28 08:50:00+00:00,2025-09-28 01:55:00-07:00,2025-09-28 08:55:00+00:00,REAL_TIME_5_MIN,SCEW_2_PDRP89-APND,AP Node,40.46434,41.07015,0.0,-0.60581,0.0
2025-09-28 01:55:00-07:00,2025-09-28 08:55:00+00:00,2025-09-28 02:00:00-07:00,2025-09-28 09:00:00+00:00,REAL_TIME_5_MIN,ANAHEIM_6_N001,Node,40.37345,41.03827,0.0,-0.66482,0.0
2025-09-28 01:55:00-07:00,2025-09-28 08:55:00+00:00,2025-09-28 02:00:00-07:00,2025-09-28 09:00:00+00:00,REAL_TIME_5_MIN,MKT_SUB_LNODEONC,Node,42.38308,41.03827,-0.0012,1.34602,0.0
2025-09-28 01:55:00-07:00,2025-09-28 08:55:00+00:00,2025-09-28 02:00:00-07:00,2025-09-28 09:00:00+00:00,REAL_TIME_5_MIN,SCEW_2_PDRP89-APND,AP Node,40.43293,41.03827,0.0,-0.60534,0.0
2025-09-28 02:00:00-07:00,2025-09-28 09:00:00+00:00,2025-09-28 02:05:00-07:00,2025-09-28 09:05:00+00:00,REAL_TIME_5_MIN,ANAHEIM_6_N001,Node,42.93929,43.78432,0.0,-0.84504,0.0
2025-09-28 02:00:00-07:00,2025-09-28 09:00:00+00:00,2025-09-28 02:05:00-07:00,2025-09-28 09:05:00+00:00,REAL_TIME_5_MIN,MKT_SUB_LNODEONC,Node,45.14916,43.78432,-0.0012,1.36603,0.0
2025-09-28 02:00:00-07:00,2025-09-28 09:00:00+00:00,2025-09-28 02:05:00-07:00,2025-09-28 09:05:00+00:00,REAL_TIME_5_MIN,SCEW_2_PDRP89-APND,AP Node,42.99987,43.78432,0.0,-0.78445,0.0
2025-09-28 02:05:00-07:00,2025-09-28 09:05:00+00:00,2025-09-28 02:10:00-07:00,2025-09-28 09:10:00+00:00,REAL_TIME_5_MIN,ANAHEIM_6_N001,Node,43.32476,44.17738,0.0,-0.85262,0.0
2025-09-28 02:05:00-07:00,2025-09-28 09:05:00+00:00,2025-09-28 02:10:00-07:00,2025-09-28 09:10:00+00:00,REAL_TIME_5_MIN,MKT_SUB_LNODEONC,Node,45.55448,44.17738,-0.0012,1.3783,0.0
2025-09-28 02:05:00-07:00,2025-09-28 09:05:00+00:00,2025-09-28 02:10:00-07:00,2025-09-28 09:10:00+00:00,REAL_TIME_5_MIN,SCEW_2_PDRP89-APND,AP Node,43.38588,44.17738,0.0,-0.79149,0.0
2025-09-28 02:10:00-07:00,2025-09-28 09:10:00+00:00,2025-09-28 02:15:00-07:00,2025-09-28 09:15:00+00:00,REAL_TIME_5_MIN,ANAHEIM_6_N001,Node,43.01921,43.86582,0.0,-0.84661,0.0
2025-09-28 02:10:00-07:00,2025-09-28 09:10:00+00:00,2025-09-28 02:15:00-07:00,2025-09-28 09:15:00+00:00,REAL_TIME_5_MIN,MKT_SUB_LNODEONC,Node,45.23319,43.86582,-0.0012,1.36858,0.0
2025-09-28 02:10:00-07:00,2025-09-28 09:10:00+00:00,2025-09-28 02:15:00-07:00,2025-09-28 09:15:00+00:00,REAL_TIME_5_MIN,SCEW_2_PDRP89-APND,AP Node,43.0799,43.86582,0.0,-0.78591,0.0
2025-09-28 02:15:00-07:00,2025-09-28 09:15:00+00:00,2025-09-28 02:20:00-07:00,2025-09-28 09:20:00+00:00,REAL_TIME_5_MIN,ANAHEIM_6_N001,Node,42.90396,43.73047,0.0,-0.82651,0.0
2025-09-28 02:15:00-07:00,2025-09-28 09:15:00+00:00,2025-09-28 02:20:00-07:00,2025-09-28 09:20:00+00:00,REAL_TIME_5_MIN,MKT_SUB_LNODEONC,Node,45.09799,43.73047,-0.0012,1.36873,0.0
2025-09-28 02:15:00-07:00,2025-09-28 09:15:00+00:00,2025-09-28 02:20:00-07:00,2025-09-28 09:20:00+00:00,REAL_TIME_5_MIN,SCEW_2_PDRP89-APND,AP Node,42.96173,43.73047,0.0,-0.76874,0.0
2025-09-28 02:20:00-07:00,2025-09-28 09:20:00+00:00,2025-09-28 02:25:00-07:00,2025-09-28 09:25:00+00:00,REAL_TIME_5_MIN,ANAHEIM_6_N001,Node,42.90396,43.73047,0.0,-0.82651,0.0
2025-09-28 02:20:00-07:00,2025-09-28 09:20:00+00:00,2025-09-28 02:25:00-07:00,2025-09-28 09:25:00+00:00,REAL_TIME_5_MIN,MKT_SUB_LNODEONC,Node,45.09799,43.73047,-0.0012,1.36873,0.0
2025-09-28 02:20:00-07:00,2025-09-28 09:20:00+00:00,2025-09-28 02:25:00-07:00,2025-09-28 09:25:00+00:00,REAL_TIME_5_MIN,SCEW_2_PDRP89-APND,AP Node,42.96173,43.73047,0.0,-0.76874,0.0
2025-09-28 02:25:00-07:00,2025-09-28 09:25:00+00:00,2025-09-28 02:30:00-07:00,2025-09-28 09:30:00+00:00,REAL_TIME_5_MIN,ANAHEIM_6_N001,Node,42.12737,42.93892,0.0,-0.81155,0.0
2025-09-28 02:25:00-07:00,2025-09-28 09:25:00+00:00,2025-09-28 02:30:00-07:00,2025-09-28 09:30:00+00:00,REAL_TIME_5_MIN,MKT_SUB_LNODEONC,Node,44.28167,42.93892,-0.0012,1.34395,0.0
2025-09-28 02:25:00-07:00,2025-09-28 09:25:00+00:00,2025-09-28 02:30:00-07:00,2025-09-28 09:30:00+00:00,REAL_TIME_5_MIN,SCEW_2_PDRP89-APND,AP Node,42.1841,42.93892,0.0,-0.75482,0.0
2025-09-28 02:30:00-07:00,2025-09-28 09:30:00+00:00,2025-09-28 02:35:00-07:00,2025-09-28 09:35:00+00:00,REAL_TIME_5_MIN,ANAHEIM_6_N001,Node,43.29388,44.17292,0.0,-0.87904,0.0
2025-09-28 02:30:00-07:00,2025-09-28 09:30:00+00:00,2025-09-28 02:35:00-07:00,2025-09-28 09:35:00+00:00,REAL_TIME_5_MIN,MKT_SUB_LNODEONC,Node,45.57638,44.17292,-0.0012,1.40466,0.0
2025-09-28 02:30:00-07:00,2025-09-28 09:30:00+00:00,2025-09-28 02:35:00-07:00,2025-09-28 09:35:00+00:00,REAL_TIME_5_MIN,SCEW_2_PDRP89-APND,AP Node,43.34791,44.17292,0.0,-0.825,0.0
2025-09-28 02:35:00-07:00,2025-09-28 09:35:00+00:00,2025-09-28 02:40:00-07:00,2025-09-28 09:40:00+00:00,REAL_TIME_5_MIN,ANAHEIM_6_N001,Node,42.93712,43.80892,0.0,-0.8718,0.0
2025-09-28 02:35:00-07:00,2025-09-28 09:35:00+00:00,2025-09-28 02:40:00-07:00,2025-09-28 09:40:00+00:00,REAL_TIME_5_MIN,MKT_SUB_LNODEONC,Node,45.20081,43.80892,-0.0012,1.39309,0.0
2025-09-28 02:35:00-07:00,2025-09-28 09:35:00+00:00,2025-09-28 02:40:00-07:00,2025-09-28 09:40:00+00:00,REAL_TIME_5_MIN,SCEW_2_PDRP89-APND,AP Node,42.99071,43.80892,0.0,-0.8182,0.0
2025-09-28 02:40:00-07:00,2025-09-28 09:40:00+00:00,2025-09-28 02:45:00-07:00,2025-09-28 09:45:00+00:00,REAL_TIME_5_MIN,ANAHEIM_6_N001,Node,42.85186,43.72193,0.0,-0.87007,0.0
2025-09-28 02:40:00-07:00,2025-09-28 09:40:00+00:00,2025-09-28 02:45:00-07:00,2025-09-28 09:45:00+00:00,REAL_TIME_5_MIN,MKT_SUB_LNODEONC,Node,45.11105,43.72193,-0.0012,1.39032,0.0
2025-09-28 02:40:00-07:00,2025-09-28 09:40:00+00:00,2025-09-28 02:45:00-07:00,2025-09-28 09:45:00+00:00,REAL_TIME_5_MIN,SCEW_2_PDRP89-APND,AP Node,42.90535,43.72193,0.0,-0.81658,0.0
2025-09-28 02:45:00-07:00,2025-09-28 09:45:00+00:00,2025-09-28 02:50:00-07:00,2025-09-28 09:50:00+00:00,REAL_TIME_5_MIN,ANAHEIM_6_N001,Node,42.9036,43.81047,0.0,-0.90688,0.0
2025-09-28 02:45:00-07:00,2025-09-28 09:45:00+00:00,2025-09-28 02:50:00-07:00,2025-09-28 09:50:00+00:00,REAL_TIME_5_MIN,MKT_SUB_LNODEONC,Node,45.19803,43.81047,-0.0012,1.38875,0.0
2025-09-28 02:45:00-07:00,2025-09-28 09:45:00+00:00,2025-09-28 02:50:00-07:00,2025-09-28 09:50:00+00:00,REAL_TIME_5_MIN,SCEW_2_PDRP89-APND,AP Node,42.95861,43.81047,0.0,-0.85187,0.0
2025-09-28 02:50:00-07:00,2025-09-28 09:50:00+00:00,2025-09-28 02:55:00-07:00,2025-09-28 09:55:00+00:00,REAL_TIME_5_MIN,ANAHEIM_6_N001,Node,42.81271,43.71766,0.0,-0.90496,0.0
2025-09-28 02:50:00-07:00,2025-09-28 09:50:00+00:00,2025-09-28 02:55:00-07:00,2025-09-28 09:55:00+00:00,REAL_TIME_5_MIN,MKT_SUB_LNODEONC,Node,45.10227,43.71766,-0.0012,1.38581,0.0
2025-09-28 02:50:00-07:00,2025-09-28 09:50:00+00:00,2025-09-28 02:55:00-07:00,2025-09-28 09:55:00+00:00,REAL_TIME_5_MIN,SCEW_2_PDRP89-APND,AP Node,42.8676,43.71766,0.0,-0.85006,0.0
2025-09-28 02:55:00-07:00,2025-09-28 09:55:00+00:00,2025-09-28 03:00:00-07:00,2025-09-28 10:00:00+00:00,REAL_TIME_5_MIN,ANAHEIM_6_N001,Node,43.14314,44.05508,0.0,-0.91194,0.0
2025-09-28 02:55:00-07:00,2025-09-28 09:55:00+00:00,2025-09-28 03:00:00-07:00,2025-09-28 10:00:00+00:00,REAL_TIME_5_MIN,MKT_SUB_LNODEONC,Node,45.45039,44.05508,-0.0012,1.39651,0.0
2025-09-28 02:55:00-07:00,2025-09-28 09:55:00+00:00,2025-09-28 03:00:00-07:00,2025-09-28 10:00:00+00:00,REAL_TIME_5_MIN,SCEW_2_PDRP89-APND,AP Node,43.19846,44.05508,0.0,-0.85662,0.0
2025-09-28 03:00:00-07:00,2025-09-28 10:00:00+00:00,2025-09-28 03:05:00-07:00,2025-09-28 10:05:00+00:00,REAL_TIME_5_MIN,ANAHEIM_6_N001,Node,44.10034,44.97282,0.0,-0.87247,0.0
2025-09-28 03:00:00-07:00,2025-09-28 10:00:00+00:00,2025-09-28 03:05:00-07:00,2025-09-28 10:05:00+00:00,REAL_TIME_5_MIN,MKT_SUB_LNODEONC,Node,46.39272,44.97282,-0.0012,1.4211,0.0
2025-09-28 03:00:00-07:00,2025-09-28 10:00:00+00:00,2025-09-28 03:05:00-07:00,2025-09-28 10:05:00+00:00,REAL_TIME_5_MIN,SCEW_2_PDRP89-APND,AP Node,44.16122,44.97282,0.0,-0.8116,0.0
2025-09-28 03:05:00-07:00,2025-09-28 10:05:00+00:00,2025-09-28 03:10:00-07:00,2025-09-28 10:10:00+00:00,REAL_TIME_5_MIN,ANAHEIM_6_N001,Node,43.91433,44.78313,0.0,-0.86879,0.0
2025-09-28 03:05:00-07:00,2025-09-28 10:05:00+00:00,2025-09-28 03:10:00-07:00,2025-09-28 10:10:00+00:00,REAL_TIME_5_MIN,MKT_SUB_LNODEONC,Node,46.19703,44.78313,-0.0012,1.41511,0.0
2025-09-28 03:05:00-07:00,2025-09-28 10:05:00+00:00,2025-09-28 03:10:00-07:00,2025-09-28 10:10:00+00:00,REAL_TIME_5_MIN,SCEW_2_PDRP89-APND,AP Node,43.97495,44.78313,0.0,-0.80818,0.0
2025-09-28 03:10:00-07:00,2025-09-28 10:10:00+00:00,2025-09-28 03:15:00-07:00,2025-09-28 10:15:00+00:00,REAL_TIME_5_MIN,ANAHEIM_6_N001,Node,42.57609,43.41841,0.0,-0.84232,0.0
2025-09-28 03:10:00-07:00,2025-09-28 10:10:00+00:00,2025-09-28 03:15:00-07:00,2025-09-28 10:15:00+00:00,REAL_TIME_5_MIN,MKT_SUB_LNODEONC,Node,44.7892,43.41841,-0.0012,1.37198,0.0
2025-09-28 03:10:00-07:00,2025-09-28 10:10:00+00:00,2025-09-28 03:15:00-07:00,2025-09-28 10:15:00+00:00,REAL_TIME_5_MIN,SCEW_2_PDRP89-APND,AP Node,42.63486,43.41841,0.0,-0.78355,0.0
2025-09-28 03:15:00-07:00,2025-09-28 10:15:00+00:00,2025-09-28 03:20:00-07:00,2025-09-28 10:20:00+00:00,REAL_TIME_5_MIN,ANAHEIM_6_N001,Node,42.88148,43.76554,0.0,-0.88406,0.0
2025-09-28 03:15:00-07:00,2025-09-28 10:15:00+00:00,2025-09-28 03:20:00-07:00,2025-09-28 10:20:00+00:00,REAL_TIME_5_MIN,MKT_SUB_LNODEONC,Node,45.13417,43.76554,-0.0012,1.36982,0.0
2025-09-28 03:15:00-07:00,2025-09-28 10:15:00+00:00,2025-09-28 03:20:00-07:00,2025-09-28 10:20:00+00:00,REAL_TIME_5_MIN,SCEW_2_PDRP89-APND,AP Node,42.93644,43.76554,0.0,-0.8291,0.0
2025-09-28 03:20:00-07:00,2025-09-28 10:20:00+00:00,2025-09-28 03:25:00-07:00,2025-09-28 10:25:00+00:00,REAL_TIME_5_MIN,ANAHEIM_6_N001,Node,41.50578,42.36148,0.0,-0.8557,0.0
2025-09-28 03:20:00-07:00,2025-09-28 10:20:00+00:00,2025-09-28 03:25:00-07:00,2025-09-28 10:25:00+00:00,REAL_TIME_5_MIN,MKT_SUB_LNODEONC,Node,43.68616,42.36148,-0.0012,1.32588,0.0
2025-09-28 03:20:00-07:00,2025-09-28 10:20:00+00:00,2025-09-28 03:25:00-07:00,2025-09-28 10:25:00+00:00,REAL_TIME_5_MIN,SCEW_2_PDRP89-APND,AP Node,41.55898,42.36148,0.0,-0.8025,0.0
2025-09-28 03:25:00-07:00,2025-09-28 10:25:00+00:00,2025-09-28 03:30:00-07:00,2025-09-28 10:30:00+00:00,REAL_TIME_5_MIN,ANAHEIM_6_N001,Node,41.17767,42.0266,0.0,-0.84894,0.0
2025-09-28 03:25:00-07:00,2025-09-28 10:25:00+00:00,2025-09-28 03:30:00-07:00,2025-09-28 10:30:00+00:00,REAL_TIME_5_MIN,MKT_SUB_LNODEONC,Node,43.3408,42.0266,-0.0012,1.3154,0.0
2025-09-28 03:25:00-07:00,2025-09-28 10:25:00+00:00,2025-09-28 03:30:00-07:00,2025-09-28 10:30:00+00:00,REAL_TIME_5_MIN,SCEW_2_PDRP89-APND,AP Node,41.23044,42.0266,0.0,-0.79616,0.0
2025-09-28 03:30:00-07:00,2025-09-28 10:30:00+00:00,2025-09-28 03:35:00-07:00,2025-09-28 10:35:00+00:00,REAL_TIME_5_MIN,ANAHEIM_6_N001,Node,41.18744,42.11826,0.0,-0.93081,0.0
2025-09-28 03:30:00-07:00,2025-09-28 10:30:00+00:00,2025-09-28 03:35:00-07:00,2025-09-28 10:35:00+00:00,REAL_TIME_5_MIN,MKT_SUB_LNODEONC,Node,43.40584,42.11826,-0.0012,1.28878,0.0
2025-09-28 03:30:00-07:00,2025-09-28 10:30:00+00:00,2025-09-28 03:35:00-07:00,2025-09-28 10:35:00+00:00,REAL_TIME_5_MIN,SCEW_2_PDRP89-APND,AP Node,41.23896,42.11826,0.0,-0.8793,0.0
2025-09-28 03:35:00-07:00,2025-09-28 10:35:00+00:00,2025-09-28 03:40:00-07:00,2025-09-28 10:40:00+00:00,REAL_TIME_5_MIN,ANAHEIM_6_N001,Node,41.27774,42.2106,0.0,-0.93285,0.0
2025-09-28 03:35:00-07:00,2025-09-28 10:35:00+00:00,2025-09-28 03:40:00-07:00,2025-09-28 10:40:00+00:00,REAL_TIME_5_MIN,MKT_SUB_LNODEONC,Node,43.501,42.2106,-0.0012,1.29161,0.0
2025-09-28 03:35:00-07:00,2025-09-28 10:35:00+00:00,2025-09-28 03:40:00-07:00,2025-09-28 10:40:00+00:00,REAL_TIME_5_MIN,SCEW_2_PDRP89-APND,AP Node,41.32937,42.2106,0.0,-0.88123,0.0
2025-09-28 03:40:00-07:00,2025-09-28 10:40:00+00:00,2025-09-28 03:45:00-07:00,2025-09-28 10:45:00+00:00,REAL_TIME_5_MIN,ANAHEIM_6_N001,Node,41.90075,42.84768,0.0,-0.94693,0.0
2025-09-28 03:40:00-07:00,2025-09-28 10:40:00+00:00,2025-09-28 03:45:00-07:00,2025-09-28 10:45:00+00:00,REAL_TIME_5_MIN,MKT_SUB_LNODEONC,Node,44.15758,42.84768,-0.0012,1.3111,0.0
2025-09-28 03:40:00-07:00,2025-09-28 10:40:00+00:00,2025-09-28 03:45:00-07:00,2025-09-28 10:45:00+00:00,REAL_TIME_5_MIN,SCEW_2_PDRP89-APND,AP Node,41.95315,42.84768,0.0,-0.89453,0.0
2025-09-28 03:45:00-07:00,2025-09-28 10:45:00+00:00,2025-09-28 03:50:00-07:00,2025-09-28 10:50:00+00:00,REAL_TIME_5_MIN,ANAHEIM_6_N001,Node,42.03645,42.92062,0.0,-0.88416,0.0
2025-09-28 03:45:00-07:00,2025-09-28 10:45:00+00:00,2025-09-28 03:50:00-07:00,2025-09-28 10:50:00+00:00,REAL_TIME_5_MIN,MKT_SUB_LNODEONC,Node,44.12116,42.92062,-0.0012,1.20174,0.0
2025-09-28 03:45:00-07:00,2025-09-28 10:45:00+00:00,2025-09-28 03:50:00-07:00,2025-09-28 10:50:00+00:00,REAL_TIME_5_MIN,SCEW_2_PDRP89-APND,AP Node,42.08755,42.92062,0.0,-0.83306,0.0
2025-09-28 03:50:00-07:00,2025-09-28 10:50:00+00:00,2025-09-28 03:55:00-07:00,2025-09-28 10:55:00+00:00,REAL_TIME_5_MIN,ANAHEIM_6_N001,Node,42.02009,42.90392,0.0,-0.88382,0.0
2025-09-28 03:50:00-07:00,2025-09-28 10:50:00+00:00,2025-09-28 03:55:00-07:00,2025-09-28 10:55:00+00:00,REAL_TIME_5_MIN,MKT_SUB_LNODEONC,Node,44.10399,42.90392,-0.0012,1.20128,0.0
2025-09-28 03:50:00-07:00,2025-09-28 10:50:00+00:00,2025-09-28 03:55:00-07:00,2025-09-28 10:55:00+00:00,REAL_TIME_5_MIN,SCEW_2_PDRP89-APND,AP Node,42.07118,42.90392,0.0,-0.83274,0.0
2025-09-28 03:55:00-07:00,2025-09-28 10:55:00+00:00,2025-09-28 04:00:00-07:00,2025-09-28 11:00:00+00:00,REAL_TIME_5_MIN,ANAHEIM_6_N001,Node,41.73539,42.61322,0.0,-0.87783,0.0
2025-09-28 03:55:00-07:00,2025-09-28 10:55:00+00:00,2025-09-28 04:00:00-07:00,2025-09-28 11:00:00+00:00,REAL_TIME_5_MIN,MKT_SUB_LNODEONC,Node,43.80516,42.61322,-0.0012,1.19314,0.0
2025-09-28 03:55:00-07:00,2025-09-28 10:55:00+00:00,2025-09-28 04:00:00-07:00,2025-09-28 11:00:00+00:00,REAL_TIME_5_MIN,SCEW_2_PDRP89-APND,AP Node,41.78613,42.61322,0.0,-0.8271,0.0
2025-09-28 04:00:00-07:00,2025-09-28 11:00:00+00:00,2025-09-28 04:05:00-07:00,2025-09-28 11:05:00+00:00,REAL_TIME_5_MIN,ANAHEIM_6_N001,Node,40.07724,40.89931,0.0,-0.82208,0.0
2025-09-28 04:00:00-07:00,2025-09-28 11:00:00+00:00,2025-09-28 04:05:00-07:00,2025-09-28 11:05:00+00:00,REAL_TIME_5_MIN,MKT_SUB_LNODEONC,Node,42.08007,40.89931,-0.0012,1.18196,0.0
2025-09-28 04:00:00-07:00,2025-09-28 11:00:00+00:00,2025-09-28 04:05:00-07:00,2025-09-28 11:05:00+00:00,REAL_TIME_5_MIN,SCEW_2_PDRP89-APND,AP Node,40.12594,40.89931,0.0,-0.77338,0.0
2025-09-28 04:05:00-07:00,2025-09-28 11:05:00+00:00,2025-09-28 04:10:00-07:00,2025-09-28 11:10:00+00:00,REAL_TIME_5_MIN,ANAHEIM_6_N001,Node,39.97838,40.79842,0.0,-0.82005,0.0
2025-09-28 04:05:00-07:00,2025-09-28 11:05:00+00:00,2025-09-28 04:10:00-07:00,2025-09-28 11:10:00+00:00,REAL_TIME_5_MIN,MKT_SUB_LNODEONC,Node,41.97626,40.79842,-0.0012,1.17904,0.0
2025-09-28 04:05:00-07:00,2025-09-28 11:05:00+00:00,2025-09-28 04:10:00-07:00,2025-09-28 11:10:00+00:00,REAL_TIME_5_MIN,SCEW_2_PDRP89-APND,AP Node,40.02695,40.79842,0.0,-0.77147,0.0
2025-09-28 04:10:00-07:00,2025-09-28 11:10:00+00:00,2025-09-28 04:15:00-07:00,2025-09-28 11:15:00+00:00,REAL_TIME_5_MIN,ANAHEIM_6_N001,Node,39.12763,39.93023,0.0,-0.8026,0.0
2025-09-28 04:10:00-07:00,2025-09-28 11:10:00+00:00,2025-09-28 04:15:00-07:00,2025-09-28 11:15:00+00:00,REAL_TIME_5_MIN,MKT_SUB_LNODEONC,Node,41.08298,39.93023,-0.0012,1.15395,0.0
2025-09-28 04:10:00-07:00,2025-09-28 11:10:00+00:00,2025-09-28 04:15:00-07:00,2025-09-28 11:15:00+00:00,REAL_TIME_5_MIN,SCEW_2_PDRP89-APND,AP Node,39.17518,39.93023,0.0,-0.75505,0.0
2025-09-28 04:15:00-07:00,2025-09-28 11:15:00+00:00,2025-09-28 04:20:00-07:00,2025-09-28 11:20:00+00:00,REAL_TIME_5_MIN,ANAHEIM_6_N001,Node,38.86263,39.6517,0.0,-0.78907,0.0
2025-09-28 04:15:00-07:00,2025-09-28 11:15:00+00:00,2025-09-28 04:20:00-07:00,2025-09-28 11:20:00+00:00,REAL_TIME_5_MIN,MKT_SUB_LNODEONC,Node,40.7964,39.6517,-0.0012,1.1459,0.0
2025-09-28 04:15:00-07:00,2025-09-28 11:15:00+00:00,2025-09-28 04:20:00-07:00,2025-09-28 11:20:00+00:00,REAL_TIME_5_MIN,SCEW_2_PDRP89-APND,AP Node,38.90597,39.6517,0.0,-0.74573,0.0
2025-09-28 04:20:00-07:00,2025-09-28 11:20:00+00:00,2025-09-28 04:25:00-07:00,2025-09-28 11:25:00+00:00,REAL_TIME_5_MIN,ANAHEIM_6_N001,Node,38.43489,39.21528,0.0,-0.78038,0.0
2025-09-28 04:20:00-07:00,2025-09-28 11:20:00+00:00,2025-09-28 04:25:00-07:00,2025-09-28 11:25:00+00:00,REAL_TIME_5_MIN,MKT_SUB_LNODEONC,Node,40.34736,39.21528,-0.0012,1.13329,0.0
2025-09-28 04:20:00-07:00,2025-09-28 11:20:00+00:00,2025-09-28 04:25:00-07:00,2025-09-28 11:25:00+00:00,REAL_TIME_5_MIN,SCEW_2_PDRP89-APND,AP Node,38.47776,39.21528,0.0,-0.73752,0.0
2025-09-28 04:25:00-07:00,2025-09-28 11:25:00+00:00,2025-09-28 04:30:00-07:00,2025-09-28 11:30:00+00:00,REAL_TIME_5_MIN,ANAHEIM_6_N001,Node,38.092,38.86542,0.0,-0.77342,0.0
2025-09-28 04:25:00-07:00,2025-09-28 11:25:00+00:00,2025-09-28 04:30:00-07:00,2025-09-28 11:30:00+00:00,REAL_TIME_5_MIN,MKT_SUB_LNODEONC,Node,39.9874,38.86542,-0.0012,1.12318,0.0
2025-09-28 04:25:00-07:00,2025-09-28 11:25:00+00:00,2025-09-28 04:30:00-07:00,2025-09-28 11:30:00+00:00,REAL_TIME_5_MIN,SCEW_2_PDRP89-APND,AP Node,38.13448,38.86542,0.0,-0.73094,0.0
2025-09-28 04:30:00-07:00,2025-09-28 11:30:00+00:00,2025-09-28 04:35:00-07:00,2025-09-28 11:35:00+00:00,REAL_TIME_5_MIN,ANAHEIM_6_N001,Node,38.36005,39.08707,0.0,-0.72702,0.0
2025-09-28 04:30:00-07:00,2025-09-28 11:30:00+00:00,2025-09-28 04:35:00-07:00,2025-09-28 11:35:00+00:00,REAL_TIME_5_MIN,MKT_SUB_LNODEONC,Node,40.15682,39.08707,-0.0012,1.07095,0.0
2025-09-28 04:30:00-07:00,2025-09-28 11:30:00+00:00,2025-09-28 04:35:00-07:00,2025-09-28 11:35:00+00:00,REAL_TIME_5_MIN,SCEW_2_PDRP89-APND,AP Node,38.41542,39.08707,0.0,-0.67165,0.0
2025-09-28 04:35:00-07:00,2025-09-28 11:35:00+00:00,2025-09-28 04:40:00-07:00,2025-09-28 11:40:00+00:00,REAL_TIME_5_MIN,ANAHEIM_6_N001,Node,38.70338,39.4369,0.0,-0.73353,0.0
2025-09-28 04:35:00-07:00,2025-09-28 11:35:00+00:00,2025-09-28 04:40:00-07:00,2025-09-28 11:40:00+00:00,REAL_TIME_5_MIN,MKT_SUB_LNODEONC,Node,40.51624,39.4369,-0.0012,1.08054,0.0
2025-09-28 04:35:00-07:00,2025-09-28 11:35:00+00:00,2025-09-28 04:40:00-07:00,2025-09-28 11:40:00+00:00,REAL_TIME_5_MIN,SCEW_2_PDRP89-APND,AP Node,38.75924,39.4369,0.0,-0.67766,0.0
2025-09-28 04:40:00-07:00,2025-09-28 11:40:00+00:00,2025-09-28 04:45:00-07:00,2025-09-28 11:45:00+00:00,REAL_TIME_5_MIN,ANAHEIM_6_N001,Node,38.49201,39.22153,0.0,-0.72952,0.0
2025-09-28 04:40:00-07:00,2025-09-28 11:40:00+00:00,2025-09-28 04:45:00-07:00,2025-09-28 11:45:00+00:00,REAL_TIME_5_MIN,MKT_SUB_LNODEONC,Node,40.29496,39.22153,-0.0012,1.07464,0.0
2025-09-28 04:40:00-07:00,2025-09-28 11:40:00+00:00,2025-09-28 04:45:00-07:00,2025-09-28 11:45:00+00:00,REAL_TIME_5_MIN,SCEW_2_PDRP89-APND,AP Node,38.54756,39.22153,0.0,-0.67396,0.0
2025-09-28 04:45:00-07:00,2025-09-28 11:45:00+00:00,2025-09-28 04:50:00-07:00,2025-09-28 11:50:00+00:00,REAL_TIME_5_MIN,ANAHEIM_6_N001,Node,38.60167,39.32926,0.0,-0.72759,0.0
2025-09-28 04:45:00-07:00,2025-09-28 11:45:00+00:00,2025-09-28 04:50:00-07:00,2025-09-28 11:50:00+00:00,REAL_TIME_5_MIN,MKT_SUB_LNODEONC,Node,40.34272,39.32926,-0.0012,1.01466,0.0
2025-09-28 04:45:00-07:00,2025-09-28 11:45:00+00:00,2025-09-28 04:50:00-07:00,2025-09-28 11:50:00+00:00,REAL_TIME_5_MIN,SCEW_2_PDRP89-APND,AP Node,38.66259,39.32926,0.0,-0.66666,0.0
2025-09-28 04:50:00-07:00,2025-09-28 11:50:00+00:00,2025-09-28 04:55:00-07:00,2025-09-28 11:55:00+00:00,REAL_TIME_5_MIN,ANAHEIM_6_N001,Node,38.86634,39.59892,0.0,-0.73258,0.0
2025-09-28 04:50:00-07:00,2025-09-28 11:50:00+00:00,2025-09-28 04:55:00-07:00,2025-09-28 11:55:00+00:00,REAL_TIME_5_MIN,MKT_SUB_LNODEONC,Node,40.61934,39.59892,-0.0012,1.02162,0.0
2025-09-28 04:50:00-07:00,2025-09-28 11:50:00+00:00,2025-09-28 04:55:00-07:00,2025-09-28 11:55:00+00:00,REAL_TIME_5_MIN,SCEW_2_PDRP89-APND,AP Node,38.92768,39.59892,0.0,-0.67123,0.0
2025-09-28 04:55:00-07:00,2025-09-28 11:55:00+00:00,2025-09-28 05:00:00-07:00,2025-09-28 12:00:00+00:00,REAL_TIME_5_MIN,ANAHEIM_6_N001,Node,39.66166,40.40923,0.0,-0.74757,0.0
2025-09-28 04:55:00-07:00,2025-09-28 11:55:00+00:00,2025-09-28 05:00:00-07:00,2025-09-28 12:00:00+00:00,REAL_TIME_5_MIN,MKT_SUB_LNODEONC,Node,41.45056,40.40923,-0.0012,1.04253,0.0
2025-09-28 04:55:00-07:00,2025-09-28 11:55:00+00:00,2025-09-28 05:00:00-07:00,2025-09-28 12:00:00+00:00,REAL_TIME_5_MIN,SCEW_2_PDRP89-APND,AP Node,39.72426,40.40923,0.0,-0.68497,0.0
2025-09-28 05:00:00-07:00,2025-09-28 12:00:00+00:00,2025-09-28 05:05:00-07:00,2025-09-28 12:05:00+00:00,REAL_TIME_5_MIN,ANAHEIM_6_N001,Node,44.26758,45.26337,0.0,-0.99579,0.0
2025-09-28 05:00:00-07:00,2025-09-28 12:00:00+00:00,2025-09-28 05:05:00-07:00,2025-09-28 12:05:00+00:00,REAL_TIME_5_MIN,MKT_SUB_LNODEONC,Node,46.52952,45.26337,-0.0012,1.26734,0.0
2025-09-28 05:00:00-07:00,2025-09-28 12:00:00+00:00,2025-09-28 05:05:00-07:00,2025-09-28 12:05:00+00:00,REAL_TIME_5_MIN,SCEW_2_PDRP89-APND,AP Node,44.31263,45.26337,0.0,-0.95075,0.0
2025-09-28 05:05:00-07:00,2025-09-28 12:05:00+00:00,2025-09-28 05:10:00-07:00,2025-09-28 12:10:00+00:00,REAL_TIME_5_MIN,ANAHEIM_6_N001,Node,40.81487,41.733,0.0,-0.91813,0.0
2025-09-28 05:05:00-07:00,2025-09-28 12:05:00+00:00,2025-09-28 05:10:00-07:00,2025-09-28 12:10:00+00:00,REAL_TIME_5_MIN,MKT_SUB_LNODEONC,Node,42.90029,41.733,-0.0012,1.16849,0.0
2025-09-28 05:05:00-07:00,2025-09-28 12:05:00+00:00,2025-09-28 05:10:00-07:00,2025-09-28 12:10:00+00:00,REAL_TIME_5_MIN,SCEW_2_PDRP89-APND,AP Node,40.85641,41.733,0.0,-0.87659,0.0
2025-09-28 05:10:00-07:00,2025-09-28 12:10:00+00:00,2025-09-28 05:15:00-07:00,2025-09-28 12:15:00+00:00,REAL_TIME_5_MIN,ANAHEIM_6_N001,Node,40.41481,41.32394,0.0,-0.90913,0.0
2025-09-28 05:10:00-07:00,2025-09-28 12:10:00+00:00,2025-09-28 05:15:00-07:00,2025-09-28 12:15:00+00:00,REAL_TIME_5_MIN,MKT_SUB_LNODEONC,Node,42.47977,41.32394,-0.0012,1.15704,0.0
2025-09-28 05:10:00-07:00,2025-09-28 12:10:00+00:00,2025-09-28 05:15:00-07:00,2025-09-28 12:15:00+00:00,REAL_TIME_5_MIN,SCEW_2_PDRP89-APND,AP Node,40.45593,41.32394,0.0,-0.868,0.0
2025-09-28 05:15:00-07:00,2025-09-28 12:15:00+00:00,2025-09-28 05:20:00-07:00,2025-09-28 12:20:00+00:00,REAL_TIME_5_MIN,ANAHEIM_6_N001,Node,40.75329,41.67003,0.0,-0.91674,0.0
2025-09-28 05:15:00-07:00,2025-09-28 12:15:00+00:00,2025-09-28 05:20:00-07:00,2025-09-28 12:20:00+00:00,REAL_TIME_5_MIN,MKT_SUB_LNODEONC,Node,42.84389,41.67003,-0.0012,1.17506,0.0
2025-09-28 05:15:00-07:00,2025-09-28 12:15:00+00:00,2025-09-28 05:20:00-07:00,2025-09-28 12:20:00+00:00,REAL_TIME_5_MIN,SCEW_2_PDRP89-APND,AP Node,40.79757,41.67003,0.0,-0.87246,0.0
2025-09-28 05:20:00-07:00,2025-09-28 12:20:00+00:00,2025-09-28 05:25:00-07:00,2025-09-28 12:25:00+00:00,REAL_TIME_5_MIN,ANAHEIM_6_N001,Node,40.86388,41.78311,0.0,-0.91923,0.0
2025-09-28 05:20:00-07:00,2025-09-28 12:20:00+00:00,2025-09-28 05:25:00-07:00,2025-09-28 12:25:00+00:00,REAL_TIME_5_MIN,MKT_SUB_LNODEONC,Node,42.96015,41.78311,-0.0012,1.17825,0.0
2025-09-28 05:20:00-07:00,2025-09-28 12:20:00+00:00,2025-09-28 05:25:00-07:00,2025-09-28 12:25:00+00:00,REAL_TIME_5_MIN,SCEW_2_PDRP89-APND,AP Node,40.90828,41.78311,0.0,-0.87483,0.0
2025-09-28 05:25:00-07:00,2025-09-28 12:25:00+00:00,2025-09-28 05:30:00-07:00,2025-09-28 12:30:00+00:00,REAL_TIME_5_MIN,ANAHEIM_6_N001,Node,40.73334,41.64963,0.0,-0.91629,0.0
2025-09-28 05:25:00-07:00,2025-09-28 12:25:00+00:00,2025-09-28 05:30:00-07:00,2025-09-28 12:30:00+00:00,REAL_TIME_5_MIN,MKT_SUB_LNODEONC,Node,42.82292,41.64963,-0.0012,1.17449,0.0
2025-09-28 05:25:00-07:00,2025-09-28 12:25:00+00:00,2025-09-28 05:30:00-07:00,2025-09-28 12:30:00+00:00,REAL_TIME_5_MIN,SCEW_2_PDRP89-APND,AP Node,40.7776,41.64963,0.0,-0.87203,0.0
2025-09-28 05:30:00-07:00,2025-09-28 12:30:00+00:00,2025-09-28 05:35:00-07:00,2025-09-28 12:35:00+00:00,REAL_TIME_5_MIN,ANAHEIM_6_N001,Node,40.70267,41.72921,0.0,-1.02654,0.0
2025-09-28 05:30:00-07:00,2025-09-28 12:30:00+00:00,2025-09-28 05:35:00-07:00,2025-09-28 12:35:00+00:00,REAL_TIME_5_MIN,MKT_SUB_LNODEONC,Node,42.97567,41.72921,-0.0012,1.24767,0.0
2025-09-28 05:30:00-07:00,2025-09-28 12:30:00+00:00,2025-09-28 05:35:00-07:00,2025-09-28 12:35:00+00:00,REAL_TIME_5_MIN,SCEW_2_PDRP89-APND,AP Node,40.74691,41.72921,0.0,-0.9823,0.0
2025-09-28 05:35:00-07:00,2025-09-28 12:35:00+00:00,2025-09-28 05:40:00-07:00,2025-09-28 12:40:00+00:00,REAL_TIME_5_MIN,ANAHEIM_6_N001,Node,41.05264,42.08801,0.0,-1.03536,0.0
2025-09-28 05:35:00-07:00,2025-09-28 12:35:00+00:00,2025-09-28 05:40:00-07:00,2025-09-28 12:40:00+00:00,REAL_TIME_5_MIN,MKT_SUB_LNODEONC,Node,43.3452,42.08801,-0.0012,1.2584,0.0
2025-09-28 05:35:00-07:00,2025-09-28 12:35:00+00:00,2025-09-28 05:40:00-07:00,2025-09-28 12:40:00+00:00,REAL_TIME_5_MIN,SCEW_2_PDRP89-APND,AP Node,41.09726,42.08801,0.0,-0.99074,0.0
2025-09-28 05:40:00-07:00,2025-09-28 12:40:00+00:00,2025-09-28 05:45:00-07:00,2025-09-28 12:45:00+00:00,REAL_TIME_5_MIN,ANAHEIM_6_N001,Node,40.97104,42.00435,0.0,-1.03331,0.0
2025-09-28 05:40:00-07:00,2025-09-28 12:40:00+00:00,2025-09-28 05:45:00-07:00,2025-09-28 12:45:00+00:00,REAL_TIME_5_MIN,MKT_SUB_LNODEONC,Node,43.25904,42.00435,-0.0012,1.25589,0.0
2025-09-28 05:40:00-07:00,2025-09-28 12:40:00+00:00,2025-09-28 05:45:00-07:00,2025-09-28 12:45:00+00:00,REAL_TIME_5_MIN,SCEW_2_PDRP89-APND,AP Node,41.01557,42.00435,0.0,-0.98878,0.0
2025-09-28 05:45:00-07:00,2025-09-28 12:45:00+00:00,2025-09-28 05:50:00-07:00,2025-09-28 12:50:00+00:00,REAL_TIME_5_MIN,ANAHEIM_6_N001,Node,41.21014,42.25381,0.0,-1.04367,0.0
2025-09-28 05:45:00-07:00,2025-09-28 12:45:00+00:00,2025-09-28 05:50:00-07:00,2025-09-28 12:50:00+00:00,REAL_TIME_5_MIN,MKT_SUB_LNODEONC,Node,43.51596,42.25381,-0.0012,1.26335,0.0
2025-09-28 05:45:00-07:00,2025-09-28 12:45:00+00:00,2025-09-28 05:50:00-07:00,2025-09-28 12:50:00+00:00,REAL_TIME_5_MIN,SCEW_2_PDRP89-APND,AP Node,41.25493,42.25381,0.0,-0.99887,0.0
2025-09-28 05:50:00-07:00,2025-09-28 12:50:00+00:00,2025-09-28 05:55:00-07:00,2025-09-28 12:55:00+00:00,REAL_TIME_5_MIN,ANAHEIM_6_N001,Node,41.78435,42.84256,0.0,-1.05821,0.0
2025-09-28 05:50:00-07:00,2025-09-28 12:50:00+00:00,2025-09-28 05:55:00-07:00,2025-09-28 12:55:00+00:00,REAL_TIME_5_MIN,MKT_SUB_LNODEONC,Node,44.12232,42.84256,-0.0012,1.28096,0.0
2025-09-28 05:50:00-07:00,2025-09-28 12:50:00+00:00,2025-09-28 05:55:00-07:00,2025-09-28 12:55:00+00:00,REAL_TIME_5_MIN,SCEW_2_PDRP89-APND,AP Node,41.82977,42.84256,0.0,-1.01279,0.0
2025-09-28 05:55:00-07:00,2025-09-28 12:55:00+00:00,2025-09-28 06:00:00-07:00,2025-09-28 13:00:00+00:00,REAL_TIME_5_MIN,ANAHEIM_6_N001,Node,42.00921,43.07311,0.0,-1.06391,0.0
2025-09-28 05:55:00-07:00,2025-09-28 12:55:00+00:00,2025-09-28 06:00:00-07:00,2025-09-28 13:00:00+00:00,REAL_TIME_5_MIN,MKT_SUB_LNODEONC,Node,44.35976,43.07311,-0.0012,1.28785,0.0
2025-09-28 05:55:00-07:00,2025-09-28 12:55:00+00:00,2025-09-28 06:00:00-07:00,2025-09-28 13:00:00+00:00,REAL_TIME_5_MIN,SCEW_2_PDRP89-APND,AP Node,42.05487,43.07311,0.0,-1.01824,0.0
2025-09-28 06:00:00-07:00,2025-09-28 13:00:00+00:00,2025-09-28 06:05:00-07:00,2025-09-28 13:05:00+00:00,REAL_TIME_5_MIN,ANAHEIM_6_N001,Node,41.09331,42.11243,0.0,-1.01912,0.0
2025-09-28 06:00:00-07:00,2025-09-28 13:00:00+00:00,2025-09-28 06:05:00-07:00,2025-09-28 13:05:00+00:00,REAL_TIME_5_MIN,MKT_SUB_LNODEONC,Node,43.47142,42.11243,-0.0012,1.36019,0.0
2025-09-28 06:00:00-07:00,2025-09-28 13:00:00+00:00,2025-09-28 06:05:00-07:00,2025-09-28 13:05:00+00:00,REAL_TIME_5_MIN,SCEW_2_PDRP89-APND,AP Node,41.15578,42.11243,0.0,-0.95664,0.0
2025-09-28 06:05:00-07:00,2025-09-28 13:05:00+00:00,2025-09-28 06:10:00-07:00,2025-09-28 13:10:00+00:00,REAL_TIME_5_MIN,ANAHEIM_6_N001,Node,41.47024,42.49871,0.0,-1.02847,0.0
2025-09-28 06:05:00-07:00,2025-09-28 13:05:00+00:00,2025-09-28 06:10:00-07:00,2025-09-28 13:10:00+00:00,REAL_TIME_5_MIN,MKT_SUB_LNODEONC,Node,43.87018,42.49871,-0.0012,1.37267,0.0
2025-09-28 06:05:00-07:00,2025-09-28 13:05:00+00:00,2025-09-28 06:10:00-07:00,2025-09-28 13:10:00+00:00,REAL_TIME_5_MIN,SCEW_2_PDRP89-APND,AP Node,41.53329,42.49871,0.0,-0.96542,0.0
2025-09-28 06:10:00-07:00,2025-09-28 13:10:00+00:00,2025-09-28 06:15:00-07:00,2025-09-28 13:15:00+00:00,REAL_TIME_5_MIN,ANAHEIM_6_N001,Node,41.90274,42.94194,0.0,-1.03919,0.0
2025-09-28 06:10:00-07:00,2025-09-28 13:10:00+00:00,2025-09-28 06:15:00-07:00,2025-09-28 13:15:00+00:00,REAL_TIME_5_MIN,MKT_SUB_LNODEONC,Node,44.32772,42.94194,-0.0012,1.38699,0.0
2025-09-28 06:10:00-07:00,2025-09-28 13:10:00+00:00,2025-09-28 06:15:00-07:00,2025-09-28 13:15:00+00:00,REAL_TIME_5_MIN,SCEW_2_PDRP89-APND,AP Node,41.96645,42.94194,0.0,-0.97548,0.0
2025-09-28 06:15:00-07:00,2025-09-28 13:15:00+00:00,2025-09-28 06:20:00-07:00,2025-09-28 13:20:00+00:00,REAL_TIME_5_MIN,ANAHEIM_6_N001,Node,41.2147,42.24549,0.0,-1.03079,0.0
2025-09-28 06:15:00-07:00,2025-09-28 13:15:00+00:00,2025-09-28 06:20:00-07:00,2025-09-28 13:20:00+00:00,REAL_TIME_5_MIN,MKT_SUB_LNODEONC,Node,43.75664,42.24549,-0.0012,1.51235,0.0
2025-09-28 06:15:00-07:00,2025-09-28 13:15:00+00:00,2025-09-28 06:20:00-07:00,2025-09-28 13:20:00+00:00,REAL_TIME_5_MIN,SCEW_2_PDRP89-APND,AP Node,41.27993,42.24549,0.0,-0.96556,0.0
2025-09-28 06:20:00-07:00,2025-09-28 13:20:00+00:00,2025-09-28 06:25:00-07:00,2025-09-28 13:25:00+00:00,REAL_TIME_5_MIN,ANAHEIM_6_N001,Node,41.73129,42.775,0.0,-1.04371,0.0
2025-09-28 06:20:00-07:00,2025-09-28 13:20:00+00:00,2025-09-28 06:25:00-07:00,2025-09-28 13:25:00+00:00,REAL_TIME_5_MIN,MKT_SUB_LNODEONC,Node,44.30511,42.775,-0.0012,1.5313,0.0
2025-09-28 06:20:00-07:00,2025-09-28 13:20:00+00:00,2025-09-28 06:25:00-07:00,2025-09-28 13:25:00+00:00,REAL_TIME_5_MIN,SCEW_2_PDRP89-APND,AP Node,41.79734,42.775,0.0,-0.97766,0.0
2025-09-28 06:25:00-07:00,2025-09-28 13:25:00+00:00,2025-09-28 06:30:00-07:00,2025-09-28 13:30:00+00:00,REAL_TIME_5_MIN,ANAHEIM_6_N001,Node,41.89967,42.94759,0.0,-1.04792,0.0
2025-09-28 06:25:00-07:00,2025-09-28 13:25:00+00:00,2025-09-28 06:30:00-07:00,2025-09-28 13:30:00+00:00,REAL_TIME_5_MIN,MKT_SUB_LNODEONC,Node,44.48387,42.94759,-0.0012,1.53748,0.0
2025-09-28 06:25:00-07:00,2025-09-28 13:25:00+00:00,2025-09-28 06:30:00-07:00,2025-09-28 13:30:00+00:00,REAL_TIME_5_MIN,SCEW_2_PDRP89-APND,AP Node,41.96599,42.94759,0.0,-0.98161,0.0
2025-09-28 06:30:00-07:00,2025-09-28 13:30:00+00:00,2025-09-28 06:35:00-07:00,2025-09-28 13:35:00+00:00,REAL_TIME_5_MIN,ANAHEIM_6_N001,Node,42.16941,43.28175,0.0,-1.11234,0.0
2025-09-28 06:30:00-07:00,2025-09-28 13:30:00+00:00,2025-09-28 06:35:00-07:00,2025-09-28 13:35:00+00:00,REAL_TIME_5_MIN,MKT_SUB_LNODEONC,Node,44.85163,43.28175,-0.0012,1.57108,0.0
2025-09-28 06:30:00-07:00,2025-09-28 13:30:00+00:00,2025-09-28 06:35:00-07:00,2025-09-28 13:35:00+00:00,REAL_TIME_5_MIN,SCEW_2_PDRP89-APND,AP Node,42.2461,43.28175,0.0,-1.03565,0.0
2025-09-28 06:35:00-07:00,2025-09-28 13:35:00+00:00,2025-09-28 06:40:00-07:00,2025-09-28 13:40:00+00:00,REAL_TIME_5_MIN,ANAHEIM_6_N001,Node,42.71862,43.84544,0.0,-1.12683,0.0
2025-09-28 06:35:00-07:00,2025-09-28 13:35:00+00:00,2025-09-28 06:40:00-07:00,2025-09-28 13:40:00+00:00,REAL_TIME_5_MIN,MKT_SUB_LNODEONC,Node,45.43579,43.84544,-0.0012,1.59155,0.0
2025-09-28 06:35:00-07:00,2025-09-28 13:35:00+00:00,2025-09-28 06:40:00-07:00,2025-09-28 13:40:00+00:00,REAL_TIME_5_MIN,SCEW_2_PDRP89-APND,AP Node,42.79631,43.84544,0.0,-1.04913,0.0
2025-09-28 06:40:00-07:00,2025-09-28 13:40:00+00:00,2025-09-28 06:45:00-07:00,2025-09-28 13:45:00+00:00,REAL_TIME_5_MIN,ANAHEIM_6_N001,Node,42.82195,43.9515,0.0,-1.12955,0.0
2025-09-28 06:40:00-07:00,2025-09-28 13:40:00+00:00,2025-09-28 06:45:00-07:00,2025-09-28 13:45:00+00:00,REAL_TIME_5_MIN,MKT_SUB_LNODEONC,Node,45.5457,43.9515,-0.0012,1.5954,0.0
2025-09-28 06:40:00-07:00,2025-09-28 13:40:00+00:00,2025-09-28 06:45:00-07:00,2025-09-28 13:45:00+00:00,REAL_TIME_5_MIN,SCEW_2_PDRP89-APND,AP Node,42.89983,43.9515,0.0,-1.05167,0.0
2025-09-28 06:45:00-07:00,2025-09-28 13:45:00+00:00,2025-09-28 06:50:00-07:00,2025-09-28 13:50:00+00:00,REAL_TIME_5_MIN,ANAHEIM_6_N001,Node,44.90205,46.09593,0.0,-1.19388,0.0
2025-09-28 06:45:00-07:00,2025-09-28 13:45:00+00:00,2025-09-28 06:50:00-07:00,2025-09-28 13:50:00+00:00,REAL_TIME_5_MIN,MKT_SUB_LNODEONC,Node,47.62969,46.09593,-0.0012,1.53495,0.0
2025-09-28 06:45:00-07:00,2025-09-28 13:45:00+00:00,2025-09-28 06:50:00-07:00,2025-09-28 13:50:00+00:00,REAL_TIME_5_MIN,SCEW_2_PDRP89-APND,AP Node,44.98523,46.09593,0.0,-1.11071,0.0
2025-09-28 06:50:00-07:00,2025-09-28 13:50:00+00:00,2025-09-28 06:55:00-07:00,2025-09-28 13:55:00+00:00,REAL_TIME_5_MIN,ANAHEIM_6_N001,Node,47.07337,48.32498,0.0,-1.25162,0.0
2025-09-28 06:50:00-07:00,2025-09-28 13:50:00+00:00,2025-09-28 06:55:00-07:00,2025-09-28 13:55:00+00:00,REAL_TIME_5_MIN,MKT_SUB_LNODEONC,Node,49.93297,48.32498,-0.0012,1.60918,0.0
2025-09-28 06:50:00-07:00,2025-09-28 13:50:00+00:00,2025-09-28 06:55:00-07:00,2025-09-28 13:55:00+00:00,REAL_TIME_5_MIN,SCEW_2_PDRP89-APND,AP Node,47.16057,48.32498,0.0,-1.16442,0.0
2025-09-28 06:55:00-07:00,2025-09-28 13:55:00+00:00,2025-09-28 07:00:00-07:00,2025-09-28 14:00:00+00:00,REAL_TIME_5_MIN,ANAHEIM_6_N001,Node,47.86007,49.1326,0.0,-1.27253,0.0
2025-09-28 06:55:00-07:00,2025-09-28 13:55:00+00:00,2025-09-28 07:00:00-07:00,2025-09-28 14:00:00+00:00,REAL_TIME_5_MIN,MKT_SUB_LNODEONC,Node,50.76748,49.1326,-0.0012,1.63608,0.0
2025-09-28 06:55:00-07:00,2025-09-28 13:55:00+00:00,2025-09-28 07:00:00-07:00,2025-09-28 14:00:00+00:00,REAL_TIME_5_MIN,SCEW_2_PDRP89-APND,AP Node,47.94873,49.1326,0.0,-1.18388,0.0
2025-09-28 07:00:00-07:00,2025-09-28 14:00:00+00:00,2025-09-28 07:05:00-07:00,2025-09-28 14:05:00+00:00,REAL_TIME_5_MIN,ANAHEIM_6_N001,Node,56.92136,59.05318,0.0,-2.13182,0.0
2025-09-28 07:00:00-07:00,2025-09-28 14:00:00+00:00,2025-09-28 07:05:00-07:00,2025-09-28 14:05:00+00:00,REAL_TIME_5_MIN,MKT_SUB_LNODEONC,Node,61.24281,59.05318,-0.0012,2.19083,0.0
2025-09-28 07:00:00-07:00,2025-09-28 14:00:00+00:00,2025-09-28 07:05:00-07:00,2025-09-28 14:05:00+00:00,REAL_TIME_5_MIN,SCEW_2_PDRP89-APND,AP Node,56.9934,59.05318,0.0,-2.05978,0.0
2025-09-28 07:05:00-07:00,2025-09-28 14:05:00+00:00,2025-09-28 07:10:00-07:00,2025-09-28 14:10:00+00:00,REAL_TIME_5_MIN,ANAHEIM_6_N001,Node,53.16451,55.15563,0.0,-1.99112,0.0
2025-09-28 07:05:00-07:00,2025-09-28 14:05:00+00:00,2025-09-28 07:10:00-07:00,2025-09-28 14:10:00+00:00,REAL_TIME_5_MIN,MKT_SUB_LNODEONC,Node,57.20066,55.15563,-0.0012,2.04623,0.0
2025-09-28 07:05:00-07:00,2025-09-28 14:05:00+00:00,2025-09-28 07:10:00-07:00,2025-09-28 14:10:00+00:00,REAL_TIME_5_MIN,SCEW_2_PDRP89-APND,AP Node,53.2318,55.15563,0.0,-1.92384,0.0
2025-09-28 07:10:00-07:00,2025-09-28 14:10:00+00:00,2025-09-28 07:15:00-07:00,2025-09-28 14:15:00+00:00,REAL_TIME_5_MIN,ANAHEIM_6_N001,Node,56.73972,58.86474,0.0,-2.12502,0.0
2025-09-28 07:10:00-07:00,2025-09-28 14:10:00+00:00,2025-09-28 07:15:00-07:00,2025-09-28 14:15:00+00:00,REAL_TIME_5_MIN,MKT_SUB_LNODEONC,Node,61.04737,58.86474,-0.0012,2.18384,0.0
2025-09-28 07:10:00-07:00,2025-09-28 14:10:00+00:00,2025-09-28 07:15:00-07:00,2025-09-28 14:15:00+00:00,REAL_TIME_5_MIN,SCEW_2_PDRP89-APND,AP Node,56.81153,58.86474,0.0,-2.05321,0.0
2025-09-28 07:15:00-07:00,2025-09-28 14:15:00+00:00,2025-09-28 07:20:00-07:00,2025-09-28 14:20:00+00:00,REAL_TIME_5_MIN,ANAHEIM_6_N001,Node,56.44122,58.97108,0.0,-2.52986,0.0
2025-09-28 07:15:00-07:00,2025-09-28 14:15:00+00:00,2025-09-28 07:20:00-07:00,2025-09-28 14:20:00+00:00,REAL_TIME_5_MIN,MKT_SUB_LNODEONC,Node,61.0869,58.97108,-0.0012,2.11702,0.0
2025-09-28 07:15:00-07:00,2025-09-28 14:15:00+00:00,2025-09-28 07:20:00-07:00,2025-09-28 14:20:00+00:00,REAL_TIME_5_MIN,SCEW_2_PDRP89-APND,AP Node,56.55293,58.97108,0.0,-2.41815,0.0
2025-09-28 07:20:00-07:00,2025-09-28 14:20:00+00:00,2025-09-28 07:25:00-07:00,2025-09-28 14:25:00+00:00,REAL_TIME_5_MIN,ANAHEIM_6_N001,Node,52.74186,55.1059,0.0,-2.36404,0.0
2025-09-28 07:20:00-07:00,2025-09-28 14:20:00+00:00,2025-09-28 07:25:00-07:00,2025-09-28 14:25:00+00:00,REAL_TIME_5_MIN,MKT_SUB_LNODEONC,Node,57.08296,55.1059,-0.0012,1.97826,0.0
2025-09-28 07:20:00-07:00,2025-09-28 14:20:00+00:00,2025-09-28 07:25:00-07:00,2025-09-28 14:25:00+00:00,REAL_TIME_5_MIN,SCEW_2_PDRP89-APND,AP Node,52.84624,55.1059,0.0,-2.25966,0.0
2025-09-28 07:25:00-07:00,2025-09-28 14:25:00+00:00,2025-09-28 07:30:00-07:00,2025-09-28 14:30:00+00:00,REAL_TIME_5_MIN,ANAHEIM_6_N001,Node,46.13469,48.20259,0.0,-2.06789,0.0
2025-09-28 07:25:00-07:00,2025-09-28 14:25:00+00:00,2025-09-28 07:30:00-07:00,2025-09-28 14:30:00+00:00,REAL_TIME_5_MIN,MKT_SUB_LNODEONC,Node,49.93181,48.20259,-0.0012,1.73043,0.0
2025-09-28 07:25:00-07:00,2025-09-28 14:25:00+00:00,2025-09-28 07:30:00-07:00,2025-09-28 14:30:00+00:00,REAL_TIME_5_MIN,SCEW_2_PDRP89-APND,AP Node,46.226,48.20259,0.0,-1.97658,0.0
2025-09-28 07:30:00-07:00,2025-09-28 14:30:00+00:00,2025-09-28 07:35:00-07:00,2025-09-28 14:35:00+00:00,REAL_TIME_5_MIN,ANAHEIM_6_N001,Node,41.37279,43.1326,0.0,-1.75981,0.0
2025-09-28 07:30:00-07:00,2025-09-28 14:30:00+00:00,2025-09-28 07:35:00-07:00,2025-09-28 14:35:00+00:00,REAL_TIME_5_MIN,MKT_SUB_LNODEONC,Node,44.68414,43.1326,-0.0012,1.55273,0.0
2025-09-28 07:30:00-07:00,2025-09-28 14:30:00+00:00,2025-09-28 07:35:00-07:00,2025-09-28 14:35:00+00:00,REAL_TIME_5_MIN,SCEW_2_PDRP89-APND,AP Node,41.46302,43.1326,0.0,-1.66959,0.0
2025-09-28 07:35:00-07:00,2025-09-28 14:35:00+00:00,2025-09-28 07:40:00-07:00,2025-09-28 14:40:00+00:00,REAL_TIME_5_MIN,ANAHEIM_6_N001,Node,38.36392,39.99574,0.0,-1.63183,0.0
2025-09-28 07:35:00-07:00,2025-09-28 14:35:00+00:00,2025-09-28 07:40:00-07:00,2025-09-28 14:40:00+00:00,REAL_TIME_5_MIN,MKT_SUB_LNODEONC,Node,41.43435,39.99574,-0.0012,1.4398,0.0
2025-09-28 07:35:00-07:00,2025-09-28 14:35:00+00:00,2025-09-28 07:40:00-07:00,2025-09-28 14:40:00+00:00,REAL_TIME_5_MIN,SCEW_2_PDRP89-APND,AP Node,38.44758,39.99574,0.0,-1.54816,0.0
2025-09-28 07:40:00-07:00,2025-09-28 14:40:00+00:00,2025-09-28 07:45:00-07:00,2025-09-28 14:45:00+00:00,REAL_TIME_5_MIN,ANAHEIM_6_N001,Node,34.10836,35.55917,0.0,-1.45081,0.0
2025-09-28 07:40:00-07:00,2025-09-28 14:40:00+00:00,2025-09-28 07:45:00-07:00,2025-09-28 14:45:00+00:00,REAL_TIME_5_MIN,MKT_SUB_LNODEONC,Node,36.83806,35.55917,-0.0012,1.28009,0.0
2025-09-28 07:40:00-07:00,2025-09-28 14:40:00+00:00,2025-09-28 07:45:00-07:00,2025-09-28 14:45:00+00:00,REAL_TIME_5_MIN,SCEW_2_PDRP89-APND,AP Node,34.18274,35.55917,0.0,-1.37643,0.0
2025-09-28 07:45:00-07:00,2025-09-28 14:45:00+00:00,2025-09-28 07:50:00-07:00,2025-09-28 14:50:00+00:00,REAL_TIME_5_MIN,ANAHEIM_6_N001,Node,32.66651,34.10933,0.0,-1.44282,0.0
2025-09-28 07:45:00-07:00,2025-09-28 14:45:00+00:00,2025-09-28 07:50:00-07:00,2025-09-28 14:50:00+00:00,REAL_TIME_5_MIN,MKT_SUB_LNODEONC,Node,34.94719,34.10933,-0.0012,0.83906,0.0
2025-09-28 07:45:00-07:00,2025-09-28 14:45:00+00:00,2025-09-28 07:50:00-07:00,2025-09-28 14:50:00+00:00,REAL_TIME_5_MIN,SCEW_2_PDRP89-APND,AP Node,32.73778,34.10933,0.0,-1.37156,0.0
2025-09-28 07:50:00-07:00,2025-09-28 14:50:00+00:00,2025-09-28 07:55:00-07:00,2025-09-28 14:55:00+00:00,REAL_TIME_5_MIN,ANAHEIM_6_N001,Node,24.5044,27.99331,-2.30479,-1.18412,0.0
2025-09-28 07:50:00-07:00,2025-09-28 14:50:00+00:00,2025-09-28 07:55:00-07:00,2025-09-28 14:55:00+00:00,REAL_TIME_5_MIN,MKT_SUB_LNODEONC,Node,26.36991,27.99331,-2.31203,0.68864,0.0
2025-09-28 07:50:00-07:00,2025-09-28 14:50:00+00:00,2025-09-28 07:55:00-07:00,2025-09-28 14:55:00+00:00,REAL_TIME_5_MIN,SCEW_2_PDRP89-APND,AP Node,24.55819,27.99331,-2.30948,-1.12563,0.0
2025-09-28 07:55:00-07:00,2025-09-28 14:55:00+00:00,2025-09-28 08:00:00-07:00,2025-09-28 15:00:00+00:00,REAL_TIME_5_MIN,ANAHEIM_6_N001,Node,20.80011,26.96012,-5.01959,-1.14041,0.0
2025-09-28 07:55:00-07:00,2025-09-28 14:55:00+00:00,2025-09-28 08:00:00-07:00,2025-09-28 15:00:00+00:00,REAL_TIME_5_MIN,MKT_SUB_LNODEONC,Node,22.58796,26.96012,-5.03537,0.66322,0.0
2025-09-28 07:55:00-07:00,2025-09-28 14:55:00+00:00,2025-09-28 08:00:00-07:00,2025-09-28 15:00:00+00:00,REAL_TIME_5_MIN,SCEW_2_PDRP89-APND,AP Node,20.84621,26.96012,-5.02982,-1.08408,0.0
2025-09-28 08:00:00-07:00,2025-09-28 15:00:00+00:00,2025-09-28 08:05:00-07:00,2025-09-28 15:05:00+00:00,REAL_TIME_5_MIN,ANAHEIM_6_N001,Node,32.47042,34.63466,-0.67841,-1.48583,0.0
2025-09-28 08:00:00-07:00,2025-09-28 15:00:00+00:00,2025-09-28 08:05:00-07:00,2025-09-28 15:05:00+00:00,REAL_TIME_5_MIN,MKT_SUB_LNODEONC,Node,35.07974,34.63466,-0.68055,1.12563,0.0
2025-09-28 08:00:00-07:00,2025-09-28 15:00:00+00:00,2025-09-28 08:05:00-07:00,2025-09-28 15:05:00+00:00,REAL_TIME_5_MIN,SCEW_2_PDRP89-APND,AP Node,32.56781,34.63466,-0.6791,-1.38774,0.0
2025-09-28 08:05:00-07:00,2025-09-28 15:05:00+00:00,2025-09-28 08:10:00-07:00,2025-09-28 15:10:00+00:00,REAL_TIME_5_MIN,ANAHEIM_6_N001,Node,25.23328,30.92336,-4.36346,-1.32661,0.0
2025-09-28 08:05:00-07:00,2025-09-28 15:05:00+00:00,2025-09-28 08:10:00-07:00,2025-09-28 15:10:00+00:00,REAL_TIME_5_MIN,MKT_SUB_LNODEONC,Node,27.55118,30.92336,-4.37718,1.00501,0.0
2025-09-28 08:05:00-07:00,2025-09-28 15:05:00+00:00,2025-09-28 08:10:00-07:00,2025-09-28 15:10:00+00:00,REAL_TIME_5_MIN,SCEW_2_PDRP89-APND,AP Node,25.31643,30.92336,-4.36789,-1.23904,0.0
2025-09-28 08:10:00-07:00,2025-09-28 15:10:00+00:00,2025-09-28 08:15:00-07:00,2025-09-28 15:15:00+00:00,REAL_TIME_5_MIN,ANAHEIM_6_N001,Node,19.85385,27.44795,-6.41659,-1.17752,0.0
2025-09-28 08:10:00-07:00,2025-09-28 15:10:00+00:00,2025-09-28 08:15:00-07:00,2025-09-28 15:15:00+00:00,REAL_TIME_5_MIN,MKT_SUB_LNODEONC,Node,21.74417,27.44795,-6.59584,0.89206,0.0
2025-09-28 08:10:00-07:00,2025-09-28 15:10:00+00:00,2025-09-28 08:15:00-07:00,2025-09-28 15:15:00+00:00,REAL_TIME_5_MIN,SCEW_2_PDRP89-APND,AP Node,19.96593,27.44795,-6.38223,-1.09979,0.0
2025-09-28 08:15:00-07:00,2025-09-28 15:15:00+00:00,2025-09-28 08:20:00-07:00,2025-09-28 15:20:00+00:00,REAL_TIME_5_MIN,ANAHEIM_6_N001,Node,11.42711,23.43647,-10.93831,-1.07105,0.0
2025-09-28 08:15:00-07:00,2025-09-28 15:15:00+00:00,2025-09-28 08:20:00-07:00,2025-09-28 15:20:00+00:00,REAL_TIME_5_MIN,MKT_SUB_LNODEONC,Node,12.42918,23.43647,-11.61667,0.60938,0.0
2025-09-28 08:15:00-07:00,2025-09-28 15:15:00+00:00,2025-09-28 08:20:00-07:00,2025-09-28 15:20:00+00:00,REAL_TIME_5_MIN,SCEW_2_PDRP89-APND,AP Node,11.56197,23.43647,-10.8714,-1.0031,0.0
2025-09-28 08:20:00-07:00,2025-09-28 15:20:00+00:00,2025-09-28 08:25:00-07:00,2025-09-28 15:25:00+00:00,REAL_TIME_5_MIN,ANAHEIM_6_N001,Node,8.98342,21.90223,-11.91788,-1.00093,0.0
2025-09-28 08:20:00-07:00,2025-09-28 15:20:00+00:00,2025-09-28 08:25:00-07:00,2025-09-28 15:25:00+00:00,REAL_TIME_5_MIN,MKT_SUB_LNODEONC,Node,9.77917,21.90223,-12.69256,0.56949,0.0
2025-09-28 08:20:00-07:00,2025-09-28 15:20:00+00:00,2025-09-28 08:25:00-07:00,2025-09-28 15:25:00+00:00,REAL_TIME_5_MIN,SCEW_2_PDRP89-APND,AP Node,9.13326,21.90223,-11.83154,-0.93744,0.0
2025-09-28 08:25:00-07:00,2025-09-28 15:25:00+00:00,2025-09-28 08:30:00-07:00,2025-09-28 15:30:00+00:00,REAL_TIME_5_MIN,ANAHEIM_6_N001,Node,6.44787,21.52113,-14.08975,-0.98352,0.0
2025-09-28 08:25:00-07:00,2025-09-28 15:25:00+00:00,2025-09-28 08:30:00-07:00,2025-09-28 15:30:00+00:00,REAL_TIME_5_MIN,MKT_SUB_LNODEONC,Node,7.14903,21.52113,-14.93168,0.55958,0.0
2025-09-28 08:25:00-07:00,2025-09-28 15:25:00+00:00,2025-09-28 08:30:00-07:00,2025-09-28 15:30:00+00:00,REAL_TIME_5_MIN,SCEW_2_PDRP89-APND,AP Node,6.58392,21.52113,-14.01609,-0.92112,0.0
2025-09-28 08:30:00-07:00,2025-09-28 15:30:00+00:00,2025-09-28 08:35:00-07:00,2025-09-28 15:35:00+00:00,REAL_TIME_5_MIN,ANAHEIM_6_N001,Node,6.33694,21.4484,-14.21277,-0.89869,0.0
2025-09-28 08:30:00-07:00,2025-09-28 15:30:00+00:00,2025-09-28 08:35:00-07:00,2025-09-28 15:35:00+00:00,REAL_TIME_5_MIN,MKT_SUB_LNODEONC,Node,7.64509,21.4484,-14.23873,0.43543,0.0
2025-09-28 08:30:00-07:00,2025-09-28 15:30:00+00:00,2025-09-28 08:35:00-07:00,2025-09-28 15:35:00+00:00,REAL_TIME_5_MIN,SCEW_2_PDRP89-APND,AP Node,6.39173,21.4484,-14.22153,-0.83514,0.0
2025-09-28 08:35:00-07:00,2025-09-28 15:35:00+00:00,2025-09-28 08:40:00-07:00,2025-09-28 15:40:00+00:00,REAL_TIME_5_MIN,ANAHEIM_6_N001,Node,4.39677,20.32981,-15.08121,-0.85182,0.0
2025-09-28 08:35:00-07:00,2025-09-28 15:35:00+00:00,2025-09-28 08:40:00-07:00,2025-09-28 15:40:00+00:00,REAL_TIME_5_MIN,MKT_SUB_LNODEONC,Node,5.63255,20.32981,-15.10998,0.41272,0.0
2025-09-28 08:35:00-07:00,2025-09-28 15:35:00+00:00,2025-09-28 08:40:00-07:00,2025-09-28 15:40:00+00:00,REAL_TIME_5_MIN,SCEW_2_PDRP89-APND,AP Node,4.44734,20.32981,-15.09088,-0.79159,0.0
2025-09-28 08:40:00-07:00,2025-09-28 15:40:00+00:00,2025-09-28 08:45:00-07:00,2025-09-28 15:45:00+00:00,REAL_TIME_5_MIN,ANAHEIM_6_N001,Node,3.36805,20.01394,-15.80731,-0.83858,0.0
2025-09-28 08:40:00-07:00,2025-09-28 15:40:00+00:00,2025-09-28 08:45:00-07:00,2025-09-28 15:45:00+00:00,REAL_TIME_5_MIN,MKT_SUB_LNODEONC,Node,4.58428,20.01394,-15.83597,0.40631,0.0
2025-09-28 08:40:00-07:00,2025-09-28 15:40:00+00:00,2025-09-28 08:45:00-07:00,2025-09-28 15:45:00+00:00,REAL_TIME_5_MIN,SCEW_2_PDRP89-APND,AP Node,3.41772,20.01394,-15.81694,-0.77929,0.0
2025-09-28 08:45:00-07:00,2025-09-28 15:45:00+00:00,2025-09-28 08:50:00-07:00,2025-09-28 15:50:00+00:00,REAL_TIME_5_MIN,ANAHEIM_6_N001,Node,2.61727,18.83287,-15.46417,-0.75143,0.0
2025-09-28 08:45:00-07:00,2025-09-28 15:45:00+00:00,2025-09-28 08:50:00-07:00,2025-09-28 15:50:00+00:00,REAL_TIME_5_MIN,MKT_SUB_LNODEONC,Node,3.71475,18.83287,-15.48539,0.36726,0.0
2025-09-28 08:45:00-07:00,2025-09-28 15:45:00+00:00,2025-09-28 08:50:00-07:00,2025-09-28 15:50:00+00:00,REAL_TIME_5_MIN,SCEW_2_PDRP89-APND,AP Node,2.55376,18.83287,-15.58965,-0.68945,0.0
2025-09-28 08:50:00-07:00,2025-09-28 15:50:00+00:00,2025-09-28 08:55:00-07:00,2025-09-28 15:55:00+00:00,REAL_TIME_5_MIN,ANAHEIM_6_N001,Node,1.546,18.24839,-15.97428,-0.72811,0.0
2025-09-28 08:50:00-07:00,2025-09-28 15:50:00+00:00,2025-09-28 08:55:00-07:00,2025-09-28 15:55:00+00:00,REAL_TIME_5_MIN,MKT_SUB_LNODEONC,Node,2.61157,18.24839,-15.99268,0.35587,0.0
2025-09-28 08:50:00-07:00,2025-09-28 15:50:00+00:00,2025-09-28 08:55:00-07:00,2025-09-28 15:55:00+00:00,REAL_TIME_5_MIN,SCEW_2_PDRP89-APND,AP Node,1.47559,18.24839,-16.10475,-0.66805,0.0
2025-09-28 08:55:00-07:00,2025-09-28 15:55:00+00:00,2025-09-28 09:00:00-07:00,2025-09-28 16:00:00+00:00,REAL_TIME_5_MIN,ANAHEIM_6_N001,Node,0.73392,17.91063,-16.46208,-0.71463,0.0
2025-09-28 08:55:00-07:00,2025-09-28 15:55:00+00:00,2025-09-28 09:00:00-07:00,2025-09-28 16:00:00+00:00,REAL_TIME_5_MIN,MKT_SUB_LNODEONC,Node,1.78384,17.91063,-16.47606,0.34928,0.0
2025-09-28 08:55:00-07:00,2025-09-28 15:55:00+00:00,2025-09-28 09:00:00-07:00,2025-09-28 16:00:00+00:00,REAL_TIME_5_MIN,SCEW_2_PDRP89-APND,AP Node,0.65602,17.91063,-16.59892,-0.65569,0.0
2025-09-28 09:00:00-07:00,2025-09-28 16:00:00+00:00,2025-09-28 09:05:00-07:00,2025-09-28 16:05:00+00:00,REAL_TIME_5_MIN,ANAHEIM_6_N001,Node,10.61472,21.72559,-10.23968,-0.8712,0.0
2025-09-28 09:00:00-07:00,2025-09-28 16:00:00+00:00,2025-09-28 09:05:00-07:00,2025-09-28 16:05:00+00:00,REAL_TIME_5_MIN,MKT_SUB_LNODEONC,Node,10.75518,21.72559,-11.43971,0.4693,0.0
2025-09-28 09:00:00-07:00,2025-09-28 16:00:00+00:00,2025-09-28 09:05:00-07:00,2025-09-28 16:05:00+00:00,REAL_TIME_5_MIN,SCEW_2_PDRP89-APND,AP Node,10.86037,21.72559,-10.0598,-0.80542,0.0
2025-09-28 09:05:00-07:00,2025-09-28 16:05:00+00:00,2025-09-28 09:10:00-07:00,2025-09-28 16:10:00+00:00,REAL_TIME_5_MIN,ANAHEIM_6_N001,Node,9.91929,21.08032,-10.3157,-0.84532,0.0
2025-09-28 09:05:00-07:00,2025-09-28 16:05:00+00:00,2025-09-28 09:10:00-07:00,2025-09-28 16:10:00+00:00,REAL_TIME_5_MIN,MKT_SUB_LNODEONC,Node,10.0576,21.08032,-11.47805,0.45533,0.0
2025-09-28 09:05:00-07:00,2025-09-28 16:05:00+00:00,2025-09-28 09:10:00-07:00,2025-09-28 16:10:00+00:00,REAL_TIME_5_MIN,SCEW_2_PDRP89-APND,AP Node,10.15456,21.08032,-10.14426,-0.7815,0.0
2025-09-28 09:10:00-07:00,2025-09-28 16:10:00+00:00,2025-09-28 09:15:00-07:00,2025-09-28 16:15:00+00:00,REAL_TIME_5_MIN,ANAHEIM_6_N001,Node,9.05299,20.77264,-10.88666,-0.83298,0.0
2025-09-28 09:10:00-07:00,2025-09-28 16:10:00+00:00,2025-09-28 09:15:00-07:00,2025-09-28 16:15:00+00:00,REAL_TIME_5_MIN,MKT_SUB_LNODEONC,Node,9.01768,20.77264,-12.20364,0.44869,0.0
2025-09-28 09:10:00-07:00,2025-09-28 16:10:00+00:00,2025-09-28 09:15:00-07:00,2025-09-28 16:15:00+00:00,REAL_TIME_5_MIN,SCEW_2_PDRP89-APND,AP Node,9.31407,20.77264,-10.68848,-0.77009,0.0
2025-09-28 09:15:00-07:00,2025-09-28 16:15:00+00:00,2025-09-28 09:20:00-07:00,2025-09-28 16:20:00+00:00,REAL_TIME_5_MIN,ANAHEIM_6_N001,Node,9.35084,19.68212,-9.5617,-0.76957,0.0
2025-09-28 09:15:00-07:00,2025-09-28 16:15:00+00:00,2025-09-28 09:20:00-07:00,2025-09-28 16:20:00+00:00,REAL_TIME_5_MIN,MKT_SUB_LNODEONC,Node,9.67941,19.68212,-10.40619,0.40348,0.0
2025-09-28 09:15:00-07:00,2025-09-28 16:15:00+00:00,2025-09-28 09:20:00-07:00,2025-09-28 16:20:00+00:00,REAL_TIME_5_MIN,SCEW_2_PDRP89-APND,AP Node,9.55001,19.68212,-9.42401,-0.7081,0.0
2025-09-28 09:20:00-07:00,2025-09-28 16:20:00+00:00,2025-09-28 09:25:00-07:00,2025-09-28 16:25:00+00:00,REAL_TIME_5_MIN,ANAHEIM_6_N001,Node,9.22888,19.88929,-9.88274,-0.77767,0.0
2025-09-28 09:20:00-07:00,2025-09-28 16:20:00+00:00,2025-09-28 09:25:00-07:00,2025-09-28 16:25:00+00:00,REAL_TIME_5_MIN,MKT_SUB_LNODEONC,Node,9.62904,19.88929,-10.66798,0.40773,0.0
2025-09-28 09:20:00-07:00,2025-09-28 16:20:00+00:00,2025-09-28 09:25:00-07:00,2025-09-28 16:25:00+00:00,REAL_TIME_5_MIN,SCEW_2_PDRP89-APND,AP Node,9.41565,19.88929,-9.75809,-0.71555,0.0
2025-09-28 09:25:00-07:00,2025-09-28 16:25:00+00:00,2025-09-28 09:30:00-07:00,2025-09-28 16:30:00+00:00,REAL_TIME_5_MIN,ANAHEIM_6_N001,Node,8.9741,19.90962,-10.15706,-0.77847,0.0
2025-09-28 09:25:00-07:00,2025-09-28 16:25:00+00:00,2025-09-28 09:30:00-07:00,2025-09-28 16:30:00+00:00,REAL_TIME_5_MIN,MKT_SUB_LNODEONC,Node,9.37041,19.90962,-10.94736,0.40815,0.0
2025-09-28 09:25:00-07:00,2025-09-28 16:25:00+00:00,2025-09-28 09:30:00-07:00,2025-09-28 16:30:00+00:00,REAL_TIME_5_MIN,SCEW_2_PDRP89-APND,AP Node,9.1604,19.90962,-10.03294,-0.71629,0.0
2025-09-28 09:30:00-07:00,2025-09-28 16:30:00+00:00,2025-09-28 09:35:00-07:00,2025-09-28 16:35:00+00:00,REAL_TIME_5_MIN,ANAHEIM_6_N001,Node,6.35184,19.89717,-12.75143,-0.7939,0.0
2025-09-28 09:30:00-07:00,2025-09-28 16:30:00+00:00,2025-09-28 09:35:00-07:00,2025-09-28 16:35:00+00:00,REAL_TIME_5_MIN,MKT_SUB_LNODEONC,Node,7.25316,19.89717,-13.06984,0.42583,0.0
2025-09-28 09:30:00-07:00,2025-09-28 16:30:00+00:00,2025-09-28 09:35:00-07:00,2025-09-28 16:35:00+00:00,REAL_TIME_5_MIN,SCEW_2_PDRP89-APND,AP Node,6.51358,19.89717,-12.65252,-0.73106,0.0
2025-09-28 09:35:00-07:00,2025-09-28 16:35:00+00:00,2025-09-28 09:40:00-07:00,2025-09-28 16:40:00+00:00,REAL_TIME_5_MIN,ANAHEIM_6_N001,Node,5.83717,19.88184,-13.25139,-0.79329,0.0
2025-09-28 09:35:00-07:00,2025-09-28 16:35:00+00:00,2025-09-28 09:40:00-07:00,2025-09-28 16:40:00+00:00,REAL_TIME_5_MIN,MKT_SUB_LNODEONC,Node,6.74644,19.88184,-13.5609,0.4255,0.0
2025-09-28 09:35:00-07:00,2025-09-28 16:35:00+00:00,2025-09-28 09:40:00-07:00,2025-09-28 16:40:00+00:00,REAL_TIME_5_MIN,SCEW_2_PDRP89-APND,AP Node,5.99756,19.88184,-13.15379,-0.7305,0.0
2025-09-28 09:40:00-07:00,2025-09-28 16:40:00+00:00,2025-09-28 09:45:00-07:00,2025-09-28 16:45:00+00:00,REAL_TIME_5_MIN,ANAHEIM_6_N001,Node,6.25741,20.4188,-13.01182,-1.14958,0.0
2025-09-28 09:40:00-07:00,2025-09-28 16:40:00+00:00,2025-09-28 09:45:00-07:00,2025-09-28 16:45:00+00:00,REAL_TIME_5_MIN,MKT_SUB_LNODEONC,Node,7.63503,20.4188,-13.31469,0.53092,0.0
2025-09-28 09:40:00-07:00,2025-09-28 16:40:00+00:00,2025-09-28 09:45:00-07:00,2025-09-28 16:45:00+00:00,REAL_TIME_5_MIN,SCEW_2_PDRP89-APND,AP Node,6.38477,20.4188,-12.94772,-1.08631,0.0
2025-09-28 09:45:00-07:00,2025-09-28 16:45:00+00:00,2025-09-28 09:50:00-07:00,2025-09-28 16:50:00+00:00,REAL_TIME_5_MIN,ANAHEIM_6_N001,Node,4.40299,19.53403,-14.0137,-1.11735,0.0
2025-09-28 09:45:00-07:00,2025-09-28 16:45:00+00:00,2025-09-28 09:50:00-07:00,2025-09-28 16:50:00+00:00,REAL_TIME_5_MIN,MKT_SUB_LNODEONC,Node,5.95512,19.53403,-14.03604,0.45712,0.0
2025-09-28 09:45:00-07:00,2025-09-28 16:45:00+00:00,2025-09-28 09:50:00-07:00,2025-09-28 16:50:00+00:00,REAL_TIME_5_MIN,SCEW_2_PDRP89-APND,AP Node,1.95515,19.53403,-16.51888,-1.06,0.0
2025-09-28 09:50:00-07:00,2025-09-28 16:50:00+00:00,2025-09-28 09:55:00-07:00,2025-09-28 16:55:00+00:00,REAL_TIME_5_MIN,ANAHEIM_6_N001,Node,4.40617,19.08048,-13.58291,-1.0914,0.0
2025-09-28 09:50:00-07:00,2025-09-28 16:50:00+00:00,2025-09-28 09:55:00-07:00,2025-09-28 16:55:00+00:00,REAL_TIME_5_MIN,MKT_SUB_LNODEONC,Node,5.91987,19.08048,-13.60712,0.44651,0.0
2025-09-28 09:50:00-07:00,2025-09-28 16:50:00+00:00,2025-09-28 09:55:00-07:00,2025-09-28 16:55:00+00:00,REAL_TIME_5_MIN,SCEW_2_PDRP89-APND,AP Node,1.88101,19.08048,-16.16408,-1.03539,0.0
2025-09-28 09:55:00-07:00,2025-09-28 16:55:00+00:00,2025-09-28 10:00:00-07:00,2025-09-28 17:00:00+00:00,REAL_TIME_5_MIN,ANAHEIM_6_N001,Node,4.35932,19.01233,-13.5655,-1.08751,0.0
2025-09-28 09:55:00-07:00,2025-09-28 16:55:00+00:00,2025-09-28 10:00:00-07:00,2025-09-28 17:00:00+00:00,REAL_TIME_5_MIN,MKT_SUB_LNODEONC,Node,5.86908,19.01233,-13.58816,0.44492,0.0
2025-09-28 09:55:00-07:00,2025-09-28 16:55:00+00:00,2025-09-28 10:00:00-07:00,2025-09-28 17:00:00+00:00,REAL_TIME_5_MIN,SCEW_2_PDRP89-APND,AP Node,1.84676,19.01233,-16.13387,-1.03169,0.0
2025-09-28 10:00:00-07:00,2025-09-28 17:00:00+00:00,2025-09-28 10:05:00-07:00,2025-09-28 17:05:00+00:00,REAL_TIME_5_MIN,ANAHEIM_6_N001,Node,6.80534,20.70076,-12.71133,-1.18408,0.0
2025-09-28 10:00:00-07:00,2025-09-28 17:00:00+00:00,2025-09-28 10:05:00-07:00,2025-09-28 17:05:00+00:00,REAL_TIME_5_MIN,MKT_SUB_LNODEONC,Node,8.44804,20.70076,-12.73714,0.48443,0.0
2025-09-28 10:00:00-07:00,2025-09-28 17:00:00+00:00,2025-09-28 10:05:00-07:00,2025-09-28 17:05:00+00:00,REAL_TIME_5_MIN,SCEW_2_PDRP89-APND,AP Node,3.45331,20.70076,-16.12413,-1.12332,0.0
2025-09-28 10:05:00-07:00,2025-09-28 17:05:00+00:00,2025-09-28 10:10:00-07:00,2025-09-28 17:10:00+00:00,REAL_TIME_5_MIN,ANAHEIM_6_N001,Node,4.41121,19.48998,-13.96395,-1.11483,0.0
2025-09-28 10:05:00-07:00,2025-09-28 17:05:00+00:00,2025-09-28 10:10:00-07:00,2025-09-28 17:10:00+00:00,REAL_TIME_5_MIN,MKT_SUB_LNODEONC,Node,5.95047,19.48998,-13.99558,0.45607,0.0
2025-09-28 10:05:00-07:00,2025-09-28 17:05:00+00:00,2025-09-28 10:10:00-07:00,2025-09-28 17:10:00+00:00,REAL_TIME_5_MIN,SCEW_2_PDRP89-APND,AP Node,1.13701,19.48998,-17.29537,-1.05761,0.0
2025-09-28 10:10:00-07:00,2025-09-28 17:10:00+00:00,2025-09-28 10:15:00-07:00,2025-09-28 17:15:00+00:00,REAL_TIME_5_MIN,ANAHEIM_6_N001,Node,4.37468,19.00963,-13.5476,-1.08735,0.0
2025-09-28 10:10:00-07:00,2025-09-28 17:10:00+00:00,2025-09-28 10:15:00-07:00,2025-09-28 17:15:00+00:00,REAL_TIME_5_MIN,MKT_SUB_LNODEONC,Node,5.87668,19.00963,-13.57778,0.44483,0.0
2025-09-28 10:10:00-07:00,2025-09-28 17:10:00+00:00,2025-09-28 10:15:00-07:00,2025-09-28 17:15:00+00:00,REAL_TIME_5_MIN,SCEW_2_PDRP89-APND,AP Node,1.26288,19.00963,-16.71521,-1.03155,0.0
2025-09-28 10:15:00-07:00,2025-09-28 17:15:00+00:00,2025-09-28 10:20:00-07:00,2025-09-28 17:20:00+00:00,REAL_TIME_5_MIN,ANAHEIM_6_N001,Node,3.01357,18.42726,-14.65818,-0.75552,0.0
2025-09-28 10:15:00-07:00,2025-09-28 17:15:00+00:00,2025-09-28 10:20:00-07:00,2025-09-28 17:20:00+00:00,REAL_TIME_5_MIN,MKT_SUB_LNODEONC,Node,4.13951,18.42726,-14.71895,0.4312,0.0
2025-09-28 10:15:00-07:00,2025-09-28 17:15:00+00:00,2025-09-28 10:20:00-07:00,2025-09-28 17:20:00+00:00,REAL_TIME_5_MIN,SCEW_2_PDRP89-APND,AP Node,3.12663,18.42726,-14.60452,-0.69611,0.0
2025-09-28 10:20:00-07:00,2025-09-28 17:20:00+00:00,2025-09-28 10:25:00-07:00,2025-09-28 17:25:00+00:00,REAL_TIME_5_MIN,ANAHEIM_6_N001,Node,3.08838,18.3354,-14.49527,-0.75175,0.0
2025-09-28 10:20:00-07:00,2025-09-28 17:20:00+00:00,2025-09-28 10:25:00-07:00,2025-09-28 17:25:00+00:00,REAL_TIME_5_MIN,MKT_SUB_LNODEONC,Node,4.21044,18.3354,-14.55404,0.42908,0.0
2025-09-28 10:20:00-07:00,2025-09-28 17:20:00+00:00,2025-09-28 10:25:00-07:00,2025-09-28 17:25:00+00:00,REAL_TIME_5_MIN,SCEW_2_PDRP89-APND,AP Node,3.20114,18.3354,-14.44162,-0.69264,0.0
2025-09-28 10:25:00-07:00,2025-09-28 17:25:00+00:00,2025-09-28 10:30:00-07:00,2025-09-28 17:30:00+00:00,REAL_TIME_5_MIN,ANAHEIM_6_N001,Node,3.7461,18.74812,-14.23334,-0.76867,0.0
2025-09-28 10:25:00-07:00,2025-09-28 17:25:00+00:00,2025-09-28 10:30:00-07:00,2025-09-28 17:30:00+00:00,REAL_TIME_5_MIN,MKT_SUB_LNODEONC,Node,4.8954,18.74812,-14.29146,0.43873,0.0
2025-09-28 10:25:00-07:00,2025-09-28 17:25:00+00:00,2025-09-28 10:30:00-07:00,2025-09-28 17:30:00+00:00,REAL_TIME_5_MIN,SCEW_2_PDRP89-APND,AP Node,3.86051,18.74812,-14.17938,-0.70823,0.0
2025-09-28 10:30:00-07:00,2025-09-28 17:30:00+00:00,2025-09-28 10:35:00-07:00,2025-09-28 17:35:00+00:00,REAL_TIME_5_MIN,ANAHEIM_6_N001,Node,2.88093,18.60437,-14.92718,-0.79627,0.0
2025-09-28 10:30:00-07:00,2025-09-28 17:30:00+00:00,2025-09-28 10:35:00-07:00,2025-09-28 17:35:00+00:00,REAL_TIME_5_MIN,MKT_SUB_LNODEONC,Node,4.07074,18.60437,-14.93363,0.39999,0.0
2025-09-28 10:30:00-07:00,2025-09-28 17:30:00+00:00,2025-09-28 10:35:00-07:00,2025-09-28 17:35:00+00:00,REAL_TIME_5_MIN,SCEW_2_PDRP89-APND,AP Node,2.97268,18.60437,-14.89303,-0.73867,0.0
2025-09-28 10:35:00-07:00,2025-09-28 17:35:00+00:00,2025-09-28 10:40:00-07:00,2025-09-28 17:40:00+00:00,REAL_TIME_5_MIN,ANAHEIM_6_N001,Node,3.02218,19.00989,-15.17408,-0.81362,0.0
2025-09-28 10:35:00-07:00,2025-09-28 17:35:00+00:00,2025-09-28 10:40:00-07:00,2025-09-28 17:40:00+00:00,REAL_TIME_5_MIN,MKT_SUB_LNODEONC,Node,4.24078,19.00989,-15.17785,0.40874,0.0
2025-09-28 10:35:00-07:00,2025-09-28 17:35:00+00:00,2025-09-28 10:40:00-07:00,2025-09-28 17:40:00+00:00,REAL_TIME_5_MIN,SCEW_2_PDRP89-APND,AP Node,3.12,19.00989,-15.13512,-0.75477,0.0
2025-09-28 10:40:00-07:00,2025-09-28 17:40:00+00:00,2025-09-28 10:45:00-07:00,2025-09-28 17:45:00+00:00,REAL_TIME_5_MIN,ANAHEIM_6_N001,Node,2.8558,18.95308,-15.28609,-0.81119,0.0
2025-09-28 10:40:00-07:00,2025-09-28 17:40:00+00:00,2025-09-28 10:45:00-07:00,2025-09-28 17:45:00+00:00,REAL_TIME_5_MIN,MKT_SUB_LNODEONC,Node,4.07046,18.95308,-15.29014,0.40752,0.0
2025-09-28 10:40:00-07:00,2025-09-28 17:40:00+00:00,2025-09-28 10:45:00-07:00,2025-09-28 17:45:00+00:00,REAL_TIME_5_MIN,SCEW_2_PDRP89-APND,AP Node,2.95334,18.95308,-15.24723,-0.75251,0.0
2025-09-28 10:45:00-07:00,2025-09-28 17:45:00+00:00,2025-09-28 10:50:00-07:00,2025-09-28 17:50:00+00:00,REAL_TIME_5_MIN,ANAHEIM_6_N001,Node,3.01945,19.22582,-15.40658,-0.79979,0.0
2025-09-28 10:45:00-07:00,2025-09-28 17:45:00+00:00,2025-09-28 10:50:00-07:00,2025-09-28 17:50:00+00:00,REAL_TIME_5_MIN,MKT_SUB_LNODEONC,Node,4.16669,19.22582,-15.47828,0.41915,0.0
2025-09-28 10:45:00-07:00,2025-09-28 17:45:00+00:00,2025-09-28 10:50:00-07:00,2025-09-28 17:50:00+00:00,REAL_TIME_5_MIN,SCEW_2_PDRP89-APND,AP Node,3.05467,19.22582,-15.4302,-0.74094,0.0
2025-09-28 10:50:00-07:00,2025-09-28 17:50:00+00:00,2025-09-28 10:55:00-07:00,2025-09-28 17:55:00+00:00,REAL_TIME_5_MIN,ANAHEIM_6_N001,Node,0.92739,18.22183,-16.53641,-0.75803,0.0
2025-09-28 10:50:00-07:00,2025-09-28 17:50:00+00:00,2025-09-28 10:55:00-07:00,2025-09-28 17:55:00+00:00,REAL_TIME_5_MIN,MKT_SUB_LNODEONC,Node,2.00614,18.22183,-16.61295,0.39726,0.0
2025-09-28 10:50:00-07:00,2025-09-28 17:50:00+00:00,2025-09-28 10:55:00-07:00,2025-09-28 17:55:00+00:00,REAL_TIME_5_MIN,SCEW_2_PDRP89-APND,AP Node,0.95798,18.22183,-16.5616,-0.70225,0.0
2025-09-28 10:55:00-07:00,2025-09-28 17:55:00+00:00,2025-09-28 11:00:00-07:00,2025-09-28 18:00:00+00:00,REAL_TIME_5_MIN,ANAHEIM_6_N001,Node,-0.042,17.87549,-17.17387,-0.74362,0.0
2025-09-28 10:55:00-07:00,2025-09-28 17:55:00+00:00,2025-09-28 11:00:00-07:00,2025-09-28 18:00:00+00:00,REAL_TIME_5_MIN,MKT_SUB_LNODEONC,Node,1.00978,17.87549,-17.25541,0.38969,0.0
2025-09-28 10:55:00-07:00,2025-09-28 17:55:00+00:00,2025-09-28 11:00:00-07:00,2025-09-28 18:00:00+00:00,REAL_TIME_5_MIN,SCEW_2_PDRP89-APND,AP Node,-0.01383,17.87549,-17.20042,-0.6889,0.0
2025-09-28 11:00:00-07:00,2025-09-28 18:00:00+00:00,2025-09-28 11:05:00-07:00,2025-09-28 18:05:00+00:00,REAL_TIME_5_MIN,ANAHEIM_6_N001,Node,3.56022,19.40983,-15.03246,-0.81715,0.0
2025-09-28 11:00:00-07:00,2025-09-28 18:00:00+00:00,2025-09-28 11:05:00-07:00,2025-09-28 18:05:00+00:00,REAL_TIME_5_MIN,MKT_SUB_LNODEONC,Node,4.78893,19.40983,-15.04986,0.42896,0.0
2025-09-28 11:00:00-07:00,2025-09-28 18:00:00+00:00,2025-09-28 11:05:00-07:00,2025-09-28 18:05:00+00:00,REAL_TIME_5_MIN,SCEW_2_PDRP89-APND,AP Node,3.67493,19.40983,-14.98159,-0.75332,0.0
2025-09-28 11:05:00-07:00,2025-09-28 18:05:00+00:00,2025-09-28 11:10:00-07:00,2025-09-28 18:10:00+00:00,REAL_TIME_5_MIN,ANAHEIM_6_N001,Node,3.08497,18.99685,-15.11212,-0.79977,0.0
2025-09-28 11:05:00-07:00,2025-09-28 18:05:00+00:00,2025-09-28 11:10:00-07:00,2025-09-28 18:10:00+00:00,REAL_TIME_5_MIN,MKT_SUB_LNODEONC,Node,4.2873,18.99685,-15.12937,0.41983,0.0
2025-09-28 11:05:00-07:00,2025-09-28 18:05:00+00:00,2025-09-28 11:10:00-07:00,2025-09-28 18:10:00+00:00,REAL_TIME_5_MIN,SCEW_2_PDRP89-APND,AP Node,3.20445,18.99685,-15.0551,-0.73729,0.0
2025-09-28 11:10:00-07:00,2025-09-28 18:10:00+00:00,2025-09-28 11:15:00-07:00,2025-09-28 18:15:00+00:00,REAL_TIME_5_MIN,ANAHEIM_6_N001,Node,3.31179,19.34087,-15.21483,-0.81425,0.0
2025-09-28 11:10:00-07:00,2025-09-28 18:10:00+00:00,2025-09-28 11:15:00-07:00,2025-09-28 18:15:00+00:00,REAL_TIME_5_MIN,MKT_SUB_LNODEONC,Node,4.53804,19.34087,-15.23026,0.42743,0.0
2025-09-28 11:10:00-07:00,2025-09-28 18:10:00+00:00,2025-09-28 11:15:00-07:00,2025-09-28 18:15:00+00:00,REAL_TIME_5_MIN,SCEW_2_PDRP89-APND,AP Node,3.42589,19.34087,-15.16434,-0.75064,0.0
2025-09-28 11:15:00-07:00,2025-09-28 18:15:00+00:00,2025-09-28 11:20:00-07:00,2025-09-28 18:20:00+00:00,REAL_TIME_5_MIN,ANAHEIM_6_N001,Node,3.01756,18.76675,-14.97413,-0.77507,0.0
2025-09-28 11:15:00-07:00,2025-09-28 18:15:00+00:00,2025-09-28 11:20:00-07:00,2025-09-28 18:20:00+00:00,REAL_TIME_5_MIN,MKT_SUB_LNODEONC,Node,4.14184,18.76675,-15.02652,0.40161,0.0
2025-09-28 11:15:00-07:00,2025-09-28 18:15:00+00:00,2025-09-28 11:20:00-07:00,2025-09-28 18:20:00+00:00,REAL_TIME_5_MIN,SCEW_2_PDRP89-APND,AP Node,3.13958,18.76675,-14.90706,-0.72011,0.0
2025-09-28 11:20:00-07:00,2025-09-28 18:20:00+00:00,2025-09-28 11:25:00-07:00,2025-09-28 18:25:00+00:00,REAL_TIME_5_MIN,ANAHEIM_6_N001,Node,-2.26328,16.17989,-17.77493,-0.66823,0.0
2025-09-28 11:20:00-07:00,2025-09-28 18:20:00+00:00,2025-09-28 11:25:00-07:00,2025-09-28 18:25:00+00:00,REAL_TIME_5_MIN,MKT_SUB_LNODEONC,Node,-1.31645,16.17989,-17.84258,0.34625,0.0
2025-09-28 11:20:00-07:00,2025-09-28 18:20:00+00:00,2025-09-28 11:25:00-07:00,2025-09-28 18:25:00+00:00,REAL_TIME_5_MIN,SCEW_2_PDRP89-APND,AP Node,-2.1575,16.17989,-17.71654,-0.62085,0.0
2025-09-28 11:25:00-07:00,2025-09-28 18:25:00+00:00,2025-09-28 11:30:00-07:00,2025-09-28 18:30:00+00:00,REAL_TIME_5_MIN,ANAHEIM_6_N001,Node,-0.34332,17.12046,-16.7567,-0.70708,0.0
2025-09-28 11:25:00-07:00,2025-09-28 18:25:00+00:00,2025-09-28 11:30:00-07:00,2025-09-28 18:30:00+00:00,REAL_TIME_5_MIN,MKT_SUB_LNODEONC,Node,0.66651,17.12046,-16.82033,0.36638,0.0
2025-09-28 11:25:00-07:00,2025-09-28 18:25:00+00:00,2025-09-28 11:30:00-07:00,2025-09-28 18:30:00+00:00,REAL_TIME_5_MIN,SCEW_2_PDRP89-APND,AP Node,-0.23288,17.12046,-16.69641,-0.65694,0.0
2025-09-28 11:30:00-07:00,2025-09-28 18:30:00+00:00,2025-09-28 11:35:00-07:00,2025-09-28 18:35:00+00:00,REAL_TIME_5_MIN,ANAHEIM_6_N001,Node,2.75991,19.22237,-15.63781,-0.82464,0.0
2025-09-28 11:30:00-07:00,2025-09-28 18:30:00+00:00,2025-09-28 11:35:00-07:00,2025-09-28 18:35:00+00:00,REAL_TIME_5_MIN,MKT_SUB_LNODEONC,Node,3.97164,19.22237,-15.64286,0.39214,0.0
2025-09-28 11:30:00-07:00,2025-09-28 18:30:00+00:00,2025-09-28 11:35:00-07:00,2025-09-28 18:35:00+00:00,REAL_TIME_5_MIN,SCEW_2_PDRP89-APND,AP Node,2.79408,19.22237,-15.66248,-0.76581,0.0
2025-09-28 11:35:00-07:00,2025-09-28 18:35:00+00:00,2025-09-28 11:40:00-07:00,2025-09-28 18:40:00+00:00,REAL_TIME_5_MIN,ANAHEIM_6_N001,Node,2.25008,19.27244,-16.19558,-0.82679,0.0
2025-09-28 11:35:00-07:00,2025-09-28 18:35:00+00:00,2025-09-28 11:40:00-07:00,2025-09-28 18:40:00+00:00,REAL_TIME_5_MIN,MKT_SUB_LNODEONC,Node,3.46982,19.27244,-16.19578,0.39316,0.0
2025-09-28 11:35:00-07:00,2025-09-28 18:35:00+00:00,2025-09-28 11:40:00-07:00,2025-09-28 18:40:00+00:00,REAL_TIME_5_MIN,SCEW_2_PDRP89-APND,AP Node,2.28395,19.27244,-16.22069,-0.76781,0.0
2025-09-28 11:40:00-07:00,2025-09-28 18:40:00+00:00,2025-09-28 11:45:00-07:00,2025-09-28 18:45:00+00:00,REAL_TIME_5_MIN,ANAHEIM_6_N001,Node,3.51094,19.99438,-15.62569,-0.85776,0.0
2025-09-28 11:40:00-07:00,2025-09-28 18:40:00+00:00,2025-09-28 11:45:00-07:00,2025-09-28 18:45:00+00:00,REAL_TIME_5_MIN,MKT_SUB_LNODEONC,Node,4.7715,19.99438,-15.63077,0.40789,0.0
2025-09-28 11:40:00-07:00,2025-09-28 18:40:00+00:00,2025-09-28 11:45:00-07:00,2025-09-28 18:45:00+00:00,REAL_TIME_5_MIN,SCEW_2_PDRP89-APND,AP Node,3.54662,19.99438,-15.6512,-0.79657,0.0
2025-09-28 11:45:00-07:00,2025-09-28 18:45:00+00:00,2025-09-28 11:50:00-07:00,2025-09-28 18:50:00+00:00,REAL_TIME_5_MIN,ANAHEIM_6_N001,Node,3.2801,19.66719,-15.56698,-0.82012,0.0
2025-09-28 11:45:00-07:00,2025-09-28 18:45:00+00:00,2025-09-28 11:50:00-07:00,2025-09-28 18:50:00+00:00,REAL_TIME_5_MIN,MKT_SUB_LNODEONC,Node,4.39569,19.66719,-15.63143,0.35993,0.0
2025-09-28 11:45:00-07:00,2025-09-28 18:45:00+00:00,2025-09-28 11:50:00-07:00,2025-09-28 18:50:00+00:00,REAL_TIME_5_MIN,SCEW_2_PDRP89-APND,AP Node,3.39659,19.66719,-15.50876,-0.76185,0.0
2025-09-28 11:50:00-07:00,2025-09-28 18:50:00+00:00,2025-09-28 11:55:00-07:00,2025-09-28 18:55:00+00:00,REAL_TIME_5_MIN,ANAHEIM_6_N001,Node,3.32093,19.78101,-15.63521,-0.82487,0.0
2025-09-28 11:50:00-07:00,2025-09-28 18:50:00+00:00,2025-09-28 11:55:00-07:00,2025-09-28 18:55:00+00:00,REAL_TIME_5_MIN,MKT_SUB_LNODEONC,Node,4.43521,19.78101,-15.70781,0.36201,0.0
2025-09-28 11:50:00-07:00,2025-09-28 18:50:00+00:00,2025-09-28 11:55:00-07:00,2025-09-28 18:55:00+00:00,REAL_TIME_5_MIN,SCEW_2_PDRP89-APND,AP Node,3.43698,19.78101,-15.57777,-0.76626,0.0
2025-09-28 11:55:00-07:00,2025-09-28 18:55:00+00:00,2025-09-28 12:00:00-07:00,2025-09-28 19:00:00+00:00,REAL_TIME_5_MIN,ANAHEIM_6_N001,Node,-0.58389,17.81147,-17.65262,-0.74274,0.0
2025-09-28 11:55:00-07:00,2025-09-28 18:55:00+00:00,2025-09-28 12:00:00-07:00,2025-09-28 19:00:00+00:00,REAL_TIME_5_MIN,MKT_SUB_LNODEONC,Node,0.40927,17.81147,-17.72817,0.32597,0.0
2025-09-28 11:55:00-07:00,2025-09-28 18:55:00+00:00,2025-09-28 12:00:00-07:00,2025-09-28 19:00:00+00:00,REAL_TIME_5_MIN,SCEW_2_PDRP89-APND,AP Node,-0.47814,17.81147,-17.59964,-0.68997,0.0
2025-09-28 12:00:00-07:00,2025-09-28 19:00:00+00:00,2025-09-28 12:05:00-07:00,2025-09-28 19:05:00+00:00,REAL_TIME_5_MIN,ANAHEIM_6_N001,Node,1.04874,18.05047,-16.23639,-0.76534,0.0
2025-09-28 12:00:00-07:00,2025-09-28 19:00:00+00:00,2025-09-28 12:05:00-07:00,2025-09-28 19:05:00+00:00,REAL_TIME_5_MIN,MKT_SUB_LNODEONC,Node,2.06726,18.05047,-16.30994,0.32674,0.0
2025-09-28 12:00:00-07:00,2025-09-28 19:00:00+00:00,2025-09-28 12:05:00-07:00,2025-09-28 19:05:00+00:00,REAL_TIME_5_MIN,SCEW_2_PDRP89-APND,AP Node,1.00825,18.05047,-16.32918,-0.71304,0.0
2025-09-28 12:05:00-07:00,2025-09-28 19:05:00+00:00,2025-09-28 12:10:00-07:00,2025-09-28 19:10:00+00:00,REAL_TIME_5_MIN,ANAHEIM_6_N001,Node,-1.1014,17.01666,-17.39655,-0.72151,0.0
2025-09-28 12:05:00-07:00,2025-09-28 19:05:00+00:00,2025-09-28 12:10:00-07:00,2025-09-28 19:10:00+00:00,REAL_TIME_5_MIN,MKT_SUB_LNODEONC,Node,-0.14251,17.01666,-17.46718,0.30802,0.0
2025-09-28 12:05:00-07:00,2025-09-28 19:05:00+00:00,2025-09-28 12:10:00-07:00,2025-09-28 19:10:00+00:00,REAL_TIME_5_MIN,SCEW_2_PDRP89-APND,AP Node,-1.14309,17.01666,-17.48754,-0.6722,0.0
2025-09-28 12:10:00-07:00,2025-09-28 19:10:00+00:00,2025-09-28 12:15:00-07:00,2025-09-28 19:15:00+00:00,REAL_TIME_5_MIN,ANAHEIM_6_N001,Node,-0.47718,17.35248,-17.09391,-0.73574,0.0
2025-09-28 12:10:00-07:00,2025-09-28 19:10:00+00:00,2025-09-28 12:15:00-07:00,2025-09-28 19:15:00+00:00,REAL_TIME_5_MIN,MKT_SUB_LNODEONC,Node,0.49562,17.35248,-17.17096,0.3141,0.0
2025-09-28 12:10:00-07:00,2025-09-28 19:10:00+00:00,2025-09-28 12:15:00-07:00,2025-09-28 19:15:00+00:00,REAL_TIME_5_MIN,SCEW_2_PDRP89-APND,AP Node,-0.50876,17.35248,-17.17578,-0.68547,0.0
2025-09-28 12:15:00-07:00,2025-09-28 19:15:00+00:00,2025-09-28 12:20:00-07:00,2025-09-28 19:20:00+00:00,REAL_TIME_5_MIN,ANAHEIM_6_N001,Node,0.46049,17.79757,-16.60204,-0.73504,0.0
2025-09-28 12:15:00-07:00,2025-09-28 19:15:00+00:00,2025-09-28 12:20:00-07:00,2025-09-28 19:20:00+00:00,REAL_TIME_5_MIN,MKT_SUB_LNODEONC,Node,1.39502,17.79757,-16.6998,0.29724,0.0
2025-09-28 12:15:00-07:00,2025-09-28 19:15:00+00:00,2025-09-28 12:20:00-07:00,2025-09-28 19:20:00+00:00,REAL_TIME_5_MIN,SCEW_2_PDRP89-APND,AP Node,0.4305,17.79757,-16.68182,-0.68525,0.0
2025-09-28 12:20:00-07:00,2025-09-28 19:20:00+00:00,2025-09-28 12:25:00-07:00,2025-09-28 19:25:00+00:00,REAL_TIME_5_MIN,ANAHEIM_6_N001,Node,-0.53329,17.27852,-17.09821,-0.7136,0.0
2025-09-28 12:20:00-07:00,2025-09-28 19:20:00+00:00,2025-09-28 12:25:00-07:00,2025-09-28 19:25:00+00:00,REAL_TIME_5_MIN,MKT_SUB_LNODEONC,Node,0.36943,17.27852,-17.19767,0.28857,0.0
2025-09-28 12:20:00-07:00,2025-09-28 19:20:00+00:00,2025-09-28 12:25:00-07:00,2025-09-28 19:25:00+00:00,REAL_TIME_5_MIN,SCEW_2_PDRP89-APND,AP Node,-0.56865,17.27852,-17.18191,-0.66527,0.0
2025-09-28 12:25:00-07:00,2025-09-28 19:25:00+00:00,2025-09-28 12:30:00-07:00,2025-09-28 19:30:00+00:00,REAL_TIME_5_MIN,ANAHEIM_6_N001,Node,-0.45088,17.52271,-17.24991,-0.72369,0.0
2025-09-28 12:25:00-07:00,2025-09-28 19:25:00+00:00,2025-09-28 12:30:00-07:00,2025-09-28 19:30:00+00:00,REAL_TIME_5_MIN,MKT_SUB_LNODEONC,Node,0.46512,17.52271,-17.35024,0.29265,0.0
2025-09-28 12:25:00-07:00,2025-09-28 19:25:00+00:00,2025-09-28 12:30:00-07:00,2025-09-28 19:30:00+00:00,REAL_TIME_5_MIN,SCEW_2_PDRP89-APND,AP Node,-0.48634,17.52271,-17.33438,-0.67467,0.0
2025-09-28 12:30:00-07:00,2025-09-28 19:30:00+00:00,2025-09-28 12:35:00-07:00,2025-09-28 19:35:00+00:00,REAL_TIME_5_MIN,ANAHEIM_6_N001,Node,-0.72799,17.55002,-17.57776,-0.70025,0.0
2025-09-28 12:30:00-07:00,2025-09-28 19:30:00+00:00,2025-09-28 12:35:00-07:00,2025-09-28 19:35:00+00:00,REAL_TIME_5_MIN,MKT_SUB_LNODEONC,Node,0.24136,17.55002,-17.58772,0.27906,0.0
2025-09-28 12:30:00-07:00,2025-09-28 19:30:00+00:00,2025-09-28 12:35:00-07:00,2025-09-28 19:35:00+00:00,REAL_TIME_5_MIN,SCEW_2_PDRP89-APND,AP Node,-0.7785,17.55002,-17.67337,-0.65515,0.0
2025-09-28 12:35:00-07:00,2025-09-28 19:35:00+00:00,2025-09-28 12:40:00-07:00,2025-09-28 19:40:00+00:00,REAL_TIME_5_MIN,ANAHEIM_6_N001,Node,-1.04756,17.4004,-17.75368,-0.69428,0.0
2025-09-28 12:35:00-07:00,2025-09-28 19:35:00+00:00,2025-09-28 12:40:00-07:00,2025-09-28 19:40:00+00:00,REAL_TIME_5_MIN,MKT_SUB_LNODEONC,Node,-0.08669,17.4004,-17.76378,0.27669,0.0
2025-09-28 12:35:00-07:00,2025-09-28 19:35:00+00:00,2025-09-28 12:40:00-07:00,2025-09-28 19:40:00+00:00,REAL_TIME_5_MIN,SCEW_2_PDRP89-APND,AP Node,-1.09864,17.4004,-17.84948,-0.64956,0.0
2025-09-28 12:40:00-07:00,2025-09-28 19:40:00+00:00,2025-09-28 12:45:00-07:00,2025-09-28 19:45:00+00:00,REAL_TIME_5_MIN,ANAHEIM_6_N001,Node,-0.04978,17.888,-17.22405,-0.71373,0.0
2025-09-28 12:40:00-07:00,2025-09-28 19:40:00+00:00,2025-09-28 12:45:00-07:00,2025-09-28 19:45:00+00:00,REAL_TIME_5_MIN,MKT_SUB_LNODEONC,Node,0.93969,17.888,-17.23275,0.28444,0.0
2025-09-28 12:40:00-07:00,2025-09-28 19:40:00+00:00,2025-09-28 12:45:00-07:00,2025-09-28 19:45:00+00:00,REAL_TIME_5_MIN,SCEW_2_PDRP89-APND,AP Node,-0.09922,17.888,-17.31946,-0.66777,0.0
2025-09-28 12:45:00-07:00,2025-09-28 19:45:00+00:00,2025-09-28 12:50:00-07:00,2025-09-28 19:50:00+00:00,REAL_TIME_5_MIN,ANAHEIM_6_N001,Node,-1.64688,17.12616,-18.09484,-0.6782,0.0
2025-09-28 12:45:00-07:00,2025-09-28 19:45:00+00:00,2025-09-28 12:50:00-07:00,2025-09-28 19:50:00+00:00,REAL_TIME_5_MIN,MKT_SUB_LNODEONC,Node,-0.68592,17.12616,-18.10667,0.29459,0.0
2025-09-28 12:45:00-07:00,2025-09-28 19:45:00+00:00,2025-09-28 12:50:00-07:00,2025-09-28 19:50:00+00:00,REAL_TIME_5_MIN,SCEW_2_PDRP89-APND,AP Node,-1.69135,17.12616,-18.18389,-0.63363,0.0
2025-09-28 12:50:00-07:00,2025-09-28 19:50:00+00:00,2025-09-28 12:55:00-07:00,2025-09-28 19:55:00+00:00,REAL_TIME_5_MIN,ANAHEIM_6_N001,Node,-1.65453,17.19248,-18.16619,-0.68082,0.0
2025-09-28 12:50:00-07:00,2025-09-28 19:50:00+00:00,2025-09-28 12:55:00-07:00,2025-09-28 19:55:00+00:00,REAL_TIME_5_MIN,MKT_SUB_LNODEONC,Node,-0.68988,17.19248,-18.1781,0.29573,0.0
2025-09-28 12:50:00-07:00,2025-09-28 19:50:00+00:00,2025-09-28 12:55:00-07:00,2025-09-28 19:55:00+00:00,REAL_TIME_5_MIN,SCEW_2_PDRP89-APND,AP Node,-1.69881,17.19248,-18.25521,-0.63608,0.0
2025-09-28 12:55:00-07:00,2025-09-28 19:55:00+00:00,2025-09-28 13:00:00-07:00,2025-09-28 20:00:00+00:00,REAL_TIME_5_MIN,ANAHEIM_6_N001,Node,-1.53551,17.70773,-18.54202,-0.70123,0.0
2025-09-28 12:55:00-07:00,2025-09-28 19:55:00+00:00,2025-09-28 13:00:00-07:00,2025-09-28 20:00:00+00:00,REAL_TIME_5_MIN,MKT_SUB_LNODEONC,Node,-0.54158,17.70773,-18.5539,0.30459,0.0
2025-09-28 12:55:00-07:00,2025-09-28 19:55:00+00:00,2025-09-28 13:00:00-07:00,2025-09-28 20:00:00+00:00,REAL_TIME_5_MIN,SCEW_2_PDRP89-APND,AP Node,-1.57782,17.70773,-18.63041,-0.65515,0.0
2025-09-28 13:00:00-07:00,2025-09-28 20:00:00+00:00,2025-09-28 13:05:00-07:00,2025-09-28 20:05:00+00:00,REAL_TIME_5_MIN,ANAHEIM_6_N001,Node,-1.09122,17.46733,-17.84588,-0.71267,0.0
2025-09-28 13:00:00-07:00,2025-09-28 20:00:00+00:00,2025-09-28 13:05:00-07:00,2025-09-28 20:05:00+00:00,REAL_TIME_5_MIN,MKT_SUB_LNODEONC,Node,-0.06957,17.46733,-17.85483,0.31793,0.0
2025-09-28 13:00:00-07:00,2025-09-28 20:00:00+00:00,2025-09-28 13:05:00-07:00,2025-09-28 20:05:00+00:00,REAL_TIME_5_MIN,SCEW_2_PDRP89-APND,AP Node,-1.0428,17.46733,-17.84908,-0.66104,0.0
2025-09-28 13:05:00-07:00,2025-09-28 20:05:00+00:00,2025-09-28 13:10:00-07:00,2025-09-28 20:10:00+00:00,REAL_TIME_5_MIN,ANAHEIM_6_N001,Node,-1.4911,17.11203,-17.90496,-0.69817,0.0
2025-09-28 13:05:00-07:00,2025-09-28 20:05:00+00:00,2025-09-28 13:10:00-07:00,2025-09-28 20:10:00+00:00,REAL_TIME_5_MIN,MKT_SUB_LNODEONC,Node,-0.49161,17.11203,-17.9151,0.31146,0.0
2025-09-28 13:05:00-07:00,2025-09-28 20:05:00+00:00,2025-09-28 13:10:00-07:00,2025-09-28 20:10:00+00:00,REAL_TIME_5_MIN,SCEW_2_PDRP89-APND,AP Node,-1.44412,17.11203,-17.90855,-0.64759,0.0
2025-09-28 13:10:00-07:00,2025-09-28 20:10:00+00:00,2025-09-28 13:15:00-07:00,2025-09-28 20:15:00+00:00,REAL_TIME_5_MIN,ANAHEIM_6_N001,Node,-0.98716,17.24397,-17.52757,-0.70355,0.0
2025-09-28 13:10:00-07:00,2025-09-28 20:10:00+00:00,2025-09-28 13:15:00-07:00,2025-09-28 20:15:00+00:00,REAL_TIME_5_MIN,MKT_SUB_LNODEONC,Node,0.02188,17.24397,-17.53596,0.31386,0.0
2025-09-28 13:10:00-07:00,2025-09-28 20:10:00+00:00,2025-09-28 13:15:00-07:00,2025-09-28 20:15:00+00:00,REAL_TIME_5_MIN,SCEW_2_PDRP89-APND,AP Node,-0.93921,17.24397,-17.53059,-0.65259,0.0
2025-09-28 13:15:00-07:00,2025-09-28 20:15:00+00:00,2025-09-28 13:20:00-07:00,2025-09-28 20:20:00+00:00,REAL_TIME_5_MIN,ANAHEIM_6_N001,Node,-2.62331,16.44198,-18.41089,-0.65439,0.0
2025-09-28 13:15:00-07:00,2025-09-28 20:15:00+00:00,2025-09-28 13:20:00-07:00,2025-09-28 20:20:00+00:00,REAL_TIME_5_MIN,MKT_SUB_LNODEONC,Node,-1.80444,16.44198,-18.50458,0.25816,0.0
2025-09-28 13:15:00-07:00,2025-09-28 20:15:00+00:00,2025-09-28 13:20:00-07:00,2025-09-28 20:20:00+00:00,REAL_TIME_5_MIN,SCEW_2_PDRP89-APND,AP Node,-2.60655,16.44198,-18.44162,-0.6069,0.0
2025-09-28 13:20:00-07:00,2025-09-28 20:20:00+00:00,2025-09-28 13:25:00-07:00,2025-09-28 20:25:00+00:00,REAL_TIME_5_MIN,ANAHEIM_6_N001,Node,-1.85796,16.89153,-18.07721,-0.67228,0.0
2025-09-28 13:20:00-07:00,2025-09-28 20:20:00+00:00,2025-09-28 13:25:00-07:00,2025-09-28 20:25:00+00:00,REAL_TIME_5_MIN,MKT_SUB_LNODEONC,Node,-1.01589,16.89153,-18.17263,0.26522,0.0
2025-09-28 13:20:00-07:00,2025-09-28 20:20:00+00:00,2025-09-28 13:25:00-07:00,2025-09-28 20:25:00+00:00,REAL_TIME_5_MIN,SCEW_2_PDRP89-APND,AP Node,-1.84047,16.89153,-18.1085,-0.6235,0.0
2025-09-28 13:25:00-07:00,2025-09-28 20:25:00+00:00,2025-09-28 13:30:00-07:00,2025-09-28 20:30:00+00:00,REAL_TIME_5_MIN,ANAHEIM_6_N001,Node,-3.3046,15.77635,-18.45305,-0.6279,0.0
2025-09-28 13:25:00-07:00,2025-09-28 20:25:00+00:00,2025-09-28 13:30:00-07:00,2025-09-28 20:30:00+00:00,REAL_TIME_5_MIN,MKT_SUB_LNODEONC,Node,-2.52319,15.77635,-18.54725,0.24771,0.0
2025-09-28 13:25:00-07:00,2025-09-28 20:25:00+00:00,2025-09-28 13:30:00-07:00,2025-09-28 20:30:00+00:00,REAL_TIME_5_MIN,SCEW_2_PDRP89-APND,AP Node,-3.28993,15.77635,-18.48395,-0.58233,0.0
2025-09-28 13:30:00-07:00,2025-09-28 20:30:00+00:00,2025-09-28 13:35:00-07:00,2025-09-28 20:35:00+00:00,REAL_TIME_5_MIN,ANAHEIM_6_N001,Node,-1.59486,16.45551,-17.38887,-0.66151,0.0
2025-09-28 13:30:00-07:00,2025-09-28 20:30:00+00:00,2025-09-28 13:35:00-07:00,2025-09-28 20:35:00+00:00,REAL_TIME_5_MIN,MKT_SUB_LNODEONC,Node,-0.68931,16.45551,-17.3999,0.25508,0.0
2025-09-28 13:30:00-07:00,2025-09-28 20:30:00+00:00,2025-09-28 13:35:00-07:00,2025-09-28 20:35:00+00:00,REAL_TIME_5_MIN,SCEW_2_PDRP89-APND,AP Node,-1.51302,16.45551,-17.35401,-0.61452,0.0
2025-09-28 13:35:00-07:00,2025-09-28 20:35:00+00:00,2025-09-28 13:40:00-07:00,2025-09-28 20:40:00+00:00,REAL_TIME_5_MIN,ANAHEIM_6_N001,Node,-1.16315,16.85749,-17.34297,-0.67767,0.0
2025-09-28 13:35:00-07:00,2025-09-28 20:35:00+00:00,2025-09-28 13:40:00-07:00,2025-09-28 20:40:00+00:00,REAL_TIME_5_MIN,MKT_SUB_LNODEONC,Node,-0.23414,16.85749,-17.35294,0.26131,0.0
2025-09-28 13:35:00-07:00,2025-09-28 20:35:00+00:00,2025-09-28 13:40:00-07:00,2025-09-28 20:40:00+00:00,REAL_TIME_5_MIN,SCEW_2_PDRP89-APND,AP Node,-1.07792,16.85749,-17.30587,-0.62954,0.0
2025-09-28 13:40:00-07:00,2025-09-28 20:40:00+00:00,2025-09-28 13:45:00-07:00,2025-09-28 20:45:00+00:00,REAL_TIME_5_MIN,ANAHEIM_6_N001,Node,0.07467,17.6147,-16.83192,-0.70811,0.0
2025-09-28 13:40:00-07:00,2025-09-28 20:40:00+00:00,2025-09-28 13:45:00-07:00,2025-09-28 20:45:00+00:00,REAL_TIME_5_MIN,MKT_SUB_LNODEONC,Node,1.04913,17.6147,-16.83862,0.27305,0.0
2025-09-28 13:40:00-07:00,2025-09-28 20:40:00+00:00,2025-09-28 13:45:00-07:00,2025-09-28 20:45:00+00:00,REAL_TIME_5_MIN,SCEW_2_PDRP89-APND,AP Node,0.16587,17.6147,-16.79101,-0.65781,0.0
2025-09-28 13:45:00-07:00,2025-09-28 20:45:00+00:00,2025-09-28 13:50:00-07:00,2025-09-28 20:50:00+00:00,REAL_TIME_5_MIN,ANAHEIM_6_N001,Node,0.46974,17.7141,-16.54288,-0.70148,0.0
2025-09-28 13:45:00-07:00,2025-09-28 20:45:00+00:00,2025-09-28 13:50:00-07:00,2025-09-28 20:50:00+00:00,REAL_TIME_5_MIN,MKT_SUB_LNODEONC,Node,1.42424,17.7141,-16.5485,0.25864,0.0
2025-09-28 13:45:00-07:00,2025-09-28 20:45:00+00:00,2025-09-28 13:50:00-07:00,2025-09-28 20:50:00+00:00,REAL_TIME_5_MIN,SCEW_2_PDRP89-APND,AP Node,0.49628,17.7141,-16.56866,-0.64917,0.0
2025-09-28 13:50:00-07:00,2025-09-28 20:50:00+00:00,2025-09-28 13:55:00-07:00,2025-09-28 20:55:00+00:00,REAL_TIME_5_MIN,ANAHEIM_6_N001,Node,2.7874,18.79617,-15.26445,-0.74433,0.0
2025-09-28 13:50:00-07:00,2025-09-28 20:50:00+00:00,2025-09-28 13:55:00-07:00,2025-09-28 20:55:00+00:00,REAL_TIME_5_MIN,MKT_SUB_LNODEONC,Node,3.80737,18.79617,-15.26325,0.27444,0.0
2025-09-28 13:50:00-07:00,2025-09-28 20:50:00+00:00,2025-09-28 13:55:00-07:00,2025-09-28 20:55:00+00:00,REAL_TIME_5_MIN,SCEW_2_PDRP89-APND,AP Node,2.81745,18.79617,-15.2899,-0.68882,0.0
2025-09-28 13:55:00-07:00,2025-09-28 20:55:00+00:00,2025-09-28 14:00:00-07:00,2025-09-28 21:00:00+00:00,REAL_TIME_5_MIN,ANAHEIM_6_N001,Node,4.30351,19.89584,-14.80445,-0.78788,0.0
2025-09-28 13:55:00-07:00,2025-09-28 20:55:00+00:00,2025-09-28 14:00:00-07:00,2025-09-28 21:00:00+00:00,REAL_TIME_5_MIN,MKT_SUB_LNODEONC,Node,5.38309,19.89584,-14.80325,0.2905,0.0
2025-09-28 13:55:00-07:00,2025-09-28 20:55:00+00:00,2025-09-28 14:00:00-07:00,2025-09-28 21:00:00+00:00,REAL_TIME_5_MIN,SCEW_2_PDRP89-APND,AP Node,4.33775,19.89584,-14.82897,-0.72912,0.0
2025-09-28 14:00:00-07:00,2025-09-28 21:00:00+00:00,2025-09-28 14:05:00-07:00,2025-09-28 21:05:00+00:00,REAL_TIME_5_MIN,ANAHEIM_6_N001,Node,5.02389,18.8023,-13.0846,-0.6938,0.0
2025-09-28 14:00:00-07:00,2025-09-28 21:00:00+00:00,2025-09-28 14:05:00-07:00,2025-09-28 21:05:00+00:00,REAL_TIME_5_MIN,MKT_SUB_LNODEONC,Node,5.97405,18.8023,-13.0915,0.26325,0.0
2025-09-28 14:00:00-07:00,2025-09-28 21:00:00+00:00,2025-09-28 14:05:00-07:00,2025-09-28 21:05:00+00:00,REAL_TIME_5_MIN,SCEW_2_PDRP89-APND,AP Node,5.09784,18.8023,-13.07047,-0.63399,0.0
2025-09-28 14:05:00-07:00,2025-09-28 21:05:00+00:00,2025-09-28 14:10:00-07:00,2025-09-28 21:10:00+00:00,REAL_TIME_5_MIN,ANAHEIM_6_N001,Node,2.96581,17.5858,-13.97107,-0.64892,0.0
2025-09-28 14:05:00-07:00,2025-09-28 21:05:00+00:00,2025-09-28 14:10:00-07:00,2025-09-28 21:10:00+00:00,REAL_TIME_5_MIN,MKT_SUB_LNODEONC,Node,3.85128,17.5858,-13.98073,0.24622,0.0
2025-09-28 14:05:00-07:00,2025-09-28 21:05:00+00:00,2025-09-28 14:10:00-07:00,2025-09-28 21:10:00+00:00,REAL_TIME_5_MIN,SCEW_2_PDRP89-APND,AP Node,3.03521,17.5858,-13.95761,-0.59297,0.0
2025-09-28 14:10:00-07:00,2025-09-28 21:10:00+00:00,2025-09-28 14:15:00-07:00,2025-09-28 21:15:00+00:00,REAL_TIME_5_MIN,ANAHEIM_6_N001,Node,-1.25183,15.38258,-16.0668,-0.56762,0.0
2025-09-28 14:10:00-07:00,2025-09-28 21:10:00+00:00,2025-09-28 14:15:00-07:00,2025-09-28 21:15:00+00:00,REAL_TIME_5_MIN,MKT_SUB_LNODEONC,Node,-0.48528,15.38258,-16.08323,0.21537,0.0
2025-09-28 14:10:00-07:00,2025-09-28 21:10:00+00:00,2025-09-28 14:15:00-07:00,2025-09-28 21:15:00+00:00,REAL_TIME_5_MIN,SCEW_2_PDRP89-APND,AP Node,-1.18832,15.38258,-16.05221,-0.51868,0.0
2025-09-28 14:15:00-07:00,2025-09-28 21:15:00+00:00,2025-09-28 14:20:00-07:00,2025-09-28 21:20:00+00:00,REAL_TIME_5_MIN,ANAHEIM_6_N001,Node,-3.6918,12.82808,-16.05294,-0.46694,0.0
2025-09-28 14:15:00-07:00,2025-09-28 21:15:00+00:00,2025-09-28 14:20:00-07:00,2025-09-28 21:20:00+00:00,REAL_TIME_5_MIN,MKT_SUB_LNODEONC,Node,-3.10019,12.82808,-16.10532,0.17704,0.0
2025-09-28 14:15:00-07:00,2025-09-28 21:15:00+00:00,2025-09-28 14:20:00-07:00,2025-09-28 21:20:00+00:00,REAL_TIME_5_MIN,SCEW_2_PDRP89-APND,AP Node,-3.57792,12.82808,-15.97861,-0.42739,0.0
2025-09-28 14:20:00-07:00,2025-09-28 21:20:00+00:00,2025-09-28 14:25:00-07:00,2025-09-28 21:25:00+00:00,REAL_TIME_5_MIN,ANAHEIM_6_N001,Node,-3.81833,14.05897,-17.36555,-0.51175,0.0
2025-09-28 14:20:00-07:00,2025-09-28 21:20:00+00:00,2025-09-28 14:25:00-07:00,2025-09-28 21:25:00+00:00,REAL_TIME_5_MIN,MKT_SUB_LNODEONC,Node,-3.17981,14.05897,-17.43281,0.19403,0.0
2025-09-28 14:20:00-07:00,2025-09-28 21:20:00+00:00,2025-09-28 14:25:00-07:00,2025-09-28 21:25:00+00:00,REAL_TIME_5_MIN,SCEW_2_PDRP89-APND,AP Node,-3.7157,14.05897,-17.30627,-0.4684,0.0
2025-09-28 14:25:00-07:00,2025-09-28 21:25:00+00:00,2025-09-28 14:30:00-07:00,2025-09-28 21:30:00+00:00,REAL_TIME_5_MIN,ANAHEIM_6_N001,Node,-3.71357,14.1136,-17.31343,-0.51373,0.0
2025-09-28 14:25:00-07:00,2025-09-28 21:25:00+00:00,2025-09-28 14:30:00-07:00,2025-09-28 21:30:00+00:00,REAL_TIME_5_MIN,MKT_SUB_LNODEONC,Node,-3.07248,14.1136,-17.38086,0.19478,0.0
2025-09-28 14:25:00-07:00,2025-09-28 21:25:00+00:00,2025-09-28 14:30:00-07:00,2025-09-28 21:30:00+00:00,REAL_TIME_5_MIN,SCEW_2_PDRP89-APND,AP Node,-3.61095,14.1136,-17.25433,-0.47022,0.0
2025-09-28 14:30:00-07:00,2025-09-28 21:30:00+00:00,2025-09-28 14:35:00-07:00,2025-09-28 21:35:00+00:00,REAL_TIME_5_MIN,ANAHEIM_6_N001,Node,-3.54456,14.28459,-17.32347,-0.50567,0.0
2025-09-28 14:30:00-07:00,2025-09-28 21:30:00+00:00,2025-09-28 14:35:00-07:00,2025-09-28 21:35:00+00:00,REAL_TIME_5_MIN,MKT_SUB_LNODEONC,Node,-2.84938,14.28459,-17.33968,0.20572,0.0
2025-09-28 14:30:00-07:00,2025-09-28 21:30:00+00:00,2025-09-28 14:35:00-07:00,2025-09-28 21:35:00+00:00,REAL_TIME_5_MIN,SCEW_2_PDRP89-APND,AP Node,-3.45379,14.28459,-17.27625,-0.46213,0.0
2025-09-28 14:35:00-07:00,2025-09-28 21:35:00+00:00,2025-09-28 14:40:00-07:00,2025-09-28 21:40:00+00:00,REAL_TIME_5_MIN,ANAHEIM_6_N001,Node,0.51636,16.42555,-15.32774,-0.58146,0.0
2025-09-28 14:35:00-07:00,2025-09-28 21:35:00+00:00,2025-09-28 14:40:00-07:00,2025-09-28 21:40:00+00:00,REAL_TIME_5_MIN,MKT_SUB_LNODEONC,Node,1.32219,16.42555,-15.33991,0.23655,0.0
2025-09-28 14:35:00-07:00,2025-09-28 21:35:00+00:00,2025-09-28 14:40:00-07:00,2025-09-28 21:40:00+00:00,REAL_TIME_5_MIN,SCEW_2_PDRP89-APND,AP Node,0.62029,16.42555,-15.27388,-0.53139,0.0
2025-09-28 14:40:00-07:00,2025-09-28 21:40:00+00:00,2025-09-28 14:45:00-07:00,2025-09-28 21:45:00+00:00,REAL_TIME_5_MIN,ANAHEIM_6_N001,Node,1.54547,17.04425,-14.89541,-0.60337,0.0
2025-09-28 14:40:00-07:00,2025-09-28 21:40:00+00:00,2025-09-28 14:45:00-07:00,2025-09-28 21:45:00+00:00,REAL_TIME_5_MIN,MKT_SUB_LNODEONC,Node,2.38218,17.04425,-14.9075,0.24544,0.0
2025-09-28 14:40:00-07:00,2025-09-28 21:40:00+00:00,2025-09-28 14:45:00-07:00,2025-09-28 21:45:00+00:00,REAL_TIME_5_MIN,SCEW_2_PDRP89-APND,AP Node,1.652,17.04425,-14.84084,-0.5514,0.0
2025-09-28 14:45:00-07:00,2025-09-28 21:45:00+00:00,2025-09-28 14:50:00-07:00,2025-09-28 21:50:00+00:00,REAL_TIME_5_MIN,ANAHEIM_6_N001,Node,-0.24161,15.90203,-15.57911,-0.56452,0.0
2025-09-28 14:45:00-07:00,2025-09-28 21:45:00+00:00,2025-09-28 14:50:00-07:00,2025-09-28 21:50:00+00:00,REAL_TIME_5_MIN,MKT_SUB_LNODEONC,Node,0.48212,15.90203,-15.64253,0.22263,0.0
2025-09-28 14:45:00-07:00,2025-09-28 21:45:00+00:00,2025-09-28 14:50:00-07:00,2025-09-28 21:50:00+00:00,REAL_TIME_5_MIN,SCEW_2_PDRP89-APND,AP Node,-0.14014,15.90203,-15.52971,-0.51245,0.0
2025-09-28 14:50:00-07:00,2025-09-28 21:50:00+00:00,2025-09-28 14:55:00-07:00,2025-09-28 21:55:00+00:00,REAL_TIME_5_MIN,ANAHEIM_6_N001,Node,3.45354,17.82403,-13.73773,-0.63275,0.0
2025-09-28 14:50:00-07:00,2025-09-28 21:50:00+00:00,2025-09-28 14:55:00-07:00,2025-09-28 21:55:00+00:00,REAL_TIME_5_MIN,MKT_SUB_LNODEONC,Node,4.2794,17.82403,-13.79417,0.24954,0.0
2025-09-28 14:50:00-07:00,2025-09-28 21:50:00+00:00,2025-09-28 14:55:00-07:00,2025-09-28 21:55:00+00:00,REAL_TIME_5_MIN,SCEW_2_PDRP89-APND,AP Node,3.56593,17.82403,-13.68371,-0.57439,0.0
2025-09-28 14:55:00-07:00,2025-09-28 21:55:00+00:00,2025-09-28 15:00:00-07:00,2025-09-28 22:00:00+00:00,REAL_TIME_5_MIN,ANAHEIM_6_N001,Node,1.60244,16.81258,-14.61329,-0.59685,0.0
2025-09-28 14:55:00-07:00,2025-09-28 21:55:00+00:00,2025-09-28 15:00:00-07:00,2025-09-28 22:00:00+00:00,REAL_TIME_5_MIN,MKT_SUB_LNODEONC,Node,2.37633,16.81258,-14.67162,0.23538,0.0
2025-09-28 14:55:00-07:00,2025-09-28 21:55:00+00:00,2025-09-28 15:00:00-07:00,2025-09-28 22:00:00+00:00,REAL_TIME_5_MIN,SCEW_2_PDRP89-APND,AP Node,1.71246,16.81258,-14.55832,-0.5418,0.0
2025-09-28 15:00:00-07:00,2025-09-28 22:00:00+00:00,2025-09-28 15:05:00-07:00,2025-09-28 22:05:00+00:00,REAL_TIME_5_MIN,ANAHEIM_6_N001,Node,-3.27535,13.58067,-16.3318,-0.52421,0.0
2025-09-28 15:00:00-07:00,2025-09-28 22:00:00+00:00,2025-09-28 15:05:00-07:00,2025-09-28 22:05:00+00:00,REAL_TIME_5_MIN,MKT_SUB_LNODEONC,Node,-2.5833,13.58067,-16.35139,0.18743,0.0
2025-09-28 15:00:00-07:00,2025-09-28 22:00:00+00:00,2025-09-28 15:05:00-07:00,2025-09-28 22:05:00+00:00,REAL_TIME_5_MIN,SCEW_2_PDRP89-APND,AP Node,-3.35743,13.58067,-16.45525,-0.48285,0.0
2025-09-28 15:05:00-07:00,2025-09-28 22:05:00+00:00,2025-09-28 15:10:00-07:00,2025-09-28 22:10:00+00:00,REAL_TIME_5_MIN,ANAHEIM_6_N001,Node,-1.63836,14.43776,-15.51883,-0.5573,0.0
2025-09-28 15:05:00-07:00,2025-09-28 22:05:00+00:00,2025-09-28 15:10:00-07:00,2025-09-28 22:10:00+00:00,REAL_TIME_5_MIN,MKT_SUB_LNODEONC,Node,-0.89884,14.43776,-15.53586,0.19926,0.0
2025-09-28 15:05:00-07:00,2025-09-28 22:05:00+00:00,2025-09-28 15:10:00-07:00,2025-09-28 22:10:00+00:00,REAL_TIME_5_MIN,SCEW_2_PDRP89-APND,AP Node,-1.71598,14.43776,-15.64042,-0.51332,0.0
2025-09-28 15:10:00-07:00,2025-09-28 22:10:00+00:00,2025-09-28 15:15:00-07:00,2025-09-28 22:15:00+00:00,REAL_TIME_5_MIN,ANAHEIM_6_N001,Node,-1.45442,14.70786,-15.59456,-0.56772,0.0
2025-09-28 15:10:00-07:00,2025-09-28 22:10:00+00:00,2025-09-28 15:15:00-07:00,2025-09-28 22:15:00+00:00,REAL_TIME_5_MIN,MKT_SUB_LNODEONC,Node,-0.70034,14.70786,-15.61118,0.20298,0.0
2025-09-28 15:10:00-07:00,2025-09-28 22:10:00+00:00,2025-09-28 15:15:00-07:00,2025-09-28 22:15:00+00:00,REAL_TIME_5_MIN,SCEW_2_PDRP89-APND,AP Node,-1.52707,14.70786,-15.712,-0.52292,0.0
2025-09-28 15:15:00-07:00,2025-09-28 22:15:00+00:00,2025-09-28 15:20:00-07:00,2025-09-28 22:20:00+00:00,REAL_TIME_5_MIN,ANAHEIM_6_N001,Node,1.93811,16.2914,-13.70978,-0.64351,0.0
2025-09-28 15:15:00-07:00,2025-09-28 22:15:00+00:00,2025-09-28 15:20:00-07:00,2025-09-28 22:20:00+00:00,REAL_TIME_5_MIN,MKT_SUB_LNODEONC,Node,2.7711,16.2914,-13.74839,0.2281,0.0
2025-09-28 15:15:00-07:00,2025-09-28 22:15:00+00:00,2025-09-28 15:20:00-07:00,2025-09-28 22:20:00+00:00,REAL_TIME_5_MIN,SCEW_2_PDRP89-APND,AP Node,1.87128,16.2914,-13.82729,-0.59283,0.0
2025-09-28 15:20:00-07:00,2025-09-28 22:20:00+00:00,2025-09-28 15:25:00-07:00,2025-09-28 22:25:00+00:00,REAL_TIME_5_MIN,ANAHEIM_6_N001,Node,1.09644,16.01771,-14.28857,-0.6327,0.0
2025-09-28 15:20:00-07:00,2025-09-28 22:20:00+00:00,2025-09-28 15:25:00-07:00,2025-09-28 22:25:00+00:00,REAL_TIME_5_MIN,MKT_SUB_LNODEONC,Node,1.91239,16.01771,-14.32958,0.22426,0.0
2025-09-28 15:20:00-07:00,2025-09-28 22:20:00+00:00,2025-09-28 15:25:00-07:00,2025-09-28 22:25:00+00:00,REAL_TIME_5_MIN,SCEW_2_PDRP89-APND,AP Node,1.02718,16.01771,-14.40766,-0.58287,0.0
2025-09-28 15:25:00-07:00,2025-09-28 22:25:00+00:00,2025-09-28 15:30:00-07:00,2025-09-28 22:30:00+00:00,REAL_TIME_5_MIN,ANAHEIM_6_N001,Node,3.48719,17.11111,-12.94803,-0.67589,0.0
2025-09-28 15:25:00-07:00,2025-09-28 22:25:00+00:00,2025-09-28 15:30:00-07:00,2025-09-28 22:30:00+00:00,REAL_TIME_5_MIN,MKT_SUB_LNODEONC,Node,4.3673,17.11111,-12.98338,0.23957,0.0
2025-09-28 15:25:00-07:00,2025-09-28 22:25:00+00:00,2025-09-28 15:30:00-07:00,2025-09-28 22:30:00+00:00,REAL_TIME_5_MIN,SCEW_2_PDRP89-APND,AP Node,3.42496,17.11111,-13.06349,-0.62266,0.0
2025-09-28 15:30:00-07:00,2025-09-28 22:30:00+00:00,2025-09-28 15:35:00-07:00,2025-09-28 22:35:00+00:00,REAL_TIME_5_MIN,ANAHEIM_6_N001,Node,4.87763,17.10681,-11.58082,-0.64835,0.0
2025-09-28 15:30:00-07:00,2025-09-28 22:30:00+00:00,2025-09-28 15:35:00-07:00,2025-09-28 22:35:00+00:00,REAL_TIME_5_MIN,MKT_SUB_LNODEONC,Node,5.78013,17.10681,-11.58672,0.26004,0.0
2025-09-28 15:30:00-07:00,2025-09-28 22:30:00+00:00,2025-09-28 15:35:00-07:00,2025-09-28 22:35:00+00:00,REAL_TIME_5_MIN,SCEW_2_PDRP89-APND,AP Node,4.92914,17.10681,-11.58309,-0.59457,0.0
2025-09-28 15:35:00-07:00,2025-09-28 22:35:00+00:00,2025-09-28 15:40:00-07:00,2025-09-28 22:40:00+00:00,REAL_TIME_5_MIN,ANAHEIM_6_N001,Node,4.2379,17.44236,-12.54339,-0.66107,0.0
2025-09-28 15:35:00-07:00,2025-09-28 22:35:00+00:00,2025-09-28 15:40:00-07:00,2025-09-28 22:40:00+00:00,REAL_TIME_5_MIN,MKT_SUB_LNODEONC,Node,5.15592,17.44236,-12.55158,0.26514,0.0
2025-09-28 15:35:00-07:00,2025-09-28 22:35:00+00:00,2025-09-28 15:40:00-07:00,2025-09-28 22:40:00+00:00,REAL_TIME_5_MIN,SCEW_2_PDRP89-APND,AP Node,4.28972,17.44236,-12.5464,-0.60623,0.0
2025-09-28 15:40:00-07:00,2025-09-28 22:40:00+00:00,2025-09-28 15:45:00-07:00,2025-09-28 22:45:00+00:00,REAL_TIME_5_MIN,ANAHEIM_6_N001,Node,-0.73438,15.73632,-15.87429,-0.59641,0.0
2025-09-28 15:40:00-07:00,2025-09-28 22:40:00+00:00,2025-09-28 15:45:00-07:00,2025-09-28 22:45:00+00:00,REAL_TIME_5_MIN,MKT_SUB_LNODEONC,Node,0.03928,15.73632,-15.93624,0.23921,0.0
2025-09-28 15:40:00-07:00,2025-09-28 22:40:00+00:00,2025-09-28 15:45:00-07:00,2025-09-28 22:45:00+00:00,REAL_TIME_5_MIN,SCEW_2_PDRP89-APND,AP Node,-0.70538,15.73632,-15.89476,-0.54694,0.0
2025-09-28 15:45:00-07:00,2025-09-28 22:45:00+00:00,2025-09-28 15:50:00-07:00,2025-09-28 22:50:00+00:00,REAL_TIME_5_MIN,ANAHEIM_6_N001,Node,-3.19766,14.78194,-17.41788,-0.56171,0.0
2025-09-28 15:45:00-07:00,2025-09-28 22:45:00+00:00,2025-09-28 15:50:00-07:00,2025-09-28 22:50:00+00:00,REAL_TIME_5_MIN,MKT_SUB_LNODEONC,Node,-2.45499,14.78194,-17.46754,0.23062,0.0
2025-09-28 15:45:00-07:00,2025-09-28 22:45:00+00:00,2025-09-28 15:50:00-07:00,2025-09-28 22:50:00+00:00,REAL_TIME_5_MIN,SCEW_2_PDRP89-APND,AP Node,-3.17251,14.78194,-17.44209,-0.51236,0.0
2025-09-28 15:50:00-07:00,2025-09-28 22:50:00+00:00,2025-09-28 15:55:00-07:00,2025-09-28 22:55:00+00:00,REAL_TIME_5_MIN,ANAHEIM_6_N001,Node,-3.47525,13.97153,-16.91586,-0.53092,0.0
2025-09-28 15:50:00-07:00,2025-09-28 22:50:00+00:00,2025-09-28 15:55:00-07:00,2025-09-28 22:55:00+00:00,REAL_TIME_5_MIN,MKT_SUB_LNODEONC,Node,-2.7476,13.97153,-16.93711,0.21797,0.0
2025-09-28 15:50:00-07:00,2025-09-28 22:50:00+00:00,2025-09-28 15:55:00-07:00,2025-09-28 22:55:00+00:00,REAL_TIME_5_MIN,SCEW_2_PDRP89-APND,AP Node,-3.44313,13.97153,-16.93039,-0.48427,0.0
2025-09-28 15:55:00-07:00,2025-09-28 22:55:00+00:00,2025-09-28 16:00:00-07:00,2025-09-28 23:00:00+00:00,REAL_TIME_5_MIN,ANAHEIM_6_N001,Node,-1.66863,14.20378,-15.33266,-0.53974,0.0
2025-09-28 15:55:00-07:00,2025-09-28 22:55:00+00:00,2025-09-28 16:00:00-07:00,2025-09-28 23:00:00+00:00,REAL_TIME_5_MIN,MKT_SUB_LNODEONC,Node,-0.94309,14.20378,-15.36847,0.2216,0.0
2025-09-28 15:55:00-07:00,2025-09-28 22:55:00+00:00,2025-09-28 16:00:00-07:00,2025-09-28 23:00:00+00:00,REAL_TIME_5_MIN,SCEW_2_PDRP89-APND,AP Node,-1.63982,14.20378,-15.35128,-0.49232,0.0
2025-09-28 16:00:00-07:00,2025-09-28 23:00:00+00:00,2025-09-28 16:05:00-07:00,2025-09-28 23:05:00+00:00,REAL_TIME_5_MIN,ANAHEIM_6_N001,Node,-3.47282,13.06735,-15.99657,-0.5436,0.0
2025-09-28 16:00:00-07:00,2025-09-28 23:00:00+00:00,2025-09-28 16:05:00-07:00,2025-09-28 23:05:00+00:00,REAL_TIME_5_MIN,MKT_SUB_LNODEONC,Node,-2.74088,13.06735,-16.01079,0.20256,0.0
2025-09-28 16:00:00-07:00,2025-09-28 23:00:00+00:00,2025-09-28 16:05:00-07:00,2025-09-28 23:05:00+00:00,REAL_TIME_5_MIN,SCEW_2_PDRP89-APND,AP Node,-3.43869,13.06735,-16.00652,-0.49951,0.0
2025-09-28 16:05:00-07:00,2025-09-28 23:05:00+00:00,2025-09-28 16:10:00-07:00,2025-09-28 23:10:00+00:00,REAL_TIME_5_MIN,ANAHEIM_6_N001,Node,-3.77032,12.94628,-16.17803,-0.53857,0.0
2025-09-28 16:05:00-07:00,2025-09-28 23:05:00+00:00,2025-09-28 16:10:00-07:00,2025-09-28 23:10:00+00:00,REAL_TIME_5_MIN,MKT_SUB_LNODEONC,Node,-3.04725,12.94628,-16.19421,0.20069,0.0
2025-09-28 16:05:00-07:00,2025-09-28 23:05:00+00:00,2025-09-28 16:10:00-07:00,2025-09-28 23:10:00+00:00,REAL_TIME_5_MIN,SCEW_2_PDRP89-APND,AP Node,-3.73788,12.94628,-16.18927,-0.49488,0.0
2025-09-28 16:10:00-07:00,2025-09-28 23:10:00+00:00,2025-09-28 16:15:00-07:00,2025-09-28 23:15:00+00:00,REAL_TIME_5_MIN,ANAHEIM_6_N001,Node,-2.75647,13.53575,-15.72913,-0.56309,0.0
2025-09-28 16:10:00-07:00,2025-09-28 23:10:00+00:00,2025-09-28 16:15:00-07:00,2025-09-28 23:15:00+00:00,REAL_TIME_5_MIN,MKT_SUB_LNODEONC,Node,-1.99791,13.53575,-15.74348,0.20982,0.0
2025-09-28 16:10:00-07:00,2025-09-28 23:10:00+00:00,2025-09-28 16:15:00-07:00,2025-09-28 23:15:00+00:00,REAL_TIME_5_MIN,SCEW_2_PDRP89-APND,AP Node,-2.70876,13.53575,-15.7271,-0.51742,0.0
2025-09-28 16:15:00-07:00,2025-09-28 23:15:00+00:00,2025-09-28 16:20:00-07:00,2025-09-28 23:20:00+00:00,REAL_TIME_5_MIN,ANAHEIM_6_N001,Node,-2.45114,13.93364,-15.8149,-0.56989,0.0
2025-09-28 16:15:00-07:00,2025-09-28 23:15:00+00:00,2025-09-28 16:20:00-07:00,2025-09-28 23:20:00+00:00,REAL_TIME_5_MIN,MKT_SUB_LNODEONC,Node,-1.67831,13.93364,-15.85441,0.24247,0.0
2025-09-28 16:15:00-07:00,2025-09-28 23:15:00+00:00,2025-09-28 16:20:00-07:00,2025-09-28 23:20:00+00:00,REAL_TIME_5_MIN,SCEW_2_PDRP89-APND,AP Node,-2.33041,13.93364,-15.74254,-0.52151,0.0
2025-09-28 16:20:00-07:00,2025-09-28 23:20:00+00:00,2025-09-28 16:25:00-07:00,2025-09-28 23:25:00+00:00,REAL_TIME_5_MIN,ANAHEIM_6_N001,Node,3.65984,17.57085,-13.19236,-0.71865,0.0
2025-09-28 16:20:00-07:00,2025-09-28 23:20:00+00:00,2025-09-28 16:25:00-07:00,2025-09-28 23:25:00+00:00,REAL_TIME_5_MIN,MKT_SUB_LNODEONC,Node,4.64634,17.57085,-13.23027,0.30575,0.0
2025-09-28 16:20:00-07:00,2025-09-28 23:20:00+00:00,2025-09-28 16:25:00-07:00,2025-09-28 23:25:00+00:00,REAL_TIME_5_MIN,SCEW_2_PDRP89-APND,AP Node,3.79014,17.57085,-13.12306,-0.65765,0.0
2025-09-28 16:25:00-07:00,2025-09-28 23:25:00+00:00,2025-09-28 16:30:00-07:00,2025-09-28 23:30:00+00:00,REAL_TIME_5_MIN,ANAHEIM_6_N001,Node,7.771,19.83791,-11.25554,-0.81137,0.0
2025-09-28 16:25:00-07:00,2025-09-28 23:25:00+00:00,2025-09-28 16:30:00-07:00,2025-09-28 23:30:00+00:00,REAL_TIME_5_MIN,MKT_SUB_LNODEONC,Node,8.89525,19.83791,-11.28786,0.3452,0.0
2025-09-28 16:25:00-07:00,2025-09-28 23:25:00+00:00,2025-09-28 16:30:00-07:00,2025-09-28 23:30:00+00:00,REAL_TIME_5_MIN,SCEW_2_PDRP89-APND,AP Node,7.91691,19.83791,-11.1785,-0.7425,0.0
2025-09-28 16:30:00-07:00,2025-09-28 23:30:00+00:00,2025-09-28 16:35:00-07:00,2025-09-28 23:35:00+00:00,REAL_TIME_5_MIN,ANAHEIM_6_N001,Node,7.41911,18.92256,-10.74843,-0.75501,0.0
2025-09-28 16:30:00-07:00,2025-09-28 23:30:00+00:00,2025-09-28 16:35:00-07:00,2025-09-28 23:35:00+00:00,REAL_TIME_5_MIN,MKT_SUB_LNODEONC,Node,8.48379,18.92256,-10.78129,0.34252,0.0
2025-09-28 16:30:00-07:00,2025-09-28 23:30:00+00:00,2025-09-28 16:35:00-07:00,2025-09-28 23:35:00+00:00,REAL_TIME_5_MIN,SCEW_2_PDRP89-APND,AP Node,7.46753,18.92256,-10.76756,-0.68747,0.0
2025-09-28 16:35:00-07:00,2025-09-28 23:35:00+00:00,2025-09-28 16:40:00-07:00,2025-09-28 23:40:00+00:00,REAL_TIME_5_MIN,ANAHEIM_6_N001,Node,18.46362,27.02476,-7.48285,-1.07829,0.0
2025-09-28 16:35:00-07:00,2025-09-28 23:35:00+00:00,2025-09-28 16:40:00-07:00,2025-09-28 23:40:00+00:00,REAL_TIME_5_MIN,MKT_SUB_LNODEONC,Node,20.03089,27.02476,-7.48302,0.48915,0.0
2025-09-28 16:35:00-07:00,2025-09-28 23:35:00+00:00,2025-09-28 16:40:00-07:00,2025-09-28 23:40:00+00:00,REAL_TIME_5_MIN,SCEW_2_PDRP89-APND,AP Node,18.56002,27.02476,-7.48291,-0.98183,0.0
2025-09-28 16:40:00-07:00,2025-09-28 23:40:00+00:00,2025-09-28 16:45:00-07:00,2025-09-28 23:45:00+00:00,REAL_TIME_5_MIN,ANAHEIM_6_N001,Node,20.36855,29.32984,-7.79103,-1.17026,0.0
2025-09-28 16:40:00-07:00,2025-09-28 23:40:00+00:00,2025-09-28 16:45:00-07:00,2025-09-28 23:45:00+00:00,REAL_TIME_5_MIN,MKT_SUB_LNODEONC,Node,22.06969,29.32984,-7.79103,0.53087,0.0
2025-09-28 16:40:00-07:00,2025-09-28 23:40:00+00:00,2025-09-28 16:45:00-07:00,2025-09-28 23:45:00+00:00,REAL_TIME_5_MIN,SCEW_2_PDRP89-APND,AP Node,20.47324,29.32984,-7.79103,-1.06558,0.0
2025-09-28 16:45:00-07:00,2025-09-28 23:45:00+00:00,2025-09-28 16:50:00-07:00,2025-09-28 23:50:00+00:00,REAL_TIME_5_MIN,ANAHEIM_6_N001,Node,25.20076,31.87103,-5.48786,-1.18242,0.0
2025-09-28 16:45:00-07:00,2025-09-28 23:45:00+00:00,2025-09-28 16:50:00-07:00,2025-09-28 23:50:00+00:00,REAL_TIME_5_MIN,MKT_SUB_LNODEONC,Node,27.11621,31.87103,-5.48786,0.73303,0.0
2025-09-28 16:45:00-07:00,2025-09-28 23:45:00+00:00,2025-09-28 16:50:00-07:00,2025-09-28 23:50:00+00:00,REAL_TIME_5_MIN,SCEW_2_PDRP89-APND,AP Node,25.31644,31.87103,-5.48786,-1.06674,0.0
2025-09-28 16:50:00-07:00,2025-09-28 23:50:00+00:00,2025-09-28 16:55:00-07:00,2025-09-28 23:55:00+00:00,REAL_TIME_5_MIN,ANAHEIM_6_N001,Node,27.01015,34.02011,-5.74781,-1.26215,0.0
2025-09-28 16:50:00-07:00,2025-09-28 23:50:00+00:00,2025-09-28 16:55:00-07:00,2025-09-28 23:55:00+00:00,REAL_TIME_5_MIN,MKT_SUB_LNODEONC,Node,29.05476,34.02011,-5.74781,0.78246,0.0
2025-09-28 16:50:00-07:00,2025-09-28 23:50:00+00:00,2025-09-28 16:55:00-07:00,2025-09-28 23:55:00+00:00,REAL_TIME_5_MIN,SCEW_2_PDRP89-APND,AP Node,27.13362,34.02011,-5.74781,-1.13867,0.0
2025-09-28 16:55:00-07:00,2025-09-28 23:55:00+00:00,2025-09-28 17:00:00-07:00,2025-09-29 00:00:00+00:00,REAL_TIME_5_MIN,ANAHEIM_6_N001,Node,28.78528,36.1285,-6.00285,-1.34037,0.0
2025-09-28 16:55:00-07:00,2025-09-28 23:55:00+00:00,2025-09-28 17:00:00-07:00,2025-09-29 00:00:00+00:00,REAL_TIME_5_MIN,MKT_SUB_LNODEONC,Node,30.9566,36.1285,-6.00285,0.83096,0.0
2025-09-28 16:55:00-07:00,2025-09-28 23:55:00+00:00,2025-09-28 17:00:00-07:00,2025-09-29 00:00:00+00:00,REAL_TIME_5_MIN,SCEW_2_PDRP89-APND,AP Node,28.9164,36.1285,-6.00285,-1.20924,0.0
2025-09-28 17:00:00-07:00,2025-09-29 00:00:00+00:00,2025-09-28 17:05:00-07:00,2025-09-29 00:05:00+00:00,REAL_TIME_5_MIN,ANAHEIM_6_N001,Node,20.01882,25.18692,-4.48301,-0.68508,0.0
2025-09-28 17:00:00-07:00,2025-09-29 00:00:00+00:00,2025-09-28 17:05:00-07:00,2025-09-29 00:05:00+00:00,REAL_TIME_5_MIN,MKT_SUB_LNODEONC,Node,21.22779,25.18692,-4.48301,0.52389,0.0
2025-09-28 17:00:00-07:00,2025-09-29 00:00:00+00:00,2025-09-28 17:05:00-07:00,2025-09-29 00:05:00+00:00,REAL_TIME_5_MIN,SCEW_2_PDRP89-APND,AP Node,20.09156,25.18692,-4.48301,-0.61235,0.0
2025-09-28 17:05:00-07:00,2025-09-29 00:05:00+00:00,2025-09-28 17:10:00-07:00,2025-09-29 00:10:00+00:00,REAL_TIME_5_MIN,ANAHEIM_6_N001,Node,21.33177,26.15777,-4.11451,-0.71149,0.0
2025-09-28 17:05:00-07:00,2025-09-29 00:05:00+00:00,2025-09-28 17:10:00-07:00,2025-09-29 00:10:00+00:00,REAL_TIME_5_MIN,MKT_SUB_LNODEONC,Node,22.58735,26.15777,-4.11451,0.54408,0.0
2025-09-28 17:05:00-07:00,2025-09-29 00:05:00+00:00,2025-09-28 17:10:00-07:00,2025-09-29 00:10:00+00:00,REAL_TIME_5_MIN,SCEW_2_PDRP89-APND,AP Node,21.40731,26.15777,-4.11451,-0.63595,0.0
2025-09-28 17:10:00-07:00,2025-09-29 00:10:00+00:00,2025-09-28 17:15:00-07:00,2025-09-29 00:15:00+00:00,REAL_TIME_5_MIN,ANAHEIM_6_N001,Node,22.11044,25.86167,-3.04779,-0.70344,0.0
2025-09-28 17:10:00-07:00,2025-09-29 00:10:00+00:00,2025-09-28 17:15:00-07:00,2025-09-29 00:15:00+00:00,REAL_TIME_5_MIN,MKT_SUB_LNODEONC,Node,23.3518,25.86167,-3.04779,0.53792,0.0
2025-09-28 17:10:00-07:00,2025-09-29 00:10:00+00:00,2025-09-28 17:15:00-07:00,2025-09-29 00:15:00+00:00,REAL_TIME_5_MIN,SCEW_2_PDRP89-APND,AP Node,22.18513,25.86167,-3.04779,-0.62875,0.0
2025-09-28 17:15:00-07:00,2025-09-29 00:15:00+00:00,2025-09-28 17:20:00-07:00,2025-09-29 00:20:00+00:00,REAL_TIME_5_MIN,ANAHEIM_6_N001,Node,29.2385,31.47758,-1.5812,-0.65788,0.0
2025-09-28 17:15:00-07:00,2025-09-29 00:15:00+00:00,2025-09-28 17:20:00-07:00,2025-09-29 00:20:00+00:00,REAL_TIME_5_MIN,MKT_SUB_LNODEONC,Node,30.86589,31.47758,-1.5812,0.96951,0.0
2025-09-28 17:15:00-07:00,2025-09-29 00:15:00+00:00,2025-09-28 17:20:00-07:00,2025-09-29 00:20:00+00:00,REAL_TIME_5_MIN,SCEW_2_PDRP89-APND,AP Node,29.35788,31.47758,-1.55668,-0.56303,0.0
2025-09-28 17:20:00-07:00,2025-09-29 00:20:00+00:00,2025-09-28 17:25:00-07:00,2025-09-29 00:25:00+00:00,REAL_TIME_5_MIN,ANAHEIM_6_N001,Node,32.46348,33.44512,-0.28264,-0.699,0.0
2025-09-28 17:20:00-07:00,2025-09-29 00:20:00+00:00,2025-09-28 17:25:00-07:00,2025-09-29 00:25:00+00:00,REAL_TIME_5_MIN,MKT_SUB_LNODEONC,Node,34.19259,33.44512,-0.28264,1.03011,0.0
2025-09-28 17:20:00-07:00,2025-09-29 00:20:00+00:00,2025-09-28 17:25:00-07:00,2025-09-29 00:25:00+00:00,REAL_TIME_5_MIN,SCEW_2_PDRP89-APND,AP Node,32.56864,33.44512,-0.27826,-0.59822,0.0
2025-09-28 17:25:00-07:00,2025-09-29 00:25:00+00:00,2025-09-28 17:30:00-07:00,2025-09-29 00:30:00+00:00,REAL_TIME_5_MIN,ANAHEIM_6_N001,Node,39.69674,40.54411,0.0,-0.84737,0.0
2025-09-28 17:25:00-07:00,2025-09-29 00:25:00+00:00,2025-09-28 17:30:00-07:00,2025-09-29 00:30:00+00:00,REAL_TIME_5_MIN,MKT_SUB_LNODEONC,Node,41.79287,40.54411,0.0,1.24876,0.0
2025-09-28 17:25:00-07:00,2025-09-29 00:25:00+00:00,2025-09-28 17:30:00-07:00,2025-09-29 00:30:00+00:00,REAL_TIME_5_MIN,SCEW_2_PDRP89-APND,AP Node,39.81891,40.54411,0.0,-0.72519,0.0
2025-09-28 17:30:00-07:00,2025-09-29 00:30:00+00:00,2025-09-28 17:35:00-07:00,2025-09-29 00:35:00+00:00,REAL_TIME_5_MIN,ANAHEIM_6_N001,Node,40.29998,41.06376,0.0,-0.76379,0.0
2025-09-28 17:30:00-07:00,2025-09-29 00:30:00+00:00,2025-09-28 17:35:00-07:00,2025-09-29 00:35:00+00:00,REAL_TIME_5_MIN,MKT_SUB_LNODEONC,Node,42.36548,41.06376,0.0,1.30172,0.0
2025-09-28 17:30:00-07:00,2025-09-29 00:30:00+00:00,2025-09-28 17:35:00-07:00,2025-09-29 00:35:00+00:00,REAL_TIME_5_MIN,SCEW_2_PDRP89-APND,AP Node,40.38791,41.06376,0.0,-0.67585,0.0
2025-09-28 17:35:00-07:00,2025-09-29 00:35:00+00:00,2025-09-28 17:40:00-07:00,2025-09-29 00:40:00+00:00,REAL_TIME_5_MIN,ANAHEIM_6_N001,Node,44.55268,45.39706,0.0,-0.84439,0.0
2025-09-28 17:35:00-07:00,2025-09-29 00:35:00+00:00,2025-09-28 17:40:00-07:00,2025-09-29 00:40:00+00:00,REAL_TIME_5_MIN,MKT_SUB_LNODEONC,Node,46.83615,45.39706,0.0,1.43909,0.0
2025-09-28 17:35:00-07:00,2025-09-29 00:35:00+00:00,2025-09-28 17:40:00-07:00,2025-09-29 00:40:00+00:00,REAL_TIME_5_MIN,SCEW_2_PDRP89-APND,AP Node,44.64989,45.39706,0.0,-0.74717,0.0
2025-09-28 17:40:00-07:00,2025-09-29 00:40:00+00:00,2025-09-28 17:45:00-07:00,2025-09-29 00:45:00+00:00,REAL_TIME_5_MIN,ANAHEIM_6_N001,Node,46.0559,46.92877,0.0,-0.87288,0.0
2025-09-28 17:40:00-07:00,2025-09-29 00:40:00+00:00,2025-09-28 17:45:00-07:00,2025-09-29 00:45:00+00:00,REAL_TIME_5_MIN,MKT_SUB_LNODEONC,Node,48.41641,46.92877,0.0,1.48764,0.0
2025-09-28 17:40:00-07:00,2025-09-29 00:40:00+00:00,2025-09-28 17:45:00-07:00,2025-09-29 00:45:00+00:00,REAL_TIME_5_MIN,SCEW_2_PDRP89-APND,AP Node,46.15639,46.92877,0.0,-0.77238,0.0
2025-09-28 17:45:00-07:00,2025-09-29 00:45:00+00:00,2025-09-28 17:50:00-07:00,2025-09-29 00:50:00+00:00,REAL_TIME_5_MIN,ANAHEIM_6_N001,Node,48.89221,49.67206,0.0,-0.77985,0.0
2025-09-28 17:45:00-07:00,2025-09-29 00:45:00+00:00,2025-09-28 17:50:00-07:00,2025-09-29 00:50:00+00:00,REAL_TIME_5_MIN,MKT_SUB_LNODEONC,Node,51.27771,49.67206,0.0012,1.60445,0.0
2025-09-28 17:45:00-07:00,2025-09-29 00:45:00+00:00,2025-09-28 17:50:00-07:00,2025-09-29 00:50:00+00:00,REAL_TIME_5_MIN,SCEW_2_PDRP89-APND,AP Node,49.01164,49.67206,0.0,-0.66042,0.0
2025-09-28 17:50:00-07:00,2025-09-29 00:50:00+00:00,2025-09-28 17:55:00-07:00,2025-09-29 00:55:00+00:00,REAL_TIME_5_MIN,ANAHEIM_6_N001,Node,50.2198,51.02083,0.0,-0.80103,0.0
2025-09-28 17:50:00-07:00,2025-09-29 00:50:00+00:00,2025-09-28 17:55:00-07:00,2025-09-29 00:55:00+00:00,REAL_TIME_5_MIN,MKT_SUB_LNODEONC,Node,52.67004,51.02083,0.0012,1.64801,0.0
2025-09-28 17:50:00-07:00,2025-09-29 00:50:00+00:00,2025-09-28 17:55:00-07:00,2025-09-29 00:55:00+00:00,REAL_TIME_5_MIN,SCEW_2_PDRP89-APND,AP Node,50.34247,51.02083,0.0,-0.67836,0.0
2025-09-28 17:55:00-07:00,2025-09-29 00:55:00+00:00,2025-09-28 18:00:00-07:00,2025-09-29 01:00:00+00:00,REAL_TIME_5_MIN,ANAHEIM_6_N001,Node,57.9525,58.87687,0.0,-0.92437,0.0
2025-09-28 17:55:00-07:00,2025-09-29 00:55:00+00:00,2025-09-28 18:00:00-07:00,2025-09-29 01:00:00+00:00,REAL_TIME_5_MIN,MKT_SUB_LNODEONC,Node,60.77983,58.87687,0.0012,1.90176,0.0
2025-09-28 17:55:00-07:00,2025-09-29 00:55:00+00:00,2025-09-28 18:00:00-07:00,2025-09-29 01:00:00+00:00,REAL_TIME_5_MIN,SCEW_2_PDRP89-APND,AP Node,58.09406,58.87687,0.0,-0.78281,0.0
2025-09-28 18:00:00-07:00,2025-09-29 01:00:00+00:00,2025-09-28 18:05:00-07:00,2025-09-29 01:05:00+00:00,REAL_TIME_5_MIN,ANAHEIM_6_N001,Node,37.16345,38.12027,0.0,-0.95682,0.0
2025-09-28 18:00:00-07:00,2025-09-29 01:00:00+00:00,2025-09-28 18:05:00-07:00,2025-09-29 01:05:00+00:00,REAL_TIME_5_MIN,MKT_SUB_LNODEONC,Node,39.44304,38.12027,0.0,1.32277,0.0
2025-09-28 18:00:00-07:00,2025-09-29 01:00:00+00:00,2025-09-28 18:05:00-07:00,2025-09-29 01:05:00+00:00,REAL_TIME_5_MIN,SCEW_2_PDRP89-APND,AP Node,37.24744,38.12027,0.0,-0.87283,0.0
2025-09-28 18:05:00-07:00,2025-09-29 01:05:00+00:00,2025-09-28 18:10:00-07:00,2025-09-29 01:10:00+00:00,REAL_TIME_5_MIN,ANAHEIM_6_N001,Node,37.94075,38.91758,0.0,-0.97683,0.0
2025-09-28 18:05:00-07:00,2025-09-29 01:05:00+00:00,2025-09-28 18:10:00-07:00,2025-09-29 01:10:00+00:00,REAL_TIME_5_MIN,MKT_SUB_LNODEONC,Node,40.26802,38.91758,0.0,1.35044,0.0
2025-09-28 18:05:00-07:00,2025-09-29 01:05:00+00:00,2025-09-28 18:10:00-07:00,2025-09-29 01:10:00+00:00,REAL_TIME_5_MIN,SCEW_2_PDRP89-APND,AP Node,38.0265,38.91758,0.0,-0.89108,0.0
2025-09-28 18:10:00-07:00,2025-09-29 01:10:00+00:00,2025-09-28 18:15:00-07:00,2025-09-29 01:15:00+00:00,REAL_TIME_5_MIN,ANAHEIM_6_N001,Node,38.7013,39.69771,0.0,-0.99641,0.0
2025-09-28 18:10:00-07:00,2025-09-29 01:10:00+00:00,2025-09-28 18:15:00-07:00,2025-09-29 01:15:00+00:00,REAL_TIME_5_MIN,MKT_SUB_LNODEONC,Node,41.07522,39.69771,0.0,1.37751,0.0
2025-09-28 18:10:00-07:00,2025-09-29 01:10:00+00:00,2025-09-28 18:15:00-07:00,2025-09-29 01:15:00+00:00,REAL_TIME_5_MIN,SCEW_2_PDRP89-APND,AP Node,38.78877,39.69771,0.0,-0.90894,0.0
2025-09-28 18:15:00-07:00,2025-09-29 01:15:00+00:00,2025-09-28 18:20:00-07:00,2025-09-29 01:20:00+00:00,REAL_TIME_5_MIN,ANAHEIM_6_N001,Node,41.86534,43.04034,0.0,-1.175,0.0
2025-09-28 18:15:00-07:00,2025-09-29 01:15:00+00:00,2025-09-28 18:20:00-07:00,2025-09-29 01:20:00+00:00,REAL_TIME_5_MIN,MKT_SUB_LNODEONC,Node,44.57688,43.04034,0.0,1.53654,0.0
2025-09-28 18:15:00-07:00,2025-09-29 01:15:00+00:00,2025-09-28 18:20:00-07:00,2025-09-29 01:20:00+00:00,REAL_TIME_5_MIN,SCEW_2_PDRP89-APND,AP Node,41.94186,43.04034,0.0,-1.09848,0.0
2025-09-28 18:20:00-07:00,2025-09-29 01:20:00+00:00,2025-09-28 18:25:00-07:00,2025-09-29 01:25:00+00:00,REAL_TIME_5_MIN,ANAHEIM_6_N001,Node,43.09379,44.30327,0.0,-1.20948,0.0
2025-09-28 18:20:00-07:00,2025-09-29 01:20:00+00:00,2025-09-28 18:25:00-07:00,2025-09-29 01:25:00+00:00,REAL_TIME_5_MIN,MKT_SUB_LNODEONC,Node,45.8849,44.30327,0.0,1.58163,0.0
2025-09-28 18:20:00-07:00,2025-09-29 01:20:00+00:00,2025-09-28 18:25:00-07:00,2025-09-29 01:25:00+00:00,REAL_TIME_5_MIN,SCEW_2_PDRP89-APND,AP Node,43.17256,44.30327,0.0,-1.13071,0.0
2025-09-28 18:25:00-07:00,2025-09-29 01:25:00+00:00,2025-09-28 18:30:00-07:00,2025-09-29 01:30:00+00:00,REAL_TIME_5_MIN,ANAHEIM_6_N001,Node,44.48097,45.72938,0.0,-1.24841,0.0
2025-09-28 18:25:00-07:00,2025-09-29 01:25:00+00:00,2025-09-28 18:30:00-07:00,2025-09-29 01:30:00+00:00,REAL_TIME_5_MIN,MKT_SUB_LNODEONC,Node,47.36192,45.72938,0.0,1.63254,0.0
2025-09-28 18:25:00-07:00,2025-09-29 01:25:00+00:00,2025-09-28 18:30:00-07:00,2025-09-29 01:30:00+00:00,REAL_TIME_5_MIN,SCEW_2_PDRP89-APND,AP Node,44.56227,45.72938,0.0,-1.16711,0.0
2025-09-28 18:30:00-07:00,2025-09-29 01:30:00+00:00,2025-09-28 18:35:00-07:00,2025-09-29 01:35:00+00:00,REAL_TIME_5_MIN,ANAHEIM_6_N001,Node,44.87785,46.19915,0.0,-1.3213,0.0
2025-09-28 18:30:00-07:00,2025-09-29 01:30:00+00:00,2025-09-28 18:35:00-07:00,2025-09-29 01:35:00+00:00,REAL_TIME_5_MIN,MKT_SUB_LNODEONC,Node,47.86694,46.19915,0.0,1.66779,0.0
2025-09-28 18:30:00-07:00,2025-09-29 01:30:00+00:00,2025-09-28 18:35:00-07:00,2025-09-29 01:35:00+00:00,REAL_TIME_5_MIN,SCEW_2_PDRP89-APND,AP Node,44.98116,46.19915,0.0,-1.21799,0.0
2025-09-28 18:35:00-07:00,2025-09-29 01:35:00+00:00,2025-09-28 18:40:00-07:00,2025-09-29 01:40:00+00:00,REAL_TIME_5_MIN,ANAHEIM_6_N001,Node,45.02497,46.3506,0.0,-1.32563,0.0
2025-09-28 18:35:00-07:00,2025-09-29 01:35:00+00:00,2025-09-28 18:40:00-07:00,2025-09-29 01:40:00+00:00,REAL_TIME_5_MIN,MKT_SUB_LNODEONC,Node,48.02386,46.3506,0.0,1.67326,0.0
2025-09-28 18:35:00-07:00,2025-09-29 01:35:00+00:00,2025-09-28 18:40:00-07:00,2025-09-29 01:40:00+00:00,REAL_TIME_5_MIN,SCEW_2_PDRP89-APND,AP Node,45.12862,46.3506,0.0,-1.22198,0.0
2025-09-28 18:40:00-07:00,2025-09-29 01:40:00+00:00,2025-09-28 18:45:00-07:00,2025-09-29 01:45:00+00:00,REAL_TIME_5_MIN,ANAHEIM_6_N001,Node,45.76826,47.11577,0.0,-1.34751,0.0
2025-09-28 18:40:00-07:00,2025-09-29 01:40:00+00:00,2025-09-28 18:45:00-07:00,2025-09-29 01:45:00+00:00,REAL_TIME_5_MIN,MKT_SUB_LNODEONC,Node,48.81665,47.11577,0.0,1.70088,0.0
2025-09-28 18:40:00-07:00,2025-09-29 01:40:00+00:00,2025-09-28 18:45:00-07:00,2025-09-29 01:45:00+00:00,REAL_TIME_5_MIN,SCEW_2_PDRP89-APND,AP Node,45.87361,47.11577,0.0,-1.24215,0.0
2025-09-28 18:45:00-07:00,2025-09-29 01:45:00+00:00,2025-09-28 18:50:00-07:00,2025-09-29 01:50:00+00:00,REAL_TIME_5_MIN,ANAHEIM_6_N001,Node,46.52494,47.95396,0.0,-1.42903,0.0
2025-09-28 18:45:00-07:00,2025-09-29 01:45:00+00:00,2025-09-28 18:50:00-07:00,2025-09-29 01:50:00+00:00,REAL_TIME_5_MIN,MKT_SUB_LNODEONC,Node,49.6899,47.95396,0.0,1.73593,0.0
2025-09-28 18:45:00-07:00,2025-09-29 01:45:00+00:00,2025-09-28 18:50:00-07:00,2025-09-29 01:50:00+00:00,REAL_TIME_5_MIN,SCEW_2_PDRP89-APND,AP Node,46.63215,47.95396,0.0,-1.32181,0.0
2025-09-28 18:50:00-07:00,2025-09-29 01:50:00+00:00,2025-09-28 18:55:00-07:00,2025-09-29 01:55:00+00:00,REAL_TIME_5_MIN,ANAHEIM_6_N001,Node,46.63068,48.06295,0.0,-1.43228,0.0
2025-09-28 18:50:00-07:00,2025-09-29 01:50:00+00:00,2025-09-28 18:55:00-07:00,2025-09-29 01:55:00+00:00,REAL_TIME_5_MIN,MKT_SUB_LNODEONC,Node,49.80283,48.06295,0.0,1.73988,0.0
2025-09-28 18:50:00-07:00,2025-09-29 01:50:00+00:00,2025-09-28 18:55:00-07:00,2025-09-29 01:55:00+00:00,REAL_TIME_5_MIN,SCEW_2_PDRP89-APND,AP Node,46.73814,48.06295,0.0,-1.32481,0.0
2025-09-28 18:55:00-07:00,2025-09-29 01:55:00+00:00,2025-09-28 19:00:00-07:00,2025-09-29 02:00:00+00:00,REAL_TIME_5_MIN,ANAHEIM_6_N001,Node,46.83724,48.27586,0.0,-1.43862,0.0
2025-09-28 18:55:00-07:00,2025-09-29 01:55:00+00:00,2025-09-28 19:00:00-07:00,2025-09-29 02:00:00+00:00,REAL_TIME_5_MIN,MKT_SUB_LNODEONC,Node,50.02345,48.27586,0.0,1.74759,0.0
2025-09-28 18:55:00-07:00,2025-09-29 01:55:00+00:00,2025-09-28 19:00:00-07:00,2025-09-29 02:00:00+00:00,REAL_TIME_5_MIN,SCEW_2_PDRP89-APND,AP Node,46.94518,48.27586,0.0,-1.33068,0.0
2025-09-28 19:00:00-07:00,2025-09-29 02:00:00+00:00,2025-09-28 19:05:00-07:00,2025-09-29 02:05:00+00:00,REAL_TIME_5_MIN,ANAHEIM_6_N001,Node,44.16497,45.52152,0.0,-1.35654,0.0
2025-09-28 19:00:00-07:00,2025-09-29 02:00:00+00:00,2025-09-28 19:05:00-07:00,2025-09-29 02:05:00+00:00,REAL_TIME_5_MIN,MKT_SUB_LNODEONC,Node,47.11477,45.52152,0.0,1.59325,0.0
2025-09-28 19:00:00-07:00,2025-09-29 02:00:00+00:00,2025-09-28 19:05:00-07:00,2025-09-29 02:05:00+00:00,REAL_TIME_5_MIN,SCEW_2_PDRP89-APND,AP Node,44.27439,45.52152,0.0,-1.24713,0.0
2025-09-28 19:05:00-07:00,2025-09-29 02:05:00+00:00,2025-09-28 19:10:00-07:00,2025-09-29 02:10:00+00:00,REAL_TIME_5_MIN,ANAHEIM_6_N001,Node,43.54392,44.88138,0.0,-1.33747,0.0
2025-09-28 19:05:00-07:00,2025-09-29 02:05:00+00:00,2025-09-28 19:10:00-07:00,2025-09-29 02:10:00+00:00,REAL_TIME_5_MIN,MKT_SUB_LNODEONC,Node,46.45223,44.88138,0.0,1.57085,0.0
2025-09-28 19:05:00-07:00,2025-09-29 02:05:00+00:00,2025-09-28 19:10:00-07:00,2025-09-29 02:10:00+00:00,REAL_TIME_5_MIN,SCEW_2_PDRP89-APND,AP Node,43.65179,44.88138,0.0,-1.22959,0.0
2025-09-28 19:10:00-07:00,2025-09-29 02:10:00+00:00,2025-09-28 19:15:00-07:00,2025-09-29 02:15:00+00:00,REAL_TIME_5_MIN,ANAHEIM_6_N001,Node,43.19985,44.16151,0.35435,-1.31601,0.0
2025-09-28 19:10:00-07:00,2025-09-29 02:10:00+00:00,2025-09-28 19:15:00-07:00,2025-09-29 02:15:00+00:00,REAL_TIME_5_MIN,MKT_SUB_LNODEONC,Node,45.70716,44.16151,0.0,1.54565,0.0
2025-09-28 19:10:00-07:00,2025-09-29 02:10:00+00:00,2025-09-28 19:15:00-07:00,2025-09-29 02:15:00+00:00,REAL_TIME_5_MIN,SCEW_2_PDRP89-APND,AP Node,43.38848,44.16151,0.43685,-1.20987,0.0
2025-09-28 19:15:00-07:00,2025-09-29 02:15:00+00:00,2025-09-28 19:20:00-07:00,2025-09-29 02:20:00+00:00,REAL_TIME_5_MIN,ANAHEIM_6_N001,Node,43.14116,44.46437,0.02851,-1.35172,0.0
2025-09-28 19:15:00-07:00,2025-09-29 02:15:00+00:00,2025-09-28 19:20:00-07:00,2025-09-29 02:20:00+00:00,REAL_TIME_5_MIN,MKT_SUB_LNODEONC,Node,46.07842,44.46437,0.0,1.61406,0.0
2025-09-28 19:15:00-07:00,2025-09-29 02:15:00+00:00,2025-09-28 19:20:00-07:00,2025-09-29 02:20:00+00:00,REAL_TIME_5_MIN,SCEW_2_PDRP89-APND,AP Node,43.2563,44.46437,0.03543,-1.2435,0.0
2025-09-28 19:20:00-07:00,2025-09-29 02:20:00+00:00,2025-09-28 19:25:00-07:00,2025-09-29 02:25:00+00:00,REAL_TIME_5_MIN,ANAHEIM_6_N001,Node,43.09562,44.42139,0.02464,-1.35041,0.0
2025-09-28 19:20:00-07:00,2025-09-29 02:20:00+00:00,2025-09-28 19:25:00-07:00,2025-09-29 02:25:00+00:00,REAL_TIME_5_MIN,MKT_SUB_LNODEONC,Node,46.03389,44.42139,0.0,1.6125,0.0
2025-09-28 19:20:00-07:00,2025-09-29 02:20:00+00:00,2025-09-28 19:25:00-07:00,2025-09-29 02:25:00+00:00,REAL_TIME_5_MIN,SCEW_2_PDRP89-APND,AP Node,43.20972,44.42139,0.03063,-1.2423,0.0
2025-09-28 19:25:00-07:00,2025-09-29 02:25:00+00:00,2025-09-28 19:30:00-07:00,2025-09-29 02:30:00+00:00,REAL_TIME_5_MIN,ANAHEIM_6_N001,Node,42.81976,44.11502,0.04584,-1.3411,0.0
2025-09-28 19:25:00-07:00,2025-09-29 02:25:00+00:00,2025-09-28 19:30:00-07:00,2025-09-29 02:30:00+00:00,REAL_TIME_5_MIN,MKT_SUB_LNODEONC,Node,45.7164,44.11502,0.0,1.60138,0.0
2025-09-28 19:25:00-07:00,2025-09-29 02:25:00+00:00,2025-09-28 19:30:00-07:00,2025-09-29 02:30:00+00:00,REAL_TIME_5_MIN,SCEW_2_PDRP89-APND,AP Node,42.93826,44.11502,0.05697,-1.23373,0.0
2025-09-28 19:30:00-07:00,2025-09-29 02:30:00+00:00,2025-09-28 19:35:00-07:00,2025-09-29 02:35:00+00:00,REAL_TIME_5_MIN,ANAHEIM_6_N001,Node,41.66584,42.65891,0.2355,-1.22858,0.0
2025-09-28 19:30:00-07:00,2025-09-29 02:30:00+00:00,2025-09-28 19:35:00-07:00,2025-09-29 02:35:00+00:00,REAL_TIME_5_MIN,MKT_SUB_LNODEONC,Node,44.25009,42.65891,0.0,1.59118,0.0
2025-09-28 19:30:00-07:00,2025-09-29 02:30:00+00:00,2025-09-28 19:35:00-07:00,2025-09-29 02:35:00+00:00,REAL_TIME_5_MIN,SCEW_2_PDRP89-APND,AP Node,41.83254,42.65891,0.2927,-1.11907,0.0
2025-09-28 19:35:00-07:00,2025-09-29 02:35:00+00:00,2025-09-28 19:40:00-07:00,2025-09-29 02:40:00+00:00,REAL_TIME_5_MIN,ANAHEIM_6_N001,Node,41.35201,42.35814,0.21378,-1.21991,0.0
2025-09-28 19:35:00-07:00,2025-09-29 02:35:00+00:00,2025-09-28 19:40:00-07:00,2025-09-29 02:40:00+00:00,REAL_TIME_5_MIN,MKT_SUB_LNODEONC,Node,43.9381,42.35814,0.0,1.57996,0.0
2025-09-28 19:35:00-07:00,2025-09-29 02:35:00+00:00,2025-09-28 19:40:00-07:00,2025-09-29 02:40:00+00:00,REAL_TIME_5_MIN,SCEW_2_PDRP89-APND,AP Node,41.51267,42.35814,0.2657,-1.11118,0.0
2025-09-28 19:40:00-07:00,2025-09-29 02:40:00+00:00,2025-09-28 19:45:00-07:00,2025-09-29 02:45:00+00:00,REAL_TIME_5_MIN,ANAHEIM_6_N001,Node,41.02838,41.95233,0.28427,-1.20823,0.0
2025-09-28 19:40:00-07:00,2025-09-29 02:40:00+00:00,2025-09-28 19:45:00-07:00,2025-09-29 02:45:00+00:00,REAL_TIME_5_MIN,MKT_SUB_LNODEONC,Node,43.51716,41.95233,0.0,1.56482,0.0
2025-09-28 19:40:00-07:00,2025-09-29 02:40:00+00:00,2025-09-28 19:45:00-07:00,2025-09-29 02:45:00+00:00,REAL_TIME_5_MIN,SCEW_2_PDRP89-APND,AP Node,41.20511,41.95233,0.35331,-1.10053,0.0
2025-09-28 19:45:00-07:00,2025-09-29 02:45:00+00:00,2025-09-28 19:50:00-07:00,2025-09-29 02:50:00+00:00,REAL_TIME_5_MIN,ANAHEIM_6_N001,Node,40.27452,41.18958,0.42772,-1.34278,0.0
2025-09-28 19:45:00-07:00,2025-09-29 02:45:00+00:00,2025-09-28 19:50:00-07:00,2025-09-29 02:50:00+00:00,REAL_TIME_5_MIN,MKT_SUB_LNODEONC,Node,42.71771,41.18958,0.0,1.52813,0.0
2025-09-28 19:45:00-07:00,2025-09-29 02:45:00+00:00,2025-09-28 19:50:00-07:00,2025-09-29 02:50:00+00:00,REAL_TIME_5_MIN,SCEW_2_PDRP89-APND,AP Node,40.469,41.18958,0.52729,-1.24787,0.0
2025-09-28 19:50:00-07:00,2025-09-29 02:50:00+00:00,2025-09-28 19:55:00-07:00,2025-09-29 02:55:00+00:00,REAL_TIME_5_MIN,ANAHEIM_6_N001,Node,40.03222,40.96551,0.40218,-1.33548,0.0
2025-09-28 19:50:00-07:00,2025-09-29 02:50:00+00:00,2025-09-28 19:55:00-07:00,2025-09-29 02:55:00+00:00,REAL_TIME_5_MIN,MKT_SUB_LNODEONC,Node,42.48533,40.96551,0.0,1.51982,0.0
2025-09-28 19:50:00-07:00,2025-09-29 02:50:00+00:00,2025-09-28 19:55:00-07:00,2025-09-29 02:55:00+00:00,REAL_TIME_5_MIN,SCEW_2_PDRP89-APND,AP Node,40.22024,40.96551,0.49581,-1.24108,0.0
2025-09-28 19:55:00-07:00,2025-09-29 02:55:00+00:00,2025-09-28 20:00:00-07:00,2025-09-29 03:00:00+00:00,REAL_TIME_5_MIN,ANAHEIM_6_N001,Node,39.50862,40.34021,0.4835,-1.31509,0.0
2025-09-28 19:55:00-07:00,2025-09-29 02:55:00+00:00,2025-09-28 20:00:00-07:00,2025-09-29 03:00:00+00:00,REAL_TIME_5_MIN,MKT_SUB_LNODEONC,Node,41.83683,40.34021,0.0,1.49662,0.0
2025-09-28 19:55:00-07:00,2025-09-29 02:55:00+00:00,2025-09-28 20:00:00-07:00,2025-09-29 03:00:00+00:00,REAL_TIME_5_MIN,SCEW_2_PDRP89-APND,AP Node,39.71413,40.34021,0.59606,-1.22214,0.0
2025-09-28 20:00:00-07:00,2025-09-29 03:00:00+00:00,2025-09-28 20:05:00-07:00,2025-09-29 03:05:00+00:00,REAL_TIME_5_MIN,ANAHEIM_6_N001,Node,40.02715,41.18362,0.32203,-1.47849,0.0
2025-09-28 20:00:00-07:00,2025-09-29 03:00:00+00:00,2025-09-28 20:05:00-07:00,2025-09-29 03:05:00+00:00,REAL_TIME_5_MIN,MKT_SUB_LNODEONC,Node,42.71565,41.18362,0.0,1.53203,0.0
2025-09-28 20:00:00-07:00,2025-09-29 03:00:00+00:00,2025-09-28 20:05:00-07:00,2025-09-29 03:05:00+00:00,REAL_TIME_5_MIN,SCEW_2_PDRP89-APND,AP Node,40.2037,41.18362,0.39699,-1.37691,0.0
2025-09-28 20:05:00-07:00,2025-09-29 03:05:00+00:00,2025-09-28 20:10:00-07:00,2025-09-29 03:10:00+00:00,REAL_TIME_5_MIN,ANAHEIM_6_N001,Node,40.05035,41.23626,0.29447,-1.48038,0.0
2025-09-28 20:05:00-07:00,2025-09-29 03:05:00+00:00,2025-09-28 20:10:00-07:00,2025-09-29 03:10:00+00:00,REAL_TIME_5_MIN,MKT_SUB_LNODEONC,Node,42.77025,41.23626,0.0,1.53399,0.0
2025-09-28 20:05:00-07:00,2025-09-29 03:05:00+00:00,2025-09-28 20:10:00-07:00,2025-09-29 03:10:00+00:00,REAL_TIME_5_MIN,SCEW_2_PDRP89-APND,AP Node,40.22062,41.23626,0.36303,-1.37867,0.0
2025-09-28 20:10:00-07:00,2025-09-29 03:10:00+00:00,2025-09-28 20:15:00-07:00,2025-09-29 03:15:00+00:00,REAL_TIME_5_MIN,ANAHEIM_6_N001,Node,40.14907,41.34576,0.28763,-1.48431,0.0
2025-09-28 20:10:00-07:00,2025-09-29 03:10:00+00:00,2025-09-28 20:15:00-07:00,2025-09-29 03:15:00+00:00,REAL_TIME_5_MIN,MKT_SUB_LNODEONC,Node,42.88382,41.34576,0.0,1.53806,0.0
2025-09-28 20:10:00-07:00,2025-09-29 03:10:00+00:00,2025-09-28 20:15:00-07:00,2025-09-29 03:15:00+00:00,REAL_TIME_5_MIN,SCEW_2_PDRP89-APND,AP Node,40.31801,41.34576,0.35459,-1.38233,0.0
2025-09-28 20:15:00-07:00,2025-09-29 03:15:00+00:00,2025-09-28 20:20:00-07:00,2025-09-29 03:20:00+00:00,REAL_TIME_5_MIN,ANAHEIM_6_N001,Node,40.31278,41.42788,0.25202,-1.36712,0.0
2025-09-28 20:15:00-07:00,2025-09-29 03:15:00+00:00,2025-09-28 20:20:00-07:00,2025-09-29 03:20:00+00:00,REAL_TIME_5_MIN,MKT_SUB_LNODEONC,Node,43.03114,41.42788,0.0,1.60326,0.0
2025-09-28 20:15:00-07:00,2025-09-29 03:15:00+00:00,2025-09-28 20:20:00-07:00,2025-09-29 03:20:00+00:00,REAL_TIME_5_MIN,SCEW_2_PDRP89-APND,AP Node,40.48839,41.42788,0.31069,-1.25018,0.0
2025-09-28 20:20:00-07:00,2025-09-29 03:20:00+00:00,2025-09-28 20:25:00-07:00,2025-09-29 03:25:00+00:00,REAL_TIME_5_MIN,ANAHEIM_6_N001,Node,40.76491,41.93137,0.21728,-1.38374,0.0
2025-09-28 20:20:00-07:00,2025-09-29 03:20:00+00:00,2025-09-28 20:25:00-07:00,2025-09-29 03:25:00+00:00,REAL_TIME_5_MIN,MKT_SUB_LNODEONC,Node,43.55412,41.93137,0.0,1.62274,0.0
2025-09-28 20:20:00-07:00,2025-09-29 03:20:00+00:00,2025-09-28 20:25:00-07:00,2025-09-29 03:25:00+00:00,REAL_TIME_5_MIN,SCEW_2_PDRP89-APND,AP Node,40.93386,41.93137,0.26786,-1.26537,0.0
2025-09-28 20:25:00-07:00,2025-09-29 03:25:00+00:00,2025-09-28 20:30:00-07:00,2025-09-29 03:30:00+00:00,REAL_TIME_5_MIN,ANAHEIM_6_N001,Node,40.78872,41.96724,0.2064,-1.38492,0.0
2025-09-28 20:25:00-07:00,2025-09-29 03:25:00+00:00,2025-09-28 20:30:00-07:00,2025-09-29 03:30:00+00:00,REAL_TIME_5_MIN,MKT_SUB_LNODEONC,Node,43.59137,41.96724,0.0,1.62413,0.0
2025-09-28 20:25:00-07:00,2025-09-29 03:25:00+00:00,2025-09-28 20:30:00-07:00,2025-09-29 03:30:00+00:00,REAL_TIME_5_MIN,SCEW_2_PDRP89-APND,AP Node,40.95523,41.96724,0.25445,-1.26646,0.0
2025-09-28 20:30:00-07:00,2025-09-29 03:30:00+00:00,2025-09-28 20:35:00-07:00,2025-09-29 03:35:00+00:00,REAL_TIME_5_MIN,ANAHEIM_6_N001,Node,40.7315,41.82889,0.19512,-1.29251,0.0
2025-09-28 20:30:00-07:00,2025-09-29 03:30:00+00:00,2025-09-28 20:35:00-07:00,2025-09-29 03:35:00+00:00,REAL_TIME_5_MIN,MKT_SUB_LNODEONC,Node,43.48531,41.82889,0.0,1.65642,0.0
2025-09-28 20:30:00-07:00,2025-09-29 03:30:00+00:00,2025-09-28 20:35:00-07:00,2025-09-29 03:35:00+00:00,REAL_TIME_5_MIN,SCEW_2_PDRP89-APND,AP Node,40.88557,41.82889,0.24055,-1.18387,0.0
2025-09-28 20:35:00-07:00,2025-09-29 03:35:00+00:00,2025-09-28 20:40:00-07:00,2025-09-29 03:40:00+00:00,REAL_TIME_5_MIN,ANAHEIM_6_N001,Node,40.66756,41.7764,0.18206,-1.29089,0.0
2025-09-28 20:35:00-07:00,2025-09-29 03:35:00+00:00,2025-09-28 20:40:00-07:00,2025-09-29 03:40:00+00:00,REAL_TIME_5_MIN,MKT_SUB_LNODEONC,Node,43.43074,41.7764,0.0,1.65435,0.0
2025-09-28 20:35:00-07:00,2025-09-29 03:35:00+00:00,2025-09-28 20:40:00-07:00,2025-09-29 03:40:00+00:00,REAL_TIME_5_MIN,SCEW_2_PDRP89-APND,AP Node,40.81845,41.7764,0.22444,-1.18239,0.0
2025-09-28 20:40:00-07:00,2025-09-29 03:40:00+00:00,2025-09-28 20:45:00-07:00,2025-09-29 03:45:00+00:00,REAL_TIME_5_MIN,ANAHEIM_6_N001,Node,40.66688,41.77674,0.18105,-1.2909,0.0
2025-09-28 20:40:00-07:00,2025-09-29 03:40:00+00:00,2025-09-28 20:45:00-07:00,2025-09-29 03:45:00+00:00,REAL_TIME_5_MIN,MKT_SUB_LNODEONC,Node,43.4311,41.77674,0.0,1.65436,0.0
2025-09-28 20:40:00-07:00,2025-09-29 03:40:00+00:00,2025-09-28 20:45:00-07:00,2025-09-29 03:45:00+00:00,REAL_TIME_5_MIN,SCEW_2_PDRP89-APND,AP Node,40.81754,41.77674,0.2232,-1.1824,0.0
2025-09-28 20:45:00-07:00,2025-09-29 03:45:00+00:00,2025-09-28 20:50:00-07:00,2025-09-29 03:50:00+00:00,REAL_TIME_5_MIN,ANAHEIM_6_N001,Node,40.37928,41.7659,0.0,-1.38663,0.0
2025-09-28 20:45:00-07:00,2025-09-29 03:45:00+00:00,2025-09-28 20:50:00-07:00,2025-09-29 03:50:00+00:00,REAL_TIME_5_MIN,MKT_SUB_LNODEONC,Node,43.46578,41.7659,0.0,1.69987,0.0
2025-09-28 20:45:00-07:00,2025-09-29 03:45:00+00:00,2025-09-28 20:50:00-07:00,2025-09-29 03:50:00+00:00,REAL_TIME_5_MIN,SCEW_2_PDRP89-APND,AP Node,40.47833,41.7659,0.0,-1.28758,0.0
2025-09-28 20:50:00-07:00,2025-09-29 03:50:00+00:00,2025-09-28 20:55:00-07:00,2025-09-29 03:55:00+00:00,REAL_TIME_5_MIN,ANAHEIM_6_N001,Node,40.37928,41.7659,0.0,-1.38663,0.0
2025-09-28 20:50:00-07:00,2025-09-29 03:50:00+00:00,2025-09-28 20:55:00-07:00,2025-09-29 03:55:00+00:00,REAL_TIME_5_MIN,MKT_SUB_LNODEONC,Node,43.46578,41.7659,0.0,1.69987,0.0
2025-09-28 20:50:00-07:00,2025-09-29 03:50:00+00:00,2025-09-28 20:55:00-07:00,2025-09-29 03:55:00+00:00,REAL_TIME_5_MIN,SCEW_2_PDRP89-APND,AP Node,40.47833,41.7659,0.0,-1.28758,0.0
2025-09-28 20:55:00-07:00,2025-09-29 03:55:00+00:00,2025-09-28 21:00:00-07:00,2025-09-29 04:00:00+00:00,REAL_TIME_5_MIN,ANAHEIM_6_N001,Node,40.37928,41.7659,0.0,-1.38663,0.0
2025-09-28 20:55:00-07:00,2025-09-29 03:55:00+00:00,2025-09-28 21:00:00-07:00,2025-09-29 04:00:00+00:00,REAL_TIME_5_MIN,MKT_SUB_LNODEONC,Node,43.46578,41.7659,0.0,1.69987,0.0
2025-09-28 20:55:00-07:00,2025-09-29 03:55:00+00:00,2025-09-28 21:00:00-07:00,2025-09-29 04:00:00+00:00,REAL_TIME_5_MIN,SCEW_2_PDRP89-APND,AP Node,40.47833,41.7659,0.0,-1.28758,0.0
2025-09-28 21:00:00-07:00,2025-09-29 04:00:00+00:00,2025-09-28 21:05:00-07:00,2025-09-29 04:05:00+00:00,REAL_TIME_5_MIN,ANAHEIM_6_N001,Node,42.37645,44.00009,0.09676,-1.7204,0.0
2025-09-28 21:00:00-07:00,2025-09-29 04:00:00+00:00,2025-09-28 21:05:00-07:00,2025-09-29 04:05:00+00:00,REAL_TIME_5_MIN,MKT_SUB_LNODEONC,Node,45.77146,44.00009,-0.14264,1.914,0.0
2025-09-28 21:00:00-07:00,2025-09-29 04:00:00+00:00,2025-09-28 21:05:00-07:00,2025-09-29 04:05:00+00:00,REAL_TIME_5_MIN,SCEW_2_PDRP89-APND,AP Node,42.53419,44.00009,0.15579,-1.62169,0.0
2025-09-28 21:05:00-07:00,2025-09-29 04:05:00+00:00,2025-09-28 21:10:00-07:00,2025-09-29 04:10:00+00:00,REAL_TIME_5_MIN,ANAHEIM_6_N001,Node,42.59777,44.24511,0.08265,-1.72998,0.0
2025-09-28 21:05:00-07:00,2025-09-29 04:05:00+00:00,2025-09-28 21:10:00-07:00,2025-09-29 04:10:00+00:00,REAL_TIME_5_MIN,MKT_SUB_LNODEONC,Node,46.04629,44.24511,-0.12348,1.92466,0.0
2025-09-28 21:05:00-07:00,2025-09-29 04:05:00+00:00,2025-09-28 21:10:00-07:00,2025-09-29 04:10:00+00:00,REAL_TIME_5_MIN,SCEW_2_PDRP89-APND,AP Node,42.74785,44.24511,0.13347,-1.63072,0.0
2025-09-28 21:10:00-07:00,2025-09-29 04:10:00+00:00,2025-09-28 21:15:00-07:00,2025-09-29 04:15:00+00:00,REAL_TIME_5_MIN,ANAHEIM_6_N001,Node,42.65223,44.32857,0.05691,-1.73325,0.0
2025-09-28 21:10:00-07:00,2025-09-29 04:10:00+00:00,2025-09-28 21:15:00-07:00,2025-09-29 04:15:00+00:00,REAL_TIME_5_MIN,MKT_SUB_LNODEONC,Node,46.16831,44.32857,-0.08855,1.92829,0.0
2025-09-28 21:10:00-07:00,2025-09-29 04:10:00+00:00,2025-09-28 21:15:00-07:00,2025-09-29 04:15:00+00:00,REAL_TIME_5_MIN,SCEW_2_PDRP89-APND,AP Node,42.78754,44.32857,0.09278,-1.6338,0.0
2025-09-28 21:15:00-07:00,2025-09-29 04:15:00+00:00,2025-09-28 21:20:00-07:00,2025-09-29 04:20:00+00:00,REAL_TIME_5_MIN,ANAHEIM_6_N001,Node,42.61052,44.31535,0.05892,-1.76375,0.0
2025-09-28 21:15:00-07:00,2025-09-29 04:15:00+00:00,2025-09-28 21:20:00-07:00,2025-09-29 04:20:00+00:00,REAL_TIME_5_MIN,MKT_SUB_LNODEONC,Node,46.19611,44.31535,-0.09127,1.97203,0.0
2025-09-28 21:15:00-07:00,2025-09-29 04:15:00+00:00,2025-09-28 21:20:00-07:00,2025-09-29 04:20:00+00:00,REAL_TIME_5_MIN,SCEW_2_PDRP89-APND,AP Node,42.74562,44.31535,0.09595,-1.66568,0.0
2025-09-28 21:20:00-07:00,2025-09-29 04:20:00+00:00,2025-09-28 21:25:00-07:00,2025-09-29 04:25:00+00:00,REAL_TIME_5_MIN,ANAHEIM_6_N001,Node,42.96703,44.69236,0.05343,-1.77876,0.0
2025-09-28 21:20:00-07:00,2025-09-29 04:20:00+00:00,2025-09-28 21:25:00-07:00,2025-09-29 04:25:00+00:00,REAL_TIME_5_MIN,MKT_SUB_LNODEONC,Node,46.60299,44.69236,-0.07818,1.98881,0.0
2025-09-28 21:20:00-07:00,2025-09-29 04:20:00+00:00,2025-09-28 21:25:00-07:00,2025-09-29 04:25:00+00:00,REAL_TIME_5_MIN,SCEW_2_PDRP89-APND,AP Node,43.09839,44.69236,0.08588,-1.67985,0.0
2025-09-28 21:25:00-07:00,2025-09-29 04:25:00+00:00,2025-09-28 21:30:00-07:00,2025-09-29 04:30:00+00:00,REAL_TIME_5_MIN,ANAHEIM_6_N001,Node,43.13178,44.80408,0.11091,-1.7832,0.0
2025-09-28 21:25:00-07:00,2025-09-29 04:25:00+00:00,2025-09-28 21:30:00-07:00,2025-09-29 04:30:00+00:00,REAL_TIME_5_MIN,MKT_SUB_LNODEONC,Node,46.79786,44.80408,0.0,1.99378,0.0
2025-09-28 21:25:00-07:00,2025-09-29 04:25:00+00:00,2025-09-28 21:30:00-07:00,2025-09-29 04:30:00+00:00,REAL_TIME_5_MIN,SCEW_2_PDRP89-APND,AP Node,43.25828,44.80408,0.13825,-1.68405,0.0
2025-09-28 21:30:00-07:00,2025-09-29 04:30:00+00:00,2025-09-28 21:35:00-07:00,2025-09-29 04:35:00+00:00,REAL_TIME_5_MIN,ANAHEIM_6_N001,Node,42.99069,44.40839,0.07886,-1.49656,0.0
2025-09-28 21:30:00-07:00,2025-09-29 04:30:00+00:00,2025-09-28 21:35:00-07:00,2025-09-29 04:35:00+00:00,REAL_TIME_5_MIN,MKT_SUB_LNODEONC,Node,46.29575,44.40839,0.0,1.88736,0.0
2025-09-28 21:30:00-07:00,2025-09-29 04:30:00+00:00,2025-09-28 21:35:00-07:00,2025-09-29 04:35:00+00:00,REAL_TIME_5_MIN,SCEW_2_PDRP89-APND,AP Node,43.12868,44.40839,0.0983,-1.37801,0.0
2025-09-28 21:35:00-07:00,2025-09-29 04:35:00+00:00,2025-09-28 21:40:00-07:00,2025-09-29 04:40:00+00:00,REAL_TIME_5_MIN,ANAHEIM_6_N001,Node,43.73789,45.25665,0.00639,-1.52515,0.0
2025-09-28 21:35:00-07:00,2025-09-29 04:35:00+00:00,2025-09-28 21:40:00-07:00,2025-09-29 04:40:00+00:00,REAL_TIME_5_MIN,MKT_SUB_LNODEONC,Node,47.18006,45.25665,0.0,1.92341,0.0
2025-09-28 21:35:00-07:00,2025-09-29 04:35:00+00:00,2025-09-28 21:40:00-07:00,2025-09-29 04:40:00+00:00,REAL_TIME_5_MIN,SCEW_2_PDRP89-APND,AP Node,43.86028,45.25665,0.00796,-1.40433,0.0
2025-09-28 21:40:00-07:00,2025-09-29 04:40:00+00:00,2025-09-28 21:45:00-07:00,2025-09-29 04:45:00+00:00,REAL_TIME_5_MIN,ANAHEIM_6_N001,Node,43.20445,44.67401,0.03595,-1.50551,0.0
2025-09-28 21:40:00-07:00,2025-09-29 04:40:00+00:00,2025-09-28 21:45:00-07:00,2025-09-29 04:45:00+00:00,REAL_TIME_5_MIN,MKT_SUB_LNODEONC,Node,46.57266,44.67401,0.0,1.89865,0.0
2025-09-28 21:40:00-07:00,2025-09-29 04:40:00+00:00,2025-09-28 21:45:00-07:00,2025-09-29 04:45:00+00:00,REAL_TIME_5_MIN,SCEW_2_PDRP89-APND,AP Node,43.33257,44.67401,0.04481,-1.38625,0.0
2025-09-28 21:45:00-07:00,2025-09-29 04:45:00+00:00,2025-09-28 21:50:00-07:00,2025-09-29 04:50:00+00:00,REAL_TIME_5_MIN,ANAHEIM_6_N001,Node,43.01315,44.42256,0.02544,-1.43485,0.0
2025-09-28 21:45:00-07:00,2025-09-29 04:45:00+00:00,2025-09-28 21:50:00-07:00,2025-09-29 04:50:00+00:00,REAL_TIME_5_MIN,MKT_SUB_LNODEONC,Node,46.31052,44.42256,0.0,1.88796,0.0
2025-09-28 21:45:00-07:00,2025-09-29 04:45:00+00:00,2025-09-28 21:50:00-07:00,2025-09-29 04:50:00+00:00,REAL_TIME_5_MIN,SCEW_2_PDRP89-APND,AP Node,43.12183,44.42256,0.03145,-1.33218,0.0
2025-09-28 21:50:00-07:00,2025-09-29 04:50:00+00:00,2025-09-28 21:55:00-07:00,2025-09-29 04:55:00+00:00,REAL_TIME_5_MIN,ANAHEIM_6_N001,Node,43.01315,44.42256,0.02544,-1.43485,0.0
2025-09-28 21:50:00-07:00,2025-09-29 04:50:00+00:00,2025-09-28 21:55:00-07:00,2025-09-29 04:55:00+00:00,REAL_TIME_5_MIN,MKT_SUB_LNODEONC,Node,46.31052,44.42256,0.0,1.88796,0.0
2025-09-28 21:50:00-07:00,2025-09-29 04:50:00+00:00,2025-09-28 21:55:00-07:00,2025-09-29 04:55:00+00:00,REAL_TIME_5_MIN,SCEW_2_PDRP89-APND,AP Node,43.12183,44.42256,0.03145,-1.33218,0.0
2025-09-28 21:55:00-07:00,2025-09-29 04:55:00+00:00,2025-09-28 22:00:00-07:00,2025-09-29 05:00:00+00:00,REAL_TIME_5_MIN,ANAHEIM_6_N001,Node,43.02453,44.46061,0.0,-1.43608,0.0
2025-09-28 21:55:00-07:00,2025-09-29 04:55:00+00:00,2025-09-28 22:00:00-07:00,2025-09-29 05:00:00+00:00,REAL_TIME_5_MIN,MKT_SUB_LNODEONC,Node,46.35019,44.46061,0.0,1.88958,0.0
2025-09-28 21:55:00-07:00,2025-09-29 04:55:00+00:00,2025-09-28 22:00:00-07:00,2025-09-29 05:00:00+00:00,REAL_TIME_5_MIN,SCEW_2_PDRP89-APND,AP Node,43.12729,44.46061,0.0,-1.33332,0.0
2025-09-28 22:00:00-07:00,2025-09-29 05:00:00+00:00,2025-09-28 22:05:00-07:00,2025-09-29 05:05:00+00:00,REAL_TIME_5_MIN,ANAHEIM_6_N001,Node,44.32354,45.76042,0.0,-1.43688,0.0
2025-09-28 22:00:00-07:00,2025-09-29 05:00:00+00:00,2025-09-28 22:05:00-07:00,2025-09-29 05:05:00+00:00,REAL_TIME_5_MIN,MKT_SUB_LNODEONC,Node,47.78303,45.76042,0.0,2.02261,0.0
2025-09-28 22:00:00-07:00,2025-09-29 05:00:00+00:00,2025-09-28 22:05:00-07:00,2025-09-29 05:05:00+00:00,REAL_TIME_5_MIN,SCEW_2_PDRP89-APND,AP Node,44.41738,45.76042,0.0,-1.34304,0.0
2025-09-28 22:05:00-07:00,2025-09-29 05:05:00+00:00,2025-09-28 22:10:00-07:00,2025-09-29 05:10:00+00:00,REAL_TIME_5_MIN,ANAHEIM_6_N001,Node,44.16816,45.6,0.0,-1.43184,0.0
2025-09-28 22:05:00-07:00,2025-09-29 05:05:00+00:00,2025-09-28 22:10:00-07:00,2025-09-29 05:10:00+00:00,REAL_TIME_5_MIN,MKT_SUB_LNODEONC,Node,47.61552,45.6,0.0,2.01552,0.0
2025-09-28 22:05:00-07:00,2025-09-29 05:05:00+00:00,2025-09-28 22:10:00-07:00,2025-09-29 05:10:00+00:00,REAL_TIME_5_MIN,SCEW_2_PDRP89-APND,AP Node,44.26167,45.6,0.0,-1.33833,0.0
2025-09-28 22:10:00-07:00,2025-09-29 05:10:00+00:00,2025-09-28 22:15:00-07:00,2025-09-29 05:15:00+00:00,REAL_TIME_5_MIN,ANAHEIM_6_N001,Node,43.79159,45.21122,0.0,-1.41963,0.0
2025-09-28 22:10:00-07:00,2025-09-29 05:10:00+00:00,2025-09-28 22:15:00-07:00,2025-09-29 05:15:00+00:00,REAL_TIME_5_MIN,MKT_SUB_LNODEONC,Node,47.20956,45.21122,0.0,1.99834,0.0
2025-09-28 22:10:00-07:00,2025-09-29 05:10:00+00:00,2025-09-28 22:15:00-07:00,2025-09-29 05:15:00+00:00,REAL_TIME_5_MIN,SCEW_2_PDRP89-APND,AP Node,43.8843,45.21122,0.0,-1.32692,0.0
2025-09-28 22:15:00-07:00,2025-09-29 05:15:00+00:00,2025-09-28 22:20:00-07:00,2025-09-29 05:20:00+00:00,REAL_TIME_5_MIN,ANAHEIM_6_N001,Node,44.00849,45.26225,0.0,-1.25376,0.0
2025-09-28 22:15:00-07:00,2025-09-29 05:15:00+00:00,2025-09-28 22:20:00-07:00,2025-09-29 05:20:00+00:00,REAL_TIME_5_MIN,MKT_SUB_LNODEONC,Node,47.2719,45.26225,0.0,2.00964,0.0
2025-09-28 22:15:00-07:00,2025-09-29 05:15:00+00:00,2025-09-28 22:20:00-07:00,2025-09-29 05:20:00+00:00,REAL_TIME_5_MIN,SCEW_2_PDRP89-APND,AP Node,44.10731,45.26225,0.0,-1.15494,0.0
2025-09-28 22:20:00-07:00,2025-09-29 05:20:00+00:00,2025-09-28 22:25:00-07:00,2025-09-29 05:25:00+00:00,REAL_TIME_5_MIN,ANAHEIM_6_N001,Node,44.67937,45.95225,0.0,-1.27288,0.0
2025-09-28 22:20:00-07:00,2025-09-29 05:20:00+00:00,2025-09-28 22:25:00-07:00,2025-09-29 05:25:00+00:00,REAL_TIME_5_MIN,MKT_SUB_LNODEONC,Node,47.99253,45.95225,0.0,2.04028,0.0
2025-09-28 22:20:00-07:00,2025-09-29 05:20:00+00:00,2025-09-28 22:25:00-07:00,2025-09-29 05:25:00+00:00,REAL_TIME_5_MIN,SCEW_2_PDRP89-APND,AP Node,44.7797,45.95225,0.0,-1.17255,0.0
2025-09-28 22:25:00-07:00,2025-09-29 05:25:00+00:00,2025-09-28 22:30:00-07:00,2025-09-29 05:30:00+00:00,REAL_TIME_5_MIN,ANAHEIM_6_N001,Node,44.04492,45.29972,0.0,-1.2548,0.0
2025-09-28 22:25:00-07:00,2025-09-29 05:25:00+00:00,2025-09-28 22:30:00-07:00,2025-09-29 05:30:00+00:00,REAL_TIME_5_MIN,MKT_SUB_LNODEONC,Node,47.31103,45.29972,0.0,2.01131,0.0
2025-09-28 22:25:00-07:00,2025-09-29 05:25:00+00:00,2025-09-28 22:30:00-07:00,2025-09-29 05:30:00+00:00,REAL_TIME_5_MIN,SCEW_2_PDRP89-APND,AP Node,44.14382,45.29972,0.0,-1.1559,0.0
2025-09-28 22:30:00-07:00,2025-09-29 05:30:00+00:00,2025-09-28 22:35:00-07:00,2025-09-29 05:35:00+00:00,REAL_TIME_5_MIN,ANAHEIM_6_N001,Node,44.38381,45.47987,0.0,-1.09606,0.0
2025-09-28 22:30:00-07:00,2025-09-29 05:30:00+00:00,2025-09-28 22:35:00-07:00,2025-09-29 05:35:00+00:00,REAL_TIME_5_MIN,MKT_SUB_LNODEONC,Node,47.38548,45.47987,0.0,1.90561,0.0
2025-09-28 22:30:00-07:00,2025-09-29 05:30:00+00:00,2025-09-28 22:35:00-07:00,2025-09-29 05:35:00+00:00,REAL_TIME_5_MIN,SCEW_2_PDRP89-APND,AP Node,44.46375,45.47987,0.0,-1.01612,0.0
2025-09-28 22:35:00-07:00,2025-09-29 05:35:00+00:00,2025-09-28 22:40:00-07:00,2025-09-29 05:40:00+00:00,REAL_TIME_5_MIN,ANAHEIM_6_N001,Node,44.29795,45.39189,0.0,-1.09394,0.0
2025-09-28 22:35:00-07:00,2025-09-29 05:35:00+00:00,2025-09-28 22:40:00-07:00,2025-09-29 05:40:00+00:00,REAL_TIME_5_MIN,MKT_SUB_LNODEONC,Node,47.29381,45.39189,0.0,1.90192,0.0
2025-09-28 22:35:00-07:00,2025-09-29 05:35:00+00:00,2025-09-28 22:40:00-07:00,2025-09-29 05:40:00+00:00,REAL_TIME_5_MIN,SCEW_2_PDRP89-APND,AP Node,44.37774,45.39189,0.0,-1.01415,0.0
2025-09-28 22:40:00-07:00,2025-09-29 05:40:00+00:00,2025-09-28 22:45:00-07:00,2025-09-29 05:45:00+00:00,REAL_TIME_5_MIN,ANAHEIM_6_N001,Node,44.4422,45.53971,0.0,-1.09751,0.0
2025-09-28 22:40:00-07:00,2025-09-29 05:40:00+00:00,2025-09-28 22:45:00-07:00,2025-09-29 05:45:00+00:00,REAL_TIME_5_MIN,MKT_SUB_LNODEONC,Node,47.44782,45.53971,0.0,1.90811,0.0
2025-09-28 22:40:00-07:00,2025-09-29 05:40:00+00:00,2025-09-28 22:45:00-07:00,2025-09-29 05:45:00+00:00,REAL_TIME_5_MIN,SCEW_2_PDRP89-APND,AP Node,44.52225,45.53971,0.0,-1.01745,0.0
2025-09-28 22:45:00-07:00,2025-09-29 05:45:00+00:00,2025-09-28 22:50:00-07:00,2025-09-29 05:50:00+00:00,REAL_TIME_5_MIN,ANAHEIM_6_N001,Node,44.29368,45.19302,0.0,-0.89934,0.0
2025-09-28 22:45:00-07:00,2025-09-29 05:45:00+00:00,2025-09-28 22:50:00-07:00,2025-09-29 05:50:00+00:00,REAL_TIME_5_MIN,MKT_SUB_LNODEONC,Node,47.00978,45.19302,0.0,1.81676,0.0
2025-09-28 22:45:00-07:00,2025-09-29 05:45:00+00:00,2025-09-28 22:50:00-07:00,2025-09-29 05:50:00+00:00,REAL_TIME_5_MIN,SCEW_2_PDRP89-APND,AP Node,44.36588,45.19302,0.0,-0.82713,0.0
2025-09-28 22:50:00-07:00,2025-09-29 05:50:00+00:00,2025-09-28 22:55:00-07:00,2025-09-29 05:55:00+00:00,REAL_TIME_5_MIN,ANAHEIM_6_N001,Node,44.45678,45.35943,0.0,-0.90265,0.0
2025-09-28 22:50:00-07:00,2025-09-29 05:50:00+00:00,2025-09-28 22:55:00-07:00,2025-09-29 05:55:00+00:00,REAL_TIME_5_MIN,MKT_SUB_LNODEONC,Node,47.18288,45.35943,0.0,1.82345,0.0
2025-09-28 22:50:00-07:00,2025-09-29 05:50:00+00:00,2025-09-28 22:55:00-07:00,2025-09-29 05:55:00+00:00,REAL_TIME_5_MIN,SCEW_2_PDRP89-APND,AP Node,44.52925,45.35943,0.0,-0.83018,0.0
2025-09-28 22:55:00-07:00,2025-09-29 05:55:00+00:00,2025-09-28 23:00:00-07:00,2025-09-29 06:00:00+00:00,REAL_TIME_5_MIN,ANAHEIM_6_N001,Node,44.5265,45.43057,0.0,-0.90407,0.0
2025-09-28 22:55:00-07:00,2025-09-29 05:55:00+00:00,2025-09-28 23:00:00-07:00,2025-09-29 06:00:00+00:00,REAL_TIME_5_MIN,MKT_SUB_LNODEONC,Node,47.25563,45.43057,-0.0012,1.82626,0.0
2025-09-28 22:55:00-07:00,2025-09-29 05:55:00+00:00,2025-09-28 23:00:00-07:00,2025-09-29 06:00:00+00:00,REAL_TIME_5_MIN,SCEW_2_PDRP89-APND,AP Node,44.59909,45.43057,0.0,-0.83148,0.0
2025-09-28 23:00:00-07:00,2025-09-29 06:00:00+00:00,2025-09-28 23:05:00-07:00,2025-09-29 06:05:00+00:00,REAL_TIME_5_MIN,ANAHEIM_6_N001,Node,44.46733,45.56079,0.0,-1.09346,0.0
2025-09-28 23:00:00-07:00,2025-09-29 06:00:00+00:00,2025-09-28 23:05:00-07:00,2025-09-29 06:05:00+00:00,REAL_TIME_5_MIN,MKT_SUB_LNODEONC,Node,47.40931,45.56079,-0.0012,1.84972,0.0
2025-09-28 23:00:00-07:00,2025-09-29 06:00:00+00:00,2025-09-28 23:05:00-07:00,2025-09-29 06:05:00+00:00,REAL_TIME_5_MIN,SCEW_2_PDRP89-APND,AP Node,44.5506,45.56079,0.0,-1.0102,0.0
2025-09-28 23:05:00-07:00,2025-09-29 06:05:00+00:00,2025-09-28 23:10:00-07:00,2025-09-29 06:10:00+00:00,REAL_TIME_5_MIN,ANAHEIM_6_N001,Node,44.69745,45.79657,0.0,-1.09912,0.0
2025-09-28 23:05:00-07:00,2025-09-29 06:05:00+00:00,2025-09-28 23:10:00-07:00,2025-09-29 06:10:00+00:00,REAL_TIME_5_MIN,MKT_SUB_LNODEONC,Node,47.65466,45.79657,-0.0012,1.85929,0.0
2025-09-28 23:05:00-07:00,2025-09-29 06:05:00+00:00,2025-09-28 23:10:00-07:00,2025-09-29 06:10:00+00:00,REAL_TIME_5_MIN,SCEW_2_PDRP89-APND,AP Node,44.78115,45.79657,0.0,-1.01543,0.0
2025-09-28 23:10:00-07:00,2025-09-29 06:10:00+00:00,2025-09-28 23:15:00-07:00,2025-09-29 06:15:00+00:00,REAL_TIME_5_MIN,ANAHEIM_6_N001,Node,44.38025,45.47157,0.0,-1.09132,0.0
2025-09-28 23:10:00-07:00,2025-09-29 06:10:00+00:00,2025-09-28 23:15:00-07:00,2025-09-29 06:15:00+00:00,REAL_TIME_5_MIN,MKT_SUB_LNODEONC,Node,47.31647,45.47157,-0.0012,1.8461,0.0
2025-09-28 23:10:00-07:00,2025-09-29 06:10:00+00:00,2025-09-28 23:15:00-07:00,2025-09-29 06:15:00+00:00,REAL_TIME_5_MIN,SCEW_2_PDRP89-APND,AP Node,44.46335,45.47157,0.0,-1.00822,0.0
2025-09-28 23:15:00-07:00,2025-09-29 06:15:00+00:00,2025-09-28 23:20:00-07:00,2025-09-29 06:20:00+00:00,REAL_TIME_5_MIN,ANAHEIM_6_N001,Node,44.5098,45.56695,0.0,-1.05715,0.0
2025-09-28 23:15:00-07:00,2025-09-29 06:15:00+00:00,2025-09-28 23:20:00-07:00,2025-09-29 06:20:00+00:00,REAL_TIME_5_MIN,MKT_SUB_LNODEONC,Node,47.35649,45.56695,-0.0012,1.79073,0.0
2025-09-28 23:15:00-07:00,2025-09-29 06:15:00+00:00,2025-09-28 23:20:00-07:00,2025-09-29 06:20:00+00:00,REAL_TIME_5_MIN,SCEW_2_PDRP89-APND,AP Node,44.58566,45.56695,0.0,-0.98129,0.0
2025-09-28 23:20:00-07:00,2025-09-29 06:20:00+00:00,2025-09-28 23:25:00-07:00,2025-09-29 06:25:00+00:00,REAL_TIME_5_MIN,ANAHEIM_6_N001,Node,45.10829,46.17965,0.0,-1.07137,0.0
2025-09-28 23:20:00-07:00,2025-09-29 06:20:00+00:00,2025-09-28 23:25:00-07:00,2025-09-29 06:25:00+00:00,REAL_TIME_5_MIN,MKT_SUB_LNODEONC,Node,47.99327,46.17965,-0.0012,1.81481,0.0
2025-09-28 23:20:00-07:00,2025-09-29 06:20:00+00:00,2025-09-28 23:25:00-07:00,2025-09-29 06:25:00+00:00,REAL_TIME_5_MIN,SCEW_2_PDRP89-APND,AP Node,45.18517,46.17965,0.0,-0.99449,0.0
2025-09-28 23:25:00-07:00,2025-09-29 06:25:00+00:00,2025-09-28 23:30:00-07:00,2025-09-29 06:30:00+00:00,REAL_TIME_5_MIN,ANAHEIM_6_N001,Node,45.36154,46.43892,0.0,-1.07738,0.0
2025-09-28 23:25:00-07:00,2025-09-29 06:25:00+00:00,2025-09-28 23:30:00-07:00,2025-09-29 06:30:00+00:00,REAL_TIME_5_MIN,MKT_SUB_LNODEONC,Node,48.26273,46.43892,-0.0012,1.825,0.0
2025-09-28 23:25:00-07:00,2025-09-29 06:25:00+00:00,2025-09-28 23:30:00-07:00,2025-09-29 06:30:00+00:00,REAL_TIME_5_MIN,SCEW_2_PDRP89-APND,AP Node,45.43885,46.43892,0.0,-1.00007,0.0
2025-09-28 23:30:00-07:00,2025-09-29 06:30:00+00:00,2025-09-28 23:35:00-07:00,2025-09-29 06:35:00+00:00,REAL_TIME_5_MIN,ANAHEIM_6_N001,Node,45.47521,46.37961,0.0,-0.9044,0.0
2025-09-28 23:30:00-07:00,2025-09-29 06:30:00+00:00,2025-09-28 23:35:00-07:00,2025-09-29 06:35:00+00:00,REAL_TIME_5_MIN,MKT_SUB_LNODEONC,Node,48.06658,46.37961,-0.0012,1.68817,0.0
2025-09-28 23:30:00-07:00,2025-09-29 06:30:00+00:00,2025-09-28 23:35:00-07:00,2025-09-29 06:35:00+00:00,REAL_TIME_5_MIN,SCEW_2_PDRP89-APND,AP Node,45.55417,46.37961,0.0,-0.82544,0.0
2025-09-28 23:35:00-07:00,2025-09-29 06:35:00+00:00,2025-09-28 23:40:00-07:00,2025-09-29 06:40:00+00:00,REAL_TIME_5_MIN,ANAHEIM_6_N001,Node,44.83425,45.7259,0.0,-0.89166,0.0
2025-09-28 23:35:00-07:00,2025-09-29 06:35:00+00:00,2025-09-28 23:40:00-07:00,2025-09-29 06:40:00+00:00,REAL_TIME_5_MIN,MKT_SUB_LNODEONC,Node,47.38908,45.7259,-0.0012,1.66438,0.0
2025-09-28 23:35:00-07:00,2025-09-29 06:35:00+00:00,2025-09-28 23:40:00-07:00,2025-09-29 06:40:00+00:00,REAL_TIME_5_MIN,SCEW_2_PDRP89-APND,AP Node,44.91209,45.7259,0.0,-0.81381,0.0
2025-09-28 23:40:00-07:00,2025-09-29 06:40:00+00:00,2025-09-28 23:45:00-07:00,2025-09-29 06:45:00+00:00,REAL_TIME_5_MIN,ANAHEIM_6_N001,Node,44.73023,45.61982,0.0,-0.88959,0.0
2025-09-28 23:40:00-07:00,2025-09-29 06:40:00+00:00,2025-09-28 23:45:00-07:00,2025-09-29 06:45:00+00:00,REAL_TIME_5_MIN,MKT_SUB_LNODEONC,Node,47.27914,45.61982,-0.0012,1.66052,0.0
2025-09-28 23:40:00-07:00,2025-09-29 06:40:00+00:00,2025-09-28 23:45:00-07:00,2025-09-29 06:45:00+00:00,REAL_TIME_5_MIN,SCEW_2_PDRP89-APND,AP Node,44.8079,45.61982,0.0,-0.81192,0.0
2025-09-28 23:45:00-07:00,2025-09-29 06:45:00+00:00,2025-09-28 23:50:00-07:00,2025-09-29 06:50:00+00:00,REAL_TIME_5_MIN,ANAHEIM_6_N001,Node,44.527,45.31549,0.0,-0.78849,0.0
2025-09-28 23:45:00-07:00,2025-09-29 06:45:00+00:00,2025-09-28 23:50:00-07:00,2025-09-29 06:50:00+00:00,REAL_TIME_5_MIN,MKT_SUB_LNODEONC,Node,46.88217,45.31549,-0.0012,1.56787,0.0
2025-09-28 23:45:00-07:00,2025-09-29 06:45:00+00:00,2025-09-28 23:50:00-07:00,2025-09-29 06:50:00+00:00,REAL_TIME_5_MIN,SCEW_2_PDRP89-APND,AP Node,44.60416,45.31549,0.0,-0.71134,0.0
2025-09-28 23:50:00-07:00,2025-09-29 06:50:00+00:00,2025-09-28 23:55:00-07:00,2025-09-29 06:55:00+00:00,REAL_TIME_5_MIN,ANAHEIM_6_N001,Node,43.48997,44.2601,0.0,-0.77013,0.0
2025-09-28 23:50:00-07:00,2025-09-29 06:50:00+00:00,2025-09-28 23:55:00-07:00,2025-09-29 06:55:00+00:00,REAL_TIME_5_MIN,MKT_SUB_LNODEONC,Node,45.79026,44.2601,-0.0012,1.53136,0.0
2025-09-28 23:50:00-07:00,2025-09-29 06:50:00+00:00,2025-09-28 23:55:00-07:00,2025-09-29 06:55:00+00:00,REAL_TIME_5_MIN,SCEW_2_PDRP89-APND,AP Node,43.56533,44.2601,0.0,-0.69477,0.0
2025-09-28 23:55:00-07:00,2025-09-29 06:55:00+00:00,2025-09-29 00:00:00-07:00,2025-09-29 07:00:00+00:00,REAL_TIME_5_MIN,ANAHEIM_6_N001,Node,45.04231,45.83992,0.0,-0.79761,0.0
2025-09-28 23:55:00-07:00,2025-09-29 06:55:00+00:00,2025-09-29 00:00:00-07:00,2025-09-29 07:00:00+00:00,REAL_TIME_5_MIN,MKT_SUB_LNODEONC,Node,47.42474,45.83992,-0.0012,1.58602,0.0
2025-09-28 23:55:00-07:00,2025-09-29 06:55:00+00:00,2025-09-29 00:00:00-07:00,2025-09-29 07:00:00+00:00,REAL_TIME_5_MIN,SCEW_2_PDRP89-APND,AP Node,45.12035,45.83992,0.0,-0.71957,0.0
2025-09-28 00:00:00-07:00,2025-09-28 07:00:00+00:00,2025-09-28 00:05:00-07:00,2025-09-28 07:05:00+00:00,REAL_TIME_5_MIN,URBAN_6_N001,Node,40.42708,41.66881,0.0,-1.24173,0.0
2025-09-28 00:05:00-07:00,2025-09-28 07:05:00+00:00,2025-09-28 00:10:00-07:00,2025-09-28 07:10:00+00:00,REAL_TIME_5_MIN,URBAN_6_N001,Node,40.30325,41.54118,0.0,-1.23793,0.0
2025-09-28 00:10:00-07:00,2025-09-28 07:10:00+00:00,2025-09-28 00:15:00-07:00,2025-09-28 07:15:00+00:00,REAL_TIME_5_MIN,URBAN_6_N001,Node,40.30325,41.54118,0.0,-1.23793,0.0
2025-09-28 00:15:00-07:00,2025-09-28 07:15:00+00:00,2025-09-28 00:20:00-07:00,2025-09-28 07:20:00+00:00,REAL_TIME_5_MIN,URBAN_6_N001,Node,40.51271,41.59416,0.0,-1.08145,0.0
2025-09-28 00:20:00-07:00,2025-09-28 07:20:00+00:00,2025-09-28 00:25:00-07:00,2025-09-28 07:25:00+00:00,REAL_TIME_5_MIN,URBAN_6_N001,Node,40.74614,41.83382,0.0,-1.08768,0.0
2025-09-28 00:25:00-07:00,2025-09-28 07:25:00+00:00,2025-09-28 00:30:00-07:00,2025-09-28 07:30:00+00:00,REAL_TIME_5_MIN,URBAN_6_N001,Node,40.95021,42.04333,0.0,-1.09313,0.0
2025-09-28 00:30:00-07:00,2025-09-28 07:30:00+00:00,2025-09-28 00:35:00-07:00,2025-09-28 07:35:00+00:00,REAL_TIME_5_MIN,URBAN_6_N001,Node,41.18867,42.26646,0.0,-1.07779,0.0
2025-09-28 00:35:00-07:00,2025-09-28 07:35:00+00:00,2025-09-28 00:40:00-07:00,2025-09-28 07:40:00+00:00,REAL_TIME_5_MIN,URBAN_6_N001,Node,41.07938,42.15431,0.0,-1.07493,0.0
2025-09-28 00:40:00-07:00,2025-09-28 07:40:00+00:00,2025-09-28 00:45:00-07:00,2025-09-28 07:45:00+00:00,REAL_TIME_5_MIN,URBAN_6_N001,Node,40.79729,41.86484,0.0,-1.06755,0.0
2025-09-28 00:45:00-07:00,2025-09-28 07:45:00+00:00,2025-09-28 00:50:00-07:00,2025-09-28 07:50:00+00:00,REAL_TIME_5_MIN,URBAN_6_N001,Node,40.53833,41.68894,0.0,-1.15061,0.0
2025-09-28 00:50:00-07:00,2025-09-28 07:50:00+00:00,2025-09-28 00:55:00-07:00,2025-09-28 07:55:00+00:00,REAL_TIME_5_MIN,URBAN_6_N001,Node,40.58308,41.73496,0.0,-1.15188,0.0
2025-09-28 00:55:00-07:00,2025-09-28 07:55:00+00:00,2025-09-28 01:00:00-07:00,2025-09-28 08:00:00+00:00,REAL_TIME_5_MIN,URBAN_6_N001,Node,40.71341,41.86899,0.0,-1.15558,0.0
2025-09-28 01:00:00-07:00,2025-09-28 08:00:00+00:00,2025-09-28 01:05:00-07:00,2025-09-28 08:05:00+00:00,REAL_TIME_5_MIN,URBAN_6_N001,Node,41.48491,42.71511,0.0,-1.2302,0.0
2025-09-28 01:05:00-07:00,2025-09-28 08:05:00+00:00,2025-09-28 01:10:00-07:00,2025-09-28 08:10:00+00:00,REAL_TIME_5_MIN,URBAN_6_N001,Node,41.48451,42.71469,0.0,-1.23018,0.0
2025-09-28 01:10:00-07:00,2025-09-28 08:10:00+00:00,2025-09-28 01:15:00-07:00,2025-09-28 08:15:00+00:00,REAL_TIME_5_MIN,URBAN_6_N001,Node,41.50465,42.73543,0.0,-1.23078,0.0
2025-09-28 01:15:00-07:00,2025-09-28 08:15:00+00:00,2025-09-28 01:20:00-07:00,2025-09-28 08:20:00+00:00,REAL_TIME_5_MIN,URBAN_6_N001,Node,41.4018,42.52881,0.0,-1.12701,0.0
2025-09-28 01:20:00-07:00,2025-09-28 08:20:00+00:00,2025-09-28 01:25:00-07:00,2025-09-28 08:25:00+00:00,REAL_TIME_5_MIN,URBAN_6_N001,Node,41.5707,42.70231,0.0,-1.13161,0.0
2025-09-28 01:25:00-07:00,2025-09-28 08:25:00+00:00,2025-09-28 01:30:00-07:00,2025-09-28 08:30:00+00:00,REAL_TIME_5_MIN,URBAN_6_N001,Node,41.63134,42.7646,0.0,-1.13326,0.0
2025-09-28 01:30:00-07:00,2025-09-28 08:30:00+00:00,2025-09-28 01:35:00-07:00,2025-09-28 08:35:00+00:00,REAL_TIME_5_MIN,URBAN_6_N001,Node,41.45934,42.54422,0.0,-1.08488,0.0
2025-09-28 01:35:00-07:00,2025-09-28 08:35:00+00:00,2025-09-28 01:40:00-07:00,2025-09-28 08:40:00+00:00,REAL_TIME_5_MIN,URBAN_6_N001,Node,41.45934,42.54422,0.0,-1.08488,0.0
2025-09-28 01:40:00-07:00,2025-09-28 08:40:00+00:00,2025-09-28 01:45:00-07:00,2025-09-28 08:45:00+00:00,REAL_TIME_5_MIN,URBAN_6_N001,Node,41.2679,42.34777,0.0,-1.07987,0.0
2025-09-28 01:45:00-07:00,2025-09-28 08:45:00+00:00,2025-09-28 01:50:00-07:00,2025-09-28 08:50:00+00:00,REAL_TIME_5_MIN,URBAN_6_N001,Node,40.61364,41.6422,0.0,-1.02856,0.0
2025-09-28 01:50:00-07:00,2025-09-28 08:50:00+00:00,2025-09-28 01:55:00-07:00,2025-09-28 08:55:00+00:00,REAL_TIME_5_MIN,URBAN_6_N001,Node,40.05572,41.07015,0.0,-1.01443,0.0
2025-09-28 01:55:00-07:00,2025-09-28 08:55:00+00:00,2025-09-28 02:00:00-07:00,2025-09-28 09:00:00+00:00,REAL_TIME_5_MIN,URBAN_6_N001,Node,40.02462,41.03827,0.0,-1.01365,0.0
2025-09-28 02:00:00-07:00,2025-09-28 09:00:00+00:00,2025-09-28 02:05:00-07:00,2025-09-28 09:05:00+00:00,REAL_TIME_5_MIN,URBAN_6_N001,Node,42.37885,43.78432,0.0,-1.40548,0.0
2025-09-28 02:05:00-07:00,2025-09-28 09:05:00+00:00,2025-09-28 02:10:00-07:00,2025-09-28 09:10:00+00:00,REAL_TIME_5_MIN,URBAN_6_N001,Node,42.75929,44.17738,0.0,-1.41809,0.0
2025-09-28 02:10:00-07:00,2025-09-28 09:10:00+00:00,2025-09-28 02:15:00-07:00,2025-09-28 09:15:00+00:00,REAL_TIME_5_MIN,URBAN_6_N001,Node,42.45772,43.86582,0.0,-1.40809,0.0
2025-09-28 02:15:00-07:00,2025-09-28 09:15:00+00:00,2025-09-28 02:20:00-07:00,2025-09-28 09:20:00+00:00,REAL_TIME_5_MIN,URBAN_6_N001,Node,42.34421,43.73047,0.0,-1.38626,0.0
2025-09-28 02:20:00-07:00,2025-09-28 09:20:00+00:00,2025-09-28 02:25:00-07:00,2025-09-28 09:25:00+00:00,REAL_TIME_5_MIN,URBAN_6_N001,Node,42.34421,43.73047,0.0,-1.38626,0.0
2025-09-28 02:25:00-07:00,2025-09-28 09:25:00+00:00,2025-09-28 02:30:00-07:00,2025-09-28 09:30:00+00:00,REAL_TIME_5_MIN,URBAN_6_N001,Node,41.57776,42.93892,0.0,-1.36116,0.0
2025-09-28 02:30:00-07:00,2025-09-28 09:30:00+00:00,2025-09-28 02:35:00-07:00,2025-09-28 09:35:00+00:00,REAL_TIME_5_MIN,URBAN_6_N001,Node,42.67104,44.17292,0.0,-1.50188,0.0
2025-09-28 02:35:00-07:00,2025-09-28 09:35:00+00:00,2025-09-28 02:40:00-07:00,2025-09-28 09:40:00+00:00,REAL_TIME_5_MIN,URBAN_6_N001,Node,42.31942,43.80892,0.0,-1.4895,0.0
2025-09-28 02:40:00-07:00,2025-09-28 09:40:00+00:00,2025-09-28 02:45:00-07:00,2025-09-28 09:45:00+00:00,REAL_TIME_5_MIN,URBAN_6_N001,Node,42.23538,43.72193,0.0,-1.48655,0.0
2025-09-28 02:45:00-07:00,2025-09-28 09:45:00+00:00,2025-09-28 02:50:00-07:00,2025-09-28 09:50:00+00:00,REAL_TIME_5_MIN,URBAN_6_N001,Node,42.24206,43.81047,0.0,-1.56841,0.0
2025-09-28 02:50:00-07:00,2025-09-28 09:50:00+00:00,2025-09-28 02:55:00-07:00,2025-09-28 09:55:00+00:00,REAL_TIME_5_MIN,URBAN_6_N001,Node,42.15257,43.71766,0.0,-1.56509,0.0
2025-09-28 02:55:00-07:00,2025-09-28 09:55:00+00:00,2025-09-28 03:00:00-07:00,2025-09-28 10:00:00+00:00,REAL_TIME_5_MIN,URBAN_6_N001,Node,42.47791,44.05508,0.0,-1.57717,0.0
2025-09-28 03:00:00-07:00,2025-09-28 10:00:00+00:00,2025-09-28 03:05:00-07:00,2025-09-28 10:05:00+00:00,REAL_TIME_5_MIN,URBAN_6_N001,Node,43.48871,44.97282,0.0,-1.4841,0.0
2025-09-28 03:05:00-07:00,2025-09-28 10:05:00+00:00,2025-09-28 03:10:00-07:00,2025-09-28 10:10:00+00:00,REAL_TIME_5_MIN,URBAN_6_N001,Node,43.30528,44.78313,0.0,-1.47784,0.0
2025-09-28 03:10:00-07:00,2025-09-28 10:10:00+00:00,2025-09-28 03:15:00-07:00,2025-09-28 10:15:00+00:00,REAL_TIME_5_MIN,URBAN_6_N001,Node,41.9856,43.41841,0.0,-1.43281,0.0
2025-09-28 03:15:00-07:00,2025-09-28 10:15:00+00:00,2025-09-28 03:20:00-07:00,2025-09-28 10:20:00+00:00,REAL_TIME_5_MIN,URBAN_6_N001,Node,42.3738,43.76554,0.0,-1.39174,0.0
2025-09-28 03:20:00-07:00,2025-09-28 10:20:00+00:00,2025-09-28 03:25:00-07:00,2025-09-28 10:25:00+00:00,REAL_TIME_5_MIN,URBAN_6_N001,Node,41.01438,42.36148,0.0,-1.3471,0.0
2025-09-28 03:25:00-07:00,2025-09-28 10:25:00+00:00,2025-09-28 03:30:00-07:00,2025-09-28 10:30:00+00:00,REAL_TIME_5_MIN,URBAN_6_N001,Node,40.69016,42.0266,0.0,-1.33645,0.0
2025-09-28 03:30:00-07:00,2025-09-28 10:30:00+00:00,2025-09-28 03:35:00-07:00,2025-09-28 10:35:00+00:00,REAL_TIME_5_MIN,URBAN_6_N001,Node,40.58515,42.11826,0.0,-1.5331,0.0
2025-09-28 03:35:00-07:00,2025-09-28 10:35:00+00:00,2025-09-28 03:40:00-07:00,2025-09-28 10:40:00+00:00,REAL_TIME_5_MIN,URBAN_6_N001,Node,40.67413,42.2106,0.0,-1.53647,0.0
2025-09-28 03:40:00-07:00,2025-09-28 10:40:00+00:00,2025-09-28 03:45:00-07:00,2025-09-28 10:45:00+00:00,REAL_TIME_5_MIN,URBAN_6_N001,Node,41.28802,42.84768,0.0,-1.55966,0.0
2025-09-28 03:45:00-07:00,2025-09-28 10:45:00+00:00,2025-09-28 03:50:00-07:00,2025-09-28 10:50:00+00:00,REAL_TIME_5_MIN,URBAN_6_N001,Node,41.44844,42.92062,0.0,-1.47218,0.0
2025-09-28 03:50:00-07:00,2025-09-28 10:50:00+00:00,2025-09-28 03:55:00-07:00,2025-09-28 10:55:00+00:00,REAL_TIME_5_MIN,URBAN_6_N001,Node,41.43231,42.90392,0.0,-1.4716,0.0
2025-09-28 03:55:00-07:00,2025-09-28 10:55:00+00:00,2025-09-28 04:00:00-07:00,2025-09-28 11:00:00+00:00,REAL_TIME_5_MIN,URBAN_6_N001,Node,41.15159,42.61322,0.0,-1.46163,0.0
2025-09-28 04:00:00-07:00,2025-09-28 11:00:00+00:00,2025-09-28 04:05:00-07:00,2025-09-28 11:05:00+00:00,REAL_TIME_5_MIN,URBAN_6_N001,Node,39.59872,40.89931,0.0,-1.3006,0.0
2025-09-28 04:05:00-07:00,2025-09-28 11:05:00+00:00,2025-09-28 04:10:00-07:00,2025-09-28 11:10:00+00:00,REAL_TIME_5_MIN,URBAN_6_N001,Node,39.50103,40.79842,0.0,-1.29739,0.0
2025-09-28 04:10:00-07:00,2025-09-28 11:10:00+00:00,2025-09-28 04:15:00-07:00,2025-09-28 11:15:00+00:00,REAL_TIME_5_MIN,URBAN_6_N001,Node,38.66045,39.93023,0.0,-1.26978,0.0
2025-09-28 04:15:00-07:00,2025-09-28 11:15:00+00:00,2025-09-28 04:20:00-07:00,2025-09-28 11:20:00+00:00,REAL_TIME_5_MIN,URBAN_6_N001,Node,38.37888,39.6517,0.0,-1.27282,0.0
2025-09-28 04:20:00-07:00,2025-09-28 11:20:00+00:00,2025-09-28 04:25:00-07:00,2025-09-28 11:25:00+00:00,REAL_TIME_5_MIN,URBAN_6_N001,Node,37.95647,39.21528,0.0,-1.25881,0.0
2025-09-28 04:25:00-07:00,2025-09-28 11:25:00+00:00,2025-09-28 04:30:00-07:00,2025-09-28 11:30:00+00:00,REAL_TIME_5_MIN,URBAN_6_N001,Node,37.61784,38.86542,0.0,-1.24758,0.0
2025-09-28 04:30:00-07:00,2025-09-28 11:30:00+00:00,2025-09-28 04:35:00-07:00,2025-09-28 11:35:00+00:00,REAL_TIME_5_MIN,URBAN_6_N001,Node,37.92227,39.08707,0.0,-1.16479,0.0
2025-09-28 04:35:00-07:00,2025-09-28 11:35:00+00:00,2025-09-28 04:40:00-07:00,2025-09-28 11:40:00+00:00,REAL_TIME_5_MIN,URBAN_6_N001,Node,38.26168,39.4369,0.0,-1.17522,0.0
2025-09-28 04:40:00-07:00,2025-09-28 11:40:00+00:00,2025-09-28 04:45:00-07:00,2025-09-28 11:45:00+00:00,REAL_TIME_5_MIN,URBAN_6_N001,Node,38.05272,39.22153,0.0,-1.1688,0.0
2025-09-28 04:45:00-07:00,2025-09-28 11:45:00+00:00,2025-09-28 04:50:00-07:00,2025-09-28 11:50:00+00:00,REAL_TIME_5_MIN,URBAN_6_N001,Node,38.12578,39.32926,0.0,-1.20348,0.0
2025-09-28 04:50:00-07:00,2025-09-28 11:50:00+00:00,2025-09-28 04:55:00-07:00,2025-09-28 11:55:00+00:00,REAL_TIME_5_MIN,URBAN_6_N001,Node,38.38719,39.59892,0.0,-1.21173,0.0
2025-09-28 04:55:00-07:00,2025-09-28 11:55:00+00:00,2025-09-28 05:00:00-07:00,2025-09-28 12:00:00+00:00,REAL_TIME_5_MIN,URBAN_6_N001,Node,39.17271,40.40923,0.0,-1.23652,0.0
2025-09-28 05:00:00-07:00,2025-09-28 12:00:00+00:00,2025-09-28 05:05:00-07:00,2025-09-28 12:05:00+00:00,REAL_TIME_5_MIN,URBAN_6_N001,Node,43.66105,45.26337,0.0,-1.60232,0.0
2025-09-28 05:05:00-07:00,2025-09-28 12:05:00+00:00,2025-09-28 05:10:00-07:00,2025-09-28 12:10:00+00:00,REAL_TIME_5_MIN,URBAN_6_N001,Node,40.25565,41.733,0.0,-1.47735,0.0
2025-09-28 05:10:00-07:00,2025-09-28 12:10:00+00:00,2025-09-28 05:15:00-07:00,2025-09-28 12:15:00+00:00,REAL_TIME_5_MIN,URBAN_6_N001,Node,39.86107,41.32394,0.0,-1.46287,0.0
2025-09-28 05:15:00-07:00,2025-09-28 12:15:00+00:00,2025-09-28 05:20:00-07:00,2025-09-28 12:20:00+00:00,REAL_TIME_5_MIN,URBAN_6_N001,Node,40.20324,41.67003,0.0,-1.46678,0.0
2025-09-28 05:20:00-07:00,2025-09-28 12:20:00+00:00,2025-09-28 05:25:00-07:00,2025-09-28 12:25:00+00:00,REAL_TIME_5_MIN,URBAN_6_N001,Node,40.31234,41.78311,0.0,-1.47077,0.0
2025-09-28 05:25:00-07:00,2025-09-28 12:25:00+00:00,2025-09-28 05:30:00-07:00,2025-09-28 12:30:00+00:00,REAL_TIME_5_MIN,URBAN_6_N001,Node,40.18357,41.64963,0.0,-1.46607,0.0
2025-09-28 05:30:00-07:00,2025-09-28 12:30:00+00:00,2025-09-28 05:35:00-07:00,2025-09-28 12:35:00+00:00,REAL_TIME_5_MIN,URBAN_6_N001,Node,40.11011,41.72921,0.0,-1.61909,0.0
2025-09-28 05:35:00-07:00,2025-09-28 12:35:00+00:00,2025-09-28 05:40:00-07:00,2025-09-28 12:40:00+00:00,REAL_TIME_5_MIN,URBAN_6_N001,Node,40.45499,42.08801,0.0,-1.63301,0.0
2025-09-28 05:40:00-07:00,2025-09-28 12:40:00+00:00,2025-09-28 05:45:00-07:00,2025-09-28 12:45:00+00:00,REAL_TIME_5_MIN,URBAN_6_N001,Node,40.37458,42.00435,0.0,-1.62977,0.0
2025-09-28 05:45:00-07:00,2025-09-28 12:45:00+00:00,2025-09-28 05:50:00-07:00,2025-09-28 12:50:00+00:00,REAL_TIME_5_MIN,URBAN_6_N001,Node,40.62281,42.25381,0.0,-1.631,0.0
2025-09-28 05:50:00-07:00,2025-09-28 12:50:00+00:00,2025-09-28 05:55:00-07:00,2025-09-28 12:55:00+00:00,REAL_TIME_5_MIN,URBAN_6_N001,Node,41.18884,42.84256,0.0,-1.65372,0.0
2025-09-28 05:55:00-07:00,2025-09-28 12:55:00+00:00,2025-09-28 06:00:00-07:00,2025-09-28 13:00:00+00:00,REAL_TIME_5_MIN,URBAN_6_N001,Node,41.41049,43.07311,0.0,-1.66262,0.0
2025-09-28 06:00:00-07:00,2025-09-28 13:00:00+00:00,2025-09-28 06:05:00-07:00,2025-09-28 13:05:00+00:00,REAL_TIME_5_MIN,URBAN_6_N001,Node,40.60059,42.11243,0.0,-1.51184,0.0
2025-09-28 06:05:00-07:00,2025-09-28 13:05:00+00:00,2025-09-28 06:10:00-07:00,2025-09-28 13:10:00+00:00,REAL_TIME_5_MIN,URBAN_6_N001,Node,40.97301,42.49871,0.0,-1.5257,0.0
2025-09-28 06:10:00-07:00,2025-09-28 13:10:00+00:00,2025-09-28 06:15:00-07:00,2025-09-28 13:15:00+00:00,REAL_TIME_5_MIN,URBAN_6_N001,Node,41.40032,42.94194,0.0,-1.54162,0.0
2025-09-28 06:15:00-07:00,2025-09-28 13:15:00+00:00,2025-09-28 06:20:00-07:00,2025-09-28 13:20:00+00:00,REAL_TIME_5_MIN,URBAN_6_N001,Node,40.68241,42.24549,0.0,-1.56308,0.0
2025-09-28 06:20:00-07:00,2025-09-28 13:20:00+00:00,2025-09-28 06:25:00-07:00,2025-09-28 13:25:00+00:00,REAL_TIME_5_MIN,URBAN_6_N001,Node,41.19233,42.775,0.0,-1.58268,0.0
2025-09-28 06:25:00-07:00,2025-09-28 13:25:00+00:00,2025-09-28 06:30:00-07:00,2025-09-28 13:30:00+00:00,REAL_TIME_5_MIN,URBAN_6_N001,Node,41.35853,42.94759,0.0,-1.58906,0.0
2025-09-28 06:30:00-07:00,2025-09-28 13:30:00+00:00,2025-09-28 06:35:00-07:00,2025-09-28 13:35:00+00:00,REAL_TIME_5_MIN,URBAN_6_N001,Node,41.65002,43.28175,0.0,-1.63172,0.0
2025-09-28 06:35:00-07:00,2025-09-28 13:35:00+00:00,2025-09-28 06:40:00-07:00,2025-09-28 13:40:00+00:00,REAL_TIME_5_MIN,URBAN_6_N001,Node,42.19247,43.84544,0.0,-1.65297,0.0
2025-09-28 06:40:00-07:00,2025-09-28 13:40:00+00:00,2025-09-28 06:45:00-07:00,2025-09-28 13:45:00+00:00,REAL_TIME_5_MIN,URBAN_6_N001,Node,42.29453,43.9515,0.0,-1.65697,0.0
2025-09-28 06:45:00-07:00,2025-09-28 13:45:00+00:00,2025-09-28 06:50:00-07:00,2025-09-28 13:50:00+00:00,REAL_TIME_5_MIN,URBAN_6_N001,Node,44.32585,46.09593,0.0,-1.77008,0.0
2025-09-28 06:50:00-07:00,2025-09-28 13:50:00+00:00,2025-09-28 06:55:00-07:00,2025-09-28 13:55:00+00:00,REAL_TIME_5_MIN,URBAN_6_N001,Node,46.4693,48.32498,0.0,-1.85568,0.0
2025-09-28 06:55:00-07:00,2025-09-28 13:55:00+00:00,2025-09-28 07:00:00-07:00,2025-09-28 14:00:00+00:00,REAL_TIME_5_MIN,URBAN_6_N001,Node,47.24591,49.1326,0.0,-1.88669,0.0
2025-09-28 07:00:00-07:00,2025-09-28 14:00:00+00:00,2025-09-28 07:05:00-07:00,2025-09-28 14:05:00+00:00,REAL_TIME_5_MIN,URBAN_6_N001,Node,55.98242,59.05318,0.0,-3.07077,0.0
2025-09-28 07:05:00-07:00,2025-09-28 14:05:00+00:00,2025-09-28 07:10:00-07:00,2025-09-28 14:10:00+00:00,REAL_TIME_5_MIN,URBAN_6_N001,Node,52.28754,55.15563,0.0,-2.86809,0.0
2025-09-28 07:10:00-07:00,2025-09-28 14:10:00+00:00,2025-09-28 07:15:00-07:00,2025-09-28 14:15:00+00:00,REAL_TIME_5_MIN,URBAN_6_N001,Node,55.80377,58.86474,0.0,-3.06097,0.0
2025-09-28 07:15:00-07:00,2025-09-28 14:15:00+00:00,2025-09-28 07:20:00-07:00,2025-09-28 14:20:00+00:00,REAL_TIME_5_MIN,URBAN_6_N001,Node,55.36205,58.97108,0.0,-3.60903,0.0
2025-09-28 07:20:00-07:00,2025-09-28 14:20:00+00:00,2025-09-28 07:25:00-07:00,2025-09-28 14:25:00+00:00,REAL_TIME_5_MIN,URBAN_6_N001,Node,51.73342,55.1059,0.0,-3.37248,0.0
2025-09-28 07:25:00-07:00,2025-09-28 14:25:00+00:00,2025-09-28 07:30:00-07:00,2025-09-28 14:30:00+00:00,REAL_TIME_5_MIN,URBAN_6_N001,Node,45.25259,48.20259,0.0,-2.95,0.0
2025-09-28 07:30:00-07:00,2025-09-28 14:30:00+00:00,2025-09-28 07:35:00-07:00,2025-09-28 14:35:00+00:00,REAL_TIME_5_MIN,URBAN_6_N001,Node,40.66111,43.1326,0.0,-2.4715,0.0
2025-09-28 07:35:00-07:00,2025-09-28 14:35:00+00:00,2025-09-28 07:40:00-07:00,2025-09-28 14:40:00+00:00,REAL_TIME_5_MIN,URBAN_6_N001,Node,37.70399,39.99574,0.0,-2.29176,0.0
2025-09-28 07:40:00-07:00,2025-09-28 14:40:00+00:00,2025-09-28 07:45:00-07:00,2025-09-28 14:45:00+00:00,REAL_TIME_5_MIN,URBAN_6_N001,Node,33.52163,35.55917,0.0,-2.03754,0.0
2025-09-28 07:45:00-07:00,2025-09-28 14:45:00+00:00,2025-09-28 07:50:00-07:00,2025-09-28 14:50:00+00:00,REAL_TIME_5_MIN,URBAN_6_N001,Node,31.92293,34.10933,0.0,-2.18641,0.0
2025-09-28 07:50:00-07:00,2025-09-28 14:50:00+00:00,2025-09-28 07:55:00-07:00,2025-09-28 14:55:00+00:00,REAL_TIME_5_MIN,URBAN_6_N001,Node,23.98112,27.99331,-2.21781,-1.79437,0.0
2025-09-28 07:55:00-07:00,2025-09-28 14:55:00+00:00,2025-09-28 08:00:00-07:00,2025-09-28 15:00:00+00:00,REAL_TIME_5_MIN,URBAN_6_N001,Node,20.4018,26.96012,-4.83017,-1.72814,0.0
2025-09-28 08:00:00-07:00,2025-09-28 15:00:00+00:00,2025-09-28 08:05:00-07:00,2025-09-28 15:05:00+00:00,REAL_TIME_5_MIN,URBAN_6_N001,Node,31.79853,34.63466,-0.65068,-2.18545,0.0
2025-09-28 08:05:00-07:00,2025-09-28 15:05:00+00:00,2025-09-28 08:10:00-07:00,2025-09-28 15:10:00+00:00,REAL_TIME_5_MIN,URBAN_6_N001,Node,24.78701,30.92336,-4.18508,-1.95126,0.0
2025-09-28 08:10:00-07:00,2025-09-28 15:10:00+00:00,2025-09-28 08:15:00-07:00,2025-09-28 15:15:00+00:00,REAL_TIME_5_MIN,URBAN_6_N001,Node,20.81038,27.44795,-4.9056,-1.73197,0.0
2025-09-28 08:15:00-07:00,2025-09-28 15:15:00+00:00,2025-09-28 08:20:00-07:00,2025-09-28 15:20:00+00:00,REAL_TIME_5_MIN,URBAN_6_N001,Node,16.36388,23.43647,-5.43439,-1.63821,0.0
2025-09-28 08:20:00-07:00,2025-09-28 15:20:00+00:00,2025-09-28 08:25:00-07:00,2025-09-28 15:25:00+00:00,REAL_TIME_5_MIN,URBAN_6_N001,Node,14.7079,21.90223,-5.66337,-1.53097,0.0
2025-09-28 08:25:00-07:00,2025-09-28 15:25:00+00:00,2025-09-28 08:30:00-07:00,2025-09-28 15:30:00+00:00,REAL_TIME_5_MIN,URBAN_6_N001,Node,12.89922,21.52113,-7.11758,-1.50433,0.0
2025-09-28 08:30:00-07:00,2025-09-28 15:30:00+00:00,2025-09-28 08:35:00-07:00,2025-09-28 15:35:00+00:00,REAL_TIME_5_MIN,URBAN_6_N001,Node,6.57026,21.4484,-13.60625,-1.27189,0.0
2025-09-28 08:35:00-07:00,2025-09-28 15:35:00+00:00,2025-09-28 08:40:00-07:00,2025-09-28 15:40:00+00:00,REAL_TIME_5_MIN,URBAN_6_N001,Node,4.68497,20.32981,-14.43929,-1.20556,0.0
2025-09-28 08:40:00-07:00,2025-09-28 15:40:00+00:00,2025-09-28 08:45:00-07:00,2025-09-28 15:45:00+00:00,REAL_TIME_5_MIN,URBAN_6_N001,Node,3.69489,20.01394,-15.13223,-1.18683,0.0
2025-09-28 08:45:00-07:00,2025-09-28 15:45:00+00:00,2025-09-28 08:50:00-07:00,2025-09-28 15:50:00+00:00,REAL_TIME_5_MIN,URBAN_6_N001,Node,3.04925,18.83287,-14.82126,-0.96236,0.0
2025-09-28 08:50:00-07:00,2025-09-28 15:50:00+00:00,2025-09-28 08:55:00-07:00,2025-09-28 15:55:00+00:00,REAL_TIME_5_MIN,URBAN_6_N001,Node,2.01128,18.24839,-15.30462,-0.93249,0.0
2025-09-28 08:55:00-07:00,2025-09-28 15:55:00+00:00,2025-09-28 09:00:00-07:00,2025-09-28 16:00:00+00:00,REAL_TIME_5_MIN,URBAN_6_N001,Node,1.23156,17.91063,-15.76383,-0.91523,0.0
2025-09-28 09:00:00-07:00,2025-09-28 16:00:00+00:00,2025-09-28 09:05:00-07:00,2025-09-28 16:05:00+00:00,REAL_TIME_5_MIN,URBAN_6_N001,Node,18.17155,21.72559,-2.24399,-1.31005,0.0
2025-09-28 09:05:00-07:00,2025-09-28 16:05:00+00:00,2025-09-28 09:10:00-07:00,2025-09-28 16:10:00+00:00,REAL_TIME_5_MIN,URBAN_6_N001,Node,17.21214,21.08032,-2.59703,-1.27114,0.0
2025-09-28 09:10:00-07:00,2025-09-28 16:10:00+00:00,2025-09-28 09:15:00-07:00,2025-09-28 16:15:00+00:00,REAL_TIME_5_MIN,URBAN_6_N001,Node,17.40646,20.77264,-2.11358,-1.25259,0.0
2025-09-28 09:15:00-07:00,2025-09-28 16:15:00+00:00,2025-09-28 09:20:00-07:00,2025-09-28 16:20:00+00:00,REAL_TIME_5_MIN,URBAN_6_N001,Node,14.85613,19.68212,-3.6982,-1.12779,0.0
2025-09-28 09:20:00-07:00,2025-09-28 16:20:00+00:00,2025-09-28 09:25:00-07:00,2025-09-28 16:25:00+00:00,REAL_TIME_5_MIN,URBAN_6_N001,Node,14.26865,19.88929,-4.48098,-1.13966,0.0
2025-09-28 09:25:00-07:00,2025-09-28 16:25:00+00:00,2025-09-28 09:30:00-07:00,2025-09-28 16:30:00+00:00,REAL_TIME_5_MIN,URBAN_6_N001,Node,14.02552,19.90962,-4.74329,-1.14082,0.0
2025-09-28 09:30:00-07:00,2025-09-28 16:30:00+00:00,2025-09-28 09:35:00-07:00,2025-09-28 16:35:00+00:00,REAL_TIME_5_MIN,URBAN_6_N001,Node,8.62041,19.89717,-10.14461,-1.13215,0.0
2025-09-28 09:35:00-07:00,2025-09-28 16:35:00+00:00,2025-09-28 09:40:00-07:00,2025-09-28 16:40:00+00:00,REAL_TIME_5_MIN,URBAN_6_N001,Node,8.0059,19.88184,-10.74466,-1.13128,0.0
2025-09-28 09:40:00-07:00,2025-09-28 16:40:00+00:00,2025-09-28 09:45:00-07:00,2025-09-28 16:45:00+00:00,REAL_TIME_5_MIN,URBAN_6_N001,Node,8.64691,20.4188,-10.39975,-1.37214,0.0
2025-09-28 09:45:00-07:00,2025-09-28 16:45:00+00:00,2025-09-28 09:50:00-07:00,2025-09-28 16:50:00+00:00,REAL_TIME_5_MIN,URBAN_6_N001,Node,4.73926,19.53403,-13.43325,-1.36152,0.0
2025-09-28 09:50:00-07:00,2025-09-28 16:50:00+00:00,2025-09-28 09:55:00-07:00,2025-09-28 16:55:00+00:00,REAL_TIME_5_MIN,URBAN_6_N001,Node,4.72825,19.08048,-13.02233,-1.32991,0.0
2025-09-28 09:55:00-07:00,2025-09-28 16:55:00+00:00,2025-09-28 10:00:00-07:00,2025-09-28 17:00:00+00:00,REAL_TIME_5_MIN,URBAN_6_N001,Node,4.6828,19.01233,-13.00437,-1.32516,0.0
2025-09-28 10:00:00-07:00,2025-09-28 17:00:00+00:00,2025-09-28 10:05:00-07:00,2025-09-28 17:05:00+00:00,REAL_TIME_5_MIN,URBAN_6_N001,Node,7.06726,20.70076,-12.19066,-1.44284,0.0
2025-09-28 10:05:00-07:00,2025-09-28 17:05:00+00:00,2025-09-28 10:10:00-07:00,2025-09-28 17:10:00+00:00,REAL_TIME_5_MIN,URBAN_6_N001,Node,4.73857,19.48998,-13.39296,-1.35845,0.0
2025-09-28 10:10:00-07:00,2025-09-28 17:10:00+00:00,2025-09-28 10:15:00-07:00,2025-09-28 17:15:00+00:00,REAL_TIME_5_MIN,URBAN_6_N001,Node,4.69159,19.00963,-12.99307,-1.32497,0.0
2025-09-28 10:15:00-07:00,2025-09-28 17:15:00+00:00,2025-09-28 10:20:00-07:00,2025-09-28 17:20:00+00:00,REAL_TIME_5_MIN,URBAN_6_N001,Node,3.39048,18.42726,-14.0196,-1.01718,0.0
2025-09-28 10:20:00-07:00,2025-09-28 17:20:00+00:00,2025-09-28 10:25:00-07:00,2025-09-28 17:25:00+00:00,REAL_TIME_5_MIN,URBAN_6_N001,Node,3.45959,18.3354,-13.8637,-1.01211,0.0
2025-09-28 10:25:00-07:00,2025-09-28 17:25:00+00:00,2025-09-28 10:30:00-07:00,2025-09-28 17:30:00+00:00,REAL_TIME_5_MIN,URBAN_6_N001,Node,4.10093,18.74812,-13.6123,-1.0349,0.0
2025-09-28 10:30:00-07:00,2025-09-28 17:30:00+00:00,2025-09-28 10:35:00-07:00,2025-09-28 17:35:00+00:00,REAL_TIME_5_MIN,URBAN_6_N001,Node,3.2728,18.60437,-14.27857,-1.05301,0.0
2025-09-28 10:35:00-07:00,2025-09-28 17:35:00+00:00,2025-09-28 10:40:00-07:00,2025-09-28 17:40:00+00:00,REAL_TIME_5_MIN,URBAN_6_N001,Node,3.42091,19.00989,-14.51302,-1.07596,0.0
2025-09-28 10:40:00-07:00,2025-09-28 17:40:00+00:00,2025-09-28 10:45:00-07:00,2025-09-28 17:45:00+00:00,REAL_TIME_5_MIN,URBAN_6_N001,Node,3.25996,18.95308,-14.62038,-1.07274,0.0
2025-09-28 10:45:00-07:00,2025-09-28 17:45:00+00:00,2025-09-28 10:50:00-07:00,2025-09-28 17:50:00+00:00,REAL_TIME_5_MIN,URBAN_6_N001,Node,3.33765,19.22582,-14.79998,-1.08818,0.0
2025-09-28 10:50:00-07:00,2025-09-28 17:50:00+00:00,2025-09-28 10:55:00-07:00,2025-09-28 17:55:00+00:00,REAL_TIME_5_MIN,URBAN_6_N001,Node,1.30569,18.22183,-15.88479,-1.03136,0.0
2025-09-28 10:55:00-07:00,2025-09-28 17:55:00+00:00,2025-09-28 11:00:00-07:00,2025-09-28 18:00:00+00:00,REAL_TIME_5_MIN,URBAN_6_N001,Node,0.36559,17.87549,-16.49815,-1.01175,0.0
2025-09-28 11:00:00-07:00,2025-09-28 18:00:00+00:00,2025-09-28 11:05:00-07:00,2025-09-28 18:05:00+00:00,REAL_TIME_5_MIN,URBAN_6_N001,Node,3.87225,19.40983,-14.406,-1.13159,0.0
2025-09-28 11:05:00-07:00,2025-09-28 18:05:00+00:00,2025-09-28 11:10:00-07:00,2025-09-28 18:10:00+00:00,REAL_TIME_5_MIN,URBAN_6_N001,Node,3.40716,18.99685,-14.48217,-1.10752,0.0
2025-09-28 11:10:00-07:00,2025-09-28 18:10:00+00:00,2025-09-28 11:15:00-07:00,2025-09-28 18:15:00+00:00,REAL_TIME_5_MIN,URBAN_6_N001,Node,3.63717,19.34087,-14.57612,-1.12757,0.0
2025-09-28 11:15:00-07:00,2025-09-28 18:15:00+00:00,2025-09-28 11:20:00-07:00,2025-09-28 18:20:00+00:00,REAL_TIME_5_MIN,URBAN_6_N001,Node,3.25096,18.76675,-14.3654,-1.1504,0.0
2025-09-28 11:20:00-07:00,2025-09-28 18:20:00+00:00,2025-09-28 11:25:00-07:00,2025-09-28 18:25:00+00:00,REAL_TIME_5_MIN,URBAN_6_N001,Node,-1.86848,16.17989,-17.05654,-0.99183,0.0
2025-09-28 11:25:00-07:00,2025-09-28 18:25:00+00:00,2025-09-28 11:30:00-07:00,2025-09-28 18:30:00+00:00,REAL_TIME_5_MIN,URBAN_6_N001,Node,-0.00853,17.12046,-16.07951,-1.04948,0.0
2025-09-28 11:30:00-07:00,2025-09-28 18:30:00+00:00,2025-09-28 11:35:00-07:00,2025-09-28 18:35:00+00:00,REAL_TIME_5_MIN,URBAN_6_N001,Node,3.03845,19.22237,-14.95369,-1.23023,0.0
2025-09-28 11:35:00-07:00,2025-09-28 18:35:00+00:00,2025-09-28 11:40:00-07:00,2025-09-28 18:40:00+00:00,REAL_TIME_5_MIN,URBAN_6_N001,Node,2.55747,19.27244,-15.48154,-1.23344,0.0
2025-09-28 11:40:00-07:00,2025-09-28 18:40:00+00:00,2025-09-28 11:45:00-07:00,2025-09-28 18:45:00+00:00,REAL_TIME_5_MIN,URBAN_6_N001,Node,3.77296,19.99438,-14.94179,-1.27964,0.0
2025-09-28 11:45:00-07:00,2025-09-28 18:45:00+00:00,2025-09-28 11:50:00-07:00,2025-09-28 18:50:00+00:00,REAL_TIME_5_MIN,URBAN_6_N001,Node,3.46288,19.66719,-14.94365,-1.26067,0.0
2025-09-28 11:50:00-07:00,2025-09-28 18:50:00+00:00,2025-09-28 11:55:00-07:00,2025-09-28 18:55:00+00:00,REAL_TIME_5_MIN,URBAN_6_N001,Node,3.49666,19.78101,-15.01639,-1.26796,0.0
2025-09-28 11:55:00-07:00,2025-09-28 18:55:00+00:00,2025-09-28 12:00:00-07:00,2025-09-28 19:00:00+00:00,REAL_TIME_5_MIN,URBAN_6_N001,Node,-0.27756,17.81147,-16.94732,-1.14172,0.0
2025-09-28 12:00:00-07:00,2025-09-28 19:00:00+00:00,2025-09-28 12:05:00-07:00,2025-09-28 19:05:00+00:00,REAL_TIME_5_MIN,URBAN_6_N001,Node,1.23181,18.05047,-15.57859,-1.24007,0.0
2025-09-28 12:05:00-07:00,2025-09-28 19:05:00+00:00,2025-09-28 12:10:00-07:00,2025-09-28 19:10:00+00:00,REAL_TIME_5_MIN,URBAN_6_N001,Node,-0.83737,17.01666,-16.68498,-1.16904,0.0
2025-09-28 12:10:00-07:00,2025-09-28 19:10:00+00:00,2025-09-28 12:15:00-07:00,2025-09-28 19:15:00+00:00,REAL_TIME_5_MIN,URBAN_6_N001,Node,-0.24195,17.35248,-16.40231,-1.19212,0.0
2025-09-28 12:15:00-07:00,2025-09-28 19:15:00+00:00,2025-09-28 12:20:00-07:00,2025-09-28 19:20:00+00:00,REAL_TIME_5_MIN,URBAN_6_N001,Node,0.64423,17.79757,-15.952,-1.20134,0.0
2025-09-28 12:20:00-07:00,2025-09-28 19:20:00+00:00,2025-09-28 12:25:00-07:00,2025-09-28 19:25:00+00:00,REAL_TIME_5_MIN,URBAN_6_N001,Node,-0.3154,17.27852,-16.42763,-1.1663,0.0
2025-09-28 12:25:00-07:00,2025-09-28 19:25:00+00:00,2025-09-28 12:30:00-07:00,2025-09-28 19:30:00+00:00,REAL_TIME_5_MIN,URBAN_6_N001,Node,-0.23342,17.52271,-16.57335,-1.18278,0.0
2025-09-28 12:30:00-07:00,2025-09-28 19:30:00+00:00,2025-09-28 12:35:00-07:00,2025-09-28 19:35:00+00:00,REAL_TIME_5_MIN,URBAN_6_N001,Node,-0.40532,17.55002,-16.79528,-1.16006,0.0
2025-09-28 12:35:00-07:00,2025-09-28 19:35:00+00:00,2025-09-28 12:40:00-07:00,2025-09-28 19:40:00+00:00,REAL_TIME_5_MIN,URBAN_6_N001,Node,-0.71318,17.4004,-16.96342,-1.15017,0.0
2025-09-28 12:40:00-07:00,2025-09-28 19:40:00+00:00,2025-09-28 12:45:00-07:00,2025-09-28 19:45:00+00:00,REAL_TIME_5_MIN,URBAN_6_N001,Node,0.24944,17.888,-16.45616,-1.1824,0.0
2025-09-28 12:45:00-07:00,2025-09-28 19:45:00+00:00,2025-09-28 12:50:00-07:00,2025-09-28 19:50:00+00:00,REAL_TIME_5_MIN,URBAN_6_N001,Node,-1.27976,17.12616,-17.29101,-1.11491,0.0
2025-09-28 12:50:00-07:00,2025-09-28 19:50:00+00:00,2025-09-28 12:55:00-07:00,2025-09-28 19:55:00+00:00,REAL_TIME_5_MIN,URBAN_6_N001,Node,-1.28598,17.19248,-17.35923,-1.11923,0.0
2025-09-28 12:55:00-07:00,2025-09-28 19:55:00+00:00,2025-09-28 13:00:00-07:00,2025-09-28 20:00:00+00:00,REAL_TIME_5_MIN,URBAN_6_N001,Node,-1.16316,17.70773,-17.71812,-1.15277,0.0
2025-09-28 13:00:00-07:00,2025-09-28 20:00:00+00:00,2025-09-28 13:05:00-07:00,2025-09-28 20:05:00+00:00,REAL_TIME_5_MIN,URBAN_6_N001,Node,-0.74526,17.46733,-17.04577,-1.16682,0.0
2025-09-28 13:05:00-07:00,2025-09-28 20:05:00+00:00,2025-09-28 13:10:00-07:00,2025-09-28 20:10:00+00:00,REAL_TIME_5_MIN,URBAN_6_N001,Node,-1.13453,17.11203,-17.10347,-1.14308,0.0
2025-09-28 13:10:00-07:00,2025-09-28 20:10:00+00:00,2025-09-28 13:15:00-07:00,2025-09-28 20:15:00+00:00,REAL_TIME_5_MIN,URBAN_6_N001,Node,-0.64925,17.24397,-16.74132,-1.1519,0.0
2025-09-28 13:15:00-07:00,2025-09-28 20:15:00+00:00,2025-09-28 13:20:00-07:00,2025-09-28 20:20:00+00:00,REAL_TIME_5_MIN,URBAN_6_N001,Node,-2.22557,16.44198,-17.58566,-1.08188,0.0
2025-09-28 13:20:00-07:00,2025-09-28 20:20:00+00:00,2025-09-28 13:25:00-07:00,2025-09-28 20:25:00+00:00,REAL_TIME_5_MIN,URBAN_6_N001,Node,-1.48445,16.89153,-17.26452,-1.11146,0.0
2025-09-28 13:25:00-07:00,2025-09-28 20:25:00+00:00,2025-09-28 13:30:00-07:00,2025-09-28 20:30:00+00:00,REAL_TIME_5_MIN,URBAN_6_N001,Node,-2.88927,15.77635,-17.62753,-1.03808,0.0
2025-09-28 13:30:00-07:00,2025-09-28 20:30:00+00:00,2025-09-28 13:35:00-07:00,2025-09-28 20:35:00+00:00,REAL_TIME_5_MIN,URBAN_6_N001,Node,-1.23265,16.45551,-16.62349,-1.06467,0.0
2025-09-28 13:35:00-07:00,2025-09-28 20:35:00+00:00,2025-09-28 13:40:00-07:00,2025-09-28 20:40:00+00:00,REAL_TIME_5_MIN,URBAN_6_N001,Node,-0.81068,16.85749,-16.57749,-1.09068,0.0
2025-09-28 13:40:00-07:00,2025-09-28 20:40:00+00:00,2025-09-28 13:45:00-07:00,2025-09-28 20:45:00+00:00,REAL_TIME_5_MIN,URBAN_6_N001,Node,0.39204,17.6147,-16.08299,-1.13967,0.0
2025-09-28 13:45:00-07:00,2025-09-28 20:45:00+00:00,2025-09-28 13:50:00-07:00,2025-09-28 20:50:00+00:00,REAL_TIME_5_MIN,URBAN_6_N001,Node,0.81075,17.7141,-15.79444,-1.1089,0.0
2025-09-28 13:50:00-07:00,2025-09-28 20:50:00+00:00,2025-09-28 13:55:00-07:00,2025-09-28 20:55:00+00:00,REAL_TIME_5_MIN,URBAN_6_N001,Node,3.05249,18.79617,-14.56704,-1.17664,0.0
2025-09-28 13:55:00-07:00,2025-09-28 20:55:00+00:00,2025-09-28 14:00:00-07:00,2025-09-28 21:00:00+00:00,REAL_TIME_5_MIN,URBAN_6_N001,Node,4.52228,19.89584,-14.12809,-1.24548,0.0
2025-09-28 14:00:00-07:00,2025-09-28 21:00:00+00:00,2025-09-28 14:05:00-07:00,2025-09-28 21:05:00+00:00,REAL_TIME_5_MIN,URBAN_6_N001,Node,5.19399,18.8023,-12.49333,-1.11498,0.0
2025-09-28 14:05:00-07:00,2025-09-28 21:05:00+00:00,2025-09-28 14:10:00-07:00,2025-09-28 21:10:00+00:00,REAL_TIME_5_MIN,URBAN_6_N001,Node,3.20073,17.5858,-13.34223,-1.04284,0.0
2025-09-28 14:10:00-07:00,2025-09-28 21:10:00+00:00,2025-09-28 14:15:00-07:00,2025-09-28 21:15:00+00:00,REAL_TIME_5_MIN,URBAN_6_N001,Node,-0.8782,15.38258,-15.34859,-0.91219,0.0
2025-09-28 14:15:00-07:00,2025-09-28 21:15:00+00:00,2025-09-28 14:20:00-07:00,2025-09-28 21:20:00+00:00,REAL_TIME_5_MIN,URBAN_6_N001,Node,-3.25125,12.82808,-15.33531,-0.74403,0.0
2025-09-28 14:20:00-07:00,2025-09-28 21:20:00+00:00,2025-09-28 14:25:00-07:00,2025-09-28 21:25:00+00:00,REAL_TIME_5_MIN,URBAN_6_N001,Node,-3.34324,14.05897,-16.58679,-0.81542,0.0
2025-09-28 14:25:00-07:00,2025-09-28 21:25:00+00:00,2025-09-28 14:30:00-07:00,2025-09-28 21:30:00+00:00,REAL_TIME_5_MIN,URBAN_6_N001,Node,-3.24155,14.1136,-16.53656,-0.81859,0.0
2025-09-28 14:30:00-07:00,2025-09-28 21:30:00+00:00,2025-09-28 14:35:00-07:00,2025-09-28 21:35:00+00:00,REAL_TIME_5_MIN,URBAN_6_N001,Node,-3.01656,14.28459,-16.54263,-0.75851,0.0
2025-09-28 14:35:00-07:00,2025-09-28 21:35:00+00:00,2025-09-28 14:40:00-07:00,2025-09-28 21:40:00+00:00,REAL_TIME_5_MIN,URBAN_6_N001,Node,0.91802,16.42555,-14.63533,-0.8722,0.0
2025-09-28 14:40:00-07:00,2025-09-28 21:40:00+00:00,2025-09-28 14:45:00-07:00,2025-09-28 21:45:00+00:00,REAL_TIME_5_MIN,URBAN_6_N001,Node,1.91753,17.04425,-14.22167,-0.90505,0.0
2025-09-28 14:45:00-07:00,2025-09-28 21:45:00+00:00,2025-09-28 14:50:00-07:00,2025-09-28 21:50:00+00:00,REAL_TIME_5_MIN,URBAN_6_N001,Node,0.17833,15.90203,-14.92223,-0.80146,0.0
2025-09-28 14:50:00-07:00,2025-09-28 21:50:00+00:00,2025-09-28 14:55:00-07:00,2025-09-28 21:55:00+00:00,REAL_TIME_5_MIN,URBAN_6_N001,Node,3.76661,17.82403,-13.15909,-0.89833,0.0
2025-09-28 14:55:00-07:00,2025-09-28 21:55:00+00:00,2025-09-28 15:00:00-07:00,2025-09-28 22:00:00+00:00,REAL_TIME_5_MIN,URBAN_6_N001,Node,1.96895,16.81258,-13.99628,-0.84735,0.0
2025-09-28 15:00:00-07:00,2025-09-28 22:00:00+00:00,2025-09-28 15:05:00-07:00,2025-09-28 22:05:00+00:00,REAL_TIME_5_MIN,URBAN_6_N001,Node,-2.79108,13.58067,-15.58543,-0.78632,0.0
2025-09-28 15:05:00-07:00,2025-09-28 22:05:00+00:00,2025-09-28 15:10:00-07:00,2025-09-28 22:10:00+00:00,REAL_TIME_5_MIN,URBAN_6_N001,Node,-1.2058,14.43776,-14.80761,-0.83595,0.0
2025-09-28 15:10:00-07:00,2025-09-28 22:10:00+00:00,2025-09-28 15:15:00-07:00,2025-09-28 22:15:00+00:00,REAL_TIME_5_MIN,URBAN_6_N001,Node,-1.0233,14.70786,-14.87957,-0.85158,0.0
2025-09-28 15:15:00-07:00,2025-09-28 22:15:00+00:00,2025-09-28 15:20:00-07:00,2025-09-28 22:20:00+00:00,REAL_TIME_5_MIN,URBAN_6_N001,Node,2.22314,16.2914,-13.10217,-0.96608,0.0
2025-09-28 15:20:00-07:00,2025-09-28 22:20:00+00:00,2025-09-28 15:25:00-07:00,2025-09-28 22:25:00+00:00,REAL_TIME_5_MIN,URBAN_6_N001,Node,1.41153,16.01771,-13.65633,-0.94985,0.0
2025-09-28 15:25:00-07:00,2025-09-28 22:25:00+00:00,2025-09-28 15:30:00-07:00,2025-09-28 22:30:00+00:00,REAL_TIME_5_MIN,URBAN_6_N001,Node,3.72367,17.11111,-12.37275,-1.01469,0.0
2025-09-28 15:30:00-07:00,2025-09-28 22:30:00+00:00,2025-09-28 15:35:00-07:00,2025-09-28 22:35:00+00:00,REAL_TIME_5_MIN,URBAN_6_N001,Node,5.12801,17.10681,-11.03963,-0.93916,0.0
2025-09-28 15:35:00-07:00,2025-09-28 22:35:00+00:00,2025-09-28 15:40:00-07:00,2025-09-28 22:40:00+00:00,REAL_TIME_5_MIN,URBAN_6_N001,Node,4.5255,17.44236,-11.95927,-0.95759,0.0
2025-09-28 15:40:00-07:00,2025-09-28 22:40:00+00:00,2025-09-28 15:45:00-07:00,2025-09-28 22:45:00+00:00,REAL_TIME_5_MIN,URBAN_6_N001,Node,-0.31725,15.73632,-15.18965,-0.86392,0.0
2025-09-28 15:45:00-07:00,2025-09-28 22:45:00+00:00,2025-09-28 15:50:00-07:00,2025-09-28 22:50:00+00:00,REAL_TIME_5_MIN,URBAN_6_N001,Node,-2.64532,14.78194,-16.64825,-0.77901,0.0
2025-09-28 15:50:00-07:00,2025-09-28 22:50:00+00:00,2025-09-28 15:55:00-07:00,2025-09-28 22:55:00+00:00,REAL_TIME_5_MIN,URBAN_6_N001,Node,-2.90529,13.97153,-16.14052,-0.7363,0.0
2025-09-28 15:55:00-07:00,2025-09-28 22:55:00+00:00,2025-09-28 16:00:00-07:00,2025-09-28 23:00:00+00:00,REAL_TIME_5_MIN,URBAN_6_N001,Node,-1.19162,14.20378,-14.64686,-0.74854,0.0
2025-09-28 16:00:00-07:00,2025-09-28 23:00:00+00:00,2025-09-28 16:05:00-07:00,2025-09-28 23:05:00+00:00,REAL_TIME_5_MIN,URBAN_6_N001,Node,-2.93038,13.06735,-15.27249,-0.72524,0.0
2025-09-28 16:05:00-07:00,2025-09-28 23:05:00+00:00,2025-09-28 16:10:00-07:00,2025-09-28 23:10:00+00:00,REAL_TIME_5_MIN,URBAN_6_N001,Node,-3.22139,12.94628,-15.44915,-0.71852,0.0
2025-09-28 16:10:00-07:00,2025-09-28 23:10:00+00:00,2025-09-28 16:15:00-07:00,2025-09-28 23:15:00+00:00,REAL_TIME_5_MIN,URBAN_6_N001,Node,-2.23609,13.53575,-15.02061,-0.75123,0.0
2025-09-28 16:15:00-07:00,2025-09-28 23:15:00+00:00,2025-09-28 16:20:00-07:00,2025-09-28 23:20:00+00:00,REAL_TIME_5_MIN,URBAN_6_N001,Node,-1.93045,13.93364,-15.12003,-0.74406,0.0
2025-09-28 16:20:00-07:00,2025-09-28 23:20:00+00:00,2025-09-28 16:25:00-07:00,2025-09-28 23:25:00+00:00,REAL_TIME_5_MIN,URBAN_6_N001,Node,4.01589,17.57085,-12.61667,-0.93828,0.0
2025-09-28 16:25:00-07:00,2025-09-28 23:25:00+00:00,2025-09-28 16:30:00-07:00,2025-09-28 23:30:00+00:00,REAL_TIME_5_MIN,URBAN_6_N001,Node,8.01308,19.83791,-10.76548,-1.05934,0.0
2025-09-28 16:30:00-07:00,2025-09-28 23:30:00+00:00,2025-09-28 16:35:00-07:00,2025-09-28 23:35:00+00:00,REAL_TIME_5_MIN,URBAN_6_N001,Node,14.20583,18.92256,-3.73465,-0.98208,0.0
2025-09-28 16:35:00-07:00,2025-09-28 23:35:00+00:00,2025-09-28 16:40:00-07:00,2025-09-28 23:40:00+00:00,REAL_TIME_5_MIN,URBAN_6_N001,Node,25.61845,27.02476,-0.00372,-1.40258,0.0
2025-09-28 16:40:00-07:00,2025-09-28 23:40:00+00:00,2025-09-28 16:45:00-07:00,2025-09-28 23:45:00+00:00,REAL_TIME_5_MIN,URBAN_6_N001,Node,27.80762,29.32984,0.0,-1.52222,0.0
2025-09-28 16:45:00-07:00,2025-09-28 23:45:00+00:00,2025-09-28 16:50:00-07:00,2025-09-28 23:50:00+00:00,REAL_TIME_5_MIN,URBAN_6_N001,Node,30.30935,31.87103,0.0,-1.56168,0.0
2025-09-28 16:50:00-07:00,2025-09-28 23:50:00+00:00,2025-09-28 16:55:00-07:00,2025-09-28 23:55:00+00:00,REAL_TIME_5_MIN,URBAN_6_N001,Node,32.35312,34.02011,0.0,-1.66699,0.0
2025-09-28 16:55:00-07:00,2025-09-28 23:55:00+00:00,2025-09-28 17:00:00-07:00,2025-09-29 00:00:00+00:00,REAL_TIME_5_MIN,URBAN_6_N001,Node,34.3582,36.1285,0.0,-1.7703,0.0
2025-09-28 17:00:00-07:00,2025-09-29 00:00:00+00:00,2025-09-28 17:05:00-07:00,2025-09-29 00:05:00+00:00,REAL_TIME_5_MIN,URBAN_6_N001,Node,24.27011,25.18692,0.0,-0.9168,0.0
2025-09-28 17:05:00-07:00,2025-09-29 00:05:00+00:00,2025-09-28 17:10:00-07:00,2025-09-29 00:10:00+00:00,REAL_TIME_5_MIN,URBAN_6_N001,Node,25.20563,26.15777,0.0,-0.95214,0.0
2025-09-28 17:10:00-07:00,2025-09-29 00:10:00+00:00,2025-09-28 17:15:00-07:00,2025-09-29 00:15:00+00:00,REAL_TIME_5_MIN,URBAN_6_N001,Node,24.92031,25.86167,0.0,-0.94136,0.0
2025-09-28 17:15:00-07:00,2025-09-29 00:15:00+00:00,2025-09-28 17:20:00-07:00,2025-09-29 00:20:00+00:00,REAL_TIME_5_MIN,URBAN_6_N001,Node,30.64342,31.47758,0.0,-0.83416,0.0
2025-09-28 17:20:00-07:00,2025-09-29 00:20:00+00:00,2025-09-28 17:25:00-07:00,2025-09-29 00:25:00+00:00,REAL_TIME_5_MIN,URBAN_6_N001,Node,32.55883,33.44512,0.0,-0.8863,0.0
2025-09-28 17:25:00-07:00,2025-09-29 00:25:00+00:00,2025-09-28 17:30:00-07:00,2025-09-29 00:30:00+00:00,REAL_TIME_5_MIN,URBAN_6_N001,Node,39.46969,40.54411,0.0,-1.07442,0.0
2025-09-28 17:30:00-07:00,2025-09-29 00:30:00+00:00,2025-09-28 17:35:00-07:00,2025-09-29 00:35:00+00:00,REAL_TIME_5_MIN,URBAN_6_N001,Node,40.11108,41.06376,0.0,-0.95268,0.0
2025-09-28 17:35:00-07:00,2025-09-29 00:35:00+00:00,2025-09-28 17:40:00-07:00,2025-09-29 00:40:00+00:00,REAL_TIME_5_MIN,URBAN_6_N001,Node,44.34385,45.39706,0.0,-1.05321,0.0
2025-09-28 17:40:00-07:00,2025-09-29 00:40:00+00:00,2025-09-28 17:45:00-07:00,2025-09-29 00:45:00+00:00,REAL_TIME_5_MIN,URBAN_6_N001,Node,45.84003,46.92877,0.0,-1.08875,0.0
2025-09-28 17:45:00-07:00,2025-09-29 00:45:00+00:00,2025-09-28 17:50:00-07:00,2025-09-29 00:50:00+00:00,REAL_TIME_5_MIN,URBAN_6_N001,Node,48.82763,49.67206,0.0,-0.84443,0.0
2025-09-28 17:50:00-07:00,2025-09-29 00:50:00+00:00,2025-09-28 17:55:00-07:00,2025-09-29 00:55:00+00:00,REAL_TIME_5_MIN,URBAN_6_N001,Node,50.15347,51.02083,0.0,-0.86735,0.0
2025-09-28 17:55:00-07:00,2025-09-29 00:55:00+00:00,2025-09-28 18:00:00-07:00,2025-09-29 01:00:00+00:00,REAL_TIME_5_MIN,URBAN_6_N001,Node,57.87596,58.87687,0.0,-1.00091,0.0
2025-09-28 18:00:00-07:00,2025-09-29 01:00:00+00:00,2025-09-28 18:05:00-07:00,2025-09-29 01:05:00+00:00,REAL_TIME_5_MIN,URBAN_6_N001,Node,36.99572,38.12027,0.0,-1.12455,0.0
2025-09-28 18:05:00-07:00,2025-09-29 01:05:00+00:00,2025-09-28 18:10:00-07:00,2025-09-29 01:10:00+00:00,REAL_TIME_5_MIN,URBAN_6_N001,Node,37.76951,38.91758,0.0,-1.14807,0.0
2025-09-28 18:10:00-07:00,2025-09-29 01:10:00+00:00,2025-09-28 18:15:00-07:00,2025-09-29 01:15:00+00:00,REAL_TIME_5_MIN,URBAN_6_N001,Node,38.52663,39.69771,0.0,-1.17108,0.0
2025-09-28 18:15:00-07:00,2025-09-29 01:15:00+00:00,2025-09-28 18:20:00-07:00,2025-09-29 01:20:00+00:00,REAL_TIME_5_MIN,URBAN_6_N001,Node,41.58128,43.04034,0.0,-1.45907,0.0
2025-09-28 18:20:00-07:00,2025-09-29 01:20:00+00:00,2025-09-28 18:25:00-07:00,2025-09-29 01:25:00+00:00,REAL_TIME_5_MIN,URBAN_6_N001,Node,42.80139,44.30327,0.0,-1.50188,0.0
2025-09-28 18:25:00-07:00,2025-09-29 01:25:00+00:00,2025-09-28 18:30:00-07:00,2025-09-29 01:30:00+00:00,REAL_TIME_5_MIN,URBAN_6_N001,Node,44.17915,45.72938,0.0,-1.55023,0.0
2025-09-28 18:30:00-07:00,2025-09-29 01:30:00+00:00,2025-09-28 18:35:00-07:00,2025-09-29 01:35:00+00:00,REAL_TIME_5_MIN,URBAN_6_N001,Node,44.69768,46.19915,0.0,-1.50147,0.0
2025-09-28 18:35:00-07:00,2025-09-29 01:35:00+00:00,2025-09-28 18:40:00-07:00,2025-09-29 01:40:00+00:00,REAL_TIME_5_MIN,URBAN_6_N001,Node,44.8442,46.3506,0.0,-1.50639,0.0
2025-09-28 18:40:00-07:00,2025-09-29 01:40:00+00:00,2025-09-28 18:45:00-07:00,2025-09-29 01:45:00+00:00,REAL_TIME_5_MIN,URBAN_6_N001,Node,45.5845,47.11577,0.0,-1.53126,0.0
2025-09-28 18:45:00-07:00,2025-09-29 01:45:00+00:00,2025-09-28 18:50:00-07:00,2025-09-29 01:50:00+00:00,REAL_TIME_5_MIN,URBAN_6_N001,Node,46.21324,47.95396,0.0,-1.74073,0.0
2025-09-28 18:50:00-07:00,2025-09-29 01:50:00+00:00,2025-09-28 18:55:00-07:00,2025-09-29 01:55:00+00:00,REAL_TIME_5_MIN,URBAN_6_N001,Node,46.31827,48.06295,0.0,-1.74469,0.0
2025-09-28 18:55:00-07:00,2025-09-29 01:55:00+00:00,2025-09-28 19:00:00-07:00,2025-09-29 02:00:00+00:00,REAL_TIME_5_MIN,URBAN_6_N001,Node,46.52345,48.27586,0.0,-1.75241,0.0
2025-09-28 19:00:00-07:00,2025-09-29 02:00:00+00:00,2025-09-28 19:05:00-07:00,2025-09-29 02:05:00+00:00,REAL_TIME_5_MIN,URBAN_6_N001,Node,44.08304,45.52152,0.0,-1.43848,0.0
2025-09-28 19:05:00-07:00,2025-09-29 02:05:00+00:00,2025-09-28 19:10:00-07:00,2025-09-29 02:10:00+00:00,REAL_TIME_5_MIN,URBAN_6_N001,Node,43.46313,44.88138,0.0,-1.41825,0.0
2025-09-28 19:10:00-07:00,2025-09-29 02:10:00+00:00,2025-09-28 19:15:00-07:00,2025-09-29 02:15:00+00:00,REAL_TIME_5_MIN,URBAN_6_N001,Node,45.80613,44.16151,3.04013,-1.3955,0.0
2025-09-28 19:15:00-07:00,2025-09-29 02:15:00+00:00,2025-09-28 19:20:00-07:00,2025-09-29 02:20:00+00:00,REAL_TIME_5_MIN,URBAN_6_N001,Node,43.24608,44.46437,0.24459,-1.46288,0.0
2025-09-28 19:20:00-07:00,2025-09-29 02:20:00+00:00,2025-09-28 19:25:00-07:00,2025-09-29 02:25:00+00:00,REAL_TIME_5_MIN,URBAN_6_N001,Node,43.17134,44.42139,0.21141,-1.46146,0.0
2025-09-28 19:25:00-07:00,2025-09-29 02:25:00+00:00,2025-09-28 19:30:00-07:00,2025-09-29 02:30:00+00:00,REAL_TIME_5_MIN,URBAN_6_N001,Node,43.05688,44.11502,0.39324,-1.45138,0.0
2025-09-28 19:30:00-07:00,2025-09-29 02:30:00+00:00,2025-09-28 19:35:00-07:00,2025-09-29 02:35:00+00:00,REAL_TIME_5_MIN,URBAN_6_N001,Node,43.28444,42.65891,2.02047,-1.39495,0.0
2025-09-28 19:35:00-07:00,2025-09-29 02:35:00+00:00,2025-09-28 19:40:00-07:00,2025-09-29 02:40:00+00:00,REAL_TIME_5_MIN,URBAN_6_N001,Node,42.80715,42.35814,1.83412,-1.38511,0.0
2025-09-28 19:40:00-07:00,2025-09-29 02:40:00+00:00,2025-09-28 19:45:00-07:00,2025-09-29 02:45:00+00:00,REAL_TIME_5_MIN,URBAN_6_N001,Node,43.01935,41.95233,2.43885,-1.37184,0.0
2025-09-28 19:45:00-07:00,2025-09-29 02:45:00+00:00,2025-09-28 19:50:00-07:00,2025-09-29 02:50:00+00:00,REAL_TIME_5_MIN,URBAN_6_N001,Node,43.31865,41.18958,3.66956,-1.54049,0.0
2025-09-28 19:50:00-07:00,2025-09-29 02:50:00+00:00,2025-09-28 19:55:00-07:00,2025-09-29 02:55:00+00:00,REAL_TIME_5_MIN,URBAN_6_N001,Node,42.88384,40.96551,3.45044,-1.53211,0.0
2025-09-28 19:55:00-07:00,2025-09-29 02:55:00+00:00,2025-09-28 20:00:00-07:00,2025-09-29 03:00:00+00:00,REAL_TIME_5_MIN,URBAN_6_N001,Node,42.97962,40.34021,4.14814,-1.50872,0.0
2025-09-28 20:00:00-07:00,2025-09-29 03:00:00+00:00,2025-09-28 20:05:00-07:00,2025-09-29 03:05:00+00:00,REAL_TIME_5_MIN,URBAN_6_N001,Node,42.20021,41.18362,2.76278,-1.74619,0.0
2025-09-28 20:05:00-07:00,2025-09-29 03:05:00+00:00,2025-09-28 20:10:00-07:00,2025-09-29 03:10:00+00:00,REAL_TIME_5_MIN,URBAN_6_N001,Node,42.01423,41.23626,2.52639,-1.74842,0.0
2025-09-28 20:10:00-07:00,2025-09-29 03:10:00+00:00,2025-09-28 20:15:00-07:00,2025-09-29 03:15:00+00:00,REAL_TIME_5_MIN,URBAN_6_N001,Node,42.06035,41.34576,2.46765,-1.75306,0.0
2025-09-28 20:15:00-07:00,2025-09-29 03:15:00+00:00,2025-09-28 20:20:00-07:00,2025-09-29 03:20:00+00:00,REAL_TIME_5_MIN,URBAN_6_N001,Node,41.9992,41.42788,2.16215,-1.59083,0.0
2025-09-28 20:20:00-07:00,2025-09-29 03:20:00+00:00,2025-09-28 20:25:00-07:00,2025-09-29 03:25:00+00:00,REAL_TIME_5_MIN,URBAN_6_N001,Node,42.18531,41.93137,1.8641,-1.61016,0.0
2025-09-28 20:25:00-07:00,2025-09-29 03:25:00+00:00,2025-09-28 20:30:00-07:00,2025-09-29 03:30:00+00:00,REAL_TIME_5_MIN,URBAN_6_N001,Node,42.12646,41.96724,1.77077,-1.61154,0.0
2025-09-28 20:30:00-07:00,2025-09-29 03:30:00+00:00,2025-09-28 20:35:00-07:00,2025-09-29 03:35:00+00:00,REAL_TIME_5_MIN,URBAN_6_N001,Node,42.04728,41.82889,1.67404,-1.45565,0.0
2025-09-28 20:35:00-07:00,2025-09-29 03:35:00+00:00,2025-09-28 20:40:00-07:00,2025-09-29 03:40:00+00:00,REAL_TIME_5_MIN,URBAN_6_N001,Node,41.88452,41.7764,1.56194,-1.45382,0.0
2025-09-28 20:40:00-07:00,2025-09-29 03:40:00+00:00,2025-09-28 20:45:00-07:00,2025-09-29 03:45:00+00:00,REAL_TIME_5_MIN,URBAN_6_N001,Node,41.87618,41.77674,1.55327,-1.45383,0.0
2025-09-28 20:45:00-07:00,2025-09-29 03:45:00+00:00,2025-09-28 20:50:00-07:00,2025-09-29 03:50:00+00:00,REAL_TIME_5_MIN,URBAN_6_N001,Node,40.11615,41.7659,0.0,-1.64975,0.0
2025-09-28 20:50:00-07:00,2025-09-29 03:50:00+00:00,2025-09-28 20:55:00-07:00,2025-09-29 03:55:00+00:00,REAL_TIME_5_MIN,URBAN_6_N001,Node,40.11615,41.7659,0.0,-1.64975,0.0
2025-09-28 20:55:00-07:00,2025-09-29 03:55:00+00:00,2025-09-28 21:00:00-07:00,2025-09-29 04:00:00+00:00,REAL_TIME_5_MIN,URBAN_6_N001,Node,40.11615,41.7659,0.0,-1.64975,0.0
2025-09-28 21:00:00-07:00,2025-09-29 04:00:00+00:00,2025-09-28 21:05:00-07:00,2025-09-29 04:05:00+00:00,REAL_TIME_5_MIN,URBAN_6_N001,Node,43.93402,44.00009,1.94473,-2.0108,0.0
2025-09-28 21:05:00-07:00,2025-09-29 04:05:00+00:00,2025-09-28 21:10:00-07:00,2025-09-29 04:10:00+00:00,REAL_TIME_5_MIN,URBAN_6_N001,Node,43.89687,44.24511,1.67376,-2.022,0.0
2025-09-28 21:10:00-07:00,2025-09-29 04:10:00+00:00,2025-09-28 21:15:00-07:00,2025-09-29 04:15:00+00:00,REAL_TIME_5_MIN,URBAN_6_N001,Node,43.48261,44.32857,1.17986,-2.02582,0.0
2025-09-28 21:15:00-07:00,2025-09-29 04:15:00+00:00,2025-09-28 21:20:00-07:00,2025-09-29 04:20:00+00:00,REAL_TIME_5_MIN,URBAN_6_N001,Node,43.46415,44.31535,1.21833,-2.06953,0.0
2025-09-28 21:20:00-07:00,2025-09-29 04:20:00+00:00,2025-09-28 21:25:00-07:00,2025-09-29 04:25:00+00:00,REAL_TIME_5_MIN,URBAN_6_N001,Node,43.67455,44.69236,1.06933,-2.08713,0.0
2025-09-28 21:25:00-07:00,2025-09-29 04:25:00+00:00,2025-09-28 21:30:00-07:00,2025-09-29 04:30:00+00:00,REAL_TIME_5_MIN,URBAN_6_N001,Node,43.67598,44.80408,0.96425,-2.09235,0.0
2025-09-28 21:30:00-07:00,2025-09-29 04:30:00+00:00,2025-09-28 21:35:00-07:00,2025-09-29 04:35:00+00:00,REAL_TIME_5_MIN,URBAN_6_N001,Node,43.33542,44.40839,0.6856,-1.75857,0.0
2025-09-28 21:35:00-07:00,2025-09-29 04:35:00+00:00,2025-09-28 21:40:00-07:00,2025-09-29 04:40:00+00:00,REAL_TIME_5_MIN,URBAN_6_N001,Node,43.52003,45.25665,0.05554,-1.79216,0.0
2025-09-28 21:40:00-07:00,2025-09-29 04:40:00+00:00,2025-09-28 21:45:00-07:00,2025-09-29 04:45:00+00:00,REAL_TIME_5_MIN,URBAN_6_N001,Node,43.21747,44.67401,0.31255,-1.76909,0.0
2025-09-28 21:45:00-07:00,2025-09-29 04:45:00+00:00,2025-09-28 21:50:00-07:00,2025-09-29 04:50:00+00:00,REAL_TIME_5_MIN,URBAN_6_N001,Node,42.91122,44.42256,0.22114,-1.73248,0.0
2025-09-28 21:50:00-07:00,2025-09-29 04:50:00+00:00,2025-09-28 21:55:00-07:00,2025-09-29 04:55:00+00:00,REAL_TIME_5_MIN,URBAN_6_N001,Node,42.91122,44.42256,0.22114,-1.73248,0.0
2025-09-28 21:55:00-07:00,2025-09-29 04:55:00+00:00,2025-09-28 22:00:00-07:00,2025-09-29 05:00:00+00:00,REAL_TIME_5_MIN,URBAN_6_N001,Node,42.72665,44.46061,0.0,-1.73396,0.0
2025-09-28 22:00:00-07:00,2025-09-29 05:00:00+00:00,2025-09-28 22:05:00-07:00,2025-09-29 05:05:00+00:00,REAL_TIME_5_MIN,URBAN_6_N001,Node,44.0261,45.76042,0.0,-1.73432,0.0
2025-09-28 22:05:00-07:00,2025-09-29 05:05:00+00:00,2025-09-28 22:10:00-07:00,2025-09-29 05:10:00+00:00,REAL_TIME_5_MIN,URBAN_6_N001,Node,43.87176,45.6,0.0,-1.72824,0.0
2025-09-28 22:10:00-07:00,2025-09-29 05:10:00+00:00,2025-09-28 22:15:00-07:00,2025-09-29 05:15:00+00:00,REAL_TIME_5_MIN,URBAN_6_N001,Node,43.49772,45.21122,0.0,-1.71351,0.0
2025-09-28 22:15:00-07:00,2025-09-29 05:15:00+00:00,2025-09-28 22:20:00-07:00,2025-09-29 05:20:00+00:00,REAL_TIME_5_MIN,URBAN_6_N001,Node,43.77312,45.26225,0.0,-1.48913,0.0
2025-09-28 22:20:00-07:00,2025-09-29 05:20:00+00:00,2025-09-28 22:25:00-07:00,2025-09-29 05:25:00+00:00,REAL_TIME_5_MIN,URBAN_6_N001,Node,44.44042,45.95225,0.0,-1.51183,0.0
2025-09-28 22:25:00-07:00,2025-09-29 05:25:00+00:00,2025-09-28 22:30:00-07:00,2025-09-29 05:30:00+00:00,REAL_TIME_5_MIN,URBAN_6_N001,Node,43.80936,45.29972,0.0,-1.49036,0.0
2025-09-28 22:30:00-07:00,2025-09-29 05:30:00+00:00,2025-09-28 22:35:00-07:00,2025-09-29 05:35:00+00:00,REAL_TIME_5_MIN,URBAN_6_N001,Node,44.01997,45.47987,0.0,-1.4599,0.0
2025-09-28 22:35:00-07:00,2025-09-29 05:35:00+00:00,2025-09-28 22:40:00-07:00,2025-09-29 05:40:00+00:00,REAL_TIME_5_MIN,URBAN_6_N001,Node,43.93481,45.39189,0.0,-1.45708,0.0
2025-09-28 22:40:00-07:00,2025-09-29 05:40:00+00:00,2025-09-28 22:45:00-07:00,2025-09-29 05:45:00+00:00,REAL_TIME_5_MIN,URBAN_6_N001,Node,44.07788,45.53971,0.0,-1.46182,0.0
2025-09-28 22:45:00-07:00,2025-09-29 05:45:00+00:00,2025-09-28 22:50:00-07:00,2025-09-29 05:50:00+00:00,REAL_TIME_5_MIN,URBAN_6_N001,Node,43.94569,45.19302,0.0,-1.24733,0.0
2025-09-28 22:50:00-07:00,2025-09-29 05:50:00+00:00,2025-09-28 22:55:00-07:00,2025-09-29 05:55:00+00:00,REAL_TIME_5_MIN,URBAN_6_N001,Node,44.10751,45.35943,0.0,-1.25192,0.0
2025-09-28 22:55:00-07:00,2025-09-29 05:55:00+00:00,2025-09-28 23:00:00-07:00,2025-09-29 06:00:00+00:00,REAL_TIME_5_MIN,URBAN_6_N001,Node,44.17669,45.43057,0.0,-1.25388,0.0
2025-09-28 23:00:00-07:00,2025-09-29 06:00:00+00:00,2025-09-28 23:05:00-07:00,2025-09-29 06:05:00+00:00,REAL_TIME_5_MIN,URBAN_6_N001,Node,44.03451,45.56079,0.0,-1.52629,0.0
2025-09-28 23:05:00-07:00,2025-09-29 06:05:00+00:00,2025-09-28 23:10:00-07:00,2025-09-29 06:10:00+00:00,REAL_TIME_5_MIN,URBAN_6_N001,Node,44.26239,45.79657,0.0,-1.53419,0.0
2025-09-28 23:10:00-07:00,2025-09-29 06:10:00+00:00,2025-09-28 23:15:00-07:00,2025-09-29 06:15:00+00:00,REAL_TIME_5_MIN,URBAN_6_N001,Node,43.94827,45.47157,0.0,-1.5233,0.0
2025-09-28 23:15:00-07:00,2025-09-29 06:15:00+00:00,2025-09-28 23:20:00-07:00,2025-09-29 06:20:00+00:00,REAL_TIME_5_MIN,URBAN_6_N001,Node,44.05413,45.56695,0.0,-1.51282,0.0
2025-09-28 23:20:00-07:00,2025-09-29 06:20:00+00:00,2025-09-28 23:25:00-07:00,2025-09-29 06:25:00+00:00,REAL_TIME_5_MIN,URBAN_6_N001,Node,44.64649,46.17965,0.0,-1.53316,0.0
2025-09-28 23:25:00-07:00,2025-09-29 06:25:00+00:00,2025-09-28 23:30:00-07:00,2025-09-29 06:30:00+00:00,REAL_TIME_5_MIN,URBAN_6_N001,Node,44.89715,46.43892,0.0,-1.54177,0.0
2025-09-28 23:30:00-07:00,2025-09-29 06:30:00+00:00,2025-09-28 23:35:00-07:00,2025-09-29 06:35:00+00:00,REAL_TIME_5_MIN,URBAN_6_N001,Node,44.98358,46.37961,0.0,-1.39603,0.0
2025-09-28 23:35:00-07:00,2025-09-29 06:35:00+00:00,2025-09-28 23:40:00-07:00,2025-09-29 06:40:00+00:00,REAL_TIME_5_MIN,URBAN_6_N001,Node,44.34955,45.7259,0.0,-1.37635,0.0
2025-09-28 23:40:00-07:00,2025-09-29 06:40:00+00:00,2025-09-28 23:45:00-07:00,2025-09-29 06:45:00+00:00,REAL_TIME_5_MIN,URBAN_6_N001,Node,44.24666,45.61982,0.0,-1.37316,0.0
2025-09-28 23:45:00-07:00,2025-09-29 06:45:00+00:00,2025-09-28 23:50:00-07:00,2025-09-29 06:50:00+00:00,REAL_TIME_5_MIN,URBAN_6_N001,Node,44.12369,45.31549,0.0,-1.1918,0.0
2025-09-28 23:50:00-07:00,2025-09-29 06:50:00+00:00,2025-09-28 23:55:00-07:00,2025-09-29 06:55:00+00:00,REAL_TIME_5_MIN,URBAN_6_N001,Node,43.09606,44.2601,0.0,-1.16404,0.0
2025-09-28 23:55:00-07:00,2025-09-29 06:55:00+00:00,2025-09-29 00:00:00-07:00,2025-09-29 07:00:00+00:00,REAL_TIME_5_MIN,URBAN_6_N001,Node,44.63433,45.83992,0.0,-1.20559,0.0
