interval_start_local,interval_start_utc,interval_end_local,interval_end_utc,market,location,location_type,lmp,energy,congestion,loss,ghg
2025-10-12 00:00:00-07:00,2025-10-12 07:00:00+00:00,2025-10-12 00:05:00-07:00,2025-10-12 07:05:00+00:00,REAL_TIME_5_MIN,OAKLAND_1_N001,Node,32.34988,30.95386,0.0,1.39602,0.0
2025-10-12 00:00:00-07:00,2025-10-12 07:00:00+00:00,2025-10-12 00:05:00-07:00,2025-10-12 07:05:00+00:00,REAL_TIME_5_MIN,PGSF_2_PDRP58-APND,AP Node,32.89155,30.95386,0.0,1.93769,0.0
2025-10-12 00:00:00-07:00,2025-10-12 07:00:00+00:00,2025-10-12 00:05:00-07:00,2025-10-12 07:05:00+00:00,REAL_TIME_5_MIN,SNJOSEB_1_N001,Node,32.57275,30.95386,0.0,1.61889,0.0
2025-10-12 00:05:00-07:00,2025-10-12 07:05:00+00:00,2025-10-12 00:10:00-07:00,2025-10-12 07:10:00+00:00,REAL_TIME_5_MIN,OAKLAND_1_N001,Node,32.44525,31.04511,0.0,1.40013,0.0
2025-10-12 00:05:00-07:00,2025-10-12 07:05:00+00:00,2025-10-12 00:10:00-07:00,2025-10-12 07:10:00+00:00,REAL_TIME_5_MIN,PGSF_2_PDRP58-APND,AP Node,32.98851,31.04511,0.0,1.9434,0.0
2025-10-12 00:05:00-07:00,2025-10-12 07:05:00+00:00,2025-10-12 00:10:00-07:00,2025-10-12 07:10:00+00:00,REAL_TIME_5_MIN,SNJOSEB_1_N001,Node,32.66877,31.04511,0.0,1.62366,0.0
2025-10-12 00:10:00-07:00,2025-10-12 07:10:00+00:00,2025-10-12 00:15:00-07:00,2025-10-12 07:15:00+00:00,REAL_TIME_5_MIN,OAKLAND_1_N001,Node,32.35562,30.95935,0.0,1.39627,0.0
2025-10-12 00:10:00-07:00,2025-10-12 07:10:00+00:00,2025-10-12 00:15:00-07:00,2025-10-12 07:15:00+00:00,REAL_TIME_5_MIN,PGSF_2_PDRP58-APND,AP Node,32.89739,30.95935,0.0,1.93803,0.0
2025-10-12 00:10:00-07:00,2025-10-12 07:10:00+00:00,2025-10-12 00:15:00-07:00,2025-10-12 07:15:00+00:00,REAL_TIME_5_MIN,SNJOSEB_1_N001,Node,32.57853,30.95935,0.0,1.61917,0.0
2025-10-12 00:15:00-07:00,2025-10-12 07:15:00+00:00,2025-10-12 00:20:00-07:00,2025-10-12 07:20:00+00:00,REAL_TIME_5_MIN,OAKLAND_1_N001,Node,32.40637,31.04355,0.0,1.36281,0.0
2025-10-12 00:15:00-07:00,2025-10-12 07:15:00+00:00,2025-10-12 00:20:00-07:00,2025-10-12 07:20:00+00:00,REAL_TIME_5_MIN,PGSF_2_PDRP58-APND,AP Node,32.94849,31.04355,0.0,1.90494,0.0
2025-10-12 00:15:00-07:00,2025-10-12 07:15:00+00:00,2025-10-12 00:20:00-07:00,2025-10-12 07:20:00+00:00,REAL_TIME_5_MIN,SNJOSEB_1_N001,Node,32.63609,31.04355,0.0,1.59253,0.0
2025-10-12 00:20:00-07:00,2025-10-12 07:20:00+00:00,2025-10-12 00:25:00-07:00,2025-10-12 07:25:00+00:00,REAL_TIME_5_MIN,OAKLAND_1_N001,Node,32.67972,31.30541,0.0,1.37431,0.0
2025-10-12 00:20:00-07:00,2025-10-12 07:20:00+00:00,2025-10-12 00:25:00-07:00,2025-10-12 07:25:00+00:00,REAL_TIME_5_MIN,PGSF_2_PDRP58-APND,AP Node,33.22641,31.30541,0.0,1.921,0.0
2025-10-12 00:20:00-07:00,2025-10-12 07:20:00+00:00,2025-10-12 00:25:00-07:00,2025-10-12 07:25:00+00:00,REAL_TIME_5_MIN,SNJOSEB_1_N001,Node,32.91138,31.30541,0.0,1.60597,0.0
2025-10-12 00:25:00-07:00,2025-10-12 07:25:00+00:00,2025-10-12 00:30:00-07:00,2025-10-12 07:30:00+00:00,REAL_TIME_5_MIN,OAKLAND_1_N001,Node,33.33642,31.93449,0.0,1.40192,0.0
2025-10-12 00:25:00-07:00,2025-10-12 07:25:00+00:00,2025-10-12 00:30:00-07:00,2025-10-12 07:30:00+00:00,REAL_TIME_5_MIN,PGSF_2_PDRP58-APND,AP Node,33.8941,31.93449,0.0,1.95961,0.0
2025-10-12 00:25:00-07:00,2025-10-12 07:25:00+00:00,2025-10-12 00:30:00-07:00,2025-10-12 07:30:00+00:00,REAL_TIME_5_MIN,SNJOSEB_1_N001,Node,33.57273,31.93449,0.0,1.63824,0.0
2025-10-12 00:30:00-07:00,2025-10-12 07:30:00+00:00,2025-10-12 00:35:00-07:00,2025-10-12 07:35:00+00:00,REAL_TIME_5_MIN,OAKLAND_1_N001,Node,32.61368,31.35327,0.0,1.2604,0.0
2025-10-12 00:30:00-07:00,2025-10-12 07:30:00+00:00,2025-10-12 00:35:00-07:00,2025-10-12 07:35:00+00:00,REAL_TIME_5_MIN,PGSF_2_PDRP58-APND,AP Node,33.18433,31.35327,0.0,1.83105,0.0
2025-10-12 00:30:00-07:00,2025-10-12 07:30:00+00:00,2025-10-12 00:35:00-07:00,2025-10-12 07:35:00+00:00,REAL_TIME_5_MIN,SNJOSEB_1_N001,Node,32.87391,31.35327,0.0,1.52063,0.0
2025-10-12 00:35:00-07:00,2025-10-12 07:35:00+00:00,2025-10-12 00:40:00-07:00,2025-10-12 07:40:00+00:00,REAL_TIME_5_MIN,OAKLAND_1_N001,Node,32.60292,31.34294,0.0,1.25999,0.0
2025-10-12 00:35:00-07:00,2025-10-12 07:35:00+00:00,2025-10-12 00:40:00-07:00,2025-10-12 07:40:00+00:00,REAL_TIME_5_MIN,PGSF_2_PDRP58-APND,AP Node,33.17339,31.34294,0.0,1.83045,0.0
2025-10-12 00:35:00-07:00,2025-10-12 07:35:00+00:00,2025-10-12 00:40:00-07:00,2025-10-12 07:40:00+00:00,REAL_TIME_5_MIN,SNJOSEB_1_N001,Node,32.86307,31.34294,0.0,1.52013,0.0
2025-10-12 00:40:00-07:00,2025-10-12 07:40:00+00:00,2025-10-12 00:45:00-07:00,2025-10-12 07:45:00+00:00,REAL_TIME_5_MIN,OAKLAND_1_N001,Node,32.5011,31.24504,0.0,1.25605,0.0
2025-10-12 00:40:00-07:00,2025-10-12 07:40:00+00:00,2025-10-12 00:45:00-07:00,2025-10-12 07:45:00+00:00,REAL_TIME_5_MIN,PGSF_2_PDRP58-APND,AP Node,33.06978,31.24504,0.0,1.82473,0.0
2025-10-12 00:40:00-07:00,2025-10-12 07:40:00+00:00,2025-10-12 00:45:00-07:00,2025-10-12 07:45:00+00:00,REAL_TIME_5_MIN,SNJOSEB_1_N001,Node,32.76043,31.24504,0.0,1.51538,0.0
2025-10-12 00:45:00-07:00,2025-10-12 07:45:00+00:00,2025-10-12 00:50:00-07:00,2025-10-12 07:50:00+00:00,REAL_TIME_5_MIN,OAKLAND_1_N001,Node,32.42215,31.10337,0.0,1.31878,0.0
2025-10-12 00:45:00-07:00,2025-10-12 07:45:00+00:00,2025-10-12 00:50:00-07:00,2025-10-12 07:50:00+00:00,REAL_TIME_5_MIN,PGSF_2_PDRP58-APND,AP Node,32.96964,31.10337,0.0,1.86627,0.0
2025-10-12 00:45:00-07:00,2025-10-12 07:45:00+00:00,2025-10-12 00:50:00-07:00,2025-10-12 07:50:00+00:00,REAL_TIME_5_MIN,SNJOSEB_1_N001,Node,32.68031,31.10337,0.0,1.57694,0.0
2025-10-12 00:50:00-07:00,2025-10-12 07:50:00+00:00,2025-10-12 00:55:00-07:00,2025-10-12 07:55:00+00:00,REAL_TIME_5_MIN,OAKLAND_1_N001,Node,31.54863,30.26538,0.0,1.28325,0.0
2025-10-12 00:50:00-07:00,2025-10-12 07:50:00+00:00,2025-10-12 00:55:00-07:00,2025-10-12 07:55:00+00:00,REAL_TIME_5_MIN,PGSF_2_PDRP58-APND,AP Node,32.08137,30.26538,0.0,1.81599,0.0
2025-10-12 00:50:00-07:00,2025-10-12 07:50:00+00:00,2025-10-12 00:55:00-07:00,2025-10-12 07:55:00+00:00,REAL_TIME_5_MIN,SNJOSEB_1_N001,Node,31.79984,30.26538,0.0,1.53445,0.0
2025-10-12 00:55:00-07:00,2025-10-12 07:55:00+00:00,2025-10-12 01:00:00-07:00,2025-10-12 08:00:00+00:00,REAL_TIME_5_MIN,OAKLAND_1_N001,Node,31.54863,30.26538,0.0,1.28325,0.0
2025-10-12 00:55:00-07:00,2025-10-12 07:55:00+00:00,2025-10-12 01:00:00-07:00,2025-10-12 08:00:00+00:00,REAL_TIME_5_MIN,PGSF_2_PDRP58-APND,AP Node,32.08137,30.26538,0.0,1.81599,0.0
2025-10-12 00:55:00-07:00,2025-10-12 07:55:00+00:00,2025-10-12 01:00:00-07:00,2025-10-12 08:00:00+00:00,REAL_TIME_5_MIN,SNJOSEB_1_N001,Node,31.79984,30.26538,0.0,1.53445,0.0
2025-10-12 01:00:00-07:00,2025-10-12 08:00:00+00:00,2025-10-12 01:05:00-07:00,2025-10-12 08:05:00+00:00,REAL_TIME_5_MIN,OAKLAND_1_N001,Node,32.34748,31.05795,0.00373,1.2858,0.0
2025-10-12 01:00:00-07:00,2025-10-12 08:00:00+00:00,2025-10-12 01:05:00-07:00,2025-10-12 08:05:00+00:00,REAL_TIME_5_MIN,PGSF_2_PDRP58-APND,AP Node,32.8756,31.05795,0.00379,1.81385,0.0
2025-10-12 01:00:00-07:00,2025-10-12 08:00:00+00:00,2025-10-12 01:05:00-07:00,2025-10-12 08:05:00+00:00,REAL_TIME_5_MIN,SNJOSEB_1_N001,Node,32.59603,31.05795,0.00382,1.53426,0.0
2025-10-12 01:05:00-07:00,2025-10-12 08:05:00+00:00,2025-10-12 01:10:00-07:00,2025-10-12 08:10:00+00:00,REAL_TIME_5_MIN,OAKLAND_1_N001,Node,32.38872,31.10113,0.0,1.28759,0.0
2025-10-12 01:05:00-07:00,2025-10-12 08:05:00+00:00,2025-10-12 01:10:00-07:00,2025-10-12 08:10:00+00:00,REAL_TIME_5_MIN,PGSF_2_PDRP58-APND,AP Node,32.91751,31.10113,0.0,1.81637,0.0
2025-10-12 01:05:00-07:00,2025-10-12 08:05:00+00:00,2025-10-12 01:10:00-07:00,2025-10-12 08:10:00+00:00,REAL_TIME_5_MIN,SNJOSEB_1_N001,Node,32.63753,31.10113,0.0,1.5364,0.0
2025-10-12 01:10:00-07:00,2025-10-12 08:10:00+00:00,2025-10-12 01:15:00-07:00,2025-10-12 08:15:00+00:00,REAL_TIME_5_MIN,OAKLAND_1_N001,Node,30.6157,29.3986,0.0,1.2171,0.0
2025-10-12 01:10:00-07:00,2025-10-12 08:10:00+00:00,2025-10-12 01:15:00-07:00,2025-10-12 08:15:00+00:00,REAL_TIME_5_MIN,PGSF_2_PDRP58-APND,AP Node,31.11554,29.3986,0.0,1.71694,0.0
2025-10-12 01:10:00-07:00,2025-10-12 08:10:00+00:00,2025-10-12 01:15:00-07:00,2025-10-12 08:15:00+00:00,REAL_TIME_5_MIN,SNJOSEB_1_N001,Node,30.85089,29.3986,0.0,1.45229,0.0
2025-10-12 01:15:00-07:00,2025-10-12 08:15:00+00:00,2025-10-12 01:20:00-07:00,2025-10-12 08:20:00+00:00,REAL_TIME_5_MIN,OAKLAND_1_N001,Node,31.15683,29.9931,0.0,1.16373,0.0
2025-10-12 01:15:00-07:00,2025-10-12 08:15:00+00:00,2025-10-12 01:20:00-07:00,2025-10-12 08:20:00+00:00,REAL_TIME_5_MIN,PGSF_2_PDRP58-APND,AP Node,31.6619,29.9931,0.0,1.6688,0.0
2025-10-12 01:15:00-07:00,2025-10-12 08:15:00+00:00,2025-10-12 01:20:00-07:00,2025-10-12 08:20:00+00:00,REAL_TIME_5_MIN,SNJOSEB_1_N001,Node,31.40277,29.9931,0.0,1.40968,0.0
2025-10-12 01:20:00-07:00,2025-10-12 08:20:00+00:00,2025-10-12 01:25:00-07:00,2025-10-12 08:25:00+00:00,REAL_TIME_5_MIN,OAKLAND_1_N001,Node,30.46059,29.32286,0.0,1.13773,0.0
2025-10-12 01:20:00-07:00,2025-10-12 08:20:00+00:00,2025-10-12 01:25:00-07:00,2025-10-12 08:25:00+00:00,REAL_TIME_5_MIN,PGSF_2_PDRP58-APND,AP Node,30.95437,29.32286,0.0,1.63151,0.0
2025-10-12 01:20:00-07:00,2025-10-12 08:20:00+00:00,2025-10-12 01:25:00-07:00,2025-10-12 08:25:00+00:00,REAL_TIME_5_MIN,SNJOSEB_1_N001,Node,30.70104,29.32286,0.0,1.37817,0.0
2025-10-12 01:25:00-07:00,2025-10-12 08:25:00+00:00,2025-10-12 01:30:00-07:00,2025-10-12 08:30:00+00:00,REAL_TIME_5_MIN,OAKLAND_1_N001,Node,29.74972,28.63855,0.0,1.11118,0.0
2025-10-12 01:25:00-07:00,2025-10-12 08:25:00+00:00,2025-10-12 01:30:00-07:00,2025-10-12 08:30:00+00:00,REAL_TIME_5_MIN,PGSF_2_PDRP58-APND,AP Node,30.23198,28.63855,0.0,1.59344,0.0
2025-10-12 01:25:00-07:00,2025-10-12 08:25:00+00:00,2025-10-12 01:30:00-07:00,2025-10-12 08:30:00+00:00,REAL_TIME_5_MIN,SNJOSEB_1_N001,Node,29.98456,28.63855,0.0,1.34601,0.0
2025-10-12 01:30:00-07:00,2025-10-12 08:30:00+00:00,2025-10-12 01:35:00-07:00,2025-10-12 08:35:00+00:00,REAL_TIME_5_MIN,OAKLAND_1_N001,Node,29.82901,28.59924,0.0,1.22977,0.0
2025-10-12 01:30:00-07:00,2025-10-12 08:30:00+00:00,2025-10-12 01:35:00-07:00,2025-10-12 08:35:00+00:00,REAL_TIME_5_MIN,PGSF_2_PDRP58-APND,AP Node,30.26771,28.59924,0.0,1.66847,0.0
2025-10-12 01:30:00-07:00,2025-10-12 08:30:00+00:00,2025-10-12 01:35:00-07:00,2025-10-12 08:35:00+00:00,REAL_TIME_5_MIN,SNJOSEB_1_N001,Node,30.02634,28.59924,0.0,1.4271,0.0
2025-10-12 01:35:00-07:00,2025-10-12 08:35:00+00:00,2025-10-12 01:40:00-07:00,2025-10-12 08:40:00+00:00,REAL_TIME_5_MIN,OAKLAND_1_N001,Node,31.44419,30.14784,0.0,1.29636,0.0
2025-10-12 01:35:00-07:00,2025-10-12 08:35:00+00:00,2025-10-12 01:40:00-07:00,2025-10-12 08:40:00+00:00,REAL_TIME_5_MIN,PGSF_2_PDRP58-APND,AP Node,31.90665,30.14784,0.0,1.75881,0.0
2025-10-12 01:35:00-07:00,2025-10-12 08:35:00+00:00,2025-10-12 01:40:00-07:00,2025-10-12 08:40:00+00:00,REAL_TIME_5_MIN,SNJOSEB_1_N001,Node,31.65221,30.14784,0.0,1.50438,0.0
2025-10-12 01:40:00-07:00,2025-10-12 08:40:00+00:00,2025-10-12 01:45:00-07:00,2025-10-12 08:45:00+00:00,REAL_TIME_5_MIN,OAKLAND_1_N001,Node,31.25872,29.97001,0.0,1.28871,0.0
2025-10-12 01:40:00-07:00,2025-10-12 08:40:00+00:00,2025-10-12 01:45:00-07:00,2025-10-12 08:45:00+00:00,REAL_TIME_5_MIN,PGSF_2_PDRP58-APND,AP Node,31.71845,29.97001,0.0,1.74844,0.0
2025-10-12 01:40:00-07:00,2025-10-12 08:40:00+00:00,2025-10-12 01:45:00-07:00,2025-10-12 08:45:00+00:00,REAL_TIME_5_MIN,SNJOSEB_1_N001,Node,31.46552,29.97001,0.0,1.4955,0.0
2025-10-12 01:45:00-07:00,2025-10-12 08:45:00+00:00,2025-10-12 01:50:00-07:00,2025-10-12 08:50:00+00:00,REAL_TIME_5_MIN,OAKLAND_1_N001,Node,32.48206,31.11308,0.0,1.36898,0.0
2025-10-12 01:45:00-07:00,2025-10-12 08:45:00+00:00,2025-10-12 01:50:00-07:00,2025-10-12 08:50:00+00:00,REAL_TIME_5_MIN,PGSF_2_PDRP58-APND,AP Node,32.92825,31.11308,0.0,1.81517,0.0
2025-10-12 01:45:00-07:00,2025-10-12 08:45:00+00:00,2025-10-12 01:50:00-07:00,2025-10-12 08:50:00+00:00,REAL_TIME_5_MIN,SNJOSEB_1_N001,Node,32.66874,31.11308,0.0,1.55565,0.0
2025-10-12 01:50:00-07:00,2025-10-12 08:50:00+00:00,2025-10-12 01:55:00-07:00,2025-10-12 08:55:00+00:00,REAL_TIME_5_MIN,OAKLAND_1_N001,Node,32.23984,30.88107,0.0,1.35877,0.0
2025-10-12 01:50:00-07:00,2025-10-12 08:50:00+00:00,2025-10-12 01:55:00-07:00,2025-10-12 08:55:00+00:00,REAL_TIME_5_MIN,PGSF_2_PDRP58-APND,AP Node,32.6827,30.88107,0.0,1.80163,0.0
2025-10-12 01:50:00-07:00,2025-10-12 08:50:00+00:00,2025-10-12 01:55:00-07:00,2025-10-12 08:55:00+00:00,REAL_TIME_5_MIN,SNJOSEB_1_N001,Node,32.42512,30.88107,0.0,1.54405,0.0
2025-10-12 01:55:00-07:00,2025-10-12 08:55:00+00:00,2025-10-12 02:00:00-07:00,2025-10-12 09:00:00+00:00,REAL_TIME_5_MIN,OAKLAND_1_N001,Node,31.8724,30.52912,0.0,1.34328,0.0
2025-10-12 01:55:00-07:00,2025-10-12 08:55:00+00:00,2025-10-12 02:00:00-07:00,2025-10-12 09:00:00+00:00,REAL_TIME_5_MIN,PGSF_2_PDRP58-APND,AP Node,32.31022,30.52912,0.0,1.7811,0.0
2025-10-12 01:55:00-07:00,2025-10-12 08:55:00+00:00,2025-10-12 02:00:00-07:00,2025-10-12 09:00:00+00:00,REAL_TIME_5_MIN,SNJOSEB_1_N001,Node,32.05558,30.52912,0.0,1.52646,0.0
2025-10-12 02:00:00-07:00,2025-10-12 09:00:00+00:00,2025-10-12 02:05:00-07:00,2025-10-12 09:05:00+00:00,REAL_TIME_5_MIN,OAKLAND_1_N001,Node,32.37988,31.3182,0.0,1.06169,0.0
2025-10-12 02:00:00-07:00,2025-10-12 09:00:00+00:00,2025-10-12 02:05:00-07:00,2025-10-12 09:05:00+00:00,REAL_TIME_5_MIN,PGSF_2_PDRP58-APND,AP Node,32.86552,31.3182,0.0,1.54732,0.0
2025-10-12 02:00:00-07:00,2025-10-12 09:00:00+00:00,2025-10-12 02:05:00-07:00,2025-10-12 09:05:00+00:00,REAL_TIME_5_MIN,SNJOSEB_1_N001,Node,32.62416,31.3182,0.0,1.30597,0.0
2025-10-12 02:05:00-07:00,2025-10-12 09:05:00+00:00,2025-10-12 02:10:00-07:00,2025-10-12 09:10:00+00:00,REAL_TIME_5_MIN,OAKLAND_1_N001,Node,32.49031,31.425,0.0,1.06531,0.0
2025-10-12 02:05:00-07:00,2025-10-12 09:05:00+00:00,2025-10-12 02:10:00-07:00,2025-10-12 09:10:00+00:00,REAL_TIME_5_MIN,PGSF_2_PDRP58-APND,AP Node,32.9776,31.425,0.0,1.5526,0.0
2025-10-12 02:05:00-07:00,2025-10-12 09:05:00+00:00,2025-10-12 02:10:00-07:00,2025-10-12 09:10:00+00:00,REAL_TIME_5_MIN,SNJOSEB_1_N001,Node,32.73542,31.425,0.0,1.31042,0.0
2025-10-12 02:10:00-07:00,2025-10-12 09:10:00+00:00,2025-10-12 02:15:00-07:00,2025-10-12 09:15:00+00:00,REAL_TIME_5_MIN,OAKLAND_1_N001,Node,32.45129,31.38726,0.0,1.06403,0.0
2025-10-12 02:10:00-07:00,2025-10-12 09:10:00+00:00,2025-10-12 02:15:00-07:00,2025-10-12 09:15:00+00:00,REAL_TIME_5_MIN,PGSF_2_PDRP58-APND,AP Node,32.93799,31.38726,0.0,1.55073,0.0
2025-10-12 02:10:00-07:00,2025-10-12 09:10:00+00:00,2025-10-12 02:15:00-07:00,2025-10-12 09:15:00+00:00,REAL_TIME_5_MIN,SNJOSEB_1_N001,Node,32.69611,31.38726,0.0,1.30885,0.0
2025-10-12 02:15:00-07:00,2025-10-12 09:15:00+00:00,2025-10-12 02:20:00-07:00,2025-10-12 09:20:00+00:00,REAL_TIME_5_MIN,OAKLAND_1_N001,Node,32.53105,31.41882,0.0,1.11223,0.0
2025-10-12 02:15:00-07:00,2025-10-12 09:15:00+00:00,2025-10-12 02:20:00-07:00,2025-10-12 09:20:00+00:00,REAL_TIME_5_MIN,PGSF_2_PDRP58-APND,AP Node,33.01309,31.41882,0.0,1.59427,0.0
2025-10-12 02:15:00-07:00,2025-10-12 09:15:00+00:00,2025-10-12 02:20:00-07:00,2025-10-12 09:20:00+00:00,REAL_TIME_5_MIN,SNJOSEB_1_N001,Node,32.76983,31.41882,0.0,1.35101,0.0
2025-10-12 02:20:00-07:00,2025-10-12 09:20:00+00:00,2025-10-12 02:25:00-07:00,2025-10-12 09:25:00+00:00,REAL_TIME_5_MIN,OAKLAND_1_N001,Node,32.53105,31.41882,0.0,1.11223,0.0
2025-10-12 02:20:00-07:00,2025-10-12 09:20:00+00:00,2025-10-12 02:25:00-07:00,2025-10-12 09:25:00+00:00,REAL_TIME_5_MIN,PGSF_2_PDRP58-APND,AP Node,33.01309,31.41882,0.0,1.59427,0.0
2025-10-12 02:20:00-07:00,2025-10-12 09:20:00+00:00,2025-10-12 02:25:00-07:00,2025-10-12 09:25:00+00:00,REAL_TIME_5_MIN,SNJOSEB_1_N001,Node,32.76983,31.41882,0.0,1.35101,0.0
2025-10-12 02:25:00-07:00,2025-10-12 09:25:00+00:00,2025-10-12 02:30:00-07:00,2025-10-12 09:30:00+00:00,REAL_TIME_5_MIN,OAKLAND_1_N001,Node,32.45964,31.34985,0.0,1.10978,0.0
2025-10-12 02:25:00-07:00,2025-10-12 09:25:00+00:00,2025-10-12 02:30:00-07:00,2025-10-12 09:30:00+00:00,REAL_TIME_5_MIN,PGSF_2_PDRP58-APND,AP Node,32.94062,31.34985,0.0,1.59077,0.0
2025-10-12 02:25:00-07:00,2025-10-12 09:25:00+00:00,2025-10-12 02:30:00-07:00,2025-10-12 09:30:00+00:00,REAL_TIME_5_MIN,SNJOSEB_1_N001,Node,32.69789,31.34985,0.0,1.34804,0.0
2025-10-12 02:30:00-07:00,2025-10-12 09:30:00+00:00,2025-10-12 02:35:00-07:00,2025-10-12 09:35:00+00:00,REAL_TIME_5_MIN,OAKLAND_1_N001,Node,32.41866,31.268,0.0,1.15066,0.0
2025-10-12 02:30:00-07:00,2025-10-12 09:30:00+00:00,2025-10-12 02:35:00-07:00,2025-10-12 09:35:00+00:00,REAL_TIME_5_MIN,PGSF_2_PDRP58-APND,AP Node,32.87025,31.268,0.0,1.60225,0.0
2025-10-12 02:30:00-07:00,2025-10-12 09:30:00+00:00,2025-10-12 02:35:00-07:00,2025-10-12 09:35:00+00:00,REAL_TIME_5_MIN,SNJOSEB_1_N001,Node,32.63754,31.268,0.0,1.36954,0.0
2025-10-12 02:35:00-07:00,2025-10-12 09:35:00+00:00,2025-10-12 02:40:00-07:00,2025-10-12 09:40:00+00:00,REAL_TIME_5_MIN,OAKLAND_1_N001,Node,32.3784,31.22917,0.0,1.14923,0.0
2025-10-12 02:35:00-07:00,2025-10-12 09:35:00+00:00,2025-10-12 02:40:00-07:00,2025-10-12 09:40:00+00:00,REAL_TIME_5_MIN,PGSF_2_PDRP58-APND,AP Node,32.82943,31.22917,0.0,1.60026,0.0
2025-10-12 02:35:00-07:00,2025-10-12 09:35:00+00:00,2025-10-12 02:40:00-07:00,2025-10-12 09:40:00+00:00,REAL_TIME_5_MIN,SNJOSEB_1_N001,Node,32.59701,31.22917,0.0,1.36784,0.0
2025-10-12 02:40:00-07:00,2025-10-12 09:40:00+00:00,2025-10-12 02:45:00-07:00,2025-10-12 09:45:00+00:00,REAL_TIME_5_MIN,OAKLAND_1_N001,Node,32.3784,31.22917,0.0,1.14923,0.0
2025-10-12 02:40:00-07:00,2025-10-12 09:40:00+00:00,2025-10-12 02:45:00-07:00,2025-10-12 09:45:00+00:00,REAL_TIME_5_MIN,PGSF_2_PDRP58-APND,AP Node,32.82943,31.22917,0.0,1.60026,0.0
2025-10-12 02:40:00-07:00,2025-10-12 09:40:00+00:00,2025-10-12 02:45:00-07:00,2025-10-12 09:45:00+00:00,REAL_TIME_5_MIN,SNJOSEB_1_N001,Node,32.59701,31.22917,0.0,1.36784,0.0
2025-10-12 02:45:00-07:00,2025-10-12 09:45:00+00:00,2025-10-12 02:50:00-07:00,2025-10-12 09:50:00+00:00,REAL_TIME_5_MIN,OAKLAND_1_N001,Node,32.37523,31.22611,0.0,1.14912,0.0
2025-10-12 02:45:00-07:00,2025-10-12 09:45:00+00:00,2025-10-12 02:50:00-07:00,2025-10-12 09:50:00+00:00,REAL_TIME_5_MIN,PGSF_2_PDRP58-APND,AP Node,32.81997,31.22611,0.0,1.59386,0.0
2025-10-12 02:45:00-07:00,2025-10-12 09:45:00+00:00,2025-10-12 02:50:00-07:00,2025-10-12 09:50:00+00:00,REAL_TIME_5_MIN,SNJOSEB_1_N001,Node,32.58445,31.22611,0.0,1.35834,0.0
2025-10-12 02:50:00-07:00,2025-10-12 09:50:00+00:00,2025-10-12 02:55:00-07:00,2025-10-12 09:55:00+00:00,REAL_TIME_5_MIN,OAKLAND_1_N001,Node,31.71477,30.58909,0.0,1.12568,0.0
2025-10-12 02:50:00-07:00,2025-10-12 09:50:00+00:00,2025-10-12 02:55:00-07:00,2025-10-12 09:55:00+00:00,REAL_TIME_5_MIN,PGSF_2_PDRP58-APND,AP Node,32.15043,30.58909,0.0,1.56134,0.0
2025-10-12 02:50:00-07:00,2025-10-12 09:50:00+00:00,2025-10-12 02:55:00-07:00,2025-10-12 09:55:00+00:00,REAL_TIME_5_MIN,SNJOSEB_1_N001,Node,31.91972,30.58909,0.0,1.33063,0.0
2025-10-12 02:55:00-07:00,2025-10-12 09:55:00+00:00,2025-10-12 03:00:00-07:00,2025-10-12 10:00:00+00:00,REAL_TIME_5_MIN,OAKLAND_1_N001,Node,31.26907,30.15921,0.0,1.10986,0.0
2025-10-12 02:55:00-07:00,2025-10-12 09:55:00+00:00,2025-10-12 03:00:00-07:00,2025-10-12 10:00:00+00:00,REAL_TIME_5_MIN,PGSF_2_PDRP58-APND,AP Node,31.69861,30.15921,0.0,1.5394,0.0
2025-10-12 02:55:00-07:00,2025-10-12 09:55:00+00:00,2025-10-12 03:00:00-07:00,2025-10-12 10:00:00+00:00,REAL_TIME_5_MIN,SNJOSEB_1_N001,Node,31.47114,30.15921,0.0,1.31193,0.0
2025-10-12 03:00:00-07:00,2025-10-12 10:00:00+00:00,2025-10-12 03:05:00-07:00,2025-10-12 10:05:00+00:00,REAL_TIME_5_MIN,OAKLAND_1_N001,Node,33.1336,33.1336,0.0,0.0,0.0
2025-10-12 03:00:00-07:00,2025-10-12 10:00:00+00:00,2025-10-12 03:05:00-07:00,2025-10-12 10:05:00+00:00,REAL_TIME_5_MIN,PGSF_2_PDRP58-APND,AP Node,33.1336,33.1336,0.0,0.0,0.0
2025-10-12 03:00:00-07:00,2025-10-12 10:00:00+00:00,2025-10-12 03:05:00-07:00,2025-10-12 10:05:00+00:00,REAL_TIME_5_MIN,SNJOSEB_1_N001,Node,33.1336,33.1336,0.0,0.0,0.0
2025-10-12 03:05:00-07:00,2025-10-12 10:05:00+00:00,2025-10-12 03:10:00-07:00,2025-10-12 10:10:00+00:00,REAL_TIME_5_MIN,OAKLAND_1_N001,Node,33.04,33.04,0.0,0.0,0.0
2025-10-12 03:05:00-07:00,2025-10-12 10:05:00+00:00,2025-10-12 03:10:00-07:00,2025-10-12 10:10:00+00:00,REAL_TIME_5_MIN,PGSF_2_PDRP58-APND,AP Node,33.04,33.04,0.0,0.0,0.0
2025-10-12 03:05:00-07:00,2025-10-12 10:05:00+00:00,2025-10-12 03:10:00-07:00,2025-10-12 10:10:00+00:00,REAL_TIME_5_MIN,SNJOSEB_1_N001,Node,33.04,33.04,0.0,0.0,0.0
2025-10-12 03:10:00-07:00,2025-10-12 10:10:00+00:00,2025-10-12 03:15:00-07:00,2025-10-12 10:15:00+00:00,REAL_TIME_5_MIN,OAKLAND_1_N001,Node,33.1312,33.1312,0.0,0.0,0.0
2025-10-12 03:10:00-07:00,2025-10-12 10:10:00+00:00,2025-10-12 03:15:00-07:00,2025-10-12 10:15:00+00:00,REAL_TIME_5_MIN,PGSF_2_PDRP58-APND,AP Node,33.1312,33.1312,0.0,0.0,0.0
2025-10-12 03:10:00-07:00,2025-10-12 10:10:00+00:00,2025-10-12 03:15:00-07:00,2025-10-12 10:15:00+00:00,REAL_TIME_5_MIN,SNJOSEB_1_N001,Node,33.1312,33.1312,0.0,0.0,0.0
2025-10-12 03:15:00-07:00,2025-10-12 10:15:00+00:00,2025-10-12 03:20:00-07:00,2025-10-12 10:20:00+00:00,REAL_TIME_5_MIN,OAKLAND_1_N001,Node,33.14923,31.9603,0.0,1.18892,0.0
2025-10-12 03:15:00-07:00,2025-10-12 10:15:00+00:00,2025-10-12 03:20:00-07:00,2025-10-12 10:20:00+00:00,REAL_TIME_5_MIN,PGSF_2_PDRP58-APND,AP Node,33.79535,31.9603,0.0,1.83505,0.0
2025-10-12 03:15:00-07:00,2025-10-12 10:15:00+00:00,2025-10-12 03:20:00-07:00,2025-10-12 10:20:00+00:00,REAL_TIME_5_MIN,SNJOSEB_1_N001,Node,33.39213,31.9603,0.0,1.43182,0.0
2025-10-12 03:20:00-07:00,2025-10-12 10:20:00+00:00,2025-10-12 03:25:00-07:00,2025-10-12 10:25:00+00:00,REAL_TIME_5_MIN,OAKLAND_1_N001,Node,32.41009,31.24767,0.0,1.16241,0.0
2025-10-12 03:20:00-07:00,2025-10-12 10:20:00+00:00,2025-10-12 03:25:00-07:00,2025-10-12 10:25:00+00:00,REAL_TIME_5_MIN,PGSF_2_PDRP58-APND,AP Node,33.0418,31.24767,0.0,1.79413,0.0
2025-10-12 03:20:00-07:00,2025-10-12 10:20:00+00:00,2025-10-12 03:25:00-07:00,2025-10-12 10:25:00+00:00,REAL_TIME_5_MIN,SNJOSEB_1_N001,Node,32.64757,31.24767,0.0,1.3999,0.0
2025-10-12 03:25:00-07:00,2025-10-12 10:25:00+00:00,2025-10-12 03:30:00-07:00,2025-10-12 10:30:00+00:00,REAL_TIME_5_MIN,OAKLAND_1_N001,Node,32.34942,31.18918,0.0,1.16024,0.0
2025-10-12 03:25:00-07:00,2025-10-12 10:25:00+00:00,2025-10-12 03:30:00-07:00,2025-10-12 10:30:00+00:00,REAL_TIME_5_MIN,PGSF_2_PDRP58-APND,AP Node,32.97995,31.18918,0.0,1.79077,0.0
2025-10-12 03:25:00-07:00,2025-10-12 10:25:00+00:00,2025-10-12 03:30:00-07:00,2025-10-12 10:30:00+00:00,REAL_TIME_5_MIN,SNJOSEB_1_N001,Node,32.58646,31.18918,0.0,1.39728,0.0
2025-10-12 03:30:00-07:00,2025-10-12 10:30:00+00:00,2025-10-12 03:35:00-07:00,2025-10-12 10:35:00+00:00,REAL_TIME_5_MIN,OAKLAND_1_N001,Node,32.3727,31.13957,0.0,1.23313,0.0
2025-10-12 03:30:00-07:00,2025-10-12 10:30:00+00:00,2025-10-12 03:35:00-07:00,2025-10-12 10:35:00+00:00,REAL_TIME_5_MIN,PGSF_2_PDRP58-APND,AP Node,32.79246,31.13957,0.0,1.65289,0.0
2025-10-12 03:30:00-07:00,2025-10-12 10:30:00+00:00,2025-10-12 03:35:00-07:00,2025-10-12 10:35:00+00:00,REAL_TIME_5_MIN,SNJOSEB_1_N001,Node,32.57511,31.13957,0.0,1.43553,0.0
2025-10-12 03:35:00-07:00,2025-10-12 10:35:00+00:00,2025-10-12 03:40:00-07:00,2025-10-12 10:40:00+00:00,REAL_TIME_5_MIN,OAKLAND_1_N001,Node,32.28069,31.05107,0.0,1.22962,0.0
2025-10-12 03:35:00-07:00,2025-10-12 10:35:00+00:00,2025-10-12 03:40:00-07:00,2025-10-12 10:40:00+00:00,REAL_TIME_5_MIN,PGSF_2_PDRP58-APND,AP Node,32.69926,31.05107,0.0,1.64819,0.0
2025-10-12 03:35:00-07:00,2025-10-12 10:35:00+00:00,2025-10-12 03:40:00-07:00,2025-10-12 10:40:00+00:00,REAL_TIME_5_MIN,SNJOSEB_1_N001,Node,32.48252,31.05107,0.0,1.43145,0.0
2025-10-12 03:40:00-07:00,2025-10-12 10:40:00+00:00,2025-10-12 03:45:00-07:00,2025-10-12 10:45:00+00:00,REAL_TIME_5_MIN,OAKLAND_1_N001,Node,31.81403,30.60219,0.0,1.21185,0.0
2025-10-12 03:40:00-07:00,2025-10-12 10:40:00+00:00,2025-10-12 03:45:00-07:00,2025-10-12 10:45:00+00:00,REAL_TIME_5_MIN,PGSF_2_PDRP58-APND,AP Node,32.22655,30.60219,0.0,1.62436,0.0
2025-10-12 03:40:00-07:00,2025-10-12 10:40:00+00:00,2025-10-12 03:45:00-07:00,2025-10-12 10:45:00+00:00,REAL_TIME_5_MIN,SNJOSEB_1_N001,Node,32.01295,30.60219,0.0,1.41076,0.0
2025-10-12 03:45:00-07:00,2025-10-12 10:45:00+00:00,2025-10-12 03:50:00-07:00,2025-10-12 10:50:00+00:00,REAL_TIME_5_MIN,OAKLAND_1_N001,Node,31.71852,30.57207,0.0,1.14645,0.0
2025-10-12 03:45:00-07:00,2025-10-12 10:45:00+00:00,2025-10-12 03:50:00-07:00,2025-10-12 10:50:00+00:00,REAL_TIME_5_MIN,PGSF_2_PDRP58-APND,AP Node,32.13674,30.57207,0.0,1.56468,0.0
2025-10-12 03:45:00-07:00,2025-10-12 10:45:00+00:00,2025-10-12 03:50:00-07:00,2025-10-12 10:50:00+00:00,REAL_TIME_5_MIN,SNJOSEB_1_N001,Node,31.92641,30.57207,0.0,1.35434,0.0
2025-10-12 03:50:00-07:00,2025-10-12 10:50:00+00:00,2025-10-12 03:55:00-07:00,2025-10-12 10:55:00+00:00,REAL_TIME_5_MIN,OAKLAND_1_N001,Node,31.74843,30.6009,0.0,1.14753,0.0
2025-10-12 03:50:00-07:00,2025-10-12 10:50:00+00:00,2025-10-12 03:55:00-07:00,2025-10-12 10:55:00+00:00,REAL_TIME_5_MIN,PGSF_2_PDRP58-APND,AP Node,32.16705,30.6009,0.0,1.56615,0.0
2025-10-12 03:50:00-07:00,2025-10-12 10:50:00+00:00,2025-10-12 03:55:00-07:00,2025-10-12 10:55:00+00:00,REAL_TIME_5_MIN,SNJOSEB_1_N001,Node,31.95652,30.6009,0.0,1.35562,0.0
2025-10-12 03:55:00-07:00,2025-10-12 10:55:00+00:00,2025-10-12 04:00:00-07:00,2025-10-12 11:00:00+00:00,REAL_TIME_5_MIN,OAKLAND_1_N001,Node,32.3619,31.19219,0.0,1.16971,0.0
2025-10-12 03:55:00-07:00,2025-10-12 10:55:00+00:00,2025-10-12 04:00:00-07:00,2025-10-12 11:00:00+00:00,REAL_TIME_5_MIN,PGSF_2_PDRP58-APND,AP Node,32.7886,31.19219,0.0,1.59641,0.0
2025-10-12 03:55:00-07:00,2025-10-12 10:55:00+00:00,2025-10-12 04:00:00-07:00,2025-10-12 11:00:00+00:00,REAL_TIME_5_MIN,SNJOSEB_1_N001,Node,32.574,31.19219,0.0,1.38181,0.0
2025-10-12 04:00:00-07:00,2025-10-12 11:00:00+00:00,2025-10-12 04:05:00-07:00,2025-10-12 11:05:00+00:00,REAL_TIME_5_MIN,OAKLAND_1_N001,Node,32.24449,31.1571,0.0,1.08738,0.0
2025-10-12 04:00:00-07:00,2025-10-12 11:00:00+00:00,2025-10-12 04:05:00-07:00,2025-10-12 11:05:00+00:00,REAL_TIME_5_MIN,PGSF_2_PDRP58-APND,AP Node,32.69486,31.1571,0.0,1.53775,0.0
2025-10-12 04:00:00-07:00,2025-10-12 11:00:00+00:00,2025-10-12 04:05:00-07:00,2025-10-12 11:05:00+00:00,REAL_TIME_5_MIN,SNJOSEB_1_N001,Node,32.47193,31.1571,0.0,1.31483,0.0
2025-10-12 04:05:00-07:00,2025-10-12 11:05:00+00:00,2025-10-12 04:10:00-07:00,2025-10-12 11:10:00+00:00,REAL_TIME_5_MIN,OAKLAND_1_N001,Node,32.31733,31.22749,0.0,1.08984,0.0
2025-10-12 04:05:00-07:00,2025-10-12 11:05:00+00:00,2025-10-12 04:10:00-07:00,2025-10-12 11:10:00+00:00,REAL_TIME_5_MIN,PGSF_2_PDRP58-APND,AP Node,32.76871,31.22749,0.0,1.54123,0.0
2025-10-12 04:05:00-07:00,2025-10-12 11:05:00+00:00,2025-10-12 04:10:00-07:00,2025-10-12 11:10:00+00:00,REAL_TIME_5_MIN,SNJOSEB_1_N001,Node,32.54529,31.22749,0.0,1.3178,0.0
2025-10-12 04:10:00-07:00,2025-10-12 11:10:00+00:00,2025-10-12 04:15:00-07:00,2025-10-12 11:15:00+00:00,REAL_TIME_5_MIN,OAKLAND_1_N001,Node,32.40469,31.3119,0.0,1.09279,0.0
2025-10-12 04:10:00-07:00,2025-10-12 11:10:00+00:00,2025-10-12 04:15:00-07:00,2025-10-12 11:15:00+00:00,REAL_TIME_5_MIN,PGSF_2_PDRP58-APND,AP Node,32.8573,31.3119,0.0,1.54539,0.0
2025-10-12 04:10:00-07:00,2025-10-12 11:10:00+00:00,2025-10-12 04:15:00-07:00,2025-10-12 11:15:00+00:00,REAL_TIME_5_MIN,SNJOSEB_1_N001,Node,32.63327,31.3119,0.0,1.32136,0.0
2025-10-12 04:15:00-07:00,2025-10-12 11:15:00+00:00,2025-10-12 04:20:00-07:00,2025-10-12 11:20:00+00:00,REAL_TIME_5_MIN,OAKLAND_1_N001,Node,32.30838,31.13761,0.0,1.17077,0.0
2025-10-12 04:15:00-07:00,2025-10-12 11:15:00+00:00,2025-10-12 04:20:00-07:00,2025-10-12 11:20:00+00:00,REAL_TIME_5_MIN,PGSF_2_PDRP58-APND,AP Node,32.74601,31.13761,0.0,1.60841,0.0
2025-10-12 04:15:00-07:00,2025-10-12 11:15:00+00:00,2025-10-12 04:20:00-07:00,2025-10-12 11:20:00+00:00,REAL_TIME_5_MIN,SNJOSEB_1_N001,Node,32.517,31.13761,0.0,1.3794,0.0
2025-10-12 04:20:00-07:00,2025-10-12 11:20:00+00:00,2025-10-12 04:25:00-07:00,2025-10-12 11:25:00+00:00,REAL_TIME_5_MIN,OAKLAND_1_N001,Node,32.30838,31.13761,0.0,1.17077,0.0
2025-10-12 04:20:00-07:00,2025-10-12 11:20:00+00:00,2025-10-12 04:25:00-07:00,2025-10-12 11:25:00+00:00,REAL_TIME_5_MIN,PGSF_2_PDRP58-APND,AP Node,32.74601,31.13761,0.0,1.60841,0.0
2025-10-12 04:20:00-07:00,2025-10-12 11:20:00+00:00,2025-10-12 04:25:00-07:00,2025-10-12 11:25:00+00:00,REAL_TIME_5_MIN,SNJOSEB_1_N001,Node,32.517,31.13761,0.0,1.3794,0.0
2025-10-12 04:25:00-07:00,2025-10-12 11:25:00+00:00,2025-10-12 04:30:00-07:00,2025-10-12 11:30:00+00:00,REAL_TIME_5_MIN,OAKLAND_1_N001,Node,32.30838,31.13761,0.0,1.17077,0.0
2025-10-12 04:25:00-07:00,2025-10-12 11:25:00+00:00,2025-10-12 04:30:00-07:00,2025-10-12 11:30:00+00:00,REAL_TIME_5_MIN,PGSF_2_PDRP58-APND,AP Node,32.74601,31.13761,0.0,1.60841,0.0
2025-10-12 04:25:00-07:00,2025-10-12 11:25:00+00:00,2025-10-12 04:30:00-07:00,2025-10-12 11:30:00+00:00,REAL_TIME_5_MIN,SNJOSEB_1_N001,Node,32.517,31.13761,0.0,1.3794,0.0
2025-10-12 04:30:00-07:00,2025-10-12 11:30:00+00:00,2025-10-12 04:35:00-07:00,2025-10-12 11:35:00+00:00,REAL_TIME_5_MIN,OAKLAND_1_N001,Node,32.38819,31.25368,0.0,1.13451,0.0
2025-10-12 04:30:00-07:00,2025-10-12 11:30:00+00:00,2025-10-12 04:35:00-07:00,2025-10-12 11:35:00+00:00,REAL_TIME_5_MIN,PGSF_2_PDRP58-APND,AP Node,33.02085,31.25368,0.0,1.76718,0.0
2025-10-12 04:30:00-07:00,2025-10-12 11:30:00+00:00,2025-10-12 04:35:00-07:00,2025-10-12 11:35:00+00:00,REAL_TIME_5_MIN,SNJOSEB_1_N001,Node,32.63197,31.25368,0.0,1.37829,0.0
2025-10-12 04:35:00-07:00,2025-10-12 11:35:00+00:00,2025-10-12 04:40:00-07:00,2025-10-12 11:40:00+00:00,REAL_TIME_5_MIN,OAKLAND_1_N001,Node,32.38819,31.25368,0.0,1.13451,0.0
2025-10-12 04:35:00-07:00,2025-10-12 11:35:00+00:00,2025-10-12 04:40:00-07:00,2025-10-12 11:40:00+00:00,REAL_TIME_5_MIN,PGSF_2_PDRP58-APND,AP Node,33.02085,31.25368,0.0,1.76718,0.0
2025-10-12 04:35:00-07:00,2025-10-12 11:35:00+00:00,2025-10-12 04:40:00-07:00,2025-10-12 11:40:00+00:00,REAL_TIME_5_MIN,SNJOSEB_1_N001,Node,32.63197,31.25368,0.0,1.37829,0.0
2025-10-12 04:40:00-07:00,2025-10-12 11:40:00+00:00,2025-10-12 04:45:00-07:00,2025-10-12 11:45:00+00:00,REAL_TIME_5_MIN,OAKLAND_1_N001,Node,32.45294,31.31616,0.0,1.13678,0.0
2025-10-12 04:40:00-07:00,2025-10-12 11:40:00+00:00,2025-10-12 04:45:00-07:00,2025-10-12 11:45:00+00:00,REAL_TIME_5_MIN,PGSF_2_PDRP58-APND,AP Node,33.08687,31.31616,0.0,1.77071,0.0
2025-10-12 04:40:00-07:00,2025-10-12 11:40:00+00:00,2025-10-12 04:45:00-07:00,2025-10-12 11:45:00+00:00,REAL_TIME_5_MIN,SNJOSEB_1_N001,Node,32.6972,31.31616,0.0,1.38104,0.0
2025-10-12 04:45:00-07:00,2025-10-12 11:45:00+00:00,2025-10-12 04:50:00-07:00,2025-10-12 11:50:00+00:00,REAL_TIME_5_MIN,OAKLAND_1_N001,Node,32.65274,31.41197,0.0,1.24077,0.0
2025-10-12 04:45:00-07:00,2025-10-12 11:45:00+00:00,2025-10-12 04:50:00-07:00,2025-10-12 11:50:00+00:00,REAL_TIME_5_MIN,PGSF_2_PDRP58-APND,AP Node,33.07421,31.41197,0.0,1.66224,0.0
2025-10-12 04:45:00-07:00,2025-10-12 11:45:00+00:00,2025-10-12 04:50:00-07:00,2025-10-12 11:50:00+00:00,REAL_TIME_5_MIN,SNJOSEB_1_N001,Node,32.8475,31.41197,0.0,1.43553,0.0
2025-10-12 04:50:00-07:00,2025-10-12 11:50:00+00:00,2025-10-12 04:55:00-07:00,2025-10-12 11:55:00+00:00,REAL_TIME_5_MIN,OAKLAND_1_N001,Node,33.10945,31.85132,0.0,1.25813,0.0
2025-10-12 04:50:00-07:00,2025-10-12 11:50:00+00:00,2025-10-12 04:55:00-07:00,2025-10-12 11:55:00+00:00,REAL_TIME_5_MIN,PGSF_2_PDRP58-APND,AP Node,33.53681,31.85132,0.0,1.68549,0.0
2025-10-12 04:50:00-07:00,2025-10-12 11:50:00+00:00,2025-10-12 04:55:00-07:00,2025-10-12 11:55:00+00:00,REAL_TIME_5_MIN,SNJOSEB_1_N001,Node,33.30693,31.85132,0.0,1.45561,0.0
2025-10-12 04:55:00-07:00,2025-10-12 11:55:00+00:00,2025-10-12 05:00:00-07:00,2025-10-12 12:00:00+00:00,REAL_TIME_5_MIN,OAKLAND_1_N001,Node,34.3633,33.05753,0.0,1.30577,0.0
2025-10-12 04:55:00-07:00,2025-10-12 11:55:00+00:00,2025-10-12 05:00:00-07:00,2025-10-12 12:00:00+00:00,REAL_TIME_5_MIN,PGSF_2_PDRP58-APND,AP Node,34.80684,33.05753,0.0,1.74932,0.0
2025-10-12 04:55:00-07:00,2025-10-12 11:55:00+00:00,2025-10-12 05:00:00-07:00,2025-10-12 12:00:00+00:00,REAL_TIME_5_MIN,SNJOSEB_1_N001,Node,34.56825,33.05753,0.0,1.51073,0.0
2025-10-12 05:00:00-07:00,2025-10-12 12:00:00+00:00,2025-10-12 05:05:00-07:00,2025-10-12 12:05:00+00:00,REAL_TIME_5_MIN,OAKLAND_1_N001,Node,29.98352,28.74462,0.0,1.23889,0.0
2025-10-12 05:00:00-07:00,2025-10-12 12:00:00+00:00,2025-10-12 05:05:00-07:00,2025-10-12 12:05:00+00:00,REAL_TIME_5_MIN,PGSF_2_PDRP58-APND,AP Node,30.33865,28.74462,0.0,1.59403,0.0
2025-10-12 05:00:00-07:00,2025-10-12 12:00:00+00:00,2025-10-12 05:05:00-07:00,2025-10-12 12:05:00+00:00,REAL_TIME_5_MIN,SNJOSEB_1_N001,Node,30.11287,28.74462,0.0,1.36824,0.0
2025-10-12 05:05:00-07:00,2025-10-12 12:05:00+00:00,2025-10-12 05:10:00-07:00,2025-10-12 12:10:00+00:00,REAL_TIME_5_MIN,OAKLAND_1_N001,Node,31.42965,30.131,0.0,1.29865,0.0
2025-10-12 05:05:00-07:00,2025-10-12 12:05:00+00:00,2025-10-12 05:10:00-07:00,2025-10-12 12:10:00+00:00,REAL_TIME_5_MIN,PGSF_2_PDRP58-APND,AP Node,31.80191,30.131,0.0,1.67091,0.0
2025-10-12 05:05:00-07:00,2025-10-12 12:05:00+00:00,2025-10-12 05:10:00-07:00,2025-10-12 12:10:00+00:00,REAL_TIME_5_MIN,SNJOSEB_1_N001,Node,31.56524,30.131,0.0,1.43424,0.0
2025-10-12 05:10:00-07:00,2025-10-12 12:10:00+00:00,2025-10-12 05:15:00-07:00,2025-10-12 12:15:00+00:00,REAL_TIME_5_MIN,OAKLAND_1_N001,Node,32.61349,31.26592,0.0,1.34756,0.0
2025-10-12 05:10:00-07:00,2025-10-12 12:10:00+00:00,2025-10-12 05:15:00-07:00,2025-10-12 12:15:00+00:00,REAL_TIME_5_MIN,PGSF_2_PDRP58-APND,AP Node,32.99977,31.26592,0.0,1.73385,0.0
2025-10-12 05:10:00-07:00,2025-10-12 12:10:00+00:00,2025-10-12 05:15:00-07:00,2025-10-12 12:15:00+00:00,REAL_TIME_5_MIN,SNJOSEB_1_N001,Node,32.75418,31.26592,0.0,1.48826,0.0
2025-10-12 05:15:00-07:00,2025-10-12 12:15:00+00:00,2025-10-12 05:20:00-07:00,2025-10-12 12:20:00+00:00,REAL_TIME_5_MIN,OAKLAND_1_N001,Node,32.37432,31.17112,0.0,1.20321,0.0
2025-10-12 05:15:00-07:00,2025-10-12 12:15:00+00:00,2025-10-12 05:20:00-07:00,2025-10-12 12:20:00+00:00,REAL_TIME_5_MIN,PGSF_2_PDRP58-APND,AP Node,32.79256,31.17112,0.0,1.62144,0.0
2025-10-12 05:15:00-07:00,2025-10-12 12:15:00+00:00,2025-10-12 05:20:00-07:00,2025-10-12 12:20:00+00:00,REAL_TIME_5_MIN,SNJOSEB_1_N001,Node,32.56758,31.17112,0.0,1.39647,0.0
2025-10-12 05:20:00-07:00,2025-10-12 12:20:00+00:00,2025-10-12 05:25:00-07:00,2025-10-12 12:25:00+00:00,REAL_TIME_5_MIN,OAKLAND_1_N001,Node,32.62995,31.41724,0.0,1.21271,0.0
2025-10-12 05:20:00-07:00,2025-10-12 12:20:00+00:00,2025-10-12 05:25:00-07:00,2025-10-12 12:25:00+00:00,REAL_TIME_5_MIN,PGSF_2_PDRP58-APND,AP Node,33.05148,31.41724,0.0,1.63424,0.0
2025-10-12 05:20:00-07:00,2025-10-12 12:20:00+00:00,2025-10-12 05:25:00-07:00,2025-10-12 12:25:00+00:00,REAL_TIME_5_MIN,SNJOSEB_1_N001,Node,32.82474,31.41724,0.0,1.40749,0.0
2025-10-12 05:25:00-07:00,2025-10-12 12:25:00+00:00,2025-10-12 05:30:00-07:00,2025-10-12 12:30:00+00:00,REAL_TIME_5_MIN,OAKLAND_1_N001,Node,32.37432,31.17112,0.0,1.20321,0.0
2025-10-12 05:25:00-07:00,2025-10-12 12:25:00+00:00,2025-10-12 05:30:00-07:00,2025-10-12 12:30:00+00:00,REAL_TIME_5_MIN,PGSF_2_PDRP58-APND,AP Node,32.79256,31.17112,0.0,1.62144,0.0
2025-10-12 05:25:00-07:00,2025-10-12 12:25:00+00:00,2025-10-12 05:30:00-07:00,2025-10-12 12:30:00+00:00,REAL_TIME_5_MIN,SNJOSEB_1_N001,Node,32.56758,31.17112,0.0,1.39647,0.0
2025-10-12 05:30:00-07:00,2025-10-12 12:30:00+00:00,2025-10-12 05:35:00-07:00,2025-10-12 12:35:00+00:00,REAL_TIME_5_MIN,OAKLAND_1_N001,Node,32.57544,31.3376,0.0,1.23784,0.0
2025-10-12 05:30:00-07:00,2025-10-12 12:30:00+00:00,2025-10-12 05:35:00-07:00,2025-10-12 12:35:00+00:00,REAL_TIME_5_MIN,PGSF_2_PDRP58-APND,AP Node,32.98019,31.3376,0.0,1.64259,0.0
2025-10-12 05:30:00-07:00,2025-10-12 12:30:00+00:00,2025-10-12 05:35:00-07:00,2025-10-12 12:35:00+00:00,REAL_TIME_5_MIN,SNJOSEB_1_N001,Node,32.75093,31.3376,0.0,1.41333,0.0
2025-10-12 05:35:00-07:00,2025-10-12 12:35:00+00:00,2025-10-12 05:40:00-07:00,2025-10-12 12:40:00+00:00,REAL_TIME_5_MIN,OAKLAND_1_N001,Node,32.51525,31.2797,0.0,1.23555,0.0
2025-10-12 05:35:00-07:00,2025-10-12 12:35:00+00:00,2025-10-12 05:40:00-07:00,2025-10-12 12:40:00+00:00,REAL_TIME_5_MIN,PGSF_2_PDRP58-APND,AP Node,32.91925,31.2797,0.0,1.63955,0.0
2025-10-12 05:35:00-07:00,2025-10-12 12:35:00+00:00,2025-10-12 05:40:00-07:00,2025-10-12 12:40:00+00:00,REAL_TIME_5_MIN,SNJOSEB_1_N001,Node,32.69041,31.2797,0.0,1.41071,0.0
2025-10-12 05:40:00-07:00,2025-10-12 12:40:00+00:00,2025-10-12 05:45:00-07:00,2025-10-12 12:45:00+00:00,REAL_TIME_5_MIN,OAKLAND_1_N001,Node,32.66343,31.42225,0.0,1.24118,0.0
2025-10-12 05:40:00-07:00,2025-10-12 12:40:00+00:00,2025-10-12 05:45:00-07:00,2025-10-12 12:45:00+00:00,REAL_TIME_5_MIN,PGSF_2_PDRP58-APND,AP Node,33.06928,31.42225,0.0,1.64703,0.0
2025-10-12 05:40:00-07:00,2025-10-12 12:40:00+00:00,2025-10-12 05:45:00-07:00,2025-10-12 12:45:00+00:00,REAL_TIME_5_MIN,SNJOSEB_1_N001,Node,32.8394,31.42225,0.0,1.41714,0.0
2025-10-12 05:45:00-07:00,2025-10-12 12:45:00+00:00,2025-10-12 05:50:00-07:00,2025-10-12 12:50:00+00:00,REAL_TIME_5_MIN,OAKLAND_1_N001,Node,33.5004,32.35503,0.0,1.14537,0.0
2025-10-12 05:45:00-07:00,2025-10-12 12:45:00+00:00,2025-10-12 05:50:00-07:00,2025-10-12 12:50:00+00:00,REAL_TIME_5_MIN,PGSF_2_PDRP58-APND,AP Node,33.9183,32.35503,0.0,1.56326,0.0
2025-10-12 05:45:00-07:00,2025-10-12 12:45:00+00:00,2025-10-12 05:50:00-07:00,2025-10-12 12:50:00+00:00,REAL_TIME_5_MIN,SNJOSEB_1_N001,Node,33.66865,32.35503,0.0,1.31361,0.0
2025-10-12 05:50:00-07:00,2025-10-12 12:50:00+00:00,2025-10-12 05:55:00-07:00,2025-10-12 12:55:00+00:00,REAL_TIME_5_MIN,OAKLAND_1_N001,Node,34.61253,33.42914,0.0,1.18339,0.0
2025-10-12 05:50:00-07:00,2025-10-12 12:50:00+00:00,2025-10-12 05:55:00-07:00,2025-10-12 12:55:00+00:00,REAL_TIME_5_MIN,PGSF_2_PDRP58-APND,AP Node,35.0443,33.42914,0.0,1.61516,0.0
2025-10-12 05:50:00-07:00,2025-10-12 12:50:00+00:00,2025-10-12 05:55:00-07:00,2025-10-12 12:55:00+00:00,REAL_TIME_5_MIN,SNJOSEB_1_N001,Node,34.78636,33.42914,0.0,1.35722,0.0
2025-10-12 05:55:00-07:00,2025-10-12 12:55:00+00:00,2025-10-12 06:00:00-07:00,2025-10-12 13:00:00+00:00,REAL_TIME_5_MIN,OAKLAND_1_N001,Node,36.16985,34.93321,0.0,1.23664,0.0
2025-10-12 05:55:00-07:00,2025-10-12 12:55:00+00:00,2025-10-12 06:00:00-07:00,2025-10-12 13:00:00+00:00,REAL_TIME_5_MIN,PGSF_2_PDRP58-APND,AP Node,36.62104,34.93321,0.0,1.68783,0.0
2025-10-12 05:55:00-07:00,2025-10-12 12:55:00+00:00,2025-10-12 06:00:00-07:00,2025-10-12 13:00:00+00:00,REAL_TIME_5_MIN,SNJOSEB_1_N001,Node,36.3515,34.93321,0.0,1.41829,0.0
2025-10-12 06:00:00-07:00,2025-10-12 13:00:00+00:00,2025-10-12 06:05:00-07:00,2025-10-12 13:05:00+00:00,REAL_TIME_5_MIN,OAKLAND_1_N001,Node,31.27019,30.13414,0.0,1.13606,0.0
2025-10-12 06:00:00-07:00,2025-10-12 13:00:00+00:00,2025-10-12 06:05:00-07:00,2025-10-12 13:05:00+00:00,REAL_TIME_5_MIN,PGSF_2_PDRP58-APND,AP Node,31.75094,30.13414,0.0,1.6168,0.0
2025-10-12 06:00:00-07:00,2025-10-12 13:00:00+00:00,2025-10-12 06:05:00-07:00,2025-10-12 13:05:00+00:00,REAL_TIME_5_MIN,SNJOSEB_1_N001,Node,31.53537,30.13414,0.0,1.40124,0.0
2025-10-12 06:05:00-07:00,2025-10-12 13:05:00+00:00,2025-10-12 06:10:00-07:00,2025-10-12 13:10:00+00:00,REAL_TIME_5_MIN,OAKLAND_1_N001,Node,31.96989,30.80841,0.0,1.16148,0.0
2025-10-12 06:05:00-07:00,2025-10-12 13:05:00+00:00,2025-10-12 06:10:00-07:00,2025-10-12 13:10:00+00:00,REAL_TIME_5_MIN,PGSF_2_PDRP58-APND,AP Node,32.46138,30.80841,0.0,1.65298,0.0
2025-10-12 06:05:00-07:00,2025-10-12 13:05:00+00:00,2025-10-12 06:10:00-07:00,2025-10-12 13:10:00+00:00,REAL_TIME_5_MIN,SNJOSEB_1_N001,Node,32.241,30.80841,0.0,1.43259,0.0
2025-10-12 06:10:00-07:00,2025-10-12 13:10:00+00:00,2025-10-12 06:15:00-07:00,2025-10-12 13:15:00+00:00,REAL_TIME_5_MIN,OAKLAND_1_N001,Node,33.11366,31.91063,0.0,1.20303,0.0
2025-10-12 06:10:00-07:00,2025-10-12 13:10:00+00:00,2025-10-12 06:15:00-07:00,2025-10-12 13:15:00+00:00,REAL_TIME_5_MIN,PGSF_2_PDRP58-APND,AP Node,33.62274,31.91063,0.0,1.71211,0.0
2025-10-12 06:10:00-07:00,2025-10-12 13:10:00+00:00,2025-10-12 06:15:00-07:00,2025-10-12 13:15:00+00:00,REAL_TIME_5_MIN,SNJOSEB_1_N001,Node,33.39447,31.91063,0.0,1.48384,0.0
2025-10-12 06:15:00-07:00,2025-10-12 13:15:00+00:00,2025-10-12 06:20:00-07:00,2025-10-12 13:20:00+00:00,REAL_TIME_5_MIN,OAKLAND_1_N001,Node,33.08709,31.93118,0.0,1.15591,0.0
2025-10-12 06:15:00-07:00,2025-10-12 13:15:00+00:00,2025-10-12 06:20:00-07:00,2025-10-12 13:20:00+00:00,REAL_TIME_5_MIN,PGSF_2_PDRP58-APND,AP Node,33.59211,31.93118,0.0,1.66093,0.0
2025-10-12 06:15:00-07:00,2025-10-12 13:15:00+00:00,2025-10-12 06:20:00-07:00,2025-10-12 13:20:00+00:00,REAL_TIME_5_MIN,SNJOSEB_1_N001,Node,33.34892,31.93118,0.0,1.41774,0.0
2025-10-12 06:20:00-07:00,2025-10-12 13:20:00+00:00,2025-10-12 06:25:00-07:00,2025-10-12 13:25:00+00:00,REAL_TIME_5_MIN,OAKLAND_1_N001,Node,34.39651,33.19486,0.0,1.20165,0.0
2025-10-12 06:20:00-07:00,2025-10-12 13:20:00+00:00,2025-10-12 06:25:00-07:00,2025-10-12 13:25:00+00:00,REAL_TIME_5_MIN,PGSF_2_PDRP58-APND,AP Node,34.92152,33.19486,0.0,1.72666,0.0
2025-10-12 06:20:00-07:00,2025-10-12 13:20:00+00:00,2025-10-12 06:25:00-07:00,2025-10-12 13:25:00+00:00,REAL_TIME_5_MIN,SNJOSEB_1_N001,Node,34.66871,33.19486,0.0,1.47385,0.0
2025-10-12 06:25:00-07:00,2025-10-12 13:25:00+00:00,2025-10-12 06:30:00-07:00,2025-10-12 13:30:00+00:00,REAL_TIME_5_MIN,OAKLAND_1_N001,Node,37.54938,36.23758,0.0,1.3118,0.0
2025-10-12 06:25:00-07:00,2025-10-12 13:25:00+00:00,2025-10-12 06:30:00-07:00,2025-10-12 13:30:00+00:00,REAL_TIME_5_MIN,PGSF_2_PDRP58-APND,AP Node,38.12251,36.23758,0.0,1.88493,0.0
2025-10-12 06:25:00-07:00,2025-10-12 13:25:00+00:00,2025-10-12 06:30:00-07:00,2025-10-12 13:30:00+00:00,REAL_TIME_5_MIN,SNJOSEB_1_N001,Node,37.84653,36.23758,0.0,1.60895,0.0
2025-10-12 06:30:00-07:00,2025-10-12 13:30:00+00:00,2025-10-12 06:35:00-07:00,2025-10-12 13:35:00+00:00,REAL_TIME_5_MIN,OAKLAND_1_N001,Node,38.90712,37.48278,0.0,1.42435,0.0
2025-10-12 06:30:00-07:00,2025-10-12 13:30:00+00:00,2025-10-12 06:35:00-07:00,2025-10-12 13:35:00+00:00,REAL_TIME_5_MIN,PGSF_2_PDRP58-APND,AP Node,39.51349,37.48278,0.0,2.03071,0.0
2025-10-12 06:30:00-07:00,2025-10-12 13:30:00+00:00,2025-10-12 06:35:00-07:00,2025-10-12 13:35:00+00:00,REAL_TIME_5_MIN,SNJOSEB_1_N001,Node,39.22573,37.48278,0.0,1.74295,0.0
2025-10-12 06:35:00-07:00,2025-10-12 13:35:00+00:00,2025-10-12 06:40:00-07:00,2025-10-12 13:40:00+00:00,REAL_TIME_5_MIN,OAKLAND_1_N001,Node,38.90712,37.48278,0.0,1.42435,0.0
2025-10-12 06:35:00-07:00,2025-10-12 13:35:00+00:00,2025-10-12 06:40:00-07:00,2025-10-12 13:40:00+00:00,REAL_TIME_5_MIN,PGSF_2_PDRP58-APND,AP Node,39.51349,37.48278,0.0,2.03071,0.0
2025-10-12 06:35:00-07:00,2025-10-12 13:35:00+00:00,2025-10-12 06:40:00-07:00,2025-10-12 13:40:00+00:00,REAL_TIME_5_MIN,SNJOSEB_1_N001,Node,39.22573,37.48278,0.0,1.74295,0.0
2025-10-12 06:40:00-07:00,2025-10-12 13:40:00+00:00,2025-10-12 06:45:00-07:00,2025-10-12 13:45:00+00:00,REAL_TIME_5_MIN,OAKLAND_1_N001,Node,40.12439,38.65548,0.0,1.46891,0.0
2025-10-12 06:40:00-07:00,2025-10-12 13:40:00+00:00,2025-10-12 06:45:00-07:00,2025-10-12 13:45:00+00:00,REAL_TIME_5_MIN,PGSF_2_PDRP58-APND,AP Node,40.74972,38.65548,0.0,2.09424,0.0
2025-10-12 06:40:00-07:00,2025-10-12 13:40:00+00:00,2025-10-12 06:45:00-07:00,2025-10-12 13:45:00+00:00,REAL_TIME_5_MIN,SNJOSEB_1_N001,Node,40.45296,38.65548,0.0,1.79748,0.0
2025-10-12 06:45:00-07:00,2025-10-12 13:45:00+00:00,2025-10-12 06:50:00-07:00,2025-10-12 13:50:00+00:00,REAL_TIME_5_MIN,OAKLAND_1_N001,Node,43.07689,41.61214,0.0,1.46475,0.0
2025-10-12 06:45:00-07:00,2025-10-12 13:45:00+00:00,2025-10-12 06:50:00-07:00,2025-10-12 13:50:00+00:00,REAL_TIME_5_MIN,PGSF_2_PDRP58-APND,AP Node,43.73906,41.61214,0.0,2.12692,0.0
2025-10-12 06:45:00-07:00,2025-10-12 13:45:00+00:00,2025-10-12 06:50:00-07:00,2025-10-12 13:50:00+00:00,REAL_TIME_5_MIN,SNJOSEB_1_N001,Node,43.40562,41.61214,0.0,1.79348,0.0
2025-10-12 06:50:00-07:00,2025-10-12 13:50:00+00:00,2025-10-12 06:55:00-07:00,2025-10-12 13:55:00+00:00,REAL_TIME_5_MIN,OAKLAND_1_N001,Node,48.03708,46.40367,0.0,1.63341,0.0
2025-10-12 06:50:00-07:00,2025-10-12 13:50:00+00:00,2025-10-12 06:55:00-07:00,2025-10-12 13:55:00+00:00,REAL_TIME_5_MIN,PGSF_2_PDRP58-APND,AP Node,48.7755,46.40367,0.0,2.37183,0.0
2025-10-12 06:50:00-07:00,2025-10-12 13:50:00+00:00,2025-10-12 06:55:00-07:00,2025-10-12 13:55:00+00:00,REAL_TIME_5_MIN,SNJOSEB_1_N001,Node,48.40366,46.40367,0.0,2.0,0.0
2025-10-12 06:55:00-07:00,2025-10-12 13:55:00+00:00,2025-10-12 07:00:00-07:00,2025-10-12 14:00:00+00:00,REAL_TIME_5_MIN,OAKLAND_1_N001,Node,51.49538,49.74438,0.0,1.751,0.0
2025-10-12 06:55:00-07:00,2025-10-12 13:55:00+00:00,2025-10-12 07:00:00-07:00,2025-10-12 14:00:00+00:00,REAL_TIME_5_MIN,PGSF_2_PDRP58-APND,AP Node,52.28697,49.74438,0.0,2.54259,0.0
2025-10-12 06:55:00-07:00,2025-10-12 13:55:00+00:00,2025-10-12 07:00:00-07:00,2025-10-12 14:00:00+00:00,REAL_TIME_5_MIN,SNJOSEB_1_N001,Node,51.88836,49.74438,0.0,2.14398,0.0
2025-10-12 07:00:00-07:00,2025-10-12 14:00:00+00:00,2025-10-12 07:05:00-07:00,2025-10-12 14:05:00+00:00,REAL_TIME_5_MIN,OAKLAND_1_N001,Node,89.02559,86.5082,0.0,2.51739,0.0
2025-10-12 07:00:00-07:00,2025-10-12 14:00:00+00:00,2025-10-12 07:05:00-07:00,2025-10-12 14:05:00+00:00,REAL_TIME_5_MIN,PGSF_2_PDRP58-APND,AP Node,90.49437,86.5082,0.0,3.98617,0.0
2025-10-12 07:00:00-07:00,2025-10-12 14:00:00+00:00,2025-10-12 07:05:00-07:00,2025-10-12 14:05:00+00:00,REAL_TIME_5_MIN,SNJOSEB_1_N001,Node,89.79552,86.5082,0.0,3.28731,0.0
2025-10-12 07:05:00-07:00,2025-10-12 14:05:00+00:00,2025-10-12 07:10:00-07:00,2025-10-12 14:10:00+00:00,REAL_TIME_5_MIN,OAKLAND_1_N001,Node,106.3407,103.33369,0.0,3.00701,0.0
2025-10-12 07:05:00-07:00,2025-10-12 14:05:00+00:00,2025-10-12 07:10:00-07:00,2025-10-12 14:10:00+00:00,REAL_TIME_5_MIN,PGSF_2_PDRP58-APND,AP Node,108.09515,103.33369,0.0,4.76146,0.0
2025-10-12 07:05:00-07:00,2025-10-12 14:05:00+00:00,2025-10-12 07:10:00-07:00,2025-10-12 14:10:00+00:00,REAL_TIME_5_MIN,SNJOSEB_1_N001,Node,107.26037,103.33369,0.0,3.92668,0.0
2025-10-12 07:10:00-07:00,2025-10-12 14:10:00+00:00,2025-10-12 07:15:00-07:00,2025-10-12 14:15:00+00:00,REAL_TIME_5_MIN,OAKLAND_1_N001,Node,108.02442,104.9698,0.0,3.05462,0.0
2025-10-12 07:10:00-07:00,2025-10-12 14:10:00+00:00,2025-10-12 07:15:00-07:00,2025-10-12 14:15:00+00:00,REAL_TIME_5_MIN,PGSF_2_PDRP58-APND,AP Node,109.80665,104.9698,0.0,4.83685,0.0
2025-10-12 07:10:00-07:00,2025-10-12 14:10:00+00:00,2025-10-12 07:15:00-07:00,2025-10-12 14:15:00+00:00,REAL_TIME_5_MIN,SNJOSEB_1_N001,Node,108.95865,104.9698,0.0,3.98885,0.0
2025-10-12 07:15:00-07:00,2025-10-12 14:15:00+00:00,2025-10-12 07:20:00-07:00,2025-10-12 14:20:00+00:00,REAL_TIME_5_MIN,OAKLAND_1_N001,Node,102.6668,98.40583,0.0,4.26097,0.0
2025-10-12 07:15:00-07:00,2025-10-12 14:15:00+00:00,2025-10-12 07:20:00-07:00,2025-10-12 14:20:00+00:00,REAL_TIME_5_MIN,PGSF_2_PDRP58-APND,AP Node,104.33376,98.40583,0.0,5.92793,0.0
2025-10-12 07:15:00-07:00,2025-10-12 14:15:00+00:00,2025-10-12 07:20:00-07:00,2025-10-12 14:20:00+00:00,REAL_TIME_5_MIN,SNJOSEB_1_N001,Node,103.45404,98.40583,0.0,5.04822,0.0
2025-10-12 07:20:00-07:00,2025-10-12 14:20:00+00:00,2025-10-12 07:25:00-07:00,2025-10-12 14:25:00+00:00,REAL_TIME_5_MIN,OAKLAND_1_N001,Node,61.74701,59.18432,0.0,2.56268,0.0
2025-10-12 07:20:00-07:00,2025-10-12 14:20:00+00:00,2025-10-12 07:25:00-07:00,2025-10-12 14:25:00+00:00,REAL_TIME_5_MIN,PGSF_2_PDRP58-APND,AP Node,62.74957,59.18432,0.0,3.56524,0.0
2025-10-12 07:20:00-07:00,2025-10-12 14:20:00+00:00,2025-10-12 07:25:00-07:00,2025-10-12 14:25:00+00:00,REAL_TIME_5_MIN,SNJOSEB_1_N001,Node,62.22048,59.18432,0.0,3.03616,0.0
2025-10-12 07:25:00-07:00,2025-10-12 14:25:00+00:00,2025-10-12 07:30:00-07:00,2025-10-12 14:30:00+00:00,REAL_TIME_5_MIN,OAKLAND_1_N001,Node,50.86809,48.75691,0.0,2.11117,0.0
2025-10-12 07:25:00-07:00,2025-10-12 14:25:00+00:00,2025-10-12 07:30:00-07:00,2025-10-12 14:30:00+00:00,REAL_TIME_5_MIN,PGSF_2_PDRP58-APND,AP Node,51.69401,48.75691,0.0,2.9371,0.0
2025-10-12 07:25:00-07:00,2025-10-12 14:25:00+00:00,2025-10-12 07:30:00-07:00,2025-10-12 14:30:00+00:00,REAL_TIME_5_MIN,SNJOSEB_1_N001,Node,51.25814,48.75691,0.0,2.50123,0.0
2025-10-12 07:30:00-07:00,2025-10-12 14:30:00+00:00,2025-10-12 07:35:00-07:00,2025-10-12 14:35:00+00:00,REAL_TIME_5_MIN,OAKLAND_1_N001,Node,50.83319,48.48182,0.0,2.35137,0.0
2025-10-12 07:30:00-07:00,2025-10-12 14:30:00+00:00,2025-10-12 07:35:00-07:00,2025-10-12 14:35:00+00:00,REAL_TIME_5_MIN,PGSF_2_PDRP58-APND,AP Node,51.68037,48.48182,0.0,3.19855,0.0
2025-10-12 07:30:00-07:00,2025-10-12 14:30:00+00:00,2025-10-12 07:35:00-07:00,2025-10-12 14:35:00+00:00,REAL_TIME_5_MIN,SNJOSEB_1_N001,Node,51.2065,48.48182,0.0,2.72468,0.0
2025-10-12 07:35:00-07:00,2025-10-12 14:35:00+00:00,2025-10-12 07:40:00-07:00,2025-10-12 14:40:00+00:00,REAL_TIME_5_MIN,OAKLAND_1_N001,Node,43.20455,41.20606,0.0,1.99849,0.0
2025-10-12 07:35:00-07:00,2025-10-12 14:35:00+00:00,2025-10-12 07:40:00-07:00,2025-10-12 14:40:00+00:00,REAL_TIME_5_MIN,PGSF_2_PDRP58-APND,AP Node,43.9246,41.20606,0.0,2.71854,0.0
2025-10-12 07:35:00-07:00,2025-10-12 14:35:00+00:00,2025-10-12 07:40:00-07:00,2025-10-12 14:40:00+00:00,REAL_TIME_5_MIN,SNJOSEB_1_N001,Node,43.52184,41.20606,0.0,2.31578,0.0
2025-10-12 07:40:00-07:00,2025-10-12 14:40:00+00:00,2025-10-12 07:45:00-07:00,2025-10-12 14:45:00+00:00,REAL_TIME_5_MIN,OAKLAND_1_N001,Node,37.33538,34.89244,0.75066,1.69228,0.0
2025-10-12 07:40:00-07:00,2025-10-12 14:40:00+00:00,2025-10-12 07:45:00-07:00,2025-10-12 14:45:00+00:00,REAL_TIME_5_MIN,PGSF_2_PDRP58-APND,AP Node,37.95989,34.89244,0.76545,2.302,0.0
2025-10-12 07:40:00-07:00,2025-10-12 14:40:00+00:00,2025-10-12 07:45:00-07:00,2025-10-12 14:45:00+00:00,REAL_TIME_5_MIN,SNJOSEB_1_N001,Node,37.62624,34.89244,0.77285,1.96095,0.0
2025-10-12 07:45:00-07:00,2025-10-12 14:45:00+00:00,2025-10-12 07:50:00-07:00,2025-10-12 14:50:00+00:00,REAL_TIME_5_MIN,OAKLAND_1_N001,Node,37.2327,32.28669,3.17025,1.77577,0.0
2025-10-12 07:45:00-07:00,2025-10-12 14:45:00+00:00,2025-10-12 07:50:00-07:00,2025-10-12 14:50:00+00:00,REAL_TIME_5_MIN,PGSF_2_PDRP58-APND,AP Node,37.82139,32.28669,3.22294,2.31175,0.0
2025-10-12 07:45:00-07:00,2025-10-12 14:45:00+00:00,2025-10-12 07:50:00-07:00,2025-10-12 14:50:00+00:00,REAL_TIME_5_MIN,SNJOSEB_1_N001,Node,37.50451,32.28669,3.24833,1.96949,0.0
2025-10-12 07:50:00-07:00,2025-10-12 14:50:00+00:00,2025-10-12 07:55:00-07:00,2025-10-12 14:55:00+00:00,REAL_TIME_5_MIN,OAKLAND_1_N001,Node,34.29123,28.89345,3.80863,1.58914,0.0
2025-10-12 07:50:00-07:00,2025-10-12 14:50:00+00:00,2025-10-12 07:55:00-07:00,2025-10-12 14:55:00+00:00,REAL_TIME_5_MIN,PGSF_2_PDRP58-APND,AP Node,34.82246,28.89345,3.86021,2.06879,0.0
2025-10-12 07:50:00-07:00,2025-10-12 14:50:00+00:00,2025-10-12 07:55:00-07:00,2025-10-12 14:55:00+00:00,REAL_TIME_5_MIN,SNJOSEB_1_N001,Node,34.54713,28.89345,3.89117,1.7625,0.0
2025-10-12 07:55:00-07:00,2025-10-12 14:55:00+00:00,2025-10-12 08:00:00-07:00,2025-10-12 15:00:00+00:00,REAL_TIME_5_MIN,OAKLAND_1_N001,Node,33.48871,28.97781,2.91711,1.59378,0.0
2025-10-12 07:55:00-07:00,2025-10-12 14:55:00+00:00,2025-10-12 08:00:00-07:00,2025-10-12 15:00:00+00:00,REAL_TIME_5_MIN,PGSF_2_PDRP58-APND,AP Node,34.00927,28.97781,2.95662,2.07483,0.0
2025-10-12 07:55:00-07:00,2025-10-12 14:55:00+00:00,2025-10-12 08:00:00-07:00,2025-10-12 15:00:00+00:00,REAL_TIME_5_MIN,SNJOSEB_1_N001,Node,33.72579,28.97781,2.98033,1.76765,0.0
2025-10-12 08:00:00-07:00,2025-10-12 15:00:00+00:00,2025-10-12 08:05:00-07:00,2025-10-12 15:05:00+00:00,REAL_TIME_5_MIN,OAKLAND_1_N001,Node,38.30311,36.14865,0.0,2.15446,0.0
2025-10-12 08:00:00-07:00,2025-10-12 15:00:00+00:00,2025-10-12 08:05:00-07:00,2025-10-12 15:05:00+00:00,REAL_TIME_5_MIN,PGSF_2_PDRP58-APND,AP Node,38.93246,36.14865,0.0,2.78382,0.0
2025-10-12 08:00:00-07:00,2025-10-12 15:00:00+00:00,2025-10-12 08:05:00-07:00,2025-10-12 15:05:00+00:00,REAL_TIME_5_MIN,SNJOSEB_1_N001,Node,38.50193,36.14865,0.0,2.35328,0.0
2025-10-12 08:05:00-07:00,2025-10-12 15:05:00+00:00,2025-10-12 08:10:00-07:00,2025-10-12 15:10:00+00:00,REAL_TIME_5_MIN,OAKLAND_1_N001,Node,38.30311,36.14865,0.0,2.15446,0.0
2025-10-12 08:05:00-07:00,2025-10-12 15:05:00+00:00,2025-10-12 08:10:00-07:00,2025-10-12 15:10:00+00:00,REAL_TIME_5_MIN,PGSF_2_PDRP58-APND,AP Node,38.93246,36.14865,0.0,2.78382,0.0
2025-10-12 08:05:00-07:00,2025-10-12 15:05:00+00:00,2025-10-12 08:10:00-07:00,2025-10-12 15:10:00+00:00,REAL_TIME_5_MIN,SNJOSEB_1_N001,Node,38.50193,36.14865,0.0,2.35328,0.0
2025-10-12 08:10:00-07:00,2025-10-12 15:10:00+00:00,2025-10-12 08:15:00-07:00,2025-10-12 15:15:00+00:00,REAL_TIME_5_MIN,OAKLAND_1_N001,Node,35.8983,33.87911,0.0,2.01919,0.0
2025-10-12 08:10:00-07:00,2025-10-12 15:10:00+00:00,2025-10-12 08:15:00-07:00,2025-10-12 15:15:00+00:00,REAL_TIME_5_MIN,PGSF_2_PDRP58-APND,AP Node,36.48814,33.87911,0.0,2.60904,0.0
2025-10-12 08:10:00-07:00,2025-10-12 15:10:00+00:00,2025-10-12 08:15:00-07:00,2025-10-12 15:15:00+00:00,REAL_TIME_5_MIN,SNJOSEB_1_N001,Node,36.08463,33.87911,0.0,2.20553,0.0
2025-10-12 08:15:00-07:00,2025-10-12 15:15:00+00:00,2025-10-12 08:20:00-07:00,2025-10-12 15:20:00+00:00,REAL_TIME_5_MIN,OAKLAND_1_N001,Node,34.2287,23.90186,8.76366,1.56318,0.0
2025-10-12 08:15:00-07:00,2025-10-12 15:15:00+00:00,2025-10-12 08:20:00-07:00,2025-10-12 15:20:00+00:00,REAL_TIME_5_MIN,PGSF_2_PDRP58-APND,AP Node,34.75894,23.90186,8.90016,1.95691,0.0
2025-10-12 08:15:00-07:00,2025-10-12 15:15:00+00:00,2025-10-12 08:20:00-07:00,2025-10-12 15:20:00+00:00,REAL_TIME_5_MIN,SNJOSEB_1_N001,Node,34.52121,23.90186,8.98207,1.63728,0.0
2025-10-12 08:20:00-07:00,2025-10-12 15:20:00+00:00,2025-10-12 08:25:00-07:00,2025-10-12 15:25:00+00:00,REAL_TIME_5_MIN,OAKLAND_1_N001,Node,34.35236,23.50748,9.30749,1.53739,0.0
2025-10-12 08:20:00-07:00,2025-10-12 15:20:00+00:00,2025-10-12 08:25:00-07:00,2025-10-12 15:25:00+00:00,REAL_TIME_5_MIN,PGSF_2_PDRP58-APND,AP Node,34.88457,23.50748,9.45247,1.92462,0.0
2025-10-12 08:20:00-07:00,2025-10-12 15:20:00+00:00,2025-10-12 08:25:00-07:00,2025-10-12 15:25:00+00:00,REAL_TIME_5_MIN,SNJOSEB_1_N001,Node,34.65719,23.50748,9.53946,1.61026,0.0
2025-10-12 08:25:00-07:00,2025-10-12 15:25:00+00:00,2025-10-12 08:30:00-07:00,2025-10-12 15:30:00+00:00,REAL_TIME_5_MIN,OAKLAND_1_N001,Node,33.95976,21.67071,10.87179,1.41726,0.0
2025-10-12 08:25:00-07:00,2025-10-12 15:25:00+00:00,2025-10-12 08:30:00-07:00,2025-10-12 15:30:00+00:00,REAL_TIME_5_MIN,PGSF_2_PDRP58-APND,AP Node,34.48608,21.67071,11.04113,1.77424,0.0
2025-10-12 08:25:00-07:00,2025-10-12 15:25:00+00:00,2025-10-12 08:30:00-07:00,2025-10-12 15:30:00+00:00,REAL_TIME_5_MIN,SNJOSEB_1_N001,Node,34.29789,21.67071,11.14274,1.48444,0.0
2025-10-12 08:30:00-07:00,2025-10-12 15:30:00+00:00,2025-10-12 08:35:00-07:00,2025-10-12 15:35:00+00:00,REAL_TIME_5_MIN,OAKLAND_1_N001,Node,38.23899,20.62759,16.2046,1.4068,0.0
2025-10-12 08:30:00-07:00,2025-10-12 15:30:00+00:00,2025-10-12 08:35:00-07:00,2025-10-12 15:35:00+00:00,REAL_TIME_5_MIN,PGSF_2_PDRP58-APND,AP Node,41.63414,20.62759,19.56317,1.44338,0.0
2025-10-12 08:30:00-07:00,2025-10-12 15:30:00+00:00,2025-10-12 08:35:00-07:00,2025-10-12 15:35:00+00:00,REAL_TIME_5_MIN,SNJOSEB_1_N001,Node,45.53777,20.62759,23.54463,1.36555,0.0
2025-10-12 08:35:00-07:00,2025-10-12 15:35:00+00:00,2025-10-12 08:40:00-07:00,2025-10-12 15:40:00+00:00,REAL_TIME_5_MIN,OAKLAND_1_N001,Node,37.42606,17.89531,18.3103,1.22046,0.0
2025-10-12 08:35:00-07:00,2025-10-12 15:35:00+00:00,2025-10-12 08:40:00-07:00,2025-10-12 15:40:00+00:00,REAL_TIME_5_MIN,PGSF_2_PDRP58-APND,AP Node,43.07668,17.89531,23.92918,1.25219,0.0
2025-10-12 08:35:00-07:00,2025-10-12 15:35:00+00:00,2025-10-12 08:40:00-07:00,2025-10-12 15:40:00+00:00,REAL_TIME_5_MIN,SNJOSEB_1_N001,Node,49.7572,17.89531,30.67722,1.18467,0.0
2025-10-12 08:40:00-07:00,2025-10-12 15:40:00+00:00,2025-10-12 08:45:00-07:00,2025-10-12 15:45:00+00:00,REAL_TIME_5_MIN,OAKLAND_1_N001,Node,36.47958,16.49518,18.85942,1.12497,0.0
2025-10-12 08:40:00-07:00,2025-10-12 15:40:00+00:00,2025-10-12 08:45:00-07:00,2025-10-12 15:45:00+00:00,REAL_TIME_5_MIN,PGSF_2_PDRP58-APND,AP Node,42.9507,16.49518,25.30129,1.15422,0.0
2025-10-12 08:40:00-07:00,2025-10-12 15:40:00+00:00,2025-10-12 08:45:00-07:00,2025-10-12 15:45:00+00:00,REAL_TIME_5_MIN,SNJOSEB_1_N001,Node,50.64598,16.49518,33.05882,1.09198,0.0
2025-10-12 08:45:00-07:00,2025-10-12 15:45:00+00:00,2025-10-12 08:50:00-07:00,2025-10-12 15:50:00+00:00,REAL_TIME_5_MIN,OAKLAND_1_N001,Node,25.91814,12.1544,12.97492,0.78882,0.0
2025-10-12 08:45:00-07:00,2025-10-12 15:45:00+00:00,2025-10-12 08:50:00-07:00,2025-10-12 15:50:00+00:00,REAL_TIME_5_MIN,PGSF_2_PDRP58-APND,AP Node,31.30922,12.1544,18.33153,0.82329,0.0
2025-10-12 08:45:00-07:00,2025-10-12 15:45:00+00:00,2025-10-12 08:50:00-07:00,2025-10-12 15:50:00+00:00,REAL_TIME_5_MIN,SNJOSEB_1_N001,Node,37.75216,12.1544,24.80894,0.78882,0.0
2025-10-12 08:50:00-07:00,2025-10-12 15:50:00+00:00,2025-10-12 08:55:00-07:00,2025-10-12 15:55:00+00:00,REAL_TIME_5_MIN,OAKLAND_1_N001,Node,29.29374,11.93814,16.58081,0.77479,0.0
2025-10-12 08:50:00-07:00,2025-10-12 15:50:00+00:00,2025-10-12 08:55:00-07:00,2025-10-12 15:55:00+00:00,REAL_TIME_5_MIN,PGSF_2_PDRP58-APND,AP Node,35.15463,11.93814,22.40785,0.80864,0.0
2025-10-12 08:50:00-07:00,2025-10-12 15:50:00+00:00,2025-10-12 08:55:00-07:00,2025-10-12 15:55:00+00:00,REAL_TIME_5_MIN,SNJOSEB_1_N001,Node,42.14264,11.93814,29.42971,0.77479,0.0
2025-10-12 08:55:00-07:00,2025-10-12 15:55:00+00:00,2025-10-12 09:00:00-07:00,2025-10-12 16:00:00+00:00,REAL_TIME_5_MIN,OAKLAND_1_N001,Node,25.65787,9.29438,15.76028,0.60321,0.0
2025-10-12 08:55:00-07:00,2025-10-12 15:55:00+00:00,2025-10-12 09:00:00-07:00,2025-10-12 16:00:00+00:00,REAL_TIME_5_MIN,PGSF_2_PDRP58-APND,AP Node,31.10224,9.29438,21.1783,0.62956,0.0
2025-10-12 08:55:00-07:00,2025-10-12 15:55:00+00:00,2025-10-12 09:00:00-07:00,2025-10-12 16:00:00+00:00,REAL_TIME_5_MIN,SNJOSEB_1_N001,Node,37.60145,9.29438,27.70387,0.60321,0.0
2025-10-12 09:00:00-07:00,2025-10-12 16:00:00+00:00,2025-10-12 09:05:00-07:00,2025-10-12 16:05:00+00:00,REAL_TIME_5_MIN,OAKLAND_1_N001,Node,26.70246,14.76467,10.98547,0.95232,0.0
2025-10-12 09:00:00-07:00,2025-10-12 16:00:00+00:00,2025-10-12 09:05:00-07:00,2025-10-12 16:05:00+00:00,REAL_TIME_5_MIN,PGSF_2_PDRP58-APND,AP Node,32.15068,14.76467,16.36323,1.02278,0.0
2025-10-12 09:00:00-07:00,2025-10-12 16:00:00+00:00,2025-10-12 09:05:00-07:00,2025-10-12 16:05:00+00:00,REAL_TIME_5_MIN,SNJOSEB_1_N001,Node,38.63292,14.76467,22.88639,0.98185,0.0
2025-10-12 09:05:00-07:00,2025-10-12 16:05:00+00:00,2025-10-12 09:10:00-07:00,2025-10-12 16:10:00+00:00,REAL_TIME_5_MIN,OAKLAND_1_N001,Node,27.8222,14.98735,11.86816,0.96668,0.0
2025-10-12 09:05:00-07:00,2025-10-12 16:05:00+00:00,2025-10-12 09:10:00-07:00,2025-10-12 16:10:00+00:00,REAL_TIME_5_MIN,PGSF_2_PDRP58-APND,AP Node,33.45665,14.98735,17.4311,1.0382,0.0
2025-10-12 09:05:00-07:00,2025-10-12 16:05:00+00:00,2025-10-12 09:10:00-07:00,2025-10-12 16:10:00+00:00,REAL_TIME_5_MIN,SNJOSEB_1_N001,Node,40.15789,14.98735,24.17388,0.99666,0.0
2025-10-12 09:10:00-07:00,2025-10-12 16:10:00+00:00,2025-10-12 09:15:00-07:00,2025-10-12 16:15:00+00:00,REAL_TIME_5_MIN,OAKLAND_1_N001,Node,28.41884,15.18906,12.25008,0.97969,0.0
2025-10-12 09:10:00-07:00,2025-10-12 16:10:00+00:00,2025-10-12 09:15:00-07:00,2025-10-12 16:15:00+00:00,REAL_TIME_5_MIN,PGSF_2_PDRP58-APND,AP Node,34.12695,15.18906,17.88572,1.05217,0.0
2025-10-12 09:10:00-07:00,2025-10-12 16:10:00+00:00,2025-10-12 09:15:00-07:00,2025-10-12 16:15:00+00:00,REAL_TIME_5_MIN,SNJOSEB_1_N001,Node,40.91351,15.18906,24.71438,1.01007,0.0
2025-10-12 09:15:00-07:00,2025-10-12 16:15:00+00:00,2025-10-12 09:20:00-07:00,2025-10-12 16:20:00+00:00,REAL_TIME_5_MIN,OAKLAND_1_N001,Node,23.5182,11.83496,10.91396,0.76927,0.0
2025-10-12 09:15:00-07:00,2025-10-12 16:15:00+00:00,2025-10-12 09:20:00-07:00,2025-10-12 16:20:00+00:00,REAL_TIME_5_MIN,PGSF_2_PDRP58-APND,AP Node,28.9158,11.83496,16.25672,0.82412,0.0
2025-10-12 09:15:00-07:00,2025-10-12 16:15:00+00:00,2025-10-12 09:20:00-07:00,2025-10-12 16:20:00+00:00,REAL_TIME_5_MIN,SNJOSEB_1_N001,Node,35.35585,11.83496,22.73742,0.78347,0.0
2025-10-12 09:20:00-07:00,2025-10-12 16:20:00+00:00,2025-10-12 09:25:00-07:00,2025-10-12 16:25:00+00:00,REAL_TIME_5_MIN,OAKLAND_1_N001,Node,20.39633,9.42691,10.35667,0.61275,0.0
2025-10-12 09:20:00-07:00,2025-10-12 16:20:00+00:00,2025-10-12 09:25:00-07:00,2025-10-12 16:25:00+00:00,REAL_TIME_5_MIN,PGSF_2_PDRP58-APND,AP Node,25.50996,9.42691,15.42661,0.65644,0.0
2025-10-12 09:20:00-07:00,2025-10-12 16:20:00+00:00,2025-10-12 09:25:00-07:00,2025-10-12 16:25:00+00:00,REAL_TIME_5_MIN,SNJOSEB_1_N001,Node,31.62737,9.42691,21.5764,0.62406,0.0
2025-10-12 09:25:00-07:00,2025-10-12 16:25:00+00:00,2025-10-12 09:30:00-07:00,2025-10-12 16:30:00+00:00,REAL_TIME_5_MIN,OAKLAND_1_N001,Node,18.69314,8.12786,10.03697,0.52831,0.0
2025-10-12 09:25:00-07:00,2025-10-12 16:25:00+00:00,2025-10-12 09:30:00-07:00,2025-10-12 16:30:00+00:00,REAL_TIME_5_MIN,PGSF_2_PDRP58-APND,AP Node,23.64425,8.12786,14.95041,0.56598,0.0
2025-10-12 09:25:00-07:00,2025-10-12 16:25:00+00:00,2025-10-12 09:30:00-07:00,2025-10-12 16:30:00+00:00,REAL_TIME_5_MIN,SNJOSEB_1_N001,Node,29.57628,8.12786,20.91035,0.53806,0.0
2025-10-12 09:30:00-07:00,2025-10-12 16:30:00+00:00,2025-10-12 09:35:00-07:00,2025-10-12 16:35:00+00:00,REAL_TIME_5_MIN,OAKLAND_1_N001,Node,17.79193,7.77888,9.49186,0.52119,0.0
2025-10-12 09:30:00-07:00,2025-10-12 16:30:00+00:00,2025-10-12 09:35:00-07:00,2025-10-12 16:35:00+00:00,REAL_TIME_5_MIN,PGSF_2_PDRP58-APND,AP Node,22.46649,7.77888,14.13845,0.54915,0.0
2025-10-12 09:30:00-07:00,2025-10-12 16:30:00+00:00,2025-10-12 09:35:00-07:00,2025-10-12 16:35:00+00:00,REAL_TIME_5_MIN,SNJOSEB_1_N001,Node,27.6754,7.77888,19.37922,0.5173,0.0
2025-10-12 09:35:00-07:00,2025-10-12 16:35:00+00:00,2025-10-12 09:40:00-07:00,2025-10-12 16:40:00+00:00,REAL_TIME_5_MIN,OAKLAND_1_N001,Node,22.61914,11.10795,10.76696,0.74423,0.0
2025-10-12 09:35:00-07:00,2025-10-12 16:35:00+00:00,2025-10-12 09:40:00-07:00,2025-10-12 16:40:00+00:00,REAL_TIME_5_MIN,PGSF_2_PDRP58-APND,AP Node,27.92986,11.10795,16.03775,0.78417,0.0
2025-10-12 09:35:00-07:00,2025-10-12 16:35:00+00:00,2025-10-12 09:40:00-07:00,2025-10-12 16:40:00+00:00,REAL_TIME_5_MIN,SNJOSEB_1_N001,Node,33.82916,11.10795,21.98253,0.73868,0.0
2025-10-12 09:40:00-07:00,2025-10-12 16:40:00+00:00,2025-10-12 09:45:00-07:00,2025-10-12 16:45:00+00:00,REAL_TIME_5_MIN,OAKLAND_1_N001,Node,22.04531,10.67385,10.65631,0.71515,0.0
2025-10-12 09:40:00-07:00,2025-10-12 16:40:00+00:00,2025-10-12 09:45:00-07:00,2025-10-12 16:45:00+00:00,REAL_TIME_5_MIN,PGSF_2_PDRP58-APND,AP Node,27.30031,10.67385,15.87294,0.75353,0.0
2025-10-12 09:40:00-07:00,2025-10-12 16:40:00+00:00,2025-10-12 09:45:00-07:00,2025-10-12 16:45:00+00:00,REAL_TIME_5_MIN,SNJOSEB_1_N001,Node,33.14029,10.67385,21.75663,0.70981,0.0
2025-10-12 09:45:00-07:00,2025-10-12 16:45:00+00:00,2025-10-12 09:50:00-07:00,2025-10-12 16:50:00+00:00,REAL_TIME_5_MIN,OAKLAND_1_N001,Node,16.55303,6.88542,9.22901,0.4386,0.0
2025-10-12 09:45:00-07:00,2025-10-12 16:45:00+00:00,2025-10-12 09:50:00-07:00,2025-10-12 16:50:00+00:00,REAL_TIME_5_MIN,PGSF_2_PDRP58-APND,AP Node,21.09501,6.88542,13.74693,0.46267,0.0
2025-10-12 09:45:00-07:00,2025-10-12 16:45:00+00:00,2025-10-12 09:50:00-07:00,2025-10-12 16:50:00+00:00,REAL_TIME_5_MIN,SNJOSEB_1_N001,Node,26.15901,6.88542,18.84257,0.43103,0.0
2025-10-12 09:50:00-07:00,2025-10-12 16:50:00+00:00,2025-10-12 09:55:00-07:00,2025-10-12 16:55:00+00:00,REAL_TIME_5_MIN,OAKLAND_1_N001,Node,16.47965,6.84661,9.1969,0.43613,0.0
2025-10-12 09:50:00-07:00,2025-10-12 16:50:00+00:00,2025-10-12 09:55:00-07:00,2025-10-12 16:55:00+00:00,REAL_TIME_5_MIN,PGSF_2_PDRP58-APND,AP Node,21.00578,6.84661,13.6991,0.46006,0.0
2025-10-12 09:50:00-07:00,2025-10-12 16:50:00+00:00,2025-10-12 09:55:00-07:00,2025-10-12 16:55:00+00:00,REAL_TIME_5_MIN,SNJOSEB_1_N001,Node,26.05222,6.84661,18.77701,0.4286,0.0
2025-10-12 09:55:00-07:00,2025-10-12 16:55:00+00:00,2025-10-12 10:00:00-07:00,2025-10-12 17:00:00+00:00,REAL_TIME_5_MIN,OAKLAND_1_N001,Node,15.43789,6.02982,9.02397,0.3841,0.0
2025-10-12 09:55:00-07:00,2025-10-12 16:55:00+00:00,2025-10-12 10:00:00-07:00,2025-10-12 17:00:00+00:00,REAL_TIME_5_MIN,PGSF_2_PDRP58-APND,AP Node,19.87651,6.02982,13.44151,0.40518,0.0
2025-10-12 09:55:00-07:00,2025-10-12 16:55:00+00:00,2025-10-12 10:00:00-07:00,2025-10-12 17:00:00+00:00,REAL_TIME_5_MIN,SNJOSEB_1_N001,Node,24.83122,6.02982,18.42394,0.37747,0.0
2025-10-12 10:00:00-07:00,2025-10-12 17:00:00+00:00,2025-10-12 10:05:00-07:00,2025-10-12 17:05:00+00:00,REAL_TIME_5_MIN,OAKLAND_1_N001,Node,22.62736,13.25191,8.43457,0.94089,0.0
2025-10-12 10:00:00-07:00,2025-10-12 17:00:00+00:00,2025-10-12 10:05:00-07:00,2025-10-12 17:05:00+00:00,REAL_TIME_5_MIN,PGSF_2_PDRP58-APND,AP Node,26.7007,13.25191,12.43199,1.0168,0.0
2025-10-12 10:00:00-07:00,2025-10-12 17:00:00+00:00,2025-10-12 10:05:00-07:00,2025-10-12 17:05:00+00:00,REAL_TIME_5_MIN,SNJOSEB_1_N001,Node,31.42264,13.25191,17.22057,0.95016,0.0
2025-10-12 10:05:00-07:00,2025-10-12 17:05:00+00:00,2025-10-12 10:10:00-07:00,2025-10-12 17:10:00+00:00,REAL_TIME_5_MIN,OAKLAND_1_N001,Node,24.30397,14.33212,8.95427,1.01758,0.0
2025-10-12 10:05:00-07:00,2025-10-12 17:05:00+00:00,2025-10-12 10:10:00-07:00,2025-10-12 17:10:00+00:00,REAL_TIME_5_MIN,PGSF_2_PDRP58-APND,AP Node,28.62981,14.33212,13.198,1.09968,0.0
2025-10-12 10:05:00-07:00,2025-10-12 17:05:00+00:00,2025-10-12 10:10:00-07:00,2025-10-12 17:10:00+00:00,REAL_TIME_5_MIN,SNJOSEB_1_N001,Node,33.64137,14.33212,18.28164,1.02761,0.0
2025-10-12 10:10:00-07:00,2025-10-12 17:10:00+00:00,2025-10-12 10:15:00-07:00,2025-10-12 17:15:00+00:00,REAL_TIME_5_MIN,OAKLAND_1_N001,Node,24.26404,13.3653,9.9498,0.94894,0.0
2025-10-12 10:10:00-07:00,2025-10-12 17:10:00+00:00,2025-10-12 10:15:00-07:00,2025-10-12 17:15:00+00:00,REAL_TIME_5_MIN,PGSF_2_PDRP58-APND,AP Node,29.05615,13.3653,14.66534,1.0255,0.0
2025-10-12 10:10:00-07:00,2025-10-12 17:10:00+00:00,2025-10-12 10:15:00-07:00,2025-10-12 17:15:00+00:00,REAL_TIME_5_MIN,SNJOSEB_1_N001,Node,34.63777,13.3653,20.31417,0.95829,0.0
2025-10-12 10:15:00-07:00,2025-10-12 17:15:00+00:00,2025-10-12 10:20:00-07:00,2025-10-12 17:20:00+00:00,REAL_TIME_5_MIN,OAKLAND_1_N001,Node,15.54293,9.44363,5.5204,0.57889,0.0
2025-10-12 10:15:00-07:00,2025-10-12 17:15:00+00:00,2025-10-12 10:20:00-07:00,2025-10-12 17:20:00+00:00,REAL_TIME_5_MIN,PGSF_2_PDRP58-APND,AP Node,18.30951,9.44363,8.22283,0.64304,0.0
2025-10-12 10:15:00-07:00,2025-10-12 17:15:00+00:00,2025-10-12 10:20:00-07:00,2025-10-12 17:20:00+00:00,REAL_TIME_5_MIN,SNJOSEB_1_N001,Node,21.31319,9.44363,11.27083,0.59873,0.0
2025-10-12 10:20:00-07:00,2025-10-12 17:20:00+00:00,2025-10-12 10:25:00-07:00,2025-10-12 17:25:00+00:00,REAL_TIME_5_MIN,OAKLAND_1_N001,Node,7.41013,4.32187,2.82333,0.26493,0.0
2025-10-12 10:20:00-07:00,2025-10-12 17:20:00+00:00,2025-10-12 10:25:00-07:00,2025-10-12 17:25:00+00:00,REAL_TIME_5_MIN,PGSF_2_PDRP58-APND,AP Node,8.8216,4.32187,4.20544,0.29429,0.0
2025-10-12 10:20:00-07:00,2025-10-12 17:20:00+00:00,2025-10-12 10:25:00-07:00,2025-10-12 17:25:00+00:00,REAL_TIME_5_MIN,SNJOSEB_1_N001,Node,10.36017,4.32187,5.76429,0.27401,0.0
2025-10-12 10:25:00-07:00,2025-10-12 17:25:00+00:00,2025-10-12 10:30:00-07:00,2025-10-12 17:30:00+00:00,REAL_TIME_5_MIN,OAKLAND_1_N001,Node,5.7821,2.98113,2.61822,0.18274,0.0
2025-10-12 10:25:00-07:00,2025-10-12 17:25:00+00:00,2025-10-12 10:30:00-07:00,2025-10-12 17:30:00+00:00,REAL_TIME_5_MIN,PGSF_2_PDRP58-APND,AP Node,7.08406,2.98113,3.89993,0.20299,0.0
2025-10-12 10:25:00-07:00,2025-10-12 17:25:00+00:00,2025-10-12 10:30:00-07:00,2025-10-12 17:30:00+00:00,REAL_TIME_5_MIN,SNJOSEB_1_N001,Node,8.51567,2.98113,5.34553,0.189,0.0
2025-10-12 10:30:00-07:00,2025-10-12 17:30:00+00:00,2025-10-12 10:35:00-07:00,2025-10-12 17:35:00+00:00,REAL_TIME_5_MIN,OAKLAND_1_N001,Node,6.75003,4.35355,2.16182,0.23466,0.0
2025-10-12 10:30:00-07:00,2025-10-12 17:30:00+00:00,2025-10-12 10:35:00-07:00,2025-10-12 17:35:00+00:00,REAL_TIME_5_MIN,PGSF_2_PDRP58-APND,AP Node,7.85617,4.35355,3.2201,0.28252,0.0
2025-10-12 10:30:00-07:00,2025-10-12 17:30:00+00:00,2025-10-12 10:35:00-07:00,2025-10-12 17:35:00+00:00,REAL_TIME_5_MIN,SNJOSEB_1_N001,Node,9.00628,4.35355,4.41371,0.23901,0.0
2025-10-12 10:35:00-07:00,2025-10-12 17:35:00+00:00,2025-10-12 10:40:00-07:00,2025-10-12 17:40:00+00:00,REAL_TIME_5_MIN,OAKLAND_1_N001,Node,7.23522,4.73177,2.24841,0.25504,0.0
2025-10-12 10:35:00-07:00,2025-10-12 17:35:00+00:00,2025-10-12 10:40:00-07:00,2025-10-12 17:40:00+00:00,REAL_TIME_5_MIN,PGSF_2_PDRP58-APND,AP Node,8.38791,4.73177,3.34909,0.30706,0.0
2025-10-12 10:35:00-07:00,2025-10-12 17:35:00+00:00,2025-10-12 10:40:00-07:00,2025-10-12 17:40:00+00:00,REAL_TIME_5_MIN,SNJOSEB_1_N001,Node,9.58205,4.73177,4.59051,0.25977,0.0
2025-10-12 10:40:00-07:00,2025-10-12 17:40:00+00:00,2025-10-12 10:45:00-07:00,2025-10-12 17:45:00+00:00,REAL_TIME_5_MIN,OAKLAND_1_N001,Node,5.63647,3.48552,1.96308,0.18787,0.0
2025-10-12 10:40:00-07:00,2025-10-12 17:40:00+00:00,2025-10-12 10:45:00-07:00,2025-10-12 17:45:00+00:00,REAL_TIME_5_MIN,PGSF_2_PDRP58-APND,AP Node,6.63578,3.48552,2.92407,0.22619,0.0
2025-10-12 10:40:00-07:00,2025-10-12 17:40:00+00:00,2025-10-12 10:45:00-07:00,2025-10-12 17:45:00+00:00,REAL_TIME_5_MIN,SNJOSEB_1_N001,Node,7.68483,3.48552,4.00795,0.19136,0.0
2025-10-12 10:45:00-07:00,2025-10-12 17:45:00+00:00,2025-10-12 10:50:00-07:00,2025-10-12 17:50:00+00:00,REAL_TIME_5_MIN,OAKLAND_1_N001,Node,6.25998,3.98113,2.08098,0.19786,0.0
2025-10-12 10:45:00-07:00,2025-10-12 17:45:00+00:00,2025-10-12 10:50:00-07:00,2025-10-12 17:50:00+00:00,REAL_TIME_5_MIN,PGSF_2_PDRP58-APND,AP Node,7.35082,3.98113,3.0997,0.27,0.0
2025-10-12 10:45:00-07:00,2025-10-12 17:45:00+00:00,2025-10-12 10:50:00-07:00,2025-10-12 17:50:00+00:00,REAL_TIME_5_MIN,SNJOSEB_1_N001,Node,8.43921,3.98113,4.24868,0.20941,0.0
2025-10-12 10:50:00-07:00,2025-10-12 17:50:00+00:00,2025-10-12 10:55:00-07:00,2025-10-12 17:55:00+00:00,REAL_TIME_5_MIN,OAKLAND_1_N001,Node,8.53364,5.59298,2.66268,0.27797,0.0
2025-10-12 10:50:00-07:00,2025-10-12 17:50:00+00:00,2025-10-12 10:55:00-07:00,2025-10-12 17:55:00+00:00,REAL_TIME_5_MIN,PGSF_2_PDRP58-APND,AP Node,9.93845,5.59298,3.96616,0.37931,0.0
2025-10-12 10:50:00-07:00,2025-10-12 17:50:00+00:00,2025-10-12 10:55:00-07:00,2025-10-12 17:55:00+00:00,REAL_TIME_5_MIN,SNJOSEB_1_N001,Node,11.32348,5.59298,5.43631,0.29419,0.0
2025-10-12 10:55:00-07:00,2025-10-12 17:55:00+00:00,2025-10-12 11:00:00-07:00,2025-10-12 18:00:00+00:00,REAL_TIME_5_MIN,OAKLAND_1_N001,Node,5.28447,3.03258,2.10117,0.15072,0.0
2025-10-12 10:55:00-07:00,2025-10-12 17:55:00+00:00,2025-10-12 11:00:00-07:00,2025-10-12 18:00:00+00:00,REAL_TIME_5_MIN,PGSF_2_PDRP58-APND,AP Node,6.36801,3.03258,3.12977,0.20567,0.0
2025-10-12 10:55:00-07:00,2025-10-12 17:55:00+00:00,2025-10-12 11:00:00-07:00,2025-10-12 18:00:00+00:00,REAL_TIME_5_MIN,SNJOSEB_1_N001,Node,7.48198,3.03258,4.28989,0.15951,0.0
2025-10-12 11:00:00-07:00,2025-10-12 18:00:00+00:00,2025-10-12 11:05:00-07:00,2025-10-12 18:05:00+00:00,REAL_TIME_5_MIN,OAKLAND_1_N001,Node,5.47085,3.36419,1.93475,0.17191,0.0
2025-10-12 11:00:00-07:00,2025-10-12 18:00:00+00:00,2025-10-12 11:05:00-07:00,2025-10-12 18:05:00+00:00,REAL_TIME_5_MIN,PGSF_2_PDRP58-APND,AP Node,6.46829,3.36419,2.88188,0.22222,0.0
2025-10-12 11:00:00-07:00,2025-10-12 18:00:00+00:00,2025-10-12 11:05:00-07:00,2025-10-12 18:05:00+00:00,REAL_TIME_5_MIN,SNJOSEB_1_N001,Node,7.57928,3.36419,4.03073,0.18436,0.0
2025-10-12 11:05:00-07:00,2025-10-12 18:05:00+00:00,2025-10-12 11:10:00-07:00,2025-10-12 18:10:00+00:00,REAL_TIME_5_MIN,OAKLAND_1_N001,Node,8.3975,5.47976,2.63771,0.28002,0.0
2025-10-12 11:05:00-07:00,2025-10-12 18:05:00+00:00,2025-10-12 11:10:00-07:00,2025-10-12 18:10:00+00:00,REAL_TIME_5_MIN,PGSF_2_PDRP58-APND,AP Node,9.7707,5.47976,3.92897,0.36197,0.0
2025-10-12 11:05:00-07:00,2025-10-12 18:05:00+00:00,2025-10-12 11:10:00-07:00,2025-10-12 18:10:00+00:00,REAL_TIME_5_MIN,SNJOSEB_1_N001,Node,11.27529,5.47976,5.49524,0.30029,0.0
2025-10-12 11:10:00-07:00,2025-10-12 18:10:00+00:00,2025-10-12 11:15:00-07:00,2025-10-12 18:15:00+00:00,REAL_TIME_5_MIN,OAKLAND_1_N001,Node,10.29113,6.91148,3.02648,0.35318,0.0
2025-10-12 11:10:00-07:00,2025-10-12 18:10:00+00:00,2025-10-12 11:15:00-07:00,2025-10-12 18:15:00+00:00,REAL_TIME_5_MIN,PGSF_2_PDRP58-APND,AP Node,11.87606,6.91148,4.50804,0.45654,0.0
2025-10-12 11:10:00-07:00,2025-10-12 18:10:00+00:00,2025-10-12 11:15:00-07:00,2025-10-12 18:15:00+00:00,REAL_TIME_5_MIN,SNJOSEB_1_N001,Node,13.59539,6.91148,6.30516,0.37875,0.0
2025-10-12 11:15:00-07:00,2025-10-12 18:15:00+00:00,2025-10-12 11:20:00-07:00,2025-10-12 18:20:00+00:00,REAL_TIME_5_MIN,OAKLAND_1_N001,Node,11.30681,7.96025,2.9772,0.36936,0.0
2025-10-12 11:15:00-07:00,2025-10-12 18:15:00+00:00,2025-10-12 11:20:00-07:00,2025-10-12 18:20:00+00:00,REAL_TIME_5_MIN,PGSF_2_PDRP58-APND,AP Node,12.91286,7.96025,4.43465,0.51796,0.0
2025-10-12 11:15:00-07:00,2025-10-12 18:15:00+00:00,2025-10-12 11:20:00-07:00,2025-10-12 18:20:00+00:00,REAL_TIME_5_MIN,SNJOSEB_1_N001,Node,14.56395,7.96025,6.20251,0.4012,0.0
2025-10-12 11:20:00-07:00,2025-10-12 18:20:00+00:00,2025-10-12 11:25:00-07:00,2025-10-12 18:25:00+00:00,REAL_TIME_5_MIN,OAKLAND_1_N001,Node,10.29275,7.16432,2.79601,0.33242,0.0
2025-10-12 11:20:00-07:00,2025-10-12 18:20:00+00:00,2025-10-12 11:25:00-07:00,2025-10-12 18:25:00+00:00,REAL_TIME_5_MIN,PGSF_2_PDRP58-APND,AP Node,11.79524,7.16432,4.16475,0.46617,0.0
2025-10-12 11:20:00-07:00,2025-10-12 18:20:00+00:00,2025-10-12 11:25:00-07:00,2025-10-12 18:25:00+00:00,REAL_TIME_5_MIN,SNJOSEB_1_N001,Node,13.35042,7.16432,5.82502,0.36108,0.0
2025-10-12 11:25:00-07:00,2025-10-12 18:25:00+00:00,2025-10-12 11:30:00-07:00,2025-10-12 18:30:00+00:00,REAL_TIME_5_MIN,OAKLAND_1_N001,Node,10.17445,7.0639,2.78278,0.32777,0.0
2025-10-12 11:25:00-07:00,2025-10-12 18:25:00+00:00,2025-10-12 11:30:00-07:00,2025-10-12 18:30:00+00:00,REAL_TIME_5_MIN,PGSF_2_PDRP58-APND,AP Node,11.66859,7.0639,4.14505,0.45964,0.0
2025-10-12 11:25:00-07:00,2025-10-12 18:25:00+00:00,2025-10-12 11:30:00-07:00,2025-10-12 18:30:00+00:00,REAL_TIME_5_MIN,SNJOSEB_1_N001,Node,13.21739,7.0639,5.79746,0.35602,0.0
2025-10-12 11:30:00-07:00,2025-10-12 18:30:00+00:00,2025-10-12 11:35:00-07:00,2025-10-12 18:35:00+00:00,REAL_TIME_5_MIN,OAKLAND_1_N001,Node,9.20715,6.41078,2.50853,0.28784,0.0
2025-10-12 11:30:00-07:00,2025-10-12 18:30:00+00:00,2025-10-12 11:35:00-07:00,2025-10-12 18:35:00+00:00,REAL_TIME_5_MIN,PGSF_2_PDRP58-APND,AP Node,10.5194,6.41078,3.70183,0.40679,0.0
2025-10-12 11:30:00-07:00,2025-10-12 18:30:00+00:00,2025-10-12 11:35:00-07:00,2025-10-12 18:35:00+00:00,REAL_TIME_5_MIN,SNJOSEB_1_N001,Node,11.81813,6.41078,5.09386,0.31349,0.0
2025-10-12 11:35:00-07:00,2025-10-12 18:35:00+00:00,2025-10-12 11:40:00-07:00,2025-10-12 18:40:00+00:00,REAL_TIME_5_MIN,OAKLAND_1_N001,Node,17.47274,10.32603,6.64177,0.50494,0.0
2025-10-12 11:35:00-07:00,2025-10-12 18:35:00+00:00,2025-10-12 11:40:00-07:00,2025-10-12 18:40:00+00:00,REAL_TIME_5_MIN,PGSF_2_PDRP58-APND,AP Node,17.29326,10.32603,6.26141,0.70582,0.0
2025-10-12 11:35:00-07:00,2025-10-12 18:35:00+00:00,2025-10-12 11:40:00-07:00,2025-10-12 18:40:00+00:00,REAL_TIME_5_MIN,SNJOSEB_1_N001,Node,10.87847,10.32603,0.0,0.55244,0.0
2025-10-12 11:40:00-07:00,2025-10-12 18:40:00+00:00,2025-10-12 11:45:00-07:00,2025-10-12 18:45:00+00:00,REAL_TIME_5_MIN,OAKLAND_1_N001,Node,16.22349,9.28754,6.46693,0.46902,0.0
2025-10-12 11:40:00-07:00,2025-10-12 18:40:00+00:00,2025-10-12 11:45:00-07:00,2025-10-12 18:45:00+00:00,REAL_TIME_5_MIN,PGSF_2_PDRP58-APND,AP Node,16.03382,9.28754,6.09659,0.64969,0.0
2025-10-12 11:40:00-07:00,2025-10-12 18:40:00+00:00,2025-10-12 11:45:00-07:00,2025-10-12 18:45:00+00:00,REAL_TIME_5_MIN,SNJOSEB_1_N001,Node,9.79835,9.28754,0.0,0.51081,0.0
2025-10-12 11:45:00-07:00,2025-10-12 18:45:00+00:00,2025-10-12 11:50:00-07:00,2025-10-12 18:50:00+00:00,REAL_TIME_5_MIN,OAKLAND_1_N001,Node,18.9884,11.59715,6.83923,0.55202,0.0
2025-10-12 11:45:00-07:00,2025-10-12 18:45:00+00:00,2025-10-12 11:50:00-07:00,2025-10-12 18:50:00+00:00,REAL_TIME_5_MIN,PGSF_2_PDRP58-APND,AP Node,18.82698,11.59715,6.44757,0.78227,0.0
2025-10-12 11:45:00-07:00,2025-10-12 18:45:00+00:00,2025-10-12 11:50:00-07:00,2025-10-12 18:50:00+00:00,REAL_TIME_5_MIN,SNJOSEB_1_N001,Node,12.20368,11.59715,0.0,0.60653,0.0
2025-10-12 11:50:00-07:00,2025-10-12 18:50:00+00:00,2025-10-12 11:55:00-07:00,2025-10-12 18:55:00+00:00,REAL_TIME_5_MIN,OAKLAND_1_N001,Node,18.36041,11.07435,6.7556,0.53046,0.0
2025-10-12 11:50:00-07:00,2025-10-12 18:50:00+00:00,2025-10-12 11:55:00-07:00,2025-10-12 18:55:00+00:00,REAL_TIME_5_MIN,PGSF_2_PDRP58-APND,AP Node,18.1923,11.07435,6.36873,0.74922,0.0
2025-10-12 11:50:00-07:00,2025-10-12 18:50:00+00:00,2025-10-12 11:55:00-07:00,2025-10-12 18:55:00+00:00,REAL_TIME_5_MIN,SNJOSEB_1_N001,Node,11.65575,11.07435,0.0,0.5814,0.0
2025-10-12 11:55:00-07:00,2025-10-12 18:55:00+00:00,2025-10-12 12:00:00-07:00,2025-10-12 19:00:00+00:00,REAL_TIME_5_MIN,OAKLAND_1_N001,Node,18.34746,11.07478,6.75548,0.51719,0.0
2025-10-12 11:55:00-07:00,2025-10-12 18:55:00+00:00,2025-10-12 12:00:00-07:00,2025-10-12 19:00:00+00:00,REAL_TIME_5_MIN,PGSF_2_PDRP58-APND,AP Node,18.17645,11.07478,6.36862,0.73305,0.0
2025-10-12 11:55:00-07:00,2025-10-12 18:55:00+00:00,2025-10-12 12:00:00-07:00,2025-10-12 19:00:00+00:00,REAL_TIME_5_MIN,SNJOSEB_1_N001,Node,11.64181,11.07478,0.0,0.56703,0.0
2025-10-12 12:00:00-07:00,2025-10-12 19:00:00+00:00,2025-10-12 12:05:00-07:00,2025-10-12 19:05:00+00:00,REAL_TIME_5_MIN,OAKLAND_1_N001,Node,12.46898,6.20765,5.97143,0.2899,0.0
2025-10-12 12:00:00-07:00,2025-10-12 19:00:00+00:00,2025-10-12 12:05:00-07:00,2025-10-12 19:05:00+00:00,REAL_TIME_5_MIN,PGSF_2_PDRP58-APND,AP Node,12.248,6.20765,5.62946,0.41089,0.0
2025-10-12 12:00:00-07:00,2025-10-12 19:00:00+00:00,2025-10-12 12:05:00-07:00,2025-10-12 19:05:00+00:00,REAL_TIME_5_MIN,SNJOSEB_1_N001,Node,6.52548,6.20765,0.0,0.31783,0.0
2025-10-12 12:05:00-07:00,2025-10-12 19:05:00+00:00,2025-10-12 12:10:00-07:00,2025-10-12 19:10:00+00:00,REAL_TIME_5_MIN,OAKLAND_1_N001,Node,12.61751,6.33063,5.99124,0.29564,0.0
2025-10-12 12:05:00-07:00,2025-10-12 19:05:00+00:00,2025-10-12 12:10:00-07:00,2025-10-12 19:10:00+00:00,REAL_TIME_5_MIN,PGSF_2_PDRP58-APND,AP Node,12.3978,6.33063,5.64814,0.41903,0.0
2025-10-12 12:05:00-07:00,2025-10-12 19:05:00+00:00,2025-10-12 12:10:00-07:00,2025-10-12 19:10:00+00:00,REAL_TIME_5_MIN,SNJOSEB_1_N001,Node,6.65476,6.33063,0.0,0.32413,0.0
2025-10-12 12:10:00-07:00,2025-10-12 19:10:00+00:00,2025-10-12 12:15:00-07:00,2025-10-12 19:15:00+00:00,REAL_TIME_5_MIN,OAKLAND_1_N001,Node,16.18311,9.22463,6.52768,0.43079,0.0
2025-10-12 12:10:00-07:00,2025-10-12 19:10:00+00:00,2025-10-12 12:15:00-07:00,2025-10-12 19:15:00+00:00,REAL_TIME_5_MIN,PGSF_2_PDRP58-APND,AP Node,15.98908,9.22463,6.15386,0.61059,0.0
2025-10-12 12:10:00-07:00,2025-10-12 19:10:00+00:00,2025-10-12 12:15:00-07:00,2025-10-12 19:15:00+00:00,REAL_TIME_5_MIN,SNJOSEB_1_N001,Node,9.69693,9.22463,0.0,0.4723,0.0
2025-10-12 12:15:00-07:00,2025-10-12 19:15:00+00:00,2025-10-12 12:20:00-07:00,2025-10-12 19:20:00+00:00,REAL_TIME_5_MIN,OAKLAND_1_N001,Node,17.78022,10.63782,6.71901,0.42339,0.0
2025-10-12 12:15:00-07:00,2025-10-12 19:15:00+00:00,2025-10-12 12:20:00-07:00,2025-10-12 19:20:00+00:00,REAL_TIME_5_MIN,PGSF_2_PDRP58-APND,AP Node,17.69254,10.63782,6.33423,0.72049,0.0
2025-10-12 12:15:00-07:00,2025-10-12 19:15:00+00:00,2025-10-12 12:20:00-07:00,2025-10-12 19:20:00+00:00,REAL_TIME_5_MIN,SNJOSEB_1_N001,Node,11.14844,10.63782,0.0,0.51062,0.0
2025-10-12 12:20:00-07:00,2025-10-12 19:20:00+00:00,2025-10-12 12:25:00-07:00,2025-10-12 19:25:00+00:00,REAL_TIME_5_MIN,OAKLAND_1_N001,Node,13.02506,6.68862,6.07023,0.26621,0.0
2025-10-12 12:20:00-07:00,2025-10-12 19:20:00+00:00,2025-10-12 12:25:00-07:00,2025-10-12 19:25:00+00:00,REAL_TIME_5_MIN,PGSF_2_PDRP58-APND,AP Node,12.86424,6.68862,5.72261,0.45301,0.0
2025-10-12 12:20:00-07:00,2025-10-12 19:20:00+00:00,2025-10-12 12:25:00-07:00,2025-10-12 19:25:00+00:00,REAL_TIME_5_MIN,SNJOSEB_1_N001,Node,7.00967,6.68862,0.0,0.32105,0.0
2025-10-12 12:25:00-07:00,2025-10-12 19:25:00+00:00,2025-10-12 12:30:00-07:00,2025-10-12 19:30:00+00:00,REAL_TIME_5_MIN,OAKLAND_1_N001,Node,12.21064,6.01224,5.95912,0.23929,0.0
2025-10-12 12:25:00-07:00,2025-10-12 19:25:00+00:00,2025-10-12 12:30:00-07:00,2025-10-12 19:30:00+00:00,REAL_TIME_5_MIN,PGSF_2_PDRP58-APND,AP Node,12.0373,6.01224,5.61786,0.4072,0.0
2025-10-12 12:25:00-07:00,2025-10-12 19:25:00+00:00,2025-10-12 12:30:00-07:00,2025-10-12 19:30:00+00:00,REAL_TIME_5_MIN,SNJOSEB_1_N001,Node,6.30082,6.01224,0.0,0.28859,0.0
2025-10-12 12:30:00-07:00,2025-10-12 19:30:00+00:00,2025-10-12 12:35:00-07:00,2025-10-12 19:35:00+00:00,REAL_TIME_5_MIN,OAKLAND_1_N001,Node,11.68028,5.56288,5.88654,0.23086,0.0
2025-10-12 12:30:00-07:00,2025-10-12 19:30:00+00:00,2025-10-12 12:35:00-07:00,2025-10-12 19:35:00+00:00,REAL_TIME_5_MIN,PGSF_2_PDRP58-APND,AP Node,11.49443,5.56288,5.54943,0.38211,0.0
2025-10-12 12:30:00-07:00,2025-10-12 19:30:00+00:00,2025-10-12 12:35:00-07:00,2025-10-12 19:35:00+00:00,REAL_TIME_5_MIN,SNJOSEB_1_N001,Node,5.83824,5.56288,0.0,0.27536,0.0
2025-10-12 12:35:00-07:00,2025-10-12 19:35:00+00:00,2025-10-12 12:40:00-07:00,2025-10-12 19:40:00+00:00,REAL_TIME_5_MIN,OAKLAND_1_N001,Node,10.23427,4.36387,5.6893,0.1811,0.0
2025-10-12 12:35:00-07:00,2025-10-12 19:35:00+00:00,2025-10-12 12:40:00-07:00,2025-10-12 19:40:00+00:00,REAL_TIME_5_MIN,PGSF_2_PDRP58-APND,AP Node,10.02712,4.36387,5.36349,0.29975,0.0
2025-10-12 12:35:00-07:00,2025-10-12 19:35:00+00:00,2025-10-12 12:40:00-07:00,2025-10-12 19:40:00+00:00,REAL_TIME_5_MIN,SNJOSEB_1_N001,Node,4.57989,4.36387,0.0,0.21601,0.0
2025-10-12 12:40:00-07:00,2025-10-12 19:40:00+00:00,2025-10-12 12:45:00-07:00,2025-10-12 19:45:00+00:00,REAL_TIME_5_MIN,OAKLAND_1_N001,Node,8.10475,2.93492,5.04803,0.1218,0.0
2025-10-12 12:40:00-07:00,2025-10-12 19:40:00+00:00,2025-10-12 12:45:00-07:00,2025-10-12 19:45:00+00:00,REAL_TIME_5_MIN,PGSF_2_PDRP58-APND,AP Node,7.89547,2.93492,4.75895,0.2016,0.0
2025-10-12 12:40:00-07:00,2025-10-12 19:40:00+00:00,2025-10-12 12:45:00-07:00,2025-10-12 19:45:00+00:00,REAL_TIME_5_MIN,SNJOSEB_1_N001,Node,3.0802,2.93492,0.0,0.14528,0.0
2025-10-12 12:45:00-07:00,2025-10-12 19:45:00+00:00,2025-10-12 12:50:00-07:00,2025-10-12 19:50:00+00:00,REAL_TIME_5_MIN,OAKLAND_1_N001,Node,5.92018,1.60521,4.24659,0.06838,0.0
2025-10-12 12:45:00-07:00,2025-10-12 19:45:00+00:00,2025-10-12 12:50:00-07:00,2025-10-12 19:50:00+00:00,REAL_TIME_5_MIN,PGSF_2_PDRP58-APND,AP Node,5.71834,1.60521,4.0034,0.10972,0.0
2025-10-12 12:45:00-07:00,2025-10-12 19:45:00+00:00,2025-10-12 12:50:00-07:00,2025-10-12 19:50:00+00:00,REAL_TIME_5_MIN,SNJOSEB_1_N001,Node,1.68483,1.60521,0.0,0.07962,0.0
2025-10-12 12:50:00-07:00,2025-10-12 19:50:00+00:00,2025-10-12 12:55:00-07:00,2025-10-12 19:55:00+00:00,REAL_TIME_5_MIN,OAKLAND_1_N001,Node,5.83429,1.50847,4.26156,0.06426,0.0
2025-10-12 12:50:00-07:00,2025-10-12 19:50:00+00:00,2025-10-12 12:55:00-07:00,2025-10-12 19:55:00+00:00,REAL_TIME_5_MIN,PGSF_2_PDRP58-APND,AP Node,5.6291,1.50847,4.01751,0.10311,0.0
2025-10-12 12:50:00-07:00,2025-10-12 19:50:00+00:00,2025-10-12 12:55:00-07:00,2025-10-12 19:55:00+00:00,REAL_TIME_5_MIN,SNJOSEB_1_N001,Node,1.58329,1.50847,0.0,0.07482,0.0
2025-10-12 12:55:00-07:00,2025-10-12 19:55:00+00:00,2025-10-12 13:00:00-07:00,2025-10-12 20:00:00+00:00,REAL_TIME_5_MIN,OAKLAND_1_N001,Node,3.81223,-0.32807,4.15427,-0.01398,0.0
2025-10-12 12:55:00-07:00,2025-10-12 19:55:00+00:00,2025-10-12 13:00:00-07:00,2025-10-12 20:00:00+00:00,REAL_TIME_5_MIN,PGSF_2_PDRP58-APND,AP Node,3.56588,-0.32807,3.91637,-0.02243,0.0
2025-10-12 12:55:00-07:00,2025-10-12 19:55:00+00:00,2025-10-12 13:00:00-07:00,2025-10-12 20:00:00+00:00,REAL_TIME_5_MIN,SNJOSEB_1_N001,Node,-0.34434,-0.32807,0.0,-0.01627,0.0
2025-10-12 13:00:00-07:00,2025-10-12 20:00:00+00:00,2025-10-12 13:05:00-07:00,2025-10-12 20:05:00+00:00,REAL_TIME_5_MIN,OAKLAND_1_N001,Node,3.70182,0.0,3.70182,0.0,0.0
2025-10-12 13:00:00-07:00,2025-10-12 20:00:00+00:00,2025-10-12 13:05:00-07:00,2025-10-12 20:05:00+00:00,REAL_TIME_5_MIN,PGSF_2_PDRP58-APND,AP Node,3.48983,0.0,3.48983,0.0,0.0
2025-10-12 13:00:00-07:00,2025-10-12 20:00:00+00:00,2025-10-12 13:05:00-07:00,2025-10-12 20:05:00+00:00,REAL_TIME_5_MIN,SNJOSEB_1_N001,Node,0.0,0.0,0.0,0.0,0.0
2025-10-12 13:05:00-07:00,2025-10-12 20:05:00+00:00,2025-10-12 13:10:00-07:00,2025-10-12 20:10:00+00:00,REAL_TIME_5_MIN,OAKLAND_1_N001,Node,5.89819,1.49711,4.34344,0.05764,0.0
2025-10-12 13:05:00-07:00,2025-10-12 20:05:00+00:00,2025-10-12 13:10:00-07:00,2025-10-12 20:10:00+00:00,REAL_TIME_5_MIN,PGSF_2_PDRP58-APND,AP Node,5.69052,1.49711,4.0947,0.0987,0.0
2025-10-12 13:05:00-07:00,2025-10-12 20:05:00+00:00,2025-10-12 13:10:00-07:00,2025-10-12 20:10:00+00:00,REAL_TIME_5_MIN,SNJOSEB_1_N001,Node,1.56822,1.49711,0.0,0.07111,0.0
2025-10-12 13:10:00-07:00,2025-10-12 20:10:00+00:00,2025-10-12 13:15:00-07:00,2025-10-12 20:15:00+00:00,REAL_TIME_5_MIN,OAKLAND_1_N001,Node,5.33566,1.17902,4.11125,0.04539,0.0
2025-10-12 13:10:00-07:00,2025-10-12 20:10:00+00:00,2025-10-12 13:15:00-07:00,2025-10-12 20:15:00+00:00,REAL_TIME_5_MIN,PGSF_2_PDRP58-APND,AP Node,5.13256,1.17902,3.87581,0.07773,0.0
2025-10-12 13:10:00-07:00,2025-10-12 20:10:00+00:00,2025-10-12 13:15:00-07:00,2025-10-12 20:15:00+00:00,REAL_TIME_5_MIN,SNJOSEB_1_N001,Node,1.23502,1.17902,0.0,0.056,0.0
2025-10-12 13:15:00-07:00,2025-10-12 20:15:00+00:00,2025-10-12 13:20:00-07:00,2025-10-12 20:20:00+00:00,REAL_TIME_5_MIN,OAKLAND_1_N001,Node,5.88256,1.45132,4.37217,0.05907,0.0
2025-10-12 13:15:00-07:00,2025-10-12 20:15:00+00:00,2025-10-12 13:20:00-07:00,2025-10-12 20:20:00+00:00,REAL_TIME_5_MIN,PGSF_2_PDRP58-APND,AP Node,5.6717,1.45132,4.12179,0.09859,0.0
2025-10-12 13:15:00-07:00,2025-10-12 20:15:00+00:00,2025-10-12 13:20:00-07:00,2025-10-12 20:20:00+00:00,REAL_TIME_5_MIN,SNJOSEB_1_N001,Node,1.52287,1.45132,0.0,0.07155,0.0
2025-10-12 13:20:00-07:00,2025-10-12 20:20:00+00:00,2025-10-12 13:25:00-07:00,2025-10-12 20:25:00+00:00,REAL_TIME_5_MIN,OAKLAND_1_N001,Node,4.82585,0.25821,4.55713,0.01051,0.0
2025-10-12 13:20:00-07:00,2025-10-12 20:20:00+00:00,2025-10-12 13:25:00-07:00,2025-10-12 20:25:00+00:00,REAL_TIME_5_MIN,PGSF_2_PDRP58-APND,AP Node,4.57191,0.25821,4.29616,0.01754,0.0
2025-10-12 13:20:00-07:00,2025-10-12 20:20:00+00:00,2025-10-12 13:25:00-07:00,2025-10-12 20:25:00+00:00,REAL_TIME_5_MIN,SNJOSEB_1_N001,Node,0.27094,0.25821,0.0,0.01273,0.0
2025-10-12 13:25:00-07:00,2025-10-12 20:25:00+00:00,2025-10-12 13:30:00-07:00,2025-10-12 20:30:00+00:00,REAL_TIME_5_MIN,OAKLAND_1_N001,Node,4.3396,-0.2908,4.64224,-0.01184,0.0
2025-10-12 13:25:00-07:00,2025-10-12 20:25:00+00:00,2025-10-12 13:30:00-07:00,2025-10-12 20:30:00+00:00,REAL_TIME_5_MIN,PGSF_2_PDRP58-APND,AP Node,4.06584,-0.2908,4.3764,-0.01975,0.0
2025-10-12 13:25:00-07:00,2025-10-12 20:25:00+00:00,2025-10-12 13:30:00-07:00,2025-10-12 20:30:00+00:00,REAL_TIME_5_MIN,SNJOSEB_1_N001,Node,-0.30514,-0.2908,0.0,-0.01434,0.0
2025-10-12 13:30:00-07:00,2025-10-12 20:30:00+00:00,2025-10-12 13:35:00-07:00,2025-10-12 20:35:00+00:00,REAL_TIME_5_MIN,OAKLAND_1_N001,Node,4.34167,-0.28785,4.6419,-0.01238,0.0
2025-10-12 13:30:00-07:00,2025-10-12 20:30:00+00:00,2025-10-12 13:35:00-07:00,2025-10-12 20:35:00+00:00,REAL_TIME_5_MIN,PGSF_2_PDRP58-APND,AP Node,4.06811,-0.28785,4.37607,-0.02011,0.0
2025-10-12 13:30:00-07:00,2025-10-12 20:30:00+00:00,2025-10-12 13:35:00-07:00,2025-10-12 20:35:00+00:00,REAL_TIME_5_MIN,SNJOSEB_1_N001,Node,-0.30276,-0.28785,0.0,-0.01491,0.0
2025-10-12 13:35:00-07:00,2025-10-12 20:35:00+00:00,2025-10-12 13:40:00-07:00,2025-10-12 20:40:00+00:00,REAL_TIME_5_MIN,OAKLAND_1_N001,Node,5.6016,1.13167,4.42127,0.04866,0.0
2025-10-12 13:35:00-07:00,2025-10-12 20:35:00+00:00,2025-10-12 13:40:00-07:00,2025-10-12 20:40:00+00:00,REAL_TIME_5_MIN,PGSF_2_PDRP58-APND,AP Node,5.3788,1.13167,4.16808,0.07905,0.0
2025-10-12 13:35:00-07:00,2025-10-12 20:35:00+00:00,2025-10-12 13:40:00-07:00,2025-10-12 20:40:00+00:00,REAL_TIME_5_MIN,SNJOSEB_1_N001,Node,1.19029,1.13167,0.0,0.05862,0.0
2025-10-12 13:40:00-07:00,2025-10-12 20:40:00+00:00,2025-10-12 13:45:00-07:00,2025-10-12 20:45:00+00:00,REAL_TIME_5_MIN,OAKLAND_1_N001,Node,6.47322,1.91657,4.47424,0.08241,0.0
2025-10-12 13:40:00-07:00,2025-10-12 20:40:00+00:00,2025-10-12 13:45:00-07:00,2025-10-12 20:45:00+00:00,REAL_TIME_5_MIN,PGSF_2_PDRP58-APND,AP Node,6.26846,1.91657,4.21801,0.13388,0.0
2025-10-12 13:40:00-07:00,2025-10-12 20:40:00+00:00,2025-10-12 13:45:00-07:00,2025-10-12 20:45:00+00:00,REAL_TIME_5_MIN,SNJOSEB_1_N001,Node,2.01585,1.91657,0.0,0.09928,0.0
2025-10-12 13:45:00-07:00,2025-10-12 20:45:00+00:00,2025-10-12 13:50:00-07:00,2025-10-12 20:50:00+00:00,REAL_TIME_5_MIN,OAKLAND_1_N001,Node,4.59716,0.0,4.59716,0.0,0.0
2025-10-12 13:45:00-07:00,2025-10-12 20:45:00+00:00,2025-10-12 13:50:00-07:00,2025-10-12 20:50:00+00:00,REAL_TIME_5_MIN,PGSF_2_PDRP58-APND,AP Node,4.40561,0.0,4.40561,0.0,0.0
2025-10-12 13:45:00-07:00,2025-10-12 20:45:00+00:00,2025-10-12 13:50:00-07:00,2025-10-12 20:50:00+00:00,REAL_TIME_5_MIN,SNJOSEB_1_N001,Node,0.0,0.0,0.0,0.0,0.0
2025-10-12 13:50:00-07:00,2025-10-12 20:50:00+00:00,2025-10-12 13:55:00-07:00,2025-10-12 20:55:00+00:00,REAL_TIME_5_MIN,OAKLAND_1_N001,Node,5.49,1.00275,4.44263,0.04462,0.0
2025-10-12 13:50:00-07:00,2025-10-12 20:50:00+00:00,2025-10-12 13:55:00-07:00,2025-10-12 20:55:00+00:00,REAL_TIME_5_MIN,PGSF_2_PDRP58-APND,AP Node,5.33149,1.00275,4.25752,0.07122,0.0
2025-10-12 13:50:00-07:00,2025-10-12 20:50:00+00:00,2025-10-12 13:55:00-07:00,2025-10-12 20:55:00+00:00,REAL_TIME_5_MIN,SNJOSEB_1_N001,Node,1.0562,1.00275,0.0,0.05345,0.0
2025-10-12 13:55:00-07:00,2025-10-12 20:55:00+00:00,2025-10-12 14:00:00-07:00,2025-10-12 21:00:00+00:00,REAL_TIME_5_MIN,OAKLAND_1_N001,Node,7.86946,2.36245,5.40188,0.10513,0.0
2025-10-12 13:55:00-07:00,2025-10-12 20:55:00+00:00,2025-10-12 14:00:00-07:00,2025-10-12 21:00:00+00:00,REAL_TIME_5_MIN,PGSF_2_PDRP58-APND,AP Node,7.70705,2.36245,5.1768,0.1678,0.0
2025-10-12 13:55:00-07:00,2025-10-12 20:55:00+00:00,2025-10-12 14:00:00-07:00,2025-10-12 21:00:00+00:00,REAL_TIME_5_MIN,SNJOSEB_1_N001,Node,2.48837,2.36245,0.0,0.12592,0.0
2025-10-12 14:00:00-07:00,2025-10-12 21:00:00+00:00,2025-10-12 14:05:00-07:00,2025-10-12 21:05:00+00:00,REAL_TIME_5_MIN,OAKLAND_1_N001,Node,11.66825,5.48416,5.92853,0.25556,0.0
2025-10-12 14:00:00-07:00,2025-10-12 21:00:00+00:00,2025-10-12 14:05:00-07:00,2025-10-12 21:05:00+00:00,REAL_TIME_5_MIN,PGSF_2_PDRP58-APND,AP Node,11.68617,5.48416,5.83605,0.36596,0.0
2025-10-12 14:00:00-07:00,2025-10-12 21:00:00+00:00,2025-10-12 14:05:00-07:00,2025-10-12 21:05:00+00:00,REAL_TIME_5_MIN,SNJOSEB_1_N001,Node,5.7814,5.48416,0.0,0.29724,0.0
2025-10-12 14:05:00-07:00,2025-10-12 21:05:00+00:00,2025-10-12 14:10:00-07:00,2025-10-12 21:10:00+00:00,REAL_TIME_5_MIN,OAKLAND_1_N001,Node,16.90093,9.79133,6.65332,0.45628,0.0
2025-10-12 14:05:00-07:00,2025-10-12 21:05:00+00:00,2025-10-12 14:10:00-07:00,2025-10-12 21:10:00+00:00,REAL_TIME_5_MIN,PGSF_2_PDRP58-APND,AP Node,16.99424,9.79133,6.54953,0.65339,0.0
2025-10-12 14:05:00-07:00,2025-10-12 21:05:00+00:00,2025-10-12 14:10:00-07:00,2025-10-12 21:10:00+00:00,REAL_TIME_5_MIN,SNJOSEB_1_N001,Node,10.32202,9.79133,0.0,0.53069,0.0
2025-10-12 14:10:00-07:00,2025-10-12 21:10:00+00:00,2025-10-12 14:15:00-07:00,2025-10-12 21:15:00+00:00,REAL_TIME_5_MIN,OAKLAND_1_N001,Node,15.97197,9.02658,6.52475,0.42064,0.0
2025-10-12 14:10:00-07:00,2025-10-12 21:10:00+00:00,2025-10-12 14:15:00-07:00,2025-10-12 21:15:00+00:00,REAL_TIME_5_MIN,PGSF_2_PDRP58-APND,AP Node,16.0519,9.02658,6.42296,0.60235,0.0
2025-10-12 14:10:00-07:00,2025-10-12 21:10:00+00:00,2025-10-12 14:15:00-07:00,2025-10-12 21:15:00+00:00,REAL_TIME_5_MIN,SNJOSEB_1_N001,Node,9.51582,9.02658,0.0,0.48924,0.0
2025-10-12 14:15:00-07:00,2025-10-12 21:15:00+00:00,2025-10-12 14:20:00-07:00,2025-10-12 21:20:00+00:00,REAL_TIME_5_MIN,OAKLAND_1_N001,Node,16.54882,9.08298,6.98717,0.47867,0.0
2025-10-12 14:15:00-07:00,2025-10-12 21:15:00+00:00,2025-10-12 14:20:00-07:00,2025-10-12 21:20:00+00:00,REAL_TIME_5_MIN,PGSF_2_PDRP58-APND,AP Node,16.34878,9.08298,6.60304,0.66276,0.0
2025-10-12 14:15:00-07:00,2025-10-12 21:15:00+00:00,2025-10-12 14:20:00-07:00,2025-10-12 21:20:00+00:00,REAL_TIME_5_MIN,SNJOSEB_1_N001,Node,9.62978,9.08298,0.0,0.5468,0.0
2025-10-12 14:20:00-07:00,2025-10-12 21:20:00+00:00,2025-10-12 14:25:00-07:00,2025-10-12 21:25:00+00:00,REAL_TIME_5_MIN,OAKLAND_1_N001,Node,13.72036,6.77952,6.58356,0.35728,0.0
2025-10-12 14:20:00-07:00,2025-10-12 21:20:00+00:00,2025-10-12 14:25:00-07:00,2025-10-12 21:25:00+00:00,REAL_TIME_5_MIN,PGSF_2_PDRP58-APND,AP Node,13.49582,6.77952,6.22162,0.49468,0.0
2025-10-12 14:20:00-07:00,2025-10-12 21:20:00+00:00,2025-10-12 14:25:00-07:00,2025-10-12 21:25:00+00:00,REAL_TIME_5_MIN,SNJOSEB_1_N001,Node,7.18765,6.77952,0.0,0.40813,0.0
2025-10-12 14:25:00-07:00,2025-10-12 21:25:00+00:00,2025-10-12 14:30:00-07:00,2025-10-12 21:30:00+00:00,REAL_TIME_5_MIN,OAKLAND_1_N001,Node,13.0354,6.21578,6.49205,0.32757,0.0
2025-10-12 14:25:00-07:00,2025-10-12 21:25:00+00:00,2025-10-12 14:30:00-07:00,2025-10-12 21:30:00+00:00,REAL_TIME_5_MIN,PGSF_2_PDRP58-APND,AP Node,12.80447,6.21578,6.13514,0.45355,0.0
2025-10-12 14:25:00-07:00,2025-10-12 21:25:00+00:00,2025-10-12 14:30:00-07:00,2025-10-12 21:30:00+00:00,REAL_TIME_5_MIN,SNJOSEB_1_N001,Node,6.58997,6.21578,0.0,0.37419,0.0
2025-10-12 14:30:00-07:00,2025-10-12 21:30:00+00:00,2025-10-12 14:35:00-07:00,2025-10-12 21:35:00+00:00,REAL_TIME_5_MIN,OAKLAND_1_N001,Node,4.52318,-0.29954,4.83713,-0.01441,0.0
2025-10-12 14:30:00-07:00,2025-10-12 21:30:00+00:00,2025-10-12 14:35:00-07:00,2025-10-12 21:35:00+00:00,REAL_TIME_5_MIN,PGSF_2_PDRP58-APND,AP Node,4.24929,-0.29954,4.5712,-0.02237,0.0
2025-10-12 14:30:00-07:00,2025-10-12 21:30:00+00:00,2025-10-12 14:35:00-07:00,2025-10-12 21:35:00+00:00,REAL_TIME_5_MIN,SNJOSEB_1_N001,Node,-0.31694,-0.29954,0.0,-0.0174,0.0
2025-10-12 14:35:00-07:00,2025-10-12 21:35:00+00:00,2025-10-12 14:40:00-07:00,2025-10-12 21:40:00+00:00,REAL_TIME_5_MIN,OAKLAND_1_N001,Node,9.40189,3.44704,5.78905,0.1658,0.0
2025-10-12 14:35:00-07:00,2025-10-12 21:35:00+00:00,2025-10-12 14:40:00-07:00,2025-10-12 21:40:00+00:00,REAL_TIME_5_MIN,PGSF_2_PDRP58-APND,AP Node,9.17529,3.44704,5.47079,0.25746,0.0
2025-10-12 14:35:00-07:00,2025-10-12 21:35:00+00:00,2025-10-12 14:40:00-07:00,2025-10-12 21:40:00+00:00,REAL_TIME_5_MIN,SNJOSEB_1_N001,Node,3.64731,3.44704,0.0,0.20027,0.0
2025-10-12 14:40:00-07:00,2025-10-12 21:40:00+00:00,2025-10-12 14:45:00-07:00,2025-10-12 21:45:00+00:00,REAL_TIME_5_MIN,OAKLAND_1_N001,Node,8.78503,3.0888,5.54766,0.14857,0.0
2025-10-12 14:40:00-07:00,2025-10-12 21:40:00+00:00,2025-10-12 14:45:00-07:00,2025-10-12 21:45:00+00:00,REAL_TIME_5_MIN,PGSF_2_PDRP58-APND,AP Node,8.56217,3.0888,5.24267,0.23071,0.0
2025-10-12 14:40:00-07:00,2025-10-12 21:40:00+00:00,2025-10-12 14:45:00-07:00,2025-10-12 21:45:00+00:00,REAL_TIME_5_MIN,SNJOSEB_1_N001,Node,3.26826,3.0888,0.0,0.17946,0.0
2025-10-12 14:45:00-07:00,2025-10-12 21:45:00+00:00,2025-10-12 14:50:00-07:00,2025-10-12 21:50:00+00:00,REAL_TIME_5_MIN,OAKLAND_1_N001,Node,5.10737,-0.0884,5.20042,-0.00465,0.0
2025-10-12 14:45:00-07:00,2025-10-12 21:45:00+00:00,2025-10-12 14:50:00-07:00,2025-10-12 21:50:00+00:00,REAL_TIME_5_MIN,PGSF_2_PDRP58-APND,AP Node,4.81915,-0.0884,4.91452,-0.00697,0.0
2025-10-12 14:45:00-07:00,2025-10-12 21:45:00+00:00,2025-10-12 14:50:00-07:00,2025-10-12 21:50:00+00:00,REAL_TIME_5_MIN,SNJOSEB_1_N001,Node,-0.09391,-0.0884,0.0,-0.00551,0.0
2025-10-12 14:50:00-07:00,2025-10-12 21:50:00+00:00,2025-10-12 14:55:00-07:00,2025-10-12 21:55:00+00:00,REAL_TIME_5_MIN,OAKLAND_1_N001,Node,8.2631,2.49312,5.63885,0.13114,0.0
2025-10-12 14:50:00-07:00,2025-10-12 21:50:00+00:00,2025-10-12 14:55:00-07:00,2025-10-12 21:55:00+00:00,REAL_TIME_5_MIN,PGSF_2_PDRP58-APND,AP Node,8.01849,2.49312,5.32885,0.19653,0.0
2025-10-12 14:50:00-07:00,2025-10-12 21:50:00+00:00,2025-10-12 14:55:00-07:00,2025-10-12 21:55:00+00:00,REAL_TIME_5_MIN,SNJOSEB_1_N001,Node,2.64844,2.49312,0.0,0.15532,0.0
2025-10-12 14:55:00-07:00,2025-10-12 21:55:00+00:00,2025-10-12 15:00:00-07:00,2025-10-12 22:00:00+00:00,REAL_TIME_5_MIN,OAKLAND_1_N001,Node,8.57662,2.84472,5.58226,0.14963,0.0
2025-10-12 14:55:00-07:00,2025-10-12 21:55:00+00:00,2025-10-12 15:00:00-07:00,2025-10-12 22:00:00+00:00,REAL_TIME_5_MIN,PGSF_2_PDRP58-APND,AP Node,8.34434,2.84472,5.27537,0.22424,0.0
2025-10-12 14:55:00-07:00,2025-10-12 21:55:00+00:00,2025-10-12 15:00:00-07:00,2025-10-12 22:00:00+00:00,REAL_TIME_5_MIN,SNJOSEB_1_N001,Node,3.02195,2.84472,0.0,0.17723,0.0
2025-10-12 15:00:00-07:00,2025-10-12 22:00:00+00:00,2025-10-12 15:05:00-07:00,2025-10-12 22:05:00+00:00,REAL_TIME_5_MIN,OAKLAND_1_N001,Node,9.60044,3.43829,5.99918,0.16297,0.0
2025-10-12 15:00:00-07:00,2025-10-12 22:00:00+00:00,2025-10-12 15:05:00-07:00,2025-10-12 22:05:00+00:00,REAL_TIME_5_MIN,PGSF_2_PDRP58-APND,AP Node,9.37353,3.43829,5.66936,0.26588,0.0
2025-10-12 15:00:00-07:00,2025-10-12 22:00:00+00:00,2025-10-12 15:05:00-07:00,2025-10-12 22:05:00+00:00,REAL_TIME_5_MIN,SNJOSEB_1_N001,Node,3.64665,3.43829,0.0,0.20836,0.0
2025-10-12 15:05:00-07:00,2025-10-12 22:05:00+00:00,2025-10-12 15:10:00-07:00,2025-10-12 22:10:00+00:00,REAL_TIME_5_MIN,OAKLAND_1_N001,Node,9.98675,3.75418,6.05462,0.17795,0.0
2025-10-12 15:05:00-07:00,2025-10-12 22:05:00+00:00,2025-10-12 15:10:00-07:00,2025-10-12 22:10:00+00:00,REAL_TIME_5_MIN,PGSF_2_PDRP58-APND,AP Node,9.76625,3.75418,5.72176,0.29031,0.0
2025-10-12 15:05:00-07:00,2025-10-12 22:05:00+00:00,2025-10-12 15:10:00-07:00,2025-10-12 22:10:00+00:00,REAL_TIME_5_MIN,SNJOSEB_1_N001,Node,3.98168,3.75418,0.0,0.2275,0.0
2025-10-12 15:10:00-07:00,2025-10-12 22:10:00+00:00,2025-10-12 15:15:00-07:00,2025-10-12 22:15:00+00:00,REAL_TIME_5_MIN,OAKLAND_1_N001,Node,10.05359,3.79126,6.08263,0.17971,0.0
2025-10-12 15:10:00-07:00,2025-10-12 22:10:00+00:00,2025-10-12 15:15:00-07:00,2025-10-12 22:15:00+00:00,REAL_TIME_5_MIN,PGSF_2_PDRP58-APND,AP Node,9.83266,3.79126,5.74823,0.29317,0.0
2025-10-12 15:10:00-07:00,2025-10-12 22:10:00+00:00,2025-10-12 15:15:00-07:00,2025-10-12 22:15:00+00:00,REAL_TIME_5_MIN,SNJOSEB_1_N001,Node,4.02101,3.79126,0.0,0.22975,0.0
2025-10-12 15:15:00-07:00,2025-10-12 22:15:00+00:00,2025-10-12 15:20:00-07:00,2025-10-12 22:20:00+00:00,REAL_TIME_5_MIN,OAKLAND_1_N001,Node,5.4705,0.17647,5.28482,0.00921,0.0
2025-10-12 15:15:00-07:00,2025-10-12 22:15:00+00:00,2025-10-12 15:20:00-07:00,2025-10-12 22:20:00+00:00,REAL_TIME_5_MIN,PGSF_2_PDRP58-APND,AP Node,5.18539,0.17647,4.99428,0.01465,0.0
2025-10-12 15:15:00-07:00,2025-10-12 22:15:00+00:00,2025-10-12 15:20:00-07:00,2025-10-12 22:20:00+00:00,REAL_TIME_5_MIN,SNJOSEB_1_N001,Node,0.18812,0.17647,0.0,0.01165,0.0
2025-10-12 15:20:00-07:00,2025-10-12 22:20:00+00:00,2025-10-12 15:25:00-07:00,2025-10-12 22:25:00+00:00,REAL_TIME_5_MIN,OAKLAND_1_N001,Node,6.40236,0.93471,5.41886,0.04879,0.0
2025-10-12 15:20:00-07:00,2025-10-12 22:20:00+00:00,2025-10-12 15:25:00-07:00,2025-10-12 22:25:00+00:00,REAL_TIME_5_MIN,PGSF_2_PDRP58-APND,AP Node,6.13323,0.93471,5.12095,0.07757,0.0
2025-10-12 15:20:00-07:00,2025-10-12 22:20:00+00:00,2025-10-12 15:25:00-07:00,2025-10-12 22:25:00+00:00,REAL_TIME_5_MIN,SNJOSEB_1_N001,Node,0.9964,0.93471,0.0,0.06169,0.0
2025-10-12 15:25:00-07:00,2025-10-12 22:25:00+00:00,2025-10-12 15:30:00-07:00,2025-10-12 22:30:00+00:00,REAL_TIME_5_MIN,OAKLAND_1_N001,Node,6.36541,0.90464,5.41354,0.04722,0.0
2025-10-12 15:25:00-07:00,2025-10-12 22:25:00+00:00,2025-10-12 15:30:00-07:00,2025-10-12 22:30:00+00:00,REAL_TIME_5_MIN,PGSF_2_PDRP58-APND,AP Node,6.09564,0.90464,5.11592,0.07508,0.0
2025-10-12 15:25:00-07:00,2025-10-12 22:25:00+00:00,2025-10-12 15:30:00-07:00,2025-10-12 22:30:00+00:00,REAL_TIME_5_MIN,SNJOSEB_1_N001,Node,0.96435,0.90464,0.0,0.05971,0.0
2025-10-12 15:30:00-07:00,2025-10-12 22:30:00+00:00,2025-10-12 15:35:00-07:00,2025-10-12 22:35:00+00:00,REAL_TIME_5_MIN,OAKLAND_1_N001,Node,2.56148,-2.19828,4.86681,-0.10706,0.0
2025-10-12 15:30:00-07:00,2025-10-12 22:30:00+00:00,2025-10-12 15:35:00-07:00,2025-10-12 22:35:00+00:00,REAL_TIME_5_MIN,PGSF_2_PDRP58-APND,AP Node,2.22808,-2.19828,4.59925,-0.1729,0.0
2025-10-12 15:30:00-07:00,2025-10-12 22:30:00+00:00,2025-10-12 15:35:00-07:00,2025-10-12 22:35:00+00:00,REAL_TIME_5_MIN,SNJOSEB_1_N001,Node,-2.33655,-2.19828,0.0,-0.13827,0.0
2025-10-12 15:35:00-07:00,2025-10-12 22:35:00+00:00,2025-10-12 15:40:00-07:00,2025-10-12 22:40:00+00:00,REAL_TIME_5_MIN,OAKLAND_1_N001,Node,1.28744,-3.23869,4.68386,-0.15772,0.0
2025-10-12 15:35:00-07:00,2025-10-12 22:35:00+00:00,2025-10-12 15:40:00-07:00,2025-10-12 22:40:00+00:00,REAL_TIME_5_MIN,PGSF_2_PDRP58-APND,AP Node,0.93294,-3.23869,4.42636,-0.25473,0.0
2025-10-12 15:35:00-07:00,2025-10-12 22:35:00+00:00,2025-10-12 15:40:00-07:00,2025-10-12 22:40:00+00:00,REAL_TIME_5_MIN,SNJOSEB_1_N001,Node,-3.44241,-3.23869,0.0,-0.20371,0.0
2025-10-12 15:40:00-07:00,2025-10-12 22:40:00+00:00,2025-10-12 15:45:00-07:00,2025-10-12 22:45:00+00:00,REAL_TIME_5_MIN,OAKLAND_1_N001,Node,1.615,-2.97122,4.73091,-0.1447,0.0
2025-10-12 15:40:00-07:00,2025-10-12 22:40:00+00:00,2025-10-12 15:45:00-07:00,2025-10-12 22:45:00+00:00,REAL_TIME_5_MIN,PGSF_2_PDRP58-APND,AP Node,1.26592,-2.97122,4.47083,-0.23369,0.0
2025-10-12 15:40:00-07:00,2025-10-12 22:40:00+00:00,2025-10-12 15:45:00-07:00,2025-10-12 22:45:00+00:00,REAL_TIME_5_MIN,SNJOSEB_1_N001,Node,-3.15811,-2.97122,0.0,-0.18689,0.0
2025-10-12 15:45:00-07:00,2025-10-12 22:45:00+00:00,2025-10-12 15:50:00-07:00,2025-10-12 22:50:00+00:00,REAL_TIME_5_MIN,OAKLAND_1_N001,Node,7.28777,1.64751,5.54453,0.09572,0.0
2025-10-12 15:45:00-07:00,2025-10-12 22:45:00+00:00,2025-10-12 15:50:00-07:00,2025-10-12 22:50:00+00:00,REAL_TIME_5_MIN,PGSF_2_PDRP58-APND,AP Node,7.02175,1.64751,5.23972,0.13452,0.0
2025-10-12 15:45:00-07:00,2025-10-12 22:45:00+00:00,2025-10-12 15:50:00-07:00,2025-10-12 22:50:00+00:00,REAL_TIME_5_MIN,SNJOSEB_1_N001,Node,1.76515,1.64751,0.0,0.11763,0.0
2025-10-12 15:50:00-07:00,2025-10-12 22:50:00+00:00,2025-10-12 15:55:00-07:00,2025-10-12 22:55:00+00:00,REAL_TIME_5_MIN,OAKLAND_1_N001,Node,9.39607,3.34964,5.85183,0.19461,0.0
2025-10-12 15:50:00-07:00,2025-10-12 22:50:00+00:00,2025-10-12 15:55:00-07:00,2025-10-12 22:55:00+00:00,REAL_TIME_5_MIN,PGSF_2_PDRP58-APND,AP Node,9.15325,3.34964,5.53011,0.2735,0.0
2025-10-12 15:50:00-07:00,2025-10-12 22:50:00+00:00,2025-10-12 15:55:00-07:00,2025-10-12 22:55:00+00:00,REAL_TIME_5_MIN,SNJOSEB_1_N001,Node,3.5888,3.34964,0.0,0.23916,0.0
2025-10-12 15:55:00-07:00,2025-10-12 22:55:00+00:00,2025-10-12 16:00:00-07:00,2025-10-12 23:00:00+00:00,REAL_TIME_5_MIN,OAKLAND_1_N001,Node,9.7906,3.56723,6.01612,0.20726,0.0
2025-10-12 15:55:00-07:00,2025-10-12 22:55:00+00:00,2025-10-12 16:00:00-07:00,2025-10-12 23:00:00+00:00,REAL_TIME_5_MIN,PGSF_2_PDRP58-APND,AP Node,9.54387,3.56723,5.68538,0.29127,0.0
2025-10-12 15:55:00-07:00,2025-10-12 22:55:00+00:00,2025-10-12 16:00:00-07:00,2025-10-12 23:00:00+00:00,REAL_TIME_5_MIN,SNJOSEB_1_N001,Node,3.82193,3.56723,0.0,0.2547,0.0
2025-10-12 16:00:00-07:00,2025-10-12 23:00:00+00:00,2025-10-12 16:05:00-07:00,2025-10-12 23:05:00+00:00,REAL_TIME_5_MIN,OAKLAND_1_N001,Node,1.93233,-2.69728,4.77661,-0.147,0.0
2025-10-12 16:00:00-07:00,2025-10-12 23:00:00+00:00,2025-10-12 16:05:00-07:00,2025-10-12 23:05:00+00:00,REAL_TIME_5_MIN,PGSF_2_PDRP58-APND,AP Node,1.72674,-2.69728,4.63627,-0.21225,0.0
2025-10-12 16:00:00-07:00,2025-10-12 23:00:00+00:00,2025-10-12 16:05:00-07:00,2025-10-12 23:05:00+00:00,REAL_TIME_5_MIN,SNJOSEB_1_N001,Node,-2.87234,-2.69728,0.0,-0.17505,0.0
2025-10-12 16:05:00-07:00,2025-10-12 23:05:00+00:00,2025-10-12 16:10:00-07:00,2025-10-12 23:10:00+00:00,REAL_TIME_5_MIN,OAKLAND_1_N001,Node,-0.29194,-4.50366,4.45716,-0.24545,0.0
2025-10-12 16:05:00-07:00,2025-10-12 23:05:00+00:00,2025-10-12 16:10:00-07:00,2025-10-12 23:10:00+00:00,REAL_TIME_5_MIN,PGSF_2_PDRP58-APND,AP Node,-0.53184,-4.50366,4.32621,-0.35439,0.0
2025-10-12 16:05:00-07:00,2025-10-12 23:05:00+00:00,2025-10-12 16:10:00-07:00,2025-10-12 23:10:00+00:00,REAL_TIME_5_MIN,SNJOSEB_1_N001,Node,-4.79594,-4.50366,0.0,-0.29229,0.0
2025-10-12 16:10:00-07:00,2025-10-12 23:10:00+00:00,2025-10-12 16:15:00-07:00,2025-10-12 23:15:00+00:00,REAL_TIME_5_MIN,OAKLAND_1_N001,Node,-1.51675,-5.49834,4.28125,-0.29966,0.0
2025-10-12 16:10:00-07:00,2025-10-12 23:10:00+00:00,2025-10-12 16:15:00-07:00,2025-10-12 23:15:00+00:00,REAL_TIME_5_MIN,PGSF_2_PDRP58-APND,AP Node,-1.77554,-5.49834,4.15547,-0.43266,0.0
2025-10-12 16:10:00-07:00,2025-10-12 23:10:00+00:00,2025-10-12 16:15:00-07:00,2025-10-12 23:15:00+00:00,REAL_TIME_5_MIN,SNJOSEB_1_N001,Node,-5.85519,-5.49834,0.0,-0.35684,0.0
2025-10-12 16:15:00-07:00,2025-10-12 23:15:00+00:00,2025-10-12 16:20:00-07:00,2025-10-12 23:20:00+00:00,REAL_TIME_5_MIN,OAKLAND_1_N001,Node,-3.18521,-4.49782,1.55773,-0.24513,0.0
2025-10-12 16:15:00-07:00,2025-10-12 23:15:00+00:00,2025-10-12 16:20:00-07:00,2025-10-12 23:20:00+00:00,REAL_TIME_5_MIN,PGSF_2_PDRP58-APND,AP Node,-3.38293,-4.49782,1.47539,-0.3605,0.0
2025-10-12 16:15:00-07:00,2025-10-12 23:15:00+00:00,2025-10-12 16:20:00-07:00,2025-10-12 23:20:00+00:00,REAL_TIME_5_MIN,SNJOSEB_1_N001,Node,-4.79602,-4.49782,0.0,-0.29821,0.0
2025-10-12 16:20:00-07:00,2025-10-12 23:20:00+00:00,2025-10-12 16:25:00-07:00,2025-10-12 23:25:00+00:00,REAL_TIME_5_MIN,OAKLAND_1_N001,Node,4.56667,0.0,4.56667,0.0,0.0
2025-10-12 16:20:00-07:00,2025-10-12 23:20:00+00:00,2025-10-12 16:25:00-07:00,2025-10-12 23:25:00+00:00,REAL_TIME_5_MIN,PGSF_2_PDRP58-APND,AP Node,4.32526,0.0,4.32526,0.0,0.0
2025-10-12 16:20:00-07:00,2025-10-12 23:20:00+00:00,2025-10-12 16:25:00-07:00,2025-10-12 23:25:00+00:00,REAL_TIME_5_MIN,SNJOSEB_1_N001,Node,0.0,0.0,0.0,0.0,0.0
2025-10-12 16:25:00-07:00,2025-10-12 23:25:00+00:00,2025-10-12 16:30:00-07:00,2025-10-12 23:30:00+00:00,REAL_TIME_5_MIN,OAKLAND_1_N001,Node,20.25112,12.24411,7.33971,0.6673,0.0
2025-10-12 16:25:00-07:00,2025-10-12 23:25:00+00:00,2025-10-12 16:30:00-07:00,2025-10-12 23:30:00+00:00,REAL_TIME_5_MIN,PGSF_2_PDRP58-APND,AP Node,20.17719,12.24411,6.95172,0.98137,0.0
2025-10-12 16:25:00-07:00,2025-10-12 23:25:00+00:00,2025-10-12 16:30:00-07:00,2025-10-12 23:30:00+00:00,REAL_TIME_5_MIN,SNJOSEB_1_N001,Node,13.05589,12.24411,0.0,0.81178,0.0
2025-10-12 16:30:00-07:00,2025-10-12 23:30:00+00:00,2025-10-12 16:35:00-07:00,2025-10-12 23:35:00+00:00,REAL_TIME_5_MIN,OAKLAND_1_N001,Node,26.3629,17.03254,8.31522,1.01514,0.0
2025-10-12 16:30:00-07:00,2025-10-12 23:30:00+00:00,2025-10-12 16:35:00-07:00,2025-10-12 23:35:00+00:00,REAL_TIME_5_MIN,PGSF_2_PDRP58-APND,AP Node,26.34252,17.03254,7.87566,1.43431,0.0
2025-10-12 16:30:00-07:00,2025-10-12 23:30:00+00:00,2025-10-12 16:35:00-07:00,2025-10-12 23:35:00+00:00,REAL_TIME_5_MIN,SNJOSEB_1_N001,Node,18.26059,17.03254,0.0,1.22805,0.0
2025-10-12 16:35:00-07:00,2025-10-12 23:35:00+00:00,2025-10-12 16:40:00-07:00,2025-10-12 23:40:00+00:00,REAL_TIME_5_MIN,OAKLAND_1_N001,Node,35.96675,27.70566,6.60983,1.65126,0.0
2025-10-12 16:35:00-07:00,2025-10-12 23:35:00+00:00,2025-10-12 16:40:00-07:00,2025-10-12 23:40:00+00:00,REAL_TIME_5_MIN,PGSF_2_PDRP58-APND,AP Node,36.29918,27.70566,6.26042,2.3331,0.0
2025-10-12 16:35:00-07:00,2025-10-12 23:35:00+00:00,2025-10-12 16:40:00-07:00,2025-10-12 23:40:00+00:00,REAL_TIME_5_MIN,SNJOSEB_1_N001,Node,29.70324,27.70566,0.0,1.99758,0.0
2025-10-12 16:40:00-07:00,2025-10-12 23:40:00+00:00,2025-10-12 16:45:00-07:00,2025-10-12 23:45:00+00:00,REAL_TIME_5_MIN,OAKLAND_1_N001,Node,39.00208,30.07187,7.13792,1.79228,0.0
2025-10-12 16:40:00-07:00,2025-10-12 23:40:00+00:00,2025-10-12 16:45:00-07:00,2025-10-12 23:45:00+00:00,REAL_TIME_5_MIN,PGSF_2_PDRP58-APND,AP Node,39.36483,30.07187,6.7606,2.53236,0.0
2025-10-12 16:40:00-07:00,2025-10-12 23:40:00+00:00,2025-10-12 16:45:00-07:00,2025-10-12 23:45:00+00:00,REAL_TIME_5_MIN,SNJOSEB_1_N001,Node,32.24006,30.07187,0.0,2.16818,0.0
2025-10-12 16:45:00-07:00,2025-10-12 23:45:00+00:00,2025-10-12 16:50:00-07:00,2025-10-12 23:50:00+00:00,REAL_TIME_5_MIN,OAKLAND_1_N001,Node,43.76389,35.0,7.05589,1.708,0.0
2025-10-12 16:45:00-07:00,2025-10-12 23:45:00+00:00,2025-10-12 16:50:00-07:00,2025-10-12 23:50:00+00:00,REAL_TIME_5_MIN,PGSF_2_PDRP58-APND,AP Node,44.244,35.0,6.6829,2.56109,0.0
2025-10-12 16:45:00-07:00,2025-10-12 23:45:00+00:00,2025-10-12 16:50:00-07:00,2025-10-12 23:50:00+00:00,REAL_TIME_5_MIN,SNJOSEB_1_N001,Node,37.149,35.0,0.0,2.149,0.0
2025-10-12 16:50:00-07:00,2025-10-12 23:50:00+00:00,2025-10-12 16:55:00-07:00,2025-10-12 23:55:00+00:00,REAL_TIME_5_MIN,OAKLAND_1_N001,Node,49.18659,40.02279,7.21069,1.95311,0.0
2025-10-12 16:50:00-07:00,2025-10-12 23:50:00+00:00,2025-10-12 16:55:00-07:00,2025-10-12 23:55:00+00:00,REAL_TIME_5_MIN,PGSF_2_PDRP58-APND,AP Node,49.78094,40.02279,6.82952,2.92863,0.0
2025-10-12 16:50:00-07:00,2025-10-12 23:50:00+00:00,2025-10-12 16:55:00-07:00,2025-10-12 23:55:00+00:00,REAL_TIME_5_MIN,SNJOSEB_1_N001,Node,42.48019,40.02279,0.0,2.4574,0.0
2025-10-12 16:55:00-07:00,2025-10-12 23:55:00+00:00,2025-10-12 17:00:00-07:00,2025-10-13 00:00:00+00:00,REAL_TIME_5_MIN,OAKLAND_1_N001,Node,51.34137,47.7939,1.21513,2.33234,0.0
2025-10-12 16:55:00-07:00,2025-10-12 23:55:00+00:00,2025-10-12 17:00:00-07:00,2025-10-13 00:00:00+00:00,REAL_TIME_5_MIN,PGSF_2_PDRP58-APND,AP Node,52.44207,47.7939,1.1509,3.49728,0.0
2025-10-12 16:55:00-07:00,2025-10-12 23:55:00+00:00,2025-10-12 17:00:00-07:00,2025-10-13 00:00:00+00:00,REAL_TIME_5_MIN,SNJOSEB_1_N001,Node,50.72844,47.7939,0.0,2.93455,0.0
2025-10-12 17:00:00-07:00,2025-10-13 00:00:00+00:00,2025-10-12 17:05:00-07:00,2025-10-13 00:05:00+00:00,REAL_TIME_5_MIN,OAKLAND_1_N001,Node,44.48233,36.11995,6.7731,1.58928,0.0
2025-10-12 17:00:00-07:00,2025-10-13 00:00:00+00:00,2025-10-12 17:05:00-07:00,2025-10-13 00:05:00+00:00,REAL_TIME_5_MIN,PGSF_2_PDRP58-APND,AP Node,45.04717,36.11995,6.41506,2.51216,0.0
2025-10-12 17:00:00-07:00,2025-10-13 00:00:00+00:00,2025-10-12 17:05:00-07:00,2025-10-13 00:05:00+00:00,REAL_TIME_5_MIN,SNJOSEB_1_N001,Node,38.19685,36.11995,0.0,2.0769,0.0
2025-10-12 17:05:00-07:00,2025-10-13 00:05:00+00:00,2025-10-12 17:10:00-07:00,2025-10-13 00:10:00+00:00,REAL_TIME_5_MIN,OAKLAND_1_N001,Node,42.16756,38.53943,1.93239,1.69573,0.0
2025-10-12 17:05:00-07:00,2025-10-13 00:05:00+00:00,2025-10-12 17:10:00-07:00,2025-10-13 00:10:00+00:00,REAL_TIME_5_MIN,PGSF_2_PDRP58-APND,AP Node,43.05011,38.53943,1.83024,2.68043,0.0
2025-10-12 17:05:00-07:00,2025-10-13 00:05:00+00:00,2025-10-12 17:10:00-07:00,2025-10-13 00:10:00+00:00,REAL_TIME_5_MIN,SNJOSEB_1_N001,Node,40.75545,38.53943,0.0,2.21602,0.0
2025-10-12 17:10:00-07:00,2025-10-13 00:10:00+00:00,2025-10-12 17:15:00-07:00,2025-10-13 00:15:00+00:00,REAL_TIME_5_MIN,OAKLAND_1_N001,Node,49.24342,46.0086,1.21044,2.02438,0.0
2025-10-12 17:10:00-07:00,2025-10-13 00:10:00+00:00,2025-10-12 17:15:00-07:00,2025-10-13 00:15:00+00:00,REAL_TIME_5_MIN,PGSF_2_PDRP58-APND,AP Node,50.35498,46.0086,1.14646,3.19992,0.0
2025-10-12 17:10:00-07:00,2025-10-13 00:10:00+00:00,2025-10-12 17:15:00-07:00,2025-10-13 00:15:00+00:00,REAL_TIME_5_MIN,SNJOSEB_1_N001,Node,48.6541,46.0086,0.0,2.64549,0.0
2025-10-12 17:15:00-07:00,2025-10-13 00:15:00+00:00,2025-10-12 17:20:00-07:00,2025-10-13 00:20:00+00:00,REAL_TIME_5_MIN,OAKLAND_1_N001,Node,51.73031,47.55628,2.20996,1.96407,0.0
2025-10-12 17:15:00-07:00,2025-10-13 00:15:00+00:00,2025-10-12 17:20:00-07:00,2025-10-13 00:20:00+00:00,REAL_TIME_5_MIN,PGSF_2_PDRP58-APND,AP Node,52.95632,47.55628,2.09313,3.30691,0.0
2025-10-12 17:15:00-07:00,2025-10-13 00:15:00+00:00,2025-10-12 17:20:00-07:00,2025-10-13 00:20:00+00:00,REAL_TIME_5_MIN,SNJOSEB_1_N001,Node,50.29552,47.55628,0.0,2.73924,0.0
2025-10-12 17:20:00-07:00,2025-10-13 00:20:00+00:00,2025-10-12 17:25:00-07:00,2025-10-13 00:25:00+00:00,REAL_TIME_5_MIN,OAKLAND_1_N001,Node,51.63408,49.42566,0.16714,2.04128,0.0
2025-10-12 17:20:00-07:00,2025-10-13 00:20:00+00:00,2025-10-12 17:25:00-07:00,2025-10-13 00:25:00+00:00,REAL_TIME_5_MIN,PGSF_2_PDRP58-APND,AP Node,53.02086,49.42566,0.15831,3.4369,0.0
2025-10-12 17:20:00-07:00,2025-10-13 00:20:00+00:00,2025-10-12 17:25:00-07:00,2025-10-13 00:25:00+00:00,REAL_TIME_5_MIN,SNJOSEB_1_N001,Node,52.27258,49.42566,0.0,2.84692,0.0
2025-10-12 17:25:00-07:00,2025-10-13 00:25:00+00:00,2025-10-12 17:30:00-07:00,2025-10-13 00:30:00+00:00,REAL_TIME_5_MIN,OAKLAND_1_N001,Node,57.33936,55.06517,0.0,2.27419,0.0
2025-10-12 17:25:00-07:00,2025-10-13 00:25:00+00:00,2025-10-12 17:30:00-07:00,2025-10-13 00:30:00+00:00,REAL_TIME_5_MIN,PGSF_2_PDRP58-APND,AP Node,58.89422,55.06517,0.0,3.82905,0.0
2025-10-12 17:25:00-07:00,2025-10-13 00:25:00+00:00,2025-10-12 17:30:00-07:00,2025-10-13 00:30:00+00:00,REAL_TIME_5_MIN,SNJOSEB_1_N001,Node,58.23692,55.06517,0.0,3.17175,0.0
2025-10-12 17:30:00-07:00,2025-10-13 00:30:00+00:00,2025-10-12 17:35:00-07:00,2025-10-13 00:35:00+00:00,REAL_TIME_5_MIN,OAKLAND_1_N001,Node,64.25779,61.43192,0.0,2.82587,0.0
2025-10-12 17:30:00-07:00,2025-10-13 00:30:00+00:00,2025-10-12 17:35:00-07:00,2025-10-13 00:35:00+00:00,REAL_TIME_5_MIN,PGSF_2_PDRP58-APND,AP Node,65.67047,61.43192,0.0,4.23855,0.0
2025-10-12 17:30:00-07:00,2025-10-13 00:30:00+00:00,2025-10-12 17:35:00-07:00,2025-10-13 00:35:00+00:00,REAL_TIME_5_MIN,SNJOSEB_1_N001,Node,65.35742,61.43192,0.0,3.9255,0.0
2025-10-12 17:35:00-07:00,2025-10-13 00:35:00+00:00,2025-10-12 17:40:00-07:00,2025-10-13 00:40:00+00:00,REAL_TIME_5_MIN,OAKLAND_1_N001,Node,66.01528,63.11212,0.0,2.90316,0.0
2025-10-12 17:35:00-07:00,2025-10-13 00:35:00+00:00,2025-10-12 17:40:00-07:00,2025-10-13 00:40:00+00:00,REAL_TIME_5_MIN,PGSF_2_PDRP58-APND,AP Node,67.4666,63.11212,0.0,4.35448,0.0
2025-10-12 17:35:00-07:00,2025-10-13 00:35:00+00:00,2025-10-12 17:40:00-07:00,2025-10-13 00:40:00+00:00,REAL_TIME_5_MIN,SNJOSEB_1_N001,Node,67.14499,63.11212,0.0,4.03286,0.0
2025-10-12 17:40:00-07:00,2025-10-13 00:40:00+00:00,2025-10-12 17:45:00-07:00,2025-10-13 00:45:00+00:00,REAL_TIME_5_MIN,OAKLAND_1_N001,Node,70.22907,67.1406,0.0,3.08847,0.0
2025-10-12 17:40:00-07:00,2025-10-13 00:40:00+00:00,2025-10-12 17:45:00-07:00,2025-10-13 00:45:00+00:00,REAL_TIME_5_MIN,PGSF_2_PDRP58-APND,AP Node,71.77303,67.1406,0.0,4.63243,0.0
2025-10-12 17:40:00-07:00,2025-10-13 00:40:00+00:00,2025-10-12 17:45:00-07:00,2025-10-13 00:45:00+00:00,REAL_TIME_5_MIN,SNJOSEB_1_N001,Node,71.43088,67.1406,0.0,4.29028,0.0
2025-10-12 17:45:00-07:00,2025-10-13 00:45:00+00:00,2025-10-12 17:50:00-07:00,2025-10-13 00:50:00+00:00,REAL_TIME_5_MIN,OAKLAND_1_N001,Node,89.00127,85.40569,0.0,3.59558,0.0
2025-10-12 17:45:00-07:00,2025-10-13 00:45:00+00:00,2025-10-12 17:50:00-07:00,2025-10-13 00:50:00+00:00,REAL_TIME_5_MIN,PGSF_2_PDRP58-APND,AP Node,90.34839,85.40569,0.0,4.9427,0.0
2025-10-12 17:45:00-07:00,2025-10-13 00:45:00+00:00,2025-10-12 17:50:00-07:00,2025-10-13 00:50:00+00:00,REAL_TIME_5_MIN,SNJOSEB_1_N001,Node,90.419,85.40569,0.0,5.01331,0.0
2025-10-12 17:50:00-07:00,2025-10-13 00:50:00+00:00,2025-10-12 17:55:00-07:00,2025-10-13 00:55:00+00:00,REAL_TIME_5_MIN,OAKLAND_1_N001,Node,112.02434,107.49864,0.0,4.52569,0.0
2025-10-12 17:50:00-07:00,2025-10-13 00:50:00+00:00,2025-10-12 17:55:00-07:00,2025-10-13 00:55:00+00:00,REAL_TIME_5_MIN,PGSF_2_PDRP58-APND,AP Node,113.71993,107.49864,0.0,6.22129,0.0
2025-10-12 17:50:00-07:00,2025-10-13 00:50:00+00:00,2025-10-12 17:55:00-07:00,2025-10-13 00:55:00+00:00,REAL_TIME_5_MIN,SNJOSEB_1_N001,Node,113.80881,107.49864,0.0,6.31017,0.0
2025-10-12 17:55:00-07:00,2025-10-13 00:55:00+00:00,2025-10-12 18:00:00-07:00,2025-10-13 01:00:00+00:00,REAL_TIME_5_MIN,OAKLAND_1_N001,Node,144.05945,138.23956,0.0,5.81989,0.0
2025-10-12 17:55:00-07:00,2025-10-13 00:55:00+00:00,2025-10-12 18:00:00-07:00,2025-10-13 01:00:00+00:00,REAL_TIME_5_MIN,PGSF_2_PDRP58-APND,AP Node,146.23993,138.23956,0.0,8.00036,0.0
2025-10-12 17:55:00-07:00,2025-10-13 00:55:00+00:00,2025-10-12 18:00:00-07:00,2025-10-13 01:00:00+00:00,REAL_TIME_5_MIN,SNJOSEB_1_N001,Node,146.35423,138.23956,0.0,8.11466,0.0
2025-10-12 18:00:00-07:00,2025-10-13 01:00:00+00:00,2025-10-12 18:05:00-07:00,2025-10-13 01:05:00+00:00,REAL_TIME_5_MIN,OAKLAND_1_N001,Node,55.97423,53.68716,0.0,2.28707,0.0
2025-10-12 18:00:00-07:00,2025-10-13 01:00:00+00:00,2025-10-12 18:05:00-07:00,2025-10-13 01:05:00+00:00,REAL_TIME_5_MIN,PGSF_2_PDRP58-APND,AP Node,57.18421,53.68716,0.0,3.49706,0.0
2025-10-12 18:00:00-07:00,2025-10-13 01:00:00+00:00,2025-10-12 18:05:00-07:00,2025-10-13 01:05:00+00:00,REAL_TIME_5_MIN,SNJOSEB_1_N001,Node,56.78491,53.68716,0.0,3.09775,0.0
2025-10-12 18:05:00-07:00,2025-10-13 01:05:00+00:00,2025-10-12 18:10:00-07:00,2025-10-13 01:10:00+00:00,REAL_TIME_5_MIN,OAKLAND_1_N001,Node,56.99299,54.66429,0.0,2.3287,0.0
2025-10-12 18:05:00-07:00,2025-10-13 01:05:00+00:00,2025-10-12 18:10:00-07:00,2025-10-13 01:10:00+00:00,REAL_TIME_5_MIN,PGSF_2_PDRP58-APND,AP Node,58.22499,54.66429,0.0,3.5607,0.0
2025-10-12 18:05:00-07:00,2025-10-13 01:05:00+00:00,2025-10-12 18:10:00-07:00,2025-10-13 01:10:00+00:00,REAL_TIME_5_MIN,SNJOSEB_1_N001,Node,57.81842,54.66429,0.0,3.15413,0.0
2025-10-12 18:10:00-07:00,2025-10-13 01:10:00+00:00,2025-10-12 18:15:00-07:00,2025-10-13 01:15:00+00:00,REAL_TIME_5_MIN,OAKLAND_1_N001,Node,59.67744,57.23906,0.0,2.43838,0.0
2025-10-12 18:10:00-07:00,2025-10-13 01:10:00+00:00,2025-10-12 18:15:00-07:00,2025-10-13 01:15:00+00:00,REAL_TIME_5_MIN,PGSF_2_PDRP58-APND,AP Node,60.96748,57.23906,0.0,3.72842,0.0
2025-10-12 18:10:00-07:00,2025-10-13 01:10:00+00:00,2025-10-12 18:15:00-07:00,2025-10-13 01:15:00+00:00,REAL_TIME_5_MIN,SNJOSEB_1_N001,Node,60.54175,57.23906,0.0,3.30269,0.0
2025-10-12 18:15:00-07:00,2025-10-13 01:15:00+00:00,2025-10-12 18:20:00-07:00,2025-10-13 01:20:00+00:00,REAL_TIME_5_MIN,OAKLAND_1_N001,Node,57.70637,55.40166,0.0,2.30471,0.0
2025-10-12 18:15:00-07:00,2025-10-13 01:15:00+00:00,2025-10-12 18:20:00-07:00,2025-10-13 01:20:00+00:00,REAL_TIME_5_MIN,PGSF_2_PDRP58-APND,AP Node,58.93837,55.40166,0.0,3.53671,0.0
2025-10-12 18:15:00-07:00,2025-10-13 01:15:00+00:00,2025-10-12 18:20:00-07:00,2025-10-13 01:20:00+00:00,REAL_TIME_5_MIN,SNJOSEB_1_N001,Node,58.52078,55.40166,0.0,3.11911,0.0
2025-10-12 18:20:00-07:00,2025-10-13 01:20:00+00:00,2025-10-12 18:25:00-07:00,2025-10-13 01:25:00+00:00,REAL_TIME_5_MIN,OAKLAND_1_N001,Node,59.94441,57.55032,0.0,2.39409,0.0
2025-10-12 18:20:00-07:00,2025-10-13 01:20:00+00:00,2025-10-12 18:25:00-07:00,2025-10-13 01:25:00+00:00,REAL_TIME_5_MIN,PGSF_2_PDRP58-APND,AP Node,61.22419,57.55032,0.0,3.67388,0.0
2025-10-12 18:20:00-07:00,2025-10-13 01:20:00+00:00,2025-10-12 18:25:00-07:00,2025-10-13 01:25:00+00:00,REAL_TIME_5_MIN,SNJOSEB_1_N001,Node,60.7904,57.55032,0.0,3.24008,0.0
2025-10-12 18:25:00-07:00,2025-10-13 01:25:00+00:00,2025-10-12 18:30:00-07:00,2025-10-13 01:30:00+00:00,REAL_TIME_5_MIN,OAKLAND_1_N001,Node,59.76251,57.37568,0.0,2.38683,0.0
2025-10-12 18:25:00-07:00,2025-10-13 01:25:00+00:00,2025-10-12 18:30:00-07:00,2025-10-13 01:30:00+00:00,REAL_TIME_5_MIN,PGSF_2_PDRP58-APND,AP Node,61.03841,57.37568,0.0,3.66273,0.0
2025-10-12 18:25:00-07:00,2025-10-13 01:25:00+00:00,2025-10-12 18:30:00-07:00,2025-10-13 01:30:00+00:00,REAL_TIME_5_MIN,SNJOSEB_1_N001,Node,60.60593,57.37568,0.0,3.23025,0.0
2025-10-12 18:30:00-07:00,2025-10-13 01:30:00+00:00,2025-10-12 18:35:00-07:00,2025-10-13 01:35:00+00:00,REAL_TIME_5_MIN,OAKLAND_1_N001,Node,60.97121,58.16753,0.0,2.80368,0.0
2025-10-12 18:30:00-07:00,2025-10-13 01:30:00+00:00,2025-10-12 18:35:00-07:00,2025-10-13 01:35:00+00:00,REAL_TIME_5_MIN,PGSF_2_PDRP58-APND,AP Node,62.30673,58.16753,0.0,4.1392,0.0
2025-10-12 18:30:00-07:00,2025-10-13 01:30:00+00:00,2025-10-12 18:35:00-07:00,2025-10-13 01:35:00+00:00,REAL_TIME_5_MIN,SNJOSEB_1_N001,Node,61.89025,58.16753,0.0,3.72272,0.0
2025-10-12 18:35:00-07:00,2025-10-13 01:35:00+00:00,2025-10-12 18:40:00-07:00,2025-10-13 01:40:00+00:00,REAL_TIME_5_MIN,OAKLAND_1_N001,Node,62.99908,60.10216,0.0,2.89692,0.0
2025-10-12 18:35:00-07:00,2025-10-13 01:35:00+00:00,2025-10-12 18:40:00-07:00,2025-10-13 01:40:00+00:00,REAL_TIME_5_MIN,PGSF_2_PDRP58-APND,AP Node,64.37902,60.10216,0.0,4.27686,0.0
2025-10-12 18:35:00-07:00,2025-10-13 01:35:00+00:00,2025-10-12 18:40:00-07:00,2025-10-13 01:40:00+00:00,REAL_TIME_5_MIN,SNJOSEB_1_N001,Node,63.9487,60.10216,0.0,3.84654,0.0
2025-10-12 18:40:00-07:00,2025-10-13 01:40:00+00:00,2025-10-12 18:45:00-07:00,2025-10-13 01:45:00+00:00,REAL_TIME_5_MIN,OAKLAND_1_N001,Node,60.99944,58.19447,0.0,2.80497,0.0
2025-10-12 18:40:00-07:00,2025-10-13 01:40:00+00:00,2025-10-12 18:45:00-07:00,2025-10-13 01:45:00+00:00,REAL_TIME_5_MIN,PGSF_2_PDRP58-APND,AP Node,62.33558,58.19447,0.0,4.14111,0.0
2025-10-12 18:40:00-07:00,2025-10-13 01:40:00+00:00,2025-10-12 18:45:00-07:00,2025-10-13 01:45:00+00:00,REAL_TIME_5_MIN,SNJOSEB_1_N001,Node,61.91891,58.19447,0.0,3.72445,0.0
2025-10-12 18:45:00-07:00,2025-10-13 01:45:00+00:00,2025-10-12 18:50:00-07:00,2025-10-13 01:50:00+00:00,REAL_TIME_5_MIN,OAKLAND_1_N001,Node,57.08139,54.21864,0.0,2.86274,0.0
2025-10-12 18:45:00-07:00,2025-10-13 01:45:00+00:00,2025-10-12 18:50:00-07:00,2025-10-13 01:50:00+00:00,REAL_TIME_5_MIN,PGSF_2_PDRP58-APND,AP Node,57.99548,54.21864,0.0,3.77684,0.0
2025-10-12 18:45:00-07:00,2025-10-13 01:45:00+00:00,2025-10-12 18:50:00-07:00,2025-10-13 01:50:00+00:00,REAL_TIME_5_MIN,SNJOSEB_1_N001,Node,57.90009,54.21864,0.0,3.68145,0.0
2025-10-12 18:50:00-07:00,2025-10-13 01:50:00+00:00,2025-10-12 18:55:00-07:00,2025-10-13 01:55:00+00:00,REAL_TIME_5_MIN,OAKLAND_1_N001,Node,56.8985,54.04493,0.0,2.85357,0.0
2025-10-12 18:50:00-07:00,2025-10-13 01:50:00+00:00,2025-10-12 18:55:00-07:00,2025-10-13 01:55:00+00:00,REAL_TIME_5_MIN,PGSF_2_PDRP58-APND,AP Node,57.80967,54.04493,0.0,3.76474,0.0
2025-10-12 18:50:00-07:00,2025-10-13 01:50:00+00:00,2025-10-12 18:55:00-07:00,2025-10-13 01:55:00+00:00,REAL_TIME_5_MIN,SNJOSEB_1_N001,Node,57.71458,54.04493,0.0,3.66965,0.0
2025-10-12 18:55:00-07:00,2025-10-13 01:55:00+00:00,2025-10-12 19:00:00-07:00,2025-10-13 02:00:00+00:00,REAL_TIME_5_MIN,OAKLAND_1_N001,Node,56.8985,54.04493,0.0,2.85357,0.0
2025-10-12 18:55:00-07:00,2025-10-13 01:55:00+00:00,2025-10-12 19:00:00-07:00,2025-10-13 02:00:00+00:00,REAL_TIME_5_MIN,PGSF_2_PDRP58-APND,AP Node,57.80967,54.04493,0.0,3.76474,0.0
2025-10-12 18:55:00-07:00,2025-10-13 01:55:00+00:00,2025-10-12 19:00:00-07:00,2025-10-13 02:00:00+00:00,REAL_TIME_5_MIN,SNJOSEB_1_N001,Node,57.71458,54.04493,0.0,3.66965,0.0
2025-10-12 19:00:00-07:00,2025-10-13 02:00:00+00:00,2025-10-12 19:05:00-07:00,2025-10-13 02:05:00+00:00,REAL_TIME_5_MIN,OAKLAND_1_N001,Node,54.59203,52.18126,0.0,2.41077,0.0
2025-10-12 19:00:00-07:00,2025-10-13 02:00:00+00:00,2025-10-12 19:05:00-07:00,2025-10-13 02:05:00+00:00,REAL_TIME_5_MIN,PGSF_2_PDRP58-APND,AP Node,55.63174,52.18126,0.0,3.45048,0.0
2025-10-12 19:00:00-07:00,2025-10-13 02:00:00+00:00,2025-10-12 19:05:00-07:00,2025-10-13 02:05:00+00:00,REAL_TIME_5_MIN,SNJOSEB_1_N001,Node,55.4478,52.18126,0.0,3.26655,0.0
2025-10-12 19:05:00-07:00,2025-10-13 02:05:00+00:00,2025-10-12 19:10:00-07:00,2025-10-13 02:10:00+00:00,REAL_TIME_5_MIN,OAKLAND_1_N001,Node,54.59203,52.18126,0.0,2.41077,0.0
2025-10-12 19:05:00-07:00,2025-10-13 02:05:00+00:00,2025-10-12 19:10:00-07:00,2025-10-13 02:10:00+00:00,REAL_TIME_5_MIN,PGSF_2_PDRP58-APND,AP Node,55.63174,52.18126,0.0,3.45048,0.0
2025-10-12 19:05:00-07:00,2025-10-13 02:05:00+00:00,2025-10-12 19:10:00-07:00,2025-10-13 02:10:00+00:00,REAL_TIME_5_MIN,SNJOSEB_1_N001,Node,55.4478,52.18126,0.0,3.26655,0.0
2025-10-12 19:10:00-07:00,2025-10-13 02:10:00+00:00,2025-10-12 19:15:00-07:00,2025-10-13 02:15:00+00:00,REAL_TIME_5_MIN,OAKLAND_1_N001,Node,54.59203,52.18126,0.0,2.41077,0.0
2025-10-12 19:10:00-07:00,2025-10-13 02:10:00+00:00,2025-10-12 19:15:00-07:00,2025-10-13 02:15:00+00:00,REAL_TIME_5_MIN,PGSF_2_PDRP58-APND,AP Node,55.63174,52.18126,0.0,3.45048,0.0
2025-10-12 19:10:00-07:00,2025-10-13 02:10:00+00:00,2025-10-12 19:15:00-07:00,2025-10-13 02:15:00+00:00,REAL_TIME_5_MIN,SNJOSEB_1_N001,Node,55.4478,52.18126,0.0,3.26655,0.0
2025-10-12 19:15:00-07:00,2025-10-13 02:15:00+00:00,2025-10-12 19:20:00-07:00,2025-10-13 02:20:00+00:00,REAL_TIME_5_MIN,OAKLAND_1_N001,Node,53.92945,51.48887,0.0,2.44057,0.0
2025-10-12 19:15:00-07:00,2025-10-13 02:15:00+00:00,2025-10-12 19:20:00-07:00,2025-10-13 02:20:00+00:00,REAL_TIME_5_MIN,PGSF_2_PDRP58-APND,AP Node,54.9984,51.48887,0.0,3.50953,0.0
2025-10-12 19:15:00-07:00,2025-10-13 02:15:00+00:00,2025-10-12 19:20:00-07:00,2025-10-13 02:20:00+00:00,REAL_TIME_5_MIN,SNJOSEB_1_N001,Node,54.8202,51.48887,0.0,3.33133,0.0
2025-10-12 19:20:00-07:00,2025-10-13 02:20:00+00:00,2025-10-12 19:25:00-07:00,2025-10-13 02:25:00+00:00,REAL_TIME_5_MIN,OAKLAND_1_N001,Node,51.90488,49.55593,0.0,2.34895,0.0
2025-10-12 19:20:00-07:00,2025-10-13 02:20:00+00:00,2025-10-12 19:25:00-07:00,2025-10-13 02:25:00+00:00,REAL_TIME_5_MIN,PGSF_2_PDRP58-APND,AP Node,52.93371,49.55593,0.0,3.37778,0.0
2025-10-12 19:20:00-07:00,2025-10-13 02:20:00+00:00,2025-10-12 19:25:00-07:00,2025-10-13 02:25:00+00:00,REAL_TIME_5_MIN,SNJOSEB_1_N001,Node,52.7622,49.55593,0.0,3.20627,0.0
2025-10-12 19:25:00-07:00,2025-10-13 02:25:00+00:00,2025-10-12 19:30:00-07:00,2025-10-13 02:30:00+00:00,REAL_TIME_5_MIN,OAKLAND_1_N001,Node,51.39243,49.06667,0.0,2.32576,0.0
2025-10-12 19:25:00-07:00,2025-10-13 02:25:00+00:00,2025-10-12 19:30:00-07:00,2025-10-13 02:30:00+00:00,REAL_TIME_5_MIN,PGSF_2_PDRP58-APND,AP Node,52.41109,49.06667,0.0,3.34443,0.0
2025-10-12 19:25:00-07:00,2025-10-13 02:25:00+00:00,2025-10-12 19:30:00-07:00,2025-10-13 02:30:00+00:00,REAL_TIME_5_MIN,SNJOSEB_1_N001,Node,52.24128,49.06667,0.0,3.17461,0.0
2025-10-12 19:30:00-07:00,2025-10-13 02:30:00+00:00,2025-10-12 19:35:00-07:00,2025-10-13 02:35:00+00:00,REAL_TIME_5_MIN,OAKLAND_1_N001,Node,51.04869,48.56692,0.0,2.48177,0.0
2025-10-12 19:30:00-07:00,2025-10-13 02:30:00+00:00,2025-10-12 19:35:00-07:00,2025-10-13 02:35:00+00:00,REAL_TIME_5_MIN,PGSF_2_PDRP58-APND,AP Node,51.95803,48.56692,0.0,3.39111,0.0
2025-10-12 19:30:00-07:00,2025-10-13 02:30:00+00:00,2025-10-12 19:35:00-07:00,2025-10-13 02:35:00+00:00,REAL_TIME_5_MIN,SNJOSEB_1_N001,Node,51.84519,48.56692,0.0,3.27827,0.0
2025-10-12 19:35:00-07:00,2025-10-13 02:35:00+00:00,2025-10-12 19:40:00-07:00,2025-10-13 02:40:00+00:00,REAL_TIME_5_MIN,OAKLAND_1_N001,Node,51.16075,48.67353,0.0,2.48722,0.0
2025-10-12 19:35:00-07:00,2025-10-13 02:35:00+00:00,2025-10-12 19:40:00-07:00,2025-10-13 02:40:00+00:00,REAL_TIME_5_MIN,PGSF_2_PDRP58-APND,AP Node,52.07208,48.67353,0.0,3.39855,0.0
2025-10-12 19:35:00-07:00,2025-10-13 02:35:00+00:00,2025-10-12 19:40:00-07:00,2025-10-13 02:40:00+00:00,REAL_TIME_5_MIN,SNJOSEB_1_N001,Node,51.95899,48.67353,0.0,3.28546,0.0
2025-10-12 19:40:00-07:00,2025-10-13 02:40:00+00:00,2025-10-12 19:45:00-07:00,2025-10-13 02:45:00+00:00,REAL_TIME_5_MIN,OAKLAND_1_N001,Node,51.09012,48.60634,0.0,2.48378,0.0
2025-10-12 19:40:00-07:00,2025-10-13 02:40:00+00:00,2025-10-12 19:45:00-07:00,2025-10-13 02:45:00+00:00,REAL_TIME_5_MIN,PGSF_2_PDRP58-APND,AP Node,52.0002,48.60634,0.0,3.39386,0.0
2025-10-12 19:40:00-07:00,2025-10-13 02:40:00+00:00,2025-10-12 19:45:00-07:00,2025-10-13 02:45:00+00:00,REAL_TIME_5_MIN,SNJOSEB_1_N001,Node,51.88727,48.60634,0.0,3.28093,0.0
2025-10-12 19:45:00-07:00,2025-10-13 02:45:00+00:00,2025-10-12 19:50:00-07:00,2025-10-13 02:50:00+00:00,REAL_TIME_5_MIN,OAKLAND_1_N001,Node,49.70411,47.40949,0.0,2.29462,0.0
2025-10-12 19:45:00-07:00,2025-10-13 02:45:00+00:00,2025-10-12 19:50:00-07:00,2025-10-13 02:50:00+00:00,REAL_TIME_5_MIN,PGSF_2_PDRP58-APND,AP Node,50.8887,47.40949,0.0,3.47921,0.0
2025-10-12 19:45:00-07:00,2025-10-13 02:45:00+00:00,2025-10-12 19:50:00-07:00,2025-10-13 02:50:00+00:00,REAL_TIME_5_MIN,SNJOSEB_1_N001,Node,50.51007,47.40949,0.0,3.10058,0.0
2025-10-12 19:50:00-07:00,2025-10-13 02:50:00+00:00,2025-10-12 19:55:00-07:00,2025-10-13 02:55:00+00:00,REAL_TIME_5_MIN,OAKLAND_1_N001,Node,48.99067,46.72899,0.0,2.26168,0.0
2025-10-12 19:50:00-07:00,2025-10-13 02:50:00+00:00,2025-10-12 19:55:00-07:00,2025-10-13 02:55:00+00:00,REAL_TIME_5_MIN,PGSF_2_PDRP58-APND,AP Node,50.15827,46.72899,0.0,3.42928,0.0
2025-10-12 19:50:00-07:00,2025-10-13 02:50:00+00:00,2025-10-12 19:55:00-07:00,2025-10-13 02:55:00+00:00,REAL_TIME_5_MIN,SNJOSEB_1_N001,Node,49.78507,46.72899,0.0,3.05608,0.0
2025-10-12 19:55:00-07:00,2025-10-13 02:55:00+00:00,2025-10-12 20:00:00-07:00,2025-10-13 03:00:00+00:00,REAL_TIME_5_MIN,OAKLAND_1_N001,Node,48.2837,46.05465,0.0,2.22905,0.0
2025-10-12 19:55:00-07:00,2025-10-13 02:55:00+00:00,2025-10-12 20:00:00-07:00,2025-10-13 03:00:00+00:00,REAL_TIME_5_MIN,PGSF_2_PDRP58-APND,AP Node,49.43444,46.05465,0.0,3.37979,0.0
2025-10-12 19:55:00-07:00,2025-10-13 02:55:00+00:00,2025-10-12 20:00:00-07:00,2025-10-13 03:00:00+00:00,REAL_TIME_5_MIN,SNJOSEB_1_N001,Node,49.06663,46.05465,0.0,3.01197,0.0
2025-10-12 20:00:00-07:00,2025-10-13 03:00:00+00:00,2025-10-12 20:05:00-07:00,2025-10-13 03:05:00+00:00,REAL_TIME_5_MIN,OAKLAND_1_N001,Node,50.89145,48.43576,0.0,2.45569,0.0
2025-10-12 20:00:00-07:00,2025-10-13 03:00:00+00:00,2025-10-12 20:05:00-07:00,2025-10-13 03:05:00+00:00,REAL_TIME_5_MIN,PGSF_2_PDRP58-APND,AP Node,52.03099,48.43576,0.0,3.59523,0.0
2025-10-12 20:00:00-07:00,2025-10-13 03:00:00+00:00,2025-10-12 20:05:00-07:00,2025-10-13 03:05:00+00:00,REAL_TIME_5_MIN,SNJOSEB_1_N001,Node,51.58408,48.43576,0.0,3.14832,0.0
2025-10-12 20:05:00-07:00,2025-10-13 03:05:00+00:00,2025-10-12 20:10:00-07:00,2025-10-13 03:10:00+00:00,REAL_TIME_5_MIN,OAKLAND_1_N001,Node,49.55609,47.16483,0.0,2.39126,0.0
2025-10-12 20:05:00-07:00,2025-10-13 03:05:00+00:00,2025-10-12 20:10:00-07:00,2025-10-13 03:10:00+00:00,REAL_TIME_5_MIN,PGSF_2_PDRP58-APND,AP Node,50.66572,47.16483,0.0,3.50089,0.0
2025-10-12 20:05:00-07:00,2025-10-13 03:05:00+00:00,2025-10-12 20:10:00-07:00,2025-10-13 03:10:00+00:00,REAL_TIME_5_MIN,SNJOSEB_1_N001,Node,50.23054,47.16483,0.0,3.06571,0.0
2025-10-12 20:10:00-07:00,2025-10-13 03:10:00+00:00,2025-10-12 20:15:00-07:00,2025-10-13 03:15:00+00:00,REAL_TIME_5_MIN,OAKLAND_1_N001,Node,49.1912,46.81755,0.0,2.37365,0.0
2025-10-12 20:10:00-07:00,2025-10-13 03:10:00+00:00,2025-10-12 20:15:00-07:00,2025-10-13 03:15:00+00:00,REAL_TIME_5_MIN,PGSF_2_PDRP58-APND,AP Node,50.29267,46.81755,0.0,3.47512,0.0
2025-10-12 20:10:00-07:00,2025-10-13 03:10:00+00:00,2025-10-12 20:15:00-07:00,2025-10-13 03:15:00+00:00,REAL_TIME_5_MIN,SNJOSEB_1_N001,Node,49.86069,46.81755,0.0,3.04314,0.0
2025-10-12 20:15:00-07:00,2025-10-13 03:15:00+00:00,2025-10-12 20:20:00-07:00,2025-10-13 03:20:00+00:00,REAL_TIME_5_MIN,OAKLAND_1_N001,Node,47.59795,45.44825,0.0,2.1497,0.0
2025-10-12 20:15:00-07:00,2025-10-13 03:15:00+00:00,2025-10-12 20:20:00-07:00,2025-10-13 03:20:00+00:00,REAL_TIME_5_MIN,PGSF_2_PDRP58-APND,AP Node,48.62636,45.44825,0.0,3.17811,0.0
2025-10-12 20:15:00-07:00,2025-10-13 03:15:00+00:00,2025-10-12 20:20:00-07:00,2025-10-13 03:20:00+00:00,REAL_TIME_5_MIN,SNJOSEB_1_N001,Node,48.22514,45.44825,0.0,2.77689,0.0
2025-10-12 20:20:00-07:00,2025-10-13 03:20:00+00:00,2025-10-12 20:25:00-07:00,2025-10-13 03:25:00+00:00,REAL_TIME_5_MIN,OAKLAND_1_N001,Node,47.43217,45.28995,0.0,2.14221,0.0
2025-10-12 20:20:00-07:00,2025-10-13 03:20:00+00:00,2025-10-12 20:25:00-07:00,2025-10-13 03:25:00+00:00,REAL_TIME_5_MIN,PGSF_2_PDRP58-APND,AP Node,48.457,45.28995,0.0,3.16704,0.0
2025-10-12 20:20:00-07:00,2025-10-13 03:20:00+00:00,2025-10-12 20:25:00-07:00,2025-10-13 03:25:00+00:00,REAL_TIME_5_MIN,SNJOSEB_1_N001,Node,48.05717,45.28995,0.0,2.76722,0.0
2025-10-12 20:25:00-07:00,2025-10-13 03:25:00+00:00,2025-10-12 20:30:00-07:00,2025-10-13 03:30:00+00:00,REAL_TIME_5_MIN,OAKLAND_1_N001,Node,46.52732,44.42597,0.0,2.10135,0.0
2025-10-12 20:25:00-07:00,2025-10-13 03:25:00+00:00,2025-10-12 20:30:00-07:00,2025-10-13 03:30:00+00:00,REAL_TIME_5_MIN,PGSF_2_PDRP58-APND,AP Node,47.5326,44.42597,0.0,3.10663,0.0
2025-10-12 20:25:00-07:00,2025-10-13 03:25:00+00:00,2025-10-12 20:30:00-07:00,2025-10-13 03:30:00+00:00,REAL_TIME_5_MIN,SNJOSEB_1_N001,Node,47.1404,44.42597,0.0,2.71443,0.0
2025-10-12 20:30:00-07:00,2025-10-13 03:30:00+00:00,2025-10-12 20:35:00-07:00,2025-10-13 03:35:00+00:00,REAL_TIME_5_MIN,OAKLAND_1_N001,Node,46.93872,44.87021,0.0,2.06852,0.0
2025-10-12 20:30:00-07:00,2025-10-13 03:30:00+00:00,2025-10-12 20:35:00-07:00,2025-10-13 03:35:00+00:00,REAL_TIME_5_MIN,PGSF_2_PDRP58-APND,AP Node,47.91486,44.87021,0.0,3.04466,0.0
2025-10-12 20:30:00-07:00,2025-10-13 03:30:00+00:00,2025-10-12 20:35:00-07:00,2025-10-13 03:35:00+00:00,REAL_TIME_5_MIN,SNJOSEB_1_N001,Node,47.57139,44.87021,0.0,2.70119,0.0
2025-10-12 20:35:00-07:00,2025-10-13 03:35:00+00:00,2025-10-12 20:40:00-07:00,2025-10-13 03:40:00+00:00,REAL_TIME_5_MIN,OAKLAND_1_N001,Node,46.44506,44.3983,0.0,2.04676,0.0
2025-10-12 20:35:00-07:00,2025-10-13 03:35:00+00:00,2025-10-12 20:40:00-07:00,2025-10-13 03:40:00+00:00,REAL_TIME_5_MIN,PGSF_2_PDRP58-APND,AP Node,47.41093,44.3983,0.0,3.01263,0.0
2025-10-12 20:35:00-07:00,2025-10-13 03:35:00+00:00,2025-10-12 20:40:00-07:00,2025-10-13 03:40:00+00:00,REAL_TIME_5_MIN,SNJOSEB_1_N001,Node,47.07108,44.3983,0.0,2.67278,0.0
2025-10-12 20:40:00-07:00,2025-10-13 03:40:00+00:00,2025-10-12 20:45:00-07:00,2025-10-13 03:45:00+00:00,REAL_TIME_5_MIN,OAKLAND_1_N001,Node,45.65341,43.64153,0.0,2.01187,0.0
2025-10-12 20:40:00-07:00,2025-10-13 03:40:00+00:00,2025-10-12 20:45:00-07:00,2025-10-13 03:45:00+00:00,REAL_TIME_5_MIN,PGSF_2_PDRP58-APND,AP Node,46.60282,43.64153,0.0,2.96128,0.0
2025-10-12 20:40:00-07:00,2025-10-13 03:40:00+00:00,2025-10-12 20:45:00-07:00,2025-10-13 03:45:00+00:00,REAL_TIME_5_MIN,SNJOSEB_1_N001,Node,46.26875,43.64153,0.0,2.62722,0.0
2025-10-12 20:45:00-07:00,2025-10-13 03:45:00+00:00,2025-10-12 20:50:00-07:00,2025-10-13 03:50:00+00:00,REAL_TIME_5_MIN,OAKLAND_1_N001,Node,46.38746,44.53481,0.0,1.85265,0.0
2025-10-12 20:45:00-07:00,2025-10-13 03:45:00+00:00,2025-10-12 20:50:00-07:00,2025-10-13 03:50:00+00:00,REAL_TIME_5_MIN,PGSF_2_PDRP58-APND,AP Node,47.34913,44.53481,0.0,2.81432,0.0
2025-10-12 20:45:00-07:00,2025-10-13 03:45:00+00:00,2025-10-12 20:50:00-07:00,2025-10-13 03:50:00+00:00,REAL_TIME_5_MIN,SNJOSEB_1_N001,Node,47.02876,44.53481,0.0,2.49395,0.0
2025-10-12 20:50:00-07:00,2025-10-13 03:50:00+00:00,2025-10-12 20:55:00-07:00,2025-10-13 03:55:00+00:00,REAL_TIME_5_MIN,OAKLAND_1_N001,Node,47.24875,45.3617,0.0,1.88705,0.0
2025-10-12 20:50:00-07:00,2025-10-13 03:50:00+00:00,2025-10-12 20:55:00-07:00,2025-10-13 03:55:00+00:00,REAL_TIME_5_MIN,PGSF_2_PDRP58-APND,AP Node,48.22827,45.3617,0.0,2.86657,0.0
2025-10-12 20:50:00-07:00,2025-10-13 03:50:00+00:00,2025-10-12 20:55:00-07:00,2025-10-13 03:55:00+00:00,REAL_TIME_5_MIN,SNJOSEB_1_N001,Node,47.90196,45.3617,0.0,2.54026,0.0
2025-10-12 20:55:00-07:00,2025-10-13 03:55:00+00:00,2025-10-12 21:00:00-07:00,2025-10-13 04:00:00+00:00,REAL_TIME_5_MIN,OAKLAND_1_N001,Node,47.63299,45.73059,0.0,1.90239,0.0
2025-10-12 20:55:00-07:00,2025-10-13 03:55:00+00:00,2025-10-12 21:00:00-07:00,2025-10-13 04:00:00+00:00,REAL_TIME_5_MIN,PGSF_2_PDRP58-APND,AP Node,48.62047,45.73059,0.0,2.88988,0.0
2025-10-12 20:55:00-07:00,2025-10-13 03:55:00+00:00,2025-10-12 21:00:00-07:00,2025-10-13 04:00:00+00:00,REAL_TIME_5_MIN,SNJOSEB_1_N001,Node,48.29151,45.73059,0.0,2.56091,0.0
2025-10-12 21:00:00-07:00,2025-10-13 04:00:00+00:00,2025-10-12 21:05:00-07:00,2025-10-13 04:05:00+00:00,REAL_TIME_5_MIN,OAKLAND_1_N001,Node,51.16913,49.21528,0.0,1.95385,0.0
2025-10-12 21:00:00-07:00,2025-10-13 04:00:00+00:00,2025-10-12 21:05:00-07:00,2025-10-13 04:05:00+00:00,REAL_TIME_5_MIN,PGSF_2_PDRP58-APND,AP Node,52.24415,49.21528,0.0,3.02887,0.0
2025-10-12 21:00:00-07:00,2025-10-13 04:00:00+00:00,2025-10-12 21:05:00-07:00,2025-10-13 04:05:00+00:00,REAL_TIME_5_MIN,SNJOSEB_1_N001,Node,51.91228,49.21528,0.0,2.697,0.0
2025-10-12 21:05:00-07:00,2025-10-13 04:05:00+00:00,2025-10-12 21:10:00-07:00,2025-10-13 04:10:00+00:00,REAL_TIME_5_MIN,OAKLAND_1_N001,Node,51.30425,49.34524,0.0,1.95901,0.0
2025-10-12 21:05:00-07:00,2025-10-13 04:05:00+00:00,2025-10-12 21:10:00-07:00,2025-10-13 04:10:00+00:00,REAL_TIME_5_MIN,PGSF_2_PDRP58-APND,AP Node,52.38211,49.34524,0.0,3.03687,0.0
2025-10-12 21:05:00-07:00,2025-10-13 04:05:00+00:00,2025-10-12 21:10:00-07:00,2025-10-13 04:10:00+00:00,REAL_TIME_5_MIN,SNJOSEB_1_N001,Node,52.04936,49.34524,0.0,2.70412,0.0
2025-10-12 21:10:00-07:00,2025-10-13 04:10:00+00:00,2025-10-12 21:15:00-07:00,2025-10-13 04:15:00+00:00,REAL_TIME_5_MIN,OAKLAND_1_N001,Node,51.16913,49.21528,0.0,1.95385,0.0
2025-10-12 21:10:00-07:00,2025-10-13 04:10:00+00:00,2025-10-12 21:15:00-07:00,2025-10-13 04:15:00+00:00,REAL_TIME_5_MIN,PGSF_2_PDRP58-APND,AP Node,52.24415,49.21528,0.0,3.02887,0.0
2025-10-12 21:10:00-07:00,2025-10-13 04:10:00+00:00,2025-10-12 21:15:00-07:00,2025-10-13 04:15:00+00:00,REAL_TIME_5_MIN,SNJOSEB_1_N001,Node,51.91228,49.21528,0.0,2.697,0.0
2025-10-12 21:15:00-07:00,2025-10-13 04:15:00+00:00,2025-10-12 21:20:00-07:00,2025-10-13 04:20:00+00:00,REAL_TIME_5_MIN,OAKLAND_1_N001,Node,50.66027,48.77746,0.0,1.88281,0.0
2025-10-12 21:15:00-07:00,2025-10-13 04:15:00+00:00,2025-10-12 21:20:00-07:00,2025-10-13 04:20:00+00:00,REAL_TIME_5_MIN,PGSF_2_PDRP58-APND,AP Node,51.72397,48.77746,0.0,2.94652,0.0
2025-10-12 21:15:00-07:00,2025-10-13 04:15:00+00:00,2025-10-12 21:20:00-07:00,2025-10-13 04:20:00+00:00,REAL_TIME_5_MIN,SNJOSEB_1_N001,Node,51.40168,48.77746,0.0,2.62423,0.0
2025-10-12 21:20:00-07:00,2025-10-13 04:20:00+00:00,2025-10-12 21:25:00-07:00,2025-10-13 04:25:00+00:00,REAL_TIME_5_MIN,OAKLAND_1_N001,Node,52.16872,50.22984,0.0,1.93887,0.0
2025-10-12 21:20:00-07:00,2025-10-13 04:20:00+00:00,2025-10-12 21:25:00-07:00,2025-10-13 04:25:00+00:00,REAL_TIME_5_MIN,PGSF_2_PDRP58-APND,AP Node,53.2641,50.22984,0.0,3.03425,0.0
2025-10-12 21:20:00-07:00,2025-10-13 04:20:00+00:00,2025-10-12 21:25:00-07:00,2025-10-13 04:25:00+00:00,REAL_TIME_5_MIN,SNJOSEB_1_N001,Node,52.93221,50.22984,0.0,2.70237,0.0
2025-10-12 21:25:00-07:00,2025-10-13 04:25:00+00:00,2025-10-12 21:30:00-07:00,2025-10-13 04:30:00+00:00,REAL_TIME_5_MIN,OAKLAND_1_N001,Node,51.48711,49.57357,0.0,1.91354,0.0
2025-10-12 21:25:00-07:00,2025-10-13 04:25:00+00:00,2025-10-12 21:30:00-07:00,2025-10-13 04:30:00+00:00,REAL_TIME_5_MIN,PGSF_2_PDRP58-APND,AP Node,52.56817,49.57357,0.0,2.99461,0.0
2025-10-12 21:25:00-07:00,2025-10-13 04:25:00+00:00,2025-10-12 21:30:00-07:00,2025-10-13 04:30:00+00:00,REAL_TIME_5_MIN,SNJOSEB_1_N001,Node,52.24062,49.57357,0.0,2.66706,0.0
2025-10-12 21:30:00-07:00,2025-10-13 04:30:00+00:00,2025-10-12 21:35:00-07:00,2025-10-13 04:35:00+00:00,REAL_TIME_5_MIN,OAKLAND_1_N001,Node,50.75708,48.93664,0.0,1.82044,0.0
2025-10-12 21:30:00-07:00,2025-10-13 04:30:00+00:00,2025-10-12 21:35:00-07:00,2025-10-13 04:35:00+00:00,REAL_TIME_5_MIN,PGSF_2_PDRP58-APND,AP Node,51.77349,48.93664,0.0,2.83685,0.0
2025-10-12 21:30:00-07:00,2025-10-13 04:30:00+00:00,2025-10-12 21:35:00-07:00,2025-10-13 04:35:00+00:00,REAL_TIME_5_MIN,SNJOSEB_1_N001,Node,51.49602,48.93664,0.0,2.55939,0.0
2025-10-12 21:35:00-07:00,2025-10-13 04:35:00+00:00,2025-10-12 21:40:00-07:00,2025-10-13 04:40:00+00:00,REAL_TIME_5_MIN,OAKLAND_1_N001,Node,50.93353,49.10676,0.0,1.82677,0.0
2025-10-12 21:35:00-07:00,2025-10-13 04:35:00+00:00,2025-10-12 21:40:00-07:00,2025-10-13 04:40:00+00:00,REAL_TIME_5_MIN,PGSF_2_PDRP58-APND,AP Node,51.95347,49.10676,0.0,2.84671,0.0
2025-10-12 21:35:00-07:00,2025-10-13 04:35:00+00:00,2025-10-12 21:40:00-07:00,2025-10-13 04:40:00+00:00,REAL_TIME_5_MIN,SNJOSEB_1_N001,Node,51.67504,49.10676,0.0,2.56828,0.0
2025-10-12 21:40:00-07:00,2025-10-13 04:40:00+00:00,2025-10-12 21:45:00-07:00,2025-10-13 04:45:00+00:00,REAL_TIME_5_MIN,OAKLAND_1_N001,Node,51.97638,50.11221,0.0,1.86417,0.0
2025-10-12 21:40:00-07:00,2025-10-13 04:40:00+00:00,2025-10-12 21:45:00-07:00,2025-10-13 04:45:00+00:00,REAL_TIME_5_MIN,PGSF_2_PDRP58-APND,AP Node,53.01721,50.11221,0.0,2.905,0.0
2025-10-12 21:40:00-07:00,2025-10-13 04:40:00+00:00,2025-10-12 21:45:00-07:00,2025-10-13 04:45:00+00:00,REAL_TIME_5_MIN,SNJOSEB_1_N001,Node,52.73308,50.11221,0.0,2.62087,0.0
2025-10-12 21:45:00-07:00,2025-10-13 04:45:00+00:00,2025-10-12 21:50:00-07:00,2025-10-13 04:50:00+00:00,REAL_TIME_5_MIN,OAKLAND_1_N001,Node,51.33767,49.70727,0.0,1.6304,0.0
2025-10-12 21:45:00-07:00,2025-10-13 04:45:00+00:00,2025-10-12 21:50:00-07:00,2025-10-13 04:50:00+00:00,REAL_TIME_5_MIN,PGSF_2_PDRP58-APND,AP Node,52.31548,49.70727,0.0,2.60821,0.0
2025-10-12 21:45:00-07:00,2025-10-13 04:45:00+00:00,2025-10-12 21:50:00-07:00,2025-10-13 04:50:00+00:00,REAL_TIME_5_MIN,SNJOSEB_1_N001,Node,52.0634,49.70727,0.0,2.35612,0.0
2025-10-12 21:50:00-07:00,2025-10-13 04:50:00+00:00,2025-10-12 21:55:00-07:00,2025-10-13 04:55:00+00:00,REAL_TIME_5_MIN,OAKLAND_1_N001,Node,51.90868,50.26015,0.0,1.64853,0.0
2025-10-12 21:50:00-07:00,2025-10-13 04:50:00+00:00,2025-10-12 21:55:00-07:00,2025-10-13 04:55:00+00:00,REAL_TIME_5_MIN,PGSF_2_PDRP58-APND,AP Node,52.89736,50.26015,0.0,2.63722,0.0
2025-10-12 21:50:00-07:00,2025-10-13 04:50:00+00:00,2025-10-12 21:55:00-07:00,2025-10-13 04:55:00+00:00,REAL_TIME_5_MIN,SNJOSEB_1_N001,Node,52.64248,50.26015,0.0,2.38233,0.0
2025-10-12 21:55:00-07:00,2025-10-13 04:55:00+00:00,2025-10-12 22:00:00-07:00,2025-10-13 05:00:00+00:00,REAL_TIME_5_MIN,OAKLAND_1_N001,Node,52.30316,50.6421,0.0,1.66106,0.0
2025-10-12 21:55:00-07:00,2025-10-13 04:55:00+00:00,2025-10-12 22:00:00-07:00,2025-10-13 05:00:00+00:00,REAL_TIME_5_MIN,PGSF_2_PDRP58-APND,AP Node,53.29936,50.6421,0.0,2.65726,0.0
2025-10-12 21:55:00-07:00,2025-10-13 04:55:00+00:00,2025-10-12 22:00:00-07:00,2025-10-13 05:00:00+00:00,REAL_TIME_5_MIN,SNJOSEB_1_N001,Node,53.04254,50.6421,0.0,2.40044,0.0
2025-10-12 22:00:00-07:00,2025-10-13 05:00:00+00:00,2025-10-12 22:05:00-07:00,2025-10-13 05:05:00+00:00,REAL_TIME_5_MIN,OAKLAND_1_N001,Node,53.1285,51.71664,0.0,1.41186,0.0
2025-10-12 22:00:00-07:00,2025-10-13 05:00:00+00:00,2025-10-12 22:05:00-07:00,2025-10-13 05:05:00+00:00,REAL_TIME_5_MIN,PGSF_2_PDRP58-APND,AP Node,54.26873,51.71664,0.0,2.55209,0.0
2025-10-12 22:00:00-07:00,2025-10-13 05:00:00+00:00,2025-10-12 22:05:00-07:00,2025-10-13 05:05:00+00:00,REAL_TIME_5_MIN,SNJOSEB_1_N001,Node,54.03354,51.71664,0.0,2.31691,0.0
2025-10-12 22:05:00-07:00,2025-10-13 05:05:00+00:00,2025-10-12 22:10:00-07:00,2025-10-13 05:10:00+00:00,REAL_TIME_5_MIN,OAKLAND_1_N001,Node,52.38374,50.99167,0.0,1.39207,0.0
2025-10-12 22:05:00-07:00,2025-10-13 05:05:00+00:00,2025-10-12 22:10:00-07:00,2025-10-13 05:10:00+00:00,REAL_TIME_5_MIN,PGSF_2_PDRP58-APND,AP Node,53.50799,50.99167,0.0,2.51632,0.0
2025-10-12 22:05:00-07:00,2025-10-13 05:05:00+00:00,2025-10-12 22:10:00-07:00,2025-10-13 05:10:00+00:00,REAL_TIME_5_MIN,SNJOSEB_1_N001,Node,53.27609,50.99167,0.0,2.28443,0.0
2025-10-12 22:10:00-07:00,2025-10-13 05:10:00+00:00,2025-10-12 22:15:00-07:00,2025-10-13 05:15:00+00:00,REAL_TIME_5_MIN,OAKLAND_1_N001,Node,52.19721,50.8101,0.0,1.38712,0.0
2025-10-12 22:10:00-07:00,2025-10-13 05:10:00+00:00,2025-10-12 22:15:00-07:00,2025-10-13 05:15:00+00:00,REAL_TIME_5_MIN,PGSF_2_PDRP58-APND,AP Node,53.31746,50.8101,0.0,2.50736,0.0
2025-10-12 22:10:00-07:00,2025-10-13 05:10:00+00:00,2025-10-12 22:15:00-07:00,2025-10-13 05:15:00+00:00,REAL_TIME_5_MIN,SNJOSEB_1_N001,Node,53.08639,50.8101,0.0,2.27629,0.0
2025-10-12 22:15:00-07:00,2025-10-13 05:15:00+00:00,2025-10-12 22:20:00-07:00,2025-10-13 05:20:00+00:00,REAL_TIME_5_MIN,OAKLAND_1_N001,Node,51.65621,50.55413,0.0,1.10208,0.0
2025-10-12 22:15:00-07:00,2025-10-13 05:15:00+00:00,2025-10-12 22:20:00-07:00,2025-10-13 05:20:00+00:00,REAL_TIME_5_MIN,PGSF_2_PDRP58-APND,AP Node,52.81322,50.55413,0.0,2.25909,0.0
2025-10-12 22:15:00-07:00,2025-10-13 05:15:00+00:00,2025-10-12 22:20:00-07:00,2025-10-13 05:20:00+00:00,REAL_TIME_5_MIN,SNJOSEB_1_N001,Node,52.60663,50.55413,0.0,2.0525,0.0
2025-10-12 22:20:00-07:00,2025-10-13 05:20:00+00:00,2025-10-12 22:25:00-07:00,2025-10-13 05:25:00+00:00,REAL_TIME_5_MIN,OAKLAND_1_N001,Node,55.75494,54.56541,0.0,1.18953,0.0
2025-10-12 22:20:00-07:00,2025-10-13 05:20:00+00:00,2025-10-12 22:25:00-07:00,2025-10-13 05:25:00+00:00,REAL_TIME_5_MIN,PGSF_2_PDRP58-APND,AP Node,57.00375,54.56541,0.0,2.43834,0.0
2025-10-12 22:20:00-07:00,2025-10-13 05:20:00+00:00,2025-10-12 22:25:00-07:00,2025-10-13 05:25:00+00:00,REAL_TIME_5_MIN,SNJOSEB_1_N001,Node,56.78077,54.56541,0.0,2.21536,0.0
2025-10-12 22:25:00-07:00,2025-10-13 05:25:00+00:00,2025-10-12 22:30:00-07:00,2025-10-13 05:30:00+00:00,REAL_TIME_5_MIN,OAKLAND_1_N001,Node,53.56476,52.42196,0.0,1.1428,0.0
2025-10-12 22:25:00-07:00,2025-10-13 05:25:00+00:00,2025-10-12 22:30:00-07:00,2025-10-13 05:30:00+00:00,REAL_TIME_5_MIN,PGSF_2_PDRP58-APND,AP Node,54.76452,52.42196,0.0,2.34256,0.0
2025-10-12 22:25:00-07:00,2025-10-13 05:25:00+00:00,2025-10-12 22:30:00-07:00,2025-10-13 05:30:00+00:00,REAL_TIME_5_MIN,SNJOSEB_1_N001,Node,54.55029,52.42196,0.0,2.12833,0.0
2025-10-12 22:30:00-07:00,2025-10-13 05:30:00+00:00,2025-10-12 22:35:00-07:00,2025-10-13 05:35:00+00:00,REAL_TIME_5_MIN,OAKLAND_1_N001,Node,55.32019,54.27805,0.0,1.04214,0.0
2025-10-12 22:30:00-07:00,2025-10-13 05:30:00+00:00,2025-10-12 22:35:00-07:00,2025-10-13 05:35:00+00:00,REAL_TIME_5_MIN,PGSF_2_PDRP58-APND,AP Node,56.56785,54.27805,0.0,2.2898,0.0
2025-10-12 22:30:00-07:00,2025-10-13 05:30:00+00:00,2025-10-12 22:35:00-07:00,2025-10-13 05:35:00+00:00,REAL_TIME_5_MIN,SNJOSEB_1_N001,Node,56.38946,54.27805,0.0,2.11142,0.0
2025-10-12 22:35:00-07:00,2025-10-13 05:35:00+00:00,2025-10-12 22:40:00-07:00,2025-10-13 05:40:00+00:00,REAL_TIME_5_MIN,OAKLAND_1_N001,Node,55.84727,54.79521,0.0,1.05207,0.0
2025-10-12 22:35:00-07:00,2025-10-13 05:35:00+00:00,2025-10-12 22:40:00-07:00,2025-10-13 05:40:00+00:00,REAL_TIME_5_MIN,PGSF_2_PDRP58-APND,AP Node,57.10683,54.79521,0.0,2.31162,0.0
2025-10-12 22:35:00-07:00,2025-10-13 05:35:00+00:00,2025-10-12 22:40:00-07:00,2025-10-13 05:40:00+00:00,REAL_TIME_5_MIN,SNJOSEB_1_N001,Node,56.92674,54.79521,0.0,2.13153,0.0
2025-10-12 22:40:00-07:00,2025-10-13 05:40:00+00:00,2025-10-12 22:45:00-07:00,2025-10-13 05:45:00+00:00,REAL_TIME_5_MIN,OAKLAND_1_N001,Node,57.04921,55.9745,0.0,1.07471,0.0
2025-10-12 22:40:00-07:00,2025-10-13 05:40:00+00:00,2025-10-12 22:45:00-07:00,2025-10-13 05:45:00+00:00,REAL_TIME_5_MIN,PGSF_2_PDRP58-APND,AP Node,58.33587,55.9745,0.0,2.36137,0.0
2025-10-12 22:40:00-07:00,2025-10-13 05:40:00+00:00,2025-10-12 22:45:00-07:00,2025-10-13 05:45:00+00:00,REAL_TIME_5_MIN,SNJOSEB_1_N001,Node,58.15191,55.9745,0.0,2.17741,0.0
2025-10-12 22:45:00-07:00,2025-10-13 05:45:00+00:00,2025-10-12 22:50:00-07:00,2025-10-13 05:50:00+00:00,REAL_TIME_5_MIN,OAKLAND_1_N001,Node,55.88234,54.86729,0.0,1.01504,0.0
2025-10-12 22:45:00-07:00,2025-10-13 05:45:00+00:00,2025-10-12 22:50:00-07:00,2025-10-13 05:50:00+00:00,REAL_TIME_5_MIN,PGSF_2_PDRP58-APND,AP Node,57.10171,54.86729,0.0,2.23441,0.0
2025-10-12 22:45:00-07:00,2025-10-13 05:45:00+00:00,2025-10-12 22:50:00-07:00,2025-10-13 05:50:00+00:00,REAL_TIME_5_MIN,SNJOSEB_1_N001,Node,56.93579,54.86729,0.0,2.0685,0.0
2025-10-12 22:50:00-07:00,2025-10-13 05:50:00+00:00,2025-10-12 22:55:00-07:00,2025-10-13 05:55:00+00:00,REAL_TIME_5_MIN,OAKLAND_1_N001,Node,56.84504,55.81251,0.0,1.03253,0.0
2025-10-12 22:50:00-07:00,2025-10-13 05:50:00+00:00,2025-10-12 22:55:00-07:00,2025-10-13 05:55:00+00:00,REAL_TIME_5_MIN,PGSF_2_PDRP58-APND,AP Node,58.08542,55.81251,0.0,2.27291,0.0
2025-10-12 22:50:00-07:00,2025-10-13 05:50:00+00:00,2025-10-12 22:55:00-07:00,2025-10-13 05:55:00+00:00,REAL_TIME_5_MIN,SNJOSEB_1_N001,Node,57.91665,55.81251,0.0,2.10413,0.0
2025-10-12 22:55:00-07:00,2025-10-13 05:55:00+00:00,2025-10-12 23:00:00-07:00,2025-10-13 06:00:00+00:00,REAL_TIME_5_MIN,OAKLAND_1_N001,Node,57.15991,56.12166,0.0,1.03825,0.0
2025-10-12 22:55:00-07:00,2025-10-13 05:55:00+00:00,2025-10-12 23:00:00-07:00,2025-10-13 06:00:00+00:00,REAL_TIME_5_MIN,PGSF_2_PDRP58-APND,AP Node,58.40716,56.12166,0.0,2.2855,0.0
2025-10-12 22:55:00-07:00,2025-10-13 05:55:00+00:00,2025-10-12 23:00:00-07:00,2025-10-13 06:00:00+00:00,REAL_TIME_5_MIN,SNJOSEB_1_N001,Node,58.23745,56.12166,0.0,2.11579,0.0
2025-10-12 23:00:00-07:00,2025-10-13 06:00:00+00:00,2025-10-12 23:05:00-07:00,2025-10-13 06:05:00+00:00,REAL_TIME_5_MIN,OAKLAND_1_N001,Node,55.47413,54.68665,0.0,0.78749,0.0
2025-10-12 23:00:00-07:00,2025-10-13 06:00:00+00:00,2025-10-12 23:05:00-07:00,2025-10-13 06:05:00+00:00,REAL_TIME_5_MIN,PGSF_2_PDRP58-APND,AP Node,56.77167,54.68665,0.0,2.08503,0.0
2025-10-12 23:00:00-07:00,2025-10-13 06:00:00+00:00,2025-10-12 23:05:00-07:00,2025-10-13 06:05:00+00:00,REAL_TIME_5_MIN,SNJOSEB_1_N001,Node,56.61708,54.68665,0.0,1.93044,0.0
2025-10-12 23:05:00-07:00,2025-10-13 06:05:00+00:00,2025-10-12 23:10:00-07:00,2025-10-13 06:10:00+00:00,REAL_TIME_5_MIN,OAKLAND_1_N001,Node,55.91558,55.12182,0.0,0.79375,0.0
2025-10-12 23:05:00-07:00,2025-10-13 06:05:00+00:00,2025-10-12 23:10:00-07:00,2025-10-13 06:10:00+00:00,REAL_TIME_5_MIN,PGSF_2_PDRP58-APND,AP Node,57.22344,55.12182,0.0,2.10162,0.0
2025-10-12 23:05:00-07:00,2025-10-13 06:05:00+00:00,2025-10-12 23:10:00-07:00,2025-10-13 06:10:00+00:00,REAL_TIME_5_MIN,SNJOSEB_1_N001,Node,57.06762,55.12182,0.0,1.9458,0.0
2025-10-12 23:10:00-07:00,2025-10-13 06:10:00+00:00,2025-10-12 23:15:00-07:00,2025-10-13 06:15:00+00:00,REAL_TIME_5_MIN,OAKLAND_1_N001,Node,52.6565,51.90901,0.0,0.74749,0.0
2025-10-12 23:10:00-07:00,2025-10-13 06:10:00+00:00,2025-10-12 23:15:00-07:00,2025-10-13 06:15:00+00:00,REAL_TIME_5_MIN,PGSF_2_PDRP58-APND,AP Node,53.88814,51.90901,0.0,1.97913,0.0
2025-10-12 23:10:00-07:00,2025-10-13 06:10:00+00:00,2025-10-12 23:15:00-07:00,2025-10-13 06:15:00+00:00,REAL_TIME_5_MIN,SNJOSEB_1_N001,Node,53.7414,51.90901,0.0,1.83239,0.0
2025-10-12 23:15:00-07:00,2025-10-13 06:15:00+00:00,2025-10-12 23:20:00-07:00,2025-10-13 06:20:00+00:00,REAL_TIME_5_MIN,OAKLAND_1_N001,Node,51.22116,50.49902,0.0,0.72214,0.0
2025-10-12 23:15:00-07:00,2025-10-13 06:15:00+00:00,2025-10-12 23:20:00-07:00,2025-10-13 06:20:00+00:00,REAL_TIME_5_MIN,PGSF_2_PDRP58-APND,AP Node,52.42944,50.49902,0.0,1.93042,0.0
2025-10-12 23:15:00-07:00,2025-10-13 06:15:00+00:00,2025-10-12 23:20:00-07:00,2025-10-13 06:20:00+00:00,REAL_TIME_5_MIN,SNJOSEB_1_N001,Node,52.30184,50.49902,0.0,1.80282,0.0
2025-10-12 23:20:00-07:00,2025-10-13 06:20:00+00:00,2025-10-12 23:25:00-07:00,2025-10-13 06:25:00+00:00,REAL_TIME_5_MIN,OAKLAND_1_N001,Node,48.63119,47.94557,0.0,0.68562,0.0
2025-10-12 23:20:00-07:00,2025-10-13 06:20:00+00:00,2025-10-12 23:25:00-07:00,2025-10-13 06:25:00+00:00,REAL_TIME_5_MIN,PGSF_2_PDRP58-APND,AP Node,49.77837,47.94557,0.0,1.83281,0.0
2025-10-12 23:20:00-07:00,2025-10-13 06:20:00+00:00,2025-10-12 23:25:00-07:00,2025-10-13 06:25:00+00:00,REAL_TIME_5_MIN,SNJOSEB_1_N001,Node,49.65722,47.94557,0.0,1.71166,0.0
2025-10-12 23:25:00-07:00,2025-10-13 06:25:00+00:00,2025-10-12 23:30:00-07:00,2025-10-13 06:30:00+00:00,REAL_TIME_5_MIN,OAKLAND_1_N001,Node,49.80449,49.10232,0.0,0.70216,0.0
2025-10-12 23:25:00-07:00,2025-10-13 06:25:00+00:00,2025-10-12 23:30:00-07:00,2025-10-13 06:30:00+00:00,REAL_TIME_5_MIN,PGSF_2_PDRP58-APND,AP Node,50.97935,49.10232,0.0,1.87703,0.0
2025-10-12 23:25:00-07:00,2025-10-13 06:25:00+00:00,2025-10-12 23:30:00-07:00,2025-10-13 06:30:00+00:00,REAL_TIME_5_MIN,SNJOSEB_1_N001,Node,50.85528,49.10232,0.0,1.75295,0.0
2025-10-12 23:30:00-07:00,2025-10-13 06:30:00+00:00,2025-10-12 23:35:00-07:00,2025-10-13 06:35:00+00:00,REAL_TIME_5_MIN,OAKLAND_1_N001,Node,49.23876,48.63088,0.0,0.60789,0.0
2025-10-12 23:30:00-07:00,2025-10-13 06:30:00+00:00,2025-10-12 23:35:00-07:00,2025-10-13 06:35:00+00:00,REAL_TIME_5_MIN,PGSF_2_PDRP58-APND,AP Node,50.35196,48.63088,0.0,1.72109,0.0
2025-10-12 23:30:00-07:00,2025-10-13 06:30:00+00:00,2025-10-12 23:35:00-07:00,2025-10-13 06:35:00+00:00,REAL_TIME_5_MIN,SNJOSEB_1_N001,Node,50.2746,48.63088,0.0,1.64372,0.0
2025-10-12 23:35:00-07:00,2025-10-13 06:35:00+00:00,2025-10-12 23:40:00-07:00,2025-10-13 06:40:00+00:00,REAL_TIME_5_MIN,OAKLAND_1_N001,Node,47.50437,46.9179,0.0,0.58647,0.0
2025-10-12 23:35:00-07:00,2025-10-13 06:35:00+00:00,2025-10-12 23:40:00-07:00,2025-10-13 06:40:00+00:00,REAL_TIME_5_MIN,PGSF_2_PDRP58-APND,AP Node,48.57836,46.9179,0.0,1.66046,0.0
2025-10-12 23:35:00-07:00,2025-10-13 06:35:00+00:00,2025-10-12 23:40:00-07:00,2025-10-13 06:40:00+00:00,REAL_TIME_5_MIN,SNJOSEB_1_N001,Node,48.50372,46.9179,0.0,1.58582,0.0
2025-10-12 23:40:00-07:00,2025-10-13 06:40:00+00:00,2025-10-12 23:45:00-07:00,2025-10-13 06:45:00+00:00,REAL_TIME_5_MIN,OAKLAND_1_N001,Node,47.90323,47.31183,0.0,0.5914,0.0
2025-10-12 23:40:00-07:00,2025-10-13 06:40:00+00:00,2025-10-12 23:45:00-07:00,2025-10-13 06:45:00+00:00,REAL_TIME_5_MIN,PGSF_2_PDRP58-APND,AP Node,48.98623,47.31183,0.0,1.6744,0.0
2025-10-12 23:40:00-07:00,2025-10-13 06:40:00+00:00,2025-10-12 23:45:00-07:00,2025-10-13 06:45:00+00:00,REAL_TIME_5_MIN,SNJOSEB_1_N001,Node,48.91097,47.31183,0.0,1.59914,0.0
2025-10-12 23:45:00-07:00,2025-10-13 06:45:00+00:00,2025-10-12 23:50:00-07:00,2025-10-13 06:50:00+00:00,REAL_TIME_5_MIN,OAKLAND_1_N001,Node,48.12891,47.63353,0.0,0.49539,0.0
2025-10-12 23:45:00-07:00,2025-10-13 06:45:00+00:00,2025-10-12 23:50:00-07:00,2025-10-13 06:50:00+00:00,REAL_TIME_5_MIN,PGSF_2_PDRP58-APND,AP Node,49.16219,47.63353,0.0,1.52867,0.0
2025-10-12 23:45:00-07:00,2025-10-13 06:45:00+00:00,2025-10-12 23:50:00-07:00,2025-10-13 06:50:00+00:00,REAL_TIME_5_MIN,SNJOSEB_1_N001,Node,49.11493,47.63353,0.0,1.4814,0.0
2025-10-12 23:50:00-07:00,2025-10-13 06:50:00+00:00,2025-10-12 23:55:00-07:00,2025-10-13 06:55:00+00:00,REAL_TIME_5_MIN,OAKLAND_1_N001,Node,51.20097,50.67396,0.0,0.52701,0.0
2025-10-12 23:50:00-07:00,2025-10-13 06:50:00+00:00,2025-10-12 23:55:00-07:00,2025-10-13 06:55:00+00:00,REAL_TIME_5_MIN,PGSF_2_PDRP58-APND,AP Node,52.3002,50.67396,0.0,1.62624,0.0
2025-10-12 23:50:00-07:00,2025-10-13 06:50:00+00:00,2025-10-12 23:55:00-07:00,2025-10-13 06:55:00+00:00,REAL_TIME_5_MIN,SNJOSEB_1_N001,Node,52.24992,50.67396,0.0,1.57596,0.0
2025-10-12 23:55:00-07:00,2025-10-13 06:55:00+00:00,2025-10-13 00:00:00-07:00,2025-10-13 07:00:00+00:00,REAL_TIME_5_MIN,OAKLAND_1_N001,Node,54.24134,53.68304,0.0,0.5583,0.0
2025-10-12 23:55:00-07:00,2025-10-13 06:55:00+00:00,2025-10-13 00:00:00-07:00,2025-10-13 07:00:00+00:00,REAL_TIME_5_MIN,PGSF_2_PDRP58-APND,AP Node,55.40584,53.68304,0.0,1.72281,0.0
2025-10-12 23:55:00-07:00,2025-10-13 06:55:00+00:00,2025-10-13 00:00:00-07:00,2025-10-13 07:00:00+00:00,REAL_TIME_5_MIN,SNJOSEB_1_N001,Node,55.35258,53.68304,0.0,1.66954,0.0
2025-10-12 00:00:00-07:00,2025-10-12 07:00:00+00:00,2025-10-12 00:05:00-07:00,2025-10-12 07:05:00+00:00,REAL_TIME_5_MIN,BALCH1_7_N001,Node,30.87029,30.95386,0.0,-0.08358,0.0
2025-10-12 00:00:00-07:00,2025-10-12 07:00:00+00:00,2025-10-12 00:05:00-07:00,2025-10-12 07:05:00+00:00,REAL_TIME_5_MIN,BEARTAP_1_N001,Node,30.71242,30.95386,0.0,-0.24144,0.0
2025-10-12 00:00:00-07:00,2025-10-12 07:00:00+00:00,2025-10-12 00:05:00-07:00,2025-10-12 07:05:00+00:00,REAL_TIME_5_MIN,SOUTHBY_6_N001,Node,31.56056,30.95386,0.0,0.6067,0.0
2025-10-12 00:05:00-07:00,2025-10-12 07:05:00+00:00,2025-10-12 00:10:00-07:00,2025-10-12 07:10:00+00:00,REAL_TIME_5_MIN,BALCH1_7_N001,Node,30.96129,31.04511,0.0,-0.08382,0.0
2025-10-12 00:05:00-07:00,2025-10-12 07:05:00+00:00,2025-10-12 00:10:00-07:00,2025-10-12 07:10:00+00:00,REAL_TIME_5_MIN,BEARTAP_1_N001,Node,30.80296,31.04511,0.0,-0.24215,0.0
2025-10-12 00:05:00-07:00,2025-10-12 07:05:00+00:00,2025-10-12 00:10:00-07:00,2025-10-12 07:10:00+00:00,REAL_TIME_5_MIN,SOUTHBY_6_N001,Node,31.65359,31.04511,0.0,0.60848,0.0
2025-10-12 00:10:00-07:00,2025-10-12 07:10:00+00:00,2025-10-12 00:15:00-07:00,2025-10-12 07:15:00+00:00,REAL_TIME_5_MIN,BALCH1_7_N001,Node,30.87576,30.95935,0.0,-0.08359,0.0
2025-10-12 00:10:00-07:00,2025-10-12 07:10:00+00:00,2025-10-12 00:15:00-07:00,2025-10-12 07:15:00+00:00,REAL_TIME_5_MIN,BEARTAP_1_N001,Node,30.71787,30.95935,0.0,-0.24148,0.0
2025-10-12 00:10:00-07:00,2025-10-12 07:10:00+00:00,2025-10-12 00:15:00-07:00,2025-10-12 07:15:00+00:00,REAL_TIME_5_MIN,SOUTHBY_6_N001,Node,31.56616,30.95935,0.0,0.6068,0.0
2025-10-12 00:15:00-07:00,2025-10-12 07:15:00+00:00,2025-10-12 00:20:00-07:00,2025-10-12 07:20:00+00:00,REAL_TIME_5_MIN,BALCH1_7_N001,Node,30.70208,31.04355,0.0,-0.34148,0.0
2025-10-12 00:15:00-07:00,2025-10-12 07:15:00+00:00,2025-10-12 00:20:00-07:00,2025-10-12 07:20:00+00:00,REAL_TIME_5_MIN,BEARTAP_1_N001,Node,30.90696,31.04355,0.0,-0.13659,0.0
2025-10-12 00:15:00-07:00,2025-10-12 07:15:00+00:00,2025-10-12 00:20:00-07:00,2025-10-12 07:20:00+00:00,REAL_TIME_5_MIN,SOUTHBY_6_N001,Node,31.61476,31.04355,0.0,0.5712,0.0
2025-10-12 00:20:00-07:00,2025-10-12 07:20:00+00:00,2025-10-12 00:25:00-07:00,2025-10-12 07:25:00+00:00,REAL_TIME_5_MIN,BALCH1_7_N001,Node,30.96105,31.30541,0.0,-0.34436,0.0
2025-10-12 00:20:00-07:00,2025-10-12 07:20:00+00:00,2025-10-12 00:25:00-07:00,2025-10-12 07:25:00+00:00,REAL_TIME_5_MIN,BEARTAP_1_N001,Node,31.16767,31.30541,0.0,-0.13774,0.0
2025-10-12 00:20:00-07:00,2025-10-12 07:20:00+00:00,2025-10-12 00:25:00-07:00,2025-10-12 07:25:00+00:00,REAL_TIME_5_MIN,SOUTHBY_6_N001,Node,31.88143,31.30541,0.0,0.57602,0.0
2025-10-12 00:25:00-07:00,2025-10-12 07:25:00+00:00,2025-10-12 00:30:00-07:00,2025-10-12 07:30:00+00:00,REAL_TIME_5_MIN,BALCH1_7_N001,Node,31.58321,31.93449,0.0,-0.35128,0.0
2025-10-12 00:25:00-07:00,2025-10-12 07:25:00+00:00,2025-10-12 00:30:00-07:00,2025-10-12 07:30:00+00:00,REAL_TIME_5_MIN,BEARTAP_1_N001,Node,31.79398,31.93449,0.0,-0.14051,0.0
2025-10-12 00:25:00-07:00,2025-10-12 07:25:00+00:00,2025-10-12 00:30:00-07:00,2025-10-12 07:30:00+00:00,REAL_TIME_5_MIN,SOUTHBY_6_N001,Node,32.52209,31.93449,0.0,0.58759,0.0
2025-10-12 00:30:00-07:00,2025-10-12 07:30:00+00:00,2025-10-12 00:35:00-07:00,2025-10-12 07:35:00+00:00,REAL_TIME_5_MIN,BALCH1_7_N001,Node,30.95509,31.35327,0.0,-0.39819,0.0
2025-10-12 00:30:00-07:00,2025-10-12 07:30:00+00:00,2025-10-12 00:35:00-07:00,2025-10-12 07:35:00+00:00,REAL_TIME_5_MIN,BEARTAP_1_N001,Node,31.2404,31.35327,0.0,-0.11287,0.0
2025-10-12 00:30:00-07:00,2025-10-12 07:30:00+00:00,2025-10-12 00:35:00-07:00,2025-10-12 07:35:00+00:00,REAL_TIME_5_MIN,SOUTHBY_6_N001,Node,31.85806,31.35327,0.0,0.50479,0.0
2025-10-12 00:35:00-07:00,2025-10-12 07:35:00+00:00,2025-10-12 00:40:00-07:00,2025-10-12 07:40:00+00:00,REAL_TIME_5_MIN,BALCH1_7_N001,Node,30.94488,31.34294,0.0,-0.39806,0.0
2025-10-12 00:35:00-07:00,2025-10-12 07:35:00+00:00,2025-10-12 00:40:00-07:00,2025-10-12 07:40:00+00:00,REAL_TIME_5_MIN,BEARTAP_1_N001,Node,31.2301,31.34294,0.0,-0.11283,0.0
2025-10-12 00:35:00-07:00,2025-10-12 07:35:00+00:00,2025-10-12 00:40:00-07:00,2025-10-12 07:40:00+00:00,REAL_TIME_5_MIN,SOUTHBY_6_N001,Node,31.84756,31.34294,0.0,0.50462,0.0
2025-10-12 00:40:00-07:00,2025-10-12 07:40:00+00:00,2025-10-12 00:45:00-07:00,2025-10-12 07:45:00+00:00,REAL_TIME_5_MIN,BALCH1_7_N001,Node,30.84823,31.24504,0.0,-0.39681,0.0
2025-10-12 00:40:00-07:00,2025-10-12 07:40:00+00:00,2025-10-12 00:45:00-07:00,2025-10-12 07:45:00+00:00,REAL_TIME_5_MIN,BEARTAP_1_N001,Node,31.13256,31.24504,0.0,-0.11248,0.0
2025-10-12 00:40:00-07:00,2025-10-12 07:40:00+00:00,2025-10-12 00:45:00-07:00,2025-10-12 07:45:00+00:00,REAL_TIME_5_MIN,SOUTHBY_6_N001,Node,31.74809,31.24504,0.0,0.50305,0.0
2025-10-12 00:45:00-07:00,2025-10-12 07:45:00+00:00,2025-10-12 00:50:00-07:00,2025-10-12 07:50:00+00:00,REAL_TIME_5_MIN,BALCH1_7_N001,Node,30.71147,31.10337,0.0,-0.3919,0.0
2025-10-12 00:45:00-07:00,2025-10-12 07:45:00+00:00,2025-10-12 00:50:00-07:00,2025-10-12 07:50:00+00:00,REAL_TIME_5_MIN,BEARTAP_1_N001,Node,30.95407,31.10337,0.0,-0.1493,0.0
2025-10-12 00:45:00-07:00,2025-10-12 07:45:00+00:00,2025-10-12 00:50:00-07:00,2025-10-12 07:50:00+00:00,REAL_TIME_5_MIN,SOUTHBY_6_N001,Node,31.69744,31.10337,0.0,0.59407,0.0
2025-10-12 00:50:00-07:00,2025-10-12 07:50:00+00:00,2025-10-12 00:55:00-07:00,2025-10-12 07:55:00+00:00,REAL_TIME_5_MIN,BALCH1_7_N001,Node,29.88404,30.26538,0.0,-0.38134,0.0
2025-10-12 00:50:00-07:00,2025-10-12 07:50:00+00:00,2025-10-12 00:55:00-07:00,2025-10-12 07:55:00+00:00,REAL_TIME_5_MIN,BEARTAP_1_N001,Node,30.12011,30.26538,0.0,-0.14527,0.0
2025-10-12 00:50:00-07:00,2025-10-12 07:50:00+00:00,2025-10-12 00:55:00-07:00,2025-10-12 07:55:00+00:00,REAL_TIME_5_MIN,SOUTHBY_6_N001,Node,30.84345,30.26538,0.0,0.57807,0.0
2025-10-12 00:55:00-07:00,2025-10-12 07:55:00+00:00,2025-10-12 01:00:00-07:00,2025-10-12 08:00:00+00:00,REAL_TIME_5_MIN,BALCH1_7_N001,Node,29.88404,30.26538,0.0,-0.38134,0.0
2025-10-12 00:55:00-07:00,2025-10-12 07:55:00+00:00,2025-10-12 01:00:00-07:00,2025-10-12 08:00:00+00:00,REAL_TIME_5_MIN,BEARTAP_1_N001,Node,30.12011,30.26538,0.0,-0.14527,0.0
2025-10-12 00:55:00-07:00,2025-10-12 07:55:00+00:00,2025-10-12 01:00:00-07:00,2025-10-12 08:00:00+00:00,REAL_TIME_5_MIN,SOUTHBY_6_N001,Node,30.84345,30.26538,0.0,0.57807,0.0
2025-10-12 01:00:00-07:00,2025-10-12 08:00:00+00:00,2025-10-12 01:05:00-07:00,2025-10-12 08:05:00+00:00,REAL_TIME_5_MIN,BALCH1_7_N001,Node,30.94217,31.05795,0.00534,-0.12113,0.0
2025-10-12 01:00:00-07:00,2025-10-12 08:00:00+00:00,2025-10-12 01:05:00-07:00,2025-10-12 08:05:00+00:00,REAL_TIME_5_MIN,BEARTAP_1_N001,Node,30.88947,31.05795,-0.00077,-0.16771,0.0
2025-10-12 01:00:00-07:00,2025-10-12 08:00:00+00:00,2025-10-12 01:05:00-07:00,2025-10-12 08:05:00+00:00,REAL_TIME_5_MIN,SOUTHBY_6_N001,Node,31.61143,31.05795,0.00375,0.54973,0.0
2025-10-12 01:05:00-07:00,2025-10-12 08:05:00+00:00,2025-10-12 01:10:00-07:00,2025-10-12 08:10:00+00:00,REAL_TIME_5_MIN,BALCH1_7_N001,Node,30.97984,31.10113,0.0,-0.12129,0.0
2025-10-12 01:05:00-07:00,2025-10-12 08:05:00+00:00,2025-10-12 01:10:00-07:00,2025-10-12 08:10:00+00:00,REAL_TIME_5_MIN,BEARTAP_1_N001,Node,30.93319,31.10113,0.0,-0.16795,0.0
2025-10-12 01:05:00-07:00,2025-10-12 08:05:00+00:00,2025-10-12 01:10:00-07:00,2025-10-12 08:10:00+00:00,REAL_TIME_5_MIN,SOUTHBY_6_N001,Node,31.65162,31.10113,0.0,0.55049,0.0
2025-10-12 01:10:00-07:00,2025-10-12 08:10:00+00:00,2025-10-12 01:15:00-07:00,2025-10-12 08:15:00+00:00,REAL_TIME_5_MIN,BALCH1_7_N001,Node,29.28394,29.3986,0.0,-0.11465,0.0
2025-10-12 01:10:00-07:00,2025-10-12 08:10:00+00:00,2025-10-12 01:15:00-07:00,2025-10-12 08:15:00+00:00,REAL_TIME_5_MIN,BEARTAP_1_N001,Node,29.23984,29.3986,0.0,-0.15875,0.0
2025-10-12 01:10:00-07:00,2025-10-12 08:10:00+00:00,2025-10-12 01:15:00-07:00,2025-10-12 08:15:00+00:00,REAL_TIME_5_MIN,SOUTHBY_6_N001,Node,29.91895,29.3986,0.0,0.52036,0.0
2025-10-12 01:15:00-07:00,2025-10-12 08:15:00+00:00,2025-10-12 01:20:00-07:00,2025-10-12 08:20:00+00:00,REAL_TIME_5_MIN,BALCH1_7_N001,Node,29.83414,29.9931,0.0,-0.15896,0.0
2025-10-12 01:15:00-07:00,2025-10-12 08:15:00+00:00,2025-10-12 01:20:00-07:00,2025-10-12 08:20:00+00:00,REAL_TIME_5_MIN,BEARTAP_1_N001,Node,29.83114,29.9931,0.0,-0.16196,0.0
2025-10-12 01:15:00-07:00,2025-10-12 08:15:00+00:00,2025-10-12 01:20:00-07:00,2025-10-12 08:20:00+00:00,REAL_TIME_5_MIN,SOUTHBY_6_N001,Node,30.47299,29.9931,0.0,0.47989,0.0
2025-10-12 01:20:00-07:00,2025-10-12 08:20:00+00:00,2025-10-12 01:25:00-07:00,2025-10-12 08:25:00+00:00,REAL_TIME_5_MIN,BALCH1_7_N001,Node,29.16745,29.32286,0.0,-0.15541,0.0
2025-10-12 01:20:00-07:00,2025-10-12 08:20:00+00:00,2025-10-12 01:25:00-07:00,2025-10-12 08:25:00+00:00,REAL_TIME_5_MIN,BEARTAP_1_N001,Node,29.16452,29.32286,0.0,-0.15834,0.0
2025-10-12 01:20:00-07:00,2025-10-12 08:20:00+00:00,2025-10-12 01:25:00-07:00,2025-10-12 08:25:00+00:00,REAL_TIME_5_MIN,SOUTHBY_6_N001,Node,29.79203,29.32286,0.0,0.46917,0.0
2025-10-12 01:25:00-07:00,2025-10-12 08:25:00+00:00,2025-10-12 01:30:00-07:00,2025-10-12 08:30:00+00:00,REAL_TIME_5_MIN,BALCH1_7_N001,Node,28.48676,28.63855,0.0,-0.15178,0.0
2025-10-12 01:25:00-07:00,2025-10-12 08:25:00+00:00,2025-10-12 01:30:00-07:00,2025-10-12 08:30:00+00:00,REAL_TIME_5_MIN,BEARTAP_1_N001,Node,28.4839,28.63855,0.0,-0.15465,0.0
2025-10-12 01:25:00-07:00,2025-10-12 08:25:00+00:00,2025-10-12 01:30:00-07:00,2025-10-12 08:30:00+00:00,REAL_TIME_5_MIN,SOUTHBY_6_N001,Node,29.09676,28.63855,0.0,0.45822,0.0
2025-10-12 01:30:00-07:00,2025-10-12 08:30:00+00:00,2025-10-12 01:35:00-07:00,2025-10-12 08:35:00+00:00,REAL_TIME_5_MIN,BALCH1_7_N001,Node,28.39046,28.59924,0.0,-0.20877,0.0
2025-10-12 01:30:00-07:00,2025-10-12 08:30:00+00:00,2025-10-12 01:35:00-07:00,2025-10-12 08:35:00+00:00,REAL_TIME_5_MIN,BEARTAP_1_N001,Node,28.43336,28.59924,0.0,-0.16588,0.0
2025-10-12 01:30:00-07:00,2025-10-12 08:30:00+00:00,2025-10-12 01:35:00-07:00,2025-10-12 08:35:00+00:00,REAL_TIME_5_MIN,SOUTHBY_6_N001,Node,29.16264,28.59924,0.0,0.56341,0.0
2025-10-12 01:35:00-07:00,2025-10-12 08:35:00+00:00,2025-10-12 01:40:00-07:00,2025-10-12 08:40:00+00:00,REAL_TIME_5_MIN,BALCH1_7_N001,Node,29.92776,30.14784,0.0,-0.22008,0.0
2025-10-12 01:35:00-07:00,2025-10-12 08:35:00+00:00,2025-10-12 01:40:00-07:00,2025-10-12 08:40:00+00:00,REAL_TIME_5_MIN,BEARTAP_1_N001,Node,29.97298,30.14784,0.0,-0.17486,0.0
2025-10-12 01:35:00-07:00,2025-10-12 08:35:00+00:00,2025-10-12 01:40:00-07:00,2025-10-12 08:40:00+00:00,REAL_TIME_5_MIN,SOUTHBY_6_N001,Node,30.74175,30.14784,0.0,0.59391,0.0
2025-10-12 01:40:00-07:00,2025-10-12 08:40:00+00:00,2025-10-12 01:45:00-07:00,2025-10-12 08:45:00+00:00,REAL_TIME_5_MIN,BALCH1_7_N001,Node,29.75123,29.97001,0.0,-0.21878,0.0
2025-10-12 01:40:00-07:00,2025-10-12 08:40:00+00:00,2025-10-12 01:45:00-07:00,2025-10-12 08:45:00+00:00,REAL_TIME_5_MIN,BEARTAP_1_N001,Node,29.79619,29.97001,0.0,-0.17383,0.0
2025-10-12 01:40:00-07:00,2025-10-12 08:40:00+00:00,2025-10-12 01:45:00-07:00,2025-10-12 08:45:00+00:00,REAL_TIME_5_MIN,SOUTHBY_6_N001,Node,30.56042,29.97001,0.0,0.59041,0.0
2025-10-12 01:45:00-07:00,2025-10-12 08:45:00+00:00,2025-10-12 01:50:00-07:00,2025-10-12 08:50:00+00:00,REAL_TIME_5_MIN,BALCH1_7_N001,Node,30.87663,31.11308,0.0,-0.23646,0.0
2025-10-12 01:45:00-07:00,2025-10-12 08:45:00+00:00,2025-10-12 01:50:00-07:00,2025-10-12 08:50:00+00:00,REAL_TIME_5_MIN,BEARTAP_1_N001,Node,30.92641,31.11308,0.0,-0.18668,0.0
2025-10-12 01:45:00-07:00,2025-10-12 08:45:00+00:00,2025-10-12 01:50:00-07:00,2025-10-12 08:50:00+00:00,REAL_TIME_5_MIN,SOUTHBY_6_N001,Node,31.74468,31.11308,0.0,0.6316,0.0
2025-10-12 01:50:00-07:00,2025-10-12 08:50:00+00:00,2025-10-12 01:55:00-07:00,2025-10-12 08:55:00+00:00,REAL_TIME_5_MIN,BALCH1_7_N001,Node,30.64637,30.88107,0.0,-0.2347,0.0
2025-10-12 01:50:00-07:00,2025-10-12 08:50:00+00:00,2025-10-12 01:55:00-07:00,2025-10-12 08:55:00+00:00,REAL_TIME_5_MIN,BEARTAP_1_N001,Node,30.69578,30.88107,0.0,-0.18529,0.0
2025-10-12 01:50:00-07:00,2025-10-12 08:50:00+00:00,2025-10-12 01:55:00-07:00,2025-10-12 08:55:00+00:00,REAL_TIME_5_MIN,SOUTHBY_6_N001,Node,31.50796,30.88107,0.0,0.62689,0.0
2025-10-12 01:55:00-07:00,2025-10-12 08:55:00+00:00,2025-10-12 02:00:00-07:00,2025-10-12 09:00:00+00:00,REAL_TIME_5_MIN,BALCH1_7_N001,Node,30.2971,30.52912,0.0,-0.23202,0.0
2025-10-12 01:55:00-07:00,2025-10-12 08:55:00+00:00,2025-10-12 02:00:00-07:00,2025-10-12 09:00:00+00:00,REAL_TIME_5_MIN,BEARTAP_1_N001,Node,30.34595,30.52912,0.0,-0.18317,0.0
2025-10-12 01:55:00-07:00,2025-10-12 08:55:00+00:00,2025-10-12 02:00:00-07:00,2025-10-12 09:00:00+00:00,REAL_TIME_5_MIN,SOUTHBY_6_N001,Node,31.14886,30.52912,0.0,0.61974,0.0
2025-10-12 02:00:00-07:00,2025-10-12 09:00:00+00:00,2025-10-12 02:05:00-07:00,2025-10-12 09:05:00+00:00,REAL_TIME_5_MIN,BALCH1_7_N001,Node,31.74725,31.3182,0.0,0.42906,0.0
2025-10-12 02:00:00-07:00,2025-10-12 09:00:00+00:00,2025-10-12 02:05:00-07:00,2025-10-12 09:05:00+00:00,REAL_TIME_5_MIN,BEARTAP_1_N001,Node,31.18353,31.3182,0.0,-0.13467,0.0
2025-10-12 02:00:00-07:00,2025-10-12 09:00:00+00:00,2025-10-12 02:05:00-07:00,2025-10-12 09:05:00+00:00,REAL_TIME_5_MIN,SOUTHBY_6_N001,Node,31.72846,31.3182,0.0,0.41027,0.0
2025-10-12 02:05:00-07:00,2025-10-12 09:05:00+00:00,2025-10-12 02:10:00-07:00,2025-10-12 09:10:00+00:00,REAL_TIME_5_MIN,BALCH1_7_N001,Node,31.85552,31.425,0.0,0.43052,0.0
2025-10-12 02:05:00-07:00,2025-10-12 09:05:00+00:00,2025-10-12 02:10:00-07:00,2025-10-12 09:10:00+00:00,REAL_TIME_5_MIN,BEARTAP_1_N001,Node,31.28987,31.425,0.0,-0.13513,0.0
2025-10-12 02:05:00-07:00,2025-10-12 09:05:00+00:00,2025-10-12 02:10:00-07:00,2025-10-12 09:10:00+00:00,REAL_TIME_5_MIN,SOUTHBY_6_N001,Node,31.83667,31.425,0.0,0.41167,0.0
2025-10-12 02:10:00-07:00,2025-10-12 09:10:00+00:00,2025-10-12 02:15:00-07:00,2025-10-12 09:15:00+00:00,REAL_TIME_5_MIN,BALCH1_7_N001,Node,31.81726,31.38726,0.0,0.43001,0.0
2025-10-12 02:10:00-07:00,2025-10-12 09:10:00+00:00,2025-10-12 02:15:00-07:00,2025-10-12 09:15:00+00:00,REAL_TIME_5_MIN,BEARTAP_1_N001,Node,31.25229,31.38726,0.0,-0.13497,0.0
2025-10-12 02:10:00-07:00,2025-10-12 09:10:00+00:00,2025-10-12 02:15:00-07:00,2025-10-12 09:15:00+00:00,REAL_TIME_5_MIN,SOUTHBY_6_N001,Node,31.79843,31.38726,0.0,0.41117,0.0
2025-10-12 02:15:00-07:00,2025-10-12 09:15:00+00:00,2025-10-12 02:20:00-07:00,2025-10-12 09:20:00+00:00,REAL_TIME_5_MIN,BALCH1_7_N001,Node,31.86183,31.41882,0.0,0.44301,0.0
2025-10-12 02:15:00-07:00,2025-10-12 09:15:00+00:00,2025-10-12 02:20:00-07:00,2025-10-12 09:20:00+00:00,REAL_TIME_5_MIN,BEARTAP_1_N001,Node,31.2743,31.41882,0.0,-0.14453,0.0
2025-10-12 02:15:00-07:00,2025-10-12 09:15:00+00:00,2025-10-12 02:20:00-07:00,2025-10-12 09:20:00+00:00,REAL_TIME_5_MIN,SOUTHBY_6_N001,Node,31.87754,31.41882,0.0,0.45871,0.0
2025-10-12 02:20:00-07:00,2025-10-12 09:20:00+00:00,2025-10-12 02:25:00-07:00,2025-10-12 09:25:00+00:00,REAL_TIME_5_MIN,BALCH1_7_N001,Node,31.86183,31.41882,0.0,0.44301,0.0
2025-10-12 02:20:00-07:00,2025-10-12 09:20:00+00:00,2025-10-12 02:25:00-07:00,2025-10-12 09:25:00+00:00,REAL_TIME_5_MIN,BEARTAP_1_N001,Node,31.2743,31.41882,0.0,-0.14453,0.0
2025-10-12 02:20:00-07:00,2025-10-12 09:20:00+00:00,2025-10-12 02:25:00-07:00,2025-10-12 09:25:00+00:00,REAL_TIME_5_MIN,SOUTHBY_6_N001,Node,31.87754,31.41882,0.0,0.45871,0.0
2025-10-12 02:25:00-07:00,2025-10-12 09:25:00+00:00,2025-10-12 02:30:00-07:00,2025-10-12 09:30:00+00:00,REAL_TIME_5_MIN,BALCH1_7_N001,Node,31.79188,31.34985,0.0,0.44203,0.0
2025-10-12 02:25:00-07:00,2025-10-12 09:25:00+00:00,2025-10-12 02:30:00-07:00,2025-10-12 09:30:00+00:00,REAL_TIME_5_MIN,BEARTAP_1_N001,Node,31.20564,31.34985,0.0,-0.14421,0.0
2025-10-12 02:25:00-07:00,2025-10-12 09:25:00+00:00,2025-10-12 02:30:00-07:00,2025-10-12 09:30:00+00:00,REAL_TIME_5_MIN,SOUTHBY_6_N001,Node,31.80756,31.34985,0.0,0.45771,0.0
2025-10-12 02:30:00-07:00,2025-10-12 09:30:00+00:00,2025-10-12 02:35:00-07:00,2025-10-12 09:35:00+00:00,REAL_TIME_5_MIN,BALCH1_7_N001,Node,31.64634,31.268,0.0,0.37834,0.0
2025-10-12 02:30:00-07:00,2025-10-12 09:30:00+00:00,2025-10-12 02:35:00-07:00,2025-10-12 09:35:00+00:00,REAL_TIME_5_MIN,BEARTAP_1_N001,Node,31.10853,31.268,0.0,-0.15947,0.0
2025-10-12 02:30:00-07:00,2025-10-12 09:30:00+00:00,2025-10-12 02:35:00-07:00,2025-10-12 09:35:00+00:00,REAL_TIME_5_MIN,SOUTHBY_6_N001,Node,31.76203,31.268,0.0,0.49403,0.0
2025-10-12 02:35:00-07:00,2025-10-12 09:35:00+00:00,2025-10-12 02:40:00-07:00,2025-10-12 09:40:00+00:00,REAL_TIME_5_MIN,BALCH1_7_N001,Node,31.60704,31.22917,0.0,0.37787,0.0
2025-10-12 02:35:00-07:00,2025-10-12 09:35:00+00:00,2025-10-12 02:40:00-07:00,2025-10-12 09:40:00+00:00,REAL_TIME_5_MIN,BEARTAP_1_N001,Node,31.0699,31.22917,0.0,-0.15927,0.0
2025-10-12 02:35:00-07:00,2025-10-12 09:35:00+00:00,2025-10-12 02:40:00-07:00,2025-10-12 09:40:00+00:00,REAL_TIME_5_MIN,SOUTHBY_6_N001,Node,31.72259,31.22917,0.0,0.49342,0.0
2025-10-12 02:40:00-07:00,2025-10-12 09:40:00+00:00,2025-10-12 02:45:00-07:00,2025-10-12 09:45:00+00:00,REAL_TIME_5_MIN,BALCH1_7_N001,Node,31.60704,31.22917,0.0,0.37787,0.0
2025-10-12 02:40:00-07:00,2025-10-12 09:40:00+00:00,2025-10-12 02:45:00-07:00,2025-10-12 09:45:00+00:00,REAL_TIME_5_MIN,BEARTAP_1_N001,Node,31.0699,31.22917,0.0,-0.15927,0.0
2025-10-12 02:40:00-07:00,2025-10-12 09:40:00+00:00,2025-10-12 02:45:00-07:00,2025-10-12 09:45:00+00:00,REAL_TIME_5_MIN,SOUTHBY_6_N001,Node,31.72259,31.22917,0.0,0.49342,0.0
2025-10-12 02:45:00-07:00,2025-10-12 09:45:00+00:00,2025-10-12 02:50:00-07:00,2025-10-12 09:50:00+00:00,REAL_TIME_5_MIN,BALCH1_7_N001,Node,31.61331,31.22611,0.0,0.3872,0.0
2025-10-12 02:45:00-07:00,2025-10-12 09:45:00+00:00,2025-10-12 02:50:00-07:00,2025-10-12 09:50:00+00:00,REAL_TIME_5_MIN,BEARTAP_1_N001,Node,31.08247,31.22611,0.0,-0.14364,0.0
2025-10-12 02:45:00-07:00,2025-10-12 09:45:00+00:00,2025-10-12 02:50:00-07:00,2025-10-12 09:50:00+00:00,REAL_TIME_5_MIN,SOUTHBY_6_N001,Node,31.72885,31.22611,0.0,0.50274,0.0
2025-10-12 02:50:00-07:00,2025-10-12 09:50:00+00:00,2025-10-12 02:55:00-07:00,2025-10-12 09:55:00+00:00,REAL_TIME_5_MIN,BALCH1_7_N001,Node,30.96839,30.58909,0.0,0.3793,0.0
2025-10-12 02:50:00-07:00,2025-10-12 09:50:00+00:00,2025-10-12 02:55:00-07:00,2025-10-12 09:55:00+00:00,REAL_TIME_5_MIN,BEARTAP_1_N001,Node,30.44838,30.58909,0.0,-0.14071,0.0
2025-10-12 02:50:00-07:00,2025-10-12 09:50:00+00:00,2025-10-12 02:55:00-07:00,2025-10-12 09:55:00+00:00,REAL_TIME_5_MIN,SOUTHBY_6_N001,Node,31.08157,30.58909,0.0,0.49248,0.0
2025-10-12 02:55:00-07:00,2025-10-12 09:55:00+00:00,2025-10-12 03:00:00-07:00,2025-10-12 10:00:00+00:00,REAL_TIME_5_MIN,BALCH1_7_N001,Node,30.53318,30.15921,0.0,0.37397,0.0
2025-10-12 02:55:00-07:00,2025-10-12 09:55:00+00:00,2025-10-12 03:00:00-07:00,2025-10-12 10:00:00+00:00,REAL_TIME_5_MIN,BEARTAP_1_N001,Node,30.02048,30.15921,0.0,-0.13873,0.0
2025-10-12 02:55:00-07:00,2025-10-12 09:55:00+00:00,2025-10-12 03:00:00-07:00,2025-10-12 10:00:00+00:00,REAL_TIME_5_MIN,SOUTHBY_6_N001,Node,30.64477,30.15921,0.0,0.48556,0.0
2025-10-12 03:00:00-07:00,2025-10-12 10:00:00+00:00,2025-10-12 03:05:00-07:00,2025-10-12 10:05:00+00:00,REAL_TIME_5_MIN,BALCH1_7_N001,Node,33.1336,33.1336,0.0,0.0,0.0
2025-10-12 03:00:00-07:00,2025-10-12 10:00:00+00:00,2025-10-12 03:05:00-07:00,2025-10-12 10:05:00+00:00,REAL_TIME_5_MIN,BEARTAP_1_N001,Node,33.1336,33.1336,0.0,0.0,0.0
2025-10-12 03:00:00-07:00,2025-10-12 10:00:00+00:00,2025-10-12 03:05:00-07:00,2025-10-12 10:05:00+00:00,REAL_TIME_5_MIN,SOUTHBY_6_N001,Node,33.1336,33.1336,0.0,0.0,0.0
2025-10-12 03:05:00-07:00,2025-10-12 10:05:00+00:00,2025-10-12 03:10:00-07:00,2025-10-12 10:10:00+00:00,REAL_TIME_5_MIN,BALCH1_7_N001,Node,33.04,33.04,0.0,0.0,0.0
2025-10-12 03:05:00-07:00,2025-10-12 10:05:00+00:00,2025-10-12 03:10:00-07:00,2025-10-12 10:10:00+00:00,REAL_TIME_5_MIN,BEARTAP_1_N001,Node,33.04,33.04,0.0,0.0,0.0
2025-10-12 03:05:00-07:00,2025-10-12 10:05:00+00:00,2025-10-12 03:10:00-07:00,2025-10-12 10:10:00+00:00,REAL_TIME_5_MIN,SOUTHBY_6_N001,Node,33.04,33.04,0.0,0.0,0.0
2025-10-12 03:10:00-07:00,2025-10-12 10:10:00+00:00,2025-10-12 03:15:00-07:00,2025-10-12 10:15:00+00:00,REAL_TIME_5_MIN,BALCH1_7_N001,Node,33.1312,33.1312,0.0,0.0,0.0
2025-10-12 03:10:00-07:00,2025-10-12 10:10:00+00:00,2025-10-12 03:15:00-07:00,2025-10-12 10:15:00+00:00,REAL_TIME_5_MIN,BEARTAP_1_N001,Node,33.1312,33.1312,0.0,0.0,0.0
2025-10-12 03:10:00-07:00,2025-10-12 10:10:00+00:00,2025-10-12 03:15:00-07:00,2025-10-12 10:15:00+00:00,REAL_TIME_5_MIN,SOUTHBY_6_N001,Node,33.1312,33.1312,0.0,0.0,0.0
2025-10-12 03:15:00-07:00,2025-10-12 10:15:00+00:00,2025-10-12 03:20:00-07:00,2025-10-12 10:20:00+00:00,REAL_TIME_5_MIN,BALCH1_7_N001,Node,32.70178,31.9603,0.0,0.74148,0.0
2025-10-12 03:15:00-07:00,2025-10-12 10:15:00+00:00,2025-10-12 03:20:00-07:00,2025-10-12 10:20:00+00:00,REAL_TIME_5_MIN,BEARTAP_1_N001,Node,31.82927,31.9603,0.0,-0.13104,0.0
2025-10-12 03:15:00-07:00,2025-10-12 10:15:00+00:00,2025-10-12 03:20:00-07:00,2025-10-12 10:20:00+00:00,REAL_TIME_5_MIN,SOUTHBY_6_N001,Node,32.51641,31.9603,0.0,0.55611,0.0
2025-10-12 03:20:00-07:00,2025-10-12 10:20:00+00:00,2025-10-12 03:25:00-07:00,2025-10-12 10:25:00+00:00,REAL_TIME_5_MIN,BALCH1_7_N001,Node,31.97262,31.24767,0.0,0.72495,0.0
2025-10-12 03:20:00-07:00,2025-10-12 10:20:00+00:00,2025-10-12 03:25:00-07:00,2025-10-12 10:25:00+00:00,REAL_TIME_5_MIN,BEARTAP_1_N001,Node,31.11956,31.24767,0.0,-0.12812,0.0
2025-10-12 03:20:00-07:00,2025-10-12 10:20:00+00:00,2025-10-12 03:25:00-07:00,2025-10-12 10:25:00+00:00,REAL_TIME_5_MIN,SOUTHBY_6_N001,Node,31.79138,31.24767,0.0,0.54371,0.0
2025-10-12 03:25:00-07:00,2025-10-12 10:25:00+00:00,2025-10-12 03:30:00-07:00,2025-10-12 10:30:00+00:00,REAL_TIME_5_MIN,BALCH1_7_N001,Node,31.91277,31.18918,0.0,0.72359,0.0
2025-10-12 03:25:00-07:00,2025-10-12 10:25:00+00:00,2025-10-12 03:30:00-07:00,2025-10-12 10:30:00+00:00,REAL_TIME_5_MIN,BEARTAP_1_N001,Node,31.0613,31.18918,0.0,-0.12788,0.0
2025-10-12 03:25:00-07:00,2025-10-12 10:25:00+00:00,2025-10-12 03:30:00-07:00,2025-10-12 10:30:00+00:00,REAL_TIME_5_MIN,SOUTHBY_6_N001,Node,31.73187,31.18918,0.0,0.54269,0.0
2025-10-12 03:30:00-07:00,2025-10-12 10:30:00+00:00,2025-10-12 03:35:00-07:00,2025-10-12 10:35:00+00:00,REAL_TIME_5_MIN,BALCH1_7_N001,Node,31.77793,31.13957,0.0,0.63836,0.0
2025-10-12 03:30:00-07:00,2025-10-12 10:30:00+00:00,2025-10-12 03:35:00-07:00,2025-10-12 10:35:00+00:00,REAL_TIME_5_MIN,BEARTAP_1_N001,Node,30.99633,31.13957,0.0,-0.14324,0.0
2025-10-12 03:30:00-07:00,2025-10-12 10:30:00+00:00,2025-10-12 03:35:00-07:00,2025-10-12 10:35:00+00:00,REAL_TIME_5_MIN,SOUTHBY_6_N001,Node,31.73122,31.13957,0.0,0.59165,0.0
2025-10-12 03:35:00-07:00,2025-10-12 10:35:00+00:00,2025-10-12 03:40:00-07:00,2025-10-12 10:40:00+00:00,REAL_TIME_5_MIN,BALCH1_7_N001,Node,31.68762,31.05107,0.0,0.63655,0.0
2025-10-12 03:35:00-07:00,2025-10-12 10:35:00+00:00,2025-10-12 03:40:00-07:00,2025-10-12 10:40:00+00:00,REAL_TIME_5_MIN,BEARTAP_1_N001,Node,30.90823,31.05107,0.0,-0.14283,0.0
2025-10-12 03:35:00-07:00,2025-10-12 10:35:00+00:00,2025-10-12 03:40:00-07:00,2025-10-12 10:40:00+00:00,REAL_TIME_5_MIN,SOUTHBY_6_N001,Node,31.64104,31.05107,0.0,0.58997,0.0
2025-10-12 03:40:00-07:00,2025-10-12 10:40:00+00:00,2025-10-12 03:45:00-07:00,2025-10-12 10:45:00+00:00,REAL_TIME_5_MIN,BALCH1_7_N001,Node,31.22953,30.60219,0.0,0.62734,0.0
2025-10-12 03:40:00-07:00,2025-10-12 10:40:00+00:00,2025-10-12 03:45:00-07:00,2025-10-12 10:45:00+00:00,REAL_TIME_5_MIN,BEARTAP_1_N001,Node,30.46142,30.60219,0.0,-0.14077,0.0
2025-10-12 03:40:00-07:00,2025-10-12 10:40:00+00:00,2025-10-12 03:45:00-07:00,2025-10-12 10:45:00+00:00,REAL_TIME_5_MIN,SOUTHBY_6_N001,Node,31.18363,30.60219,0.0,0.58144,0.0
2025-10-12 03:45:00-07:00,2025-10-12 10:45:00+00:00,2025-10-12 03:50:00-07:00,2025-10-12 10:50:00+00:00,REAL_TIME_5_MIN,BALCH1_7_N001,Node,31.16822,30.57207,0.0,0.59616,0.0
2025-10-12 03:45:00-07:00,2025-10-12 10:45:00+00:00,2025-10-12 03:50:00-07:00,2025-10-12 10:50:00+00:00,REAL_TIME_5_MIN,BEARTAP_1_N001,Node,30.43449,30.57207,0.0,-0.13757,0.0
2025-10-12 03:45:00-07:00,2025-10-12 10:45:00+00:00,2025-10-12 03:50:00-07:00,2025-10-12 10:50:00+00:00,REAL_TIME_5_MIN,SOUTHBY_6_N001,Node,31.10096,30.57207,0.0,0.5289,0.0
2025-10-12 03:50:00-07:00,2025-10-12 10:50:00+00:00,2025-10-12 03:55:00-07:00,2025-10-12 10:55:00+00:00,REAL_TIME_5_MIN,BALCH1_7_N001,Node,31.19762,30.6009,0.0,0.59672,0.0
2025-10-12 03:50:00-07:00,2025-10-12 10:50:00+00:00,2025-10-12 03:55:00-07:00,2025-10-12 10:55:00+00:00,REAL_TIME_5_MIN,BEARTAP_1_N001,Node,30.46319,30.6009,0.0,-0.1377,0.0
2025-10-12 03:50:00-07:00,2025-10-12 10:50:00+00:00,2025-10-12 03:55:00-07:00,2025-10-12 10:55:00+00:00,REAL_TIME_5_MIN,SOUTHBY_6_N001,Node,31.13029,30.6009,0.0,0.5294,0.0
2025-10-12 03:55:00-07:00,2025-10-12 10:55:00+00:00,2025-10-12 04:00:00-07:00,2025-10-12 11:00:00+00:00,REAL_TIME_5_MIN,BALCH1_7_N001,Node,31.80044,31.19219,0.0,0.60825,0.0
2025-10-12 03:55:00-07:00,2025-10-12 10:55:00+00:00,2025-10-12 04:00:00-07:00,2025-10-12 11:00:00+00:00,REAL_TIME_5_MIN,BEARTAP_1_N001,Node,31.05182,31.19219,0.0,-0.14036,0.0
2025-10-12 03:55:00-07:00,2025-10-12 10:55:00+00:00,2025-10-12 04:00:00-07:00,2025-10-12 11:00:00+00:00,REAL_TIME_5_MIN,SOUTHBY_6_N001,Node,31.73181,31.19219,0.0,0.53962,0.0
2025-10-12 04:00:00-07:00,2025-10-12 11:00:00+00:00,2025-10-12 04:05:00-07:00,2025-10-12 11:05:00+00:00,REAL_TIME_5_MIN,BALCH1_7_N001,Node,31.83944,31.1571,0.0,0.68234,0.0
2025-10-12 04:00:00-07:00,2025-10-12 11:00:00+00:00,2025-10-12 04:05:00-07:00,2025-10-12 11:05:00+00:00,REAL_TIME_5_MIN,BEARTAP_1_N001,Node,31.06052,31.1571,0.0,-0.09659,0.0
2025-10-12 04:00:00-07:00,2025-10-12 11:00:00+00:00,2025-10-12 04:05:00-07:00,2025-10-12 11:05:00+00:00,REAL_TIME_5_MIN,SOUTHBY_6_N001,Node,31.62134,31.1571,0.0,0.46424,0.0
2025-10-12 04:05:00-07:00,2025-10-12 11:05:00+00:00,2025-10-12 04:10:00-07:00,2025-10-12 11:10:00+00:00,REAL_TIME_5_MIN,BALCH1_7_N001,Node,31.91137,31.22749,0.0,0.68388,0.0
2025-10-12 04:05:00-07:00,2025-10-12 11:05:00+00:00,2025-10-12 04:10:00-07:00,2025-10-12 11:10:00+00:00,REAL_TIME_5_MIN,BEARTAP_1_N001,Node,31.13068,31.22749,0.0,-0.09681,0.0
2025-10-12 04:05:00-07:00,2025-10-12 11:05:00+00:00,2025-10-12 04:10:00-07:00,2025-10-12 11:10:00+00:00,REAL_TIME_5_MIN,SOUTHBY_6_N001,Node,31.69278,31.22749,0.0,0.46529,0.0
2025-10-12 04:10:00-07:00,2025-10-12 11:10:00+00:00,2025-10-12 04:15:00-07:00,2025-10-12 11:15:00+00:00,REAL_TIME_5_MIN,BALCH1_7_N001,Node,31.99764,31.3119,0.0,0.68573,0.0
2025-10-12 04:10:00-07:00,2025-10-12 11:10:00+00:00,2025-10-12 04:15:00-07:00,2025-10-12 11:15:00+00:00,REAL_TIME_5_MIN,BEARTAP_1_N001,Node,31.21484,31.3119,0.0,-0.09707,0.0
2025-10-12 04:10:00-07:00,2025-10-12 11:10:00+00:00,2025-10-12 04:15:00-07:00,2025-10-12 11:15:00+00:00,REAL_TIME_5_MIN,SOUTHBY_6_N001,Node,31.77845,31.3119,0.0,0.46655,0.0
2025-10-12 04:15:00-07:00,2025-10-12 11:15:00+00:00,2025-10-12 04:20:00-07:00,2025-10-12 11:20:00+00:00,REAL_TIME_5_MIN,BALCH1_7_N001,Node,31.83509,31.13761,0.0,0.69748,0.0
2025-10-12 04:15:00-07:00,2025-10-12 11:15:00+00:00,2025-10-12 04:20:00-07:00,2025-10-12 11:20:00+00:00,REAL_TIME_5_MIN,BEARTAP_1_N001,Node,31.02551,31.13761,0.0,-0.1121,0.0
2025-10-12 04:15:00-07:00,2025-10-12 11:15:00+00:00,2025-10-12 04:20:00-07:00,2025-10-12 11:20:00+00:00,REAL_TIME_5_MIN,SOUTHBY_6_N001,Node,31.66695,31.13761,0.0,0.52934,0.0
2025-10-12 04:20:00-07:00,2025-10-12 11:20:00+00:00,2025-10-12 04:25:00-07:00,2025-10-12 11:25:00+00:00,REAL_TIME_5_MIN,BALCH1_7_N001,Node,31.83509,31.13761,0.0,0.69748,0.0
2025-10-12 04:20:00-07:00,2025-10-12 11:20:00+00:00,2025-10-12 04:25:00-07:00,2025-10-12 11:25:00+00:00,REAL_TIME_5_MIN,BEARTAP_1_N001,Node,31.02551,31.13761,0.0,-0.1121,0.0
2025-10-12 04:20:00-07:00,2025-10-12 11:20:00+00:00,2025-10-12 04:25:00-07:00,2025-10-12 11:25:00+00:00,REAL_TIME_5_MIN,SOUTHBY_6_N001,Node,31.66695,31.13761,0.0,0.52934,0.0
2025-10-12 04:25:00-07:00,2025-10-12 11:25:00+00:00,2025-10-12 04:30:00-07:00,2025-10-12 11:30:00+00:00,REAL_TIME_5_MIN,BALCH1_7_N001,Node,31.83509,31.13761,0.0,0.69748,0.0
2025-10-12 04:25:00-07:00,2025-10-12 11:25:00+00:00,2025-10-12 04:30:00-07:00,2025-10-12 11:30:00+00:00,REAL_TIME_5_MIN,BEARTAP_1_N001,Node,31.02551,31.13761,0.0,-0.1121,0.0
2025-10-12 04:25:00-07:00,2025-10-12 11:25:00+00:00,2025-10-12 04:30:00-07:00,2025-10-12 11:30:00+00:00,REAL_TIME_5_MIN,SOUTHBY_6_N001,Node,31.66695,31.13761,0.0,0.52934,0.0
2025-10-12 04:30:00-07:00,2025-10-12 11:30:00+00:00,2025-10-12 04:35:00-07:00,2025-10-12 11:35:00+00:00,REAL_TIME_5_MIN,BALCH1_7_N001,Node,31.8975,31.25368,0.0,0.64383,0.0
2025-10-12 04:30:00-07:00,2025-10-12 11:30:00+00:00,2025-10-12 04:35:00-07:00,2025-10-12 11:35:00+00:00,REAL_TIME_5_MIN,BEARTAP_1_N001,Node,31.12554,31.25368,0.0,-0.12814,0.0
2025-10-12 04:30:00-07:00,2025-10-12 11:30:00+00:00,2025-10-12 04:35:00-07:00,2025-10-12 11:35:00+00:00,REAL_TIME_5_MIN,SOUTHBY_6_N001,Node,31.78812,31.25368,0.0,0.53444,0.0
2025-10-12 04:35:00-07:00,2025-10-12 11:35:00+00:00,2025-10-12 04:40:00-07:00,2025-10-12 11:40:00+00:00,REAL_TIME_5_MIN,BALCH1_7_N001,Node,31.8975,31.25368,0.0,0.64383,0.0
2025-10-12 04:35:00-07:00,2025-10-12 11:35:00+00:00,2025-10-12 04:40:00-07:00,2025-10-12 11:40:00+00:00,REAL_TIME_5_MIN,BEARTAP_1_N001,Node,31.12554,31.25368,0.0,-0.12814,0.0
2025-10-12 04:35:00-07:00,2025-10-12 11:35:00+00:00,2025-10-12 04:40:00-07:00,2025-10-12 11:40:00+00:00,REAL_TIME_5_MIN,SOUTHBY_6_N001,Node,31.78812,31.25368,0.0,0.53444,0.0
2025-10-12 04:40:00-07:00,2025-10-12 11:40:00+00:00,2025-10-12 04:45:00-07:00,2025-10-12 11:45:00+00:00,REAL_TIME_5_MIN,BALCH1_7_N001,Node,31.96127,31.31616,0.0,0.64511,0.0
2025-10-12 04:40:00-07:00,2025-10-12 11:40:00+00:00,2025-10-12 04:45:00-07:00,2025-10-12 11:45:00+00:00,REAL_TIME_5_MIN,BEARTAP_1_N001,Node,31.18776,31.31616,0.0,-0.1284,0.0
2025-10-12 04:40:00-07:00,2025-10-12 11:40:00+00:00,2025-10-12 04:45:00-07:00,2025-10-12 11:45:00+00:00,REAL_TIME_5_MIN,SOUTHBY_6_N001,Node,31.85167,31.31616,0.0,0.53551,0.0
2025-10-12 04:45:00-07:00,2025-10-12 11:45:00+00:00,2025-10-12 04:50:00-07:00,2025-10-12 11:50:00+00:00,REAL_TIME_5_MIN,BALCH1_7_N001,Node,32.08104,31.41197,0.0,0.66907,0.0
2025-10-12 04:45:00-07:00,2025-10-12 11:45:00+00:00,2025-10-12 04:50:00-07:00,2025-10-12 11:50:00+00:00,REAL_TIME_5_MIN,BEARTAP_1_N001,Node,31.28318,31.41197,0.0,-0.12879,0.0
2025-10-12 04:45:00-07:00,2025-10-12 11:45:00+00:00,2025-10-12 04:50:00-07:00,2025-10-12 11:50:00+00:00,REAL_TIME_5_MIN,SOUTHBY_6_N001,Node,32.04649,31.41197,0.0,0.63452,0.0
2025-10-12 04:50:00-07:00,2025-10-12 11:50:00+00:00,2025-10-12 04:55:00-07:00,2025-10-12 11:55:00+00:00,REAL_TIME_5_MIN,BALCH1_7_N001,Node,32.52975,31.85132,0.0,0.67843,0.0
2025-10-12 04:50:00-07:00,2025-10-12 11:50:00+00:00,2025-10-12 04:55:00-07:00,2025-10-12 11:55:00+00:00,REAL_TIME_5_MIN,BEARTAP_1_N001,Node,31.72073,31.85132,0.0,-0.13059,0.0
2025-10-12 04:50:00-07:00,2025-10-12 11:50:00+00:00,2025-10-12 04:55:00-07:00,2025-10-12 11:55:00+00:00,REAL_TIME_5_MIN,SOUTHBY_6_N001,Node,32.49472,31.85132,0.0,0.6434,0.0
2025-10-12 04:55:00-07:00,2025-10-12 11:55:00+00:00,2025-10-12 05:00:00-07:00,2025-10-12 12:00:00+00:00,REAL_TIME_5_MIN,BALCH1_7_N001,Node,33.76165,33.05753,0.0,0.70413,0.0
2025-10-12 04:55:00-07:00,2025-10-12 11:55:00+00:00,2025-10-12 05:00:00-07:00,2025-10-12 12:00:00+00:00,REAL_TIME_5_MIN,BEARTAP_1_N001,Node,32.92199,33.05753,0.0,-0.13554,0.0
2025-10-12 04:55:00-07:00,2025-10-12 11:55:00+00:00,2025-10-12 05:00:00-07:00,2025-10-12 12:00:00+00:00,REAL_TIME_5_MIN,SOUTHBY_6_N001,Node,33.72529,33.05753,0.0,0.66776,0.0
2025-10-12 05:00:00-07:00,2025-10-12 12:00:00+00:00,2025-10-12 05:05:00-07:00,2025-10-12 12:05:00+00:00,REAL_TIME_5_MIN,BALCH1_7_N001,Node,29.1183,28.74462,0.0,0.37368,0.0
2025-10-12 05:00:00-07:00,2025-10-12 12:00:00+00:00,2025-10-12 05:05:00-07:00,2025-10-12 12:05:00+00:00,REAL_TIME_5_MIN,BEARTAP_1_N001,Node,28.58078,28.74462,0.0,-0.16384,0.0
2025-10-12 05:00:00-07:00,2025-10-12 12:00:00+00:00,2025-10-12 05:05:00-07:00,2025-10-12 12:05:00+00:00,REAL_TIME_5_MIN,SOUTHBY_6_N001,Node,29.35401,28.74462,0.0,0.60939,0.0
2025-10-12 05:05:00-07:00,2025-10-12 12:05:00+00:00,2025-10-12 05:10:00-07:00,2025-10-12 12:10:00+00:00,REAL_TIME_5_MIN,BALCH1_7_N001,Node,30.52271,30.131,0.0,0.3917,0.0
2025-10-12 05:05:00-07:00,2025-10-12 12:05:00+00:00,2025-10-12 05:10:00-07:00,2025-10-12 12:10:00+00:00,REAL_TIME_5_MIN,BEARTAP_1_N001,Node,29.95926,30.131,0.0,-0.17175,0.0
2025-10-12 05:05:00-07:00,2025-10-12 12:05:00+00:00,2025-10-12 05:10:00-07:00,2025-10-12 12:10:00+00:00,REAL_TIME_5_MIN,SOUTHBY_6_N001,Node,30.76978,30.131,0.0,0.63878,0.0
2025-10-12 05:10:00-07:00,2025-10-12 12:10:00+00:00,2025-10-12 05:15:00-07:00,2025-10-12 12:15:00+00:00,REAL_TIME_5_MIN,BALCH1_7_N001,Node,31.67238,31.26592,0.0,0.40646,0.0
2025-10-12 05:10:00-07:00,2025-10-12 12:10:00+00:00,2025-10-12 05:15:00-07:00,2025-10-12 12:15:00+00:00,REAL_TIME_5_MIN,BEARTAP_1_N001,Node,31.08771,31.26592,0.0,-0.17822,0.0
2025-10-12 05:10:00-07:00,2025-10-12 12:10:00+00:00,2025-10-12 05:15:00-07:00,2025-10-12 12:15:00+00:00,REAL_TIME_5_MIN,SOUTHBY_6_N001,Node,31.92876,31.26592,0.0,0.66284,0.0
2025-10-12 05:15:00-07:00,2025-10-12 12:15:00+00:00,2025-10-12 05:20:00-07:00,2025-10-12 12:20:00+00:00,REAL_TIME_5_MIN,BALCH1_7_N001,Node,31.66674,31.17112,0.0,0.49562,0.0
2025-10-12 05:15:00-07:00,2025-10-12 12:15:00+00:00,2025-10-12 05:20:00-07:00,2025-10-12 12:20:00+00:00,REAL_TIME_5_MIN,BEARTAP_1_N001,Node,31.01838,31.17112,0.0,-0.15274,0.0
2025-10-12 05:15:00-07:00,2025-10-12 12:15:00+00:00,2025-10-12 05:20:00-07:00,2025-10-12 12:20:00+00:00,REAL_TIME_5_MIN,SOUTHBY_6_N001,Node,31.7509,31.17112,0.0,0.57978,0.0
2025-10-12 05:20:00-07:00,2025-10-12 12:20:00+00:00,2025-10-12 05:25:00-07:00,2025-10-12 12:25:00+00:00,REAL_TIME_5_MIN,BALCH1_7_N001,Node,31.91678,31.41724,0.0,0.49953,0.0
2025-10-12 05:20:00-07:00,2025-10-12 12:20:00+00:00,2025-10-12 05:25:00-07:00,2025-10-12 12:25:00+00:00,REAL_TIME_5_MIN,BEARTAP_1_N001,Node,31.2633,31.41724,0.0,-0.15394,0.0
2025-10-12 05:20:00-07:00,2025-10-12 12:20:00+00:00,2025-10-12 05:25:00-07:00,2025-10-12 12:25:00+00:00,REAL_TIME_5_MIN,SOUTHBY_6_N001,Node,32.0016,31.41724,0.0,0.58436,0.0
2025-10-12 05:25:00-07:00,2025-10-12 12:25:00+00:00,2025-10-12 05:30:00-07:00,2025-10-12 12:30:00+00:00,REAL_TIME_5_MIN,BALCH1_7_N001,Node,31.66674,31.17112,0.0,0.49562,0.0
2025-10-12 05:25:00-07:00,2025-10-12 12:25:00+00:00,2025-10-12 05:30:00-07:00,2025-10-12 12:30:00+00:00,REAL_TIME_5_MIN,BEARTAP_1_N001,Node,31.01838,31.17112,0.0,-0.15274,0.0
2025-10-12 05:25:00-07:00,2025-10-12 12:25:00+00:00,2025-10-12 05:30:00-07:00,2025-10-12 12:30:00+00:00,REAL_TIME_5_MIN,SOUTHBY_6_N001,Node,31.7509,31.17112,0.0,0.57978,0.0
2025-10-12 05:30:00-07:00,2025-10-12 12:30:00+00:00,2025-10-12 05:35:00-07:00,2025-10-12 12:35:00+00:00,REAL_TIME_5_MIN,BALCH1_7_N001,Node,31.79513,31.3376,0.0,0.45753,0.0
2025-10-12 05:30:00-07:00,2025-10-12 12:30:00+00:00,2025-10-12 05:35:00-07:00,2025-10-12 12:35:00+00:00,REAL_TIME_5_MIN,BEARTAP_1_N001,Node,31.17778,31.3376,0.0,-0.15982,0.0
2025-10-12 05:30:00-07:00,2025-10-12 12:30:00+00:00,2025-10-12 05:35:00-07:00,2025-10-12 12:35:00+00:00,REAL_TIME_5_MIN,SOUTHBY_6_N001,Node,31.94242,31.3376,0.0,0.60482,0.0
2025-10-12 05:35:00-07:00,2025-10-12 12:35:00+00:00,2025-10-12 05:40:00-07:00,2025-10-12 12:40:00+00:00,REAL_TIME_5_MIN,BALCH1_7_N001,Node,31.73638,31.2797,0.0,0.45668,0.0
2025-10-12 05:35:00-07:00,2025-10-12 12:35:00+00:00,2025-10-12 05:40:00-07:00,2025-10-12 12:40:00+00:00,REAL_TIME_5_MIN,BEARTAP_1_N001,Node,31.12017,31.2797,0.0,-0.15953,0.0
2025-10-12 05:35:00-07:00,2025-10-12 12:35:00+00:00,2025-10-12 05:40:00-07:00,2025-10-12 12:40:00+00:00,REAL_TIME_5_MIN,SOUTHBY_6_N001,Node,31.8834,31.2797,0.0,0.6037,0.0
2025-10-12 05:40:00-07:00,2025-10-12 12:40:00+00:00,2025-10-12 05:45:00-07:00,2025-10-12 12:45:00+00:00,REAL_TIME_5_MIN,BALCH1_7_N001,Node,31.88102,31.42225,0.0,0.45876,0.0
2025-10-12 05:40:00-07:00,2025-10-12 12:40:00+00:00,2025-10-12 05:45:00-07:00,2025-10-12 12:45:00+00:00,REAL_TIME_5_MIN,BEARTAP_1_N001,Node,31.262,31.42225,0.0,-0.16025,0.0
2025-10-12 05:40:00-07:00,2025-10-12 12:40:00+00:00,2025-10-12 05:45:00-07:00,2025-10-12 12:45:00+00:00,REAL_TIME_5_MIN,SOUTHBY_6_N001,Node,32.0287,31.42225,0.0,0.60645,0.0
2025-10-12 05:45:00-07:00,2025-10-12 12:45:00+00:00,2025-10-12 05:50:00-07:00,2025-10-12 12:50:00+00:00,REAL_TIME_5_MIN,BALCH1_7_N001,Node,32.49739,32.35503,0.0,0.14236,0.0
2025-10-12 05:45:00-07:00,2025-10-12 12:45:00+00:00,2025-10-12 05:50:00-07:00,2025-10-12 12:50:00+00:00,REAL_TIME_5_MIN,BEARTAP_1_N001,Node,32.19973,32.35503,0.0,-0.1553,0.0
2025-10-12 05:45:00-07:00,2025-10-12 12:45:00+00:00,2025-10-12 05:50:00-07:00,2025-10-12 12:50:00+00:00,REAL_TIME_5_MIN,SOUTHBY_6_N001,Node,32.85977,32.35503,0.0,0.50474,0.0
2025-10-12 05:50:00-07:00,2025-10-12 12:50:00+00:00,2025-10-12 05:55:00-07:00,2025-10-12 12:55:00+00:00,REAL_TIME_5_MIN,BALCH1_7_N001,Node,33.57623,33.42914,0.0,0.14709,0.0
2025-10-12 05:50:00-07:00,2025-10-12 12:50:00+00:00,2025-10-12 05:55:00-07:00,2025-10-12 12:55:00+00:00,REAL_TIME_5_MIN,BEARTAP_1_N001,Node,33.26868,33.42914,0.0,-0.16046,0.0
2025-10-12 05:50:00-07:00,2025-10-12 12:50:00+00:00,2025-10-12 05:55:00-07:00,2025-10-12 12:55:00+00:00,REAL_TIME_5_MIN,SOUTHBY_6_N001,Node,33.95063,33.42914,0.0,0.52149,0.0
2025-10-12 05:55:00-07:00,2025-10-12 12:55:00+00:00,2025-10-12 06:00:00-07:00,2025-10-12 13:00:00+00:00,REAL_TIME_5_MIN,BALCH1_7_N001,Node,35.08692,34.93321,0.0,0.15371,0.0
2025-10-12 05:55:00-07:00,2025-10-12 12:55:00+00:00,2025-10-12 06:00:00-07:00,2025-10-12 13:00:00+00:00,REAL_TIME_5_MIN,BEARTAP_1_N001,Node,34.76553,34.93321,0.0,-0.16768,0.0
2025-10-12 05:55:00-07:00,2025-10-12 12:55:00+00:00,2025-10-12 06:00:00-07:00,2025-10-12 13:00:00+00:00,REAL_TIME_5_MIN,SOUTHBY_6_N001,Node,35.47817,34.93321,0.0,0.54496,0.0
2025-10-12 06:00:00-07:00,2025-10-12 13:00:00+00:00,2025-10-12 06:05:00-07:00,2025-10-12 13:05:00+00:00,REAL_TIME_5_MIN,BALCH1_7_N001,Node,30.35412,30.13414,0.0,0.21998,0.0
2025-10-12 06:00:00-07:00,2025-10-12 13:00:00+00:00,2025-10-12 06:05:00-07:00,2025-10-12 13:05:00+00:00,REAL_TIME_5_MIN,BEARTAP_1_N001,Node,29.98949,30.13414,0.0,-0.14464,0.0
2025-10-12 06:00:00-07:00,2025-10-12 13:00:00+00:00,2025-10-12 06:05:00-07:00,2025-10-12 13:05:00+00:00,REAL_TIME_5_MIN,SOUTHBY_6_N001,Node,30.71573,30.13414,0.0,0.58159,0.0
2025-10-12 06:05:00-07:00,2025-10-12 13:05:00+00:00,2025-10-12 06:10:00-07:00,2025-10-12 13:10:00+00:00,REAL_TIME_5_MIN,BALCH1_7_N001,Node,31.03331,30.80841,0.0,0.2249,0.0
2025-10-12 06:05:00-07:00,2025-10-12 13:05:00+00:00,2025-10-12 06:10:00-07:00,2025-10-12 13:10:00+00:00,REAL_TIME_5_MIN,BEARTAP_1_N001,Node,30.66053,30.80841,0.0,-0.14788,0.0
2025-10-12 06:05:00-07:00,2025-10-12 13:05:00+00:00,2025-10-12 06:10:00-07:00,2025-10-12 13:10:00+00:00,REAL_TIME_5_MIN,SOUTHBY_6_N001,Node,31.40301,30.80841,0.0,0.5946,0.0
2025-10-12 06:10:00-07:00,2025-10-12 13:10:00+00:00,2025-10-12 06:15:00-07:00,2025-10-12 13:15:00+00:00,REAL_TIME_5_MIN,BALCH1_7_N001,Node,32.14358,31.91063,0.0,0.23295,0.0
2025-10-12 06:10:00-07:00,2025-10-12 13:10:00+00:00,2025-10-12 06:15:00-07:00,2025-10-12 13:15:00+00:00,REAL_TIME_5_MIN,BEARTAP_1_N001,Node,31.75746,31.91063,0.0,-0.15317,0.0
2025-10-12 06:10:00-07:00,2025-10-12 13:10:00+00:00,2025-10-12 06:15:00-07:00,2025-10-12 13:15:00+00:00,REAL_TIME_5_MIN,SOUTHBY_6_N001,Node,32.5265,31.91063,0.0,0.61588,0.0
2025-10-12 06:15:00-07:00,2025-10-12 13:15:00+00:00,2025-10-12 06:20:00-07:00,2025-10-12 13:20:00+00:00,REAL_TIME_5_MIN,BALCH1_7_N001,Node,32.16747,31.93118,0.0,0.23629,0.0
2025-10-12 06:15:00-07:00,2025-10-12 13:15:00+00:00,2025-10-12 06:20:00-07:00,2025-10-12 13:20:00+00:00,REAL_TIME_5_MIN,BEARTAP_1_N001,Node,31.78429,31.93118,0.0,-0.14688,0.0
2025-10-12 06:15:00-07:00,2025-10-12 13:15:00+00:00,2025-10-12 06:20:00-07:00,2025-10-12 13:20:00+00:00,REAL_TIME_5_MIN,SOUTHBY_6_N001,Node,32.49955,31.93118,0.0,0.56837,0.0
2025-10-12 06:20:00-07:00,2025-10-12 13:20:00+00:00,2025-10-12 06:25:00-07:00,2025-10-12 13:25:00+00:00,REAL_TIME_5_MIN,BALCH1_7_N001,Node,33.4405,33.19486,0.0,0.24564,0.0
2025-10-12 06:20:00-07:00,2025-10-12 13:20:00+00:00,2025-10-12 06:25:00-07:00,2025-10-12 13:25:00+00:00,REAL_TIME_5_MIN,BEARTAP_1_N001,Node,33.04216,33.19486,0.0,-0.1527,0.0
2025-10-12 06:20:00-07:00,2025-10-12 13:20:00+00:00,2025-10-12 06:25:00-07:00,2025-10-12 13:25:00+00:00,REAL_TIME_5_MIN,SOUTHBY_6_N001,Node,33.78573,33.19486,0.0,0.59087,0.0
2025-10-12 06:25:00-07:00,2025-10-12 13:25:00+00:00,2025-10-12 06:30:00-07:00,2025-10-12 13:30:00+00:00,REAL_TIME_5_MIN,BALCH1_7_N001,Node,36.50574,36.23758,0.0,0.26816,0.0
2025-10-12 06:25:00-07:00,2025-10-12 13:25:00+00:00,2025-10-12 06:30:00-07:00,2025-10-12 13:30:00+00:00,REAL_TIME_5_MIN,BEARTAP_1_N001,Node,36.07088,36.23758,0.0,-0.16669,0.0
2025-10-12 06:25:00-07:00,2025-10-12 13:25:00+00:00,2025-10-12 06:30:00-07:00,2025-10-12 13:30:00+00:00,REAL_TIME_5_MIN,SOUTHBY_6_N001,Node,36.88261,36.23758,0.0,0.64503,0.0
2025-10-12 06:30:00-07:00,2025-10-12 13:30:00+00:00,2025-10-12 06:35:00-07:00,2025-10-12 13:35:00+00:00,REAL_TIME_5_MIN,BALCH1_7_N001,Node,37.6552,37.48278,0.0,0.17242,0.0
2025-10-12 06:30:00-07:00,2025-10-12 13:30:00+00:00,2025-10-12 06:35:00-07:00,2025-10-12 13:35:00+00:00,REAL_TIME_5_MIN,BEARTAP_1_N001,Node,37.23164,37.48278,0.0,-0.25113,0.0
2025-10-12 06:30:00-07:00,2025-10-12 13:30:00+00:00,2025-10-12 06:35:00-07:00,2025-10-12 13:35:00+00:00,REAL_TIME_5_MIN,SOUTHBY_6_N001,Node,38.1912,37.48278,0.0,0.70842,0.0
2025-10-12 06:35:00-07:00,2025-10-12 13:35:00+00:00,2025-10-12 06:40:00-07:00,2025-10-12 13:40:00+00:00,REAL_TIME_5_MIN,BALCH1_7_N001,Node,37.6552,37.48278,0.0,0.17242,0.0
2025-10-12 06:35:00-07:00,2025-10-12 13:35:00+00:00,2025-10-12 06:40:00-07:00,2025-10-12 13:40:00+00:00,REAL_TIME_5_MIN,BEARTAP_1_N001,Node,37.23164,37.48278,0.0,-0.25113,0.0
2025-10-12 06:35:00-07:00,2025-10-12 13:35:00+00:00,2025-10-12 06:40:00-07:00,2025-10-12 13:40:00+00:00,REAL_TIME_5_MIN,SOUTHBY_6_N001,Node,38.1912,37.48278,0.0,0.70842,0.0
2025-10-12 06:40:00-07:00,2025-10-12 13:40:00+00:00,2025-10-12 06:45:00-07:00,2025-10-12 13:45:00+00:00,REAL_TIME_5_MIN,BALCH1_7_N001,Node,38.8333,38.65548,0.0,0.17782,0.0
2025-10-12 06:40:00-07:00,2025-10-12 13:40:00+00:00,2025-10-12 06:45:00-07:00,2025-10-12 13:45:00+00:00,REAL_TIME_5_MIN,BEARTAP_1_N001,Node,38.39649,38.65548,0.0,-0.25899,0.0
2025-10-12 06:40:00-07:00,2025-10-12 13:40:00+00:00,2025-10-12 06:45:00-07:00,2025-10-12 13:45:00+00:00,REAL_TIME_5_MIN,SOUTHBY_6_N001,Node,39.38607,38.65548,0.0,0.73059,0.0
2025-10-12 06:45:00-07:00,2025-10-12 13:45:00+00:00,2025-10-12 06:50:00-07:00,2025-10-12 13:50:00+00:00,REAL_TIME_5_MIN,BALCH1_7_N001,Node,42.67741,41.61214,0.0,1.06527,0.0
2025-10-12 06:45:00-07:00,2025-10-12 13:45:00+00:00,2025-10-12 06:50:00-07:00,2025-10-12 13:50:00+00:00,REAL_TIME_5_MIN,BEARTAP_1_N001,Node,41.2834,41.61214,0.0,-0.32874,0.0
2025-10-12 06:45:00-07:00,2025-10-12 13:45:00+00:00,2025-10-12 06:50:00-07:00,2025-10-12 13:50:00+00:00,REAL_TIME_5_MIN,SOUTHBY_6_N001,Node,42.27793,41.61214,0.0,0.66579,0.0
2025-10-12 06:50:00-07:00,2025-10-12 13:50:00+00:00,2025-10-12 06:55:00-07:00,2025-10-12 13:55:00+00:00,REAL_TIME_5_MIN,BALCH1_7_N001,Node,47.5916,46.40367,0.0,1.18793,0.0
2025-10-12 06:50:00-07:00,2025-10-12 13:50:00+00:00,2025-10-12 06:55:00-07:00,2025-10-12 13:55:00+00:00,REAL_TIME_5_MIN,BEARTAP_1_N001,Node,46.03708,46.40367,0.0,-0.36659,0.0
2025-10-12 06:50:00-07:00,2025-10-12 13:50:00+00:00,2025-10-12 06:55:00-07:00,2025-10-12 13:55:00+00:00,REAL_TIME_5_MIN,SOUTHBY_6_N001,Node,47.14612,46.40367,0.0,0.74246,0.0
2025-10-12 06:55:00-07:00,2025-10-12 13:55:00+00:00,2025-10-12 07:00:00-07:00,2025-10-12 14:00:00+00:00,REAL_TIME_5_MIN,BALCH1_7_N001,Node,51.01784,49.74438,0.0,1.27346,0.0
2025-10-12 06:55:00-07:00,2025-10-12 13:55:00+00:00,2025-10-12 07:00:00-07:00,2025-10-12 14:00:00+00:00,REAL_TIME_5_MIN,BEARTAP_1_N001,Node,49.3514,49.74438,0.0,-0.39298,0.0
2025-10-12 06:55:00-07:00,2025-10-12 13:55:00+00:00,2025-10-12 07:00:00-07:00,2025-10-12 14:00:00+00:00,REAL_TIME_5_MIN,SOUTHBY_6_N001,Node,50.54029,49.74438,0.0,0.79591,0.0
2025-10-12 07:00:00-07:00,2025-10-12 14:00:00+00:00,2025-10-12 07:05:00-07:00,2025-10-12 14:05:00+00:00,REAL_TIME_5_MIN,BALCH1_7_N001,Node,89.19861,86.5082,0.0,2.69041,0.0
2025-10-12 07:00:00-07:00,2025-10-12 14:00:00+00:00,2025-10-12 07:05:00-07:00,2025-10-12 14:05:00+00:00,REAL_TIME_5_MIN,BEARTAP_1_N001,Node,86.11892,86.5082,0.0,-0.38929,0.0
2025-10-12 07:00:00-07:00,2025-10-12 14:00:00+00:00,2025-10-12 07:05:00-07:00,2025-10-12 14:05:00+00:00,REAL_TIME_5_MIN,SOUTHBY_6_N001,Node,87.45114,86.5082,0.0,0.94294,0.0
2025-10-12 07:05:00-07:00,2025-10-12 14:05:00+00:00,2025-10-12 07:10:00-07:00,2025-10-12 14:10:00+00:00,REAL_TIME_5_MIN,BALCH1_7_N001,Node,106.54737,103.33369,0.0,3.21368,0.0
2025-10-12 07:05:00-07:00,2025-10-12 14:05:00+00:00,2025-10-12 07:10:00-07:00,2025-10-12 14:10:00+00:00,REAL_TIME_5_MIN,BEARTAP_1_N001,Node,102.86869,103.33369,0.0,-0.465,0.0
2025-10-12 07:05:00-07:00,2025-10-12 14:05:00+00:00,2025-10-12 07:10:00-07:00,2025-10-12 14:10:00+00:00,REAL_TIME_5_MIN,SOUTHBY_6_N001,Node,104.46003,103.33369,0.0,1.12634,0.0
2025-10-12 07:10:00-07:00,2025-10-12 14:10:00+00:00,2025-10-12 07:15:00-07:00,2025-10-12 14:15:00+00:00,REAL_TIME_5_MIN,BALCH1_7_N001,Node,108.23436,104.9698,0.0,3.26456,0.0
2025-10-12 07:10:00-07:00,2025-10-12 14:10:00+00:00,2025-10-12 07:15:00-07:00,2025-10-12 14:15:00+00:00,REAL_TIME_5_MIN,BEARTAP_1_N001,Node,104.49744,104.9698,0.0,-0.47236,0.0
2025-10-12 07:10:00-07:00,2025-10-12 14:10:00+00:00,2025-10-12 07:15:00-07:00,2025-10-12 14:15:00+00:00,REAL_TIME_5_MIN,SOUTHBY_6_N001,Node,106.11397,104.9698,0.0,1.14417,0.0
2025-10-12 07:15:00-07:00,2025-10-12 14:15:00+00:00,2025-10-12 07:20:00-07:00,2025-10-12 14:20:00+00:00,REAL_TIME_5_MIN,BALCH1_7_N001,Node,102.64712,98.40583,0.0,4.24129,0.0
2025-10-12 07:15:00-07:00,2025-10-12 14:15:00+00:00,2025-10-12 07:20:00-07:00,2025-10-12 14:20:00+00:00,REAL_TIME_5_MIN,BEARTAP_1_N001,Node,97.66778,98.40583,0.0,-0.73804,0.0
2025-10-12 07:15:00-07:00,2025-10-12 14:15:00+00:00,2025-10-12 07:20:00-07:00,2025-10-12 14:20:00+00:00,REAL_TIME_5_MIN,SOUTHBY_6_N001,Node,100.73804,98.40583,0.0,2.33222,0.0
2025-10-12 07:20:00-07:00,2025-10-12 14:20:00+00:00,2025-10-12 07:25:00-07:00,2025-10-12 14:25:00+00:00,REAL_TIME_5_MIN,BALCH1_7_N001,Node,61.73517,59.18432,0.0,2.55084,0.0
2025-10-12 07:20:00-07:00,2025-10-12 14:20:00+00:00,2025-10-12 07:25:00-07:00,2025-10-12 14:25:00+00:00,REAL_TIME_5_MIN,BEARTAP_1_N001,Node,58.74044,59.18432,0.0,-0.44388,0.0
2025-10-12 07:20:00-07:00,2025-10-12 14:20:00+00:00,2025-10-12 07:25:00-07:00,2025-10-12 14:25:00+00:00,REAL_TIME_5_MIN,SOUTHBY_6_N001,Node,60.58699,59.18432,0.0,1.40267,0.0
2025-10-12 07:25:00-07:00,2025-10-12 14:25:00+00:00,2025-10-12 07:30:00-07:00,2025-10-12 14:30:00+00:00,REAL_TIME_5_MIN,BALCH1_7_N001,Node,50.85834,48.75691,0.0,2.10142,0.0
2025-10-12 07:25:00-07:00,2025-10-12 14:25:00+00:00,2025-10-12 07:30:00-07:00,2025-10-12 14:30:00+00:00,REAL_TIME_5_MIN,BEARTAP_1_N001,Node,48.39124,48.75691,0.0,-0.36568,0.0
2025-10-12 07:25:00-07:00,2025-10-12 14:25:00+00:00,2025-10-12 07:30:00-07:00,2025-10-12 14:30:00+00:00,REAL_TIME_5_MIN,SOUTHBY_6_N001,Node,49.91245,48.75691,0.0,1.15554,0.0
2025-10-12 07:30:00-07:00,2025-10-12 14:30:00+00:00,2025-10-12 07:35:00-07:00,2025-10-12 14:35:00+00:00,REAL_TIME_5_MIN,BALCH1_7_N001,Node,50.74107,48.48182,0.0,2.25925,0.0
2025-10-12 07:30:00-07:00,2025-10-12 14:30:00+00:00,2025-10-12 07:35:00-07:00,2025-10-12 14:35:00+00:00,REAL_TIME_5_MIN,BEARTAP_1_N001,Node,47.90974,48.48182,0.0,-0.57209,0.0
2025-10-12 07:30:00-07:00,2025-10-12 14:30:00+00:00,2025-10-12 07:35:00-07:00,2025-10-12 14:35:00+00:00,REAL_TIME_5_MIN,SOUTHBY_6_N001,Node,49.85386,48.48182,0.0,1.37204,0.0
2025-10-12 07:35:00-07:00,2025-10-12 14:35:00+00:00,2025-10-12 07:40:00-07:00,2025-10-12 14:40:00+00:00,REAL_TIME_5_MIN,BALCH1_7_N001,Node,43.12626,41.20606,0.0,1.9202,0.0
2025-10-12 07:35:00-07:00,2025-10-12 14:35:00+00:00,2025-10-12 07:40:00-07:00,2025-10-12 14:40:00+00:00,REAL_TIME_5_MIN,BEARTAP_1_N001,Node,40.71983,41.20606,0.0,-0.48623,0.0
2025-10-12 07:35:00-07:00,2025-10-12 14:35:00+00:00,2025-10-12 07:40:00-07:00,2025-10-12 14:40:00+00:00,REAL_TIME_5_MIN,SOUTHBY_6_N001,Node,42.37219,41.20606,0.0,1.16613,0.0
2025-10-12 07:40:00-07:00,2025-10-12 14:40:00+00:00,2025-10-12 07:45:00-07:00,2025-10-12 14:45:00+00:00,REAL_TIME_5_MIN,BALCH1_7_N001,Node,37.61299,34.89244,1.09456,1.62599,0.0
2025-10-12 07:40:00-07:00,2025-10-12 14:40:00+00:00,2025-10-12 07:45:00-07:00,2025-10-12 14:45:00+00:00,REAL_TIME_5_MIN,BEARTAP_1_N001,Node,34.28102,34.89244,-0.19968,-0.41173,0.0
2025-10-12 07:40:00-07:00,2025-10-12 14:40:00+00:00,2025-10-12 07:45:00-07:00,2025-10-12 14:45:00+00:00,REAL_TIME_5_MIN,SOUTHBY_6_N001,Node,36.63795,34.89244,0.75806,0.98746,0.0
2025-10-12 07:45:00-07:00,2025-10-12 14:45:00+00:00,2025-10-12 07:50:00-07:00,2025-10-12 14:50:00+00:00,REAL_TIME_5_MIN,BALCH1_7_N001,Node,38.57584,32.28669,4.60701,1.68214,0.0
2025-10-12 07:45:00-07:00,2025-10-12 14:45:00+00:00,2025-10-12 07:50:00-07:00,2025-10-12 14:50:00+00:00,REAL_TIME_5_MIN,BEARTAP_1_N001,Node,30.8945,32.28669,-0.84332,-0.54887,0.0
2025-10-12 07:45:00-07:00,2025-10-12 14:45:00+00:00,2025-10-12 07:50:00-07:00,2025-10-12 14:50:00+00:00,REAL_TIME_5_MIN,SOUTHBY_6_N001,Node,36.53749,32.28669,3.20148,1.04932,0.0
2025-10-12 07:50:00-07:00,2025-10-12 14:50:00+00:00,2025-10-12 07:55:00-07:00,2025-10-12 14:55:00+00:00,REAL_TIME_5_MIN,BALCH1_7_N001,Node,34.36072,28.89345,3.96192,1.50535,0.0
2025-10-12 07:50:00-07:00,2025-10-12 14:50:00+00:00,2025-10-12 07:55:00-07:00,2025-10-12 14:55:00+00:00,REAL_TIME_5_MIN,BEARTAP_1_N001,Node,26.71609,28.89345,-1.68617,-0.49119,0.0
2025-10-12 07:50:00-07:00,2025-10-12 14:50:00+00:00,2025-10-12 07:55:00-07:00,2025-10-12 14:55:00+00:00,REAL_TIME_5_MIN,SOUTHBY_6_N001,Node,33.66471,28.89345,3.83222,0.93904,0.0
2025-10-12 07:55:00-07:00,2025-10-12 14:55:00+00:00,2025-10-12 08:00:00-07:00,2025-10-12 15:00:00+00:00,REAL_TIME_5_MIN,BALCH1_7_N001,Node,33.52208,28.97781,3.03452,1.50974,0.0
2025-10-12 07:55:00-07:00,2025-10-12 14:55:00+00:00,2025-10-12 08:00:00-07:00,2025-10-12 15:00:00+00:00,REAL_TIME_5_MIN,BEARTAP_1_N001,Node,27.19371,28.97781,-1.29148,-0.49262,0.0
2025-10-12 07:55:00-07:00,2025-10-12 14:55:00+00:00,2025-10-12 08:00:00-07:00,2025-10-12 15:00:00+00:00,REAL_TIME_5_MIN,SOUTHBY_6_N001,Node,32.85477,28.97781,2.93518,0.94178,0.0
2025-10-12 08:00:00-07:00,2025-10-12 15:00:00+00:00,2025-10-12 08:05:00-07:00,2025-10-12 15:05:00+00:00,REAL_TIME_5_MIN,BALCH1_7_N001,Node,37.9597,36.14865,0.0,1.81105,0.0
2025-10-12 08:00:00-07:00,2025-10-12 15:00:00+00:00,2025-10-12 08:05:00-07:00,2025-10-12 15:05:00+00:00,REAL_TIME_5_MIN,BEARTAP_1_N001,Node,35.30277,36.14865,0.0,-0.84588,0.0
2025-10-12 08:00:00-07:00,2025-10-12 15:00:00+00:00,2025-10-12 08:05:00-07:00,2025-10-12 15:05:00+00:00,REAL_TIME_5_MIN,SOUTHBY_6_N001,Node,37.50784,36.14865,0.0,1.35919,0.0
2025-10-12 08:05:00-07:00,2025-10-12 15:05:00+00:00,2025-10-12 08:10:00-07:00,2025-10-12 15:10:00+00:00,REAL_TIME_5_MIN,BALCH1_7_N001,Node,37.9597,36.14865,0.0,1.81105,0.0
2025-10-12 08:05:00-07:00,2025-10-12 15:05:00+00:00,2025-10-12 08:10:00-07:00,2025-10-12 15:10:00+00:00,REAL_TIME_5_MIN,BEARTAP_1_N001,Node,35.30277,36.14865,0.0,-0.84588,0.0
2025-10-12 08:05:00-07:00,2025-10-12 15:05:00+00:00,2025-10-12 08:10:00-07:00,2025-10-12 15:10:00+00:00,REAL_TIME_5_MIN,SOUTHBY_6_N001,Node,37.50784,36.14865,0.0,1.35919,0.0
2025-10-12 08:10:00-07:00,2025-10-12 15:10:00+00:00,2025-10-12 08:15:00-07:00,2025-10-12 15:15:00+00:00,REAL_TIME_5_MIN,BALCH1_7_N001,Node,35.57645,33.87911,0.0,1.69734,0.0
2025-10-12 08:10:00-07:00,2025-10-12 15:10:00+00:00,2025-10-12 08:15:00-07:00,2025-10-12 15:15:00+00:00,REAL_TIME_5_MIN,BEARTAP_1_N001,Node,33.08633,33.87911,0.0,-0.79277,0.0
2025-10-12 08:10:00-07:00,2025-10-12 15:10:00+00:00,2025-10-12 08:15:00-07:00,2025-10-12 15:15:00+00:00,REAL_TIME_5_MIN,SOUTHBY_6_N001,Node,35.15296,33.87911,0.0,1.27385,0.0
2025-10-12 08:15:00-07:00,2025-10-12 15:15:00+00:00,2025-10-12 08:20:00-07:00,2025-10-12 15:20:00+00:00,REAL_TIME_5_MIN,BALCH1_7_N001,Node,38.68525,23.90186,13.6122,1.17119,0.0
2025-10-12 08:15:00-07:00,2025-10-12 15:15:00+00:00,2025-10-12 08:20:00-07:00,2025-10-12 15:20:00+00:00,REAL_TIME_5_MIN,BEARTAP_1_N001,Node,19.1401,23.90186,-3.95866,-0.8031,0.0
2025-10-12 08:15:00-07:00,2025-10-12 15:15:00+00:00,2025-10-12 08:20:00-07:00,2025-10-12 15:20:00+00:00,REAL_TIME_5_MIN,SOUTHBY_6_N001,Node,33.71545,23.90186,8.84556,0.96803,0.0
2025-10-12 08:20:00-07:00,2025-10-12 15:20:00+00:00,2025-10-12 08:25:00-07:00,2025-10-12 15:25:00+00:00,REAL_TIME_5_MIN,BALCH1_7_N001,Node,38.81999,23.50748,14.16065,1.15187,0.0
2025-10-12 08:20:00-07:00,2025-10-12 15:20:00+00:00,2025-10-12 08:25:00-07:00,2025-10-12 15:25:00+00:00,REAL_TIME_5_MIN,BEARTAP_1_N001,Node,18.5133,23.50748,-4.20432,-0.78985,0.0
2025-10-12 08:20:00-07:00,2025-10-12 15:20:00+00:00,2025-10-12 08:25:00-07:00,2025-10-12 15:25:00+00:00,REAL_TIME_5_MIN,SOUTHBY_6_N001,Node,33.85401,23.50748,9.39448,0.95205,0.0
2025-10-12 08:25:00-07:00,2025-10-12 15:25:00+00:00,2025-10-12 08:30:00-07:00,2025-10-12 15:30:00+00:00,REAL_TIME_5_MIN,BALCH1_7_N001,Node,38.57042,21.67071,15.83785,1.06186,0.0
2025-10-12 08:25:00-07:00,2025-10-12 15:25:00+00:00,2025-10-12 08:30:00-07:00,2025-10-12 15:30:00+00:00,REAL_TIME_5_MIN,BEARTAP_1_N001,Node,16.03164,21.67071,-4.91093,-0.72814,0.0
2025-10-12 08:25:00-07:00,2025-10-12 15:25:00+00:00,2025-10-12 08:30:00-07:00,2025-10-12 15:30:00+00:00,REAL_TIME_5_MIN,SOUTHBY_6_N001,Node,33.52176,21.67071,10.97339,0.87766,0.0
2025-10-12 08:30:00-07:00,2025-10-12 15:30:00+00:00,2025-10-12 08:35:00-07:00,2025-10-12 15:35:00+00:00,REAL_TIME_5_MIN,BALCH1_7_N001,Node,19.07239,20.62759,-2.33492,0.77972,0.0
2025-10-12 08:30:00-07:00,2025-10-12 15:30:00+00:00,2025-10-12 08:35:00-07:00,2025-10-12 15:35:00+00:00,REAL_TIME_5_MIN,BEARTAP_1_N001,Node,8.34545,20.62759,-11.50242,-0.77972,0.0
2025-10-12 08:30:00-07:00,2025-10-12 15:30:00+00:00,2025-10-12 08:35:00-07:00,2025-10-12 15:35:00+00:00,REAL_TIME_5_MIN,SOUTHBY_6_N001,Node,31.1951,20.62759,9.74241,0.8251,0.0
2025-10-12 08:35:00-07:00,2025-10-12 15:35:00+00:00,2025-10-12 08:40:00-07:00,2025-10-12 15:40:00+00:00,REAL_TIME_5_MIN,BALCH1_7_N001,Node,-2.68476,17.89531,-21.25651,0.67644,0.0
2025-10-12 08:35:00-07:00,2025-10-12 15:35:00+00:00,2025-10-12 08:40:00-07:00,2025-10-12 15:40:00+00:00,REAL_TIME_5_MIN,BEARTAP_1_N001,Node,1.80837,17.89531,-15.41049,-0.67644,0.0
2025-10-12 08:35:00-07:00,2025-10-12 15:35:00+00:00,2025-10-12 08:40:00-07:00,2025-10-12 15:40:00+00:00,REAL_TIME_5_MIN,SOUTHBY_6_N001,Node,25.73482,17.89531,7.1237,0.71581,0.0
2025-10-12 08:40:00-07:00,2025-10-12 15:40:00+00:00,2025-10-12 08:45:00-07:00,2025-10-12 15:45:00+00:00,REAL_TIME_5_MIN,BALCH1_7_N001,Node,-9.2388,16.49518,-26.3575,0.62352,0.0
2025-10-12 08:40:00-07:00,2025-10-12 15:40:00+00:00,2025-10-12 08:45:00-07:00,2025-10-12 15:45:00+00:00,REAL_TIME_5_MIN,BEARTAP_1_N001,Node,-0.867,16.49518,-16.73867,-0.62352,0.0
2025-10-12 08:40:00-07:00,2025-10-12 15:40:00+00:00,2025-10-12 08:45:00-07:00,2025-10-12 15:45:00+00:00,REAL_TIME_5_MIN,SOUTHBY_6_N001,Node,23.09836,16.49518,5.94337,0.65981,0.0
2025-10-12 08:45:00-07:00,2025-10-12 15:45:00+00:00,2025-10-12 08:50:00-07:00,2025-10-12 15:50:00+00:00,REAL_TIME_5_MIN,BALCH1_7_N001,Node,-12.43973,12.1544,-25.00495,0.41082,0.0
2025-10-12 08:45:00-07:00,2025-10-12 15:45:00+00:00,2025-10-12 08:50:00-07:00,2025-10-12 15:50:00+00:00,REAL_TIME_5_MIN,BEARTAP_1_N001,Node,-0.99908,12.1544,-12.73294,-0.42054,0.0
2025-10-12 08:45:00-07:00,2025-10-12 15:45:00+00:00,2025-10-12 08:50:00-07:00,2025-10-12 15:50:00+00:00,REAL_TIME_5_MIN,SOUTHBY_6_N001,Node,14.74047,12.1544,2.11935,0.46673,0.0
2025-10-12 08:50:00-07:00,2025-10-12 15:50:00+00:00,2025-10-12 08:55:00-07:00,2025-10-12 15:55:00+00:00,REAL_TIME_5_MIN,BALCH1_7_N001,Node,-12.10322,11.93814,-24.44487,0.40351,0.0
2025-10-12 08:50:00-07:00,2025-10-12 15:50:00+00:00,2025-10-12 08:55:00-07:00,2025-10-12 15:55:00+00:00,REAL_TIME_5_MIN,BEARTAP_1_N001,Node,-3.39243,11.93814,-14.91751,-0.41306,0.0
2025-10-12 08:50:00-07:00,2025-10-12 15:50:00+00:00,2025-10-12 08:55:00-07:00,2025-10-12 15:55:00+00:00,REAL_TIME_5_MIN,SOUTHBY_6_N001,Node,17.27365,11.93814,4.87709,0.45842,0.0
2025-10-12 08:55:00-07:00,2025-10-12 15:55:00+00:00,2025-10-12 09:00:00-07:00,2025-10-12 16:00:00+00:00,REAL_TIME_5_MIN,BALCH1_7_N001,Node,-12.60292,9.29438,-22.21146,0.31415,0.0
2025-10-12 08:55:00-07:00,2025-10-12 15:55:00+00:00,2025-10-12 09:00:00-07:00,2025-10-12 16:00:00+00:00,REAL_TIME_5_MIN,BEARTAP_1_N001,Node,-5.04604,9.29438,-14.01883,-0.32159,0.0
2025-10-12 08:55:00-07:00,2025-10-12 15:55:00+00:00,2025-10-12 09:00:00-07:00,2025-10-12 16:00:00+00:00,REAL_TIME_5_MIN,SOUTHBY_6_N001,Node,14.54403,9.29438,4.89274,0.3569,0.0
2025-10-12 09:00:00-07:00,2025-10-12 16:00:00+00:00,2025-10-12 09:05:00-07:00,2025-10-12 16:05:00+00:00,REAL_TIME_5_MIN,BALCH1_7_N001,Node,-12.58238,14.76467,-27.9214,0.57435,0.0
2025-10-12 09:00:00-07:00,2025-10-12 16:00:00+00:00,2025-10-12 09:05:00-07:00,2025-10-12 16:05:00+00:00,REAL_TIME_5_MIN,BEARTAP_1_N001,Node,2.24068,14.76467,-11.90092,-0.62307,0.0
2025-10-12 09:00:00-07:00,2025-10-12 16:00:00+00:00,2025-10-12 09:05:00-07:00,2025-10-12 16:05:00+00:00,REAL_TIME_5_MIN,SOUTHBY_6_N001,Node,15.33902,14.76467,0.0,0.57435,0.0
2025-10-12 09:05:00-07:00,2025-10-12 16:05:00+00:00,2025-10-12 09:10:00-07:00,2025-10-12 16:10:00+00:00,REAL_TIME_5_MIN,BALCH1_7_N001,Node,-12.72797,14.98735,-28.29832,0.58301,0.0
2025-10-12 09:05:00-07:00,2025-10-12 16:05:00+00:00,2025-10-12 09:10:00-07:00,2025-10-12 16:10:00+00:00,REAL_TIME_5_MIN,BEARTAP_1_N001,Node,1.82608,14.98735,-12.5288,-0.63247,0.0
2025-10-12 09:05:00-07:00,2025-10-12 16:05:00+00:00,2025-10-12 09:10:00-07:00,2025-10-12 16:10:00+00:00,REAL_TIME_5_MIN,SOUTHBY_6_N001,Node,16.0963,14.98735,0.52595,0.58301,0.0
2025-10-12 09:10:00-07:00,2025-10-12 16:10:00+00:00,2025-10-12 09:15:00-07:00,2025-10-12 16:15:00+00:00,REAL_TIME_5_MIN,BALCH1_7_N001,Node,-12.62541,15.18906,-28.40532,0.59085,0.0
2025-10-12 09:10:00-07:00,2025-10-12 16:10:00+00:00,2025-10-12 09:15:00-07:00,2025-10-12 16:15:00+00:00,REAL_TIME_5_MIN,BEARTAP_1_N001,Node,1.75748,15.18906,-12.7906,-0.64098,0.0
2025-10-12 09:10:00-07:00,2025-10-12 16:10:00+00:00,2025-10-12 09:15:00-07:00,2025-10-12 16:15:00+00:00,REAL_TIME_5_MIN,SOUTHBY_6_N001,Node,16.54923,15.18906,0.76931,0.59085,0.0
2025-10-12 09:15:00-07:00,2025-10-12 16:15:00+00:00,2025-10-12 09:20:00-07:00,2025-10-12 16:20:00+00:00,REAL_TIME_5_MIN,BALCH1_7_N001,Node,-15.49401,11.83496,-27.73965,0.41067,0.0
2025-10-12 09:15:00-07:00,2025-10-12 16:15:00+00:00,2025-10-12 09:20:00-07:00,2025-10-12 16:20:00+00:00,REAL_TIME_5_MIN,BEARTAP_1_N001,Node,-0.5045,11.83496,-11.82346,-0.516,0.0
2025-10-12 09:15:00-07:00,2025-10-12 16:15:00+00:00,2025-10-12 09:20:00-07:00,2025-10-12 16:20:00+00:00,REAL_TIME_5_MIN,SOUTHBY_6_N001,Node,12.28942,11.83496,0.0,0.45446,0.0
2025-10-12 09:20:00-07:00,2025-10-12 16:20:00+00:00,2025-10-12 09:25:00-07:00,2025-10-12 16:25:00+00:00,REAL_TIME_5_MIN,BALCH1_7_N001,Node,-16.56918,9.42691,-26.32321,0.32711,0.0
2025-10-12 09:20:00-07:00,2025-10-12 16:20:00+00:00,2025-10-12 09:25:00-07:00,2025-10-12 16:25:00+00:00,REAL_TIME_5_MIN,BEARTAP_1_N001,Node,-2.43777,9.42691,-11.45367,-0.41101,0.0
2025-10-12 09:20:00-07:00,2025-10-12 16:20:00+00:00,2025-10-12 09:25:00-07:00,2025-10-12 16:25:00+00:00,REAL_TIME_5_MIN,SOUTHBY_6_N001,Node,9.7889,9.42691,0.0,0.36199,0.0
2025-10-12 09:25:00-07:00,2025-10-12 16:25:00+00:00,2025-10-12 09:30:00-07:00,2025-10-12 16:30:00+00:00,REAL_TIME_5_MIN,BALCH1_7_N001,Node,-17.10073,8.12786,-25.51063,0.28204,0.0
2025-10-12 09:25:00-07:00,2025-10-12 16:25:00+00:00,2025-10-12 09:30:00-07:00,2025-10-12 16:30:00+00:00,REAL_TIME_5_MIN,BEARTAP_1_N001,Node,-3.0999,8.12786,-10.87338,-0.35437,0.0
2025-10-12 09:25:00-07:00,2025-10-12 16:25:00+00:00,2025-10-12 09:30:00-07:00,2025-10-12 16:30:00+00:00,REAL_TIME_5_MIN,SOUTHBY_6_N001,Node,8.43997,8.12786,0.0,0.31211,0.0
2025-10-12 09:30:00-07:00,2025-10-12 16:30:00+00:00,2025-10-12 09:35:00-07:00,2025-10-12 16:35:00+00:00,REAL_TIME_5_MIN,BALCH1_7_N001,Node,-16.10435,7.77888,-24.12516,0.24192,0.0
2025-10-12 09:30:00-07:00,2025-10-12 16:30:00+00:00,2025-10-12 09:35:00-07:00,2025-10-12 16:35:00+00:00,REAL_TIME_5_MIN,BEARTAP_1_N001,Node,-2.94677,7.77888,-10.37094,-0.35472,0.0
2025-10-12 09:30:00-07:00,2025-10-12 16:30:00+00:00,2025-10-12 09:35:00-07:00,2025-10-12 16:35:00+00:00,REAL_TIME_5_MIN,SOUTHBY_6_N001,Node,8.08537,7.77888,0.0,0.30649,0.0
2025-10-12 09:35:00-07:00,2025-10-12 16:35:00+00:00,2025-10-12 09:40:00-07:00,2025-10-12 16:40:00+00:00,REAL_TIME_5_MIN,BALCH1_7_N001,Node,-15.91261,11.10795,-27.36601,0.34546,0.0
2025-10-12 09:35:00-07:00,2025-10-12 16:35:00+00:00,2025-10-12 09:40:00-07:00,2025-10-12 16:40:00+00:00,REAL_TIME_5_MIN,BEARTAP_1_N001,Node,-1.58427,11.10795,-12.1857,-0.50652,0.0
2025-10-12 09:35:00-07:00,2025-10-12 16:35:00+00:00,2025-10-12 09:40:00-07:00,2025-10-12 16:40:00+00:00,REAL_TIME_5_MIN,SOUTHBY_6_N001,Node,11.5456,11.10795,0.0,0.43765,0.0
2025-10-12 09:40:00-07:00,2025-10-12 16:40:00+00:00,2025-10-12 09:45:00-07:00,2025-10-12 16:45:00+00:00,REAL_TIME_5_MIN,BALCH1_7_N001,Node,-16.07898,10.67385,-27.08479,0.33196,0.0
2025-10-12 09:40:00-07:00,2025-10-12 16:40:00+00:00,2025-10-12 09:45:00-07:00,2025-10-12 16:45:00+00:00,REAL_TIME_5_MIN,BEARTAP_1_N001,Node,-1.82044,10.67385,-12.00757,-0.48673,0.0
2025-10-12 09:40:00-07:00,2025-10-12 16:40:00+00:00,2025-10-12 09:45:00-07:00,2025-10-12 16:45:00+00:00,REAL_TIME_5_MIN,SOUTHBY_6_N001,Node,11.0944,10.67385,0.0,0.42055,0.0
2025-10-12 09:45:00-07:00,2025-10-12 16:45:00+00:00,2025-10-12 09:50:00-07:00,2025-10-12 16:50:00+00:00,REAL_TIME_5_MIN,BALCH1_7_N001,Node,-16.40641,6.88542,-23.45707,0.16525,0.0
2025-10-12 09:45:00-07:00,2025-10-12 16:45:00+00:00,2025-10-12 09:50:00-07:00,2025-10-12 16:50:00+00:00,REAL_TIME_5_MIN,BEARTAP_1_N001,Node,-3.37157,6.88542,-9.9981,-0.25889,0.0
2025-10-12 09:45:00-07:00,2025-10-12 16:45:00+00:00,2025-10-12 09:50:00-07:00,2025-10-12 16:50:00+00:00,REAL_TIME_5_MIN,SOUTHBY_6_N001,Node,7.13329,6.88542,0.0,0.24787,0.0
2025-10-12 09:50:00-07:00,2025-10-12 16:50:00+00:00,2025-10-12 09:55:00-07:00,2025-10-12 16:55:00+00:00,REAL_TIME_5_MIN,BALCH1_7_N001,Node,-16.36453,6.84661,-23.37546,0.16432,0.0
2025-10-12 09:50:00-07:00,2025-10-12 16:50:00+00:00,2025-10-12 09:55:00-07:00,2025-10-12 16:55:00+00:00,REAL_TIME_5_MIN,BEARTAP_1_N001,Node,-3.37413,6.84661,-9.96331,-0.25743,0.0
2025-10-12 09:50:00-07:00,2025-10-12 16:50:00+00:00,2025-10-12 09:55:00-07:00,2025-10-12 16:55:00+00:00,REAL_TIME_5_MIN,SOUTHBY_6_N001,Node,7.09309,6.84661,0.0,0.24648,0.0
2025-10-12 09:55:00-07:00,2025-10-12 16:55:00+00:00,2025-10-12 10:00:00-07:00,2025-10-12 17:00:00+00:00,REAL_TIME_5_MIN,BALCH1_7_N001,Node,-16.76139,6.02982,-22.93593,0.14472,0.0
2025-10-12 09:55:00-07:00,2025-10-12 16:55:00+00:00,2025-10-12 10:00:00-07:00,2025-10-12 17:00:00+00:00,REAL_TIME_5_MIN,BEARTAP_1_N001,Node,-3.97287,6.02982,-9.77597,-0.22672,0.0
2025-10-12 09:55:00-07:00,2025-10-12 16:55:00+00:00,2025-10-12 10:00:00-07:00,2025-10-12 17:00:00+00:00,REAL_TIME_5_MIN,SOUTHBY_6_N001,Node,6.24689,6.02982,0.0,0.21707,0.0
2025-10-12 10:00:00-07:00,2025-10-12 17:00:00+00:00,2025-10-12 10:05:00-07:00,2025-10-12 17:05:00+00:00,REAL_TIME_5_MIN,BALCH1_7_N001,Node,-1.20666,13.25191,-14.68385,0.22528,0.0
2025-10-12 10:00:00-07:00,2025-10-12 17:00:00+00:00,2025-10-12 10:05:00-07:00,2025-10-12 17:05:00+00:00,REAL_TIME_5_MIN,BEARTAP_1_N001,Node,1.68656,13.25191,-10.90275,-0.6626,0.0
2025-10-12 10:00:00-07:00,2025-10-12 17:00:00+00:00,2025-10-12 10:05:00-07:00,2025-10-12 17:05:00+00:00,REAL_TIME_5_MIN,SOUTHBY_6_N001,Node,13.78596,13.25191,0.0,0.53405,0.0
2025-10-12 10:05:00-07:00,2025-10-12 17:05:00+00:00,2025-10-12 10:10:00-07:00,2025-10-12 17:10:00+00:00,REAL_TIME_5_MIN,BALCH1_7_N001,Node,-1.39134,14.33212,-15.96711,0.24365,0.0
2025-10-12 10:05:00-07:00,2025-10-12 17:05:00+00:00,2025-10-12 10:10:00-07:00,2025-10-12 17:10:00+00:00,REAL_TIME_5_MIN,BEARTAP_1_N001,Node,2.04159,14.33212,-11.57393,-0.71661,0.0
2025-10-12 10:05:00-07:00,2025-10-12 17:05:00+00:00,2025-10-12 10:10:00-07:00,2025-10-12 17:10:00+00:00,REAL_TIME_5_MIN,SOUTHBY_6_N001,Node,14.90971,14.33212,0.0,0.57758,0.0
2025-10-12 10:10:00-07:00,2025-10-12 17:10:00+00:00,2025-10-12 10:15:00-07:00,2025-10-12 17:15:00+00:00,REAL_TIME_5_MIN,BALCH1_7_N001,Node,-4.34973,13.3653,-17.94224,0.22721,0.0
2025-10-12 10:10:00-07:00,2025-10-12 17:10:00+00:00,2025-10-12 10:15:00-07:00,2025-10-12 17:15:00+00:00,REAL_TIME_5_MIN,BEARTAP_1_N001,Node,0.65531,13.3653,-12.04173,-0.66827,0.0
2025-10-12 10:10:00-07:00,2025-10-12 17:10:00+00:00,2025-10-12 10:15:00-07:00,2025-10-12 17:15:00+00:00,REAL_TIME_5_MIN,SOUTHBY_6_N001,Node,13.90393,13.3653,0.0,0.53862,0.0
2025-10-12 10:15:00-07:00,2025-10-12 17:15:00+00:00,2025-10-12 10:20:00-07:00,2025-10-12 17:20:00+00:00,REAL_TIME_5_MIN,BALCH1_7_N001,Node,1.69289,9.44363,-7.83196,0.08122,0.0
2025-10-12 10:15:00-07:00,2025-10-12 17:15:00+00:00,2025-10-12 10:20:00-07:00,2025-10-12 17:20:00+00:00,REAL_TIME_5_MIN,BEARTAP_1_N001,Node,1.2358,9.44363,-7.73282,-0.47501,0.0
2025-10-12 10:15:00-07:00,2025-10-12 17:15:00+00:00,2025-10-12 10:20:00-07:00,2025-10-12 17:20:00+00:00,REAL_TIME_5_MIN,SOUTHBY_6_N001,Node,9.75811,9.44363,0.0,0.31447,0.0
2025-10-12 10:20:00-07:00,2025-10-12 17:20:00+00:00,2025-10-12 10:25:00-07:00,2025-10-12 17:25:00+00:00,REAL_TIME_5_MIN,BALCH1_7_N001,Node,-2.81692,4.32187,-7.17596,0.03717,0.0
2025-10-12 10:20:00-07:00,2025-10-12 17:20:00+00:00,2025-10-12 10:25:00-07:00,2025-10-12 17:25:00+00:00,REAL_TIME_5_MIN,BEARTAP_1_N001,Node,-0.28227,4.32187,-4.38675,-0.21739,0.0
2025-10-12 10:20:00-07:00,2025-10-12 17:20:00+00:00,2025-10-12 10:25:00-07:00,2025-10-12 17:25:00+00:00,REAL_TIME_5_MIN,SOUTHBY_6_N001,Node,4.46579,4.32187,0.0,0.14392,0.0
2025-10-12 10:25:00-07:00,2025-10-12 17:25:00+00:00,2025-10-12 10:30:00-07:00,2025-10-12 17:30:00+00:00,REAL_TIME_5_MIN,BALCH1_7_N001,Node,-3.64787,2.98113,-6.65464,0.02564,0.0
2025-10-12 10:25:00-07:00,2025-10-12 17:25:00+00:00,2025-10-12 10:30:00-07:00,2025-10-12 17:30:00+00:00,REAL_TIME_5_MIN,BEARTAP_1_N001,Node,-1.04609,2.98113,-3.87727,-0.14995,0.0
2025-10-12 10:25:00-07:00,2025-10-12 17:25:00+00:00,2025-10-12 10:30:00-07:00,2025-10-12 17:30:00+00:00,REAL_TIME_5_MIN,SOUTHBY_6_N001,Node,3.08041,2.98113,0.0,0.09927,0.0
2025-10-12 10:30:00-07:00,2025-10-12 17:30:00+00:00,2025-10-12 10:35:00-07:00,2025-10-12 17:35:00+00:00,REAL_TIME_5_MIN,BALCH1_7_N001,Node,-1.09971,4.35355,-5.49462,0.04136,0.0
2025-10-12 10:30:00-07:00,2025-10-12 17:30:00+00:00,2025-10-12 10:35:00-07:00,2025-10-12 17:35:00+00:00,REAL_TIME_5_MIN,BEARTAP_1_N001,Node,0.21978,4.35355,-3.92132,-0.21245,0.0
2025-10-12 10:30:00-07:00,2025-10-12 17:30:00+00:00,2025-10-12 10:35:00-07:00,2025-10-12 17:35:00+00:00,REAL_TIME_5_MIN,SOUTHBY_6_N001,Node,4.47807,4.35355,0.0,0.12451,0.0
2025-10-12 10:35:00-07:00,2025-10-12 17:35:00+00:00,2025-10-12 10:40:00-07:00,2025-10-12 17:40:00+00:00,REAL_TIME_5_MIN,BALCH1_7_N001,Node,-0.93799,4.73177,-5.71471,0.04495,0.0
2025-10-12 10:35:00-07:00,2025-10-12 17:35:00+00:00,2025-10-12 10:40:00-07:00,2025-10-12 17:40:00+00:00,REAL_TIME_5_MIN,BEARTAP_1_N001,Node,0.41389,4.73177,-4.08697,-0.23091,0.0
2025-10-12 10:35:00-07:00,2025-10-12 17:35:00+00:00,2025-10-12 10:40:00-07:00,2025-10-12 17:40:00+00:00,REAL_TIME_5_MIN,SOUTHBY_6_N001,Node,4.8671,4.73177,0.0,0.13533,0.0
2025-10-12 10:40:00-07:00,2025-10-12 17:40:00+00:00,2025-10-12 10:45:00-07:00,2025-10-12 17:45:00+00:00,REAL_TIME_5_MIN,BALCH1_7_N001,Node,-1.47085,3.48552,-4.98949,0.03311,0.0
2025-10-12 10:40:00-07:00,2025-10-12 17:40:00+00:00,2025-10-12 10:45:00-07:00,2025-10-12 17:45:00+00:00,REAL_TIME_5_MIN,BEARTAP_1_N001,Node,-0.22573,3.48552,-3.54116,-0.17009,0.0
2025-10-12 10:40:00-07:00,2025-10-12 17:40:00+00:00,2025-10-12 10:45:00-07:00,2025-10-12 17:45:00+00:00,REAL_TIME_5_MIN,SOUTHBY_6_N001,Node,3.58521,3.48552,0.0,0.09969,0.0
2025-10-12 10:45:00-07:00,2025-10-12 17:45:00+00:00,2025-10-12 10:50:00-07:00,2025-10-12 17:50:00+00:00,REAL_TIME_5_MIN,BALCH1_7_N001,Node,-1.31202,3.98113,-5.28917,-0.00398,0.0
2025-10-12 10:45:00-07:00,2025-10-12 17:45:00+00:00,2025-10-12 10:50:00-07:00,2025-10-12 17:50:00+00:00,REAL_TIME_5_MIN,BEARTAP_1_N001,Node,0.02434,3.98113,-3.75853,-0.19826,0.0
2025-10-12 10:45:00-07:00,2025-10-12 17:45:00+00:00,2025-10-12 10:50:00-07:00,2025-10-12 17:50:00+00:00,REAL_TIME_5_MIN,SOUTHBY_6_N001,Node,4.08225,3.98113,0.0,0.10112,0.0
2025-10-12 10:50:00-07:00,2025-10-12 17:50:00+00:00,2025-10-12 10:55:00-07:00,2025-10-12 17:55:00+00:00,REAL_TIME_5_MIN,BALCH1_7_N001,Node,-1.18026,5.59298,-6.76765,-0.00559,0.0
2025-10-12 10:50:00-07:00,2025-10-12 17:50:00+00:00,2025-10-12 10:55:00-07:00,2025-10-12 17:55:00+00:00,REAL_TIME_5_MIN,BEARTAP_1_N001,Node,0.69615,5.59298,-4.6183,-0.27853,0.0
2025-10-12 10:50:00-07:00,2025-10-12 17:50:00+00:00,2025-10-12 10:55:00-07:00,2025-10-12 17:55:00+00:00,REAL_TIME_5_MIN,SOUTHBY_6_N001,Node,5.73504,5.59298,0.0,0.14206,0.0
2025-10-12 10:55:00-07:00,2025-10-12 17:55:00+00:00,2025-10-12 11:00:00-07:00,2025-10-12 18:00:00+00:00,REAL_TIME_5_MIN,BALCH1_7_N001,Node,-2.31093,3.03258,-5.34048,-0.00303,0.0
2025-10-12 10:55:00-07:00,2025-10-12 17:55:00+00:00,2025-10-12 11:00:00-07:00,2025-10-12 18:00:00+00:00,REAL_TIME_5_MIN,BEARTAP_1_N001,Node,-0.63527,3.03258,-3.51683,-0.15102,0.0
2025-10-12 10:55:00-07:00,2025-10-12 17:55:00+00:00,2025-10-12 11:00:00-07:00,2025-10-12 18:00:00+00:00,REAL_TIME_5_MIN,SOUTHBY_6_N001,Node,3.10961,3.03258,0.0,0.07703,0.0
2025-10-12 11:00:00-07:00,2025-10-12 18:00:00+00:00,2025-10-12 11:05:00-07:00,2025-10-12 18:05:00+00:00,REAL_TIME_5_MIN,BALCH1_7_N001,Node,-1.53109,3.36419,-4.91749,0.0222,0.0
2025-10-12 11:00:00-07:00,2025-10-12 18:00:00+00:00,2025-10-12 11:05:00-07:00,2025-10-12 18:05:00+00:00,REAL_TIME_5_MIN,BEARTAP_1_N001,Node,-0.30824,3.36419,-3.50759,-0.16485,0.0
2025-10-12 11:00:00-07:00,2025-10-12 18:00:00+00:00,2025-10-12 11:05:00-07:00,2025-10-12 18:05:00+00:00,REAL_TIME_5_MIN,SOUTHBY_6_N001,Node,3.45334,3.36419,0.0,0.08915,0.0
2025-10-12 11:05:00-07:00,2025-10-12 18:05:00+00:00,2025-10-12 11:10:00-07:00,2025-10-12 18:10:00+00:00,REAL_TIME_5_MIN,BALCH1_7_N001,Node,-1.18826,5.47976,-6.70419,0.03617,0.0
2025-10-12 11:05:00-07:00,2025-10-12 18:05:00+00:00,2025-10-12 11:10:00-07:00,2025-10-12 18:10:00+00:00,REAL_TIME_5_MIN,BEARTAP_1_N001,Node,0.57622,5.47976,-4.63503,-0.26851,0.0
2025-10-12 11:05:00-07:00,2025-10-12 18:05:00+00:00,2025-10-12 11:10:00-07:00,2025-10-12 18:10:00+00:00,REAL_TIME_5_MIN,SOUTHBY_6_N001,Node,5.62498,5.47976,0.0,0.14521,0.0
2025-10-12 11:10:00-07:00,2025-10-12 18:10:00+00:00,2025-10-12 11:15:00-07:00,2025-10-12 18:15:00+00:00,REAL_TIME_5_MIN,BALCH1_7_N001,Node,-0.7352,6.91148,-7.69229,0.04562,0.0
2025-10-12 11:10:00-07:00,2025-10-12 18:10:00+00:00,2025-10-12 11:15:00-07:00,2025-10-12 18:15:00+00:00,REAL_TIME_5_MIN,BEARTAP_1_N001,Node,1.26306,6.91148,-5.30976,-0.33866,0.0
2025-10-12 11:10:00-07:00,2025-10-12 18:10:00+00:00,2025-10-12 11:15:00-07:00,2025-10-12 18:15:00+00:00,REAL_TIME_5_MIN,SOUTHBY_6_N001,Node,7.09463,6.91148,0.0,0.18315,0.0
2025-10-12 11:15:00-07:00,2025-10-12 18:15:00+00:00,2025-10-12 11:20:00-07:00,2025-10-12 18:20:00+00:00,REAL_TIME_5_MIN,BALCH1_7_N001,Node,0.39478,7.96025,-7.56706,0.00159,0.0
2025-10-12 11:15:00-07:00,2025-10-12 18:15:00+00:00,2025-10-12 11:20:00-07:00,2025-10-12 18:20:00+00:00,REAL_TIME_5_MIN,BEARTAP_1_N001,Node,2.01723,7.96025,-5.54342,-0.3996,0.0
2025-10-12 11:15:00-07:00,2025-10-12 18:15:00+00:00,2025-10-12 11:20:00-07:00,2025-10-12 18:20:00+00:00,REAL_TIME_5_MIN,SOUTHBY_6_N001,Node,8.14334,7.96025,0.0,0.18309,0.0
2025-10-12 11:20:00-07:00,2025-10-12 18:20:00+00:00,2025-10-12 11:25:00-07:00,2025-10-12 18:25:00+00:00,REAL_TIME_5_MIN,BALCH1_7_N001,Node,0.05923,7.16432,-7.10652,0.00143,0.0
2025-10-12 11:20:00-07:00,2025-10-12 18:20:00+00:00,2025-10-12 11:25:00-07:00,2025-10-12 18:25:00+00:00,REAL_TIME_5_MIN,BEARTAP_1_N001,Node,1.60912,7.16432,-5.19555,-0.35965,0.0
2025-10-12 11:20:00-07:00,2025-10-12 18:20:00+00:00,2025-10-12 11:25:00-07:00,2025-10-12 18:25:00+00:00,REAL_TIME_5_MIN,SOUTHBY_6_N001,Node,7.3291,7.16432,0.0,0.16478,0.0
2025-10-12 11:25:00-07:00,2025-10-12 18:25:00+00:00,2025-10-12 11:30:00-07:00,2025-10-12 18:30:00+00:00,REAL_TIME_5_MIN,BALCH1_7_N001,Node,-0.00759,7.0639,-7.0729,0.00141,0.0
2025-10-12 11:25:00-07:00,2025-10-12 18:25:00+00:00,2025-10-12 11:30:00-07:00,2025-10-12 18:30:00+00:00,REAL_TIME_5_MIN,BEARTAP_1_N001,Node,1.55049,7.0639,-5.1588,-0.35461,0.0
2025-10-12 11:25:00-07:00,2025-10-12 18:25:00+00:00,2025-10-12 11:30:00-07:00,2025-10-12 18:30:00+00:00,REAL_TIME_5_MIN,SOUTHBY_6_N001,Node,7.22637,7.0639,0.0,0.16247,0.0
2025-10-12 11:30:00-07:00,2025-10-12 18:30:00+00:00,2025-10-12 11:35:00-07:00,2025-10-12 18:35:00+00:00,REAL_TIME_5_MIN,BALCH1_7_N001,Node,-0.07012,6.41078,-6.43667,-0.04423,0.0
2025-10-12 11:30:00-07:00,2025-10-12 18:30:00+00:00,2025-10-12 11:35:00-07:00,2025-10-12 18:35:00+00:00,REAL_TIME_5_MIN,BEARTAP_1_N001,Node,1.29862,6.41078,-4.79355,-0.31862,0.0
2025-10-12 11:30:00-07:00,2025-10-12 18:30:00+00:00,2025-10-12 11:35:00-07:00,2025-10-12 18:35:00+00:00,REAL_TIME_5_MIN,SOUTHBY_6_N001,Node,6.62082,6.41078,0.0767,0.13334,0.0
2025-10-12 11:35:00-07:00,2025-10-12 18:35:00+00:00,2025-10-12 11:40:00-07:00,2025-10-12 18:40:00+00:00,REAL_TIME_5_MIN,BALCH1_7_N001,Node,-13.05956,10.32603,-23.24618,-0.1394,0.0
2025-10-12 11:35:00-07:00,2025-10-12 18:35:00+00:00,2025-10-12 11:40:00-07:00,2025-10-12 18:40:00+00:00,REAL_TIME_5_MIN,BEARTAP_1_N001,Node,0.25324,10.32603,-9.55545,-0.51733,0.0
2025-10-12 11:35:00-07:00,2025-10-12 18:35:00+00:00,2025-10-12 11:40:00-07:00,2025-10-12 18:40:00+00:00,REAL_TIME_5_MIN,SOUTHBY_6_N001,Node,18.59519,10.32603,8.02547,0.24369,0.0
2025-10-12 11:40:00-07:00,2025-10-12 18:40:00+00:00,2025-10-12 11:45:00-07:00,2025-10-12 18:45:00+00:00,REAL_TIME_5_MIN,BALCH1_7_N001,Node,-13.46097,9.28754,-22.63427,-0.11424,0.0
2025-10-12 11:40:00-07:00,2025-10-12 18:40:00+00:00,2025-10-12 11:45:00-07:00,2025-10-12 18:45:00+00:00,REAL_TIME_5_MIN,BEARTAP_1_N001,Node,-0.31252,9.28754,-9.13476,-0.46531,0.0
2025-10-12 11:40:00-07:00,2025-10-12 18:40:00+00:00,2025-10-12 11:45:00-07:00,2025-10-12 18:45:00+00:00,REAL_TIME_5_MIN,SOUTHBY_6_N001,Node,17.3358,9.28754,7.81421,0.23405,0.0
2025-10-12 11:45:00-07:00,2025-10-12 18:45:00+00:00,2025-10-12 11:50:00-07:00,2025-10-12 18:50:00+00:00,REAL_TIME_5_MIN,BALCH1_7_N001,Node,-12.53732,11.59715,-23.93731,-0.19715,0.0
2025-10-12 11:45:00-07:00,2025-10-12 18:45:00+00:00,2025-10-12 11:50:00-07:00,2025-10-12 18:50:00+00:00,REAL_TIME_5_MIN,BEARTAP_1_N001,Node,0.91694,11.59715,-10.09107,-0.58914,0.0
2025-10-12 11:45:00-07:00,2025-10-12 18:45:00+00:00,2025-10-12 11:50:00-07:00,2025-10-12 18:50:00+00:00,REAL_TIME_5_MIN,SOUTHBY_6_N001,Node,20.12563,11.59715,8.26407,0.26441,0.0
2025-10-12 11:50:00-07:00,2025-10-12 18:50:00+00:00,2025-10-12 11:55:00-07:00,2025-10-12 18:55:00+00:00,REAL_TIME_5_MIN,BALCH1_7_N001,Node,-12.76184,11.07435,-23.6446,-0.19159,0.0
2025-10-12 11:50:00-07:00,2025-10-12 18:50:00+00:00,2025-10-12 11:55:00-07:00,2025-10-12 18:55:00+00:00,REAL_TIME_5_MIN,BEARTAP_1_N001,Node,0.63377,11.07435,-9.88133,-0.55925,0.0
2025-10-12 11:50:00-07:00,2025-10-12 18:50:00+00:00,2025-10-12 11:55:00-07:00,2025-10-12 18:55:00+00:00,REAL_TIME_5_MIN,SOUTHBY_6_N001,Node,19.4954,11.07435,8.16302,0.25803,0.0
2025-10-12 11:55:00-07:00,2025-10-12 18:55:00+00:00,2025-10-12 12:00:00-07:00,2025-10-12 19:00:00+00:00,REAL_TIME_5_MIN,BALCH1_7_N001,Node,-12.76321,11.07478,-23.64418,-0.19381,0.0
2025-10-12 11:55:00-07:00,2025-10-12 18:55:00+00:00,2025-10-12 12:00:00-07:00,2025-10-12 19:00:00+00:00,REAL_TIME_5_MIN,BEARTAP_1_N001,Node,0.64129,11.07478,-9.87644,-0.55706,0.0
2025-10-12 11:55:00-07:00,2025-10-12 18:55:00+00:00,2025-10-12 12:00:00-07:00,2025-10-12 19:00:00+00:00,REAL_TIME_5_MIN,SOUTHBY_6_N001,Node,19.48795,11.07478,8.16287,0.25029,0.0
2025-10-12 12:00:00-07:00,2025-10-12 19:00:00+00:00,2025-10-12 12:05:00-07:00,2025-10-12 19:05:00+00:00,REAL_TIME_5_MIN,BALCH1_7_N001,Node,-14.80098,6.20765,-20.9,-0.10863,0.0
2025-10-12 12:00:00-07:00,2025-10-12 19:00:00+00:00,2025-10-12 12:05:00-07:00,2025-10-12 19:05:00+00:00,REAL_TIME_5_MIN,BEARTAP_1_N001,Node,-1.56888,6.20765,-7.46429,-0.31224,0.0
2025-10-12 12:00:00-07:00,2025-10-12 19:00:00+00:00,2025-10-12 12:05:00-07:00,2025-10-12 19:05:00+00:00,REAL_TIME_5_MIN,SOUTHBY_6_N001,Node,13.56342,6.20765,7.21548,0.14029,0.0
2025-10-12 12:05:00-07:00,2025-10-12 19:05:00+00:00,2025-10-12 12:10:00-07:00,2025-10-12 19:10:00+00:00,REAL_TIME_5_MIN,BALCH1_7_N001,Node,-14.74949,6.33063,-20.96934,-0.11079,0.0
2025-10-12 12:05:00-07:00,2025-10-12 19:05:00+00:00,2025-10-12 12:10:00-07:00,2025-10-12 19:10:00+00:00,REAL_TIME_5_MIN,BEARTAP_1_N001,Node,-1.47685,6.33063,-7.48905,-0.31843,0.0
2025-10-12 12:05:00-07:00,2025-10-12 19:05:00+00:00,2025-10-12 12:10:00-07:00,2025-10-12 19:10:00+00:00,REAL_TIME_5_MIN,SOUTHBY_6_N001,Node,13.71312,6.33063,7.23941,0.14307,0.0
2025-10-12 12:10:00-07:00,2025-10-12 19:10:00+00:00,2025-10-12 12:15:00-07:00,2025-10-12 19:15:00+00:00,REAL_TIME_5_MIN,BALCH1_7_N001,Node,-13.7837,9.22463,-22.8469,-0.16143,0.0
2025-10-12 12:10:00-07:00,2025-10-12 19:10:00+00:00,2025-10-12 12:15:00-07:00,2025-10-12 19:15:00+00:00,REAL_TIME_5_MIN,BEARTAP_1_N001,Node,0.60103,9.22463,-8.15961,-0.464,0.0
2025-10-12 12:10:00-07:00,2025-10-12 19:10:00+00:00,2025-10-12 12:15:00-07:00,2025-10-12 19:15:00+00:00,REAL_TIME_5_MIN,SOUTHBY_6_N001,Node,17.32073,9.22463,7.88762,0.20848,0.0
2025-10-12 12:15:00-07:00,2025-10-12 19:15:00+00:00,2025-10-12 12:20:00-07:00,2025-10-12 19:20:00+00:00,REAL_TIME_5_MIN,BALCH1_7_N001,Node,-12.86169,10.63782,-23.51654,0.01702,0.0
2025-10-12 12:15:00-07:00,2025-10-12 19:15:00+00:00,2025-10-12 12:20:00-07:00,2025-10-12 19:20:00+00:00,REAL_TIME_5_MIN,BEARTAP_1_N001,Node,1.82738,10.63782,-8.39876,-0.41168,0.0
2025-10-12 12:15:00-07:00,2025-10-12 19:15:00+00:00,2025-10-12 12:20:00-07:00,2025-10-12 19:20:00+00:00,REAL_TIME_5_MIN,SOUTHBY_6_N001,Node,18.9747,10.63782,8.1188,0.21808,0.0
2025-10-12 12:20:00-07:00,2025-10-12 19:20:00+00:00,2025-10-12 12:25:00-07:00,2025-10-12 19:25:00+00:00,REAL_TIME_5_MIN,BALCH1_7_N001,Node,-14.5465,6.68862,-21.24582,0.0107,0.0
2025-10-12 12:20:00-07:00,2025-10-12 19:20:00+00:00,2025-10-12 12:25:00-07:00,2025-10-12 19:25:00+00:00,REAL_TIME_5_MIN,BEARTAP_1_N001,Node,-1.15803,6.68862,-7.58779,-0.25885,0.0
2025-10-12 12:20:00-07:00,2025-10-12 19:20:00+00:00,2025-10-12 12:25:00-07:00,2025-10-12 19:25:00+00:00,REAL_TIME_5_MIN,SOUTHBY_6_N001,Node,14.1606,6.68862,7.33487,0.13712,0.0
2025-10-12 12:25:00-07:00,2025-10-12 19:25:00+00:00,2025-10-12 12:30:00-07:00,2025-10-12 19:30:00+00:00,REAL_TIME_5_MIN,BALCH1_7_N001,Node,-14.83506,6.01224,-20.85692,0.00962,0.0
2025-10-12 12:25:00-07:00,2025-10-12 19:25:00+00:00,2025-10-12 12:30:00-07:00,2025-10-12 19:30:00+00:00,REAL_TIME_5_MIN,BEARTAP_1_N001,Node,-1.66934,6.01224,-7.4489,-0.23267,0.0
2025-10-12 12:25:00-07:00,2025-10-12 19:25:00+00:00,2025-10-12 12:30:00-07:00,2025-10-12 19:30:00+00:00,REAL_TIME_5_MIN,SOUTHBY_6_N001,Node,13.33609,6.01224,7.2006,0.12325,0.0
2025-10-12 12:30:00-07:00,2025-10-12 19:30:00+00:00,2025-10-12 12:35:00-07:00,2025-10-12 19:35:00+00:00,REAL_TIME_5_MIN,BALCH1_7_N001,Node,-15.02888,5.56288,-20.60288,0.01113,0.0
2025-10-12 12:30:00-07:00,2025-10-12 19:30:00+00:00,2025-10-12 12:35:00-07:00,2025-10-12 19:35:00+00:00,REAL_TIME_5_MIN,BEARTAP_1_N001,Node,-2.01113,5.56288,-7.35817,-0.21584,0.0
2025-10-12 12:30:00-07:00,2025-10-12 19:30:00+00:00,2025-10-12 12:35:00-07:00,2025-10-12 19:35:00+00:00,REAL_TIME_5_MIN,SOUTHBY_6_N001,Node,12.79316,5.56288,7.1129,0.11738,0.0
2025-10-12 12:35:00-07:00,2025-10-12 19:35:00+00:00,2025-10-12 12:40:00-07:00,2025-10-12 19:40:00+00:00,REAL_TIME_5_MIN,BALCH1_7_N001,Node,-15.53994,4.36387,-19.91254,0.00873,0.0
2025-10-12 12:35:00-07:00,2025-10-12 19:35:00+00:00,2025-10-12 12:40:00-07:00,2025-10-12 19:40:00+00:00,REAL_TIME_5_MIN,BEARTAP_1_N001,Node,-2.91707,4.36387,-7.11162,-0.16932,0.0
2025-10-12 12:35:00-07:00,2025-10-12 19:35:00+00:00,2025-10-12 12:40:00-07:00,2025-10-12 19:40:00+00:00,REAL_TIME_5_MIN,SOUTHBY_6_N001,Node,11.33052,4.36387,6.87457,0.09208,0.0
2025-10-12 12:40:00-07:00,2025-10-12 19:40:00+00:00,2025-10-12 12:45:00-07:00,2025-10-12 19:45:00+00:00,REAL_TIME_5_MIN,BALCH1_7_N001,Node,-14.72732,2.93492,-17.66811,0.00587,0.0
2025-10-12 12:40:00-07:00,2025-10-12 19:40:00+00:00,2025-10-12 12:45:00-07:00,2025-10-12 19:45:00+00:00,REAL_TIME_5_MIN,BEARTAP_1_N001,Node,-3.489,2.93492,-6.31004,-0.11387,0.0
2025-10-12 12:40:00-07:00,2025-10-12 19:40:00+00:00,2025-10-12 12:45:00-07:00,2025-10-12 19:45:00+00:00,REAL_TIME_5_MIN,SOUTHBY_6_N001,Node,9.09655,2.93492,6.09971,0.06193,0.0
2025-10-12 12:45:00-07:00,2025-10-12 19:45:00+00:00,2025-10-12 12:50:00-07:00,2025-10-12 19:50:00+00:00,REAL_TIME_5_MIN,BALCH1_7_N001,Node,-13.25594,1.60521,-14.86308,0.00193,0.0
2025-10-12 12:45:00-07:00,2025-10-12 19:45:00+00:00,2025-10-12 12:50:00-07:00,2025-10-12 19:50:00+00:00,REAL_TIME_5_MIN,BEARTAP_1_N001,Node,-3.7658,1.60521,-5.30824,-0.06276,0.0
2025-10-12 12:45:00-07:00,2025-10-12 19:45:00+00:00,2025-10-12 12:50:00-07:00,2025-10-12 19:50:00+00:00,REAL_TIME_5_MIN,SOUTHBY_6_N001,Node,6.77263,1.60521,5.1313,0.03612,0.0
2025-10-12 12:50:00-07:00,2025-10-12 19:50:00+00:00,2025-10-12 12:55:00-07:00,2025-10-12 19:55:00+00:00,REAL_TIME_5_MIN,BALCH1_7_N001,Node,-13.40518,1.50847,-14.91547,0.00181,0.0
2025-10-12 12:50:00-07:00,2025-10-12 19:50:00+00:00,2025-10-12 12:55:00-07:00,2025-10-12 19:55:00+00:00,REAL_TIME_5_MIN,BEARTAP_1_N001,Node,-3.87746,1.50847,-5.32695,-0.05898,0.0
2025-10-12 12:50:00-07:00,2025-10-12 19:50:00+00:00,2025-10-12 12:55:00-07:00,2025-10-12 19:55:00+00:00,REAL_TIME_5_MIN,SOUTHBY_6_N001,Node,6.6918,1.50847,5.14939,0.03394,0.0
2025-10-12 12:55:00-07:00,2025-10-12 19:55:00+00:00,2025-10-12 13:00:00-07:00,2025-10-12 20:00:00+00:00,REAL_TIME_5_MIN,BALCH1_7_N001,Node,-14.86841,-0.32807,-14.53995,-0.00039,0.0
2025-10-12 12:55:00-07:00,2025-10-12 19:55:00+00:00,2025-10-12 13:00:00-07:00,2025-10-12 20:00:00+00:00,REAL_TIME_5_MIN,BEARTAP_1_N001,Node,-5.50808,-0.32807,-5.19284,0.01283,0.0
2025-10-12 12:55:00-07:00,2025-10-12 19:55:00+00:00,2025-10-12 13:00:00-07:00,2025-10-12 20:00:00+00:00,REAL_TIME_5_MIN,SOUTHBY_6_N001,Node,4.6843,-0.32807,5.01974,-0.00738,0.0
2025-10-12 13:00:00-07:00,2025-10-12 20:00:00+00:00,2025-10-12 13:05:00-07:00,2025-10-12 20:05:00+00:00,REAL_TIME_5_MIN,BALCH1_7_N001,Node,-12.95638,0.0,-12.95638,0.0,0.0
2025-10-12 13:00:00-07:00,2025-10-12 20:00:00+00:00,2025-10-12 13:05:00-07:00,2025-10-12 20:05:00+00:00,REAL_TIME_5_MIN,BEARTAP_1_N001,Node,-4.62728,0.0,-4.62728,0.0,0.0
2025-10-12 13:00:00-07:00,2025-10-12 20:00:00+00:00,2025-10-12 13:05:00-07:00,2025-10-12 20:05:00+00:00,REAL_TIME_5_MIN,SOUTHBY_6_N001,Node,4.47304,0.0,4.47304,0.0,0.0
2025-10-12 13:05:00-07:00,2025-10-12 20:05:00+00:00,2025-10-12 13:10:00-07:00,2025-10-12 20:10:00+00:00,REAL_TIME_5_MIN,BALCH1_7_N001,Node,-13.70312,1.49711,-15.20203,0.0018,0.0
2025-10-12 13:05:00-07:00,2025-10-12 20:05:00+00:00,2025-10-12 13:10:00-07:00,2025-10-12 20:10:00+00:00,REAL_TIME_5_MIN,BEARTAP_1_N001,Node,-4.00479,1.49711,-5.4293,-0.07261,0.0
2025-10-12 13:05:00-07:00,2025-10-12 20:05:00+00:00,2025-10-12 13:10:00-07:00,2025-10-12 20:10:00+00:00,REAL_TIME_5_MIN,SOUTHBY_6_N001,Node,6.77492,1.49711,5.24832,0.02949,0.0
2025-10-12 13:10:00-07:00,2025-10-12 20:10:00+00:00,2025-10-12 13:15:00-07:00,2025-10-12 20:15:00+00:00,REAL_TIME_5_MIN,BALCH1_7_N001,Node,-13.20893,1.17902,-14.38936,0.00141,0.0
2025-10-12 13:10:00-07:00,2025-10-12 20:10:00+00:00,2025-10-12 13:15:00-07:00,2025-10-12 20:15:00+00:00,REAL_TIME_5_MIN,BEARTAP_1_N001,Node,-4.01722,1.17902,-5.13906,-0.05718,0.0
2025-10-12 13:10:00-07:00,2025-10-12 20:10:00+00:00,2025-10-12 13:15:00-07:00,2025-10-12 20:15:00+00:00,REAL_TIME_5_MIN,SOUTHBY_6_N001,Node,6.17,1.17902,4.96776,0.02323,0.0
2025-10-12 13:15:00-07:00,2025-10-12 20:15:00+00:00,2025-10-12 13:20:00-07:00,2025-10-12 20:20:00+00:00,REAL_TIME_5_MIN,BALCH1_7_N001,Node,-13.8433,1.45132,-15.3026,0.00798,0.0
2025-10-12 13:15:00-07:00,2025-10-12 20:15:00+00:00,2025-10-12 13:20:00-07:00,2025-10-12 20:20:00+00:00,REAL_TIME_5_MIN,BEARTAP_1_N001,Node,-4.06905,1.45132,-5.46521,-0.05515,0.0
2025-10-12 13:15:00-07:00,2025-10-12 20:15:00+00:00,2025-10-12 13:20:00-07:00,2025-10-12 20:20:00+00:00,REAL_TIME_5_MIN,SOUTHBY_6_N001,Node,6.76542,1.45132,5.28304,0.03106,0.0
2025-10-12 13:20:00-07:00,2025-10-12 20:20:00+00:00,2025-10-12 13:25:00-07:00,2025-10-12 20:25:00+00:00,REAL_TIME_5_MIN,BALCH1_7_N001,Node,-15.69033,0.25821,-15.94996,0.00142,0.0
2025-10-12 13:20:00-07:00,2025-10-12 20:20:00+00:00,2025-10-12 13:25:00-07:00,2025-10-12 20:25:00+00:00,REAL_TIME_5_MIN,BEARTAP_1_N001,Node,-5.44801,0.25821,-5.69641,-0.00981,0.0
2025-10-12 13:20:00-07:00,2025-10-12 20:20:00+00:00,2025-10-12 13:25:00-07:00,2025-10-12 20:25:00+00:00,REAL_TIME_5_MIN,SOUTHBY_6_N001,Node,5.77027,0.25821,5.50653,0.00553,0.0
2025-10-12 13:25:00-07:00,2025-10-12 20:25:00+00:00,2025-10-12 13:30:00-07:00,2025-10-12 20:30:00+00:00,REAL_TIME_5_MIN,BALCH1_7_N001,Node,-16.54025,-0.2908,-16.24785,-0.0016,0.0
2025-10-12 13:25:00-07:00,2025-10-12 20:25:00+00:00,2025-10-12 13:30:00-07:00,2025-10-12 20:30:00+00:00,REAL_TIME_5_MIN,BEARTAP_1_N001,Node,-6.08256,-0.2908,-5.8028,0.01105,0.0
2025-10-12 13:25:00-07:00,2025-10-12 20:25:00+00:00,2025-10-12 13:30:00-07:00,2025-10-12 20:30:00+00:00,REAL_TIME_5_MIN,SOUTHBY_6_N001,Node,5.31235,-0.2908,5.60938,-0.00622,0.0
2025-10-12 13:30:00-07:00,2025-10-12 20:30:00+00:00,2025-10-12 13:35:00-07:00,2025-10-12 20:35:00+00:00,REAL_TIME_5_MIN,BALCH1_7_N001,Node,-16.53626,-0.28785,-16.24665,-0.00176,0.0
2025-10-12 13:30:00-07:00,2025-10-12 20:30:00+00:00,2025-10-12 13:35:00-07:00,2025-10-12 20:35:00+00:00,REAL_TIME_5_MIN,BEARTAP_1_N001,Node,-6.07958,-0.28785,-5.80238,0.01065,0.0
2025-10-12 13:30:00-07:00,2025-10-12 20:30:00+00:00,2025-10-12 13:35:00-07:00,2025-10-12 20:35:00+00:00,REAL_TIME_5_MIN,SOUTHBY_6_N001,Node,5.31415,-0.28785,5.60896,-0.00697,0.0
2025-10-12 13:35:00-07:00,2025-10-12 20:35:00+00:00,2025-10-12 13:40:00-07:00,2025-10-12 20:40:00+00:00,REAL_TIME_5_MIN,BALCH1_7_N001,Node,-14.33587,1.13167,-15.47444,0.0069,0.0
2025-10-12 13:35:00-07:00,2025-10-12 20:35:00+00:00,2025-10-12 13:40:00-07:00,2025-10-12 20:40:00+00:00,REAL_TIME_5_MIN,BEARTAP_1_N001,Node,-4.43679,1.13167,-5.52659,-0.04187,0.0
2025-10-12 13:35:00-07:00,2025-10-12 20:35:00+00:00,2025-10-12 13:40:00-07:00,2025-10-12 20:40:00+00:00,REAL_TIME_5_MIN,SOUTHBY_6_N001,Node,6.50142,1.13167,5.34237,0.02739,0.0
2025-10-12 13:40:00-07:00,2025-10-12 20:40:00+00:00,2025-10-12 13:45:00-07:00,2025-10-12 20:45:00+00:00,REAL_TIME_5_MIN,BALCH1_7_N001,Node,-13.73158,1.91657,-15.65984,0.01169,0.0
2025-10-12 13:40:00-07:00,2025-10-12 20:40:00+00:00,2025-10-12 13:45:00-07:00,2025-10-12 20:45:00+00:00,REAL_TIME_5_MIN,BEARTAP_1_N001,Node,-3.74715,1.91657,-5.5928,-0.07091,0.0
2025-10-12 13:40:00-07:00,2025-10-12 20:40:00+00:00,2025-10-12 13:45:00-07:00,2025-10-12 20:45:00+00:00,REAL_TIME_5_MIN,SOUTHBY_6_N001,Node,7.36932,1.91657,5.40637,0.04638,0.0
2025-10-12 13:45:00-07:00,2025-10-12 20:45:00+00:00,2025-10-12 13:50:00-07:00,2025-10-12 20:50:00+00:00,REAL_TIME_5_MIN,BALCH1_7_N001,Node,-16.09006,0.0,-16.09006,0.0,0.0
2025-10-12 13:45:00-07:00,2025-10-12 20:45:00+00:00,2025-10-12 13:50:00-07:00,2025-10-12 20:50:00+00:00,REAL_TIME_5_MIN,BEARTAP_1_N001,Node,-5.5549,0.0,-5.5549,0.0,0.0
2025-10-12 13:45:00-07:00,2025-10-12 20:45:00+00:00,2025-10-12 13:50:00-07:00,2025-10-12 20:50:00+00:00,REAL_TIME_5_MIN,SOUTHBY_6_N001,Node,5.74645,0.0,5.74645,0.0,0.0
2025-10-12 13:50:00-07:00,2025-10-12 20:50:00+00:00,2025-10-12 13:55:00-07:00,2025-10-12 20:55:00+00:00,REAL_TIME_5_MIN,BALCH1_7_N001,Node,-14.53983,1.00275,-15.54919,0.00662,0.0
2025-10-12 13:50:00-07:00,2025-10-12 20:50:00+00:00,2025-10-12 13:55:00-07:00,2025-10-12 20:55:00+00:00,REAL_TIME_5_MIN,BEARTAP_1_N001,Node,-4.40473,1.00275,-5.36817,-0.03931,0.0
2025-10-12 13:50:00-07:00,2025-10-12 20:50:00+00:00,2025-10-12 13:55:00-07:00,2025-10-12 20:55:00+00:00,REAL_TIME_5_MIN,SOUTHBY_6_N001,Node,6.581,1.00275,5.55328,0.02497,0.0
2025-10-12 13:55:00-07:00,2025-10-12 20:55:00+00:00,2025-10-12 14:00:00-07:00,2025-10-12 21:00:00+00:00,REAL_TIME_5_MIN,BALCH1_7_N001,Node,-16.52855,2.36245,-18.90659,0.01559,0.0
2025-10-12 13:55:00-07:00,2025-10-12 20:55:00+00:00,2025-10-12 14:00:00-07:00,2025-10-12 21:00:00+00:00,REAL_TIME_5_MIN,BEARTAP_1_N001,Node,-4.25743,2.36245,-6.52728,-0.09261,0.0
2025-10-12 13:55:00-07:00,2025-10-12 20:55:00+00:00,2025-10-12 14:00:00-07:00,2025-10-12 21:00:00+00:00,REAL_TIME_5_MIN,SOUTHBY_6_N001,Node,9.17363,2.36245,6.75235,0.05882,0.0
2025-10-12 14:00:00-07:00,2025-10-12 21:00:00+00:00,2025-10-12 14:05:00-07:00,2025-10-12 21:05:00+00:00,REAL_TIME_5_MIN,BALCH1_7_N001,Node,-15.21251,5.48416,-20.74987,0.0532,0.0
2025-10-12 14:00:00-07:00,2025-10-12 21:00:00+00:00,2025-10-12 14:05:00-07:00,2025-10-12 21:05:00+00:00,REAL_TIME_5_MIN,BEARTAP_1_N001,Node,-1.92847,5.48416,-7.16364,-0.24898,0.0
2025-10-12 14:00:00-07:00,2025-10-12 21:00:00+00:00,2025-10-12 14:05:00-07:00,2025-10-12 21:05:00+00:00,REAL_TIME_5_MIN,SOUTHBY_6_N001,Node,13.04125,5.48416,7.41067,0.14643,0.0
2025-10-12 14:05:00-07:00,2025-10-12 21:05:00+00:00,2025-10-12 14:10:00-07:00,2025-10-12 21:10:00+00:00,REAL_TIME_5_MIN,BALCH1_7_N001,Node,-13.40032,9.79133,-23.28662,0.09498,0.0
2025-10-12 14:05:00-07:00,2025-10-12 21:05:00+00:00,2025-10-12 14:10:00-07:00,2025-10-12 21:10:00+00:00,REAL_TIME_5_MIN,BEARTAP_1_N001,Node,0.20435,9.79133,-9.14246,-0.44453,0.0
2025-10-12 14:05:00-07:00,2025-10-12 21:05:00+00:00,2025-10-12 14:10:00-07:00,2025-10-12 21:10:00+00:00,REAL_TIME_5_MIN,SOUTHBY_6_N001,Node,18.36941,9.79133,8.31665,0.26143,0.0
2025-10-12 14:10:00-07:00,2025-10-12 21:10:00+00:00,2025-10-12 14:15:00-07:00,2025-10-12 21:15:00+00:00,REAL_TIME_5_MIN,BALCH1_7_N001,Node,-13.72249,9.02658,-22.83663,0.08756,0.0
2025-10-12 14:10:00-07:00,2025-10-12 21:10:00+00:00,2025-10-12 14:15:00-07:00,2025-10-12 21:15:00+00:00,REAL_TIME_5_MIN,BEARTAP_1_N001,Node,0.7327,9.02658,-7.88407,-0.40981,0.0
2025-10-12 14:10:00-07:00,2025-10-12 21:10:00+00:00,2025-10-12 14:15:00-07:00,2025-10-12 21:15:00+00:00,REAL_TIME_5_MIN,SOUTHBY_6_N001,Node,17.42353,9.02658,8.15594,0.24101,0.0
2025-10-12 14:15:00-07:00,2025-10-12 21:15:00+00:00,2025-10-12 14:20:00-07:00,2025-10-12 21:20:00+00:00,REAL_TIME_5_MIN,BALCH1_7_N001,Node,-14.26219,9.08298,-23.47688,0.1317,0.0
2025-10-12 14:15:00-07:00,2025-10-12 21:15:00+00:00,2025-10-12 14:20:00-07:00,2025-10-12 21:20:00+00:00,REAL_TIME_5_MIN,BEARTAP_1_N001,Node,-0.36536,9.08298,-9.0487,-0.39965,0.0
2025-10-12 14:15:00-07:00,2025-10-12 21:15:00+00:00,2025-10-12 14:20:00-07:00,2025-10-12 21:20:00+00:00,REAL_TIME_5_MIN,SOUTHBY_6_N001,Node,17.75915,9.08298,8.3846,0.29156,0.0
2025-10-12 14:20:00-07:00,2025-10-12 21:20:00+00:00,2025-10-12 14:25:00-07:00,2025-10-12 21:25:00+00:00,REAL_TIME_5_MIN,BALCH1_7_N001,Node,-15.24295,6.77952,-22.12077,0.0983,0.0
2025-10-12 14:20:00-07:00,2025-10-12 21:20:00+00:00,2025-10-12 14:25:00-07:00,2025-10-12 21:25:00+00:00,REAL_TIME_5_MIN,BEARTAP_1_N001,Node,-1.63786,6.77952,-8.11908,-0.2983,0.0
2025-10-12 14:20:00-07:00,2025-10-12 21:20:00+00:00,2025-10-12 14:25:00-07:00,2025-10-12 21:25:00+00:00,REAL_TIME_5_MIN,SOUTHBY_6_N001,Node,14.89742,6.77952,7.90028,0.21762,0.0
2025-10-12 14:25:00-07:00,2025-10-12 21:25:00+00:00,2025-10-12 14:30:00-07:00,2025-10-12 21:30:00+00:00,REAL_TIME_5_MIN,BALCH1_7_N001,Node,-15.50737,6.21578,-21.81328,0.09013,0.0
2025-10-12 14:25:00-07:00,2025-10-12 21:25:00+00:00,2025-10-12 14:30:00-07:00,2025-10-12 21:30:00+00:00,REAL_TIME_5_MIN,BEARTAP_1_N001,Node,-1.95494,6.21578,-7.89723,-0.27349,0.0
2025-10-12 14:25:00-07:00,2025-10-12 21:25:00+00:00,2025-10-12 14:30:00-07:00,2025-10-12 21:30:00+00:00,REAL_TIME_5_MIN,SOUTHBY_6_N001,Node,14.20577,6.21578,7.79046,0.19953,0.0
2025-10-12 14:30:00-07:00,2025-10-12 21:30:00+00:00,2025-10-12 14:35:00-07:00,2025-10-12 21:35:00+00:00,REAL_TIME_5_MIN,BALCH1_7_N001,Node,-16.36174,-0.29954,-16.05927,-0.00294,0.0
2025-10-12 14:30:00-07:00,2025-10-12 21:30:00+00:00,2025-10-12 14:35:00-07:00,2025-10-12 21:35:00+00:00,REAL_TIME_5_MIN,BEARTAP_1_N001,Node,-5.90045,-0.29954,-5.61107,0.01015,0.0
2025-10-12 14:30:00-07:00,2025-10-12 21:30:00+00:00,2025-10-12 14:35:00-07:00,2025-10-12 21:35:00+00:00,REAL_TIME_5_MIN,SOUTHBY_6_N001,Node,5.49663,-0.29954,5.80455,-0.00839,0.0
2025-10-12 14:35:00-07:00,2025-10-12 21:35:00+00:00,2025-10-12 14:40:00-07:00,2025-10-12 21:40:00+00:00,REAL_TIME_5_MIN,BALCH1_7_N001,Node,-15.73883,3.44704,-19.21965,0.03378,0.0
2025-10-12 14:35:00-07:00,2025-10-12 21:35:00+00:00,2025-10-12 14:40:00-07:00,2025-10-12 21:40:00+00:00,REAL_TIME_5_MIN,BEARTAP_1_N001,Node,-3.38511,3.44704,-6.7153,-0.11685,0.0
2025-10-12 14:35:00-07:00,2025-10-12 21:35:00+00:00,2025-10-12 14:40:00-07:00,2025-10-12 21:40:00+00:00,REAL_TIME_5_MIN,SOUTHBY_6_N001,Node,10.49042,3.44704,6.94686,0.09652,0.0
2025-10-12 14:40:00-07:00,2025-10-12 21:40:00+00:00,2025-10-12 14:45:00-07:00,2025-10-12 21:45:00+00:00,REAL_TIME_5_MIN,BALCH1_7_N001,Node,-15.29915,3.0888,-18.41822,0.03027,0.0
2025-10-12 14:40:00-07:00,2025-10-12 21:40:00+00:00,2025-10-12 14:45:00-07:00,2025-10-12 21:45:00+00:00,REAL_TIME_5_MIN,BEARTAP_1_N001,Node,-3.45119,3.0888,-6.43528,-0.10471,0.0
2025-10-12 14:40:00-07:00,2025-10-12 21:40:00+00:00,2025-10-12 14:45:00-07:00,2025-10-12 21:45:00+00:00,REAL_TIME_5_MIN,SOUTHBY_6_N001,Node,9.83248,3.0888,6.65719,0.08649,0.0
2025-10-12 14:45:00-07:00,2025-10-12 21:45:00+00:00,2025-10-12 14:50:00-07:00,2025-10-12 21:50:00+00:00,REAL_TIME_5_MIN,BALCH1_7_N001,Node,-17.35504,-0.0884,-17.26539,-0.00126,0.0
2025-10-12 14:45:00-07:00,2025-10-12 21:45:00+00:00,2025-10-12 14:50:00-07:00,2025-10-12 21:50:00+00:00,REAL_TIME_5_MIN,BEARTAP_1_N001,Node,-6.11795,-0.0884,-6.03248,0.00293,0.0
2025-10-12 14:45:00-07:00,2025-10-12 21:45:00+00:00,2025-10-12 14:50:00-07:00,2025-10-12 21:50:00+00:00,REAL_TIME_5_MIN,SOUTHBY_6_N001,Node,6.14928,-0.0884,6.2405,-0.00282,0.0
2025-10-12 14:50:00-07:00,2025-10-12 21:50:00+00:00,2025-10-12 14:55:00-07:00,2025-10-12 21:55:00+00:00,REAL_TIME_5_MIN,BALCH1_7_N001,Node,-16.19246,2.49312,-18.72098,0.0354,0.0
2025-10-12 14:50:00-07:00,2025-10-12 21:50:00+00:00,2025-10-12 14:55:00-07:00,2025-10-12 21:55:00+00:00,REAL_TIME_5_MIN,BEARTAP_1_N001,Node,-4.13072,2.49312,-6.54106,-0.08277,0.0
2025-10-12 14:50:00-07:00,2025-10-12 21:50:00+00:00,2025-10-12 14:55:00-07:00,2025-10-12 21:55:00+00:00,REAL_TIME_5_MIN,SOUTHBY_6_N001,Node,9.33926,2.49312,6.76662,0.07953,0.0
2025-10-12 14:55:00-07:00,2025-10-12 21:55:00+00:00,2025-10-12 15:00:00-07:00,2025-10-12 22:00:00+00:00,REAL_TIME_5_MIN,BALCH1_7_N001,Node,-15.648,2.84472,-18.53312,0.0404,0.0
2025-10-12 14:55:00-07:00,2025-10-12 21:55:00+00:00,2025-10-12 15:00:00-07:00,2025-10-12 22:00:00+00:00,REAL_TIME_5_MIN,BEARTAP_1_N001,Node,-3.72515,2.84472,-6.47543,-0.09444,0.0
2025-10-12 14:55:00-07:00,2025-10-12 21:55:00+00:00,2025-10-12 15:00:00-07:00,2025-10-12 22:00:00+00:00,REAL_TIME_5_MIN,SOUTHBY_6_N001,Node,9.63419,2.84472,6.69872,0.09075,0.0
2025-10-12 15:00:00-07:00,2025-10-12 22:00:00+00:00,2025-10-12 15:05:00-07:00,2025-10-12 22:05:00+00:00,REAL_TIME_5_MIN,BALCH1_7_N001,Node,-16.40265,3.43829,-19.91727,0.07633,0.0
2025-10-12 15:00:00-07:00,2025-10-12 22:00:00+00:00,2025-10-12 15:05:00-07:00,2025-10-12 22:05:00+00:00,REAL_TIME_5_MIN,BEARTAP_1_N001,Node,-3.64282,3.43829,-6.95905,-0.12206,0.0
2025-10-12 15:00:00-07:00,2025-10-12 22:00:00+00:00,2025-10-12 15:05:00-07:00,2025-10-12 22:05:00+00:00,REAL_TIME_5_MIN,SOUTHBY_6_N001,Node,10.73598,3.43829,7.19901,0.09868,0.0
2025-10-12 15:05:00-07:00,2025-10-12 22:05:00+00:00,2025-10-12 15:10:00-07:00,2025-10-12 22:10:00+00:00,REAL_TIME_5_MIN,BALCH1_7_N001,Node,-16.26383,3.75418,-20.10135,0.08334,0.0
2025-10-12 15:05:00-07:00,2025-10-12 22:05:00+00:00,2025-10-12 15:10:00-07:00,2025-10-12 22:10:00+00:00,REAL_TIME_5_MIN,BEARTAP_1_N001,Node,-3.40246,3.75418,-7.02336,-0.13327,0.0
2025-10-12 15:05:00-07:00,2025-10-12 22:05:00+00:00,2025-10-12 15:10:00-07:00,2025-10-12 22:10:00+00:00,REAL_TIME_5_MIN,SOUTHBY_6_N001,Node,11.12747,3.75418,7.26555,0.10775,0.0
2025-10-12 15:10:00-07:00,2025-10-12 22:10:00+00:00,2025-10-12 15:15:00-07:00,2025-10-12 22:15:00+00:00,REAL_TIME_5_MIN,BALCH1_7_N001,Node,-16.31891,3.79126,-20.19433,0.08417,0.0
2025-10-12 15:10:00-07:00,2025-10-12 22:10:00+00:00,2025-10-12 15:15:00-07:00,2025-10-12 22:15:00+00:00,REAL_TIME_5_MIN,BEARTAP_1_N001,Node,-3.39918,3.79126,-7.05585,-0.13459,0.0
2025-10-12 15:10:00-07:00,2025-10-12 22:10:00+00:00,2025-10-12 15:15:00-07:00,2025-10-12 22:15:00+00:00,REAL_TIME_5_MIN,SOUTHBY_6_N001,Node,11.19922,3.79126,7.29916,0.10881,0.0
2025-10-12 15:15:00-07:00,2025-10-12 22:15:00+00:00,2025-10-12 15:20:00-07:00,2025-10-12 22:20:00+00:00,REAL_TIME_5_MIN,BALCH1_7_N001,Node,-17.3651,0.17647,-17.5456,0.00402,0.0
2025-10-12 15:15:00-07:00,2025-10-12 22:15:00+00:00,2025-10-12 15:20:00-07:00,2025-10-12 22:20:00+00:00,REAL_TIME_5_MIN,BEARTAP_1_N001,Node,-5.96123,0.17647,-6.13039,-0.00731,0.0
2025-10-12 15:15:00-07:00,2025-10-12 22:15:00+00:00,2025-10-12 15:20:00-07:00,2025-10-12 22:20:00+00:00,REAL_TIME_5_MIN,SOUTHBY_6_N001,Node,6.52383,0.17647,6.34178,0.00558,0.0
2025-10-12 15:20:00-07:00,2025-10-12 22:20:00+00:00,2025-10-12 15:25:00-07:00,2025-10-12 22:25:00+00:00,REAL_TIME_5_MIN,BALCH1_7_N001,Node,-17.03458,0.93471,-17.9906,0.02131,0.0
2025-10-12 15:20:00-07:00,2025-10-12 22:20:00+00:00,2025-10-12 15:25:00-07:00,2025-10-12 22:25:00+00:00,REAL_TIME_5_MIN,BEARTAP_1_N001,Node,-5.38986,0.93471,-6.28587,-0.0387,0.0
2025-10-12 15:20:00-07:00,2025-10-12 22:20:00+00:00,2025-10-12 15:25:00-07:00,2025-10-12 22:25:00+00:00,REAL_TIME_5_MIN,SOUTHBY_6_N001,Node,7.46688,0.93471,6.50263,0.02954,0.0
2025-10-12 15:25:00-07:00,2025-10-12 22:25:00+00:00,2025-10-12 15:30:00-07:00,2025-10-12 22:30:00+00:00,REAL_TIME_5_MIN,BALCH1_7_N001,Node,-17.04769,0.90464,-17.97296,0.02063,0.0
2025-10-12 15:25:00-07:00,2025-10-12 22:25:00+00:00,2025-10-12 15:30:00-07:00,2025-10-12 22:30:00+00:00,REAL_TIME_5_MIN,BEARTAP_1_N001,Node,-5.41252,0.90464,-6.27971,-0.03745,0.0
2025-10-12 15:25:00-07:00,2025-10-12 22:25:00+00:00,2025-10-12 15:30:00-07:00,2025-10-12 22:30:00+00:00,REAL_TIME_5_MIN,SOUTHBY_6_N001,Node,7.42948,0.90464,6.49625,0.02859,0.0
2025-10-12 15:30:00-07:00,2025-10-12 22:30:00+00:00,2025-10-12 15:35:00-07:00,2025-10-12 22:35:00+00:00,REAL_TIME_5_MIN,BALCH1_7_N001,Node,-18.39699,-2.19828,-16.15782,-0.04089,0.0
2025-10-12 15:30:00-07:00,2025-10-12 22:30:00+00:00,2025-10-12 15:35:00-07:00,2025-10-12 22:35:00+00:00,REAL_TIME_5_MIN,BEARTAP_1_N001,Node,-7.75409,-2.19828,-5.6455,0.08969,0.0
2025-10-12 15:30:00-07:00,2025-10-12 22:30:00+00:00,2025-10-12 15:35:00-07:00,2025-10-12 22:35:00+00:00,REAL_TIME_5_MIN,SOUTHBY_6_N001,Node,3.58123,-2.19828,5.84018,-0.06067,0.0
2025-10-12 15:35:00-07:00,2025-10-12 22:35:00+00:00,2025-10-12 15:40:00-07:00,2025-10-12 22:40:00+00:00,REAL_TIME_5_MIN,BALCH1_7_N001,Node,-18.84935,-3.23869,-15.55041,-0.06024,0.0
2025-10-12 15:35:00-07:00,2025-10-12 22:35:00+00:00,2025-10-12 15:40:00-07:00,2025-10-12 22:40:00+00:00,REAL_TIME_5_MIN,BEARTAP_1_N001,Node,-8.53983,-3.23869,-5.43328,0.13214,0.0
2025-10-12 15:35:00-07:00,2025-10-12 22:35:00+00:00,2025-10-12 15:40:00-07:00,2025-10-12 22:40:00+00:00,REAL_TIME_5_MIN,SOUTHBY_6_N001,Node,2.29255,-3.23869,5.62063,-0.08939,0.0
2025-10-12 15:40:00-07:00,2025-10-12 22:40:00+00:00,2025-10-12 15:45:00-07:00,2025-10-12 22:45:00+00:00,REAL_TIME_5_MIN,BALCH1_7_N001,Node,-18.73312,-2.97122,-15.70664,-0.05526,0.0
2025-10-12 15:40:00-07:00,2025-10-12 22:40:00+00:00,2025-10-12 15:45:00-07:00,2025-10-12 22:45:00+00:00,REAL_TIME_5_MIN,BEARTAP_1_N001,Node,-8.33785,-2.97122,-5.48786,0.12123,0.0
2025-10-12 15:40:00-07:00,2025-10-12 22:40:00+00:00,2025-10-12 15:45:00-07:00,2025-10-12 22:45:00+00:00,REAL_TIME_5_MIN,SOUTHBY_6_N001,Node,2.62387,-2.97122,5.6771,-0.08201,0.0
2025-10-12 15:45:00-07:00,2025-10-12 22:45:00+00:00,2025-10-12 15:50:00-07:00,2025-10-12 22:50:00+00:00,REAL_TIME_5_MIN,BALCH1_7_N001,Node,-16.72179,1.64751,-18.40786,0.03855,0.0
2025-10-12 15:45:00-07:00,2025-10-12 22:45:00+00:00,2025-10-12 15:50:00-07:00,2025-10-12 22:50:00+00:00,REAL_TIME_5_MIN,BEARTAP_1_N001,Node,-4.84972,1.64751,-6.43166,-0.06557,0.0
2025-10-12 15:45:00-07:00,2025-10-12 22:45:00+00:00,2025-10-12 15:50:00-07:00,2025-10-12 22:50:00+00:00,REAL_TIME_5_MIN,SOUTHBY_6_N001,Node,8.35747,1.64751,6.65344,0.05651,0.0
2025-10-12 15:50:00-07:00,2025-10-12 22:50:00+00:00,2025-10-12 15:55:00-07:00,2025-10-12 22:55:00+00:00,REAL_TIME_5_MIN,BALCH1_7_N001,Node,-16.00004,3.34964,-19.42806,0.07838,0.0
2025-10-12 15:50:00-07:00,2025-10-12 22:50:00+00:00,2025-10-12 15:55:00-07:00,2025-10-12 22:55:00+00:00,REAL_TIME_5_MIN,BEARTAP_1_N001,Node,-3.5718,3.34964,-6.78812,-0.13332,0.0
2025-10-12 15:50:00-07:00,2025-10-12 22:50:00+00:00,2025-10-12 15:55:00-07:00,2025-10-12 22:55:00+00:00,REAL_TIME_5_MIN,SOUTHBY_6_N001,Node,10.48672,3.34964,7.02219,0.11489,0.0
2025-10-12 15:55:00-07:00,2025-10-12 22:55:00+00:00,2025-10-12 16:00:00-07:00,2025-10-12 23:00:00+00:00,REAL_TIME_5_MIN,BALCH1_7_N001,Node,-16.32283,3.56723,-19.97353,0.08347,0.0
2025-10-12 15:55:00-07:00,2025-10-12 22:55:00+00:00,2025-10-12 16:00:00-07:00,2025-10-12 23:00:00+00:00,REAL_TIME_5_MIN,BEARTAP_1_N001,Node,-3.55345,3.56723,-6.9787,-0.14198,0.0
2025-10-12 15:55:00-07:00,2025-10-12 22:55:00+00:00,2025-10-12 16:00:00-07:00,2025-10-12 23:00:00+00:00,REAL_TIME_5_MIN,SOUTHBY_6_N001,Node,10.90893,3.56723,7.21935,0.12236,0.0
2025-10-12 16:00:00-07:00,2025-10-12 23:00:00+00:00,2025-10-12 16:05:00-07:00,2025-10-12 23:05:00+00:00,REAL_TIME_5_MIN,BALCH1_7_N001,Node,-18.21321,-2.69728,-15.41612,-0.0998,0.0
2025-10-12 16:00:00-07:00,2025-10-12 23:00:00+00:00,2025-10-12 16:05:00-07:00,2025-10-12 23:05:00+00:00,REAL_TIME_5_MIN,BEARTAP_1_N001,Node,-7.9686,-2.69728,-5.34981,0.07849,0.0
2025-10-12 16:00:00-07:00,2025-10-12 23:00:00+00:00,2025-10-12 16:05:00-07:00,2025-10-12 23:05:00+00:00,REAL_TIME_5_MIN,SOUTHBY_6_N001,Node,3.13671,-2.69728,5.923,-0.08901,0.0
2025-10-12 16:05:00-07:00,2025-10-12 23:05:00+00:00,2025-10-12 16:10:00-07:00,2025-10-12 23:10:00+00:00,REAL_TIME_5_MIN,BALCH1_7_N001,Node,-19.31277,-4.50366,-14.64248,-0.16664,0.0
2025-10-12 16:05:00-07:00,2025-10-12 23:05:00+00:00,2025-10-12 16:10:00-07:00,2025-10-12 23:10:00+00:00,REAL_TIME_5_MIN,BEARTAP_1_N001,Node,-9.36462,-4.50366,-4.99202,0.13106,0.0
2025-10-12 16:05:00-07:00,2025-10-12 23:05:00+00:00,2025-10-12 16:10:00-07:00,2025-10-12 23:10:00+00:00,REAL_TIME_5_MIN,SOUTHBY_6_N001,Node,0.8746,-4.50366,5.52688,-0.14862,0.0
2025-10-12 16:10:00-07:00,2025-10-12 23:10:00+00:00,2025-10-12 16:15:00-07:00,2025-10-12 23:15:00+00:00,REAL_TIME_5_MIN,BALCH1_7_N001,Node,-19.91554,-5.49834,-14.21376,-0.20344,0.0
2025-10-12 16:10:00-07:00,2025-10-12 23:10:00+00:00,2025-10-12 16:15:00-07:00,2025-10-12 23:15:00+00:00,REAL_TIME_5_MIN,BEARTAP_1_N001,Node,-10.13335,-5.49834,-4.795,0.16,0.0
2025-10-12 16:10:00-07:00,2025-10-12 23:10:00+00:00,2025-10-12 16:15:00-07:00,2025-10-12 23:15:00+00:00,REAL_TIME_5_MIN,SOUTHBY_6_N001,Node,-0.37104,-5.49834,5.30875,-0.18145,0.0
2025-10-12 16:15:00-07:00,2025-10-12 23:15:00+00:00,2025-10-12 16:20:00-07:00,2025-10-12 23:20:00+00:00,REAL_TIME_5_MIN,BALCH1_7_N001,Node,-9.54291,-4.49782,-4.91285,-0.13224,0.0
2025-10-12 16:15:00-07:00,2025-10-12 23:15:00+00:00,2025-10-12 16:20:00-07:00,2025-10-12 23:20:00+00:00,REAL_TIME_5_MIN,BEARTAP_1_N001,Node,-6.02425,-4.49782,-1.67756,0.15113,0.0
2025-10-12 16:15:00-07:00,2025-10-12 23:15:00+00:00,2025-10-12 16:20:00-07:00,2025-10-12 23:20:00+00:00,REAL_TIME_5_MIN,SOUTHBY_6_N001,Node,-2.784,-4.49782,1.8573,-0.14348,0.0
2025-10-12 16:20:00-07:00,2025-10-12 23:20:00+00:00,2025-10-12 16:25:00-07:00,2025-10-12 23:25:00+00:00,REAL_TIME_5_MIN,BALCH1_7_N001,Node,-14.40256,0.0,-14.40256,0.0,0.0
2025-10-12 16:20:00-07:00,2025-10-12 23:20:00+00:00,2025-10-12 16:25:00-07:00,2025-10-12 23:25:00+00:00,REAL_TIME_5_MIN,BEARTAP_1_N001,Node,-4.91795,0.0,-4.91795,0.0,0.0
2025-10-12 16:20:00-07:00,2025-10-12 23:20:00+00:00,2025-10-12 16:25:00-07:00,2025-10-12 23:25:00+00:00,REAL_TIME_5_MIN,SOUTHBY_6_N001,Node,5.44487,0.0,5.44487,0.0,0.0
2025-10-12 16:25:00-07:00,2025-10-12 23:25:00+00:00,2025-10-12 16:30:00-07:00,2025-10-12 23:30:00+00:00,REAL_TIME_5_MIN,BALCH1_7_N001,Node,-10.54422,12.24411,-23.1483,0.35998,0.0
2025-10-12 16:25:00-07:00,2025-10-12 23:25:00+00:00,2025-10-12 16:30:00-07:00,2025-10-12 23:30:00+00:00,REAL_TIME_5_MIN,BEARTAP_1_N001,Node,3.92841,12.24411,-7.9043,-0.4114,0.0
2025-10-12 16:25:00-07:00,2025-10-12 23:25:00+00:00,2025-10-12 16:30:00-07:00,2025-10-12 23:30:00+00:00,REAL_TIME_5_MIN,SOUTHBY_6_N001,Node,21.38588,12.24411,8.75119,0.39059,0.0
2025-10-12 16:30:00-07:00,2025-10-12 23:30:00+00:00,2025-10-12 16:35:00-07:00,2025-10-12 23:35:00+00:00,REAL_TIME_5_MIN,BALCH1_7_N001,Node,-8.75805,17.03254,-26.22492,0.43433,0.0
2025-10-12 16:30:00-07:00,2025-10-12 23:30:00+00:00,2025-10-12 16:35:00-07:00,2025-10-12 23:35:00+00:00,REAL_TIME_5_MIN,BEARTAP_1_N001,Node,7.31151,17.03254,-9.14533,-0.5757,0.0
2025-10-12 16:30:00-07:00,2025-10-12 23:30:00+00:00,2025-10-12 16:35:00-07:00,2025-10-12 23:35:00+00:00,REAL_TIME_5_MIN,SOUTHBY_6_N001,Node,27.51573,17.03254,9.9143,0.56889,0.0
2025-10-12 16:35:00-07:00,2025-10-12 23:35:00+00:00,2025-10-12 16:40:00-07:00,2025-10-12 23:40:00+00:00,REAL_TIME_5_MIN,BALCH1_7_N001,Node,7.56577,27.70566,-20.84639,0.70649,0.0
2025-10-12 16:35:00-07:00,2025-10-12 23:35:00+00:00,2025-10-12 16:40:00-07:00,2025-10-12 23:40:00+00:00,REAL_TIME_5_MIN,BEARTAP_1_N001,Node,19.65093,27.70566,-7.11828,-0.93645,0.0
2025-10-12 16:35:00-07:00,2025-10-12 23:35:00+00:00,2025-10-12 16:40:00-07:00,2025-10-12 23:40:00+00:00,REAL_TIME_5_MIN,SOUTHBY_6_N001,Node,36.51198,27.70566,7.88095,0.92537,0.0
2025-10-12 16:40:00-07:00,2025-10-12 23:40:00+00:00,2025-10-12 16:45:00-07:00,2025-10-12 23:45:00+00:00,REAL_TIME_5_MIN,BALCH1_7_N001,Node,8.3268,30.07187,-22.51191,0.76683,0.0
2025-10-12 16:40:00-07:00,2025-10-12 23:40:00+00:00,2025-10-12 16:45:00-07:00,2025-10-12 23:45:00+00:00,REAL_TIME_5_MIN,BEARTAP_1_N001,Node,20.30979,30.07187,-8.74565,-1.01643,0.0
2025-10-12 16:40:00-07:00,2025-10-12 23:40:00+00:00,2025-10-12 16:45:00-07:00,2025-10-12 23:45:00+00:00,REAL_TIME_5_MIN,SOUTHBY_6_N001,Node,39.58687,30.07187,8.5106,1.0044,0.0
2025-10-12 16:45:00-07:00,2025-10-12 23:45:00+00:00,2025-10-12 16:50:00-07:00,2025-10-12 23:50:00+00:00,REAL_TIME_5_MIN,BALCH1_7_N001,Node,12.9358,35.0,-22.2532,0.189,0.0
2025-10-12 16:45:00-07:00,2025-10-12 23:45:00+00:00,2025-10-12 16:50:00-07:00,2025-10-12 23:50:00+00:00,REAL_TIME_5_MIN,BEARTAP_1_N001,Node,26.36535,35.0,-7.59865,-1.036,0.0
2025-10-12 16:45:00-07:00,2025-10-12 23:45:00+00:00,2025-10-12 16:50:00-07:00,2025-10-12 23:50:00+00:00,REAL_TIME_5_MIN,SOUTHBY_6_N001,Node,44.18629,35.0,8.41279,0.7735,0.0
2025-10-12 16:50:00-07:00,2025-10-12 23:50:00+00:00,2025-10-12 16:55:00-07:00,2025-10-12 23:55:00+00:00,REAL_TIME_5_MIN,BALCH1_7_N001,Node,17.49749,40.02279,-22.74142,0.21612,0.0
2025-10-12 16:50:00-07:00,2025-10-12 23:50:00+00:00,2025-10-12 16:55:00-07:00,2025-10-12 23:55:00+00:00,REAL_TIME_5_MIN,BEARTAP_1_N001,Node,31.07275,40.02279,-7.76536,-1.18467,0.0
2025-10-12 16:50:00-07:00,2025-10-12 23:50:00+00:00,2025-10-12 16:55:00-07:00,2025-10-12 23:55:00+00:00,REAL_TIME_5_MIN,SOUTHBY_6_N001,Node,49.50466,40.02279,8.59737,0.8845,0.0
2025-10-12 16:55:00-07:00,2025-10-12 23:55:00+00:00,2025-10-12 17:00:00-07:00,2025-10-13 00:00:00+00:00,REAL_TIME_5_MIN,BALCH1_7_N001,Node,44.21965,47.7939,-3.83234,0.25809,0.0
2025-10-12 16:55:00-07:00,2025-10-12 23:55:00+00:00,2025-10-12 17:00:00-07:00,2025-10-13 00:00:00+00:00,REAL_TIME_5_MIN,BEARTAP_1_N001,Node,45.0706,47.7939,-1.3086,-1.4147,0.0
2025-10-12 16:55:00-07:00,2025-10-12 23:55:00+00:00,2025-10-12 17:00:00-07:00,2025-10-13 00:00:00+00:00,REAL_TIME_5_MIN,SOUTHBY_6_N001,Node,50.29896,47.7939,1.44881,1.05625,0.0
2025-10-12 17:00:00-07:00,2025-10-13 00:00:00+00:00,2025-10-12 17:05:00-07:00,2025-10-13 00:05:00+00:00,REAL_TIME_5_MIN,BALCH1_7_N001,Node,18.04362,36.11995,-18.20637,0.13003,0.0
2025-10-12 17:00:00-07:00,2025-10-13 00:00:00+00:00,2025-10-12 17:05:00-07:00,2025-10-13 00:05:00+00:00,REAL_TIME_5_MIN,BEARTAP_1_N001,Node,28.02037,36.11995,-7.29411,-0.80547,0.0
2025-10-12 17:00:00-07:00,2025-10-13 00:00:00+00:00,2025-10-12 17:05:00-07:00,2025-10-13 00:05:00+00:00,REAL_TIME_5_MIN,SOUTHBY_6_N001,Node,44.93603,36.11995,8.07562,0.74046,0.0
2025-10-12 17:05:00-07:00,2025-10-13 00:05:00+00:00,2025-10-12 17:10:00-07:00,2025-10-13 00:10:00+00:00,REAL_TIME_5_MIN,BALCH1_7_N001,Node,32.5837,38.53943,-6.09447,0.13874,0.0
2025-10-12 17:05:00-07:00,2025-10-13 00:05:00+00:00,2025-10-12 17:10:00-07:00,2025-10-13 00:10:00+00:00,REAL_TIME_5_MIN,BEARTAP_1_N001,Node,35.59896,38.53943,-2.08104,-0.85943,0.0
2025-10-12 17:05:00-07:00,2025-10-13 00:05:00+00:00,2025-10-12 17:10:00-07:00,2025-10-13 00:10:00+00:00,REAL_TIME_5_MIN,SOUTHBY_6_N001,Node,41.63349,38.53943,2.30401,0.79006,0.0
2025-10-12 17:10:00-07:00,2025-10-13 00:10:00+00:00,2025-10-12 17:15:00-07:00,2025-10-13 00:15:00+00:00,REAL_TIME_5_MIN,BALCH1_7_N001,Node,42.35668,46.0086,-3.81755,0.16563,0.0
2025-10-12 17:10:00-07:00,2025-10-13 00:10:00+00:00,2025-10-12 17:15:00-07:00,2025-10-13 00:15:00+00:00,REAL_TIME_5_MIN,BEARTAP_1_N001,Node,43.67906,46.0086,-1.30355,-1.02599,0.0
2025-10-12 17:10:00-07:00,2025-10-13 00:10:00+00:00,2025-10-12 17:15:00-07:00,2025-10-13 00:15:00+00:00,REAL_TIME_5_MIN,SOUTHBY_6_N001,Node,48.395,46.0086,1.44322,0.94318,0.0
2025-10-12 17:15:00-07:00,2025-10-13 00:15:00+00:00,2025-10-12 17:20:00-07:00,2025-10-13 00:20:00+00:00,REAL_TIME_5_MIN,BALCH1_7_N001,Node,40.72433,47.55628,-6.96986,0.13791,0.0
2025-10-12 17:15:00-07:00,2025-10-13 00:15:00+00:00,2025-10-12 17:20:00-07:00,2025-10-13 00:20:00+00:00,REAL_TIME_5_MIN,BEARTAP_1_N001,Node,44.3869,47.55628,-2.37995,-0.78943,0.0
2025-10-12 17:15:00-07:00,2025-10-13 00:15:00+00:00,2025-10-12 17:20:00-07:00,2025-10-13 00:20:00+00:00,REAL_TIME_5_MIN,SOUTHBY_6_N001,Node,50.97591,47.55628,2.63495,0.78468,0.0
2025-10-12 17:20:00-07:00,2025-10-13 00:20:00+00:00,2025-10-12 17:25:00-07:00,2025-10-13 00:25:00+00:00,REAL_TIME_5_MIN,BALCH1_7_N001,Node,49.04185,49.42566,-0.52714,0.14333,0.0
2025-10-12 17:20:00-07:00,2025-10-13 00:20:00+00:00,2025-10-12 17:25:00-07:00,2025-10-13 00:25:00+00:00,REAL_TIME_5_MIN,BEARTAP_1_N001,Node,48.42519,49.42566,-0.18,-0.82047,0.0
2025-10-12 17:20:00-07:00,2025-10-13 00:20:00+00:00,2025-10-12 17:25:00-07:00,2025-10-13 00:25:00+00:00,REAL_TIME_5_MIN,SOUTHBY_6_N001,Node,50.44047,49.42566,0.19929,0.81552,0.0
2025-10-12 17:25:00-07:00,2025-10-13 00:25:00+00:00,2025-10-12 17:30:00-07:00,2025-10-13 00:30:00+00:00,REAL_TIME_5_MIN,BALCH1_7_N001,Node,55.22486,55.06517,0.0,0.15969,0.0
2025-10-12 17:25:00-07:00,2025-10-13 00:25:00+00:00,2025-10-12 17:30:00-07:00,2025-10-13 00:30:00+00:00,REAL_TIME_5_MIN,BEARTAP_1_N001,Node,54.15109,55.06517,0.0,-0.91408,0.0
2025-10-12 17:25:00-07:00,2025-10-13 00:25:00+00:00,2025-10-12 17:30:00-07:00,2025-10-13 00:30:00+00:00,REAL_TIME_5_MIN,SOUTHBY_6_N001,Node,55.97374,55.06517,0.0,0.90858,0.0
2025-10-12 17:30:00-07:00,2025-10-13 00:30:00+00:00,2025-10-12 17:35:00-07:00,2025-10-13 00:35:00+00:00,REAL_TIME_5_MIN,BALCH1_7_N001,Node,61.8558,61.43192,0.0,0.42388,0.0
2025-10-12 17:30:00-07:00,2025-10-13 00:30:00+00:00,2025-10-12 17:35:00-07:00,2025-10-13 00:35:00+00:00,REAL_TIME_5_MIN,BEARTAP_1_N001,Node,60.51659,61.43192,0.0,-0.91534,0.0
2025-10-12 17:30:00-07:00,2025-10-13 00:30:00+00:00,2025-10-12 17:35:00-07:00,2025-10-13 00:35:00+00:00,REAL_TIME_5_MIN,SOUTHBY_6_N001,Node,62.56841,61.43192,0.0,1.13649,0.0
2025-10-12 17:35:00-07:00,2025-10-13 00:35:00+00:00,2025-10-12 17:40:00-07:00,2025-10-13 00:40:00+00:00,REAL_TIME_5_MIN,BALCH1_7_N001,Node,63.5476,63.11212,0.0,0.43547,0.0
2025-10-12 17:35:00-07:00,2025-10-13 00:35:00+00:00,2025-10-12 17:40:00-07:00,2025-10-13 00:40:00+00:00,REAL_TIME_5_MIN,BEARTAP_1_N001,Node,62.17175,63.11212,0.0,-0.94037,0.0
2025-10-12 17:35:00-07:00,2025-10-13 00:35:00+00:00,2025-10-12 17:40:00-07:00,2025-10-13 00:40:00+00:00,REAL_TIME_5_MIN,SOUTHBY_6_N001,Node,64.2797,63.11212,0.0,1.16757,0.0
2025-10-12 17:40:00-07:00,2025-10-13 00:40:00+00:00,2025-10-12 17:45:00-07:00,2025-10-13 00:45:00+00:00,REAL_TIME_5_MIN,BALCH1_7_N001,Node,67.60387,67.1406,0.0,0.46327,0.0
2025-10-12 17:40:00-07:00,2025-10-13 00:40:00+00:00,2025-10-12 17:45:00-07:00,2025-10-13 00:45:00+00:00,REAL_TIME_5_MIN,BEARTAP_1_N001,Node,66.14021,67.1406,0.0,-1.00039,0.0
2025-10-12 17:40:00-07:00,2025-10-13 00:40:00+00:00,2025-10-12 17:45:00-07:00,2025-10-13 00:45:00+00:00,REAL_TIME_5_MIN,SOUTHBY_6_N001,Node,68.3827,67.1406,0.0,1.2421,0.0
2025-10-12 17:45:00-07:00,2025-10-13 00:45:00+00:00,2025-10-12 17:50:00-07:00,2025-10-13 00:50:00+00:00,REAL_TIME_5_MIN,BALCH1_7_N001,Node,85.59358,85.40569,0.0,0.18789,0.0
2025-10-12 17:45:00-07:00,2025-10-13 00:45:00+00:00,2025-10-12 17:50:00-07:00,2025-10-13 00:50:00+00:00,REAL_TIME_5_MIN,BEARTAP_1_N001,Node,84.6285,85.40569,0.0,-0.77719,0.0
2025-10-12 17:45:00-07:00,2025-10-13 00:45:00+00:00,2025-10-12 17:50:00-07:00,2025-10-13 00:50:00+00:00,REAL_TIME_5_MIN,SOUTHBY_6_N001,Node,86.72094,85.40569,0.0,1.31525,0.0
2025-10-12 17:50:00-07:00,2025-10-13 00:50:00+00:00,2025-10-12 17:55:00-07:00,2025-10-13 00:55:00+00:00,REAL_TIME_5_MIN,BALCH1_7_N001,Node,107.73514,107.49864,0.0,0.2365,0.0
2025-10-12 17:50:00-07:00,2025-10-13 00:50:00+00:00,2025-10-12 17:55:00-07:00,2025-10-13 00:55:00+00:00,REAL_TIME_5_MIN,BEARTAP_1_N001,Node,106.52041,107.49864,0.0,-0.97824,0.0
2025-10-12 17:50:00-07:00,2025-10-13 00:50:00+00:00,2025-10-12 17:55:00-07:00,2025-10-13 00:55:00+00:00,REAL_TIME_5_MIN,SOUTHBY_6_N001,Node,109.15412,107.49864,0.0,1.65548,0.0
2025-10-12 17:55:00-07:00,2025-10-13 00:55:00+00:00,2025-10-12 18:00:00-07:00,2025-10-13 01:00:00+00:00,REAL_TIME_5_MIN,BALCH1_7_N001,Node,138.5437,138.23956,0.0,0.30413,0.0
2025-10-12 17:55:00-07:00,2025-10-13 00:55:00+00:00,2025-10-12 18:00:00-07:00,2025-10-13 01:00:00+00:00,REAL_TIME_5_MIN,BEARTAP_1_N001,Node,136.98158,138.23956,0.0,-1.25798,0.0
2025-10-12 17:55:00-07:00,2025-10-13 00:55:00+00:00,2025-10-12 18:00:00-07:00,2025-10-13 01:00:00+00:00,REAL_TIME_5_MIN,SOUTHBY_6_N001,Node,140.36845,138.23956,0.0,2.12889,0.0
2025-10-12 18:00:00-07:00,2025-10-13 01:00:00+00:00,2025-10-12 18:05:00-07:00,2025-10-13 01:05:00+00:00,REAL_TIME_5_MIN,BALCH1_7_N001,Node,51.26587,53.68716,0.0,-2.42129,0.0
2025-10-12 18:00:00-07:00,2025-10-13 01:00:00+00:00,2025-10-12 18:05:00-07:00,2025-10-13 01:05:00+00:00,REAL_TIME_5_MIN,BEARTAP_1_N001,Node,53.67105,53.68716,0.0,-0.01611,0.0
2025-10-12 18:00:00-07:00,2025-10-13 01:00:00+00:00,2025-10-12 18:05:00-07:00,2025-10-13 01:05:00+00:00,REAL_TIME_5_MIN,SOUTHBY_6_N001,Node,54.62668,53.68716,0.0,0.93953,0.0
2025-10-12 18:05:00-07:00,2025-10-13 01:05:00+00:00,2025-10-12 18:10:00-07:00,2025-10-13 01:10:00+00:00,REAL_TIME_5_MIN,BALCH1_7_N001,Node,52.19893,54.66429,0.0,-2.46536,0.0
2025-10-12 18:05:00-07:00,2025-10-13 01:05:00+00:00,2025-10-12 18:10:00-07:00,2025-10-13 01:10:00+00:00,REAL_TIME_5_MIN,BEARTAP_1_N001,Node,54.64789,54.66429,0.0,-0.0164,0.0
2025-10-12 18:05:00-07:00,2025-10-13 01:05:00+00:00,2025-10-12 18:10:00-07:00,2025-10-13 01:10:00+00:00,REAL_TIME_5_MIN,SOUTHBY_6_N001,Node,55.62092,54.66429,0.0,0.95663,0.0
2025-10-12 18:10:00-07:00,2025-10-13 01:10:00+00:00,2025-10-12 18:15:00-07:00,2025-10-13 01:15:00+00:00,REAL_TIME_5_MIN,BALCH1_7_N001,Node,54.65758,57.23906,0.0,-2.58148,0.0
2025-10-12 18:10:00-07:00,2025-10-13 01:10:00+00:00,2025-10-12 18:15:00-07:00,2025-10-13 01:15:00+00:00,REAL_TIME_5_MIN,BEARTAP_1_N001,Node,57.22189,57.23906,0.0,-0.01717,0.0
2025-10-12 18:10:00-07:00,2025-10-13 01:10:00+00:00,2025-10-12 18:15:00-07:00,2025-10-13 01:15:00+00:00,REAL_TIME_5_MIN,SOUTHBY_6_N001,Node,58.24074,57.23906,0.0,1.00168,0.0
2025-10-12 18:15:00-07:00,2025-10-13 01:15:00+00:00,2025-10-12 18:20:00-07:00,2025-10-13 01:20:00+00:00,REAL_TIME_5_MIN,BALCH1_7_N001,Node,52.31579,55.40166,0.0,-3.08587,0.0
2025-10-12 18:15:00-07:00,2025-10-13 01:15:00+00:00,2025-10-12 18:20:00-07:00,2025-10-13 01:20:00+00:00,REAL_TIME_5_MIN,BEARTAP_1_N001,Node,55.50693,55.40166,0.0,0.10526,0.0
2025-10-12 18:15:00-07:00,2025-10-13 01:15:00+00:00,2025-10-12 18:20:00-07:00,2025-10-13 01:20:00+00:00,REAL_TIME_5_MIN,SOUTHBY_6_N001,Node,56.28809,55.40166,0.0,0.88643,0.0
2025-10-12 18:20:00-07:00,2025-10-13 01:20:00+00:00,2025-10-12 18:25:00-07:00,2025-10-13 01:25:00+00:00,REAL_TIME_5_MIN,BALCH1_7_N001,Node,54.34476,57.55032,0.0,-3.20555,0.0
2025-10-12 18:20:00-07:00,2025-10-13 01:20:00+00:00,2025-10-12 18:25:00-07:00,2025-10-13 01:25:00+00:00,REAL_TIME_5_MIN,BEARTAP_1_N001,Node,57.65966,57.55032,0.0,0.10935,0.0
2025-10-12 18:20:00-07:00,2025-10-13 01:20:00+00:00,2025-10-12 18:25:00-07:00,2025-10-13 01:25:00+00:00,REAL_TIME_5_MIN,SOUTHBY_6_N001,Node,58.47112,57.55032,0.0,0.92081,0.0
2025-10-12 18:25:00-07:00,2025-10-13 01:25:00+00:00,2025-10-12 18:30:00-07:00,2025-10-13 01:30:00+00:00,REAL_TIME_5_MIN,BALCH1_7_N001,Node,54.17986,57.37568,0.0,-3.19583,0.0
2025-10-12 18:25:00-07:00,2025-10-13 01:25:00+00:00,2025-10-12 18:30:00-07:00,2025-10-13 01:30:00+00:00,REAL_TIME_5_MIN,BEARTAP_1_N001,Node,57.4847,57.37568,0.0,0.10901,0.0
2025-10-12 18:25:00-07:00,2025-10-13 01:25:00+00:00,2025-10-12 18:30:00-07:00,2025-10-13 01:30:00+00:00,REAL_TIME_5_MIN,SOUTHBY_6_N001,Node,58.29369,57.37568,0.0,0.91801,0.0
2025-10-12 18:30:00-07:00,2025-10-13 01:30:00+00:00,2025-10-12 18:35:00-07:00,2025-10-13 01:35:00+00:00,REAL_TIME_5_MIN,BALCH1_7_N001,Node,54.95668,58.16753,0.0,-3.21085,0.0
2025-10-12 18:30:00-07:00,2025-10-13 01:30:00+00:00,2025-10-12 18:35:00-07:00,2025-10-13 01:35:00+00:00,REAL_TIME_5_MIN,BEARTAP_1_N001,Node,58.1559,58.16753,0.0,-0.01163,0.0
2025-10-12 18:30:00-07:00,2025-10-13 01:30:00+00:00,2025-10-12 18:35:00-07:00,2025-10-13 01:35:00+00:00,REAL_TIME_5_MIN,SOUTHBY_6_N001,Node,59.3716,58.16753,0.0,1.20407,0.0
2025-10-12 18:35:00-07:00,2025-10-13 01:35:00+00:00,2025-10-12 18:40:00-07:00,2025-10-13 01:40:00+00:00,REAL_TIME_5_MIN,BALCH1_7_N001,Node,56.78452,60.10216,0.0,-3.31764,0.0
2025-10-12 18:35:00-07:00,2025-10-13 01:35:00+00:00,2025-10-12 18:40:00-07:00,2025-10-13 01:40:00+00:00,REAL_TIME_5_MIN,BEARTAP_1_N001,Node,60.09014,60.10216,0.0,-0.01202,0.0
2025-10-12 18:35:00-07:00,2025-10-13 01:35:00+00:00,2025-10-12 18:40:00-07:00,2025-10-13 01:40:00+00:00,REAL_TIME_5_MIN,SOUTHBY_6_N001,Node,61.34627,60.10216,0.0,1.24411,0.0
2025-10-12 18:40:00-07:00,2025-10-13 01:40:00+00:00,2025-10-12 18:45:00-07:00,2025-10-13 01:45:00+00:00,REAL_TIME_5_MIN,BALCH1_7_N001,Node,54.98213,58.19447,0.0,-3.21233,0.0
2025-10-12 18:40:00-07:00,2025-10-13 01:40:00+00:00,2025-10-12 18:45:00-07:00,2025-10-13 01:45:00+00:00,REAL_TIME_5_MIN,BEARTAP_1_N001,Node,58.18283,58.19447,0.0,-0.01164,0.0
2025-10-12 18:40:00-07:00,2025-10-13 01:40:00+00:00,2025-10-12 18:45:00-07:00,2025-10-13 01:45:00+00:00,REAL_TIME_5_MIN,SOUTHBY_6_N001,Node,59.39909,58.19447,0.0,1.20463,0.0
2025-10-12 18:45:00-07:00,2025-10-13 01:45:00+00:00,2025-10-12 18:50:00-07:00,2025-10-13 01:50:00+00:00,REAL_TIME_5_MIN,BALCH1_7_N001,Node,51.31252,54.21864,0.0,-2.90612,0.0
2025-10-12 18:45:00-07:00,2025-10-13 01:45:00+00:00,2025-10-12 18:50:00-07:00,2025-10-13 01:50:00+00:00,REAL_TIME_5_MIN,BEARTAP_1_N001,Node,54.2078,54.21864,0.0,-0.01084,0.0
2025-10-12 18:45:00-07:00,2025-10-13 01:45:00+00:00,2025-10-12 18:50:00-07:00,2025-10-13 01:50:00+00:00,REAL_TIME_5_MIN,SOUTHBY_6_N001,Node,55.47109,54.21864,0.0,1.25245,0.0
2025-10-12 18:50:00-07:00,2025-10-13 01:50:00+00:00,2025-10-12 18:55:00-07:00,2025-10-13 01:55:00+00:00,REAL_TIME_5_MIN,BALCH1_7_N001,Node,51.14812,54.04493,0.0,-2.89681,0.0
2025-10-12 18:50:00-07:00,2025-10-13 01:50:00+00:00,2025-10-12 18:55:00-07:00,2025-10-13 01:55:00+00:00,REAL_TIME_5_MIN,BEARTAP_1_N001,Node,54.03412,54.04493,0.0,-0.01081,0.0
2025-10-12 18:50:00-07:00,2025-10-13 01:50:00+00:00,2025-10-12 18:55:00-07:00,2025-10-13 01:55:00+00:00,REAL_TIME_5_MIN,SOUTHBY_6_N001,Node,55.29337,54.04493,0.0,1.24844,0.0
2025-10-12 18:55:00-07:00,2025-10-13 01:55:00+00:00,2025-10-12 19:00:00-07:00,2025-10-13 02:00:00+00:00,REAL_TIME_5_MIN,BALCH1_7_N001,Node,51.14812,54.04493,0.0,-2.89681,0.0
2025-10-12 18:55:00-07:00,2025-10-13 01:55:00+00:00,2025-10-12 19:00:00-07:00,2025-10-13 02:00:00+00:00,REAL_TIME_5_MIN,BEARTAP_1_N001,Node,54.03412,54.04493,0.0,-0.01081,0.0
2025-10-12 18:55:00-07:00,2025-10-13 01:55:00+00:00,2025-10-12 19:00:00-07:00,2025-10-13 02:00:00+00:00,REAL_TIME_5_MIN,SOUTHBY_6_N001,Node,55.29337,54.04493,0.0,1.24844,0.0
2025-10-12 19:00:00-07:00,2025-10-13 02:00:00+00:00,2025-10-12 19:05:00-07:00,2025-10-13 02:05:00+00:00,REAL_TIME_5_MIN,BALCH1_7_N001,Node,49.01386,52.18126,0.0,-3.1674,0.0
2025-10-12 19:00:00-07:00,2025-10-13 02:00:00+00:00,2025-10-12 19:05:00-07:00,2025-10-13 02:05:00+00:00,REAL_TIME_5_MIN,BEARTAP_1_N001,Node,52.25953,52.18126,0.0,0.07827,0.0
2025-10-12 19:00:00-07:00,2025-10-13 02:00:00+00:00,2025-10-12 19:05:00-07:00,2025-10-13 02:05:00+00:00,REAL_TIME_5_MIN,SOUTHBY_6_N001,Node,53.26663,52.18126,0.0,1.08537,0.0
2025-10-12 19:05:00-07:00,2025-10-13 02:05:00+00:00,2025-10-12 19:10:00-07:00,2025-10-13 02:10:00+00:00,REAL_TIME_5_MIN,BALCH1_7_N001,Node,49.01386,52.18126,0.0,-3.1674,0.0
2025-10-12 19:05:00-07:00,2025-10-13 02:05:00+00:00,2025-10-12 19:10:00-07:00,2025-10-13 02:10:00+00:00,REAL_TIME_5_MIN,BEARTAP_1_N001,Node,52.25953,52.18126,0.0,0.07827,0.0
2025-10-12 19:05:00-07:00,2025-10-13 02:05:00+00:00,2025-10-12 19:10:00-07:00,2025-10-13 02:10:00+00:00,REAL_TIME_5_MIN,SOUTHBY_6_N001,Node,53.26663,52.18126,0.0,1.08537,0.0
2025-10-12 19:10:00-07:00,2025-10-13 02:10:00+00:00,2025-10-12 19:15:00-07:00,2025-10-13 02:15:00+00:00,REAL_TIME_5_MIN,BALCH1_7_N001,Node,49.01386,52.18126,0.0,-3.1674,0.0
2025-10-12 19:10:00-07:00,2025-10-13 02:10:00+00:00,2025-10-12 19:15:00-07:00,2025-10-13 02:15:00+00:00,REAL_TIME_5_MIN,BEARTAP_1_N001,Node,52.25953,52.18126,0.0,0.07827,0.0
2025-10-12 19:10:00-07:00,2025-10-13 02:10:00+00:00,2025-10-12 19:15:00-07:00,2025-10-13 02:15:00+00:00,REAL_TIME_5_MIN,SOUTHBY_6_N001,Node,53.26663,52.18126,0.0,1.08537,0.0
2025-10-12 19:15:00-07:00,2025-10-13 02:15:00+00:00,2025-10-12 19:20:00-07:00,2025-10-13 02:20:00+00:00,REAL_TIME_5_MIN,BALCH1_7_N001,Node,48.59005,51.48887,0.0,-2.89882,0.0
2025-10-12 19:15:00-07:00,2025-10-13 02:15:00+00:00,2025-10-12 19:20:00-07:00,2025-10-13 02:20:00+00:00,REAL_TIME_5_MIN,BEARTAP_1_N001,Node,51.59185,51.48887,0.0,0.10298,0.0
2025-10-12 19:15:00-07:00,2025-10-13 02:15:00+00:00,2025-10-12 19:20:00-07:00,2025-10-13 02:20:00+00:00,REAL_TIME_5_MIN,SOUTHBY_6_N001,Node,52.64222,51.48887,0.0,1.15335,0.0
2025-10-12 19:20:00-07:00,2025-10-13 02:20:00+00:00,2025-10-12 19:25:00-07:00,2025-10-13 02:25:00+00:00,REAL_TIME_5_MIN,BALCH1_7_N001,Node,46.76593,49.55593,0.0,-2.79,0.0
2025-10-12 19:20:00-07:00,2025-10-13 02:20:00+00:00,2025-10-12 19:25:00-07:00,2025-10-13 02:25:00+00:00,REAL_TIME_5_MIN,BEARTAP_1_N001,Node,49.65504,49.55593,0.0,0.09911,0.0
2025-10-12 19:20:00-07:00,2025-10-13 02:20:00+00:00,2025-10-12 19:25:00-07:00,2025-10-13 02:25:00+00:00,REAL_TIME_5_MIN,SOUTHBY_6_N001,Node,50.66599,49.55593,0.0,1.11005,0.0
2025-10-12 19:25:00-07:00,2025-10-13 02:25:00+00:00,2025-10-12 19:30:00-07:00,2025-10-13 02:30:00+00:00,REAL_TIME_5_MIN,BALCH1_7_N001,Node,46.30421,49.06667,0.0,-2.76245,0.0
2025-10-12 19:25:00-07:00,2025-10-13 02:25:00+00:00,2025-10-12 19:30:00-07:00,2025-10-13 02:30:00+00:00,REAL_TIME_5_MIN,BEARTAP_1_N001,Node,49.1648,49.06667,0.0,0.09813,0.0
2025-10-12 19:25:00-07:00,2025-10-13 02:25:00+00:00,2025-10-12 19:30:00-07:00,2025-10-13 02:30:00+00:00,REAL_TIME_5_MIN,SOUTHBY_6_N001,Node,50.16576,49.06667,0.0,1.09909,0.0
2025-10-12 19:30:00-07:00,2025-10-13 02:30:00+00:00,2025-10-12 19:35:00-07:00,2025-10-13 02:35:00+00:00,REAL_TIME_5_MIN,BALCH1_7_N001,Node,46.11915,48.56692,0.0,-2.44777,0.0
2025-10-12 19:30:00-07:00,2025-10-13 02:30:00+00:00,2025-10-12 19:35:00-07:00,2025-10-13 02:35:00+00:00,REAL_TIME_5_MIN,BEARTAP_1_N001,Node,48.46007,48.56692,0.0,-0.10685,0.0
2025-10-12 19:30:00-07:00,2025-10-13 02:30:00+00:00,2025-10-12 19:35:00-07:00,2025-10-13 02:35:00+00:00,REAL_TIME_5_MIN,SOUTHBY_6_N001,Node,49.7471,48.56692,0.0,1.18018,0.0
2025-10-12 19:35:00-07:00,2025-10-13 02:35:00+00:00,2025-10-12 19:40:00-07:00,2025-10-13 02:40:00+00:00,REAL_TIME_5_MIN,BALCH1_7_N001,Node,46.22038,48.67353,0.0,-2.45315,0.0
2025-10-12 19:35:00-07:00,2025-10-13 02:35:00+00:00,2025-10-12 19:40:00-07:00,2025-10-13 02:40:00+00:00,REAL_TIME_5_MIN,BEARTAP_1_N001,Node,48.56645,48.67353,0.0,-0.10708,0.0
2025-10-12 19:35:00-07:00,2025-10-13 02:35:00+00:00,2025-10-12 19:40:00-07:00,2025-10-13 02:40:00+00:00,REAL_TIME_5_MIN,SOUTHBY_6_N001,Node,49.8563,48.67353,0.0,1.18277,0.0
2025-10-12 19:40:00-07:00,2025-10-13 02:40:00+00:00,2025-10-12 19:45:00-07:00,2025-10-13 02:45:00+00:00,REAL_TIME_5_MIN,BALCH1_7_N001,Node,46.15658,48.60634,0.0,-2.44976,0.0
2025-10-12 19:40:00-07:00,2025-10-13 02:40:00+00:00,2025-10-12 19:45:00-07:00,2025-10-13 02:45:00+00:00,REAL_TIME_5_MIN,BEARTAP_1_N001,Node,48.4994,48.60634,0.0,-0.10693,0.0
2025-10-12 19:40:00-07:00,2025-10-13 02:40:00+00:00,2025-10-12 19:45:00-07:00,2025-10-13 02:45:00+00:00,REAL_TIME_5_MIN,SOUTHBY_6_N001,Node,49.78747,48.60634,0.0,1.18113,0.0
2025-10-12 19:45:00-07:00,2025-10-13 02:45:00+00:00,2025-10-12 19:50:00-07:00,2025-10-13 02:50:00+00:00,REAL_TIME_5_MIN,BALCH1_7_N001,Node,44.84938,47.40949,0.0,-2.56011,0.0
2025-10-12 19:45:00-07:00,2025-10-13 02:45:00+00:00,2025-10-12 19:50:00-07:00,2025-10-13 02:50:00+00:00,REAL_TIME_5_MIN,BEARTAP_1_N001,Node,47.30993,47.40949,0.0,-0.09956,0.0
2025-10-12 19:45:00-07:00,2025-10-13 02:45:00+00:00,2025-10-12 19:50:00-07:00,2025-10-13 02:50:00+00:00,REAL_TIME_5_MIN,SOUTHBY_6_N001,Node,48.47146,47.40949,0.0,1.06197,0.0
2025-10-12 19:50:00-07:00,2025-10-13 02:50:00+00:00,2025-10-12 19:55:00-07:00,2025-10-13 02:55:00+00:00,REAL_TIME_5_MIN,BALCH1_7_N001,Node,44.20563,46.72899,0.0,-2.52337,0.0
2025-10-12 19:50:00-07:00,2025-10-13 02:50:00+00:00,2025-10-12 19:55:00-07:00,2025-10-13 02:55:00+00:00,REAL_TIME_5_MIN,BEARTAP_1_N001,Node,46.63086,46.72899,0.0,-0.09813,0.0
2025-10-12 19:50:00-07:00,2025-10-13 02:50:00+00:00,2025-10-12 19:55:00-07:00,2025-10-13 02:55:00+00:00,REAL_TIME_5_MIN,SOUTHBY_6_N001,Node,47.77572,46.72899,0.0,1.04673,0.0
2025-10-12 19:55:00-07:00,2025-10-13 02:55:00+00:00,2025-10-12 20:00:00-07:00,2025-10-13 03:00:00+00:00,REAL_TIME_5_MIN,BALCH1_7_N001,Node,43.5677,46.05465,0.0,-2.48695,0.0
2025-10-12 19:55:00-07:00,2025-10-13 02:55:00+00:00,2025-10-12 20:00:00-07:00,2025-10-13 03:00:00+00:00,REAL_TIME_5_MIN,BEARTAP_1_N001,Node,45.95794,46.05465,0.0,-0.09671,0.0
2025-10-12 19:55:00-07:00,2025-10-13 02:55:00+00:00,2025-10-12 20:00:00-07:00,2025-10-13 03:00:00+00:00,REAL_TIME_5_MIN,SOUTHBY_6_N001,Node,47.08628,46.05465,0.0,1.03162,0.0
2025-10-12 20:00:00-07:00,2025-10-13 03:00:00+00:00,2025-10-12 20:05:00-07:00,2025-10-13 03:05:00+00:00,REAL_TIME_5_MIN,BALCH1_7_N001,Node,46.45474,48.43576,0.0,-1.98102,0.0
2025-10-12 20:00:00-07:00,2025-10-13 03:00:00+00:00,2025-10-12 20:05:00-07:00,2025-10-13 03:05:00+00:00,REAL_TIME_5_MIN,BEARTAP_1_N001,Node,48.21296,48.43576,0.0,-0.2228,0.0
2025-10-12 20:00:00-07:00,2025-10-13 03:00:00+00:00,2025-10-12 20:05:00-07:00,2025-10-13 03:05:00+00:00,REAL_TIME_5_MIN,SOUTHBY_6_N001,Node,49.64665,48.43576,0.0,1.21089,0.0
2025-10-12 20:05:00-07:00,2025-10-13 03:05:00+00:00,2025-10-12 20:10:00-07:00,2025-10-13 03:10:00+00:00,REAL_TIME_5_MIN,BALCH1_7_N001,Node,45.23579,47.16483,0.0,-1.92904,0.0
2025-10-12 20:05:00-07:00,2025-10-13 03:05:00+00:00,2025-10-12 20:10:00-07:00,2025-10-13 03:10:00+00:00,REAL_TIME_5_MIN,BEARTAP_1_N001,Node,46.94787,47.16483,0.0,-0.21696,0.0
2025-10-12 20:05:00-07:00,2025-10-13 03:05:00+00:00,2025-10-12 20:10:00-07:00,2025-10-13 03:10:00+00:00,REAL_TIME_5_MIN,SOUTHBY_6_N001,Node,48.34395,47.16483,0.0,1.17912,0.0
2025-10-12 20:10:00-07:00,2025-10-13 03:10:00+00:00,2025-10-12 20:15:00-07:00,2025-10-13 03:15:00+00:00,REAL_TIME_5_MIN,BALCH1_7_N001,Node,44.90271,46.81755,0.0,-1.91484,0.0
2025-10-12 20:10:00-07:00,2025-10-13 03:10:00+00:00,2025-10-12 20:15:00-07:00,2025-10-13 03:15:00+00:00,REAL_TIME_5_MIN,BEARTAP_1_N001,Node,46.60219,46.81755,0.0,-0.21536,0.0
2025-10-12 20:10:00-07:00,2025-10-13 03:10:00+00:00,2025-10-12 20:15:00-07:00,2025-10-13 03:15:00+00:00,REAL_TIME_5_MIN,SOUTHBY_6_N001,Node,47.98799,46.81755,0.0,1.17044,0.0
2025-10-12 20:15:00-07:00,2025-10-13 03:15:00+00:00,2025-10-12 20:20:00-07:00,2025-10-13 03:20:00+00:00,REAL_TIME_5_MIN,BALCH1_7_N001,Node,44.04844,45.44825,0.0,-1.39981,0.0
2025-10-12 20:15:00-07:00,2025-10-13 03:15:00+00:00,2025-10-12 20:20:00-07:00,2025-10-13 03:20:00+00:00,REAL_TIME_5_MIN,BEARTAP_1_N001,Node,45.09375,45.44825,0.0,-0.3545,0.0
2025-10-12 20:15:00-07:00,2025-10-13 03:15:00+00:00,2025-10-12 20:20:00-07:00,2025-10-13 03:20:00+00:00,REAL_TIME_5_MIN,SOUTHBY_6_N001,Node,46.47538,45.44825,0.0,1.02713,0.0
2025-10-12 20:20:00-07:00,2025-10-13 03:20:00+00:00,2025-10-12 20:25:00-07:00,2025-10-13 03:25:00+00:00,REAL_TIME_5_MIN,BALCH1_7_N001,Node,43.89502,45.28995,0.0,-1.39493,0.0
2025-10-12 20:20:00-07:00,2025-10-13 03:20:00+00:00,2025-10-12 20:25:00-07:00,2025-10-13 03:25:00+00:00,REAL_TIME_5_MIN,BEARTAP_1_N001,Node,44.93669,45.28995,0.0,-0.35326,0.0
2025-10-12 20:20:00-07:00,2025-10-13 03:20:00+00:00,2025-10-12 20:25:00-07:00,2025-10-13 03:25:00+00:00,REAL_TIME_5_MIN,SOUTHBY_6_N001,Node,46.31351,45.28995,0.0,1.02355,0.0
2025-10-12 20:25:00-07:00,2025-10-13 03:25:00+00:00,2025-10-12 20:30:00-07:00,2025-10-13 03:30:00+00:00,REAL_TIME_5_MIN,BALCH1_7_N001,Node,43.05765,44.42597,0.0,-1.36832,0.0
2025-10-12 20:25:00-07:00,2025-10-13 03:25:00+00:00,2025-10-12 20:30:00-07:00,2025-10-13 03:30:00+00:00,REAL_TIME_5_MIN,BEARTAP_1_N001,Node,44.07945,44.42597,0.0,-0.34652,0.0
2025-10-12 20:25:00-07:00,2025-10-13 03:25:00+00:00,2025-10-12 20:30:00-07:00,2025-10-13 03:30:00+00:00,REAL_TIME_5_MIN,SOUTHBY_6_N001,Node,45.43,44.42597,0.0,1.00403,0.0
2025-10-12 20:30:00-07:00,2025-10-13 03:30:00+00:00,2025-10-12 20:35:00-07:00,2025-10-13 03:35:00+00:00,REAL_TIME_5_MIN,BALCH1_7_N001,Node,43.37603,44.87021,0.0,-1.49418,0.0
2025-10-12 20:30:00-07:00,2025-10-13 03:30:00+00:00,2025-10-12 20:35:00-07:00,2025-10-13 03:35:00+00:00,REAL_TIME_5_MIN,BEARTAP_1_N001,Node,44.41253,44.87021,0.0,-0.45768,0.0
2025-10-12 20:30:00-07:00,2025-10-13 03:30:00+00:00,2025-10-12 20:35:00-07:00,2025-10-13 03:35:00+00:00,REAL_TIME_5_MIN,SOUTHBY_6_N001,Node,45.83492,44.87021,0.0,0.96471,0.0
2025-10-12 20:35:00-07:00,2025-10-13 03:35:00+00:00,2025-10-12 20:40:00-07:00,2025-10-13 03:40:00+00:00,REAL_TIME_5_MIN,BALCH1_7_N001,Node,42.91984,44.3983,0.0,-1.47846,0.0
2025-10-12 20:35:00-07:00,2025-10-13 03:35:00+00:00,2025-10-12 20:40:00-07:00,2025-10-13 03:40:00+00:00,REAL_TIME_5_MIN,BEARTAP_1_N001,Node,43.94544,44.3983,0.0,-0.45286,0.0
2025-10-12 20:35:00-07:00,2025-10-13 03:35:00+00:00,2025-10-12 20:40:00-07:00,2025-10-13 03:40:00+00:00,REAL_TIME_5_MIN,SOUTHBY_6_N001,Node,45.35286,44.3983,0.0,0.95456,0.0
2025-10-12 20:40:00-07:00,2025-10-13 03:40:00+00:00,2025-10-12 20:45:00-07:00,2025-10-13 03:45:00+00:00,REAL_TIME_5_MIN,BALCH1_7_N001,Node,42.18827,43.64153,0.0,-1.45326,0.0
2025-10-12 20:40:00-07:00,2025-10-13 03:40:00+00:00,2025-10-12 20:45:00-07:00,2025-10-13 03:45:00+00:00,REAL_TIME_5_MIN,BEARTAP_1_N001,Node,43.19639,43.64153,0.0,-0.44514,0.0
2025-10-12 20:40:00-07:00,2025-10-13 03:40:00+00:00,2025-10-12 20:45:00-07:00,2025-10-13 03:45:00+00:00,REAL_TIME_5_MIN,SOUTHBY_6_N001,Node,44.57983,43.64153,0.0,0.93829,0.0
2025-10-12 20:45:00-07:00,2025-10-13 03:45:00+00:00,2025-10-12 20:50:00-07:00,2025-10-13 03:50:00+00:00,REAL_TIME_5_MIN,BALCH1_7_N001,Node,42.98055,44.53481,0.0,-1.55427,0.0
2025-10-12 20:45:00-07:00,2025-10-13 03:45:00+00:00,2025-10-12 20:50:00-07:00,2025-10-13 03:50:00+00:00,REAL_TIME_5_MIN,BEARTAP_1_N001,Node,44.09392,44.53481,0.0,-0.44089,0.0
2025-10-12 20:45:00-07:00,2025-10-13 03:45:00+00:00,2025-10-12 20:50:00-07:00,2025-10-13 03:50:00+00:00,REAL_TIME_5_MIN,SOUTHBY_6_N001,Node,45.33199,44.53481,0.0,0.79717,0.0
2025-10-12 20:50:00-07:00,2025-10-13 03:50:00+00:00,2025-10-12 20:55:00-07:00,2025-10-13 03:55:00+00:00,REAL_TIME_5_MIN,BALCH1_7_N001,Node,43.77858,45.3617,0.0,-1.58312,0.0
2025-10-12 20:50:00-07:00,2025-10-13 03:50:00+00:00,2025-10-12 20:55:00-07:00,2025-10-13 03:55:00+00:00,REAL_TIME_5_MIN,BEARTAP_1_N001,Node,44.91262,45.3617,0.0,-0.44908,0.0
2025-10-12 20:50:00-07:00,2025-10-13 03:50:00+00:00,2025-10-12 20:55:00-07:00,2025-10-13 03:55:00+00:00,REAL_TIME_5_MIN,SOUTHBY_6_N001,Node,46.17368,45.3617,0.0,0.81197,0.0
2025-10-12 20:55:00-07:00,2025-10-13 03:55:00+00:00,2025-10-12 21:00:00-07:00,2025-10-13 04:00:00+00:00,REAL_TIME_5_MIN,BALCH1_7_N001,Node,44.1346,45.73059,0.0,-1.596,0.0
2025-10-12 20:55:00-07:00,2025-10-13 03:55:00+00:00,2025-10-12 21:00:00-07:00,2025-10-13 04:00:00+00:00,REAL_TIME_5_MIN,BEARTAP_1_N001,Node,45.27786,45.73059,0.0,-0.45273,0.0
2025-10-12 20:55:00-07:00,2025-10-13 03:55:00+00:00,2025-10-12 21:00:00-07:00,2025-10-13 04:00:00+00:00,REAL_TIME_5_MIN,SOUTHBY_6_N001,Node,46.54917,45.73059,0.0,0.81858,0.0
2025-10-12 21:00:00-07:00,2025-10-13 04:00:00+00:00,2025-10-12 21:05:00-07:00,2025-10-13 04:05:00+00:00,REAL_TIME_5_MIN,BALCH1_7_N001,Node,47.44845,49.21528,0.0,-1.76683,0.0
2025-10-12 21:00:00-07:00,2025-10-13 04:00:00+00:00,2025-10-12 21:05:00-07:00,2025-10-13 04:05:00+00:00,REAL_TIME_5_MIN,BEARTAP_1_N001,Node,48.87569,49.21528,0.0,-0.33959,0.0
2025-10-12 21:00:00-07:00,2025-10-13 04:00:00+00:00,2025-10-12 21:05:00-07:00,2025-10-13 04:05:00+00:00,REAL_TIME_5_MIN,SOUTHBY_6_N001,Node,50.14545,49.21528,0.0,0.93017,0.0
2025-10-12 21:05:00-07:00,2025-10-13 04:05:00+00:00,2025-10-12 21:10:00-07:00,2025-10-13 04:10:00+00:00,REAL_TIME_5_MIN,BALCH1_7_N001,Node,47.57375,49.34524,0.0,-1.77149,0.0
2025-10-12 21:05:00-07:00,2025-10-13 04:05:00+00:00,2025-10-12 21:10:00-07:00,2025-10-13 04:10:00+00:00,REAL_TIME_5_MIN,BEARTAP_1_N001,Node,49.00476,49.34524,0.0,-0.34048,0.0
2025-10-12 21:05:00-07:00,2025-10-13 04:05:00+00:00,2025-10-12 21:10:00-07:00,2025-10-13 04:10:00+00:00,REAL_TIME_5_MIN,SOUTHBY_6_N001,Node,50.27786,49.34524,0.0,0.93263,0.0
2025-10-12 21:10:00-07:00,2025-10-13 04:10:00+00:00,2025-10-12 21:15:00-07:00,2025-10-13 04:15:00+00:00,REAL_TIME_5_MIN,BALCH1_7_N001,Node,47.44845,49.21528,0.0,-1.76683,0.0
2025-10-12 21:10:00-07:00,2025-10-13 04:10:00+00:00,2025-10-12 21:15:00-07:00,2025-10-13 04:15:00+00:00,REAL_TIME_5_MIN,BEARTAP_1_N001,Node,48.87569,49.21528,0.0,-0.33959,0.0
2025-10-12 21:10:00-07:00,2025-10-13 04:10:00+00:00,2025-10-12 21:15:00-07:00,2025-10-13 04:15:00+00:00,REAL_TIME_5_MIN,SOUTHBY_6_N001,Node,50.14545,49.21528,0.0,0.93017,0.0
2025-10-12 21:15:00-07:00,2025-10-13 04:15:00+00:00,2025-10-12 21:20:00-07:00,2025-10-13 04:20:00+00:00,REAL_TIME_5_MIN,BALCH1_7_N001,Node,47.15317,48.77746,0.0,-1.62429,0.0
2025-10-12 21:15:00-07:00,2025-10-13 04:15:00+00:00,2025-10-12 21:20:00-07:00,2025-10-13 04:20:00+00:00,REAL_TIME_5_MIN,BEARTAP_1_N001,Node,48.46528,48.77746,0.0,-0.31218,0.0
2025-10-12 21:15:00-07:00,2025-10-13 04:15:00+00:00,2025-10-12 21:20:00-07:00,2025-10-13 04:20:00+00:00,REAL_TIME_5_MIN,SOUTHBY_6_N001,Node,49.64082,48.77746,0.0,0.86336,0.0
2025-10-12 21:20:00-07:00,2025-10-13 04:20:00+00:00,2025-10-12 21:25:00-07:00,2025-10-13 04:25:00+00:00,REAL_TIME_5_MIN,BALCH1_7_N001,Node,48.55719,50.22984,0.0,-1.67265,0.0
2025-10-12 21:20:00-07:00,2025-10-13 04:20:00+00:00,2025-10-12 21:25:00-07:00,2025-10-13 04:25:00+00:00,REAL_TIME_5_MIN,BEARTAP_1_N001,Node,49.90837,50.22984,0.0,-0.32147,0.0
2025-10-12 21:20:00-07:00,2025-10-13 04:20:00+00:00,2025-10-12 21:25:00-07:00,2025-10-13 04:25:00+00:00,REAL_TIME_5_MIN,SOUTHBY_6_N001,Node,51.11891,50.22984,0.0,0.88907,0.0
2025-10-12 21:25:00-07:00,2025-10-13 04:25:00+00:00,2025-10-12 21:30:00-07:00,2025-10-13 04:30:00+00:00,REAL_TIME_5_MIN,BALCH1_7_N001,Node,47.92277,49.57357,0.0,-1.6508,0.0
2025-10-12 21:25:00-07:00,2025-10-13 04:25:00+00:00,2025-10-12 21:30:00-07:00,2025-10-13 04:30:00+00:00,REAL_TIME_5_MIN,BEARTAP_1_N001,Node,49.2563,49.57357,0.0,-0.31727,0.0
2025-10-12 21:25:00-07:00,2025-10-13 04:25:00+00:00,2025-10-12 21:30:00-07:00,2025-10-13 04:30:00+00:00,REAL_TIME_5_MIN,SOUTHBY_6_N001,Node,50.45102,49.57357,0.0,0.87745,0.0
2025-10-12 21:30:00-07:00,2025-10-13 04:30:00+00:00,2025-10-12 21:35:00-07:00,2025-10-13 04:35:00+00:00,REAL_TIME_5_MIN,BALCH1_7_N001,Node,47.16024,48.93664,0.0,-1.7764,0.0
2025-10-12 21:30:00-07:00,2025-10-13 04:30:00+00:00,2025-10-12 21:35:00-07:00,2025-10-13 04:35:00+00:00,REAL_TIME_5_MIN,BEARTAP_1_N001,Node,48.51089,48.93664,0.0,-0.42575,0.0
2025-10-12 21:30:00-07:00,2025-10-13 04:30:00+00:00,2025-10-12 21:35:00-07:00,2025-10-13 04:35:00+00:00,REAL_TIME_5_MIN,SOUTHBY_6_N001,Node,49.74899,48.93664,0.0,0.81235,0.0
2025-10-12 21:35:00-07:00,2025-10-13 04:35:00+00:00,2025-10-12 21:40:00-07:00,2025-10-13 04:40:00+00:00,REAL_TIME_5_MIN,BALCH1_7_N001,Node,47.32418,49.10676,0.0,-1.78258,0.0
2025-10-12 21:35:00-07:00,2025-10-13 04:35:00+00:00,2025-10-12 21:40:00-07:00,2025-10-13 04:40:00+00:00,REAL_TIME_5_MIN,BEARTAP_1_N001,Node,48.67953,49.10676,0.0,-0.42723,0.0
2025-10-12 21:35:00-07:00,2025-10-13 04:35:00+00:00,2025-10-12 21:40:00-07:00,2025-10-13 04:40:00+00:00,REAL_TIME_5_MIN,SOUTHBY_6_N001,Node,49.92193,49.10676,0.0,0.81517,0.0
2025-10-12 21:40:00-07:00,2025-10-13 04:40:00+00:00,2025-10-12 21:45:00-07:00,2025-10-13 04:45:00+00:00,REAL_TIME_5_MIN,BALCH1_7_N001,Node,48.29313,50.11221,0.0,-1.81907,0.0
2025-10-12 21:40:00-07:00,2025-10-13 04:40:00+00:00,2025-10-12 21:45:00-07:00,2025-10-13 04:45:00+00:00,REAL_TIME_5_MIN,BEARTAP_1_N001,Node,49.67623,50.11221,0.0,-0.43598,0.0
2025-10-12 21:40:00-07:00,2025-10-13 04:40:00+00:00,2025-10-12 21:45:00-07:00,2025-10-13 04:45:00+00:00,REAL_TIME_5_MIN,SOUTHBY_6_N001,Node,50.94407,50.11221,0.0,0.83186,0.0
2025-10-12 21:45:00-07:00,2025-10-13 04:45:00+00:00,2025-10-12 21:50:00-07:00,2025-10-13 04:50:00+00:00,REAL_TIME_5_MIN,BALCH1_7_N001,Node,47.76869,49.70727,0.0,-1.93858,0.0
2025-10-12 21:45:00-07:00,2025-10-13 04:45:00+00:00,2025-10-12 21:50:00-07:00,2025-10-13 04:50:00+00:00,REAL_TIME_5_MIN,BEARTAP_1_N001,Node,49.27482,49.70727,0.0,-0.43245,0.0
2025-10-12 21:45:00-07:00,2025-10-13 04:45:00+00:00,2025-10-12 21:50:00-07:00,2025-10-13 04:50:00+00:00,REAL_TIME_5_MIN,SOUTHBY_6_N001,Node,50.34353,49.70727,0.0,0.63625,0.0
2025-10-12 21:50:00-07:00,2025-10-13 04:50:00+00:00,2025-10-12 21:55:00-07:00,2025-10-13 04:55:00+00:00,REAL_TIME_5_MIN,BALCH1_7_N001,Node,48.3,50.26015,0.0,-1.96015,0.0
2025-10-12 21:50:00-07:00,2025-10-13 04:50:00+00:00,2025-10-12 21:55:00-07:00,2025-10-13 04:55:00+00:00,REAL_TIME_5_MIN,BEARTAP_1_N001,Node,49.82288,50.26015,0.0,-0.43726,0.0
2025-10-12 21:50:00-07:00,2025-10-13 04:50:00+00:00,2025-10-12 21:55:00-07:00,2025-10-13 04:55:00+00:00,REAL_TIME_5_MIN,SOUTHBY_6_N001,Node,50.90348,50.26015,0.0,0.64333,0.0
2025-10-12 21:55:00-07:00,2025-10-13 04:55:00+00:00,2025-10-12 22:00:00-07:00,2025-10-13 05:00:00+00:00,REAL_TIME_5_MIN,BALCH1_7_N001,Node,48.66706,50.6421,0.0,-1.97504,0.0
2025-10-12 21:55:00-07:00,2025-10-13 04:55:00+00:00,2025-10-12 22:00:00-07:00,2025-10-13 05:00:00+00:00,REAL_TIME_5_MIN,BEARTAP_1_N001,Node,50.20151,50.6421,0.0,-0.44059,0.0
2025-10-12 21:55:00-07:00,2025-10-13 04:55:00+00:00,2025-10-12 22:00:00-07:00,2025-10-13 05:00:00+00:00,REAL_TIME_5_MIN,SOUTHBY_6_N001,Node,51.29032,50.6421,0.0,0.64822,0.0
2025-10-12 22:00:00-07:00,2025-10-13 05:00:00+00:00,2025-10-12 22:05:00-07:00,2025-10-13 05:05:00+00:00,REAL_TIME_5_MIN,BALCH1_7_N001,Node,49.92207,51.71664,0.0,-1.79457,0.0
2025-10-12 22:00:00-07:00,2025-10-13 05:00:00+00:00,2025-10-12 22:05:00-07:00,2025-10-13 05:05:00+00:00,REAL_TIME_5_MIN,BEARTAP_1_N001,Node,51.40634,51.71664,0.0,-0.3103,0.0
2025-10-12 22:00:00-07:00,2025-10-13 05:00:00+00:00,2025-10-12 22:05:00-07:00,2025-10-13 05:05:00+00:00,REAL_TIME_5_MIN,SOUTHBY_6_N001,Node,52.21312,51.71664,0.0,0.49648,0.0
2025-10-12 22:05:00-07:00,2025-10-13 05:05:00+00:00,2025-10-12 22:10:00-07:00,2025-10-13 05:10:00+00:00,REAL_TIME_5_MIN,BALCH1_7_N001,Node,49.22226,50.99167,0.0,-1.76941,0.0
2025-10-12 22:05:00-07:00,2025-10-13 05:05:00+00:00,2025-10-12 22:10:00-07:00,2025-10-13 05:10:00+00:00,REAL_TIME_5_MIN,BEARTAP_1_N001,Node,50.68572,50.99167,0.0,-0.30595,0.0
2025-10-12 22:05:00-07:00,2025-10-13 05:05:00+00:00,2025-10-12 22:10:00-07:00,2025-10-13 05:10:00+00:00,REAL_TIME_5_MIN,SOUTHBY_6_N001,Node,51.48119,50.99167,0.0,0.48952,0.0
2025-10-12 22:10:00-07:00,2025-10-13 05:10:00+00:00,2025-10-12 22:15:00-07:00,2025-10-13 05:15:00+00:00,REAL_TIME_5_MIN,BALCH1_7_N001,Node,49.04699,50.8101,0.0,-1.76311,0.0
2025-10-12 22:10:00-07:00,2025-10-13 05:10:00+00:00,2025-10-12 22:15:00-07:00,2025-10-13 05:15:00+00:00,REAL_TIME_5_MIN,BEARTAP_1_N001,Node,50.50524,50.8101,0.0,-0.30486,0.0
2025-10-12 22:10:00-07:00,2025-10-13 05:10:00+00:00,2025-10-12 22:15:00-07:00,2025-10-13 05:15:00+00:00,REAL_TIME_5_MIN,SOUTHBY_6_N001,Node,51.29787,50.8101,0.0,0.48778,0.0
2025-10-12 22:15:00-07:00,2025-10-13 05:15:00+00:00,2025-10-12 22:20:00-07:00,2025-10-13 05:20:00+00:00,REAL_TIME_5_MIN,BALCH1_7_N001,Node,48.7544,50.55413,0.0,-1.79973,0.0
2025-10-12 22:15:00-07:00,2025-10-13 05:15:00+00:00,2025-10-12 22:20:00-07:00,2025-10-13 05:20:00+00:00,REAL_TIME_5_MIN,BEARTAP_1_N001,Node,50.30136,50.55413,0.0,-0.25277,0.0
2025-10-12 22:15:00-07:00,2025-10-13 05:15:00+00:00,2025-10-12 22:20:00-07:00,2025-10-13 05:20:00+00:00,REAL_TIME_5_MIN,SOUTHBY_6_N001,Node,50.81196,50.55413,0.0,0.25783,0.0
2025-10-12 22:20:00-07:00,2025-10-13 05:20:00+00:00,2025-10-12 22:25:00-07:00,2025-10-13 05:25:00+00:00,REAL_TIME_5_MIN,BALCH1_7_N001,Node,52.62288,54.56541,0.0,-1.94253,0.0
2025-10-12 22:20:00-07:00,2025-10-13 05:20:00+00:00,2025-10-12 22:25:00-07:00,2025-10-13 05:25:00+00:00,REAL_TIME_5_MIN,BEARTAP_1_N001,Node,54.29258,54.56541,0.0,-0.27283,0.0
2025-10-12 22:20:00-07:00,2025-10-13 05:20:00+00:00,2025-10-12 22:25:00-07:00,2025-10-13 05:25:00+00:00,REAL_TIME_5_MIN,SOUTHBY_6_N001,Node,54.84369,54.56541,0.0,0.27828,0.0
2025-10-12 22:25:00-07:00,2025-10-13 05:25:00+00:00,2025-10-12 22:30:00-07:00,2025-10-13 05:30:00+00:00,REAL_TIME_5_MIN,BALCH1_7_N001,Node,50.55574,52.42196,0.0,-1.86622,0.0
2025-10-12 22:25:00-07:00,2025-10-13 05:25:00+00:00,2025-10-12 22:30:00-07:00,2025-10-13 05:30:00+00:00,REAL_TIME_5_MIN,BEARTAP_1_N001,Node,52.15985,52.42196,0.0,-0.26211,0.0
2025-10-12 22:25:00-07:00,2025-10-13 05:25:00+00:00,2025-10-12 22:30:00-07:00,2025-10-13 05:30:00+00:00,REAL_TIME_5_MIN,SOUTHBY_6_N001,Node,52.68931,52.42196,0.0,0.26735,0.0
2025-10-12 22:30:00-07:00,2025-10-13 05:30:00+00:00,2025-10-12 22:35:00-07:00,2025-10-13 05:35:00+00:00,REAL_TIME_5_MIN,BALCH1_7_N001,Node,52.1015,54.27805,0.0,-2.17655,0.0
2025-10-12 22:30:00-07:00,2025-10-13 05:30:00+00:00,2025-10-12 22:35:00-07:00,2025-10-13 05:35:00+00:00,REAL_TIME_5_MIN,BEARTAP_1_N001,Node,53.93067,54.27805,0.0,-0.34738,0.0
2025-10-12 22:30:00-07:00,2025-10-13 05:30:00+00:00,2025-10-12 22:35:00-07:00,2025-10-13 05:35:00+00:00,REAL_TIME_5_MIN,SOUTHBY_6_N001,Node,54.45717,54.27805,0.0,0.17912,0.0
2025-10-12 22:35:00-07:00,2025-10-13 05:35:00+00:00,2025-10-12 22:40:00-07:00,2025-10-13 05:40:00+00:00,REAL_TIME_5_MIN,BALCH1_7_N001,Node,52.59792,54.79521,0.0,-2.19729,0.0
2025-10-12 22:35:00-07:00,2025-10-13 05:35:00+00:00,2025-10-12 22:40:00-07:00,2025-10-13 05:40:00+00:00,REAL_TIME_5_MIN,BEARTAP_1_N001,Node,54.44452,54.79521,0.0,-0.35069,0.0
2025-10-12 22:35:00-07:00,2025-10-13 05:35:00+00:00,2025-10-12 22:40:00-07:00,2025-10-13 05:40:00+00:00,REAL_TIME_5_MIN,SOUTHBY_6_N001,Node,54.97603,54.79521,0.0,0.18082,0.0
2025-10-12 22:40:00-07:00,2025-10-13 05:40:00+00:00,2025-10-12 22:45:00-07:00,2025-10-13 05:45:00+00:00,REAL_TIME_5_MIN,BALCH1_7_N001,Node,53.72992,55.9745,0.0,-2.24458,0.0
2025-10-12 22:40:00-07:00,2025-10-13 05:40:00+00:00,2025-10-12 22:45:00-07:00,2025-10-13 05:45:00+00:00,REAL_TIME_5_MIN,BEARTAP_1_N001,Node,55.61626,55.9745,0.0,-0.35824,0.0
2025-10-12 22:40:00-07:00,2025-10-13 05:40:00+00:00,2025-10-12 22:45:00-07:00,2025-10-13 05:45:00+00:00,REAL_TIME_5_MIN,SOUTHBY_6_N001,Node,56.15922,55.9745,0.0,0.18472,0.0
2025-10-12 22:45:00-07:00,2025-10-13 05:45:00+00:00,2025-10-12 22:50:00-07:00,2025-10-13 05:50:00+00:00,REAL_TIME_5_MIN,BALCH1_7_N001,Node,52.59579,54.86729,0.0,-2.27151,0.0
2025-10-12 22:45:00-07:00,2025-10-13 05:45:00+00:00,2025-10-12 22:50:00-07:00,2025-10-13 05:50:00+00:00,REAL_TIME_5_MIN,BEARTAP_1_N001,Node,54.51065,54.86729,0.0,-0.35664,0.0
2025-10-12 22:45:00-07:00,2025-10-13 05:45:00+00:00,2025-10-12 22:50:00-07:00,2025-10-13 05:50:00+00:00,REAL_TIME_5_MIN,SOUTHBY_6_N001,Node,55.02092,54.86729,0.0,0.15363,0.0
2025-10-12 22:50:00-07:00,2025-10-13 05:50:00+00:00,2025-10-12 22:55:00-07:00,2025-10-13 05:55:00+00:00,REAL_TIME_5_MIN,BALCH1_7_N001,Node,53.50188,55.81251,0.0,-2.31064,0.0
2025-10-12 22:50:00-07:00,2025-10-13 05:50:00+00:00,2025-10-12 22:55:00-07:00,2025-10-13 05:55:00+00:00,REAL_TIME_5_MIN,BEARTAP_1_N001,Node,55.44973,55.81251,0.0,-0.36278,0.0
2025-10-12 22:50:00-07:00,2025-10-13 05:50:00+00:00,2025-10-12 22:55:00-07:00,2025-10-13 05:55:00+00:00,REAL_TIME_5_MIN,SOUTHBY_6_N001,Node,55.96879,55.81251,0.0,0.15628,0.0
2025-10-12 22:55:00-07:00,2025-10-13 05:55:00+00:00,2025-10-12 23:00:00-07:00,2025-10-13 06:00:00+00:00,REAL_TIME_5_MIN,BALCH1_7_N001,Node,53.79822,56.12166,0.0,-2.32344,0.0
2025-10-12 22:55:00-07:00,2025-10-13 05:55:00+00:00,2025-10-12 23:00:00-07:00,2025-10-13 06:00:00+00:00,REAL_TIME_5_MIN,BEARTAP_1_N001,Node,55.75687,56.12166,0.0,-0.36479,0.0
2025-10-12 22:55:00-07:00,2025-10-13 05:55:00+00:00,2025-10-12 23:00:00-07:00,2025-10-13 06:00:00+00:00,REAL_TIME_5_MIN,SOUTHBY_6_N001,Node,56.2788,56.12166,0.0,0.15714,0.0
2025-10-12 23:00:00-07:00,2025-10-13 06:00:00+00:00,2025-10-12 23:05:00-07:00,2025-10-13 06:05:00+00:00,REAL_TIME_5_MIN,BALCH1_7_N001,Node,53.11167,54.68665,0.0,-1.57498,0.0
2025-10-12 23:00:00-07:00,2025-10-13 06:00:00+00:00,2025-10-12 23:05:00-07:00,2025-10-13 06:05:00+00:00,REAL_TIME_5_MIN,BEARTAP_1_N001,Node,54.49524,54.68665,0.0,-0.1914,0.0
2025-10-12 23:00:00-07:00,2025-10-13 06:00:00+00:00,2025-10-12 23:05:00-07:00,2025-10-13 06:05:00+00:00,REAL_TIME_5_MIN,SOUTHBY_6_N001,Node,54.69758,54.68665,0.0,0.01094,0.0
2025-10-12 23:05:00-07:00,2025-10-13 06:05:00+00:00,2025-10-12 23:10:00-07:00,2025-10-13 06:10:00+00:00,REAL_TIME_5_MIN,BALCH1_7_N001,Node,53.53431,55.12182,0.0,-1.58751,0.0
2025-10-12 23:05:00-07:00,2025-10-13 06:05:00+00:00,2025-10-12 23:10:00-07:00,2025-10-13 06:10:00+00:00,REAL_TIME_5_MIN,BEARTAP_1_N001,Node,54.9289,55.12182,0.0,-0.19293,0.0
2025-10-12 23:05:00-07:00,2025-10-13 06:05:00+00:00,2025-10-12 23:10:00-07:00,2025-10-13 06:10:00+00:00,REAL_TIME_5_MIN,SOUTHBY_6_N001,Node,55.13285,55.12182,0.0,0.01102,0.0
2025-10-12 23:10:00-07:00,2025-10-13 06:10:00+00:00,2025-10-12 23:15:00-07:00,2025-10-13 06:15:00+00:00,REAL_TIME_5_MIN,BALCH1_7_N001,Node,50.41403,51.90901,0.0,-1.49498,0.0
2025-10-12 23:10:00-07:00,2025-10-13 06:10:00+00:00,2025-10-12 23:15:00-07:00,2025-10-13 06:15:00+00:00,REAL_TIME_5_MIN,BEARTAP_1_N001,Node,51.72733,51.90901,0.0,-0.18168,0.0
2025-10-12 23:10:00-07:00,2025-10-13 06:10:00+00:00,2025-10-12 23:15:00-07:00,2025-10-13 06:15:00+00:00,REAL_TIME_5_MIN,SOUTHBY_6_N001,Node,51.91939,51.90901,0.0,0.01038,0.0
2025-10-12 23:15:00-07:00,2025-10-13 06:15:00+00:00,2025-10-12 23:20:00-07:00,2025-10-13 06:20:00+00:00,REAL_TIME_5_MIN,BALCH1_7_N001,Node,49.1103,50.49902,0.0,-1.38872,0.0
2025-10-12 23:15:00-07:00,2025-10-13 06:15:00+00:00,2025-10-12 23:20:00-07:00,2025-10-13 06:20:00+00:00,REAL_TIME_5_MIN,BEARTAP_1_N001,Node,50.32733,50.49902,0.0,-0.1717,0.0
2025-10-12 23:15:00-07:00,2025-10-13 06:15:00+00:00,2025-10-12 23:20:00-07:00,2025-10-13 06:20:00+00:00,REAL_TIME_5_MIN,SOUTHBY_6_N001,Node,50.52427,50.49902,0.0,0.02525,0.0
2025-10-12 23:20:00-07:00,2025-10-13 06:20:00+00:00,2025-10-12 23:25:00-07:00,2025-10-13 06:25:00+00:00,REAL_TIME_5_MIN,BALCH1_7_N001,Node,46.62706,47.94557,0.0,-1.3185,0.0
2025-10-12 23:20:00-07:00,2025-10-13 06:20:00+00:00,2025-10-12 23:25:00-07:00,2025-10-13 06:25:00+00:00,REAL_TIME_5_MIN,BEARTAP_1_N001,Node,47.78255,47.94557,0.0,-0.16301,0.0
2025-10-12 23:20:00-07:00,2025-10-13 06:20:00+00:00,2025-10-12 23:25:00-07:00,2025-10-13 06:25:00+00:00,REAL_TIME_5_MIN,SOUTHBY_6_N001,Node,47.96954,47.94557,0.0,0.02397,0.0
2025-10-12 23:25:00-07:00,2025-10-13 06:25:00+00:00,2025-10-12 23:30:00-07:00,2025-10-13 06:30:00+00:00,REAL_TIME_5_MIN,BALCH1_7_N001,Node,47.75201,49.10232,0.0,-1.35031,0.0
2025-10-12 23:25:00-07:00,2025-10-13 06:25:00+00:00,2025-10-12 23:30:00-07:00,2025-10-13 06:30:00+00:00,REAL_TIME_5_MIN,BEARTAP_1_N001,Node,48.93538,49.10232,0.0,-0.16695,0.0
2025-10-12 23:25:00-07:00,2025-10-13 06:25:00+00:00,2025-10-12 23:30:00-07:00,2025-10-13 06:30:00+00:00,REAL_TIME_5_MIN,SOUTHBY_6_N001,Node,49.12687,49.10232,0.0,0.02455,0.0
2025-10-12 23:30:00-07:00,2025-10-13 06:30:00+00:00,2025-10-12 23:35:00-07:00,2025-10-13 06:35:00+00:00,REAL_TIME_5_MIN,BALCH1_7_N001,Node,47.05037,48.63088,0.0,-1.5805,0.0
2025-10-12 23:30:00-07:00,2025-10-13 06:30:00+00:00,2025-10-12 23:35:00-07:00,2025-10-13 06:35:00+00:00,REAL_TIME_5_MIN,BEARTAP_1_N001,Node,48.39745,48.63088,0.0,-0.23343,0.0
2025-10-12 23:30:00-07:00,2025-10-13 06:30:00+00:00,2025-10-12 23:35:00-07:00,2025-10-13 06:35:00+00:00,REAL_TIME_5_MIN,SOUTHBY_6_N001,Node,48.56766,48.63088,0.0,-0.06322,0.0
2025-10-12 23:35:00-07:00,2025-10-13 06:35:00+00:00,2025-10-12 23:40:00-07:00,2025-10-13 06:40:00+00:00,REAL_TIME_5_MIN,BALCH1_7_N001,Node,45.39307,46.9179,0.0,-1.52483,0.0
2025-10-12 23:35:00-07:00,2025-10-13 06:35:00+00:00,2025-10-12 23:40:00-07:00,2025-10-13 06:40:00+00:00,REAL_TIME_5_MIN,BEARTAP_1_N001,Node,46.69269,46.9179,0.0,-0.22521,0.0
2025-10-12 23:35:00-07:00,2025-10-13 06:35:00+00:00,2025-10-12 23:40:00-07:00,2025-10-13 06:40:00+00:00,REAL_TIME_5_MIN,SOUTHBY_6_N001,Node,46.85691,46.9179,0.0,-0.06099,0.0
2025-10-12 23:40:00-07:00,2025-10-13 06:40:00+00:00,2025-10-12 23:45:00-07:00,2025-10-13 06:45:00+00:00,REAL_TIME_5_MIN,BALCH1_7_N001,Node,45.77419,47.31183,0.0,-1.53763,0.0
2025-10-12 23:40:00-07:00,2025-10-13 06:40:00+00:00,2025-10-12 23:45:00-07:00,2025-10-13 06:45:00+00:00,REAL_TIME_5_MIN,BEARTAP_1_N001,Node,47.08473,47.31183,0.0,-0.2271,0.0
2025-10-12 23:40:00-07:00,2025-10-13 06:40:00+00:00,2025-10-12 23:45:00-07:00,2025-10-13 06:45:00+00:00,REAL_TIME_5_MIN,SOUTHBY_6_N001,Node,47.25032,47.31183,0.0,-0.06151,0.0
2025-10-12 23:45:00-07:00,2025-10-13 06:45:00+00:00,2025-10-12 23:50:00-07:00,2025-10-13 06:50:00+00:00,REAL_TIME_5_MIN,BALCH1_7_N001,Node,46.08067,47.63353,0.0,-1.55285,0.0
2025-10-12 23:45:00-07:00,2025-10-13 06:45:00+00:00,2025-10-12 23:50:00-07:00,2025-10-13 06:50:00+00:00,REAL_TIME_5_MIN,BEARTAP_1_N001,Node,47.40012,47.63353,0.0,-0.2334,0.0
2025-10-12 23:45:00-07:00,2025-10-13 06:45:00+00:00,2025-10-12 23:50:00-07:00,2025-10-13 06:50:00+00:00,REAL_TIME_5_MIN,SOUTHBY_6_N001,Node,47.50968,47.63353,0.0,-0.12385,0.0
2025-10-12 23:50:00-07:00,2025-10-13 06:50:00+00:00,2025-10-12 23:55:00-07:00,2025-10-13 06:55:00+00:00,REAL_TIME_5_MIN,BALCH1_7_N001,Node,49.02199,50.67396,0.0,-1.65197,0.0
2025-10-12 23:50:00-07:00,2025-10-13 06:50:00+00:00,2025-10-12 23:55:00-07:00,2025-10-13 06:55:00+00:00,REAL_TIME_5_MIN,BEARTAP_1_N001,Node,50.42566,50.67396,0.0,-0.2483,0.0
2025-10-12 23:50:00-07:00,2025-10-13 06:50:00+00:00,2025-10-12 23:55:00-07:00,2025-10-13 06:55:00+00:00,REAL_TIME_5_MIN,SOUTHBY_6_N001,Node,50.54221,50.67396,0.0,-0.13175,0.0
2025-10-12 23:55:00-07:00,2025-10-13 06:55:00+00:00,2025-10-13 00:00:00-07:00,2025-10-13 07:00:00+00:00,REAL_TIME_5_MIN,BALCH1_7_N001,Node,51.93297,53.68304,0.0,-1.75007,0.0
2025-10-12 23:55:00-07:00,2025-10-13 06:55:00+00:00,2025-10-13 00:00:00-07:00,2025-10-13 07:00:00+00:00,REAL_TIME_5_MIN,BEARTAP_1_N001,Node,53.41999,53.68304,0.0,-0.26305,0.0
2025-10-12 23:55:00-07:00,2025-10-13 06:55:00+00:00,2025-10-13 00:00:00-07:00,2025-10-13 07:00:00+00:00,REAL_TIME_5_MIN,SOUTHBY_6_N001,Node,53.54346,53.68304,0.0,-0.13958,0.0
2025-10-12 00:00:00-07:00,2025-10-12 07:00:00+00:00,2025-10-12 00:05:00-07:00,2025-10-12 07:05:00+00:00,REAL_TIME_5_MIN,ANAHEIM_6_N001,Node,30.22954,30.95386,0.0,-0.72432,0.0
2025-10-12 00:00:00-07:00,2025-10-12 07:00:00+00:00,2025-10-12 00:05:00-07:00,2025-10-12 07:05:00+00:00,REAL_TIME_5_MIN,MKT_SUB_LNODEONC,Node,32.00196,30.95386,-0.0012,1.0493,0.0
2025-10-12 00:00:00-07:00,2025-10-12 07:00:00+00:00,2025-10-12 00:05:00-07:00,2025-10-12 07:05:00+00:00,REAL_TIME_5_MIN,SCEW_2_PDRP89-APND,AP Node,30.33659,30.95386,0.0,-0.61727,0.0
2025-10-12 00:05:00-07:00,2025-10-12 07:05:00+00:00,2025-10-12 00:10:00-07:00,2025-10-12 07:10:00+00:00,REAL_TIME_5_MIN,ANAHEIM_6_N001,Node,30.31866,31.04511,0.0,-0.72646,0.0
2025-10-12 00:05:00-07:00,2025-10-12 07:05:00+00:00,2025-10-12 00:10:00-07:00,2025-10-12 07:10:00+00:00,REAL_TIME_5_MIN,MKT_SUB_LNODEONC,Node,32.0963,31.04511,-0.0012,1.05239,0.0
2025-10-12 00:05:00-07:00,2025-10-12 07:05:00+00:00,2025-10-12 00:10:00-07:00,2025-10-12 07:10:00+00:00,REAL_TIME_5_MIN,SCEW_2_PDRP89-APND,AP Node,30.42602,31.04511,0.0,-0.61909,0.0
2025-10-12 00:10:00-07:00,2025-10-12 07:10:00+00:00,2025-10-12 00:15:00-07:00,2025-10-12 07:15:00+00:00,REAL_TIME_5_MIN,ANAHEIM_6_N001,Node,30.2349,30.95935,0.0,-0.72445,0.0
2025-10-12 00:10:00-07:00,2025-10-12 07:10:00+00:00,2025-10-12 00:15:00-07:00,2025-10-12 07:15:00+00:00,REAL_TIME_5_MIN,MKT_SUB_LNODEONC,Node,32.00763,30.95935,-0.0012,1.04948,0.0
2025-10-12 00:10:00-07:00,2025-10-12 07:10:00+00:00,2025-10-12 00:15:00-07:00,2025-10-12 07:15:00+00:00,REAL_TIME_5_MIN,SCEW_2_PDRP89-APND,AP Node,30.34198,30.95935,0.0,-0.61738,0.0
2025-10-12 00:15:00-07:00,2025-10-12 07:15:00+00:00,2025-10-12 00:20:00-07:00,2025-10-12 07:20:00+00:00,REAL_TIME_5_MIN,ANAHEIM_6_N001,Node,30.38543,31.04355,0.0,-0.65812,0.0
2025-10-12 00:15:00-07:00,2025-10-12 07:15:00+00:00,2025-10-12 00:20:00-07:00,2025-10-12 07:20:00+00:00,REAL_TIME_5_MIN,MKT_SUB_LNODEONC,Node,32.12263,31.04355,-0.0012,1.08027,0.0
2025-10-12 00:15:00-07:00,2025-10-12 07:15:00+00:00,2025-10-12 00:20:00-07:00,2025-10-12 07:20:00+00:00,REAL_TIME_5_MIN,SCEW_2_PDRP89-APND,AP Node,30.49388,31.04355,0.0,-0.54967,0.0
2025-10-12 00:20:00-07:00,2025-10-12 07:20:00+00:00,2025-10-12 00:25:00-07:00,2025-10-12 07:25:00+00:00,REAL_TIME_5_MIN,ANAHEIM_6_N001,Node,30.64173,31.30541,0.0,-0.66367,0.0
2025-10-12 00:20:00-07:00,2025-10-12 07:20:00+00:00,2025-10-12 00:25:00-07:00,2025-10-12 07:25:00+00:00,REAL_TIME_5_MIN,MKT_SUB_LNODEONC,Node,32.3936,31.30541,-0.0012,1.08939,0.0
2025-10-12 00:20:00-07:00,2025-10-12 07:20:00+00:00,2025-10-12 00:25:00-07:00,2025-10-12 07:25:00+00:00,REAL_TIME_5_MIN,SCEW_2_PDRP89-APND,AP Node,30.7511,31.30541,0.0,-0.55431,0.0
2025-10-12 00:25:00-07:00,2025-10-12 07:25:00+00:00,2025-10-12 00:30:00-07:00,2025-10-12 07:30:00+00:00,REAL_TIME_5_MIN,ANAHEIM_6_N001,Node,31.25748,31.93449,0.0,-0.67701,0.0
2025-10-12 00:25:00-07:00,2025-10-12 07:25:00+00:00,2025-10-12 00:30:00-07:00,2025-10-12 07:30:00+00:00,REAL_TIME_5_MIN,MKT_SUB_LNODEONC,Node,33.04457,31.93449,-0.0012,1.11128,0.0
2025-10-12 00:25:00-07:00,2025-10-12 07:25:00+00:00,2025-10-12 00:30:00-07:00,2025-10-12 07:30:00+00:00,REAL_TIME_5_MIN,SCEW_2_PDRP89-APND,AP Node,31.36905,31.93449,0.0,-0.56545,0.0
2025-10-12 00:30:00-07:00,2025-10-12 07:30:00+00:00,2025-10-12 00:35:00-07:00,2025-10-12 07:35:00+00:00,REAL_TIME_5_MIN,ANAHEIM_6_N001,Node,30.7701,31.35327,0.0,-0.58317,0.0
2025-10-12 00:30:00-07:00,2025-10-12 07:30:00+00:00,2025-10-12 00:35:00-07:00,2025-10-12 07:35:00+00:00,REAL_TIME_5_MIN,MKT_SUB_LNODEONC,Node,32.46194,31.35327,-0.0012,1.10986,0.0
2025-10-12 00:30:00-07:00,2025-10-12 07:30:00+00:00,2025-10-12 00:35:00-07:00,2025-10-12 07:35:00+00:00,REAL_TIME_5_MIN,SCEW_2_PDRP89-APND,AP Node,30.8776,31.35327,0.0,-0.47568,0.0
2025-10-12 00:35:00-07:00,2025-10-12 07:35:00+00:00,2025-10-12 00:40:00-07:00,2025-10-12 07:40:00+00:00,REAL_TIME_5_MIN,ANAHEIM_6_N001,Node,30.75996,31.34294,0.0,-0.58298,0.0
2025-10-12 00:35:00-07:00,2025-10-12 07:35:00+00:00,2025-10-12 00:40:00-07:00,2025-10-12 07:40:00+00:00,REAL_TIME_5_MIN,MKT_SUB_LNODEONC,Node,32.45123,31.34294,-0.0012,1.1095,0.0
2025-10-12 00:35:00-07:00,2025-10-12 07:35:00+00:00,2025-10-12 00:40:00-07:00,2025-10-12 07:40:00+00:00,REAL_TIME_5_MIN,SCEW_2_PDRP89-APND,AP Node,30.86741,31.34294,0.0,-0.47552,0.0
2025-10-12 00:40:00-07:00,2025-10-12 07:40:00+00:00,2025-10-12 00:45:00-07:00,2025-10-12 07:45:00+00:00,REAL_TIME_5_MIN,ANAHEIM_6_N001,Node,30.66389,31.24504,0.0,-0.58116,0.0
2025-10-12 00:40:00-07:00,2025-10-12 07:40:00+00:00,2025-10-12 00:45:00-07:00,2025-10-12 07:45:00+00:00,REAL_TIME_5_MIN,MKT_SUB_LNODEONC,Node,32.34988,31.24504,-0.0012,1.10603,0.0
2025-10-12 00:40:00-07:00,2025-10-12 07:40:00+00:00,2025-10-12 00:45:00-07:00,2025-10-12 07:45:00+00:00,REAL_TIME_5_MIN,SCEW_2_PDRP89-APND,AP Node,30.77101,31.24504,0.0,-0.47404,0.0
2025-10-12 00:45:00-07:00,2025-10-12 07:45:00+00:00,2025-10-12 00:50:00-07:00,2025-10-12 07:50:00+00:00,REAL_TIME_5_MIN,ANAHEIM_6_N001,Node,30.48441,31.10337,0.0,-0.61896,0.0
2025-10-12 00:45:00-07:00,2025-10-12 07:45:00+00:00,2025-10-12 00:50:00-07:00,2025-10-12 07:50:00+00:00,REAL_TIME_5_MIN,MKT_SUB_LNODEONC,Node,32.11921,31.10337,-0.0012,1.01704,0.0
2025-10-12 00:45:00-07:00,2025-10-12 07:45:00+00:00,2025-10-12 00:50:00-07:00,2025-10-12 07:50:00+00:00,REAL_TIME_5_MIN,SCEW_2_PDRP89-APND,AP Node,30.59004,31.10337,0.0,-0.51333,0.0
2025-10-12 00:50:00-07:00,2025-10-12 07:50:00+00:00,2025-10-12 00:55:00-07:00,2025-10-12 07:55:00+00:00,REAL_TIME_5_MIN,ANAHEIM_6_N001,Node,29.6631,30.26538,0.0,-0.60228,0.0
2025-10-12 00:50:00-07:00,2025-10-12 07:50:00+00:00,2025-10-12 00:55:00-07:00,2025-10-12 07:55:00+00:00,REAL_TIME_5_MIN,MKT_SUB_LNODEONC,Node,31.25382,30.26538,-0.0012,0.98964,0.0
2025-10-12 00:50:00-07:00,2025-10-12 07:50:00+00:00,2025-10-12 00:55:00-07:00,2025-10-12 07:55:00+00:00,REAL_TIME_5_MIN,SCEW_2_PDRP89-APND,AP Node,29.76588,30.26538,0.0,-0.4995,0.0
2025-10-12 00:55:00-07:00,2025-10-12 07:55:00+00:00,2025-10-12 01:00:00-07:00,2025-10-12 08:00:00+00:00,REAL_TIME_5_MIN,ANAHEIM_6_N001,Node,29.6631,30.26538,0.0,-0.60228,0.0
2025-10-12 00:55:00-07:00,2025-10-12 07:55:00+00:00,2025-10-12 01:00:00-07:00,2025-10-12 08:00:00+00:00,REAL_TIME_5_MIN,MKT_SUB_LNODEONC,Node,31.25382,30.26538,-0.0012,0.98964,0.0
2025-10-12 00:55:00-07:00,2025-10-12 07:55:00+00:00,2025-10-12 01:00:00-07:00,2025-10-12 08:00:00+00:00,REAL_TIME_5_MIN,SCEW_2_PDRP89-APND,AP Node,29.76588,30.26538,0.0,-0.4995,0.0
2025-10-12 01:00:00-07:00,2025-10-12 08:00:00+00:00,2025-10-12 01:05:00-07:00,2025-10-12 08:05:00+00:00,REAL_TIME_5_MIN,ANAHEIM_6_N001,Node,30.43961,31.05795,-0.0034,-0.61495,0.0
2025-10-12 01:00:00-07:00,2025-10-12 08:00:00+00:00,2025-10-12 01:05:00-07:00,2025-10-12 08:05:00+00:00,REAL_TIME_5_MIN,MKT_SUB_LNODEONC,Node,32.13102,31.05795,-0.0046,1.07767,0.0
2025-10-12 01:00:00-07:00,2025-10-12 08:00:00+00:00,2025-10-12 01:05:00-07:00,2025-10-12 08:05:00+00:00,REAL_TIME_5_MIN,SCEW_2_PDRP89-APND,AP Node,30.54407,31.05795,-0.0034,-0.51048,0.0
2025-10-12 01:05:00-07:00,2025-10-12 08:05:00+00:00,2025-10-12 01:10:00-07:00,2025-10-12 08:10:00+00:00,REAL_TIME_5_MIN,ANAHEIM_6_N001,Node,30.48533,31.10113,0.0,-0.6158,0.0
2025-10-12 01:05:00-07:00,2025-10-12 08:05:00+00:00,2025-10-12 01:10:00-07:00,2025-10-12 08:10:00+00:00,REAL_TIME_5_MIN,MKT_SUB_LNODEONC,Node,32.1791,31.10113,-0.0012,1.07917,0.0
2025-10-12 01:05:00-07:00,2025-10-12 08:05:00+00:00,2025-10-12 01:10:00-07:00,2025-10-12 08:10:00+00:00,REAL_TIME_5_MIN,SCEW_2_PDRP89-APND,AP Node,30.58994,31.10113,0.0,-0.51119,0.0
2025-10-12 01:10:00-07:00,2025-10-12 08:10:00+00:00,2025-10-12 01:15:00-07:00,2025-10-12 08:15:00+00:00,REAL_TIME_5_MIN,ANAHEIM_6_N001,Node,28.8165,29.3986,0.0,-0.58209,0.0
2025-10-12 01:10:00-07:00,2025-10-12 08:10:00+00:00,2025-10-12 01:15:00-07:00,2025-10-12 08:15:00+00:00,REAL_TIME_5_MIN,MKT_SUB_LNODEONC,Node,30.41749,29.3986,-0.0012,1.02009,0.0
2025-10-12 01:10:00-07:00,2025-10-12 08:10:00+00:00,2025-10-12 01:15:00-07:00,2025-10-12 08:15:00+00:00,REAL_TIME_5_MIN,SCEW_2_PDRP89-APND,AP Node,28.91539,29.3986,0.0,-0.48321,0.0
2025-10-12 01:15:00-07:00,2025-10-12 08:15:00+00:00,2025-10-12 01:20:00-07:00,2025-10-12 08:20:00+00:00,REAL_TIME_5_MIN,ANAHEIM_6_N001,Node,29.44423,29.9931,0.0,-0.54887,0.0
2025-10-12 01:15:00-07:00,2025-10-12 08:15:00+00:00,2025-10-12 01:20:00-07:00,2025-10-12 08:20:00+00:00,REAL_TIME_5_MIN,MKT_SUB_LNODEONC,Node,30.97263,29.9931,-0.0012,0.98074,0.0
2025-10-12 01:15:00-07:00,2025-10-12 08:15:00+00:00,2025-10-12 01:20:00-07:00,2025-10-12 08:20:00+00:00,REAL_TIME_5_MIN,SCEW_2_PDRP89-APND,AP Node,29.54518,29.9931,0.0,-0.44792,0.0
2025-10-12 01:20:00-07:00,2025-10-12 08:20:00+00:00,2025-10-12 01:25:00-07:00,2025-10-12 08:25:00+00:00,REAL_TIME_5_MIN,ANAHEIM_6_N001,Node,28.78625,29.32286,0.0,-0.53661,0.0
2025-10-12 01:20:00-07:00,2025-10-12 08:20:00+00:00,2025-10-12 01:25:00-07:00,2025-10-12 08:25:00+00:00,REAL_TIME_5_MIN,MKT_SUB_LNODEONC,Node,30.28048,29.32286,-0.0012,0.95882,0.0
2025-10-12 01:20:00-07:00,2025-10-12 08:20:00+00:00,2025-10-12 01:25:00-07:00,2025-10-12 08:25:00+00:00,REAL_TIME_5_MIN,SCEW_2_PDRP89-APND,AP Node,28.88495,29.32286,0.0,-0.43791,0.0
2025-10-12 01:25:00-07:00,2025-10-12 08:25:00+00:00,2025-10-12 01:30:00-07:00,2025-10-12 08:30:00+00:00,REAL_TIME_5_MIN,ANAHEIM_6_N001,Node,28.11446,28.63855,0.0,-0.52409,0.0
2025-10-12 01:25:00-07:00,2025-10-12 08:25:00+00:00,2025-10-12 01:30:00-07:00,2025-10-12 08:30:00+00:00,REAL_TIME_5_MIN,MKT_SUB_LNODEONC,Node,29.57379,28.63855,-0.0012,0.93644,0.0
2025-10-12 01:25:00-07:00,2025-10-12 08:25:00+00:00,2025-10-12 01:30:00-07:00,2025-10-12 08:30:00+00:00,REAL_TIME_5_MIN,SCEW_2_PDRP89-APND,AP Node,28.21086,28.63855,0.0,-0.42769,0.0
2025-10-12 01:30:00-07:00,2025-10-12 08:30:00+00:00,2025-10-12 01:35:00-07:00,2025-10-12 08:35:00+00:00,REAL_TIME_5_MIN,ANAHEIM_6_N001,Node,28.03869,28.59924,0.0,-0.56055,0.0
2025-10-12 01:30:00-07:00,2025-10-12 08:30:00+00:00,2025-10-12 01:35:00-07:00,2025-10-12 08:35:00+00:00,REAL_TIME_5_MIN,MKT_SUB_LNODEONC,Node,29.52748,28.59924,-0.0012,0.92944,0.0
2025-10-12 01:30:00-07:00,2025-10-12 08:30:00+00:00,2025-10-12 01:35:00-07:00,2025-10-12 08:35:00+00:00,REAL_TIME_5_MIN,SCEW_2_PDRP89-APND,AP Node,28.13029,28.59924,0.0,-0.46894,0.0
2025-10-12 01:35:00-07:00,2025-10-12 08:35:00+00:00,2025-10-12 01:40:00-07:00,2025-10-12 08:40:00+00:00,REAL_TIME_5_MIN,ANAHEIM_6_N001,Node,29.55694,30.14784,0.0,-0.5909,0.0
2025-10-12 01:35:00-07:00,2025-10-12 08:35:00+00:00,2025-10-12 01:40:00-07:00,2025-10-12 08:40:00+00:00,REAL_TIME_5_MIN,MKT_SUB_LNODEONC,Node,31.1264,30.14784,-0.0012,0.97977,0.0
2025-10-12 01:35:00-07:00,2025-10-12 08:35:00+00:00,2025-10-12 01:40:00-07:00,2025-10-12 08:40:00+00:00,REAL_TIME_5_MIN,SCEW_2_PDRP89-APND,AP Node,29.6535,30.14784,0.0,-0.49434,0.0
2025-10-12 01:40:00-07:00,2025-10-12 08:40:00+00:00,2025-10-12 01:45:00-07:00,2025-10-12 08:45:00+00:00,REAL_TIME_5_MIN,ANAHEIM_6_N001,Node,29.3826,29.97001,0.0,-0.58741,0.0
2025-10-12 01:40:00-07:00,2025-10-12 08:40:00+00:00,2025-10-12 01:45:00-07:00,2025-10-12 08:45:00+00:00,REAL_TIME_5_MIN,MKT_SUB_LNODEONC,Node,30.9428,29.97001,-0.0012,0.97399,0.0
2025-10-12 01:40:00-07:00,2025-10-12 08:40:00+00:00,2025-10-12 01:45:00-07:00,2025-10-12 08:45:00+00:00,REAL_TIME_5_MIN,SCEW_2_PDRP89-APND,AP Node,29.47859,29.97001,0.0,-0.49142,0.0
2025-10-12 01:45:00-07:00,2025-10-12 08:45:00+00:00,2025-10-12 01:50:00-07:00,2025-10-12 08:50:00+00:00,REAL_TIME_5_MIN,ANAHEIM_6_N001,Node,30.48771,31.11308,0.0,-0.62537,0.0
2025-10-12 01:45:00-07:00,2025-10-12 08:45:00+00:00,2025-10-12 01:50:00-07:00,2025-10-12 08:50:00+00:00,REAL_TIME_5_MIN,MKT_SUB_LNODEONC,Node,32.07946,31.11308,-0.0012,0.96758,0.0
2025-10-12 01:45:00-07:00,2025-10-12 08:45:00+00:00,2025-10-12 01:50:00-07:00,2025-10-12 08:50:00+00:00,REAL_TIME_5_MIN,SCEW_2_PDRP89-APND,AP Node,30.58845,31.11308,0.0,-0.52463,0.0
2025-10-12 01:50:00-07:00,2025-10-12 08:50:00+00:00,2025-10-12 01:55:00-07:00,2025-10-12 08:55:00+00:00,REAL_TIME_5_MIN,ANAHEIM_6_N001,Node,30.26036,30.88107,0.0,-0.62071,0.0
2025-10-12 01:50:00-07:00,2025-10-12 08:50:00+00:00,2025-10-12 01:55:00-07:00,2025-10-12 08:55:00+00:00,REAL_TIME_5_MIN,MKT_SUB_LNODEONC,Node,31.84023,30.88107,-0.0012,0.96036,0.0
2025-10-12 01:50:00-07:00,2025-10-12 08:50:00+00:00,2025-10-12 01:55:00-07:00,2025-10-12 08:55:00+00:00,REAL_TIME_5_MIN,SCEW_2_PDRP89-APND,AP Node,30.36035,30.88107,0.0,-0.52072,0.0
2025-10-12 01:55:00-07:00,2025-10-12 08:55:00+00:00,2025-10-12 02:00:00-07:00,2025-10-12 09:00:00+00:00,REAL_TIME_5_MIN,ANAHEIM_6_N001,Node,29.91548,30.52912,0.0,-0.61364,0.0
2025-10-12 01:55:00-07:00,2025-10-12 08:55:00+00:00,2025-10-12 02:00:00-07:00,2025-10-12 09:00:00+00:00,REAL_TIME_5_MIN,MKT_SUB_LNODEONC,Node,31.47734,30.52912,-0.0012,0.94942,0.0
2025-10-12 01:55:00-07:00,2025-10-12 08:55:00+00:00,2025-10-12 02:00:00-07:00,2025-10-12 09:00:00+00:00,REAL_TIME_5_MIN,SCEW_2_PDRP89-APND,AP Node,30.01433,30.52912,0.0,-0.51479,0.0
2025-10-12 02:00:00-07:00,2025-10-12 09:00:00+00:00,2025-10-12 02:05:00-07:00,2025-10-12 09:05:00+00:00,REAL_TIME_5_MIN,ANAHEIM_6_N001,Node,30.79831,31.3182,0.0,-0.51988,0.0
2025-10-12 02:00:00-07:00,2025-10-12 09:00:00+00:00,2025-10-12 02:05:00-07:00,2025-10-12 09:05:00+00:00,REAL_TIME_5_MIN,MKT_SUB_LNODEONC,Node,32.27216,31.3182,-0.0012,0.95517,0.0
2025-10-12 02:00:00-07:00,2025-10-12 09:00:00+00:00,2025-10-12 02:05:00-07:00,2025-10-12 09:05:00+00:00,REAL_TIME_5_MIN,SCEW_2_PDRP89-APND,AP Node,30.89463,31.3182,0.0,-0.42357,0.0
2025-10-12 02:05:00-07:00,2025-10-12 09:05:00+00:00,2025-10-12 02:10:00-07:00,2025-10-12 09:10:00+00:00,REAL_TIME_5_MIN,ANAHEIM_6_N001,Node,30.90334,31.425,0.0,-0.52165,0.0
2025-10-12 02:05:00-07:00,2025-10-12 09:05:00+00:00,2025-10-12 02:10:00-07:00,2025-10-12 09:10:00+00:00,REAL_TIME_5_MIN,MKT_SUB_LNODEONC,Node,32.38222,31.425,-0.0012,0.95843,0.0
2025-10-12 02:05:00-07:00,2025-10-12 09:05:00+00:00,2025-10-12 02:10:00-07:00,2025-10-12 09:10:00+00:00,REAL_TIME_5_MIN,SCEW_2_PDRP89-APND,AP Node,30.99999,31.425,0.0,-0.42501,0.0
2025-10-12 02:10:00-07:00,2025-10-12 09:10:00+00:00,2025-10-12 02:15:00-07:00,2025-10-12 09:15:00+00:00,REAL_TIME_5_MIN,ANAHEIM_6_N001,Node,30.86623,31.38726,0.0,-0.52103,0.0
2025-10-12 02:10:00-07:00,2025-10-12 09:10:00+00:00,2025-10-12 02:15:00-07:00,2025-10-12 09:15:00+00:00,REAL_TIME_5_MIN,MKT_SUB_LNODEONC,Node,32.34333,31.38726,-0.0012,0.95727,0.0
2025-10-12 02:10:00-07:00,2025-10-12 09:10:00+00:00,2025-10-12 02:15:00-07:00,2025-10-12 09:15:00+00:00,REAL_TIME_5_MIN,SCEW_2_PDRP89-APND,AP Node,30.96276,31.38726,0.0,-0.4245,0.0
2025-10-12 02:15:00-07:00,2025-10-12 09:15:00+00:00,2025-10-12 02:20:00-07:00,2025-10-12 09:20:00+00:00,REAL_TIME_5_MIN,ANAHEIM_6_N001,Node,30.869,31.41882,0.0,-0.54983,0.0
2025-10-12 02:15:00-07:00,2025-10-12 09:15:00+00:00,2025-10-12 02:20:00-07:00,2025-10-12 09:20:00+00:00,REAL_TIME_5_MIN,MKT_SUB_LNODEONC,Node,32.38529,31.41882,-0.0012,0.96766,0.0
2025-10-12 02:15:00-07:00,2025-10-12 09:15:00+00:00,2025-10-12 02:20:00-07:00,2025-10-12 09:20:00+00:00,REAL_TIME_5_MIN,SCEW_2_PDRP89-APND,AP Node,30.96664,31.41882,0.0,-0.45218,0.0
2025-10-12 02:20:00-07:00,2025-10-12 09:20:00+00:00,2025-10-12 02:25:00-07:00,2025-10-12 09:25:00+00:00,REAL_TIME_5_MIN,ANAHEIM_6_N001,Node,30.869,31.41882,0.0,-0.54983,0.0
2025-10-12 02:20:00-07:00,2025-10-12 09:20:00+00:00,2025-10-12 02:25:00-07:00,2025-10-12 09:25:00+00:00,REAL_TIME_5_MIN,MKT_SUB_LNODEONC,Node,32.38529,31.41882,-0.0012,0.96766,0.0
2025-10-12 02:20:00-07:00,2025-10-12 09:20:00+00:00,2025-10-12 02:25:00-07:00,2025-10-12 09:25:00+00:00,REAL_TIME_5_MIN,SCEW_2_PDRP89-APND,AP Node,30.96664,31.41882,0.0,-0.45218,0.0
2025-10-12 02:25:00-07:00,2025-10-12 09:25:00+00:00,2025-10-12 02:30:00-07:00,2025-10-12 09:30:00+00:00,REAL_TIME_5_MIN,ANAHEIM_6_N001,Node,30.80123,31.34985,0.0,-0.54862,0.0
2025-10-12 02:25:00-07:00,2025-10-12 09:25:00+00:00,2025-10-12 02:30:00-07:00,2025-10-12 09:30:00+00:00,REAL_TIME_5_MIN,MKT_SUB_LNODEONC,Node,32.31419,31.34985,-0.0012,0.96554,0.0
2025-10-12 02:25:00-07:00,2025-10-12 09:25:00+00:00,2025-10-12 02:30:00-07:00,2025-10-12 09:30:00+00:00,REAL_TIME_5_MIN,SCEW_2_PDRP89-APND,AP Node,30.89866,31.34985,0.0,-0.45119,0.0
2025-10-12 02:30:00-07:00,2025-10-12 09:30:00+00:00,2025-10-12 02:35:00-07:00,2025-10-12 09:35:00+00:00,REAL_TIME_5_MIN,ANAHEIM_6_N001,Node,30.7083,31.268,0.0,-0.5597,0.0
2025-10-12 02:30:00-07:00,2025-10-12 09:30:00+00:00,2025-10-12 02:35:00-07:00,2025-10-12 09:35:00+00:00,REAL_TIME_5_MIN,MKT_SUB_LNODEONC,Node,32.20793,31.268,-0.0012,0.94113,0.0
2025-10-12 02:30:00-07:00,2025-10-12 09:30:00+00:00,2025-10-12 02:35:00-07:00,2025-10-12 09:35:00+00:00,REAL_TIME_5_MIN,SCEW_2_PDRP89-APND,AP Node,30.8014,31.268,0.0,-0.4666,0.0
2025-10-12 02:35:00-07:00,2025-10-12 09:35:00+00:00,2025-10-12 02:40:00-07:00,2025-10-12 09:40:00+00:00,REAL_TIME_5_MIN,ANAHEIM_6_N001,Node,30.67017,31.22917,0.0,-0.559,0.0
2025-10-12 02:35:00-07:00,2025-10-12 09:35:00+00:00,2025-10-12 02:40:00-07:00,2025-10-12 09:40:00+00:00,REAL_TIME_5_MIN,MKT_SUB_LNODEONC,Node,32.16793,31.22917,-0.0012,0.93996,0.0
2025-10-12 02:35:00-07:00,2025-10-12 09:35:00+00:00,2025-10-12 02:40:00-07:00,2025-10-12 09:40:00+00:00,REAL_TIME_5_MIN,SCEW_2_PDRP89-APND,AP Node,30.76315,31.22917,0.0,-0.46602,0.0
2025-10-12 02:40:00-07:00,2025-10-12 09:40:00+00:00,2025-10-12 02:45:00-07:00,2025-10-12 09:45:00+00:00,REAL_TIME_5_MIN,ANAHEIM_6_N001,Node,30.67017,31.22917,0.0,-0.559,0.0
2025-10-12 02:40:00-07:00,2025-10-12 09:40:00+00:00,2025-10-12 02:45:00-07:00,2025-10-12 09:45:00+00:00,REAL_TIME_5_MIN,MKT_SUB_LNODEONC,Node,32.16793,31.22917,-0.0012,0.93996,0.0
2025-10-12 02:40:00-07:00,2025-10-12 09:40:00+00:00,2025-10-12 02:45:00-07:00,2025-10-12 09:45:00+00:00,REAL_TIME_5_MIN,SCEW_2_PDRP89-APND,AP Node,30.76315,31.22917,0.0,-0.46602,0.0
2025-10-12 02:45:00-07:00,2025-10-12 09:45:00+00:00,2025-10-12 02:50:00-07:00,2025-10-12 09:50:00+00:00,REAL_TIME_5_MIN,ANAHEIM_6_N001,Node,30.66092,31.22611,0.0,-0.56519,0.0
2025-10-12 02:45:00-07:00,2025-10-12 09:45:00+00:00,2025-10-12 02:50:00-07:00,2025-10-12 09:50:00+00:00,REAL_TIME_5_MIN,MKT_SUB_LNODEONC,Node,32.16166,31.22611,-0.0012,0.93675,0.0
2025-10-12 02:45:00-07:00,2025-10-12 09:45:00+00:00,2025-10-12 02:50:00-07:00,2025-10-12 09:50:00+00:00,REAL_TIME_5_MIN,SCEW_2_PDRP89-APND,AP Node,30.75397,31.22611,0.0,-0.47214,0.0
2025-10-12 02:50:00-07:00,2025-10-12 09:50:00+00:00,2025-10-12 02:55:00-07:00,2025-10-12 09:55:00+00:00,REAL_TIME_5_MIN,ANAHEIM_6_N001,Node,30.03543,30.58909,0.0,-0.55366,0.0
2025-10-12 02:50:00-07:00,2025-10-12 09:50:00+00:00,2025-10-12 02:55:00-07:00,2025-10-12 09:55:00+00:00,REAL_TIME_5_MIN,MKT_SUB_LNODEONC,Node,31.50553,30.58909,-0.0012,0.91764,0.0
2025-10-12 02:50:00-07:00,2025-10-12 09:50:00+00:00,2025-10-12 02:55:00-07:00,2025-10-12 09:55:00+00:00,REAL_TIME_5_MIN,SCEW_2_PDRP89-APND,AP Node,30.12658,30.58909,0.0,-0.46251,0.0
2025-10-12 02:55:00-07:00,2025-10-12 09:55:00+00:00,2025-10-12 03:00:00-07:00,2025-10-12 10:00:00+00:00,REAL_TIME_5_MIN,ANAHEIM_6_N001,Node,29.61333,30.15921,0.0,-0.54588,0.0
2025-10-12 02:55:00-07:00,2025-10-12 09:55:00+00:00,2025-10-12 03:00:00-07:00,2025-10-12 10:00:00+00:00,REAL_TIME_5_MIN,MKT_SUB_LNODEONC,Node,31.06275,30.15921,-0.0012,0.90474,0.0
2025-10-12 02:55:00-07:00,2025-10-12 09:55:00+00:00,2025-10-12 03:00:00-07:00,2025-10-12 10:00:00+00:00,REAL_TIME_5_MIN,SCEW_2_PDRP89-APND,AP Node,29.7032,30.15921,0.0,-0.45601,0.0
2025-10-12 03:00:00-07:00,2025-10-12 10:00:00+00:00,2025-10-12 03:05:00-07:00,2025-10-12 10:05:00+00:00,REAL_TIME_5_MIN,ANAHEIM_6_N001,Node,33.1336,33.1336,0.0,0.0,0.0
2025-10-12 03:00:00-07:00,2025-10-12 10:00:00+00:00,2025-10-12 03:05:00-07:00,2025-10-12 10:05:00+00:00,REAL_TIME_5_MIN,MKT_SUB_LNODEONC,Node,33.1324,33.1336,-0.0012,0.0,0.0
2025-10-12 03:00:00-07:00,2025-10-12 10:00:00+00:00,2025-10-12 03:05:00-07:00,2025-10-12 10:05:00+00:00,REAL_TIME_5_MIN,SCEW_2_PDRP89-APND,AP Node,33.1336,33.1336,0.0,0.0,0.0
2025-10-12 03:05:00-07:00,2025-10-12 10:05:00+00:00,2025-10-12 03:10:00-07:00,2025-10-12 10:10:00+00:00,REAL_TIME_5_MIN,ANAHEIM_6_N001,Node,33.04,33.04,0.0,0.0,0.0
2025-10-12 03:05:00-07:00,2025-10-12 10:05:00+00:00,2025-10-12 03:10:00-07:00,2025-10-12 10:10:00+00:00,REAL_TIME_5_MIN,MKT_SUB_LNODEONC,Node,33.0388,33.04,-0.0012,0.0,0.0
2025-10-12 03:05:00-07:00,2025-10-12 10:05:00+00:00,2025-10-12 03:10:00-07:00,2025-10-12 10:10:00+00:00,REAL_TIME_5_MIN,SCEW_2_PDRP89-APND,AP Node,33.04,33.04,0.0,0.0,0.0
2025-10-12 03:10:00-07:00,2025-10-12 10:10:00+00:00,2025-10-12 03:15:00-07:00,2025-10-12 10:15:00+00:00,REAL_TIME_5_MIN,ANAHEIM_6_N001,Node,33.1312,33.1312,0.0,0.0,0.0
2025-10-12 03:10:00-07:00,2025-10-12 10:10:00+00:00,2025-10-12 03:15:00-07:00,2025-10-12 10:15:00+00:00,REAL_TIME_5_MIN,MKT_SUB_LNODEONC,Node,33.13,33.1312,-0.0012,0.0,0.0
2025-10-12 03:10:00-07:00,2025-10-12 10:10:00+00:00,2025-10-12 03:15:00-07:00,2025-10-12 10:15:00+00:00,REAL_TIME_5_MIN,SCEW_2_PDRP89-APND,AP Node,33.1312,33.1312,0.0,0.0,0.0
2025-10-12 03:15:00-07:00,2025-10-12 10:15:00+00:00,2025-10-12 03:20:00-07:00,2025-10-12 10:20:00+00:00,REAL_TIME_5_MIN,ANAHEIM_6_N001,Node,31.3211,31.9603,0.0,-0.63921,0.0
2025-10-12 03:15:00-07:00,2025-10-12 10:15:00+00:00,2025-10-12 03:20:00-07:00,2025-10-12 10:20:00+00:00,REAL_TIME_5_MIN,MKT_SUB_LNODEONC,Node,32.90509,31.9603,-0.0012,0.94599,0.0
2025-10-12 03:15:00-07:00,2025-10-12 10:15:00+00:00,2025-10-12 03:20:00-07:00,2025-10-12 10:20:00+00:00,REAL_TIME_5_MIN,SCEW_2_PDRP89-APND,AP Node,31.41522,31.9603,0.0,-0.54509,0.0
2025-10-12 03:20:00-07:00,2025-10-12 10:20:00+00:00,2025-10-12 03:25:00-07:00,2025-10-12 10:25:00+00:00,REAL_TIME_5_MIN,ANAHEIM_6_N001,Node,30.62272,31.24767,0.0,-0.62495,0.0
2025-10-12 03:20:00-07:00,2025-10-12 10:20:00+00:00,2025-10-12 03:25:00-07:00,2025-10-12 10:25:00+00:00,REAL_TIME_5_MIN,MKT_SUB_LNODEONC,Node,32.17137,31.24767,-0.0012,0.9249,0.0
2025-10-12 03:20:00-07:00,2025-10-12 10:20:00+00:00,2025-10-12 03:25:00-07:00,2025-10-12 10:25:00+00:00,REAL_TIME_5_MIN,SCEW_2_PDRP89-APND,AP Node,30.71474,31.24767,0.0,-0.53293,0.0
2025-10-12 03:25:00-07:00,2025-10-12 10:25:00+00:00,2025-10-12 03:30:00-07:00,2025-10-12 10:30:00+00:00,REAL_TIME_5_MIN,ANAHEIM_6_N001,Node,30.5654,31.18918,0.0,-0.62378,0.0
2025-10-12 03:25:00-07:00,2025-10-12 10:25:00+00:00,2025-10-12 03:30:00-07:00,2025-10-12 10:30:00+00:00,REAL_TIME_5_MIN,MKT_SUB_LNODEONC,Node,32.11114,31.18918,-0.0012,0.92316,0.0
2025-10-12 03:25:00-07:00,2025-10-12 10:25:00+00:00,2025-10-12 03:30:00-07:00,2025-10-12 10:30:00+00:00,REAL_TIME_5_MIN,SCEW_2_PDRP89-APND,AP Node,30.65725,31.18918,0.0,-0.53193,0.0
2025-10-12 03:30:00-07:00,2025-10-12 10:30:00+00:00,2025-10-12 03:35:00-07:00,2025-10-12 10:35:00+00:00,REAL_TIME_5_MIN,ANAHEIM_6_N001,Node,30.50744,31.13957,0.0,-0.63213,0.0
2025-10-12 03:30:00-07:00,2025-10-12 10:30:00+00:00,2025-10-12 03:35:00-07:00,2025-10-12 10:35:00+00:00,REAL_TIME_5_MIN,MKT_SUB_LNODEONC,Node,32.04138,31.13957,-0.0012,0.90301,0.0
2025-10-12 03:30:00-07:00,2025-10-12 10:30:00+00:00,2025-10-12 03:35:00-07:00,2025-10-12 10:35:00+00:00,REAL_TIME_5_MIN,SCEW_2_PDRP89-APND,AP Node,30.59819,31.13957,0.0,-0.54138,0.0
2025-10-12 03:35:00-07:00,2025-10-12 10:35:00+00:00,2025-10-12 03:40:00-07:00,2025-10-12 10:40:00+00:00,REAL_TIME_5_MIN,ANAHEIM_6_N001,Node,30.42073,31.05107,0.0,-0.63034,0.0
2025-10-12 03:35:00-07:00,2025-10-12 10:35:00+00:00,2025-10-12 03:40:00-07:00,2025-10-12 10:40:00+00:00,REAL_TIME_5_MIN,MKT_SUB_LNODEONC,Node,31.95032,31.05107,-0.0012,0.90045,0.0
2025-10-12 03:35:00-07:00,2025-10-12 10:35:00+00:00,2025-10-12 03:40:00-07:00,2025-10-12 10:40:00+00:00,REAL_TIME_5_MIN,SCEW_2_PDRP89-APND,AP Node,30.51123,31.05107,0.0,-0.53984,0.0
2025-10-12 03:40:00-07:00,2025-10-12 10:40:00+00:00,2025-10-12 03:45:00-07:00,2025-10-12 10:45:00+00:00,REAL_TIME_5_MIN,ANAHEIM_6_N001,Node,29.98096,30.60219,0.0,-0.62122,0.0
2025-10-12 03:40:00-07:00,2025-10-12 10:40:00+00:00,2025-10-12 03:45:00-07:00,2025-10-12 10:45:00+00:00,REAL_TIME_5_MIN,MKT_SUB_LNODEONC,Node,31.48841,30.60219,-0.0012,0.88743,0.0
2025-10-12 03:40:00-07:00,2025-10-12 10:40:00+00:00,2025-10-12 03:45:00-07:00,2025-10-12 10:45:00+00:00,REAL_TIME_5_MIN,SCEW_2_PDRP89-APND,AP Node,30.07015,30.60219,0.0,-0.53204,0.0
2025-10-12 03:45:00-07:00,2025-10-12 10:45:00+00:00,2025-10-12 03:50:00-07:00,2025-10-12 10:50:00+00:00,REAL_TIME_5_MIN,ANAHEIM_6_N001,Node,29.98814,30.57207,0.0,-0.58393,0.0
2025-10-12 03:45:00-07:00,2025-10-12 10:45:00+00:00,2025-10-12 03:50:00-07:00,2025-10-12 10:50:00+00:00,REAL_TIME_5_MIN,MKT_SUB_LNODEONC,Node,31.45742,30.57207,-0.0012,0.88656,0.0
2025-10-12 03:45:00-07:00,2025-10-12 10:45:00+00:00,2025-10-12 03:50:00-07:00,2025-10-12 10:50:00+00:00,REAL_TIME_5_MIN,SCEW_2_PDRP89-APND,AP Node,30.07724,30.57207,0.0,-0.49482,0.0
2025-10-12 03:50:00-07:00,2025-10-12 10:50:00+00:00,2025-10-12 03:55:00-07:00,2025-10-12 10:55:00+00:00,REAL_TIME_5_MIN,ANAHEIM_6_N001,Node,30.01642,30.6009,0.0,-0.58448,0.0
2025-10-12 03:50:00-07:00,2025-10-12 10:50:00+00:00,2025-10-12 03:55:00-07:00,2025-10-12 10:55:00+00:00,REAL_TIME_5_MIN,MKT_SUB_LNODEONC,Node,31.48709,30.6009,-0.0012,0.88739,0.0
2025-10-12 03:50:00-07:00,2025-10-12 10:50:00+00:00,2025-10-12 03:55:00-07:00,2025-10-12 10:55:00+00:00,REAL_TIME_5_MIN,SCEW_2_PDRP89-APND,AP Node,30.10561,30.6009,0.0,-0.49529,0.0
2025-10-12 03:55:00-07:00,2025-10-12 10:55:00+00:00,2025-10-12 04:00:00-07:00,2025-10-12 11:00:00+00:00,REAL_TIME_5_MIN,ANAHEIM_6_N001,Node,30.59642,31.19219,0.0,-0.59577,0.0
2025-10-12 03:55:00-07:00,2025-10-12 10:55:00+00:00,2025-10-12 04:00:00-07:00,2025-10-12 11:00:00+00:00,REAL_TIME_5_MIN,MKT_SUB_LNODEONC,Node,32.09553,31.19219,-0.0012,0.90454,0.0
2025-10-12 03:55:00-07:00,2025-10-12 10:55:00+00:00,2025-10-12 04:00:00-07:00,2025-10-12 11:00:00+00:00,REAL_TIME_5_MIN,SCEW_2_PDRP89-APND,AP Node,30.68733,31.19219,0.0,-0.50486,0.0
2025-10-12 04:00:00-07:00,2025-10-12 11:00:00+00:00,2025-10-12 04:05:00-07:00,2025-10-12 11:05:00+00:00,REAL_TIME_5_MIN,ANAHEIM_6_N001,Node,30.57447,31.1571,0.0,-0.58264,0.0
2025-10-12 04:00:00-07:00,2025-10-12 11:00:00+00:00,2025-10-12 04:05:00-07:00,2025-10-12 11:05:00+00:00,REAL_TIME_5_MIN,MKT_SUB_LNODEONC,Node,32.10927,31.1571,-0.0012,0.95337,0.0
2025-10-12 04:00:00-07:00,2025-10-12 11:00:00+00:00,2025-10-12 04:05:00-07:00,2025-10-12 11:05:00+00:00,REAL_TIME_5_MIN,SCEW_2_PDRP89-APND,AP Node,30.66731,31.1571,0.0,-0.4898,0.0
2025-10-12 04:05:00-07:00,2025-10-12 11:05:00+00:00,2025-10-12 04:10:00-07:00,2025-10-12 11:10:00+00:00,REAL_TIME_5_MIN,ANAHEIM_6_N001,Node,30.64353,31.22749,0.0,-0.58395,0.0
2025-10-12 04:05:00-07:00,2025-10-12 11:05:00+00:00,2025-10-12 04:10:00-07:00,2025-10-12 11:10:00+00:00,REAL_TIME_5_MIN,MKT_SUB_LNODEONC,Node,32.18181,31.22749,-0.0012,0.95552,0.0
2025-10-12 04:05:00-07:00,2025-10-12 11:05:00+00:00,2025-10-12 04:10:00-07:00,2025-10-12 11:10:00+00:00,REAL_TIME_5_MIN,SCEW_2_PDRP89-APND,AP Node,30.73658,31.22749,0.0,-0.4909,0.0
2025-10-12 04:10:00-07:00,2025-10-12 11:10:00+00:00,2025-10-12 04:15:00-07:00,2025-10-12 11:15:00+00:00,REAL_TIME_5_MIN,ANAHEIM_6_N001,Node,30.72637,31.3119,0.0,-0.58553,0.0
2025-10-12 04:10:00-07:00,2025-10-12 11:10:00+00:00,2025-10-12 04:15:00-07:00,2025-10-12 11:15:00+00:00,REAL_TIME_5_MIN,MKT_SUB_LNODEONC,Node,32.26881,31.3119,-0.0012,0.95811,0.0
2025-10-12 04:10:00-07:00,2025-10-12 11:10:00+00:00,2025-10-12 04:15:00-07:00,2025-10-12 11:15:00+00:00,REAL_TIME_5_MIN,SCEW_2_PDRP89-APND,AP Node,30.81967,31.3119,0.0,-0.49223,0.0
2025-10-12 04:15:00-07:00,2025-10-12 11:15:00+00:00,2025-10-12 04:20:00-07:00,2025-10-12 11:20:00+00:00,REAL_TIME_5_MIN,ANAHEIM_6_N001,Node,30.50551,31.13761,0.0,-0.63209,0.0
2025-10-12 04:15:00-07:00,2025-10-12 11:15:00+00:00,2025-10-12 04:20:00-07:00,2025-10-12 11:20:00+00:00,REAL_TIME_5_MIN,MKT_SUB_LNODEONC,Node,32.09852,31.13761,-0.0012,0.96211,0.0
2025-10-12 04:15:00-07:00,2025-10-12 11:15:00+00:00,2025-10-12 04:20:00-07:00,2025-10-12 11:20:00+00:00,REAL_TIME_5_MIN,SCEW_2_PDRP89-APND,AP Node,30.5983,31.13761,0.0,-0.53931,0.0
2025-10-12 04:20:00-07:00,2025-10-12 11:20:00+00:00,2025-10-12 04:25:00-07:00,2025-10-12 11:25:00+00:00,REAL_TIME_5_MIN,ANAHEIM_6_N001,Node,30.50551,31.13761,0.0,-0.63209,0.0
2025-10-12 04:20:00-07:00,2025-10-12 11:20:00+00:00,2025-10-12 04:25:00-07:00,2025-10-12 11:25:00+00:00,REAL_TIME_5_MIN,MKT_SUB_LNODEONC,Node,32.09852,31.13761,-0.0012,0.96211,0.0
2025-10-12 04:20:00-07:00,2025-10-12 11:20:00+00:00,2025-10-12 04:25:00-07:00,2025-10-12 11:25:00+00:00,REAL_TIME_5_MIN,SCEW_2_PDRP89-APND,AP Node,30.5983,31.13761,0.0,-0.53931,0.0
2025-10-12 04:25:00-07:00,2025-10-12 11:25:00+00:00,2025-10-12 04:30:00-07:00,2025-10-12 11:30:00+00:00,REAL_TIME_5_MIN,ANAHEIM_6_N001,Node,30.50551,31.13761,0.0,-0.63209,0.0
2025-10-12 04:25:00-07:00,2025-10-12 11:25:00+00:00,2025-10-12 04:30:00-07:00,2025-10-12 11:30:00+00:00,REAL_TIME_5_MIN,MKT_SUB_LNODEONC,Node,32.09852,31.13761,-0.0012,0.96211,0.0
2025-10-12 04:25:00-07:00,2025-10-12 11:25:00+00:00,2025-10-12 04:30:00-07:00,2025-10-12 11:30:00+00:00,REAL_TIME_5_MIN,SCEW_2_PDRP89-APND,AP Node,30.5983,31.13761,0.0,-0.53931,0.0
2025-10-12 04:30:00-07:00,2025-10-12 11:30:00+00:00,2025-10-12 04:35:00-07:00,2025-10-12 11:35:00+00:00,REAL_TIME_5_MIN,ANAHEIM_6_N001,Node,30.62548,31.25368,0.0,-0.6282,0.0
2025-10-12 04:30:00-07:00,2025-10-12 11:30:00+00:00,2025-10-12 04:35:00-07:00,2025-10-12 11:35:00+00:00,REAL_TIME_5_MIN,MKT_SUB_LNODEONC,Node,32.16193,31.25368,-0.0012,0.90945,0.0
2025-10-12 04:30:00-07:00,2025-10-12 11:30:00+00:00,2025-10-12 04:35:00-07:00,2025-10-12 11:35:00+00:00,REAL_TIME_5_MIN,SCEW_2_PDRP89-APND,AP Node,30.71453,31.25368,0.0,-0.53915,0.0
2025-10-12 04:35:00-07:00,2025-10-12 11:35:00+00:00,2025-10-12 04:40:00-07:00,2025-10-12 11:40:00+00:00,REAL_TIME_5_MIN,ANAHEIM_6_N001,Node,30.62548,31.25368,0.0,-0.6282,0.0
2025-10-12 04:35:00-07:00,2025-10-12 11:35:00+00:00,2025-10-12 04:40:00-07:00,2025-10-12 11:40:00+00:00,REAL_TIME_5_MIN,MKT_SUB_LNODEONC,Node,32.16193,31.25368,-0.0012,0.90945,0.0
2025-10-12 04:35:00-07:00,2025-10-12 11:35:00+00:00,2025-10-12 04:40:00-07:00,2025-10-12 11:40:00+00:00,REAL_TIME_5_MIN,SCEW_2_PDRP89-APND,AP Node,30.71453,31.25368,0.0,-0.53915,0.0
2025-10-12 04:40:00-07:00,2025-10-12 11:40:00+00:00,2025-10-12 04:45:00-07:00,2025-10-12 11:45:00+00:00,REAL_TIME_5_MIN,ANAHEIM_6_N001,Node,30.6867,31.31616,0.0,-0.62945,0.0
2025-10-12 04:40:00-07:00,2025-10-12 11:40:00+00:00,2025-10-12 04:45:00-07:00,2025-10-12 11:45:00+00:00,REAL_TIME_5_MIN,MKT_SUB_LNODEONC,Node,32.22622,31.31616,-0.0012,0.91127,0.0
2025-10-12 04:40:00-07:00,2025-10-12 11:40:00+00:00,2025-10-12 04:45:00-07:00,2025-10-12 11:45:00+00:00,REAL_TIME_5_MIN,SCEW_2_PDRP89-APND,AP Node,30.77593,31.31616,0.0,-0.54022,0.0
2025-10-12 04:45:00-07:00,2025-10-12 11:45:00+00:00,2025-10-12 04:50:00-07:00,2025-10-12 11:50:00+00:00,REAL_TIME_5_MIN,ANAHEIM_6_N001,Node,30.73661,31.41197,0.0,-0.67536,0.0
2025-10-12 04:45:00-07:00,2025-10-12 11:45:00+00:00,2025-10-12 04:50:00-07:00,2025-10-12 11:50:00+00:00,REAL_TIME_5_MIN,MKT_SUB_LNODEONC,Node,32.27142,31.41197,-0.0012,0.86066,0.0
2025-10-12 04:45:00-07:00,2025-10-12 11:45:00+00:00,2025-10-12 04:50:00-07:00,2025-10-12 11:50:00+00:00,REAL_TIME_5_MIN,SCEW_2_PDRP89-APND,AP Node,30.82619,31.41197,0.0,-0.58578,0.0
2025-10-12 04:50:00-07:00,2025-10-12 11:50:00+00:00,2025-10-12 04:55:00-07:00,2025-10-12 11:55:00+00:00,REAL_TIME_5_MIN,ANAHEIM_6_N001,Node,31.16652,31.85132,0.0,-0.6848,0.0
2025-10-12 04:50:00-07:00,2025-10-12 11:50:00+00:00,2025-10-12 04:55:00-07:00,2025-10-12 11:55:00+00:00,REAL_TIME_5_MIN,MKT_SUB_LNODEONC,Node,32.72282,31.85132,-0.0012,0.87269,0.0
2025-10-12 04:50:00-07:00,2025-10-12 11:50:00+00:00,2025-10-12 04:55:00-07:00,2025-10-12 11:55:00+00:00,REAL_TIME_5_MIN,SCEW_2_PDRP89-APND,AP Node,31.25735,31.85132,0.0,-0.59397,0.0
2025-10-12 04:55:00-07:00,2025-10-12 11:55:00+00:00,2025-10-12 05:00:00-07:00,2025-10-12 12:00:00+00:00,REAL_TIME_5_MIN,ANAHEIM_6_N001,Node,32.34679,33.05753,0.0,-0.71074,0.0
2025-10-12 04:55:00-07:00,2025-10-12 11:55:00+00:00,2025-10-12 05:00:00-07:00,2025-10-12 12:00:00+00:00,REAL_TIME_5_MIN,MKT_SUB_LNODEONC,Node,33.96207,33.05753,-0.0012,0.90574,0.0
2025-10-12 04:55:00-07:00,2025-10-12 11:55:00+00:00,2025-10-12 05:00:00-07:00,2025-10-12 12:00:00+00:00,REAL_TIME_5_MIN,SCEW_2_PDRP89-APND,AP Node,32.44106,33.05753,0.0,-0.61647,0.0
2025-10-12 05:00:00-07:00,2025-10-12 12:00:00+00:00,2025-10-12 05:05:00-07:00,2025-10-12 12:05:00+00:00,REAL_TIME_5_MIN,ANAHEIM_6_N001,Node,28.11224,28.74462,0.0,-0.63238,0.0
2025-10-12 05:00:00-07:00,2025-10-12 12:00:00+00:00,2025-10-12 05:05:00-07:00,2025-10-12 12:05:00+00:00,REAL_TIME_5_MIN,MKT_SUB_LNODEONC,Node,29.50225,28.74462,-0.0012,0.75883,0.0
2025-10-12 05:00:00-07:00,2025-10-12 12:00:00+00:00,2025-10-12 05:05:00-07:00,2025-10-12 12:05:00+00:00,REAL_TIME_5_MIN,SCEW_2_PDRP89-APND,AP Node,28.19695,28.74462,0.0,-0.54767,0.0
2025-10-12 05:05:00-07:00,2025-10-12 12:05:00+00:00,2025-10-12 05:10:00-07:00,2025-10-12 12:10:00+00:00,REAL_TIME_5_MIN,ANAHEIM_6_N001,Node,29.46812,30.131,0.0,-0.66288,0.0
2025-10-12 05:05:00-07:00,2025-10-12 12:05:00+00:00,2025-10-12 05:10:00-07:00,2025-10-12 12:10:00+00:00,REAL_TIME_5_MIN,MKT_SUB_LNODEONC,Node,30.92523,30.131,-0.0012,0.79543,0.0
2025-10-12 05:05:00-07:00,2025-10-12 12:05:00+00:00,2025-10-12 05:10:00-07:00,2025-10-12 12:10:00+00:00,REAL_TIME_5_MIN,SCEW_2_PDRP89-APND,AP Node,29.55692,30.131,0.0,-0.57408,0.0
2025-10-12 05:10:00-07:00,2025-10-12 12:10:00+00:00,2025-10-12 05:15:00-07:00,2025-10-12 12:15:00+00:00,REAL_TIME_5_MIN,ANAHEIM_6_N001,Node,30.57807,31.26592,0.0,-0.68785,0.0
2025-10-12 05:10:00-07:00,2025-10-12 12:10:00+00:00,2025-10-12 05:15:00-07:00,2025-10-12 12:15:00+00:00,REAL_TIME_5_MIN,MKT_SUB_LNODEONC,Node,32.09011,31.26592,-0.0012,0.82539,0.0
2025-10-12 05:10:00-07:00,2025-10-12 12:10:00+00:00,2025-10-12 05:15:00-07:00,2025-10-12 12:15:00+00:00,REAL_TIME_5_MIN,SCEW_2_PDRP89-APND,AP Node,30.67022,31.26592,0.0,-0.59571,0.0
2025-10-12 05:15:00-07:00,2025-10-12 12:15:00+00:00,2025-10-12 05:20:00-07:00,2025-10-12 12:20:00+00:00,REAL_TIME_5_MIN,ANAHEIM_6_N001,Node,30.54146,31.17112,0.0,-0.62966,0.0
2025-10-12 05:15:00-07:00,2025-10-12 12:15:00+00:00,2025-10-12 05:20:00-07:00,2025-10-12 12:20:00+00:00,REAL_TIME_5_MIN,MKT_SUB_LNODEONC,Node,32.02397,31.17112,-0.0012,0.85406,0.0
2025-10-12 05:15:00-07:00,2025-10-12 12:15:00+00:00,2025-10-12 05:20:00-07:00,2025-10-12 12:20:00+00:00,REAL_TIME_5_MIN,SCEW_2_PDRP89-APND,AP Node,30.63333,31.17112,0.0,-0.53779,0.0
2025-10-12 05:20:00-07:00,2025-10-12 12:20:00+00:00,2025-10-12 05:25:00-07:00,2025-10-12 12:25:00+00:00,REAL_TIME_5_MIN,ANAHEIM_6_N001,Node,30.78261,31.41724,0.0,-0.63463,0.0
2025-10-12 05:20:00-07:00,2025-10-12 12:20:00+00:00,2025-10-12 05:25:00-07:00,2025-10-12 12:25:00+00:00,REAL_TIME_5_MIN,MKT_SUB_LNODEONC,Node,32.27684,31.41724,-0.0012,0.8608,0.0
2025-10-12 05:20:00-07:00,2025-10-12 12:20:00+00:00,2025-10-12 05:25:00-07:00,2025-10-12 12:25:00+00:00,REAL_TIME_5_MIN,SCEW_2_PDRP89-APND,AP Node,30.8752,31.41724,0.0,-0.54204,0.0
2025-10-12 05:25:00-07:00,2025-10-12 12:25:00+00:00,2025-10-12 05:30:00-07:00,2025-10-12 12:30:00+00:00,REAL_TIME_5_MIN,ANAHEIM_6_N001,Node,30.54146,31.17112,0.0,-0.62966,0.0
2025-10-12 05:25:00-07:00,2025-10-12 12:25:00+00:00,2025-10-12 05:30:00-07:00,2025-10-12 12:30:00+00:00,REAL_TIME_5_MIN,MKT_SUB_LNODEONC,Node,32.02397,31.17112,-0.0012,0.85406,0.0
2025-10-12 05:25:00-07:00,2025-10-12 12:25:00+00:00,2025-10-12 05:30:00-07:00,2025-10-12 12:30:00+00:00,REAL_TIME_5_MIN,SCEW_2_PDRP89-APND,AP Node,30.63333,31.17112,0.0,-0.53779,0.0
2025-10-12 05:30:00-07:00,2025-10-12 12:30:00+00:00,2025-10-12 05:35:00-07:00,2025-10-12 12:35:00+00:00,REAL_TIME_5_MIN,ANAHEIM_6_N001,Node,30.70145,31.3376,0.0,-0.63615,0.0
2025-10-12 05:30:00-07:00,2025-10-12 12:30:00+00:00,2025-10-12 05:35:00-07:00,2025-10-12 12:35:00+00:00,REAL_TIME_5_MIN,MKT_SUB_LNODEONC,Node,32.18875,31.3376,-0.0012,0.85235,0.0
2025-10-12 05:30:00-07:00,2025-10-12 12:30:00+00:00,2025-10-12 05:35:00-07:00,2025-10-12 12:35:00+00:00,REAL_TIME_5_MIN,SCEW_2_PDRP89-APND,AP Node,30.79278,31.3376,0.0,-0.54483,0.0
2025-10-12 05:35:00-07:00,2025-10-12 12:35:00+00:00,2025-10-12 05:40:00-07:00,2025-10-12 12:40:00+00:00,REAL_TIME_5_MIN,ANAHEIM_6_N001,Node,30.64472,31.2797,0.0,-0.63498,0.0
2025-10-12 05:35:00-07:00,2025-10-12 12:35:00+00:00,2025-10-12 05:40:00-07:00,2025-10-12 12:40:00+00:00,REAL_TIME_5_MIN,MKT_SUB_LNODEONC,Node,32.12927,31.2797,-0.0012,0.85078,0.0
2025-10-12 05:35:00-07:00,2025-10-12 12:35:00+00:00,2025-10-12 05:40:00-07:00,2025-10-12 12:40:00+00:00,REAL_TIME_5_MIN,SCEW_2_PDRP89-APND,AP Node,30.73588,31.2797,0.0,-0.54382,0.0
2025-10-12 05:40:00-07:00,2025-10-12 12:40:00+00:00,2025-10-12 05:45:00-07:00,2025-10-12 12:45:00+00:00,REAL_TIME_5_MIN,ANAHEIM_6_N001,Node,30.78438,31.42225,0.0,-0.63787,0.0
2025-10-12 05:40:00-07:00,2025-10-12 12:40:00+00:00,2025-10-12 05:45:00-07:00,2025-10-12 12:45:00+00:00,REAL_TIME_5_MIN,MKT_SUB_LNODEONC,Node,32.27571,31.42225,-0.0012,0.85465,0.0
2025-10-12 05:40:00-07:00,2025-10-12 12:40:00+00:00,2025-10-12 05:45:00-07:00,2025-10-12 12:45:00+00:00,REAL_TIME_5_MIN,SCEW_2_PDRP89-APND,AP Node,30.87596,31.42225,0.0,-0.5463,0.0
2025-10-12 05:45:00-07:00,2025-10-12 12:45:00+00:00,2025-10-12 05:50:00-07:00,2025-10-12 12:50:00+00:00,REAL_TIME_5_MIN,ANAHEIM_6_N001,Node,31.79529,32.35503,0.0,-0.55974,0.0
2025-10-12 05:45:00-07:00,2025-10-12 12:45:00+00:00,2025-10-12 05:50:00-07:00,2025-10-12 12:50:00+00:00,REAL_TIME_5_MIN,MKT_SUB_LNODEONC,Node,33.2565,32.35503,-0.0012,0.90267,0.0
2025-10-12 05:45:00-07:00,2025-10-12 12:45:00+00:00,2025-10-12 05:50:00-07:00,2025-10-12 12:50:00+00:00,REAL_TIME_5_MIN,SCEW_2_PDRP89-APND,AP Node,31.89064,32.35503,0.0,-0.46439,0.0
2025-10-12 05:50:00-07:00,2025-10-12 12:50:00+00:00,2025-10-12 05:55:00-07:00,2025-10-12 12:55:00+00:00,REAL_TIME_5_MIN,ANAHEIM_6_N001,Node,32.85081,33.42914,0.0,-0.57832,0.0
2025-10-12 05:50:00-07:00,2025-10-12 12:50:00+00:00,2025-10-12 05:55:00-07:00,2025-10-12 12:55:00+00:00,REAL_TIME_5_MIN,MKT_SUB_LNODEONC,Node,34.36058,33.42914,-0.0012,0.93264,0.0
2025-10-12 05:50:00-07:00,2025-10-12 12:50:00+00:00,2025-10-12 05:55:00-07:00,2025-10-12 12:55:00+00:00,REAL_TIME_5_MIN,SCEW_2_PDRP89-APND,AP Node,32.94933,33.42914,0.0,-0.47981,0.0
2025-10-12 05:55:00-07:00,2025-10-12 12:55:00+00:00,2025-10-12 06:00:00-07:00,2025-10-12 13:00:00+00:00,REAL_TIME_5_MIN,ANAHEIM_6_N001,Node,34.32887,34.93321,0.0,-0.60434,0.0
2025-10-12 05:55:00-07:00,2025-10-12 12:55:00+00:00,2025-10-12 06:00:00-07:00,2025-10-12 13:00:00+00:00,REAL_TIME_5_MIN,MKT_SUB_LNODEONC,Node,35.90662,34.93321,-0.0012,0.9746,0.0
2025-10-12 05:55:00-07:00,2025-10-12 12:55:00+00:00,2025-10-12 06:00:00-07:00,2025-10-12 13:00:00+00:00,REAL_TIME_5_MIN,SCEW_2_PDRP89-APND,AP Node,34.43182,34.93321,0.0,-0.5014,0.0
2025-10-12 06:00:00-07:00,2025-10-12 13:00:00+00:00,2025-10-12 06:05:00-07:00,2025-10-12 13:05:00+00:00,REAL_TIME_5_MIN,ANAHEIM_6_N001,Node,29.51639,30.13414,0.0,-0.61775,0.0
2025-10-12 06:00:00-07:00,2025-10-12 13:00:00+00:00,2025-10-12 06:05:00-07:00,2025-10-12 13:05:00+00:00,REAL_TIME_5_MIN,MKT_SUB_LNODEONC,Node,31.15143,30.13414,-0.0012,1.01849,0.0
2025-10-12 06:00:00-07:00,2025-10-12 13:00:00+00:00,2025-10-12 06:05:00-07:00,2025-10-12 13:05:00+00:00,REAL_TIME_5_MIN,SCEW_2_PDRP89-APND,AP Node,29.60519,30.13414,0.0,-0.52895,0.0
2025-10-12 06:05:00-07:00,2025-10-12 13:05:00+00:00,2025-10-12 06:10:00-07:00,2025-10-12 13:10:00+00:00,REAL_TIME_5_MIN,ANAHEIM_6_N001,Node,30.17684,30.80841,0.0,-0.63157,0.0
2025-10-12 06:05:00-07:00,2025-10-12 13:05:00+00:00,2025-10-12 06:10:00-07:00,2025-10-12 13:10:00+00:00,REAL_TIME_5_MIN,MKT_SUB_LNODEONC,Node,31.84849,30.80841,-0.0012,1.04128,0.0
2025-10-12 06:05:00-07:00,2025-10-12 13:05:00+00:00,2025-10-12 06:10:00-07:00,2025-10-12 13:10:00+00:00,REAL_TIME_5_MIN,SCEW_2_PDRP89-APND,AP Node,30.26762,30.80841,0.0,-0.54079,0.0
2025-10-12 06:10:00-07:00,2025-10-12 13:10:00+00:00,2025-10-12 06:15:00-07:00,2025-10-12 13:15:00+00:00,REAL_TIME_5_MIN,ANAHEIM_6_N001,Node,31.25646,31.91063,0.0,-0.65417,0.0
2025-10-12 06:10:00-07:00,2025-10-12 13:10:00+00:00,2025-10-12 06:15:00-07:00,2025-10-12 13:15:00+00:00,REAL_TIME_5_MIN,MKT_SUB_LNODEONC,Node,32.98797,31.91063,-0.0012,1.07854,0.0
2025-10-12 06:10:00-07:00,2025-10-12 13:10:00+00:00,2025-10-12 06:15:00-07:00,2025-10-12 13:15:00+00:00,REAL_TIME_5_MIN,SCEW_2_PDRP89-APND,AP Node,31.3505,31.91063,0.0,-0.56013,0.0
2025-10-12 06:15:00-07:00,2025-10-12 13:15:00+00:00,2025-10-12 06:20:00-07:00,2025-10-12 13:20:00+00:00,REAL_TIME_5_MIN,ANAHEIM_6_N001,Node,31.30533,31.93118,0.0,-0.62585,0.0
2025-10-12 06:15:00-07:00,2025-10-12 13:15:00+00:00,2025-10-12 06:20:00-07:00,2025-10-12 13:20:00+00:00,REAL_TIME_5_MIN,MKT_SUB_LNODEONC,Node,33.06668,31.93118,-0.0012,1.13671,0.0
2025-10-12 06:15:00-07:00,2025-10-12 13:15:00+00:00,2025-10-12 06:20:00-07:00,2025-10-12 13:20:00+00:00,REAL_TIME_5_MIN,SCEW_2_PDRP89-APND,AP Node,31.39727,31.93118,0.0,-0.53391,0.0
2025-10-12 06:20:00-07:00,2025-10-12 13:20:00+00:00,2025-10-12 06:25:00-07:00,2025-10-12 13:25:00+00:00,REAL_TIME_5_MIN,ANAHEIM_6_N001,Node,32.54424,33.19486,0.0,-0.65062,0.0
2025-10-12 06:20:00-07:00,2025-10-12 13:20:00+00:00,2025-10-12 06:25:00-07:00,2025-10-12 13:25:00+00:00,REAL_TIME_5_MIN,MKT_SUB_LNODEONC,Node,34.37535,33.19486,-0.0012,1.18169,0.0
2025-10-12 06:20:00-07:00,2025-10-12 13:20:00+00:00,2025-10-12 06:25:00-07:00,2025-10-12 13:25:00+00:00,REAL_TIME_5_MIN,SCEW_2_PDRP89-APND,AP Node,32.63982,33.19486,0.0,-0.55504,0.0
2025-10-12 06:25:00-07:00,2025-10-12 13:25:00+00:00,2025-10-12 06:30:00-07:00,2025-10-12 13:30:00+00:00,REAL_TIME_5_MIN,ANAHEIM_6_N001,Node,35.52732,36.23758,0.0,-0.71026,0.0
2025-10-12 06:25:00-07:00,2025-10-12 13:25:00+00:00,2025-10-12 06:30:00-07:00,2025-10-12 13:30:00+00:00,REAL_TIME_5_MIN,MKT_SUB_LNODEONC,Node,37.52639,36.23758,-0.0012,1.29002,0.0
2025-10-12 06:25:00-07:00,2025-10-12 13:25:00+00:00,2025-10-12 06:30:00-07:00,2025-10-12 13:30:00+00:00,REAL_TIME_5_MIN,SCEW_2_PDRP89-APND,AP Node,35.63166,36.23758,0.0,-0.60592,0.0
2025-10-12 06:30:00-07:00,2025-10-12 13:30:00+00:00,2025-10-12 06:35:00-07:00,2025-10-12 13:35:00+00:00,REAL_TIME_5_MIN,ANAHEIM_6_N001,Node,36.72938,37.48278,0.0,-0.7534,0.0
2025-10-12 06:30:00-07:00,2025-10-12 13:30:00+00:00,2025-10-12 06:35:00-07:00,2025-10-12 13:35:00+00:00,REAL_TIME_5_MIN,MKT_SUB_LNODEONC,Node,38.88339,37.48278,-0.0012,1.40181,0.0
2025-10-12 06:30:00-07:00,2025-10-12 13:30:00+00:00,2025-10-12 06:35:00-07:00,2025-10-12 13:35:00+00:00,REAL_TIME_5_MIN,SCEW_2_PDRP89-APND,AP Node,36.83494,37.48278,0.0,-0.64784,0.0
2025-10-12 06:35:00-07:00,2025-10-12 13:35:00+00:00,2025-10-12 06:40:00-07:00,2025-10-12 13:40:00+00:00,REAL_TIME_5_MIN,ANAHEIM_6_N001,Node,36.72938,37.48278,0.0,-0.7534,0.0
2025-10-12 06:35:00-07:00,2025-10-12 13:35:00+00:00,2025-10-12 06:40:00-07:00,2025-10-12 13:40:00+00:00,REAL_TIME_5_MIN,MKT_SUB_LNODEONC,Node,38.88339,37.48278,-0.0012,1.40181,0.0
2025-10-12 06:35:00-07:00,2025-10-12 13:35:00+00:00,2025-10-12 06:40:00-07:00,2025-10-12 13:40:00+00:00,REAL_TIME_5_MIN,SCEW_2_PDRP89-APND,AP Node,36.83494,37.48278,0.0,-0.64784,0.0
2025-10-12 06:40:00-07:00,2025-10-12 13:40:00+00:00,2025-10-12 06:45:00-07:00,2025-10-12 13:45:00+00:00,REAL_TIME_5_MIN,ANAHEIM_6_N001,Node,37.87851,38.65548,0.0,-0.77698,0.0
2025-10-12 06:40:00-07:00,2025-10-12 13:40:00+00:00,2025-10-12 06:45:00-07:00,2025-10-12 13:45:00+00:00,REAL_TIME_5_MIN,MKT_SUB_LNODEONC,Node,40.09995,38.65548,-0.0012,1.44567,0.0
2025-10-12 06:40:00-07:00,2025-10-12 13:40:00+00:00,2025-10-12 06:45:00-07:00,2025-10-12 13:45:00+00:00,REAL_TIME_5_MIN,SCEW_2_PDRP89-APND,AP Node,37.98737,38.65548,0.0,-0.66811,0.0
2025-10-12 06:45:00-07:00,2025-10-12 13:45:00+00:00,2025-10-12 06:50:00-07:00,2025-10-12 13:50:00+00:00,REAL_TIME_5_MIN,ANAHEIM_6_N001,Node,40.84648,41.61214,0.0,-0.76566,0.0
2025-10-12 06:45:00-07:00,2025-10-12 13:45:00+00:00,2025-10-12 06:50:00-07:00,2025-10-12 13:50:00+00:00,REAL_TIME_5_MIN,MKT_SUB_LNODEONC,Node,43.2088,41.61214,-0.0012,1.59786,0.0
2025-10-12 06:45:00-07:00,2025-10-12 13:45:00+00:00,2025-10-12 06:50:00-07:00,2025-10-12 13:50:00+00:00,REAL_TIME_5_MIN,SCEW_2_PDRP89-APND,AP Node,40.96222,41.61214,0.0,-0.64992,0.0
2025-10-12 06:50:00-07:00,2025-10-12 13:50:00+00:00,2025-10-12 06:55:00-07:00,2025-10-12 13:55:00+00:00,REAL_TIME_5_MIN,ANAHEIM_6_N001,Node,45.54984,46.40367,0.0,-0.85383,0.0
2025-10-12 06:50:00-07:00,2025-10-12 13:50:00+00:00,2025-10-12 06:55:00-07:00,2025-10-12 13:55:00+00:00,REAL_TIME_5_MIN,MKT_SUB_LNODEONC,Node,48.18432,46.40367,-0.0012,1.78185,0.0
2025-10-12 06:50:00-07:00,2025-10-12 13:50:00+00:00,2025-10-12 06:55:00-07:00,2025-10-12 13:55:00+00:00,REAL_TIME_5_MIN,SCEW_2_PDRP89-APND,AP Node,45.67891,46.40367,0.0,-0.72475,0.0
2025-10-12 06:55:00-07:00,2025-10-12 13:55:00+00:00,2025-10-12 07:00:00-07:00,2025-10-12 14:00:00+00:00,REAL_TIME_5_MIN,ANAHEIM_6_N001,Node,48.82908,49.74438,0.0,-0.9153,0.0
2025-10-12 06:55:00-07:00,2025-10-12 13:55:00+00:00,2025-10-12 07:00:00-07:00,2025-10-12 14:00:00+00:00,REAL_TIME_5_MIN,MKT_SUB_LNODEONC,Node,51.65332,49.74438,-0.0012,1.91014,0.0
2025-10-12 06:55:00-07:00,2025-10-12 13:55:00+00:00,2025-10-12 07:00:00-07:00,2025-10-12 14:00:00+00:00,REAL_TIME_5_MIN,SCEW_2_PDRP89-APND,AP Node,48.96745,49.74438,0.0,-0.77693,0.0
2025-10-12 07:00:00-07:00,2025-10-12 14:00:00+00:00,2025-10-12 07:05:00-07:00,2025-10-12 14:05:00+00:00,REAL_TIME_5_MIN,ANAHEIM_6_N001,Node,85.08947,86.5082,0.0,-1.41873,0.0
2025-10-12 07:00:00-07:00,2025-10-12 14:00:00+00:00,2025-10-12 07:05:00-07:00,2025-10-12 14:05:00+00:00,REAL_TIME_5_MIN,MKT_SUB_LNODEONC,Node,90.36647,86.5082,0.0,3.85827,0.0
2025-10-12 07:00:00-07:00,2025-10-12 14:00:00+00:00,2025-10-12 07:05:00-07:00,2025-10-12 14:05:00+00:00,REAL_TIME_5_MIN,SCEW_2_PDRP89-APND,AP Node,85.35282,86.5082,0.0,-1.15538,0.0
2025-10-12 07:05:00-07:00,2025-10-12 14:05:00+00:00,2025-10-12 07:10:00-07:00,2025-10-12 14:10:00+00:00,REAL_TIME_5_MIN,ANAHEIM_6_N001,Node,101.63902,103.33369,0.0,-1.69467,0.0
2025-10-12 07:05:00-07:00,2025-10-12 14:05:00+00:00,2025-10-12 07:10:00-07:00,2025-10-12 14:10:00+00:00,REAL_TIME_5_MIN,MKT_SUB_LNODEONC,Node,107.94238,103.33369,0.0,4.60868,0.0
2025-10-12 07:05:00-07:00,2025-10-12 14:05:00+00:00,2025-10-12 07:10:00-07:00,2025-10-12 14:10:00+00:00,REAL_TIME_5_MIN,SCEW_2_PDRP89-APND,AP Node,101.9536,103.33369,0.0,-1.3801,0.0
2025-10-12 07:10:00-07:00,2025-10-12 14:10:00+00:00,2025-10-12 07:15:00-07:00,2025-10-12 14:15:00+00:00,REAL_TIME_5_MIN,ANAHEIM_6_N001,Node,103.2483,104.9698,0.0,-1.7215,0.0
2025-10-12 07:10:00-07:00,2025-10-12 14:10:00+00:00,2025-10-12 07:15:00-07:00,2025-10-12 14:15:00+00:00,REAL_TIME_5_MIN,MKT_SUB_LNODEONC,Node,109.65145,104.9698,0.0,4.68165,0.0
2025-10-12 07:10:00-07:00,2025-10-12 14:10:00+00:00,2025-10-12 07:15:00-07:00,2025-10-12 14:15:00+00:00,REAL_TIME_5_MIN,SCEW_2_PDRP89-APND,AP Node,103.56785,104.9698,0.0,-1.40195,0.0
2025-10-12 07:15:00-07:00,2025-10-12 14:15:00+00:00,2025-10-12 07:20:00-07:00,2025-10-12 14:20:00+00:00,REAL_TIME_5_MIN,ANAHEIM_6_N001,Node,95.82759,98.40583,0.0,-2.57823,0.0
2025-10-12 07:15:00-07:00,2025-10-12 14:15:00+00:00,2025-10-12 07:20:00-07:00,2025-10-12 14:20:00+00:00,REAL_TIME_5_MIN,MKT_SUB_LNODEONC,Node,102.99154,98.40583,0.0,4.58571,0.0
2025-10-12 07:15:00-07:00,2025-10-12 14:15:00+00:00,2025-10-12 07:20:00-07:00,2025-10-12 14:20:00+00:00,REAL_TIME_5_MIN,SCEW_2_PDRP89-APND,AP Node,96.13329,98.40583,0.0,-2.27254,0.0
2025-10-12 07:20:00-07:00,2025-10-12 14:20:00+00:00,2025-10-12 07:25:00-07:00,2025-10-12 14:25:00+00:00,REAL_TIME_5_MIN,ANAHEIM_6_N001,Node,57.63369,59.18432,0.0,-1.55063,0.0
2025-10-12 07:20:00-07:00,2025-10-12 14:20:00+00:00,2025-10-12 07:25:00-07:00,2025-10-12 14:25:00+00:00,REAL_TIME_5_MIN,MKT_SUB_LNODEONC,Node,61.94106,59.18432,-0.0012,2.75793,0.0
2025-10-12 07:20:00-07:00,2025-10-12 14:20:00+00:00,2025-10-12 07:25:00-07:00,2025-10-12 14:25:00+00:00,REAL_TIME_5_MIN,SCEW_2_PDRP89-APND,AP Node,57.81755,59.18432,0.0,-1.36677,0.0
2025-10-12 07:25:00-07:00,2025-10-12 14:25:00+00:00,2025-10-12 07:30:00-07:00,2025-10-12 14:30:00+00:00,REAL_TIME_5_MIN,ANAHEIM_6_N001,Node,47.47948,48.75691,0.0,-1.27743,0.0
2025-10-12 07:25:00-07:00,2025-10-12 14:25:00+00:00,2025-10-12 07:30:00-07:00,2025-10-12 14:30:00+00:00,REAL_TIME_5_MIN,MKT_SUB_LNODEONC,Node,51.02773,48.75691,-0.0012,2.27202,0.0
2025-10-12 07:25:00-07:00,2025-10-12 14:25:00+00:00,2025-10-12 07:30:00-07:00,2025-10-12 14:30:00+00:00,REAL_TIME_5_MIN,SCEW_2_PDRP89-APND,AP Node,47.63095,48.75691,0.0,-1.12597,0.0
2025-10-12 07:30:00-07:00,2025-10-12 14:30:00+00:00,2025-10-12 07:35:00-07:00,2025-10-12 14:35:00+00:00,REAL_TIME_5_MIN,ANAHEIM_6_N001,Node,47.04676,48.48182,0.0,-1.43506,0.0
2025-10-12 07:30:00-07:00,2025-10-12 14:30:00+00:00,2025-10-12 07:35:00-07:00,2025-10-12 14:35:00+00:00,REAL_TIME_5_MIN,MKT_SUB_LNODEONC,Node,50.62831,48.48182,-0.0012,2.14769,0.0
2025-10-12 07:30:00-07:00,2025-10-12 14:30:00+00:00,2025-10-12 07:35:00-07:00,2025-10-12 14:35:00+00:00,REAL_TIME_5_MIN,SCEW_2_PDRP89-APND,AP Node,47.20514,48.48182,0.0,-1.27669,0.0
2025-10-12 07:35:00-07:00,2025-10-12 14:35:00+00:00,2025-10-12 07:40:00-07:00,2025-10-12 14:40:00+00:00,REAL_TIME_5_MIN,ANAHEIM_6_N001,Node,39.98636,41.20606,0.0,-1.2197,0.0
2025-10-12 07:35:00-07:00,2025-10-12 14:35:00+00:00,2025-10-12 07:40:00-07:00,2025-10-12 14:40:00+00:00,REAL_TIME_5_MIN,MKT_SUB_LNODEONC,Node,43.03024,41.20606,-0.0012,1.82538,0.0
2025-10-12 07:35:00-07:00,2025-10-12 14:35:00+00:00,2025-10-12 07:40:00-07:00,2025-10-12 14:40:00+00:00,REAL_TIME_5_MIN,SCEW_2_PDRP89-APND,AP Node,40.12097,41.20606,0.0,-1.08509,0.0
2025-10-12 07:40:00-07:00,2025-10-12 14:40:00+00:00,2025-10-12 07:45:00-07:00,2025-10-12 14:45:00+00:00,REAL_TIME_5_MIN,ANAHEIM_6_N001,Node,33.10896,34.89244,-0.75066,-1.03282,0.0
2025-10-12 07:40:00-07:00,2025-10-12 14:40:00+00:00,2025-10-12 07:45:00-07:00,2025-10-12 14:45:00+00:00,REAL_TIME_5_MIN,MKT_SUB_LNODEONC,Node,35.68256,34.89244,-0.75556,1.54568,0.0
2025-10-12 07:40:00-07:00,2025-10-12 14:40:00+00:00,2025-10-12 07:45:00-07:00,2025-10-12 14:45:00+00:00,REAL_TIME_5_MIN,SCEW_2_PDRP89-APND,AP Node,33.22054,34.89244,-0.75306,-0.91883,0.0
2025-10-12 07:45:00-07:00,2025-10-12 14:45:00+00:00,2025-10-12 07:50:00-07:00,2025-10-12 14:50:00+00:00,REAL_TIME_5_MIN,ANAHEIM_6_N001,Node,28.06067,32.28669,-3.17025,-1.05577,0.0
2025-10-12 07:45:00-07:00,2025-10-12 14:45:00+00:00,2025-10-12 07:50:00-07:00,2025-10-12 14:50:00+00:00,REAL_TIME_5_MIN,MKT_SUB_LNODEONC,Node,30.48467,32.28669,-3.18706,1.38505,0.0
2025-10-12 07:45:00-07:00,2025-10-12 14:45:00+00:00,2025-10-12 07:50:00-07:00,2025-10-12 14:50:00+00:00,REAL_TIME_5_MIN,SCEW_2_PDRP89-APND,AP Node,28.15713,32.28669,-3.18038,-0.94918,0.0
2025-10-12 07:50:00-07:00,2025-10-12 14:50:00+00:00,2025-10-12 07:55:00-07:00,2025-10-12 14:55:00+00:00,REAL_TIME_5_MIN,ANAHEIM_6_N001,Node,24.21075,28.89345,-3.73788,-0.94482,0.0
2025-10-12 07:50:00-07:00,2025-10-12 14:50:00+00:00,2025-10-12 07:55:00-07:00,2025-10-12 14:55:00+00:00,REAL_TIME_5_MIN,MKT_SUB_LNODEONC,Node,26.38206,28.89345,-3.75088,1.23948,0.0
2025-10-12 07:50:00-07:00,2025-10-12 14:50:00+00:00,2025-10-12 07:55:00-07:00,2025-10-12 14:55:00+00:00,REAL_TIME_5_MIN,SCEW_2_PDRP89-APND,AP Node,24.30646,28.89345,-3.73757,-0.84942,0.0
2025-10-12 07:55:00-07:00,2025-10-12 14:55:00+00:00,2025-10-12 08:00:00-07:00,2025-10-12 15:00:00+00:00,REAL_TIME_5_MIN,ANAHEIM_6_N001,Node,25.16731,28.97781,-2.86293,-0.94757,0.0
2025-10-12 07:55:00-07:00,2025-10-12 14:55:00+00:00,2025-10-12 08:00:00-07:00,2025-10-12 15:00:00+00:00,REAL_TIME_5_MIN,MKT_SUB_LNODEONC,Node,27.34775,28.97781,-2.87316,1.2431,0.0
2025-10-12 07:55:00-07:00,2025-10-12 14:55:00+00:00,2025-10-12 08:00:00-07:00,2025-10-12 15:00:00+00:00,REAL_TIME_5_MIN,SCEW_2_PDRP89-APND,AP Node,25.26323,28.97781,-2.86268,-0.8519,0.0
2025-10-12 08:00:00-07:00,2025-10-12 15:00:00+00:00,2025-10-12 08:05:00-07:00,2025-10-12 15:05:00+00:00,REAL_TIME_5_MIN,ANAHEIM_6_N001,Node,34.81838,36.14865,0.0,-1.33027,0.0
2025-10-12 08:00:00-07:00,2025-10-12 15:00:00+00:00,2025-10-12 08:05:00-07:00,2025-10-12 15:05:00+00:00,REAL_TIME_5_MIN,MKT_SUB_LNODEONC,Node,37.77895,36.14865,0.0,1.6303,0.0
2025-10-12 08:00:00-07:00,2025-10-12 15:00:00+00:00,2025-10-12 08:05:00-07:00,2025-10-12 15:05:00+00:00,REAL_TIME_5_MIN,SCEW_2_PDRP89-APND,AP Node,34.94342,36.14865,0.0,-1.20523,0.0
2025-10-12 08:05:00-07:00,2025-10-12 15:05:00+00:00,2025-10-12 08:10:00-07:00,2025-10-12 15:10:00+00:00,REAL_TIME_5_MIN,ANAHEIM_6_N001,Node,34.81838,36.14865,0.0,-1.33027,0.0
2025-10-12 08:05:00-07:00,2025-10-12 15:05:00+00:00,2025-10-12 08:10:00-07:00,2025-10-12 15:10:00+00:00,REAL_TIME_5_MIN,MKT_SUB_LNODEONC,Node,37.77895,36.14865,0.0,1.6303,0.0
2025-10-12 08:05:00-07:00,2025-10-12 15:05:00+00:00,2025-10-12 08:10:00-07:00,2025-10-12 15:10:00+00:00,REAL_TIME_5_MIN,SCEW_2_PDRP89-APND,AP Node,34.94342,36.14865,0.0,-1.20523,0.0
2025-10-12 08:10:00-07:00,2025-10-12 15:10:00+00:00,2025-10-12 08:15:00-07:00,2025-10-12 15:15:00+00:00,REAL_TIME_5_MIN,ANAHEIM_6_N001,Node,32.63235,33.87911,0.0,-1.24675,0.0
2025-10-12 08:10:00-07:00,2025-10-12 15:10:00+00:00,2025-10-12 08:15:00-07:00,2025-10-12 15:15:00+00:00,REAL_TIME_5_MIN,MKT_SUB_LNODEONC,Node,35.40705,33.87911,0.0,1.52795,0.0
2025-10-12 08:10:00-07:00,2025-10-12 15:10:00+00:00,2025-10-12 08:15:00-07:00,2025-10-12 15:15:00+00:00,REAL_TIME_5_MIN,SCEW_2_PDRP89-APND,AP Node,32.74955,33.87911,0.0,-1.12956,0.0
2025-10-12 08:15:00-07:00,2025-10-12 15:15:00+00:00,2025-10-12 08:20:00-07:00,2025-10-12 15:20:00+00:00,REAL_TIME_5_MIN,ANAHEIM_6_N001,Node,14.28315,23.90186,-8.68176,-0.93695,0.0
2025-10-12 08:15:00-07:00,2025-10-12 15:15:00+00:00,2025-10-12 08:20:00-07:00,2025-10-12 15:20:00+00:00,REAL_TIME_5_MIN,MKT_SUB_LNODEONC,Node,16.22197,23.90186,-8.73636,1.05646,0.0
2025-10-12 08:15:00-07:00,2025-10-12 15:15:00+00:00,2025-10-12 08:20:00-07:00,2025-10-12 15:20:00+00:00,REAL_TIME_5_MIN,SCEW_2_PDRP89-APND,AP Node,14.35127,23.90186,-8.69945,-0.85114,0.0
2025-10-12 08:20:00-07:00,2025-10-12 15:20:00+00:00,2025-10-12 08:25:00-07:00,2025-10-12 15:25:00+00:00,REAL_TIME_5_MIN,ANAHEIM_6_N001,Node,13.36547,23.50748,-9.22051,-0.92149,0.0
2025-10-12 08:20:00-07:00,2025-10-12 15:20:00+00:00,2025-10-12 08:25:00-07:00,2025-10-12 15:25:00+00:00,REAL_TIME_5_MIN,MKT_SUB_LNODEONC,Node,15.26801,23.50748,-9.2785,1.03903,0.0
2025-10-12 08:20:00-07:00,2025-10-12 15:20:00+00:00,2025-10-12 08:25:00-07:00,2025-10-12 15:25:00+00:00,REAL_TIME_5_MIN,SCEW_2_PDRP89-APND,AP Node,13.43108,23.50748,-9.2393,-0.8371,0.0
2025-10-12 08:25:00-07:00,2025-10-12 15:25:00+00:00,2025-10-12 08:30:00-07:00,2025-10-12 15:30:00+00:00,REAL_TIME_5_MIN,ANAHEIM_6_N001,Node,10.05103,21.67071,-10.77018,-0.84949,0.0
2025-10-12 08:25:00-07:00,2025-10-12 15:25:00+00:00,2025-10-12 08:30:00-07:00,2025-10-12 15:30:00+00:00,REAL_TIME_5_MIN,MKT_SUB_LNODEONC,Node,11.79063,21.67071,-10.83792,0.95785,0.0
2025-10-12 08:25:00-07:00,2025-10-12 15:25:00+00:00,2025-10-12 08:30:00-07:00,2025-10-12 15:30:00+00:00,REAL_TIME_5_MIN,SCEW_2_PDRP89-APND,AP Node,10.10688,21.67071,-10.79214,-0.77169,0.0
2025-10-12 08:30:00-07:00,2025-10-12 15:30:00+00:00,2025-10-12 08:35:00-07:00,2025-10-12 15:35:00+00:00,REAL_TIME_5_MIN,ANAHEIM_6_N001,Node,10.23849,20.62759,-9.62176,-0.76735,0.0
2025-10-12 08:30:00-07:00,2025-10-12 15:30:00+00:00,2025-10-12 08:35:00-07:00,2025-10-12 15:35:00+00:00,REAL_TIME_5_MIN,MKT_SUB_LNODEONC,Node,11.86756,20.62759,-9.68208,0.92205,0.0
2025-10-12 08:30:00-07:00,2025-10-12 15:30:00+00:00,2025-10-12 08:35:00-07:00,2025-10-12 15:35:00+00:00,REAL_TIME_5_MIN,SCEW_2_PDRP89-APND,AP Node,10.29238,20.62759,-9.64131,-0.69391,0.0
2025-10-12 08:35:00-07:00,2025-10-12 15:35:00+00:00,2025-10-12 08:40:00-07:00,2025-10-12 15:40:00+00:00,REAL_TIME_5_MIN,ANAHEIM_6_N001,Node,10.19412,17.89531,-7.03548,-0.66571,0.0
2025-10-12 08:35:00-07:00,2025-10-12 15:35:00+00:00,2025-10-12 08:40:00-07:00,2025-10-12 15:40:00+00:00,REAL_TIME_5_MIN,MKT_SUB_LNODEONC,Node,11.61564,17.89531,-7.07959,0.79992,0.0
2025-10-12 08:35:00-07:00,2025-10-12 15:35:00+00:00,2025-10-12 08:40:00-07:00,2025-10-12 15:40:00+00:00,REAL_TIME_5_MIN,SCEW_2_PDRP89-APND,AP Node,10.24353,17.89531,-7.04978,-0.60199,0.0
2025-10-12 08:40:00-07:00,2025-10-12 15:40:00+00:00,2025-10-12 08:45:00-07:00,2025-10-12 15:45:00+00:00,REAL_TIME_5_MIN,ANAHEIM_6_N001,Node,10.0118,16.49518,-5.86977,-0.61362,0.0
2025-10-12 08:40:00-07:00,2025-10-12 15:40:00+00:00,2025-10-12 08:45:00-07:00,2025-10-12 15:45:00+00:00,REAL_TIME_5_MIN,MKT_SUB_LNODEONC,Node,11.32595,16.49518,-5.90657,0.73733,0.0
2025-10-12 08:40:00-07:00,2025-10-12 15:40:00+00:00,2025-10-12 08:45:00-07:00,2025-10-12 15:45:00+00:00,REAL_TIME_5_MIN,SCEW_2_PDRP89-APND,AP Node,10.0586,16.49518,-5.88169,-0.55489,0.0
2025-10-12 08:45:00-07:00,2025-10-12 15:45:00+00:00,2025-10-12 08:50:00-07:00,2025-10-12 15:50:00+00:00,REAL_TIME_5_MIN,ANAHEIM_6_N001,Node,9.61766,12.1544,-2.0931,-0.44364,0.0
2025-10-12 08:45:00-07:00,2025-10-12 15:45:00+00:00,2025-10-12 08:50:00-07:00,2025-10-12 15:50:00+00:00,REAL_TIME_5_MIN,MKT_SUB_LNODEONC,Node,10.61019,12.1544,-2.09966,0.55546,0.0
2025-10-12 08:45:00-07:00,2025-10-12 15:45:00+00:00,2025-10-12 08:50:00-07:00,2025-10-12 15:50:00+00:00,REAL_TIME_5_MIN,SCEW_2_PDRP89-APND,AP Node,9.65784,12.1544,-2.09735,-0.3992,0.0
2025-10-12 08:50:00-07:00,2025-10-12 15:50:00+00:00,2025-10-12 08:55:00-07:00,2025-10-12 15:55:00+00:00,REAL_TIME_5_MIN,ANAHEIM_6_N001,Node,6.6857,11.93814,-4.81669,-0.43574,0.0
2025-10-12 08:50:00-07:00,2025-10-12 15:50:00+00:00,2025-10-12 08:55:00-07:00,2025-10-12 15:55:00+00:00,REAL_TIME_5_MIN,MKT_SUB_LNODEONC,Node,7.65192,11.93814,-4.83179,0.54557,0.0
2025-10-12 08:50:00-07:00,2025-10-12 15:50:00+00:00,2025-10-12 08:55:00-07:00,2025-10-12 15:55:00+00:00,REAL_TIME_5_MIN,SCEW_2_PDRP89-APND,AP Node,6.71955,11.93814,-4.82648,-0.3921,0.0
2025-10-12 08:55:00-07:00,2025-10-12 15:55:00+00:00,2025-10-12 09:00:00-07:00,2025-10-12 16:00:00+00:00,REAL_TIME_5_MIN,ANAHEIM_6_N001,Node,4.12298,9.29438,-4.83215,-0.33924,0.0
2025-10-12 08:55:00-07:00,2025-10-12 15:55:00+00:00,2025-10-12 09:00:00-07:00,2025-10-12 16:00:00+00:00,REAL_TIME_5_MIN,MKT_SUB_LNODEONC,Node,4.87183,9.29438,-4.8473,0.42475,0.0
2025-10-12 08:55:00-07:00,2025-10-12 15:55:00+00:00,2025-10-12 09:00:00-07:00,2025-10-12 16:00:00+00:00,REAL_TIME_5_MIN,SCEW_2_PDRP89-APND,AP Node,4.14714,9.29438,-4.84197,-0.30527,0.0
2025-10-12 09:00:00-07:00,2025-10-12 16:00:00+00:00,2025-10-12 09:05:00-07:00,2025-10-12 16:05:00+00:00,REAL_TIME_5_MIN,ANAHEIM_6_N001,Node,14.25382,14.76467,0.0,-0.51086,0.0
2025-10-12 09:00:00-07:00,2025-10-12 16:00:00+00:00,2025-10-12 09:05:00-07:00,2025-10-12 16:05:00+00:00,REAL_TIME_5_MIN,MKT_SUB_LNODEONC,Node,15.4217,14.76467,0.0,0.65703,0.0
2025-10-12 09:00:00-07:00,2025-10-12 16:00:00+00:00,2025-10-12 09:05:00-07:00,2025-10-12 16:05:00+00:00,REAL_TIME_5_MIN,SCEW_2_PDRP89-APND,AP Node,14.30583,14.76467,0.0,-0.45884,0.0
2025-10-12 09:05:00-07:00,2025-10-12 16:05:00+00:00,2025-10-12 09:10:00-07:00,2025-10-12 16:10:00+00:00,REAL_TIME_5_MIN,ANAHEIM_6_N001,Node,13.94935,14.98735,-0.51943,-0.51856,0.0
2025-10-12 09:05:00-07:00,2025-10-12 16:05:00+00:00,2025-10-12 09:10:00-07:00,2025-10-12 16:10:00+00:00,REAL_TIME_5_MIN,MKT_SUB_LNODEONC,Node,15.13322,14.98735,-0.52106,0.66694,0.0
2025-10-12 09:05:00-07:00,2025-10-12 16:05:00+00:00,2025-10-12 09:10:00-07:00,2025-10-12 16:10:00+00:00,REAL_TIME_5_MIN,SCEW_2_PDRP89-APND,AP Node,14.0011,14.98735,-0.52049,-0.46576,0.0
2025-10-12 09:10:00-07:00,2025-10-12 16:10:00+00:00,2025-10-12 09:15:00-07:00,2025-10-12 16:15:00+00:00,REAL_TIME_5_MIN,ANAHEIM_6_N001,Node,13.90373,15.18906,-0.75979,-0.52554,0.0
2025-10-12 09:10:00-07:00,2025-10-12 16:10:00+00:00,2025-10-12 09:15:00-07:00,2025-10-12 16:15:00+00:00,REAL_TIME_5_MIN,MKT_SUB_LNODEONC,Node,15.1028,15.18906,-0.76217,0.67591,0.0
2025-10-12 09:10:00-07:00,2025-10-12 16:10:00+00:00,2025-10-12 09:15:00-07:00,2025-10-12 16:15:00+00:00,REAL_TIME_5_MIN,SCEW_2_PDRP89-APND,AP Node,13.9557,15.18906,-0.76133,-0.47203,0.0
2025-10-12 09:15:00-07:00,2025-10-12 16:15:00+00:00,2025-10-12 09:20:00-07:00,2025-10-12 16:20:00+00:00,REAL_TIME_5_MIN,ANAHEIM_6_N001,Node,11.42784,11.83496,0.0,-0.40712,0.0
2025-10-12 09:15:00-07:00,2025-10-12 16:15:00+00:00,2025-10-12 09:20:00-07:00,2025-10-12 16:20:00+00:00,REAL_TIME_5_MIN,MKT_SUB_LNODEONC,Node,12.34978,11.83496,0.0,0.51482,0.0
2025-10-12 09:15:00-07:00,2025-10-12 16:15:00+00:00,2025-10-12 09:20:00-07:00,2025-10-12 16:20:00+00:00,REAL_TIME_5_MIN,SCEW_2_PDRP89-APND,AP Node,11.46918,11.83496,0.0,-0.36578,0.0
2025-10-12 09:20:00-07:00,2025-10-12 16:20:00+00:00,2025-10-12 09:25:00-07:00,2025-10-12 16:25:00+00:00,REAL_TIME_5_MIN,ANAHEIM_6_N001,Node,9.10262,9.42691,0.0,-0.32429,0.0
2025-10-12 09:20:00-07:00,2025-10-12 16:20:00+00:00,2025-10-12 09:25:00-07:00,2025-10-12 16:25:00+00:00,REAL_TIME_5_MIN,MKT_SUB_LNODEONC,Node,9.83698,9.42691,0.0,0.41007,0.0
2025-10-12 09:20:00-07:00,2025-10-12 16:20:00+00:00,2025-10-12 09:25:00-07:00,2025-10-12 16:25:00+00:00,REAL_TIME_5_MIN,SCEW_2_PDRP89-APND,AP Node,9.13555,9.42691,0.0,-0.29136,0.0
2025-10-12 09:25:00-07:00,2025-10-12 16:25:00+00:00,2025-10-12 09:30:00-07:00,2025-10-12 16:30:00+00:00,REAL_TIME_5_MIN,ANAHEIM_6_N001,Node,7.84826,8.12786,0.0,-0.2796,0.0
2025-10-12 09:25:00-07:00,2025-10-12 16:25:00+00:00,2025-10-12 09:30:00-07:00,2025-10-12 16:30:00+00:00,REAL_TIME_5_MIN,MKT_SUB_LNODEONC,Node,8.48143,8.12786,0.0,0.35356,0.0
2025-10-12 09:25:00-07:00,2025-10-12 16:25:00+00:00,2025-10-12 09:30:00-07:00,2025-10-12 16:30:00+00:00,REAL_TIME_5_MIN,SCEW_2_PDRP89-APND,AP Node,7.87665,8.12786,0.0,-0.25121,0.0
2025-10-12 09:30:00-07:00,2025-10-12 16:30:00+00:00,2025-10-12 09:35:00-07:00,2025-10-12 16:35:00+00:00,REAL_TIME_5_MIN,ANAHEIM_6_N001,Node,7.51207,7.77888,0.0,-0.26682,0.0
2025-10-12 09:30:00-07:00,2025-10-12 16:30:00+00:00,2025-10-12 09:35:00-07:00,2025-10-12 16:35:00+00:00,REAL_TIME_5_MIN,MKT_SUB_LNODEONC,Node,8.11415,7.77888,0.0,0.33527,0.0
2025-10-12 09:30:00-07:00,2025-10-12 16:30:00+00:00,2025-10-12 09:35:00-07:00,2025-10-12 16:35:00+00:00,REAL_TIME_5_MIN,SCEW_2_PDRP89-APND,AP Node,7.53694,7.77888,0.0,-0.24194,0.0
2025-10-12 09:35:00-07:00,2025-10-12 16:35:00+00:00,2025-10-12 09:40:00-07:00,2025-10-12 16:40:00+00:00,REAL_TIME_5_MIN,ANAHEIM_6_N001,Node,10.72694,11.10795,0.0,-0.381,0.0
2025-10-12 09:35:00-07:00,2025-10-12 16:35:00+00:00,2025-10-12 09:40:00-07:00,2025-10-12 16:40:00+00:00,REAL_TIME_5_MIN,MKT_SUB_LNODEONC,Node,11.5867,11.10795,0.0,0.47875,0.0
2025-10-12 09:35:00-07:00,2025-10-12 16:35:00+00:00,2025-10-12 09:40:00-07:00,2025-10-12 16:40:00+00:00,REAL_TIME_5_MIN,SCEW_2_PDRP89-APND,AP Node,10.76246,11.10795,0.0,-0.34549,0.0
2025-10-12 09:40:00-07:00,2025-10-12 16:40:00+00:00,2025-10-12 09:45:00-07:00,2025-10-12 16:45:00+00:00,REAL_TIME_5_MIN,ANAHEIM_6_N001,Node,10.30774,10.67385,0.0,-0.36611,0.0
2025-10-12 09:40:00-07:00,2025-10-12 16:40:00+00:00,2025-10-12 09:45:00-07:00,2025-10-12 16:45:00+00:00,REAL_TIME_5_MIN,MKT_SUB_LNODEONC,Node,11.13389,10.67385,0.0,0.46004,0.0
2025-10-12 09:40:00-07:00,2025-10-12 16:40:00+00:00,2025-10-12 09:45:00-07:00,2025-10-12 16:45:00+00:00,REAL_TIME_5_MIN,SCEW_2_PDRP89-APND,AP Node,10.34186,10.67385,0.0,-0.33198,0.0
2025-10-12 09:45:00-07:00,2025-10-12 16:45:00+00:00,2025-10-12 09:50:00-07:00,2025-10-12 16:50:00+00:00,REAL_TIME_5_MIN,ANAHEIM_6_N001,Node,6.66302,6.88542,0.0,-0.2224,0.0
2025-10-12 09:45:00-07:00,2025-10-12 16:45:00+00:00,2025-10-12 09:50:00-07:00,2025-10-12 16:50:00+00:00,REAL_TIME_5_MIN,MKT_SUB_LNODEONC,Node,7.2111,6.88542,0.0,0.32568,0.0
2025-10-12 09:45:00-07:00,2025-10-12 16:45:00+00:00,2025-10-12 09:50:00-07:00,2025-10-12 16:50:00+00:00,REAL_TIME_5_MIN,SCEW_2_PDRP89-APND,AP Node,6.68438,6.88542,0.0,-0.20104,0.0
2025-10-12 09:50:00-07:00,2025-10-12 16:50:00+00:00,2025-10-12 09:55:00-07:00,2025-10-12 16:55:00+00:00,REAL_TIME_5_MIN,ANAHEIM_6_N001,Node,6.62547,6.84661,0.0,-0.22115,0.0
2025-10-12 09:50:00-07:00,2025-10-12 16:50:00+00:00,2025-10-12 09:55:00-07:00,2025-10-12 16:55:00+00:00,REAL_TIME_5_MIN,MKT_SUB_LNODEONC,Node,7.17046,6.84661,0.0,0.32384,0.0
2025-10-12 09:50:00-07:00,2025-10-12 16:50:00+00:00,2025-10-12 09:55:00-07:00,2025-10-12 16:55:00+00:00,REAL_TIME_5_MIN,SCEW_2_PDRP89-APND,AP Node,6.64671,6.84661,0.0,-0.19991,0.0
2025-10-12 09:55:00-07:00,2025-10-12 16:55:00+00:00,2025-10-12 10:00:00-07:00,2025-10-12 17:00:00+00:00,REAL_TIME_5_MIN,ANAHEIM_6_N001,Node,5.83505,6.02982,0.0,-0.19476,0.0
2025-10-12 09:55:00-07:00,2025-10-12 16:55:00+00:00,2025-10-12 10:00:00-07:00,2025-10-12 17:00:00+00:00,REAL_TIME_5_MIN,MKT_SUB_LNODEONC,Node,6.31503,6.02982,0.0,0.28521,0.0
2025-10-12 09:55:00-07:00,2025-10-12 16:55:00+00:00,2025-10-12 10:00:00-07:00,2025-10-12 17:00:00+00:00,REAL_TIME_5_MIN,SCEW_2_PDRP89-APND,AP Node,5.85376,6.02982,0.0,-0.17606,0.0
2025-10-12 10:00:00-07:00,2025-10-12 17:00:00+00:00,2025-10-12 10:05:00-07:00,2025-10-12 17:05:00+00:00,REAL_TIME_5_MIN,ANAHEIM_6_N001,Node,6.32022,13.25191,-6.42944,-0.50225,0.0
2025-10-12 10:00:00-07:00,2025-10-12 17:00:00+00:00,2025-10-12 10:05:00-07:00,2025-10-12 17:05:00+00:00,REAL_TIME_5_MIN,MKT_SUB_LNODEONC,Node,13.888,13.25191,0.0,0.63609,0.0
2025-10-12 10:00:00-07:00,2025-10-12 17:00:00+00:00,2025-10-12 10:05:00-07:00,2025-10-12 17:05:00+00:00,REAL_TIME_5_MIN,SCEW_2_PDRP89-APND,AP Node,6.06577,13.25191,-6.72886,-0.45728,0.0
2025-10-12 10:05:00-07:00,2025-10-12 17:05:00+00:00,2025-10-12 10:10:00-07:00,2025-10-12 17:10:00+00:00,REAL_TIME_5_MIN,ANAHEIM_6_N001,Node,5.86114,14.33212,-7.92779,-0.54319,0.0
2025-10-12 10:05:00-07:00,2025-10-12 17:05:00+00:00,2025-10-12 10:10:00-07:00,2025-10-12 17:10:00+00:00,REAL_TIME_5_MIN,MKT_SUB_LNODEONC,Node,15.02006,14.33212,0.0,0.68794,0.0
2025-10-12 10:05:00-07:00,2025-10-12 17:05:00+00:00,2025-10-12 10:10:00-07:00,2025-10-12 17:10:00+00:00,REAL_TIME_5_MIN,SCEW_2_PDRP89-APND,AP Node,5.93204,14.33212,-7.90553,-0.49456,0.0
2025-10-12 10:10:00-07:00,2025-10-12 17:10:00+00:00,2025-10-12 10:15:00-07:00,2025-10-12 17:15:00+00:00,REAL_TIME_5_MIN,ANAHEIM_6_N001,Node,5.42392,13.3653,-7.43484,-0.50655,0.0
2025-10-12 10:10:00-07:00,2025-10-12 17:10:00+00:00,2025-10-12 10:15:00-07:00,2025-10-12 17:15:00+00:00,REAL_TIME_5_MIN,MKT_SUB_LNODEONC,Node,14.00684,13.3653,0.0,0.64153,0.0
2025-10-12 10:10:00-07:00,2025-10-12 17:10:00+00:00,2025-10-12 10:15:00-07:00,2025-10-12 17:15:00+00:00,REAL_TIME_5_MIN,SCEW_2_PDRP89-APND,AP Node,5.06989,13.3653,-7.83422,-0.4612,0.0
2025-10-12 10:15:00-07:00,2025-10-12 17:15:00+00:00,2025-10-12 10:20:00-07:00,2025-10-12 17:20:00+00:00,REAL_TIME_5_MIN,ANAHEIM_6_N001,Node,3.65787,9.44363,-5.48451,-0.30125,0.0
2025-10-12 10:15:00-07:00,2025-10-12 17:15:00+00:00,2025-10-12 10:20:00-07:00,2025-10-12 17:20:00+00:00,REAL_TIME_5_MIN,MKT_SUB_LNODEONC,Node,9.88371,9.44363,0.0,0.44007,0.0
2025-10-12 10:15:00-07:00,2025-10-12 17:15:00+00:00,2025-10-12 10:20:00-07:00,2025-10-12 17:20:00+00:00,REAL_TIME_5_MIN,SCEW_2_PDRP89-APND,AP Node,5.38339,9.44363,-3.79199,-0.26826,0.0
2025-10-12 10:20:00-07:00,2025-10-12 17:20:00+00:00,2025-10-12 10:25:00-07:00,2025-10-12 17:25:00+00:00,REAL_TIME_5_MIN,ANAHEIM_6_N001,Node,-0.80072,4.32187,-4.98472,-0.13787,0.0
2025-10-12 10:20:00-07:00,2025-10-12 17:20:00+00:00,2025-10-12 10:25:00-07:00,2025-10-12 17:25:00+00:00,REAL_TIME_5_MIN,MKT_SUB_LNODEONC,Node,4.52327,4.32187,0.0,0.2014,0.0
2025-10-12 10:20:00-07:00,2025-10-12 17:20:00+00:00,2025-10-12 10:25:00-07:00,2025-10-12 17:25:00+00:00,REAL_TIME_5_MIN,SCEW_2_PDRP89-APND,AP Node,0.75267,4.32187,-3.44643,-0.12277,0.0
2025-10-12 10:25:00-07:00,2025-10-12 17:25:00+00:00,2025-10-12 10:30:00-07:00,2025-10-12 17:30:00+00:00,REAL_TIME_5_MIN,ANAHEIM_6_N001,Node,-1.58057,2.98113,-4.46661,-0.0951,0.0
2025-10-12 10:25:00-07:00,2025-10-12 17:25:00+00:00,2025-10-12 10:30:00-07:00,2025-10-12 17:30:00+00:00,REAL_TIME_5_MIN,MKT_SUB_LNODEONC,Node,3.12005,2.98113,0.0,0.13892,0.0
2025-10-12 10:25:00-07:00,2025-10-12 17:25:00+00:00,2025-10-12 10:30:00-07:00,2025-10-12 17:30:00+00:00,REAL_TIME_5_MIN,SCEW_2_PDRP89-APND,AP Node,-0.19176,2.98113,-3.08821,-0.08468,0.0
2025-10-12 10:30:00-07:00,2025-10-12 17:30:00+00:00,2025-10-12 10:35:00-07:00,2025-10-12 17:35:00+00:00,REAL_TIME_5_MIN,ANAHEIM_6_N001,Node,-0.29078,4.35355,-4.52722,-0.11711,0.0
2025-10-12 10:30:00-07:00,2025-10-12 17:30:00+00:00,2025-10-12 10:35:00-07:00,2025-10-12 17:35:00+00:00,REAL_TIME_5_MIN,MKT_SUB_LNODEONC,Node,0.01658,4.35355,-4.52722,0.19025,0.0
2025-10-12 10:30:00-07:00,2025-10-12 17:30:00+00:00,2025-10-12 10:35:00-07:00,2025-10-12 17:35:00+00:00,REAL_TIME_5_MIN,SCEW_2_PDRP89-APND,AP Node,0.53484,4.35355,-3.7154,-0.10331,0.0
2025-10-12 10:35:00-07:00,2025-10-12 17:35:00+00:00,2025-10-12 10:40:00-07:00,2025-10-12 17:40:00+00:00,REAL_TIME_5_MIN,ANAHEIM_6_N001,Node,-0.05265,4.73177,-4.65714,-0.12728,0.0
2025-10-12 10:35:00-07:00,2025-10-12 17:35:00+00:00,2025-10-12 10:40:00-07:00,2025-10-12 17:40:00+00:00,REAL_TIME_5_MIN,MKT_SUB_LNODEONC,Node,0.28141,4.73177,-4.65714,0.20678,0.0
2025-10-12 10:35:00-07:00,2025-10-12 17:35:00+00:00,2025-10-12 10:40:00-07:00,2025-10-12 17:40:00+00:00,REAL_TIME_5_MIN,SCEW_2_PDRP89-APND,AP Node,0.79082,4.73177,-3.82867,-0.11228,0.0
2025-10-12 10:40:00-07:00,2025-10-12 17:40:00+00:00,2025-10-12 10:45:00-07:00,2025-10-12 17:45:00+00:00,REAL_TIME_5_MIN,ANAHEIM_6_N001,Node,-1.18421,3.48552,-4.57598,-0.09376,0.0
2025-10-12 10:40:00-07:00,2025-10-12 17:40:00+00:00,2025-10-12 10:45:00-07:00,2025-10-12 17:45:00+00:00,REAL_TIME_5_MIN,MKT_SUB_LNODEONC,Node,-0.93814,3.48552,-4.57598,0.15232,0.0
2025-10-12 10:40:00-07:00,2025-10-12 17:40:00+00:00,2025-10-12 10:45:00-07:00,2025-10-12 17:45:00+00:00,REAL_TIME_5_MIN,SCEW_2_PDRP89-APND,AP Node,-0.29249,3.48552,-3.6953,-0.08271,0.0
2025-10-12 10:45:00-07:00,2025-10-12 17:45:00+00:00,2025-10-12 10:50:00-07:00,2025-10-12 17:50:00+00:00,REAL_TIME_5_MIN,ANAHEIM_6_N001,Node,-0.92816,3.98113,-4.80936,-0.09993,0.0
2025-10-12 10:45:00-07:00,2025-10-12 17:45:00+00:00,2025-10-12 10:50:00-07:00,2025-10-12 17:50:00+00:00,REAL_TIME_5_MIN,MKT_SUB_LNODEONC,Node,4.1559,3.98113,0.0,0.17477,0.0
2025-10-12 10:45:00-07:00,2025-10-12 17:45:00+00:00,2025-10-12 10:50:00-07:00,2025-10-12 17:50:00+00:00,REAL_TIME_5_MIN,SCEW_2_PDRP89-APND,AP Node,0.56851,3.98113,-3.32519,-0.08743,0.0
2025-10-12 10:50:00-07:00,2025-10-12 17:50:00+00:00,2025-10-12 10:55:00-07:00,2025-10-12 17:55:00+00:00,REAL_TIME_5_MIN,ANAHEIM_6_N001,Node,0.99306,5.59298,-4.45954,-0.14038,0.0
2025-10-12 10:50:00-07:00,2025-10-12 17:50:00+00:00,2025-10-12 10:55:00-07:00,2025-10-12 17:55:00+00:00,REAL_TIME_5_MIN,MKT_SUB_LNODEONC,Node,5.83851,5.59298,0.0,0.24553,0.0
2025-10-12 10:50:00-07:00,2025-10-12 17:50:00+00:00,2025-10-12 10:55:00-07:00,2025-10-12 17:55:00+00:00,REAL_TIME_5_MIN,SCEW_2_PDRP89-APND,AP Node,2.38683,5.59298,-3.08332,-0.12283,0.0
2025-10-12 10:55:00-07:00,2025-10-12 17:55:00+00:00,2025-10-12 11:00:00-07:00,2025-10-12 18:00:00+00:00,REAL_TIME_5_MIN,ANAHEIM_6_N001,Node,-2.01714,3.03258,-4.9736,-0.07612,0.0
2025-10-12 10:55:00-07:00,2025-10-12 17:55:00+00:00,2025-10-12 11:00:00-07:00,2025-10-12 18:00:00+00:00,REAL_TIME_5_MIN,MKT_SUB_LNODEONC,Node,3.16571,3.03258,0.0,0.13313,0.0
2025-10-12 10:55:00-07:00,2025-10-12 17:55:00+00:00,2025-10-12 11:00:00-07:00,2025-10-12 18:00:00+00:00,REAL_TIME_5_MIN,SCEW_2_PDRP89-APND,AP Node,-0.47277,3.03258,-3.43874,-0.0666,0.0
2025-10-12 11:00:00-07:00,2025-10-12 18:00:00+00:00,2025-10-12 11:05:00-07:00,2025-10-12 18:05:00+00:00,REAL_TIME_5_MIN,ANAHEIM_6_N001,Node,-0.95846,3.36419,-4.23821,-0.08444,0.0
2025-10-12 11:00:00-07:00,2025-10-12 18:00:00+00:00,2025-10-12 11:05:00-07:00,2025-10-12 18:05:00+00:00,REAL_TIME_5_MIN,MKT_SUB_LNODEONC,Node,3.51356,3.36419,0.0,0.14937,0.0
2025-10-12 11:00:00-07:00,2025-10-12 18:00:00+00:00,2025-10-12 11:05:00-07:00,2025-10-12 18:05:00+00:00,REAL_TIME_5_MIN,SCEW_2_PDRP89-APND,AP Node,0.36111,3.36419,-2.9303,-0.07279,0.0
2025-10-12 11:05:00-07:00,2025-10-12 18:05:00+00:00,2025-10-12 11:10:00-07:00,2025-10-12 18:10:00+00:00,REAL_TIME_5_MIN,ANAHEIM_6_N001,Node,0.12862,5.47976,-5.2136,-0.13754,0.0
2025-10-12 11:05:00-07:00,2025-10-12 18:05:00+00:00,2025-10-12 11:10:00-07:00,2025-10-12 18:10:00+00:00,REAL_TIME_5_MIN,MKT_SUB_LNODEONC,Node,5.72307,5.47976,0.0,0.2433,0.0
2025-10-12 11:05:00-07:00,2025-10-12 18:05:00+00:00,2025-10-12 11:10:00-07:00,2025-10-12 18:10:00+00:00,REAL_TIME_5_MIN,SCEW_2_PDRP89-APND,AP Node,1.75652,5.47976,-3.60468,-0.11856,0.0
2025-10-12 11:10:00-07:00,2025-10-12 18:10:00+00:00,2025-10-12 11:15:00-07:00,2025-10-12 18:15:00+00:00,REAL_TIME_5_MIN,ANAHEIM_6_N001,Node,1.02608,6.91148,-5.71193,-0.17348,0.0
2025-10-12 11:10:00-07:00,2025-10-12 18:10:00+00:00,2025-10-12 11:15:00-07:00,2025-10-12 18:15:00+00:00,REAL_TIME_5_MIN,MKT_SUB_LNODEONC,Node,7.21835,6.91148,0.0,0.30687,0.0
2025-10-12 11:10:00-07:00,2025-10-12 18:10:00+00:00,2025-10-12 11:15:00-07:00,2025-10-12 18:15:00+00:00,REAL_TIME_5_MIN,SCEW_2_PDRP89-APND,AP Node,2.81272,6.91148,-3.94922,-0.14954,0.0
2025-10-12 11:15:00-07:00,2025-10-12 18:15:00+00:00,2025-10-12 11:20:00-07:00,2025-10-12 18:20:00+00:00,REAL_TIME_5_MIN,ANAHEIM_6_N001,Node,1.75586,7.96025,-6.0229,-0.18149,0.0
2025-10-12 11:15:00-07:00,2025-10-12 18:15:00+00:00,2025-10-12 11:20:00-07:00,2025-10-12 18:20:00+00:00,REAL_TIME_5_MIN,MKT_SUB_LNODEONC,Node,8.31528,7.96025,0.0,0.35503,0.0
2025-10-12 11:15:00-07:00,2025-10-12 18:15:00+00:00,2025-10-12 11:20:00-07:00,2025-10-12 18:20:00+00:00,REAL_TIME_5_MIN,SCEW_2_PDRP89-APND,AP Node,3.64081,7.96025,-4.16423,-0.15522,0.0
2025-10-12 11:20:00-07:00,2025-10-12 18:20:00+00:00,2025-10-12 11:25:00-07:00,2025-10-12 18:25:00+00:00,REAL_TIME_5_MIN,ANAHEIM_6_N001,Node,1.79444,7.16432,-5.20653,-0.16335,0.0
2025-10-12 11:20:00-07:00,2025-10-12 18:20:00+00:00,2025-10-12 11:25:00-07:00,2025-10-12 18:25:00+00:00,REAL_TIME_5_MIN,MKT_SUB_LNODEONC,Node,7.48385,7.16432,0.0,0.31953,0.0
2025-10-12 11:20:00-07:00,2025-10-12 18:20:00+00:00,2025-10-12 11:25:00-07:00,2025-10-12 18:25:00+00:00,REAL_TIME_5_MIN,SCEW_2_PDRP89-APND,AP Node,3.42483,7.16432,-3.59979,-0.1397,0.0
2025-10-12 11:25:00-07:00,2025-10-12 18:25:00+00:00,2025-10-12 11:30:00-07:00,2025-10-12 18:30:00+00:00,REAL_TIME_5_MIN,ANAHEIM_6_N001,Node,0.08487,7.0639,-6.81798,-0.16106,0.0
2025-10-12 11:25:00-07:00,2025-10-12 18:25:00+00:00,2025-10-12 11:30:00-07:00,2025-10-12 18:30:00+00:00,REAL_TIME_5_MIN,MKT_SUB_LNODEONC,Node,7.37895,7.0639,0.0,0.31505,0.0
2025-10-12 11:25:00-07:00,2025-10-12 18:25:00+00:00,2025-10-12 11:30:00-07:00,2025-10-12 18:30:00+00:00,REAL_TIME_5_MIN,SCEW_2_PDRP89-APND,AP Node,2.21222,7.0639,-4.71395,-0.13774,0.0
2025-10-12 11:30:00-07:00,2025-10-12 18:30:00+00:00,2025-10-12 11:35:00-07:00,2025-10-12 18:35:00+00:00,REAL_TIME_5_MIN,ANAHEIM_6_N001,Node,1.39106,6.41078,-4.88574,-0.13399,0.0
2025-10-12 11:30:00-07:00,2025-10-12 18:30:00+00:00,2025-10-12 11:35:00-07:00,2025-10-12 18:35:00+00:00,REAL_TIME_5_MIN,MKT_SUB_LNODEONC,Node,6.63475,6.41078,-0.05554,0.27951,0.0
2025-10-12 11:30:00-07:00,2025-10-12 18:30:00+00:00,2025-10-12 11:35:00-07:00,2025-10-12 18:35:00+00:00,REAL_TIME_5_MIN,SCEW_2_PDRP89-APND,AP Node,2.90261,6.41078,-3.39427,-0.1139,0.0
2025-10-12 11:35:00-07:00,2025-10-12 18:35:00+00:00,2025-10-12 11:40:00-07:00,2025-10-12 18:40:00+00:00,REAL_TIME_5_MIN,ANAHEIM_6_N001,Node,-0.1308,10.32603,-10.22449,-0.23234,0.0
2025-10-12 11:35:00-07:00,2025-10-12 18:35:00+00:00,2025-10-12 11:40:00-07:00,2025-10-12 18:40:00+00:00,REAL_TIME_5_MIN,MKT_SUB_LNODEONC,Node,4.96883,10.32603,-5.81155,0.45435,0.0
2025-10-12 11:35:00-07:00,2025-10-12 18:35:00+00:00,2025-10-12 11:40:00-07:00,2025-10-12 18:40:00+00:00,REAL_TIME_5_MIN,SCEW_2_PDRP89-APND,AP Node,1.35618,10.32603,-8.77253,-0.19732,0.0
2025-10-12 11:40:00-07:00,2025-10-12 18:40:00+00:00,2025-10-12 11:45:00-07:00,2025-10-12 18:45:00+00:00,REAL_TIME_5_MIN,ANAHEIM_6_N001,Node,-1.30252,9.28754,-10.37459,-0.21547,0.0
2025-10-12 11:40:00-07:00,2025-10-12 18:40:00+00:00,2025-10-12 11:45:00-07:00,2025-10-12 18:45:00+00:00,REAL_TIME_5_MIN,MKT_SUB_LNODEONC,Node,4.03576,9.28754,-5.65857,0.40679,0.0
2025-10-12 11:40:00-07:00,2025-10-12 18:40:00+00:00,2025-10-12 11:45:00-07:00,2025-10-12 18:45:00+00:00,REAL_TIME_5_MIN,SCEW_2_PDRP89-APND,AP Node,0.27209,9.28754,-8.83147,-0.18398,0.0
2025-10-12 11:45:00-07:00,2025-10-12 18:45:00+00:00,2025-10-12 11:50:00-07:00,2025-10-12 18:50:00+00:00,REAL_TIME_5_MIN,ANAHEIM_6_N001,Node,3.39934,11.59715,-7.94962,-0.24818,0.0
2025-10-12 11:45:00-07:00,2025-10-12 18:45:00+00:00,2025-10-12 11:50:00-07:00,2025-10-12 18:50:00+00:00,REAL_TIME_5_MIN,MKT_SUB_LNODEONC,Node,6.11845,11.59715,-5.98433,0.50564,0.0
2025-10-12 11:45:00-07:00,2025-10-12 18:45:00+00:00,2025-10-12 11:50:00-07:00,2025-10-12 18:50:00+00:00,REAL_TIME_5_MIN,SCEW_2_PDRP89-APND,AP Node,4.1391,11.59715,-7.25032,-0.20772,0.0
2025-10-12 11:50:00-07:00,2025-10-12 18:50:00+00:00,2025-10-12 11:55:00-07:00,2025-10-12 18:55:00+00:00,REAL_TIME_5_MIN,ANAHEIM_6_N001,Node,4.92732,11.07435,-5.91115,-0.23588,0.0
2025-10-12 11:50:00-07:00,2025-10-12 18:50:00+00:00,2025-10-12 11:55:00-07:00,2025-10-12 18:55:00+00:00,REAL_TIME_5_MIN,MKT_SUB_LNODEONC,Node,5.64493,11.07435,-5.91115,0.48173,0.0
2025-10-12 11:50:00-07:00,2025-10-12 18:50:00+00:00,2025-10-12 11:55:00-07:00,2025-10-12 18:55:00+00:00,REAL_TIME_5_MIN,SCEW_2_PDRP89-APND,AP Node,2.67439,11.07435,-8.20235,-0.19761,0.0
2025-10-12 11:55:00-07:00,2025-10-12 18:55:00+00:00,2025-10-12 12:00:00-07:00,2025-10-12 19:00:00+00:00,REAL_TIME_5_MIN,ANAHEIM_6_N001,Node,5.21708,11.07478,-5.62957,-0.22814,0.0
2025-10-12 11:55:00-07:00,2025-10-12 18:55:00+00:00,2025-10-12 12:00:00-07:00,2025-10-12 19:00:00+00:00,REAL_TIME_5_MIN,MKT_SUB_LNODEONC,Node,5.63442,11.07478,-5.91105,0.47068,0.0
2025-10-12 11:55:00-07:00,2025-10-12 18:55:00+00:00,2025-10-12 12:00:00-07:00,2025-10-12 19:00:00+00:00,REAL_TIME_5_MIN,SCEW_2_PDRP89-APND,AP Node,4.53133,11.07478,-6.35323,-0.19023,0.0
2025-10-12 12:00:00-07:00,2025-10-12 19:00:00+00:00,2025-10-12 12:05:00-07:00,2025-10-12 19:05:00+00:00,REAL_TIME_5_MIN,ANAHEIM_6_N001,Node,1.10359,6.20765,-4.97619,-0.12788,0.0
2025-10-12 12:00:00-07:00,2025-10-12 19:00:00+00:00,2025-10-12 12:05:00-07:00,2025-10-12 19:05:00+00:00,REAL_TIME_5_MIN,MKT_SUB_LNODEONC,Node,1.24648,6.20765,-5.225,0.26383,0.0
2025-10-12 12:00:00-07:00,2025-10-12 19:00:00+00:00,2025-10-12 12:05:00-07:00,2025-10-12 19:05:00+00:00,REAL_TIME_5_MIN,SCEW_2_PDRP89-APND,AP Node,1.044,6.20765,-5.05702,-0.10663,0.0
2025-10-12 12:05:00-07:00,2025-10-12 19:05:00+00:00,2025-10-12 12:10:00-07:00,2025-10-12 19:10:00+00:00,REAL_TIME_5_MIN,ANAHEIM_6_N001,Node,1.20752,6.33063,-4.9927,-0.13041,0.0
2025-10-12 12:05:00-07:00,2025-10-12 19:05:00+00:00,2025-10-12 12:10:00-07:00,2025-10-12 19:10:00+00:00,REAL_TIME_5_MIN,MKT_SUB_LNODEONC,Node,1.35735,6.33063,-5.24233,0.26905,0.0
2025-10-12 12:05:00-07:00,2025-10-12 19:05:00+00:00,2025-10-12 12:10:00-07:00,2025-10-12 19:10:00+00:00,REAL_TIME_5_MIN,SCEW_2_PDRP89-APND,AP Node,0.93312,6.33063,-5.28877,-0.10874,0.0
2025-10-12 12:10:00-07:00,2025-10-12 19:10:00+00:00,2025-10-12 12:15:00-07:00,2025-10-12 19:15:00+00:00,REAL_TIME_5_MIN,ANAHEIM_6_N001,Node,3.59487,9.22463,-5.43974,-0.19003,0.0
2025-10-12 12:10:00-07:00,2025-10-12 19:10:00+00:00,2025-10-12 12:15:00-07:00,2025-10-12 19:15:00+00:00,REAL_TIME_5_MIN,MKT_SUB_LNODEONC,Node,3.90496,9.22463,-5.71172,0.39205,0.0
2025-10-12 12:10:00-07:00,2025-10-12 19:10:00+00:00,2025-10-12 12:15:00-07:00,2025-10-12 19:15:00+00:00,REAL_TIME_5_MIN,SCEW_2_PDRP89-APND,AP Node,3.51468,9.22463,-5.55151,-0.15845,0.0
2025-10-12 12:15:00-07:00,2025-10-12 19:15:00+00:00,2025-10-12 12:20:00-07:00,2025-10-12 19:20:00+00:00,REAL_TIME_5_MIN,ANAHEIM_6_N001,Node,4.82164,10.63782,-5.59918,-0.21701,0.0
2025-10-12 12:15:00-07:00,2025-10-12 19:15:00+00:00,2025-10-12 12:20:00-07:00,2025-10-12 19:20:00+00:00,REAL_TIME_5_MIN,MKT_SUB_LNODEONC,Node,5.24803,10.63782,-5.87913,0.48934,0.0
2025-10-12 12:15:00-07:00,2025-10-12 19:15:00+00:00,2025-10-12 12:20:00-07:00,2025-10-12 19:20:00+00:00,REAL_TIME_5_MIN,SCEW_2_PDRP89-APND,AP Node,4.76574,10.63782,-5.69013,-0.18195,0.0
2025-10-12 12:20:00-07:00,2025-10-12 19:20:00+00:00,2025-10-12 12:25:00-07:00,2025-10-12 19:25:00+00:00,REAL_TIME_5_MIN,ANAHEIM_6_N001,Node,1.49364,6.68862,-5.05853,-0.13645,0.0
2025-10-12 12:20:00-07:00,2025-10-12 19:20:00+00:00,2025-10-12 12:25:00-07:00,2025-10-12 19:25:00+00:00,REAL_TIME_5_MIN,MKT_SUB_LNODEONC,Node,1.68484,6.68862,-5.31146,0.30768,0.0
2025-10-12 12:20:00-07:00,2025-10-12 19:20:00+00:00,2025-10-12 12:25:00-07:00,2025-10-12 19:25:00+00:00,REAL_TIME_5_MIN,SCEW_2_PDRP89-APND,AP Node,1.43351,6.68862,-5.1407,-0.1144,0.0
2025-10-12 12:25:00-07:00,2025-10-12 19:25:00+00:00,2025-10-12 12:30:00-07:00,2025-10-12 19:30:00+00:00,REAL_TIME_5_MIN,ANAHEIM_6_N001,Node,0.92365,6.01224,-4.96593,-0.12265,0.0
2025-10-12 12:25:00-07:00,2025-10-12 19:25:00+00:00,2025-10-12 12:30:00-07:00,2025-10-12 19:30:00+00:00,REAL_TIME_5_MIN,MKT_SUB_LNODEONC,Node,1.07457,6.01224,-5.21423,0.27656,0.0
2025-10-12 12:25:00-07:00,2025-10-12 19:25:00+00:00,2025-10-12 12:30:00-07:00,2025-10-12 19:30:00+00:00,REAL_TIME_5_MIN,SCEW_2_PDRP89-APND,AP Node,0.8628,6.01224,-5.0466,-0.10284,0.0
2025-10-12 12:30:00-07:00,2025-10-12 19:30:00+00:00,2025-10-12 12:35:00-07:00,2025-10-12 19:35:00+00:00,REAL_TIME_5_MIN,ANAHEIM_6_N001,Node,0.54339,5.56288,-4.90545,-0.11404,0.0
2025-10-12 12:30:00-07:00,2025-10-12 19:30:00+00:00,2025-10-12 12:35:00-07:00,2025-10-12 19:35:00+00:00,REAL_TIME_5_MIN,MKT_SUB_LNODEONC,Node,0.65414,5.56288,-5.15072,0.24199,0.0
2025-10-12 12:30:00-07:00,2025-10-12 19:30:00+00:00,2025-10-12 12:35:00-07:00,2025-10-12 19:35:00+00:00,REAL_TIME_5_MIN,SCEW_2_PDRP89-APND,AP Node,0.48131,5.56288,-4.98513,-0.09643,0.0
2025-10-12 12:35:00-07:00,2025-10-12 19:35:00+00:00,2025-10-12 12:40:00-07:00,2025-10-12 19:40:00+00:00,REAL_TIME_5_MIN,ANAHEIM_6_N001,Node,-0.46667,4.36387,-4.74108,-0.08946,0.0
2025-10-12 12:35:00-07:00,2025-10-12 19:35:00+00:00,2025-10-12 12:40:00-07:00,2025-10-12 19:40:00+00:00,REAL_TIME_5_MIN,MKT_SUB_LNODEONC,Node,-0.42443,4.36387,-4.97814,0.18983,0.0
2025-10-12 12:35:00-07:00,2025-10-12 19:35:00+00:00,2025-10-12 12:40:00-07:00,2025-10-12 19:40:00+00:00,REAL_TIME_5_MIN,SCEW_2_PDRP89-APND,AP Node,-0.52987,4.36387,-4.8181,-0.07565,0.0
2025-10-12 12:40:00-07:00,2025-10-12 19:40:00+00:00,2025-10-12 12:45:00-07:00,2025-10-12 19:45:00+00:00,REAL_TIME_5_MIN,ANAHEIM_6_N001,Node,-1.33194,2.93492,-4.20669,-0.06017,0.0
2025-10-12 12:40:00-07:00,2025-10-12 19:40:00+00:00,2025-10-12 12:45:00-07:00,2025-10-12 19:45:00+00:00,REAL_TIME_5_MIN,MKT_SUB_LNODEONC,Node,-1.35444,2.93492,-4.41703,0.12767,0.0
2025-10-12 12:40:00-07:00,2025-10-12 19:40:00+00:00,2025-10-12 12:45:00-07:00,2025-10-12 19:45:00+00:00,REAL_TIME_5_MIN,SCEW_2_PDRP89-APND,AP Node,-1.39311,2.93492,-4.27715,-0.05088,0.0
2025-10-12 12:45:00-07:00,2025-10-12 19:45:00+00:00,2025-10-12 12:50:00-07:00,2025-10-12 19:50:00+00:00,REAL_TIME_5_MIN,ANAHEIM_6_N001,Node,-1.96604,1.60521,-3.53883,-0.03243,0.0
2025-10-12 12:45:00-07:00,2025-10-12 19:45:00+00:00,2025-10-12 12:50:00-07:00,2025-10-12 19:50:00+00:00,REAL_TIME_5_MIN,MKT_SUB_LNODEONC,Node,-2.04122,1.60521,-3.71577,0.06935,0.0
2025-10-12 12:45:00-07:00,2025-10-12 19:45:00+00:00,2025-10-12 12:50:00-07:00,2025-10-12 19:50:00+00:00,REAL_TIME_5_MIN,SCEW_2_PDRP89-APND,AP Node,-2.01861,1.60521,-3.59631,-0.0275,0.0
2025-10-12 12:50:00-07:00,2025-10-12 19:50:00+00:00,2025-10-12 12:55:00-07:00,2025-10-12 19:55:00+00:00,REAL_TIME_5_MIN,ANAHEIM_6_N001,Node,-2.0733,1.50847,-3.5513,-0.03047,0.0
2025-10-12 12:50:00-07:00,2025-10-12 19:50:00+00:00,2025-10-12 12:55:00-07:00,2025-10-12 19:55:00+00:00,REAL_TIME_5_MIN,MKT_SUB_LNODEONC,Node,-2.15523,1.50847,-3.72887,0.06517,0.0
2025-10-12 12:50:00-07:00,2025-10-12 19:50:00+00:00,2025-10-12 12:55:00-07:00,2025-10-12 19:55:00+00:00,REAL_TIME_5_MIN,SCEW_2_PDRP89-APND,AP Node,-2.12637,1.50847,-3.60899,-0.02585,0.0
2025-10-12 12:55:00-07:00,2025-10-12 19:55:00+00:00,2025-10-12 13:00:00-07:00,2025-10-12 20:00:00+00:00,REAL_TIME_5_MIN,ANAHEIM_6_N001,Node,-3.78333,-0.32807,-3.46189,0.00663,0.0
2025-10-12 12:55:00-07:00,2025-10-12 19:55:00+00:00,2025-10-12 13:00:00-07:00,2025-10-12 20:00:00+00:00,REAL_TIME_5_MIN,MKT_SUB_LNODEONC,Node,-3.97723,-0.32807,-3.63499,-0.01417,0.0
2025-10-12 12:55:00-07:00,2025-10-12 19:55:00+00:00,2025-10-12 13:00:00-07:00,2025-10-12 20:00:00+00:00,REAL_TIME_5_MIN,SCEW_2_PDRP89-APND,AP Node,-3.84057,-0.32807,-3.51813,0.00562,0.0
2025-10-12 13:00:00-07:00,2025-10-12 20:00:00+00:00,2025-10-12 13:05:00-07:00,2025-10-12 20:05:00+00:00,REAL_TIME_5_MIN,ANAHEIM_6_N001,Node,-3.08485,0.0,-3.08485,0.0,0.0
2025-10-12 13:00:00-07:00,2025-10-12 20:00:00+00:00,2025-10-12 13:05:00-07:00,2025-10-12 20:05:00+00:00,REAL_TIME_5_MIN,MKT_SUB_LNODEONC,Node,-3.08485,0.0,-3.08485,0.0,0.0
2025-10-12 13:00:00-07:00,2025-10-12 20:00:00+00:00,2025-10-12 13:05:00-07:00,2025-10-12 20:05:00+00:00,REAL_TIME_5_MIN,SCEW_2_PDRP89-APND,AP Node,-3.13496,0.0,-3.13496,0.0,0.0
2025-10-12 13:05:00-07:00,2025-10-12 20:05:00+00:00,2025-10-12 13:10:00-07:00,2025-10-12 20:10:00+00:00,REAL_TIME_5_MIN,ANAHEIM_6_N001,Node,-2.15086,1.49711,-3.61953,-0.02845,0.0
2025-10-12 13:05:00-07:00,2025-10-12 20:05:00+00:00,2025-10-12 13:10:00-07:00,2025-10-12 20:10:00+00:00,REAL_TIME_5_MIN,MKT_SUB_LNODEONC,Node,-2.06149,1.49711,-3.61953,0.06093,0.0
2025-10-12 13:05:00-07:00,2025-10-12 20:05:00+00:00,2025-10-12 13:10:00-07:00,2025-10-12 20:10:00+00:00,REAL_TIME_5_MIN,SCEW_2_PDRP89-APND,AP Node,-2.57929,1.49711,-4.05313,-0.02327,0.0
2025-10-12 13:10:00-07:00,2025-10-12 20:10:00+00:00,2025-10-12 13:15:00-07:00,2025-10-12 20:15:00+00:00,REAL_TIME_5_MIN,ANAHEIM_6_N001,Node,-2.26942,1.17902,-3.42604,-0.0224,0.0
2025-10-12 13:10:00-07:00,2025-10-12 20:10:00+00:00,2025-10-12 13:15:00-07:00,2025-10-12 20:15:00+00:00,REAL_TIME_5_MIN,MKT_SUB_LNODEONC,Node,-2.19903,1.17902,-3.42604,0.04799,0.0
2025-10-12 13:10:00-07:00,2025-10-12 20:10:00+00:00,2025-10-12 13:15:00-07:00,2025-10-12 20:15:00+00:00,REAL_TIME_5_MIN,SCEW_2_PDRP89-APND,AP Node,-2.6233,1.17902,-3.78399,-0.01833,0.0
2025-10-12 13:15:00-07:00,2025-10-12 20:15:00+00:00,2025-10-12 13:20:00-07:00,2025-10-12 20:20:00+00:00,REAL_TIME_5_MIN,ANAHEIM_6_N001,Node,-2.22235,1.45132,-3.64348,-0.03019,0.0
2025-10-12 13:15:00-07:00,2025-10-12 20:15:00+00:00,2025-10-12 13:20:00-07:00,2025-10-12 20:20:00+00:00,REAL_TIME_5_MIN,MKT_SUB_LNODEONC,Node,-2.12888,1.45132,-3.64348,0.06328,0.0
2025-10-12 13:15:00-07:00,2025-10-12 20:15:00+00:00,2025-10-12 13:20:00-07:00,2025-10-12 20:20:00+00:00,REAL_TIME_5_MIN,SCEW_2_PDRP89-APND,AP Node,-2.68546,1.45132,-4.1117,-0.02508,0.0
2025-10-12 13:20:00-07:00,2025-10-12 20:20:00+00:00,2025-10-12 13:25:00-07:00,2025-10-12 20:25:00+00:00,REAL_TIME_5_MIN,ANAHEIM_6_N001,Node,-3.54477,0.25821,-3.79761,-0.00537,0.0
2025-10-12 13:20:00-07:00,2025-10-12 20:20:00+00:00,2025-10-12 13:25:00-07:00,2025-10-12 20:25:00+00:00,REAL_TIME_5_MIN,MKT_SUB_LNODEONC,Node,-3.52814,0.25821,-3.79761,0.01126,0.0
2025-10-12 13:20:00-07:00,2025-10-12 20:20:00+00:00,2025-10-12 13:25:00-07:00,2025-10-12 20:25:00+00:00,REAL_TIME_5_MIN,SCEW_2_PDRP89-APND,AP Node,-4.03216,0.25821,-4.28591,-0.00446,0.0
2025-10-12 13:25:00-07:00,2025-10-12 20:25:00+00:00,2025-10-12 13:30:00-07:00,2025-10-12 20:30:00+00:00,REAL_TIME_5_MIN,ANAHEIM_6_N001,Node,-4.15329,-0.2908,-3.86854,0.00605,0.0
2025-10-12 13:25:00-07:00,2025-10-12 20:25:00+00:00,2025-10-12 13:30:00-07:00,2025-10-12 20:30:00+00:00,REAL_TIME_5_MIN,MKT_SUB_LNODEONC,Node,-4.17202,-0.2908,-3.86854,-0.01268,0.0
2025-10-12 13:25:00-07:00,2025-10-12 20:25:00+00:00,2025-10-12 13:30:00-07:00,2025-10-12 20:30:00+00:00,REAL_TIME_5_MIN,SCEW_2_PDRP89-APND,AP Node,-4.65174,-0.2908,-4.36596,0.00503,0.0
2025-10-12 13:30:00-07:00,2025-10-12 20:30:00+00:00,2025-10-12 13:35:00-07:00,2025-10-12 20:35:00+00:00,REAL_TIME_5_MIN,ANAHEIM_6_N001,Node,-4.14992,-0.28785,-3.86825,0.00619,0.0
2025-10-12 13:30:00-07:00,2025-10-12 20:30:00+00:00,2025-10-12 13:35:00-07:00,2025-10-12 20:35:00+00:00,REAL_TIME_5_MIN,MKT_SUB_LNODEONC,Node,-4.16831,-0.28785,-3.86825,-0.0122,0.0
2025-10-12 13:30:00-07:00,2025-10-12 20:30:00+00:00,2025-10-12 13:35:00-07:00,2025-10-12 20:35:00+00:00,REAL_TIME_5_MIN,SCEW_2_PDRP89-APND,AP Node,-4.53491,-0.28785,-4.25233,0.00528,0.0
2025-10-12 13:35:00-07:00,2025-10-12 20:35:00+00:00,2025-10-12 13:40:00-07:00,2025-10-12 20:40:00+00:00,REAL_TIME_5_MIN,ANAHEIM_6_N001,Node,-2.57705,1.13167,-3.68439,-0.02433,0.0
2025-10-12 13:35:00-07:00,2025-10-12 20:35:00+00:00,2025-10-12 13:40:00-07:00,2025-10-12 20:40:00+00:00,REAL_TIME_5_MIN,MKT_SUB_LNODEONC,Node,-2.50474,1.13167,-3.68439,0.04798,0.0
2025-10-12 13:35:00-07:00,2025-10-12 20:35:00+00:00,2025-10-12 13:40:00-07:00,2025-10-12 20:40:00+00:00,REAL_TIME_5_MIN,SCEW_2_PDRP89-APND,AP Node,-3.33196,1.13167,-4.44288,-0.02075,0.0
2025-10-12 13:40:00-07:00,2025-10-12 20:40:00+00:00,2025-10-12 13:45:00-07:00,2025-10-12 20:45:00+00:00,REAL_TIME_5_MIN,ANAHEIM_6_N001,Node,-1.85317,1.91657,-3.72853,-0.04121,0.0
2025-10-12 13:40:00-07:00,2025-10-12 20:40:00+00:00,2025-10-12 13:45:00-07:00,2025-10-12 20:45:00+00:00,REAL_TIME_5_MIN,MKT_SUB_LNODEONC,Node,-1.7307,1.91657,-3.72853,0.08126,0.0
2025-10-12 13:40:00-07:00,2025-10-12 20:40:00+00:00,2025-10-12 13:45:00-07:00,2025-10-12 20:45:00+00:00,REAL_TIME_5_MIN,SCEW_2_PDRP89-APND,AP Node,-2.59747,1.91657,-4.47888,-0.03515,0.0
2025-10-12 13:45:00-07:00,2025-10-12 20:45:00+00:00,2025-10-12 13:50:00-07:00,2025-10-12 20:50:00+00:00,REAL_TIME_5_MIN,ANAHEIM_6_N001,Node,-3.83097,0.0,-3.83097,0.0,0.0
2025-10-12 13:45:00-07:00,2025-10-12 20:45:00+00:00,2025-10-12 13:50:00-07:00,2025-10-12 20:50:00+00:00,REAL_TIME_5_MIN,MKT_SUB_LNODEONC,Node,-3.83097,0.0,-3.83097,0.0,0.0
2025-10-12 13:45:00-07:00,2025-10-12 20:45:00+00:00,2025-10-12 13:50:00-07:00,2025-10-12 20:50:00+00:00,REAL_TIME_5_MIN,SCEW_2_PDRP89-APND,AP Node,-2.58331,0.0,-2.58331,0.0,0.0
2025-10-12 13:50:00-07:00,2025-10-12 20:50:00+00:00,2025-10-12 13:55:00-07:00,2025-10-12 20:55:00+00:00,REAL_TIME_5_MIN,ANAHEIM_6_N001,Node,-2.7214,1.00275,-3.70219,-0.02196,0.0
2025-10-12 13:50:00-07:00,2025-10-12 20:50:00+00:00,2025-10-12 13:55:00-07:00,2025-10-12 20:55:00+00:00,REAL_TIME_5_MIN,MKT_SUB_LNODEONC,Node,-2.65873,1.00275,-3.70219,0.04071,0.0
2025-10-12 13:50:00-07:00,2025-10-12 20:50:00+00:00,2025-10-12 13:55:00-07:00,2025-10-12 20:55:00+00:00,REAL_TIME_5_MIN,SCEW_2_PDRP89-APND,AP Node,-1.51222,1.00275,-2.49647,-0.0185,0.0
2025-10-12 13:55:00-07:00,2025-10-12 20:55:00+00:00,2025-10-12 14:00:00-07:00,2025-10-12 21:00:00+00:00,REAL_TIME_5_MIN,ANAHEIM_6_N001,Node,-2.19086,2.36245,-4.50157,-0.05174,0.0
2025-10-12 13:55:00-07:00,2025-10-12 20:55:00+00:00,2025-10-12 14:00:00-07:00,2025-10-12 21:00:00+00:00,REAL_TIME_5_MIN,MKT_SUB_LNODEONC,Node,-2.0432,2.36245,-4.50157,0.09592,0.0
2025-10-12 13:55:00-07:00,2025-10-12 20:55:00+00:00,2025-10-12 14:00:00-07:00,2025-10-12 21:00:00+00:00,REAL_TIME_5_MIN,SCEW_2_PDRP89-APND,AP Node,-0.71664,2.36245,-3.03551,-0.04358,0.0
2025-10-12 14:00:00-07:00,2025-10-12 21:00:00+00:00,2025-10-12 14:05:00-07:00,2025-10-12 21:05:00+00:00,REAL_TIME_5_MIN,ANAHEIM_6_N001,Node,0.42964,5.48416,-4.94044,-0.11407,0.0
2025-10-12 14:00:00-07:00,2025-10-12 21:00:00+00:00,2025-10-12 14:05:00-07:00,2025-10-12 21:05:00+00:00,REAL_TIME_5_MIN,MKT_SUB_LNODEONC,Node,0.78447,5.48416,-4.94044,0.24075,0.0
2025-10-12 14:00:00-07:00,2025-10-12 21:00:00+00:00,2025-10-12 14:05:00-07:00,2025-10-12 21:05:00+00:00,REAL_TIME_5_MIN,SCEW_2_PDRP89-APND,AP Node,3.78376,5.48416,-1.60507,-0.09532,0.0
2025-10-12 14:05:00-07:00,2025-10-12 21:05:00+00:00,2025-10-12 14:10:00-07:00,2025-10-12 21:10:00+00:00,REAL_TIME_5_MIN,ANAHEIM_6_N001,Node,4.04324,9.79133,-5.54443,-0.20366,0.0
2025-10-12 14:05:00-07:00,2025-10-12 21:05:00+00:00,2025-10-12 14:10:00-07:00,2025-10-12 21:10:00+00:00,REAL_TIME_5_MIN,MKT_SUB_LNODEONC,Node,4.67673,9.79133,-5.54443,0.42984,0.0
2025-10-12 14:05:00-07:00,2025-10-12 21:05:00+00:00,2025-10-12 14:10:00-07:00,2025-10-12 21:10:00+00:00,REAL_TIME_5_MIN,SCEW_2_PDRP89-APND,AP Node,7.81984,9.79133,-1.8013,-0.17018,0.0
2025-10-12 14:10:00-07:00,2025-10-12 21:10:00+00:00,2025-10-12 14:15:00-07:00,2025-10-12 21:15:00+00:00,REAL_TIME_5_MIN,ANAHEIM_6_N001,Node,3.40154,9.02658,-5.43729,-0.18775,0.0
2025-10-12 14:10:00-07:00,2025-10-12 21:10:00+00:00,2025-10-12 14:15:00-07:00,2025-10-12 21:15:00+00:00,REAL_TIME_5_MIN,MKT_SUB_LNODEONC,Node,3.98556,9.02658,-5.43729,0.39627,0.0
2025-10-12 14:10:00-07:00,2025-10-12 21:10:00+00:00,2025-10-12 14:15:00-07:00,2025-10-12 21:15:00+00:00,REAL_TIME_5_MIN,SCEW_2_PDRP89-APND,AP Node,7.1032,9.02658,-1.76649,-0.15689,0.0
2025-10-12 14:15:00-07:00,2025-10-12 21:15:00+00:00,2025-10-12 14:20:00-07:00,2025-10-12 21:20:00+00:00,REAL_TIME_5_MIN,ANAHEIM_6_N001,Node,8.86772,9.08298,0.0,-0.21527,0.0
2025-10-12 14:15:00-07:00,2025-10-12 21:15:00+00:00,2025-10-12 14:20:00-07:00,2025-10-12 21:20:00+00:00,REAL_TIME_5_MIN,MKT_SUB_LNODEONC,Node,3.88382,9.08298,-5.58973,0.39057,0.0
2025-10-12 14:15:00-07:00,2025-10-12 21:15:00+00:00,2025-10-12 14:20:00-07:00,2025-10-12 21:20:00+00:00,REAL_TIME_5_MIN,SCEW_2_PDRP89-APND,AP Node,7.08216,9.08298,-1.81602,-0.18481,0.0
2025-10-12 14:20:00-07:00,2025-10-12 21:20:00+00:00,2025-10-12 14:25:00-07:00,2025-10-12 21:25:00+00:00,REAL_TIME_5_MIN,ANAHEIM_6_N001,Node,6.61885,6.77952,0.0,-0.16067,0.0
2025-10-12 14:20:00-07:00,2025-10-12 21:20:00+00:00,2025-10-12 14:25:00-07:00,2025-10-12 21:25:00+00:00,REAL_TIME_5_MIN,MKT_SUB_LNODEONC,Node,1.80419,6.77952,-5.26685,0.29152,0.0
2025-10-12 14:20:00-07:00,2025-10-12 21:20:00+00:00,2025-10-12 14:25:00-07:00,2025-10-12 21:25:00+00:00,REAL_TIME_5_MIN,SCEW_2_PDRP89-APND,AP Node,4.93046,6.77952,-1.71112,-0.13794,0.0
2025-10-12 14:25:00-07:00,2025-10-12 21:25:00+00:00,2025-10-12 14:30:00-07:00,2025-10-12 21:30:00+00:00,REAL_TIME_5_MIN,ANAHEIM_6_N001,Node,6.06847,6.21578,0.0,-0.14731,0.0
2025-10-12 14:25:00-07:00,2025-10-12 21:25:00+00:00,2025-10-12 14:30:00-07:00,2025-10-12 21:30:00+00:00,REAL_TIME_5_MIN,MKT_SUB_LNODEONC,Node,1.28942,6.21578,-5.19364,0.26728,0.0
2025-10-12 14:25:00-07:00,2025-10-12 21:25:00+00:00,2025-10-12 14:30:00-07:00,2025-10-12 21:30:00+00:00,REAL_TIME_5_MIN,SCEW_2_PDRP89-APND,AP Node,4.40198,6.21578,-1.68733,-0.12647,0.0
2025-10-12 14:30:00-07:00,2025-10-12 21:30:00+00:00,2025-10-12 14:35:00-07:00,2025-10-12 21:35:00+00:00,REAL_TIME_5_MIN,ANAHEIM_6_N001,Node,-0.29265,-0.29954,0.0,0.00689,0.0
2025-10-12 14:30:00-07:00,2025-10-12 21:30:00+00:00,2025-10-12 14:35:00-07:00,2025-10-12 21:35:00+00:00,REAL_TIME_5_MIN,MKT_SUB_LNODEONC,Node,-0.31248,-0.29954,0.0,-0.01294,0.0
2025-10-12 14:30:00-07:00,2025-10-12 21:30:00+00:00,2025-10-12 14:35:00-07:00,2025-10-12 21:35:00+00:00,REAL_TIME_5_MIN,SCEW_2_PDRP89-APND,AP Node,-1.55085,-0.29954,-1.25721,0.0059,0.0
2025-10-12 14:35:00-07:00,2025-10-12 21:35:00+00:00,2025-10-12 14:40:00-07:00,2025-10-12 21:40:00+00:00,REAL_TIME_5_MIN,ANAHEIM_6_N001,Node,3.36776,3.44704,0.0,-0.07928,0.0
2025-10-12 14:35:00-07:00,2025-10-12 21:35:00+00:00,2025-10-12 14:40:00-07:00,2025-10-12 21:40:00+00:00,REAL_TIME_5_MIN,MKT_SUB_LNODEONC,Node,3.59595,3.44704,0.0,0.14891,0.0
2025-10-12 14:35:00-07:00,2025-10-12 21:35:00+00:00,2025-10-12 14:40:00-07:00,2025-10-12 21:40:00+00:00,REAL_TIME_5_MIN,SCEW_2_PDRP89-APND,AP Node,1.87457,3.44704,-1.50462,-0.06785,0.0
2025-10-12 14:40:00-07:00,2025-10-12 21:40:00+00:00,2025-10-12 14:45:00-07:00,2025-10-12 21:45:00+00:00,REAL_TIME_5_MIN,ANAHEIM_6_N001,Node,3.01776,3.0888,0.0,-0.07104,0.0
2025-10-12 14:40:00-07:00,2025-10-12 21:40:00+00:00,2025-10-12 14:45:00-07:00,2025-10-12 21:45:00+00:00,REAL_TIME_5_MIN,MKT_SUB_LNODEONC,Node,3.22224,3.0888,0.0,0.13344,0.0
2025-10-12 14:40:00-07:00,2025-10-12 21:40:00+00:00,2025-10-12 14:45:00-07:00,2025-10-12 21:45:00+00:00,REAL_TIME_5_MIN,SCEW_2_PDRP89-APND,AP Node,1.58613,3.0888,-1.44188,-0.06079,0.0
2025-10-12 14:45:00-07:00,2025-10-12 21:45:00+00:00,2025-10-12 14:50:00-07:00,2025-10-12 21:50:00+00:00,REAL_TIME_5_MIN,ANAHEIM_6_N001,Node,-0.08621,-0.0884,0.0,0.00219,0.0
2025-10-12 14:45:00-07:00,2025-10-12 21:45:00+00:00,2025-10-12 14:50:00-07:00,2025-10-12 21:50:00+00:00,REAL_TIME_5_MIN,MKT_SUB_LNODEONC,Node,-0.09223,-0.0884,0.0,-0.00383,0.0
2025-10-12 14:45:00-07:00,2025-10-12 21:45:00+00:00,2025-10-12 14:50:00-07:00,2025-10-12 21:50:00+00:00,REAL_TIME_5_MIN,SCEW_2_PDRP89-APND,AP Node,-0.0865,-0.0884,0.0,0.0019,0.0
2025-10-12 14:50:00-07:00,2025-10-12 21:50:00+00:00,2025-10-12 14:55:00-07:00,2025-10-12 21:55:00+00:00,REAL_TIME_5_MIN,ANAHEIM_6_N001,Node,2.43129,2.49312,0.0,-0.06183,0.0
2025-10-12 14:50:00-07:00,2025-10-12 21:50:00+00:00,2025-10-12 14:55:00-07:00,2025-10-12 21:55:00+00:00,REAL_TIME_5_MIN,MKT_SUB_LNODEONC,Node,2.60107,2.49312,0.0,0.10795,0.0
2025-10-12 14:50:00-07:00,2025-10-12 21:50:00+00:00,2025-10-12 14:55:00-07:00,2025-10-12 21:55:00+00:00,REAL_TIME_5_MIN,SCEW_2_PDRP89-APND,AP Node,2.43948,2.49312,0.0,-0.05364,0.0
2025-10-12 14:55:00-07:00,2025-10-12 21:55:00+00:00,2025-10-12 15:00:00-07:00,2025-10-12 22:00:00+00:00,REAL_TIME_5_MIN,ANAHEIM_6_N001,Node,2.77417,2.84472,0.0,-0.07055,0.0
2025-10-12 14:55:00-07:00,2025-10-12 21:55:00+00:00,2025-10-12 15:00:00-07:00,2025-10-12 22:00:00+00:00,REAL_TIME_5_MIN,MKT_SUB_LNODEONC,Node,2.9679,2.84472,0.0,0.12318,0.0
2025-10-12 14:55:00-07:00,2025-10-12 21:55:00+00:00,2025-10-12 15:00:00-07:00,2025-10-12 22:00:00+00:00,REAL_TIME_5_MIN,SCEW_2_PDRP89-APND,AP Node,2.78352,2.84472,0.0,-0.0612,0.0
2025-10-12 15:00:00-07:00,2025-10-12 22:00:00+00:00,2025-10-12 15:05:00-07:00,2025-10-12 22:05:00+00:00,REAL_TIME_5_MIN,ANAHEIM_6_N001,Node,3.35714,3.43829,0.0,-0.08114,0.0
2025-10-12 15:00:00-07:00,2025-10-12 22:00:00+00:00,2025-10-12 15:05:00-07:00,2025-10-12 22:05:00+00:00,REAL_TIME_5_MIN,MKT_SUB_LNODEONC,Node,3.58992,3.43829,0.0,0.15163,0.0
2025-10-12 15:00:00-07:00,2025-10-12 22:00:00+00:00,2025-10-12 15:05:00-07:00,2025-10-12 22:05:00+00:00,REAL_TIME_5_MIN,SCEW_2_PDRP89-APND,AP Node,3.37023,3.43829,0.0,-0.06806,0.0
2025-10-12 15:05:00-07:00,2025-10-12 22:05:00+00:00,2025-10-12 15:10:00-07:00,2025-10-12 22:10:00+00:00,REAL_TIME_5_MIN,ANAHEIM_6_N001,Node,3.66558,3.75418,0.0,-0.0886,0.0
2025-10-12 15:05:00-07:00,2025-10-12 22:05:00+00:00,2025-10-12 15:10:00-07:00,2025-10-12 22:10:00+00:00,REAL_TIME_5_MIN,MKT_SUB_LNODEONC,Node,3.91974,3.75418,0.0,0.16556,0.0
2025-10-12 15:05:00-07:00,2025-10-12 22:05:00+00:00,2025-10-12 15:10:00-07:00,2025-10-12 22:10:00+00:00,REAL_TIME_5_MIN,SCEW_2_PDRP89-APND,AP Node,3.67987,3.75418,0.0,-0.07431,0.0
2025-10-12 15:10:00-07:00,2025-10-12 22:10:00+00:00,2025-10-12 15:15:00-07:00,2025-10-12 22:15:00+00:00,REAL_TIME_5_MIN,ANAHEIM_6_N001,Node,3.70178,3.79126,0.0,-0.08947,0.0
2025-10-12 15:10:00-07:00,2025-10-12 22:10:00+00:00,2025-10-12 15:15:00-07:00,2025-10-12 22:15:00+00:00,REAL_TIME_5_MIN,MKT_SUB_LNODEONC,Node,3.95845,3.79126,0.0,0.16719,0.0
2025-10-12 15:10:00-07:00,2025-10-12 22:10:00+00:00,2025-10-12 15:15:00-07:00,2025-10-12 22:15:00+00:00,REAL_TIME_5_MIN,SCEW_2_PDRP89-APND,AP Node,3.71621,3.79126,0.0,-0.07504,0.0
2025-10-12 15:15:00-07:00,2025-10-12 22:15:00+00:00,2025-10-12 15:20:00-07:00,2025-10-12 22:20:00+00:00,REAL_TIME_5_MIN,ANAHEIM_6_N001,Node,0.1719,0.17647,0.0,-0.00457,0.0
2025-10-12 15:15:00-07:00,2025-10-12 22:15:00+00:00,2025-10-12 15:20:00-07:00,2025-10-12 22:20:00+00:00,REAL_TIME_5_MIN,MKT_SUB_LNODEONC,Node,0.18406,0.17647,0.0,0.00759,0.0
2025-10-12 15:15:00-07:00,2025-10-12 22:15:00+00:00,2025-10-12 15:20:00-07:00,2025-10-12 22:20:00+00:00,REAL_TIME_5_MIN,SCEW_2_PDRP89-APND,AP Node,0.1726,0.17647,0.0,-0.00387,0.0
2025-10-12 15:20:00-07:00,2025-10-12 22:20:00+00:00,2025-10-12 15:25:00-07:00,2025-10-12 22:25:00+00:00,REAL_TIME_5_MIN,ANAHEIM_6_N001,Node,0.9105,0.93471,0.0,-0.02421,0.0
2025-10-12 15:20:00-07:00,2025-10-12 22:20:00+00:00,2025-10-12 15:25:00-07:00,2025-10-12 22:25:00+00:00,REAL_TIME_5_MIN,MKT_SUB_LNODEONC,Node,0.9749,0.93471,0.0,0.04019,0.0
2025-10-12 15:20:00-07:00,2025-10-12 22:20:00+00:00,2025-10-12 15:25:00-07:00,2025-10-12 22:25:00+00:00,REAL_TIME_5_MIN,SCEW_2_PDRP89-APND,AP Node,0.91421,0.93471,0.0,-0.0205,0.0
2025-10-12 15:25:00-07:00,2025-10-12 22:25:00+00:00,2025-10-12 15:30:00-07:00,2025-10-12 22:30:00+00:00,REAL_TIME_5_MIN,ANAHEIM_6_N001,Node,0.88121,0.90464,0.0,-0.02343,0.0
2025-10-12 15:25:00-07:00,2025-10-12 22:25:00+00:00,2025-10-12 15:30:00-07:00,2025-10-12 22:30:00+00:00,REAL_TIME_5_MIN,MKT_SUB_LNODEONC,Node,0.94229,0.90464,-0.0012,0.03885,0.0
2025-10-12 15:25:00-07:00,2025-10-12 22:25:00+00:00,2025-10-12 15:30:00-07:00,2025-10-12 22:30:00+00:00,REAL_TIME_5_MIN,SCEW_2_PDRP89-APND,AP Node,0.8848,0.90464,0.0,-0.01984,0.0
2025-10-12 15:30:00-07:00,2025-10-12 22:30:00+00:00,2025-10-12 15:35:00-07:00,2025-10-12 22:35:00+00:00,REAL_TIME_5_MIN,ANAHEIM_6_N001,Node,-2.14618,-2.19828,0.0,0.0521,0.0
2025-10-12 15:30:00-07:00,2025-10-12 22:30:00+00:00,2025-10-12 15:35:00-07:00,2025-10-12 22:35:00+00:00,REAL_TIME_5_MIN,MKT_SUB_LNODEONC,Node,-2.29339,-2.19828,-0.0012,-0.09392,0.0
2025-10-12 15:30:00-07:00,2025-10-12 22:30:00+00:00,2025-10-12 15:35:00-07:00,2025-10-12 22:35:00+00:00,REAL_TIME_5_MIN,SCEW_2_PDRP89-APND,AP Node,-2.15489,-2.19828,0.0,0.04338,0.0
2025-10-12 15:35:00-07:00,2025-10-12 22:35:00+00:00,2025-10-12 15:40:00-07:00,2025-10-12 22:40:00+00:00,REAL_TIME_5_MIN,ANAHEIM_6_N001,Node,-3.16193,-3.23869,0.0,0.07676,0.0
2025-10-12 15:35:00-07:00,2025-10-12 22:35:00+00:00,2025-10-12 15:40:00-07:00,2025-10-12 22:40:00+00:00,REAL_TIME_5_MIN,MKT_SUB_LNODEONC,Node,-3.37823,-3.23869,-0.0012,-0.13834,0.0
2025-10-12 15:35:00-07:00,2025-10-12 22:35:00+00:00,2025-10-12 15:40:00-07:00,2025-10-12 22:40:00+00:00,REAL_TIME_5_MIN,SCEW_2_PDRP89-APND,AP Node,-3.17477,-3.23869,0.0,0.06392,0.0
2025-10-12 15:40:00-07:00,2025-10-12 22:40:00+00:00,2025-10-12 15:45:00-07:00,2025-10-12 22:45:00+00:00,REAL_TIME_5_MIN,ANAHEIM_6_N001,Node,-2.9008,-2.97122,0.0,0.07042,0.0
2025-10-12 15:40:00-07:00,2025-10-12 22:40:00+00:00,2025-10-12 15:45:00-07:00,2025-10-12 22:45:00+00:00,REAL_TIME_5_MIN,MKT_SUB_LNODEONC,Node,-3.09809,-2.97122,0.0,-0.12687,0.0
2025-10-12 15:40:00-07:00,2025-10-12 22:40:00+00:00,2025-10-12 15:45:00-07:00,2025-10-12 22:45:00+00:00,REAL_TIME_5_MIN,SCEW_2_PDRP89-APND,AP Node,-2.91258,-2.97122,0.0,0.05864,0.0
2025-10-12 15:45:00-07:00,2025-10-12 22:45:00+00:00,2025-10-12 15:50:00-07:00,2025-10-12 22:50:00+00:00,REAL_TIME_5_MIN,ANAHEIM_6_N001,Node,1.60155,1.64751,0.0,-0.04597,0.0
2025-10-12 15:45:00-07:00,2025-10-12 22:45:00+00:00,2025-10-12 15:50:00-07:00,2025-10-12 22:50:00+00:00,REAL_TIME_5_MIN,MKT_SUB_LNODEONC,Node,1.71513,1.64751,-0.0012,0.06882,0.0
2025-10-12 15:45:00-07:00,2025-10-12 22:45:00+00:00,2025-10-12 15:50:00-07:00,2025-10-12 22:50:00+00:00,REAL_TIME_5_MIN,SCEW_2_PDRP89-APND,AP Node,1.60819,1.64751,0.0,-0.03933,0.0
2025-10-12 15:50:00-07:00,2025-10-12 22:50:00+00:00,2025-10-12 15:55:00-07:00,2025-10-12 22:55:00+00:00,REAL_TIME_5_MIN,ANAHEIM_6_N001,Node,3.25618,3.34964,0.0,-0.09345,0.0
2025-10-12 15:50:00-07:00,2025-10-12 22:50:00+00:00,2025-10-12 15:55:00-07:00,2025-10-12 22:55:00+00:00,REAL_TIME_5_MIN,MKT_SUB_LNODEONC,Node,3.48965,3.34964,0.0,0.14001,0.0
2025-10-12 15:50:00-07:00,2025-10-12 22:50:00+00:00,2025-10-12 15:55:00-07:00,2025-10-12 22:55:00+00:00,REAL_TIME_5_MIN,SCEW_2_PDRP89-APND,AP Node,3.26968,3.34964,0.0,-0.07996,0.0
2025-10-12 15:55:00-07:00,2025-10-12 22:55:00+00:00,2025-10-12 16:00:00-07:00,2025-10-12 23:00:00+00:00,REAL_TIME_5_MIN,ANAHEIM_6_N001,Node,3.4677,3.56723,0.0,-0.09953,0.0
2025-10-12 15:55:00-07:00,2025-10-12 22:55:00+00:00,2025-10-12 16:00:00-07:00,2025-10-12 23:00:00+00:00,REAL_TIME_5_MIN,MKT_SUB_LNODEONC,Node,3.71634,3.56723,0.0,0.14911,0.0
2025-10-12 15:55:00-07:00,2025-10-12 22:55:00+00:00,2025-10-12 16:00:00-07:00,2025-10-12 23:00:00+00:00,REAL_TIME_5_MIN,SCEW_2_PDRP89-APND,AP Node,3.48207,3.56723,0.0,-0.08515,0.0
2025-10-12 16:00:00-07:00,2025-10-12 23:00:00+00:00,2025-10-12 16:05:00-07:00,2025-10-12 23:05:00+00:00,REAL_TIME_5_MIN,ANAHEIM_6_N001,Node,-2.63336,-2.69728,0.0,0.06393,0.0
2025-10-12 16:00:00-07:00,2025-10-12 23:00:00+00:00,2025-10-12 16:05:00-07:00,2025-10-12 23:05:00+00:00,REAL_TIME_5_MIN,MKT_SUB_LNODEONC,Node,-2.82234,-2.69728,-0.0012,-0.12386,0.0
2025-10-12 16:00:00-07:00,2025-10-12 23:00:00+00:00,2025-10-12 16:05:00-07:00,2025-10-12 23:05:00+00:00,REAL_TIME_5_MIN,SCEW_2_PDRP89-APND,AP Node,-2.64475,-2.69728,0.0,0.05254,0.0
2025-10-12 16:05:00-07:00,2025-10-12 23:05:00+00:00,2025-10-12 16:10:00-07:00,2025-10-12 23:10:00+00:00,REAL_TIME_5_MIN,ANAHEIM_6_N001,Node,-4.39692,-4.50366,0.0,0.10674,0.0
2025-10-12 16:05:00-07:00,2025-10-12 23:05:00+00:00,2025-10-12 16:10:00-07:00,2025-10-12 23:10:00+00:00,REAL_TIME_5_MIN,MKT_SUB_LNODEONC,Node,-4.71163,-4.50366,-0.0012,-0.20677,0.0
2025-10-12 16:05:00-07:00,2025-10-12 23:05:00+00:00,2025-10-12 16:10:00-07:00,2025-10-12 23:10:00+00:00,REAL_TIME_5_MIN,SCEW_2_PDRP89-APND,AP Node,-4.41594,-4.50366,0.0,0.08772,0.0
2025-10-12 16:10:00-07:00,2025-10-12 23:10:00+00:00,2025-10-12 16:15:00-07:00,2025-10-12 23:15:00+00:00,REAL_TIME_5_MIN,ANAHEIM_6_N001,Node,-5.36803,-5.49834,0.0,0.13031,0.0
2025-10-12 16:10:00-07:00,2025-10-12 23:10:00+00:00,2025-10-12 16:15:00-07:00,2025-10-12 23:15:00+00:00,REAL_TIME_5_MIN,MKT_SUB_LNODEONC,Node,-5.75072,-5.49834,0.0,-0.25237,0.0
2025-10-12 16:10:00-07:00,2025-10-12 23:10:00+00:00,2025-10-12 16:15:00-07:00,2025-10-12 23:15:00+00:00,REAL_TIME_5_MIN,SCEW_2_PDRP89-APND,AP Node,-5.39125,-5.49834,0.0,0.10709,0.0
2025-10-12 16:15:00-07:00,2025-10-12 23:15:00+00:00,2025-10-12 16:20:00-07:00,2025-10-12 23:20:00+00:00,REAL_TIME_5_MIN,ANAHEIM_6_N001,Node,-4.39212,-4.49782,0.0,0.1057,0.0
2025-10-12 16:15:00-07:00,2025-10-12 23:15:00+00:00,2025-10-12 16:20:00-07:00,2025-10-12 23:20:00+00:00,REAL_TIME_5_MIN,MKT_SUB_LNODEONC,Node,-4.70067,-4.49782,0.0,-0.20285,0.0
2025-10-12 16:15:00-07:00,2025-10-12 23:15:00+00:00,2025-10-12 16:20:00-07:00,2025-10-12 23:20:00+00:00,REAL_TIME_5_MIN,SCEW_2_PDRP89-APND,AP Node,-4.41139,-4.49782,0.0,0.08643,0.0
2025-10-12 16:20:00-07:00,2025-10-12 23:20:00+00:00,2025-10-12 16:25:00-07:00,2025-10-12 23:25:00+00:00,REAL_TIME_5_MIN,ANAHEIM_6_N001,Node,0.0,0.0,0.0,0.0,0.0
2025-10-12 16:20:00-07:00,2025-10-12 23:20:00+00:00,2025-10-12 16:25:00-07:00,2025-10-12 23:25:00+00:00,REAL_TIME_5_MIN,MKT_SUB_LNODEONC,Node,0.0,0.0,0.0,0.0,0.0
2025-10-12 16:20:00-07:00,2025-10-12 23:20:00+00:00,2025-10-12 16:25:00-07:00,2025-10-12 23:25:00+00:00,REAL_TIME_5_MIN,SCEW_2_PDRP89-APND,AP Node,0.0,0.0,0.0,0.0,0.0
2025-10-12 16:25:00-07:00,2025-10-12 23:25:00+00:00,2025-10-12 16:30:00-07:00,2025-10-12 23:30:00+00:00,REAL_TIME_5_MIN,ANAHEIM_6_N001,Node,11.95637,12.24411,0.0,-0.28774,0.0
2025-10-12 16:25:00-07:00,2025-10-12 23:25:00+00:00,2025-10-12 16:30:00-07:00,2025-10-12 23:30:00+00:00,REAL_TIME_5_MIN,MKT_SUB_LNODEONC,Node,12.79632,12.24411,0.0,0.55221,0.0
2025-10-12 16:25:00-07:00,2025-10-12 23:25:00+00:00,2025-10-12 16:30:00-07:00,2025-10-12 23:30:00+00:00,REAL_TIME_5_MIN,SCEW_2_PDRP89-APND,AP Node,12.00884,12.24411,0.0,-0.23527,0.0
2025-10-12 16:30:00-07:00,2025-10-12 23:30:00+00:00,2025-10-12 16:35:00-07:00,2025-10-12 23:35:00+00:00,REAL_TIME_5_MIN,ANAHEIM_6_N001,Node,16.57948,17.03254,0.0,-0.45307,0.0
2025-10-12 16:30:00-07:00,2025-10-12 23:30:00+00:00,2025-10-12 16:35:00-07:00,2025-10-12 23:35:00+00:00,REAL_TIME_5_MIN,MKT_SUB_LNODEONC,Node,17.77346,17.03254,0.0,0.74092,0.0
2025-10-12 16:30:00-07:00,2025-10-12 23:30:00+00:00,2025-10-12 16:35:00-07:00,2025-10-12 23:35:00+00:00,REAL_TIME_5_MIN,SCEW_2_PDRP89-APND,AP Node,16.64969,17.03254,0.0,-0.38286,0.0
2025-10-12 16:35:00-07:00,2025-10-12 23:35:00+00:00,2025-10-12 16:40:00-07:00,2025-10-12 23:40:00+00:00,REAL_TIME_5_MIN,ANAHEIM_6_N001,Node,26.96869,27.70566,0.0,-0.73697,0.0
2025-10-12 16:35:00-07:00,2025-10-12 23:35:00+00:00,2025-10-12 16:40:00-07:00,2025-10-12 23:40:00+00:00,REAL_TIME_5_MIN,MKT_SUB_LNODEONC,Node,28.90961,27.70566,-0.0012,1.20514,0.0
2025-10-12 16:35:00-07:00,2025-10-12 23:35:00+00:00,2025-10-12 16:40:00-07:00,2025-10-12 23:40:00+00:00,REAL_TIME_5_MIN,SCEW_2_PDRP89-APND,AP Node,27.08289,27.70566,0.0,-0.62277,0.0
2025-10-12 16:40:00-07:00,2025-10-12 23:40:00+00:00,2025-10-12 16:45:00-07:00,2025-10-12 23:45:00+00:00,REAL_TIME_5_MIN,ANAHEIM_6_N001,Node,29.27196,30.07187,0.0,-0.79991,0.0
2025-10-12 16:40:00-07:00,2025-10-12 23:40:00+00:00,2025-10-12 16:45:00-07:00,2025-10-12 23:45:00+00:00,REAL_TIME_5_MIN,MKT_SUB_LNODEONC,Node,31.37875,30.07187,-0.0012,1.30807,0.0
2025-10-12 16:40:00-07:00,2025-10-12 23:40:00+00:00,2025-10-12 16:45:00-07:00,2025-10-12 23:45:00+00:00,REAL_TIME_5_MIN,SCEW_2_PDRP89-APND,AP Node,29.39592,30.07187,0.0,-0.67596,0.0
2025-10-12 16:45:00-07:00,2025-10-12 23:45:00+00:00,2025-10-12 16:50:00-07:00,2025-10-12 23:50:00+00:00,REAL_TIME_5_MIN,ANAHEIM_6_N001,Node,34.2825,35.0,0.0,-0.7175,0.0
2025-10-12 16:45:00-07:00,2025-10-12 23:45:00+00:00,2025-10-12 16:50:00-07:00,2025-10-12 23:50:00+00:00,REAL_TIME_5_MIN,MKT_SUB_LNODEONC,Node,36.64024,35.0,-0.0012,1.64144,0.0
2025-10-12 16:45:00-07:00,2025-10-12 23:45:00+00:00,2025-10-12 16:50:00-07:00,2025-10-12 23:50:00+00:00,REAL_TIME_5_MIN,SCEW_2_PDRP89-APND,AP Node,34.4223,35.0,0.0,-0.5777,0.0
2025-10-12 16:50:00-07:00,2025-10-12 23:50:00+00:00,2025-10-12 16:55:00-07:00,2025-10-12 23:55:00+00:00,REAL_TIME_5_MIN,ANAHEIM_6_N001,Node,39.20232,40.02279,0.0,-0.82047,0.0
2025-10-12 16:50:00-07:00,2025-10-12 23:50:00+00:00,2025-10-12 16:55:00-07:00,2025-10-12 23:55:00+00:00,REAL_TIME_5_MIN,MKT_SUB_LNODEONC,Node,41.8986,40.02279,-0.0012,1.87701,0.0
2025-10-12 16:50:00-07:00,2025-10-12 23:50:00+00:00,2025-10-12 16:55:00-07:00,2025-10-12 23:55:00+00:00,REAL_TIME_5_MIN,SCEW_2_PDRP89-APND,AP Node,39.36219,40.02279,0.0,-0.6606,0.0
2025-10-12 16:55:00-07:00,2025-10-12 23:55:00+00:00,2025-10-12 17:00:00-07:00,2025-10-13 00:00:00+00:00,REAL_TIME_5_MIN,ANAHEIM_6_N001,Node,46.81412,47.7939,0.0,-0.97977,0.0
2025-10-12 16:55:00-07:00,2025-10-12 23:55:00+00:00,2025-10-12 17:00:00-07:00,2025-10-13 00:00:00+00:00,REAL_TIME_5_MIN,MKT_SUB_LNODEONC,Node,50.03418,47.7939,-0.0012,2.24148,0.0
2025-10-12 16:55:00-07:00,2025-10-12 23:55:00+00:00,2025-10-12 17:00:00-07:00,2025-10-13 00:00:00+00:00,REAL_TIME_5_MIN,SCEW_2_PDRP89-APND,AP Node,47.00503,47.7939,0.0,-0.78887,0.0
2025-10-12 17:00:00-07:00,2025-10-13 00:00:00+00:00,2025-10-12 17:05:00-07:00,2025-10-13 00:05:00+00:00,REAL_TIME_5_MIN,ANAHEIM_6_N001,Node,35.49147,36.11995,0.0,-0.62849,0.0
2025-10-12 17:00:00-07:00,2025-10-13 00:00:00+00:00,2025-10-12 17:05:00-07:00,2025-10-13 00:05:00+00:00,REAL_TIME_5_MIN,MKT_SUB_LNODEONC,Node,37.68992,36.11995,-0.0012,1.57117,0.0
2025-10-12 17:00:00-07:00,2025-10-13 00:00:00+00:00,2025-10-12 17:05:00-07:00,2025-10-13 00:05:00+00:00,REAL_TIME_5_MIN,SCEW_2_PDRP89-APND,AP Node,35.62997,36.11995,0.0,-0.48998,0.0
2025-10-12 17:05:00-07:00,2025-10-13 00:05:00+00:00,2025-10-12 17:10:00-07:00,2025-10-13 00:10:00+00:00,REAL_TIME_5_MIN,ANAHEIM_6_N001,Node,37.86884,38.53943,0.0,-0.67059,0.0
2025-10-12 17:05:00-07:00,2025-10-13 00:05:00+00:00,2025-10-12 17:10:00-07:00,2025-10-13 00:10:00+00:00,REAL_TIME_5_MIN,MKT_SUB_LNODEONC,Node,40.21464,38.53943,-0.0012,1.67641,0.0
2025-10-12 17:05:00-07:00,2025-10-13 00:05:00+00:00,2025-10-12 17:10:00-07:00,2025-10-13 00:10:00+00:00,REAL_TIME_5_MIN,SCEW_2_PDRP89-APND,AP Node,38.01663,38.53943,0.0,-0.5228,0.0
2025-10-12 17:10:00-07:00,2025-10-13 00:10:00+00:00,2025-10-12 17:15:00-07:00,2025-10-13 00:15:00+00:00,REAL_TIME_5_MIN,ANAHEIM_6_N001,Node,45.20805,46.0086,0.0,-0.80055,0.0
2025-10-12 17:10:00-07:00,2025-10-13 00:10:00+00:00,2025-10-12 17:15:00-07:00,2025-10-13 00:15:00+00:00,REAL_TIME_5_MIN,MKT_SUB_LNODEONC,Node,48.00872,46.0086,-0.0012,2.00132,0.0
2025-10-12 17:10:00-07:00,2025-10-13 00:10:00+00:00,2025-10-12 17:15:00-07:00,2025-10-13 00:15:00+00:00,REAL_TIME_5_MIN,SCEW_2_PDRP89-APND,AP Node,45.38448,46.0086,0.0,-0.62412,0.0
2025-10-12 17:15:00-07:00,2025-10-13 00:15:00+00:00,2025-10-12 17:20:00-07:00,2025-10-13 00:20:00+00:00,REAL_TIME_5_MIN,ANAHEIM_6_N001,Node,46.75258,47.55628,0.0,-0.8037,0.0
2025-10-12 17:15:00-07:00,2025-10-13 00:15:00+00:00,2025-10-12 17:20:00-07:00,2025-10-13 00:20:00+00:00,REAL_TIME_5_MIN,MKT_SUB_LNODEONC,Node,49.8187,47.55628,-0.0012,2.26362,0.0
2025-10-12 17:15:00-07:00,2025-10-13 00:15:00+00:00,2025-10-12 17:20:00-07:00,2025-10-13 00:20:00+00:00,REAL_TIME_5_MIN,SCEW_2_PDRP89-APND,AP Node,46.93791,47.55628,0.0,-0.61837,0.0
2025-10-12 17:20:00-07:00,2025-10-13 00:20:00+00:00,2025-10-12 17:25:00-07:00,2025-10-13 00:25:00+00:00,REAL_TIME_5_MIN,ANAHEIM_6_N001,Node,48.59036,49.42566,0.0,-0.83529,0.0
2025-10-12 17:20:00-07:00,2025-10-13 00:20:00+00:00,2025-10-12 17:25:00-07:00,2025-10-13 00:25:00+00:00,REAL_TIME_5_MIN,MKT_SUB_LNODEONC,Node,51.77706,49.42566,-0.0012,2.3526,0.0
2025-10-12 17:20:00-07:00,2025-10-13 00:20:00+00:00,2025-10-12 17:25:00-07:00,2025-10-13 00:25:00+00:00,REAL_TIME_5_MIN,SCEW_2_PDRP89-APND,AP Node,48.78298,49.42566,0.0,-0.64267,0.0
2025-10-12 17:25:00-07:00,2025-10-13 00:25:00+00:00,2025-10-12 17:30:00-07:00,2025-10-13 00:30:00+00:00,REAL_TIME_5_MIN,ANAHEIM_6_N001,Node,54.13457,55.06517,0.0,-0.9306,0.0
2025-10-12 17:25:00-07:00,2025-10-13 00:25:00+00:00,2025-10-12 17:30:00-07:00,2025-10-13 00:30:00+00:00,REAL_TIME_5_MIN,MKT_SUB_LNODEONC,Node,57.68501,55.06517,-0.0012,2.62104,0.0
2025-10-12 17:25:00-07:00,2025-10-13 00:25:00+00:00,2025-10-12 17:30:00-07:00,2025-10-13 00:30:00+00:00,REAL_TIME_5_MIN,SCEW_2_PDRP89-APND,AP Node,54.34916,55.06517,0.0,-0.716,0.0
2025-10-12 17:30:00-07:00,2025-10-13 00:30:00+00:00,2025-10-12 17:35:00-07:00,2025-10-13 00:35:00+00:00,REAL_TIME_5_MIN,ANAHEIM_6_N001,Node,60.11728,61.43192,0.0,-1.31464,0.0
2025-10-12 17:30:00-07:00,2025-10-13 00:30:00+00:00,2025-10-12 17:35:00-07:00,2025-10-13 00:35:00+00:00,REAL_TIME_5_MIN,MKT_SUB_LNODEONC,Node,64.44697,61.43192,-0.0012,3.01625,0.0
2025-10-12 17:30:00-07:00,2025-10-13 00:30:00+00:00,2025-10-12 17:35:00-07:00,2025-10-13 00:35:00+00:00,REAL_TIME_5_MIN,SCEW_2_PDRP89-APND,AP Node,60.35464,61.43192,0.0,-1.07728,0.0
2025-10-12 17:35:00-07:00,2025-10-13 00:35:00+00:00,2025-10-12 17:40:00-07:00,2025-10-13 00:40:00+00:00,REAL_TIME_5_MIN,ANAHEIM_6_N001,Node,61.76152,63.11212,0.0,-1.3506,0.0
2025-10-12 17:35:00-07:00,2025-10-13 00:35:00+00:00,2025-10-12 17:40:00-07:00,2025-10-13 00:40:00+00:00,REAL_TIME_5_MIN,MKT_SUB_LNODEONC,Node,66.20967,63.11212,-0.0012,3.09875,0.0
2025-10-12 17:35:00-07:00,2025-10-13 00:35:00+00:00,2025-10-12 17:40:00-07:00,2025-10-13 00:40:00+00:00,REAL_TIME_5_MIN,SCEW_2_PDRP89-APND,AP Node,62.00538,63.11212,0.0,-1.10675,0.0
2025-10-12 17:40:00-07:00,2025-10-13 00:40:00+00:00,2025-10-12 17:45:00-07:00,2025-10-13 00:45:00+00:00,REAL_TIME_5_MIN,ANAHEIM_6_N001,Node,65.70379,67.1406,0.0,-1.43681,0.0
2025-10-12 17:40:00-07:00,2025-10-13 00:40:00+00:00,2025-10-12 17:45:00-07:00,2025-10-13 00:45:00+00:00,REAL_TIME_5_MIN,MKT_SUB_LNODEONC,Node,70.43594,67.1406,-0.0012,3.29654,0.0
2025-10-12 17:40:00-07:00,2025-10-13 00:40:00+00:00,2025-10-12 17:45:00-07:00,2025-10-13 00:45:00+00:00,REAL_TIME_5_MIN,SCEW_2_PDRP89-APND,AP Node,65.96321,67.1406,0.0,-1.17739,0.0
2025-10-12 17:45:00-07:00,2025-10-13 00:45:00+00:00,2025-10-12 17:50:00-07:00,2025-10-13 00:50:00+00:00,REAL_TIME_5_MIN,ANAHEIM_6_N001,Node,83.78298,85.40569,0.0,-1.62271,0.0
2025-10-12 17:45:00-07:00,2025-10-13 00:45:00+00:00,2025-10-12 17:50:00-07:00,2025-10-13 00:50:00+00:00,REAL_TIME_5_MIN,MKT_SUB_LNODEONC,Node,89.70034,85.40569,-0.0012,4.29585,0.0
2025-10-12 17:45:00-07:00,2025-10-13 00:45:00+00:00,2025-10-12 17:50:00-07:00,2025-10-13 00:50:00+00:00,REAL_TIME_5_MIN,SCEW_2_PDRP89-APND,AP Node,84.0937,85.40569,0.0,-1.31199,0.0
2025-10-12 17:50:00-07:00,2025-10-13 00:50:00+00:00,2025-10-12 17:55:00-07:00,2025-10-13 00:55:00+00:00,REAL_TIME_5_MIN,ANAHEIM_6_N001,Node,105.45617,107.49864,0.0,-2.04247,0.0
2025-10-12 17:50:00-07:00,2025-10-13 00:50:00+00:00,2025-10-12 17:55:00-07:00,2025-10-13 00:55:00+00:00,REAL_TIME_5_MIN,MKT_SUB_LNODEONC,Node,112.90456,107.49864,-0.0012,5.40712,0.0
2025-10-12 17:50:00-07:00,2025-10-13 00:50:00+00:00,2025-10-12 17:55:00-07:00,2025-10-13 00:55:00+00:00,REAL_TIME_5_MIN,SCEW_2_PDRP89-APND,AP Node,105.84727,107.49864,0.0,-1.65137,0.0
2025-10-12 17:55:00-07:00,2025-10-13 00:55:00+00:00,2025-10-12 18:00:00-07:00,2025-10-13 01:00:00+00:00,REAL_TIME_5_MIN,ANAHEIM_6_N001,Node,135.61302,138.23956,0.0,-2.62655,0.0
2025-10-12 17:55:00-07:00,2025-10-13 00:55:00+00:00,2025-10-12 18:00:00-07:00,2025-10-13 01:00:00+00:00,REAL_TIME_5_MIN,MKT_SUB_LNODEONC,Node,145.19176,138.23956,-0.0012,6.95339,0.0
2025-10-12 17:55:00-07:00,2025-10-13 00:55:00+00:00,2025-10-12 18:00:00-07:00,2025-10-13 01:00:00+00:00,REAL_TIME_5_MIN,SCEW_2_PDRP89-APND,AP Node,136.11597,138.23956,0.0,-2.12361,0.0
2025-10-12 18:00:00-07:00,2025-10-13 01:00:00+00:00,2025-10-12 18:05:00-07:00,2025-10-13 01:05:00+00:00,REAL_TIME_5_MIN,ANAHEIM_6_N001,Node,52.67784,53.68716,0.0,-1.00932,0.0
2025-10-12 18:00:00-07:00,2025-10-13 01:00:00+00:00,2025-10-12 18:05:00-07:00,2025-10-13 01:05:00+00:00,REAL_TIME_5_MIN,MKT_SUB_LNODEONC,Node,56.56889,53.68716,-0.0012,2.88294,0.0
2025-10-12 18:00:00-07:00,2025-10-13 01:00:00+00:00,2025-10-12 18:05:00-07:00,2025-10-13 01:05:00+00:00,REAL_TIME_5_MIN,SCEW_2_PDRP89-APND,AP Node,52.88189,53.68716,0.0,-0.80527,0.0
2025-10-12 18:05:00-07:00,2025-10-13 01:05:00+00:00,2025-10-12 18:10:00-07:00,2025-10-13 01:10:00+00:00,REAL_TIME_5_MIN,ANAHEIM_6_N001,Node,53.6366,54.66429,0.0,-1.02769,0.0
2025-10-12 18:05:00-07:00,2025-10-13 01:05:00+00:00,2025-10-12 18:10:00-07:00,2025-10-13 01:10:00+00:00,REAL_TIME_5_MIN,MKT_SUB_LNODEONC,Node,57.5985,54.66429,-0.0012,2.93541,0.0
2025-10-12 18:05:00-07:00,2025-10-13 01:05:00+00:00,2025-10-12 18:10:00-07:00,2025-10-13 01:10:00+00:00,REAL_TIME_5_MIN,SCEW_2_PDRP89-APND,AP Node,53.84436,54.66429,0.0,-0.81993,0.0
2025-10-12 18:10:00-07:00,2025-10-13 01:10:00+00:00,2025-10-12 18:15:00-07:00,2025-10-13 01:15:00+00:00,REAL_TIME_5_MIN,ANAHEIM_6_N001,Node,56.16296,57.23906,0.0,-1.07609,0.0
2025-10-12 18:10:00-07:00,2025-10-13 01:10:00+00:00,2025-10-12 18:15:00-07:00,2025-10-13 01:15:00+00:00,REAL_TIME_5_MIN,MKT_SUB_LNODEONC,Node,60.31153,57.23906,-0.0012,3.07367,0.0
2025-10-12 18:10:00-07:00,2025-10-13 01:10:00+00:00,2025-10-12 18:15:00-07:00,2025-10-13 01:15:00+00:00,REAL_TIME_5_MIN,SCEW_2_PDRP89-APND,AP Node,56.38051,57.23906,0.0,-0.85855,0.0
2025-10-12 18:15:00-07:00,2025-10-13 01:15:00+00:00,2025-10-12 18:20:00-07:00,2025-10-13 01:20:00+00:00,REAL_TIME_5_MIN,ANAHEIM_6_N001,Node,54.43767,55.40166,0.0,-0.96399,0.0
2025-10-12 18:15:00-07:00,2025-10-13 01:15:00+00:00,2025-10-12 18:20:00-07:00,2025-10-13 01:20:00+00:00,REAL_TIME_5_MIN,MKT_SUB_LNODEONC,Node,58.42533,55.40166,-0.0012,3.02487,0.0
2025-10-12 18:15:00-07:00,2025-10-13 01:15:00+00:00,2025-10-12 18:20:00-07:00,2025-10-13 01:20:00+00:00,REAL_TIME_5_MIN,SCEW_2_PDRP89-APND,AP Node,54.6445,55.40166,0.0,-0.75716,0.0
2025-10-12 18:20:00-07:00,2025-10-13 01:20:00+00:00,2025-10-12 18:25:00-07:00,2025-10-13 01:25:00+00:00,REAL_TIME_5_MIN,ANAHEIM_6_N001,Node,56.54894,57.55032,0.0,-1.00138,0.0
2025-10-12 18:20:00-07:00,2025-10-13 01:20:00+00:00,2025-10-12 18:25:00-07:00,2025-10-13 01:25:00+00:00,REAL_TIME_5_MIN,MKT_SUB_LNODEONC,Node,60.6913,57.55032,-0.0012,3.14218,0.0
2025-10-12 18:20:00-07:00,2025-10-13 01:20:00+00:00,2025-10-12 18:25:00-07:00,2025-10-13 01:25:00+00:00,REAL_TIME_5_MIN,SCEW_2_PDRP89-APND,AP Node,56.76379,57.55032,0.0,-0.78652,0.0
2025-10-12 18:25:00-07:00,2025-10-13 01:25:00+00:00,2025-10-12 18:30:00-07:00,2025-10-13 01:30:00+00:00,REAL_TIME_5_MIN,ANAHEIM_6_N001,Node,56.37735,57.37568,0.0,-0.99834,0.0
2025-10-12 18:25:00-07:00,2025-10-13 01:25:00+00:00,2025-10-12 18:30:00-07:00,2025-10-13 01:30:00+00:00,REAL_TIME_5_MIN,MKT_SUB_LNODEONC,Node,60.50713,57.37568,-0.0012,3.13265,0.0
2025-10-12 18:25:00-07:00,2025-10-13 01:25:00+00:00,2025-10-12 18:30:00-07:00,2025-10-13 01:30:00+00:00,REAL_TIME_5_MIN,SCEW_2_PDRP89-APND,AP Node,56.59154,57.37568,0.0,-0.78414,0.0
2025-10-12 18:30:00-07:00,2025-10-13 01:30:00+00:00,2025-10-12 18:35:00-07:00,2025-10-13 01:35:00+00:00,REAL_TIME_5_MIN,ANAHEIM_6_N001,Node,56.86458,58.16753,0.0,-1.30295,0.0
2025-10-12 18:30:00-07:00,2025-10-13 01:30:00+00:00,2025-10-12 18:35:00-07:00,2025-10-13 01:35:00+00:00,REAL_TIME_5_MIN,MKT_SUB_LNODEONC,Node,61.45273,58.16753,-0.0012,3.2864,0.0
2025-10-12 18:30:00-07:00,2025-10-13 01:30:00+00:00,2025-10-12 18:35:00-07:00,2025-10-13 01:35:00+00:00,REAL_TIME_5_MIN,SCEW_2_PDRP89-APND,AP Node,57.07034,58.16753,0.0,-1.09719,0.0
2025-10-12 18:35:00-07:00,2025-10-13 01:35:00+00:00,2025-10-12 18:40:00-07:00,2025-10-13 01:40:00+00:00,REAL_TIME_5_MIN,ANAHEIM_6_N001,Node,58.75587,60.10216,0.0,-1.34629,0.0
2025-10-12 18:35:00-07:00,2025-10-13 01:35:00+00:00,2025-10-12 18:40:00-07:00,2025-10-13 01:40:00+00:00,REAL_TIME_5_MIN,MKT_SUB_LNODEONC,Node,63.49666,60.10216,-0.0012,3.3957,0.0
2025-10-12 18:35:00-07:00,2025-10-13 01:35:00+00:00,2025-10-12 18:40:00-07:00,2025-10-13 01:40:00+00:00,REAL_TIME_5_MIN,SCEW_2_PDRP89-APND,AP Node,58.96848,60.10216,0.0,-1.13368,0.0
2025-10-12 18:40:00-07:00,2025-10-13 01:40:00+00:00,2025-10-12 18:45:00-07:00,2025-10-13 01:45:00+00:00,REAL_TIME_5_MIN,ANAHEIM_6_N001,Node,56.89091,58.19447,0.0,-1.30356,0.0
2025-10-12 18:40:00-07:00,2025-10-13 01:40:00+00:00,2025-10-12 18:45:00-07:00,2025-10-13 01:45:00+00:00,REAL_TIME_5_MIN,MKT_SUB_LNODEONC,Node,61.48119,58.19447,-0.0012,3.28792,0.0
2025-10-12 18:40:00-07:00,2025-10-13 01:40:00+00:00,2025-10-12 18:45:00-07:00,2025-10-13 01:45:00+00:00,REAL_TIME_5_MIN,SCEW_2_PDRP89-APND,AP Node,57.09677,58.19447,0.0,-1.09769,0.0
2025-10-12 18:45:00-07:00,2025-10-13 01:45:00+00:00,2025-10-12 18:50:00-07:00,2025-10-13 01:50:00+00:00,REAL_TIME_5_MIN,ANAHEIM_6_N001,Node,52.8686,54.21864,0.0,-1.35004,0.0
2025-10-12 18:45:00-07:00,2025-10-13 01:45:00+00:00,2025-10-12 18:50:00-07:00,2025-10-13 01:50:00+00:00,REAL_TIME_5_MIN,MKT_SUB_LNODEONC,Node,57.18856,54.21864,-0.0012,2.97112,0.0
2025-10-12 18:45:00-07:00,2025-10-13 01:45:00+00:00,2025-10-12 18:50:00-07:00,2025-10-13 01:50:00+00:00,REAL_TIME_5_MIN,SCEW_2_PDRP89-APND,AP Node,53.05686,54.21864,0.0,-1.16178,0.0
2025-10-12 18:50:00-07:00,2025-10-13 01:50:00+00:00,2025-10-12 18:55:00-07:00,2025-10-13 01:55:00+00:00,REAL_TIME_5_MIN,ANAHEIM_6_N001,Node,52.69921,54.04493,0.0,-1.34572,0.0
2025-10-12 18:50:00-07:00,2025-10-13 01:50:00+00:00,2025-10-12 18:55:00-07:00,2025-10-13 01:55:00+00:00,REAL_TIME_5_MIN,MKT_SUB_LNODEONC,Node,57.00533,54.04493,-0.0012,2.9616,0.0
2025-10-12 18:50:00-07:00,2025-10-13 01:50:00+00:00,2025-10-12 18:55:00-07:00,2025-10-13 01:55:00+00:00,REAL_TIME_5_MIN,SCEW_2_PDRP89-APND,AP Node,52.88688,54.04493,0.0,-1.15806,0.0
2025-10-12 18:55:00-07:00,2025-10-13 01:55:00+00:00,2025-10-12 19:00:00-07:00,2025-10-13 02:00:00+00:00,REAL_TIME_5_MIN,ANAHEIM_6_N001,Node,52.69921,54.04493,0.0,-1.34572,0.0
2025-10-12 18:55:00-07:00,2025-10-13 01:55:00+00:00,2025-10-12 19:00:00-07:00,2025-10-13 02:00:00+00:00,REAL_TIME_5_MIN,MKT_SUB_LNODEONC,Node,57.00533,54.04493,-0.0012,2.9616,0.0
2025-10-12 18:55:00-07:00,2025-10-13 01:55:00+00:00,2025-10-12 19:00:00-07:00,2025-10-13 02:00:00+00:00,REAL_TIME_5_MIN,SCEW_2_PDRP89-APND,AP Node,52.88688,54.04493,0.0,-1.15806,0.0
2025-10-12 19:00:00-07:00,2025-10-13 02:00:00+00:00,2025-10-12 19:05:00-07:00,2025-10-13 02:05:00+00:00,REAL_TIME_5_MIN,ANAHEIM_6_N001,Node,51.09067,52.18126,0.0,-1.09059,0.0
2025-10-12 19:00:00-07:00,2025-10-13 02:00:00+00:00,2025-10-12 19:05:00-07:00,2025-10-13 02:05:00+00:00,REAL_TIME_5_MIN,MKT_SUB_LNODEONC,Node,54.98213,52.18126,-0.0012,2.80207,0.0
2025-10-12 19:00:00-07:00,2025-10-13 02:00:00+00:00,2025-10-12 19:05:00-07:00,2025-10-13 02:05:00+00:00,REAL_TIME_5_MIN,SCEW_2_PDRP89-APND,AP Node,51.26509,52.18126,0.0,-0.91617,0.0
2025-10-12 19:05:00-07:00,2025-10-13 02:05:00+00:00,2025-10-12 19:10:00-07:00,2025-10-13 02:10:00+00:00,REAL_TIME_5_MIN,ANAHEIM_6_N001,Node,51.09067,52.18126,0.0,-1.09059,0.0
2025-10-12 19:05:00-07:00,2025-10-13 02:05:00+00:00,2025-10-12 19:10:00-07:00,2025-10-13 02:10:00+00:00,REAL_TIME_5_MIN,MKT_SUB_LNODEONC,Node,54.98213,52.18126,-0.0012,2.80207,0.0
2025-10-12 19:05:00-07:00,2025-10-13 02:05:00+00:00,2025-10-12 19:10:00-07:00,2025-10-13 02:10:00+00:00,REAL_TIME_5_MIN,SCEW_2_PDRP89-APND,AP Node,51.26509,52.18126,0.0,-0.91617,0.0
2025-10-12 19:10:00-07:00,2025-10-13 02:10:00+00:00,2025-10-12 19:15:00-07:00,2025-10-13 02:15:00+00:00,REAL_TIME_5_MIN,ANAHEIM_6_N001,Node,51.09067,52.18126,0.0,-1.09059,0.0
2025-10-12 19:10:00-07:00,2025-10-13 02:10:00+00:00,2025-10-12 19:15:00-07:00,2025-10-13 02:15:00+00:00,REAL_TIME_5_MIN,MKT_SUB_LNODEONC,Node,54.98213,52.18126,-0.0012,2.80207,0.0
2025-10-12 19:10:00-07:00,2025-10-13 02:10:00+00:00,2025-10-12 19:15:00-07:00,2025-10-13 02:15:00+00:00,REAL_TIME_5_MIN,SCEW_2_PDRP89-APND,AP Node,51.26509,52.18126,0.0,-0.91617,0.0
2025-10-12 19:15:00-07:00,2025-10-13 02:15:00+00:00,2025-10-12 19:20:00-07:00,2025-10-13 02:20:00+00:00,REAL_TIME_5_MIN,ANAHEIM_6_N001,Node,50.35097,51.48887,0.0,-1.1379,0.0
2025-10-12 19:15:00-07:00,2025-10-13 02:15:00+00:00,2025-10-12 19:20:00-07:00,2025-10-13 02:20:00+00:00,REAL_TIME_5_MIN,MKT_SUB_LNODEONC,Node,54.14444,51.48887,-0.0012,2.65676,0.0
2025-10-12 19:15:00-07:00,2025-10-13 02:15:00+00:00,2025-10-12 19:20:00-07:00,2025-10-13 02:20:00+00:00,REAL_TIME_5_MIN,SCEW_2_PDRP89-APND,AP Node,50.51792,51.48887,0.0,-0.97095,0.0
2025-10-12 19:20:00-07:00,2025-10-13 02:20:00+00:00,2025-10-12 19:25:00-07:00,2025-10-13 02:25:00+00:00,REAL_TIME_5_MIN,ANAHEIM_6_N001,Node,48.46075,49.55593,0.0,-1.09519,0.0
2025-10-12 19:20:00-07:00,2025-10-13 02:20:00+00:00,2025-10-12 19:25:00-07:00,2025-10-13 02:25:00+00:00,REAL_TIME_5_MIN,MKT_SUB_LNODEONC,Node,52.11176,49.55593,-0.0012,2.55702,0.0
2025-10-12 19:20:00-07:00,2025-10-13 02:20:00+00:00,2025-10-12 19:25:00-07:00,2025-10-13 02:25:00+00:00,REAL_TIME_5_MIN,SCEW_2_PDRP89-APND,AP Node,48.62143,49.55593,0.0,-0.9345,0.0
2025-10-12 19:25:00-07:00,2025-10-13 02:25:00+00:00,2025-10-12 19:30:00-07:00,2025-10-13 02:30:00+00:00,REAL_TIME_5_MIN,ANAHEIM_6_N001,Node,47.98229,49.06667,0.0,-1.08437,0.0
2025-10-12 19:25:00-07:00,2025-10-13 02:25:00+00:00,2025-10-12 19:30:00-07:00,2025-10-13 02:30:00+00:00,REAL_TIME_5_MIN,MKT_SUB_LNODEONC,Node,51.59724,49.06667,-0.0012,2.53178,0.0
2025-10-12 19:25:00-07:00,2025-10-13 02:25:00+00:00,2025-10-12 19:30:00-07:00,2025-10-13 02:30:00+00:00,REAL_TIME_5_MIN,SCEW_2_PDRP89-APND,AP Node,48.14139,49.06667,0.0,-0.92528,0.0
2025-10-12 19:30:00-07:00,2025-10-13 02:30:00+00:00,2025-10-12 19:35:00-07:00,2025-10-13 02:35:00+00:00,REAL_TIME_5_MIN,ANAHEIM_6_N001,Node,47.31875,48.56692,0.0,-1.24817,0.0
2025-10-12 19:30:00-07:00,2025-10-13 02:30:00+00:00,2025-10-12 19:35:00-07:00,2025-10-13 02:35:00+00:00,REAL_TIME_5_MIN,MKT_SUB_LNODEONC,Node,51.01343,48.56692,-0.0012,2.44771,0.0
2025-10-12 19:30:00-07:00,2025-10-13 02:30:00+00:00,2025-10-12 19:35:00-07:00,2025-10-13 02:35:00+00:00,REAL_TIME_5_MIN,SCEW_2_PDRP89-APND,AP Node,47.48899,48.56692,0.0,-1.07792,0.0
2025-10-12 19:35:00-07:00,2025-10-13 02:35:00+00:00,2025-10-12 19:40:00-07:00,2025-10-13 02:40:00+00:00,REAL_TIME_5_MIN,ANAHEIM_6_N001,Node,47.42262,48.67353,0.0,-1.25091,0.0
2025-10-12 19:35:00-07:00,2025-10-13 02:35:00+00:00,2025-10-12 19:40:00-07:00,2025-10-13 02:40:00+00:00,REAL_TIME_5_MIN,MKT_SUB_LNODEONC,Node,51.12542,48.67353,-0.0012,2.45309,0.0
2025-10-12 19:35:00-07:00,2025-10-13 02:35:00+00:00,2025-10-12 19:40:00-07:00,2025-10-13 02:40:00+00:00,REAL_TIME_5_MIN,SCEW_2_PDRP89-APND,AP Node,47.59324,48.67353,0.0,-1.08029,0.0
2025-10-12 19:40:00-07:00,2025-10-13 02:40:00+00:00,2025-10-12 19:45:00-07:00,2025-10-13 02:45:00+00:00,REAL_TIME_5_MIN,ANAHEIM_6_N001,Node,47.35715,48.60634,0.0,-1.24918,0.0
2025-10-12 19:40:00-07:00,2025-10-13 02:40:00+00:00,2025-10-12 19:45:00-07:00,2025-10-13 02:45:00+00:00,REAL_TIME_5_MIN,MKT_SUB_LNODEONC,Node,51.05484,48.60634,-0.0012,2.4497,0.0
2025-10-12 19:40:00-07:00,2025-10-13 02:40:00+00:00,2025-10-12 19:45:00-07:00,2025-10-13 02:45:00+00:00,REAL_TIME_5_MIN,SCEW_2_PDRP89-APND,AP Node,47.52754,48.60634,0.0,-1.0788,0.0
2025-10-12 19:45:00-07:00,2025-10-13 02:45:00+00:00,2025-10-12 19:50:00-07:00,2025-10-13 02:50:00+00:00,REAL_TIME_5_MIN,ANAHEIM_6_N001,Node,46.24796,47.40949,0.0,-1.16153,0.0
2025-10-12 19:45:00-07:00,2025-10-13 02:45:00+00:00,2025-10-12 19:50:00-07:00,2025-10-13 02:50:00+00:00,REAL_TIME_5_MIN,MKT_SUB_LNODEONC,Node,49.78818,47.40949,-0.0012,2.3799,0.0
2025-10-12 19:45:00-07:00,2025-10-13 02:45:00+00:00,2025-10-12 19:50:00-07:00,2025-10-13 02:50:00+00:00,REAL_TIME_5_MIN,SCEW_2_PDRP89-APND,AP Node,46.4126,47.40949,0.0,-0.99688,0.0
2025-10-12 19:50:00-07:00,2025-10-13 02:50:00+00:00,2025-10-12 19:55:00-07:00,2025-10-13 02:55:00+00:00,REAL_TIME_5_MIN,ANAHEIM_6_N001,Node,45.58413,46.72899,0.0,-1.14486,0.0
2025-10-12 19:50:00-07:00,2025-10-13 02:50:00+00:00,2025-10-12 19:55:00-07:00,2025-10-13 02:55:00+00:00,REAL_TIME_5_MIN,MKT_SUB_LNODEONC,Node,49.07353,46.72899,-0.0012,2.34574,0.0
2025-10-12 19:50:00-07:00,2025-10-13 02:50:00+00:00,2025-10-12 19:55:00-07:00,2025-10-13 02:55:00+00:00,REAL_TIME_5_MIN,SCEW_2_PDRP89-APND,AP Node,45.74642,46.72899,0.0,-0.98258,0.0
2025-10-12 19:55:00-07:00,2025-10-13 02:55:00+00:00,2025-10-12 20:00:00-07:00,2025-10-13 03:00:00+00:00,REAL_TIME_5_MIN,ANAHEIM_6_N001,Node,44.92631,46.05465,0.0,-1.12834,0.0
2025-10-12 19:55:00-07:00,2025-10-13 02:55:00+00:00,2025-10-12 20:00:00-07:00,2025-10-13 03:00:00+00:00,REAL_TIME_5_MIN,MKT_SUB_LNODEONC,Node,48.36533,46.05465,-0.0012,2.31188,0.0
2025-10-12 19:55:00-07:00,2025-10-13 02:55:00+00:00,2025-10-12 20:00:00-07:00,2025-10-13 03:00:00+00:00,REAL_TIME_5_MIN,SCEW_2_PDRP89-APND,AP Node,45.08626,46.05465,0.0,-0.9684,0.0
2025-10-12 20:00:00-07:00,2025-10-13 03:00:00+00:00,2025-10-12 20:05:00-07:00,2025-10-13 03:05:00+00:00,REAL_TIME_5_MIN,ANAHEIM_6_N001,Node,47.25393,48.43576,0.0,-1.18183,0.0
2025-10-12 20:00:00-07:00,2025-10-13 03:00:00+00:00,2025-10-12 20:05:00-07:00,2025-10-13 03:05:00+00:00,REAL_TIME_5_MIN,MKT_SUB_LNODEONC,Node,50.82723,48.43576,-0.0012,2.39267,0.0
2025-10-12 20:00:00-07:00,2025-10-13 03:00:00+00:00,2025-10-12 20:05:00-07:00,2025-10-13 03:05:00+00:00,REAL_TIME_5_MIN,SCEW_2_PDRP89-APND,AP Node,47.40648,48.43576,0.0,-1.02928,0.0
2025-10-12 20:05:00-07:00,2025-10-13 03:05:00+00:00,2025-10-12 20:10:00-07:00,2025-10-13 03:10:00+00:00,REAL_TIME_5_MIN,ANAHEIM_6_N001,Node,46.01401,47.16483,0.0,-1.15082,0.0
2025-10-12 20:05:00-07:00,2025-10-13 03:05:00+00:00,2025-10-12 20:10:00-07:00,2025-10-13 03:10:00+00:00,REAL_TIME_5_MIN,MKT_SUB_LNODEONC,Node,49.49351,47.16483,-0.0012,2.32988,0.0
2025-10-12 20:05:00-07:00,2025-10-13 03:05:00+00:00,2025-10-12 20:10:00-07:00,2025-10-13 03:10:00+00:00,REAL_TIME_5_MIN,SCEW_2_PDRP89-APND,AP Node,46.16255,47.16483,0.0,-1.00228,0.0
2025-10-12 20:10:00-07:00,2025-10-13 03:10:00+00:00,2025-10-12 20:15:00-07:00,2025-10-13 03:15:00+00:00,REAL_TIME_5_MIN,ANAHEIM_6_N001,Node,45.6752,46.81755,0.0,-1.14235,0.0
2025-10-12 20:10:00-07:00,2025-10-13 03:10:00+00:00,2025-10-12 20:15:00-07:00,2025-10-13 03:15:00+00:00,REAL_TIME_5_MIN,MKT_SUB_LNODEONC,Node,49.12908,46.81755,-0.0012,2.31273,0.0
2025-10-12 20:10:00-07:00,2025-10-13 03:10:00+00:00,2025-10-12 20:15:00-07:00,2025-10-13 03:15:00+00:00,REAL_TIME_5_MIN,SCEW_2_PDRP89-APND,AP Node,45.82266,46.81755,0.0,-0.9949,0.0
2025-10-12 20:15:00-07:00,2025-10-13 03:15:00+00:00,2025-10-12 20:20:00-07:00,2025-10-13 03:20:00+00:00,REAL_TIME_5_MIN,ANAHEIM_6_N001,Node,44.38021,45.44825,0.0,-1.06803,0.0
2025-10-12 20:15:00-07:00,2025-10-13 03:15:00+00:00,2025-10-12 20:20:00-07:00,2025-10-13 03:20:00+00:00,REAL_TIME_5_MIN,MKT_SUB_LNODEONC,Node,47.70577,45.44825,-0.0012,2.25872,0.0
2025-10-12 20:15:00-07:00,2025-10-13 03:15:00+00:00,2025-10-12 20:20:00-07:00,2025-10-13 03:20:00+00:00,REAL_TIME_5_MIN,SCEW_2_PDRP89-APND,AP Node,44.53088,45.44825,0.0,-0.91736,0.0
2025-10-12 20:20:00-07:00,2025-10-13 03:20:00+00:00,2025-10-12 20:25:00-07:00,2025-10-13 03:25:00+00:00,REAL_TIME_5_MIN,ANAHEIM_6_N001,Node,44.22564,45.28995,0.0,-1.06431,0.0
2025-10-12 20:20:00-07:00,2025-10-13 03:20:00+00:00,2025-10-12 20:25:00-07:00,2025-10-13 03:25:00+00:00,REAL_TIME_5_MIN,MKT_SUB_LNODEONC,Node,47.53961,45.28995,-0.0012,2.25085,0.0
2025-10-12 20:20:00-07:00,2025-10-13 03:20:00+00:00,2025-10-12 20:25:00-07:00,2025-10-13 03:25:00+00:00,REAL_TIME_5_MIN,SCEW_2_PDRP89-APND,AP Node,44.37579,45.28995,0.0,-0.91417,0.0
2025-10-12 20:25:00-07:00,2025-10-13 03:25:00+00:00,2025-10-12 20:30:00-07:00,2025-10-13 03:30:00+00:00,REAL_TIME_5_MIN,ANAHEIM_6_N001,Node,43.38196,44.42597,0.0,-1.04401,0.0
2025-10-12 20:25:00-07:00,2025-10-13 03:25:00+00:00,2025-10-12 20:30:00-07:00,2025-10-13 03:30:00+00:00,REAL_TIME_5_MIN,MKT_SUB_LNODEONC,Node,46.63268,44.42597,-0.0012,2.20791,0.0
2025-10-12 20:25:00-07:00,2025-10-13 03:25:00+00:00,2025-10-12 20:30:00-07:00,2025-10-13 03:30:00+00:00,REAL_TIME_5_MIN,SCEW_2_PDRP89-APND,AP Node,43.52924,44.42597,0.0,-0.89673,0.0
2025-10-12 20:30:00-07:00,2025-10-13 03:30:00+00:00,2025-10-12 20:35:00-07:00,2025-10-13 03:35:00+00:00,REAL_TIME_5_MIN,ANAHEIM_6_N001,Node,43.88755,44.87021,0.0,-0.98266,0.0
2025-10-12 20:30:00-07:00,2025-10-13 03:30:00+00:00,2025-10-12 20:35:00-07:00,2025-10-13 03:35:00+00:00,REAL_TIME_5_MIN,MKT_SUB_LNODEONC,Node,47.06759,44.87021,-0.0012,2.19858,0.0
2025-10-12 20:30:00-07:00,2025-10-13 03:30:00+00:00,2025-10-12 20:35:00-07:00,2025-10-13 03:35:00+00:00,REAL_TIME_5_MIN,SCEW_2_PDRP89-APND,AP Node,44.03349,44.87021,0.0,-0.83671,0.0
2025-10-12 20:35:00-07:00,2025-10-13 03:35:00+00:00,2025-10-12 20:40:00-07:00,2025-10-13 03:40:00+00:00,REAL_TIME_5_MIN,ANAHEIM_6_N001,Node,43.42598,44.3983,0.0,-0.97232,0.0
2025-10-12 20:35:00-07:00,2025-10-13 03:35:00+00:00,2025-10-12 20:40:00-07:00,2025-10-13 03:40:00+00:00,REAL_TIME_5_MIN,MKT_SUB_LNODEONC,Node,46.57256,44.3983,-0.0012,2.17546,0.0
2025-10-12 20:35:00-07:00,2025-10-13 03:35:00+00:00,2025-10-12 20:40:00-07:00,2025-10-13 03:40:00+00:00,REAL_TIME_5_MIN,SCEW_2_PDRP89-APND,AP Node,43.57039,44.3983,0.0,-0.82791,0.0
2025-10-12 20:40:00-07:00,2025-10-13 03:40:00+00:00,2025-10-12 20:45:00-07:00,2025-10-13 03:45:00+00:00,REAL_TIME_5_MIN,ANAHEIM_6_N001,Node,42.68578,43.64153,0.0,-0.95575,0.0
2025-10-12 20:40:00-07:00,2025-10-13 03:40:00+00:00,2025-10-12 20:45:00-07:00,2025-10-13 03:45:00+00:00,REAL_TIME_5_MIN,MKT_SUB_LNODEONC,Node,45.77871,43.64153,-0.0012,2.13838,0.0
2025-10-12 20:40:00-07:00,2025-10-13 03:40:00+00:00,2025-10-12 20:45:00-07:00,2025-10-13 03:45:00+00:00,REAL_TIME_5_MIN,SCEW_2_PDRP89-APND,AP Node,42.82773,43.64153,0.0,-0.8138,0.0
2025-10-12 20:45:00-07:00,2025-10-13 03:45:00+00:00,2025-10-12 20:50:00-07:00,2025-10-13 03:50:00+00:00,REAL_TIME_5_MIN,ANAHEIM_6_N001,Node,43.67529,44.53481,0.0,-0.85952,0.0
2025-10-12 20:45:00-07:00,2025-10-13 03:45:00+00:00,2025-10-12 20:50:00-07:00,2025-10-13 03:50:00+00:00,REAL_TIME_5_MIN,MKT_SUB_LNODEONC,Node,46.79147,44.53481,-0.0012,2.25785,0.0
2025-10-12 20:45:00-07:00,2025-10-13 03:45:00+00:00,2025-10-12 20:50:00-07:00,2025-10-13 03:50:00+00:00,REAL_TIME_5_MIN,SCEW_2_PDRP89-APND,AP Node,43.82015,44.53481,0.0,-0.71466,0.0
2025-10-12 20:50:00-07:00,2025-10-13 03:50:00+00:00,2025-10-12 20:55:00-07:00,2025-10-13 03:55:00+00:00,REAL_TIME_5_MIN,ANAHEIM_6_N001,Node,44.48622,45.3617,0.0,-0.87548,0.0
2025-10-12 20:50:00-07:00,2025-10-13 03:50:00+00:00,2025-10-12 20:55:00-07:00,2025-10-13 03:55:00+00:00,REAL_TIME_5_MIN,MKT_SUB_LNODEONC,Node,47.66028,45.3617,-0.0012,2.29978,0.0
2025-10-12 20:50:00-07:00,2025-10-13 03:50:00+00:00,2025-10-12 20:55:00-07:00,2025-10-13 03:55:00+00:00,REAL_TIME_5_MIN,SCEW_2_PDRP89-APND,AP Node,44.63377,45.3617,0.0,-0.72793,0.0
2025-10-12 20:55:00-07:00,2025-10-13 03:55:00+00:00,2025-10-12 21:00:00-07:00,2025-10-13 04:00:00+00:00,REAL_TIME_5_MIN,ANAHEIM_6_N001,Node,44.84799,45.73059,0.0,-0.8826,0.0
2025-10-12 20:55:00-07:00,2025-10-13 03:55:00+00:00,2025-10-12 21:00:00-07:00,2025-10-13 04:00:00+00:00,REAL_TIME_5_MIN,MKT_SUB_LNODEONC,Node,48.04787,45.73059,-0.0012,2.31848,0.0
2025-10-12 20:55:00-07:00,2025-10-13 03:55:00+00:00,2025-10-12 21:00:00-07:00,2025-10-13 04:00:00+00:00,REAL_TIME_5_MIN,SCEW_2_PDRP89-APND,AP Node,44.99674,45.73059,0.0,-0.73385,0.0
2025-10-12 21:00:00-07:00,2025-10-13 04:00:00+00:00,2025-10-12 21:05:00-07:00,2025-10-13 04:05:00+00:00,REAL_TIME_5_MIN,ANAHEIM_6_N001,Node,48.33925,49.21528,0.0,-0.87603,0.0
2025-10-12 21:00:00-07:00,2025-10-13 04:00:00+00:00,2025-10-12 21:05:00-07:00,2025-10-13 04:05:00+00:00,REAL_TIME_5_MIN,MKT_SUB_LNODEONC,Node,51.63049,49.21528,-0.0012,2.41641,0.0
2025-10-12 21:00:00-07:00,2025-10-13 04:00:00+00:00,2025-10-12 21:05:00-07:00,2025-10-13 04:05:00+00:00,REAL_TIME_5_MIN,SCEW_2_PDRP89-APND,AP Node,48.49144,49.21528,0.0,-0.72384,0.0
2025-10-12 21:05:00-07:00,2025-10-13 04:05:00+00:00,2025-10-12 21:10:00-07:00,2025-10-13 04:10:00+00:00,REAL_TIME_5_MIN,ANAHEIM_6_N001,Node,48.46689,49.34524,0.0,-0.87835,0.0
2025-10-12 21:05:00-07:00,2025-10-13 04:05:00+00:00,2025-10-12 21:10:00-07:00,2025-10-13 04:10:00+00:00,REAL_TIME_5_MIN,MKT_SUB_LNODEONC,Node,51.76683,49.34524,-0.0012,2.42279,0.0
2025-10-12 21:05:00-07:00,2025-10-13 04:05:00+00:00,2025-10-12 21:10:00-07:00,2025-10-13 04:10:00+00:00,REAL_TIME_5_MIN,SCEW_2_PDRP89-APND,AP Node,48.61948,49.34524,0.0,-0.72576,0.0
2025-10-12 21:10:00-07:00,2025-10-13 04:10:00+00:00,2025-10-12 21:15:00-07:00,2025-10-13 04:15:00+00:00,REAL_TIME_5_MIN,ANAHEIM_6_N001,Node,48.33925,49.21528,0.0,-0.87603,0.0
2025-10-12 21:10:00-07:00,2025-10-13 04:10:00+00:00,2025-10-12 21:15:00-07:00,2025-10-13 04:15:00+00:00,REAL_TIME_5_MIN,MKT_SUB_LNODEONC,Node,51.63049,49.21528,-0.0012,2.41641,0.0
2025-10-12 21:10:00-07:00,2025-10-13 04:10:00+00:00,2025-10-12 21:15:00-07:00,2025-10-13 04:15:00+00:00,REAL_TIME_5_MIN,SCEW_2_PDRP89-APND,AP Node,48.49144,49.21528,0.0,-0.72384,0.0
2025-10-12 21:15:00-07:00,2025-10-13 04:15:00+00:00,2025-10-12 21:20:00-07:00,2025-10-13 04:20:00+00:00,REAL_TIME_5_MIN,ANAHEIM_6_N001,Node,47.93848,48.77746,0.0,-0.83897,0.0
2025-10-12 21:15:00-07:00,2025-10-13 04:15:00+00:00,2025-10-12 21:20:00-07:00,2025-10-13 04:20:00+00:00,REAL_TIME_5_MIN,MKT_SUB_LNODEONC,Node,51.19068,48.77746,-0.0012,2.41442,0.0
2025-10-12 21:15:00-07:00,2025-10-13 04:15:00+00:00,2025-10-12 21:20:00-07:00,2025-10-13 04:20:00+00:00,REAL_TIME_5_MIN,SCEW_2_PDRP89-APND,AP Node,48.08455,48.77746,0.0,-0.69291,0.0
2025-10-12 21:20:00-07:00,2025-10-13 04:20:00+00:00,2025-10-12 21:25:00-07:00,2025-10-13 04:25:00+00:00,REAL_TIME_5_MIN,ANAHEIM_6_N001,Node,49.36589,50.22984,0.0,-0.86395,0.0
2025-10-12 21:20:00-07:00,2025-10-13 04:20:00+00:00,2025-10-12 21:25:00-07:00,2025-10-13 04:25:00+00:00,REAL_TIME_5_MIN,MKT_SUB_LNODEONC,Node,52.71496,50.22984,-0.0012,2.48632,0.0
2025-10-12 21:20:00-07:00,2025-10-13 04:20:00+00:00,2025-10-12 21:25:00-07:00,2025-10-13 04:25:00+00:00,REAL_TIME_5_MIN,SCEW_2_PDRP89-APND,AP Node,49.5163,50.22984,0.0,-0.71354,0.0
2025-10-12 21:25:00-07:00,2025-10-13 04:25:00+00:00,2025-10-12 21:30:00-07:00,2025-10-13 04:30:00+00:00,REAL_TIME_5_MIN,ANAHEIM_6_N001,Node,48.7209,49.57357,0.0,-0.85267,0.0
2025-10-12 21:25:00-07:00,2025-10-13 04:25:00+00:00,2025-10-12 21:30:00-07:00,2025-10-13 04:30:00+00:00,REAL_TIME_5_MIN,MKT_SUB_LNODEONC,Node,52.0262,49.57357,-0.0012,2.45383,0.0
2025-10-12 21:25:00-07:00,2025-10-13 04:25:00+00:00,2025-10-12 21:30:00-07:00,2025-10-13 04:30:00+00:00,REAL_TIME_5_MIN,SCEW_2_PDRP89-APND,AP Node,48.86935,49.57357,0.0,-0.70422,0.0
2025-10-12 21:30:00-07:00,2025-10-13 04:30:00+00:00,2025-10-12 21:35:00-07:00,2025-10-13 04:35:00+00:00,REAL_TIME_5_MIN,ANAHEIM_6_N001,Node,48.12918,48.93664,0.0,-0.80745,0.0
2025-10-12 21:30:00-07:00,2025-10-13 04:30:00+00:00,2025-10-12 21:35:00-07:00,2025-10-13 04:35:00+00:00,REAL_TIME_5_MIN,MKT_SUB_LNODEONC,Node,51.35774,48.93664,-0.0012,2.4223,0.0
2025-10-12 21:30:00-07:00,2025-10-13 04:30:00+00:00,2025-10-12 21:35:00-07:00,2025-10-13 04:35:00+00:00,REAL_TIME_5_MIN,SCEW_2_PDRP89-APND,AP Node,48.27721,48.93664,0.0,-0.65943,0.0
2025-10-12 21:35:00-07:00,2025-10-13 04:35:00+00:00,2025-10-12 21:40:00-07:00,2025-10-13 04:40:00+00:00,REAL_TIME_5_MIN,ANAHEIM_6_N001,Node,48.2965,49.10676,0.0,-0.81026,0.0
2025-10-12 21:35:00-07:00,2025-10-13 04:35:00+00:00,2025-10-12 21:40:00-07:00,2025-10-13 04:40:00+00:00,REAL_TIME_5_MIN,MKT_SUB_LNODEONC,Node,51.53628,49.10676,-0.0012,2.43073,0.0
2025-10-12 21:35:00-07:00,2025-10-13 04:35:00+00:00,2025-10-12 21:40:00-07:00,2025-10-13 04:40:00+00:00,REAL_TIME_5_MIN,SCEW_2_PDRP89-APND,AP Node,48.44503,49.10676,0.0,-0.66172,0.0
2025-10-12 21:40:00-07:00,2025-10-13 04:40:00+00:00,2025-10-12 21:45:00-07:00,2025-10-13 04:45:00+00:00,REAL_TIME_5_MIN,ANAHEIM_6_N001,Node,49.28536,50.11221,0.0,-0.82685,0.0
2025-10-12 21:40:00-07:00,2025-10-13 04:40:00+00:00,2025-10-12 21:45:00-07:00,2025-10-13 04:45:00+00:00,REAL_TIME_5_MIN,MKT_SUB_LNODEONC,Node,52.5915,50.11221,-0.0012,2.48049,0.0
2025-10-12 21:40:00-07:00,2025-10-13 04:40:00+00:00,2025-10-12 21:45:00-07:00,2025-10-13 04:45:00+00:00,REAL_TIME_5_MIN,SCEW_2_PDRP89-APND,AP Node,49.43694,50.11221,0.0,-0.67527,0.0
2025-10-12 21:45:00-07:00,2025-10-13 04:45:00+00:00,2025-10-12 21:50:00-07:00,2025-10-13 04:50:00+00:00,REAL_TIME_5_MIN,ANAHEIM_6_N001,Node,49.05611,49.70727,0.0,-0.65117,0.0
2025-10-12 21:45:00-07:00,2025-10-13 04:45:00+00:00,2025-10-12 21:50:00-07:00,2025-10-13 04:50:00+00:00,REAL_TIME_5_MIN,MKT_SUB_LNODEONC,Node,52.19138,49.70727,-0.0012,2.4853,0.0
2025-10-12 21:45:00-07:00,2025-10-13 04:45:00+00:00,2025-10-12 21:50:00-07:00,2025-10-13 04:50:00+00:00,REAL_TIME_5_MIN,SCEW_2_PDRP89-APND,AP Node,49.19863,49.70727,0.0,-0.50865,0.0
2025-10-12 21:50:00-07:00,2025-10-13 04:50:00+00:00,2025-10-12 21:55:00-07:00,2025-10-13 04:55:00+00:00,REAL_TIME_5_MIN,ANAHEIM_6_N001,Node,49.60174,50.26015,0.0,-0.65841,0.0
2025-10-12 21:50:00-07:00,2025-10-13 04:50:00+00:00,2025-10-12 21:55:00-07:00,2025-10-13 04:55:00+00:00,REAL_TIME_5_MIN,MKT_SUB_LNODEONC,Node,52.77189,50.26015,-0.0012,2.51295,0.0
2025-10-12 21:50:00-07:00,2025-10-13 04:50:00+00:00,2025-10-12 21:55:00-07:00,2025-10-13 04:55:00+00:00,REAL_TIME_5_MIN,SCEW_2_PDRP89-APND,AP Node,49.74584,50.26015,0.0,-0.5143,0.0
2025-10-12 21:55:00-07:00,2025-10-13 04:55:00+00:00,2025-10-12 22:00:00-07:00,2025-10-13 05:00:00+00:00,REAL_TIME_5_MIN,ANAHEIM_6_N001,Node,49.97869,50.6421,0.0,-0.66341,0.0
2025-10-12 21:55:00-07:00,2025-10-13 04:55:00+00:00,2025-10-12 22:00:00-07:00,2025-10-13 05:00:00+00:00,REAL_TIME_5_MIN,MKT_SUB_LNODEONC,Node,53.17295,50.6421,-0.0012,2.53205,0.0
2025-10-12 21:55:00-07:00,2025-10-13 04:55:00+00:00,2025-10-12 22:00:00-07:00,2025-10-13 05:00:00+00:00,REAL_TIME_5_MIN,SCEW_2_PDRP89-APND,AP Node,50.12389,50.6421,0.0,-0.51821,0.0
2025-10-12 22:00:00-07:00,2025-10-13 05:00:00+00:00,2025-10-12 22:05:00-07:00,2025-10-13 05:05:00+00:00,REAL_TIME_5_MIN,ANAHEIM_6_N001,Node,51.08569,51.71664,0.0,-0.63094,0.0
2025-10-12 22:00:00-07:00,2025-10-13 05:00:00+00:00,2025-10-12 22:05:00-07:00,2025-10-13 05:05:00+00:00,REAL_TIME_5_MIN,MKT_SUB_LNODEONC,Node,53.96506,51.71664,-0.0012,2.24962,0.0
2025-10-12 22:00:00-07:00,2025-10-13 05:00:00+00:00,2025-10-12 22:05:00-07:00,2025-10-13 05:05:00+00:00,REAL_TIME_5_MIN,SCEW_2_PDRP89-APND,AP Node,51.24228,51.71664,0.0,-0.47436,0.0
2025-10-12 22:05:00-07:00,2025-10-13 05:05:00+00:00,2025-10-12 22:10:00-07:00,2025-10-13 05:10:00+00:00,REAL_TIME_5_MIN,ANAHEIM_6_N001,Node,50.36957,50.99167,0.0,-0.6221,0.0
2025-10-12 22:05:00-07:00,2025-10-13 05:05:00+00:00,2025-10-12 22:10:00-07:00,2025-10-13 05:10:00+00:00,REAL_TIME_5_MIN,MKT_SUB_LNODEONC,Node,53.20855,50.99167,-0.0012,2.21809,0.0
2025-10-12 22:05:00-07:00,2025-10-13 05:05:00+00:00,2025-10-12 22:10:00-07:00,2025-10-13 05:10:00+00:00,REAL_TIME_5_MIN,SCEW_2_PDRP89-APND,AP Node,50.52396,50.99167,0.0,-0.46771,0.0
2025-10-12 22:10:00-07:00,2025-10-13 05:10:00+00:00,2025-10-12 22:15:00-07:00,2025-10-13 05:15:00+00:00,REAL_TIME_5_MIN,ANAHEIM_6_N001,Node,50.19021,50.8101,0.0,-0.61988,0.0
2025-10-12 22:10:00-07:00,2025-10-13 05:10:00+00:00,2025-10-12 22:15:00-07:00,2025-10-13 05:15:00+00:00,REAL_TIME_5_MIN,MKT_SUB_LNODEONC,Node,53.01908,50.8101,-0.0012,2.21019,0.0
2025-10-12 22:10:00-07:00,2025-10-13 05:10:00+00:00,2025-10-12 22:15:00-07:00,2025-10-13 05:15:00+00:00,REAL_TIME_5_MIN,SCEW_2_PDRP89-APND,AP Node,50.34406,50.8101,0.0,-0.46604,0.0
2025-10-12 22:15:00-07:00,2025-10-13 05:15:00+00:00,2025-10-12 22:20:00-07:00,2025-10-13 05:20:00+00:00,REAL_TIME_5_MIN,ANAHEIM_6_N001,Node,50.06375,50.55413,0.0,-0.49038,0.0
2025-10-12 22:15:00-07:00,2025-10-13 05:15:00+00:00,2025-10-12 22:20:00-07:00,2025-10-13 05:20:00+00:00,REAL_TIME_5_MIN,MKT_SUB_LNODEONC,Node,52.70143,50.55413,-0.0012,2.1485,0.0
2025-10-12 22:15:00-07:00,2025-10-13 05:15:00+00:00,2025-10-12 22:20:00-07:00,2025-10-13 05:20:00+00:00,REAL_TIME_5_MIN,SCEW_2_PDRP89-APND,AP Node,50.2301,50.55413,0.0,-0.32403,0.0
2025-10-12 22:20:00-07:00,2025-10-13 05:20:00+00:00,2025-10-12 22:25:00-07:00,2025-10-13 05:25:00+00:00,REAL_TIME_5_MIN,ANAHEIM_6_N001,Node,54.03613,54.56541,0.0,-0.52928,0.0
2025-10-12 22:20:00-07:00,2025-10-13 05:20:00+00:00,2025-10-12 22:25:00-07:00,2025-10-13 05:25:00+00:00,REAL_TIME_5_MIN,MKT_SUB_LNODEONC,Node,56.88319,54.56541,-0.0012,2.31898,0.0
2025-10-12 22:20:00-07:00,2025-10-13 05:20:00+00:00,2025-10-12 22:25:00-07:00,2025-10-13 05:25:00+00:00,REAL_TIME_5_MIN,SCEW_2_PDRP89-APND,AP Node,54.21567,54.56541,0.0,-0.34974,0.0
2025-10-12 22:25:00-07:00,2025-10-13 05:25:00+00:00,2025-10-12 22:30:00-07:00,2025-10-13 05:30:00+00:00,REAL_TIME_5_MIN,ANAHEIM_6_N001,Node,51.91347,52.42196,0.0,-0.50849,0.0
2025-10-12 22:25:00-07:00,2025-10-13 05:25:00+00:00,2025-10-12 22:30:00-07:00,2025-10-13 05:30:00+00:00,REAL_TIME_5_MIN,MKT_SUB_LNODEONC,Node,54.64864,52.42196,-0.0012,2.22788,0.0
2025-10-12 22:25:00-07:00,2025-10-13 05:25:00+00:00,2025-10-12 22:30:00-07:00,2025-10-13 05:30:00+00:00,REAL_TIME_5_MIN,SCEW_2_PDRP89-APND,AP Node,52.08596,52.42196,0.0,-0.336,0.0
2025-10-12 22:30:00-07:00,2025-10-13 05:30:00+00:00,2025-10-12 22:35:00-07:00,2025-10-13 05:35:00+00:00,REAL_TIME_5_MIN,ANAHEIM_6_N001,Node,53.79497,54.27805,0.0,-0.48307,0.0
2025-10-12 22:30:00-07:00,2025-10-13 05:30:00+00:00,2025-10-12 22:35:00-07:00,2025-10-13 05:35:00+00:00,REAL_TIME_5_MIN,MKT_SUB_LNODEONC,Node,56.52391,54.27805,-0.0012,2.24706,0.0
2025-10-12 22:30:00-07:00,2025-10-13 05:30:00+00:00,2025-10-12 22:35:00-07:00,2025-10-13 05:35:00+00:00,REAL_TIME_5_MIN,SCEW_2_PDRP89-APND,AP Node,53.95943,54.27805,0.0,-0.31862,0.0
2025-10-12 22:35:00-07:00,2025-10-13 05:35:00+00:00,2025-10-12 22:40:00-07:00,2025-10-13 05:40:00+00:00,REAL_TIME_5_MIN,ANAHEIM_6_N001,Node,54.30753,54.79521,0.0,-0.48768,0.0
2025-10-12 22:35:00-07:00,2025-10-13 05:35:00+00:00,2025-10-12 22:40:00-07:00,2025-10-13 05:40:00+00:00,REAL_TIME_5_MIN,MKT_SUB_LNODEONC,Node,37.54086,54.79521,-18.74675,1.49241,0.0
2025-10-12 22:35:00-07:00,2025-10-13 05:35:00+00:00,2025-10-12 22:40:00-07:00,2025-10-13 05:40:00+00:00,REAL_TIME_5_MIN,SCEW_2_PDRP89-APND,AP Node,54.47355,54.79521,0.0,-0.32166,0.0
2025-10-12 22:40:00-07:00,2025-10-13 05:40:00+00:00,2025-10-12 22:45:00-07:00,2025-10-13 05:45:00+00:00,REAL_TIME_5_MIN,ANAHEIM_6_N001,Node,55.47633,55.9745,0.0,-0.49817,0.0
2025-10-12 22:40:00-07:00,2025-10-13 05:40:00+00:00,2025-10-12 22:45:00-07:00,2025-10-13 05:45:00+00:00,REAL_TIME_5_MIN,MKT_SUB_LNODEONC,Node,37.43829,55.9745,-20.02453,1.48833,0.0
2025-10-12 22:40:00-07:00,2025-10-13 05:40:00+00:00,2025-10-12 22:45:00-07:00,2025-10-13 05:45:00+00:00,REAL_TIME_5_MIN,SCEW_2_PDRP89-APND,AP Node,55.64592,55.9745,0.0,-0.32858,0.0
2025-10-12 22:45:00-07:00,2025-10-13 05:45:00+00:00,2025-10-12 22:50:00-07:00,2025-10-13 05:50:00+00:00,REAL_TIME_5_MIN,ANAHEIM_6_N001,Node,54.44481,54.86729,0.0,-0.42248,0.0
2025-10-12 22:45:00-07:00,2025-10-13 05:45:00+00:00,2025-10-12 22:50:00-07:00,2025-10-13 05:50:00+00:00,REAL_TIME_5_MIN,MKT_SUB_LNODEONC,Node,37.20875,54.86729,-19.08965,1.43111,0.0
2025-10-12 22:45:00-07:00,2025-10-13 05:45:00+00:00,2025-10-12 22:50:00-07:00,2025-10-13 05:50:00+00:00,REAL_TIME_5_MIN,SCEW_2_PDRP89-APND,AP Node,54.61119,54.86729,0.0,-0.2561,0.0
2025-10-12 22:50:00-07:00,2025-10-13 05:50:00+00:00,2025-10-12 22:55:00-07:00,2025-10-13 05:55:00+00:00,REAL_TIME_5_MIN,ANAHEIM_6_N001,Node,55.38276,55.81251,0.0,-0.42976,0.0
2025-10-12 22:50:00-07:00,2025-10-13 05:50:00+00:00,2025-10-12 22:55:00-07:00,2025-10-13 05:55:00+00:00,REAL_TIME_5_MIN,MKT_SUB_LNODEONC,Node,37.19409,55.81251,-20.04897,1.43054,0.0
2025-10-12 22:50:00-07:00,2025-10-13 05:50:00+00:00,2025-10-12 22:55:00-07:00,2025-10-13 05:55:00+00:00,REAL_TIME_5_MIN,SCEW_2_PDRP89-APND,AP Node,55.552,55.81251,0.0,-0.26052,0.0
2025-10-12 22:55:00-07:00,2025-10-13 05:55:00+00:00,2025-10-12 23:00:00-07:00,2025-10-13 06:00:00+00:00,REAL_TIME_5_MIN,ANAHEIM_6_N001,Node,55.68952,56.12166,0.0,-0.43214,0.0
2025-10-12 22:55:00-07:00,2025-10-13 05:55:00+00:00,2025-10-12 23:00:00-07:00,2025-10-13 06:00:00+00:00,REAL_TIME_5_MIN,MKT_SUB_LNODEONC,Node,58.36528,56.12166,-0.0012,2.24482,0.0
2025-10-12 22:55:00-07:00,2025-10-13 05:55:00+00:00,2025-10-12 23:00:00-07:00,2025-10-13 06:00:00+00:00,REAL_TIME_5_MIN,SCEW_2_PDRP89-APND,AP Node,55.8597,56.12166,0.0,-0.26196,0.0
2025-10-12 23:00:00-07:00,2025-10-13 06:00:00+00:00,2025-10-12 23:05:00-07:00,2025-10-13 06:05:00+00:00,REAL_TIME_5_MIN,ANAHEIM_6_N001,Node,54.35853,54.68665,0.0,-0.32812,0.0
2025-10-12 23:00:00-07:00,2025-10-13 06:00:00+00:00,2025-10-12 23:05:00-07:00,2025-10-13 06:05:00+00:00,REAL_TIME_5_MIN,MKT_SUB_LNODEONC,Node,56.82365,54.68665,-0.0012,2.1382,0.0
2025-10-12 23:00:00-07:00,2025-10-13 06:00:00+00:00,2025-10-12 23:05:00-07:00,2025-10-13 06:05:00+00:00,REAL_TIME_5_MIN,SCEW_2_PDRP89-APND,AP Node,54.50832,54.68665,0.0,-0.17833,0.0
2025-10-12 23:05:00-07:00,2025-10-13 06:05:00+00:00,2025-10-12 23:10:00-07:00,2025-10-13 06:10:00+00:00,REAL_TIME_5_MIN,ANAHEIM_6_N001,Node,54.79109,55.12182,0.0,-0.33073,0.0
2025-10-12 23:05:00-07:00,2025-10-13 06:05:00+00:00,2025-10-12 23:10:00-07:00,2025-10-13 06:10:00+00:00,REAL_TIME_5_MIN,MKT_SUB_LNODEONC,Node,57.27584,55.12182,-0.0012,2.15522,0.0
2025-10-12 23:05:00-07:00,2025-10-13 06:05:00+00:00,2025-10-12 23:10:00-07:00,2025-10-13 06:10:00+00:00,REAL_TIME_5_MIN,SCEW_2_PDRP89-APND,AP Node,54.94208,55.12182,0.0,-0.17975,0.0
2025-10-12 23:10:00-07:00,2025-10-13 06:10:00+00:00,2025-10-12 23:15:00-07:00,2025-10-13 06:15:00+00:00,REAL_TIME_5_MIN,ANAHEIM_6_N001,Node,51.59756,51.90901,0.0,-0.31145,0.0
2025-10-12 23:10:00-07:00,2025-10-13 06:10:00+00:00,2025-10-12 23:15:00-07:00,2025-10-13 06:15:00+00:00,REAL_TIME_5_MIN,MKT_SUB_LNODEONC,Node,53.93741,51.90901,-0.0012,2.0296,0.0
2025-10-12 23:10:00-07:00,2025-10-13 06:10:00+00:00,2025-10-12 23:15:00-07:00,2025-10-13 06:15:00+00:00,REAL_TIME_5_MIN,SCEW_2_PDRP89-APND,AP Node,51.73974,51.90901,0.0,-0.16927,0.0
2025-10-12 23:15:00-07:00,2025-10-13 06:15:00+00:00,2025-10-12 23:20:00-07:00,2025-10-13 06:20:00+00:00,REAL_TIME_5_MIN,ANAHEIM_6_N001,Node,50.19098,50.49902,0.0,-0.30804,0.0
2025-10-12 23:15:00-07:00,2025-10-13 06:15:00+00:00,2025-10-12 23:20:00-07:00,2025-10-13 06:20:00+00:00,REAL_TIME_5_MIN,MKT_SUB_LNODEONC,Node,52.53288,50.49902,-0.0012,2.03506,0.0
2025-10-12 23:15:00-07:00,2025-10-13 06:15:00+00:00,2025-10-12 23:20:00-07:00,2025-10-13 06:20:00+00:00,REAL_TIME_5_MIN,SCEW_2_PDRP89-APND,AP Node,50.33435,50.49902,0.0,-0.16467,0.0
2025-10-12 23:20:00-07:00,2025-10-13 06:20:00+00:00,2025-10-12 23:25:00-07:00,2025-10-13 06:25:00+00:00,REAL_TIME_5_MIN,ANAHEIM_6_N001,Node,47.6531,47.94557,0.0,-0.29247,0.0
2025-10-12 23:20:00-07:00,2025-10-13 06:20:00+00:00,2025-10-12 23:25:00-07:00,2025-10-13 06:25:00+00:00,REAL_TIME_5_MIN,MKT_SUB_LNODEONC,Node,49.87652,47.94557,-0.0012,1.93216,0.0
2025-10-12 23:20:00-07:00,2025-10-13 06:20:00+00:00,2025-10-12 23:25:00-07:00,2025-10-13 06:25:00+00:00,REAL_TIME_5_MIN,SCEW_2_PDRP89-APND,AP Node,47.78922,47.94557,0.0,-0.15634,0.0
2025-10-12 23:25:00-07:00,2025-10-13 06:25:00+00:00,2025-10-12 23:30:00-07:00,2025-10-13 06:30:00+00:00,REAL_TIME_5_MIN,ANAHEIM_6_N001,Node,48.8028,49.10232,0.0,-0.29952,0.0
2025-10-12 23:25:00-07:00,2025-10-13 06:25:00+00:00,2025-10-12 23:30:00-07:00,2025-10-13 06:30:00+00:00,REAL_TIME_5_MIN,MKT_SUB_LNODEONC,Node,51.0799,49.10232,-0.0012,1.97878,0.0
2025-10-12 23:25:00-07:00,2025-10-13 06:25:00+00:00,2025-10-12 23:30:00-07:00,2025-10-13 06:30:00+00:00,REAL_TIME_5_MIN,SCEW_2_PDRP89-APND,AP Node,48.94221,49.10232,0.0,-0.16012,0.0
2025-10-12 23:30:00-07:00,2025-10-13 06:30:00+00:00,2025-10-12 23:35:00-07:00,2025-10-13 06:35:00+00:00,REAL_TIME_5_MIN,ANAHEIM_6_N001,Node,48.40718,48.63088,0.0,-0.2237,0.0
2025-10-12 23:30:00-07:00,2025-10-13 06:30:00+00:00,2025-10-12 23:35:00-07:00,2025-10-13 06:35:00+00:00,REAL_TIME_5_MIN,MKT_SUB_LNODEONC,Node,50.58459,48.63088,-0.0012,1.95491,0.0
2025-10-12 23:30:00-07:00,2025-10-13 06:30:00+00:00,2025-10-12 23:35:00-07:00,2025-10-13 06:35:00+00:00,REAL_TIME_5_MIN,SCEW_2_PDRP89-APND,AP Node,48.5327,48.63088,0.0,-0.09818,0.0
2025-10-12 23:35:00-07:00,2025-10-13 06:35:00+00:00,2025-10-12 23:40:00-07:00,2025-10-13 06:40:00+00:00,REAL_TIME_5_MIN,ANAHEIM_6_N001,Node,46.70208,46.9179,0.0,-0.21582,0.0
2025-10-12 23:35:00-07:00,2025-10-13 06:35:00+00:00,2025-10-12 23:40:00-07:00,2025-10-13 06:40:00+00:00,REAL_TIME_5_MIN,MKT_SUB_LNODEONC,Node,48.80275,46.9179,-0.0012,1.88605,0.0
2025-10-12 23:35:00-07:00,2025-10-13 06:35:00+00:00,2025-10-12 23:40:00-07:00,2025-10-13 06:40:00+00:00,REAL_TIME_5_MIN,SCEW_2_PDRP89-APND,AP Node,46.82318,46.9179,0.0,-0.09472,0.0
2025-10-12 23:40:00-07:00,2025-10-13 06:40:00+00:00,2025-10-12 23:45:00-07:00,2025-10-13 06:45:00+00:00,REAL_TIME_5_MIN,ANAHEIM_6_N001,Node,47.09419,47.31183,0.0,-0.21763,0.0
2025-10-12 23:40:00-07:00,2025-10-13 06:40:00+00:00,2025-10-12 23:45:00-07:00,2025-10-13 06:45:00+00:00,REAL_TIME_5_MIN,MKT_SUB_LNODEONC,Node,49.21252,47.31183,-0.0012,1.90189,0.0
2025-10-12 23:40:00-07:00,2025-10-13 06:40:00+00:00,2025-10-12 23:45:00-07:00,2025-10-13 06:45:00+00:00,REAL_TIME_5_MIN,SCEW_2_PDRP89-APND,AP Node,47.21631,47.31183,0.0,-0.09551,0.0
2025-10-12 23:45:00-07:00,2025-10-13 06:45:00+00:00,2025-10-12 23:50:00-07:00,2025-10-13 06:50:00+00:00,REAL_TIME_5_MIN,ANAHEIM_6_N001,Node,47.40488,47.63353,0.0,-0.22864,0.0
2025-10-12 23:45:00-07:00,2025-10-13 06:45:00+00:00,2025-10-12 23:50:00-07:00,2025-10-13 06:50:00+00:00,REAL_TIME_5_MIN,MKT_SUB_LNODEONC,Node,49.62336,47.63353,-0.0012,1.99103,0.0
2025-10-12 23:45:00-07:00,2025-10-13 06:45:00+00:00,2025-10-12 23:50:00-07:00,2025-10-13 06:50:00+00:00,REAL_TIME_5_MIN,SCEW_2_PDRP89-APND,AP Node,47.51709,47.63353,0.0,-0.11643,0.0
2025-10-12 23:50:00-07:00,2025-10-13 06:50:00+00:00,2025-10-12 23:55:00-07:00,2025-10-13 06:55:00+00:00,REAL_TIME_5_MIN,ANAHEIM_6_N001,Node,50.43073,50.67396,0.0,-0.24324,0.0
2025-10-12 23:50:00-07:00,2025-10-13 06:50:00+00:00,2025-10-12 23:55:00-07:00,2025-10-13 06:55:00+00:00,REAL_TIME_5_MIN,MKT_SUB_LNODEONC,Node,52.79089,50.67396,-0.0012,2.11812,0.0
2025-10-12 23:50:00-07:00,2025-10-13 06:50:00+00:00,2025-10-12 23:55:00-07:00,2025-10-13 06:55:00+00:00,REAL_TIME_5_MIN,SCEW_2_PDRP89-APND,AP Node,50.5501,50.67396,0.0,-0.12386,0.0
2025-10-12 23:55:00-07:00,2025-10-13 06:55:00+00:00,2025-10-13 00:00:00-07:00,2025-10-13 07:00:00+00:00,REAL_TIME_5_MIN,ANAHEIM_6_N001,Node,53.42536,53.68304,0.0,-0.25768,0.0
2025-10-12 23:55:00-07:00,2025-10-13 06:55:00+00:00,2025-10-13 00:00:00-07:00,2025-10-13 07:00:00+00:00,REAL_TIME_5_MIN,MKT_SUB_LNODEONC,Node,55.92574,53.68304,-0.0012,2.2439,0.0
2025-10-12 23:55:00-07:00,2025-10-13 06:55:00+00:00,2025-10-13 00:00:00-07:00,2025-10-13 07:00:00+00:00,REAL_TIME_5_MIN,SCEW_2_PDRP89-APND,AP Node,53.55182,53.68304,0.0,-0.13122,0.0
2025-10-12 00:00:00-07:00,2025-10-12 07:00:00+00:00,2025-10-12 00:05:00-07:00,2025-10-12 07:05:00+00:00,REAL_TIME_5_MIN,URBAN_6_N001,Node,30.06239,30.95386,0.0,-0.89147,0.0
2025-10-12 00:05:00-07:00,2025-10-12 07:05:00+00:00,2025-10-12 00:10:00-07:00,2025-10-12 07:10:00+00:00,REAL_TIME_5_MIN,URBAN_6_N001,Node,30.15101,31.04511,0.0,-0.8941,0.0
2025-10-12 00:10:00-07:00,2025-10-12 07:10:00+00:00,2025-10-12 00:15:00-07:00,2025-10-12 07:15:00+00:00,REAL_TIME_5_MIN,URBAN_6_N001,Node,30.06772,30.95935,0.0,-0.89163,0.0
2025-10-12 00:15:00-07:00,2025-10-12 07:15:00+00:00,2025-10-12 00:20:00-07:00,2025-10-12 07:20:00+00:00,REAL_TIME_5_MIN,URBAN_6_N001,Node,30.27988,31.04355,0.0,-0.76367,0.0
2025-10-12 00:20:00-07:00,2025-10-12 07:20:00+00:00,2025-10-12 00:25:00-07:00,2025-10-12 07:25:00+00:00,REAL_TIME_5_MIN,URBAN_6_N001,Node,30.5353,31.30541,0.0,-0.77011,0.0
2025-10-12 00:25:00-07:00,2025-10-12 07:25:00+00:00,2025-10-12 00:30:00-07:00,2025-10-12 07:30:00+00:00,REAL_TIME_5_MIN,URBAN_6_N001,Node,31.1489,31.93449,0.0,-0.78559,0.0
2025-10-12 00:30:00-07:00,2025-10-12 07:30:00+00:00,2025-10-12 00:35:00-07:00,2025-10-12 07:35:00+00:00,REAL_TIME_5_MIN,URBAN_6_N001,Node,30.64783,31.35327,0.0,-0.70545,0.0
2025-10-12 00:35:00-07:00,2025-10-12 07:35:00+00:00,2025-10-12 00:40:00-07:00,2025-10-12 07:40:00+00:00,REAL_TIME_5_MIN,URBAN_6_N001,Node,30.63772,31.34294,0.0,-0.70522,0.0
2025-10-12 00:40:00-07:00,2025-10-12 07:40:00+00:00,2025-10-12 00:45:00-07:00,2025-10-12 07:45:00+00:00,REAL_TIME_5_MIN,URBAN_6_N001,Node,30.54203,31.24504,0.0,-0.70301,0.0
2025-10-12 00:45:00-07:00,2025-10-12 07:45:00+00:00,2025-10-12 00:50:00-07:00,2025-10-12 07:50:00+00:00,REAL_TIME_5_MIN,URBAN_6_N001,Node,30.37866,31.10337,0.0,-0.72471,0.0
2025-10-12 00:50:00-07:00,2025-10-12 07:50:00+00:00,2025-10-12 00:55:00-07:00,2025-10-12 07:55:00+00:00,REAL_TIME_5_MIN,URBAN_6_N001,Node,29.5602,30.26538,0.0,-0.70518,0.0
2025-10-12 00:55:00-07:00,2025-10-12 07:55:00+00:00,2025-10-12 01:00:00-07:00,2025-10-12 08:00:00+00:00,REAL_TIME_5_MIN,URBAN_6_N001,Node,29.5602,30.26538,0.0,-0.70518,0.0
2025-10-12 01:00:00-07:00,2025-10-12 08:00:00+00:00,2025-10-12 01:05:00-07:00,2025-10-12 08:05:00+00:00,REAL_TIME_5_MIN,URBAN_6_N001,Node,30.38079,31.05795,-0.00321,-0.67396,0.0
2025-10-12 01:05:00-07:00,2025-10-12 08:05:00+00:00,2025-10-12 01:10:00-07:00,2025-10-12 08:10:00+00:00,REAL_TIME_5_MIN,URBAN_6_N001,Node,30.42624,31.10113,0.0,-0.67489,0.0
2025-10-12 01:10:00-07:00,2025-10-12 08:10:00+00:00,2025-10-12 01:15:00-07:00,2025-10-12 08:15:00+00:00,REAL_TIME_5_MIN,URBAN_6_N001,Node,28.76065,29.3986,0.0,-0.63795,0.0
2025-10-12 01:15:00-07:00,2025-10-12 08:15:00+00:00,2025-10-12 01:20:00-07:00,2025-10-12 08:20:00+00:00,REAL_TIME_5_MIN,URBAN_6_N001,Node,29.41723,29.9931,0.0,-0.57587,0.0
2025-10-12 01:20:00-07:00,2025-10-12 08:20:00+00:00,2025-10-12 01:25:00-07:00,2025-10-12 08:25:00+00:00,REAL_TIME_5_MIN,URBAN_6_N001,Node,28.75986,29.32286,0.0,-0.563,0.0
2025-10-12 01:25:00-07:00,2025-10-12 08:25:00+00:00,2025-10-12 01:30:00-07:00,2025-10-12 08:30:00+00:00,REAL_TIME_5_MIN,URBAN_6_N001,Node,28.08869,28.63855,0.0,-0.54986,0.0
2025-10-12 01:30:00-07:00,2025-10-12 08:30:00+00:00,2025-10-12 01:35:00-07:00,2025-10-12 08:35:00+00:00,REAL_TIME_5_MIN,URBAN_6_N001,Node,27.97006,28.59924,0.0,-0.62918,0.0
2025-10-12 01:35:00-07:00,2025-10-12 08:35:00+00:00,2025-10-12 01:40:00-07:00,2025-10-12 08:40:00+00:00,REAL_TIME_5_MIN,URBAN_6_N001,Node,29.48458,30.14784,0.0,-0.66325,0.0
2025-10-12 01:40:00-07:00,2025-10-12 08:40:00+00:00,2025-10-12 01:45:00-07:00,2025-10-12 08:45:00+00:00,REAL_TIME_5_MIN,URBAN_6_N001,Node,29.31067,29.97001,0.0,-0.65934,0.0
2025-10-12 01:45:00-07:00,2025-10-12 08:45:00+00:00,2025-10-12 01:50:00-07:00,2025-10-12 08:50:00+00:00,REAL_TIME_5_MIN,URBAN_6_N001,Node,30.4566,31.11308,0.0,-0.65649,0.0
2025-10-12 01:50:00-07:00,2025-10-12 08:50:00+00:00,2025-10-12 01:55:00-07:00,2025-10-12 08:55:00+00:00,REAL_TIME_5_MIN,URBAN_6_N001,Node,30.22948,30.88107,0.0,-0.65159,0.0
2025-10-12 01:55:00-07:00,2025-10-12 08:55:00+00:00,2025-10-12 02:00:00-07:00,2025-10-12 09:00:00+00:00,REAL_TIME_5_MIN,URBAN_6_N001,Node,29.88496,30.52912,0.0,-0.64416,0.0
2025-10-12 02:00:00-07:00,2025-10-12 09:00:00+00:00,2025-10-12 02:05:00-07:00,2025-10-12 09:05:00+00:00,REAL_TIME_5_MIN,URBAN_6_N001,Node,30.71375,31.3182,0.0,-0.60444,0.0
2025-10-12 02:05:00-07:00,2025-10-12 09:05:00+00:00,2025-10-12 02:10:00-07:00,2025-10-12 09:10:00+00:00,REAL_TIME_5_MIN,URBAN_6_N001,Node,30.8185,31.425,0.0,-0.6065,0.0
2025-10-12 02:10:00-07:00,2025-10-12 09:10:00+00:00,2025-10-12 02:15:00-07:00,2025-10-12 09:15:00+00:00,REAL_TIME_5_MIN,URBAN_6_N001,Node,30.78148,31.38726,0.0,-0.60577,0.0
2025-10-12 02:15:00-07:00,2025-10-12 09:15:00+00:00,2025-10-12 02:20:00-07:00,2025-10-12 09:20:00+00:00,REAL_TIME_5_MIN,URBAN_6_N001,Node,30.77474,31.41882,0.0,-0.64409,0.0
2025-10-12 02:20:00-07:00,2025-10-12 09:20:00+00:00,2025-10-12 02:25:00-07:00,2025-10-12 09:25:00+00:00,REAL_TIME_5_MIN,URBAN_6_N001,Node,30.77474,31.41882,0.0,-0.64409,0.0
2025-10-12 02:25:00-07:00,2025-10-12 09:25:00+00:00,2025-10-12 02:30:00-07:00,2025-10-12 09:30:00+00:00,REAL_TIME_5_MIN,URBAN_6_N001,Node,30.70718,31.34985,0.0,-0.64267,0.0
2025-10-12 02:30:00-07:00,2025-10-12 09:30:00+00:00,2025-10-12 02:35:00-07:00,2025-10-12 09:35:00+00:00,REAL_TIME_5_MIN,URBAN_6_N001,Node,30.62075,31.268,0.0,-0.64725,0.0
2025-10-12 02:35:00-07:00,2025-10-12 09:35:00+00:00,2025-10-12 02:40:00-07:00,2025-10-12 09:40:00+00:00,REAL_TIME_5_MIN,URBAN_6_N001,Node,30.58273,31.22917,0.0,-0.64644,0.0
2025-10-12 02:40:00-07:00,2025-10-12 09:40:00+00:00,2025-10-12 02:45:00-07:00,2025-10-12 09:45:00+00:00,REAL_TIME_5_MIN,URBAN_6_N001,Node,30.58273,31.22917,0.0,-0.64644,0.0
2025-10-12 02:45:00-07:00,2025-10-12 09:45:00+00:00,2025-10-12 02:50:00-07:00,2025-10-12 09:50:00+00:00,REAL_TIME_5_MIN,URBAN_6_N001,Node,30.5485,31.22611,0.0,-0.67761,0.0
2025-10-12 02:50:00-07:00,2025-10-12 09:50:00+00:00,2025-10-12 02:55:00-07:00,2025-10-12 09:55:00+00:00,REAL_TIME_5_MIN,URBAN_6_N001,Node,29.92531,30.58909,0.0,-0.66378,0.0
2025-10-12 02:55:00-07:00,2025-10-12 09:55:00+00:00,2025-10-12 03:00:00-07:00,2025-10-12 10:00:00+00:00,REAL_TIME_5_MIN,URBAN_6_N001,Node,29.50476,30.15921,0.0,-0.65445,0.0
2025-10-12 03:00:00-07:00,2025-10-12 10:00:00+00:00,2025-10-12 03:05:00-07:00,2025-10-12 10:05:00+00:00,REAL_TIME_5_MIN,URBAN_6_N001,Node,33.1336,33.1336,0.0,0.0,0.0
2025-10-12 03:05:00-07:00,2025-10-12 10:05:00+00:00,2025-10-12 03:10:00-07:00,2025-10-12 10:10:00+00:00,REAL_TIME_5_MIN,URBAN_6_N001,Node,33.04,33.04,0.0,0.0,0.0
2025-10-12 03:10:00-07:00,2025-10-12 10:10:00+00:00,2025-10-12 03:15:00-07:00,2025-10-12 10:15:00+00:00,REAL_TIME_5_MIN,URBAN_6_N001,Node,33.1312,33.1312,0.0,0.0,0.0
2025-10-12 03:15:00-07:00,2025-10-12 10:15:00+00:00,2025-10-12 03:20:00-07:00,2025-10-12 10:20:00+00:00,REAL_TIME_5_MIN,URBAN_6_N001,Node,31.17089,31.9603,0.0,-0.78942,0.0
2025-10-12 03:20:00-07:00,2025-10-12 10:20:00+00:00,2025-10-12 03:25:00-07:00,2025-10-12 10:25:00+00:00,REAL_TIME_5_MIN,URBAN_6_N001,Node,30.47585,31.24767,0.0,-0.77182,0.0
2025-10-12 03:25:00-07:00,2025-10-12 10:25:00+00:00,2025-10-12 03:30:00-07:00,2025-10-12 10:30:00+00:00,REAL_TIME_5_MIN,URBAN_6_N001,Node,30.41881,31.18918,0.0,-0.77037,0.0
2025-10-12 03:30:00-07:00,2025-10-12 10:30:00+00:00,2025-10-12 03:35:00-07:00,2025-10-12 10:35:00+00:00,REAL_TIME_5_MIN,URBAN_6_N001,Node,30.37354,31.13957,0.0,-0.76603,0.0
2025-10-12 03:35:00-07:00,2025-10-12 10:35:00+00:00,2025-10-12 03:40:00-07:00,2025-10-12 10:40:00+00:00,REAL_TIME_5_MIN,URBAN_6_N001,Node,30.28721,31.05107,0.0,-0.76386,0.0
2025-10-12 03:40:00-07:00,2025-10-12 10:40:00+00:00,2025-10-12 03:45:00-07:00,2025-10-12 10:45:00+00:00,REAL_TIME_5_MIN,URBAN_6_N001,Node,29.84937,30.60219,0.0,-0.75281,0.0
2025-10-12 03:45:00-07:00,2025-10-12 10:45:00+00:00,2025-10-12 03:50:00-07:00,2025-10-12 10:50:00+00:00,REAL_TIME_5_MIN,URBAN_6_N001,Node,29.89948,30.57207,0.0,-0.67259,0.0
2025-10-12 03:50:00-07:00,2025-10-12 10:50:00+00:00,2025-10-12 03:55:00-07:00,2025-10-12 10:55:00+00:00,REAL_TIME_5_MIN,URBAN_6_N001,Node,29.92768,30.6009,0.0,-0.67322,0.0
2025-10-12 03:55:00-07:00,2025-10-12 10:55:00+00:00,2025-10-12 04:00:00-07:00,2025-10-12 11:00:00+00:00,REAL_TIME_5_MIN,URBAN_6_N001,Node,30.50596,31.19219,0.0,-0.68623,0.0
2025-10-12 04:00:00-07:00,2025-10-12 11:00:00+00:00,2025-10-12 04:05:00-07:00,2025-10-12 11:05:00+00:00,REAL_TIME_5_MIN,URBAN_6_N001,Node,30.49657,31.1571,0.0,-0.66053,0.0
2025-10-12 04:05:00-07:00,2025-10-12 11:05:00+00:00,2025-10-12 04:10:00-07:00,2025-10-12 11:10:00+00:00,REAL_TIME_5_MIN,URBAN_6_N001,Node,30.56546,31.22749,0.0,-0.66202,0.0
2025-10-12 04:10:00-07:00,2025-10-12 11:10:00+00:00,2025-10-12 04:15:00-07:00,2025-10-12 11:15:00+00:00,REAL_TIME_5_MIN,URBAN_6_N001,Node,30.64809,31.3119,0.0,-0.66381,0.0
2025-10-12 04:15:00-07:00,2025-10-12 11:15:00+00:00,2025-10-12 04:20:00-07:00,2025-10-12 11:20:00+00:00,REAL_TIME_5_MIN,URBAN_6_N001,Node,30.45258,31.13761,0.0,-0.68503,0.0
2025-10-12 04:20:00-07:00,2025-10-12 11:20:00+00:00,2025-10-12 04:25:00-07:00,2025-10-12 11:25:00+00:00,REAL_TIME_5_MIN,URBAN_6_N001,Node,30.45258,31.13761,0.0,-0.68503,0.0
2025-10-12 04:25:00-07:00,2025-10-12 11:25:00+00:00,2025-10-12 04:30:00-07:00,2025-10-12 11:30:00+00:00,REAL_TIME_5_MIN,URBAN_6_N001,Node,30.45258,31.13761,0.0,-0.68503,0.0
2025-10-12 04:30:00-07:00,2025-10-12 11:30:00+00:00,2025-10-12 04:35:00-07:00,2025-10-12 11:35:00+00:00,REAL_TIME_5_MIN,URBAN_6_N001,Node,30.52859,31.25368,0.0,-0.72509,0.0
2025-10-12 04:35:00-07:00,2025-10-12 11:35:00+00:00,2025-10-12 04:40:00-07:00,2025-10-12 11:40:00+00:00,REAL_TIME_5_MIN,URBAN_6_N001,Node,30.52859,31.25368,0.0,-0.72509,0.0
2025-10-12 04:40:00-07:00,2025-10-12 11:40:00+00:00,2025-10-12 04:45:00-07:00,2025-10-12 11:45:00+00:00,REAL_TIME_5_MIN,URBAN_6_N001,Node,30.58962,31.31616,0.0,-0.72653,0.0
2025-10-12 04:45:00-07:00,2025-10-12 11:45:00+00:00,2025-10-12 04:50:00-07:00,2025-10-12 11:50:00+00:00,REAL_TIME_5_MIN,URBAN_6_N001,Node,30.64866,31.41197,0.0,-0.76331,0.0
2025-10-12 04:50:00-07:00,2025-10-12 11:50:00+00:00,2025-10-12 04:55:00-07:00,2025-10-12 11:55:00+00:00,REAL_TIME_5_MIN,URBAN_6_N001,Node,31.07733,31.85132,0.0,-0.77399,0.0
2025-10-12 04:55:00-07:00,2025-10-12 11:55:00+00:00,2025-10-12 05:00:00-07:00,2025-10-12 12:00:00+00:00,REAL_TIME_5_MIN,URBAN_6_N001,Node,32.25423,33.05753,0.0,-0.8033,0.0
2025-10-12 05:00:00-07:00,2025-10-12 12:00:00+00:00,2025-10-12 05:05:00-07:00,2025-10-12 12:05:00+00:00,REAL_TIME_5_MIN,URBAN_6_N001,Node,28.06625,28.74462,0.0,-0.67837,0.0
2025-10-12 05:05:00-07:00,2025-10-12 12:05:00+00:00,2025-10-12 05:10:00-07:00,2025-10-12 12:10:00+00:00,REAL_TIME_5_MIN,URBAN_6_N001,Node,29.41991,30.131,0.0,-0.71109,0.0
2025-10-12 05:10:00-07:00,2025-10-12 12:10:00+00:00,2025-10-12 05:15:00-07:00,2025-10-12 12:15:00+00:00,REAL_TIME_5_MIN,URBAN_6_N001,Node,30.52805,31.26592,0.0,-0.73788,0.0
2025-10-12 05:15:00-07:00,2025-10-12 12:15:00+00:00,2025-10-12 05:20:00-07:00,2025-10-12 12:20:00+00:00,REAL_TIME_5_MIN,URBAN_6_N001,Node,30.51029,31.17112,0.0,-0.66083,0.0
2025-10-12 05:20:00-07:00,2025-10-12 12:20:00+00:00,2025-10-12 05:25:00-07:00,2025-10-12 12:25:00+00:00,REAL_TIME_5_MIN,URBAN_6_N001,Node,30.7512,31.41724,0.0,-0.66605,0.0
2025-10-12 05:25:00-07:00,2025-10-12 12:25:00+00:00,2025-10-12 05:30:00-07:00,2025-10-12 12:30:00+00:00,REAL_TIME_5_MIN,URBAN_6_N001,Node,30.51029,31.17112,0.0,-0.66083,0.0
2025-10-12 05:30:00-07:00,2025-10-12 12:30:00+00:00,2025-10-12 05:35:00-07:00,2025-10-12 12:35:00+00:00,REAL_TIME_5_MIN,URBAN_6_N001,Node,30.64504,31.3376,0.0,-0.69256,0.0
2025-10-12 05:35:00-07:00,2025-10-12 12:35:00+00:00,2025-10-12 05:40:00-07:00,2025-10-12 12:40:00+00:00,REAL_TIME_5_MIN,URBAN_6_N001,Node,30.58842,31.2797,0.0,-0.69128,0.0
2025-10-12 05:40:00-07:00,2025-10-12 12:40:00+00:00,2025-10-12 05:45:00-07:00,2025-10-12 12:45:00+00:00,REAL_TIME_5_MIN,URBAN_6_N001,Node,30.72782,31.42225,0.0,-0.69443,0.0
2025-10-12 05:45:00-07:00,2025-10-12 12:45:00+00:00,2025-10-12 05:50:00-07:00,2025-10-12 12:50:00+00:00,REAL_TIME_5_MIN,URBAN_6_N001,Node,31.77911,32.35503,0.0,-0.57592,0.0
2025-10-12 05:50:00-07:00,2025-10-12 12:50:00+00:00,2025-10-12 05:55:00-07:00,2025-10-12 12:55:00+00:00,REAL_TIME_5_MIN,URBAN_6_N001,Node,32.8341,33.42914,0.0,-0.59504,0.0
2025-10-12 05:55:00-07:00,2025-10-12 12:55:00+00:00,2025-10-12 06:00:00-07:00,2025-10-12 13:00:00+00:00,REAL_TIME_5_MIN,URBAN_6_N001,Node,34.3114,34.93321,0.0,-0.62181,0.0
2025-10-12 06:00:00-07:00,2025-10-12 13:00:00+00:00,2025-10-12 06:05:00-07:00,2025-10-12 13:05:00+00:00,REAL_TIME_5_MIN,URBAN_6_N001,Node,29.41092,30.13414,0.0,-0.72322,0.0
2025-10-12 06:05:00-07:00,2025-10-12 13:05:00+00:00,2025-10-12 06:10:00-07:00,2025-10-12 13:10:00+00:00,REAL_TIME_5_MIN,URBAN_6_N001,Node,30.06901,30.80841,0.0,-0.7394,0.0
2025-10-12 06:10:00-07:00,2025-10-12 13:10:00+00:00,2025-10-12 06:15:00-07:00,2025-10-12 13:15:00+00:00,REAL_TIME_5_MIN,URBAN_6_N001,Node,31.14477,31.91063,0.0,-0.76586,0.0
2025-10-12 06:15:00-07:00,2025-10-12 13:15:00+00:00,2025-10-12 06:20:00-07:00,2025-10-12 13:20:00+00:00,REAL_TIME_5_MIN,URBAN_6_N001,Node,31.16164,31.93118,0.0,-0.76954,0.0
2025-10-12 06:20:00-07:00,2025-10-12 13:20:00+00:00,2025-10-12 06:25:00-07:00,2025-10-12 13:25:00+00:00,REAL_TIME_5_MIN,URBAN_6_N001,Node,32.39486,33.19486,0.0,-0.8,0.0
2025-10-12 06:25:00-07:00,2025-10-12 13:25:00+00:00,2025-10-12 06:30:00-07:00,2025-10-12 13:30:00+00:00,REAL_TIME_5_MIN,URBAN_6_N001,Node,35.36425,36.23758,0.0,-0.87333,0.0
2025-10-12 06:30:00-07:00,2025-10-12 13:30:00+00:00,2025-10-12 06:35:00-07:00,2025-10-12 13:35:00+00:00,REAL_TIME_5_MIN,URBAN_6_N001,Node,36.48949,37.48278,0.0,-0.99329,0.0
2025-10-12 06:35:00-07:00,2025-10-12 13:35:00+00:00,2025-10-12 06:40:00-07:00,2025-10-12 13:40:00+00:00,REAL_TIME_5_MIN,URBAN_6_N001,Node,36.48949,37.48278,0.0,-0.99329,0.0
2025-10-12 06:40:00-07:00,2025-10-12 13:40:00+00:00,2025-10-12 06:45:00-07:00,2025-10-12 13:45:00+00:00,REAL_TIME_5_MIN,URBAN_6_N001,Node,37.63111,38.65548,0.0,-1.02437,0.0
2025-10-12 06:45:00-07:00,2025-10-12 13:45:00+00:00,2025-10-12 06:50:00-07:00,2025-10-12 13:50:00+00:00,REAL_TIME_5_MIN,URBAN_6_N001,Node,40.66754,41.61214,0.0,-0.9446,0.0
2025-10-12 06:50:00-07:00,2025-10-12 13:50:00+00:00,2025-10-12 06:55:00-07:00,2025-10-12 13:55:00+00:00,REAL_TIME_5_MIN,URBAN_6_N001,Node,45.3503,46.40367,0.0,-1.05336,0.0
2025-10-12 06:55:00-07:00,2025-10-12 13:55:00+00:00,2025-10-12 07:00:00-07:00,2025-10-12 14:00:00+00:00,REAL_TIME_5_MIN,URBAN_6_N001,Node,48.61518,49.74438,0.0,-1.1292,0.0
2025-10-12 07:00:00-07:00,2025-10-12 14:00:00+00:00,2025-10-12 07:05:00-07:00,2025-10-12 14:05:00+00:00,REAL_TIME_5_MIN,URBAN_6_N001,Node,84.53582,86.5082,0.0,-1.97239,0.0
2025-10-12 07:05:00-07:00,2025-10-12 14:05:00+00:00,2025-10-12 07:10:00-07:00,2025-10-12 14:10:00+00:00,REAL_TIME_5_MIN,URBAN_6_N001,Node,100.97768,103.33369,0.0,-2.35601,0.0
2025-10-12 07:10:00-07:00,2025-10-12 14:10:00+00:00,2025-10-12 07:15:00-07:00,2025-10-12 14:15:00+00:00,REAL_TIME_5_MIN,URBAN_6_N001,Node,102.57649,104.9698,0.0,-2.39331,0.0
2025-10-12 07:15:00-07:00,2025-10-12 14:15:00+00:00,2025-10-12 07:20:00-07:00,2025-10-12 14:20:00+00:00,REAL_TIME_5_MIN,URBAN_6_N001,Node,94.75497,98.40583,0.0,-3.65086,0.0
2025-10-12 07:20:00-07:00,2025-10-12 14:20:00+00:00,2025-10-12 07:25:00-07:00,2025-10-12 14:25:00+00:00,REAL_TIME_5_MIN,URBAN_6_N001,Node,56.98859,59.18432,0.0,-2.19574,0.0
2025-10-12 07:25:00-07:00,2025-10-12 14:25:00+00:00,2025-10-12 07:30:00-07:00,2025-10-12 14:30:00+00:00,REAL_TIME_5_MIN,URBAN_6_N001,Node,46.94803,48.75691,0.0,-1.80888,0.0
2025-10-12 07:30:00-07:00,2025-10-12 14:30:00+00:00,2025-10-12 07:35:00-07:00,2025-10-12 14:35:00+00:00,REAL_TIME_5_MIN,URBAN_6_N001,Node,46.70739,48.48182,0.0,-1.77443,0.0
2025-10-12 07:35:00-07:00,2025-10-12 14:35:00+00:00,2025-10-12 07:40:00-07:00,2025-10-12 14:40:00+00:00,REAL_TIME_5_MIN,URBAN_6_N001,Node,39.69792,41.20606,0.0,-1.50814,0.0
2025-10-12 07:40:00-07:00,2025-10-12 14:40:00+00:00,2025-10-12 07:45:00-07:00,2025-10-12 14:45:00+00:00,REAL_TIME_5_MIN,URBAN_6_N001,Node,32.90539,34.89244,-0.70999,-1.27706,0.0
2025-10-12 07:45:00-07:00,2025-10-12 14:45:00+00:00,2025-10-12 07:50:00-07:00,2025-10-12 14:50:00+00:00,REAL_TIME_5_MIN,URBAN_6_N001,Node,27.92303,32.28669,-3.01408,-1.34958,0.0
2025-10-12 07:50:00-07:00,2025-10-12 14:50:00+00:00,2025-10-12 07:55:00-07:00,2025-10-12 14:55:00+00:00,REAL_TIME_5_MIN,URBAN_6_N001,Node,24.14828,28.89345,-3.53743,-1.20775,0.0
2025-10-12 07:55:00-07:00,2025-10-12 14:55:00+00:00,2025-10-12 08:00:00-07:00,2025-10-12 15:00:00+00:00,REAL_TIME_5_MIN,URBAN_6_N001,Node,25.05715,28.97781,-2.70939,-1.21127,0.0
2025-10-12 08:00:00-07:00,2025-10-12 15:00:00+00:00,2025-10-12 08:05:00-07:00,2025-10-12 15:05:00+00:00,REAL_TIME_5_MIN,URBAN_6_N001,Node,34.35929,36.14865,0.0,-1.78936,0.0
2025-10-12 08:05:00-07:00,2025-10-12 15:05:00+00:00,2025-10-12 08:10:00-07:00,2025-10-12 15:10:00+00:00,REAL_TIME_5_MIN,URBAN_6_N001,Node,34.35929,36.14865,0.0,-1.78936,0.0
2025-10-12 08:10:00-07:00,2025-10-12 15:10:00+00:00,2025-10-12 08:15:00-07:00,2025-10-12 15:15:00+00:00,REAL_TIME_5_MIN,URBAN_6_N001,Node,32.20209,33.87911,0.0,-1.67702,0.0
2025-10-12 08:15:00-07:00,2025-10-12 15:15:00+00:00,2025-10-12 08:20:00-07:00,2025-10-12 15:20:00+00:00,REAL_TIME_5_MIN,URBAN_6_N001,Node,14.74966,23.90186,-8.21764,-0.93456,0.0
2025-10-12 08:20:00-07:00,2025-10-12 15:20:00+00:00,2025-10-12 08:25:00-07:00,2025-10-12 15:25:00+00:00,REAL_TIME_5_MIN,URBAN_6_N001,Node,13.86074,23.50748,-8.72759,-0.91914,0.0
2025-10-12 08:25:00-07:00,2025-10-12 15:25:00+00:00,2025-10-12 08:30:00-07:00,2025-10-12 15:30:00+00:00,REAL_TIME_5_MIN,URBAN_6_N001,Node,10.62897,21.67071,-10.19442,-0.84732,0.0
2025-10-12 08:30:00-07:00,2025-10-12 15:30:00+00:00,2025-10-12 08:35:00-07:00,2025-10-12 15:35:00+00:00,REAL_TIME_5_MIN,URBAN_6_N001,Node,10.83582,20.62759,-9.109,-0.68277,0.0
2025-10-12 08:35:00-07:00,2025-10-12 15:35:00+00:00,2025-10-12 08:40:00-07:00,2025-10-12 15:40:00+00:00,REAL_TIME_5_MIN,URBAN_6_N001,Node,10.64242,17.89531,-6.66055,-0.59233,0.0
2025-10-12 08:40:00-07:00,2025-10-12 15:40:00+00:00,2025-10-12 08:45:00-07:00,2025-10-12 15:45:00+00:00,REAL_TIME_5_MIN,URBAN_6_N001,Node,10.39224,16.49518,-5.55696,-0.54599,0.0
2025-10-12 08:45:00-07:00,2025-10-12 15:45:00+00:00,2025-10-12 08:50:00-07:00,2025-10-12 15:50:00+00:00,REAL_TIME_5_MIN,URBAN_6_N001,Node,9.79119,12.1544,-1.98156,-0.38165,0.0
2025-10-12 08:50:00-07:00,2025-10-12 15:50:00+00:00,2025-10-12 08:55:00-07:00,2025-10-12 15:55:00+00:00,REAL_TIME_5_MIN,URBAN_6_N001,Node,7.00327,11.93814,-4.56001,-0.37486,0.0
2025-10-12 08:55:00-07:00,2025-10-12 15:55:00+00:00,2025-10-12 09:00:00-07:00,2025-10-12 16:00:00+00:00,REAL_TIME_5_MIN,URBAN_6_N001,Node,4.4279,9.29438,-4.57464,-0.29184,0.0
2025-10-12 09:00:00-07:00,2025-10-12 16:00:00+00:00,2025-10-12 09:05:00-07:00,2025-10-12 16:05:00+00:00,REAL_TIME_5_MIN,URBAN_6_N001,Node,14.14603,14.76467,0.0,-0.61864,0.0
2025-10-12 09:05:00-07:00,2025-10-12 16:05:00+00:00,2025-10-12 09:10:00-07:00,2025-10-12 16:10:00+00:00,REAL_TIME_5_MIN,URBAN_6_N001,Node,13.86763,14.98735,-0.49175,-0.62797,0.0
2025-10-12 09:10:00-07:00,2025-10-12 16:10:00+00:00,2025-10-12 09:15:00-07:00,2025-10-12 16:15:00+00:00,REAL_TIME_5_MIN,URBAN_6_N001,Node,13.83334,15.18906,-0.7193,-0.63642,0.0
2025-10-12 09:15:00-07:00,2025-10-12 16:15:00+00:00,2025-10-12 09:20:00-07:00,2025-10-12 16:20:00+00:00,REAL_TIME_5_MIN,URBAN_6_N001,Node,11.32251,11.83496,0.0,-0.51245,0.0
2025-10-12 09:20:00-07:00,2025-10-12 16:20:00+00:00,2025-10-12 09:25:00-07:00,2025-10-12 16:25:00+00:00,REAL_TIME_5_MIN,URBAN_6_N001,Node,9.01872,9.42691,0.0,-0.40819,0.0
2025-10-12 09:25:00-07:00,2025-10-12 16:25:00+00:00,2025-10-12 09:30:00-07:00,2025-10-12 16:30:00+00:00,REAL_TIME_5_MIN,URBAN_6_N001,Node,7.77593,8.12786,0.0,-0.35194,0.0
2025-10-12 09:30:00-07:00,2025-10-12 16:30:00+00:00,2025-10-12 09:35:00-07:00,2025-10-12 16:35:00+00:00,REAL_TIME_5_MIN,URBAN_6_N001,Node,7.4335,7.77888,0.0,-0.34538,0.0
2025-10-12 09:35:00-07:00,2025-10-12 16:35:00+00:00,2025-10-12 09:40:00-07:00,2025-10-12 16:40:00+00:00,REAL_TIME_5_MIN,URBAN_6_N001,Node,10.61475,11.10795,0.0,-0.49319,0.0
2025-10-12 09:40:00-07:00,2025-10-12 16:40:00+00:00,2025-10-12 09:45:00-07:00,2025-10-12 16:45:00+00:00,REAL_TIME_5_MIN,URBAN_6_N001,Node,10.19993,10.67385,0.0,-0.47392,0.0
2025-10-12 09:45:00-07:00,2025-10-12 16:45:00+00:00,2025-10-12 09:50:00-07:00,2025-10-12 16:50:00+00:00,REAL_TIME_5_MIN,URBAN_6_N001,Node,6.58452,6.88542,0.0,-0.30089,0.0
2025-10-12 09:50:00-07:00,2025-10-12 16:50:00+00:00,2025-10-12 09:55:00-07:00,2025-10-12 16:55:00+00:00,REAL_TIME_5_MIN,URBAN_6_N001,Node,6.54742,6.84661,0.0,-0.2992,0.0
2025-10-12 09:55:00-07:00,2025-10-12 16:55:00+00:00,2025-10-12 10:00:00-07:00,2025-10-12 17:00:00+00:00,REAL_TIME_5_MIN,URBAN_6_N001,Node,5.76631,6.02982,0.0,-0.2635,0.0
2025-10-12 10:00:00-07:00,2025-10-12 17:00:00+00:00,2025-10-12 10:05:00-07:00,2025-10-12 17:05:00+00:00,REAL_TIME_5_MIN,URBAN_6_N001,Node,4.94952,13.25191,-7.71532,-0.58706,0.0
2025-10-12 10:05:00-07:00,2025-10-12 17:05:00+00:00,2025-10-12 10:10:00-07:00,2025-10-12 17:10:00+00:00,REAL_TIME_5_MIN,URBAN_6_N001,Node,4.18386,14.33212,-9.51335,-0.63491,0.0
2025-10-12 10:10:00-07:00,2025-10-12 17:10:00+00:00,2025-10-12 10:15:00-07:00,2025-10-12 17:15:00+00:00,REAL_TIME_5_MIN,URBAN_6_N001,Node,3.85141,13.3653,-8.92181,-0.59208,0.0
2025-10-12 10:15:00-07:00,2025-10-12 17:15:00+00:00,2025-10-12 10:20:00-07:00,2025-10-12 17:20:00+00:00,REAL_TIME_5_MIN,URBAN_6_N001,Node,2.55908,9.44363,-6.58142,-0.30314,0.0
2025-10-12 10:20:00-07:00,2025-10-12 17:20:00+00:00,2025-10-12 10:25:00-07:00,2025-10-12 17:25:00+00:00,REAL_TIME_5_MIN,URBAN_6_N001,Node,-1.79852,4.32187,-5.98166,-0.13873,0.0
2025-10-12 10:25:00-07:00,2025-10-12 17:25:00+00:00,2025-10-12 10:30:00-07:00,2025-10-12 17:30:00+00:00,REAL_TIME_5_MIN,URBAN_6_N001,Node,-2.47449,2.98113,-5.35993,-0.09569,0.0
2025-10-12 10:30:00-07:00,2025-10-12 17:30:00+00:00,2025-10-12 10:35:00-07:00,2025-10-12 17:35:00+00:00,REAL_TIME_5_MIN,URBAN_6_N001,Node,-1.18664,4.35355,-5.43267,-0.10753,0.0
2025-10-12 10:35:00-07:00,2025-10-12 17:35:00+00:00,2025-10-12 10:40:00-07:00,2025-10-12 17:40:00+00:00,REAL_TIME_5_MIN,URBAN_6_N001,Node,-0.97367,4.73177,-5.58856,-0.11687,0.0
2025-10-12 10:40:00-07:00,2025-10-12 17:40:00+00:00,2025-10-12 10:45:00-07:00,2025-10-12 17:45:00+00:00,REAL_TIME_5_MIN,URBAN_6_N001,Node,-2.09174,3.48552,-5.49117,-0.08609,0.0
2025-10-12 10:45:00-07:00,2025-10-12 17:45:00+00:00,2025-10-12 10:50:00-07:00,2025-10-12 17:50:00+00:00,REAL_TIME_5_MIN,URBAN_6_N001,Node,-1.87928,3.98113,-5.77123,-0.08918,0.0
2025-10-12 10:50:00-07:00,2025-10-12 17:50:00+00:00,2025-10-12 10:55:00-07:00,2025-10-12 17:55:00+00:00,REAL_TIME_5_MIN,URBAN_6_N001,Node,0.11625,5.59298,-5.35145,-0.12528,0.0
2025-10-12 10:55:00-07:00,2025-10-12 17:55:00+00:00,2025-10-12 11:00:00-07:00,2025-10-12 18:00:00+00:00,REAL_TIME_5_MIN,URBAN_6_N001,Node,-3.00367,3.03258,-5.96832,-0.06793,0.0
2025-10-12 11:00:00-07:00,2025-10-12 18:00:00+00:00,2025-10-12 11:05:00-07:00,2025-10-12 18:05:00+00:00,REAL_TIME_5_MIN,URBAN_6_N001,Node,-1.81351,3.36419,-5.08586,-0.09184,0.0
2025-10-12 11:05:00-07:00,2025-10-12 18:05:00+00:00,2025-10-12 11:10:00-07:00,2025-10-12 18:10:00+00:00,REAL_TIME_5_MIN,URBAN_6_N001,Node,-0.92615,5.47976,-6.25632,-0.1496,0.0
2025-10-12 11:10:00-07:00,2025-10-12 18:10:00+00:00,2025-10-12 11:15:00-07:00,2025-10-12 18:15:00+00:00,REAL_TIME_5_MIN,URBAN_6_N001,Node,-0.13151,6.91148,-6.85431,-0.18868,0.0
2025-10-12 11:15:00-07:00,2025-10-12 18:15:00+00:00,2025-10-12 11:20:00-07:00,2025-10-12 18:20:00+00:00,REAL_TIME_5_MIN,URBAN_6_N001,Node,0.55128,7.96025,-7.22748,-0.18149,0.0
2025-10-12 11:20:00-07:00,2025-10-12 18:20:00+00:00,2025-10-12 11:25:00-07:00,2025-10-12 18:25:00+00:00,REAL_TIME_5_MIN,URBAN_6_N001,Node,0.75313,7.16432,-6.24784,-0.16335,0.0
2025-10-12 11:25:00-07:00,2025-10-12 18:25:00+00:00,2025-10-12 11:30:00-07:00,2025-10-12 18:30:00+00:00,REAL_TIME_5_MIN,URBAN_6_N001,Node,-1.27873,7.0639,-8.18158,-0.16106,0.0
2025-10-12 11:30:00-07:00,2025-10-12 18:30:00+00:00,2025-10-12 11:35:00-07:00,2025-10-12 18:35:00+00:00,REAL_TIME_5_MIN,URBAN_6_N001,Node,0.48312,6.41078,-5.79624,-0.13142,0.0
2025-10-12 11:35:00-07:00,2025-10-12 18:35:00+00:00,2025-10-12 11:40:00-07:00,2025-10-12 18:40:00+00:00,REAL_TIME_5_MIN,URBAN_6_N001,Node,4.72897,10.32603,-5.29554,-0.30152,0.0
2025-10-12 11:40:00-07:00,2025-10-12 18:40:00+00:00,2025-10-12 11:45:00-07:00,2025-10-12 18:45:00+00:00,REAL_TIME_5_MIN,URBAN_6_N001,Node,3.34411,9.28754,-5.65923,-0.2842,0.0
2025-10-12 11:45:00-07:00,2025-10-12 18:45:00+00:00,2025-10-12 11:50:00-07:00,2025-10-12 18:50:00+00:00,REAL_TIME_5_MIN,URBAN_6_N001,Node,8.93379,11.59715,-2.35836,-0.305,0.0
2025-10-12 11:50:00-07:00,2025-10-12 18:50:00+00:00,2025-10-12 11:55:00-07:00,2025-10-12 18:55:00+00:00,REAL_TIME_5_MIN,URBAN_6_N001,Node,6.54982,11.07435,-4.23549,-0.28904,0.0
2025-10-12 11:55:00-07:00,2025-10-12 18:55:00+00:00,2025-10-12 12:00:00-07:00,2025-10-12 19:00:00+00:00,REAL_TIME_5_MIN,URBAN_6_N001,Node,8.46844,11.07478,-2.32948,-0.27687,0.0
2025-10-12 12:00:00-07:00,2025-10-12 19:00:00+00:00,2025-10-12 12:05:00-07:00,2025-10-12 19:05:00+00:00,REAL_TIME_5_MIN,URBAN_6_N001,Node,6.05246,6.20765,0.0,-0.15519,0.0
2025-10-12 12:05:00-07:00,2025-10-12 19:05:00+00:00,2025-10-12 12:10:00-07:00,2025-10-12 19:10:00+00:00,REAL_TIME_5_MIN,URBAN_6_N001,Node,5.38027,6.33063,-0.79209,-0.15827,0.0
2025-10-12 12:10:00-07:00,2025-10-12 19:10:00+00:00,2025-10-12 12:15:00-07:00,2025-10-12 19:15:00+00:00,REAL_TIME_5_MIN,URBAN_6_N001,Node,8.90778,9.22463,-0.08624,-0.23062,0.0
2025-10-12 12:15:00-07:00,2025-10-12 19:15:00+00:00,2025-10-12 12:20:00-07:00,2025-10-12 19:20:00+00:00,REAL_TIME_5_MIN,URBAN_6_N001,Node,10.42507,10.63782,0.0,-0.21276,0.0
2025-10-12 12:20:00-07:00,2025-10-12 19:20:00+00:00,2025-10-12 12:25:00-07:00,2025-10-12 19:25:00+00:00,REAL_TIME_5_MIN,URBAN_6_N001,Node,6.55484,6.68862,0.0,-0.13377,0.0
2025-10-12 12:25:00-07:00,2025-10-12 19:25:00+00:00,2025-10-12 12:30:00-07:00,2025-10-12 19:30:00+00:00,REAL_TIME_5_MIN,URBAN_6_N001,Node,5.89199,6.01224,0.0,-0.12024,0.0
2025-10-12 12:30:00-07:00,2025-10-12 19:30:00+00:00,2025-10-12 12:35:00-07:00,2025-10-12 19:35:00+00:00,REAL_TIME_5_MIN,URBAN_6_N001,Node,5.4316,5.56288,0.0,-0.13128,0.0
2025-10-12 12:35:00-07:00,2025-10-12 19:35:00+00:00,2025-10-12 12:40:00-07:00,2025-10-12 19:40:00+00:00,REAL_TIME_5_MIN,URBAN_6_N001,Node,4.26089,4.36387,0.0,-0.10299,0.0
2025-10-12 12:40:00-07:00,2025-10-12 19:40:00+00:00,2025-10-12 12:45:00-07:00,2025-10-12 19:45:00+00:00,REAL_TIME_5_MIN,URBAN_6_N001,Node,2.85782,2.93492,-0.00783,-0.06926,0.0
2025-10-12 12:45:00-07:00,2025-10-12 19:45:00+00:00,2025-10-12 12:50:00-07:00,2025-10-12 19:50:00+00:00,REAL_TIME_5_MIN,URBAN_6_N001,Node,1.56749,1.60521,0.0,-0.03772,0.0
2025-10-12 12:50:00-07:00,2025-10-12 19:50:00+00:00,2025-10-12 12:55:00-07:00,2025-10-12 19:55:00+00:00,REAL_TIME_5_MIN,URBAN_6_N001,Node,1.47302,1.50847,0.0,-0.03545,0.0
2025-10-12 12:55:00-07:00,2025-10-12 19:55:00+00:00,2025-10-12 13:00:00-07:00,2025-10-12 20:00:00+00:00,REAL_TIME_5_MIN,URBAN_6_N001,Node,-0.32036,-0.32807,0.0,0.00771,0.0
2025-10-12 13:00:00-07:00,2025-10-12 20:00:00+00:00,2025-10-12 13:05:00-07:00,2025-10-12 20:05:00+00:00,REAL_TIME_5_MIN,URBAN_6_N001,Node,0.0,0.0,0.0,0.0,0.0
2025-10-12 13:05:00-07:00,2025-10-12 20:05:00+00:00,2025-10-12 13:10:00-07:00,2025-10-12 20:10:00+00:00,REAL_TIME_5_MIN,URBAN_6_N001,Node,0.10186,1.49711,-1.38103,-0.01422,0.0
2025-10-12 13:10:00-07:00,2025-10-12 20:10:00+00:00,2025-10-12 13:15:00-07:00,2025-10-12 20:15:00+00:00,REAL_TIME_5_MIN,URBAN_6_N001,Node,0.05395,1.17902,-1.11387,-0.0112,0.0
2025-10-12 13:15:00-07:00,2025-10-12 20:15:00+00:00,2025-10-12 13:20:00-07:00,2025-10-12 20:20:00+00:00,REAL_TIME_5_MIN,URBAN_6_N001,Node,-0.07891,1.45132,-1.50715,-0.02308,0.0
2025-10-12 13:20:00-07:00,2025-10-12 20:20:00+00:00,2025-10-12 13:25:00-07:00,2025-10-12 20:25:00+00:00,REAL_TIME_5_MIN,URBAN_6_N001,Node,-1.31781,0.25821,-1.57192,-0.00411,0.0
2025-10-12 13:25:00-07:00,2025-10-12 20:25:00+00:00,2025-10-12 13:30:00-07:00,2025-10-12 20:30:00+00:00,REAL_TIME_5_MIN,URBAN_6_N001,Node,-1.88745,-0.2908,-1.60127,0.00462,0.0
2025-10-12 13:30:00-07:00,2025-10-12 20:30:00+00:00,2025-10-12 13:35:00-07:00,2025-10-12 20:35:00+00:00,REAL_TIME_5_MIN,URBAN_6_N001,Node,-1.63891,-0.28785,-1.35624,0.00518,0.0
2025-10-12 13:35:00-07:00,2025-10-12 20:35:00+00:00,2025-10-12 13:40:00-07:00,2025-10-12 20:40:00+00:00,REAL_TIME_5_MIN,URBAN_6_N001,Node,-1.567,1.13167,-2.6783,-0.02037,0.0
2025-10-12 13:40:00-07:00,2025-10-12 20:40:00+00:00,2025-10-12 13:45:00-07:00,2025-10-12 20:45:00+00:00,REAL_TIME_5_MIN,URBAN_6_N001,Node,-0.7675,1.91657,-2.64957,-0.0345,0.0
2025-10-12 13:45:00-07:00,2025-10-12 20:45:00+00:00,2025-10-12 13:50:00-07:00,2025-10-12 20:50:00+00:00,REAL_TIME_5_MIN,URBAN_6_N001,Node,0.0,0.0,0.0,0.0,0.0
2025-10-12 13:50:00-07:00,2025-10-12 20:50:00+00:00,2025-10-12 13:55:00-07:00,2025-10-12 20:55:00+00:00,REAL_TIME_5_MIN,URBAN_6_N001,Node,0.98741,1.00275,0.0,-0.01534,0.0
2025-10-12 13:55:00-07:00,2025-10-12 20:55:00+00:00,2025-10-12 14:00:00-07:00,2025-10-12 21:00:00+00:00,REAL_TIME_5_MIN,URBAN_6_N001,Node,-3.06175,2.36245,-5.38806,-0.03615,0.0
2025-10-12 14:00:00-07:00,2025-10-12 21:00:00+00:00,2025-10-12 14:05:00-07:00,2025-10-12 21:05:00+00:00,REAL_TIME_5_MIN,URBAN_6_N001,Node,-2.27911,5.48416,-7.70788,-0.05539,0.0
2025-10-12 14:05:00-07:00,2025-10-12 21:05:00+00:00,2025-10-12 14:10:00-07:00,2025-10-12 21:10:00+00:00,REAL_TIME_5_MIN,URBAN_6_N001,Node,-1.54936,9.79133,-11.2418,-0.09889,0.0
2025-10-12 14:10:00-07:00,2025-10-12 21:10:00+00:00,2025-10-12 14:15:00-07:00,2025-10-12 21:15:00+00:00,REAL_TIME_5_MIN,URBAN_6_N001,Node,-1.78141,9.02658,-10.71682,-0.09117,0.0
2025-10-12 14:15:00-07:00,2025-10-12 21:15:00+00:00,2025-10-12 14:20:00-07:00,2025-10-12 21:20:00+00:00,REAL_TIME_5_MIN,URBAN_6_N001,Node,-1.77895,9.08298,-10.71388,-0.14805,0.0
2025-10-12 14:20:00-07:00,2025-10-12 21:20:00+00:00,2025-10-12 14:25:00-07:00,2025-10-12 21:25:00+00:00,REAL_TIME_5_MIN,URBAN_6_N001,Node,-4.37793,6.77952,-11.04695,-0.11051,0.0
2025-10-12 14:25:00-07:00,2025-10-12 21:25:00+00:00,2025-10-12 14:30:00-07:00,2025-10-12 21:30:00+00:00,REAL_TIME_5_MIN,URBAN_6_N001,Node,-4.1629,6.21578,-10.27736,-0.10132,0.0
2025-10-12 14:30:00-07:00,2025-10-12 21:30:00+00:00,2025-10-12 14:35:00-07:00,2025-10-12 21:35:00+00:00,REAL_TIME_5_MIN,URBAN_6_N001,Node,-1.689,-0.29954,-1.39509,0.00563,0.0
2025-10-12 14:35:00-07:00,2025-10-12 21:35:00+00:00,2025-10-12 14:40:00-07:00,2025-10-12 21:40:00+00:00,REAL_TIME_5_MIN,URBAN_6_N001,Node,-3.99339,3.44704,-7.37562,-0.0648,0.0
2025-10-12 14:40:00-07:00,2025-10-12 21:40:00+00:00,2025-10-12 14:45:00-07:00,2025-10-12 21:45:00+00:00,REAL_TIME_5_MIN,URBAN_6_N001,Node,-3.31172,3.0888,-6.34245,-0.05807,0.0
2025-10-12 14:45:00-07:00,2025-10-12 21:45:00+00:00,2025-10-12 14:50:00-07:00,2025-10-12 21:50:00+00:00,REAL_TIME_5_MIN,URBAN_6_N001,Node,-1.59317,-0.0884,-1.50693,0.00216,0.0
2025-10-12 14:50:00-07:00,2025-10-12 21:50:00+00:00,2025-10-12 14:55:00-07:00,2025-10-12 21:55:00+00:00,REAL_TIME_5_MIN,URBAN_6_N001,Node,-2.98728,2.49312,-5.41956,-0.06083,0.0
2025-10-12 14:55:00-07:00,2025-10-12 21:55:00+00:00,2025-10-12 15:00:00-07:00,2025-10-12 22:00:00+00:00,REAL_TIME_5_MIN,URBAN_6_N001,Node,2.77531,2.84472,0.0,-0.06941,0.0
2025-10-12 15:00:00-07:00,2025-10-12 22:00:00+00:00,2025-10-12 15:05:00-07:00,2025-10-12 22:05:00+00:00,REAL_TIME_5_MIN,URBAN_6_N001,Node,-3.62954,3.43829,-7.01075,-0.05708,0.0
2025-10-12 15:05:00-07:00,2025-10-12 22:05:00+00:00,2025-10-12 15:10:00-07:00,2025-10-12 22:10:00+00:00,REAL_TIME_5_MIN,URBAN_6_N001,Node,-2.73171,3.75418,-6.42357,-0.06232,0.0
2025-10-12 15:10:00-07:00,2025-10-12 22:10:00+00:00,2025-10-12 15:15:00-07:00,2025-10-12 22:15:00+00:00,REAL_TIME_5_MIN,URBAN_6_N001,Node,-1.57392,3.79126,-5.30224,-0.06293,0.0
2025-10-12 15:15:00-07:00,2025-10-12 22:15:00+00:00,2025-10-12 15:20:00-07:00,2025-10-12 22:20:00+00:00,REAL_TIME_5_MIN,URBAN_6_N001,Node,0.01847,0.17647,-0.15484,-0.00316,0.0
2025-10-12 15:20:00-07:00,2025-10-12 22:20:00+00:00,2025-10-12 15:25:00-07:00,2025-10-12 22:25:00+00:00,REAL_TIME_5_MIN,URBAN_6_N001,Node,-1.54614,0.93471,-2.46412,-0.01673,0.0
2025-10-12 15:25:00-07:00,2025-10-12 22:25:00+00:00,2025-10-12 15:30:00-07:00,2025-10-12 22:30:00+00:00,REAL_TIME_5_MIN,URBAN_6_N001,Node,-1.37401,0.90464,-2.26246,-0.01619,0.0
2025-10-12 15:30:00-07:00,2025-10-12 22:30:00+00:00,2025-10-12 15:35:00-07:00,2025-10-12 22:35:00+00:00,REAL_TIME_5_MIN,URBAN_6_N001,Node,-3.31559,-2.19828,-1.14414,0.02682,0.0
2025-10-12 15:35:00-07:00,2025-10-12 22:35:00+00:00,2025-10-12 15:40:00-07:00,2025-10-12 22:40:00+00:00,REAL_TIME_5_MIN,URBAN_6_N001,Node,-3.19918,-3.23869,0.0,0.03951,0.0
2025-10-12 15:40:00-07:00,2025-10-12 22:40:00+00:00,2025-10-12 15:45:00-07:00,2025-10-12 22:45:00+00:00,REAL_TIME_5_MIN,URBAN_6_N001,Node,-2.93497,-2.97122,0.0,0.03625,0.0
2025-10-12 15:45:00-07:00,2025-10-12 22:45:00+00:00,2025-10-12 15:50:00-07:00,2025-10-12 22:50:00+00:00,REAL_TIME_5_MIN,URBAN_6_N001,Node,-0.1382,1.64751,-1.75293,-0.03279,0.0
2025-10-12 15:50:00-07:00,2025-10-12 22:50:00+00:00,2025-10-12 15:55:00-07:00,2025-10-12 22:55:00+00:00,REAL_TIME_5_MIN,URBAN_6_N001,Node,0.12806,3.34964,-3.15492,-0.06666,0.0
2025-10-12 15:55:00-07:00,2025-10-12 22:55:00+00:00,2025-10-12 16:00:00-07:00,2025-10-12 23:00:00+00:00,REAL_TIME_5_MIN,URBAN_6_N001,Node,-0.36568,3.56723,-3.86192,-0.07099,0.0
2025-10-12 16:00:00-07:00,2025-10-12 23:00:00+00:00,2025-10-12 16:05:00-07:00,2025-10-12 23:05:00+00:00,REAL_TIME_5_MIN,URBAN_6_N001,Node,-5.82915,-2.69728,-3.16693,0.03506,0.0
2025-10-12 16:05:00-07:00,2025-10-12 23:05:00+00:00,2025-10-12 16:10:00-07:00,2025-10-12 23:10:00+00:00,REAL_TIME_5_MIN,URBAN_6_N001,Node,-8.05394,-4.50366,-3.60884,0.05855,0.0
2025-10-12 16:10:00-07:00,2025-10-12 23:10:00+00:00,2025-10-12 16:15:00-07:00,2025-10-12 23:15:00+00:00,REAL_TIME_5_MIN,URBAN_6_N001,Node,-8.19083,-5.49834,-2.76397,0.07148,0.0
2025-10-12 16:15:00-07:00,2025-10-12 23:15:00+00:00,2025-10-12 16:20:00-07:00,2025-10-12 23:20:00+00:00,REAL_TIME_5_MIN,URBAN_6_N001,Node,-4.43575,-4.49782,0.0,0.06207,0.0
2025-10-12 16:20:00-07:00,2025-10-12 23:20:00+00:00,2025-10-12 16:25:00-07:00,2025-10-12 23:25:00+00:00,REAL_TIME_5_MIN,URBAN_6_N001,Node,0.0,0.0,0.0,0.0,0.0
2025-10-12 16:25:00-07:00,2025-10-12 23:25:00+00:00,2025-10-12 16:30:00-07:00,2025-10-12 23:30:00+00:00,REAL_TIME_5_MIN,URBAN_6_N001,Node,12.07514,12.24411,0.0,-0.16897,0.0
2025-10-12 16:30:00-07:00,2025-10-12 23:30:00+00:00,2025-10-12 16:35:00-07:00,2025-10-12 23:35:00+00:00,REAL_TIME_5_MIN,URBAN_6_N001,Node,16.7481,17.03254,0.0,-0.28444,0.0
2025-10-12 16:35:00-07:00,2025-10-12 23:35:00+00:00,2025-10-12 16:40:00-07:00,2025-10-12 23:40:00+00:00,REAL_TIME_5_MIN,URBAN_6_N001,Node,27.07579,27.70566,-0.16719,-0.46268,0.0
2025-10-12 16:40:00-07:00,2025-10-12 23:40:00+00:00,2025-10-12 16:45:00-07:00,2025-10-12 23:45:00+00:00,REAL_TIME_5_MIN,URBAN_6_N001,Node,28.88076,30.07187,-0.68892,-0.5022,0.0
2025-10-12 16:45:00-07:00,2025-10-12 23:45:00+00:00,2025-10-12 16:50:00-07:00,2025-10-12 23:50:00+00:00,REAL_TIME_5_MIN,URBAN_6_N001,Node,34.685,35.0,0.0,-0.315,0.0
2025-10-12 16:50:00-07:00,2025-10-12 23:50:00+00:00,2025-10-12 16:55:00-07:00,2025-10-12 23:55:00+00:00,REAL_TIME_5_MIN,URBAN_6_N001,Node,39.66258,40.02279,0.0,-0.36021,0.0
2025-10-12 16:55:00-07:00,2025-10-12 23:55:00+00:00,2025-10-12 17:00:00-07:00,2025-10-13 00:00:00+00:00,REAL_TIME_5_MIN,URBAN_6_N001,Node,47.36375,47.7939,0.0,-0.43015,0.0
2025-10-12 17:00:00-07:00,2025-10-13 00:00:00+00:00,2025-10-12 17:05:00-07:00,2025-10-13 00:05:00+00:00,REAL_TIME_5_MIN,URBAN_6_N001,Node,35.76959,36.11995,0.0,-0.35036,0.0
2025-10-12 17:05:00-07:00,2025-10-13 00:05:00+00:00,2025-10-12 17:10:00-07:00,2025-10-13 00:10:00+00:00,REAL_TIME_5_MIN,URBAN_6_N001,Node,38.1656,38.53943,0.0,-0.37383,0.0
2025-10-12 17:10:00-07:00,2025-10-13 00:10:00+00:00,2025-10-12 17:15:00-07:00,2025-10-13 00:15:00+00:00,REAL_TIME_5_MIN,URBAN_6_N001,Node,45.56232,46.0086,0.0,-0.44628,0.0
2025-10-12 17:15:00-07:00,2025-10-13 00:15:00+00:00,2025-10-12 17:20:00-07:00,2025-10-13 00:20:00+00:00,REAL_TIME_5_MIN,URBAN_6_N001,Node,47.07596,47.55628,0.0,-0.48032,0.0
2025-10-12 17:20:00-07:00,2025-10-13 00:20:00+00:00,2025-10-12 17:25:00-07:00,2025-10-13 00:25:00+00:00,REAL_TIME_5_MIN,URBAN_6_N001,Node,48.92646,49.42566,0.0,-0.4992,0.0
2025-10-12 17:25:00-07:00,2025-10-13 00:25:00+00:00,2025-10-12 17:30:00-07:00,2025-10-13 00:30:00+00:00,REAL_TIME_5_MIN,URBAN_6_N001,Node,54.50901,55.06517,0.0,-0.55616,0.0
2025-10-12 17:30:00-07:00,2025-10-13 00:30:00+00:00,2025-10-12 17:35:00-07:00,2025-10-13 00:35:00+00:00,REAL_TIME_5_MIN,URBAN_6_N001,Node,60.17871,61.43192,0.0,-1.25321,0.0
2025-10-12 17:35:00-07:00,2025-10-13 00:35:00+00:00,2025-10-12 17:40:00-07:00,2025-10-13 00:40:00+00:00,REAL_TIME_5_MIN,URBAN_6_N001,Node,61.82464,63.11212,0.0,-1.28749,0.0
2025-10-12 17:40:00-07:00,2025-10-13 00:40:00+00:00,2025-10-12 17:45:00-07:00,2025-10-13 00:45:00+00:00,REAL_TIME_5_MIN,URBAN_6_N001,Node,65.77093,67.1406,0.0,-1.36967,0.0
2025-10-12 17:45:00-07:00,2025-10-13 00:45:00+00:00,2025-10-12 17:50:00-07:00,2025-10-13 00:50:00+00:00,REAL_TIME_5_MIN,URBAN_6_N001,Node,83.73174,85.40569,0.0,-1.67395,0.0
2025-10-12 17:50:00-07:00,2025-10-13 00:50:00+00:00,2025-10-12 17:55:00-07:00,2025-10-13 00:55:00+00:00,REAL_TIME_5_MIN,URBAN_6_N001,Node,105.39167,107.49864,0.0,-2.10697,0.0
2025-10-12 17:55:00-07:00,2025-10-13 00:55:00+00:00,2025-10-12 18:00:00-07:00,2025-10-13 01:00:00+00:00,REAL_TIME_5_MIN,URBAN_6_N001,Node,135.53008,138.23956,0.0,-2.7095,0.0
2025-10-12 18:00:00-07:00,2025-10-13 01:00:00+00:00,2025-10-12 18:05:00-07:00,2025-10-13 01:05:00+00:00,REAL_TIME_5_MIN,URBAN_6_N001,Node,52.5812,53.68716,0.0,-1.10596,0.0
2025-10-12 18:05:00-07:00,2025-10-13 01:05:00+00:00,2025-10-12 18:10:00-07:00,2025-10-13 01:10:00+00:00,REAL_TIME_5_MIN,URBAN_6_N001,Node,53.53821,54.66429,0.0,-1.12608,0.0
2025-10-12 18:10:00-07:00,2025-10-13 01:10:00+00:00,2025-10-12 18:15:00-07:00,2025-10-13 01:15:00+00:00,REAL_TIME_5_MIN,URBAN_6_N001,Node,56.05993,57.23906,0.0,-1.17912,0.0
2025-10-12 18:15:00-07:00,2025-10-13 01:15:00+00:00,2025-10-12 18:20:00-07:00,2025-10-13 01:20:00+00:00,REAL_TIME_5_MIN,URBAN_6_N001,Node,54.35457,55.40166,0.0,-1.04709,0.0
2025-10-12 18:20:00-07:00,2025-10-13 01:20:00+00:00,2025-10-12 18:25:00-07:00,2025-10-13 01:25:00+00:00,REAL_TIME_5_MIN,URBAN_6_N001,Node,56.46262,57.55032,0.0,-1.0877,0.0
2025-10-12 18:25:00-07:00,2025-10-13 01:25:00+00:00,2025-10-12 18:30:00-07:00,2025-10-13 01:30:00+00:00,REAL_TIME_5_MIN,URBAN_6_N001,Node,56.29128,57.37568,0.0,-1.0844,0.0
2025-10-12 18:30:00-07:00,2025-10-13 01:30:00+00:00,2025-10-12 18:35:00-07:00,2025-10-13 01:35:00+00:00,REAL_TIME_5_MIN,URBAN_6_N001,Node,56.57374,58.16753,0.0,-1.59379,0.0
2025-10-12 18:35:00-07:00,2025-10-13 01:35:00+00:00,2025-10-12 18:40:00-07:00,2025-10-13 01:40:00+00:00,REAL_TIME_5_MIN,URBAN_6_N001,Node,58.45536,60.10216,0.0,-1.6468,0.0
2025-10-12 18:40:00-07:00,2025-10-13 01:40:00+00:00,2025-10-12 18:45:00-07:00,2025-10-13 01:45:00+00:00,REAL_TIME_5_MIN,URBAN_6_N001,Node,56.59994,58.19447,0.0,-1.59453,0.0
2025-10-12 18:45:00-07:00,2025-10-13 01:45:00+00:00,2025-10-12 18:50:00-07:00,2025-10-13 01:50:00+00:00,REAL_TIME_5_MIN,URBAN_6_N001,Node,52.60835,54.21864,0.0,-1.61029,0.0
2025-10-12 18:50:00-07:00,2025-10-13 01:50:00+00:00,2025-10-12 18:55:00-07:00,2025-10-13 01:55:00+00:00,REAL_TIME_5_MIN,URBAN_6_N001,Node,52.4398,54.04493,0.0,-1.60513,0.0
2025-10-12 18:55:00-07:00,2025-10-13 01:55:00+00:00,2025-10-12 19:00:00-07:00,2025-10-13 02:00:00+00:00,REAL_TIME_5_MIN,URBAN_6_N001,Node,52.4398,54.04493,0.0,-1.60513,0.0
2025-10-12 19:00:00-07:00,2025-10-13 02:00:00+00:00,2025-10-12 19:05:00-07:00,2025-10-13 02:05:00+00:00,REAL_TIME_5_MIN,URBAN_6_N001,Node,50.73584,52.18126,0.0,-1.44542,0.0
2025-10-12 19:05:00-07:00,2025-10-13 02:05:00+00:00,2025-10-12 19:10:00-07:00,2025-10-13 02:10:00+00:00,REAL_TIME_5_MIN,URBAN_6_N001,Node,50.73584,52.18126,0.0,-1.44542,0.0
2025-10-12 19:10:00-07:00,2025-10-13 02:10:00+00:00,2025-10-12 19:15:00-07:00,2025-10-13 02:15:00+00:00,REAL_TIME_5_MIN,URBAN_6_N001,Node,50.73584,52.18126,0.0,-1.44542,0.0
2025-10-12 19:15:00-07:00,2025-10-13 02:15:00+00:00,2025-10-12 19:20:00-07:00,2025-10-13 02:20:00+00:00,REAL_TIME_5_MIN,URBAN_6_N001,Node,49.94421,51.48887,0.0,-1.54467,0.0
2025-10-12 19:20:00-07:00,2025-10-13 02:20:00+00:00,2025-10-12 19:25:00-07:00,2025-10-13 02:25:00+00:00,REAL_TIME_5_MIN,URBAN_6_N001,Node,48.06925,49.55593,0.0,-1.48668,0.0
2025-10-12 19:25:00-07:00,2025-10-13 02:25:00+00:00,2025-10-12 19:30:00-07:00,2025-10-13 02:30:00+00:00,REAL_TIME_5_MIN,URBAN_6_N001,Node,47.59467,49.06667,0.0,-1.472,0.0
2025-10-12 19:30:00-07:00,2025-10-13 02:30:00+00:00,2025-10-12 19:35:00-07:00,2025-10-13 02:35:00+00:00,REAL_TIME_5_MIN,URBAN_6_N001,Node,47.23619,48.56692,0.0,-1.33073,0.0
2025-10-12 19:35:00-07:00,2025-10-13 02:35:00+00:00,2025-10-12 19:40:00-07:00,2025-10-13 02:40:00+00:00,REAL_TIME_5_MIN,URBAN_6_N001,Node,47.33988,48.67353,0.0,-1.33365,0.0
2025-10-12 19:40:00-07:00,2025-10-13 02:40:00+00:00,2025-10-12 19:45:00-07:00,2025-10-13 02:45:00+00:00,REAL_TIME_5_MIN,URBAN_6_N001,Node,47.27452,48.60634,0.0,-1.33181,0.0
2025-10-12 19:45:00-07:00,2025-10-13 02:45:00+00:00,2025-10-12 19:50:00-07:00,2025-10-13 02:50:00+00:00,REAL_TIME_5_MIN,URBAN_6_N001,Node,46.18158,47.40949,0.0,-1.22791,0.0
2025-10-12 19:50:00-07:00,2025-10-13 02:50:00+00:00,2025-10-12 19:55:00-07:00,2025-10-13 02:55:00+00:00,REAL_TIME_5_MIN,URBAN_6_N001,Node,45.51871,46.72899,0.0,-1.21028,0.0
2025-10-12 19:55:00-07:00,2025-10-13 02:55:00+00:00,2025-10-12 20:00:00-07:00,2025-10-13 03:00:00+00:00,REAL_TIME_5_MIN,URBAN_6_N001,Node,44.86184,46.05465,0.0,-1.19282,0.0
2025-10-12 20:00:00-07:00,2025-10-13 03:00:00+00:00,2025-10-12 20:05:00-07:00,2025-10-13 03:05:00+00:00,REAL_TIME_5_MIN,URBAN_6_N001,Node,46.71145,48.43576,0.0,-1.72431,0.0
2025-10-12 20:05:00-07:00,2025-10-13 03:05:00+00:00,2025-10-12 20:10:00-07:00,2025-10-13 03:10:00+00:00,REAL_TIME_5_MIN,URBAN_6_N001,Node,45.48576,47.16483,0.0,-1.67907,0.0
2025-10-12 20:10:00-07:00,2025-10-13 03:10:00+00:00,2025-10-12 20:15:00-07:00,2025-10-13 03:15:00+00:00,REAL_TIME_5_MIN,URBAN_6_N001,Node,45.15085,46.81755,0.0,-1.6667,0.0
2025-10-12 20:15:00-07:00,2025-10-13 03:15:00+00:00,2025-10-12 20:20:00-07:00,2025-10-13 03:20:00+00:00,REAL_TIME_5_MIN,URBAN_6_N001,Node,44.18024,45.44825,0.0,-1.26801,0.0
2025-10-12 20:20:00-07:00,2025-10-13 03:20:00+00:00,2025-10-12 20:25:00-07:00,2025-10-13 03:25:00+00:00,REAL_TIME_5_MIN,URBAN_6_N001,Node,44.02636,45.28995,0.0,-1.26359,0.0
2025-10-12 20:25:00-07:00,2025-10-13 03:25:00+00:00,2025-10-12 20:30:00-07:00,2025-10-13 03:30:00+00:00,REAL_TIME_5_MIN,URBAN_6_N001,Node,43.18649,44.42597,0.0,-1.23948,0.0
2025-10-12 20:30:00-07:00,2025-10-13 03:30:00+00:00,2025-10-12 20:35:00-07:00,2025-10-13 03:35:00+00:00,REAL_TIME_5_MIN,URBAN_6_N001,Node,43.76191,44.87021,0.0,-1.10829,0.0
2025-10-12 20:35:00-07:00,2025-10-13 03:35:00+00:00,2025-10-12 20:40:00-07:00,2025-10-13 03:40:00+00:00,REAL_TIME_5_MIN,URBAN_6_N001,Node,43.30166,44.3983,0.0,-1.09664,0.0
2025-10-12 20:40:00-07:00,2025-10-13 03:40:00+00:00,2025-10-12 20:45:00-07:00,2025-10-13 03:45:00+00:00,REAL_TIME_5_MIN,URBAN_6_N001,Node,42.56359,43.64153,0.0,-1.07795,0.0
2025-10-12 20:45:00-07:00,2025-10-13 03:45:00+00:00,2025-10-12 20:50:00-07:00,2025-10-13 03:50:00+00:00,REAL_TIME_5_MIN,URBAN_6_N001,Node,43.57286,44.53481,0.0,-0.96195,0.0
2025-10-12 20:50:00-07:00,2025-10-13 03:50:00+00:00,2025-10-12 20:55:00-07:00,2025-10-13 03:55:00+00:00,REAL_TIME_5_MIN,URBAN_6_N001,Node,44.38189,45.3617,0.0,-0.97981,0.0
2025-10-12 20:55:00-07:00,2025-10-13 03:55:00+00:00,2025-10-12 21:00:00-07:00,2025-10-13 04:00:00+00:00,REAL_TIME_5_MIN,URBAN_6_N001,Node,44.74281,45.73059,0.0,-0.98778,0.0
2025-10-12 21:00:00-07:00,2025-10-13 04:00:00+00:00,2025-10-12 21:05:00-07:00,2025-10-13 04:05:00+00:00,REAL_TIME_5_MIN,URBAN_6_N001,Node,48.04396,49.21528,0.0,-1.17132,0.0
2025-10-12 21:05:00-07:00,2025-10-13 04:05:00+00:00,2025-10-12 21:10:00-07:00,2025-10-13 04:10:00+00:00,REAL_TIME_5_MIN,URBAN_6_N001,Node,48.17082,49.34524,0.0,-1.17442,0.0
2025-10-12 21:10:00-07:00,2025-10-13 04:10:00+00:00,2025-10-12 21:15:00-07:00,2025-10-13 04:15:00+00:00,REAL_TIME_5_MIN,URBAN_6_N001,Node,48.04396,49.21528,0.0,-1.17132,0.0
2025-10-12 21:15:00-07:00,2025-10-13 04:15:00+00:00,2025-10-12 21:20:00-07:00,2025-10-13 04:20:00+00:00,REAL_TIME_5_MIN,URBAN_6_N001,Node,47.53851,48.77746,0.0,-1.23895,0.0
2025-10-12 21:20:00-07:00,2025-10-13 04:20:00+00:00,2025-10-12 21:25:00-07:00,2025-10-13 04:25:00+00:00,REAL_TIME_5_MIN,URBAN_6_N001,Node,48.95401,50.22984,0.0,-1.27584,0.0
2025-10-12 21:25:00-07:00,2025-10-13 04:25:00+00:00,2025-10-12 21:30:00-07:00,2025-10-13 04:30:00+00:00,REAL_TIME_5_MIN,URBAN_6_N001,Node,48.3144,49.57357,0.0,-1.25917,0.0
2025-10-12 21:30:00-07:00,2025-10-13 04:30:00+00:00,2025-10-12 21:35:00-07:00,2025-10-13 04:35:00+00:00,REAL_TIME_5_MIN,URBAN_6_N001,Node,47.93344,48.93664,0.0,-1.0032,0.0
2025-10-12 21:35:00-07:00,2025-10-13 04:35:00+00:00,2025-10-12 21:40:00-07:00,2025-10-13 04:40:00+00:00,REAL_TIME_5_MIN,URBAN_6_N001,Node,48.10007,49.10676,0.0,-1.00669,0.0
2025-10-12 21:40:00-07:00,2025-10-13 04:40:00+00:00,2025-10-12 21:45:00-07:00,2025-10-13 04:45:00+00:00,REAL_TIME_5_MIN,URBAN_6_N001,Node,49.08491,50.11221,0.0,-1.0273,0.0
2025-10-12 21:45:00-07:00,2025-10-13 04:45:00+00:00,2025-10-12 21:50:00-07:00,2025-10-13 04:50:00+00:00,REAL_TIME_5_MIN,URBAN_6_N001,Node,48.8871,49.70727,0.0,-0.82017,0.0
2025-10-12 21:50:00-07:00,2025-10-13 04:50:00+00:00,2025-10-12 21:55:00-07:00,2025-10-13 04:55:00+00:00,REAL_TIME_5_MIN,URBAN_6_N001,Node,49.43085,50.26015,0.0,-0.82929,0.0
2025-10-12 21:55:00-07:00,2025-10-13 04:55:00+00:00,2025-10-12 22:00:00-07:00,2025-10-13 05:00:00+00:00,REAL_TIME_5_MIN,URBAN_6_N001,Node,49.80651,50.6421,0.0,-0.83559,0.0
2025-10-12 22:00:00-07:00,2025-10-13 05:00:00+00:00,2025-10-12 22:05:00-07:00,2025-10-13 05:05:00+00:00,REAL_TIME_5_MIN,URBAN_6_N001,Node,50.884,51.71664,0.0,-0.83264,0.0
2025-10-12 22:05:00-07:00,2025-10-13 05:05:00+00:00,2025-10-12 22:10:00-07:00,2025-10-13 05:10:00+00:00,REAL_TIME_5_MIN,URBAN_6_N001,Node,50.1707,50.99167,0.0,-0.82097,0.0
2025-10-12 22:10:00-07:00,2025-10-13 05:10:00+00:00,2025-10-12 22:15:00-07:00,2025-10-13 05:15:00+00:00,REAL_TIME_5_MIN,URBAN_6_N001,Node,49.99205,50.8101,0.0,-0.81804,0.0
2025-10-12 22:15:00-07:00,2025-10-13 05:15:00+00:00,2025-10-12 22:20:00-07:00,2025-10-13 05:20:00+00:00,REAL_TIME_5_MIN,URBAN_6_N001,Node,49.88681,50.55413,0.0,-0.66731,0.0
2025-10-12 22:20:00-07:00,2025-10-13 05:20:00+00:00,2025-10-12 22:25:00-07:00,2025-10-13 05:25:00+00:00,REAL_TIME_5_MIN,URBAN_6_N001,Node,53.84515,54.56541,0.0,-0.72026,0.0
2025-10-12 22:25:00-07:00,2025-10-13 05:25:00+00:00,2025-10-12 22:30:00-07:00,2025-10-13 05:30:00+00:00,REAL_TIME_5_MIN,URBAN_6_N001,Node,51.72999,52.42196,0.0,-0.69197,0.0
2025-10-12 22:30:00-07:00,2025-10-13 05:30:00+00:00,2025-10-12 22:35:00-07:00,2025-10-13 05:35:00+00:00,REAL_TIME_5_MIN,URBAN_6_N001,Node,53.52901,54.27805,0.0,-0.74904,0.0
2025-10-12 22:35:00-07:00,2025-10-13 05:35:00+00:00,2025-10-12 22:40:00-07:00,2025-10-13 05:40:00+00:00,REAL_TIME_5_MIN,URBAN_6_N001,Node,54.03903,54.79521,0.0,-0.75617,0.0
2025-10-12 22:40:00-07:00,2025-10-13 05:40:00+00:00,2025-10-12 22:45:00-07:00,2025-10-13 05:45:00+00:00,REAL_TIME_5_MIN,URBAN_6_N001,Node,55.20205,55.9745,0.0,-0.77245,0.0
2025-10-12 22:45:00-07:00,2025-10-13 05:45:00+00:00,2025-10-12 22:50:00-07:00,2025-10-13 05:50:00+00:00,REAL_TIME_5_MIN,URBAN_6_N001,Node,54.16499,54.86729,0.0,-0.7023,0.0
2025-10-12 22:50:00-07:00,2025-10-13 05:50:00+00:00,2025-10-12 22:55:00-07:00,2025-10-13 05:55:00+00:00,REAL_TIME_5_MIN,URBAN_6_N001,Node,55.09811,55.81251,0.0,-0.7144,0.0
2025-10-12 22:55:00-07:00,2025-10-13 05:55:00+00:00,2025-10-12 23:00:00-07:00,2025-10-13 06:00:00+00:00,REAL_TIME_5_MIN,URBAN_6_N001,Node,55.4033,56.12166,0.0,-0.71836,0.0
2025-10-12 23:00:00-07:00,2025-10-13 06:00:00+00:00,2025-10-12 23:05:00-07:00,2025-10-13 06:05:00+00:00,REAL_TIME_5_MIN,URBAN_6_N001,Node,53.87728,54.68665,0.0,-0.80936,0.0
2025-10-12 23:05:00-07:00,2025-10-13 06:05:00+00:00,2025-10-12 23:10:00-07:00,2025-10-13 06:10:00+00:00,REAL_TIME_5_MIN,URBAN_6_N001,Node,54.30602,55.12182,0.0,-0.8158,0.0
2025-10-12 23:10:00-07:00,2025-10-13 06:10:00+00:00,2025-10-12 23:15:00-07:00,2025-10-13 06:15:00+00:00,REAL_TIME_5_MIN,URBAN_6_N001,Node,51.14076,51.90901,0.0,-0.76825,0.0
2025-10-12 23:15:00-07:00,2025-10-13 06:15:00+00:00,2025-10-12 23:20:00-07:00,2025-10-13 06:20:00+00:00,REAL_TIME_5_MIN,URBAN_6_N001,Node,49.71629,50.49902,0.0,-0.78273,0.0
2025-10-12 23:20:00-07:00,2025-10-13 06:20:00+00:00,2025-10-12 23:25:00-07:00,2025-10-13 06:25:00+00:00,REAL_TIME_5_MIN,URBAN_6_N001,Node,47.20241,47.94557,0.0,-0.74316,0.0
2025-10-12 23:25:00-07:00,2025-10-13 06:25:00+00:00,2025-10-12 23:30:00-07:00,2025-10-13 06:30:00+00:00,REAL_TIME_5_MIN,URBAN_6_N001,Node,48.34124,49.10232,0.0,-0.76109,0.0
2025-10-12 23:30:00-07:00,2025-10-13 06:30:00+00:00,2025-10-12 23:35:00-07:00,2025-10-13 06:35:00+00:00,REAL_TIME_5_MIN,URBAN_6_N001,Node,47.98895,48.63088,0.0,-0.64193,0.0
2025-10-12 23:35:00-07:00,2025-10-13 06:35:00+00:00,2025-10-12 23:40:00-07:00,2025-10-13 06:40:00+00:00,REAL_TIME_5_MIN,URBAN_6_N001,Node,46.29858,46.9179,0.0,-0.61932,0.0
2025-10-12 23:40:00-07:00,2025-10-13 06:40:00+00:00,2025-10-12 23:45:00-07:00,2025-10-13 06:45:00+00:00,REAL_TIME_5_MIN,URBAN_6_N001,Node,46.68731,47.31183,0.0,-0.62452,0.0
2025-10-12 23:45:00-07:00,2025-10-13 06:45:00+00:00,2025-10-12 23:50:00-07:00,2025-10-13 06:50:00+00:00,REAL_TIME_5_MIN,URBAN_6_N001,Node,46.93808,47.63353,0.0,-0.69545,0.0
2025-10-12 23:50:00-07:00,2025-10-13 06:50:00+00:00,2025-10-12 23:55:00-07:00,2025-10-13 06:55:00+00:00,REAL_TIME_5_MIN,URBAN_6_N001,Node,49.93412,50.67396,0.0,-0.73984,0.0
2025-10-12 23:55:00-07:00,2025-10-13 06:55:00+00:00,2025-10-13 00:00:00-07:00,2025-10-13 07:00:00+00:00,REAL_TIME_5_MIN,URBAN_6_N001,Node,52.89926,53.68304,0.0,-0.78377,0.0
