interval_start_local,interval_start_utc,interval_end_local,interval_end_utc,location,location_type,market,spp
2025-10-26 00:00:00-05:00,2025-10-26 05:00:00+00:00,2025-10-26 00:15:00-05:00,2025-10-26 05:15:00+00:00,CR_RN,Resource Node,REAL_TIME_15_MIN,51.09
2025-10-26 00:00:00-05:00,2025-10-26 05:00:00+00:00,2025-10-26 00:15:00-05:00,2025-10-26 05:15:00+00:00,P2_DGR2_RN,Resource Node,REAL_TIME_15_MIN,50.33
2025-10-26 00:00:00-05:00,2025-10-26 05:00:00+00:00,2025-10-26 00:15:00-05:00,2025-10-26 05:15:00+00:00,PRCRK_RN,Resource Node,REAL_TIME_15_MIN,52.15
2025-10-26 00:15:00-05:00,2025-10-26 05:15:00+00:00,2025-10-26 00:30:00-05:00,2025-10-26 05:30:00+00:00,CR_RN,Resource Node,REAL_TIME_15_MIN,53.85
2025-10-26 00:15:00-05:00,2025-10-26 05:15:00+00:00,2025-10-26 00:30:00-05:00,2025-10-26 05:30:00+00:00,P2_DGR2_RN,Resource Node,REAL_TIME_15_MIN,53.49
2025-10-26 00:15:00-05:00,2025-10-26 05:15:00+00:00,2025-10-26 00:30:00-05:00,2025-10-26 05:30:00+00:00,PRCRK_RN,Resource Node,REAL_TIME_15_MIN,54.35
2025-10-26 00:30:00-05:00,2025-10-26 05:30:00+00:00,2025-10-26 00:45:00-05:00,2025-10-26 05:45:00+00:00,CR_RN,Resource Node,REAL_TIME_15_MIN,51.09
2025-10-26 00:30:00-05:00,2025-10-26 05:30:00+00:00,2025-10-26 00:45:00-05:00,2025-10-26 05:45:00+00:00,P2_DGR2_RN,Resource Node,REAL_TIME_15_MIN,50.77
2025-10-26 00:30:00-05:00,2025-10-26 05:30:00+00:00,2025-10-26 00:45:00-05:00,2025-10-26 05:45:00+00:00,PRCRK_RN,Resource Node,REAL_TIME_15_MIN,51.54
2025-10-26 00:45:00-05:00,2025-10-26 05:45:00+00:00,2025-10-26 01:00:00-05:00,2025-10-26 06:00:00+00:00,CR_RN,Resource Node,REAL_TIME_15_MIN,47.48
2025-10-26 00:45:00-05:00,2025-10-26 05:45:00+00:00,2025-10-26 01:00:00-05:00,2025-10-26 06:00:00+00:00,P2_DGR2_RN,Resource Node,REAL_TIME_15_MIN,47.33
2025-10-26 00:45:00-05:00,2025-10-26 05:45:00+00:00,2025-10-26 01:00:00-05:00,2025-10-26 06:00:00+00:00,PRCRK_RN,Resource Node,REAL_TIME_15_MIN,47.67
2025-10-26 01:00:00-05:00,2025-10-26 06:00:00+00:00,2025-10-26 01:15:00-05:00,2025-10-26 06:15:00+00:00,CR_RN,Resource Node,REAL_TIME_15_MIN,48.99
2025-10-26 01:00:00-05:00,2025-10-26 06:00:00+00:00,2025-10-26 01:15:00-05:00,2025-10-26 06:15:00+00:00,P2_DGR2_RN,Resource Node,REAL_TIME_15_MIN,49.35
2025-10-26 01:00:00-05:00,2025-10-26 06:00:00+00:00,2025-10-26 01:15:00-05:00,2025-10-26 06:15:00+00:00,PRCRK_RN,Resource Node,REAL_TIME_15_MIN,48.6
2025-10-26 01:15:00-05:00,2025-10-26 06:15:00+00:00,2025-10-26 01:30:00-05:00,2025-10-26 06:30:00+00:00,CR_RN,Resource Node,REAL_TIME_15_MIN,46.78
2025-10-26 01:15:00-05:00,2025-10-26 06:15:00+00:00,2025-10-26 01:30:00-05:00,2025-10-26 06:30:00+00:00,P2_DGR2_RN,Resource Node,REAL_TIME_15_MIN,46.84
2025-10-26 01:15:00-05:00,2025-10-26 06:15:00+00:00,2025-10-26 01:30:00-05:00,2025-10-26 06:30:00+00:00,PRCRK_RN,Resource Node,REAL_TIME_15_MIN,46.7
2025-10-26 01:30:00-05:00,2025-10-26 06:30:00+00:00,2025-10-26 01:45:00-05:00,2025-10-26 06:45:00+00:00,CR_RN,Resource Node,REAL_TIME_15_MIN,42.22
2025-10-26 01:30:00-05:00,2025-10-26 06:30:00+00:00,2025-10-26 01:45:00-05:00,2025-10-26 06:45:00+00:00,P2_DGR2_RN,Resource Node,REAL_TIME_15_MIN,42.12
2025-10-26 01:30:00-05:00,2025-10-26 06:30:00+00:00,2025-10-26 01:45:00-05:00,2025-10-26 06:45:00+00:00,PRCRK_RN,Resource Node,REAL_TIME_15_MIN,42.31
2025-10-26 01:45:00-05:00,2025-10-26 06:45:00+00:00,2025-10-26 02:00:00-05:00,2025-10-26 07:00:00+00:00,CR_RN,Resource Node,REAL_TIME_15_MIN,42.14
2025-10-26 01:45:00-05:00,2025-10-26 06:45:00+00:00,2025-10-26 02:00:00-05:00,2025-10-26 07:00:00+00:00,P2_DGR2_RN,Resource Node,REAL_TIME_15_MIN,42.14
2025-10-26 01:45:00-05:00,2025-10-26 06:45:00+00:00,2025-10-26 02:00:00-05:00,2025-10-26 07:00:00+00:00,PRCRK_RN,Resource Node,REAL_TIME_15_MIN,42.14
2025-10-26 02:00:00-05:00,2025-10-26 07:00:00+00:00,2025-10-26 02:15:00-05:00,2025-10-26 07:15:00+00:00,CR_RN,Resource Node,REAL_TIME_15_MIN,44.96
2025-10-26 02:00:00-05:00,2025-10-26 07:00:00+00:00,2025-10-26 02:15:00-05:00,2025-10-26 07:15:00+00:00,P2_DGR2_RN,Resource Node,REAL_TIME_15_MIN,44.5
2025-10-26 02:00:00-05:00,2025-10-26 07:00:00+00:00,2025-10-26 02:15:00-05:00,2025-10-26 07:15:00+00:00,PRCRK_RN,Resource Node,REAL_TIME_15_MIN,45.54
2025-10-26 02:15:00-05:00,2025-10-26 07:15:00+00:00,2025-10-26 02:30:00-05:00,2025-10-26 07:30:00+00:00,CR_RN,Resource Node,REAL_TIME_15_MIN,46.17
2025-10-26 02:15:00-05:00,2025-10-26 07:15:00+00:00,2025-10-26 02:30:00-05:00,2025-10-26 07:30:00+00:00,P2_DGR2_RN,Resource Node,REAL_TIME_15_MIN,46.07
2025-10-26 02:15:00-05:00,2025-10-26 07:15:00+00:00,2025-10-26 02:30:00-05:00,2025-10-26 07:30:00+00:00,PRCRK_RN,Resource Node,REAL_TIME_15_MIN,46.38
2025-10-26 02:30:00-05:00,2025-10-26 07:30:00+00:00,2025-10-26 02:45:00-05:00,2025-10-26 07:45:00+00:00,CR_RN,Resource Node,REAL_TIME_15_MIN,45.5
2025-10-26 02:30:00-05:00,2025-10-26 07:30:00+00:00,2025-10-26 02:45:00-05:00,2025-10-26 07:45:00+00:00,P2_DGR2_RN,Resource Node,REAL_TIME_15_MIN,45.74
2025-10-26 02:30:00-05:00,2025-10-26 07:30:00+00:00,2025-10-26 02:45:00-05:00,2025-10-26 07:45:00+00:00,PRCRK_RN,Resource Node,REAL_TIME_15_MIN,45.31
2025-10-26 02:45:00-05:00,2025-10-26 07:45:00+00:00,2025-10-26 03:00:00-05:00,2025-10-26 08:00:00+00:00,CR_RN,Resource Node,REAL_TIME_15_MIN,41.34
2025-10-26 02:45:00-05:00,2025-10-26 07:45:00+00:00,2025-10-26 03:00:00-05:00,2025-10-26 08:00:00+00:00,P2_DGR2_RN,Resource Node,REAL_TIME_15_MIN,41.07
2025-10-26 02:45:00-05:00,2025-10-26 07:45:00+00:00,2025-10-26 03:00:00-05:00,2025-10-26 08:00:00+00:00,PRCRK_RN,Resource Node,REAL_TIME_15_MIN,41.71
2025-10-26 03:00:00-05:00,2025-10-26 08:00:00+00:00,2025-10-26 03:15:00-05:00,2025-10-26 08:15:00+00:00,CR_RN,Resource Node,REAL_TIME_15_MIN,40.24
2025-10-26 03:00:00-05:00,2025-10-26 08:00:00+00:00,2025-10-26 03:15:00-05:00,2025-10-26 08:15:00+00:00,P2_DGR2_RN,Resource Node,REAL_TIME_15_MIN,40.03
2025-10-26 03:00:00-05:00,2025-10-26 08:00:00+00:00,2025-10-26 03:15:00-05:00,2025-10-26 08:15:00+00:00,PRCRK_RN,Resource Node,REAL_TIME_15_MIN,40.53
2025-10-26 03:15:00-05:00,2025-10-26 08:15:00+00:00,2025-10-26 03:30:00-05:00,2025-10-26 08:30:00+00:00,CR_RN,Resource Node,REAL_TIME_15_MIN,37.55
2025-10-26 03:15:00-05:00,2025-10-26 08:15:00+00:00,2025-10-26 03:30:00-05:00,2025-10-26 08:30:00+00:00,P2_DGR2_RN,Resource Node,REAL_TIME_15_MIN,37.54
2025-10-26 03:15:00-05:00,2025-10-26 08:15:00+00:00,2025-10-26 03:30:00-05:00,2025-10-26 08:30:00+00:00,PRCRK_RN,Resource Node,REAL_TIME_15_MIN,37.55
2025-10-26 03:30:00-05:00,2025-10-26 08:30:00+00:00,2025-10-26 03:45:00-05:00,2025-10-26 08:45:00+00:00,CR_RN,Resource Node,REAL_TIME_15_MIN,35.78
2025-10-26 03:30:00-05:00,2025-10-26 08:30:00+00:00,2025-10-26 03:45:00-05:00,2025-10-26 08:45:00+00:00,P2_DGR2_RN,Resource Node,REAL_TIME_15_MIN,35.78
2025-10-26 03:30:00-05:00,2025-10-26 08:30:00+00:00,2025-10-26 03:45:00-05:00,2025-10-26 08:45:00+00:00,PRCRK_RN,Resource Node,REAL_TIME_15_MIN,35.78
2025-10-26 03:45:00-05:00,2025-10-26 08:45:00+00:00,2025-10-26 04:00:00-05:00,2025-10-26 09:00:00+00:00,CR_RN,Resource Node,REAL_TIME_15_MIN,36.13
2025-10-26 03:45:00-05:00,2025-10-26 08:45:00+00:00,2025-10-26 04:00:00-05:00,2025-10-26 09:00:00+00:00,P2_DGR2_RN,Resource Node,REAL_TIME_15_MIN,36.13
2025-10-26 03:45:00-05:00,2025-10-26 08:45:00+00:00,2025-10-26 04:00:00-05:00,2025-10-26 09:00:00+00:00,PRCRK_RN,Resource Node,REAL_TIME_15_MIN,36.13
2025-10-26 04:00:00-05:00,2025-10-26 09:00:00+00:00,2025-10-26 04:15:00-05:00,2025-10-26 09:15:00+00:00,CR_RN,Resource Node,REAL_TIME_15_MIN,38.52
2025-10-26 04:00:00-05:00,2025-10-26 09:00:00+00:00,2025-10-26 04:15:00-05:00,2025-10-26 09:15:00+00:00,P2_DGR2_RN,Resource Node,REAL_TIME_15_MIN,38.52
2025-10-26 04:00:00-05:00,2025-10-26 09:00:00+00:00,2025-10-26 04:15:00-05:00,2025-10-26 09:15:00+00:00,PRCRK_RN,Resource Node,REAL_TIME_15_MIN,38.52
2025-10-26 04:15:00-05:00,2025-10-26 09:15:00+00:00,2025-10-26 04:30:00-05:00,2025-10-26 09:30:00+00:00,CR_RN,Resource Node,REAL_TIME_15_MIN,35.44
2025-10-26 04:15:00-05:00,2025-10-26 09:15:00+00:00,2025-10-26 04:30:00-05:00,2025-10-26 09:30:00+00:00,P2_DGR2_RN,Resource Node,REAL_TIME_15_MIN,35.44
2025-10-26 04:15:00-05:00,2025-10-26 09:15:00+00:00,2025-10-26 04:30:00-05:00,2025-10-26 09:30:00+00:00,PRCRK_RN,Resource Node,REAL_TIME_15_MIN,35.44
2025-10-26 04:30:00-05:00,2025-10-26 09:30:00+00:00,2025-10-26 04:45:00-05:00,2025-10-26 09:45:00+00:00,CR_RN,Resource Node,REAL_TIME_15_MIN,34.81
2025-10-26 04:30:00-05:00,2025-10-26 09:30:00+00:00,2025-10-26 04:45:00-05:00,2025-10-26 09:45:00+00:00,P2_DGR2_RN,Resource Node,REAL_TIME_15_MIN,34.81
2025-10-26 04:30:00-05:00,2025-10-26 09:30:00+00:00,2025-10-26 04:45:00-05:00,2025-10-26 09:45:00+00:00,PRCRK_RN,Resource Node,REAL_TIME_15_MIN,34.81
2025-10-26 04:45:00-05:00,2025-10-26 09:45:00+00:00,2025-10-26 05:00:00-05:00,2025-10-26 10:00:00+00:00,CR_RN,Resource Node,REAL_TIME_15_MIN,32.81
2025-10-26 04:45:00-05:00,2025-10-26 09:45:00+00:00,2025-10-26 05:00:00-05:00,2025-10-26 10:00:00+00:00,P2_DGR2_RN,Resource Node,REAL_TIME_15_MIN,32.81
2025-10-26 04:45:00-05:00,2025-10-26 09:45:00+00:00,2025-10-26 05:00:00-05:00,2025-10-26 10:00:00+00:00,PRCRK_RN,Resource Node,REAL_TIME_15_MIN,32.81
2025-10-26 05:00:00-05:00,2025-10-26 10:00:00+00:00,2025-10-26 05:15:00-05:00,2025-10-26 10:15:00+00:00,CR_RN,Resource Node,REAL_TIME_15_MIN,33.88
2025-10-26 05:00:00-05:00,2025-10-26 10:00:00+00:00,2025-10-26 05:15:00-05:00,2025-10-26 10:15:00+00:00,P2_DGR2_RN,Resource Node,REAL_TIME_15_MIN,33.88
2025-10-26 05:00:00-05:00,2025-10-26 10:00:00+00:00,2025-10-26 05:15:00-05:00,2025-10-26 10:15:00+00:00,PRCRK_RN,Resource Node,REAL_TIME_15_MIN,33.88
2025-10-26 05:15:00-05:00,2025-10-26 10:15:00+00:00,2025-10-26 05:30:00-05:00,2025-10-26 10:30:00+00:00,CR_RN,Resource Node,REAL_TIME_15_MIN,31.52
2025-10-26 05:15:00-05:00,2025-10-26 10:15:00+00:00,2025-10-26 05:30:00-05:00,2025-10-26 10:30:00+00:00,P2_DGR2_RN,Resource Node,REAL_TIME_15_MIN,31.52
2025-10-26 05:15:00-05:00,2025-10-26 10:15:00+00:00,2025-10-26 05:30:00-05:00,2025-10-26 10:30:00+00:00,PRCRK_RN,Resource Node,REAL_TIME_15_MIN,31.52
2025-10-26 05:30:00-05:00,2025-10-26 10:30:00+00:00,2025-10-26 05:45:00-05:00,2025-10-26 10:45:00+00:00,CR_RN,Resource Node,REAL_TIME_15_MIN,31.85
2025-10-26 05:30:00-05:00,2025-10-26 10:30:00+00:00,2025-10-26 05:45:00-05:00,2025-10-26 10:45:00+00:00,P2_DGR2_RN,Resource Node,REAL_TIME_15_MIN,31.73
2025-10-26 05:30:00-05:00,2025-10-26 10:30:00+00:00,2025-10-26 05:45:00-05:00,2025-10-26 10:45:00+00:00,PRCRK_RN,Resource Node,REAL_TIME_15_MIN,32.01
2025-10-26 05:45:00-05:00,2025-10-26 10:45:00+00:00,2025-10-26 06:00:00-05:00,2025-10-26 11:00:00+00:00,CR_RN,Resource Node,REAL_TIME_15_MIN,32.88
2025-10-26 05:45:00-05:00,2025-10-26 10:45:00+00:00,2025-10-26 06:00:00-05:00,2025-10-26 11:00:00+00:00,P2_DGR2_RN,Resource Node,REAL_TIME_15_MIN,32.6
2025-10-26 05:45:00-05:00,2025-10-26 10:45:00+00:00,2025-10-26 06:00:00-05:00,2025-10-26 11:00:00+00:00,PRCRK_RN,Resource Node,REAL_TIME_15_MIN,33.26
2025-10-26 06:00:00-05:00,2025-10-26 11:00:00+00:00,2025-10-26 06:15:00-05:00,2025-10-26 11:15:00+00:00,CR_RN,Resource Node,REAL_TIME_15_MIN,36.3
2025-10-26 06:00:00-05:00,2025-10-26 11:00:00+00:00,2025-10-26 06:15:00-05:00,2025-10-26 11:15:00+00:00,P2_DGR2_RN,Resource Node,REAL_TIME_15_MIN,36.03
2025-10-26 06:00:00-05:00,2025-10-26 11:00:00+00:00,2025-10-26 06:15:00-05:00,2025-10-26 11:15:00+00:00,PRCRK_RN,Resource Node,REAL_TIME_15_MIN,36.69
2025-10-26 06:15:00-05:00,2025-10-26 11:15:00+00:00,2025-10-26 06:30:00-05:00,2025-10-26 11:30:00+00:00,CR_RN,Resource Node,REAL_TIME_15_MIN,34.59
2025-10-26 06:15:00-05:00,2025-10-26 11:15:00+00:00,2025-10-26 06:30:00-05:00,2025-10-26 11:30:00+00:00,P2_DGR2_RN,Resource Node,REAL_TIME_15_MIN,34.28
2025-10-26 06:15:00-05:00,2025-10-26 11:15:00+00:00,2025-10-26 06:30:00-05:00,2025-10-26 11:30:00+00:00,PRCRK_RN,Resource Node,REAL_TIME_15_MIN,35.04
2025-10-26 06:30:00-05:00,2025-10-26 11:30:00+00:00,2025-10-26 06:45:00-05:00,2025-10-26 11:45:00+00:00,CR_RN,Resource Node,REAL_TIME_15_MIN,34.79
2025-10-26 06:30:00-05:00,2025-10-26 11:30:00+00:00,2025-10-26 06:45:00-05:00,2025-10-26 11:45:00+00:00,P2_DGR2_RN,Resource Node,REAL_TIME_15_MIN,34.55
2025-10-26 06:30:00-05:00,2025-10-26 11:30:00+00:00,2025-10-26 06:45:00-05:00,2025-10-26 11:45:00+00:00,PRCRK_RN,Resource Node,REAL_TIME_15_MIN,35.11
2025-10-26 06:45:00-05:00,2025-10-26 11:45:00+00:00,2025-10-26 07:00:00-05:00,2025-10-26 12:00:00+00:00,CR_RN,Resource Node,REAL_TIME_15_MIN,35.97
2025-10-26 06:45:00-05:00,2025-10-26 11:45:00+00:00,2025-10-26 07:00:00-05:00,2025-10-26 12:00:00+00:00,P2_DGR2_RN,Resource Node,REAL_TIME_15_MIN,35.84
2025-10-26 06:45:00-05:00,2025-10-26 11:45:00+00:00,2025-10-26 07:00:00-05:00,2025-10-26 12:00:00+00:00,PRCRK_RN,Resource Node,REAL_TIME_15_MIN,36.14
2025-10-26 07:00:00-05:00,2025-10-26 12:00:00+00:00,2025-10-26 07:15:00-05:00,2025-10-26 12:15:00+00:00,CR_RN,Resource Node,REAL_TIME_15_MIN,42.85
2025-10-26 07:00:00-05:00,2025-10-26 12:00:00+00:00,2025-10-26 07:15:00-05:00,2025-10-26 12:15:00+00:00,P2_DGR2_RN,Resource Node,REAL_TIME_15_MIN,42.85
2025-10-26 07:00:00-05:00,2025-10-26 12:00:00+00:00,2025-10-26 07:15:00-05:00,2025-10-26 12:15:00+00:00,PRCRK_RN,Resource Node,REAL_TIME_15_MIN,42.85
2025-10-26 07:15:00-05:00,2025-10-26 12:15:00+00:00,2025-10-26 07:30:00-05:00,2025-10-26 12:30:00+00:00,CR_RN,Resource Node,REAL_TIME_15_MIN,46.22
2025-10-26 07:15:00-05:00,2025-10-26 12:15:00+00:00,2025-10-26 07:30:00-05:00,2025-10-26 12:30:00+00:00,P2_DGR2_RN,Resource Node,REAL_TIME_15_MIN,46.22
2025-10-26 07:15:00-05:00,2025-10-26 12:15:00+00:00,2025-10-26 07:30:00-05:00,2025-10-26 12:30:00+00:00,PRCRK_RN,Resource Node,REAL_TIME_15_MIN,46.22
2025-10-26 07:30:00-05:00,2025-10-26 12:30:00+00:00,2025-10-26 07:45:00-05:00,2025-10-26 12:45:00+00:00,CR_RN,Resource Node,REAL_TIME_15_MIN,48.45
2025-10-26 07:30:00-05:00,2025-10-26 12:30:00+00:00,2025-10-26 07:45:00-05:00,2025-10-26 12:45:00+00:00,P2_DGR2_RN,Resource Node,REAL_TIME_15_MIN,48.45
2025-10-26 07:30:00-05:00,2025-10-26 12:30:00+00:00,2025-10-26 07:45:00-05:00,2025-10-26 12:45:00+00:00,PRCRK_RN,Resource Node,REAL_TIME_15_MIN,48.45
2025-10-26 07:45:00-05:00,2025-10-26 12:45:00+00:00,2025-10-26 08:00:00-05:00,2025-10-26 13:00:00+00:00,CR_RN,Resource Node,REAL_TIME_15_MIN,49.75
2025-10-26 07:45:00-05:00,2025-10-26 12:45:00+00:00,2025-10-26 08:00:00-05:00,2025-10-26 13:00:00+00:00,P2_DGR2_RN,Resource Node,REAL_TIME_15_MIN,49.75
2025-10-26 07:45:00-05:00,2025-10-26 12:45:00+00:00,2025-10-26 08:00:00-05:00,2025-10-26 13:00:00+00:00,PRCRK_RN,Resource Node,REAL_TIME_15_MIN,49.75
2025-10-26 08:00:00-05:00,2025-10-26 13:00:00+00:00,2025-10-26 08:15:00-05:00,2025-10-26 13:15:00+00:00,CR_RN,Resource Node,REAL_TIME_15_MIN,50.36
2025-10-26 08:00:00-05:00,2025-10-26 13:00:00+00:00,2025-10-26 08:15:00-05:00,2025-10-26 13:15:00+00:00,P2_DGR2_RN,Resource Node,REAL_TIME_15_MIN,50.36
2025-10-26 08:00:00-05:00,2025-10-26 13:00:00+00:00,2025-10-26 08:15:00-05:00,2025-10-26 13:15:00+00:00,PRCRK_RN,Resource Node,REAL_TIME_15_MIN,50.36
2025-10-26 08:15:00-05:00,2025-10-26 13:15:00+00:00,2025-10-26 08:30:00-05:00,2025-10-26 13:30:00+00:00,CR_RN,Resource Node,REAL_TIME_15_MIN,40.95
2025-10-26 08:15:00-05:00,2025-10-26 13:15:00+00:00,2025-10-26 08:30:00-05:00,2025-10-26 13:30:00+00:00,P2_DGR2_RN,Resource Node,REAL_TIME_15_MIN,40.95
2025-10-26 08:15:00-05:00,2025-10-26 13:15:00+00:00,2025-10-26 08:30:00-05:00,2025-10-26 13:30:00+00:00,PRCRK_RN,Resource Node,REAL_TIME_15_MIN,40.95
2025-10-26 08:30:00-05:00,2025-10-26 13:30:00+00:00,2025-10-26 08:45:00-05:00,2025-10-26 13:45:00+00:00,CR_RN,Resource Node,REAL_TIME_15_MIN,31.57
2025-10-26 08:30:00-05:00,2025-10-26 13:30:00+00:00,2025-10-26 08:45:00-05:00,2025-10-26 13:45:00+00:00,P2_DGR2_RN,Resource Node,REAL_TIME_15_MIN,31.57
2025-10-26 08:30:00-05:00,2025-10-26 13:30:00+00:00,2025-10-26 08:45:00-05:00,2025-10-26 13:45:00+00:00,PRCRK_RN,Resource Node,REAL_TIME_15_MIN,31.57
2025-10-26 08:45:00-05:00,2025-10-26 13:45:00+00:00,2025-10-26 09:00:00-05:00,2025-10-26 14:00:00+00:00,CR_RN,Resource Node,REAL_TIME_15_MIN,29.54
2025-10-26 08:45:00-05:00,2025-10-26 13:45:00+00:00,2025-10-26 09:00:00-05:00,2025-10-26 14:00:00+00:00,P2_DGR2_RN,Resource Node,REAL_TIME_15_MIN,29.54
2025-10-26 08:45:00-05:00,2025-10-26 13:45:00+00:00,2025-10-26 09:00:00-05:00,2025-10-26 14:00:00+00:00,PRCRK_RN,Resource Node,REAL_TIME_15_MIN,29.54
2025-10-26 09:00:00-05:00,2025-10-26 14:00:00+00:00,2025-10-26 09:15:00-05:00,2025-10-26 14:15:00+00:00,CR_RN,Resource Node,REAL_TIME_15_MIN,30.5
2025-10-26 09:00:00-05:00,2025-10-26 14:00:00+00:00,2025-10-26 09:15:00-05:00,2025-10-26 14:15:00+00:00,P2_DGR2_RN,Resource Node,REAL_TIME_15_MIN,30.5
2025-10-26 09:00:00-05:00,2025-10-26 14:00:00+00:00,2025-10-26 09:15:00-05:00,2025-10-26 14:15:00+00:00,PRCRK_RN,Resource Node,REAL_TIME_15_MIN,30.5
2025-10-26 09:15:00-05:00,2025-10-26 14:15:00+00:00,2025-10-26 09:30:00-05:00,2025-10-26 14:30:00+00:00,CR_RN,Resource Node,REAL_TIME_15_MIN,29.35
2025-10-26 09:15:00-05:00,2025-10-26 14:15:00+00:00,2025-10-26 09:30:00-05:00,2025-10-26 14:30:00+00:00,P2_DGR2_RN,Resource Node,REAL_TIME_15_MIN,29.35
2025-10-26 09:15:00-05:00,2025-10-26 14:15:00+00:00,2025-10-26 09:30:00-05:00,2025-10-26 14:30:00+00:00,PRCRK_RN,Resource Node,REAL_TIME_15_MIN,29.35
2025-10-26 09:30:00-05:00,2025-10-26 14:30:00+00:00,2025-10-26 09:45:00-05:00,2025-10-26 14:45:00+00:00,CR_RN,Resource Node,REAL_TIME_15_MIN,28.55
2025-10-26 09:30:00-05:00,2025-10-26 14:30:00+00:00,2025-10-26 09:45:00-05:00,2025-10-26 14:45:00+00:00,P2_DGR2_RN,Resource Node,REAL_TIME_15_MIN,28.55
2025-10-26 09:30:00-05:00,2025-10-26 14:30:00+00:00,2025-10-26 09:45:00-05:00,2025-10-26 14:45:00+00:00,PRCRK_RN,Resource Node,REAL_TIME_15_MIN,28.55
2025-10-26 09:45:00-05:00,2025-10-26 14:45:00+00:00,2025-10-26 10:00:00-05:00,2025-10-26 15:00:00+00:00,CR_RN,Resource Node,REAL_TIME_15_MIN,28.7
2025-10-26 09:45:00-05:00,2025-10-26 14:45:00+00:00,2025-10-26 10:00:00-05:00,2025-10-26 15:00:00+00:00,P2_DGR2_RN,Resource Node,REAL_TIME_15_MIN,28.7
2025-10-26 09:45:00-05:00,2025-10-26 14:45:00+00:00,2025-10-26 10:00:00-05:00,2025-10-26 15:00:00+00:00,PRCRK_RN,Resource Node,REAL_TIME_15_MIN,28.7
2025-10-26 10:00:00-05:00,2025-10-26 15:00:00+00:00,2025-10-26 10:15:00-05:00,2025-10-26 15:15:00+00:00,CR_RN,Resource Node,REAL_TIME_15_MIN,30.26
2025-10-26 10:00:00-05:00,2025-10-26 15:00:00+00:00,2025-10-26 10:15:00-05:00,2025-10-26 15:15:00+00:00,P2_DGR2_RN,Resource Node,REAL_TIME_15_MIN,30.26
2025-10-26 10:00:00-05:00,2025-10-26 15:00:00+00:00,2025-10-26 10:15:00-05:00,2025-10-26 15:15:00+00:00,PRCRK_RN,Resource Node,REAL_TIME_15_MIN,30.26
2025-10-26 10:15:00-05:00,2025-10-26 15:15:00+00:00,2025-10-26 10:30:00-05:00,2025-10-26 15:30:00+00:00,CR_RN,Resource Node,REAL_TIME_15_MIN,30.67
2025-10-26 10:15:00-05:00,2025-10-26 15:15:00+00:00,2025-10-26 10:30:00-05:00,2025-10-26 15:30:00+00:00,P2_DGR2_RN,Resource Node,REAL_TIME_15_MIN,30.67
2025-10-26 10:15:00-05:00,2025-10-26 15:15:00+00:00,2025-10-26 10:30:00-05:00,2025-10-26 15:30:00+00:00,PRCRK_RN,Resource Node,REAL_TIME_15_MIN,30.67
2025-10-26 10:30:00-05:00,2025-10-26 15:30:00+00:00,2025-10-26 10:45:00-05:00,2025-10-26 15:45:00+00:00,CR_RN,Resource Node,REAL_TIME_15_MIN,30.39
2025-10-26 10:30:00-05:00,2025-10-26 15:30:00+00:00,2025-10-26 10:45:00-05:00,2025-10-26 15:45:00+00:00,P2_DGR2_RN,Resource Node,REAL_TIME_15_MIN,30.39
2025-10-26 10:30:00-05:00,2025-10-26 15:30:00+00:00,2025-10-26 10:45:00-05:00,2025-10-26 15:45:00+00:00,PRCRK_RN,Resource Node,REAL_TIME_15_MIN,30.39
2025-10-26 10:45:00-05:00,2025-10-26 15:45:00+00:00,2025-10-26 11:00:00-05:00,2025-10-26 16:00:00+00:00,CR_RN,Resource Node,REAL_TIME_15_MIN,30.05
2025-10-26 10:45:00-05:00,2025-10-26 15:45:00+00:00,2025-10-26 11:00:00-05:00,2025-10-26 16:00:00+00:00,P2_DGR2_RN,Resource Node,REAL_TIME_15_MIN,30.05
2025-10-26 10:45:00-05:00,2025-10-26 15:45:00+00:00,2025-10-26 11:00:00-05:00,2025-10-26 16:00:00+00:00,PRCRK_RN,Resource Node,REAL_TIME_15_MIN,30.05
2025-10-26 11:00:00-05:00,2025-10-26 16:00:00+00:00,2025-10-26 11:15:00-05:00,2025-10-26 16:15:00+00:00,CR_RN,Resource Node,REAL_TIME_15_MIN,32.26
2025-10-26 11:00:00-05:00,2025-10-26 16:00:00+00:00,2025-10-26 11:15:00-05:00,2025-10-26 16:15:00+00:00,P2_DGR2_RN,Resource Node,REAL_TIME_15_MIN,32.26
2025-10-26 11:00:00-05:00,2025-10-26 16:00:00+00:00,2025-10-26 11:15:00-05:00,2025-10-26 16:15:00+00:00,PRCRK_RN,Resource Node,REAL_TIME_15_MIN,32.26
2025-10-26 11:15:00-05:00,2025-10-26 16:15:00+00:00,2025-10-26 11:30:00-05:00,2025-10-26 16:30:00+00:00,CR_RN,Resource Node,REAL_TIME_15_MIN,30.21
2025-10-26 11:15:00-05:00,2025-10-26 16:15:00+00:00,2025-10-26 11:30:00-05:00,2025-10-26 16:30:00+00:00,P2_DGR2_RN,Resource Node,REAL_TIME_15_MIN,30.21
2025-10-26 11:15:00-05:00,2025-10-26 16:15:00+00:00,2025-10-26 11:30:00-05:00,2025-10-26 16:30:00+00:00,PRCRK_RN,Resource Node,REAL_TIME_15_MIN,30.21
2025-10-26 11:30:00-05:00,2025-10-26 16:30:00+00:00,2025-10-26 11:45:00-05:00,2025-10-26 16:45:00+00:00,CR_RN,Resource Node,REAL_TIME_15_MIN,29.56
2025-10-26 11:30:00-05:00,2025-10-26 16:30:00+00:00,2025-10-26 11:45:00-05:00,2025-10-26 16:45:00+00:00,P2_DGR2_RN,Resource Node,REAL_TIME_15_MIN,29.56
2025-10-26 11:30:00-05:00,2025-10-26 16:30:00+00:00,2025-10-26 11:45:00-05:00,2025-10-26 16:45:00+00:00,PRCRK_RN,Resource Node,REAL_TIME_15_MIN,29.56
2025-10-26 11:45:00-05:00,2025-10-26 16:45:00+00:00,2025-10-26 12:00:00-05:00,2025-10-26 17:00:00+00:00,CR_RN,Resource Node,REAL_TIME_15_MIN,29.63
2025-10-26 11:45:00-05:00,2025-10-26 16:45:00+00:00,2025-10-26 12:00:00-05:00,2025-10-26 17:00:00+00:00,P2_DGR2_RN,Resource Node,REAL_TIME_15_MIN,29.63
2025-10-26 11:45:00-05:00,2025-10-26 16:45:00+00:00,2025-10-26 12:00:00-05:00,2025-10-26 17:00:00+00:00,PRCRK_RN,Resource Node,REAL_TIME_15_MIN,29.63
2025-10-26 12:00:00-05:00,2025-10-26 17:00:00+00:00,2025-10-26 12:15:00-05:00,2025-10-26 17:15:00+00:00,CR_RN,Resource Node,REAL_TIME_15_MIN,33.98
2025-10-26 12:00:00-05:00,2025-10-26 17:00:00+00:00,2025-10-26 12:15:00-05:00,2025-10-26 17:15:00+00:00,P2_DGR2_RN,Resource Node,REAL_TIME_15_MIN,33.98
2025-10-26 12:00:00-05:00,2025-10-26 17:00:00+00:00,2025-10-26 12:15:00-05:00,2025-10-26 17:15:00+00:00,PRCRK_RN,Resource Node,REAL_TIME_15_MIN,33.98
2025-10-26 12:15:00-05:00,2025-10-26 17:15:00+00:00,2025-10-26 12:30:00-05:00,2025-10-26 17:30:00+00:00,CR_RN,Resource Node,REAL_TIME_15_MIN,33.85
2025-10-26 12:15:00-05:00,2025-10-26 17:15:00+00:00,2025-10-26 12:30:00-05:00,2025-10-26 17:30:00+00:00,P2_DGR2_RN,Resource Node,REAL_TIME_15_MIN,33.85
2025-10-26 12:15:00-05:00,2025-10-26 17:15:00+00:00,2025-10-26 12:30:00-05:00,2025-10-26 17:30:00+00:00,PRCRK_RN,Resource Node,REAL_TIME_15_MIN,33.85
2025-10-26 12:30:00-05:00,2025-10-26 17:30:00+00:00,2025-10-26 12:45:00-05:00,2025-10-26 17:45:00+00:00,CR_RN,Resource Node,REAL_TIME_15_MIN,32.49
2025-10-26 12:30:00-05:00,2025-10-26 17:30:00+00:00,2025-10-26 12:45:00-05:00,2025-10-26 17:45:00+00:00,P2_DGR2_RN,Resource Node,REAL_TIME_15_MIN,32.49
2025-10-26 12:30:00-05:00,2025-10-26 17:30:00+00:00,2025-10-26 12:45:00-05:00,2025-10-26 17:45:00+00:00,PRCRK_RN,Resource Node,REAL_TIME_15_MIN,32.49
2025-10-26 12:45:00-05:00,2025-10-26 17:45:00+00:00,2025-10-26 13:00:00-05:00,2025-10-26 18:00:00+00:00,CR_RN,Resource Node,REAL_TIME_15_MIN,32.57
2025-10-26 12:45:00-05:00,2025-10-26 17:45:00+00:00,2025-10-26 13:00:00-05:00,2025-10-26 18:00:00+00:00,P2_DGR2_RN,Resource Node,REAL_TIME_15_MIN,32.57
2025-10-26 12:45:00-05:00,2025-10-26 17:45:00+00:00,2025-10-26 13:00:00-05:00,2025-10-26 18:00:00+00:00,PRCRK_RN,Resource Node,REAL_TIME_15_MIN,32.57
2025-10-26 13:00:00-05:00,2025-10-26 18:00:00+00:00,2025-10-26 13:15:00-05:00,2025-10-26 18:15:00+00:00,CR_RN,Resource Node,REAL_TIME_15_MIN,28.01
2025-10-26 13:00:00-05:00,2025-10-26 18:00:00+00:00,2025-10-26 13:15:00-05:00,2025-10-26 18:15:00+00:00,P2_DGR2_RN,Resource Node,REAL_TIME_15_MIN,28.01
2025-10-26 13:00:00-05:00,2025-10-26 18:00:00+00:00,2025-10-26 13:15:00-05:00,2025-10-26 18:15:00+00:00,PRCRK_RN,Resource Node,REAL_TIME_15_MIN,28.01
2025-10-26 13:15:00-05:00,2025-10-26 18:15:00+00:00,2025-10-26 13:30:00-05:00,2025-10-26 18:30:00+00:00,CR_RN,Resource Node,REAL_TIME_15_MIN,27.09
2025-10-26 13:15:00-05:00,2025-10-26 18:15:00+00:00,2025-10-26 13:30:00-05:00,2025-10-26 18:30:00+00:00,P2_DGR2_RN,Resource Node,REAL_TIME_15_MIN,27.09
2025-10-26 13:15:00-05:00,2025-10-26 18:15:00+00:00,2025-10-26 13:30:00-05:00,2025-10-26 18:30:00+00:00,PRCRK_RN,Resource Node,REAL_TIME_15_MIN,27.09
2025-10-26 13:30:00-05:00,2025-10-26 18:30:00+00:00,2025-10-26 13:45:00-05:00,2025-10-26 18:45:00+00:00,CR_RN,Resource Node,REAL_TIME_15_MIN,27.21
2025-10-26 13:30:00-05:00,2025-10-26 18:30:00+00:00,2025-10-26 13:45:00-05:00,2025-10-26 18:45:00+00:00,P2_DGR2_RN,Resource Node,REAL_TIME_15_MIN,27.21
2025-10-26 13:30:00-05:00,2025-10-26 18:30:00+00:00,2025-10-26 13:45:00-05:00,2025-10-26 18:45:00+00:00,PRCRK_RN,Resource Node,REAL_TIME_15_MIN,27.21
2025-10-26 13:45:00-05:00,2025-10-26 18:45:00+00:00,2025-10-26 14:00:00-05:00,2025-10-26 19:00:00+00:00,CR_RN,Resource Node,REAL_TIME_15_MIN,26.77
2025-10-26 13:45:00-05:00,2025-10-26 18:45:00+00:00,2025-10-26 14:00:00-05:00,2025-10-26 19:00:00+00:00,P2_DGR2_RN,Resource Node,REAL_TIME_15_MIN,26.79
2025-10-26 13:45:00-05:00,2025-10-26 18:45:00+00:00,2025-10-26 14:00:00-05:00,2025-10-26 19:00:00+00:00,PRCRK_RN,Resource Node,REAL_TIME_15_MIN,26.78
2025-10-26 14:00:00-05:00,2025-10-26 19:00:00+00:00,2025-10-26 14:15:00-05:00,2025-10-26 19:15:00+00:00,CR_RN,Resource Node,REAL_TIME_15_MIN,25.76
2025-10-26 14:00:00-05:00,2025-10-26 19:00:00+00:00,2025-10-26 14:15:00-05:00,2025-10-26 19:15:00+00:00,P2_DGR2_RN,Resource Node,REAL_TIME_15_MIN,25.76
2025-10-26 14:00:00-05:00,2025-10-26 19:00:00+00:00,2025-10-26 14:15:00-05:00,2025-10-26 19:15:00+00:00,PRCRK_RN,Resource Node,REAL_TIME_15_MIN,25.76
2025-10-26 14:15:00-05:00,2025-10-26 19:15:00+00:00,2025-10-26 14:30:00-05:00,2025-10-26 19:30:00+00:00,CR_RN,Resource Node,REAL_TIME_15_MIN,25.31
2025-10-26 14:15:00-05:00,2025-10-26 19:15:00+00:00,2025-10-26 14:30:00-05:00,2025-10-26 19:30:00+00:00,P2_DGR2_RN,Resource Node,REAL_TIME_15_MIN,25.31
2025-10-26 14:15:00-05:00,2025-10-26 19:15:00+00:00,2025-10-26 14:30:00-05:00,2025-10-26 19:30:00+00:00,PRCRK_RN,Resource Node,REAL_TIME_15_MIN,25.31
2025-10-26 14:30:00-05:00,2025-10-26 19:30:00+00:00,2025-10-26 14:45:00-05:00,2025-10-26 19:45:00+00:00,CR_RN,Resource Node,REAL_TIME_15_MIN,25.86
2025-10-26 14:30:00-05:00,2025-10-26 19:30:00+00:00,2025-10-26 14:45:00-05:00,2025-10-26 19:45:00+00:00,P2_DGR2_RN,Resource Node,REAL_TIME_15_MIN,26.22
2025-10-26 14:30:00-05:00,2025-10-26 19:30:00+00:00,2025-10-26 14:45:00-05:00,2025-10-26 19:45:00+00:00,PRCRK_RN,Resource Node,REAL_TIME_15_MIN,25.62
2025-10-26 14:45:00-05:00,2025-10-26 19:45:00+00:00,2025-10-26 15:00:00-05:00,2025-10-26 20:00:00+00:00,CR_RN,Resource Node,REAL_TIME_15_MIN,25.0
2025-10-26 14:45:00-05:00,2025-10-26 19:45:00+00:00,2025-10-26 15:00:00-05:00,2025-10-26 20:00:00+00:00,P2_DGR2_RN,Resource Node,REAL_TIME_15_MIN,26.56
2025-10-26 14:45:00-05:00,2025-10-26 19:45:00+00:00,2025-10-26 15:00:00-05:00,2025-10-26 20:00:00+00:00,PRCRK_RN,Resource Node,REAL_TIME_15_MIN,23.91
2025-10-26 15:00:00-05:00,2025-10-26 20:00:00+00:00,2025-10-26 15:15:00-05:00,2025-10-26 20:15:00+00:00,CR_RN,Resource Node,REAL_TIME_15_MIN,26.67
2025-10-26 15:00:00-05:00,2025-10-26 20:00:00+00:00,2025-10-26 15:15:00-05:00,2025-10-26 20:15:00+00:00,P2_DGR2_RN,Resource Node,REAL_TIME_15_MIN,30.71
2025-10-26 15:00:00-05:00,2025-10-26 20:00:00+00:00,2025-10-26 15:15:00-05:00,2025-10-26 20:15:00+00:00,PRCRK_RN,Resource Node,REAL_TIME_15_MIN,23.8
2025-10-26 15:15:00-05:00,2025-10-26 20:15:00+00:00,2025-10-26 15:30:00-05:00,2025-10-26 20:30:00+00:00,CR_RN,Resource Node,REAL_TIME_15_MIN,26.92
2025-10-26 15:15:00-05:00,2025-10-26 20:15:00+00:00,2025-10-26 15:30:00-05:00,2025-10-26 20:30:00+00:00,P2_DGR2_RN,Resource Node,REAL_TIME_15_MIN,32.16
2025-10-26 15:15:00-05:00,2025-10-26 20:15:00+00:00,2025-10-26 15:30:00-05:00,2025-10-26 20:30:00+00:00,PRCRK_RN,Resource Node,REAL_TIME_15_MIN,23.18
2025-10-26 15:30:00-05:00,2025-10-26 20:30:00+00:00,2025-10-26 15:45:00-05:00,2025-10-26 20:45:00+00:00,CR_RN,Resource Node,REAL_TIME_15_MIN,32.3
2025-10-26 15:30:00-05:00,2025-10-26 20:30:00+00:00,2025-10-26 15:45:00-05:00,2025-10-26 20:45:00+00:00,P2_DGR2_RN,Resource Node,REAL_TIME_15_MIN,44.41
2025-10-26 15:30:00-05:00,2025-10-26 20:30:00+00:00,2025-10-26 15:45:00-05:00,2025-10-26 20:45:00+00:00,PRCRK_RN,Resource Node,REAL_TIME_15_MIN,23.69
2025-10-26 15:45:00-05:00,2025-10-26 20:45:00+00:00,2025-10-26 16:00:00-05:00,2025-10-26 21:00:00+00:00,CR_RN,Resource Node,REAL_TIME_15_MIN,30.67
2025-10-26 15:45:00-05:00,2025-10-26 20:45:00+00:00,2025-10-26 16:00:00-05:00,2025-10-26 21:00:00+00:00,P2_DGR2_RN,Resource Node,REAL_TIME_15_MIN,41.52
2025-10-26 15:45:00-05:00,2025-10-26 20:45:00+00:00,2025-10-26 16:00:00-05:00,2025-10-26 21:00:00+00:00,PRCRK_RN,Resource Node,REAL_TIME_15_MIN,22.96
2025-10-26 16:00:00-05:00,2025-10-26 21:00:00+00:00,2025-10-26 16:15:00-05:00,2025-10-26 21:15:00+00:00,CR_RN,Resource Node,REAL_TIME_15_MIN,25.78
2025-10-26 16:00:00-05:00,2025-10-26 21:00:00+00:00,2025-10-26 16:15:00-05:00,2025-10-26 21:15:00+00:00,P2_DGR2_RN,Resource Node,REAL_TIME_15_MIN,30.3
2025-10-26 16:00:00-05:00,2025-10-26 21:00:00+00:00,2025-10-26 16:15:00-05:00,2025-10-26 21:15:00+00:00,PRCRK_RN,Resource Node,REAL_TIME_15_MIN,22.56
2025-10-26 16:15:00-05:00,2025-10-26 21:15:00+00:00,2025-10-26 16:30:00-05:00,2025-10-26 21:30:00+00:00,CR_RN,Resource Node,REAL_TIME_15_MIN,24.83
2025-10-26 16:15:00-05:00,2025-10-26 21:15:00+00:00,2025-10-26 16:30:00-05:00,2025-10-26 21:30:00+00:00,P2_DGR2_RN,Resource Node,REAL_TIME_15_MIN,26.93
2025-10-26 16:15:00-05:00,2025-10-26 21:15:00+00:00,2025-10-26 16:30:00-05:00,2025-10-26 21:30:00+00:00,PRCRK_RN,Resource Node,REAL_TIME_15_MIN,23.34
2025-10-26 16:30:00-05:00,2025-10-26 21:30:00+00:00,2025-10-26 16:45:00-05:00,2025-10-26 21:45:00+00:00,CR_RN,Resource Node,REAL_TIME_15_MIN,27.97
2025-10-26 16:30:00-05:00,2025-10-26 21:30:00+00:00,2025-10-26 16:45:00-05:00,2025-10-26 21:45:00+00:00,P2_DGR2_RN,Resource Node,REAL_TIME_15_MIN,30.35
2025-10-26 16:30:00-05:00,2025-10-26 21:30:00+00:00,2025-10-26 16:45:00-05:00,2025-10-26 21:45:00+00:00,PRCRK_RN,Resource Node,REAL_TIME_15_MIN,26.27
2025-10-26 16:45:00-05:00,2025-10-26 21:45:00+00:00,2025-10-26 17:00:00-05:00,2025-10-26 22:00:00+00:00,CR_RN,Resource Node,REAL_TIME_15_MIN,32.44
2025-10-26 16:45:00-05:00,2025-10-26 21:45:00+00:00,2025-10-26 17:00:00-05:00,2025-10-26 22:00:00+00:00,P2_DGR2_RN,Resource Node,REAL_TIME_15_MIN,32.76
2025-10-26 16:45:00-05:00,2025-10-26 21:45:00+00:00,2025-10-26 17:00:00-05:00,2025-10-26 22:00:00+00:00,PRCRK_RN,Resource Node,REAL_TIME_15_MIN,32.22
2025-10-26 17:00:00-05:00,2025-10-26 22:00:00+00:00,2025-10-26 17:15:00-05:00,2025-10-26 22:15:00+00:00,CR_RN,Resource Node,REAL_TIME_15_MIN,39.87
2025-10-26 17:00:00-05:00,2025-10-26 22:00:00+00:00,2025-10-26 17:15:00-05:00,2025-10-26 22:15:00+00:00,P2_DGR2_RN,Resource Node,REAL_TIME_15_MIN,49.74
2025-10-26 17:00:00-05:00,2025-10-26 22:00:00+00:00,2025-10-26 17:15:00-05:00,2025-10-26 22:15:00+00:00,PRCRK_RN,Resource Node,REAL_TIME_15_MIN,32.85
2025-10-26 17:15:00-05:00,2025-10-26 22:15:00+00:00,2025-10-26 17:30:00-05:00,2025-10-26 22:30:00+00:00,CR_RN,Resource Node,REAL_TIME_15_MIN,55.65
2025-10-26 17:15:00-05:00,2025-10-26 22:15:00+00:00,2025-10-26 17:30:00-05:00,2025-10-26 22:30:00+00:00,P2_DGR2_RN,Resource Node,REAL_TIME_15_MIN,66.94
2025-10-26 17:15:00-05:00,2025-10-26 22:15:00+00:00,2025-10-26 17:30:00-05:00,2025-10-26 22:30:00+00:00,PRCRK_RN,Resource Node,REAL_TIME_15_MIN,47.62
2025-10-26 17:30:00-05:00,2025-10-26 22:30:00+00:00,2025-10-26 17:45:00-05:00,2025-10-26 22:45:00+00:00,CR_RN,Resource Node,REAL_TIME_15_MIN,78.5
2025-10-26 17:30:00-05:00,2025-10-26 22:30:00+00:00,2025-10-26 17:45:00-05:00,2025-10-26 22:45:00+00:00,P2_DGR2_RN,Resource Node,REAL_TIME_15_MIN,80.36
2025-10-26 17:30:00-05:00,2025-10-26 22:30:00+00:00,2025-10-26 17:45:00-05:00,2025-10-26 22:45:00+00:00,PRCRK_RN,Resource Node,REAL_TIME_15_MIN,77.18
2025-10-26 17:45:00-05:00,2025-10-26 22:45:00+00:00,2025-10-26 18:00:00-05:00,2025-10-26 23:00:00+00:00,CR_RN,Resource Node,REAL_TIME_15_MIN,96.31
2025-10-26 17:45:00-05:00,2025-10-26 22:45:00+00:00,2025-10-26 18:00:00-05:00,2025-10-26 23:00:00+00:00,P2_DGR2_RN,Resource Node,REAL_TIME_15_MIN,96.31
2025-10-26 17:45:00-05:00,2025-10-26 22:45:00+00:00,2025-10-26 18:00:00-05:00,2025-10-26 23:00:00+00:00,PRCRK_RN,Resource Node,REAL_TIME_15_MIN,96.31
2025-10-26 18:00:00-05:00,2025-10-26 23:00:00+00:00,2025-10-26 18:15:00-05:00,2025-10-26 23:15:00+00:00,CR_RN,Resource Node,REAL_TIME_15_MIN,83.04
2025-10-26 18:00:00-05:00,2025-10-26 23:00:00+00:00,2025-10-26 18:15:00-05:00,2025-10-26 23:15:00+00:00,P2_DGR2_RN,Resource Node,REAL_TIME_15_MIN,83.04
2025-10-26 18:00:00-05:00,2025-10-26 23:00:00+00:00,2025-10-26 18:15:00-05:00,2025-10-26 23:15:00+00:00,PRCRK_RN,Resource Node,REAL_TIME_15_MIN,83.04
2025-10-26 18:15:00-05:00,2025-10-26 23:15:00+00:00,2025-10-26 18:30:00-05:00,2025-10-26 23:30:00+00:00,CR_RN,Resource Node,REAL_TIME_15_MIN,100.01
2025-10-26 18:15:00-05:00,2025-10-26 23:15:00+00:00,2025-10-26 18:30:00-05:00,2025-10-26 23:30:00+00:00,P2_DGR2_RN,Resource Node,REAL_TIME_15_MIN,100.01
2025-10-26 18:15:00-05:00,2025-10-26 23:15:00+00:00,2025-10-26 18:30:00-05:00,2025-10-26 23:30:00+00:00,PRCRK_RN,Resource Node,REAL_TIME_15_MIN,100.01
2025-10-26 18:30:00-05:00,2025-10-26 23:30:00+00:00,2025-10-26 18:45:00-05:00,2025-10-26 23:45:00+00:00,CR_RN,Resource Node,REAL_TIME_15_MIN,130.9
2025-10-26 18:30:00-05:00,2025-10-26 23:30:00+00:00,2025-10-26 18:45:00-05:00,2025-10-26 23:45:00+00:00,P2_DGR2_RN,Resource Node,REAL_TIME_15_MIN,130.9
2025-10-26 18:30:00-05:00,2025-10-26 23:30:00+00:00,2025-10-26 18:45:00-05:00,2025-10-26 23:45:00+00:00,PRCRK_RN,Resource Node,REAL_TIME_15_MIN,130.9
2025-10-26 18:45:00-05:00,2025-10-26 23:45:00+00:00,2025-10-26 19:00:00-05:00,2025-10-27 00:00:00+00:00,CR_RN,Resource Node,REAL_TIME_15_MIN,145.96
2025-10-26 18:45:00-05:00,2025-10-26 23:45:00+00:00,2025-10-26 19:00:00-05:00,2025-10-27 00:00:00+00:00,P2_DGR2_RN,Resource Node,REAL_TIME_15_MIN,145.96
2025-10-26 18:45:00-05:00,2025-10-26 23:45:00+00:00,2025-10-26 19:00:00-05:00,2025-10-27 00:00:00+00:00,PRCRK_RN,Resource Node,REAL_TIME_15_MIN,145.96
2025-10-26 19:00:00-05:00,2025-10-27 00:00:00+00:00,2025-10-26 19:15:00-05:00,2025-10-27 00:15:00+00:00,CR_RN,Resource Node,REAL_TIME_15_MIN,160.12
2025-10-26 19:00:00-05:00,2025-10-27 00:00:00+00:00,2025-10-26 19:15:00-05:00,2025-10-27 00:15:00+00:00,P2_DGR2_RN,Resource Node,REAL_TIME_15_MIN,160.12
2025-10-26 19:00:00-05:00,2025-10-27 00:00:00+00:00,2025-10-26 19:15:00-05:00,2025-10-27 00:15:00+00:00,PRCRK_RN,Resource Node,REAL_TIME_15_MIN,160.12
2025-10-26 19:15:00-05:00,2025-10-27 00:15:00+00:00,2025-10-26 19:30:00-05:00,2025-10-27 00:30:00+00:00,CR_RN,Resource Node,REAL_TIME_15_MIN,127.42
2025-10-26 19:15:00-05:00,2025-10-27 00:15:00+00:00,2025-10-26 19:30:00-05:00,2025-10-27 00:30:00+00:00,P2_DGR2_RN,Resource Node,REAL_TIME_15_MIN,127.42
2025-10-26 19:15:00-05:00,2025-10-27 00:15:00+00:00,2025-10-26 19:30:00-05:00,2025-10-27 00:30:00+00:00,PRCRK_RN,Resource Node,REAL_TIME_15_MIN,127.42
2025-10-26 19:30:00-05:00,2025-10-27 00:30:00+00:00,2025-10-26 19:45:00-05:00,2025-10-27 00:45:00+00:00,CR_RN,Resource Node,REAL_TIME_15_MIN,93.27
2025-10-26 19:30:00-05:00,2025-10-27 00:30:00+00:00,2025-10-26 19:45:00-05:00,2025-10-27 00:45:00+00:00,P2_DGR2_RN,Resource Node,REAL_TIME_15_MIN,93.27
2025-10-26 19:30:00-05:00,2025-10-27 00:30:00+00:00,2025-10-26 19:45:00-05:00,2025-10-27 00:45:00+00:00,PRCRK_RN,Resource Node,REAL_TIME_15_MIN,93.27
2025-10-26 19:45:00-05:00,2025-10-27 00:45:00+00:00,2025-10-26 20:00:00-05:00,2025-10-27 01:00:00+00:00,CR_RN,Resource Node,REAL_TIME_15_MIN,81.44
2025-10-26 19:45:00-05:00,2025-10-27 00:45:00+00:00,2025-10-26 20:00:00-05:00,2025-10-27 01:00:00+00:00,P2_DGR2_RN,Resource Node,REAL_TIME_15_MIN,81.44
2025-10-26 19:45:00-05:00,2025-10-27 00:45:00+00:00,2025-10-26 20:00:00-05:00,2025-10-27 01:00:00+00:00,PRCRK_RN,Resource Node,REAL_TIME_15_MIN,81.44
2025-10-26 20:00:00-05:00,2025-10-27 01:00:00+00:00,2025-10-26 20:15:00-05:00,2025-10-27 01:15:00+00:00,CR_RN,Resource Node,REAL_TIME_15_MIN,109.01
2025-10-26 20:00:00-05:00,2025-10-27 01:00:00+00:00,2025-10-26 20:15:00-05:00,2025-10-27 01:15:00+00:00,P2_DGR2_RN,Resource Node,REAL_TIME_15_MIN,109.01
2025-10-26 20:00:00-05:00,2025-10-27 01:00:00+00:00,2025-10-26 20:15:00-05:00,2025-10-27 01:15:00+00:00,PRCRK_RN,Resource Node,REAL_TIME_15_MIN,109.01
2025-10-26 20:15:00-05:00,2025-10-27 01:15:00+00:00,2025-10-26 20:30:00-05:00,2025-10-27 01:30:00+00:00,CR_RN,Resource Node,REAL_TIME_15_MIN,97.94
2025-10-26 20:15:00-05:00,2025-10-27 01:15:00+00:00,2025-10-26 20:30:00-05:00,2025-10-27 01:30:00+00:00,P2_DGR2_RN,Resource Node,REAL_TIME_15_MIN,97.94
2025-10-26 20:15:00-05:00,2025-10-27 01:15:00+00:00,2025-10-26 20:30:00-05:00,2025-10-27 01:30:00+00:00,PRCRK_RN,Resource Node,REAL_TIME_15_MIN,97.94
2025-10-26 20:30:00-05:00,2025-10-27 01:30:00+00:00,2025-10-26 20:45:00-05:00,2025-10-27 01:45:00+00:00,CR_RN,Resource Node,REAL_TIME_15_MIN,63.74
2025-10-26 20:30:00-05:00,2025-10-27 01:30:00+00:00,2025-10-26 20:45:00-05:00,2025-10-27 01:45:00+00:00,P2_DGR2_RN,Resource Node,REAL_TIME_15_MIN,64.46
2025-10-26 20:30:00-05:00,2025-10-27 01:30:00+00:00,2025-10-26 20:45:00-05:00,2025-10-27 01:45:00+00:00,PRCRK_RN,Resource Node,REAL_TIME_15_MIN,62.97
2025-10-26 20:45:00-05:00,2025-10-27 01:45:00+00:00,2025-10-26 21:00:00-05:00,2025-10-27 02:00:00+00:00,CR_RN,Resource Node,REAL_TIME_15_MIN,43.59
2025-10-26 20:45:00-05:00,2025-10-27 01:45:00+00:00,2025-10-26 21:00:00-05:00,2025-10-27 02:00:00+00:00,P2_DGR2_RN,Resource Node,REAL_TIME_15_MIN,45.4
2025-10-26 20:45:00-05:00,2025-10-27 01:45:00+00:00,2025-10-26 21:00:00-05:00,2025-10-27 02:00:00+00:00,PRCRK_RN,Resource Node,REAL_TIME_15_MIN,41.65
2025-10-26 21:00:00-05:00,2025-10-27 02:00:00+00:00,2025-10-26 21:15:00-05:00,2025-10-27 02:15:00+00:00,CR_RN,Resource Node,REAL_TIME_15_MIN,55.25
2025-10-26 21:00:00-05:00,2025-10-27 02:00:00+00:00,2025-10-26 21:15:00-05:00,2025-10-27 02:15:00+00:00,P2_DGR2_RN,Resource Node,REAL_TIME_15_MIN,57.45
2025-10-26 21:00:00-05:00,2025-10-27 02:00:00+00:00,2025-10-26 21:15:00-05:00,2025-10-27 02:15:00+00:00,PRCRK_RN,Resource Node,REAL_TIME_15_MIN,52.9
2025-10-26 21:15:00-05:00,2025-10-27 02:15:00+00:00,2025-10-26 21:30:00-05:00,2025-10-27 02:30:00+00:00,CR_RN,Resource Node,REAL_TIME_15_MIN,39.9
2025-10-26 21:15:00-05:00,2025-10-27 02:15:00+00:00,2025-10-26 21:30:00-05:00,2025-10-27 02:30:00+00:00,P2_DGR2_RN,Resource Node,REAL_TIME_15_MIN,40.3
2025-10-26 21:15:00-05:00,2025-10-27 02:15:00+00:00,2025-10-26 21:30:00-05:00,2025-10-27 02:30:00+00:00,PRCRK_RN,Resource Node,REAL_TIME_15_MIN,39.47
2025-10-26 21:30:00-05:00,2025-10-27 02:30:00+00:00,2025-10-26 21:45:00-05:00,2025-10-27 02:45:00+00:00,CR_RN,Resource Node,REAL_TIME_15_MIN,38.86
2025-10-26 21:30:00-05:00,2025-10-27 02:30:00+00:00,2025-10-26 21:45:00-05:00,2025-10-27 02:45:00+00:00,P2_DGR2_RN,Resource Node,REAL_TIME_15_MIN,40.08
2025-10-26 21:30:00-05:00,2025-10-27 02:30:00+00:00,2025-10-26 21:45:00-05:00,2025-10-27 02:45:00+00:00,PRCRK_RN,Resource Node,REAL_TIME_15_MIN,37.53
2025-10-26 21:45:00-05:00,2025-10-27 02:45:00+00:00,2025-10-26 22:00:00-05:00,2025-10-27 03:00:00+00:00,CR_RN,Resource Node,REAL_TIME_15_MIN,36.11
2025-10-26 21:45:00-05:00,2025-10-27 02:45:00+00:00,2025-10-26 22:00:00-05:00,2025-10-27 03:00:00+00:00,P2_DGR2_RN,Resource Node,REAL_TIME_15_MIN,37.28
2025-10-26 21:45:00-05:00,2025-10-27 02:45:00+00:00,2025-10-26 22:00:00-05:00,2025-10-27 03:00:00+00:00,PRCRK_RN,Resource Node,REAL_TIME_15_MIN,34.84
2025-10-26 22:00:00-05:00,2025-10-27 03:00:00+00:00,2025-10-26 22:15:00-05:00,2025-10-27 03:15:00+00:00,CR_RN,Resource Node,REAL_TIME_15_MIN,43.04
2025-10-26 22:00:00-05:00,2025-10-27 03:00:00+00:00,2025-10-26 22:15:00-05:00,2025-10-27 03:15:00+00:00,P2_DGR2_RN,Resource Node,REAL_TIME_15_MIN,46.05
2025-10-26 22:00:00-05:00,2025-10-27 03:00:00+00:00,2025-10-26 22:15:00-05:00,2025-10-27 03:15:00+00:00,PRCRK_RN,Resource Node,REAL_TIME_15_MIN,39.76
2025-10-26 22:15:00-05:00,2025-10-27 03:15:00+00:00,2025-10-26 22:30:00-05:00,2025-10-27 03:30:00+00:00,CR_RN,Resource Node,REAL_TIME_15_MIN,39.46
2025-10-26 22:15:00-05:00,2025-10-27 03:15:00+00:00,2025-10-26 22:30:00-05:00,2025-10-27 03:30:00+00:00,P2_DGR2_RN,Resource Node,REAL_TIME_15_MIN,39.57
2025-10-26 22:15:00-05:00,2025-10-27 03:15:00+00:00,2025-10-26 22:30:00-05:00,2025-10-27 03:30:00+00:00,PRCRK_RN,Resource Node,REAL_TIME_15_MIN,39.34
2025-10-26 22:30:00-05:00,2025-10-27 03:30:00+00:00,2025-10-26 22:45:00-05:00,2025-10-27 03:45:00+00:00,CR_RN,Resource Node,REAL_TIME_15_MIN,33.92
2025-10-26 22:30:00-05:00,2025-10-27 03:30:00+00:00,2025-10-26 22:45:00-05:00,2025-10-27 03:45:00+00:00,P2_DGR2_RN,Resource Node,REAL_TIME_15_MIN,34.17
2025-10-26 22:30:00-05:00,2025-10-27 03:30:00+00:00,2025-10-26 22:45:00-05:00,2025-10-27 03:45:00+00:00,PRCRK_RN,Resource Node,REAL_TIME_15_MIN,33.62
2025-10-26 22:45:00-05:00,2025-10-27 03:45:00+00:00,2025-10-26 23:00:00-05:00,2025-10-27 04:00:00+00:00,CR_RN,Resource Node,REAL_TIME_15_MIN,33.49
2025-10-26 22:45:00-05:00,2025-10-27 03:45:00+00:00,2025-10-26 23:00:00-05:00,2025-10-27 04:00:00+00:00,P2_DGR2_RN,Resource Node,REAL_TIME_15_MIN,33.74
2025-10-26 22:45:00-05:00,2025-10-27 03:45:00+00:00,2025-10-26 23:00:00-05:00,2025-10-27 04:00:00+00:00,PRCRK_RN,Resource Node,REAL_TIME_15_MIN,33.21
2025-10-26 23:00:00-05:00,2025-10-27 04:00:00+00:00,2025-10-26 23:15:00-05:00,2025-10-27 04:15:00+00:00,CR_RN,Resource Node,REAL_TIME_15_MIN,36.23
2025-10-26 23:00:00-05:00,2025-10-27 04:00:00+00:00,2025-10-26 23:15:00-05:00,2025-10-27 04:15:00+00:00,P2_DGR2_RN,Resource Node,REAL_TIME_15_MIN,36.71
2025-10-26 23:00:00-05:00,2025-10-27 04:00:00+00:00,2025-10-26 23:15:00-05:00,2025-10-27 04:15:00+00:00,PRCRK_RN,Resource Node,REAL_TIME_15_MIN,35.7
2025-10-26 23:15:00-05:00,2025-10-27 04:15:00+00:00,2025-10-26 23:30:00-05:00,2025-10-27 04:30:00+00:00,CR_RN,Resource Node,REAL_TIME_15_MIN,33.21
2025-10-26 23:15:00-05:00,2025-10-27 04:15:00+00:00,2025-10-26 23:30:00-05:00,2025-10-27 04:30:00+00:00,P2_DGR2_RN,Resource Node,REAL_TIME_15_MIN,33.82
2025-10-26 23:15:00-05:00,2025-10-27 04:15:00+00:00,2025-10-26 23:30:00-05:00,2025-10-27 04:30:00+00:00,PRCRK_RN,Resource Node,REAL_TIME_15_MIN,32.53
2025-10-26 23:30:00-05:00,2025-10-27 04:30:00+00:00,2025-10-26 23:45:00-05:00,2025-10-27 04:45:00+00:00,CR_RN,Resource Node,REAL_TIME_15_MIN,33.16
2025-10-26 23:30:00-05:00,2025-10-27 04:30:00+00:00,2025-10-26 23:45:00-05:00,2025-10-27 04:45:00+00:00,P2_DGR2_RN,Resource Node,REAL_TIME_15_MIN,33.75
2025-10-26 23:30:00-05:00,2025-10-27 04:30:00+00:00,2025-10-26 23:45:00-05:00,2025-10-27 04:45:00+00:00,PRCRK_RN,Resource Node,REAL_TIME_15_MIN,32.5
2025-10-26 23:45:00-05:00,2025-10-27 04:45:00+00:00,2025-10-27 00:00:00-05:00,2025-10-27 05:00:00+00:00,CR_RN,Resource Node,REAL_TIME_15_MIN,31.75
2025-10-26 23:45:00-05:00,2025-10-27 04:45:00+00:00,2025-10-27 00:00:00-05:00,2025-10-27 05:00:00+00:00,P2_DGR2_RN,Resource Node,REAL_TIME_15_MIN,33.11
2025-10-26 23:45:00-05:00,2025-10-27 04:45:00+00:00,2025-10-27 00:00:00-05:00,2025-10-27 05:00:00+00:00,PRCRK_RN,Resource Node,REAL_TIME_15_MIN,30.21
2025-10-26 00:00:00-05:00,2025-10-26 05:00:00+00:00,2025-10-26 00:15:00-05:00,2025-10-26 05:15:00+00:00,AUSTPL_ALL,Resource Node,REAL_TIME_15_MIN,50.35
2025-10-26 00:00:00-05:00,2025-10-26 05:00:00+00:00,2025-10-26 00:15:00-05:00,2025-10-26 05:15:00+00:00,HLSES_UNIT5,Resource Node,REAL_TIME_15_MIN,52.25
2025-10-26 00:00:00-05:00,2025-10-26 05:00:00+00:00,2025-10-26 00:15:00-05:00,2025-10-26 05:15:00+00:00,ODESW_RN,Resource Node,REAL_TIME_15_MIN,73.43
2025-10-26 00:15:00-05:00,2025-10-26 05:15:00+00:00,2025-10-26 00:30:00-05:00,2025-10-26 05:30:00+00:00,AUSTPL_ALL,Resource Node,REAL_TIME_15_MIN,53.49
2025-10-26 00:15:00-05:00,2025-10-26 05:15:00+00:00,2025-10-26 00:30:00-05:00,2025-10-26 05:30:00+00:00,HLSES_UNIT5,Resource Node,REAL_TIME_15_MIN,54.4
2025-10-26 00:15:00-05:00,2025-10-26 05:15:00+00:00,2025-10-26 00:30:00-05:00,2025-10-26 05:30:00+00:00,ODESW_RN,Resource Node,REAL_TIME_15_MIN,64.49
2025-10-26 00:30:00-05:00,2025-10-26 05:30:00+00:00,2025-10-26 00:45:00-05:00,2025-10-26 05:45:00+00:00,AUSTPL_ALL,Resource Node,REAL_TIME_15_MIN,50.78
2025-10-26 00:30:00-05:00,2025-10-26 05:30:00+00:00,2025-10-26 00:45:00-05:00,2025-10-26 05:45:00+00:00,HLSES_UNIT5,Resource Node,REAL_TIME_15_MIN,51.59
2025-10-26 00:30:00-05:00,2025-10-26 05:30:00+00:00,2025-10-26 00:45:00-05:00,2025-10-26 05:45:00+00:00,ODESW_RN,Resource Node,REAL_TIME_15_MIN,60.61
2025-10-26 00:45:00-05:00,2025-10-26 05:45:00+00:00,2025-10-26 01:00:00-05:00,2025-10-26 06:00:00+00:00,AUSTPL_ALL,Resource Node,REAL_TIME_15_MIN,47.34
2025-10-26 00:45:00-05:00,2025-10-26 05:45:00+00:00,2025-10-26 01:00:00-05:00,2025-10-26 06:00:00+00:00,HLSES_UNIT5,Resource Node,REAL_TIME_15_MIN,47.69
2025-10-26 00:45:00-05:00,2025-10-26 05:45:00+00:00,2025-10-26 01:00:00-05:00,2025-10-26 06:00:00+00:00,ODESW_RN,Resource Node,REAL_TIME_15_MIN,51.63
2025-10-26 01:00:00-05:00,2025-10-26 06:00:00+00:00,2025-10-26 01:15:00-05:00,2025-10-26 06:15:00+00:00,AUSTPL_ALL,Resource Node,REAL_TIME_15_MIN,49.15
2025-10-26 01:00:00-05:00,2025-10-26 06:00:00+00:00,2025-10-26 01:15:00-05:00,2025-10-26 06:15:00+00:00,HLSES_UNIT5,Resource Node,REAL_TIME_15_MIN,48.57
2025-10-26 01:00:00-05:00,2025-10-26 06:00:00+00:00,2025-10-26 01:15:00-05:00,2025-10-26 06:15:00+00:00,ODESW_RN,Resource Node,REAL_TIME_15_MIN,54.41
2025-10-26 01:15:00-05:00,2025-10-26 06:15:00+00:00,2025-10-26 01:30:00-05:00,2025-10-26 06:30:00+00:00,AUSTPL_ALL,Resource Node,REAL_TIME_15_MIN,46.83
2025-10-26 01:15:00-05:00,2025-10-26 06:15:00+00:00,2025-10-26 01:30:00-05:00,2025-10-26 06:30:00+00:00,HLSES_UNIT5,Resource Node,REAL_TIME_15_MIN,46.69
2025-10-26 01:15:00-05:00,2025-10-26 06:15:00+00:00,2025-10-26 01:30:00-05:00,2025-10-26 06:30:00+00:00,ODESW_RN,Resource Node,REAL_TIME_15_MIN,48.09
2025-10-26 01:30:00-05:00,2025-10-26 06:30:00+00:00,2025-10-26 01:45:00-05:00,2025-10-26 06:45:00+00:00,AUSTPL_ALL,Resource Node,REAL_TIME_15_MIN,42.21
2025-10-26 01:30:00-05:00,2025-10-26 06:30:00+00:00,2025-10-26 01:45:00-05:00,2025-10-26 06:45:00+00:00,HLSES_UNIT5,Resource Node,REAL_TIME_15_MIN,42.32
2025-10-26 01:30:00-05:00,2025-10-26 06:30:00+00:00,2025-10-26 01:45:00-05:00,2025-10-26 06:45:00+00:00,ODESW_RN,Resource Node,REAL_TIME_15_MIN,42.52
2025-10-26 01:45:00-05:00,2025-10-26 06:45:00+00:00,2025-10-26 02:00:00-05:00,2025-10-26 07:00:00+00:00,AUSTPL_ALL,Resource Node,REAL_TIME_15_MIN,42.14
2025-10-26 01:45:00-05:00,2025-10-26 06:45:00+00:00,2025-10-26 02:00:00-05:00,2025-10-26 07:00:00+00:00,HLSES_UNIT5,Resource Node,REAL_TIME_15_MIN,42.14
2025-10-26 01:45:00-05:00,2025-10-26 06:45:00+00:00,2025-10-26 02:00:00-05:00,2025-10-26 07:00:00+00:00,ODESW_RN,Resource Node,REAL_TIME_15_MIN,42.14
2025-10-26 02:00:00-05:00,2025-10-26 07:00:00+00:00,2025-10-26 02:15:00-05:00,2025-10-26 07:15:00+00:00,AUSTPL_ALL,Resource Node,REAL_TIME_15_MIN,44.59
2025-10-26 02:00:00-05:00,2025-10-26 07:00:00+00:00,2025-10-26 02:15:00-05:00,2025-10-26 07:15:00+00:00,HLSES_UNIT5,Resource Node,REAL_TIME_15_MIN,45.59
2025-10-26 02:00:00-05:00,2025-10-26 07:00:00+00:00,2025-10-26 02:15:00-05:00,2025-10-26 07:15:00+00:00,ODESW_RN,Resource Node,REAL_TIME_15_MIN,65.57
2025-10-26 02:15:00-05:00,2025-10-26 07:15:00+00:00,2025-10-26 02:30:00-05:00,2025-10-26 07:30:00+00:00,AUSTPL_ALL,Resource Node,REAL_TIME_15_MIN,45.95
2025-10-26 02:15:00-05:00,2025-10-26 07:15:00+00:00,2025-10-26 02:30:00-05:00,2025-10-26 07:30:00+00:00,HLSES_UNIT5,Resource Node,REAL_TIME_15_MIN,46.41
2025-10-26 02:15:00-05:00,2025-10-26 07:15:00+00:00,2025-10-26 02:30:00-05:00,2025-10-26 07:30:00+00:00,ODESW_RN,Resource Node,REAL_TIME_15_MIN,59.41
2025-10-26 02:30:00-05:00,2025-10-26 07:30:00+00:00,2025-10-26 02:45:00-05:00,2025-10-26 07:45:00+00:00,AUSTPL_ALL,Resource Node,REAL_TIME_15_MIN,45.49
2025-10-26 02:30:00-05:00,2025-10-26 07:30:00+00:00,2025-10-26 02:45:00-05:00,2025-10-26 07:45:00+00:00,HLSES_UNIT5,Resource Node,REAL_TIME_15_MIN,45.31
2025-10-26 02:30:00-05:00,2025-10-26 07:30:00+00:00,2025-10-26 02:45:00-05:00,2025-10-26 07:45:00+00:00,ODESW_RN,Resource Node,REAL_TIME_15_MIN,59.59
2025-10-26 02:45:00-05:00,2025-10-26 07:45:00+00:00,2025-10-26 03:00:00-05:00,2025-10-26 08:00:00+00:00,AUSTPL_ALL,Resource Node,REAL_TIME_15_MIN,41.07
2025-10-26 02:45:00-05:00,2025-10-26 07:45:00+00:00,2025-10-26 03:00:00-05:00,2025-10-26 08:00:00+00:00,HLSES_UNIT5,Resource Node,REAL_TIME_15_MIN,41.74
2025-10-26 02:45:00-05:00,2025-10-26 07:45:00+00:00,2025-10-26 03:00:00-05:00,2025-10-26 08:00:00+00:00,ODESW_RN,Resource Node,REAL_TIME_15_MIN,49.43
2025-10-26 03:00:00-05:00,2025-10-26 08:00:00+00:00,2025-10-26 03:15:00-05:00,2025-10-26 08:15:00+00:00,AUSTPL_ALL,Resource Node,REAL_TIME_15_MIN,40.04
2025-10-26 03:00:00-05:00,2025-10-26 08:00:00+00:00,2025-10-26 03:15:00-05:00,2025-10-26 08:15:00+00:00,HLSES_UNIT5,Resource Node,REAL_TIME_15_MIN,40.55
2025-10-26 03:00:00-05:00,2025-10-26 08:00:00+00:00,2025-10-26 03:15:00-05:00,2025-10-26 08:15:00+00:00,ODESW_RN,Resource Node,REAL_TIME_15_MIN,46.3
2025-10-26 03:15:00-05:00,2025-10-26 08:15:00+00:00,2025-10-26 03:30:00-05:00,2025-10-26 08:30:00+00:00,AUSTPL_ALL,Resource Node,REAL_TIME_15_MIN,37.54
2025-10-26 03:15:00-05:00,2025-10-26 08:15:00+00:00,2025-10-26 03:30:00-05:00,2025-10-26 08:30:00+00:00,HLSES_UNIT5,Resource Node,REAL_TIME_15_MIN,37.55
2025-10-26 03:15:00-05:00,2025-10-26 08:15:00+00:00,2025-10-26 03:30:00-05:00,2025-10-26 08:30:00+00:00,ODESW_RN,Resource Node,REAL_TIME_15_MIN,37.73
2025-10-26 03:30:00-05:00,2025-10-26 08:30:00+00:00,2025-10-26 03:45:00-05:00,2025-10-26 08:45:00+00:00,AUSTPL_ALL,Resource Node,REAL_TIME_15_MIN,35.78
2025-10-26 03:30:00-05:00,2025-10-26 08:30:00+00:00,2025-10-26 03:45:00-05:00,2025-10-26 08:45:00+00:00,HLSES_UNIT5,Resource Node,REAL_TIME_15_MIN,35.78
2025-10-26 03:30:00-05:00,2025-10-26 08:30:00+00:00,2025-10-26 03:45:00-05:00,2025-10-26 08:45:00+00:00,ODESW_RN,Resource Node,REAL_TIME_15_MIN,35.78
2025-10-26 03:45:00-05:00,2025-10-26 08:45:00+00:00,2025-10-26 04:00:00-05:00,2025-10-26 09:00:00+00:00,AUSTPL_ALL,Resource Node,REAL_TIME_15_MIN,36.13
2025-10-26 03:45:00-05:00,2025-10-26 08:45:00+00:00,2025-10-26 04:00:00-05:00,2025-10-26 09:00:00+00:00,HLSES_UNIT5,Resource Node,REAL_TIME_15_MIN,36.13
2025-10-26 03:45:00-05:00,2025-10-26 08:45:00+00:00,2025-10-26 04:00:00-05:00,2025-10-26 09:00:00+00:00,ODESW_RN,Resource Node,REAL_TIME_15_MIN,36.13
2025-10-26 04:00:00-05:00,2025-10-26 09:00:00+00:00,2025-10-26 04:15:00-05:00,2025-10-26 09:15:00+00:00,AUSTPL_ALL,Resource Node,REAL_TIME_15_MIN,38.52
2025-10-26 04:00:00-05:00,2025-10-26 09:00:00+00:00,2025-10-26 04:15:00-05:00,2025-10-26 09:15:00+00:00,HLSES_UNIT5,Resource Node,REAL_TIME_15_MIN,38.52
2025-10-26 04:00:00-05:00,2025-10-26 09:00:00+00:00,2025-10-26 04:15:00-05:00,2025-10-26 09:15:00+00:00,ODESW_RN,Resource Node,REAL_TIME_15_MIN,38.52
2025-10-26 04:15:00-05:00,2025-10-26 09:15:00+00:00,2025-10-26 04:30:00-05:00,2025-10-26 09:30:00+00:00,AUSTPL_ALL,Resource Node,REAL_TIME_15_MIN,35.44
2025-10-26 04:15:00-05:00,2025-10-26 09:15:00+00:00,2025-10-26 04:30:00-05:00,2025-10-26 09:30:00+00:00,HLSES_UNIT5,Resource Node,REAL_TIME_15_MIN,35.44
2025-10-26 04:15:00-05:00,2025-10-26 09:15:00+00:00,2025-10-26 04:30:00-05:00,2025-10-26 09:30:00+00:00,ODESW_RN,Resource Node,REAL_TIME_15_MIN,35.44
2025-10-26 04:30:00-05:00,2025-10-26 09:30:00+00:00,2025-10-26 04:45:00-05:00,2025-10-26 09:45:00+00:00,AUSTPL_ALL,Resource Node,REAL_TIME_15_MIN,34.81
2025-10-26 04:30:00-05:00,2025-10-26 09:30:00+00:00,2025-10-26 04:45:00-05:00,2025-10-26 09:45:00+00:00,HLSES_UNIT5,Resource Node,REAL_TIME_15_MIN,34.81
2025-10-26 04:30:00-05:00,2025-10-26 09:30:00+00:00,2025-10-26 04:45:00-05:00,2025-10-26 09:45:00+00:00,ODESW_RN,Resource Node,REAL_TIME_15_MIN,34.81
2025-10-26 04:45:00-05:00,2025-10-26 09:45:00+00:00,2025-10-26 05:00:00-05:00,2025-10-26 10:00:00+00:00,AUSTPL_ALL,Resource Node,REAL_TIME_15_MIN,32.81
2025-10-26 04:45:00-05:00,2025-10-26 09:45:00+00:00,2025-10-26 05:00:00-05:00,2025-10-26 10:00:00+00:00,HLSES_UNIT5,Resource Node,REAL_TIME_15_MIN,32.81
2025-10-26 04:45:00-05:00,2025-10-26 09:45:00+00:00,2025-10-26 05:00:00-05:00,2025-10-26 10:00:00+00:00,ODESW_RN,Resource Node,REAL_TIME_15_MIN,32.81
2025-10-26 05:00:00-05:00,2025-10-26 10:00:00+00:00,2025-10-26 05:15:00-05:00,2025-10-26 10:15:00+00:00,AUSTPL_ALL,Resource Node,REAL_TIME_15_MIN,33.88
2025-10-26 05:00:00-05:00,2025-10-26 10:00:00+00:00,2025-10-26 05:15:00-05:00,2025-10-26 10:15:00+00:00,HLSES_UNIT5,Resource Node,REAL_TIME_15_MIN,33.88
2025-10-26 05:00:00-05:00,2025-10-26 10:00:00+00:00,2025-10-26 05:15:00-05:00,2025-10-26 10:15:00+00:00,ODESW_RN,Resource Node,REAL_TIME_15_MIN,33.88
2025-10-26 05:15:00-05:00,2025-10-26 10:15:00+00:00,2025-10-26 05:30:00-05:00,2025-10-26 10:30:00+00:00,AUSTPL_ALL,Resource Node,REAL_TIME_15_MIN,31.52
2025-10-26 05:15:00-05:00,2025-10-26 10:15:00+00:00,2025-10-26 05:30:00-05:00,2025-10-26 10:30:00+00:00,HLSES_UNIT5,Resource Node,REAL_TIME_15_MIN,31.52
2025-10-26 05:15:00-05:00,2025-10-26 10:15:00+00:00,2025-10-26 05:30:00-05:00,2025-10-26 10:30:00+00:00,ODESW_RN,Resource Node,REAL_TIME_15_MIN,31.52
2025-10-26 05:30:00-05:00,2025-10-26 10:30:00+00:00,2025-10-26 05:45:00-05:00,2025-10-26 10:45:00+00:00,AUSTPL_ALL,Resource Node,REAL_TIME_15_MIN,31.74
2025-10-26 05:30:00-05:00,2025-10-26 10:30:00+00:00,2025-10-26 05:45:00-05:00,2025-10-26 10:45:00+00:00,HLSES_UNIT5,Resource Node,REAL_TIME_15_MIN,32.02
2025-10-26 05:30:00-05:00,2025-10-26 10:30:00+00:00,2025-10-26 05:45:00-05:00,2025-10-26 10:45:00+00:00,ODESW_RN,Resource Node,REAL_TIME_15_MIN,35.24
2025-10-26 05:45:00-05:00,2025-10-26 10:45:00+00:00,2025-10-26 06:00:00-05:00,2025-10-26 11:00:00+00:00,AUSTPL_ALL,Resource Node,REAL_TIME_15_MIN,32.61
2025-10-26 05:45:00-05:00,2025-10-26 10:45:00+00:00,2025-10-26 06:00:00-05:00,2025-10-26 11:00:00+00:00,HLSES_UNIT5,Resource Node,REAL_TIME_15_MIN,33.29
2025-10-26 05:45:00-05:00,2025-10-26 10:45:00+00:00,2025-10-26 06:00:00-05:00,2025-10-26 11:00:00+00:00,ODESW_RN,Resource Node,REAL_TIME_15_MIN,41.02
2025-10-26 06:00:00-05:00,2025-10-26 11:00:00+00:00,2025-10-26 06:15:00-05:00,2025-10-26 11:15:00+00:00,AUSTPL_ALL,Resource Node,REAL_TIME_15_MIN,36.03
2025-10-26 06:00:00-05:00,2025-10-26 11:00:00+00:00,2025-10-26 06:15:00-05:00,2025-10-26 11:15:00+00:00,HLSES_UNIT5,Resource Node,REAL_TIME_15_MIN,36.72
2025-10-26 06:00:00-05:00,2025-10-26 11:00:00+00:00,2025-10-26 06:15:00-05:00,2025-10-26 11:15:00+00:00,ODESW_RN,Resource Node,REAL_TIME_15_MIN,44.5
2025-10-26 06:15:00-05:00,2025-10-26 11:15:00+00:00,2025-10-26 06:30:00-05:00,2025-10-26 11:30:00+00:00,AUSTPL_ALL,Resource Node,REAL_TIME_15_MIN,34.29
2025-10-26 06:15:00-05:00,2025-10-26 11:15:00+00:00,2025-10-26 06:30:00-05:00,2025-10-26 11:30:00+00:00,HLSES_UNIT5,Resource Node,REAL_TIME_15_MIN,35.07
2025-10-26 06:15:00-05:00,2025-10-26 11:15:00+00:00,2025-10-26 06:30:00-05:00,2025-10-26 11:30:00+00:00,ODESW_RN,Resource Node,REAL_TIME_15_MIN,43.91
2025-10-26 06:30:00-05:00,2025-10-26 11:30:00+00:00,2025-10-26 06:45:00-05:00,2025-10-26 11:45:00+00:00,AUSTPL_ALL,Resource Node,REAL_TIME_15_MIN,34.56
2025-10-26 06:30:00-05:00,2025-10-26 11:30:00+00:00,2025-10-26 06:45:00-05:00,2025-10-26 11:45:00+00:00,HLSES_UNIT5,Resource Node,REAL_TIME_15_MIN,35.14
2025-10-26 06:30:00-05:00,2025-10-26 11:30:00+00:00,2025-10-26 06:45:00-05:00,2025-10-26 11:45:00+00:00,ODESW_RN,Resource Node,REAL_TIME_15_MIN,41.68
2025-10-26 06:45:00-05:00,2025-10-26 11:45:00+00:00,2025-10-26 07:00:00-05:00,2025-10-26 12:00:00+00:00,AUSTPL_ALL,Resource Node,REAL_TIME_15_MIN,35.84
2025-10-26 06:45:00-05:00,2025-10-26 11:45:00+00:00,2025-10-26 07:00:00-05:00,2025-10-26 12:00:00+00:00,HLSES_UNIT5,Resource Node,REAL_TIME_15_MIN,36.15
2025-10-26 06:45:00-05:00,2025-10-26 11:45:00+00:00,2025-10-26 07:00:00-05:00,2025-10-26 12:00:00+00:00,ODESW_RN,Resource Node,REAL_TIME_15_MIN,39.64
2025-10-26 07:00:00-05:00,2025-10-26 12:00:00+00:00,2025-10-26 07:15:00-05:00,2025-10-26 12:15:00+00:00,AUSTPL_ALL,Resource Node,REAL_TIME_15_MIN,42.85
2025-10-26 07:00:00-05:00,2025-10-26 12:00:00+00:00,2025-10-26 07:15:00-05:00,2025-10-26 12:15:00+00:00,HLSES_UNIT5,Resource Node,REAL_TIME_15_MIN,42.85
2025-10-26 07:00:00-05:00,2025-10-26 12:00:00+00:00,2025-10-26 07:15:00-05:00,2025-10-26 12:15:00+00:00,ODESW_RN,Resource Node,REAL_TIME_15_MIN,42.85
2025-10-26 07:15:00-05:00,2025-10-26 12:15:00+00:00,2025-10-26 07:30:00-05:00,2025-10-26 12:30:00+00:00,AUSTPL_ALL,Resource Node,REAL_TIME_15_MIN,46.22
2025-10-26 07:15:00-05:00,2025-10-26 12:15:00+00:00,2025-10-26 07:30:00-05:00,2025-10-26 12:30:00+00:00,HLSES_UNIT5,Resource Node,REAL_TIME_15_MIN,46.22
2025-10-26 07:15:00-05:00,2025-10-26 12:15:00+00:00,2025-10-26 07:30:00-05:00,2025-10-26 12:30:00+00:00,ODESW_RN,Resource Node,REAL_TIME_15_MIN,46.22
2025-10-26 07:30:00-05:00,2025-10-26 12:30:00+00:00,2025-10-26 07:45:00-05:00,2025-10-26 12:45:00+00:00,AUSTPL_ALL,Resource Node,REAL_TIME_15_MIN,48.45
2025-10-26 07:30:00-05:00,2025-10-26 12:30:00+00:00,2025-10-26 07:45:00-05:00,2025-10-26 12:45:00+00:00,HLSES_UNIT5,Resource Node,REAL_TIME_15_MIN,48.45
2025-10-26 07:30:00-05:00,2025-10-26 12:30:00+00:00,2025-10-26 07:45:00-05:00,2025-10-26 12:45:00+00:00,ODESW_RN,Resource Node,REAL_TIME_15_MIN,48.45
2025-10-26 07:45:00-05:00,2025-10-26 12:45:00+00:00,2025-10-26 08:00:00-05:00,2025-10-26 13:00:00+00:00,AUSTPL_ALL,Resource Node,REAL_TIME_15_MIN,49.75
2025-10-26 07:45:00-05:00,2025-10-26 12:45:00+00:00,2025-10-26 08:00:00-05:00,2025-10-26 13:00:00+00:00,HLSES_UNIT5,Resource Node,REAL_TIME_15_MIN,49.75
2025-10-26 07:45:00-05:00,2025-10-26 12:45:00+00:00,2025-10-26 08:00:00-05:00,2025-10-26 13:00:00+00:00,ODESW_RN,Resource Node,REAL_TIME_15_MIN,49.75
2025-10-26 08:00:00-05:00,2025-10-26 13:00:00+00:00,2025-10-26 08:15:00-05:00,2025-10-26 13:15:00+00:00,AUSTPL_ALL,Resource Node,REAL_TIME_15_MIN,50.36
2025-10-26 08:00:00-05:00,2025-10-26 13:00:00+00:00,2025-10-26 08:15:00-05:00,2025-10-26 13:15:00+00:00,HLSES_UNIT5,Resource Node,REAL_TIME_15_MIN,50.36
2025-10-26 08:00:00-05:00,2025-10-26 13:00:00+00:00,2025-10-26 08:15:00-05:00,2025-10-26 13:15:00+00:00,ODESW_RN,Resource Node,REAL_TIME_15_MIN,50.36
2025-10-26 08:15:00-05:00,2025-10-26 13:15:00+00:00,2025-10-26 08:30:00-05:00,2025-10-26 13:30:00+00:00,AUSTPL_ALL,Resource Node,REAL_TIME_15_MIN,40.95
2025-10-26 08:15:00-05:00,2025-10-26 13:15:00+00:00,2025-10-26 08:30:00-05:00,2025-10-26 13:30:00+00:00,HLSES_UNIT5,Resource Node,REAL_TIME_15_MIN,40.95
2025-10-26 08:15:00-05:00,2025-10-26 13:15:00+00:00,2025-10-26 08:30:00-05:00,2025-10-26 13:30:00+00:00,ODESW_RN,Resource Node,REAL_TIME_15_MIN,40.95
2025-10-26 08:30:00-05:00,2025-10-26 13:30:00+00:00,2025-10-26 08:45:00-05:00,2025-10-26 13:45:00+00:00,AUSTPL_ALL,Resource Node,REAL_TIME_15_MIN,31.57
2025-10-26 08:30:00-05:00,2025-10-26 13:30:00+00:00,2025-10-26 08:45:00-05:00,2025-10-26 13:45:00+00:00,HLSES_UNIT5,Resource Node,REAL_TIME_15_MIN,31.57
2025-10-26 08:30:00-05:00,2025-10-26 13:30:00+00:00,2025-10-26 08:45:00-05:00,2025-10-26 13:45:00+00:00,ODESW_RN,Resource Node,REAL_TIME_15_MIN,31.57
2025-10-26 08:45:00-05:00,2025-10-26 13:45:00+00:00,2025-10-26 09:00:00-05:00,2025-10-26 14:00:00+00:00,AUSTPL_ALL,Resource Node,REAL_TIME_15_MIN,29.54
2025-10-26 08:45:00-05:00,2025-10-26 13:45:00+00:00,2025-10-26 09:00:00-05:00,2025-10-26 14:00:00+00:00,HLSES_UNIT5,Resource Node,REAL_TIME_15_MIN,29.54
2025-10-26 08:45:00-05:00,2025-10-26 13:45:00+00:00,2025-10-26 09:00:00-05:00,2025-10-26 14:00:00+00:00,ODESW_RN,Resource Node,REAL_TIME_15_MIN,29.54
2025-10-26 09:00:00-05:00,2025-10-26 14:00:00+00:00,2025-10-26 09:15:00-05:00,2025-10-26 14:15:00+00:00,AUSTPL_ALL,Resource Node,REAL_TIME_15_MIN,30.5
2025-10-26 09:00:00-05:00,2025-10-26 14:00:00+00:00,2025-10-26 09:15:00-05:00,2025-10-26 14:15:00+00:00,HLSES_UNIT5,Resource Node,REAL_TIME_15_MIN,30.5
2025-10-26 09:00:00-05:00,2025-10-26 14:00:00+00:00,2025-10-26 09:15:00-05:00,2025-10-26 14:15:00+00:00,ODESW_RN,Resource Node,REAL_TIME_15_MIN,30.5
2025-10-26 09:15:00-05:00,2025-10-26 14:15:00+00:00,2025-10-26 09:30:00-05:00,2025-10-26 14:30:00+00:00,AUSTPL_ALL,Resource Node,REAL_TIME_15_MIN,29.35
2025-10-26 09:15:00-05:00,2025-10-26 14:15:00+00:00,2025-10-26 09:30:00-05:00,2025-10-26 14:30:00+00:00,HLSES_UNIT5,Resource Node,REAL_TIME_15_MIN,29.35
2025-10-26 09:15:00-05:00,2025-10-26 14:15:00+00:00,2025-10-26 09:30:00-05:00,2025-10-26 14:30:00+00:00,ODESW_RN,Resource Node,REAL_TIME_15_MIN,29.35
2025-10-26 09:30:00-05:00,2025-10-26 14:30:00+00:00,2025-10-26 09:45:00-05:00,2025-10-26 14:45:00+00:00,AUSTPL_ALL,Resource Node,REAL_TIME_15_MIN,28.55
2025-10-26 09:30:00-05:00,2025-10-26 14:30:00+00:00,2025-10-26 09:45:00-05:00,2025-10-26 14:45:00+00:00,HLSES_UNIT5,Resource Node,REAL_TIME_15_MIN,28.55
2025-10-26 09:30:00-05:00,2025-10-26 14:30:00+00:00,2025-10-26 09:45:00-05:00,2025-10-26 14:45:00+00:00,ODESW_RN,Resource Node,REAL_TIME_15_MIN,28.55
2025-10-26 09:45:00-05:00,2025-10-26 14:45:00+00:00,2025-10-26 10:00:00-05:00,2025-10-26 15:00:00+00:00,AUSTPL_ALL,Resource Node,REAL_TIME_15_MIN,28.7
2025-10-26 09:45:00-05:00,2025-10-26 14:45:00+00:00,2025-10-26 10:00:00-05:00,2025-10-26 15:00:00+00:00,HLSES_UNIT5,Resource Node,REAL_TIME_15_MIN,28.7
2025-10-26 09:45:00-05:00,2025-10-26 14:45:00+00:00,2025-10-26 10:00:00-05:00,2025-10-26 15:00:00+00:00,ODESW_RN,Resource Node,REAL_TIME_15_MIN,28.7
2025-10-26 10:00:00-05:00,2025-10-26 15:00:00+00:00,2025-10-26 10:15:00-05:00,2025-10-26 15:15:00+00:00,AUSTPL_ALL,Resource Node,REAL_TIME_15_MIN,30.26
2025-10-26 10:00:00-05:00,2025-10-26 15:00:00+00:00,2025-10-26 10:15:00-05:00,2025-10-26 15:15:00+00:00,HLSES_UNIT5,Resource Node,REAL_TIME_15_MIN,30.26
2025-10-26 10:00:00-05:00,2025-10-26 15:00:00+00:00,2025-10-26 10:15:00-05:00,2025-10-26 15:15:00+00:00,ODESW_RN,Resource Node,REAL_TIME_15_MIN,30.26
2025-10-26 10:15:00-05:00,2025-10-26 15:15:00+00:00,2025-10-26 10:30:00-05:00,2025-10-26 15:30:00+00:00,AUSTPL_ALL,Resource Node,REAL_TIME_15_MIN,30.67
2025-10-26 10:15:00-05:00,2025-10-26 15:15:00+00:00,2025-10-26 10:30:00-05:00,2025-10-26 15:30:00+00:00,HLSES_UNIT5,Resource Node,REAL_TIME_15_MIN,30.67
2025-10-26 10:15:00-05:00,2025-10-26 15:15:00+00:00,2025-10-26 10:30:00-05:00,2025-10-26 15:30:00+00:00,ODESW_RN,Resource Node,REAL_TIME_15_MIN,30.67
2025-10-26 10:30:00-05:00,2025-10-26 15:30:00+00:00,2025-10-26 10:45:00-05:00,2025-10-26 15:45:00+00:00,AUSTPL_ALL,Resource Node,REAL_TIME_15_MIN,30.39
2025-10-26 10:30:00-05:00,2025-10-26 15:30:00+00:00,2025-10-26 10:45:00-05:00,2025-10-26 15:45:00+00:00,HLSES_UNIT5,Resource Node,REAL_TIME_15_MIN,30.39
2025-10-26 10:30:00-05:00,2025-10-26 15:30:00+00:00,2025-10-26 10:45:00-05:00,2025-10-26 15:45:00+00:00,ODESW_RN,Resource Node,REAL_TIME_15_MIN,30.39
2025-10-26 10:45:00-05:00,2025-10-26 15:45:00+00:00,2025-10-26 11:00:00-05:00,2025-10-26 16:00:00+00:00,AUSTPL_ALL,Resource Node,REAL_TIME_15_MIN,30.05
2025-10-26 10:45:00-05:00,2025-10-26 15:45:00+00:00,2025-10-26 11:00:00-05:00,2025-10-26 16:00:00+00:00,HLSES_UNIT5,Resource Node,REAL_TIME_15_MIN,30.05
2025-10-26 10:45:00-05:00,2025-10-26 15:45:00+00:00,2025-10-26 11:00:00-05:00,2025-10-26 16:00:00+00:00,ODESW_RN,Resource Node,REAL_TIME_15_MIN,30.05
2025-10-26 11:00:00-05:00,2025-10-26 16:00:00+00:00,2025-10-26 11:15:00-05:00,2025-10-26 16:15:00+00:00,AUSTPL_ALL,Resource Node,REAL_TIME_15_MIN,32.26
2025-10-26 11:00:00-05:00,2025-10-26 16:00:00+00:00,2025-10-26 11:15:00-05:00,2025-10-26 16:15:00+00:00,HLSES_UNIT5,Resource Node,REAL_TIME_15_MIN,32.26
2025-10-26 11:00:00-05:00,2025-10-26 16:00:00+00:00,2025-10-26 11:15:00-05:00,2025-10-26 16:15:00+00:00,ODESW_RN,Resource Node,REAL_TIME_15_MIN,32.26
2025-10-26 11:15:00-05:00,2025-10-26 16:15:00+00:00,2025-10-26 11:30:00-05:00,2025-10-26 16:30:00+00:00,AUSTPL_ALL,Resource Node,REAL_TIME_15_MIN,30.21
2025-10-26 11:15:00-05:00,2025-10-26 16:15:00+00:00,2025-10-26 11:30:00-05:00,2025-10-26 16:30:00+00:00,HLSES_UNIT5,Resource Node,REAL_TIME_15_MIN,30.21
2025-10-26 11:15:00-05:00,2025-10-26 16:15:00+00:00,2025-10-26 11:30:00-05:00,2025-10-26 16:30:00+00:00,ODESW_RN,Resource Node,REAL_TIME_15_MIN,30.21
2025-10-26 11:30:00-05:00,2025-10-26 16:30:00+00:00,2025-10-26 11:45:00-05:00,2025-10-26 16:45:00+00:00,AUSTPL_ALL,Resource Node,REAL_TIME_15_MIN,29.56
2025-10-26 11:30:00-05:00,2025-10-26 16:30:00+00:00,2025-10-26 11:45:00-05:00,2025-10-26 16:45:00+00:00,HLSES_UNIT5,Resource Node,REAL_TIME_15_MIN,29.56
2025-10-26 11:30:00-05:00,2025-10-26 16:30:00+00:00,2025-10-26 11:45:00-05:00,2025-10-26 16:45:00+00:00,ODESW_RN,Resource Node,REAL_TIME_15_MIN,29.56
2025-10-26 11:45:00-05:00,2025-10-26 16:45:00+00:00,2025-10-26 12:00:00-05:00,2025-10-26 17:00:00+00:00,AUSTPL_ALL,Resource Node,REAL_TIME_15_MIN,29.63
2025-10-26 11:45:00-05:00,2025-10-26 16:45:00+00:00,2025-10-26 12:00:00-05:00,2025-10-26 17:00:00+00:00,HLSES_UNIT5,Resource Node,REAL_TIME_15_MIN,29.63
2025-10-26 11:45:00-05:00,2025-10-26 16:45:00+00:00,2025-10-26 12:00:00-05:00,2025-10-26 17:00:00+00:00,ODESW_RN,Resource Node,REAL_TIME_15_MIN,29.63
2025-10-26 12:00:00-05:00,2025-10-26 17:00:00+00:00,2025-10-26 12:15:00-05:00,2025-10-26 17:15:00+00:00,AUSTPL_ALL,Resource Node,REAL_TIME_15_MIN,33.98
2025-10-26 12:00:00-05:00,2025-10-26 17:00:00+00:00,2025-10-26 12:15:00-05:00,2025-10-26 17:15:00+00:00,HLSES_UNIT5,Resource Node,REAL_TIME_15_MIN,33.98
2025-10-26 12:00:00-05:00,2025-10-26 17:00:00+00:00,2025-10-26 12:15:00-05:00,2025-10-26 17:15:00+00:00,ODESW_RN,Resource Node,REAL_TIME_15_MIN,33.98
2025-10-26 12:15:00-05:00,2025-10-26 17:15:00+00:00,2025-10-26 12:30:00-05:00,2025-10-26 17:30:00+00:00,AUSTPL_ALL,Resource Node,REAL_TIME_15_MIN,33.85
2025-10-26 12:15:00-05:00,2025-10-26 17:15:00+00:00,2025-10-26 12:30:00-05:00,2025-10-26 17:30:00+00:00,HLSES_UNIT5,Resource Node,REAL_TIME_15_MIN,33.85
2025-10-26 12:15:00-05:00,2025-10-26 17:15:00+00:00,2025-10-26 12:30:00-05:00,2025-10-26 17:30:00+00:00,ODESW_RN,Resource Node,REAL_TIME_15_MIN,33.85
2025-10-26 12:30:00-05:00,2025-10-26 17:30:00+00:00,2025-10-26 12:45:00-05:00,2025-10-26 17:45:00+00:00,AUSTPL_ALL,Resource Node,REAL_TIME_15_MIN,32.49
2025-10-26 12:30:00-05:00,2025-10-26 17:30:00+00:00,2025-10-26 12:45:00-05:00,2025-10-26 17:45:00+00:00,HLSES_UNIT5,Resource Node,REAL_TIME_15_MIN,32.49
2025-10-26 12:30:00-05:00,2025-10-26 17:30:00+00:00,2025-10-26 12:45:00-05:00,2025-10-26 17:45:00+00:00,ODESW_RN,Resource Node,REAL_TIME_15_MIN,32.49
2025-10-26 12:45:00-05:00,2025-10-26 17:45:00+00:00,2025-10-26 13:00:00-05:00,2025-10-26 18:00:00+00:00,AUSTPL_ALL,Resource Node,REAL_TIME_15_MIN,32.57
2025-10-26 12:45:00-05:00,2025-10-26 17:45:00+00:00,2025-10-26 13:00:00-05:00,2025-10-26 18:00:00+00:00,HLSES_UNIT5,Resource Node,REAL_TIME_15_MIN,32.57
2025-10-26 12:45:00-05:00,2025-10-26 17:45:00+00:00,2025-10-26 13:00:00-05:00,2025-10-26 18:00:00+00:00,ODESW_RN,Resource Node,REAL_TIME_15_MIN,32.57
2025-10-26 13:00:00-05:00,2025-10-26 18:00:00+00:00,2025-10-26 13:15:00-05:00,2025-10-26 18:15:00+00:00,AUSTPL_ALL,Resource Node,REAL_TIME_15_MIN,28.01
2025-10-26 13:00:00-05:00,2025-10-26 18:00:00+00:00,2025-10-26 13:15:00-05:00,2025-10-26 18:15:00+00:00,HLSES_UNIT5,Resource Node,REAL_TIME_15_MIN,28.01
2025-10-26 13:00:00-05:00,2025-10-26 18:00:00+00:00,2025-10-26 13:15:00-05:00,2025-10-26 18:15:00+00:00,ODESW_RN,Resource Node,REAL_TIME_15_MIN,28.01
2025-10-26 13:15:00-05:00,2025-10-26 18:15:00+00:00,2025-10-26 13:30:00-05:00,2025-10-26 18:30:00+00:00,AUSTPL_ALL,Resource Node,REAL_TIME_15_MIN,27.09
2025-10-26 13:15:00-05:00,2025-10-26 18:15:00+00:00,2025-10-26 13:30:00-05:00,2025-10-26 18:30:00+00:00,HLSES_UNIT5,Resource Node,REAL_TIME_15_MIN,27.09
2025-10-26 13:15:00-05:00,2025-10-26 18:15:00+00:00,2025-10-26 13:30:00-05:00,2025-10-26 18:30:00+00:00,ODESW_RN,Resource Node,REAL_TIME_15_MIN,27.09
2025-10-26 13:30:00-05:00,2025-10-26 18:30:00+00:00,2025-10-26 13:45:00-05:00,2025-10-26 18:45:00+00:00,AUSTPL_ALL,Resource Node,REAL_TIME_15_MIN,27.21
2025-10-26 13:30:00-05:00,2025-10-26 18:30:00+00:00,2025-10-26 13:45:00-05:00,2025-10-26 18:45:00+00:00,HLSES_UNIT5,Resource Node,REAL_TIME_15_MIN,27.21
2025-10-26 13:30:00-05:00,2025-10-26 18:30:00+00:00,2025-10-26 13:45:00-05:00,2025-10-26 18:45:00+00:00,ODESW_RN,Resource Node,REAL_TIME_15_MIN,27.21
2025-10-26 13:45:00-05:00,2025-10-26 18:45:00+00:00,2025-10-26 14:00:00-05:00,2025-10-26 19:00:00+00:00,AUSTPL_ALL,Resource Node,REAL_TIME_15_MIN,26.77
2025-10-26 13:45:00-05:00,2025-10-26 18:45:00+00:00,2025-10-26 14:00:00-05:00,2025-10-26 19:00:00+00:00,HLSES_UNIT5,Resource Node,REAL_TIME_15_MIN,26.78
2025-10-26 13:45:00-05:00,2025-10-26 18:45:00+00:00,2025-10-26 14:00:00-05:00,2025-10-26 19:00:00+00:00,ODESW_RN,Resource Node,REAL_TIME_15_MIN,26.78
2025-10-26 14:00:00-05:00,2025-10-26 19:00:00+00:00,2025-10-26 14:15:00-05:00,2025-10-26 19:15:00+00:00,AUSTPL_ALL,Resource Node,REAL_TIME_15_MIN,25.76
2025-10-26 14:00:00-05:00,2025-10-26 19:00:00+00:00,2025-10-26 14:15:00-05:00,2025-10-26 19:15:00+00:00,HLSES_UNIT5,Resource Node,REAL_TIME_15_MIN,25.76
2025-10-26 14:00:00-05:00,2025-10-26 19:00:00+00:00,2025-10-26 14:15:00-05:00,2025-10-26 19:15:00+00:00,ODESW_RN,Resource Node,REAL_TIME_15_MIN,25.76
2025-10-26 14:15:00-05:00,2025-10-26 19:15:00+00:00,2025-10-26 14:30:00-05:00,2025-10-26 19:30:00+00:00,AUSTPL_ALL,Resource Node,REAL_TIME_15_MIN,25.31
2025-10-26 14:15:00-05:00,2025-10-26 19:15:00+00:00,2025-10-26 14:30:00-05:00,2025-10-26 19:30:00+00:00,HLSES_UNIT5,Resource Node,REAL_TIME_15_MIN,25.31
2025-10-26 14:15:00-05:00,2025-10-26 19:15:00+00:00,2025-10-26 14:30:00-05:00,2025-10-26 19:30:00+00:00,ODESW_RN,Resource Node,REAL_TIME_15_MIN,25.31
2025-10-26 14:30:00-05:00,2025-10-26 19:30:00+00:00,2025-10-26 14:45:00-05:00,2025-10-26 19:45:00+00:00,AUSTPL_ALL,Resource Node,REAL_TIME_15_MIN,26.28
2025-10-26 14:30:00-05:00,2025-10-26 19:30:00+00:00,2025-10-26 14:45:00-05:00,2025-10-26 19:45:00+00:00,HLSES_UNIT5,Resource Node,REAL_TIME_15_MIN,25.63
2025-10-26 14:30:00-05:00,2025-10-26 19:30:00+00:00,2025-10-26 14:45:00-05:00,2025-10-26 19:45:00+00:00,ODESW_RN,Resource Node,REAL_TIME_15_MIN,25.77
2025-10-26 14:45:00-05:00,2025-10-26 19:45:00+00:00,2025-10-26 15:00:00-05:00,2025-10-26 20:00:00+00:00,AUSTPL_ALL,Resource Node,REAL_TIME_15_MIN,26.95
2025-10-26 14:45:00-05:00,2025-10-26 19:45:00+00:00,2025-10-26 15:00:00-05:00,2025-10-26 20:00:00+00:00,HLSES_UNIT5,Resource Node,REAL_TIME_15_MIN,23.93
2025-10-26 14:45:00-05:00,2025-10-26 19:45:00+00:00,2025-10-26 15:00:00-05:00,2025-10-26 20:00:00+00:00,ODESW_RN,Resource Node,REAL_TIME_15_MIN,24.54
2025-10-26 15:00:00-05:00,2025-10-26 20:00:00+00:00,2025-10-26 15:15:00-05:00,2025-10-26 20:15:00+00:00,AUSTPL_ALL,Resource Node,REAL_TIME_15_MIN,31.76
2025-10-26 15:00:00-05:00,2025-10-26 20:00:00+00:00,2025-10-26 15:15:00-05:00,2025-10-26 20:15:00+00:00,HLSES_UNIT5,Resource Node,REAL_TIME_15_MIN,23.86
2025-10-26 15:00:00-05:00,2025-10-26 20:00:00+00:00,2025-10-26 15:15:00-05:00,2025-10-26 20:15:00+00:00,ODESW_RN,Resource Node,REAL_TIME_15_MIN,25.46
2025-10-26 15:15:00-05:00,2025-10-26 20:15:00+00:00,2025-10-26 15:30:00-05:00,2025-10-26 20:30:00+00:00,AUSTPL_ALL,Resource Node,REAL_TIME_15_MIN,33.53
2025-10-26 15:15:00-05:00,2025-10-26 20:15:00+00:00,2025-10-26 15:30:00-05:00,2025-10-26 20:30:00+00:00,HLSES_UNIT5,Resource Node,REAL_TIME_15_MIN,23.25
2025-10-26 15:15:00-05:00,2025-10-26 20:15:00+00:00,2025-10-26 15:30:00-05:00,2025-10-26 20:30:00+00:00,ODESW_RN,Resource Node,REAL_TIME_15_MIN,25.33
2025-10-26 15:30:00-05:00,2025-10-26 20:30:00+00:00,2025-10-26 15:45:00-05:00,2025-10-26 20:45:00+00:00,AUSTPL_ALL,Resource Node,REAL_TIME_15_MIN,47.56
2025-10-26 15:30:00-05:00,2025-10-26 20:30:00+00:00,2025-10-26 15:45:00-05:00,2025-10-26 20:45:00+00:00,HLSES_UNIT5,Resource Node,REAL_TIME_15_MIN,23.85
2025-10-26 15:30:00-05:00,2025-10-26 20:30:00+00:00,2025-10-26 15:45:00-05:00,2025-10-26 20:45:00+00:00,ODESW_RN,Resource Node,REAL_TIME_15_MIN,28.65
2025-10-26 15:45:00-05:00,2025-10-26 20:45:00+00:00,2025-10-26 16:00:00-05:00,2025-10-26 21:00:00+00:00,AUSTPL_ALL,Resource Node,REAL_TIME_15_MIN,44.35
2025-10-26 15:45:00-05:00,2025-10-26 20:45:00+00:00,2025-10-26 16:00:00-05:00,2025-10-26 21:00:00+00:00,HLSES_UNIT5,Resource Node,REAL_TIME_15_MIN,23.09
2025-10-26 15:45:00-05:00,2025-10-26 20:45:00+00:00,2025-10-26 16:00:00-05:00,2025-10-26 21:00:00+00:00,ODESW_RN,Resource Node,REAL_TIME_15_MIN,27.39
2025-10-26 16:00:00-05:00,2025-10-26 21:00:00+00:00,2025-10-26 16:15:00-05:00,2025-10-26 21:15:00+00:00,AUSTPL_ALL,Resource Node,REAL_TIME_15_MIN,31.53
2025-10-26 16:00:00-05:00,2025-10-26 21:00:00+00:00,2025-10-26 16:15:00-05:00,2025-10-26 21:15:00+00:00,HLSES_UNIT5,Resource Node,REAL_TIME_15_MIN,22.62
2025-10-26 16:00:00-05:00,2025-10-26 21:00:00+00:00,2025-10-26 16:15:00-05:00,2025-10-26 21:15:00+00:00,ODESW_RN,Resource Node,REAL_TIME_15_MIN,24.41
2025-10-26 16:15:00-05:00,2025-10-26 21:15:00+00:00,2025-10-26 16:30:00-05:00,2025-10-26 21:30:00+00:00,AUSTPL_ALL,Resource Node,REAL_TIME_15_MIN,27.48
2025-10-26 16:15:00-05:00,2025-10-26 21:15:00+00:00,2025-10-26 16:30:00-05:00,2025-10-26 21:30:00+00:00,HLSES_UNIT5,Resource Node,REAL_TIME_15_MIN,23.37
2025-10-26 16:15:00-05:00,2025-10-26 21:15:00+00:00,2025-10-26 16:30:00-05:00,2025-10-26 21:30:00+00:00,ODESW_RN,Resource Node,REAL_TIME_15_MIN,24.2
2025-10-26 16:30:00-05:00,2025-10-26 21:30:00+00:00,2025-10-26 16:45:00-05:00,2025-10-26 21:45:00+00:00,AUSTPL_ALL,Resource Node,REAL_TIME_15_MIN,30.97
2025-10-26 16:30:00-05:00,2025-10-26 21:30:00+00:00,2025-10-26 16:45:00-05:00,2025-10-26 21:45:00+00:00,HLSES_UNIT5,Resource Node,REAL_TIME_15_MIN,26.31
2025-10-26 16:30:00-05:00,2025-10-26 21:30:00+00:00,2025-10-26 16:45:00-05:00,2025-10-26 21:45:00+00:00,ODESW_RN,Resource Node,REAL_TIME_15_MIN,27.25
2025-10-26 16:45:00-05:00,2025-10-26 21:45:00+00:00,2025-10-26 17:00:00-05:00,2025-10-26 22:00:00+00:00,AUSTPL_ALL,Resource Node,REAL_TIME_15_MIN,32.84
2025-10-26 16:45:00-05:00,2025-10-26 21:45:00+00:00,2025-10-26 17:00:00-05:00,2025-10-26 22:00:00+00:00,HLSES_UNIT5,Resource Node,REAL_TIME_15_MIN,32.23
2025-10-26 16:45:00-05:00,2025-10-26 21:45:00+00:00,2025-10-26 17:00:00-05:00,2025-10-26 22:00:00+00:00,ODESW_RN,Resource Node,REAL_TIME_15_MIN,32.35
2025-10-26 17:00:00-05:00,2025-10-26 22:00:00+00:00,2025-10-26 17:15:00-05:00,2025-10-26 22:15:00+00:00,AUSTPL_ALL,Resource Node,REAL_TIME_15_MIN,52.31
2025-10-26 17:00:00-05:00,2025-10-26 22:00:00+00:00,2025-10-26 17:15:00-05:00,2025-10-26 22:15:00+00:00,HLSES_UNIT5,Resource Node,REAL_TIME_15_MIN,33.0
2025-10-26 17:00:00-05:00,2025-10-26 22:00:00+00:00,2025-10-26 17:15:00-05:00,2025-10-26 22:15:00+00:00,ODESW_RN,Resource Node,REAL_TIME_15_MIN,36.89
2025-10-26 17:15:00-05:00,2025-10-26 22:15:00+00:00,2025-10-26 17:30:00-05:00,2025-10-26 22:30:00+00:00,AUSTPL_ALL,Resource Node,REAL_TIME_15_MIN,69.88
2025-10-26 17:15:00-05:00,2025-10-26 22:15:00+00:00,2025-10-26 17:30:00-05:00,2025-10-26 22:30:00+00:00,HLSES_UNIT5,Resource Node,REAL_TIME_15_MIN,47.79
2025-10-26 17:15:00-05:00,2025-10-26 22:15:00+00:00,2025-10-26 17:30:00-05:00,2025-10-26 22:30:00+00:00,ODESW_RN,Resource Node,REAL_TIME_15_MIN,52.24
2025-10-26 17:30:00-05:00,2025-10-26 22:30:00+00:00,2025-10-26 17:45:00-05:00,2025-10-26 22:45:00+00:00,AUSTPL_ALL,Resource Node,REAL_TIME_15_MIN,80.85
2025-10-26 17:30:00-05:00,2025-10-26 22:30:00+00:00,2025-10-26 17:45:00-05:00,2025-10-26 22:45:00+00:00,HLSES_UNIT5,Resource Node,REAL_TIME_15_MIN,77.21
2025-10-26 17:30:00-05:00,2025-10-26 22:30:00+00:00,2025-10-26 17:45:00-05:00,2025-10-26 22:45:00+00:00,ODESW_RN,Resource Node,REAL_TIME_15_MIN,77.94
2025-10-26 17:45:00-05:00,2025-10-26 22:45:00+00:00,2025-10-26 18:00:00-05:00,2025-10-26 23:00:00+00:00,AUSTPL_ALL,Resource Node,REAL_TIME_15_MIN,96.31
2025-10-26 17:45:00-05:00,2025-10-26 22:45:00+00:00,2025-10-26 18:00:00-05:00,2025-10-26 23:00:00+00:00,HLSES_UNIT5,Resource Node,REAL_TIME_15_MIN,96.31
2025-10-26 17:45:00-05:00,2025-10-26 22:45:00+00:00,2025-10-26 18:00:00-05:00,2025-10-26 23:00:00+00:00,ODESW_RN,Resource Node,REAL_TIME_15_MIN,96.31
2025-10-26 18:00:00-05:00,2025-10-26 23:00:00+00:00,2025-10-26 18:15:00-05:00,2025-10-26 23:15:00+00:00,AUSTPL_ALL,Resource Node,REAL_TIME_15_MIN,83.04
2025-10-26 18:00:00-05:00,2025-10-26 23:00:00+00:00,2025-10-26 18:15:00-05:00,2025-10-26 23:15:00+00:00,HLSES_UNIT5,Resource Node,REAL_TIME_15_MIN,83.04
2025-10-26 18:00:00-05:00,2025-10-26 23:00:00+00:00,2025-10-26 18:15:00-05:00,2025-10-26 23:15:00+00:00,ODESW_RN,Resource Node,REAL_TIME_15_MIN,83.04
2025-10-26 18:15:00-05:00,2025-10-26 23:15:00+00:00,2025-10-26 18:30:00-05:00,2025-10-26 23:30:00+00:00,AUSTPL_ALL,Resource Node,REAL_TIME_15_MIN,100.01
2025-10-26 18:15:00-05:00,2025-10-26 23:15:00+00:00,2025-10-26 18:30:00-05:00,2025-10-26 23:30:00+00:00,HLSES_UNIT5,Resource Node,REAL_TIME_15_MIN,100.01
2025-10-26 18:15:00-05:00,2025-10-26 23:15:00+00:00,2025-10-26 18:30:00-05:00,2025-10-26 23:30:00+00:00,ODESW_RN,Resource Node,REAL_TIME_15_MIN,100.01
2025-10-26 18:30:00-05:00,2025-10-26 23:30:00+00:00,2025-10-26 18:45:00-05:00,2025-10-26 23:45:00+00:00,AUSTPL_ALL,Resource Node,REAL_TIME_15_MIN,130.9
2025-10-26 18:30:00-05:00,2025-10-26 23:30:00+00:00,2025-10-26 18:45:00-05:00,2025-10-26 23:45:00+00:00,HLSES_UNIT5,Resource Node,REAL_TIME_15_MIN,130.9
2025-10-26 18:30:00-05:00,2025-10-26 23:30:00+00:00,2025-10-26 18:45:00-05:00,2025-10-26 23:45:00+00:00,ODESW_RN,Resource Node,REAL_TIME_15_MIN,130.9
2025-10-26 18:45:00-05:00,2025-10-26 23:45:00+00:00,2025-10-26 19:00:00-05:00,2025-10-27 00:00:00+00:00,AUSTPL_ALL,Resource Node,REAL_TIME_15_MIN,145.96
2025-10-26 18:45:00-05:00,2025-10-26 23:45:00+00:00,2025-10-26 19:00:00-05:00,2025-10-27 00:00:00+00:00,HLSES_UNIT5,Resource Node,REAL_TIME_15_MIN,145.96
2025-10-26 18:45:00-05:00,2025-10-26 23:45:00+00:00,2025-10-26 19:00:00-05:00,2025-10-27 00:00:00+00:00,ODESW_RN,Resource Node,REAL_TIME_15_MIN,145.96
2025-10-26 19:00:00-05:00,2025-10-27 00:00:00+00:00,2025-10-26 19:15:00-05:00,2025-10-27 00:15:00+00:00,AUSTPL_ALL,Resource Node,REAL_TIME_15_MIN,160.12
2025-10-26 19:00:00-05:00,2025-10-27 00:00:00+00:00,2025-10-26 19:15:00-05:00,2025-10-27 00:15:00+00:00,HLSES_UNIT5,Resource Node,REAL_TIME_15_MIN,160.12
2025-10-26 19:00:00-05:00,2025-10-27 00:00:00+00:00,2025-10-26 19:15:00-05:00,2025-10-27 00:15:00+00:00,ODESW_RN,Resource Node,REAL_TIME_15_MIN,160.12
2025-10-26 19:15:00-05:00,2025-10-27 00:15:00+00:00,2025-10-26 19:30:00-05:00,2025-10-27 00:30:00+00:00,AUSTPL_ALL,Resource Node,REAL_TIME_15_MIN,127.42
2025-10-26 19:15:00-05:00,2025-10-27 00:15:00+00:00,2025-10-26 19:30:00-05:00,2025-10-27 00:30:00+00:00,HLSES_UNIT5,Resource Node,REAL_TIME_15_MIN,127.42
2025-10-26 19:15:00-05:00,2025-10-27 00:15:00+00:00,2025-10-26 19:30:00-05:00,2025-10-27 00:30:00+00:00,ODESW_RN,Resource Node,REAL_TIME_15_MIN,127.42
2025-10-26 19:30:00-05:00,2025-10-27 00:30:00+00:00,2025-10-26 19:45:00-05:00,2025-10-27 00:45:00+00:00,AUSTPL_ALL,Resource Node,REAL_TIME_15_MIN,93.27
2025-10-26 19:30:00-05:00,2025-10-27 00:30:00+00:00,2025-10-26 19:45:00-05:00,2025-10-27 00:45:00+00:00,HLSES_UNIT5,Resource Node,REAL_TIME_15_MIN,93.27
2025-10-26 19:30:00-05:00,2025-10-27 00:30:00+00:00,2025-10-26 19:45:00-05:00,2025-10-27 00:45:00+00:00,ODESW_RN,Resource Node,REAL_TIME_15_MIN,93.27
2025-10-26 19:45:00-05:00,2025-10-27 00:45:00+00:00,2025-10-26 20:00:00-05:00,2025-10-27 01:00:00+00:00,AUSTPL_ALL,Resource Node,REAL_TIME_15_MIN,81.44
2025-10-26 19:45:00-05:00,2025-10-27 00:45:00+00:00,2025-10-26 20:00:00-05:00,2025-10-27 01:00:00+00:00,HLSES_UNIT5,Resource Node,REAL_TIME_15_MIN,81.44
2025-10-26 19:45:00-05:00,2025-10-27 00:45:00+00:00,2025-10-26 20:00:00-05:00,2025-10-27 01:00:00+00:00,ODESW_RN,Resource Node,REAL_TIME_15_MIN,81.44
2025-10-26 20:00:00-05:00,2025-10-27 01:00:00+00:00,2025-10-26 20:15:00-05:00,2025-10-27 01:15:00+00:00,AUSTPL_ALL,Resource Node,REAL_TIME_15_MIN,109.01
2025-10-26 20:00:00-05:00,2025-10-27 01:00:00+00:00,2025-10-26 20:15:00-05:00,2025-10-27 01:15:00+00:00,HLSES_UNIT5,Resource Node,REAL_TIME_15_MIN,109.01
2025-10-26 20:00:00-05:00,2025-10-27 01:00:00+00:00,2025-10-26 20:15:00-05:00,2025-10-27 01:15:00+00:00,ODESW_RN,Resource Node,REAL_TIME_15_MIN,109.01
2025-10-26 20:15:00-05:00,2025-10-27 01:15:00+00:00,2025-10-26 20:30:00-05:00,2025-10-27 01:30:00+00:00,AUSTPL_ALL,Resource Node,REAL_TIME_15_MIN,97.94
2025-10-26 20:15:00-05:00,2025-10-27 01:15:00+00:00,2025-10-26 20:30:00-05:00,2025-10-27 01:30:00+00:00,HLSES_UNIT5,Resource Node,REAL_TIME_15_MIN,97.94
2025-10-26 20:15:00-05:00,2025-10-27 01:15:00+00:00,2025-10-26 20:30:00-05:00,2025-10-27 01:30:00+00:00,ODESW_RN,Resource Node,REAL_TIME_15_MIN,97.94
2025-10-26 20:30:00-05:00,2025-10-27 01:30:00+00:00,2025-10-26 20:45:00-05:00,2025-10-27 01:45:00+00:00,AUSTPL_ALL,Resource Node,REAL_TIME_15_MIN,64.08
2025-10-26 20:30:00-05:00,2025-10-27 01:30:00+00:00,2025-10-26 20:45:00-05:00,2025-10-27 01:45:00+00:00,HLSES_UNIT5,Resource Node,REAL_TIME_15_MIN,62.91
2025-10-26 20:30:00-05:00,2025-10-27 01:30:00+00:00,2025-10-26 20:45:00-05:00,2025-10-27 01:45:00+00:00,ODESW_RN,Resource Node,REAL_TIME_15_MIN,74.48
2025-10-26 20:45:00-05:00,2025-10-27 01:45:00+00:00,2025-10-26 21:00:00-05:00,2025-10-27 02:00:00+00:00,AUSTPL_ALL,Resource Node,REAL_TIME_15_MIN,44.46
2025-10-26 20:45:00-05:00,2025-10-27 01:45:00+00:00,2025-10-26 21:00:00-05:00,2025-10-27 02:00:00+00:00,HLSES_UNIT5,Resource Node,REAL_TIME_15_MIN,41.51
2025-10-26 20:45:00-05:00,2025-10-27 01:45:00+00:00,2025-10-26 21:00:00-05:00,2025-10-27 02:00:00+00:00,ODESW_RN,Resource Node,REAL_TIME_15_MIN,70.71
2025-10-26 21:00:00-05:00,2025-10-27 02:00:00+00:00,2025-10-26 21:15:00-05:00,2025-10-27 02:15:00+00:00,AUSTPL_ALL,Resource Node,REAL_TIME_15_MIN,56.31
2025-10-26 21:00:00-05:00,2025-10-27 02:00:00+00:00,2025-10-26 21:15:00-05:00,2025-10-27 02:15:00+00:00,HLSES_UNIT5,Resource Node,REAL_TIME_15_MIN,52.72
2025-10-26 21:00:00-05:00,2025-10-27 02:00:00+00:00,2025-10-26 21:15:00-05:00,2025-10-27 02:15:00+00:00,ODESW_RN,Resource Node,REAL_TIME_15_MIN,88.16
2025-10-26 21:15:00-05:00,2025-10-27 02:15:00+00:00,2025-10-26 21:30:00-05:00,2025-10-27 02:30:00+00:00,AUSTPL_ALL,Resource Node,REAL_TIME_15_MIN,40.09
2025-10-26 21:15:00-05:00,2025-10-27 02:15:00+00:00,2025-10-26 21:30:00-05:00,2025-10-27 02:30:00+00:00,HLSES_UNIT5,Resource Node,REAL_TIME_15_MIN,39.44
2025-10-26 21:15:00-05:00,2025-10-27 02:15:00+00:00,2025-10-26 21:30:00-05:00,2025-10-27 02:30:00+00:00,ODESW_RN,Resource Node,REAL_TIME_15_MIN,45.94
2025-10-26 21:30:00-05:00,2025-10-27 02:30:00+00:00,2025-10-26 21:45:00-05:00,2025-10-27 02:45:00+00:00,AUSTPL_ALL,Resource Node,REAL_TIME_15_MIN,39.46
2025-10-26 21:30:00-05:00,2025-10-27 02:30:00+00:00,2025-10-26 21:45:00-05:00,2025-10-27 02:45:00+00:00,HLSES_UNIT5,Resource Node,REAL_TIME_15_MIN,37.44
2025-10-26 21:30:00-05:00,2025-10-27 02:30:00+00:00,2025-10-26 21:45:00-05:00,2025-10-27 02:45:00+00:00,ODESW_RN,Resource Node,REAL_TIME_15_MIN,55.22
2025-10-26 21:45:00-05:00,2025-10-27 02:45:00+00:00,2025-10-26 22:00:00-05:00,2025-10-27 03:00:00+00:00,AUSTPL_ALL,Resource Node,REAL_TIME_15_MIN,36.69
2025-10-26 21:45:00-05:00,2025-10-27 02:45:00+00:00,2025-10-26 22:00:00-05:00,2025-10-27 03:00:00+00:00,HLSES_UNIT5,Resource Node,REAL_TIME_15_MIN,34.76
2025-10-26 21:45:00-05:00,2025-10-27 02:45:00+00:00,2025-10-26 22:00:00-05:00,2025-10-27 03:00:00+00:00,ODESW_RN,Resource Node,REAL_TIME_15_MIN,51.27
2025-10-26 22:00:00-05:00,2025-10-27 03:00:00+00:00,2025-10-26 22:15:00-05:00,2025-10-27 03:15:00+00:00,AUSTPL_ALL,Resource Node,REAL_TIME_15_MIN,44.55
2025-10-26 22:00:00-05:00,2025-10-27 03:00:00+00:00,2025-10-26 22:15:00-05:00,2025-10-27 03:15:00+00:00,HLSES_UNIT5,Resource Node,REAL_TIME_15_MIN,39.55
2025-10-26 22:00:00-05:00,2025-10-27 03:00:00+00:00,2025-10-26 22:15:00-05:00,2025-10-27 03:15:00+00:00,ODESW_RN,Resource Node,REAL_TIME_15_MIN,80.45
2025-10-26 22:15:00-05:00,2025-10-27 03:15:00+00:00,2025-10-26 22:30:00-05:00,2025-10-27 03:30:00+00:00,AUSTPL_ALL,Resource Node,REAL_TIME_15_MIN,39.52
2025-10-26 22:15:00-05:00,2025-10-27 03:15:00+00:00,2025-10-26 22:30:00-05:00,2025-10-27 03:30:00+00:00,HLSES_UNIT5,Resource Node,REAL_TIME_15_MIN,39.33
2025-10-26 22:15:00-05:00,2025-10-27 03:15:00+00:00,2025-10-26 22:30:00-05:00,2025-10-27 03:30:00+00:00,ODESW_RN,Resource Node,REAL_TIME_15_MIN,40.52
2025-10-26 22:30:00-05:00,2025-10-27 03:30:00+00:00,2025-10-26 22:45:00-05:00,2025-10-27 03:45:00+00:00,AUSTPL_ALL,Resource Node,REAL_TIME_15_MIN,34.05
2025-10-26 22:30:00-05:00,2025-10-27 03:30:00+00:00,2025-10-26 22:45:00-05:00,2025-10-27 03:45:00+00:00,HLSES_UNIT5,Resource Node,REAL_TIME_15_MIN,33.61
2025-10-26 22:30:00-05:00,2025-10-27 03:30:00+00:00,2025-10-26 22:45:00-05:00,2025-10-27 03:45:00+00:00,ODESW_RN,Resource Node,REAL_TIME_15_MIN,36.21
2025-10-26 22:45:00-05:00,2025-10-27 03:45:00+00:00,2025-10-26 23:00:00-05:00,2025-10-27 04:00:00+00:00,AUSTPL_ALL,Resource Node,REAL_TIME_15_MIN,33.62
2025-10-26 22:45:00-05:00,2025-10-27 03:45:00+00:00,2025-10-26 23:00:00-05:00,2025-10-27 04:00:00+00:00,HLSES_UNIT5,Resource Node,REAL_TIME_15_MIN,33.19
2025-10-26 22:45:00-05:00,2025-10-27 03:45:00+00:00,2025-10-26 23:00:00-05:00,2025-10-27 04:00:00+00:00,ODESW_RN,Resource Node,REAL_TIME_15_MIN,35.7
2025-10-26 23:00:00-05:00,2025-10-27 04:00:00+00:00,2025-10-26 23:15:00-05:00,2025-10-27 04:15:00+00:00,AUSTPL_ALL,Resource Node,REAL_TIME_15_MIN,36.49
2025-10-26 23:00:00-05:00,2025-10-27 04:00:00+00:00,2025-10-26 23:15:00-05:00,2025-10-27 04:15:00+00:00,HLSES_UNIT5,Resource Node,REAL_TIME_15_MIN,35.66
2025-10-26 23:00:00-05:00,2025-10-27 04:00:00+00:00,2025-10-26 23:15:00-05:00,2025-10-27 04:15:00+00:00,ODESW_RN,Resource Node,REAL_TIME_15_MIN,40.48
2025-10-26 23:15:00-05:00,2025-10-27 04:15:00+00:00,2025-10-26 23:30:00-05:00,2025-10-27 04:30:00+00:00,AUSTPL_ALL,Resource Node,REAL_TIME_15_MIN,33.53
2025-10-26 23:15:00-05:00,2025-10-27 04:15:00+00:00,2025-10-26 23:30:00-05:00,2025-10-27 04:30:00+00:00,HLSES_UNIT5,Resource Node,REAL_TIME_15_MIN,32.48
2025-10-26 23:15:00-05:00,2025-10-27 04:15:00+00:00,2025-10-26 23:30:00-05:00,2025-10-27 04:30:00+00:00,ODESW_RN,Resource Node,REAL_TIME_15_MIN,38.61
2025-10-26 23:30:00-05:00,2025-10-27 04:30:00+00:00,2025-10-26 23:45:00-05:00,2025-10-27 04:45:00+00:00,AUSTPL_ALL,Resource Node,REAL_TIME_15_MIN,33.47
2025-10-26 23:30:00-05:00,2025-10-27 04:30:00+00:00,2025-10-26 23:45:00-05:00,2025-10-27 04:45:00+00:00,HLSES_UNIT5,Resource Node,REAL_TIME_15_MIN,32.45
2025-10-26 23:30:00-05:00,2025-10-27 04:30:00+00:00,2025-10-26 23:45:00-05:00,2025-10-27 04:45:00+00:00,ODESW_RN,Resource Node,REAL_TIME_15_MIN,38.4
2025-10-26 23:45:00-05:00,2025-10-27 04:45:00+00:00,2025-10-27 00:00:00-05:00,2025-10-27 05:00:00+00:00,AUSTPL_ALL,Resource Node,REAL_TIME_15_MIN,32.47
2025-10-26 23:45:00-05:00,2025-10-27 04:45:00+00:00,2025-10-27 00:00:00-05:00,2025-10-27 05:00:00+00:00,HLSES_UNIT5,Resource Node,REAL_TIME_15_MIN,30.11
2025-10-26 23:45:00-05:00,2025-10-27 04:45:00+00:00,2025-10-27 00:00:00-05:00,2025-10-27 05:00:00+00:00,ODESW_RN,Resource Node,REAL_TIME_15_MIN,43.89
2025-10-26 00:00:00-05:00,2025-10-26 05:00:00+00:00,2025-10-26 00:15:00-05:00,2025-10-26 05:15:00+00:00,CBY_CBY_G1,Resource Node,REAL_TIME_15_MIN,51.11
2025-10-26 00:00:00-05:00,2025-10-26 05:00:00+00:00,2025-10-26 00:15:00-05:00,2025-10-26 05:15:00+00:00,CNTRY_RN,Resource Node,REAL_TIME_15_MIN,52.13
2025-10-26 00:15:00-05:00,2025-10-26 05:15:00+00:00,2025-10-26 00:30:00-05:00,2025-10-26 05:30:00+00:00,CBY_CBY_G1,Resource Node,REAL_TIME_15_MIN,53.85
2025-10-26 00:15:00-05:00,2025-10-26 05:15:00+00:00,2025-10-26 00:30:00-05:00,2025-10-26 05:30:00+00:00,CNTRY_RN,Resource Node,REAL_TIME_15_MIN,54.34
2025-10-26 00:30:00-05:00,2025-10-26 05:30:00+00:00,2025-10-26 00:45:00-05:00,2025-10-26 05:45:00+00:00,CBY_CBY_G1,Resource Node,REAL_TIME_15_MIN,51.1
2025-10-26 00:30:00-05:00,2025-10-26 05:30:00+00:00,2025-10-26 00:45:00-05:00,2025-10-26 05:45:00+00:00,CNTRY_RN,Resource Node,REAL_TIME_15_MIN,51.53
2025-10-26 00:45:00-05:00,2025-10-26 05:45:00+00:00,2025-10-26 01:00:00-05:00,2025-10-26 06:00:00+00:00,CBY_CBY_G1,Resource Node,REAL_TIME_15_MIN,47.48
2025-10-26 00:45:00-05:00,2025-10-26 05:45:00+00:00,2025-10-26 01:00:00-05:00,2025-10-26 06:00:00+00:00,CNTRY_RN,Resource Node,REAL_TIME_15_MIN,47.67
2025-10-26 01:00:00-05:00,2025-10-26 06:00:00+00:00,2025-10-26 01:15:00-05:00,2025-10-26 06:15:00+00:00,CBY_CBY_G1,Resource Node,REAL_TIME_15_MIN,48.98
2025-10-26 01:00:00-05:00,2025-10-26 06:00:00+00:00,2025-10-26 01:15:00-05:00,2025-10-26 06:15:00+00:00,CNTRY_RN,Resource Node,REAL_TIME_15_MIN,48.61
2025-10-26 01:15:00-05:00,2025-10-26 06:15:00+00:00,2025-10-26 01:30:00-05:00,2025-10-26 06:30:00+00:00,CBY_CBY_G1,Resource Node,REAL_TIME_15_MIN,46.78
2025-10-26 01:15:00-05:00,2025-10-26 06:15:00+00:00,2025-10-26 01:30:00-05:00,2025-10-26 06:30:00+00:00,CNTRY_RN,Resource Node,REAL_TIME_15_MIN,46.7
2025-10-26 01:30:00-05:00,2025-10-26 06:30:00+00:00,2025-10-26 01:45:00-05:00,2025-10-26 06:45:00+00:00,CBY_CBY_G1,Resource Node,REAL_TIME_15_MIN,42.22
2025-10-26 01:30:00-05:00,2025-10-26 06:30:00+00:00,2025-10-26 01:45:00-05:00,2025-10-26 06:45:00+00:00,CNTRY_RN,Resource Node,REAL_TIME_15_MIN,42.32
2025-10-26 01:45:00-05:00,2025-10-26 06:45:00+00:00,2025-10-26 02:00:00-05:00,2025-10-26 07:00:00+00:00,CBY_CBY_G1,Resource Node,REAL_TIME_15_MIN,42.14
2025-10-26 01:45:00-05:00,2025-10-26 06:45:00+00:00,2025-10-26 02:00:00-05:00,2025-10-26 07:00:00+00:00,CNTRY_RN,Resource Node,REAL_TIME_15_MIN,42.14
2025-10-26 02:00:00-05:00,2025-10-26 07:00:00+00:00,2025-10-26 02:15:00-05:00,2025-10-26 07:15:00+00:00,CBY_CBY_G1,Resource Node,REAL_TIME_15_MIN,44.97
2025-10-26 02:00:00-05:00,2025-10-26 07:00:00+00:00,2025-10-26 02:15:00-05:00,2025-10-26 07:15:00+00:00,CNTRY_RN,Resource Node,REAL_TIME_15_MIN,45.53
2025-10-26 02:15:00-05:00,2025-10-26 07:15:00+00:00,2025-10-26 02:30:00-05:00,2025-10-26 07:30:00+00:00,CBY_CBY_G1,Resource Node,REAL_TIME_15_MIN,46.17
2025-10-26 02:15:00-05:00,2025-10-26 07:15:00+00:00,2025-10-26 02:30:00-05:00,2025-10-26 07:30:00+00:00,CNTRY_RN,Resource Node,REAL_TIME_15_MIN,46.38
2025-10-26 02:30:00-05:00,2025-10-26 07:30:00+00:00,2025-10-26 02:45:00-05:00,2025-10-26 07:45:00+00:00,CBY_CBY_G1,Resource Node,REAL_TIME_15_MIN,45.5
2025-10-26 02:30:00-05:00,2025-10-26 07:30:00+00:00,2025-10-26 02:45:00-05:00,2025-10-26 07:45:00+00:00,CNTRY_RN,Resource Node,REAL_TIME_15_MIN,45.31
2025-10-26 02:45:00-05:00,2025-10-26 07:45:00+00:00,2025-10-26 03:00:00-05:00,2025-10-26 08:00:00+00:00,CBY_CBY_G1,Resource Node,REAL_TIME_15_MIN,41.34
2025-10-26 02:45:00-05:00,2025-10-26 07:45:00+00:00,2025-10-26 03:00:00-05:00,2025-10-26 08:00:00+00:00,CNTRY_RN,Resource Node,REAL_TIME_15_MIN,41.7
2025-10-26 03:00:00-05:00,2025-10-26 08:00:00+00:00,2025-10-26 03:15:00-05:00,2025-10-26 08:15:00+00:00,CBY_CBY_G1,Resource Node,REAL_TIME_15_MIN,40.24
2025-10-26 03:00:00-05:00,2025-10-26 08:00:00+00:00,2025-10-26 03:15:00-05:00,2025-10-26 08:15:00+00:00,CNTRY_RN,Resource Node,REAL_TIME_15_MIN,40.52
2025-10-26 03:15:00-05:00,2025-10-26 08:15:00+00:00,2025-10-26 03:30:00-05:00,2025-10-26 08:30:00+00:00,CBY_CBY_G1,Resource Node,REAL_TIME_15_MIN,37.55
2025-10-26 03:15:00-05:00,2025-10-26 08:15:00+00:00,2025-10-26 03:30:00-05:00,2025-10-26 08:30:00+00:00,CNTRY_RN,Resource Node,REAL_TIME_15_MIN,37.55
2025-10-26 03:30:00-05:00,2025-10-26 08:30:00+00:00,2025-10-26 03:45:00-05:00,2025-10-26 08:45:00+00:00,CBY_CBY_G1,Resource Node,REAL_TIME_15_MIN,35.78
2025-10-26 03:30:00-05:00,2025-10-26 08:30:00+00:00,2025-10-26 03:45:00-05:00,2025-10-26 08:45:00+00:00,CNTRY_RN,Resource Node,REAL_TIME_15_MIN,35.78
2025-10-26 03:45:00-05:00,2025-10-26 08:45:00+00:00,2025-10-26 04:00:00-05:00,2025-10-26 09:00:00+00:00,CBY_CBY_G1,Resource Node,REAL_TIME_15_MIN,36.13
2025-10-26 03:45:00-05:00,2025-10-26 08:45:00+00:00,2025-10-26 04:00:00-05:00,2025-10-26 09:00:00+00:00,CNTRY_RN,Resource Node,REAL_TIME_15_MIN,36.13
2025-10-26 04:00:00-05:00,2025-10-26 09:00:00+00:00,2025-10-26 04:15:00-05:00,2025-10-26 09:15:00+00:00,CBY_CBY_G1,Resource Node,REAL_TIME_15_MIN,38.52
2025-10-26 04:00:00-05:00,2025-10-26 09:00:00+00:00,2025-10-26 04:15:00-05:00,2025-10-26 09:15:00+00:00,CNTRY_RN,Resource Node,REAL_TIME_15_MIN,38.52
2025-10-26 04:15:00-05:00,2025-10-26 09:15:00+00:00,2025-10-26 04:30:00-05:00,2025-10-26 09:30:00+00:00,CBY_CBY_G1,Resource Node,REAL_TIME_15_MIN,35.44
2025-10-26 04:15:00-05:00,2025-10-26 09:15:00+00:00,2025-10-26 04:30:00-05:00,2025-10-26 09:30:00+00:00,CNTRY_RN,Resource Node,REAL_TIME_15_MIN,35.44
2025-10-26 04:30:00-05:00,2025-10-26 09:30:00+00:00,2025-10-26 04:45:00-05:00,2025-10-26 09:45:00+00:00,CBY_CBY_G1,Resource Node,REAL_TIME_15_MIN,34.81
2025-10-26 04:30:00-05:00,2025-10-26 09:30:00+00:00,2025-10-26 04:45:00-05:00,2025-10-26 09:45:00+00:00,CNTRY_RN,Resource Node,REAL_TIME_15_MIN,34.81
2025-10-26 04:45:00-05:00,2025-10-26 09:45:00+00:00,2025-10-26 05:00:00-05:00,2025-10-26 10:00:00+00:00,CBY_CBY_G1,Resource Node,REAL_TIME_15_MIN,32.81
2025-10-26 04:45:00-05:00,2025-10-26 09:45:00+00:00,2025-10-26 05:00:00-05:00,2025-10-26 10:00:00+00:00,CNTRY_RN,Resource Node,REAL_TIME_15_MIN,32.81
2025-10-26 05:00:00-05:00,2025-10-26 10:00:00+00:00,2025-10-26 05:15:00-05:00,2025-10-26 10:15:00+00:00,CBY_CBY_G1,Resource Node,REAL_TIME_15_MIN,33.88
2025-10-26 05:00:00-05:00,2025-10-26 10:00:00+00:00,2025-10-26 05:15:00-05:00,2025-10-26 10:15:00+00:00,CNTRY_RN,Resource Node,REAL_TIME_15_MIN,33.88
2025-10-26 05:15:00-05:00,2025-10-26 10:15:00+00:00,2025-10-26 05:30:00-05:00,2025-10-26 10:30:00+00:00,CBY_CBY_G1,Resource Node,REAL_TIME_15_MIN,31.52
2025-10-26 05:15:00-05:00,2025-10-26 10:15:00+00:00,2025-10-26 05:30:00-05:00,2025-10-26 10:30:00+00:00,CNTRY_RN,Resource Node,REAL_TIME_15_MIN,31.52
2025-10-26 05:30:00-05:00,2025-10-26 10:30:00+00:00,2025-10-26 05:45:00-05:00,2025-10-26 10:45:00+00:00,CBY_CBY_G1,Resource Node,REAL_TIME_15_MIN,31.85
2025-10-26 05:30:00-05:00,2025-10-26 10:30:00+00:00,2025-10-26 05:45:00-05:00,2025-10-26 10:45:00+00:00,CNTRY_RN,Resource Node,REAL_TIME_15_MIN,32.01
2025-10-26 05:45:00-05:00,2025-10-26 10:45:00+00:00,2025-10-26 06:00:00-05:00,2025-10-26 11:00:00+00:00,CBY_CBY_G1,Resource Node,REAL_TIME_15_MIN,32.88
2025-10-26 05:45:00-05:00,2025-10-26 10:45:00+00:00,2025-10-26 06:00:00-05:00,2025-10-26 11:00:00+00:00,CNTRY_RN,Resource Node,REAL_TIME_15_MIN,33.26
2025-10-26 06:00:00-05:00,2025-10-26 11:00:00+00:00,2025-10-26 06:15:00-05:00,2025-10-26 11:15:00+00:00,CBY_CBY_G1,Resource Node,REAL_TIME_15_MIN,36.31
2025-10-26 06:00:00-05:00,2025-10-26 11:00:00+00:00,2025-10-26 06:15:00-05:00,2025-10-26 11:15:00+00:00,CNTRY_RN,Resource Node,REAL_TIME_15_MIN,36.68
2025-10-26 06:15:00-05:00,2025-10-26 11:15:00+00:00,2025-10-26 06:30:00-05:00,2025-10-26 11:30:00+00:00,CBY_CBY_G1,Resource Node,REAL_TIME_15_MIN,34.6
2025-10-26 06:15:00-05:00,2025-10-26 11:15:00+00:00,2025-10-26 06:30:00-05:00,2025-10-26 11:30:00+00:00,CNTRY_RN,Resource Node,REAL_TIME_15_MIN,35.03
2025-10-26 06:30:00-05:00,2025-10-26 11:30:00+00:00,2025-10-26 06:45:00-05:00,2025-10-26 11:45:00+00:00,CBY_CBY_G1,Resource Node,REAL_TIME_15_MIN,34.79
2025-10-26 06:30:00-05:00,2025-10-26 11:30:00+00:00,2025-10-26 06:45:00-05:00,2025-10-26 11:45:00+00:00,CNTRY_RN,Resource Node,REAL_TIME_15_MIN,35.11
2025-10-26 06:45:00-05:00,2025-10-26 11:45:00+00:00,2025-10-26 07:00:00-05:00,2025-10-26 12:00:00+00:00,CBY_CBY_G1,Resource Node,REAL_TIME_15_MIN,35.97
2025-10-26 06:45:00-05:00,2025-10-26 11:45:00+00:00,2025-10-26 07:00:00-05:00,2025-10-26 12:00:00+00:00,CNTRY_RN,Resource Node,REAL_TIME_15_MIN,36.14
2025-10-26 07:00:00-05:00,2025-10-26 12:00:00+00:00,2025-10-26 07:15:00-05:00,2025-10-26 12:15:00+00:00,CBY_CBY_G1,Resource Node,REAL_TIME_15_MIN,42.85
2025-10-26 07:00:00-05:00,2025-10-26 12:00:00+00:00,2025-10-26 07:15:00-05:00,2025-10-26 12:15:00+00:00,CNTRY_RN,Resource Node,REAL_TIME_15_MIN,42.85
2025-10-26 07:15:00-05:00,2025-10-26 12:15:00+00:00,2025-10-26 07:30:00-05:00,2025-10-26 12:30:00+00:00,CBY_CBY_G1,Resource Node,REAL_TIME_15_MIN,46.22
2025-10-26 07:15:00-05:00,2025-10-26 12:15:00+00:00,2025-10-26 07:30:00-05:00,2025-10-26 12:30:00+00:00,CNTRY_RN,Resource Node,REAL_TIME_15_MIN,46.22
2025-10-26 07:30:00-05:00,2025-10-26 12:30:00+00:00,2025-10-26 07:45:00-05:00,2025-10-26 12:45:00+00:00,CBY_CBY_G1,Resource Node,REAL_TIME_15_MIN,48.45
2025-10-26 07:30:00-05:00,2025-10-26 12:30:00+00:00,2025-10-26 07:45:00-05:00,2025-10-26 12:45:00+00:00,CNTRY_RN,Resource Node,REAL_TIME_15_MIN,48.45
2025-10-26 07:45:00-05:00,2025-10-26 12:45:00+00:00,2025-10-26 08:00:00-05:00,2025-10-26 13:00:00+00:00,CBY_CBY_G1,Resource Node,REAL_TIME_15_MIN,49.75
2025-10-26 07:45:00-05:00,2025-10-26 12:45:00+00:00,2025-10-26 08:00:00-05:00,2025-10-26 13:00:00+00:00,CNTRY_RN,Resource Node,REAL_TIME_15_MIN,49.75
2025-10-26 08:00:00-05:00,2025-10-26 13:00:00+00:00,2025-10-26 08:15:00-05:00,2025-10-26 13:15:00+00:00,CBY_CBY_G1,Resource Node,REAL_TIME_15_MIN,50.36
2025-10-26 08:00:00-05:00,2025-10-26 13:00:00+00:00,2025-10-26 08:15:00-05:00,2025-10-26 13:15:00+00:00,CNTRY_RN,Resource Node,REAL_TIME_15_MIN,50.36
2025-10-26 08:15:00-05:00,2025-10-26 13:15:00+00:00,2025-10-26 08:30:00-05:00,2025-10-26 13:30:00+00:00,CBY_CBY_G1,Resource Node,REAL_TIME_15_MIN,40.95
2025-10-26 08:15:00-05:00,2025-10-26 13:15:00+00:00,2025-10-26 08:30:00-05:00,2025-10-26 13:30:00+00:00,CNTRY_RN,Resource Node,REAL_TIME_15_MIN,40.95
2025-10-26 08:30:00-05:00,2025-10-26 13:30:00+00:00,2025-10-26 08:45:00-05:00,2025-10-26 13:45:00+00:00,CBY_CBY_G1,Resource Node,REAL_TIME_15_MIN,31.57
2025-10-26 08:30:00-05:00,2025-10-26 13:30:00+00:00,2025-10-26 08:45:00-05:00,2025-10-26 13:45:00+00:00,CNTRY_RN,Resource Node,REAL_TIME_15_MIN,31.57
2025-10-26 08:45:00-05:00,2025-10-26 13:45:00+00:00,2025-10-26 09:00:00-05:00,2025-10-26 14:00:00+00:00,CBY_CBY_G1,Resource Node,REAL_TIME_15_MIN,29.54
2025-10-26 08:45:00-05:00,2025-10-26 13:45:00+00:00,2025-10-26 09:00:00-05:00,2025-10-26 14:00:00+00:00,CNTRY_RN,Resource Node,REAL_TIME_15_MIN,29.54
2025-10-26 09:00:00-05:00,2025-10-26 14:00:00+00:00,2025-10-26 09:15:00-05:00,2025-10-26 14:15:00+00:00,CBY_CBY_G1,Resource Node,REAL_TIME_15_MIN,30.5
2025-10-26 09:00:00-05:00,2025-10-26 14:00:00+00:00,2025-10-26 09:15:00-05:00,2025-10-26 14:15:00+00:00,CNTRY_RN,Resource Node,REAL_TIME_15_MIN,30.5
2025-10-26 09:15:00-05:00,2025-10-26 14:15:00+00:00,2025-10-26 09:30:00-05:00,2025-10-26 14:30:00+00:00,CBY_CBY_G1,Resource Node,REAL_TIME_15_MIN,29.35
2025-10-26 09:15:00-05:00,2025-10-26 14:15:00+00:00,2025-10-26 09:30:00-05:00,2025-10-26 14:30:00+00:00,CNTRY_RN,Resource Node,REAL_TIME_15_MIN,29.35
2025-10-26 09:30:00-05:00,2025-10-26 14:30:00+00:00,2025-10-26 09:45:00-05:00,2025-10-26 14:45:00+00:00,CBY_CBY_G1,Resource Node,REAL_TIME_15_MIN,28.55
2025-10-26 09:30:00-05:00,2025-10-26 14:30:00+00:00,2025-10-26 09:45:00-05:00,2025-10-26 14:45:00+00:00,CNTRY_RN,Resource Node,REAL_TIME_15_MIN,28.55
2025-10-26 09:45:00-05:00,2025-10-26 14:45:00+00:00,2025-10-26 10:00:00-05:00,2025-10-26 15:00:00+00:00,CBY_CBY_G1,Resource Node,REAL_TIME_15_MIN,28.7
2025-10-26 09:45:00-05:00,2025-10-26 14:45:00+00:00,2025-10-26 10:00:00-05:00,2025-10-26 15:00:00+00:00,CNTRY_RN,Resource Node,REAL_TIME_15_MIN,28.7
2025-10-26 10:00:00-05:00,2025-10-26 15:00:00+00:00,2025-10-26 10:15:00-05:00,2025-10-26 15:15:00+00:00,CBY_CBY_G1,Resource Node,REAL_TIME_15_MIN,30.26
2025-10-26 10:00:00-05:00,2025-10-26 15:00:00+00:00,2025-10-26 10:15:00-05:00,2025-10-26 15:15:00+00:00,CNTRY_RN,Resource Node,REAL_TIME_15_MIN,30.26
2025-10-26 10:15:00-05:00,2025-10-26 15:15:00+00:00,2025-10-26 10:30:00-05:00,2025-10-26 15:30:00+00:00,CBY_CBY_G1,Resource Node,REAL_TIME_15_MIN,30.67
2025-10-26 10:15:00-05:00,2025-10-26 15:15:00+00:00,2025-10-26 10:30:00-05:00,2025-10-26 15:30:00+00:00,CNTRY_RN,Resource Node,REAL_TIME_15_MIN,30.67
2025-10-26 10:30:00-05:00,2025-10-26 15:30:00+00:00,2025-10-26 10:45:00-05:00,2025-10-26 15:45:00+00:00,CBY_CBY_G1,Resource Node,REAL_TIME_15_MIN,30.39
2025-10-26 10:30:00-05:00,2025-10-26 15:30:00+00:00,2025-10-26 10:45:00-05:00,2025-10-26 15:45:00+00:00,CNTRY_RN,Resource Node,REAL_TIME_15_MIN,30.39
2025-10-26 10:45:00-05:00,2025-10-26 15:45:00+00:00,2025-10-26 11:00:00-05:00,2025-10-26 16:00:00+00:00,CBY_CBY_G1,Resource Node,REAL_TIME_15_MIN,30.05
2025-10-26 10:45:00-05:00,2025-10-26 15:45:00+00:00,2025-10-26 11:00:00-05:00,2025-10-26 16:00:00+00:00,CNTRY_RN,Resource Node,REAL_TIME_15_MIN,30.05
2025-10-26 11:00:00-05:00,2025-10-26 16:00:00+00:00,2025-10-26 11:15:00-05:00,2025-10-26 16:15:00+00:00,CBY_CBY_G1,Resource Node,REAL_TIME_15_MIN,32.26
2025-10-26 11:00:00-05:00,2025-10-26 16:00:00+00:00,2025-10-26 11:15:00-05:00,2025-10-26 16:15:00+00:00,CNTRY_RN,Resource Node,REAL_TIME_15_MIN,32.26
2025-10-26 11:15:00-05:00,2025-10-26 16:15:00+00:00,2025-10-26 11:30:00-05:00,2025-10-26 16:30:00+00:00,CBY_CBY_G1,Resource Node,REAL_TIME_15_MIN,30.21
2025-10-26 11:15:00-05:00,2025-10-26 16:15:00+00:00,2025-10-26 11:30:00-05:00,2025-10-26 16:30:00+00:00,CNTRY_RN,Resource Node,REAL_TIME_15_MIN,30.21
2025-10-26 11:30:00-05:00,2025-10-26 16:30:00+00:00,2025-10-26 11:45:00-05:00,2025-10-26 16:45:00+00:00,CBY_CBY_G1,Resource Node,REAL_TIME_15_MIN,29.56
2025-10-26 11:30:00-05:00,2025-10-26 16:30:00+00:00,2025-10-26 11:45:00-05:00,2025-10-26 16:45:00+00:00,CNTRY_RN,Resource Node,REAL_TIME_15_MIN,29.56
2025-10-26 11:45:00-05:00,2025-10-26 16:45:00+00:00,2025-10-26 12:00:00-05:00,2025-10-26 17:00:00+00:00,CBY_CBY_G1,Resource Node,REAL_TIME_15_MIN,29.63
2025-10-26 11:45:00-05:00,2025-10-26 16:45:00+00:00,2025-10-26 12:00:00-05:00,2025-10-26 17:00:00+00:00,CNTRY_RN,Resource Node,REAL_TIME_15_MIN,29.63
2025-10-26 12:00:00-05:00,2025-10-26 17:00:00+00:00,2025-10-26 12:15:00-05:00,2025-10-26 17:15:00+00:00,CBY_CBY_G1,Resource Node,REAL_TIME_15_MIN,33.98
2025-10-26 12:00:00-05:00,2025-10-26 17:00:00+00:00,2025-10-26 12:15:00-05:00,2025-10-26 17:15:00+00:00,CNTRY_RN,Resource Node,REAL_TIME_15_MIN,33.98
2025-10-26 12:15:00-05:00,2025-10-26 17:15:00+00:00,2025-10-26 12:30:00-05:00,2025-10-26 17:30:00+00:00,CBY_CBY_G1,Resource Node,REAL_TIME_15_MIN,33.85
2025-10-26 12:15:00-05:00,2025-10-26 17:15:00+00:00,2025-10-26 12:30:00-05:00,2025-10-26 17:30:00+00:00,CNTRY_RN,Resource Node,REAL_TIME_15_MIN,33.85
2025-10-26 12:30:00-05:00,2025-10-26 17:30:00+00:00,2025-10-26 12:45:00-05:00,2025-10-26 17:45:00+00:00,CBY_CBY_G1,Resource Node,REAL_TIME_15_MIN,32.49
2025-10-26 12:30:00-05:00,2025-10-26 17:30:00+00:00,2025-10-26 12:45:00-05:00,2025-10-26 17:45:00+00:00,CNTRY_RN,Resource Node,REAL_TIME_15_MIN,32.49
2025-10-26 12:45:00-05:00,2025-10-26 17:45:00+00:00,2025-10-26 13:00:00-05:00,2025-10-26 18:00:00+00:00,CBY_CBY_G1,Resource Node,REAL_TIME_15_MIN,32.57
2025-10-26 12:45:00-05:00,2025-10-26 17:45:00+00:00,2025-10-26 13:00:00-05:00,2025-10-26 18:00:00+00:00,CNTRY_RN,Resource Node,REAL_TIME_15_MIN,32.57
2025-10-26 13:00:00-05:00,2025-10-26 18:00:00+00:00,2025-10-26 13:15:00-05:00,2025-10-26 18:15:00+00:00,CBY_CBY_G1,Resource Node,REAL_TIME_15_MIN,28.01
2025-10-26 13:00:00-05:00,2025-10-26 18:00:00+00:00,2025-10-26 13:15:00-05:00,2025-10-26 18:15:00+00:00,CNTRY_RN,Resource Node,REAL_TIME_15_MIN,28.01
2025-10-26 13:15:00-05:00,2025-10-26 18:15:00+00:00,2025-10-26 13:30:00-05:00,2025-10-26 18:30:00+00:00,CBY_CBY_G1,Resource Node,REAL_TIME_15_MIN,27.09
2025-10-26 13:15:00-05:00,2025-10-26 18:15:00+00:00,2025-10-26 13:30:00-05:00,2025-10-26 18:30:00+00:00,CNTRY_RN,Resource Node,REAL_TIME_15_MIN,27.09
2025-10-26 13:30:00-05:00,2025-10-26 18:30:00+00:00,2025-10-26 13:45:00-05:00,2025-10-26 18:45:00+00:00,CBY_CBY_G1,Resource Node,REAL_TIME_15_MIN,27.21
2025-10-26 13:30:00-05:00,2025-10-26 18:30:00+00:00,2025-10-26 13:45:00-05:00,2025-10-26 18:45:00+00:00,CNTRY_RN,Resource Node,REAL_TIME_15_MIN,27.21
2025-10-26 13:45:00-05:00,2025-10-26 18:45:00+00:00,2025-10-26 14:00:00-05:00,2025-10-26 19:00:00+00:00,CBY_CBY_G1,Resource Node,REAL_TIME_15_MIN,26.77
2025-10-26 13:45:00-05:00,2025-10-26 18:45:00+00:00,2025-10-26 14:00:00-05:00,2025-10-26 19:00:00+00:00,CNTRY_RN,Resource Node,REAL_TIME_15_MIN,26.78
2025-10-26 14:00:00-05:00,2025-10-26 19:00:00+00:00,2025-10-26 14:15:00-05:00,2025-10-26 19:15:00+00:00,CBY_CBY_G1,Resource Node,REAL_TIME_15_MIN,25.76
2025-10-26 14:00:00-05:00,2025-10-26 19:00:00+00:00,2025-10-26 14:15:00-05:00,2025-10-26 19:15:00+00:00,CNTRY_RN,Resource Node,REAL_TIME_15_MIN,25.76
2025-10-26 14:15:00-05:00,2025-10-26 19:15:00+00:00,2025-10-26 14:30:00-05:00,2025-10-26 19:30:00+00:00,CBY_CBY_G1,Resource Node,REAL_TIME_15_MIN,25.31
2025-10-26 14:15:00-05:00,2025-10-26 19:15:00+00:00,2025-10-26 14:30:00-05:00,2025-10-26 19:30:00+00:00,CNTRY_RN,Resource Node,REAL_TIME_15_MIN,25.31
2025-10-26 14:30:00-05:00,2025-10-26 19:30:00+00:00,2025-10-26 14:45:00-05:00,2025-10-26 19:45:00+00:00,CBY_CBY_G1,Resource Node,REAL_TIME_15_MIN,25.84
2025-10-26 14:30:00-05:00,2025-10-26 19:30:00+00:00,2025-10-26 14:45:00-05:00,2025-10-26 19:45:00+00:00,CNTRY_RN,Resource Node,REAL_TIME_15_MIN,25.62
2025-10-26 14:45:00-05:00,2025-10-26 19:45:00+00:00,2025-10-26 15:00:00-05:00,2025-10-26 20:00:00+00:00,CBY_CBY_G1,Resource Node,REAL_TIME_15_MIN,24.94
2025-10-26 14:45:00-05:00,2025-10-26 19:45:00+00:00,2025-10-26 15:00:00-05:00,2025-10-26 20:00:00+00:00,CNTRY_RN,Resource Node,REAL_TIME_15_MIN,23.91
2025-10-26 15:00:00-05:00,2025-10-26 20:00:00+00:00,2025-10-26 15:15:00-05:00,2025-10-26 20:15:00+00:00,CBY_CBY_G1,Resource Node,REAL_TIME_15_MIN,26.51
2025-10-26 15:00:00-05:00,2025-10-26 20:00:00+00:00,2025-10-26 15:15:00-05:00,2025-10-26 20:15:00+00:00,CNTRY_RN,Resource Node,REAL_TIME_15_MIN,23.81
2025-10-26 15:15:00-05:00,2025-10-26 20:15:00+00:00,2025-10-26 15:30:00-05:00,2025-10-26 20:30:00+00:00,CBY_CBY_G1,Resource Node,REAL_TIME_15_MIN,26.7
2025-10-26 15:15:00-05:00,2025-10-26 20:15:00+00:00,2025-10-26 15:30:00-05:00,2025-10-26 20:30:00+00:00,CNTRY_RN,Resource Node,REAL_TIME_15_MIN,23.18
2025-10-26 15:30:00-05:00,2025-10-26 20:30:00+00:00,2025-10-26 15:45:00-05:00,2025-10-26 20:45:00+00:00,CBY_CBY_G1,Resource Node,REAL_TIME_15_MIN,31.8
2025-10-26 15:30:00-05:00,2025-10-26 20:30:00+00:00,2025-10-26 15:45:00-05:00,2025-10-26 20:45:00+00:00,CNTRY_RN,Resource Node,REAL_TIME_15_MIN,23.7
2025-10-26 15:45:00-05:00,2025-10-26 20:45:00+00:00,2025-10-26 16:00:00-05:00,2025-10-26 21:00:00+00:00,CBY_CBY_G1,Resource Node,REAL_TIME_15_MIN,30.22
2025-10-26 15:45:00-05:00,2025-10-26 20:45:00+00:00,2025-10-26 16:00:00-05:00,2025-10-26 21:00:00+00:00,CNTRY_RN,Resource Node,REAL_TIME_15_MIN,22.96
2025-10-26 16:00:00-05:00,2025-10-26 21:00:00+00:00,2025-10-26 16:15:00-05:00,2025-10-26 21:15:00+00:00,CBY_CBY_G1,Resource Node,REAL_TIME_15_MIN,25.59
2025-10-26 16:00:00-05:00,2025-10-26 21:00:00+00:00,2025-10-26 16:15:00-05:00,2025-10-26 21:15:00+00:00,CNTRY_RN,Resource Node,REAL_TIME_15_MIN,22.56
2025-10-26 16:15:00-05:00,2025-10-26 21:15:00+00:00,2025-10-26 16:30:00-05:00,2025-10-26 21:30:00+00:00,CBY_CBY_G1,Resource Node,REAL_TIME_15_MIN,24.74
2025-10-26 16:15:00-05:00,2025-10-26 21:15:00+00:00,2025-10-26 16:30:00-05:00,2025-10-26 21:30:00+00:00,CNTRY_RN,Resource Node,REAL_TIME_15_MIN,23.34
2025-10-26 16:30:00-05:00,2025-10-26 21:30:00+00:00,2025-10-26 16:45:00-05:00,2025-10-26 21:45:00+00:00,CBY_CBY_G1,Resource Node,REAL_TIME_15_MIN,27.87
2025-10-26 16:30:00-05:00,2025-10-26 21:30:00+00:00,2025-10-26 16:45:00-05:00,2025-10-26 21:45:00+00:00,CNTRY_RN,Resource Node,REAL_TIME_15_MIN,26.27
2025-10-26 16:45:00-05:00,2025-10-26 21:45:00+00:00,2025-10-26 17:00:00-05:00,2025-10-26 22:00:00+00:00,CBY_CBY_G1,Resource Node,REAL_TIME_15_MIN,32.43
2025-10-26 16:45:00-05:00,2025-10-26 21:45:00+00:00,2025-10-26 17:00:00-05:00,2025-10-26 22:00:00+00:00,CNTRY_RN,Resource Node,REAL_TIME_15_MIN,32.22
2025-10-26 17:00:00-05:00,2025-10-26 22:00:00+00:00,2025-10-26 17:15:00-05:00,2025-10-26 22:15:00+00:00,CBY_CBY_G1,Resource Node,REAL_TIME_15_MIN,39.46
2025-10-26 17:00:00-05:00,2025-10-26 22:00:00+00:00,2025-10-26 17:15:00-05:00,2025-10-26 22:15:00+00:00,CNTRY_RN,Resource Node,REAL_TIME_15_MIN,32.85
2025-10-26 17:15:00-05:00,2025-10-26 22:15:00+00:00,2025-10-26 17:30:00-05:00,2025-10-26 22:30:00+00:00,CBY_CBY_G1,Resource Node,REAL_TIME_15_MIN,55.18
2025-10-26 17:15:00-05:00,2025-10-26 22:15:00+00:00,2025-10-26 17:30:00-05:00,2025-10-26 22:30:00+00:00,CNTRY_RN,Resource Node,REAL_TIME_15_MIN,47.63
2025-10-26 17:30:00-05:00,2025-10-26 22:30:00+00:00,2025-10-26 17:45:00-05:00,2025-10-26 22:45:00+00:00,CBY_CBY_G1,Resource Node,REAL_TIME_15_MIN,78.42
2025-10-26 17:30:00-05:00,2025-10-26 22:30:00+00:00,2025-10-26 17:45:00-05:00,2025-10-26 22:45:00+00:00,CNTRY_RN,Resource Node,REAL_TIME_15_MIN,77.18
2025-10-26 17:45:00-05:00,2025-10-26 22:45:00+00:00,2025-10-26 18:00:00-05:00,2025-10-26 23:00:00+00:00,CBY_CBY_G1,Resource Node,REAL_TIME_15_MIN,96.31
2025-10-26 17:45:00-05:00,2025-10-26 22:45:00+00:00,2025-10-26 18:00:00-05:00,2025-10-26 23:00:00+00:00,CNTRY_RN,Resource Node,REAL_TIME_15_MIN,96.31
2025-10-26 18:00:00-05:00,2025-10-26 23:00:00+00:00,2025-10-26 18:15:00-05:00,2025-10-26 23:15:00+00:00,CBY_CBY_G1,Resource Node,REAL_TIME_15_MIN,83.04
2025-10-26 18:00:00-05:00,2025-10-26 23:00:00+00:00,2025-10-26 18:15:00-05:00,2025-10-26 23:15:00+00:00,CNTRY_RN,Resource Node,REAL_TIME_15_MIN,83.04
2025-10-26 18:15:00-05:00,2025-10-26 23:15:00+00:00,2025-10-26 18:30:00-05:00,2025-10-26 23:30:00+00:00,CBY_CBY_G1,Resource Node,REAL_TIME_15_MIN,100.01
2025-10-26 18:15:00-05:00,2025-10-26 23:15:00+00:00,2025-10-26 18:30:00-05:00,2025-10-26 23:30:00+00:00,CNTRY_RN,Resource Node,REAL_TIME_15_MIN,100.01
2025-10-26 18:30:00-05:00,2025-10-26 23:30:00+00:00,2025-10-26 18:45:00-05:00,2025-10-26 23:45:00+00:00,CBY_CBY_G1,Resource Node,REAL_TIME_15_MIN,130.9
2025-10-26 18:30:00-05:00,2025-10-26 23:30:00+00:00,2025-10-26 18:45:00-05:00,2025-10-26 23:45:00+00:00,CNTRY_RN,Resource Node,REAL_TIME_15_MIN,130.9
2025-10-26 18:45:00-05:00,2025-10-26 23:45:00+00:00,2025-10-26 19:00:00-05:00,2025-10-27 00:00:00+00:00,CBY_CBY_G1,Resource Node,REAL_TIME_15_MIN,145.96
2025-10-26 18:45:00-05:00,2025-10-26 23:45:00+00:00,2025-10-26 19:00:00-05:00,2025-10-27 00:00:00+00:00,CNTRY_RN,Resource Node,REAL_TIME_15_MIN,145.96
2025-10-26 19:00:00-05:00,2025-10-27 00:00:00+00:00,2025-10-26 19:15:00-05:00,2025-10-27 00:15:00+00:00,CBY_CBY_G1,Resource Node,REAL_TIME_15_MIN,160.12
2025-10-26 19:00:00-05:00,2025-10-27 00:00:00+00:00,2025-10-26 19:15:00-05:00,2025-10-27 00:15:00+00:00,CNTRY_RN,Resource Node,REAL_TIME_15_MIN,160.12
2025-10-26 19:15:00-05:00,2025-10-27 00:15:00+00:00,2025-10-26 19:30:00-05:00,2025-10-27 00:30:00+00:00,CBY_CBY_G1,Resource Node,REAL_TIME_15_MIN,127.42
2025-10-26 19:15:00-05:00,2025-10-27 00:15:00+00:00,2025-10-26 19:30:00-05:00,2025-10-27 00:30:00+00:00,CNTRY_RN,Resource Node,REAL_TIME_15_MIN,127.42
2025-10-26 19:30:00-05:00,2025-10-27 00:30:00+00:00,2025-10-26 19:45:00-05:00,2025-10-27 00:45:00+00:00,CBY_CBY_G1,Resource Node,REAL_TIME_15_MIN,93.27
2025-10-26 19:30:00-05:00,2025-10-27 00:30:00+00:00,2025-10-26 19:45:00-05:00,2025-10-27 00:45:00+00:00,CNTRY_RN,Resource Node,REAL_TIME_15_MIN,93.27
2025-10-26 19:45:00-05:00,2025-10-27 00:45:00+00:00,2025-10-26 20:00:00-05:00,2025-10-27 01:00:00+00:00,CBY_CBY_G1,Resource Node,REAL_TIME_15_MIN,81.44
2025-10-26 19:45:00-05:00,2025-10-27 00:45:00+00:00,2025-10-26 20:00:00-05:00,2025-10-27 01:00:00+00:00,CNTRY_RN,Resource Node,REAL_TIME_15_MIN,81.44
2025-10-26 20:00:00-05:00,2025-10-27 01:00:00+00:00,2025-10-26 20:15:00-05:00,2025-10-27 01:15:00+00:00,CBY_CBY_G1,Resource Node,REAL_TIME_15_MIN,109.01
2025-10-26 20:00:00-05:00,2025-10-27 01:00:00+00:00,2025-10-26 20:15:00-05:00,2025-10-27 01:15:00+00:00,CNTRY_RN,Resource Node,REAL_TIME_15_MIN,109.01
2025-10-26 20:15:00-05:00,2025-10-27 01:15:00+00:00,2025-10-26 20:30:00-05:00,2025-10-27 01:30:00+00:00,CBY_CBY_G1,Resource Node,REAL_TIME_15_MIN,97.94
2025-10-26 20:15:00-05:00,2025-10-27 01:15:00+00:00,2025-10-26 20:30:00-05:00,2025-10-27 01:30:00+00:00,CNTRY_RN,Resource Node,REAL_TIME_15_MIN,97.94
2025-10-26 20:30:00-05:00,2025-10-27 01:30:00+00:00,2025-10-26 20:45:00-05:00,2025-10-27 01:45:00+00:00,CBY_CBY_G1,Resource Node,REAL_TIME_15_MIN,63.72
2025-10-26 20:30:00-05:00,2025-10-27 01:30:00+00:00,2025-10-26 20:45:00-05:00,2025-10-27 01:45:00+00:00,CNTRY_RN,Resource Node,REAL_TIME_15_MIN,62.98
2025-10-26 20:45:00-05:00,2025-10-27 01:45:00+00:00,2025-10-26 21:00:00-05:00,2025-10-27 02:00:00+00:00,CBY_CBY_G1,Resource Node,REAL_TIME_15_MIN,43.55
2025-10-26 20:45:00-05:00,2025-10-27 01:45:00+00:00,2025-10-26 21:00:00-05:00,2025-10-27 02:00:00+00:00,CNTRY_RN,Resource Node,REAL_TIME_15_MIN,41.68
2025-10-26 21:00:00-05:00,2025-10-27 02:00:00+00:00,2025-10-26 21:15:00-05:00,2025-10-27 02:15:00+00:00,CBY_CBY_G1,Resource Node,REAL_TIME_15_MIN,55.2
2025-10-26 21:00:00-05:00,2025-10-27 02:00:00+00:00,2025-10-26 21:15:00-05:00,2025-10-27 02:15:00+00:00,CNTRY_RN,Resource Node,REAL_TIME_15_MIN,52.93
2025-10-26 21:15:00-05:00,2025-10-27 02:15:00+00:00,2025-10-26 21:30:00-05:00,2025-10-27 02:30:00+00:00,CBY_CBY_G1,Resource Node,REAL_TIME_15_MIN,39.89
2025-10-26 21:15:00-05:00,2025-10-27 02:15:00+00:00,2025-10-26 21:30:00-05:00,2025-10-27 02:30:00+00:00,CNTRY_RN,Resource Node,REAL_TIME_15_MIN,39.47
2025-10-26 21:30:00-05:00,2025-10-27 02:30:00+00:00,2025-10-26 21:45:00-05:00,2025-10-27 02:45:00+00:00,CBY_CBY_G1,Resource Node,REAL_TIME_15_MIN,38.83
2025-10-26 21:30:00-05:00,2025-10-27 02:30:00+00:00,2025-10-26 21:45:00-05:00,2025-10-27 02:45:00+00:00,CNTRY_RN,Resource Node,REAL_TIME_15_MIN,37.54
2025-10-26 21:45:00-05:00,2025-10-27 02:45:00+00:00,2025-10-26 22:00:00-05:00,2025-10-27 03:00:00+00:00,CBY_CBY_G1,Resource Node,REAL_TIME_15_MIN,36.09
2025-10-26 21:45:00-05:00,2025-10-27 02:45:00+00:00,2025-10-26 22:00:00-05:00,2025-10-27 03:00:00+00:00,CNTRY_RN,Resource Node,REAL_TIME_15_MIN,34.86
2025-10-26 22:00:00-05:00,2025-10-27 03:00:00+00:00,2025-10-26 22:15:00-05:00,2025-10-27 03:15:00+00:00,CBY_CBY_G1,Resource Node,REAL_TIME_15_MIN,42.98
2025-10-26 22:00:00-05:00,2025-10-27 03:00:00+00:00,2025-10-26 22:15:00-05:00,2025-10-27 03:15:00+00:00,CNTRY_RN,Resource Node,REAL_TIME_15_MIN,39.8
2025-10-26 22:15:00-05:00,2025-10-27 03:15:00+00:00,2025-10-26 22:30:00-05:00,2025-10-27 03:30:00+00:00,CBY_CBY_G1,Resource Node,REAL_TIME_15_MIN,39.46
2025-10-26 22:15:00-05:00,2025-10-27 03:15:00+00:00,2025-10-26 22:30:00-05:00,2025-10-27 03:30:00+00:00,CNTRY_RN,Resource Node,REAL_TIME_15_MIN,39.34
2025-10-26 22:30:00-05:00,2025-10-27 03:30:00+00:00,2025-10-26 22:45:00-05:00,2025-10-27 03:45:00+00:00,CBY_CBY_G1,Resource Node,REAL_TIME_15_MIN,33.91
2025-10-26 22:30:00-05:00,2025-10-27 03:30:00+00:00,2025-10-26 22:45:00-05:00,2025-10-27 03:45:00+00:00,CNTRY_RN,Resource Node,REAL_TIME_15_MIN,33.63
2025-10-26 22:45:00-05:00,2025-10-27 03:45:00+00:00,2025-10-26 23:00:00-05:00,2025-10-27 04:00:00+00:00,CBY_CBY_G1,Resource Node,REAL_TIME_15_MIN,33.48
2025-10-26 22:45:00-05:00,2025-10-27 03:45:00+00:00,2025-10-26 23:00:00-05:00,2025-10-27 04:00:00+00:00,CNTRY_RN,Resource Node,REAL_TIME_15_MIN,33.21
2025-10-26 23:00:00-05:00,2025-10-27 04:00:00+00:00,2025-10-26 23:15:00-05:00,2025-10-27 04:15:00+00:00,CBY_CBY_G1,Resource Node,REAL_TIME_15_MIN,36.22
2025-10-26 23:00:00-05:00,2025-10-27 04:00:00+00:00,2025-10-26 23:15:00-05:00,2025-10-27 04:15:00+00:00,CNTRY_RN,Resource Node,REAL_TIME_15_MIN,35.71
2025-10-26 23:15:00-05:00,2025-10-27 04:15:00+00:00,2025-10-26 23:30:00-05:00,2025-10-27 04:30:00+00:00,CBY_CBY_G1,Resource Node,REAL_TIME_15_MIN,33.2
2025-10-26 23:15:00-05:00,2025-10-27 04:15:00+00:00,2025-10-26 23:30:00-05:00,2025-10-27 04:30:00+00:00,CNTRY_RN,Resource Node,REAL_TIME_15_MIN,32.54
2025-10-26 23:30:00-05:00,2025-10-27 04:30:00+00:00,2025-10-26 23:45:00-05:00,2025-10-27 04:45:00+00:00,CBY_CBY_G1,Resource Node,REAL_TIME_15_MIN,33.15
2025-10-26 23:30:00-05:00,2025-10-27 04:30:00+00:00,2025-10-26 23:45:00-05:00,2025-10-27 04:45:00+00:00,CNTRY_RN,Resource Node,REAL_TIME_15_MIN,32.51
2025-10-26 23:45:00-05:00,2025-10-27 04:45:00+00:00,2025-10-27 00:00:00-05:00,2025-10-27 05:00:00+00:00,CBY_CBY_G1,Resource Node,REAL_TIME_15_MIN,31.72
2025-10-26 23:45:00-05:00,2025-10-27 04:45:00+00:00,2025-10-27 00:00:00-05:00,2025-10-27 05:00:00+00:00,CNTRY_RN,Resource Node,REAL_TIME_15_MIN,30.23
