interval_start_local,interval_start_utc,interval_end_local,interval_end_utc,location,location_type,market,spp
2025-10-19 00:00:00-05:00,2025-10-19 05:00:00+00:00,2025-10-19 00:15:00-05:00,2025-10-19 05:15:00+00:00,CR_RN,Resource Node,REAL_TIME_15_MIN,24.67
2025-10-19 00:00:00-05:00,2025-10-19 05:00:00+00:00,2025-10-19 00:15:00-05:00,2025-10-19 05:15:00+00:00,P2_DGR2_RN,Resource Node,REAL_TIME_15_MIN,29.5
2025-10-19 00:00:00-05:00,2025-10-19 05:00:00+00:00,2025-10-19 00:15:00-05:00,2025-10-19 05:15:00+00:00,PRCRK_RN,Resource Node,REAL_TIME_15_MIN,18.52
2025-10-19 00:15:00-05:00,2025-10-19 05:15:00+00:00,2025-10-19 00:30:00-05:00,2025-10-19 05:30:00+00:00,CR_RN,Resource Node,REAL_TIME_15_MIN,24.03
2025-10-19 00:15:00-05:00,2025-10-19 05:15:00+00:00,2025-10-19 00:30:00-05:00,2025-10-19 05:30:00+00:00,P2_DGR2_RN,Resource Node,REAL_TIME_15_MIN,27.63
2025-10-19 00:15:00-05:00,2025-10-19 05:15:00+00:00,2025-10-19 00:30:00-05:00,2025-10-19 05:30:00+00:00,PRCRK_RN,Resource Node,REAL_TIME_15_MIN,19.31
2025-10-19 00:30:00-05:00,2025-10-19 05:30:00+00:00,2025-10-19 00:45:00-05:00,2025-10-19 05:45:00+00:00,CR_RN,Resource Node,REAL_TIME_15_MIN,23.11
2025-10-19 00:30:00-05:00,2025-10-19 05:30:00+00:00,2025-10-19 00:45:00-05:00,2025-10-19 05:45:00+00:00,P2_DGR2_RN,Resource Node,REAL_TIME_15_MIN,26.08
2025-10-19 00:30:00-05:00,2025-10-19 05:30:00+00:00,2025-10-19 00:45:00-05:00,2025-10-19 05:45:00+00:00,PRCRK_RN,Resource Node,REAL_TIME_15_MIN,19.38
2025-10-19 00:45:00-05:00,2025-10-19 05:45:00+00:00,2025-10-19 01:00:00-05:00,2025-10-19 06:00:00+00:00,CR_RN,Resource Node,REAL_TIME_15_MIN,21.61
2025-10-19 00:45:00-05:00,2025-10-19 05:45:00+00:00,2025-10-19 01:00:00-05:00,2025-10-19 06:00:00+00:00,P2_DGR2_RN,Resource Node,REAL_TIME_15_MIN,23.35
2025-10-19 00:45:00-05:00,2025-10-19 05:45:00+00:00,2025-10-19 01:00:00-05:00,2025-10-19 06:00:00+00:00,PRCRK_RN,Resource Node,REAL_TIME_15_MIN,20.31
2025-10-19 01:00:00-05:00,2025-10-19 06:00:00+00:00,2025-10-19 01:15:00-05:00,2025-10-19 06:15:00+00:00,CR_RN,Resource Node,REAL_TIME_15_MIN,21.82
2025-10-19 01:00:00-05:00,2025-10-19 06:00:00+00:00,2025-10-19 01:15:00-05:00,2025-10-19 06:15:00+00:00,P2_DGR2_RN,Resource Node,REAL_TIME_15_MIN,23.45
2025-10-19 01:00:00-05:00,2025-10-19 06:00:00+00:00,2025-10-19 01:15:00-05:00,2025-10-19 06:15:00+00:00,PRCRK_RN,Resource Node,REAL_TIME_15_MIN,20.89
2025-10-19 01:15:00-05:00,2025-10-19 06:15:00+00:00,2025-10-19 01:30:00-05:00,2025-10-19 06:30:00+00:00,CR_RN,Resource Node,REAL_TIME_15_MIN,21.54
2025-10-19 01:15:00-05:00,2025-10-19 06:15:00+00:00,2025-10-19 01:30:00-05:00,2025-10-19 06:30:00+00:00,P2_DGR2_RN,Resource Node,REAL_TIME_15_MIN,22.94
2025-10-19 01:15:00-05:00,2025-10-19 06:15:00+00:00,2025-10-19 01:30:00-05:00,2025-10-19 06:30:00+00:00,PRCRK_RN,Resource Node,REAL_TIME_15_MIN,21.04
2025-10-19 01:30:00-05:00,2025-10-19 06:30:00+00:00,2025-10-19 01:45:00-05:00,2025-10-19 06:45:00+00:00,CR_RN,Resource Node,REAL_TIME_15_MIN,19.65
2025-10-19 01:30:00-05:00,2025-10-19 06:30:00+00:00,2025-10-19 01:45:00-05:00,2025-10-19 06:45:00+00:00,P2_DGR2_RN,Resource Node,REAL_TIME_15_MIN,20.14
2025-10-19 01:30:00-05:00,2025-10-19 06:30:00+00:00,2025-10-19 01:45:00-05:00,2025-10-19 06:45:00+00:00,PRCRK_RN,Resource Node,REAL_TIME_15_MIN,20.48
2025-10-19 01:45:00-05:00,2025-10-19 06:45:00+00:00,2025-10-19 02:00:00-05:00,2025-10-19 07:00:00+00:00,CR_RN,Resource Node,REAL_TIME_15_MIN,17.24
2025-10-19 01:45:00-05:00,2025-10-19 06:45:00+00:00,2025-10-19 02:00:00-05:00,2025-10-19 07:00:00+00:00,P2_DGR2_RN,Resource Node,REAL_TIME_15_MIN,17.68
2025-10-19 01:45:00-05:00,2025-10-19 06:45:00+00:00,2025-10-19 02:00:00-05:00,2025-10-19 07:00:00+00:00,PRCRK_RN,Resource Node,REAL_TIME_15_MIN,18.8
2025-10-19 02:00:00-05:00,2025-10-19 07:00:00+00:00,2025-10-19 02:15:00-05:00,2025-10-19 07:15:00+00:00,CR_RN,Resource Node,REAL_TIME_15_MIN,17.49
2025-10-19 02:00:00-05:00,2025-10-19 07:00:00+00:00,2025-10-19 02:15:00-05:00,2025-10-19 07:15:00+00:00,P2_DGR2_RN,Resource Node,REAL_TIME_15_MIN,17.8
2025-10-19 02:00:00-05:00,2025-10-19 07:00:00+00:00,2025-10-19 02:15:00-05:00,2025-10-19 07:15:00+00:00,PRCRK_RN,Resource Node,REAL_TIME_15_MIN,19.72
2025-10-19 02:15:00-05:00,2025-10-19 07:15:00+00:00,2025-10-19 02:30:00-05:00,2025-10-19 07:30:00+00:00,CR_RN,Resource Node,REAL_TIME_15_MIN,17.93
2025-10-19 02:15:00-05:00,2025-10-19 07:15:00+00:00,2025-10-19 02:30:00-05:00,2025-10-19 07:30:00+00:00,P2_DGR2_RN,Resource Node,REAL_TIME_15_MIN,18.15
2025-10-19 02:15:00-05:00,2025-10-19 07:15:00+00:00,2025-10-19 02:30:00-05:00,2025-10-19 07:30:00+00:00,PRCRK_RN,Resource Node,REAL_TIME_15_MIN,19.75
2025-10-19 02:30:00-05:00,2025-10-19 07:30:00+00:00,2025-10-19 02:45:00-05:00,2025-10-19 07:45:00+00:00,CR_RN,Resource Node,REAL_TIME_15_MIN,17.42
2025-10-19 02:30:00-05:00,2025-10-19 07:30:00+00:00,2025-10-19 02:45:00-05:00,2025-10-19 07:45:00+00:00,P2_DGR2_RN,Resource Node,REAL_TIME_15_MIN,18.03
2025-10-19 02:30:00-05:00,2025-10-19 07:30:00+00:00,2025-10-19 02:45:00-05:00,2025-10-19 07:45:00+00:00,PRCRK_RN,Resource Node,REAL_TIME_15_MIN,18.56
2025-10-19 02:45:00-05:00,2025-10-19 07:45:00+00:00,2025-10-19 03:00:00-05:00,2025-10-19 08:00:00+00:00,CR_RN,Resource Node,REAL_TIME_15_MIN,17.79
2025-10-19 02:45:00-05:00,2025-10-19 07:45:00+00:00,2025-10-19 03:00:00-05:00,2025-10-19 08:00:00+00:00,P2_DGR2_RN,Resource Node,REAL_TIME_15_MIN,18.18
2025-10-19 02:45:00-05:00,2025-10-19 07:45:00+00:00,2025-10-19 03:00:00-05:00,2025-10-19 08:00:00+00:00,PRCRK_RN,Resource Node,REAL_TIME_15_MIN,17.98
2025-10-19 03:00:00-05:00,2025-10-19 08:00:00+00:00,2025-10-19 03:15:00-05:00,2025-10-19 08:15:00+00:00,CR_RN,Resource Node,REAL_TIME_15_MIN,18.36
2025-10-19 03:00:00-05:00,2025-10-19 08:00:00+00:00,2025-10-19 03:15:00-05:00,2025-10-19 08:15:00+00:00,P2_DGR2_RN,Resource Node,REAL_TIME_15_MIN,18.26
2025-10-19 03:00:00-05:00,2025-10-19 08:00:00+00:00,2025-10-19 03:15:00-05:00,2025-10-19 08:15:00+00:00,PRCRK_RN,Resource Node,REAL_TIME_15_MIN,18.9
2025-10-19 03:15:00-05:00,2025-10-19 08:15:00+00:00,2025-10-19 03:30:00-05:00,2025-10-19 08:30:00+00:00,CR_RN,Resource Node,REAL_TIME_15_MIN,17.8
2025-10-19 03:15:00-05:00,2025-10-19 08:15:00+00:00,2025-10-19 03:30:00-05:00,2025-10-19 08:30:00+00:00,P2_DGR2_RN,Resource Node,REAL_TIME_15_MIN,17.17
2025-10-19 03:15:00-05:00,2025-10-19 08:15:00+00:00,2025-10-19 03:30:00-05:00,2025-10-19 08:30:00+00:00,PRCRK_RN,Resource Node,REAL_TIME_15_MIN,19.61
2025-10-19 03:30:00-05:00,2025-10-19 08:30:00+00:00,2025-10-19 03:45:00-05:00,2025-10-19 08:45:00+00:00,CR_RN,Resource Node,REAL_TIME_15_MIN,17.95
2025-10-19 03:30:00-05:00,2025-10-19 08:30:00+00:00,2025-10-19 03:45:00-05:00,2025-10-19 08:45:00+00:00,P2_DGR2_RN,Resource Node,REAL_TIME_15_MIN,17.89
2025-10-19 03:30:00-05:00,2025-10-19 08:30:00+00:00,2025-10-19 03:45:00-05:00,2025-10-19 08:45:00+00:00,PRCRK_RN,Resource Node,REAL_TIME_15_MIN,19.4
2025-10-19 03:45:00-05:00,2025-10-19 08:45:00+00:00,2025-10-19 04:00:00-05:00,2025-10-19 09:00:00+00:00,CR_RN,Resource Node,REAL_TIME_15_MIN,18.07
2025-10-19 03:45:00-05:00,2025-10-19 08:45:00+00:00,2025-10-19 04:00:00-05:00,2025-10-19 09:00:00+00:00,P2_DGR2_RN,Resource Node,REAL_TIME_15_MIN,19.07
2025-10-19 03:45:00-05:00,2025-10-19 08:45:00+00:00,2025-10-19 04:00:00-05:00,2025-10-19 09:00:00+00:00,PRCRK_RN,Resource Node,REAL_TIME_15_MIN,17.31
2025-10-19 04:00:00-05:00,2025-10-19 09:00:00+00:00,2025-10-19 04:15:00-05:00,2025-10-19 09:15:00+00:00,CR_RN,Resource Node,REAL_TIME_15_MIN,17.93
2025-10-19 04:00:00-05:00,2025-10-19 09:00:00+00:00,2025-10-19 04:15:00-05:00,2025-10-19 09:15:00+00:00,P2_DGR2_RN,Resource Node,REAL_TIME_15_MIN,18.76
2025-10-19 04:00:00-05:00,2025-10-19 09:00:00+00:00,2025-10-19 04:15:00-05:00,2025-10-19 09:15:00+00:00,PRCRK_RN,Resource Node,REAL_TIME_15_MIN,17.25
2025-10-19 04:15:00-05:00,2025-10-19 09:15:00+00:00,2025-10-19 04:30:00-05:00,2025-10-19 09:30:00+00:00,CR_RN,Resource Node,REAL_TIME_15_MIN,17.97
2025-10-19 04:15:00-05:00,2025-10-19 09:15:00+00:00,2025-10-19 04:30:00-05:00,2025-10-19 09:30:00+00:00,P2_DGR2_RN,Resource Node,REAL_TIME_15_MIN,18.74
2025-10-19 04:15:00-05:00,2025-10-19 09:15:00+00:00,2025-10-19 04:30:00-05:00,2025-10-19 09:30:00+00:00,PRCRK_RN,Resource Node,REAL_TIME_15_MIN,17.36
2025-10-19 04:30:00-05:00,2025-10-19 09:30:00+00:00,2025-10-19 04:45:00-05:00,2025-10-19 09:45:00+00:00,CR_RN,Resource Node,REAL_TIME_15_MIN,18.38
2025-10-19 04:30:00-05:00,2025-10-19 09:30:00+00:00,2025-10-19 04:45:00-05:00,2025-10-19 09:45:00+00:00,P2_DGR2_RN,Resource Node,REAL_TIME_15_MIN,19.16
2025-10-19 04:30:00-05:00,2025-10-19 09:30:00+00:00,2025-10-19 04:45:00-05:00,2025-10-19 09:45:00+00:00,PRCRK_RN,Resource Node,REAL_TIME_15_MIN,17.77
2025-10-19 04:45:00-05:00,2025-10-19 09:45:00+00:00,2025-10-19 05:00:00-05:00,2025-10-19 10:00:00+00:00,CR_RN,Resource Node,REAL_TIME_15_MIN,18.34
2025-10-19 04:45:00-05:00,2025-10-19 09:45:00+00:00,2025-10-19 05:00:00-05:00,2025-10-19 10:00:00+00:00,P2_DGR2_RN,Resource Node,REAL_TIME_15_MIN,19.12
2025-10-19 04:45:00-05:00,2025-10-19 09:45:00+00:00,2025-10-19 05:00:00-05:00,2025-10-19 10:00:00+00:00,PRCRK_RN,Resource Node,REAL_TIME_15_MIN,17.73
2025-10-19 05:00:00-05:00,2025-10-19 10:00:00+00:00,2025-10-19 05:15:00-05:00,2025-10-19 10:15:00+00:00,CR_RN,Resource Node,REAL_TIME_15_MIN,19.12
2025-10-19 05:00:00-05:00,2025-10-19 10:00:00+00:00,2025-10-19 05:15:00-05:00,2025-10-19 10:15:00+00:00,P2_DGR2_RN,Resource Node,REAL_TIME_15_MIN,19.21
2025-10-19 05:00:00-05:00,2025-10-19 10:00:00+00:00,2025-10-19 05:15:00-05:00,2025-10-19 10:15:00+00:00,PRCRK_RN,Resource Node,REAL_TIME_15_MIN,19.05
2025-10-19 05:15:00-05:00,2025-10-19 10:15:00+00:00,2025-10-19 05:30:00-05:00,2025-10-19 10:30:00+00:00,CR_RN,Resource Node,REAL_TIME_15_MIN,21.16
2025-10-19 05:15:00-05:00,2025-10-19 10:15:00+00:00,2025-10-19 05:30:00-05:00,2025-10-19 10:30:00+00:00,P2_DGR2_RN,Resource Node,REAL_TIME_15_MIN,21.16
2025-10-19 05:15:00-05:00,2025-10-19 10:15:00+00:00,2025-10-19 05:30:00-05:00,2025-10-19 10:30:00+00:00,PRCRK_RN,Resource Node,REAL_TIME_15_MIN,21.16
2025-10-19 05:30:00-05:00,2025-10-19 10:30:00+00:00,2025-10-19 05:45:00-05:00,2025-10-19 10:45:00+00:00,CR_RN,Resource Node,REAL_TIME_15_MIN,22.04
2025-10-19 05:30:00-05:00,2025-10-19 10:30:00+00:00,2025-10-19 05:45:00-05:00,2025-10-19 10:45:00+00:00,P2_DGR2_RN,Resource Node,REAL_TIME_15_MIN,22.04
2025-10-19 05:30:00-05:00,2025-10-19 10:30:00+00:00,2025-10-19 05:45:00-05:00,2025-10-19 10:45:00+00:00,PRCRK_RN,Resource Node,REAL_TIME_15_MIN,22.04
2025-10-19 05:45:00-05:00,2025-10-19 10:45:00+00:00,2025-10-19 06:00:00-05:00,2025-10-19 11:00:00+00:00,CR_RN,Resource Node,REAL_TIME_15_MIN,22.46
2025-10-19 05:45:00-05:00,2025-10-19 10:45:00+00:00,2025-10-19 06:00:00-05:00,2025-10-19 11:00:00+00:00,P2_DGR2_RN,Resource Node,REAL_TIME_15_MIN,22.46
2025-10-19 05:45:00-05:00,2025-10-19 10:45:00+00:00,2025-10-19 06:00:00-05:00,2025-10-19 11:00:00+00:00,PRCRK_RN,Resource Node,REAL_TIME_15_MIN,22.46
2025-10-19 06:00:00-05:00,2025-10-19 11:00:00+00:00,2025-10-19 06:15:00-05:00,2025-10-19 11:15:00+00:00,CR_RN,Resource Node,REAL_TIME_15_MIN,23.36
2025-10-19 06:00:00-05:00,2025-10-19 11:00:00+00:00,2025-10-19 06:15:00-05:00,2025-10-19 11:15:00+00:00,P2_DGR2_RN,Resource Node,REAL_TIME_15_MIN,23.36
2025-10-19 06:00:00-05:00,2025-10-19 11:00:00+00:00,2025-10-19 06:15:00-05:00,2025-10-19 11:15:00+00:00,PRCRK_RN,Resource Node,REAL_TIME_15_MIN,23.36
2025-10-19 06:15:00-05:00,2025-10-19 11:15:00+00:00,2025-10-19 06:30:00-05:00,2025-10-19 11:30:00+00:00,CR_RN,Resource Node,REAL_TIME_15_MIN,22.75
2025-10-19 06:15:00-05:00,2025-10-19 11:15:00+00:00,2025-10-19 06:30:00-05:00,2025-10-19 11:30:00+00:00,P2_DGR2_RN,Resource Node,REAL_TIME_15_MIN,22.75
2025-10-19 06:15:00-05:00,2025-10-19 11:15:00+00:00,2025-10-19 06:30:00-05:00,2025-10-19 11:30:00+00:00,PRCRK_RN,Resource Node,REAL_TIME_15_MIN,22.75
2025-10-19 06:30:00-05:00,2025-10-19 11:30:00+00:00,2025-10-19 06:45:00-05:00,2025-10-19 11:45:00+00:00,CR_RN,Resource Node,REAL_TIME_15_MIN,22.6
2025-10-19 06:30:00-05:00,2025-10-19 11:30:00+00:00,2025-10-19 06:45:00-05:00,2025-10-19 11:45:00+00:00,P2_DGR2_RN,Resource Node,REAL_TIME_15_MIN,22.6
2025-10-19 06:30:00-05:00,2025-10-19 11:30:00+00:00,2025-10-19 06:45:00-05:00,2025-10-19 11:45:00+00:00,PRCRK_RN,Resource Node,REAL_TIME_15_MIN,22.6
2025-10-19 06:45:00-05:00,2025-10-19 11:45:00+00:00,2025-10-19 07:00:00-05:00,2025-10-19 12:00:00+00:00,CR_RN,Resource Node,REAL_TIME_15_MIN,22.01
2025-10-19 06:45:00-05:00,2025-10-19 11:45:00+00:00,2025-10-19 07:00:00-05:00,2025-10-19 12:00:00+00:00,P2_DGR2_RN,Resource Node,REAL_TIME_15_MIN,22.01
2025-10-19 06:45:00-05:00,2025-10-19 11:45:00+00:00,2025-10-19 07:00:00-05:00,2025-10-19 12:00:00+00:00,PRCRK_RN,Resource Node,REAL_TIME_15_MIN,22.01
2025-10-19 07:00:00-05:00,2025-10-19 12:00:00+00:00,2025-10-19 07:15:00-05:00,2025-10-19 12:15:00+00:00,CR_RN,Resource Node,REAL_TIME_15_MIN,23.62
2025-10-19 07:00:00-05:00,2025-10-19 12:00:00+00:00,2025-10-19 07:15:00-05:00,2025-10-19 12:15:00+00:00,P2_DGR2_RN,Resource Node,REAL_TIME_15_MIN,23.62
2025-10-19 07:00:00-05:00,2025-10-19 12:00:00+00:00,2025-10-19 07:15:00-05:00,2025-10-19 12:15:00+00:00,PRCRK_RN,Resource Node,REAL_TIME_15_MIN,23.62
2025-10-19 07:15:00-05:00,2025-10-19 12:15:00+00:00,2025-10-19 07:30:00-05:00,2025-10-19 12:30:00+00:00,CR_RN,Resource Node,REAL_TIME_15_MIN,25.29
2025-10-19 07:15:00-05:00,2025-10-19 12:15:00+00:00,2025-10-19 07:30:00-05:00,2025-10-19 12:30:00+00:00,P2_DGR2_RN,Resource Node,REAL_TIME_15_MIN,25.29
2025-10-19 07:15:00-05:00,2025-10-19 12:15:00+00:00,2025-10-19 07:30:00-05:00,2025-10-19 12:30:00+00:00,PRCRK_RN,Resource Node,REAL_TIME_15_MIN,25.29
2025-10-19 07:30:00-05:00,2025-10-19 12:30:00+00:00,2025-10-19 07:45:00-05:00,2025-10-19 12:45:00+00:00,CR_RN,Resource Node,REAL_TIME_15_MIN,24.69
2025-10-19 07:30:00-05:00,2025-10-19 12:30:00+00:00,2025-10-19 07:45:00-05:00,2025-10-19 12:45:00+00:00,P2_DGR2_RN,Resource Node,REAL_TIME_15_MIN,24.69
2025-10-19 07:30:00-05:00,2025-10-19 12:30:00+00:00,2025-10-19 07:45:00-05:00,2025-10-19 12:45:00+00:00,PRCRK_RN,Resource Node,REAL_TIME_15_MIN,24.69
2025-10-19 07:45:00-05:00,2025-10-19 12:45:00+00:00,2025-10-19 08:00:00-05:00,2025-10-19 13:00:00+00:00,CR_RN,Resource Node,REAL_TIME_15_MIN,23.33
2025-10-19 07:45:00-05:00,2025-10-19 12:45:00+00:00,2025-10-19 08:00:00-05:00,2025-10-19 13:00:00+00:00,P2_DGR2_RN,Resource Node,REAL_TIME_15_MIN,23.33
2025-10-19 07:45:00-05:00,2025-10-19 12:45:00+00:00,2025-10-19 08:00:00-05:00,2025-10-19 13:00:00+00:00,PRCRK_RN,Resource Node,REAL_TIME_15_MIN,23.33
2025-10-19 08:00:00-05:00,2025-10-19 13:00:00+00:00,2025-10-19 08:15:00-05:00,2025-10-19 13:15:00+00:00,CR_RN,Resource Node,REAL_TIME_15_MIN,23.1
2025-10-19 08:00:00-05:00,2025-10-19 13:00:00+00:00,2025-10-19 08:15:00-05:00,2025-10-19 13:15:00+00:00,P2_DGR2_RN,Resource Node,REAL_TIME_15_MIN,23.1
2025-10-19 08:00:00-05:00,2025-10-19 13:00:00+00:00,2025-10-19 08:15:00-05:00,2025-10-19 13:15:00+00:00,PRCRK_RN,Resource Node,REAL_TIME_15_MIN,23.1
2025-10-19 08:15:00-05:00,2025-10-19 13:15:00+00:00,2025-10-19 08:30:00-05:00,2025-10-19 13:30:00+00:00,CR_RN,Resource Node,REAL_TIME_15_MIN,18.64
2025-10-19 08:15:00-05:00,2025-10-19 13:15:00+00:00,2025-10-19 08:30:00-05:00,2025-10-19 13:30:00+00:00,P2_DGR2_RN,Resource Node,REAL_TIME_15_MIN,18.64
2025-10-19 08:15:00-05:00,2025-10-19 13:15:00+00:00,2025-10-19 08:30:00-05:00,2025-10-19 13:30:00+00:00,PRCRK_RN,Resource Node,REAL_TIME_15_MIN,18.64
2025-10-19 08:30:00-05:00,2025-10-19 13:30:00+00:00,2025-10-19 08:45:00-05:00,2025-10-19 13:45:00+00:00,CR_RN,Resource Node,REAL_TIME_15_MIN,13.91
2025-10-19 08:30:00-05:00,2025-10-19 13:30:00+00:00,2025-10-19 08:45:00-05:00,2025-10-19 13:45:00+00:00,P2_DGR2_RN,Resource Node,REAL_TIME_15_MIN,13.91
2025-10-19 08:30:00-05:00,2025-10-19 13:30:00+00:00,2025-10-19 08:45:00-05:00,2025-10-19 13:45:00+00:00,PRCRK_RN,Resource Node,REAL_TIME_15_MIN,13.91
2025-10-19 08:45:00-05:00,2025-10-19 13:45:00+00:00,2025-10-19 09:00:00-05:00,2025-10-19 14:00:00+00:00,CR_RN,Resource Node,REAL_TIME_15_MIN,11.84
2025-10-19 08:45:00-05:00,2025-10-19 13:45:00+00:00,2025-10-19 09:00:00-05:00,2025-10-19 14:00:00+00:00,P2_DGR2_RN,Resource Node,REAL_TIME_15_MIN,11.83
2025-10-19 08:45:00-05:00,2025-10-19 13:45:00+00:00,2025-10-19 09:00:00-05:00,2025-10-19 14:00:00+00:00,PRCRK_RN,Resource Node,REAL_TIME_15_MIN,11.85
2025-10-19 09:00:00-05:00,2025-10-19 14:00:00+00:00,2025-10-19 09:15:00-05:00,2025-10-19 14:15:00+00:00,CR_RN,Resource Node,REAL_TIME_15_MIN,12.27
2025-10-19 09:00:00-05:00,2025-10-19 14:00:00+00:00,2025-10-19 09:15:00-05:00,2025-10-19 14:15:00+00:00,P2_DGR2_RN,Resource Node,REAL_TIME_15_MIN,12.17
2025-10-19 09:00:00-05:00,2025-10-19 14:00:00+00:00,2025-10-19 09:15:00-05:00,2025-10-19 14:15:00+00:00,PRCRK_RN,Resource Node,REAL_TIME_15_MIN,12.36
2025-10-19 09:15:00-05:00,2025-10-19 14:15:00+00:00,2025-10-19 09:30:00-05:00,2025-10-19 14:30:00+00:00,CR_RN,Resource Node,REAL_TIME_15_MIN,9.65
2025-10-19 09:15:00-05:00,2025-10-19 14:15:00+00:00,2025-10-19 09:30:00-05:00,2025-10-19 14:30:00+00:00,P2_DGR2_RN,Resource Node,REAL_TIME_15_MIN,9.83
2025-10-19 09:15:00-05:00,2025-10-19 14:15:00+00:00,2025-10-19 09:30:00-05:00,2025-10-19 14:30:00+00:00,PRCRK_RN,Resource Node,REAL_TIME_15_MIN,9.93
2025-10-19 09:30:00-05:00,2025-10-19 14:30:00+00:00,2025-10-19 09:45:00-05:00,2025-10-19 14:45:00+00:00,CR_RN,Resource Node,REAL_TIME_15_MIN,8.31
2025-10-19 09:30:00-05:00,2025-10-19 14:30:00+00:00,2025-10-19 09:45:00-05:00,2025-10-19 14:45:00+00:00,P2_DGR2_RN,Resource Node,REAL_TIME_15_MIN,8.19
2025-10-19 09:30:00-05:00,2025-10-19 14:30:00+00:00,2025-10-19 09:45:00-05:00,2025-10-19 14:45:00+00:00,PRCRK_RN,Resource Node,REAL_TIME_15_MIN,8.58
2025-10-19 09:45:00-05:00,2025-10-19 14:45:00+00:00,2025-10-19 10:00:00-05:00,2025-10-19 15:00:00+00:00,CR_RN,Resource Node,REAL_TIME_15_MIN,8.71
2025-10-19 09:45:00-05:00,2025-10-19 14:45:00+00:00,2025-10-19 10:00:00-05:00,2025-10-19 15:00:00+00:00,P2_DGR2_RN,Resource Node,REAL_TIME_15_MIN,8.57
2025-10-19 09:45:00-05:00,2025-10-19 14:45:00+00:00,2025-10-19 10:00:00-05:00,2025-10-19 15:00:00+00:00,PRCRK_RN,Resource Node,REAL_TIME_15_MIN,8.98
2025-10-19 10:00:00-05:00,2025-10-19 15:00:00+00:00,2025-10-19 10:15:00-05:00,2025-10-19 15:15:00+00:00,CR_RN,Resource Node,REAL_TIME_15_MIN,11.73
2025-10-19 10:00:00-05:00,2025-10-19 15:00:00+00:00,2025-10-19 10:15:00-05:00,2025-10-19 15:15:00+00:00,P2_DGR2_RN,Resource Node,REAL_TIME_15_MIN,11.85
2025-10-19 10:00:00-05:00,2025-10-19 15:00:00+00:00,2025-10-19 10:15:00-05:00,2025-10-19 15:15:00+00:00,PRCRK_RN,Resource Node,REAL_TIME_15_MIN,12.04
2025-10-19 10:15:00-05:00,2025-10-19 15:15:00+00:00,2025-10-19 10:30:00-05:00,2025-10-19 15:30:00+00:00,CR_RN,Resource Node,REAL_TIME_15_MIN,14.55
2025-10-19 10:15:00-05:00,2025-10-19 15:15:00+00:00,2025-10-19 10:30:00-05:00,2025-10-19 15:30:00+00:00,P2_DGR2_RN,Resource Node,REAL_TIME_15_MIN,13.21
2025-10-19 10:15:00-05:00,2025-10-19 15:15:00+00:00,2025-10-19 10:30:00-05:00,2025-10-19 15:30:00+00:00,PRCRK_RN,Resource Node,REAL_TIME_15_MIN,13.63
2025-10-19 10:30:00-05:00,2025-10-19 15:30:00+00:00,2025-10-19 10:45:00-05:00,2025-10-19 15:45:00+00:00,CR_RN,Resource Node,REAL_TIME_15_MIN,15.24
2025-10-19 10:30:00-05:00,2025-10-19 15:30:00+00:00,2025-10-19 10:45:00-05:00,2025-10-19 15:45:00+00:00,P2_DGR2_RN,Resource Node,REAL_TIME_15_MIN,14.13
2025-10-19 10:30:00-05:00,2025-10-19 15:30:00+00:00,2025-10-19 10:45:00-05:00,2025-10-19 15:45:00+00:00,PRCRK_RN,Resource Node,REAL_TIME_15_MIN,14.43
2025-10-19 10:45:00-05:00,2025-10-19 15:45:00+00:00,2025-10-19 11:00:00-05:00,2025-10-19 16:00:00+00:00,CR_RN,Resource Node,REAL_TIME_15_MIN,16.33
2025-10-19 10:45:00-05:00,2025-10-19 15:45:00+00:00,2025-10-19 11:00:00-05:00,2025-10-19 16:00:00+00:00,P2_DGR2_RN,Resource Node,REAL_TIME_15_MIN,14.46
2025-10-19 10:45:00-05:00,2025-10-19 15:45:00+00:00,2025-10-19 11:00:00-05:00,2025-10-19 16:00:00+00:00,PRCRK_RN,Resource Node,REAL_TIME_15_MIN,14.84
2025-10-19 11:00:00-05:00,2025-10-19 16:00:00+00:00,2025-10-19 11:15:00-05:00,2025-10-19 16:15:00+00:00,CR_RN,Resource Node,REAL_TIME_15_MIN,17.2
2025-10-19 11:00:00-05:00,2025-10-19 16:00:00+00:00,2025-10-19 11:15:00-05:00,2025-10-19 16:15:00+00:00,P2_DGR2_RN,Resource Node,REAL_TIME_15_MIN,14.48
2025-10-19 11:00:00-05:00,2025-10-19 16:00:00+00:00,2025-10-19 11:15:00-05:00,2025-10-19 16:15:00+00:00,PRCRK_RN,Resource Node,REAL_TIME_15_MIN,15.02
2025-10-19 11:15:00-05:00,2025-10-19 16:15:00+00:00,2025-10-19 11:30:00-05:00,2025-10-19 16:30:00+00:00,CR_RN,Resource Node,REAL_TIME_15_MIN,17.42
2025-10-19 11:15:00-05:00,2025-10-19 16:15:00+00:00,2025-10-19 11:30:00-05:00,2025-10-19 16:30:00+00:00,P2_DGR2_RN,Resource Node,REAL_TIME_15_MIN,14.6
2025-10-19 11:15:00-05:00,2025-10-19 16:15:00+00:00,2025-10-19 11:30:00-05:00,2025-10-19 16:30:00+00:00,PRCRK_RN,Resource Node,REAL_TIME_15_MIN,15.18
2025-10-19 11:30:00-05:00,2025-10-19 16:30:00+00:00,2025-10-19 11:45:00-05:00,2025-10-19 16:45:00+00:00,CR_RN,Resource Node,REAL_TIME_15_MIN,16.41
2025-10-19 11:30:00-05:00,2025-10-19 16:30:00+00:00,2025-10-19 11:45:00-05:00,2025-10-19 16:45:00+00:00,P2_DGR2_RN,Resource Node,REAL_TIME_15_MIN,14.55
2025-10-19 11:30:00-05:00,2025-10-19 16:30:00+00:00,2025-10-19 11:45:00-05:00,2025-10-19 16:45:00+00:00,PRCRK_RN,Resource Node,REAL_TIME_15_MIN,14.93
2025-10-19 11:45:00-05:00,2025-10-19 16:45:00+00:00,2025-10-19 12:00:00-05:00,2025-10-19 17:00:00+00:00,CR_RN,Resource Node,REAL_TIME_15_MIN,17.13
2025-10-19 11:45:00-05:00,2025-10-19 16:45:00+00:00,2025-10-19 12:00:00-05:00,2025-10-19 17:00:00+00:00,P2_DGR2_RN,Resource Node,REAL_TIME_15_MIN,14.69
2025-10-19 11:45:00-05:00,2025-10-19 16:45:00+00:00,2025-10-19 12:00:00-05:00,2025-10-19 17:00:00+00:00,PRCRK_RN,Resource Node,REAL_TIME_15_MIN,15.19
2025-10-19 12:00:00-05:00,2025-10-19 17:00:00+00:00,2025-10-19 12:15:00-05:00,2025-10-19 17:15:00+00:00,CR_RN,Resource Node,REAL_TIME_15_MIN,17.06
2025-10-19 12:00:00-05:00,2025-10-19 17:00:00+00:00,2025-10-19 12:15:00-05:00,2025-10-19 17:15:00+00:00,P2_DGR2_RN,Resource Node,REAL_TIME_15_MIN,14.66
2025-10-19 12:00:00-05:00,2025-10-19 17:00:00+00:00,2025-10-19 12:15:00-05:00,2025-10-19 17:15:00+00:00,PRCRK_RN,Resource Node,REAL_TIME_15_MIN,15.15
2025-10-19 12:15:00-05:00,2025-10-19 17:15:00+00:00,2025-10-19 12:30:00-05:00,2025-10-19 17:30:00+00:00,CR_RN,Resource Node,REAL_TIME_15_MIN,17.01
2025-10-19 12:15:00-05:00,2025-10-19 17:15:00+00:00,2025-10-19 12:30:00-05:00,2025-10-19 17:30:00+00:00,P2_DGR2_RN,Resource Node,REAL_TIME_15_MIN,14.85
2025-10-19 12:15:00-05:00,2025-10-19 17:15:00+00:00,2025-10-19 12:30:00-05:00,2025-10-19 17:30:00+00:00,PRCRK_RN,Resource Node,REAL_TIME_15_MIN,15.3
2025-10-19 12:30:00-05:00,2025-10-19 17:30:00+00:00,2025-10-19 12:45:00-05:00,2025-10-19 17:45:00+00:00,CR_RN,Resource Node,REAL_TIME_15_MIN,15.78
2025-10-19 12:30:00-05:00,2025-10-19 17:30:00+00:00,2025-10-19 12:45:00-05:00,2025-10-19 17:45:00+00:00,P2_DGR2_RN,Resource Node,REAL_TIME_15_MIN,14.99
2025-10-19 12:30:00-05:00,2025-10-19 17:30:00+00:00,2025-10-19 12:45:00-05:00,2025-10-19 17:45:00+00:00,PRCRK_RN,Resource Node,REAL_TIME_15_MIN,15.16
2025-10-19 12:45:00-05:00,2025-10-19 17:45:00+00:00,2025-10-19 13:00:00-05:00,2025-10-19 18:00:00+00:00,CR_RN,Resource Node,REAL_TIME_15_MIN,17.0
2025-10-19 12:45:00-05:00,2025-10-19 17:45:00+00:00,2025-10-19 13:00:00-05:00,2025-10-19 18:00:00+00:00,P2_DGR2_RN,Resource Node,REAL_TIME_15_MIN,15.58
2025-10-19 12:45:00-05:00,2025-10-19 17:45:00+00:00,2025-10-19 13:00:00-05:00,2025-10-19 18:00:00+00:00,PRCRK_RN,Resource Node,REAL_TIME_15_MIN,15.88
2025-10-19 13:00:00-05:00,2025-10-19 18:00:00+00:00,2025-10-19 13:15:00-05:00,2025-10-19 18:15:00+00:00,CR_RN,Resource Node,REAL_TIME_15_MIN,17.36
2025-10-19 13:00:00-05:00,2025-10-19 18:00:00+00:00,2025-10-19 13:15:00-05:00,2025-10-19 18:15:00+00:00,P2_DGR2_RN,Resource Node,REAL_TIME_15_MIN,16.03
2025-10-19 13:00:00-05:00,2025-10-19 18:00:00+00:00,2025-10-19 13:15:00-05:00,2025-10-19 18:15:00+00:00,PRCRK_RN,Resource Node,REAL_TIME_15_MIN,16.3
2025-10-19 13:15:00-05:00,2025-10-19 18:15:00+00:00,2025-10-19 13:30:00-05:00,2025-10-19 18:30:00+00:00,CR_RN,Resource Node,REAL_TIME_15_MIN,17.82
2025-10-19 13:15:00-05:00,2025-10-19 18:15:00+00:00,2025-10-19 13:30:00-05:00,2025-10-19 18:30:00+00:00,P2_DGR2_RN,Resource Node,REAL_TIME_15_MIN,16.03
2025-10-19 13:15:00-05:00,2025-10-19 18:15:00+00:00,2025-10-19 13:30:00-05:00,2025-10-19 18:30:00+00:00,PRCRK_RN,Resource Node,REAL_TIME_15_MIN,16.4
2025-10-19 13:30:00-05:00,2025-10-19 18:30:00+00:00,2025-10-19 13:45:00-05:00,2025-10-19 18:45:00+00:00,CR_RN,Resource Node,REAL_TIME_15_MIN,18.95
2025-10-19 13:30:00-05:00,2025-10-19 18:30:00+00:00,2025-10-19 13:45:00-05:00,2025-10-19 18:45:00+00:00,P2_DGR2_RN,Resource Node,REAL_TIME_15_MIN,17.7
2025-10-19 13:30:00-05:00,2025-10-19 18:30:00+00:00,2025-10-19 13:45:00-05:00,2025-10-19 18:45:00+00:00,PRCRK_RN,Resource Node,REAL_TIME_15_MIN,17.96
2025-10-19 13:45:00-05:00,2025-10-19 18:45:00+00:00,2025-10-19 14:00:00-05:00,2025-10-19 19:00:00+00:00,CR_RN,Resource Node,REAL_TIME_15_MIN,19.97
2025-10-19 13:45:00-05:00,2025-10-19 18:45:00+00:00,2025-10-19 14:00:00-05:00,2025-10-19 19:00:00+00:00,P2_DGR2_RN,Resource Node,REAL_TIME_15_MIN,19.15
2025-10-19 13:45:00-05:00,2025-10-19 18:45:00+00:00,2025-10-19 14:00:00-05:00,2025-10-19 19:00:00+00:00,PRCRK_RN,Resource Node,REAL_TIME_15_MIN,19.31
2025-10-19 14:00:00-05:00,2025-10-19 19:00:00+00:00,2025-10-19 14:15:00-05:00,2025-10-19 19:15:00+00:00,CR_RN,Resource Node,REAL_TIME_15_MIN,20.55
2025-10-19 14:00:00-05:00,2025-10-19 19:00:00+00:00,2025-10-19 14:15:00-05:00,2025-10-19 19:15:00+00:00,P2_DGR2_RN,Resource Node,REAL_TIME_15_MIN,20.09
2025-10-19 14:00:00-05:00,2025-10-19 19:00:00+00:00,2025-10-19 14:15:00-05:00,2025-10-19 19:15:00+00:00,PRCRK_RN,Resource Node,REAL_TIME_15_MIN,20.15
2025-10-19 14:15:00-05:00,2025-10-19 19:15:00+00:00,2025-10-19 14:30:00-05:00,2025-10-19 19:30:00+00:00,CR_RN,Resource Node,REAL_TIME_15_MIN,21.74
2025-10-19 14:15:00-05:00,2025-10-19 19:15:00+00:00,2025-10-19 14:30:00-05:00,2025-10-19 19:30:00+00:00,P2_DGR2_RN,Resource Node,REAL_TIME_15_MIN,21.91
2025-10-19 14:15:00-05:00,2025-10-19 19:15:00+00:00,2025-10-19 14:30:00-05:00,2025-10-19 19:30:00+00:00,PRCRK_RN,Resource Node,REAL_TIME_15_MIN,21.83
2025-10-19 14:30:00-05:00,2025-10-19 19:30:00+00:00,2025-10-19 14:45:00-05:00,2025-10-19 19:45:00+00:00,CR_RN,Resource Node,REAL_TIME_15_MIN,21.67
2025-10-19 14:30:00-05:00,2025-10-19 19:30:00+00:00,2025-10-19 14:45:00-05:00,2025-10-19 19:45:00+00:00,P2_DGR2_RN,Resource Node,REAL_TIME_15_MIN,21.67
2025-10-19 14:30:00-05:00,2025-10-19 19:30:00+00:00,2025-10-19 14:45:00-05:00,2025-10-19 19:45:00+00:00,PRCRK_RN,Resource Node,REAL_TIME_15_MIN,21.64
2025-10-19 14:45:00-05:00,2025-10-19 19:45:00+00:00,2025-10-19 15:00:00-05:00,2025-10-19 20:00:00+00:00,CR_RN,Resource Node,REAL_TIME_15_MIN,21.71
2025-10-19 14:45:00-05:00,2025-10-19 19:45:00+00:00,2025-10-19 15:00:00-05:00,2025-10-19 20:00:00+00:00,P2_DGR2_RN,Resource Node,REAL_TIME_15_MIN,21.66
2025-10-19 14:45:00-05:00,2025-10-19 19:45:00+00:00,2025-10-19 15:00:00-05:00,2025-10-19 20:00:00+00:00,PRCRK_RN,Resource Node,REAL_TIME_15_MIN,21.64
2025-10-19 15:00:00-05:00,2025-10-19 20:00:00+00:00,2025-10-19 15:15:00-05:00,2025-10-19 20:15:00+00:00,CR_RN,Resource Node,REAL_TIME_15_MIN,21.47
2025-10-19 15:00:00-05:00,2025-10-19 20:00:00+00:00,2025-10-19 15:15:00-05:00,2025-10-19 20:15:00+00:00,P2_DGR2_RN,Resource Node,REAL_TIME_15_MIN,21.15
2025-10-19 15:00:00-05:00,2025-10-19 20:00:00+00:00,2025-10-19 15:15:00-05:00,2025-10-19 20:15:00+00:00,PRCRK_RN,Resource Node,REAL_TIME_15_MIN,21.18
2025-10-19 15:15:00-05:00,2025-10-19 20:15:00+00:00,2025-10-19 15:30:00-05:00,2025-10-19 20:30:00+00:00,CR_RN,Resource Node,REAL_TIME_15_MIN,21.56
2025-10-19 15:15:00-05:00,2025-10-19 20:15:00+00:00,2025-10-19 15:30:00-05:00,2025-10-19 20:30:00+00:00,P2_DGR2_RN,Resource Node,REAL_TIME_15_MIN,21.29
2025-10-19 15:15:00-05:00,2025-10-19 20:15:00+00:00,2025-10-19 15:30:00-05:00,2025-10-19 20:30:00+00:00,PRCRK_RN,Resource Node,REAL_TIME_15_MIN,21.33
2025-10-19 15:30:00-05:00,2025-10-19 20:30:00+00:00,2025-10-19 15:45:00-05:00,2025-10-19 20:45:00+00:00,CR_RN,Resource Node,REAL_TIME_15_MIN,21.48
2025-10-19 15:30:00-05:00,2025-10-19 20:30:00+00:00,2025-10-19 15:45:00-05:00,2025-10-19 20:45:00+00:00,P2_DGR2_RN,Resource Node,REAL_TIME_15_MIN,21.26
2025-10-19 15:30:00-05:00,2025-10-19 20:30:00+00:00,2025-10-19 15:45:00-05:00,2025-10-19 20:45:00+00:00,PRCRK_RN,Resource Node,REAL_TIME_15_MIN,21.29
2025-10-19 15:45:00-05:00,2025-10-19 20:45:00+00:00,2025-10-19 16:00:00-05:00,2025-10-19 21:00:00+00:00,CR_RN,Resource Node,REAL_TIME_15_MIN,21.78
2025-10-19 15:45:00-05:00,2025-10-19 20:45:00+00:00,2025-10-19 16:00:00-05:00,2025-10-19 21:00:00+00:00,P2_DGR2_RN,Resource Node,REAL_TIME_15_MIN,21.43
2025-10-19 15:45:00-05:00,2025-10-19 20:45:00+00:00,2025-10-19 16:00:00-05:00,2025-10-19 21:00:00+00:00,PRCRK_RN,Resource Node,REAL_TIME_15_MIN,21.51
2025-10-19 16:00:00-05:00,2025-10-19 21:00:00+00:00,2025-10-19 16:15:00-05:00,2025-10-19 21:15:00+00:00,CR_RN,Resource Node,REAL_TIME_15_MIN,20.48
2025-10-19 16:00:00-05:00,2025-10-19 21:00:00+00:00,2025-10-19 16:15:00-05:00,2025-10-19 21:15:00+00:00,P2_DGR2_RN,Resource Node,REAL_TIME_15_MIN,19.74
2025-10-19 16:00:00-05:00,2025-10-19 21:00:00+00:00,2025-10-19 16:15:00-05:00,2025-10-19 21:15:00+00:00,PRCRK_RN,Resource Node,REAL_TIME_15_MIN,19.96
2025-10-19 16:15:00-05:00,2025-10-19 21:15:00+00:00,2025-10-19 16:30:00-05:00,2025-10-19 21:30:00+00:00,CR_RN,Resource Node,REAL_TIME_15_MIN,19.86
2025-10-19 16:15:00-05:00,2025-10-19 21:15:00+00:00,2025-10-19 16:30:00-05:00,2025-10-19 21:30:00+00:00,P2_DGR2_RN,Resource Node,REAL_TIME_15_MIN,18.73
2025-10-19 16:15:00-05:00,2025-10-19 21:15:00+00:00,2025-10-19 16:30:00-05:00,2025-10-19 21:30:00+00:00,PRCRK_RN,Resource Node,REAL_TIME_15_MIN,18.62
2025-10-19 16:30:00-05:00,2025-10-19 21:30:00+00:00,2025-10-19 16:45:00-05:00,2025-10-19 21:45:00+00:00,CR_RN,Resource Node,REAL_TIME_15_MIN,19.07
2025-10-19 16:30:00-05:00,2025-10-19 21:30:00+00:00,2025-10-19 16:45:00-05:00,2025-10-19 21:45:00+00:00,P2_DGR2_RN,Resource Node,REAL_TIME_15_MIN,18.17
2025-10-19 16:30:00-05:00,2025-10-19 21:30:00+00:00,2025-10-19 16:45:00-05:00,2025-10-19 21:45:00+00:00,PRCRK_RN,Resource Node,REAL_TIME_15_MIN,16.53
2025-10-19 16:45:00-05:00,2025-10-19 21:45:00+00:00,2025-10-19 17:00:00-05:00,2025-10-19 22:00:00+00:00,CR_RN,Resource Node,REAL_TIME_15_MIN,19.89
2025-10-19 16:45:00-05:00,2025-10-19 21:45:00+00:00,2025-10-19 17:00:00-05:00,2025-10-19 22:00:00+00:00,P2_DGR2_RN,Resource Node,REAL_TIME_15_MIN,19.74
2025-10-19 16:45:00-05:00,2025-10-19 21:45:00+00:00,2025-10-19 17:00:00-05:00,2025-10-19 22:00:00+00:00,PRCRK_RN,Resource Node,REAL_TIME_15_MIN,17.21
2025-10-19 17:00:00-05:00,2025-10-19 22:00:00+00:00,2025-10-19 17:15:00-05:00,2025-10-19 22:15:00+00:00,CR_RN,Resource Node,REAL_TIME_15_MIN,18.7
2025-10-19 17:00:00-05:00,2025-10-19 22:00:00+00:00,2025-10-19 17:15:00-05:00,2025-10-19 22:15:00+00:00,P2_DGR2_RN,Resource Node,REAL_TIME_15_MIN,18.76
2025-10-19 17:00:00-05:00,2025-10-19 22:00:00+00:00,2025-10-19 17:15:00-05:00,2025-10-19 22:15:00+00:00,PRCRK_RN,Resource Node,REAL_TIME_15_MIN,15.58
2025-10-19 17:15:00-05:00,2025-10-19 22:15:00+00:00,2025-10-19 17:30:00-05:00,2025-10-19 22:30:00+00:00,CR_RN,Resource Node,REAL_TIME_15_MIN,25.79
2025-10-19 17:15:00-05:00,2025-10-19 22:15:00+00:00,2025-10-19 17:30:00-05:00,2025-10-19 22:30:00+00:00,P2_DGR2_RN,Resource Node,REAL_TIME_15_MIN,27.71
2025-10-19 17:15:00-05:00,2025-10-19 22:15:00+00:00,2025-10-19 17:30:00-05:00,2025-10-19 22:30:00+00:00,PRCRK_RN,Resource Node,REAL_TIME_15_MIN,22.81
2025-10-19 17:30:00-05:00,2025-10-19 22:30:00+00:00,2025-10-19 17:45:00-05:00,2025-10-19 22:45:00+00:00,CR_RN,Resource Node,REAL_TIME_15_MIN,40.5
2025-10-19 17:30:00-05:00,2025-10-19 22:30:00+00:00,2025-10-19 17:45:00-05:00,2025-10-19 22:45:00+00:00,P2_DGR2_RN,Resource Node,REAL_TIME_15_MIN,43.38
2025-10-19 17:30:00-05:00,2025-10-19 22:30:00+00:00,2025-10-19 17:45:00-05:00,2025-10-19 22:45:00+00:00,PRCRK_RN,Resource Node,REAL_TIME_15_MIN,36.22
2025-10-19 17:45:00-05:00,2025-10-19 22:45:00+00:00,2025-10-19 18:00:00-05:00,2025-10-19 23:00:00+00:00,CR_RN,Resource Node,REAL_TIME_15_MIN,52.79
2025-10-19 17:45:00-05:00,2025-10-19 22:45:00+00:00,2025-10-19 18:00:00-05:00,2025-10-19 23:00:00+00:00,P2_DGR2_RN,Resource Node,REAL_TIME_15_MIN,57.12
2025-10-19 17:45:00-05:00,2025-10-19 22:45:00+00:00,2025-10-19 18:00:00-05:00,2025-10-19 23:00:00+00:00,PRCRK_RN,Resource Node,REAL_TIME_15_MIN,46.37
2025-10-19 18:00:00-05:00,2025-10-19 23:00:00+00:00,2025-10-19 18:15:00-05:00,2025-10-19 23:15:00+00:00,CR_RN,Resource Node,REAL_TIME_15_MIN,36.0
2025-10-19 18:00:00-05:00,2025-10-19 23:00:00+00:00,2025-10-19 18:15:00-05:00,2025-10-19 23:15:00+00:00,P2_DGR2_RN,Resource Node,REAL_TIME_15_MIN,39.09
2025-10-19 18:00:00-05:00,2025-10-19 23:00:00+00:00,2025-10-19 18:15:00-05:00,2025-10-19 23:15:00+00:00,PRCRK_RN,Resource Node,REAL_TIME_15_MIN,31.42
2025-10-19 18:15:00-05:00,2025-10-19 23:15:00+00:00,2025-10-19 18:30:00-05:00,2025-10-19 23:30:00+00:00,CR_RN,Resource Node,REAL_TIME_15_MIN,40.23
2025-10-19 18:15:00-05:00,2025-10-19 23:15:00+00:00,2025-10-19 18:30:00-05:00,2025-10-19 23:30:00+00:00,P2_DGR2_RN,Resource Node,REAL_TIME_15_MIN,44.1
2025-10-19 18:15:00-05:00,2025-10-19 23:15:00+00:00,2025-10-19 18:30:00-05:00,2025-10-19 23:30:00+00:00,PRCRK_RN,Resource Node,REAL_TIME_15_MIN,34.69
2025-10-19 18:30:00-05:00,2025-10-19 23:30:00+00:00,2025-10-19 18:45:00-05:00,2025-10-19 23:45:00+00:00,CR_RN,Resource Node,REAL_TIME_15_MIN,45.5
2025-10-19 18:30:00-05:00,2025-10-19 23:30:00+00:00,2025-10-19 18:45:00-05:00,2025-10-19 23:45:00+00:00,P2_DGR2_RN,Resource Node,REAL_TIME_15_MIN,50.33
2025-10-19 18:30:00-05:00,2025-10-19 23:30:00+00:00,2025-10-19 18:45:00-05:00,2025-10-19 23:45:00+00:00,PRCRK_RN,Resource Node,REAL_TIME_15_MIN,38.89
2025-10-19 18:45:00-05:00,2025-10-19 23:45:00+00:00,2025-10-19 19:00:00-05:00,2025-10-20 00:00:00+00:00,CR_RN,Resource Node,REAL_TIME_15_MIN,52.44
2025-10-19 18:45:00-05:00,2025-10-19 23:45:00+00:00,2025-10-19 19:00:00-05:00,2025-10-20 00:00:00+00:00,P2_DGR2_RN,Resource Node,REAL_TIME_15_MIN,58.69
2025-10-19 18:45:00-05:00,2025-10-19 23:45:00+00:00,2025-10-19 19:00:00-05:00,2025-10-20 00:00:00+00:00,PRCRK_RN,Resource Node,REAL_TIME_15_MIN,43.8
2025-10-19 19:00:00-05:00,2025-10-20 00:00:00+00:00,2025-10-19 19:15:00-05:00,2025-10-20 00:15:00+00:00,CR_RN,Resource Node,REAL_TIME_15_MIN,47.71
2025-10-19 19:00:00-05:00,2025-10-20 00:00:00+00:00,2025-10-19 19:15:00-05:00,2025-10-20 00:15:00+00:00,P2_DGR2_RN,Resource Node,REAL_TIME_15_MIN,53.51
2025-10-19 19:00:00-05:00,2025-10-20 00:00:00+00:00,2025-10-19 19:15:00-05:00,2025-10-20 00:15:00+00:00,PRCRK_RN,Resource Node,REAL_TIME_15_MIN,39.62
2025-10-19 19:15:00-05:00,2025-10-20 00:15:00+00:00,2025-10-19 19:30:00-05:00,2025-10-20 00:30:00+00:00,CR_RN,Resource Node,REAL_TIME_15_MIN,41.37
2025-10-19 19:15:00-05:00,2025-10-20 00:15:00+00:00,2025-10-19 19:30:00-05:00,2025-10-20 00:30:00+00:00,P2_DGR2_RN,Resource Node,REAL_TIME_15_MIN,46.83
2025-10-19 19:15:00-05:00,2025-10-20 00:15:00+00:00,2025-10-19 19:30:00-05:00,2025-10-20 00:30:00+00:00,PRCRK_RN,Resource Node,REAL_TIME_15_MIN,33.78
2025-10-19 19:30:00-05:00,2025-10-20 00:30:00+00:00,2025-10-19 19:45:00-05:00,2025-10-20 00:45:00+00:00,CR_RN,Resource Node,REAL_TIME_15_MIN,34.58
2025-10-19 19:30:00-05:00,2025-10-20 00:30:00+00:00,2025-10-19 19:45:00-05:00,2025-10-20 00:45:00+00:00,P2_DGR2_RN,Resource Node,REAL_TIME_15_MIN,40.19
2025-10-19 19:30:00-05:00,2025-10-20 00:30:00+00:00,2025-10-19 19:45:00-05:00,2025-10-20 00:45:00+00:00,PRCRK_RN,Resource Node,REAL_TIME_15_MIN,27.1
2025-10-19 19:45:00-05:00,2025-10-20 00:45:00+00:00,2025-10-19 20:00:00-05:00,2025-10-20 01:00:00+00:00,CR_RN,Resource Node,REAL_TIME_15_MIN,29.04
2025-10-19 19:45:00-05:00,2025-10-20 00:45:00+00:00,2025-10-19 20:00:00-05:00,2025-10-20 01:00:00+00:00,P2_DGR2_RN,Resource Node,REAL_TIME_15_MIN,34.07
2025-10-19 19:45:00-05:00,2025-10-20 00:45:00+00:00,2025-10-19 20:00:00-05:00,2025-10-20 01:00:00+00:00,PRCRK_RN,Resource Node,REAL_TIME_15_MIN,22.31
2025-10-19 20:00:00-05:00,2025-10-20 01:00:00+00:00,2025-10-19 20:15:00-05:00,2025-10-20 01:15:00+00:00,CR_RN,Resource Node,REAL_TIME_15_MIN,29.43
2025-10-19 20:00:00-05:00,2025-10-20 01:00:00+00:00,2025-10-19 20:15:00-05:00,2025-10-20 01:15:00+00:00,P2_DGR2_RN,Resource Node,REAL_TIME_15_MIN,34.47
2025-10-19 20:00:00-05:00,2025-10-20 01:00:00+00:00,2025-10-19 20:15:00-05:00,2025-10-20 01:15:00+00:00,PRCRK_RN,Resource Node,REAL_TIME_15_MIN,22.73
2025-10-19 20:15:00-05:00,2025-10-20 01:15:00+00:00,2025-10-19 20:30:00-05:00,2025-10-20 01:30:00+00:00,CR_RN,Resource Node,REAL_TIME_15_MIN,27.69
2025-10-19 20:15:00-05:00,2025-10-20 01:15:00+00:00,2025-10-19 20:30:00-05:00,2025-10-20 01:30:00+00:00,P2_DGR2_RN,Resource Node,REAL_TIME_15_MIN,32.79
2025-10-19 20:15:00-05:00,2025-10-20 01:15:00+00:00,2025-10-19 20:30:00-05:00,2025-10-20 01:30:00+00:00,PRCRK_RN,Resource Node,REAL_TIME_15_MIN,21.13
2025-10-19 20:30:00-05:00,2025-10-20 01:30:00+00:00,2025-10-19 20:45:00-05:00,2025-10-20 01:45:00+00:00,CR_RN,Resource Node,REAL_TIME_15_MIN,26.74
2025-10-19 20:30:00-05:00,2025-10-20 01:30:00+00:00,2025-10-19 20:45:00-05:00,2025-10-20 01:45:00+00:00,P2_DGR2_RN,Resource Node,REAL_TIME_15_MIN,31.82
2025-10-19 20:30:00-05:00,2025-10-20 01:30:00+00:00,2025-10-19 20:45:00-05:00,2025-10-20 01:45:00+00:00,PRCRK_RN,Resource Node,REAL_TIME_15_MIN,20.24
2025-10-19 20:45:00-05:00,2025-10-20 01:45:00+00:00,2025-10-19 21:00:00-05:00,2025-10-20 02:00:00+00:00,CR_RN,Resource Node,REAL_TIME_15_MIN,24.6
2025-10-19 20:45:00-05:00,2025-10-20 01:45:00+00:00,2025-10-19 21:00:00-05:00,2025-10-20 02:00:00+00:00,P2_DGR2_RN,Resource Node,REAL_TIME_15_MIN,29.22
2025-10-19 20:45:00-05:00,2025-10-20 01:45:00+00:00,2025-10-19 21:00:00-05:00,2025-10-20 02:00:00+00:00,PRCRK_RN,Resource Node,REAL_TIME_15_MIN,18.63
2025-10-19 21:00:00-05:00,2025-10-20 02:00:00+00:00,2025-10-19 21:15:00-05:00,2025-10-20 02:15:00+00:00,CR_RN,Resource Node,REAL_TIME_15_MIN,24.97
2025-10-19 21:00:00-05:00,2025-10-20 02:00:00+00:00,2025-10-19 21:15:00-05:00,2025-10-20 02:15:00+00:00,P2_DGR2_RN,Resource Node,REAL_TIME_15_MIN,29.85
2025-10-19 21:00:00-05:00,2025-10-20 02:00:00+00:00,2025-10-19 21:15:00-05:00,2025-10-20 02:15:00+00:00,PRCRK_RN,Resource Node,REAL_TIME_15_MIN,18.67
2025-10-19 21:15:00-05:00,2025-10-20 02:15:00+00:00,2025-10-19 21:30:00-05:00,2025-10-20 02:30:00+00:00,CR_RN,Resource Node,REAL_TIME_15_MIN,21.15
2025-10-19 21:15:00-05:00,2025-10-20 02:15:00+00:00,2025-10-19 21:30:00-05:00,2025-10-20 02:30:00+00:00,P2_DGR2_RN,Resource Node,REAL_TIME_15_MIN,25.56
2025-10-19 21:15:00-05:00,2025-10-20 02:15:00+00:00,2025-10-19 21:30:00-05:00,2025-10-20 02:30:00+00:00,PRCRK_RN,Resource Node,REAL_TIME_15_MIN,15.44
2025-10-19 21:30:00-05:00,2025-10-20 02:30:00+00:00,2025-10-19 21:45:00-05:00,2025-10-20 02:45:00+00:00,CR_RN,Resource Node,REAL_TIME_15_MIN,16.93
2025-10-19 21:30:00-05:00,2025-10-20 02:30:00+00:00,2025-10-19 21:45:00-05:00,2025-10-20 02:45:00+00:00,P2_DGR2_RN,Resource Node,REAL_TIME_15_MIN,20.41
2025-10-19 21:30:00-05:00,2025-10-20 02:30:00+00:00,2025-10-19 21:45:00-05:00,2025-10-20 02:45:00+00:00,PRCRK_RN,Resource Node,REAL_TIME_15_MIN,12.74
2025-10-19 21:45:00-05:00,2025-10-20 02:45:00+00:00,2025-10-19 22:00:00-05:00,2025-10-20 03:00:00+00:00,CR_RN,Resource Node,REAL_TIME_15_MIN,17.03
2025-10-19 21:45:00-05:00,2025-10-20 02:45:00+00:00,2025-10-19 22:00:00-05:00,2025-10-20 03:00:00+00:00,P2_DGR2_RN,Resource Node,REAL_TIME_15_MIN,20.76
2025-10-19 21:45:00-05:00,2025-10-20 02:45:00+00:00,2025-10-19 22:00:00-05:00,2025-10-20 03:00:00+00:00,PRCRK_RN,Resource Node,REAL_TIME_15_MIN,12.36
2025-10-19 22:00:00-05:00,2025-10-20 03:00:00+00:00,2025-10-19 22:15:00-05:00,2025-10-20 03:15:00+00:00,CR_RN,Resource Node,REAL_TIME_15_MIN,16.29
2025-10-19 22:00:00-05:00,2025-10-20 03:00:00+00:00,2025-10-19 22:15:00-05:00,2025-10-20 03:15:00+00:00,P2_DGR2_RN,Resource Node,REAL_TIME_15_MIN,19.56
2025-10-19 22:00:00-05:00,2025-10-20 03:00:00+00:00,2025-10-19 22:15:00-05:00,2025-10-20 03:15:00+00:00,PRCRK_RN,Resource Node,REAL_TIME_15_MIN,12.27
2025-10-19 22:15:00-05:00,2025-10-20 03:15:00+00:00,2025-10-19 22:30:00-05:00,2025-10-20 03:30:00+00:00,CR_RN,Resource Node,REAL_TIME_15_MIN,15.06
2025-10-19 22:15:00-05:00,2025-10-20 03:15:00+00:00,2025-10-19 22:30:00-05:00,2025-10-20 03:30:00+00:00,P2_DGR2_RN,Resource Node,REAL_TIME_15_MIN,17.82
2025-10-19 22:15:00-05:00,2025-10-20 03:15:00+00:00,2025-10-19 22:30:00-05:00,2025-10-20 03:30:00+00:00,PRCRK_RN,Resource Node,REAL_TIME_15_MIN,12.0
2025-10-19 22:30:00-05:00,2025-10-20 03:30:00+00:00,2025-10-19 22:45:00-05:00,2025-10-20 03:45:00+00:00,CR_RN,Resource Node,REAL_TIME_15_MIN,15.06
2025-10-19 22:30:00-05:00,2025-10-20 03:30:00+00:00,2025-10-19 22:45:00-05:00,2025-10-20 03:45:00+00:00,P2_DGR2_RN,Resource Node,REAL_TIME_15_MIN,20.28
2025-10-19 22:30:00-05:00,2025-10-20 03:30:00+00:00,2025-10-19 22:45:00-05:00,2025-10-20 03:45:00+00:00,PRCRK_RN,Resource Node,REAL_TIME_15_MIN,12.25
2025-10-19 22:45:00-05:00,2025-10-20 03:45:00+00:00,2025-10-19 23:00:00-05:00,2025-10-20 04:00:00+00:00,CR_RN,Resource Node,REAL_TIME_15_MIN,14.46
2025-10-19 22:45:00-05:00,2025-10-20 03:45:00+00:00,2025-10-19 23:00:00-05:00,2025-10-20 04:00:00+00:00,P2_DGR2_RN,Resource Node,REAL_TIME_15_MIN,19.89
2025-10-19 22:45:00-05:00,2025-10-20 03:45:00+00:00,2025-10-19 23:00:00-05:00,2025-10-20 04:00:00+00:00,PRCRK_RN,Resource Node,REAL_TIME_15_MIN,12.49
2025-10-19 23:00:00-05:00,2025-10-20 04:00:00+00:00,2025-10-19 23:15:00-05:00,2025-10-20 04:15:00+00:00,CR_RN,Resource Node,REAL_TIME_15_MIN,16.13
2025-10-19 23:00:00-05:00,2025-10-20 04:00:00+00:00,2025-10-19 23:15:00-05:00,2025-10-20 04:15:00+00:00,P2_DGR2_RN,Resource Node,REAL_TIME_15_MIN,18.49
2025-10-19 23:00:00-05:00,2025-10-20 04:00:00+00:00,2025-10-19 23:15:00-05:00,2025-10-20 04:15:00+00:00,PRCRK_RN,Resource Node,REAL_TIME_15_MIN,19.09
2025-10-19 23:15:00-05:00,2025-10-20 04:15:00+00:00,2025-10-19 23:30:00-05:00,2025-10-20 04:30:00+00:00,CR_RN,Resource Node,REAL_TIME_15_MIN,16.41
2025-10-19 23:15:00-05:00,2025-10-20 04:15:00+00:00,2025-10-19 23:30:00-05:00,2025-10-20 04:30:00+00:00,P2_DGR2_RN,Resource Node,REAL_TIME_15_MIN,16.54
2025-10-19 23:15:00-05:00,2025-10-20 04:15:00+00:00,2025-10-19 23:30:00-05:00,2025-10-20 04:30:00+00:00,PRCRK_RN,Resource Node,REAL_TIME_15_MIN,21.99
2025-10-19 23:30:00-05:00,2025-10-20 04:30:00+00:00,2025-10-19 23:45:00-05:00,2025-10-20 04:45:00+00:00,CR_RN,Resource Node,REAL_TIME_15_MIN,15.92
2025-10-19 23:30:00-05:00,2025-10-20 04:30:00+00:00,2025-10-19 23:45:00-05:00,2025-10-20 04:45:00+00:00,P2_DGR2_RN,Resource Node,REAL_TIME_15_MIN,15.58
2025-10-19 23:30:00-05:00,2025-10-20 04:30:00+00:00,2025-10-19 23:45:00-05:00,2025-10-20 04:45:00+00:00,PRCRK_RN,Resource Node,REAL_TIME_15_MIN,22.36
2025-10-19 23:45:00-05:00,2025-10-20 04:45:00+00:00,2025-10-20 00:00:00-05:00,2025-10-20 05:00:00+00:00,CR_RN,Resource Node,REAL_TIME_15_MIN,15.16
2025-10-19 23:45:00-05:00,2025-10-20 04:45:00+00:00,2025-10-20 00:00:00-05:00,2025-10-20 05:00:00+00:00,P2_DGR2_RN,Resource Node,REAL_TIME_15_MIN,15.33
2025-10-19 23:45:00-05:00,2025-10-20 04:45:00+00:00,2025-10-20 00:00:00-05:00,2025-10-20 05:00:00+00:00,PRCRK_RN,Resource Node,REAL_TIME_15_MIN,21.32
2025-10-19 00:00:00-05:00,2025-10-19 05:00:00+00:00,2025-10-19 00:15:00-05:00,2025-10-19 05:15:00+00:00,AUSTPL_ALL,Resource Node,REAL_TIME_15_MIN,27.16
2025-10-19 00:00:00-05:00,2025-10-19 05:00:00+00:00,2025-10-19 00:15:00-05:00,2025-10-19 05:15:00+00:00,HLSES_UNIT5,Resource Node,REAL_TIME_15_MIN,18.76
2025-10-19 00:00:00-05:00,2025-10-19 05:00:00+00:00,2025-10-19 00:15:00-05:00,2025-10-19 05:15:00+00:00,ODESW_RN,Resource Node,REAL_TIME_15_MIN,81.41
2025-10-19 00:15:00-05:00,2025-10-19 05:15:00+00:00,2025-10-19 00:30:00-05:00,2025-10-19 05:30:00+00:00,AUSTPL_ALL,Resource Node,REAL_TIME_15_MIN,25.87
2025-10-19 00:15:00-05:00,2025-10-19 05:15:00+00:00,2025-10-19 00:30:00-05:00,2025-10-19 05:30:00+00:00,HLSES_UNIT5,Resource Node,REAL_TIME_15_MIN,19.74
2025-10-19 00:15:00-05:00,2025-10-19 05:15:00+00:00,2025-10-19 00:30:00-05:00,2025-10-19 05:30:00+00:00,ODESW_RN,Resource Node,REAL_TIME_15_MIN,67.8
2025-10-19 00:30:00-05:00,2025-10-19 05:30:00+00:00,2025-10-19 00:45:00-05:00,2025-10-19 05:45:00+00:00,AUSTPL_ALL,Resource Node,REAL_TIME_15_MIN,24.54
2025-10-19 00:30:00-05:00,2025-10-19 05:30:00+00:00,2025-10-19 00:45:00-05:00,2025-10-19 05:45:00+00:00,HLSES_UNIT5,Resource Node,REAL_TIME_15_MIN,19.72
2025-10-19 00:30:00-05:00,2025-10-19 05:30:00+00:00,2025-10-19 00:45:00-05:00,2025-10-19 05:45:00+00:00,ODESW_RN,Resource Node,REAL_TIME_15_MIN,63.9
2025-10-19 00:45:00-05:00,2025-10-19 05:45:00+00:00,2025-10-19 01:00:00-05:00,2025-10-19 06:00:00+00:00,AUSTPL_ALL,Resource Node,REAL_TIME_15_MIN,22.27
2025-10-19 00:45:00-05:00,2025-10-19 05:45:00+00:00,2025-10-19 01:00:00-05:00,2025-10-19 06:00:00+00:00,HLSES_UNIT5,Resource Node,REAL_TIME_15_MIN,19.45
2025-10-19 00:45:00-05:00,2025-10-19 05:45:00+00:00,2025-10-19 01:00:00-05:00,2025-10-19 06:00:00+00:00,ODESW_RN,Resource Node,REAL_TIME_15_MIN,53.24
2025-10-19 01:00:00-05:00,2025-10-19 06:00:00+00:00,2025-10-19 01:15:00-05:00,2025-10-19 06:15:00+00:00,AUSTPL_ALL,Resource Node,REAL_TIME_15_MIN,22.39
2025-10-19 01:00:00-05:00,2025-10-19 06:00:00+00:00,2025-10-19 01:15:00-05:00,2025-10-19 06:15:00+00:00,HLSES_UNIT5,Resource Node,REAL_TIME_15_MIN,19.68
2025-10-19 01:00:00-05:00,2025-10-19 06:00:00+00:00,2025-10-19 01:15:00-05:00,2025-10-19 06:15:00+00:00,ODESW_RN,Resource Node,REAL_TIME_15_MIN,52.91
2025-10-19 01:15:00-05:00,2025-10-19 06:15:00+00:00,2025-10-19 01:30:00-05:00,2025-10-19 06:30:00+00:00,AUSTPL_ALL,Resource Node,REAL_TIME_15_MIN,21.99
2025-10-19 01:15:00-05:00,2025-10-19 06:15:00+00:00,2025-10-19 01:30:00-05:00,2025-10-19 06:30:00+00:00,HLSES_UNIT5,Resource Node,REAL_TIME_15_MIN,19.57
2025-10-19 01:15:00-05:00,2025-10-19 06:15:00+00:00,2025-10-19 01:30:00-05:00,2025-10-19 06:30:00+00:00,ODESW_RN,Resource Node,REAL_TIME_15_MIN,50.18
2025-10-19 01:30:00-05:00,2025-10-19 06:30:00+00:00,2025-10-19 01:45:00-05:00,2025-10-19 06:45:00+00:00,AUSTPL_ALL,Resource Node,REAL_TIME_15_MIN,19.69
2025-10-19 01:30:00-05:00,2025-10-19 06:30:00+00:00,2025-10-19 01:45:00-05:00,2025-10-19 06:45:00+00:00,HLSES_UNIT5,Resource Node,REAL_TIME_15_MIN,18.41
2025-10-19 01:30:00-05:00,2025-10-19 06:30:00+00:00,2025-10-19 01:45:00-05:00,2025-10-19 06:45:00+00:00,ODESW_RN,Resource Node,REAL_TIME_15_MIN,33.26
2025-10-19 01:45:00-05:00,2025-10-19 06:45:00+00:00,2025-10-19 02:00:00-05:00,2025-10-19 07:00:00+00:00,AUSTPL_ALL,Resource Node,REAL_TIME_15_MIN,17.04
2025-10-19 01:45:00-05:00,2025-10-19 06:45:00+00:00,2025-10-19 02:00:00-05:00,2025-10-19 07:00:00+00:00,HLSES_UNIT5,Resource Node,REAL_TIME_15_MIN,15.91
2025-10-19 01:45:00-05:00,2025-10-19 06:45:00+00:00,2025-10-19 02:00:00-05:00,2025-10-19 07:00:00+00:00,ODESW_RN,Resource Node,REAL_TIME_15_MIN,23.49
2025-10-19 02:00:00-05:00,2025-10-19 07:00:00+00:00,2025-10-19 02:15:00-05:00,2025-10-19 07:15:00+00:00,AUSTPL_ALL,Resource Node,REAL_TIME_15_MIN,17.08
2025-10-19 02:00:00-05:00,2025-10-19 07:00:00+00:00,2025-10-19 02:15:00-05:00,2025-10-19 07:15:00+00:00,HLSES_UNIT5,Resource Node,REAL_TIME_15_MIN,16.21
2025-10-19 02:00:00-05:00,2025-10-19 07:00:00+00:00,2025-10-19 02:15:00-05:00,2025-10-19 07:15:00+00:00,ODESW_RN,Resource Node,REAL_TIME_15_MIN,21.67
2025-10-19 02:15:00-05:00,2025-10-19 07:15:00+00:00,2025-10-19 02:30:00-05:00,2025-10-19 07:30:00+00:00,AUSTPL_ALL,Resource Node,REAL_TIME_15_MIN,17.66
2025-10-19 02:15:00-05:00,2025-10-19 07:15:00+00:00,2025-10-19 02:30:00-05:00,2025-10-19 07:30:00+00:00,HLSES_UNIT5,Resource Node,REAL_TIME_15_MIN,15.57
2025-10-19 02:15:00-05:00,2025-10-19 07:15:00+00:00,2025-10-19 02:30:00-05:00,2025-10-19 07:30:00+00:00,ODESW_RN,Resource Node,REAL_TIME_15_MIN,22.91
2025-10-19 02:30:00-05:00,2025-10-19 07:30:00+00:00,2025-10-19 02:45:00-05:00,2025-10-19 07:45:00+00:00,AUSTPL_ALL,Resource Node,REAL_TIME_15_MIN,17.38
2025-10-19 02:30:00-05:00,2025-10-19 07:30:00+00:00,2025-10-19 02:45:00-05:00,2025-10-19 07:45:00+00:00,HLSES_UNIT5,Resource Node,REAL_TIME_15_MIN,14.65
2025-10-19 02:30:00-05:00,2025-10-19 07:30:00+00:00,2025-10-19 02:45:00-05:00,2025-10-19 07:45:00+00:00,ODESW_RN,Resource Node,REAL_TIME_15_MIN,25.46
2025-10-19 02:45:00-05:00,2025-10-19 07:45:00+00:00,2025-10-19 03:00:00-05:00,2025-10-19 08:00:00+00:00,AUSTPL_ALL,Resource Node,REAL_TIME_15_MIN,17.92
2025-10-19 02:45:00-05:00,2025-10-19 07:45:00+00:00,2025-10-19 03:00:00-05:00,2025-10-19 08:00:00+00:00,HLSES_UNIT5,Resource Node,REAL_TIME_15_MIN,14.18
2025-10-19 02:45:00-05:00,2025-10-19 07:45:00+00:00,2025-10-19 03:00:00-05:00,2025-10-19 08:00:00+00:00,ODESW_RN,Resource Node,REAL_TIME_15_MIN,23.38
2025-10-19 03:00:00-05:00,2025-10-19 08:00:00+00:00,2025-10-19 03:15:00-05:00,2025-10-19 08:15:00+00:00,AUSTPL_ALL,Resource Node,REAL_TIME_15_MIN,18.46
2025-10-19 03:00:00-05:00,2025-10-19 08:00:00+00:00,2025-10-19 03:15:00-05:00,2025-10-19 08:15:00+00:00,HLSES_UNIT5,Resource Node,REAL_TIME_15_MIN,15.1
2025-10-19 03:00:00-05:00,2025-10-19 08:00:00+00:00,2025-10-19 03:15:00-05:00,2025-10-19 08:15:00+00:00,ODESW_RN,Resource Node,REAL_TIME_15_MIN,28.8
2025-10-19 03:15:00-05:00,2025-10-19 08:15:00+00:00,2025-10-19 03:30:00-05:00,2025-10-19 08:30:00+00:00,AUSTPL_ALL,Resource Node,REAL_TIME_15_MIN,17.51
2025-10-19 03:15:00-05:00,2025-10-19 08:15:00+00:00,2025-10-19 03:30:00-05:00,2025-10-19 08:30:00+00:00,HLSES_UNIT5,Resource Node,REAL_TIME_15_MIN,15.74
2025-10-19 03:15:00-05:00,2025-10-19 08:15:00+00:00,2025-10-19 03:30:00-05:00,2025-10-19 08:30:00+00:00,ODESW_RN,Resource Node,REAL_TIME_15_MIN,21.77
2025-10-19 03:30:00-05:00,2025-10-19 08:30:00+00:00,2025-10-19 03:45:00-05:00,2025-10-19 08:45:00+00:00,AUSTPL_ALL,Resource Node,REAL_TIME_15_MIN,17.72
2025-10-19 03:30:00-05:00,2025-10-19 08:30:00+00:00,2025-10-19 03:45:00-05:00,2025-10-19 08:45:00+00:00,HLSES_UNIT5,Resource Node,REAL_TIME_15_MIN,17.01
2025-10-19 03:30:00-05:00,2025-10-19 08:30:00+00:00,2025-10-19 03:45:00-05:00,2025-10-19 08:45:00+00:00,ODESW_RN,Resource Node,REAL_TIME_15_MIN,20.8
2025-10-19 03:45:00-05:00,2025-10-19 08:45:00+00:00,2025-10-19 04:00:00-05:00,2025-10-19 09:00:00+00:00,AUSTPL_ALL,Resource Node,REAL_TIME_15_MIN,18.3
2025-10-19 03:45:00-05:00,2025-10-19 08:45:00+00:00,2025-10-19 04:00:00-05:00,2025-10-19 09:00:00+00:00,HLSES_UNIT5,Resource Node,REAL_TIME_15_MIN,17.1
2025-10-19 03:45:00-05:00,2025-10-19 08:45:00+00:00,2025-10-19 04:00:00-05:00,2025-10-19 09:00:00+00:00,ODESW_RN,Resource Node,REAL_TIME_15_MIN,19.6
2025-10-19 04:00:00-05:00,2025-10-19 09:00:00+00:00,2025-10-19 04:15:00-05:00,2025-10-19 09:15:00+00:00,AUSTPL_ALL,Resource Node,REAL_TIME_15_MIN,18.1
2025-10-19 04:00:00-05:00,2025-10-19 09:00:00+00:00,2025-10-19 04:15:00-05:00,2025-10-19 09:15:00+00:00,HLSES_UNIT5,Resource Node,REAL_TIME_15_MIN,17.22
2025-10-19 04:00:00-05:00,2025-10-19 09:00:00+00:00,2025-10-19 04:15:00-05:00,2025-10-19 09:15:00+00:00,ODESW_RN,Resource Node,REAL_TIME_15_MIN,17.01
2025-10-19 04:15:00-05:00,2025-10-19 09:15:00+00:00,2025-10-19 04:30:00-05:00,2025-10-19 09:30:00+00:00,AUSTPL_ALL,Resource Node,REAL_TIME_15_MIN,18.11
2025-10-19 04:15:00-05:00,2025-10-19 09:15:00+00:00,2025-10-19 04:30:00-05:00,2025-10-19 09:30:00+00:00,HLSES_UNIT5,Resource Node,REAL_TIME_15_MIN,17.33
2025-10-19 04:15:00-05:00,2025-10-19 09:15:00+00:00,2025-10-19 04:30:00-05:00,2025-10-19 09:30:00+00:00,ODESW_RN,Resource Node,REAL_TIME_15_MIN,16.56
2025-10-19 04:30:00-05:00,2025-10-19 09:30:00+00:00,2025-10-19 04:45:00-05:00,2025-10-19 09:45:00+00:00,AUSTPL_ALL,Resource Node,REAL_TIME_15_MIN,18.52
2025-10-19 04:30:00-05:00,2025-10-19 09:30:00+00:00,2025-10-19 04:45:00-05:00,2025-10-19 09:45:00+00:00,HLSES_UNIT5,Resource Node,REAL_TIME_15_MIN,17.74
2025-10-19 04:30:00-05:00,2025-10-19 09:30:00+00:00,2025-10-19 04:45:00-05:00,2025-10-19 09:45:00+00:00,ODESW_RN,Resource Node,REAL_TIME_15_MIN,16.96
2025-10-19 04:45:00-05:00,2025-10-19 09:45:00+00:00,2025-10-19 05:00:00-05:00,2025-10-19 10:00:00+00:00,AUSTPL_ALL,Resource Node,REAL_TIME_15_MIN,18.48
2025-10-19 04:45:00-05:00,2025-10-19 09:45:00+00:00,2025-10-19 05:00:00-05:00,2025-10-19 10:00:00+00:00,HLSES_UNIT5,Resource Node,REAL_TIME_15_MIN,17.7
2025-10-19 04:45:00-05:00,2025-10-19 09:45:00+00:00,2025-10-19 05:00:00-05:00,2025-10-19 10:00:00+00:00,ODESW_RN,Resource Node,REAL_TIME_15_MIN,16.92
2025-10-19 05:00:00-05:00,2025-10-19 10:00:00+00:00,2025-10-19 05:15:00-05:00,2025-10-19 10:15:00+00:00,AUSTPL_ALL,Resource Node,REAL_TIME_15_MIN,19.14
2025-10-19 05:00:00-05:00,2025-10-19 10:00:00+00:00,2025-10-19 05:15:00-05:00,2025-10-19 10:15:00+00:00,HLSES_UNIT5,Resource Node,REAL_TIME_15_MIN,19.05
2025-10-19 05:00:00-05:00,2025-10-19 10:00:00+00:00,2025-10-19 05:15:00-05:00,2025-10-19 10:15:00+00:00,ODESW_RN,Resource Node,REAL_TIME_15_MIN,18.96
2025-10-19 05:15:00-05:00,2025-10-19 10:15:00+00:00,2025-10-19 05:30:00-05:00,2025-10-19 10:30:00+00:00,AUSTPL_ALL,Resource Node,REAL_TIME_15_MIN,21.16
2025-10-19 05:15:00-05:00,2025-10-19 10:15:00+00:00,2025-10-19 05:30:00-05:00,2025-10-19 10:30:00+00:00,HLSES_UNIT5,Resource Node,REAL_TIME_15_MIN,21.16
2025-10-19 05:15:00-05:00,2025-10-19 10:15:00+00:00,2025-10-19 05:30:00-05:00,2025-10-19 10:30:00+00:00,ODESW_RN,Resource Node,REAL_TIME_15_MIN,21.16
2025-10-19 05:30:00-05:00,2025-10-19 10:30:00+00:00,2025-10-19 05:45:00-05:00,2025-10-19 10:45:00+00:00,AUSTPL_ALL,Resource Node,REAL_TIME_15_MIN,22.04
2025-10-19 05:30:00-05:00,2025-10-19 10:30:00+00:00,2025-10-19 05:45:00-05:00,2025-10-19 10:45:00+00:00,HLSES_UNIT5,Resource Node,REAL_TIME_15_MIN,22.04
2025-10-19 05:30:00-05:00,2025-10-19 10:30:00+00:00,2025-10-19 05:45:00-05:00,2025-10-19 10:45:00+00:00,ODESW_RN,Resource Node,REAL_TIME_15_MIN,22.04
2025-10-19 05:45:00-05:00,2025-10-19 10:45:00+00:00,2025-10-19 06:00:00-05:00,2025-10-19 11:00:00+00:00,AUSTPL_ALL,Resource Node,REAL_TIME_15_MIN,22.46
2025-10-19 05:45:00-05:00,2025-10-19 10:45:00+00:00,2025-10-19 06:00:00-05:00,2025-10-19 11:00:00+00:00,HLSES_UNIT5,Resource Node,REAL_TIME_15_MIN,22.46
2025-10-19 05:45:00-05:00,2025-10-19 10:45:00+00:00,2025-10-19 06:00:00-05:00,2025-10-19 11:00:00+00:00,ODESW_RN,Resource Node,REAL_TIME_15_MIN,22.46
2025-10-19 06:00:00-05:00,2025-10-19 11:00:00+00:00,2025-10-19 06:15:00-05:00,2025-10-19 11:15:00+00:00,AUSTPL_ALL,Resource Node,REAL_TIME_15_MIN,23.36
2025-10-19 06:00:00-05:00,2025-10-19 11:00:00+00:00,2025-10-19 06:15:00-05:00,2025-10-19 11:15:00+00:00,HLSES_UNIT5,Resource Node,REAL_TIME_15_MIN,23.36
2025-10-19 06:00:00-05:00,2025-10-19 11:00:00+00:00,2025-10-19 06:15:00-05:00,2025-10-19 11:15:00+00:00,ODESW_RN,Resource Node,REAL_TIME_15_MIN,23.36
2025-10-19 06:15:00-05:00,2025-10-19 11:15:00+00:00,2025-10-19 06:30:00-05:00,2025-10-19 11:30:00+00:00,AUSTPL_ALL,Resource Node,REAL_TIME_15_MIN,22.75
2025-10-19 06:15:00-05:00,2025-10-19 11:15:00+00:00,2025-10-19 06:30:00-05:00,2025-10-19 11:30:00+00:00,HLSES_UNIT5,Resource Node,REAL_TIME_15_MIN,22.75
2025-10-19 06:15:00-05:00,2025-10-19 11:15:00+00:00,2025-10-19 06:30:00-05:00,2025-10-19 11:30:00+00:00,ODESW_RN,Resource Node,REAL_TIME_15_MIN,22.75
2025-10-19 06:30:00-05:00,2025-10-19 11:30:00+00:00,2025-10-19 06:45:00-05:00,2025-10-19 11:45:00+00:00,AUSTPL_ALL,Resource Node,REAL_TIME_15_MIN,22.6
2025-10-19 06:30:00-05:00,2025-10-19 11:30:00+00:00,2025-10-19 06:45:00-05:00,2025-10-19 11:45:00+00:00,HLSES_UNIT5,Resource Node,REAL_TIME_15_MIN,22.6
2025-10-19 06:30:00-05:00,2025-10-19 11:30:00+00:00,2025-10-19 06:45:00-05:00,2025-10-19 11:45:00+00:00,ODESW_RN,Resource Node,REAL_TIME_15_MIN,22.6
2025-10-19 06:45:00-05:00,2025-10-19 11:45:00+00:00,2025-10-19 07:00:00-05:00,2025-10-19 12:00:00+00:00,AUSTPL_ALL,Resource Node,REAL_TIME_15_MIN,22.01
2025-10-19 06:45:00-05:00,2025-10-19 11:45:00+00:00,2025-10-19 07:00:00-05:00,2025-10-19 12:00:00+00:00,HLSES_UNIT5,Resource Node,REAL_TIME_15_MIN,22.01
2025-10-19 06:45:00-05:00,2025-10-19 11:45:00+00:00,2025-10-19 07:00:00-05:00,2025-10-19 12:00:00+00:00,ODESW_RN,Resource Node,REAL_TIME_15_MIN,22.01
2025-10-19 07:00:00-05:00,2025-10-19 12:00:00+00:00,2025-10-19 07:15:00-05:00,2025-10-19 12:15:00+00:00,AUSTPL_ALL,Resource Node,REAL_TIME_15_MIN,23.62
2025-10-19 07:00:00-05:00,2025-10-19 12:00:00+00:00,2025-10-19 07:15:00-05:00,2025-10-19 12:15:00+00:00,HLSES_UNIT5,Resource Node,REAL_TIME_15_MIN,23.62
2025-10-19 07:00:00-05:00,2025-10-19 12:00:00+00:00,2025-10-19 07:15:00-05:00,2025-10-19 12:15:00+00:00,ODESW_RN,Resource Node,REAL_TIME_15_MIN,23.62
2025-10-19 07:15:00-05:00,2025-10-19 12:15:00+00:00,2025-10-19 07:30:00-05:00,2025-10-19 12:30:00+00:00,AUSTPL_ALL,Resource Node,REAL_TIME_15_MIN,25.29
2025-10-19 07:15:00-05:00,2025-10-19 12:15:00+00:00,2025-10-19 07:30:00-05:00,2025-10-19 12:30:00+00:00,HLSES_UNIT5,Resource Node,REAL_TIME_15_MIN,25.29
2025-10-19 07:15:00-05:00,2025-10-19 12:15:00+00:00,2025-10-19 07:30:00-05:00,2025-10-19 12:30:00+00:00,ODESW_RN,Resource Node,REAL_TIME_15_MIN,25.29
2025-10-19 07:30:00-05:00,2025-10-19 12:30:00+00:00,2025-10-19 07:45:00-05:00,2025-10-19 12:45:00+00:00,AUSTPL_ALL,Resource Node,REAL_TIME_15_MIN,24.69
2025-10-19 07:30:00-05:00,2025-10-19 12:30:00+00:00,2025-10-19 07:45:00-05:00,2025-10-19 12:45:00+00:00,HLSES_UNIT5,Resource Node,REAL_TIME_15_MIN,24.69
2025-10-19 07:30:00-05:00,2025-10-19 12:30:00+00:00,2025-10-19 07:45:00-05:00,2025-10-19 12:45:00+00:00,ODESW_RN,Resource Node,REAL_TIME_15_MIN,24.69
2025-10-19 07:45:00-05:00,2025-10-19 12:45:00+00:00,2025-10-19 08:00:00-05:00,2025-10-19 13:00:00+00:00,AUSTPL_ALL,Resource Node,REAL_TIME_15_MIN,23.33
2025-10-19 07:45:00-05:00,2025-10-19 12:45:00+00:00,2025-10-19 08:00:00-05:00,2025-10-19 13:00:00+00:00,HLSES_UNIT5,Resource Node,REAL_TIME_15_MIN,23.33
2025-10-19 07:45:00-05:00,2025-10-19 12:45:00+00:00,2025-10-19 08:00:00-05:00,2025-10-19 13:00:00+00:00,ODESW_RN,Resource Node,REAL_TIME_15_MIN,23.33
2025-10-19 08:00:00-05:00,2025-10-19 13:00:00+00:00,2025-10-19 08:15:00-05:00,2025-10-19 13:15:00+00:00,AUSTPL_ALL,Resource Node,REAL_TIME_15_MIN,23.1
2025-10-19 08:00:00-05:00,2025-10-19 13:00:00+00:00,2025-10-19 08:15:00-05:00,2025-10-19 13:15:00+00:00,HLSES_UNIT5,Resource Node,REAL_TIME_15_MIN,23.1
2025-10-19 08:00:00-05:00,2025-10-19 13:00:00+00:00,2025-10-19 08:15:00-05:00,2025-10-19 13:15:00+00:00,ODESW_RN,Resource Node,REAL_TIME_15_MIN,23.1
2025-10-19 08:15:00-05:00,2025-10-19 13:15:00+00:00,2025-10-19 08:30:00-05:00,2025-10-19 13:30:00+00:00,AUSTPL_ALL,Resource Node,REAL_TIME_15_MIN,18.64
2025-10-19 08:15:00-05:00,2025-10-19 13:15:00+00:00,2025-10-19 08:30:00-05:00,2025-10-19 13:30:00+00:00,HLSES_UNIT5,Resource Node,REAL_TIME_15_MIN,18.64
2025-10-19 08:15:00-05:00,2025-10-19 13:15:00+00:00,2025-10-19 08:30:00-05:00,2025-10-19 13:30:00+00:00,ODESW_RN,Resource Node,REAL_TIME_15_MIN,18.64
2025-10-19 08:30:00-05:00,2025-10-19 13:30:00+00:00,2025-10-19 08:45:00-05:00,2025-10-19 13:45:00+00:00,AUSTPL_ALL,Resource Node,REAL_TIME_15_MIN,13.91
2025-10-19 08:30:00-05:00,2025-10-19 13:30:00+00:00,2025-10-19 08:45:00-05:00,2025-10-19 13:45:00+00:00,HLSES_UNIT5,Resource Node,REAL_TIME_15_MIN,13.91
2025-10-19 08:30:00-05:00,2025-10-19 13:30:00+00:00,2025-10-19 08:45:00-05:00,2025-10-19 13:45:00+00:00,ODESW_RN,Resource Node,REAL_TIME_15_MIN,13.91
2025-10-19 08:45:00-05:00,2025-10-19 13:45:00+00:00,2025-10-19 09:00:00-05:00,2025-10-19 14:00:00+00:00,AUSTPL_ALL,Resource Node,REAL_TIME_15_MIN,11.84
2025-10-19 08:45:00-05:00,2025-10-19 13:45:00+00:00,2025-10-19 09:00:00-05:00,2025-10-19 14:00:00+00:00,HLSES_UNIT5,Resource Node,REAL_TIME_15_MIN,11.85
2025-10-19 08:45:00-05:00,2025-10-19 13:45:00+00:00,2025-10-19 09:00:00-05:00,2025-10-19 14:00:00+00:00,ODESW_RN,Resource Node,REAL_TIME_15_MIN,11.91
2025-10-19 09:00:00-05:00,2025-10-19 14:00:00+00:00,2025-10-19 09:15:00-05:00,2025-10-19 14:15:00+00:00,AUSTPL_ALL,Resource Node,REAL_TIME_15_MIN,12.23
2025-10-19 09:00:00-05:00,2025-10-19 14:00:00+00:00,2025-10-19 09:15:00-05:00,2025-10-19 14:15:00+00:00,HLSES_UNIT5,Resource Node,REAL_TIME_15_MIN,12.37
2025-10-19 09:00:00-05:00,2025-10-19 14:00:00+00:00,2025-10-19 09:15:00-05:00,2025-10-19 14:15:00+00:00,ODESW_RN,Resource Node,REAL_TIME_15_MIN,12.95
2025-10-19 09:15:00-05:00,2025-10-19 14:15:00+00:00,2025-10-19 09:30:00-05:00,2025-10-19 14:30:00+00:00,AUSTPL_ALL,Resource Node,REAL_TIME_15_MIN,9.75
2025-10-19 09:15:00-05:00,2025-10-19 14:15:00+00:00,2025-10-19 09:30:00-05:00,2025-10-19 14:30:00+00:00,HLSES_UNIT5,Resource Node,REAL_TIME_15_MIN,9.94
2025-10-19 09:15:00-05:00,2025-10-19 14:15:00+00:00,2025-10-19 09:30:00-05:00,2025-10-19 14:30:00+00:00,ODESW_RN,Resource Node,REAL_TIME_15_MIN,10.95
2025-10-19 09:30:00-05:00,2025-10-19 14:30:00+00:00,2025-10-19 09:45:00-05:00,2025-10-19 14:45:00+00:00,AUSTPL_ALL,Resource Node,REAL_TIME_15_MIN,8.27
2025-10-19 09:30:00-05:00,2025-10-19 14:30:00+00:00,2025-10-19 09:45:00-05:00,2025-10-19 14:45:00+00:00,HLSES_UNIT5,Resource Node,REAL_TIME_15_MIN,8.58
2025-10-19 09:30:00-05:00,2025-10-19 14:30:00+00:00,2025-10-19 09:45:00-05:00,2025-10-19 14:45:00+00:00,ODESW_RN,Resource Node,REAL_TIME_15_MIN,9.94
2025-10-19 09:45:00-05:00,2025-10-19 14:45:00+00:00,2025-10-19 10:00:00-05:00,2025-10-19 15:00:00+00:00,AUSTPL_ALL,Resource Node,REAL_TIME_15_MIN,8.66
2025-10-19 09:45:00-05:00,2025-10-19 14:45:00+00:00,2025-10-19 10:00:00-05:00,2025-10-19 15:00:00+00:00,HLSES_UNIT5,Resource Node,REAL_TIME_15_MIN,8.99
2025-10-19 09:45:00-05:00,2025-10-19 14:45:00+00:00,2025-10-19 10:00:00-05:00,2025-10-19 15:00:00+00:00,ODESW_RN,Resource Node,REAL_TIME_15_MIN,10.35
2025-10-19 10:00:00-05:00,2025-10-19 15:00:00+00:00,2025-10-19 10:15:00-05:00,2025-10-19 15:15:00+00:00,AUSTPL_ALL,Resource Node,REAL_TIME_15_MIN,11.8
2025-10-19 10:00:00-05:00,2025-10-19 15:00:00+00:00,2025-10-19 10:15:00-05:00,2025-10-19 15:15:00+00:00,HLSES_UNIT5,Resource Node,REAL_TIME_15_MIN,12.05
2025-10-19 10:00:00-05:00,2025-10-19 15:00:00+00:00,2025-10-19 10:15:00-05:00,2025-10-19 15:15:00+00:00,ODESW_RN,Resource Node,REAL_TIME_15_MIN,13.23
2025-10-19 10:15:00-05:00,2025-10-19 15:15:00+00:00,2025-10-19 10:30:00-05:00,2025-10-19 15:30:00+00:00,AUSTPL_ALL,Resource Node,REAL_TIME_15_MIN,13.3
2025-10-19 10:15:00-05:00,2025-10-19 15:15:00+00:00,2025-10-19 10:30:00-05:00,2025-10-19 15:30:00+00:00,HLSES_UNIT5,Resource Node,REAL_TIME_15_MIN,13.63
2025-10-19 10:15:00-05:00,2025-10-19 15:15:00+00:00,2025-10-19 10:30:00-05:00,2025-10-19 15:30:00+00:00,ODESW_RN,Resource Node,REAL_TIME_15_MIN,14.28
2025-10-19 10:30:00-05:00,2025-10-19 15:30:00+00:00,2025-10-19 10:45:00-05:00,2025-10-19 15:45:00+00:00,AUSTPL_ALL,Resource Node,REAL_TIME_15_MIN,14.22
2025-10-19 10:30:00-05:00,2025-10-19 15:30:00+00:00,2025-10-19 10:45:00-05:00,2025-10-19 15:45:00+00:00,HLSES_UNIT5,Resource Node,REAL_TIME_15_MIN,14.42
2025-10-19 10:30:00-05:00,2025-10-19 15:30:00+00:00,2025-10-19 10:45:00-05:00,2025-10-19 15:45:00+00:00,ODESW_RN,Resource Node,REAL_TIME_15_MIN,14.64
2025-10-19 10:45:00-05:00,2025-10-19 15:45:00+00:00,2025-10-19 11:00:00-05:00,2025-10-19 16:00:00+00:00,AUSTPL_ALL,Resource Node,REAL_TIME_15_MIN,14.58
2025-10-19 10:45:00-05:00,2025-10-19 15:45:00+00:00,2025-10-19 11:00:00-05:00,2025-10-19 16:00:00+00:00,HLSES_UNIT5,Resource Node,REAL_TIME_15_MIN,14.83
2025-10-19 10:45:00-05:00,2025-10-19 15:45:00+00:00,2025-10-19 11:00:00-05:00,2025-10-19 16:00:00+00:00,ODESW_RN,Resource Node,REAL_TIME_15_MIN,14.76
2025-10-19 11:00:00-05:00,2025-10-19 16:00:00+00:00,2025-10-19 11:15:00-05:00,2025-10-19 16:15:00+00:00,AUSTPL_ALL,Resource Node,REAL_TIME_15_MIN,14.65
2025-10-19 11:00:00-05:00,2025-10-19 16:00:00+00:00,2025-10-19 11:15:00-05:00,2025-10-19 16:15:00+00:00,HLSES_UNIT5,Resource Node,REAL_TIME_15_MIN,15.01
2025-10-19 11:00:00-05:00,2025-10-19 16:00:00+00:00,2025-10-19 11:15:00-05:00,2025-10-19 16:15:00+00:00,ODESW_RN,Resource Node,REAL_TIME_15_MIN,14.86
2025-10-19 11:15:00-05:00,2025-10-19 16:15:00+00:00,2025-10-19 11:30:00-05:00,2025-10-19 16:30:00+00:00,AUSTPL_ALL,Resource Node,REAL_TIME_15_MIN,14.8
2025-10-19 11:15:00-05:00,2025-10-19 16:15:00+00:00,2025-10-19 11:30:00-05:00,2025-10-19 16:30:00+00:00,HLSES_UNIT5,Resource Node,REAL_TIME_15_MIN,15.17
2025-10-19 11:15:00-05:00,2025-10-19 16:15:00+00:00,2025-10-19 11:30:00-05:00,2025-10-19 16:30:00+00:00,ODESW_RN,Resource Node,REAL_TIME_15_MIN,15.02
2025-10-19 11:30:00-05:00,2025-10-19 16:30:00+00:00,2025-10-19 11:45:00-05:00,2025-10-19 16:45:00+00:00,AUSTPL_ALL,Resource Node,REAL_TIME_15_MIN,14.68
2025-10-19 11:30:00-05:00,2025-10-19 16:30:00+00:00,2025-10-19 11:45:00-05:00,2025-10-19 16:45:00+00:00,HLSES_UNIT5,Resource Node,REAL_TIME_15_MIN,14.92
2025-10-19 11:30:00-05:00,2025-10-19 16:30:00+00:00,2025-10-19 11:45:00-05:00,2025-10-19 16:45:00+00:00,ODESW_RN,Resource Node,REAL_TIME_15_MIN,14.82
2025-10-19 11:45:00-05:00,2025-10-19 16:45:00+00:00,2025-10-19 12:00:00-05:00,2025-10-19 17:00:00+00:00,AUSTPL_ALL,Resource Node,REAL_TIME_15_MIN,14.85
2025-10-19 11:45:00-05:00,2025-10-19 16:45:00+00:00,2025-10-19 12:00:00-05:00,2025-10-19 17:00:00+00:00,HLSES_UNIT5,Resource Node,REAL_TIME_15_MIN,15.18
2025-10-19 11:45:00-05:00,2025-10-19 16:45:00+00:00,2025-10-19 12:00:00-05:00,2025-10-19 17:00:00+00:00,ODESW_RN,Resource Node,REAL_TIME_15_MIN,15.05
2025-10-19 12:00:00-05:00,2025-10-19 17:00:00+00:00,2025-10-19 12:15:00-05:00,2025-10-19 17:15:00+00:00,AUSTPL_ALL,Resource Node,REAL_TIME_15_MIN,14.82
2025-10-19 12:00:00-05:00,2025-10-19 17:00:00+00:00,2025-10-19 12:15:00-05:00,2025-10-19 17:15:00+00:00,HLSES_UNIT5,Resource Node,REAL_TIME_15_MIN,15.14
2025-10-19 12:00:00-05:00,2025-10-19 17:00:00+00:00,2025-10-19 12:15:00-05:00,2025-10-19 17:15:00+00:00,ODESW_RN,Resource Node,REAL_TIME_15_MIN,15.01
2025-10-19 12:15:00-05:00,2025-10-19 17:15:00+00:00,2025-10-19 12:30:00-05:00,2025-10-19 17:30:00+00:00,AUSTPL_ALL,Resource Node,REAL_TIME_15_MIN,15.0
2025-10-19 12:15:00-05:00,2025-10-19 17:15:00+00:00,2025-10-19 12:30:00-05:00,2025-10-19 17:30:00+00:00,HLSES_UNIT5,Resource Node,REAL_TIME_15_MIN,15.29
2025-10-19 12:15:00-05:00,2025-10-19 17:15:00+00:00,2025-10-19 12:30:00-05:00,2025-10-19 17:30:00+00:00,ODESW_RN,Resource Node,REAL_TIME_15_MIN,15.17
2025-10-19 12:30:00-05:00,2025-10-19 17:30:00+00:00,2025-10-19 12:45:00-05:00,2025-10-19 17:45:00+00:00,AUSTPL_ALL,Resource Node,REAL_TIME_15_MIN,15.05
2025-10-19 12:30:00-05:00,2025-10-19 17:30:00+00:00,2025-10-19 12:45:00-05:00,2025-10-19 17:45:00+00:00,HLSES_UNIT5,Resource Node,REAL_TIME_15_MIN,15.15
2025-10-19 12:30:00-05:00,2025-10-19 17:30:00+00:00,2025-10-19 12:45:00-05:00,2025-10-19 17:45:00+00:00,ODESW_RN,Resource Node,REAL_TIME_15_MIN,15.11
2025-10-19 12:45:00-05:00,2025-10-19 17:45:00+00:00,2025-10-19 13:00:00-05:00,2025-10-19 18:00:00+00:00,AUSTPL_ALL,Resource Node,REAL_TIME_15_MIN,15.68
2025-10-19 12:45:00-05:00,2025-10-19 17:45:00+00:00,2025-10-19 13:00:00-05:00,2025-10-19 18:00:00+00:00,HLSES_UNIT5,Resource Node,REAL_TIME_15_MIN,15.87
2025-10-19 12:45:00-05:00,2025-10-19 17:45:00+00:00,2025-10-19 13:00:00-05:00,2025-10-19 18:00:00+00:00,ODESW_RN,Resource Node,REAL_TIME_15_MIN,15.79
2025-10-19 13:00:00-05:00,2025-10-19 18:00:00+00:00,2025-10-19 13:15:00-05:00,2025-10-19 18:15:00+00:00,AUSTPL_ALL,Resource Node,REAL_TIME_15_MIN,16.12
2025-10-19 13:00:00-05:00,2025-10-19 18:00:00+00:00,2025-10-19 13:15:00-05:00,2025-10-19 18:15:00+00:00,HLSES_UNIT5,Resource Node,REAL_TIME_15_MIN,16.3
2025-10-19 13:00:00-05:00,2025-10-19 18:00:00+00:00,2025-10-19 13:15:00-05:00,2025-10-19 18:15:00+00:00,ODESW_RN,Resource Node,REAL_TIME_15_MIN,16.22
2025-10-19 13:15:00-05:00,2025-10-19 18:15:00+00:00,2025-10-19 13:30:00-05:00,2025-10-19 18:30:00+00:00,AUSTPL_ALL,Resource Node,REAL_TIME_15_MIN,16.15
2025-10-19 13:15:00-05:00,2025-10-19 18:15:00+00:00,2025-10-19 13:30:00-05:00,2025-10-19 18:30:00+00:00,HLSES_UNIT5,Resource Node,REAL_TIME_15_MIN,16.39
2025-10-19 13:15:00-05:00,2025-10-19 18:15:00+00:00,2025-10-19 13:30:00-05:00,2025-10-19 18:30:00+00:00,ODESW_RN,Resource Node,REAL_TIME_15_MIN,16.29
2025-10-19 13:30:00-05:00,2025-10-19 18:30:00+00:00,2025-10-19 13:45:00-05:00,2025-10-19 18:45:00+00:00,AUSTPL_ALL,Resource Node,REAL_TIME_15_MIN,17.79
2025-10-19 13:30:00-05:00,2025-10-19 18:30:00+00:00,2025-10-19 13:45:00-05:00,2025-10-19 18:45:00+00:00,HLSES_UNIT5,Resource Node,REAL_TIME_15_MIN,17.96
2025-10-19 13:30:00-05:00,2025-10-19 18:30:00+00:00,2025-10-19 13:45:00-05:00,2025-10-19 18:45:00+00:00,ODESW_RN,Resource Node,REAL_TIME_15_MIN,17.89
2025-10-19 13:45:00-05:00,2025-10-19 18:45:00+00:00,2025-10-19 14:00:00-05:00,2025-10-19 19:00:00+00:00,AUSTPL_ALL,Resource Node,REAL_TIME_15_MIN,19.2
2025-10-19 13:45:00-05:00,2025-10-19 18:45:00+00:00,2025-10-19 14:00:00-05:00,2025-10-19 19:00:00+00:00,HLSES_UNIT5,Resource Node,REAL_TIME_15_MIN,19.31
2025-10-19 13:45:00-05:00,2025-10-19 18:45:00+00:00,2025-10-19 14:00:00-05:00,2025-10-19 19:00:00+00:00,ODESW_RN,Resource Node,REAL_TIME_15_MIN,19.26
2025-10-19 14:00:00-05:00,2025-10-19 19:00:00+00:00,2025-10-19 14:15:00-05:00,2025-10-19 19:15:00+00:00,AUSTPL_ALL,Resource Node,REAL_TIME_15_MIN,20.09
2025-10-19 14:00:00-05:00,2025-10-19 19:00:00+00:00,2025-10-19 14:15:00-05:00,2025-10-19 19:15:00+00:00,HLSES_UNIT5,Resource Node,REAL_TIME_15_MIN,20.15
2025-10-19 14:00:00-05:00,2025-10-19 19:00:00+00:00,2025-10-19 14:15:00-05:00,2025-10-19 19:15:00+00:00,ODESW_RN,Resource Node,REAL_TIME_15_MIN,20.13
2025-10-19 14:15:00-05:00,2025-10-19 19:15:00+00:00,2025-10-19 14:30:00-05:00,2025-10-19 19:30:00+00:00,AUSTPL_ALL,Resource Node,REAL_TIME_15_MIN,21.86
2025-10-19 14:15:00-05:00,2025-10-19 19:15:00+00:00,2025-10-19 14:30:00-05:00,2025-10-19 19:30:00+00:00,HLSES_UNIT5,Resource Node,REAL_TIME_15_MIN,21.83
2025-10-19 14:15:00-05:00,2025-10-19 19:15:00+00:00,2025-10-19 14:30:00-05:00,2025-10-19 19:30:00+00:00,ODESW_RN,Resource Node,REAL_TIME_15_MIN,21.85
2025-10-19 14:30:00-05:00,2025-10-19 19:30:00+00:00,2025-10-19 14:45:00-05:00,2025-10-19 19:45:00+00:00,AUSTPL_ALL,Resource Node,REAL_TIME_15_MIN,21.64
2025-10-19 14:30:00-05:00,2025-10-19 19:30:00+00:00,2025-10-19 14:45:00-05:00,2025-10-19 19:45:00+00:00,HLSES_UNIT5,Resource Node,REAL_TIME_15_MIN,21.64
2025-10-19 14:30:00-05:00,2025-10-19 19:30:00+00:00,2025-10-19 14:45:00-05:00,2025-10-19 19:45:00+00:00,ODESW_RN,Resource Node,REAL_TIME_15_MIN,21.65
2025-10-19 14:45:00-05:00,2025-10-19 19:45:00+00:00,2025-10-19 15:00:00-05:00,2025-10-19 20:00:00+00:00,AUSTPL_ALL,Resource Node,REAL_TIME_15_MIN,21.64
2025-10-19 14:45:00-05:00,2025-10-19 19:45:00+00:00,2025-10-19 15:00:00-05:00,2025-10-19 20:00:00+00:00,HLSES_UNIT5,Resource Node,REAL_TIME_15_MIN,21.64
2025-10-19 14:45:00-05:00,2025-10-19 19:45:00+00:00,2025-10-19 15:00:00-05:00,2025-10-19 20:00:00+00:00,ODESW_RN,Resource Node,REAL_TIME_15_MIN,21.64
2025-10-19 15:00:00-05:00,2025-10-19 20:00:00+00:00,2025-10-19 15:15:00-05:00,2025-10-19 20:15:00+00:00,AUSTPL_ALL,Resource Node,REAL_TIME_15_MIN,21.14
2025-10-19 15:00:00-05:00,2025-10-19 20:00:00+00:00,2025-10-19 15:15:00-05:00,2025-10-19 20:15:00+00:00,HLSES_UNIT5,Resource Node,REAL_TIME_15_MIN,21.18
2025-10-19 15:00:00-05:00,2025-10-19 20:00:00+00:00,2025-10-19 15:15:00-05:00,2025-10-19 20:15:00+00:00,ODESW_RN,Resource Node,REAL_TIME_15_MIN,21.17
2025-10-19 15:15:00-05:00,2025-10-19 20:15:00+00:00,2025-10-19 15:30:00-05:00,2025-10-19 20:30:00+00:00,AUSTPL_ALL,Resource Node,REAL_TIME_15_MIN,21.3
2025-10-19 15:15:00-05:00,2025-10-19 20:15:00+00:00,2025-10-19 15:30:00-05:00,2025-10-19 20:30:00+00:00,HLSES_UNIT5,Resource Node,REAL_TIME_15_MIN,21.33
2025-10-19 15:15:00-05:00,2025-10-19 20:15:00+00:00,2025-10-19 15:30:00-05:00,2025-10-19 20:30:00+00:00,ODESW_RN,Resource Node,REAL_TIME_15_MIN,21.32
2025-10-19 15:30:00-05:00,2025-10-19 20:30:00+00:00,2025-10-19 15:45:00-05:00,2025-10-19 20:45:00+00:00,AUSTPL_ALL,Resource Node,REAL_TIME_15_MIN,21.27
2025-10-19 15:30:00-05:00,2025-10-19 20:30:00+00:00,2025-10-19 15:45:00-05:00,2025-10-19 20:45:00+00:00,HLSES_UNIT5,Resource Node,REAL_TIME_15_MIN,21.29
2025-10-19 15:30:00-05:00,2025-10-19 20:30:00+00:00,2025-10-19 15:45:00-05:00,2025-10-19 20:45:00+00:00,ODESW_RN,Resource Node,REAL_TIME_15_MIN,21.28
2025-10-19 15:45:00-05:00,2025-10-19 20:45:00+00:00,2025-10-19 16:00:00-05:00,2025-10-19 21:00:00+00:00,AUSTPL_ALL,Resource Node,REAL_TIME_15_MIN,21.45
2025-10-19 15:45:00-05:00,2025-10-19 20:45:00+00:00,2025-10-19 16:00:00-05:00,2025-10-19 21:00:00+00:00,HLSES_UNIT5,Resource Node,REAL_TIME_15_MIN,21.5
2025-10-19 15:45:00-05:00,2025-10-19 20:45:00+00:00,2025-10-19 16:00:00-05:00,2025-10-19 21:00:00+00:00,ODESW_RN,Resource Node,REAL_TIME_15_MIN,21.48
2025-10-19 16:00:00-05:00,2025-10-19 21:00:00+00:00,2025-10-19 16:15:00-05:00,2025-10-19 21:15:00+00:00,AUSTPL_ALL,Resource Node,REAL_TIME_15_MIN,19.79
2025-10-19 16:00:00-05:00,2025-10-19 21:00:00+00:00,2025-10-19 16:15:00-05:00,2025-10-19 21:15:00+00:00,HLSES_UNIT5,Resource Node,REAL_TIME_15_MIN,19.89
2025-10-19 16:00:00-05:00,2025-10-19 21:00:00+00:00,2025-10-19 16:15:00-05:00,2025-10-19 21:15:00+00:00,ODESW_RN,Resource Node,REAL_TIME_15_MIN,19.83
2025-10-19 16:15:00-05:00,2025-10-19 21:15:00+00:00,2025-10-19 16:30:00-05:00,2025-10-19 21:30:00+00:00,AUSTPL_ALL,Resource Node,REAL_TIME_15_MIN,18.76
2025-10-19 16:15:00-05:00,2025-10-19 21:15:00+00:00,2025-10-19 16:30:00-05:00,2025-10-19 21:30:00+00:00,HLSES_UNIT5,Resource Node,REAL_TIME_15_MIN,18.63
2025-10-19 16:15:00-05:00,2025-10-19 21:15:00+00:00,2025-10-19 16:30:00-05:00,2025-10-19 21:30:00+00:00,ODESW_RN,Resource Node,REAL_TIME_15_MIN,19.69
2025-10-19 16:30:00-05:00,2025-10-19 21:30:00+00:00,2025-10-19 16:45:00-05:00,2025-10-19 21:45:00+00:00,AUSTPL_ALL,Resource Node,REAL_TIME_15_MIN,17.96
2025-10-19 16:30:00-05:00,2025-10-19 21:30:00+00:00,2025-10-19 16:45:00-05:00,2025-10-19 21:45:00+00:00,HLSES_UNIT5,Resource Node,REAL_TIME_15_MIN,16.6
2025-10-19 16:30:00-05:00,2025-10-19 21:30:00+00:00,2025-10-19 16:45:00-05:00,2025-10-19 21:45:00+00:00,ODESW_RN,Resource Node,REAL_TIME_15_MIN,22.47
2025-10-19 16:45:00-05:00,2025-10-19 21:45:00+00:00,2025-10-19 17:00:00-05:00,2025-10-19 22:00:00+00:00,AUSTPL_ALL,Resource Node,REAL_TIME_15_MIN,19.37
2025-10-19 16:45:00-05:00,2025-10-19 21:45:00+00:00,2025-10-19 17:00:00-05:00,2025-10-19 22:00:00+00:00,HLSES_UNIT5,Resource Node,REAL_TIME_15_MIN,17.32
2025-10-19 16:45:00-05:00,2025-10-19 21:45:00+00:00,2025-10-19 17:00:00-05:00,2025-10-19 22:00:00+00:00,ODESW_RN,Resource Node,REAL_TIME_15_MIN,25.6
2025-10-19 17:00:00-05:00,2025-10-19 22:00:00+00:00,2025-10-19 17:15:00-05:00,2025-10-19 22:15:00+00:00,AUSTPL_ALL,Resource Node,REAL_TIME_15_MIN,18.29
2025-10-19 17:00:00-05:00,2025-10-19 22:00:00+00:00,2025-10-19 17:15:00-05:00,2025-10-19 22:15:00+00:00,HLSES_UNIT5,Resource Node,REAL_TIME_15_MIN,15.72
2025-10-19 17:00:00-05:00,2025-10-19 22:00:00+00:00,2025-10-19 17:15:00-05:00,2025-10-19 22:15:00+00:00,ODESW_RN,Resource Node,REAL_TIME_15_MIN,25.97
2025-10-19 17:15:00-05:00,2025-10-19 22:15:00+00:00,2025-10-19 17:30:00-05:00,2025-10-19 22:30:00+00:00,AUSTPL_ALL,Resource Node,REAL_TIME_15_MIN,26.91
2025-10-19 17:15:00-05:00,2025-10-19 22:15:00+00:00,2025-10-19 17:30:00-05:00,2025-10-19 22:30:00+00:00,HLSES_UNIT5,Resource Node,REAL_TIME_15_MIN,23.02
2025-10-19 17:15:00-05:00,2025-10-19 22:15:00+00:00,2025-10-19 17:30:00-05:00,2025-10-19 22:30:00+00:00,ODESW_RN,Resource Node,REAL_TIME_15_MIN,37.71
2025-10-19 17:30:00-05:00,2025-10-19 22:30:00+00:00,2025-10-19 17:45:00-05:00,2025-10-19 22:45:00+00:00,AUSTPL_ALL,Resource Node,REAL_TIME_15_MIN,42.22
2025-10-19 17:30:00-05:00,2025-10-19 22:30:00+00:00,2025-10-19 17:45:00-05:00,2025-10-19 22:45:00+00:00,HLSES_UNIT5,Resource Node,REAL_TIME_15_MIN,36.54
2025-10-19 17:30:00-05:00,2025-10-19 22:30:00+00:00,2025-10-19 17:45:00-05:00,2025-10-19 22:45:00+00:00,ODESW_RN,Resource Node,REAL_TIME_15_MIN,57.95
2025-10-19 17:45:00-05:00,2025-10-19 22:45:00+00:00,2025-10-19 18:00:00-05:00,2025-10-19 23:00:00+00:00,AUSTPL_ALL,Resource Node,REAL_TIME_15_MIN,55.39
2025-10-19 17:45:00-05:00,2025-10-19 22:45:00+00:00,2025-10-19 18:00:00-05:00,2025-10-19 23:00:00+00:00,HLSES_UNIT5,Resource Node,REAL_TIME_15_MIN,46.82
2025-10-19 17:45:00-05:00,2025-10-19 22:45:00+00:00,2025-10-19 18:00:00-05:00,2025-10-19 23:00:00+00:00,ODESW_RN,Resource Node,REAL_TIME_15_MIN,78.95
2025-10-19 18:00:00-05:00,2025-10-19 23:00:00+00:00,2025-10-19 18:15:00-05:00,2025-10-19 23:15:00+00:00,AUSTPL_ALL,Resource Node,REAL_TIME_15_MIN,37.81
2025-10-19 18:00:00-05:00,2025-10-19 23:00:00+00:00,2025-10-19 18:15:00-05:00,2025-10-19 23:15:00+00:00,HLSES_UNIT5,Resource Node,REAL_TIME_15_MIN,31.76
2025-10-19 18:00:00-05:00,2025-10-19 23:00:00+00:00,2025-10-19 18:15:00-05:00,2025-10-19 23:15:00+00:00,ODESW_RN,Resource Node,REAL_TIME_15_MIN,54.69
2025-10-19 18:15:00-05:00,2025-10-19 23:15:00+00:00,2025-10-19 18:30:00-05:00,2025-10-19 23:30:00+00:00,AUSTPL_ALL,Resource Node,REAL_TIME_15_MIN,42.44
2025-10-19 18:15:00-05:00,2025-10-19 23:15:00+00:00,2025-10-19 18:30:00-05:00,2025-10-19 23:30:00+00:00,HLSES_UNIT5,Resource Node,REAL_TIME_15_MIN,35.06
2025-10-19 18:15:00-05:00,2025-10-19 23:15:00+00:00,2025-10-19 18:30:00-05:00,2025-10-19 23:30:00+00:00,ODESW_RN,Resource Node,REAL_TIME_15_MIN,69.18
2025-10-19 18:30:00-05:00,2025-10-19 23:30:00+00:00,2025-10-19 18:45:00-05:00,2025-10-19 23:45:00+00:00,AUSTPL_ALL,Resource Node,REAL_TIME_15_MIN,48.15
2025-10-19 18:30:00-05:00,2025-10-19 23:30:00+00:00,2025-10-19 18:45:00-05:00,2025-10-19 23:45:00+00:00,HLSES_UNIT5,Resource Node,REAL_TIME_15_MIN,39.26
2025-10-19 18:30:00-05:00,2025-10-19 23:30:00+00:00,2025-10-19 18:45:00-05:00,2025-10-19 23:45:00+00:00,ODESW_RN,Resource Node,REAL_TIME_15_MIN,89.96
2025-10-19 18:45:00-05:00,2025-10-19 23:45:00+00:00,2025-10-19 19:00:00-05:00,2025-10-20 00:00:00+00:00,AUSTPL_ALL,Resource Node,REAL_TIME_15_MIN,55.95
2025-10-19 18:45:00-05:00,2025-10-19 23:45:00+00:00,2025-10-19 19:00:00-05:00,2025-10-20 00:00:00+00:00,HLSES_UNIT5,Resource Node,REAL_TIME_15_MIN,44.31
2025-10-19 18:45:00-05:00,2025-10-19 23:45:00+00:00,2025-10-19 19:00:00-05:00,2025-10-20 00:00:00+00:00,ODESW_RN,Resource Node,REAL_TIME_15_MIN,107.97
2025-10-19 19:00:00-05:00,2025-10-20 00:00:00+00:00,2025-10-19 19:15:00-05:00,2025-10-20 00:15:00+00:00,AUSTPL_ALL,Resource Node,REAL_TIME_15_MIN,51.01
2025-10-19 19:00:00-05:00,2025-10-20 00:00:00+00:00,2025-10-19 19:15:00-05:00,2025-10-20 00:15:00+00:00,HLSES_UNIT5,Resource Node,REAL_TIME_15_MIN,40.11
2025-10-19 19:00:00-05:00,2025-10-20 00:00:00+00:00,2025-10-19 19:15:00-05:00,2025-10-20 00:15:00+00:00,ODESW_RN,Resource Node,REAL_TIME_15_MIN,96.88
2025-10-19 19:15:00-05:00,2025-10-20 00:15:00+00:00,2025-10-19 19:30:00-05:00,2025-10-20 00:30:00+00:00,AUSTPL_ALL,Resource Node,REAL_TIME_15_MIN,44.46
2025-10-19 19:15:00-05:00,2025-10-20 00:15:00+00:00,2025-10-19 19:30:00-05:00,2025-10-20 00:30:00+00:00,HLSES_UNIT5,Resource Node,REAL_TIME_15_MIN,34.23
2025-10-19 19:15:00-05:00,2025-10-20 00:15:00+00:00,2025-10-19 19:30:00-05:00,2025-10-20 00:30:00+00:00,ODESW_RN,Resource Node,REAL_TIME_15_MIN,88.89
2025-10-19 19:30:00-05:00,2025-10-20 00:30:00+00:00,2025-10-19 19:45:00-05:00,2025-10-20 00:45:00+00:00,AUSTPL_ALL,Resource Node,REAL_TIME_15_MIN,37.62
2025-10-19 19:30:00-05:00,2025-10-20 00:30:00+00:00,2025-10-19 19:45:00-05:00,2025-10-20 00:45:00+00:00,HLSES_UNIT5,Resource Node,REAL_TIME_15_MIN,27.48
2025-10-19 19:30:00-05:00,2025-10-20 00:30:00+00:00,2025-10-19 19:45:00-05:00,2025-10-20 00:45:00+00:00,ODESW_RN,Resource Node,REAL_TIME_15_MIN,91.16
2025-10-19 19:45:00-05:00,2025-10-20 00:45:00+00:00,2025-10-19 20:00:00-05:00,2025-10-20 01:00:00+00:00,AUSTPL_ALL,Resource Node,REAL_TIME_15_MIN,31.76
2025-10-19 19:45:00-05:00,2025-10-20 00:45:00+00:00,2025-10-19 20:00:00-05:00,2025-10-20 01:00:00+00:00,HLSES_UNIT5,Resource Node,REAL_TIME_15_MIN,22.66
2025-10-19 19:45:00-05:00,2025-10-20 00:45:00+00:00,2025-10-19 20:00:00-05:00,2025-10-20 01:00:00+00:00,ODESW_RN,Resource Node,REAL_TIME_15_MIN,79.46
2025-10-19 20:00:00-05:00,2025-10-20 01:00:00+00:00,2025-10-19 20:15:00-05:00,2025-10-20 01:15:00+00:00,AUSTPL_ALL,Resource Node,REAL_TIME_15_MIN,32.12
2025-10-19 20:00:00-05:00,2025-10-20 01:00:00+00:00,2025-10-19 20:15:00-05:00,2025-10-20 01:15:00+00:00,HLSES_UNIT5,Resource Node,REAL_TIME_15_MIN,23.08
2025-10-19 20:00:00-05:00,2025-10-20 01:00:00+00:00,2025-10-19 20:15:00-05:00,2025-10-20 01:15:00+00:00,ODESW_RN,Resource Node,REAL_TIME_15_MIN,81.06
2025-10-19 20:15:00-05:00,2025-10-20 01:15:00+00:00,2025-10-19 20:30:00-05:00,2025-10-20 01:30:00+00:00,AUSTPL_ALL,Resource Node,REAL_TIME_15_MIN,30.32
2025-10-19 20:15:00-05:00,2025-10-20 01:15:00+00:00,2025-10-19 20:30:00-05:00,2025-10-20 01:30:00+00:00,HLSES_UNIT5,Resource Node,REAL_TIME_15_MIN,21.42
2025-10-19 20:15:00-05:00,2025-10-20 01:15:00+00:00,2025-10-19 20:30:00-05:00,2025-10-20 01:30:00+00:00,ODESW_RN,Resource Node,REAL_TIME_15_MIN,85.91
2025-10-19 20:30:00-05:00,2025-10-20 01:30:00+00:00,2025-10-19 20:45:00-05:00,2025-10-20 01:45:00+00:00,AUSTPL_ALL,Resource Node,REAL_TIME_15_MIN,29.38
2025-10-19 20:30:00-05:00,2025-10-20 01:30:00+00:00,2025-10-19 20:45:00-05:00,2025-10-20 01:45:00+00:00,HLSES_UNIT5,Resource Node,REAL_TIME_15_MIN,20.52
2025-10-19 20:30:00-05:00,2025-10-20 01:30:00+00:00,2025-10-19 20:45:00-05:00,2025-10-20 01:45:00+00:00,ODESW_RN,Resource Node,REAL_TIME_15_MIN,85.86
2025-10-19 20:45:00-05:00,2025-10-20 01:45:00+00:00,2025-10-19 21:00:00-05:00,2025-10-20 02:00:00+00:00,AUSTPL_ALL,Resource Node,REAL_TIME_15_MIN,27.04
2025-10-19 20:45:00-05:00,2025-10-20 01:45:00+00:00,2025-10-19 21:00:00-05:00,2025-10-20 02:00:00+00:00,HLSES_UNIT5,Resource Node,REAL_TIME_15_MIN,18.9
2025-10-19 20:45:00-05:00,2025-10-20 01:45:00+00:00,2025-10-19 21:00:00-05:00,2025-10-20 02:00:00+00:00,ODESW_RN,Resource Node,REAL_TIME_15_MIN,76.93
2025-10-19 21:00:00-05:00,2025-10-20 02:00:00+00:00,2025-10-19 21:15:00-05:00,2025-10-20 02:15:00+00:00,AUSTPL_ALL,Resource Node,REAL_TIME_15_MIN,27.54
2025-10-19 21:00:00-05:00,2025-10-20 02:00:00+00:00,2025-10-19 21:15:00-05:00,2025-10-20 02:15:00+00:00,HLSES_UNIT5,Resource Node,REAL_TIME_15_MIN,18.95
2025-10-19 21:00:00-05:00,2025-10-20 02:00:00+00:00,2025-10-19 21:15:00-05:00,2025-10-20 02:15:00+00:00,ODESW_RN,Resource Node,REAL_TIME_15_MIN,80.82
2025-10-19 21:15:00-05:00,2025-10-20 02:15:00+00:00,2025-10-19 21:30:00-05:00,2025-10-20 02:30:00+00:00,AUSTPL_ALL,Resource Node,REAL_TIME_15_MIN,23.48
2025-10-19 21:15:00-05:00,2025-10-20 02:15:00+00:00,2025-10-19 21:30:00-05:00,2025-10-20 02:30:00+00:00,HLSES_UNIT5,Resource Node,REAL_TIME_15_MIN,15.71
2025-10-19 21:15:00-05:00,2025-10-20 02:15:00+00:00,2025-10-19 21:30:00-05:00,2025-10-20 02:30:00+00:00,ODESW_RN,Resource Node,REAL_TIME_15_MIN,70.91
2025-10-19 21:30:00-05:00,2025-10-20 02:30:00+00:00,2025-10-19 21:45:00-05:00,2025-10-20 02:45:00+00:00,AUSTPL_ALL,Resource Node,REAL_TIME_15_MIN,18.61
2025-10-19 21:30:00-05:00,2025-10-20 02:30:00+00:00,2025-10-19 21:45:00-05:00,2025-10-20 02:45:00+00:00,HLSES_UNIT5,Resource Node,REAL_TIME_15_MIN,12.86
2025-10-19 21:30:00-05:00,2025-10-20 02:30:00+00:00,2025-10-19 21:45:00-05:00,2025-10-20 02:45:00+00:00,ODESW_RN,Resource Node,REAL_TIME_15_MIN,63.25
2025-10-19 21:45:00-05:00,2025-10-20 02:45:00+00:00,2025-10-19 22:00:00-05:00,2025-10-20 03:00:00+00:00,AUSTPL_ALL,Resource Node,REAL_TIME_15_MIN,18.92
2025-10-19 21:45:00-05:00,2025-10-20 02:45:00+00:00,2025-10-19 22:00:00-05:00,2025-10-20 03:00:00+00:00,HLSES_UNIT5,Resource Node,REAL_TIME_15_MIN,12.55
2025-10-19 21:45:00-05:00,2025-10-20 02:45:00+00:00,2025-10-19 22:00:00-05:00,2025-10-20 03:00:00+00:00,ODESW_RN,Resource Node,REAL_TIME_15_MIN,65.96
2025-10-19 22:00:00-05:00,2025-10-20 03:00:00+00:00,2025-10-19 22:15:00-05:00,2025-10-20 03:15:00+00:00,AUSTPL_ALL,Resource Node,REAL_TIME_15_MIN,17.9
2025-10-19 22:00:00-05:00,2025-10-20 03:00:00+00:00,2025-10-19 22:15:00-05:00,2025-10-20 03:15:00+00:00,HLSES_UNIT5,Resource Node,REAL_TIME_15_MIN,12.44
2025-10-19 22:00:00-05:00,2025-10-20 03:00:00+00:00,2025-10-19 22:15:00-05:00,2025-10-20 03:15:00+00:00,ODESW_RN,Resource Node,REAL_TIME_15_MIN,62.19
2025-10-19 22:15:00-05:00,2025-10-20 03:15:00+00:00,2025-10-19 22:30:00-05:00,2025-10-20 03:30:00+00:00,AUSTPL_ALL,Resource Node,REAL_TIME_15_MIN,16.2
2025-10-19 22:15:00-05:00,2025-10-20 03:15:00+00:00,2025-10-19 22:30:00-05:00,2025-10-20 03:30:00+00:00,HLSES_UNIT5,Resource Node,REAL_TIME_15_MIN,12.12
2025-10-19 22:15:00-05:00,2025-10-20 03:15:00+00:00,2025-10-19 22:30:00-05:00,2025-10-20 03:30:00+00:00,ODESW_RN,Resource Node,REAL_TIME_15_MIN,39.68
2025-10-19 22:30:00-05:00,2025-10-20 03:30:00+00:00,2025-10-19 22:45:00-05:00,2025-10-20 03:45:00+00:00,AUSTPL_ALL,Resource Node,REAL_TIME_15_MIN,15.4
2025-10-19 22:30:00-05:00,2025-10-20 03:30:00+00:00,2025-10-19 22:45:00-05:00,2025-10-20 03:45:00+00:00,HLSES_UNIT5,Resource Node,REAL_TIME_15_MIN,11.68
2025-10-19 22:30:00-05:00,2025-10-20 03:30:00+00:00,2025-10-19 22:45:00-05:00,2025-10-20 03:45:00+00:00,ODESW_RN,Resource Node,REAL_TIME_15_MIN,28.6
2025-10-19 22:45:00-05:00,2025-10-20 03:45:00+00:00,2025-10-19 23:00:00-05:00,2025-10-20 04:00:00+00:00,AUSTPL_ALL,Resource Node,REAL_TIME_15_MIN,14.66
2025-10-19 22:45:00-05:00,2025-10-20 03:45:00+00:00,2025-10-19 23:00:00-05:00,2025-10-20 04:00:00+00:00,HLSES_UNIT5,Resource Node,REAL_TIME_15_MIN,10.82
2025-10-19 22:45:00-05:00,2025-10-20 03:45:00+00:00,2025-10-19 23:00:00-05:00,2025-10-20 04:00:00+00:00,ODESW_RN,Resource Node,REAL_TIME_15_MIN,41.34
2025-10-19 23:00:00-05:00,2025-10-20 04:00:00+00:00,2025-10-19 23:15:00-05:00,2025-10-20 04:15:00+00:00,AUSTPL_ALL,Resource Node,REAL_TIME_15_MIN,15.12
2025-10-19 23:00:00-05:00,2025-10-20 04:00:00+00:00,2025-10-19 23:15:00-05:00,2025-10-20 04:15:00+00:00,HLSES_UNIT5,Resource Node,REAL_TIME_15_MIN,14.28
2025-10-19 23:00:00-05:00,2025-10-20 04:00:00+00:00,2025-10-19 23:15:00-05:00,2025-10-20 04:15:00+00:00,ODESW_RN,Resource Node,REAL_TIME_15_MIN,22.26
2025-10-19 23:15:00-05:00,2025-10-20 04:15:00+00:00,2025-10-19 23:30:00-05:00,2025-10-20 04:30:00+00:00,AUSTPL_ALL,Resource Node,REAL_TIME_15_MIN,14.99
2025-10-19 23:15:00-05:00,2025-10-20 04:15:00+00:00,2025-10-19 23:30:00-05:00,2025-10-20 04:30:00+00:00,HLSES_UNIT5,Resource Node,REAL_TIME_15_MIN,15.41
2025-10-19 23:15:00-05:00,2025-10-20 04:15:00+00:00,2025-10-19 23:30:00-05:00,2025-10-20 04:30:00+00:00,ODESW_RN,Resource Node,REAL_TIME_15_MIN,16.57
2025-10-19 23:30:00-05:00,2025-10-20 04:30:00+00:00,2025-10-19 23:45:00-05:00,2025-10-20 04:45:00+00:00,AUSTPL_ALL,Resource Node,REAL_TIME_15_MIN,14.34
2025-10-19 23:30:00-05:00,2025-10-20 04:30:00+00:00,2025-10-19 23:45:00-05:00,2025-10-20 04:45:00+00:00,HLSES_UNIT5,Resource Node,REAL_TIME_15_MIN,15.03
2025-10-19 23:30:00-05:00,2025-10-20 04:30:00+00:00,2025-10-19 23:45:00-05:00,2025-10-20 04:45:00+00:00,ODESW_RN,Resource Node,REAL_TIME_15_MIN,14.01
2025-10-19 23:45:00-05:00,2025-10-20 04:45:00+00:00,2025-10-20 00:00:00-05:00,2025-10-20 05:00:00+00:00,AUSTPL_ALL,Resource Node,REAL_TIME_15_MIN,13.69
2025-10-19 23:45:00-05:00,2025-10-20 04:45:00+00:00,2025-10-20 00:00:00-05:00,2025-10-20 05:00:00+00:00,HLSES_UNIT5,Resource Node,REAL_TIME_15_MIN,13.57
2025-10-19 23:45:00-05:00,2025-10-20 04:45:00+00:00,2025-10-20 00:00:00-05:00,2025-10-20 05:00:00+00:00,ODESW_RN,Resource Node,REAL_TIME_15_MIN,13.14
2025-10-19 00:00:00-05:00,2025-10-19 05:00:00+00:00,2025-10-19 00:15:00-05:00,2025-10-19 05:15:00+00:00,CBY_CBY_G1,Resource Node,REAL_TIME_15_MIN,24.56
2025-10-19 00:00:00-05:00,2025-10-19 05:00:00+00:00,2025-10-19 00:15:00-05:00,2025-10-19 05:15:00+00:00,CNTRY_RN,Resource Node,REAL_TIME_15_MIN,19.24
2025-10-19 00:15:00-05:00,2025-10-19 05:15:00+00:00,2025-10-19 00:30:00-05:00,2025-10-19 05:30:00+00:00,CBY_CBY_G1,Resource Node,REAL_TIME_15_MIN,23.95
2025-10-19 00:15:00-05:00,2025-10-19 05:15:00+00:00,2025-10-19 00:30:00-05:00,2025-10-19 05:30:00+00:00,CNTRY_RN,Resource Node,REAL_TIME_15_MIN,20.1
2025-10-19 00:30:00-05:00,2025-10-19 05:30:00+00:00,2025-10-19 00:45:00-05:00,2025-10-19 05:45:00+00:00,CBY_CBY_G1,Resource Node,REAL_TIME_15_MIN,23.05
2025-10-19 00:30:00-05:00,2025-10-19 05:30:00+00:00,2025-10-19 00:45:00-05:00,2025-10-19 05:45:00+00:00,CNTRY_RN,Resource Node,REAL_TIME_15_MIN,19.97
2025-10-19 00:45:00-05:00,2025-10-19 05:45:00+00:00,2025-10-19 01:00:00-05:00,2025-10-19 06:00:00+00:00,CBY_CBY_G1,Resource Node,REAL_TIME_15_MIN,21.57
2025-10-19 00:45:00-05:00,2025-10-19 05:45:00+00:00,2025-10-19 01:00:00-05:00,2025-10-19 06:00:00+00:00,CNTRY_RN,Resource Node,REAL_TIME_15_MIN,19.65
2025-10-19 01:00:00-05:00,2025-10-19 06:00:00+00:00,2025-10-19 01:15:00-05:00,2025-10-19 06:15:00+00:00,CBY_CBY_G1,Resource Node,REAL_TIME_15_MIN,21.78
2025-10-19 01:00:00-05:00,2025-10-19 06:00:00+00:00,2025-10-19 01:15:00-05:00,2025-10-19 06:15:00+00:00,CNTRY_RN,Resource Node,REAL_TIME_15_MIN,19.91
2025-10-19 01:15:00-05:00,2025-10-19 06:15:00+00:00,2025-10-19 01:30:00-05:00,2025-10-19 06:30:00+00:00,CBY_CBY_G1,Resource Node,REAL_TIME_15_MIN,21.51
2025-10-19 01:15:00-05:00,2025-10-19 06:15:00+00:00,2025-10-19 01:30:00-05:00,2025-10-19 06:30:00+00:00,CNTRY_RN,Resource Node,REAL_TIME_15_MIN,19.83
2025-10-19 01:30:00-05:00,2025-10-19 06:30:00+00:00,2025-10-19 01:45:00-05:00,2025-10-19 06:45:00+00:00,CBY_CBY_G1,Resource Node,REAL_TIME_15_MIN,19.65
2025-10-19 01:30:00-05:00,2025-10-19 06:30:00+00:00,2025-10-19 01:45:00-05:00,2025-10-19 06:45:00+00:00,CNTRY_RN,Resource Node,REAL_TIME_15_MIN,18.7
2025-10-19 01:45:00-05:00,2025-10-19 06:45:00+00:00,2025-10-19 02:00:00-05:00,2025-10-19 07:00:00+00:00,CBY_CBY_G1,Resource Node,REAL_TIME_15_MIN,17.23
2025-10-19 01:45:00-05:00,2025-10-19 06:45:00+00:00,2025-10-19 02:00:00-05:00,2025-10-19 07:00:00+00:00,CNTRY_RN,Resource Node,REAL_TIME_15_MIN,16.28
2025-10-19 02:00:00-05:00,2025-10-19 07:00:00+00:00,2025-10-19 02:15:00-05:00,2025-10-19 07:15:00+00:00,CBY_CBY_G1,Resource Node,REAL_TIME_15_MIN,17.48
2025-10-19 02:00:00-05:00,2025-10-19 07:00:00+00:00,2025-10-19 02:15:00-05:00,2025-10-19 07:15:00+00:00,CNTRY_RN,Resource Node,REAL_TIME_15_MIN,16.63
2025-10-19 02:15:00-05:00,2025-10-19 07:15:00+00:00,2025-10-19 02:30:00-05:00,2025-10-19 07:30:00+00:00,CBY_CBY_G1,Resource Node,REAL_TIME_15_MIN,17.92
2025-10-19 02:15:00-05:00,2025-10-19 07:15:00+00:00,2025-10-19 02:30:00-05:00,2025-10-19 07:30:00+00:00,CNTRY_RN,Resource Node,REAL_TIME_15_MIN,16.1
2025-10-19 02:30:00-05:00,2025-10-19 07:30:00+00:00,2025-10-19 02:45:00-05:00,2025-10-19 07:45:00+00:00,CBY_CBY_G1,Resource Node,REAL_TIME_15_MIN,17.41
2025-10-19 02:30:00-05:00,2025-10-19 07:30:00+00:00,2025-10-19 02:45:00-05:00,2025-10-19 07:45:00+00:00,CNTRY_RN,Resource Node,REAL_TIME_15_MIN,15.24
2025-10-19 02:45:00-05:00,2025-10-19 07:45:00+00:00,2025-10-19 03:00:00-05:00,2025-10-19 08:00:00+00:00,CBY_CBY_G1,Resource Node,REAL_TIME_15_MIN,17.78
2025-10-19 02:45:00-05:00,2025-10-19 07:45:00+00:00,2025-10-19 03:00:00-05:00,2025-10-19 08:00:00+00:00,CNTRY_RN,Resource Node,REAL_TIME_15_MIN,14.85
2025-10-19 03:00:00-05:00,2025-10-19 08:00:00+00:00,2025-10-19 03:15:00-05:00,2025-10-19 08:15:00+00:00,CBY_CBY_G1,Resource Node,REAL_TIME_15_MIN,18.35
2025-10-19 03:00:00-05:00,2025-10-19 08:00:00+00:00,2025-10-19 03:15:00-05:00,2025-10-19 08:15:00+00:00,CNTRY_RN,Resource Node,REAL_TIME_15_MIN,15.77
2025-10-19 03:15:00-05:00,2025-10-19 08:15:00+00:00,2025-10-19 03:30:00-05:00,2025-10-19 08:30:00+00:00,CBY_CBY_G1,Resource Node,REAL_TIME_15_MIN,17.82
2025-10-19 03:15:00-05:00,2025-10-19 08:15:00+00:00,2025-10-19 03:30:00-05:00,2025-10-19 08:30:00+00:00,CNTRY_RN,Resource Node,REAL_TIME_15_MIN,16.34
2025-10-19 03:30:00-05:00,2025-10-19 08:30:00+00:00,2025-10-19 03:45:00-05:00,2025-10-19 08:45:00+00:00,CBY_CBY_G1,Resource Node,REAL_TIME_15_MIN,17.95
2025-10-19 03:30:00-05:00,2025-10-19 08:30:00+00:00,2025-10-19 03:45:00-05:00,2025-10-19 08:45:00+00:00,CNTRY_RN,Resource Node,REAL_TIME_15_MIN,17.35
2025-10-19 03:45:00-05:00,2025-10-19 08:45:00+00:00,2025-10-19 04:00:00-05:00,2025-10-19 09:00:00+00:00,CBY_CBY_G1,Resource Node,REAL_TIME_15_MIN,18.05
2025-10-19 03:45:00-05:00,2025-10-19 08:45:00+00:00,2025-10-19 04:00:00-05:00,2025-10-19 09:00:00+00:00,CNTRY_RN,Resource Node,REAL_TIME_15_MIN,17.18
2025-10-19 04:00:00-05:00,2025-10-19 09:00:00+00:00,2025-10-19 04:15:00-05:00,2025-10-19 09:15:00+00:00,CBY_CBY_G1,Resource Node,REAL_TIME_15_MIN,17.91
2025-10-19 04:00:00-05:00,2025-10-19 09:00:00+00:00,2025-10-19 04:15:00-05:00,2025-10-19 09:15:00+00:00,CNTRY_RN,Resource Node,REAL_TIME_15_MIN,17.25
2025-10-19 04:15:00-05:00,2025-10-19 09:15:00+00:00,2025-10-19 04:30:00-05:00,2025-10-19 09:30:00+00:00,CBY_CBY_G1,Resource Node,REAL_TIME_15_MIN,17.95
2025-10-19 04:15:00-05:00,2025-10-19 09:15:00+00:00,2025-10-19 04:30:00-05:00,2025-10-19 09:30:00+00:00,CNTRY_RN,Resource Node,REAL_TIME_15_MIN,17.36
2025-10-19 04:30:00-05:00,2025-10-19 09:30:00+00:00,2025-10-19 04:45:00-05:00,2025-10-19 09:45:00+00:00,CBY_CBY_G1,Resource Node,REAL_TIME_15_MIN,18.37
2025-10-19 04:30:00-05:00,2025-10-19 09:30:00+00:00,2025-10-19 04:45:00-05:00,2025-10-19 09:45:00+00:00,CNTRY_RN,Resource Node,REAL_TIME_15_MIN,17.77
2025-10-19 04:45:00-05:00,2025-10-19 09:45:00+00:00,2025-10-19 05:00:00-05:00,2025-10-19 10:00:00+00:00,CBY_CBY_G1,Resource Node,REAL_TIME_15_MIN,18.32
2025-10-19 04:45:00-05:00,2025-10-19 09:45:00+00:00,2025-10-19 05:00:00-05:00,2025-10-19 10:00:00+00:00,CNTRY_RN,Resource Node,REAL_TIME_15_MIN,17.73
2025-10-19 05:00:00-05:00,2025-10-19 10:00:00+00:00,2025-10-19 05:15:00-05:00,2025-10-19 10:15:00+00:00,CBY_CBY_G1,Resource Node,REAL_TIME_15_MIN,19.12
2025-10-19 05:00:00-05:00,2025-10-19 10:00:00+00:00,2025-10-19 05:15:00-05:00,2025-10-19 10:15:00+00:00,CNTRY_RN,Resource Node,REAL_TIME_15_MIN,19.05
2025-10-19 05:15:00-05:00,2025-10-19 10:15:00+00:00,2025-10-19 05:30:00-05:00,2025-10-19 10:30:00+00:00,CBY_CBY_G1,Resource Node,REAL_TIME_15_MIN,21.16
2025-10-19 05:15:00-05:00,2025-10-19 10:15:00+00:00,2025-10-19 05:30:00-05:00,2025-10-19 10:30:00+00:00,CNTRY_RN,Resource Node,REAL_TIME_15_MIN,21.16
2025-10-19 05:30:00-05:00,2025-10-19 10:30:00+00:00,2025-10-19 05:45:00-05:00,2025-10-19 10:45:00+00:00,CBY_CBY_G1,Resource Node,REAL_TIME_15_MIN,22.04
2025-10-19 05:30:00-05:00,2025-10-19 10:30:00+00:00,2025-10-19 05:45:00-05:00,2025-10-19 10:45:00+00:00,CNTRY_RN,Resource Node,REAL_TIME_15_MIN,22.04
2025-10-19 05:45:00-05:00,2025-10-19 10:45:00+00:00,2025-10-19 06:00:00-05:00,2025-10-19 11:00:00+00:00,CBY_CBY_G1,Resource Node,REAL_TIME_15_MIN,22.46
2025-10-19 05:45:00-05:00,2025-10-19 10:45:00+00:00,2025-10-19 06:00:00-05:00,2025-10-19 11:00:00+00:00,CNTRY_RN,Resource Node,REAL_TIME_15_MIN,22.46
2025-10-19 06:00:00-05:00,2025-10-19 11:00:00+00:00,2025-10-19 06:15:00-05:00,2025-10-19 11:15:00+00:00,CBY_CBY_G1,Resource Node,REAL_TIME_15_MIN,23.36
2025-10-19 06:00:00-05:00,2025-10-19 11:00:00+00:00,2025-10-19 06:15:00-05:00,2025-10-19 11:15:00+00:00,CNTRY_RN,Resource Node,REAL_TIME_15_MIN,23.36
2025-10-19 06:15:00-05:00,2025-10-19 11:15:00+00:00,2025-10-19 06:30:00-05:00,2025-10-19 11:30:00+00:00,CBY_CBY_G1,Resource Node,REAL_TIME_15_MIN,22.75
2025-10-19 06:15:00-05:00,2025-10-19 11:15:00+00:00,2025-10-19 06:30:00-05:00,2025-10-19 11:30:00+00:00,CNTRY_RN,Resource Node,REAL_TIME_15_MIN,22.75
2025-10-19 06:30:00-05:00,2025-10-19 11:30:00+00:00,2025-10-19 06:45:00-05:00,2025-10-19 11:45:00+00:00,CBY_CBY_G1,Resource Node,REAL_TIME_15_MIN,22.6
2025-10-19 06:30:00-05:00,2025-10-19 11:30:00+00:00,2025-10-19 06:45:00-05:00,2025-10-19 11:45:00+00:00,CNTRY_RN,Resource Node,REAL_TIME_15_MIN,22.6
2025-10-19 06:45:00-05:00,2025-10-19 11:45:00+00:00,2025-10-19 07:00:00-05:00,2025-10-19 12:00:00+00:00,CBY_CBY_G1,Resource Node,REAL_TIME_15_MIN,22.01
2025-10-19 06:45:00-05:00,2025-10-19 11:45:00+00:00,2025-10-19 07:00:00-05:00,2025-10-19 12:00:00+00:00,CNTRY_RN,Resource Node,REAL_TIME_15_MIN,22.01
2025-10-19 07:00:00-05:00,2025-10-19 12:00:00+00:00,2025-10-19 07:15:00-05:00,2025-10-19 12:15:00+00:00,CBY_CBY_G1,Resource Node,REAL_TIME_15_MIN,23.62
2025-10-19 07:00:00-05:00,2025-10-19 12:00:00+00:00,2025-10-19 07:15:00-05:00,2025-10-19 12:15:00+00:00,CNTRY_RN,Resource Node,REAL_TIME_15_MIN,23.62
2025-10-19 07:15:00-05:00,2025-10-19 12:15:00+00:00,2025-10-19 07:30:00-05:00,2025-10-19 12:30:00+00:00,CBY_CBY_G1,Resource Node,REAL_TIME_15_MIN,25.29
2025-10-19 07:15:00-05:00,2025-10-19 12:15:00+00:00,2025-10-19 07:30:00-05:00,2025-10-19 12:30:00+00:00,CNTRY_RN,Resource Node,REAL_TIME_15_MIN,25.29
2025-10-19 07:30:00-05:00,2025-10-19 12:30:00+00:00,2025-10-19 07:45:00-05:00,2025-10-19 12:45:00+00:00,CBY_CBY_G1,Resource Node,REAL_TIME_15_MIN,24.69
2025-10-19 07:30:00-05:00,2025-10-19 12:30:00+00:00,2025-10-19 07:45:00-05:00,2025-10-19 12:45:00+00:00,CNTRY_RN,Resource Node,REAL_TIME_15_MIN,24.69
2025-10-19 07:45:00-05:00,2025-10-19 12:45:00+00:00,2025-10-19 08:00:00-05:00,2025-10-19 13:00:00+00:00,CBY_CBY_G1,Resource Node,REAL_TIME_15_MIN,23.33
2025-10-19 07:45:00-05:00,2025-10-19 12:45:00+00:00,2025-10-19 08:00:00-05:00,2025-10-19 13:00:00+00:00,CNTRY_RN,Resource Node,REAL_TIME_15_MIN,23.33
2025-10-19 08:00:00-05:00,2025-10-19 13:00:00+00:00,2025-10-19 08:15:00-05:00,2025-10-19 13:15:00+00:00,CBY_CBY_G1,Resource Node,REAL_TIME_15_MIN,23.1
2025-10-19 08:00:00-05:00,2025-10-19 13:00:00+00:00,2025-10-19 08:15:00-05:00,2025-10-19 13:15:00+00:00,CNTRY_RN,Resource Node,REAL_TIME_15_MIN,23.1
2025-10-19 08:15:00-05:00,2025-10-19 13:15:00+00:00,2025-10-19 08:30:00-05:00,2025-10-19 13:30:00+00:00,CBY_CBY_G1,Resource Node,REAL_TIME_15_MIN,18.64
2025-10-19 08:15:00-05:00,2025-10-19 13:15:00+00:00,2025-10-19 08:30:00-05:00,2025-10-19 13:30:00+00:00,CNTRY_RN,Resource Node,REAL_TIME_15_MIN,18.64
2025-10-19 08:30:00-05:00,2025-10-19 13:30:00+00:00,2025-10-19 08:45:00-05:00,2025-10-19 13:45:00+00:00,CBY_CBY_G1,Resource Node,REAL_TIME_15_MIN,13.91
2025-10-19 08:30:00-05:00,2025-10-19 13:30:00+00:00,2025-10-19 08:45:00-05:00,2025-10-19 13:45:00+00:00,CNTRY_RN,Resource Node,REAL_TIME_15_MIN,13.91
2025-10-19 08:45:00-05:00,2025-10-19 13:45:00+00:00,2025-10-19 09:00:00-05:00,2025-10-19 14:00:00+00:00,CBY_CBY_G1,Resource Node,REAL_TIME_15_MIN,11.84
2025-10-19 08:45:00-05:00,2025-10-19 13:45:00+00:00,2025-10-19 09:00:00-05:00,2025-10-19 14:00:00+00:00,CNTRY_RN,Resource Node,REAL_TIME_15_MIN,11.85
2025-10-19 09:00:00-05:00,2025-10-19 14:00:00+00:00,2025-10-19 09:15:00-05:00,2025-10-19 14:15:00+00:00,CBY_CBY_G1,Resource Node,REAL_TIME_15_MIN,12.27
2025-10-19 09:00:00-05:00,2025-10-19 14:00:00+00:00,2025-10-19 09:15:00-05:00,2025-10-19 14:15:00+00:00,CNTRY_RN,Resource Node,REAL_TIME_15_MIN,12.36
2025-10-19 09:15:00-05:00,2025-10-19 14:15:00+00:00,2025-10-19 09:30:00-05:00,2025-10-19 14:30:00+00:00,CBY_CBY_G1,Resource Node,REAL_TIME_15_MIN,9.66
2025-10-19 09:15:00-05:00,2025-10-19 14:15:00+00:00,2025-10-19 09:30:00-05:00,2025-10-19 14:30:00+00:00,CNTRY_RN,Resource Node,REAL_TIME_15_MIN,9.93
2025-10-19 09:30:00-05:00,2025-10-19 14:30:00+00:00,2025-10-19 09:45:00-05:00,2025-10-19 14:45:00+00:00,CBY_CBY_G1,Resource Node,REAL_TIME_15_MIN,8.32
2025-10-19 09:30:00-05:00,2025-10-19 14:30:00+00:00,2025-10-19 09:45:00-05:00,2025-10-19 14:45:00+00:00,CNTRY_RN,Resource Node,REAL_TIME_15_MIN,8.57
2025-10-19 09:45:00-05:00,2025-10-19 14:45:00+00:00,2025-10-19 10:00:00-05:00,2025-10-19 15:00:00+00:00,CBY_CBY_G1,Resource Node,REAL_TIME_15_MIN,8.71
2025-10-19 09:45:00-05:00,2025-10-19 14:45:00+00:00,2025-10-19 10:00:00-05:00,2025-10-19 15:00:00+00:00,CNTRY_RN,Resource Node,REAL_TIME_15_MIN,8.97
2025-10-19 10:00:00-05:00,2025-10-19 15:00:00+00:00,2025-10-19 10:15:00-05:00,2025-10-19 15:15:00+00:00,CBY_CBY_G1,Resource Node,REAL_TIME_15_MIN,11.74
2025-10-19 10:00:00-05:00,2025-10-19 15:00:00+00:00,2025-10-19 10:15:00-05:00,2025-10-19 15:15:00+00:00,CNTRY_RN,Resource Node,REAL_TIME_15_MIN,12.04
2025-10-19 10:15:00-05:00,2025-10-19 15:15:00+00:00,2025-10-19 10:30:00-05:00,2025-10-19 15:30:00+00:00,CBY_CBY_G1,Resource Node,REAL_TIME_15_MIN,17.39
2025-10-19 10:15:00-05:00,2025-10-19 15:15:00+00:00,2025-10-19 10:30:00-05:00,2025-10-19 15:30:00+00:00,CNTRY_RN,Resource Node,REAL_TIME_15_MIN,13.62
2025-10-19 10:30:00-05:00,2025-10-19 15:30:00+00:00,2025-10-19 10:45:00-05:00,2025-10-19 15:45:00+00:00,CBY_CBY_G1,Resource Node,REAL_TIME_15_MIN,17.61
2025-10-19 10:30:00-05:00,2025-10-19 15:30:00+00:00,2025-10-19 10:45:00-05:00,2025-10-19 15:45:00+00:00,CNTRY_RN,Resource Node,REAL_TIME_15_MIN,14.42
2025-10-19 10:45:00-05:00,2025-10-19 15:45:00+00:00,2025-10-19 11:00:00-05:00,2025-10-19 16:00:00+00:00,CBY_CBY_G1,Resource Node,REAL_TIME_15_MIN,20.17
2025-10-19 10:45:00-05:00,2025-10-19 15:45:00+00:00,2025-10-19 11:00:00-05:00,2025-10-19 16:00:00+00:00,CNTRY_RN,Resource Node,REAL_TIME_15_MIN,14.84
2025-10-19 11:00:00-05:00,2025-10-19 16:00:00+00:00,2025-10-19 11:15:00-05:00,2025-10-19 16:15:00+00:00,CBY_CBY_G1,Resource Node,REAL_TIME_15_MIN,22.78
2025-10-19 11:00:00-05:00,2025-10-19 16:00:00+00:00,2025-10-19 11:15:00-05:00,2025-10-19 16:15:00+00:00,CNTRY_RN,Resource Node,REAL_TIME_15_MIN,15.02
2025-10-19 11:15:00-05:00,2025-10-19 16:15:00+00:00,2025-10-19 11:30:00-05:00,2025-10-19 16:30:00+00:00,CBY_CBY_G1,Resource Node,REAL_TIME_15_MIN,23.07
2025-10-19 11:15:00-05:00,2025-10-19 16:15:00+00:00,2025-10-19 11:30:00-05:00,2025-10-19 16:30:00+00:00,CNTRY_RN,Resource Node,REAL_TIME_15_MIN,15.18
2025-10-19 11:30:00-05:00,2025-10-19 16:30:00+00:00,2025-10-19 11:45:00-05:00,2025-10-19 16:45:00+00:00,CBY_CBY_G1,Resource Node,REAL_TIME_15_MIN,20.1
2025-10-19 11:30:00-05:00,2025-10-19 16:30:00+00:00,2025-10-19 11:45:00-05:00,2025-10-19 16:45:00+00:00,CNTRY_RN,Resource Node,REAL_TIME_15_MIN,14.93
2025-10-19 11:45:00-05:00,2025-10-19 16:45:00+00:00,2025-10-19 12:00:00-05:00,2025-10-19 17:00:00+00:00,CBY_CBY_G1,Resource Node,REAL_TIME_15_MIN,21.99
2025-10-19 11:45:00-05:00,2025-10-19 16:45:00+00:00,2025-10-19 12:00:00-05:00,2025-10-19 17:00:00+00:00,CNTRY_RN,Resource Node,REAL_TIME_15_MIN,15.19
2025-10-19 12:00:00-05:00,2025-10-19 17:00:00+00:00,2025-10-19 12:15:00-05:00,2025-10-19 17:15:00+00:00,CBY_CBY_G1,Resource Node,REAL_TIME_15_MIN,21.82
2025-10-19 12:00:00-05:00,2025-10-19 17:00:00+00:00,2025-10-19 12:15:00-05:00,2025-10-19 17:15:00+00:00,CNTRY_RN,Resource Node,REAL_TIME_15_MIN,15.15
2025-10-19 12:15:00-05:00,2025-10-19 17:15:00+00:00,2025-10-19 12:30:00-05:00,2025-10-19 17:30:00+00:00,CBY_CBY_G1,Resource Node,REAL_TIME_15_MIN,21.32
2025-10-19 12:15:00-05:00,2025-10-19 17:15:00+00:00,2025-10-19 12:30:00-05:00,2025-10-19 17:30:00+00:00,CNTRY_RN,Resource Node,REAL_TIME_15_MIN,15.29
2025-10-19 12:30:00-05:00,2025-10-19 17:30:00+00:00,2025-10-19 12:45:00-05:00,2025-10-19 17:45:00+00:00,CBY_CBY_G1,Resource Node,REAL_TIME_15_MIN,17.34
2025-10-19 12:30:00-05:00,2025-10-19 17:30:00+00:00,2025-10-19 12:45:00-05:00,2025-10-19 17:45:00+00:00,CNTRY_RN,Resource Node,REAL_TIME_15_MIN,15.15
2025-10-19 12:45:00-05:00,2025-10-19 17:45:00+00:00,2025-10-19 13:00:00-05:00,2025-10-19 18:00:00+00:00,CBY_CBY_G1,Resource Node,REAL_TIME_15_MIN,19.82
2025-10-19 12:45:00-05:00,2025-10-19 17:45:00+00:00,2025-10-19 13:00:00-05:00,2025-10-19 18:00:00+00:00,CNTRY_RN,Resource Node,REAL_TIME_15_MIN,15.87
2025-10-19 13:00:00-05:00,2025-10-19 18:00:00+00:00,2025-10-19 13:15:00-05:00,2025-10-19 18:15:00+00:00,CBY_CBY_G1,Resource Node,REAL_TIME_15_MIN,20.02
2025-10-19 13:00:00-05:00,2025-10-19 18:00:00+00:00,2025-10-19 13:15:00-05:00,2025-10-19 18:15:00+00:00,CNTRY_RN,Resource Node,REAL_TIME_15_MIN,16.3
2025-10-19 13:15:00-05:00,2025-10-19 18:15:00+00:00,2025-10-19 13:30:00-05:00,2025-10-19 18:30:00+00:00,CBY_CBY_G1,Resource Node,REAL_TIME_15_MIN,21.37
2025-10-19 13:15:00-05:00,2025-10-19 18:15:00+00:00,2025-10-19 13:30:00-05:00,2025-10-19 18:30:00+00:00,CNTRY_RN,Resource Node,REAL_TIME_15_MIN,16.4
2025-10-19 13:30:00-05:00,2025-10-19 18:30:00+00:00,2025-10-19 13:45:00-05:00,2025-10-19 18:45:00+00:00,CBY_CBY_G1,Resource Node,REAL_TIME_15_MIN,21.43
2025-10-19 13:30:00-05:00,2025-10-19 18:30:00+00:00,2025-10-19 13:45:00-05:00,2025-10-19 18:45:00+00:00,CNTRY_RN,Resource Node,REAL_TIME_15_MIN,17.96
2025-10-19 13:45:00-05:00,2025-10-19 18:45:00+00:00,2025-10-19 14:00:00-05:00,2025-10-19 19:00:00+00:00,CBY_CBY_G1,Resource Node,REAL_TIME_15_MIN,21.71
2025-10-19 13:45:00-05:00,2025-10-19 18:45:00+00:00,2025-10-19 14:00:00-05:00,2025-10-19 19:00:00+00:00,CNTRY_RN,Resource Node,REAL_TIME_15_MIN,19.31
2025-10-19 14:00:00-05:00,2025-10-19 19:00:00+00:00,2025-10-19 14:15:00-05:00,2025-10-19 19:15:00+00:00,CBY_CBY_G1,Resource Node,REAL_TIME_15_MIN,21.85
2025-10-19 14:00:00-05:00,2025-10-19 19:00:00+00:00,2025-10-19 14:15:00-05:00,2025-10-19 19:15:00+00:00,CNTRY_RN,Resource Node,REAL_TIME_15_MIN,20.15
2025-10-19 14:15:00-05:00,2025-10-19 19:15:00+00:00,2025-10-19 14:30:00-05:00,2025-10-19 19:30:00+00:00,CBY_CBY_G1,Resource Node,REAL_TIME_15_MIN,21.95
2025-10-19 14:15:00-05:00,2025-10-19 19:15:00+00:00,2025-10-19 14:30:00-05:00,2025-10-19 19:30:00+00:00,CNTRY_RN,Resource Node,REAL_TIME_15_MIN,21.83
2025-10-19 14:30:00-05:00,2025-10-19 19:30:00+00:00,2025-10-19 14:45:00-05:00,2025-10-19 19:45:00+00:00,CBY_CBY_G1,Resource Node,REAL_TIME_15_MIN,22.02
2025-10-19 14:30:00-05:00,2025-10-19 19:30:00+00:00,2025-10-19 14:45:00-05:00,2025-10-19 19:45:00+00:00,CNTRY_RN,Resource Node,REAL_TIME_15_MIN,21.64
2025-10-19 14:45:00-05:00,2025-10-19 19:45:00+00:00,2025-10-19 15:00:00-05:00,2025-10-19 20:00:00+00:00,CBY_CBY_G1,Resource Node,REAL_TIME_15_MIN,22.18
2025-10-19 14:45:00-05:00,2025-10-19 19:45:00+00:00,2025-10-19 15:00:00-05:00,2025-10-19 20:00:00+00:00,CNTRY_RN,Resource Node,REAL_TIME_15_MIN,21.64
2025-10-19 15:00:00-05:00,2025-10-19 20:00:00+00:00,2025-10-19 15:15:00-05:00,2025-10-19 20:15:00+00:00,CBY_CBY_G1,Resource Node,REAL_TIME_15_MIN,22.48
2025-10-19 15:00:00-05:00,2025-10-19 20:00:00+00:00,2025-10-19 15:15:00-05:00,2025-10-19 20:15:00+00:00,CNTRY_RN,Resource Node,REAL_TIME_15_MIN,21.18
2025-10-19 15:15:00-05:00,2025-10-19 20:15:00+00:00,2025-10-19 15:30:00-05:00,2025-10-19 20:30:00+00:00,CBY_CBY_G1,Resource Node,REAL_TIME_15_MIN,22.21
2025-10-19 15:15:00-05:00,2025-10-19 20:15:00+00:00,2025-10-19 15:30:00-05:00,2025-10-19 20:30:00+00:00,CNTRY_RN,Resource Node,REAL_TIME_15_MIN,21.33
2025-10-19 15:30:00-05:00,2025-10-19 20:30:00+00:00,2025-10-19 15:45:00-05:00,2025-10-19 20:45:00+00:00,CBY_CBY_G1,Resource Node,REAL_TIME_15_MIN,22.13
2025-10-19 15:30:00-05:00,2025-10-19 20:30:00+00:00,2025-10-19 15:45:00-05:00,2025-10-19 20:45:00+00:00,CNTRY_RN,Resource Node,REAL_TIME_15_MIN,21.29
2025-10-19 15:45:00-05:00,2025-10-19 20:45:00+00:00,2025-10-19 16:00:00-05:00,2025-10-19 21:00:00+00:00,CBY_CBY_G1,Resource Node,REAL_TIME_15_MIN,22.47
2025-10-19 15:45:00-05:00,2025-10-19 20:45:00+00:00,2025-10-19 16:00:00-05:00,2025-10-19 21:00:00+00:00,CNTRY_RN,Resource Node,REAL_TIME_15_MIN,21.5
2025-10-19 16:00:00-05:00,2025-10-19 21:00:00+00:00,2025-10-19 16:15:00-05:00,2025-10-19 21:15:00+00:00,CBY_CBY_G1,Resource Node,REAL_TIME_15_MIN,21.93
2025-10-19 16:00:00-05:00,2025-10-19 21:00:00+00:00,2025-10-19 16:15:00-05:00,2025-10-19 21:15:00+00:00,CNTRY_RN,Resource Node,REAL_TIME_15_MIN,19.89
2025-10-19 16:15:00-05:00,2025-10-19 21:15:00+00:00,2025-10-19 16:30:00-05:00,2025-10-19 21:30:00+00:00,CBY_CBY_G1,Resource Node,REAL_TIME_15_MIN,22.39
2025-10-19 16:15:00-05:00,2025-10-19 21:15:00+00:00,2025-10-19 16:30:00-05:00,2025-10-19 21:30:00+00:00,CNTRY_RN,Resource Node,REAL_TIME_15_MIN,18.65
2025-10-19 16:30:00-05:00,2025-10-19 21:30:00+00:00,2025-10-19 16:45:00-05:00,2025-10-19 21:45:00+00:00,CBY_CBY_G1,Resource Node,REAL_TIME_15_MIN,22.43
2025-10-19 16:30:00-05:00,2025-10-19 21:30:00+00:00,2025-10-19 16:45:00-05:00,2025-10-19 21:45:00+00:00,CNTRY_RN,Resource Node,REAL_TIME_15_MIN,16.71
2025-10-19 16:45:00-05:00,2025-10-19 21:45:00+00:00,2025-10-19 17:00:00-05:00,2025-10-19 22:00:00+00:00,CBY_CBY_G1,Resource Node,REAL_TIME_15_MIN,22.38
2025-10-19 16:45:00-05:00,2025-10-19 21:45:00+00:00,2025-10-19 17:00:00-05:00,2025-10-19 22:00:00+00:00,CNTRY_RN,Resource Node,REAL_TIME_15_MIN,17.47
2025-10-19 17:00:00-05:00,2025-10-19 22:00:00+00:00,2025-10-19 17:15:00-05:00,2025-10-19 22:15:00+00:00,CBY_CBY_G1,Resource Node,REAL_TIME_15_MIN,21.31
2025-10-19 17:00:00-05:00,2025-10-19 22:00:00+00:00,2025-10-19 17:15:00-05:00,2025-10-19 22:15:00+00:00,CNTRY_RN,Resource Node,REAL_TIME_15_MIN,15.9
2025-10-19 17:15:00-05:00,2025-10-19 22:15:00+00:00,2025-10-19 17:30:00-05:00,2025-10-19 22:30:00+00:00,CBY_CBY_G1,Resource Node,REAL_TIME_15_MIN,25.86
2025-10-19 17:15:00-05:00,2025-10-19 22:15:00+00:00,2025-10-19 17:30:00-05:00,2025-10-19 22:30:00+00:00,CNTRY_RN,Resource Node,REAL_TIME_15_MIN,23.27
2025-10-19 17:30:00-05:00,2025-10-19 22:30:00+00:00,2025-10-19 17:45:00-05:00,2025-10-19 22:45:00+00:00,CBY_CBY_G1,Resource Node,REAL_TIME_15_MIN,40.43
2025-10-19 17:30:00-05:00,2025-10-19 22:30:00+00:00,2025-10-19 17:45:00-05:00,2025-10-19 22:45:00+00:00,CNTRY_RN,Resource Node,REAL_TIME_15_MIN,36.9
2025-10-19 17:45:00-05:00,2025-10-19 22:45:00+00:00,2025-10-19 18:00:00-05:00,2025-10-19 23:00:00+00:00,CBY_CBY_G1,Resource Node,REAL_TIME_15_MIN,52.68
2025-10-19 17:45:00-05:00,2025-10-19 22:45:00+00:00,2025-10-19 18:00:00-05:00,2025-10-19 23:00:00+00:00,CNTRY_RN,Resource Node,REAL_TIME_15_MIN,47.38
2025-10-19 18:00:00-05:00,2025-10-19 23:00:00+00:00,2025-10-19 18:15:00-05:00,2025-10-19 23:15:00+00:00,CBY_CBY_G1,Resource Node,REAL_TIME_15_MIN,35.92
2025-10-19 18:00:00-05:00,2025-10-19 23:00:00+00:00,2025-10-19 18:15:00-05:00,2025-10-19 23:15:00+00:00,CNTRY_RN,Resource Node,REAL_TIME_15_MIN,32.15
2025-10-19 18:15:00-05:00,2025-10-19 23:15:00+00:00,2025-10-19 18:30:00-05:00,2025-10-19 23:30:00+00:00,CBY_CBY_G1,Resource Node,REAL_TIME_15_MIN,40.13
2025-10-19 18:15:00-05:00,2025-10-19 23:15:00+00:00,2025-10-19 18:30:00-05:00,2025-10-19 23:30:00+00:00,CNTRY_RN,Resource Node,REAL_TIME_15_MIN,35.52
2025-10-19 18:30:00-05:00,2025-10-19 23:30:00+00:00,2025-10-19 18:45:00-05:00,2025-10-19 23:45:00+00:00,CBY_CBY_G1,Resource Node,REAL_TIME_15_MIN,45.39
2025-10-19 18:30:00-05:00,2025-10-19 23:30:00+00:00,2025-10-19 18:45:00-05:00,2025-10-19 23:45:00+00:00,CNTRY_RN,Resource Node,REAL_TIME_15_MIN,39.8
2025-10-19 18:45:00-05:00,2025-10-19 23:45:00+00:00,2025-10-19 19:00:00-05:00,2025-10-20 00:00:00+00:00,CBY_CBY_G1,Resource Node,REAL_TIME_15_MIN,52.29
2025-10-19 18:45:00-05:00,2025-10-19 23:45:00+00:00,2025-10-19 19:00:00-05:00,2025-10-20 00:00:00+00:00,CNTRY_RN,Resource Node,REAL_TIME_15_MIN,45.01
2025-10-19 19:00:00-05:00,2025-10-20 00:00:00+00:00,2025-10-19 19:15:00-05:00,2025-10-20 00:15:00+00:00,CBY_CBY_G1,Resource Node,REAL_TIME_15_MIN,47.57
2025-10-19 19:00:00-05:00,2025-10-20 00:00:00+00:00,2025-10-19 19:15:00-05:00,2025-10-20 00:15:00+00:00,CNTRY_RN,Resource Node,REAL_TIME_15_MIN,40.77
2025-10-19 19:15:00-05:00,2025-10-20 00:15:00+00:00,2025-10-19 19:30:00-05:00,2025-10-20 00:30:00+00:00,CBY_CBY_G1,Resource Node,REAL_TIME_15_MIN,41.24
2025-10-19 19:15:00-05:00,2025-10-20 00:15:00+00:00,2025-10-19 19:30:00-05:00,2025-10-20 00:30:00+00:00,CNTRY_RN,Resource Node,REAL_TIME_15_MIN,34.85
2025-10-19 19:30:00-05:00,2025-10-20 00:30:00+00:00,2025-10-19 19:45:00-05:00,2025-10-20 00:45:00+00:00,CBY_CBY_G1,Resource Node,REAL_TIME_15_MIN,34.45
2025-10-19 19:30:00-05:00,2025-10-20 00:30:00+00:00,2025-10-19 19:45:00-05:00,2025-10-20 00:45:00+00:00,CNTRY_RN,Resource Node,REAL_TIME_15_MIN,28.08
2025-10-19 19:45:00-05:00,2025-10-20 00:45:00+00:00,2025-10-19 20:00:00-05:00,2025-10-20 01:00:00+00:00,CBY_CBY_G1,Resource Node,REAL_TIME_15_MIN,28.92
2025-10-19 19:45:00-05:00,2025-10-20 00:45:00+00:00,2025-10-19 20:00:00-05:00,2025-10-20 01:00:00+00:00,CNTRY_RN,Resource Node,REAL_TIME_15_MIN,23.2
2025-10-19 20:00:00-05:00,2025-10-20 01:00:00+00:00,2025-10-19 20:15:00-05:00,2025-10-20 01:15:00+00:00,CBY_CBY_G1,Resource Node,REAL_TIME_15_MIN,29.32
2025-10-19 20:00:00-05:00,2025-10-20 01:00:00+00:00,2025-10-19 20:15:00-05:00,2025-10-20 01:15:00+00:00,CNTRY_RN,Resource Node,REAL_TIME_15_MIN,23.61
2025-10-19 20:15:00-05:00,2025-10-20 01:15:00+00:00,2025-10-19 20:30:00-05:00,2025-10-20 01:30:00+00:00,CBY_CBY_G1,Resource Node,REAL_TIME_15_MIN,27.57
2025-10-19 20:15:00-05:00,2025-10-20 01:15:00+00:00,2025-10-19 20:30:00-05:00,2025-10-20 01:30:00+00:00,CNTRY_RN,Resource Node,REAL_TIME_15_MIN,21.93
2025-10-19 20:30:00-05:00,2025-10-20 01:30:00+00:00,2025-10-19 20:45:00-05:00,2025-10-20 01:45:00+00:00,CBY_CBY_G1,Resource Node,REAL_TIME_15_MIN,26.63
2025-10-19 20:30:00-05:00,2025-10-20 01:30:00+00:00,2025-10-19 20:45:00-05:00,2025-10-20 01:45:00+00:00,CNTRY_RN,Resource Node,REAL_TIME_15_MIN,21.03
2025-10-19 20:45:00-05:00,2025-10-20 01:45:00+00:00,2025-10-19 21:00:00-05:00,2025-10-20 02:00:00+00:00,CBY_CBY_G1,Resource Node,REAL_TIME_15_MIN,24.49
2025-10-19 20:45:00-05:00,2025-10-20 01:45:00+00:00,2025-10-19 21:00:00-05:00,2025-10-20 02:00:00+00:00,CNTRY_RN,Resource Node,REAL_TIME_15_MIN,19.36
2025-10-19 21:00:00-05:00,2025-10-20 02:00:00+00:00,2025-10-19 21:15:00-05:00,2025-10-20 02:15:00+00:00,CBY_CBY_G1,Resource Node,REAL_TIME_15_MIN,24.86
2025-10-19 21:00:00-05:00,2025-10-20 02:00:00+00:00,2025-10-19 21:15:00-05:00,2025-10-20 02:15:00+00:00,CNTRY_RN,Resource Node,REAL_TIME_15_MIN,19.44
2025-10-19 21:15:00-05:00,2025-10-20 02:15:00+00:00,2025-10-19 21:30:00-05:00,2025-10-20 02:30:00+00:00,CBY_CBY_G1,Resource Node,REAL_TIME_15_MIN,21.05
2025-10-19 21:15:00-05:00,2025-10-20 02:15:00+00:00,2025-10-19 21:30:00-05:00,2025-10-20 02:30:00+00:00,CNTRY_RN,Resource Node,REAL_TIME_15_MIN,16.15
2025-10-19 21:30:00-05:00,2025-10-20 02:30:00+00:00,2025-10-19 21:45:00-05:00,2025-10-20 02:45:00+00:00,CBY_CBY_G1,Resource Node,REAL_TIME_15_MIN,16.85
2025-10-19 21:30:00-05:00,2025-10-20 02:30:00+00:00,2025-10-19 21:45:00-05:00,2025-10-20 02:45:00+00:00,CNTRY_RN,Resource Node,REAL_TIME_15_MIN,13.17
2025-10-19 21:45:00-05:00,2025-10-20 02:45:00+00:00,2025-10-19 22:00:00-05:00,2025-10-20 03:00:00+00:00,CBY_CBY_G1,Resource Node,REAL_TIME_15_MIN,16.94
2025-10-19 21:45:00-05:00,2025-10-20 02:45:00+00:00,2025-10-19 22:00:00-05:00,2025-10-20 03:00:00+00:00,CNTRY_RN,Resource Node,REAL_TIME_15_MIN,12.9
2025-10-19 22:00:00-05:00,2025-10-20 03:00:00+00:00,2025-10-19 22:15:00-05:00,2025-10-20 03:15:00+00:00,CBY_CBY_G1,Resource Node,REAL_TIME_15_MIN,16.22
2025-10-19 22:00:00-05:00,2025-10-20 03:00:00+00:00,2025-10-19 22:15:00-05:00,2025-10-20 03:15:00+00:00,CNTRY_RN,Resource Node,REAL_TIME_15_MIN,12.71
2025-10-19 22:15:00-05:00,2025-10-20 03:15:00+00:00,2025-10-19 22:30:00-05:00,2025-10-20 03:30:00+00:00,CBY_CBY_G1,Resource Node,REAL_TIME_15_MIN,14.99
2025-10-19 22:15:00-05:00,2025-10-20 03:15:00+00:00,2025-10-19 22:30:00-05:00,2025-10-20 03:30:00+00:00,CNTRY_RN,Resource Node,REAL_TIME_15_MIN,12.21
2025-10-19 22:30:00-05:00,2025-10-20 03:30:00+00:00,2025-10-19 22:45:00-05:00,2025-10-20 03:45:00+00:00,CBY_CBY_G1,Resource Node,REAL_TIME_15_MIN,14.98
2025-10-19 22:30:00-05:00,2025-10-20 03:30:00+00:00,2025-10-19 22:45:00-05:00,2025-10-20 03:45:00+00:00,CNTRY_RN,Resource Node,REAL_TIME_15_MIN,11.83
2025-10-19 22:45:00-05:00,2025-10-20 03:45:00+00:00,2025-10-19 23:00:00-05:00,2025-10-20 04:00:00+00:00,CBY_CBY_G1,Resource Node,REAL_TIME_15_MIN,14.38
2025-10-19 22:45:00-05:00,2025-10-20 03:45:00+00:00,2025-10-19 23:00:00-05:00,2025-10-20 04:00:00+00:00,CNTRY_RN,Resource Node,REAL_TIME_15_MIN,11.08
2025-10-19 23:00:00-05:00,2025-10-20 04:00:00+00:00,2025-10-19 23:15:00-05:00,2025-10-20 04:15:00+00:00,CBY_CBY_G1,Resource Node,REAL_TIME_15_MIN,16.11
2025-10-19 23:00:00-05:00,2025-10-20 04:00:00+00:00,2025-10-19 23:15:00-05:00,2025-10-20 04:15:00+00:00,CNTRY_RN,Resource Node,REAL_TIME_15_MIN,14.81
2025-10-19 23:15:00-05:00,2025-10-20 04:15:00+00:00,2025-10-19 23:30:00-05:00,2025-10-20 04:30:00+00:00,CBY_CBY_G1,Resource Node,REAL_TIME_15_MIN,16.43
2025-10-19 23:15:00-05:00,2025-10-20 04:15:00+00:00,2025-10-19 23:30:00-05:00,2025-10-20 04:30:00+00:00,CNTRY_RN,Resource Node,REAL_TIME_15_MIN,16.12
2025-10-19 23:30:00-05:00,2025-10-20 04:30:00+00:00,2025-10-19 23:45:00-05:00,2025-10-20 04:45:00+00:00,CBY_CBY_G1,Resource Node,REAL_TIME_15_MIN,15.95
2025-10-19 23:30:00-05:00,2025-10-20 04:30:00+00:00,2025-10-19 23:45:00-05:00,2025-10-20 04:45:00+00:00,CNTRY_RN,Resource Node,REAL_TIME_15_MIN,15.83
2025-10-19 23:45:00-05:00,2025-10-20 04:45:00+00:00,2025-10-20 00:00:00-05:00,2025-10-20 05:00:00+00:00,CBY_CBY_G1,Resource Node,REAL_TIME_15_MIN,15.18
2025-10-19 23:45:00-05:00,2025-10-20 04:45:00+00:00,2025-10-20 00:00:00-05:00,2025-10-20 05:00:00+00:00,CNTRY_RN,Resource Node,REAL_TIME_15_MIN,14.45
