interval_start_local,interval_start_utc,interval_end_local,interval_end_utc,location,location_type,market,spp
2025-10-12 00:00:00-05:00,2025-10-12 05:00:00+00:00,2025-10-12 00:15:00-05:00,2025-10-12 05:15:00+00:00,CR_RN,Resource Node,REAL_TIME_15_MIN,24.57
2025-10-12 00:00:00-05:00,2025-10-12 05:00:00+00:00,2025-10-12 00:15:00-05:00,2025-10-12 05:15:00+00:00,P2_DGR2_RN,Resource Node,REAL_TIME_15_MIN,22.74
2025-10-12 00:00:00-05:00,2025-10-12 05:00:00+00:00,2025-10-12 00:15:00-05:00,2025-10-12 05:15:00+00:00,PRCRK_RN,Resource Node,REAL_TIME_15_MIN,32.51
2025-10-12 00:15:00-05:00,2025-10-12 05:15:00+00:00,2025-10-12 00:30:00-05:00,2025-10-12 05:30:00+00:00,CR_RN,Resource Node,REAL_TIME_15_MIN,24.47
2025-10-12 00:15:00-05:00,2025-10-12 05:15:00+00:00,2025-10-12 00:30:00-05:00,2025-10-12 05:30:00+00:00,P2_DGR2_RN,Resource Node,REAL_TIME_15_MIN,23.51
2025-10-12 00:15:00-05:00,2025-10-12 05:15:00+00:00,2025-10-12 00:30:00-05:00,2025-10-12 05:30:00+00:00,PRCRK_RN,Resource Node,REAL_TIME_15_MIN,30.47
2025-10-12 00:30:00-05:00,2025-10-12 05:30:00+00:00,2025-10-12 00:45:00-05:00,2025-10-12 05:45:00+00:00,CR_RN,Resource Node,REAL_TIME_15_MIN,23.54
2025-10-12 00:30:00-05:00,2025-10-12 05:30:00+00:00,2025-10-12 00:45:00-05:00,2025-10-12 05:45:00+00:00,P2_DGR2_RN,Resource Node,REAL_TIME_15_MIN,23.71
2025-10-12 00:30:00-05:00,2025-10-12 05:30:00+00:00,2025-10-12 00:45:00-05:00,2025-10-12 05:45:00+00:00,PRCRK_RN,Resource Node,REAL_TIME_15_MIN,28.43
2025-10-12 00:45:00-05:00,2025-10-12 05:45:00+00:00,2025-10-12 01:00:00-05:00,2025-10-12 06:00:00+00:00,CR_RN,Resource Node,REAL_TIME_15_MIN,22.62
2025-10-12 00:45:00-05:00,2025-10-12 05:45:00+00:00,2025-10-12 01:00:00-05:00,2025-10-12 06:00:00+00:00,P2_DGR2_RN,Resource Node,REAL_TIME_15_MIN,23.26
2025-10-12 00:45:00-05:00,2025-10-12 05:45:00+00:00,2025-10-12 01:00:00-05:00,2025-10-12 06:00:00+00:00,PRCRK_RN,Resource Node,REAL_TIME_15_MIN,26.87
2025-10-12 01:00:00-05:00,2025-10-12 06:00:00+00:00,2025-10-12 01:15:00-05:00,2025-10-12 06:15:00+00:00,CR_RN,Resource Node,REAL_TIME_15_MIN,21.49
2025-10-12 01:00:00-05:00,2025-10-12 06:00:00+00:00,2025-10-12 01:15:00-05:00,2025-10-12 06:15:00+00:00,P2_DGR2_RN,Resource Node,REAL_TIME_15_MIN,20.36
2025-10-12 01:00:00-05:00,2025-10-12 06:00:00+00:00,2025-10-12 01:15:00-05:00,2025-10-12 06:15:00+00:00,PRCRK_RN,Resource Node,REAL_TIME_15_MIN,26.36
2025-10-12 01:15:00-05:00,2025-10-12 06:15:00+00:00,2025-10-12 01:30:00-05:00,2025-10-12 06:30:00+00:00,CR_RN,Resource Node,REAL_TIME_15_MIN,19.15
2025-10-12 01:15:00-05:00,2025-10-12 06:15:00+00:00,2025-10-12 01:30:00-05:00,2025-10-12 06:30:00+00:00,P2_DGR2_RN,Resource Node,REAL_TIME_15_MIN,20.41
2025-10-12 01:15:00-05:00,2025-10-12 06:15:00+00:00,2025-10-12 01:30:00-05:00,2025-10-12 06:30:00+00:00,PRCRK_RN,Resource Node,REAL_TIME_15_MIN,22.81
2025-10-12 01:30:00-05:00,2025-10-12 06:30:00+00:00,2025-10-12 01:45:00-05:00,2025-10-12 06:45:00+00:00,CR_RN,Resource Node,REAL_TIME_15_MIN,19.49
2025-10-12 01:30:00-05:00,2025-10-12 06:30:00+00:00,2025-10-12 01:45:00-05:00,2025-10-12 06:45:00+00:00,P2_DGR2_RN,Resource Node,REAL_TIME_15_MIN,20.21
2025-10-12 01:30:00-05:00,2025-10-12 06:30:00+00:00,2025-10-12 01:45:00-05:00,2025-10-12 06:45:00+00:00,PRCRK_RN,Resource Node,REAL_TIME_15_MIN,23.73
2025-10-12 01:45:00-05:00,2025-10-12 06:45:00+00:00,2025-10-12 02:00:00-05:00,2025-10-12 07:00:00+00:00,CR_RN,Resource Node,REAL_TIME_15_MIN,19.74
2025-10-12 01:45:00-05:00,2025-10-12 06:45:00+00:00,2025-10-12 02:00:00-05:00,2025-10-12 07:00:00+00:00,P2_DGR2_RN,Resource Node,REAL_TIME_15_MIN,20.39
2025-10-12 01:45:00-05:00,2025-10-12 06:45:00+00:00,2025-10-12 02:00:00-05:00,2025-10-12 07:00:00+00:00,PRCRK_RN,Resource Node,REAL_TIME_15_MIN,23.71
2025-10-12 02:00:00-05:00,2025-10-12 07:00:00+00:00,2025-10-12 02:15:00-05:00,2025-10-12 07:15:00+00:00,CR_RN,Resource Node,REAL_TIME_15_MIN,19.55
2025-10-12 02:00:00-05:00,2025-10-12 07:00:00+00:00,2025-10-12 02:15:00-05:00,2025-10-12 07:15:00+00:00,P2_DGR2_RN,Resource Node,REAL_TIME_15_MIN,19.63
2025-10-12 02:00:00-05:00,2025-10-12 07:00:00+00:00,2025-10-12 02:15:00-05:00,2025-10-12 07:15:00+00:00,PRCRK_RN,Resource Node,REAL_TIME_15_MIN,24.3
2025-10-12 02:15:00-05:00,2025-10-12 07:15:00+00:00,2025-10-12 02:30:00-05:00,2025-10-12 07:30:00+00:00,CR_RN,Resource Node,REAL_TIME_15_MIN,18.57
2025-10-12 02:15:00-05:00,2025-10-12 07:15:00+00:00,2025-10-12 02:30:00-05:00,2025-10-12 07:30:00+00:00,P2_DGR2_RN,Resource Node,REAL_TIME_15_MIN,19.09
2025-10-12 02:15:00-05:00,2025-10-12 07:15:00+00:00,2025-10-12 02:30:00-05:00,2025-10-12 07:30:00+00:00,PRCRK_RN,Resource Node,REAL_TIME_15_MIN,23.92
2025-10-12 02:30:00-05:00,2025-10-12 07:30:00+00:00,2025-10-12 02:45:00-05:00,2025-10-12 07:45:00+00:00,CR_RN,Resource Node,REAL_TIME_15_MIN,18.23
2025-10-12 02:30:00-05:00,2025-10-12 07:30:00+00:00,2025-10-12 02:45:00-05:00,2025-10-12 07:45:00+00:00,P2_DGR2_RN,Resource Node,REAL_TIME_15_MIN,18.22
2025-10-12 02:30:00-05:00,2025-10-12 07:30:00+00:00,2025-10-12 02:45:00-05:00,2025-10-12 07:45:00+00:00,PRCRK_RN,Resource Node,REAL_TIME_15_MIN,24.0
2025-10-12 02:45:00-05:00,2025-10-12 07:45:00+00:00,2025-10-12 03:00:00-05:00,2025-10-12 08:00:00+00:00,CR_RN,Resource Node,REAL_TIME_15_MIN,17.72
2025-10-12 02:45:00-05:00,2025-10-12 07:45:00+00:00,2025-10-12 03:00:00-05:00,2025-10-12 08:00:00+00:00,P2_DGR2_RN,Resource Node,REAL_TIME_15_MIN,17.89
2025-10-12 02:45:00-05:00,2025-10-12 07:45:00+00:00,2025-10-12 03:00:00-05:00,2025-10-12 08:00:00+00:00,PRCRK_RN,Resource Node,REAL_TIME_15_MIN,23.44
2025-10-12 03:00:00-05:00,2025-10-12 08:00:00+00:00,2025-10-12 03:15:00-05:00,2025-10-12 08:15:00+00:00,CR_RN,Resource Node,REAL_TIME_15_MIN,17.88
2025-10-12 03:00:00-05:00,2025-10-12 08:00:00+00:00,2025-10-12 03:15:00-05:00,2025-10-12 08:15:00+00:00,P2_DGR2_RN,Resource Node,REAL_TIME_15_MIN,18.0
2025-10-12 03:00:00-05:00,2025-10-12 08:00:00+00:00,2025-10-12 03:15:00-05:00,2025-10-12 08:15:00+00:00,PRCRK_RN,Resource Node,REAL_TIME_15_MIN,23.75
2025-10-12 03:15:00-05:00,2025-10-12 08:15:00+00:00,2025-10-12 03:30:00-05:00,2025-10-12 08:30:00+00:00,CR_RN,Resource Node,REAL_TIME_15_MIN,17.59
2025-10-12 03:15:00-05:00,2025-10-12 08:15:00+00:00,2025-10-12 03:30:00-05:00,2025-10-12 08:30:00+00:00,P2_DGR2_RN,Resource Node,REAL_TIME_15_MIN,17.79
2025-10-12 03:15:00-05:00,2025-10-12 08:15:00+00:00,2025-10-12 03:30:00-05:00,2025-10-12 08:30:00+00:00,PRCRK_RN,Resource Node,REAL_TIME_15_MIN,23.51
2025-10-12 03:30:00-05:00,2025-10-12 08:30:00+00:00,2025-10-12 03:45:00-05:00,2025-10-12 08:45:00+00:00,CR_RN,Resource Node,REAL_TIME_15_MIN,17.58
2025-10-12 03:30:00-05:00,2025-10-12 08:30:00+00:00,2025-10-12 03:45:00-05:00,2025-10-12 08:45:00+00:00,P2_DGR2_RN,Resource Node,REAL_TIME_15_MIN,17.78
2025-10-12 03:30:00-05:00,2025-10-12 08:30:00+00:00,2025-10-12 03:45:00-05:00,2025-10-12 08:45:00+00:00,PRCRK_RN,Resource Node,REAL_TIME_15_MIN,23.75
2025-10-12 03:45:00-05:00,2025-10-12 08:45:00+00:00,2025-10-12 04:00:00-05:00,2025-10-12 09:00:00+00:00,CR_RN,Resource Node,REAL_TIME_15_MIN,17.74
2025-10-12 03:45:00-05:00,2025-10-12 08:45:00+00:00,2025-10-12 04:00:00-05:00,2025-10-12 09:00:00+00:00,P2_DGR2_RN,Resource Node,REAL_TIME_15_MIN,17.99
2025-10-12 03:45:00-05:00,2025-10-12 08:45:00+00:00,2025-10-12 04:00:00-05:00,2025-10-12 09:00:00+00:00,PRCRK_RN,Resource Node,REAL_TIME_15_MIN,24.24
2025-10-12 04:00:00-05:00,2025-10-12 09:00:00+00:00,2025-10-12 04:15:00-05:00,2025-10-12 09:15:00+00:00,CR_RN,Resource Node,REAL_TIME_15_MIN,17.81
2025-10-12 04:00:00-05:00,2025-10-12 09:00:00+00:00,2025-10-12 04:15:00-05:00,2025-10-12 09:15:00+00:00,P2_DGR2_RN,Resource Node,REAL_TIME_15_MIN,18.34
2025-10-12 04:00:00-05:00,2025-10-12 09:00:00+00:00,2025-10-12 04:15:00-05:00,2025-10-12 09:15:00+00:00,PRCRK_RN,Resource Node,REAL_TIME_15_MIN,24.29
2025-10-12 04:15:00-05:00,2025-10-12 09:15:00+00:00,2025-10-12 04:30:00-05:00,2025-10-12 09:30:00+00:00,CR_RN,Resource Node,REAL_TIME_15_MIN,17.39
2025-10-12 04:15:00-05:00,2025-10-12 09:15:00+00:00,2025-10-12 04:30:00-05:00,2025-10-12 09:30:00+00:00,P2_DGR2_RN,Resource Node,REAL_TIME_15_MIN,17.65
2025-10-12 04:15:00-05:00,2025-10-12 09:15:00+00:00,2025-10-12 04:30:00-05:00,2025-10-12 09:30:00+00:00,PRCRK_RN,Resource Node,REAL_TIME_15_MIN,24.34
2025-10-12 04:30:00-05:00,2025-10-12 09:30:00+00:00,2025-10-12 04:45:00-05:00,2025-10-12 09:45:00+00:00,CR_RN,Resource Node,REAL_TIME_15_MIN,17.49
2025-10-12 04:30:00-05:00,2025-10-12 09:30:00+00:00,2025-10-12 04:45:00-05:00,2025-10-12 09:45:00+00:00,P2_DGR2_RN,Resource Node,REAL_TIME_15_MIN,17.46
2025-10-12 04:30:00-05:00,2025-10-12 09:30:00+00:00,2025-10-12 04:45:00-05:00,2025-10-12 09:45:00+00:00,PRCRK_RN,Resource Node,REAL_TIME_15_MIN,25.28
2025-10-12 04:45:00-05:00,2025-10-12 09:45:00+00:00,2025-10-12 05:00:00-05:00,2025-10-12 10:00:00+00:00,CR_RN,Resource Node,REAL_TIME_15_MIN,17.17
2025-10-12 04:45:00-05:00,2025-10-12 09:45:00+00:00,2025-10-12 05:00:00-05:00,2025-10-12 10:00:00+00:00,P2_DGR2_RN,Resource Node,REAL_TIME_15_MIN,17.62
2025-10-12 04:45:00-05:00,2025-10-12 09:45:00+00:00,2025-10-12 05:00:00-05:00,2025-10-12 10:00:00+00:00,PRCRK_RN,Resource Node,REAL_TIME_15_MIN,24.28
2025-10-12 05:00:00-05:00,2025-10-12 10:00:00+00:00,2025-10-12 05:15:00-05:00,2025-10-12 10:15:00+00:00,CR_RN,Resource Node,REAL_TIME_15_MIN,17.46
2025-10-12 05:00:00-05:00,2025-10-12 10:00:00+00:00,2025-10-12 05:15:00-05:00,2025-10-12 10:15:00+00:00,P2_DGR2_RN,Resource Node,REAL_TIME_15_MIN,17.83
2025-10-12 05:00:00-05:00,2025-10-12 10:00:00+00:00,2025-10-12 05:15:00-05:00,2025-10-12 10:15:00+00:00,PRCRK_RN,Resource Node,REAL_TIME_15_MIN,25.14
2025-10-12 05:15:00-05:00,2025-10-12 10:15:00+00:00,2025-10-12 05:30:00-05:00,2025-10-12 10:30:00+00:00,CR_RN,Resource Node,REAL_TIME_15_MIN,17.27
2025-10-12 05:15:00-05:00,2025-10-12 10:15:00+00:00,2025-10-12 05:30:00-05:00,2025-10-12 10:30:00+00:00,P2_DGR2_RN,Resource Node,REAL_TIME_15_MIN,17.34
2025-10-12 05:15:00-05:00,2025-10-12 10:15:00+00:00,2025-10-12 05:30:00-05:00,2025-10-12 10:30:00+00:00,PRCRK_RN,Resource Node,REAL_TIME_15_MIN,25.11
2025-10-12 05:30:00-05:00,2025-10-12 10:30:00+00:00,2025-10-12 05:45:00-05:00,2025-10-12 10:45:00+00:00,CR_RN,Resource Node,REAL_TIME_15_MIN,17.09
2025-10-12 05:30:00-05:00,2025-10-12 10:30:00+00:00,2025-10-12 05:45:00-05:00,2025-10-12 10:45:00+00:00,P2_DGR2_RN,Resource Node,REAL_TIME_15_MIN,17.24
2025-10-12 05:30:00-05:00,2025-10-12 10:30:00+00:00,2025-10-12 05:45:00-05:00,2025-10-12 10:45:00+00:00,PRCRK_RN,Resource Node,REAL_TIME_15_MIN,24.36
2025-10-12 05:45:00-05:00,2025-10-12 10:45:00+00:00,2025-10-12 06:00:00-05:00,2025-10-12 11:00:00+00:00,CR_RN,Resource Node,REAL_TIME_15_MIN,17.07
2025-10-12 05:45:00-05:00,2025-10-12 10:45:00+00:00,2025-10-12 06:00:00-05:00,2025-10-12 11:00:00+00:00,P2_DGR2_RN,Resource Node,REAL_TIME_15_MIN,17.53
2025-10-12 05:45:00-05:00,2025-10-12 10:45:00+00:00,2025-10-12 06:00:00-05:00,2025-10-12 11:00:00+00:00,PRCRK_RN,Resource Node,REAL_TIME_15_MIN,24.15
2025-10-12 06:00:00-05:00,2025-10-12 11:00:00+00:00,2025-10-12 06:15:00-05:00,2025-10-12 11:15:00+00:00,CR_RN,Resource Node,REAL_TIME_15_MIN,17.2
2025-10-12 06:00:00-05:00,2025-10-12 11:00:00+00:00,2025-10-12 06:15:00-05:00,2025-10-12 11:15:00+00:00,P2_DGR2_RN,Resource Node,REAL_TIME_15_MIN,17.56
2025-10-12 06:00:00-05:00,2025-10-12 11:00:00+00:00,2025-10-12 06:15:00-05:00,2025-10-12 11:15:00+00:00,PRCRK_RN,Resource Node,REAL_TIME_15_MIN,24.35
2025-10-12 06:15:00-05:00,2025-10-12 11:15:00+00:00,2025-10-12 06:30:00-05:00,2025-10-12 11:30:00+00:00,CR_RN,Resource Node,REAL_TIME_15_MIN,17.47
2025-10-12 06:15:00-05:00,2025-10-12 11:15:00+00:00,2025-10-12 06:30:00-05:00,2025-10-12 11:30:00+00:00,P2_DGR2_RN,Resource Node,REAL_TIME_15_MIN,17.75
2025-10-12 06:15:00-05:00,2025-10-12 11:15:00+00:00,2025-10-12 06:30:00-05:00,2025-10-12 11:30:00+00:00,PRCRK_RN,Resource Node,REAL_TIME_15_MIN,24.7
2025-10-12 06:30:00-05:00,2025-10-12 11:30:00+00:00,2025-10-12 06:45:00-05:00,2025-10-12 11:45:00+00:00,CR_RN,Resource Node,REAL_TIME_15_MIN,17.59
2025-10-12 06:30:00-05:00,2025-10-12 11:30:00+00:00,2025-10-12 06:45:00-05:00,2025-10-12 11:45:00+00:00,P2_DGR2_RN,Resource Node,REAL_TIME_15_MIN,18.02
2025-10-12 06:30:00-05:00,2025-10-12 11:30:00+00:00,2025-10-12 06:45:00-05:00,2025-10-12 11:45:00+00:00,PRCRK_RN,Resource Node,REAL_TIME_15_MIN,24.71
2025-10-12 06:45:00-05:00,2025-10-12 11:45:00+00:00,2025-10-12 07:00:00-05:00,2025-10-12 12:00:00+00:00,CR_RN,Resource Node,REAL_TIME_15_MIN,17.53
2025-10-12 06:45:00-05:00,2025-10-12 11:45:00+00:00,2025-10-12 07:00:00-05:00,2025-10-12 12:00:00+00:00,P2_DGR2_RN,Resource Node,REAL_TIME_15_MIN,17.78
2025-10-12 06:45:00-05:00,2025-10-12 11:45:00+00:00,2025-10-12 07:00:00-05:00,2025-10-12 12:00:00+00:00,PRCRK_RN,Resource Node,REAL_TIME_15_MIN,24.67
2025-10-12 07:00:00-05:00,2025-10-12 12:00:00+00:00,2025-10-12 07:15:00-05:00,2025-10-12 12:15:00+00:00,CR_RN,Resource Node,REAL_TIME_15_MIN,18.61
2025-10-12 07:00:00-05:00,2025-10-12 12:00:00+00:00,2025-10-12 07:15:00-05:00,2025-10-12 12:15:00+00:00,P2_DGR2_RN,Resource Node,REAL_TIME_15_MIN,20.01
2025-10-12 07:00:00-05:00,2025-10-12 12:00:00+00:00,2025-10-12 07:15:00-05:00,2025-10-12 12:15:00+00:00,PRCRK_RN,Resource Node,REAL_TIME_15_MIN,24.06
2025-10-12 07:15:00-05:00,2025-10-12 12:15:00+00:00,2025-10-12 07:30:00-05:00,2025-10-12 12:30:00+00:00,CR_RN,Resource Node,REAL_TIME_15_MIN,18.57
2025-10-12 07:15:00-05:00,2025-10-12 12:15:00+00:00,2025-10-12 07:30:00-05:00,2025-10-12 12:30:00+00:00,P2_DGR2_RN,Resource Node,REAL_TIME_15_MIN,19.86
2025-10-12 07:15:00-05:00,2025-10-12 12:15:00+00:00,2025-10-12 07:30:00-05:00,2025-10-12 12:30:00+00:00,PRCRK_RN,Resource Node,REAL_TIME_15_MIN,23.8
2025-10-12 07:30:00-05:00,2025-10-12 12:30:00+00:00,2025-10-12 07:45:00-05:00,2025-10-12 12:45:00+00:00,CR_RN,Resource Node,REAL_TIME_15_MIN,18.98
2025-10-12 07:30:00-05:00,2025-10-12 12:30:00+00:00,2025-10-12 07:45:00-05:00,2025-10-12 12:45:00+00:00,P2_DGR2_RN,Resource Node,REAL_TIME_15_MIN,20.27
2025-10-12 07:30:00-05:00,2025-10-12 12:30:00+00:00,2025-10-12 07:45:00-05:00,2025-10-12 12:45:00+00:00,PRCRK_RN,Resource Node,REAL_TIME_15_MIN,22.35
2025-10-12 07:45:00-05:00,2025-10-12 12:45:00+00:00,2025-10-12 08:00:00-05:00,2025-10-12 13:00:00+00:00,CR_RN,Resource Node,REAL_TIME_15_MIN,17.11
2025-10-12 07:45:00-05:00,2025-10-12 12:45:00+00:00,2025-10-12 08:00:00-05:00,2025-10-12 13:00:00+00:00,P2_DGR2_RN,Resource Node,REAL_TIME_15_MIN,18.3
2025-10-12 07:45:00-05:00,2025-10-12 12:45:00+00:00,2025-10-12 08:00:00-05:00,2025-10-12 13:00:00+00:00,PRCRK_RN,Resource Node,REAL_TIME_15_MIN,20.02
2025-10-12 08:00:00-05:00,2025-10-12 13:00:00+00:00,2025-10-12 08:15:00-05:00,2025-10-12 13:15:00+00:00,CR_RN,Resource Node,REAL_TIME_15_MIN,14.83
2025-10-12 08:00:00-05:00,2025-10-12 13:00:00+00:00,2025-10-12 08:15:00-05:00,2025-10-12 13:15:00+00:00,P2_DGR2_RN,Resource Node,REAL_TIME_15_MIN,17.28
2025-10-12 08:00:00-05:00,2025-10-12 13:00:00+00:00,2025-10-12 08:15:00-05:00,2025-10-12 13:15:00+00:00,PRCRK_RN,Resource Node,REAL_TIME_15_MIN,16.74
2025-10-12 08:15:00-05:00,2025-10-12 13:15:00+00:00,2025-10-12 08:30:00-05:00,2025-10-12 13:30:00+00:00,CR_RN,Resource Node,REAL_TIME_15_MIN,11.43
2025-10-12 08:15:00-05:00,2025-10-12 13:15:00+00:00,2025-10-12 08:30:00-05:00,2025-10-12 13:30:00+00:00,P2_DGR2_RN,Resource Node,REAL_TIME_15_MIN,13.71
2025-10-12 08:15:00-05:00,2025-10-12 13:15:00+00:00,2025-10-12 08:30:00-05:00,2025-10-12 13:30:00+00:00,PRCRK_RN,Resource Node,REAL_TIME_15_MIN,11.34
2025-10-12 08:30:00-05:00,2025-10-12 13:30:00+00:00,2025-10-12 08:45:00-05:00,2025-10-12 13:45:00+00:00,CR_RN,Resource Node,REAL_TIME_15_MIN,6.22
2025-10-12 08:30:00-05:00,2025-10-12 13:30:00+00:00,2025-10-12 08:45:00-05:00,2025-10-12 13:45:00+00:00,P2_DGR2_RN,Resource Node,REAL_TIME_15_MIN,9.98
2025-10-12 08:30:00-05:00,2025-10-12 13:30:00+00:00,2025-10-12 08:45:00-05:00,2025-10-12 13:45:00+00:00,PRCRK_RN,Resource Node,REAL_TIME_15_MIN,5.12
2025-10-12 08:45:00-05:00,2025-10-12 13:45:00+00:00,2025-10-12 09:00:00-05:00,2025-10-12 14:00:00+00:00,CR_RN,Resource Node,REAL_TIME_15_MIN,3.43
2025-10-12 08:45:00-05:00,2025-10-12 13:45:00+00:00,2025-10-12 09:00:00-05:00,2025-10-12 14:00:00+00:00,P2_DGR2_RN,Resource Node,REAL_TIME_15_MIN,7.37
2025-10-12 08:45:00-05:00,2025-10-12 13:45:00+00:00,2025-10-12 09:00:00-05:00,2025-10-12 14:00:00+00:00,PRCRK_RN,Resource Node,REAL_TIME_15_MIN,0.53
2025-10-12 09:00:00-05:00,2025-10-12 14:00:00+00:00,2025-10-12 09:15:00-05:00,2025-10-12 14:15:00+00:00,CR_RN,Resource Node,REAL_TIME_15_MIN,1.2
2025-10-12 09:00:00-05:00,2025-10-12 14:00:00+00:00,2025-10-12 09:15:00-05:00,2025-10-12 14:15:00+00:00,P2_DGR2_RN,Resource Node,REAL_TIME_15_MIN,3.13
2025-10-12 09:00:00-05:00,2025-10-12 14:00:00+00:00,2025-10-12 09:15:00-05:00,2025-10-12 14:15:00+00:00,PRCRK_RN,Resource Node,REAL_TIME_15_MIN,0.22
2025-10-12 09:15:00-05:00,2025-10-12 14:15:00+00:00,2025-10-12 09:30:00-05:00,2025-10-12 14:30:00+00:00,CR_RN,Resource Node,REAL_TIME_15_MIN,2.87
2025-10-12 09:15:00-05:00,2025-10-12 14:15:00+00:00,2025-10-12 09:30:00-05:00,2025-10-12 14:30:00+00:00,P2_DGR2_RN,Resource Node,REAL_TIME_15_MIN,7.27
2025-10-12 09:15:00-05:00,2025-10-12 14:15:00+00:00,2025-10-12 09:30:00-05:00,2025-10-12 14:30:00+00:00,PRCRK_RN,Resource Node,REAL_TIME_15_MIN,0.31
2025-10-12 09:30:00-05:00,2025-10-12 14:30:00+00:00,2025-10-12 09:45:00-05:00,2025-10-12 14:45:00+00:00,CR_RN,Resource Node,REAL_TIME_15_MIN,1.97
2025-10-12 09:30:00-05:00,2025-10-12 14:30:00+00:00,2025-10-12 09:45:00-05:00,2025-10-12 14:45:00+00:00,P2_DGR2_RN,Resource Node,REAL_TIME_15_MIN,5.36
2025-10-12 09:30:00-05:00,2025-10-12 14:30:00+00:00,2025-10-12 09:45:00-05:00,2025-10-12 14:45:00+00:00,PRCRK_RN,Resource Node,REAL_TIME_15_MIN,0.41
2025-10-12 09:45:00-05:00,2025-10-12 14:45:00+00:00,2025-10-12 10:00:00-05:00,2025-10-12 15:00:00+00:00,CR_RN,Resource Node,REAL_TIME_15_MIN,1.77
2025-10-12 09:45:00-05:00,2025-10-12 14:45:00+00:00,2025-10-12 10:00:00-05:00,2025-10-12 15:00:00+00:00,P2_DGR2_RN,Resource Node,REAL_TIME_15_MIN,4.71
2025-10-12 09:45:00-05:00,2025-10-12 14:45:00+00:00,2025-10-12 10:00:00-05:00,2025-10-12 15:00:00+00:00,PRCRK_RN,Resource Node,REAL_TIME_15_MIN,0.0
2025-10-12 10:00:00-05:00,2025-10-12 15:00:00+00:00,2025-10-12 10:15:00-05:00,2025-10-12 15:15:00+00:00,CR_RN,Resource Node,REAL_TIME_15_MIN,-0.04
2025-10-12 10:00:00-05:00,2025-10-12 15:00:00+00:00,2025-10-12 10:15:00-05:00,2025-10-12 15:15:00+00:00,P2_DGR2_RN,Resource Node,REAL_TIME_15_MIN,0.89
2025-10-12 10:00:00-05:00,2025-10-12 15:00:00+00:00,2025-10-12 10:15:00-05:00,2025-10-12 15:15:00+00:00,PRCRK_RN,Resource Node,REAL_TIME_15_MIN,-0.6
2025-10-12 10:15:00-05:00,2025-10-12 15:15:00+00:00,2025-10-12 10:30:00-05:00,2025-10-12 15:30:00+00:00,CR_RN,Resource Node,REAL_TIME_15_MIN,0.68
2025-10-12 10:15:00-05:00,2025-10-12 15:15:00+00:00,2025-10-12 10:30:00-05:00,2025-10-12 15:30:00+00:00,P2_DGR2_RN,Resource Node,REAL_TIME_15_MIN,3.99
2025-10-12 10:15:00-05:00,2025-10-12 15:15:00+00:00,2025-10-12 10:30:00-05:00,2025-10-12 15:30:00+00:00,PRCRK_RN,Resource Node,REAL_TIME_15_MIN,-0.52
2025-10-12 10:30:00-05:00,2025-10-12 15:30:00+00:00,2025-10-12 10:45:00-05:00,2025-10-12 15:45:00+00:00,CR_RN,Resource Node,REAL_TIME_15_MIN,2.18
2025-10-12 10:30:00-05:00,2025-10-12 15:30:00+00:00,2025-10-12 10:45:00-05:00,2025-10-12 15:45:00+00:00,P2_DGR2_RN,Resource Node,REAL_TIME_15_MIN,7.55
2025-10-12 10:30:00-05:00,2025-10-12 15:30:00+00:00,2025-10-12 10:45:00-05:00,2025-10-12 15:45:00+00:00,PRCRK_RN,Resource Node,REAL_TIME_15_MIN,-0.43
2025-10-12 10:45:00-05:00,2025-10-12 15:45:00+00:00,2025-10-12 11:00:00-05:00,2025-10-12 16:00:00+00:00,CR_RN,Resource Node,REAL_TIME_15_MIN,2.16
2025-10-12 10:45:00-05:00,2025-10-12 15:45:00+00:00,2025-10-12 11:00:00-05:00,2025-10-12 16:00:00+00:00,P2_DGR2_RN,Resource Node,REAL_TIME_15_MIN,8.14
2025-10-12 10:45:00-05:00,2025-10-12 15:45:00+00:00,2025-10-12 11:00:00-05:00,2025-10-12 16:00:00+00:00,PRCRK_RN,Resource Node,REAL_TIME_15_MIN,-0.45
2025-10-12 11:00:00-05:00,2025-10-12 16:00:00+00:00,2025-10-12 11:15:00-05:00,2025-10-12 16:15:00+00:00,CR_RN,Resource Node,REAL_TIME_15_MIN,2.67
2025-10-12 11:00:00-05:00,2025-10-12 16:00:00+00:00,2025-10-12 11:15:00-05:00,2025-10-12 16:15:00+00:00,P2_DGR2_RN,Resource Node,REAL_TIME_15_MIN,8.61
2025-10-12 11:00:00-05:00,2025-10-12 16:00:00+00:00,2025-10-12 11:15:00-05:00,2025-10-12 16:15:00+00:00,PRCRK_RN,Resource Node,REAL_TIME_15_MIN,-0.06
2025-10-12 11:15:00-05:00,2025-10-12 16:15:00+00:00,2025-10-12 11:30:00-05:00,2025-10-12 16:30:00+00:00,CR_RN,Resource Node,REAL_TIME_15_MIN,4.64
2025-10-12 11:15:00-05:00,2025-10-12 16:15:00+00:00,2025-10-12 11:30:00-05:00,2025-10-12 16:30:00+00:00,P2_DGR2_RN,Resource Node,REAL_TIME_15_MIN,12.87
2025-10-12 11:15:00-05:00,2025-10-12 16:15:00+00:00,2025-10-12 11:30:00-05:00,2025-10-12 16:30:00+00:00,PRCRK_RN,Resource Node,REAL_TIME_15_MIN,1.2
2025-10-12 11:30:00-05:00,2025-10-12 16:30:00+00:00,2025-10-12 11:45:00-05:00,2025-10-12 16:45:00+00:00,CR_RN,Resource Node,REAL_TIME_15_MIN,8.47
2025-10-12 11:30:00-05:00,2025-10-12 16:30:00+00:00,2025-10-12 11:45:00-05:00,2025-10-12 16:45:00+00:00,P2_DGR2_RN,Resource Node,REAL_TIME_15_MIN,14.79
2025-10-12 11:30:00-05:00,2025-10-12 16:30:00+00:00,2025-10-12 11:45:00-05:00,2025-10-12 16:45:00+00:00,PRCRK_RN,Resource Node,REAL_TIME_15_MIN,6.37
2025-10-12 11:45:00-05:00,2025-10-12 16:45:00+00:00,2025-10-12 12:00:00-05:00,2025-10-12 17:00:00+00:00,CR_RN,Resource Node,REAL_TIME_15_MIN,12.03
2025-10-12 11:45:00-05:00,2025-10-12 16:45:00+00:00,2025-10-12 12:00:00-05:00,2025-10-12 17:00:00+00:00,P2_DGR2_RN,Resource Node,REAL_TIME_15_MIN,15.54
2025-10-12 11:45:00-05:00,2025-10-12 16:45:00+00:00,2025-10-12 12:00:00-05:00,2025-10-12 17:00:00+00:00,PRCRK_RN,Resource Node,REAL_TIME_15_MIN,10.76
2025-10-12 12:00:00-05:00,2025-10-12 17:00:00+00:00,2025-10-12 12:15:00-05:00,2025-10-12 17:15:00+00:00,CR_RN,Resource Node,REAL_TIME_15_MIN,14.24
2025-10-12 12:00:00-05:00,2025-10-12 17:00:00+00:00,2025-10-12 12:15:00-05:00,2025-10-12 17:15:00+00:00,P2_DGR2_RN,Resource Node,REAL_TIME_15_MIN,17.83
2025-10-12 12:00:00-05:00,2025-10-12 17:00:00+00:00,2025-10-12 12:15:00-05:00,2025-10-12 17:15:00+00:00,PRCRK_RN,Resource Node,REAL_TIME_15_MIN,13.44
2025-10-12 12:15:00-05:00,2025-10-12 17:15:00+00:00,2025-10-12 12:30:00-05:00,2025-10-12 17:30:00+00:00,CR_RN,Resource Node,REAL_TIME_15_MIN,17.17
2025-10-12 12:15:00-05:00,2025-10-12 17:15:00+00:00,2025-10-12 12:30:00-05:00,2025-10-12 17:30:00+00:00,P2_DGR2_RN,Resource Node,REAL_TIME_15_MIN,18.86
2025-10-12 12:15:00-05:00,2025-10-12 17:15:00+00:00,2025-10-12 12:30:00-05:00,2025-10-12 17:30:00+00:00,PRCRK_RN,Resource Node,REAL_TIME_15_MIN,20.37
2025-10-12 12:30:00-05:00,2025-10-12 17:30:00+00:00,2025-10-12 12:45:00-05:00,2025-10-12 17:45:00+00:00,CR_RN,Resource Node,REAL_TIME_15_MIN,18.77
2025-10-12 12:30:00-05:00,2025-10-12 17:30:00+00:00,2025-10-12 12:45:00-05:00,2025-10-12 17:45:00+00:00,P2_DGR2_RN,Resource Node,REAL_TIME_15_MIN,19.52
2025-10-12 12:30:00-05:00,2025-10-12 17:30:00+00:00,2025-10-12 12:45:00-05:00,2025-10-12 17:45:00+00:00,PRCRK_RN,Resource Node,REAL_TIME_15_MIN,22.25
2025-10-12 12:45:00-05:00,2025-10-12 17:45:00+00:00,2025-10-12 13:00:00-05:00,2025-10-12 18:00:00+00:00,CR_RN,Resource Node,REAL_TIME_15_MIN,21.88
2025-10-12 12:45:00-05:00,2025-10-12 17:45:00+00:00,2025-10-12 13:00:00-05:00,2025-10-12 18:00:00+00:00,P2_DGR2_RN,Resource Node,REAL_TIME_15_MIN,20.66
2025-10-12 12:45:00-05:00,2025-10-12 17:45:00+00:00,2025-10-12 13:00:00-05:00,2025-10-12 18:00:00+00:00,PRCRK_RN,Resource Node,REAL_TIME_15_MIN,31.26
2025-10-12 13:00:00-05:00,2025-10-12 18:00:00+00:00,2025-10-12 13:15:00-05:00,2025-10-12 18:15:00+00:00,CR_RN,Resource Node,REAL_TIME_15_MIN,21.77
2025-10-12 13:00:00-05:00,2025-10-12 18:00:00+00:00,2025-10-12 13:15:00-05:00,2025-10-12 18:15:00+00:00,P2_DGR2_RN,Resource Node,REAL_TIME_15_MIN,21.99
2025-10-12 13:00:00-05:00,2025-10-12 18:00:00+00:00,2025-10-12 13:15:00-05:00,2025-10-12 18:15:00+00:00,PRCRK_RN,Resource Node,REAL_TIME_15_MIN,35.0
2025-10-12 13:15:00-05:00,2025-10-12 18:15:00+00:00,2025-10-12 13:30:00-05:00,2025-10-12 18:30:00+00:00,CR_RN,Resource Node,REAL_TIME_15_MIN,25.43
2025-10-12 13:15:00-05:00,2025-10-12 18:15:00+00:00,2025-10-12 13:30:00-05:00,2025-10-12 18:30:00+00:00,P2_DGR2_RN,Resource Node,REAL_TIME_15_MIN,24.5
2025-10-12 13:15:00-05:00,2025-10-12 18:15:00+00:00,2025-10-12 13:30:00-05:00,2025-10-12 18:30:00+00:00,PRCRK_RN,Resource Node,REAL_TIME_15_MIN,45.0
2025-10-12 13:30:00-05:00,2025-10-12 18:30:00+00:00,2025-10-12 13:45:00-05:00,2025-10-12 18:45:00+00:00,CR_RN,Resource Node,REAL_TIME_15_MIN,31.84
2025-10-12 13:30:00-05:00,2025-10-12 18:30:00+00:00,2025-10-12 13:45:00-05:00,2025-10-12 18:45:00+00:00,P2_DGR2_RN,Resource Node,REAL_TIME_15_MIN,26.3
2025-10-12 13:30:00-05:00,2025-10-12 18:30:00+00:00,2025-10-12 13:45:00-05:00,2025-10-12 18:45:00+00:00,PRCRK_RN,Resource Node,REAL_TIME_15_MIN,56.61
2025-10-12 13:45:00-05:00,2025-10-12 18:45:00+00:00,2025-10-12 14:00:00-05:00,2025-10-12 19:00:00+00:00,CR_RN,Resource Node,REAL_TIME_15_MIN,34.33
2025-10-12 13:45:00-05:00,2025-10-12 18:45:00+00:00,2025-10-12 14:00:00-05:00,2025-10-12 19:00:00+00:00,P2_DGR2_RN,Resource Node,REAL_TIME_15_MIN,31.47
2025-10-12 13:45:00-05:00,2025-10-12 18:45:00+00:00,2025-10-12 14:00:00-05:00,2025-10-12 19:00:00+00:00,PRCRK_RN,Resource Node,REAL_TIME_15_MIN,56.38
2025-10-12 14:00:00-05:00,2025-10-12 19:00:00+00:00,2025-10-12 14:15:00-05:00,2025-10-12 19:15:00+00:00,CR_RN,Resource Node,REAL_TIME_15_MIN,26.15
2025-10-12 14:00:00-05:00,2025-10-12 19:00:00+00:00,2025-10-12 14:15:00-05:00,2025-10-12 19:15:00+00:00,P2_DGR2_RN,Resource Node,REAL_TIME_15_MIN,24.89
2025-10-12 14:00:00-05:00,2025-10-12 19:00:00+00:00,2025-10-12 14:15:00-05:00,2025-10-12 19:15:00+00:00,PRCRK_RN,Resource Node,REAL_TIME_15_MIN,43.07
2025-10-12 14:15:00-05:00,2025-10-12 19:15:00+00:00,2025-10-12 14:30:00-05:00,2025-10-12 19:30:00+00:00,CR_RN,Resource Node,REAL_TIME_15_MIN,33.52
2025-10-12 14:15:00-05:00,2025-10-12 19:15:00+00:00,2025-10-12 14:30:00-05:00,2025-10-12 19:30:00+00:00,P2_DGR2_RN,Resource Node,REAL_TIME_15_MIN,35.3
2025-10-12 14:15:00-05:00,2025-10-12 19:15:00+00:00,2025-10-12 14:30:00-05:00,2025-10-12 19:30:00+00:00,PRCRK_RN,Resource Node,REAL_TIME_15_MIN,52.68
2025-10-12 14:30:00-05:00,2025-10-12 19:30:00+00:00,2025-10-12 14:45:00-05:00,2025-10-12 19:45:00+00:00,CR_RN,Resource Node,REAL_TIME_15_MIN,35.03
2025-10-12 14:30:00-05:00,2025-10-12 19:30:00+00:00,2025-10-12 14:45:00-05:00,2025-10-12 19:45:00+00:00,P2_DGR2_RN,Resource Node,REAL_TIME_15_MIN,31.26
2025-10-12 14:30:00-05:00,2025-10-12 19:30:00+00:00,2025-10-12 14:45:00-05:00,2025-10-12 19:45:00+00:00,PRCRK_RN,Resource Node,REAL_TIME_15_MIN,58.58
2025-10-12 14:45:00-05:00,2025-10-12 19:45:00+00:00,2025-10-12 15:00:00-05:00,2025-10-12 20:00:00+00:00,CR_RN,Resource Node,REAL_TIME_15_MIN,44.26
2025-10-12 14:45:00-05:00,2025-10-12 19:45:00+00:00,2025-10-12 15:00:00-05:00,2025-10-12 20:00:00+00:00,P2_DGR2_RN,Resource Node,REAL_TIME_15_MIN,38.26
2025-10-12 14:45:00-05:00,2025-10-12 19:45:00+00:00,2025-10-12 15:00:00-05:00,2025-10-12 20:00:00+00:00,PRCRK_RN,Resource Node,REAL_TIME_15_MIN,73.48
2025-10-12 15:00:00-05:00,2025-10-12 20:00:00+00:00,2025-10-12 15:15:00-05:00,2025-10-12 20:15:00+00:00,CR_RN,Resource Node,REAL_TIME_15_MIN,49.18
2025-10-12 15:00:00-05:00,2025-10-12 20:00:00+00:00,2025-10-12 15:15:00-05:00,2025-10-12 20:15:00+00:00,P2_DGR2_RN,Resource Node,REAL_TIME_15_MIN,41.72
2025-10-12 15:00:00-05:00,2025-10-12 20:00:00+00:00,2025-10-12 15:15:00-05:00,2025-10-12 20:15:00+00:00,PRCRK_RN,Resource Node,REAL_TIME_15_MIN,81.08
2025-10-12 15:15:00-05:00,2025-10-12 20:15:00+00:00,2025-10-12 15:30:00-05:00,2025-10-12 20:30:00+00:00,CR_RN,Resource Node,REAL_TIME_15_MIN,49.35
2025-10-12 15:15:00-05:00,2025-10-12 20:15:00+00:00,2025-10-12 15:30:00-05:00,2025-10-12 20:30:00+00:00,P2_DGR2_RN,Resource Node,REAL_TIME_15_MIN,40.62
2025-10-12 15:15:00-05:00,2025-10-12 20:15:00+00:00,2025-10-12 15:30:00-05:00,2025-10-12 20:30:00+00:00,PRCRK_RN,Resource Node,REAL_TIME_15_MIN,83.79
2025-10-12 15:30:00-05:00,2025-10-12 20:30:00+00:00,2025-10-12 15:45:00-05:00,2025-10-12 20:45:00+00:00,CR_RN,Resource Node,REAL_TIME_15_MIN,49.24
2025-10-12 15:30:00-05:00,2025-10-12 20:30:00+00:00,2025-10-12 15:45:00-05:00,2025-10-12 20:45:00+00:00,P2_DGR2_RN,Resource Node,REAL_TIME_15_MIN,43.26
2025-10-12 15:30:00-05:00,2025-10-12 20:30:00+00:00,2025-10-12 15:45:00-05:00,2025-10-12 20:45:00+00:00,PRCRK_RN,Resource Node,REAL_TIME_15_MIN,82.34
2025-10-12 15:45:00-05:00,2025-10-12 20:45:00+00:00,2025-10-12 16:00:00-05:00,2025-10-12 21:00:00+00:00,CR_RN,Resource Node,REAL_TIME_15_MIN,31.2
2025-10-12 15:45:00-05:00,2025-10-12 20:45:00+00:00,2025-10-12 16:00:00-05:00,2025-10-12 21:00:00+00:00,P2_DGR2_RN,Resource Node,REAL_TIME_15_MIN,30.37
2025-10-12 15:45:00-05:00,2025-10-12 20:45:00+00:00,2025-10-12 16:00:00-05:00,2025-10-12 21:00:00+00:00,PRCRK_RN,Resource Node,REAL_TIME_15_MIN,47.29
2025-10-12 16:00:00-05:00,2025-10-12 21:00:00+00:00,2025-10-12 16:15:00-05:00,2025-10-12 21:15:00+00:00,CR_RN,Resource Node,REAL_TIME_15_MIN,32.49
2025-10-12 16:00:00-05:00,2025-10-12 21:00:00+00:00,2025-10-12 16:15:00-05:00,2025-10-12 21:15:00+00:00,P2_DGR2_RN,Resource Node,REAL_TIME_15_MIN,35.36
2025-10-12 16:00:00-05:00,2025-10-12 21:00:00+00:00,2025-10-12 16:15:00-05:00,2025-10-12 21:15:00+00:00,PRCRK_RN,Resource Node,REAL_TIME_15_MIN,45.74
2025-10-12 16:15:00-05:00,2025-10-12 21:15:00+00:00,2025-10-12 16:30:00-05:00,2025-10-12 21:30:00+00:00,CR_RN,Resource Node,REAL_TIME_15_MIN,35.68
2025-10-12 16:15:00-05:00,2025-10-12 21:15:00+00:00,2025-10-12 16:30:00-05:00,2025-10-12 21:30:00+00:00,P2_DGR2_RN,Resource Node,REAL_TIME_15_MIN,44.08
2025-10-12 16:15:00-05:00,2025-10-12 21:15:00+00:00,2025-10-12 16:30:00-05:00,2025-10-12 21:30:00+00:00,PRCRK_RN,Resource Node,REAL_TIME_15_MIN,42.83
2025-10-12 16:30:00-05:00,2025-10-12 21:30:00+00:00,2025-10-12 16:45:00-05:00,2025-10-12 21:45:00+00:00,CR_RN,Resource Node,REAL_TIME_15_MIN,37.59
2025-10-12 16:30:00-05:00,2025-10-12 21:30:00+00:00,2025-10-12 16:45:00-05:00,2025-10-12 21:45:00+00:00,P2_DGR2_RN,Resource Node,REAL_TIME_15_MIN,49.3
2025-10-12 16:30:00-05:00,2025-10-12 21:30:00+00:00,2025-10-12 16:45:00-05:00,2025-10-12 21:45:00+00:00,PRCRK_RN,Resource Node,REAL_TIME_15_MIN,41.27
2025-10-12 16:45:00-05:00,2025-10-12 21:45:00+00:00,2025-10-12 17:00:00-05:00,2025-10-12 22:00:00+00:00,CR_RN,Resource Node,REAL_TIME_15_MIN,35.4
2025-10-12 16:45:00-05:00,2025-10-12 21:45:00+00:00,2025-10-12 17:00:00-05:00,2025-10-12 22:00:00+00:00,P2_DGR2_RN,Resource Node,REAL_TIME_15_MIN,51.73
2025-10-12 16:45:00-05:00,2025-10-12 21:45:00+00:00,2025-10-12 17:00:00-05:00,2025-10-12 22:00:00+00:00,PRCRK_RN,Resource Node,REAL_TIME_15_MIN,34.11
2025-10-12 17:00:00-05:00,2025-10-12 22:00:00+00:00,2025-10-12 17:15:00-05:00,2025-10-12 22:15:00+00:00,CR_RN,Resource Node,REAL_TIME_15_MIN,46.13
2025-10-12 17:00:00-05:00,2025-10-12 22:00:00+00:00,2025-10-12 17:15:00-05:00,2025-10-12 22:15:00+00:00,P2_DGR2_RN,Resource Node,REAL_TIME_15_MIN,57.44
2025-10-12 17:00:00-05:00,2025-10-12 22:00:00+00:00,2025-10-12 17:15:00-05:00,2025-10-12 22:15:00+00:00,PRCRK_RN,Resource Node,REAL_TIME_15_MIN,50.56
2025-10-12 17:15:00-05:00,2025-10-12 22:15:00+00:00,2025-10-12 17:30:00-05:00,2025-10-12 22:30:00+00:00,CR_RN,Resource Node,REAL_TIME_15_MIN,65.36
2025-10-12 17:15:00-05:00,2025-10-12 22:15:00+00:00,2025-10-12 17:30:00-05:00,2025-10-12 22:30:00+00:00,P2_DGR2_RN,Resource Node,REAL_TIME_15_MIN,69.34
2025-10-12 17:15:00-05:00,2025-10-12 22:15:00+00:00,2025-10-12 17:30:00-05:00,2025-10-12 22:30:00+00:00,PRCRK_RN,Resource Node,REAL_TIME_15_MIN,79.32
2025-10-12 17:30:00-05:00,2025-10-12 22:30:00+00:00,2025-10-12 17:45:00-05:00,2025-10-12 22:45:00+00:00,CR_RN,Resource Node,REAL_TIME_15_MIN,82.3
2025-10-12 17:30:00-05:00,2025-10-12 22:30:00+00:00,2025-10-12 17:45:00-05:00,2025-10-12 22:45:00+00:00,P2_DGR2_RN,Resource Node,REAL_TIME_15_MIN,76.11
2025-10-12 17:30:00-05:00,2025-10-12 22:30:00+00:00,2025-10-12 17:45:00-05:00,2025-10-12 22:45:00+00:00,PRCRK_RN,Resource Node,REAL_TIME_15_MIN,106.15
2025-10-12 17:45:00-05:00,2025-10-12 22:45:00+00:00,2025-10-12 18:00:00-05:00,2025-10-12 23:00:00+00:00,CR_RN,Resource Node,REAL_TIME_15_MIN,94.61
2025-10-12 17:45:00-05:00,2025-10-12 22:45:00+00:00,2025-10-12 18:00:00-05:00,2025-10-12 23:00:00+00:00,P2_DGR2_RN,Resource Node,REAL_TIME_15_MIN,92.37
2025-10-12 17:45:00-05:00,2025-10-12 22:45:00+00:00,2025-10-12 18:00:00-05:00,2025-10-12 23:00:00+00:00,PRCRK_RN,Resource Node,REAL_TIME_15_MIN,100.8
2025-10-12 18:00:00-05:00,2025-10-12 23:00:00+00:00,2025-10-12 18:15:00-05:00,2025-10-12 23:15:00+00:00,CR_RN,Resource Node,REAL_TIME_15_MIN,80.36
2025-10-12 18:00:00-05:00,2025-10-12 23:00:00+00:00,2025-10-12 18:15:00-05:00,2025-10-12 23:15:00+00:00,P2_DGR2_RN,Resource Node,REAL_TIME_15_MIN,80.36
2025-10-12 18:00:00-05:00,2025-10-12 23:00:00+00:00,2025-10-12 18:15:00-05:00,2025-10-12 23:15:00+00:00,PRCRK_RN,Resource Node,REAL_TIME_15_MIN,80.36
2025-10-12 18:15:00-05:00,2025-10-12 23:15:00+00:00,2025-10-12 18:30:00-05:00,2025-10-12 23:30:00+00:00,CR_RN,Resource Node,REAL_TIME_15_MIN,113.49
2025-10-12 18:15:00-05:00,2025-10-12 23:15:00+00:00,2025-10-12 18:30:00-05:00,2025-10-12 23:30:00+00:00,P2_DGR2_RN,Resource Node,REAL_TIME_15_MIN,113.49
2025-10-12 18:15:00-05:00,2025-10-12 23:15:00+00:00,2025-10-12 18:30:00-05:00,2025-10-12 23:30:00+00:00,PRCRK_RN,Resource Node,REAL_TIME_15_MIN,113.49
2025-10-12 18:30:00-05:00,2025-10-12 23:30:00+00:00,2025-10-12 18:45:00-05:00,2025-10-12 23:45:00+00:00,CR_RN,Resource Node,REAL_TIME_15_MIN,204.88
2025-10-12 18:30:00-05:00,2025-10-12 23:30:00+00:00,2025-10-12 18:45:00-05:00,2025-10-12 23:45:00+00:00,P2_DGR2_RN,Resource Node,REAL_TIME_15_MIN,204.88
2025-10-12 18:30:00-05:00,2025-10-12 23:30:00+00:00,2025-10-12 18:45:00-05:00,2025-10-12 23:45:00+00:00,PRCRK_RN,Resource Node,REAL_TIME_15_MIN,204.88
2025-10-12 18:45:00-05:00,2025-10-12 23:45:00+00:00,2025-10-12 19:00:00-05:00,2025-10-13 00:00:00+00:00,CR_RN,Resource Node,REAL_TIME_15_MIN,196.61
2025-10-12 18:45:00-05:00,2025-10-12 23:45:00+00:00,2025-10-12 19:00:00-05:00,2025-10-13 00:00:00+00:00,P2_DGR2_RN,Resource Node,REAL_TIME_15_MIN,196.61
2025-10-12 18:45:00-05:00,2025-10-12 23:45:00+00:00,2025-10-12 19:00:00-05:00,2025-10-13 00:00:00+00:00,PRCRK_RN,Resource Node,REAL_TIME_15_MIN,196.61
2025-10-12 19:00:00-05:00,2025-10-13 00:00:00+00:00,2025-10-12 19:15:00-05:00,2025-10-13 00:15:00+00:00,CR_RN,Resource Node,REAL_TIME_15_MIN,174.88
2025-10-12 19:00:00-05:00,2025-10-13 00:00:00+00:00,2025-10-12 19:15:00-05:00,2025-10-13 00:15:00+00:00,P2_DGR2_RN,Resource Node,REAL_TIME_15_MIN,174.88
2025-10-12 19:00:00-05:00,2025-10-13 00:00:00+00:00,2025-10-12 19:15:00-05:00,2025-10-13 00:15:00+00:00,PRCRK_RN,Resource Node,REAL_TIME_15_MIN,174.88
2025-10-12 19:15:00-05:00,2025-10-13 00:15:00+00:00,2025-10-12 19:30:00-05:00,2025-10-13 00:30:00+00:00,CR_RN,Resource Node,REAL_TIME_15_MIN,159.13
2025-10-12 19:15:00-05:00,2025-10-13 00:15:00+00:00,2025-10-12 19:30:00-05:00,2025-10-13 00:30:00+00:00,P2_DGR2_RN,Resource Node,REAL_TIME_15_MIN,159.13
2025-10-12 19:15:00-05:00,2025-10-13 00:15:00+00:00,2025-10-12 19:30:00-05:00,2025-10-13 00:30:00+00:00,PRCRK_RN,Resource Node,REAL_TIME_15_MIN,159.13
2025-10-12 19:30:00-05:00,2025-10-13 00:30:00+00:00,2025-10-12 19:45:00-05:00,2025-10-13 00:45:00+00:00,CR_RN,Resource Node,REAL_TIME_15_MIN,132.74
2025-10-12 19:30:00-05:00,2025-10-13 00:30:00+00:00,2025-10-12 19:45:00-05:00,2025-10-13 00:45:00+00:00,P2_DGR2_RN,Resource Node,REAL_TIME_15_MIN,132.74
2025-10-12 19:30:00-05:00,2025-10-13 00:30:00+00:00,2025-10-12 19:45:00-05:00,2025-10-13 00:45:00+00:00,PRCRK_RN,Resource Node,REAL_TIME_15_MIN,132.74
2025-10-12 19:45:00-05:00,2025-10-13 00:45:00+00:00,2025-10-12 20:00:00-05:00,2025-10-13 01:00:00+00:00,CR_RN,Resource Node,REAL_TIME_15_MIN,126.25
2025-10-12 19:45:00-05:00,2025-10-13 00:45:00+00:00,2025-10-12 20:00:00-05:00,2025-10-13 01:00:00+00:00,P2_DGR2_RN,Resource Node,REAL_TIME_15_MIN,126.25
2025-10-12 19:45:00-05:00,2025-10-13 00:45:00+00:00,2025-10-12 20:00:00-05:00,2025-10-13 01:00:00+00:00,PRCRK_RN,Resource Node,REAL_TIME_15_MIN,126.25
2025-10-12 20:00:00-05:00,2025-10-13 01:00:00+00:00,2025-10-12 20:15:00-05:00,2025-10-13 01:15:00+00:00,CR_RN,Resource Node,REAL_TIME_15_MIN,290.02
2025-10-12 20:00:00-05:00,2025-10-13 01:00:00+00:00,2025-10-12 20:15:00-05:00,2025-10-13 01:15:00+00:00,P2_DGR2_RN,Resource Node,REAL_TIME_15_MIN,290.02
2025-10-12 20:00:00-05:00,2025-10-13 01:00:00+00:00,2025-10-12 20:15:00-05:00,2025-10-13 01:15:00+00:00,PRCRK_RN,Resource Node,REAL_TIME_15_MIN,290.02
2025-10-12 20:15:00-05:00,2025-10-13 01:15:00+00:00,2025-10-12 20:30:00-05:00,2025-10-13 01:30:00+00:00,CR_RN,Resource Node,REAL_TIME_15_MIN,139.34
2025-10-12 20:15:00-05:00,2025-10-13 01:15:00+00:00,2025-10-12 20:30:00-05:00,2025-10-13 01:30:00+00:00,P2_DGR2_RN,Resource Node,REAL_TIME_15_MIN,139.34
2025-10-12 20:15:00-05:00,2025-10-13 01:15:00+00:00,2025-10-12 20:30:00-05:00,2025-10-13 01:30:00+00:00,PRCRK_RN,Resource Node,REAL_TIME_15_MIN,139.34
2025-10-12 20:30:00-05:00,2025-10-13 01:30:00+00:00,2025-10-12 20:45:00-05:00,2025-10-13 01:45:00+00:00,CR_RN,Resource Node,REAL_TIME_15_MIN,72.08
2025-10-12 20:30:00-05:00,2025-10-13 01:30:00+00:00,2025-10-12 20:45:00-05:00,2025-10-13 01:45:00+00:00,P2_DGR2_RN,Resource Node,REAL_TIME_15_MIN,72.08
2025-10-12 20:30:00-05:00,2025-10-13 01:30:00+00:00,2025-10-12 20:45:00-05:00,2025-10-13 01:45:00+00:00,PRCRK_RN,Resource Node,REAL_TIME_15_MIN,72.08
2025-10-12 20:45:00-05:00,2025-10-13 01:45:00+00:00,2025-10-12 21:00:00-05:00,2025-10-13 02:00:00+00:00,CR_RN,Resource Node,REAL_TIME_15_MIN,76.5
2025-10-12 20:45:00-05:00,2025-10-13 01:45:00+00:00,2025-10-12 21:00:00-05:00,2025-10-13 02:00:00+00:00,P2_DGR2_RN,Resource Node,REAL_TIME_15_MIN,76.5
2025-10-12 20:45:00-05:00,2025-10-13 01:45:00+00:00,2025-10-12 21:00:00-05:00,2025-10-13 02:00:00+00:00,PRCRK_RN,Resource Node,REAL_TIME_15_MIN,76.5
2025-10-12 21:00:00-05:00,2025-10-13 02:00:00+00:00,2025-10-12 21:15:00-05:00,2025-10-13 02:15:00+00:00,CR_RN,Resource Node,REAL_TIME_15_MIN,82.38
2025-10-12 21:00:00-05:00,2025-10-13 02:00:00+00:00,2025-10-12 21:15:00-05:00,2025-10-13 02:15:00+00:00,P2_DGR2_RN,Resource Node,REAL_TIME_15_MIN,82.38
2025-10-12 21:00:00-05:00,2025-10-13 02:00:00+00:00,2025-10-12 21:15:00-05:00,2025-10-13 02:15:00+00:00,PRCRK_RN,Resource Node,REAL_TIME_15_MIN,82.38
2025-10-12 21:15:00-05:00,2025-10-13 02:15:00+00:00,2025-10-12 21:30:00-05:00,2025-10-13 02:30:00+00:00,CR_RN,Resource Node,REAL_TIME_15_MIN,74.16
2025-10-12 21:15:00-05:00,2025-10-13 02:15:00+00:00,2025-10-12 21:30:00-05:00,2025-10-13 02:30:00+00:00,P2_DGR2_RN,Resource Node,REAL_TIME_15_MIN,75.03
2025-10-12 21:15:00-05:00,2025-10-13 02:15:00+00:00,2025-10-12 21:30:00-05:00,2025-10-13 02:30:00+00:00,PRCRK_RN,Resource Node,REAL_TIME_15_MIN,73.49
2025-10-12 21:30:00-05:00,2025-10-13 02:30:00+00:00,2025-10-12 21:45:00-05:00,2025-10-13 02:45:00+00:00,CR_RN,Resource Node,REAL_TIME_15_MIN,49.69
2025-10-12 21:30:00-05:00,2025-10-13 02:30:00+00:00,2025-10-12 21:45:00-05:00,2025-10-13 02:45:00+00:00,P2_DGR2_RN,Resource Node,REAL_TIME_15_MIN,49.72
2025-10-12 21:30:00-05:00,2025-10-13 02:30:00+00:00,2025-10-12 21:45:00-05:00,2025-10-13 02:45:00+00:00,PRCRK_RN,Resource Node,REAL_TIME_15_MIN,49.66
2025-10-12 21:45:00-05:00,2025-10-13 02:45:00+00:00,2025-10-12 22:00:00-05:00,2025-10-13 03:00:00+00:00,CR_RN,Resource Node,REAL_TIME_15_MIN,45.6
2025-10-12 21:45:00-05:00,2025-10-13 02:45:00+00:00,2025-10-12 22:00:00-05:00,2025-10-13 03:00:00+00:00,P2_DGR2_RN,Resource Node,REAL_TIME_15_MIN,47.97
2025-10-12 21:45:00-05:00,2025-10-13 02:45:00+00:00,2025-10-12 22:00:00-05:00,2025-10-13 03:00:00+00:00,PRCRK_RN,Resource Node,REAL_TIME_15_MIN,43.77
2025-10-12 22:00:00-05:00,2025-10-13 03:00:00+00:00,2025-10-12 22:15:00-05:00,2025-10-13 03:15:00+00:00,CR_RN,Resource Node,REAL_TIME_15_MIN,38.65
2025-10-12 22:00:00-05:00,2025-10-13 03:00:00+00:00,2025-10-12 22:15:00-05:00,2025-10-13 03:15:00+00:00,P2_DGR2_RN,Resource Node,REAL_TIME_15_MIN,41.58
2025-10-12 22:00:00-05:00,2025-10-13 03:00:00+00:00,2025-10-12 22:15:00-05:00,2025-10-13 03:15:00+00:00,PRCRK_RN,Resource Node,REAL_TIME_15_MIN,36.4
2025-10-12 22:15:00-05:00,2025-10-13 03:15:00+00:00,2025-10-12 22:30:00-05:00,2025-10-13 03:30:00+00:00,CR_RN,Resource Node,REAL_TIME_15_MIN,35.84
2025-10-12 22:15:00-05:00,2025-10-13 03:15:00+00:00,2025-10-12 22:30:00-05:00,2025-10-13 03:30:00+00:00,P2_DGR2_RN,Resource Node,REAL_TIME_15_MIN,40.11
2025-10-12 22:15:00-05:00,2025-10-13 03:15:00+00:00,2025-10-12 22:30:00-05:00,2025-10-13 03:30:00+00:00,PRCRK_RN,Resource Node,REAL_TIME_15_MIN,32.55
2025-10-12 22:30:00-05:00,2025-10-13 03:30:00+00:00,2025-10-12 22:45:00-05:00,2025-10-13 03:45:00+00:00,CR_RN,Resource Node,REAL_TIME_15_MIN,34.28
2025-10-12 22:30:00-05:00,2025-10-13 03:30:00+00:00,2025-10-12 22:45:00-05:00,2025-10-13 03:45:00+00:00,P2_DGR2_RN,Resource Node,REAL_TIME_15_MIN,38.8
2025-10-12 22:30:00-05:00,2025-10-13 03:30:00+00:00,2025-10-12 22:45:00-05:00,2025-10-13 03:45:00+00:00,PRCRK_RN,Resource Node,REAL_TIME_15_MIN,30.77
2025-10-12 22:45:00-05:00,2025-10-13 03:45:00+00:00,2025-10-12 23:00:00-05:00,2025-10-13 04:00:00+00:00,CR_RN,Resource Node,REAL_TIME_15_MIN,32.63
2025-10-12 22:45:00-05:00,2025-10-13 03:45:00+00:00,2025-10-12 23:00:00-05:00,2025-10-13 04:00:00+00:00,P2_DGR2_RN,Resource Node,REAL_TIME_15_MIN,37.61
2025-10-12 22:45:00-05:00,2025-10-13 03:45:00+00:00,2025-10-12 23:00:00-05:00,2025-10-13 04:00:00+00:00,PRCRK_RN,Resource Node,REAL_TIME_15_MIN,28.75
2025-10-12 23:00:00-05:00,2025-10-13 04:00:00+00:00,2025-10-12 23:15:00-05:00,2025-10-13 04:15:00+00:00,CR_RN,Resource Node,REAL_TIME_15_MIN,35.33
2025-10-12 23:00:00-05:00,2025-10-13 04:00:00+00:00,2025-10-12 23:15:00-05:00,2025-10-13 04:15:00+00:00,P2_DGR2_RN,Resource Node,REAL_TIME_15_MIN,41.07
2025-10-12 23:00:00-05:00,2025-10-13 04:00:00+00:00,2025-10-12 23:15:00-05:00,2025-10-13 04:15:00+00:00,PRCRK_RN,Resource Node,REAL_TIME_15_MIN,30.91
2025-10-12 23:15:00-05:00,2025-10-13 04:15:00+00:00,2025-10-12 23:30:00-05:00,2025-10-13 04:30:00+00:00,CR_RN,Resource Node,REAL_TIME_15_MIN,38.12
2025-10-12 23:15:00-05:00,2025-10-13 04:15:00+00:00,2025-10-12 23:30:00-05:00,2025-10-13 04:30:00+00:00,P2_DGR2_RN,Resource Node,REAL_TIME_15_MIN,42.71
2025-10-12 23:15:00-05:00,2025-10-13 04:15:00+00:00,2025-10-12 23:30:00-05:00,2025-10-13 04:30:00+00:00,PRCRK_RN,Resource Node,REAL_TIME_15_MIN,34.54
2025-10-12 23:30:00-05:00,2025-10-13 04:30:00+00:00,2025-10-12 23:45:00-05:00,2025-10-13 04:45:00+00:00,CR_RN,Resource Node,REAL_TIME_15_MIN,35.43
2025-10-12 23:30:00-05:00,2025-10-13 04:30:00+00:00,2025-10-12 23:45:00-05:00,2025-10-13 04:45:00+00:00,P2_DGR2_RN,Resource Node,REAL_TIME_15_MIN,38.17
2025-10-12 23:30:00-05:00,2025-10-13 04:30:00+00:00,2025-10-12 23:45:00-05:00,2025-10-13 04:45:00+00:00,PRCRK_RN,Resource Node,REAL_TIME_15_MIN,33.29
2025-10-12 23:45:00-05:00,2025-10-13 04:45:00+00:00,2025-10-13 00:00:00-05:00,2025-10-13 05:00:00+00:00,CR_RN,Resource Node,REAL_TIME_15_MIN,30.37
2025-10-12 23:45:00-05:00,2025-10-13 04:45:00+00:00,2025-10-13 00:00:00-05:00,2025-10-13 05:00:00+00:00,P2_DGR2_RN,Resource Node,REAL_TIME_15_MIN,31.35
2025-10-12 23:45:00-05:00,2025-10-13 04:45:00+00:00,2025-10-13 00:00:00-05:00,2025-10-13 05:00:00+00:00,PRCRK_RN,Resource Node,REAL_TIME_15_MIN,29.65
2025-10-12 00:00:00-05:00,2025-10-12 05:00:00+00:00,2025-10-12 00:15:00-05:00,2025-10-12 05:15:00+00:00,AUSTPL_ALL,Resource Node,REAL_TIME_15_MIN,22.31
2025-10-12 00:00:00-05:00,2025-10-12 05:00:00+00:00,2025-10-12 00:15:00-05:00,2025-10-12 05:15:00+00:00,HLSES_UNIT5,Resource Node,REAL_TIME_15_MIN,26.21
2025-10-12 00:00:00-05:00,2025-10-12 05:00:00+00:00,2025-10-12 00:15:00-05:00,2025-10-12 05:15:00+00:00,ODESW_RN,Resource Node,REAL_TIME_15_MIN,6.55
2025-10-12 00:15:00-05:00,2025-10-12 05:15:00+00:00,2025-10-12 00:30:00-05:00,2025-10-12 05:30:00+00:00,AUSTPL_ALL,Resource Node,REAL_TIME_15_MIN,22.95
2025-10-12 00:15:00-05:00,2025-10-12 05:15:00+00:00,2025-10-12 00:30:00-05:00,2025-10-12 05:30:00+00:00,HLSES_UNIT5,Resource Node,REAL_TIME_15_MIN,25.41
2025-10-12 00:15:00-05:00,2025-10-12 05:15:00+00:00,2025-10-12 00:30:00-05:00,2025-10-12 05:30:00+00:00,ODESW_RN,Resource Node,REAL_TIME_15_MIN,8.66
2025-10-12 00:30:00-05:00,2025-10-12 05:30:00+00:00,2025-10-12 00:45:00-05:00,2025-10-12 05:45:00+00:00,AUSTPL_ALL,Resource Node,REAL_TIME_15_MIN,22.9
2025-10-12 00:30:00-05:00,2025-10-12 05:30:00+00:00,2025-10-12 00:45:00-05:00,2025-10-12 05:45:00+00:00,HLSES_UNIT5,Resource Node,REAL_TIME_15_MIN,23.49
2025-10-12 00:30:00-05:00,2025-10-12 05:30:00+00:00,2025-10-12 00:45:00-05:00,2025-10-12 05:45:00+00:00,ODESW_RN,Resource Node,REAL_TIME_15_MIN,5.72
2025-10-12 00:45:00-05:00,2025-10-12 05:45:00+00:00,2025-10-12 01:00:00-05:00,2025-10-12 06:00:00+00:00,AUSTPL_ALL,Resource Node,REAL_TIME_15_MIN,22.29
2025-10-12 00:45:00-05:00,2025-10-12 05:45:00+00:00,2025-10-12 01:00:00-05:00,2025-10-12 06:00:00+00:00,HLSES_UNIT5,Resource Node,REAL_TIME_15_MIN,22.19
2025-10-12 00:45:00-05:00,2025-10-12 05:45:00+00:00,2025-10-12 01:00:00-05:00,2025-10-12 06:00:00+00:00,ODESW_RN,Resource Node,REAL_TIME_15_MIN,4.63
2025-10-12 01:00:00-05:00,2025-10-12 06:00:00+00:00,2025-10-12 01:15:00-05:00,2025-10-12 06:15:00+00:00,AUSTPL_ALL,Resource Node,REAL_TIME_15_MIN,20.32
2025-10-12 01:00:00-05:00,2025-10-12 06:00:00+00:00,2025-10-12 01:15:00-05:00,2025-10-12 06:15:00+00:00,HLSES_UNIT5,Resource Node,REAL_TIME_15_MIN,22.52
2025-10-12 01:00:00-05:00,2025-10-12 06:00:00+00:00,2025-10-12 01:15:00-05:00,2025-10-12 06:15:00+00:00,ODESW_RN,Resource Node,REAL_TIME_15_MIN,3.61
2025-10-12 01:15:00-05:00,2025-10-12 06:15:00+00:00,2025-10-12 01:30:00-05:00,2025-10-12 06:30:00+00:00,AUSTPL_ALL,Resource Node,REAL_TIME_15_MIN,19.05
2025-10-12 01:15:00-05:00,2025-10-12 06:15:00+00:00,2025-10-12 01:30:00-05:00,2025-10-12 06:30:00+00:00,HLSES_UNIT5,Resource Node,REAL_TIME_15_MIN,18.26
2025-10-12 01:15:00-05:00,2025-10-12 06:15:00+00:00,2025-10-12 01:30:00-05:00,2025-10-12 06:30:00+00:00,ODESW_RN,Resource Node,REAL_TIME_15_MIN,3.03
2025-10-12 01:30:00-05:00,2025-10-12 06:30:00+00:00,2025-10-12 01:45:00-05:00,2025-10-12 06:45:00+00:00,AUSTPL_ALL,Resource Node,REAL_TIME_15_MIN,19.14
2025-10-12 01:30:00-05:00,2025-10-12 06:30:00+00:00,2025-10-12 01:45:00-05:00,2025-10-12 06:45:00+00:00,HLSES_UNIT5,Resource Node,REAL_TIME_15_MIN,18.98
2025-10-12 01:30:00-05:00,2025-10-12 06:30:00+00:00,2025-10-12 01:45:00-05:00,2025-10-12 06:45:00+00:00,ODESW_RN,Resource Node,REAL_TIME_15_MIN,3.28
2025-10-12 01:45:00-05:00,2025-10-12 06:45:00+00:00,2025-10-12 02:00:00-05:00,2025-10-12 07:00:00+00:00,AUSTPL_ALL,Resource Node,REAL_TIME_15_MIN,19.41
2025-10-12 01:45:00-05:00,2025-10-12 06:45:00+00:00,2025-10-12 02:00:00-05:00,2025-10-12 07:00:00+00:00,HLSES_UNIT5,Resource Node,REAL_TIME_15_MIN,19.21
2025-10-12 01:45:00-05:00,2025-10-12 06:45:00+00:00,2025-10-12 02:00:00-05:00,2025-10-12 07:00:00+00:00,ODESW_RN,Resource Node,REAL_TIME_15_MIN,3.55
2025-10-12 02:00:00-05:00,2025-10-12 07:00:00+00:00,2025-10-12 02:15:00-05:00,2025-10-12 07:15:00+00:00,AUSTPL_ALL,Resource Node,REAL_TIME_15_MIN,19.06
2025-10-12 02:00:00-05:00,2025-10-12 07:00:00+00:00,2025-10-12 02:15:00-05:00,2025-10-12 07:15:00+00:00,HLSES_UNIT5,Resource Node,REAL_TIME_15_MIN,19.42
2025-10-12 02:00:00-05:00,2025-10-12 07:00:00+00:00,2025-10-12 02:15:00-05:00,2025-10-12 07:15:00+00:00,ODESW_RN,Resource Node,REAL_TIME_15_MIN,4.38
2025-10-12 02:15:00-05:00,2025-10-12 07:15:00+00:00,2025-10-12 02:30:00-05:00,2025-10-12 07:30:00+00:00,AUSTPL_ALL,Resource Node,REAL_TIME_15_MIN,18.01
2025-10-12 02:15:00-05:00,2025-10-12 07:15:00+00:00,2025-10-12 02:30:00-05:00,2025-10-12 07:30:00+00:00,HLSES_UNIT5,Resource Node,REAL_TIME_15_MIN,18.22
2025-10-12 02:15:00-05:00,2025-10-12 07:15:00+00:00,2025-10-12 02:30:00-05:00,2025-10-12 07:30:00+00:00,ODESW_RN,Resource Node,REAL_TIME_15_MIN,3.37
2025-10-12 02:30:00-05:00,2025-10-12 07:30:00+00:00,2025-10-12 02:45:00-05:00,2025-10-12 07:45:00+00:00,AUSTPL_ALL,Resource Node,REAL_TIME_15_MIN,17.55
2025-10-12 02:30:00-05:00,2025-10-12 07:30:00+00:00,2025-10-12 02:45:00-05:00,2025-10-12 07:45:00+00:00,HLSES_UNIT5,Resource Node,REAL_TIME_15_MIN,18.25
2025-10-12 02:30:00-05:00,2025-10-12 07:30:00+00:00,2025-10-12 02:45:00-05:00,2025-10-12 07:45:00+00:00,ODESW_RN,Resource Node,REAL_TIME_15_MIN,3.07
2025-10-12 02:45:00-05:00,2025-10-12 07:45:00+00:00,2025-10-12 03:00:00-05:00,2025-10-12 08:00:00+00:00,AUSTPL_ALL,Resource Node,REAL_TIME_15_MIN,17.09
2025-10-12 02:45:00-05:00,2025-10-12 07:45:00+00:00,2025-10-12 03:00:00-05:00,2025-10-12 08:00:00+00:00,HLSES_UNIT5,Resource Node,REAL_TIME_15_MIN,17.6
2025-10-12 02:45:00-05:00,2025-10-12 07:45:00+00:00,2025-10-12 03:00:00-05:00,2025-10-12 08:00:00+00:00,ODESW_RN,Resource Node,REAL_TIME_15_MIN,3.09
2025-10-12 03:00:00-05:00,2025-10-12 08:00:00+00:00,2025-10-12 03:15:00-05:00,2025-10-12 08:15:00+00:00,AUSTPL_ALL,Resource Node,REAL_TIME_15_MIN,17.2
2025-10-12 03:00:00-05:00,2025-10-12 08:00:00+00:00,2025-10-12 03:15:00-05:00,2025-10-12 08:15:00+00:00,HLSES_UNIT5,Resource Node,REAL_TIME_15_MIN,17.8
2025-10-12 03:00:00-05:00,2025-10-12 08:00:00+00:00,2025-10-12 03:15:00-05:00,2025-10-12 08:15:00+00:00,ODESW_RN,Resource Node,REAL_TIME_15_MIN,3.07
2025-10-12 03:15:00-05:00,2025-10-12 08:15:00+00:00,2025-10-12 03:30:00-05:00,2025-10-12 08:30:00+00:00,AUSTPL_ALL,Resource Node,REAL_TIME_15_MIN,16.96
2025-10-12 03:15:00-05:00,2025-10-12 08:15:00+00:00,2025-10-12 03:30:00-05:00,2025-10-12 08:30:00+00:00,HLSES_UNIT5,Resource Node,REAL_TIME_15_MIN,17.44
2025-10-12 03:15:00-05:00,2025-10-12 08:15:00+00:00,2025-10-12 03:30:00-05:00,2025-10-12 08:30:00+00:00,ODESW_RN,Resource Node,REAL_TIME_15_MIN,2.98
2025-10-12 03:30:00-05:00,2025-10-12 08:30:00+00:00,2025-10-12 03:45:00-05:00,2025-10-12 08:45:00+00:00,AUSTPL_ALL,Resource Node,REAL_TIME_15_MIN,16.82
2025-10-12 03:30:00-05:00,2025-10-12 08:30:00+00:00,2025-10-12 03:45:00-05:00,2025-10-12 08:45:00+00:00,HLSES_UNIT5,Resource Node,REAL_TIME_15_MIN,17.44
2025-10-12 03:30:00-05:00,2025-10-12 08:30:00+00:00,2025-10-12 03:45:00-05:00,2025-10-12 08:45:00+00:00,ODESW_RN,Resource Node,REAL_TIME_15_MIN,10.55
2025-10-12 03:45:00-05:00,2025-10-12 08:45:00+00:00,2025-10-12 04:00:00-05:00,2025-10-12 09:00:00+00:00,AUSTPL_ALL,Resource Node,REAL_TIME_15_MIN,16.86
2025-10-12 03:45:00-05:00,2025-10-12 08:45:00+00:00,2025-10-12 04:00:00-05:00,2025-10-12 09:00:00+00:00,HLSES_UNIT5,Resource Node,REAL_TIME_15_MIN,17.58
2025-10-12 03:45:00-05:00,2025-10-12 08:45:00+00:00,2025-10-12 04:00:00-05:00,2025-10-12 09:00:00+00:00,ODESW_RN,Resource Node,REAL_TIME_15_MIN,19.77
2025-10-12 04:00:00-05:00,2025-10-12 09:00:00+00:00,2025-10-12 04:15:00-05:00,2025-10-12 09:15:00+00:00,AUSTPL_ALL,Resource Node,REAL_TIME_15_MIN,17.17
2025-10-12 04:00:00-05:00,2025-10-12 09:00:00+00:00,2025-10-12 04:15:00-05:00,2025-10-12 09:15:00+00:00,HLSES_UNIT5,Resource Node,REAL_TIME_15_MIN,17.38
2025-10-12 04:00:00-05:00,2025-10-12 09:00:00+00:00,2025-10-12 04:15:00-05:00,2025-10-12 09:15:00+00:00,ODESW_RN,Resource Node,REAL_TIME_15_MIN,16.76
2025-10-12 04:15:00-05:00,2025-10-12 09:15:00+00:00,2025-10-12 04:30:00-05:00,2025-10-12 09:30:00+00:00,AUSTPL_ALL,Resource Node,REAL_TIME_15_MIN,16.55
2025-10-12 04:15:00-05:00,2025-10-12 09:15:00+00:00,2025-10-12 04:30:00-05:00,2025-10-12 09:30:00+00:00,HLSES_UNIT5,Resource Node,REAL_TIME_15_MIN,17.19
2025-10-12 04:15:00-05:00,2025-10-12 09:15:00+00:00,2025-10-12 04:30:00-05:00,2025-10-12 09:30:00+00:00,ODESW_RN,Resource Node,REAL_TIME_15_MIN,15.93
2025-10-12 04:30:00-05:00,2025-10-12 09:30:00+00:00,2025-10-12 04:45:00-05:00,2025-10-12 09:45:00+00:00,AUSTPL_ALL,Resource Node,REAL_TIME_15_MIN,16.43
2025-10-12 04:30:00-05:00,2025-10-12 09:30:00+00:00,2025-10-12 04:45:00-05:00,2025-10-12 09:45:00+00:00,HLSES_UNIT5,Resource Node,REAL_TIME_15_MIN,17.49
2025-10-12 04:30:00-05:00,2025-10-12 09:30:00+00:00,2025-10-12 04:45:00-05:00,2025-10-12 09:45:00+00:00,ODESW_RN,Resource Node,REAL_TIME_15_MIN,13.61
2025-10-12 04:45:00-05:00,2025-10-12 09:45:00+00:00,2025-10-12 05:00:00-05:00,2025-10-12 10:00:00+00:00,AUSTPL_ALL,Resource Node,REAL_TIME_15_MIN,16.28
2025-10-12 04:45:00-05:00,2025-10-12 09:45:00+00:00,2025-10-12 05:00:00-05:00,2025-10-12 10:00:00+00:00,HLSES_UNIT5,Resource Node,REAL_TIME_15_MIN,16.82
2025-10-12 04:45:00-05:00,2025-10-12 09:45:00+00:00,2025-10-12 05:00:00-05:00,2025-10-12 10:00:00+00:00,ODESW_RN,Resource Node,REAL_TIME_15_MIN,16.97
2025-10-12 05:00:00-05:00,2025-10-12 10:00:00+00:00,2025-10-12 05:15:00-05:00,2025-10-12 10:15:00+00:00,AUSTPL_ALL,Resource Node,REAL_TIME_15_MIN,16.57
2025-10-12 05:00:00-05:00,2025-10-12 10:00:00+00:00,2025-10-12 05:15:00-05:00,2025-10-12 10:15:00+00:00,HLSES_UNIT5,Resource Node,REAL_TIME_15_MIN,17.14
2025-10-12 05:00:00-05:00,2025-10-12 10:00:00+00:00,2025-10-12 05:15:00-05:00,2025-10-12 10:15:00+00:00,ODESW_RN,Resource Node,REAL_TIME_15_MIN,18.29
2025-10-12 05:15:00-05:00,2025-10-12 10:15:00+00:00,2025-10-12 05:30:00-05:00,2025-10-12 10:30:00+00:00,AUSTPL_ALL,Resource Node,REAL_TIME_15_MIN,16.17
2025-10-12 05:15:00-05:00,2025-10-12 10:15:00+00:00,2025-10-12 05:30:00-05:00,2025-10-12 10:30:00+00:00,HLSES_UNIT5,Resource Node,REAL_TIME_15_MIN,17.22
2025-10-12 05:15:00-05:00,2025-10-12 10:15:00+00:00,2025-10-12 05:30:00-05:00,2025-10-12 10:30:00+00:00,ODESW_RN,Resource Node,REAL_TIME_15_MIN,21.37
2025-10-12 05:30:00-05:00,2025-10-12 10:30:00+00:00,2025-10-12 05:45:00-05:00,2025-10-12 10:45:00+00:00,AUSTPL_ALL,Resource Node,REAL_TIME_15_MIN,16.13
2025-10-12 05:30:00-05:00,2025-10-12 10:30:00+00:00,2025-10-12 05:45:00-05:00,2025-10-12 10:45:00+00:00,HLSES_UNIT5,Resource Node,REAL_TIME_15_MIN,16.96
2025-10-12 05:30:00-05:00,2025-10-12 10:30:00+00:00,2025-10-12 05:45:00-05:00,2025-10-12 10:45:00+00:00,ODESW_RN,Resource Node,REAL_TIME_15_MIN,17.69
2025-10-12 05:45:00-05:00,2025-10-12 10:45:00+00:00,2025-10-12 06:00:00-05:00,2025-10-12 11:00:00+00:00,AUSTPL_ALL,Resource Node,REAL_TIME_15_MIN,16.4
2025-10-12 05:45:00-05:00,2025-10-12 10:45:00+00:00,2025-10-12 06:00:00-05:00,2025-10-12 11:00:00+00:00,HLSES_UNIT5,Resource Node,REAL_TIME_15_MIN,16.67
2025-10-12 05:45:00-05:00,2025-10-12 10:45:00+00:00,2025-10-12 06:00:00-05:00,2025-10-12 11:00:00+00:00,ODESW_RN,Resource Node,REAL_TIME_15_MIN,13.44
2025-10-12 06:00:00-05:00,2025-10-12 11:00:00+00:00,2025-10-12 06:15:00-05:00,2025-10-12 11:15:00+00:00,AUSTPL_ALL,Resource Node,REAL_TIME_15_MIN,16.18
2025-10-12 06:00:00-05:00,2025-10-12 11:00:00+00:00,2025-10-12 06:15:00-05:00,2025-10-12 11:15:00+00:00,HLSES_UNIT5,Resource Node,REAL_TIME_15_MIN,16.97
2025-10-12 06:00:00-05:00,2025-10-12 11:00:00+00:00,2025-10-12 06:15:00-05:00,2025-10-12 11:15:00+00:00,ODESW_RN,Resource Node,REAL_TIME_15_MIN,18.98
2025-10-12 06:15:00-05:00,2025-10-12 11:15:00+00:00,2025-10-12 06:30:00-05:00,2025-10-12 11:30:00+00:00,AUSTPL_ALL,Resource Node,REAL_TIME_15_MIN,16.38
2025-10-12 06:15:00-05:00,2025-10-12 11:15:00+00:00,2025-10-12 06:30:00-05:00,2025-10-12 11:30:00+00:00,HLSES_UNIT5,Resource Node,REAL_TIME_15_MIN,17.33
2025-10-12 06:15:00-05:00,2025-10-12 11:15:00+00:00,2025-10-12 06:30:00-05:00,2025-10-12 11:30:00+00:00,ODESW_RN,Resource Node,REAL_TIME_15_MIN,20.49
2025-10-12 06:30:00-05:00,2025-10-12 11:30:00+00:00,2025-10-12 06:45:00-05:00,2025-10-12 11:45:00+00:00,AUSTPL_ALL,Resource Node,REAL_TIME_15_MIN,16.5
2025-10-12 06:30:00-05:00,2025-10-12 11:30:00+00:00,2025-10-12 06:45:00-05:00,2025-10-12 11:45:00+00:00,HLSES_UNIT5,Resource Node,REAL_TIME_15_MIN,17.36
2025-10-12 06:30:00-05:00,2025-10-12 11:30:00+00:00,2025-10-12 06:45:00-05:00,2025-10-12 11:45:00+00:00,ODESW_RN,Resource Node,REAL_TIME_15_MIN,25.17
2025-10-12 06:45:00-05:00,2025-10-12 11:45:00+00:00,2025-10-12 07:00:00-05:00,2025-10-12 12:00:00+00:00,AUSTPL_ALL,Resource Node,REAL_TIME_15_MIN,16.5
2025-10-12 06:45:00-05:00,2025-10-12 11:45:00+00:00,2025-10-12 07:00:00-05:00,2025-10-12 12:00:00+00:00,HLSES_UNIT5,Resource Node,REAL_TIME_15_MIN,17.4
2025-10-12 06:45:00-05:00,2025-10-12 11:45:00+00:00,2025-10-12 07:00:00-05:00,2025-10-12 12:00:00+00:00,ODESW_RN,Resource Node,REAL_TIME_15_MIN,29.08
2025-10-12 07:00:00-05:00,2025-10-12 12:00:00+00:00,2025-10-12 07:15:00-05:00,2025-10-12 12:15:00+00:00,AUSTPL_ALL,Resource Node,REAL_TIME_15_MIN,18.34
2025-10-12 07:00:00-05:00,2025-10-12 12:00:00+00:00,2025-10-12 07:15:00-05:00,2025-10-12 12:15:00+00:00,HLSES_UNIT5,Resource Node,REAL_TIME_15_MIN,17.58
2025-10-12 07:00:00-05:00,2025-10-12 12:00:00+00:00,2025-10-12 07:15:00-05:00,2025-10-12 12:15:00+00:00,ODESW_RN,Resource Node,REAL_TIME_15_MIN,37.45
2025-10-12 07:15:00-05:00,2025-10-12 12:15:00+00:00,2025-10-12 07:30:00-05:00,2025-10-12 12:30:00+00:00,AUSTPL_ALL,Resource Node,REAL_TIME_15_MIN,18.23
2025-10-12 07:15:00-05:00,2025-10-12 12:15:00+00:00,2025-10-12 07:30:00-05:00,2025-10-12 12:30:00+00:00,HLSES_UNIT5,Resource Node,REAL_TIME_15_MIN,17.65
2025-10-12 07:15:00-05:00,2025-10-12 12:15:00+00:00,2025-10-12 07:30:00-05:00,2025-10-12 12:30:00+00:00,ODESW_RN,Resource Node,REAL_TIME_15_MIN,39.12
2025-10-12 07:30:00-05:00,2025-10-12 12:30:00+00:00,2025-10-12 07:45:00-05:00,2025-10-12 12:45:00+00:00,AUSTPL_ALL,Resource Node,REAL_TIME_15_MIN,18.83
2025-10-12 07:30:00-05:00,2025-10-12 12:30:00+00:00,2025-10-12 07:45:00-05:00,2025-10-12 12:45:00+00:00,HLSES_UNIT5,Resource Node,REAL_TIME_15_MIN,18.06
2025-10-12 07:30:00-05:00,2025-10-12 12:30:00+00:00,2025-10-12 07:45:00-05:00,2025-10-12 12:45:00+00:00,ODESW_RN,Resource Node,REAL_TIME_15_MIN,38.28
2025-10-12 07:45:00-05:00,2025-10-12 12:45:00+00:00,2025-10-12 08:00:00-05:00,2025-10-12 13:00:00+00:00,AUSTPL_ALL,Resource Node,REAL_TIME_15_MIN,16.96
2025-10-12 07:45:00-05:00,2025-10-12 12:45:00+00:00,2025-10-12 08:00:00-05:00,2025-10-12 13:00:00+00:00,HLSES_UNIT5,Resource Node,REAL_TIME_15_MIN,16.26
2025-10-12 07:45:00-05:00,2025-10-12 12:45:00+00:00,2025-10-12 08:00:00-05:00,2025-10-12 13:00:00+00:00,ODESW_RN,Resource Node,REAL_TIME_15_MIN,36.51
2025-10-12 08:00:00-05:00,2025-10-12 13:00:00+00:00,2025-10-12 08:15:00-05:00,2025-10-12 13:15:00+00:00,AUSTPL_ALL,Resource Node,REAL_TIME_15_MIN,15.42
2025-10-12 08:00:00-05:00,2025-10-12 13:00:00+00:00,2025-10-12 08:15:00-05:00,2025-10-12 13:15:00+00:00,HLSES_UNIT5,Resource Node,REAL_TIME_15_MIN,13.04
2025-10-12 08:00:00-05:00,2025-10-12 13:00:00+00:00,2025-10-12 08:15:00-05:00,2025-10-12 13:15:00+00:00,ODESW_RN,Resource Node,REAL_TIME_15_MIN,45.1
2025-10-12 08:15:00-05:00,2025-10-12 13:15:00+00:00,2025-10-12 08:30:00-05:00,2025-10-12 13:30:00+00:00,AUSTPL_ALL,Resource Node,REAL_TIME_15_MIN,12.86
2025-10-12 08:15:00-05:00,2025-10-12 13:15:00+00:00,2025-10-12 08:30:00-05:00,2025-10-12 13:30:00+00:00,HLSES_UNIT5,Resource Node,REAL_TIME_15_MIN,9.8
2025-10-12 08:15:00-05:00,2025-10-12 13:15:00+00:00,2025-10-12 08:30:00-05:00,2025-10-12 13:30:00+00:00,ODESW_RN,Resource Node,REAL_TIME_15_MIN,27.7
2025-10-12 08:30:00-05:00,2025-10-12 13:30:00+00:00,2025-10-12 08:45:00-05:00,2025-10-12 13:45:00+00:00,AUSTPL_ALL,Resource Node,REAL_TIME_15_MIN,9.36
2025-10-12 08:30:00-05:00,2025-10-12 13:30:00+00:00,2025-10-12 08:45:00-05:00,2025-10-12 13:45:00+00:00,HLSES_UNIT5,Resource Node,REAL_TIME_15_MIN,3.77
2025-10-12 08:30:00-05:00,2025-10-12 13:30:00+00:00,2025-10-12 08:45:00-05:00,2025-10-12 13:45:00+00:00,ODESW_RN,Resource Node,REAL_TIME_15_MIN,19.12
2025-10-12 08:45:00-05:00,2025-10-12 13:45:00+00:00,2025-10-12 09:00:00-05:00,2025-10-12 14:00:00+00:00,AUSTPL_ALL,Resource Node,REAL_TIME_15_MIN,7.21
2025-10-12 08:45:00-05:00,2025-10-12 13:45:00+00:00,2025-10-12 09:00:00-05:00,2025-10-12 14:00:00+00:00,HLSES_UNIT5,Resource Node,REAL_TIME_15_MIN,0.41
2025-10-12 08:45:00-05:00,2025-10-12 13:45:00+00:00,2025-10-12 09:00:00-05:00,2025-10-12 14:00:00+00:00,ODESW_RN,Resource Node,REAL_TIME_15_MIN,20.81
2025-10-12 09:00:00-05:00,2025-10-12 14:00:00+00:00,2025-10-12 09:15:00-05:00,2025-10-12 14:15:00+00:00,AUSTPL_ALL,Resource Node,REAL_TIME_15_MIN,2.58
2025-10-12 09:00:00-05:00,2025-10-12 14:00:00+00:00,2025-10-12 09:15:00-05:00,2025-10-12 14:15:00+00:00,HLSES_UNIT5,Resource Node,REAL_TIME_15_MIN,0.17
2025-10-12 09:00:00-05:00,2025-10-12 14:00:00+00:00,2025-10-12 09:15:00-05:00,2025-10-12 14:15:00+00:00,ODESW_RN,Resource Node,REAL_TIME_15_MIN,23.76
2025-10-12 09:15:00-05:00,2025-10-12 14:15:00+00:00,2025-10-12 09:30:00-05:00,2025-10-12 14:30:00+00:00,AUSTPL_ALL,Resource Node,REAL_TIME_15_MIN,6.77
2025-10-12 09:15:00-05:00,2025-10-12 14:15:00+00:00,2025-10-12 09:30:00-05:00,2025-10-12 14:30:00+00:00,HLSES_UNIT5,Resource Node,REAL_TIME_15_MIN,0.25
2025-10-12 09:15:00-05:00,2025-10-12 14:15:00+00:00,2025-10-12 09:30:00-05:00,2025-10-12 14:30:00+00:00,ODESW_RN,Resource Node,REAL_TIME_15_MIN,27.63
2025-10-12 09:30:00-05:00,2025-10-12 14:30:00+00:00,2025-10-12 09:45:00-05:00,2025-10-12 14:45:00+00:00,AUSTPL_ALL,Resource Node,REAL_TIME_15_MIN,4.66
2025-10-12 09:30:00-05:00,2025-10-12 14:30:00+00:00,2025-10-12 09:45:00-05:00,2025-10-12 14:45:00+00:00,HLSES_UNIT5,Resource Node,REAL_TIME_15_MIN,0.36
2025-10-12 09:30:00-05:00,2025-10-12 14:30:00+00:00,2025-10-12 09:45:00-05:00,2025-10-12 14:45:00+00:00,ODESW_RN,Resource Node,REAL_TIME_15_MIN,24.53
2025-10-12 09:45:00-05:00,2025-10-12 14:45:00+00:00,2025-10-12 10:00:00-05:00,2025-10-12 15:00:00+00:00,AUSTPL_ALL,Resource Node,REAL_TIME_15_MIN,4.38
2025-10-12 09:45:00-05:00,2025-10-12 14:45:00+00:00,2025-10-12 10:00:00-05:00,2025-10-12 15:00:00+00:00,HLSES_UNIT5,Resource Node,REAL_TIME_15_MIN,-0.04
2025-10-12 09:45:00-05:00,2025-10-12 14:45:00+00:00,2025-10-12 10:00:00-05:00,2025-10-12 15:00:00+00:00,ODESW_RN,Resource Node,REAL_TIME_15_MIN,10.75
2025-10-12 10:00:00-05:00,2025-10-12 15:00:00+00:00,2025-10-12 10:15:00-05:00,2025-10-12 15:15:00+00:00,AUSTPL_ALL,Resource Node,REAL_TIME_15_MIN,0.72
2025-10-12 10:00:00-05:00,2025-10-12 15:00:00+00:00,2025-10-12 10:15:00-05:00,2025-10-12 15:15:00+00:00,HLSES_UNIT5,Resource Node,REAL_TIME_15_MIN,-0.64
2025-10-12 10:00:00-05:00,2025-10-12 15:00:00+00:00,2025-10-12 10:15:00-05:00,2025-10-12 15:15:00+00:00,ODESW_RN,Resource Node,REAL_TIME_15_MIN,16.86
2025-10-12 10:15:00-05:00,2025-10-12 15:15:00+00:00,2025-10-12 10:30:00-05:00,2025-10-12 15:30:00+00:00,AUSTPL_ALL,Resource Node,REAL_TIME_15_MIN,5.5
2025-10-12 10:15:00-05:00,2025-10-12 15:15:00+00:00,2025-10-12 10:30:00-05:00,2025-10-12 15:30:00+00:00,HLSES_UNIT5,Resource Node,REAL_TIME_15_MIN,-0.54
2025-10-12 10:15:00-05:00,2025-10-12 15:15:00+00:00,2025-10-12 10:30:00-05:00,2025-10-12 15:30:00+00:00,ODESW_RN,Resource Node,REAL_TIME_15_MIN,7.84
2025-10-12 10:30:00-05:00,2025-10-12 15:30:00+00:00,2025-10-12 10:45:00-05:00,2025-10-12 15:45:00+00:00,AUSTPL_ALL,Resource Node,REAL_TIME_15_MIN,9.25
2025-10-12 10:30:00-05:00,2025-10-12 15:30:00+00:00,2025-10-12 10:45:00-05:00,2025-10-12 15:45:00+00:00,HLSES_UNIT5,Resource Node,REAL_TIME_15_MIN,-0.48
2025-10-12 10:30:00-05:00,2025-10-12 15:30:00+00:00,2025-10-12 10:45:00-05:00,2025-10-12 15:45:00+00:00,ODESW_RN,Resource Node,REAL_TIME_15_MIN,15.47
2025-10-12 10:45:00-05:00,2025-10-12 15:45:00+00:00,2025-10-12 11:00:00-05:00,2025-10-12 16:00:00+00:00,AUSTPL_ALL,Resource Node,REAL_TIME_15_MIN,12.74
2025-10-12 10:45:00-05:00,2025-10-12 15:45:00+00:00,2025-10-12 11:00:00-05:00,2025-10-12 16:00:00+00:00,HLSES_UNIT5,Resource Node,REAL_TIME_15_MIN,-0.46
2025-10-12 10:45:00-05:00,2025-10-12 15:45:00+00:00,2025-10-12 11:00:00-05:00,2025-10-12 16:00:00+00:00,ODESW_RN,Resource Node,REAL_TIME_15_MIN,7.59
2025-10-12 11:00:00-05:00,2025-10-12 16:00:00+00:00,2025-10-12 11:15:00-05:00,2025-10-12 16:15:00+00:00,AUSTPL_ALL,Resource Node,REAL_TIME_15_MIN,13.7
2025-10-12 11:00:00-05:00,2025-10-12 16:00:00+00:00,2025-10-12 11:15:00-05:00,2025-10-12 16:15:00+00:00,HLSES_UNIT5,Resource Node,REAL_TIME_15_MIN,-0.14
2025-10-12 11:00:00-05:00,2025-10-12 16:00:00+00:00,2025-10-12 11:15:00-05:00,2025-10-12 16:15:00+00:00,ODESW_RN,Resource Node,REAL_TIME_15_MIN,9.49
2025-10-12 11:15:00-05:00,2025-10-12 16:15:00+00:00,2025-10-12 11:30:00-05:00,2025-10-12 16:30:00+00:00,AUSTPL_ALL,Resource Node,REAL_TIME_15_MIN,21.38
2025-10-12 11:15:00-05:00,2025-10-12 16:15:00+00:00,2025-10-12 11:30:00-05:00,2025-10-12 16:30:00+00:00,HLSES_UNIT5,Resource Node,REAL_TIME_15_MIN,1.02
2025-10-12 11:15:00-05:00,2025-10-12 16:15:00+00:00,2025-10-12 11:30:00-05:00,2025-10-12 16:30:00+00:00,ODESW_RN,Resource Node,REAL_TIME_15_MIN,16.82
2025-10-12 11:30:00-05:00,2025-10-12 16:30:00+00:00,2025-10-12 11:45:00-05:00,2025-10-12 16:45:00+00:00,AUSTPL_ALL,Resource Node,REAL_TIME_15_MIN,21.99
2025-10-12 11:30:00-05:00,2025-10-12 16:30:00+00:00,2025-10-12 11:45:00-05:00,2025-10-12 16:45:00+00:00,HLSES_UNIT5,Resource Node,REAL_TIME_15_MIN,6.24
2025-10-12 11:30:00-05:00,2025-10-12 16:30:00+00:00,2025-10-12 11:45:00-05:00,2025-10-12 16:45:00+00:00,ODESW_RN,Resource Node,REAL_TIME_15_MIN,9.14
2025-10-12 11:45:00-05:00,2025-10-12 16:45:00+00:00,2025-10-12 12:00:00-05:00,2025-10-12 17:00:00+00:00,AUSTPL_ALL,Resource Node,REAL_TIME_15_MIN,21.64
2025-10-12 11:45:00-05:00,2025-10-12 16:45:00+00:00,2025-10-12 12:00:00-05:00,2025-10-12 17:00:00+00:00,HLSES_UNIT5,Resource Node,REAL_TIME_15_MIN,10.87
2025-10-12 11:45:00-05:00,2025-10-12 16:45:00+00:00,2025-10-12 12:00:00-05:00,2025-10-12 17:00:00+00:00,ODESW_RN,Resource Node,REAL_TIME_15_MIN,1.47
2025-10-12 12:00:00-05:00,2025-10-12 17:00:00+00:00,2025-10-12 12:15:00-05:00,2025-10-12 17:15:00+00:00,AUSTPL_ALL,Resource Node,REAL_TIME_15_MIN,24.55
2025-10-12 12:00:00-05:00,2025-10-12 17:00:00+00:00,2025-10-12 12:15:00-05:00,2025-10-12 17:15:00+00:00,HLSES_UNIT5,Resource Node,REAL_TIME_15_MIN,13.73
2025-10-12 12:00:00-05:00,2025-10-12 17:00:00+00:00,2025-10-12 12:15:00-05:00,2025-10-12 17:15:00+00:00,ODESW_RN,Resource Node,REAL_TIME_15_MIN,2.17
2025-10-12 12:15:00-05:00,2025-10-12 17:15:00+00:00,2025-10-12 12:30:00-05:00,2025-10-12 17:30:00+00:00,AUSTPL_ALL,Resource Node,REAL_TIME_15_MIN,28.97
2025-10-12 12:15:00-05:00,2025-10-12 17:15:00+00:00,2025-10-12 12:30:00-05:00,2025-10-12 17:30:00+00:00,HLSES_UNIT5,Resource Node,REAL_TIME_15_MIN,20.82
2025-10-12 12:15:00-05:00,2025-10-12 17:15:00+00:00,2025-10-12 12:30:00-05:00,2025-10-12 17:30:00+00:00,ODESW_RN,Resource Node,REAL_TIME_15_MIN,5.65
2025-10-12 12:30:00-05:00,2025-10-12 17:30:00+00:00,2025-10-12 12:45:00-05:00,2025-10-12 17:45:00+00:00,AUSTPL_ALL,Resource Node,REAL_TIME_15_MIN,28.45
2025-10-12 12:30:00-05:00,2025-10-12 17:30:00+00:00,2025-10-12 12:45:00-05:00,2025-10-12 17:45:00+00:00,HLSES_UNIT5,Resource Node,REAL_TIME_15_MIN,22.6
2025-10-12 12:30:00-05:00,2025-10-12 17:30:00+00:00,2025-10-12 12:45:00-05:00,2025-10-12 17:45:00+00:00,ODESW_RN,Resource Node,REAL_TIME_15_MIN,8.47
2025-10-12 12:45:00-05:00,2025-10-12 17:45:00+00:00,2025-10-12 13:00:00-05:00,2025-10-12 18:00:00+00:00,AUSTPL_ALL,Resource Node,REAL_TIME_15_MIN,27.16
2025-10-12 12:45:00-05:00,2025-10-12 17:45:00+00:00,2025-10-12 13:00:00-05:00,2025-10-12 18:00:00+00:00,HLSES_UNIT5,Resource Node,REAL_TIME_15_MIN,31.86
2025-10-12 12:45:00-05:00,2025-10-12 17:45:00+00:00,2025-10-12 13:00:00-05:00,2025-10-12 18:00:00+00:00,ODESW_RN,Resource Node,REAL_TIME_15_MIN,16.9
2025-10-12 13:00:00-05:00,2025-10-12 18:00:00+00:00,2025-10-12 13:15:00-05:00,2025-10-12 18:15:00+00:00,AUSTPL_ALL,Resource Node,REAL_TIME_15_MIN,28.86
2025-10-12 13:00:00-05:00,2025-10-12 18:00:00+00:00,2025-10-12 13:15:00-05:00,2025-10-12 18:15:00+00:00,HLSES_UNIT5,Resource Node,REAL_TIME_15_MIN,36.01
2025-10-12 13:00:00-05:00,2025-10-12 18:00:00+00:00,2025-10-12 13:15:00-05:00,2025-10-12 18:15:00+00:00,ODESW_RN,Resource Node,REAL_TIME_15_MIN,19.25
2025-10-12 13:15:00-05:00,2025-10-12 18:15:00+00:00,2025-10-12 13:30:00-05:00,2025-10-12 18:30:00+00:00,AUSTPL_ALL,Resource Node,REAL_TIME_15_MIN,27.8
2025-10-12 13:15:00-05:00,2025-10-12 18:15:00+00:00,2025-10-12 13:30:00-05:00,2025-10-12 18:30:00+00:00,HLSES_UNIT5,Resource Node,REAL_TIME_15_MIN,46.23
2025-10-12 13:15:00-05:00,2025-10-12 18:15:00+00:00,2025-10-12 13:30:00-05:00,2025-10-12 18:30:00+00:00,ODESW_RN,Resource Node,REAL_TIME_15_MIN,26.62
2025-10-12 13:30:00-05:00,2025-10-12 18:30:00+00:00,2025-10-12 13:45:00-05:00,2025-10-12 18:45:00+00:00,AUSTPL_ALL,Resource Node,REAL_TIME_15_MIN,27.32
2025-10-12 13:30:00-05:00,2025-10-12 18:30:00+00:00,2025-10-12 13:45:00-05:00,2025-10-12 18:45:00+00:00,HLSES_UNIT5,Resource Node,REAL_TIME_15_MIN,58.26
2025-10-12 13:30:00-05:00,2025-10-12 18:30:00+00:00,2025-10-12 13:45:00-05:00,2025-10-12 18:45:00+00:00,ODESW_RN,Resource Node,REAL_TIME_15_MIN,33.06
2025-10-12 13:45:00-05:00,2025-10-12 18:45:00+00:00,2025-10-12 14:00:00-05:00,2025-10-12 19:00:00+00:00,AUSTPL_ALL,Resource Node,REAL_TIME_15_MIN,35.79
2025-10-12 13:45:00-05:00,2025-10-12 18:45:00+00:00,2025-10-12 14:00:00-05:00,2025-10-12 19:00:00+00:00,HLSES_UNIT5,Resource Node,REAL_TIME_15_MIN,58.33
2025-10-12 13:45:00-05:00,2025-10-12 18:45:00+00:00,2025-10-12 14:00:00-05:00,2025-10-12 19:00:00+00:00,ODESW_RN,Resource Node,REAL_TIME_15_MIN,35.76
2025-10-12 14:00:00-05:00,2025-10-12 19:00:00+00:00,2025-10-12 14:15:00-05:00,2025-10-12 19:15:00+00:00,AUSTPL_ALL,Resource Node,REAL_TIME_15_MIN,29.32
2025-10-12 14:00:00-05:00,2025-10-12 19:00:00+00:00,2025-10-12 14:15:00-05:00,2025-10-12 19:15:00+00:00,HLSES_UNIT5,Resource Node,REAL_TIME_15_MIN,44.61
2025-10-12 14:00:00-05:00,2025-10-12 19:00:00+00:00,2025-10-12 14:15:00-05:00,2025-10-12 19:15:00+00:00,ODESW_RN,Resource Node,REAL_TIME_15_MIN,27.05
2025-10-12 14:15:00-05:00,2025-10-12 19:15:00+00:00,2025-10-12 14:30:00-05:00,2025-10-12 19:30:00+00:00,AUSTPL_ALL,Resource Node,REAL_TIME_15_MIN,42.51
2025-10-12 14:15:00-05:00,2025-10-12 19:15:00+00:00,2025-10-12 14:30:00-05:00,2025-10-12 19:30:00+00:00,HLSES_UNIT5,Resource Node,REAL_TIME_15_MIN,54.5
2025-10-12 14:15:00-05:00,2025-10-12 19:15:00+00:00,2025-10-12 14:30:00-05:00,2025-10-12 19:30:00+00:00,ODESW_RN,Resource Node,REAL_TIME_15_MIN,34.52
2025-10-12 14:30:00-05:00,2025-10-12 19:30:00+00:00,2025-10-12 14:45:00-05:00,2025-10-12 19:45:00+00:00,AUSTPL_ALL,Resource Node,REAL_TIME_15_MIN,34.67
2025-10-12 14:30:00-05:00,2025-10-12 19:30:00+00:00,2025-10-12 14:45:00-05:00,2025-10-12 19:45:00+00:00,HLSES_UNIT5,Resource Node,REAL_TIME_15_MIN,60.62
2025-10-12 14:30:00-05:00,2025-10-12 19:30:00+00:00,2025-10-12 14:45:00-05:00,2025-10-12 19:45:00+00:00,ODESW_RN,Resource Node,REAL_TIME_15_MIN,36.85
2025-10-12 14:45:00-05:00,2025-10-12 19:45:00+00:00,2025-10-12 15:00:00-05:00,2025-10-12 20:00:00+00:00,AUSTPL_ALL,Resource Node,REAL_TIME_15_MIN,38.88
2025-10-12 14:45:00-05:00,2025-10-12 19:45:00+00:00,2025-10-12 15:00:00-05:00,2025-10-12 20:00:00+00:00,HLSES_UNIT5,Resource Node,REAL_TIME_15_MIN,75.88
2025-10-12 14:45:00-05:00,2025-10-12 19:45:00+00:00,2025-10-12 15:00:00-05:00,2025-10-12 20:00:00+00:00,ODESW_RN,Resource Node,REAL_TIME_15_MIN,47.61
2025-10-12 15:00:00-05:00,2025-10-12 20:00:00+00:00,2025-10-12 15:15:00-05:00,2025-10-12 20:15:00+00:00,AUSTPL_ALL,Resource Node,REAL_TIME_15_MIN,40.85
2025-10-12 15:00:00-05:00,2025-10-12 20:00:00+00:00,2025-10-12 15:15:00-05:00,2025-10-12 20:15:00+00:00,HLSES_UNIT5,Resource Node,REAL_TIME_15_MIN,83.7
2025-10-12 15:00:00-05:00,2025-10-12 20:00:00+00:00,2025-10-12 15:15:00-05:00,2025-10-12 20:15:00+00:00,ODESW_RN,Resource Node,REAL_TIME_15_MIN,57.39
2025-10-12 15:15:00-05:00,2025-10-12 20:15:00+00:00,2025-10-12 15:30:00-05:00,2025-10-12 20:30:00+00:00,AUSTPL_ALL,Resource Node,REAL_TIME_15_MIN,33.47
2025-10-12 15:15:00-05:00,2025-10-12 20:15:00+00:00,2025-10-12 15:30:00-05:00,2025-10-12 20:30:00+00:00,HLSES_UNIT5,Resource Node,REAL_TIME_15_MIN,86.61
2025-10-12 15:15:00-05:00,2025-10-12 20:15:00+00:00,2025-10-12 15:30:00-05:00,2025-10-12 20:30:00+00:00,ODESW_RN,Resource Node,REAL_TIME_15_MIN,77.83
2025-10-12 15:30:00-05:00,2025-10-12 20:30:00+00:00,2025-10-12 15:45:00-05:00,2025-10-12 20:45:00+00:00,AUSTPL_ALL,Resource Node,REAL_TIME_15_MIN,38.08
2025-10-12 15:30:00-05:00,2025-10-12 20:30:00+00:00,2025-10-12 15:45:00-05:00,2025-10-12 20:45:00+00:00,HLSES_UNIT5,Resource Node,REAL_TIME_15_MIN,85.09
2025-10-12 15:30:00-05:00,2025-10-12 20:30:00+00:00,2025-10-12 15:45:00-05:00,2025-10-12 20:45:00+00:00,ODESW_RN,Resource Node,REAL_TIME_15_MIN,74.8
2025-10-12 15:45:00-05:00,2025-10-12 20:45:00+00:00,2025-10-12 16:00:00-05:00,2025-10-12 21:00:00+00:00,AUSTPL_ALL,Resource Node,REAL_TIME_15_MIN,31.68
2025-10-12 15:45:00-05:00,2025-10-12 20:45:00+00:00,2025-10-12 16:00:00-05:00,2025-10-12 21:00:00+00:00,HLSES_UNIT5,Resource Node,REAL_TIME_15_MIN,48.94
2025-10-12 15:45:00-05:00,2025-10-12 20:45:00+00:00,2025-10-12 16:00:00-05:00,2025-10-12 21:00:00+00:00,ODESW_RN,Resource Node,REAL_TIME_15_MIN,58.96
2025-10-12 16:00:00-05:00,2025-10-12 21:00:00+00:00,2025-10-12 16:15:00-05:00,2025-10-12 21:15:00+00:00,AUSTPL_ALL,Resource Node,REAL_TIME_15_MIN,41.74
2025-10-12 16:00:00-05:00,2025-10-12 21:00:00+00:00,2025-10-12 16:15:00-05:00,2025-10-12 21:15:00+00:00,HLSES_UNIT5,Resource Node,REAL_TIME_15_MIN,47.32
2025-10-12 16:00:00-05:00,2025-10-12 21:00:00+00:00,2025-10-12 16:15:00-05:00,2025-10-12 21:15:00+00:00,ODESW_RN,Resource Node,REAL_TIME_15_MIN,56.6
2025-10-12 16:15:00-05:00,2025-10-12 21:15:00+00:00,2025-10-12 16:30:00-05:00,2025-10-12 21:30:00+00:00,AUSTPL_ALL,Resource Node,REAL_TIME_15_MIN,54.28
2025-10-12 16:15:00-05:00,2025-10-12 21:15:00+00:00,2025-10-12 16:30:00-05:00,2025-10-12 21:30:00+00:00,HLSES_UNIT5,Resource Node,REAL_TIME_15_MIN,44.24
2025-10-12 16:15:00-05:00,2025-10-12 21:15:00+00:00,2025-10-12 16:30:00-05:00,2025-10-12 21:30:00+00:00,ODESW_RN,Resource Node,REAL_TIME_15_MIN,74.05
2025-10-12 16:30:00-05:00,2025-10-12 21:30:00+00:00,2025-10-12 16:45:00-05:00,2025-10-12 21:45:00+00:00,AUSTPL_ALL,Resource Node,REAL_TIME_15_MIN,60.95
2025-10-12 16:30:00-05:00,2025-10-12 21:30:00+00:00,2025-10-12 16:45:00-05:00,2025-10-12 21:45:00+00:00,HLSES_UNIT5,Resource Node,REAL_TIME_15_MIN,42.52
2025-10-12 16:30:00-05:00,2025-10-12 21:30:00+00:00,2025-10-12 16:45:00-05:00,2025-10-12 21:45:00+00:00,ODESW_RN,Resource Node,REAL_TIME_15_MIN,81.28
2025-10-12 16:45:00-05:00,2025-10-12 21:45:00+00:00,2025-10-12 17:00:00-05:00,2025-10-12 22:00:00+00:00,AUSTPL_ALL,Resource Node,REAL_TIME_15_MIN,73.61
2025-10-12 16:45:00-05:00,2025-10-12 21:45:00+00:00,2025-10-12 17:00:00-05:00,2025-10-12 22:00:00+00:00,HLSES_UNIT5,Resource Node,REAL_TIME_15_MIN,35.07
2025-10-12 16:45:00-05:00,2025-10-12 21:45:00+00:00,2025-10-12 17:00:00-05:00,2025-10-12 22:00:00+00:00,ODESW_RN,Resource Node,REAL_TIME_15_MIN,54.53
2025-10-12 17:00:00-05:00,2025-10-12 22:00:00+00:00,2025-10-12 17:15:00-05:00,2025-10-12 22:15:00+00:00,AUSTPL_ALL,Resource Node,REAL_TIME_15_MIN,73.82
2025-10-12 17:00:00-05:00,2025-10-12 22:00:00+00:00,2025-10-12 17:15:00-05:00,2025-10-12 22:15:00+00:00,HLSES_UNIT5,Resource Node,REAL_TIME_15_MIN,51.89
2025-10-12 17:00:00-05:00,2025-10-12 22:00:00+00:00,2025-10-12 17:15:00-05:00,2025-10-12 22:15:00+00:00,ODESW_RN,Resource Node,REAL_TIME_15_MIN,60.2
2025-10-12 17:15:00-05:00,2025-10-12 22:15:00+00:00,2025-10-12 17:30:00-05:00,2025-10-12 22:30:00+00:00,AUSTPL_ALL,Resource Node,REAL_TIME_15_MIN,75.57
2025-10-12 17:15:00-05:00,2025-10-12 22:15:00+00:00,2025-10-12 17:30:00-05:00,2025-10-12 22:30:00+00:00,HLSES_UNIT5,Resource Node,REAL_TIME_15_MIN,81.25
2025-10-12 17:15:00-05:00,2025-10-12 22:15:00+00:00,2025-10-12 17:30:00-05:00,2025-10-12 22:30:00+00:00,ODESW_RN,Resource Node,REAL_TIME_15_MIN,88.85
2025-10-12 17:30:00-05:00,2025-10-12 22:30:00+00:00,2025-10-12 17:45:00-05:00,2025-10-12 22:45:00+00:00,AUSTPL_ALL,Resource Node,REAL_TIME_15_MIN,73.66
2025-10-12 17:30:00-05:00,2025-10-12 22:30:00+00:00,2025-10-12 17:45:00-05:00,2025-10-12 22:45:00+00:00,HLSES_UNIT5,Resource Node,REAL_TIME_15_MIN,108.22
2025-10-12 17:30:00-05:00,2025-10-12 22:30:00+00:00,2025-10-12 17:45:00-05:00,2025-10-12 22:45:00+00:00,ODESW_RN,Resource Node,REAL_TIME_15_MIN,98.46
2025-10-12 17:45:00-05:00,2025-10-12 22:45:00+00:00,2025-10-12 18:00:00-05:00,2025-10-12 23:00:00+00:00,AUSTPL_ALL,Resource Node,REAL_TIME_15_MIN,91.27
2025-10-12 17:45:00-05:00,2025-10-12 22:45:00+00:00,2025-10-12 18:00:00-05:00,2025-10-12 23:00:00+00:00,HLSES_UNIT5,Resource Node,REAL_TIME_15_MIN,101.27
2025-10-12 17:45:00-05:00,2025-10-12 22:45:00+00:00,2025-10-12 18:00:00-05:00,2025-10-12 23:00:00+00:00,ODESW_RN,Resource Node,REAL_TIME_15_MIN,95.7
2025-10-12 18:00:00-05:00,2025-10-12 23:00:00+00:00,2025-10-12 18:15:00-05:00,2025-10-12 23:15:00+00:00,AUSTPL_ALL,Resource Node,REAL_TIME_15_MIN,80.36
2025-10-12 18:00:00-05:00,2025-10-12 23:00:00+00:00,2025-10-12 18:15:00-05:00,2025-10-12 23:15:00+00:00,HLSES_UNIT5,Resource Node,REAL_TIME_15_MIN,80.36
2025-10-12 18:00:00-05:00,2025-10-12 23:00:00+00:00,2025-10-12 18:15:00-05:00,2025-10-12 23:15:00+00:00,ODESW_RN,Resource Node,REAL_TIME_15_MIN,80.36
2025-10-12 18:15:00-05:00,2025-10-12 23:15:00+00:00,2025-10-12 18:30:00-05:00,2025-10-12 23:30:00+00:00,AUSTPL_ALL,Resource Node,REAL_TIME_15_MIN,113.49
2025-10-12 18:15:00-05:00,2025-10-12 23:15:00+00:00,2025-10-12 18:30:00-05:00,2025-10-12 23:30:00+00:00,HLSES_UNIT5,Resource Node,REAL_TIME_15_MIN,113.49
2025-10-12 18:15:00-05:00,2025-10-12 23:15:00+00:00,2025-10-12 18:30:00-05:00,2025-10-12 23:30:00+00:00,ODESW_RN,Resource Node,REAL_TIME_15_MIN,113.49
2025-10-12 18:30:00-05:00,2025-10-12 23:30:00+00:00,2025-10-12 18:45:00-05:00,2025-10-12 23:45:00+00:00,AUSTPL_ALL,Resource Node,REAL_TIME_15_MIN,204.88
2025-10-12 18:30:00-05:00,2025-10-12 23:30:00+00:00,2025-10-12 18:45:00-05:00,2025-10-12 23:45:00+00:00,HLSES_UNIT5,Resource Node,REAL_TIME_15_MIN,204.88
2025-10-12 18:30:00-05:00,2025-10-12 23:30:00+00:00,2025-10-12 18:45:00-05:00,2025-10-12 23:45:00+00:00,ODESW_RN,Resource Node,REAL_TIME_15_MIN,204.88
2025-10-12 18:45:00-05:00,2025-10-12 23:45:00+00:00,2025-10-12 19:00:00-05:00,2025-10-13 00:00:00+00:00,AUSTPL_ALL,Resource Node,REAL_TIME_15_MIN,196.61
2025-10-12 18:45:00-05:00,2025-10-12 23:45:00+00:00,2025-10-12 19:00:00-05:00,2025-10-13 00:00:00+00:00,HLSES_UNIT5,Resource Node,REAL_TIME_15_MIN,196.61
2025-10-12 18:45:00-05:00,2025-10-12 23:45:00+00:00,2025-10-12 19:00:00-05:00,2025-10-13 00:00:00+00:00,ODESW_RN,Resource Node,REAL_TIME_15_MIN,196.61
2025-10-12 19:00:00-05:00,2025-10-13 00:00:00+00:00,2025-10-12 19:15:00-05:00,2025-10-13 00:15:00+00:00,AUSTPL_ALL,Resource Node,REAL_TIME_15_MIN,174.88
2025-10-12 19:00:00-05:00,2025-10-13 00:00:00+00:00,2025-10-12 19:15:00-05:00,2025-10-13 00:15:00+00:00,HLSES_UNIT5,Resource Node,REAL_TIME_15_MIN,174.88
2025-10-12 19:00:00-05:00,2025-10-13 00:00:00+00:00,2025-10-12 19:15:00-05:00,2025-10-13 00:15:00+00:00,ODESW_RN,Resource Node,REAL_TIME_15_MIN,174.88
2025-10-12 19:15:00-05:00,2025-10-13 00:15:00+00:00,2025-10-12 19:30:00-05:00,2025-10-13 00:30:00+00:00,AUSTPL_ALL,Resource Node,REAL_TIME_15_MIN,159.13
2025-10-12 19:15:00-05:00,2025-10-13 00:15:00+00:00,2025-10-12 19:30:00-05:00,2025-10-13 00:30:00+00:00,HLSES_UNIT5,Resource Node,REAL_TIME_15_MIN,159.13
2025-10-12 19:15:00-05:00,2025-10-13 00:15:00+00:00,2025-10-12 19:30:00-05:00,2025-10-13 00:30:00+00:00,ODESW_RN,Resource Node,REAL_TIME_15_MIN,159.13
2025-10-12 19:30:00-05:00,2025-10-13 00:30:00+00:00,2025-10-12 19:45:00-05:00,2025-10-13 00:45:00+00:00,AUSTPL_ALL,Resource Node,REAL_TIME_15_MIN,132.74
2025-10-12 19:30:00-05:00,2025-10-13 00:30:00+00:00,2025-10-12 19:45:00-05:00,2025-10-13 00:45:00+00:00,HLSES_UNIT5,Resource Node,REAL_TIME_15_MIN,132.74
2025-10-12 19:30:00-05:00,2025-10-13 00:30:00+00:00,2025-10-12 19:45:00-05:00,2025-10-13 00:45:00+00:00,ODESW_RN,Resource Node,REAL_TIME_15_MIN,132.74
2025-10-12 19:45:00-05:00,2025-10-13 00:45:00+00:00,2025-10-12 20:00:00-05:00,2025-10-13 01:00:00+00:00,AUSTPL_ALL,Resource Node,REAL_TIME_15_MIN,126.25
2025-10-12 19:45:00-05:00,2025-10-13 00:45:00+00:00,2025-10-12 20:00:00-05:00,2025-10-13 01:00:00+00:00,HLSES_UNIT5,Resource Node,REAL_TIME_15_MIN,126.25
2025-10-12 19:45:00-05:00,2025-10-13 00:45:00+00:00,2025-10-12 20:00:00-05:00,2025-10-13 01:00:00+00:00,ODESW_RN,Resource Node,REAL_TIME_15_MIN,126.25
2025-10-12 20:00:00-05:00,2025-10-13 01:00:00+00:00,2025-10-12 20:15:00-05:00,2025-10-13 01:15:00+00:00,AUSTPL_ALL,Resource Node,REAL_TIME_15_MIN,290.02
2025-10-12 20:00:00-05:00,2025-10-13 01:00:00+00:00,2025-10-12 20:15:00-05:00,2025-10-13 01:15:00+00:00,HLSES_UNIT5,Resource Node,REAL_TIME_15_MIN,290.02
2025-10-12 20:00:00-05:00,2025-10-13 01:00:00+00:00,2025-10-12 20:15:00-05:00,2025-10-13 01:15:00+00:00,ODESW_RN,Resource Node,REAL_TIME_15_MIN,290.02
2025-10-12 20:15:00-05:00,2025-10-13 01:15:00+00:00,2025-10-12 20:30:00-05:00,2025-10-13 01:30:00+00:00,AUSTPL_ALL,Resource Node,REAL_TIME_15_MIN,139.34
2025-10-12 20:15:00-05:00,2025-10-13 01:15:00+00:00,2025-10-12 20:30:00-05:00,2025-10-13 01:30:00+00:00,HLSES_UNIT5,Resource Node,REAL_TIME_15_MIN,139.34
2025-10-12 20:15:00-05:00,2025-10-13 01:15:00+00:00,2025-10-12 20:30:00-05:00,2025-10-13 01:30:00+00:00,ODESW_RN,Resource Node,REAL_TIME_15_MIN,139.34
2025-10-12 20:30:00-05:00,2025-10-13 01:30:00+00:00,2025-10-12 20:45:00-05:00,2025-10-13 01:45:00+00:00,AUSTPL_ALL,Resource Node,REAL_TIME_15_MIN,72.08
2025-10-12 20:30:00-05:00,2025-10-13 01:30:00+00:00,2025-10-12 20:45:00-05:00,2025-10-13 01:45:00+00:00,HLSES_UNIT5,Resource Node,REAL_TIME_15_MIN,72.08
2025-10-12 20:30:00-05:00,2025-10-13 01:30:00+00:00,2025-10-12 20:45:00-05:00,2025-10-13 01:45:00+00:00,ODESW_RN,Resource Node,REAL_TIME_15_MIN,72.08
2025-10-12 20:45:00-05:00,2025-10-13 01:45:00+00:00,2025-10-12 21:00:00-05:00,2025-10-13 02:00:00+00:00,AUSTPL_ALL,Resource Node,REAL_TIME_15_MIN,76.5
2025-10-12 20:45:00-05:00,2025-10-13 01:45:00+00:00,2025-10-12 21:00:00-05:00,2025-10-13 02:00:00+00:00,HLSES_UNIT5,Resource Node,REAL_TIME_15_MIN,76.5
2025-10-12 20:45:00-05:00,2025-10-13 01:45:00+00:00,2025-10-12 21:00:00-05:00,2025-10-13 02:00:00+00:00,ODESW_RN,Resource Node,REAL_TIME_15_MIN,76.5
2025-10-12 21:00:00-05:00,2025-10-13 02:00:00+00:00,2025-10-12 21:15:00-05:00,2025-10-13 02:15:00+00:00,AUSTPL_ALL,Resource Node,REAL_TIME_15_MIN,82.38
2025-10-12 21:00:00-05:00,2025-10-13 02:00:00+00:00,2025-10-12 21:15:00-05:00,2025-10-13 02:15:00+00:00,HLSES_UNIT5,Resource Node,REAL_TIME_15_MIN,82.38
2025-10-12 21:00:00-05:00,2025-10-13 02:00:00+00:00,2025-10-12 21:15:00-05:00,2025-10-13 02:15:00+00:00,ODESW_RN,Resource Node,REAL_TIME_15_MIN,82.38
2025-10-12 21:15:00-05:00,2025-10-13 02:15:00+00:00,2025-10-12 21:30:00-05:00,2025-10-13 02:30:00+00:00,AUSTPL_ALL,Resource Node,REAL_TIME_15_MIN,74.65
2025-10-12 21:15:00-05:00,2025-10-13 02:15:00+00:00,2025-10-12 21:30:00-05:00,2025-10-13 02:30:00+00:00,HLSES_UNIT5,Resource Node,REAL_TIME_15_MIN,73.54
2025-10-12 21:15:00-05:00,2025-10-13 02:15:00+00:00,2025-10-12 21:30:00-05:00,2025-10-13 02:30:00+00:00,ODESW_RN,Resource Node,REAL_TIME_15_MIN,84.49
2025-10-12 21:30:00-05:00,2025-10-13 02:30:00+00:00,2025-10-12 21:45:00-05:00,2025-10-13 02:45:00+00:00,AUSTPL_ALL,Resource Node,REAL_TIME_15_MIN,49.71
2025-10-12 21:30:00-05:00,2025-10-13 02:30:00+00:00,2025-10-12 21:45:00-05:00,2025-10-13 02:45:00+00:00,HLSES_UNIT5,Resource Node,REAL_TIME_15_MIN,49.66
2025-10-12 21:30:00-05:00,2025-10-13 02:30:00+00:00,2025-10-12 21:45:00-05:00,2025-10-13 02:45:00+00:00,ODESW_RN,Resource Node,REAL_TIME_15_MIN,50.08
2025-10-12 21:45:00-05:00,2025-10-13 02:45:00+00:00,2025-10-12 22:00:00-05:00,2025-10-13 03:00:00+00:00,AUSTPL_ALL,Resource Node,REAL_TIME_15_MIN,47.01
2025-10-12 21:45:00-05:00,2025-10-13 02:45:00+00:00,2025-10-12 22:00:00-05:00,2025-10-13 03:00:00+00:00,HLSES_UNIT5,Resource Node,REAL_TIME_15_MIN,43.9
2025-10-12 21:45:00-05:00,2025-10-13 02:45:00+00:00,2025-10-12 22:00:00-05:00,2025-10-13 03:00:00+00:00,ODESW_RN,Resource Node,REAL_TIME_15_MIN,63.65
2025-10-12 22:00:00-05:00,2025-10-13 03:00:00+00:00,2025-10-12 22:15:00-05:00,2025-10-13 03:15:00+00:00,AUSTPL_ALL,Resource Node,REAL_TIME_15_MIN,40.37
2025-10-12 22:00:00-05:00,2025-10-13 03:00:00+00:00,2025-10-12 22:15:00-05:00,2025-10-13 03:15:00+00:00,HLSES_UNIT5,Resource Node,REAL_TIME_15_MIN,36.56
2025-10-12 22:00:00-05:00,2025-10-13 03:00:00+00:00,2025-10-12 22:15:00-05:00,2025-10-13 03:15:00+00:00,ODESW_RN,Resource Node,REAL_TIME_15_MIN,61.77
2025-10-12 22:15:00-05:00,2025-10-13 03:15:00+00:00,2025-10-12 22:30:00-05:00,2025-10-13 03:30:00+00:00,AUSTPL_ALL,Resource Node,REAL_TIME_15_MIN,38.37
2025-10-12 22:15:00-05:00,2025-10-13 03:15:00+00:00,2025-10-12 22:30:00-05:00,2025-10-13 03:30:00+00:00,HLSES_UNIT5,Resource Node,REAL_TIME_15_MIN,32.79
2025-10-12 22:15:00-05:00,2025-10-13 03:15:00+00:00,2025-10-12 22:30:00-05:00,2025-10-13 03:30:00+00:00,ODESW_RN,Resource Node,REAL_TIME_15_MIN,68.79
2025-10-12 22:30:00-05:00,2025-10-13 03:30:00+00:00,2025-10-12 22:45:00-05:00,2025-10-13 03:45:00+00:00,AUSTPL_ALL,Resource Node,REAL_TIME_15_MIN,37.0
2025-10-12 22:30:00-05:00,2025-10-13 03:30:00+00:00,2025-10-12 22:45:00-05:00,2025-10-13 03:45:00+00:00,HLSES_UNIT5,Resource Node,REAL_TIME_15_MIN,31.02
2025-10-12 22:30:00-05:00,2025-10-13 03:30:00+00:00,2025-10-12 22:45:00-05:00,2025-10-13 03:45:00+00:00,ODESW_RN,Resource Node,REAL_TIME_15_MIN,68.01
2025-10-12 22:45:00-05:00,2025-10-13 03:45:00+00:00,2025-10-12 23:00:00-05:00,2025-10-13 04:00:00+00:00,AUSTPL_ALL,Resource Node,REAL_TIME_15_MIN,35.63
2025-10-12 22:45:00-05:00,2025-10-13 03:45:00+00:00,2025-10-12 23:00:00-05:00,2025-10-13 04:00:00+00:00,HLSES_UNIT5,Resource Node,REAL_TIME_15_MIN,29.03
2025-10-12 22:45:00-05:00,2025-10-13 03:45:00+00:00,2025-10-12 23:00:00-05:00,2025-10-13 04:00:00+00:00,ODESW_RN,Resource Node,REAL_TIME_15_MIN,69.59
2025-10-12 23:00:00-05:00,2025-10-13 04:00:00+00:00,2025-10-12 23:15:00-05:00,2025-10-13 04:15:00+00:00,AUSTPL_ALL,Resource Node,REAL_TIME_15_MIN,38.7
2025-10-12 23:00:00-05:00,2025-10-13 04:00:00+00:00,2025-10-12 23:15:00-05:00,2025-10-13 04:15:00+00:00,HLSES_UNIT5,Resource Node,REAL_TIME_15_MIN,31.22
2025-10-12 23:00:00-05:00,2025-10-13 04:00:00+00:00,2025-10-12 23:15:00-05:00,2025-10-13 04:15:00+00:00,ODESW_RN,Resource Node,REAL_TIME_15_MIN,80.77
2025-10-12 23:15:00-05:00,2025-10-13 04:15:00+00:00,2025-10-12 23:30:00-05:00,2025-10-13 04:30:00+00:00,AUSTPL_ALL,Resource Node,REAL_TIME_15_MIN,40.92
2025-10-12 23:15:00-05:00,2025-10-13 04:15:00+00:00,2025-10-12 23:30:00-05:00,2025-10-13 04:30:00+00:00,HLSES_UNIT5,Resource Node,REAL_TIME_15_MIN,34.8
2025-10-12 23:15:00-05:00,2025-10-13 04:15:00+00:00,2025-10-12 23:30:00-05:00,2025-10-13 04:30:00+00:00,ODESW_RN,Resource Node,REAL_TIME_15_MIN,71.27
2025-10-12 23:30:00-05:00,2025-10-13 04:30:00+00:00,2025-10-12 23:45:00-05:00,2025-10-13 04:45:00+00:00,AUSTPL_ALL,Resource Node,REAL_TIME_15_MIN,37.1
2025-10-12 23:30:00-05:00,2025-10-13 04:30:00+00:00,2025-10-12 23:45:00-05:00,2025-10-13 04:45:00+00:00,HLSES_UNIT5,Resource Node,REAL_TIME_15_MIN,33.44
2025-10-12 23:30:00-05:00,2025-10-13 04:30:00+00:00,2025-10-12 23:45:00-05:00,2025-10-13 04:45:00+00:00,ODESW_RN,Resource Node,REAL_TIME_15_MIN,55.21
2025-10-12 23:45:00-05:00,2025-10-13 04:45:00+00:00,2025-10-13 00:00:00-05:00,2025-10-13 05:00:00+00:00,AUSTPL_ALL,Resource Node,REAL_TIME_15_MIN,30.85
2025-10-12 23:45:00-05:00,2025-10-13 04:45:00+00:00,2025-10-13 00:00:00-05:00,2025-10-13 05:00:00+00:00,HLSES_UNIT5,Resource Node,REAL_TIME_15_MIN,29.69
2025-10-12 23:45:00-05:00,2025-10-13 04:45:00+00:00,2025-10-13 00:00:00-05:00,2025-10-13 05:00:00+00:00,ODESW_RN,Resource Node,REAL_TIME_15_MIN,40.94
2025-10-12 00:00:00-05:00,2025-10-12 05:00:00+00:00,2025-10-12 00:15:00-05:00,2025-10-12 05:15:00+00:00,CBY_CBY_G1,Resource Node,REAL_TIME_15_MIN,24.62
2025-10-12 00:00:00-05:00,2025-10-12 05:00:00+00:00,2025-10-12 00:15:00-05:00,2025-10-12 05:15:00+00:00,CNTRY_RN,Resource Node,REAL_TIME_15_MIN,26.59
2025-10-12 00:15:00-05:00,2025-10-12 05:15:00+00:00,2025-10-12 00:30:00-05:00,2025-10-12 05:30:00+00:00,CBY_CBY_G1,Resource Node,REAL_TIME_15_MIN,24.5
2025-10-12 00:15:00-05:00,2025-10-12 05:15:00+00:00,2025-10-12 00:30:00-05:00,2025-10-12 05:30:00+00:00,CNTRY_RN,Resource Node,REAL_TIME_15_MIN,25.72
2025-10-12 00:30:00-05:00,2025-10-12 05:30:00+00:00,2025-10-12 00:45:00-05:00,2025-10-12 05:45:00+00:00,CBY_CBY_G1,Resource Node,REAL_TIME_15_MIN,23.54
2025-10-12 00:30:00-05:00,2025-10-12 05:30:00+00:00,2025-10-12 00:45:00-05:00,2025-10-12 05:45:00+00:00,CNTRY_RN,Resource Node,REAL_TIME_15_MIN,23.82
2025-10-12 00:45:00-05:00,2025-10-12 05:45:00+00:00,2025-10-12 01:00:00-05:00,2025-10-12 06:00:00+00:00,CBY_CBY_G1,Resource Node,REAL_TIME_15_MIN,22.61
2025-10-12 00:45:00-05:00,2025-10-12 05:45:00+00:00,2025-10-12 01:00:00-05:00,2025-10-12 06:00:00+00:00,CNTRY_RN,Resource Node,REAL_TIME_15_MIN,22.5
2025-10-12 01:00:00-05:00,2025-10-12 06:00:00+00:00,2025-10-12 01:15:00-05:00,2025-10-12 06:15:00+00:00,CBY_CBY_G1,Resource Node,REAL_TIME_15_MIN,21.53
2025-10-12 01:00:00-05:00,2025-10-12 06:00:00+00:00,2025-10-12 01:15:00-05:00,2025-10-12 06:15:00+00:00,CNTRY_RN,Resource Node,REAL_TIME_15_MIN,22.74
2025-10-12 01:15:00-05:00,2025-10-12 06:15:00+00:00,2025-10-12 01:30:00-05:00,2025-10-12 06:30:00+00:00,CBY_CBY_G1,Resource Node,REAL_TIME_15_MIN,19.13
2025-10-12 01:15:00-05:00,2025-10-12 06:15:00+00:00,2025-10-12 01:30:00-05:00,2025-10-12 06:30:00+00:00,CNTRY_RN,Resource Node,REAL_TIME_15_MIN,18.57
2025-10-12 01:30:00-05:00,2025-10-12 06:30:00+00:00,2025-10-12 01:45:00-05:00,2025-10-12 06:45:00+00:00,CBY_CBY_G1,Resource Node,REAL_TIME_15_MIN,19.48
2025-10-12 01:30:00-05:00,2025-10-12 06:30:00+00:00,2025-10-12 01:45:00-05:00,2025-10-12 06:45:00+00:00,CNTRY_RN,Resource Node,REAL_TIME_15_MIN,19.31
2025-10-12 01:45:00-05:00,2025-10-12 06:45:00+00:00,2025-10-12 02:00:00-05:00,2025-10-12 07:00:00+00:00,CBY_CBY_G1,Resource Node,REAL_TIME_15_MIN,19.73
2025-10-12 01:45:00-05:00,2025-10-12 06:45:00+00:00,2025-10-12 02:00:00-05:00,2025-10-12 07:00:00+00:00,CNTRY_RN,Resource Node,REAL_TIME_15_MIN,19.54
2025-10-12 02:00:00-05:00,2025-10-12 07:00:00+00:00,2025-10-12 02:15:00-05:00,2025-10-12 07:15:00+00:00,CBY_CBY_G1,Resource Node,REAL_TIME_15_MIN,19.56
2025-10-12 02:00:00-05:00,2025-10-12 07:00:00+00:00,2025-10-12 02:15:00-05:00,2025-10-12 07:15:00+00:00,CNTRY_RN,Resource Node,REAL_TIME_15_MIN,19.76
2025-10-12 02:15:00-05:00,2025-10-12 07:15:00+00:00,2025-10-12 02:30:00-05:00,2025-10-12 07:30:00+00:00,CBY_CBY_G1,Resource Node,REAL_TIME_15_MIN,18.58
2025-10-12 02:15:00-05:00,2025-10-12 07:15:00+00:00,2025-10-12 02:30:00-05:00,2025-10-12 07:30:00+00:00,CNTRY_RN,Resource Node,REAL_TIME_15_MIN,18.6
2025-10-12 02:30:00-05:00,2025-10-12 07:30:00+00:00,2025-10-12 02:45:00-05:00,2025-10-12 07:45:00+00:00,CBY_CBY_G1,Resource Node,REAL_TIME_15_MIN,18.25
2025-10-12 02:30:00-05:00,2025-10-12 07:30:00+00:00,2025-10-12 02:45:00-05:00,2025-10-12 07:45:00+00:00,CNTRY_RN,Resource Node,REAL_TIME_15_MIN,18.63
2025-10-12 02:45:00-05:00,2025-10-12 07:45:00+00:00,2025-10-12 03:00:00-05:00,2025-10-12 08:00:00+00:00,CBY_CBY_G1,Resource Node,REAL_TIME_15_MIN,17.73
2025-10-12 02:45:00-05:00,2025-10-12 07:45:00+00:00,2025-10-12 03:00:00-05:00,2025-10-12 08:00:00+00:00,CNTRY_RN,Resource Node,REAL_TIME_15_MIN,17.99
2025-10-12 03:00:00-05:00,2025-10-12 08:00:00+00:00,2025-10-12 03:15:00-05:00,2025-10-12 08:15:00+00:00,CBY_CBY_G1,Resource Node,REAL_TIME_15_MIN,17.89
2025-10-12 03:00:00-05:00,2025-10-12 08:00:00+00:00,2025-10-12 03:15:00-05:00,2025-10-12 08:15:00+00:00,CNTRY_RN,Resource Node,REAL_TIME_15_MIN,18.19
2025-10-12 03:15:00-05:00,2025-10-12 08:15:00+00:00,2025-10-12 03:30:00-05:00,2025-10-12 08:30:00+00:00,CBY_CBY_G1,Resource Node,REAL_TIME_15_MIN,17.6
2025-10-12 03:15:00-05:00,2025-10-12 08:15:00+00:00,2025-10-12 03:30:00-05:00,2025-10-12 08:30:00+00:00,CNTRY_RN,Resource Node,REAL_TIME_15_MIN,17.84
2025-10-12 03:30:00-05:00,2025-10-12 08:30:00+00:00,2025-10-12 03:45:00-05:00,2025-10-12 08:45:00+00:00,CBY_CBY_G1,Resource Node,REAL_TIME_15_MIN,17.59
2025-10-12 03:30:00-05:00,2025-10-12 08:30:00+00:00,2025-10-12 03:45:00-05:00,2025-10-12 08:45:00+00:00,CNTRY_RN,Resource Node,REAL_TIME_15_MIN,17.86
2025-10-12 03:45:00-05:00,2025-10-12 08:45:00+00:00,2025-10-12 04:00:00-05:00,2025-10-12 09:00:00+00:00,CBY_CBY_G1,Resource Node,REAL_TIME_15_MIN,17.75
2025-10-12 03:45:00-05:00,2025-10-12 08:45:00+00:00,2025-10-12 04:00:00-05:00,2025-10-12 09:00:00+00:00,CNTRY_RN,Resource Node,REAL_TIME_15_MIN,18.02
2025-10-12 04:00:00-05:00,2025-10-12 09:00:00+00:00,2025-10-12 04:15:00-05:00,2025-10-12 09:15:00+00:00,CBY_CBY_G1,Resource Node,REAL_TIME_15_MIN,17.81
2025-10-12 04:00:00-05:00,2025-10-12 09:00:00+00:00,2025-10-12 04:15:00-05:00,2025-10-12 09:15:00+00:00,CNTRY_RN,Resource Node,REAL_TIME_15_MIN,17.84
2025-10-12 04:15:00-05:00,2025-10-12 09:15:00+00:00,2025-10-12 04:30:00-05:00,2025-10-12 09:30:00+00:00,CBY_CBY_G1,Resource Node,REAL_TIME_15_MIN,17.4
2025-10-12 04:15:00-05:00,2025-10-12 09:15:00+00:00,2025-10-12 04:30:00-05:00,2025-10-12 09:30:00+00:00,CNTRY_RN,Resource Node,REAL_TIME_15_MIN,17.67
2025-10-12 04:30:00-05:00,2025-10-12 09:30:00+00:00,2025-10-12 04:45:00-05:00,2025-10-12 09:45:00+00:00,CBY_CBY_G1,Resource Node,REAL_TIME_15_MIN,17.51
2025-10-12 04:30:00-05:00,2025-10-12 09:30:00+00:00,2025-10-12 04:45:00-05:00,2025-10-12 09:45:00+00:00,CNTRY_RN,Resource Node,REAL_TIME_15_MIN,18.01
2025-10-12 04:45:00-05:00,2025-10-12 09:45:00+00:00,2025-10-12 05:00:00-05:00,2025-10-12 10:00:00+00:00,CBY_CBY_G1,Resource Node,REAL_TIME_15_MIN,17.17
2025-10-12 04:45:00-05:00,2025-10-12 09:45:00+00:00,2025-10-12 05:00:00-05:00,2025-10-12 10:00:00+00:00,CNTRY_RN,Resource Node,REAL_TIME_15_MIN,17.32
2025-10-12 05:00:00-05:00,2025-10-12 10:00:00+00:00,2025-10-12 05:15:00-05:00,2025-10-12 10:15:00+00:00,CBY_CBY_G1,Resource Node,REAL_TIME_15_MIN,17.47
2025-10-12 05:00:00-05:00,2025-10-12 10:00:00+00:00,2025-10-12 05:15:00-05:00,2025-10-12 10:15:00+00:00,CNTRY_RN,Resource Node,REAL_TIME_15_MIN,17.68
2025-10-12 05:15:00-05:00,2025-10-12 10:15:00+00:00,2025-10-12 05:30:00-05:00,2025-10-12 10:30:00+00:00,CBY_CBY_G1,Resource Node,REAL_TIME_15_MIN,17.29
2025-10-12 05:15:00-05:00,2025-10-12 10:15:00+00:00,2025-10-12 05:30:00-05:00,2025-10-12 10:30:00+00:00,CNTRY_RN,Resource Node,REAL_TIME_15_MIN,17.75
2025-10-12 05:30:00-05:00,2025-10-12 10:30:00+00:00,2025-10-12 05:45:00-05:00,2025-10-12 10:45:00+00:00,CBY_CBY_G1,Resource Node,REAL_TIME_15_MIN,17.1
2025-10-12 05:30:00-05:00,2025-10-12 10:30:00+00:00,2025-10-12 05:45:00-05:00,2025-10-12 10:45:00+00:00,CNTRY_RN,Resource Node,REAL_TIME_15_MIN,17.46
2025-10-12 05:45:00-05:00,2025-10-12 10:45:00+00:00,2025-10-12 06:00:00-05:00,2025-10-12 11:00:00+00:00,CBY_CBY_G1,Resource Node,REAL_TIME_15_MIN,17.08
2025-10-12 05:45:00-05:00,2025-10-12 10:45:00+00:00,2025-10-12 06:00:00-05:00,2025-10-12 11:00:00+00:00,CNTRY_RN,Resource Node,REAL_TIME_15_MIN,17.17
2025-10-12 06:00:00-05:00,2025-10-12 11:00:00+00:00,2025-10-12 06:15:00-05:00,2025-10-12 11:15:00+00:00,CBY_CBY_G1,Resource Node,REAL_TIME_15_MIN,17.21
2025-10-12 06:00:00-05:00,2025-10-12 11:00:00+00:00,2025-10-12 06:15:00-05:00,2025-10-12 11:15:00+00:00,CNTRY_RN,Resource Node,REAL_TIME_15_MIN,17.46
2025-10-12 06:15:00-05:00,2025-10-12 11:15:00+00:00,2025-10-12 06:30:00-05:00,2025-10-12 11:30:00+00:00,CBY_CBY_G1,Resource Node,REAL_TIME_15_MIN,17.49
2025-10-12 06:15:00-05:00,2025-10-12 11:15:00+00:00,2025-10-12 06:30:00-05:00,2025-10-12 11:30:00+00:00,CNTRY_RN,Resource Node,REAL_TIME_15_MIN,17.82
2025-10-12 06:30:00-05:00,2025-10-12 11:30:00+00:00,2025-10-12 06:45:00-05:00,2025-10-12 11:45:00+00:00,CBY_CBY_G1,Resource Node,REAL_TIME_15_MIN,17.6
2025-10-12 06:30:00-05:00,2025-10-12 11:30:00+00:00,2025-10-12 06:45:00-05:00,2025-10-12 11:45:00+00:00,CNTRY_RN,Resource Node,REAL_TIME_15_MIN,17.85
2025-10-12 06:45:00-05:00,2025-10-12 11:45:00+00:00,2025-10-12 07:00:00-05:00,2025-10-12 12:00:00+00:00,CBY_CBY_G1,Resource Node,REAL_TIME_15_MIN,17.54
2025-10-12 06:45:00-05:00,2025-10-12 11:45:00+00:00,2025-10-12 07:00:00-05:00,2025-10-12 12:00:00+00:00,CNTRY_RN,Resource Node,REAL_TIME_15_MIN,17.9
2025-10-12 07:00:00-05:00,2025-10-12 12:00:00+00:00,2025-10-12 07:15:00-05:00,2025-10-12 12:15:00+00:00,CBY_CBY_G1,Resource Node,REAL_TIME_15_MIN,18.59
2025-10-12 07:00:00-05:00,2025-10-12 12:00:00+00:00,2025-10-12 07:15:00-05:00,2025-10-12 12:15:00+00:00,CNTRY_RN,Resource Node,REAL_TIME_15_MIN,18.05
2025-10-12 07:15:00-05:00,2025-10-12 12:15:00+00:00,2025-10-12 07:30:00-05:00,2025-10-12 12:30:00+00:00,CBY_CBY_G1,Resource Node,REAL_TIME_15_MIN,18.56
2025-10-12 07:15:00-05:00,2025-10-12 12:15:00+00:00,2025-10-12 07:30:00-05:00,2025-10-12 12:30:00+00:00,CNTRY_RN,Resource Node,REAL_TIME_15_MIN,18.1
2025-10-12 07:30:00-05:00,2025-10-12 12:30:00+00:00,2025-10-12 07:45:00-05:00,2025-10-12 12:45:00+00:00,CBY_CBY_G1,Resource Node,REAL_TIME_15_MIN,18.96
2025-10-12 07:30:00-05:00,2025-10-12 12:30:00+00:00,2025-10-12 07:45:00-05:00,2025-10-12 12:45:00+00:00,CNTRY_RN,Resource Node,REAL_TIME_15_MIN,18.37
2025-10-12 07:45:00-05:00,2025-10-12 12:45:00+00:00,2025-10-12 08:00:00-05:00,2025-10-12 13:00:00+00:00,CBY_CBY_G1,Resource Node,REAL_TIME_15_MIN,17.09
2025-10-12 07:45:00-05:00,2025-10-12 12:45:00+00:00,2025-10-12 08:00:00-05:00,2025-10-12 13:00:00+00:00,CNTRY_RN,Resource Node,REAL_TIME_15_MIN,16.54
2025-10-12 08:00:00-05:00,2025-10-12 13:00:00+00:00,2025-10-12 08:15:00-05:00,2025-10-12 13:15:00+00:00,CBY_CBY_G1,Resource Node,REAL_TIME_15_MIN,14.78
2025-10-12 08:00:00-05:00,2025-10-12 13:00:00+00:00,2025-10-12 08:15:00-05:00,2025-10-12 13:15:00+00:00,CNTRY_RN,Resource Node,REAL_TIME_15_MIN,13.36
2025-10-12 08:15:00-05:00,2025-10-12 13:15:00+00:00,2025-10-12 08:30:00-05:00,2025-10-12 13:30:00+00:00,CBY_CBY_G1,Resource Node,REAL_TIME_15_MIN,11.37
2025-10-12 08:15:00-05:00,2025-10-12 13:15:00+00:00,2025-10-12 08:30:00-05:00,2025-10-12 13:30:00+00:00,CNTRY_RN,Resource Node,REAL_TIME_15_MIN,9.93
2025-10-12 08:30:00-05:00,2025-10-12 13:30:00+00:00,2025-10-12 08:45:00-05:00,2025-10-12 13:45:00+00:00,CBY_CBY_G1,Resource Node,REAL_TIME_15_MIN,6.11
2025-10-12 08:30:00-05:00,2025-10-12 13:30:00+00:00,2025-10-12 08:45:00-05:00,2025-10-12 13:45:00+00:00,CNTRY_RN,Resource Node,REAL_TIME_15_MIN,3.88
2025-10-12 08:45:00-05:00,2025-10-12 13:45:00+00:00,2025-10-12 09:00:00-05:00,2025-10-12 14:00:00+00:00,CBY_CBY_G1,Resource Node,REAL_TIME_15_MIN,3.3
2025-10-12 08:45:00-05:00,2025-10-12 13:45:00+00:00,2025-10-12 09:00:00-05:00,2025-10-12 14:00:00+00:00,CNTRY_RN,Resource Node,REAL_TIME_15_MIN,0.43
2025-10-12 09:00:00-05:00,2025-10-12 14:00:00+00:00,2025-10-12 09:15:00-05:00,2025-10-12 14:15:00+00:00,CBY_CBY_G1,Resource Node,REAL_TIME_15_MIN,1.15
2025-10-12 09:00:00-05:00,2025-10-12 14:00:00+00:00,2025-10-12 09:15:00-05:00,2025-10-12 14:15:00+00:00,CNTRY_RN,Resource Node,REAL_TIME_15_MIN,0.17
2025-10-12 09:15:00-05:00,2025-10-12 14:15:00+00:00,2025-10-12 09:30:00-05:00,2025-10-12 14:30:00+00:00,CBY_CBY_G1,Resource Node,REAL_TIME_15_MIN,2.76
2025-10-12 09:15:00-05:00,2025-10-12 14:15:00+00:00,2025-10-12 09:30:00-05:00,2025-10-12 14:30:00+00:00,CNTRY_RN,Resource Node,REAL_TIME_15_MIN,0.26
2025-10-12 09:30:00-05:00,2025-10-12 14:30:00+00:00,2025-10-12 09:45:00-05:00,2025-10-12 14:45:00+00:00,CBY_CBY_G1,Resource Node,REAL_TIME_15_MIN,1.91
2025-10-12 09:30:00-05:00,2025-10-12 14:30:00+00:00,2025-10-12 09:45:00-05:00,2025-10-12 14:45:00+00:00,CNTRY_RN,Resource Node,REAL_TIME_15_MIN,0.37
2025-10-12 09:45:00-05:00,2025-10-12 14:45:00+00:00,2025-10-12 10:00:00-05:00,2025-10-12 15:00:00+00:00,CBY_CBY_G1,Resource Node,REAL_TIME_15_MIN,1.7
2025-10-12 09:45:00-05:00,2025-10-12 14:45:00+00:00,2025-10-12 10:00:00-05:00,2025-10-12 15:00:00+00:00,CNTRY_RN,Resource Node,REAL_TIME_15_MIN,-0.02
2025-10-12 10:00:00-05:00,2025-10-12 15:00:00+00:00,2025-10-12 10:15:00-05:00,2025-10-12 15:15:00+00:00,CBY_CBY_G1,Resource Node,REAL_TIME_15_MIN,-0.07
2025-10-12 10:00:00-05:00,2025-10-12 15:00:00+00:00,2025-10-12 10:15:00-05:00,2025-10-12 15:15:00+00:00,CNTRY_RN,Resource Node,REAL_TIME_15_MIN,-0.64
2025-10-12 10:15:00-05:00,2025-10-12 15:15:00+00:00,2025-10-12 10:30:00-05:00,2025-10-12 15:30:00+00:00,CBY_CBY_G1,Resource Node,REAL_TIME_15_MIN,0.63
2025-10-12 10:15:00-05:00,2025-10-12 15:15:00+00:00,2025-10-12 10:30:00-05:00,2025-10-12 15:30:00+00:00,CNTRY_RN,Resource Node,REAL_TIME_15_MIN,-0.53
2025-10-12 10:30:00-05:00,2025-10-12 15:30:00+00:00,2025-10-12 10:45:00-05:00,2025-10-12 15:45:00+00:00,CBY_CBY_G1,Resource Node,REAL_TIME_15_MIN,2.05
2025-10-12 10:30:00-05:00,2025-10-12 15:30:00+00:00,2025-10-12 10:45:00-05:00,2025-10-12 15:45:00+00:00,CNTRY_RN,Resource Node,REAL_TIME_15_MIN,-0.47
2025-10-12 10:45:00-05:00,2025-10-12 15:45:00+00:00,2025-10-12 11:00:00-05:00,2025-10-12 16:00:00+00:00,CBY_CBY_G1,Resource Node,REAL_TIME_15_MIN,2.02
2025-10-12 10:45:00-05:00,2025-10-12 15:45:00+00:00,2025-10-12 11:00:00-05:00,2025-10-12 16:00:00+00:00,CNTRY_RN,Resource Node,REAL_TIME_15_MIN,-0.45
2025-10-12 11:00:00-05:00,2025-10-12 16:00:00+00:00,2025-10-12 11:15:00-05:00,2025-10-12 16:15:00+00:00,CBY_CBY_G1,Resource Node,REAL_TIME_15_MIN,2.54
2025-10-12 11:00:00-05:00,2025-10-12 16:00:00+00:00,2025-10-12 11:15:00-05:00,2025-10-12 16:15:00+00:00,CNTRY_RN,Resource Node,REAL_TIME_15_MIN,-0.15
2025-10-12 11:15:00-05:00,2025-10-12 16:15:00+00:00,2025-10-12 11:30:00-05:00,2025-10-12 16:30:00+00:00,CBY_CBY_G1,Resource Node,REAL_TIME_15_MIN,4.45
2025-10-12 11:15:00-05:00,2025-10-12 16:15:00+00:00,2025-10-12 11:30:00-05:00,2025-10-12 16:30:00+00:00,CNTRY_RN,Resource Node,REAL_TIME_15_MIN,1.09
2025-10-12 11:30:00-05:00,2025-10-12 16:30:00+00:00,2025-10-12 11:45:00-05:00,2025-10-12 16:45:00+00:00,CBY_CBY_G1,Resource Node,REAL_TIME_15_MIN,8.32
2025-10-12 11:30:00-05:00,2025-10-12 16:30:00+00:00,2025-10-12 11:45:00-05:00,2025-10-12 16:45:00+00:00,CNTRY_RN,Resource Node,REAL_TIME_15_MIN,6.55
2025-10-12 11:45:00-05:00,2025-10-12 16:45:00+00:00,2025-10-12 12:00:00-05:00,2025-10-12 17:00:00+00:00,CBY_CBY_G1,Resource Node,REAL_TIME_15_MIN,11.88
2025-10-12 11:45:00-05:00,2025-10-12 16:45:00+00:00,2025-10-12 12:00:00-05:00,2025-10-12 17:00:00+00:00,CNTRY_RN,Resource Node,REAL_TIME_15_MIN,11.19
2025-10-12 12:00:00-05:00,2025-10-12 17:00:00+00:00,2025-10-12 12:15:00-05:00,2025-10-12 17:15:00+00:00,CBY_CBY_G1,Resource Node,REAL_TIME_15_MIN,14.08
2025-10-12 12:00:00-05:00,2025-10-12 17:00:00+00:00,2025-10-12 12:15:00-05:00,2025-10-12 17:15:00+00:00,CNTRY_RN,Resource Node,REAL_TIME_15_MIN,14.01
2025-10-12 12:15:00-05:00,2025-10-12 17:15:00+00:00,2025-10-12 12:30:00-05:00,2025-10-12 17:30:00+00:00,CBY_CBY_G1,Resource Node,REAL_TIME_15_MIN,17.11
2025-10-12 12:15:00-05:00,2025-10-12 17:15:00+00:00,2025-10-12 12:30:00-05:00,2025-10-12 17:30:00+00:00,CNTRY_RN,Resource Node,REAL_TIME_15_MIN,21.37
2025-10-12 12:30:00-05:00,2025-10-12 17:30:00+00:00,2025-10-12 12:45:00-05:00,2025-10-12 17:45:00+00:00,CBY_CBY_G1,Resource Node,REAL_TIME_15_MIN,18.71
2025-10-12 12:30:00-05:00,2025-10-12 17:30:00+00:00,2025-10-12 12:45:00-05:00,2025-10-12 17:45:00+00:00,CNTRY_RN,Resource Node,REAL_TIME_15_MIN,23.21
2025-10-12 12:45:00-05:00,2025-10-12 17:45:00+00:00,2025-10-12 13:00:00-05:00,2025-10-12 18:00:00+00:00,CBY_CBY_G1,Resource Node,REAL_TIME_15_MIN,21.93
2025-10-12 12:45:00-05:00,2025-10-12 17:45:00+00:00,2025-10-12 13:00:00-05:00,2025-10-12 18:00:00+00:00,CNTRY_RN,Resource Node,REAL_TIME_15_MIN,32.78
2025-10-12 13:00:00-05:00,2025-10-12 18:00:00+00:00,2025-10-12 13:15:00-05:00,2025-10-12 18:15:00+00:00,CBY_CBY_G1,Resource Node,REAL_TIME_15_MIN,21.8
2025-10-12 13:00:00-05:00,2025-10-12 18:00:00+00:00,2025-10-12 13:15:00-05:00,2025-10-12 18:15:00+00:00,CNTRY_RN,Resource Node,REAL_TIME_15_MIN,37.1
2025-10-12 13:15:00-05:00,2025-10-12 18:15:00+00:00,2025-10-12 13:30:00-05:00,2025-10-12 18:30:00+00:00,CBY_CBY_G1,Resource Node,REAL_TIME_15_MIN,25.57
2025-10-12 13:15:00-05:00,2025-10-12 18:15:00+00:00,2025-10-12 13:30:00-05:00,2025-10-12 18:30:00+00:00,CNTRY_RN,Resource Node,REAL_TIME_15_MIN,47.7
2025-10-12 13:30:00-05:00,2025-10-12 18:30:00+00:00,2025-10-12 13:45:00-05:00,2025-10-12 18:45:00+00:00,CBY_CBY_G1,Resource Node,REAL_TIME_15_MIN,32.06
2025-10-12 13:30:00-05:00,2025-10-12 18:30:00+00:00,2025-10-12 13:45:00-05:00,2025-10-12 18:45:00+00:00,CNTRY_RN,Resource Node,REAL_TIME_15_MIN,60.05
2025-10-12 13:45:00-05:00,2025-10-12 18:45:00+00:00,2025-10-12 14:00:00-05:00,2025-10-12 19:00:00+00:00,CBY_CBY_G1,Resource Node,REAL_TIME_15_MIN,34.46
2025-10-12 13:45:00-05:00,2025-10-12 18:45:00+00:00,2025-10-12 14:00:00-05:00,2025-10-12 19:00:00+00:00,CNTRY_RN,Resource Node,REAL_TIME_15_MIN,60.12
2025-10-12 14:00:00-05:00,2025-10-12 19:00:00+00:00,2025-10-12 14:15:00-05:00,2025-10-12 19:15:00+00:00,CBY_CBY_G1,Resource Node,REAL_TIME_15_MIN,26.23
2025-10-12 14:00:00-05:00,2025-10-12 19:00:00+00:00,2025-10-12 14:15:00-05:00,2025-10-12 19:15:00+00:00,CNTRY_RN,Resource Node,REAL_TIME_15_MIN,46.02
2025-10-12 14:15:00-05:00,2025-10-12 19:15:00+00:00,2025-10-12 14:30:00-05:00,2025-10-12 19:30:00+00:00,CBY_CBY_G1,Resource Node,REAL_TIME_15_MIN,33.57
2025-10-12 14:15:00-05:00,2025-10-12 19:15:00+00:00,2025-10-12 14:30:00-05:00,2025-10-12 19:30:00+00:00,CNTRY_RN,Resource Node,REAL_TIME_15_MIN,56.16
2025-10-12 14:30:00-05:00,2025-10-12 19:30:00+00:00,2025-10-12 14:45:00-05:00,2025-10-12 19:45:00+00:00,CBY_CBY_G1,Resource Node,REAL_TIME_15_MIN,35.2
2025-10-12 14:30:00-05:00,2025-10-12 19:30:00+00:00,2025-10-12 14:45:00-05:00,2025-10-12 19:45:00+00:00,CNTRY_RN,Resource Node,REAL_TIME_15_MIN,62.49
2025-10-12 14:45:00-05:00,2025-10-12 19:45:00+00:00,2025-10-12 15:00:00-05:00,2025-10-12 20:00:00+00:00,CBY_CBY_G1,Resource Node,REAL_TIME_15_MIN,44.54
2025-10-12 14:45:00-05:00,2025-10-12 19:45:00+00:00,2025-10-12 15:00:00-05:00,2025-10-12 20:00:00+00:00,CNTRY_RN,Resource Node,REAL_TIME_15_MIN,78.06
2025-10-12 15:00:00-05:00,2025-10-12 20:00:00+00:00,2025-10-12 15:15:00-05:00,2025-10-12 20:15:00+00:00,CBY_CBY_G1,Resource Node,REAL_TIME_15_MIN,49.5
2025-10-12 15:00:00-05:00,2025-10-12 20:00:00+00:00,2025-10-12 15:15:00-05:00,2025-10-12 20:15:00+00:00,CNTRY_RN,Resource Node,REAL_TIME_15_MIN,86.06
2025-10-12 15:15:00-05:00,2025-10-12 20:15:00+00:00,2025-10-12 15:30:00-05:00,2025-10-12 20:30:00+00:00,CBY_CBY_G1,Resource Node,REAL_TIME_15_MIN,49.77
2025-10-12 15:15:00-05:00,2025-10-12 20:15:00+00:00,2025-10-12 15:30:00-05:00,2025-10-12 20:30:00+00:00,CNTRY_RN,Resource Node,REAL_TIME_15_MIN,89.14
2025-10-12 15:30:00-05:00,2025-10-12 20:30:00+00:00,2025-10-12 15:45:00-05:00,2025-10-12 20:45:00+00:00,CBY_CBY_G1,Resource Node,REAL_TIME_15_MIN,49.62
2025-10-12 15:30:00-05:00,2025-10-12 20:30:00+00:00,2025-10-12 15:45:00-05:00,2025-10-12 20:45:00+00:00,CNTRY_RN,Resource Node,REAL_TIME_15_MIN,87.52
2025-10-12 15:45:00-05:00,2025-10-12 20:45:00+00:00,2025-10-12 16:00:00-05:00,2025-10-12 21:00:00+00:00,CBY_CBY_G1,Resource Node,REAL_TIME_15_MIN,31.29
2025-10-12 15:45:00-05:00,2025-10-12 20:45:00+00:00,2025-10-12 16:00:00-05:00,2025-10-12 21:00:00+00:00,CNTRY_RN,Resource Node,REAL_TIME_15_MIN,50.41
2025-10-12 16:00:00-05:00,2025-10-12 21:00:00+00:00,2025-10-12 16:15:00-05:00,2025-10-12 21:15:00+00:00,CBY_CBY_G1,Resource Node,REAL_TIME_15_MIN,32.46
2025-10-12 16:00:00-05:00,2025-10-12 21:00:00+00:00,2025-10-12 16:15:00-05:00,2025-10-12 21:15:00+00:00,CNTRY_RN,Resource Node,REAL_TIME_15_MIN,48.75
2025-10-12 16:15:00-05:00,2025-10-12 21:15:00+00:00,2025-10-12 16:30:00-05:00,2025-10-12 21:30:00+00:00,CBY_CBY_G1,Resource Node,REAL_TIME_15_MIN,35.48
2025-10-12 16:15:00-05:00,2025-10-12 21:15:00+00:00,2025-10-12 16:30:00-05:00,2025-10-12 21:30:00+00:00,CNTRY_RN,Resource Node,REAL_TIME_15_MIN,45.52
2025-10-12 16:30:00-05:00,2025-10-12 21:30:00+00:00,2025-10-12 16:45:00-05:00,2025-10-12 21:45:00+00:00,CBY_CBY_G1,Resource Node,REAL_TIME_15_MIN,37.31
2025-10-12 16:30:00-05:00,2025-10-12 21:30:00+00:00,2025-10-12 16:45:00-05:00,2025-10-12 21:45:00+00:00,CNTRY_RN,Resource Node,REAL_TIME_15_MIN,43.64
2025-10-12 16:45:00-05:00,2025-10-12 21:45:00+00:00,2025-10-12 17:00:00-05:00,2025-10-12 22:00:00+00:00,CBY_CBY_G1,Resource Node,REAL_TIME_15_MIN,34.92
2025-10-12 16:45:00-05:00,2025-10-12 21:45:00+00:00,2025-10-12 17:00:00-05:00,2025-10-12 22:00:00+00:00,CNTRY_RN,Resource Node,REAL_TIME_15_MIN,36.0
2025-10-12 17:00:00-05:00,2025-10-12 22:00:00+00:00,2025-10-12 17:15:00-05:00,2025-10-12 22:15:00+00:00,CBY_CBY_G1,Resource Node,REAL_TIME_15_MIN,45.82
2025-10-12 17:00:00-05:00,2025-10-12 22:00:00+00:00,2025-10-12 17:15:00-05:00,2025-10-12 22:15:00+00:00,CNTRY_RN,Resource Node,REAL_TIME_15_MIN,53.08
2025-10-12 17:15:00-05:00,2025-10-12 22:15:00+00:00,2025-10-12 17:30:00-05:00,2025-10-12 22:30:00+00:00,CBY_CBY_G1,Resource Node,REAL_TIME_15_MIN,65.32
2025-10-12 17:15:00-05:00,2025-10-12 22:15:00+00:00,2025-10-12 17:30:00-05:00,2025-10-12 22:30:00+00:00,CNTRY_RN,Resource Node,REAL_TIME_15_MIN,82.89
2025-10-12 17:30:00-05:00,2025-10-12 22:30:00+00:00,2025-10-12 17:45:00-05:00,2025-10-12 22:45:00+00:00,CBY_CBY_G1,Resource Node,REAL_TIME_15_MIN,82.56
2025-10-12 17:30:00-05:00,2025-10-12 22:30:00+00:00,2025-10-12 17:45:00-05:00,2025-10-12 22:45:00+00:00,CNTRY_RN,Resource Node,REAL_TIME_15_MIN,110.05
2025-10-12 17:45:00-05:00,2025-10-12 22:45:00+00:00,2025-10-12 18:00:00-05:00,2025-10-12 23:00:00+00:00,CBY_CBY_G1,Resource Node,REAL_TIME_15_MIN,94.69
2025-10-12 17:45:00-05:00,2025-10-12 22:45:00+00:00,2025-10-12 18:00:00-05:00,2025-10-12 23:00:00+00:00,CNTRY_RN,Resource Node,REAL_TIME_15_MIN,101.69
2025-10-12 18:00:00-05:00,2025-10-12 23:00:00+00:00,2025-10-12 18:15:00-05:00,2025-10-12 23:15:00+00:00,CBY_CBY_G1,Resource Node,REAL_TIME_15_MIN,80.36
2025-10-12 18:00:00-05:00,2025-10-12 23:00:00+00:00,2025-10-12 18:15:00-05:00,2025-10-12 23:15:00+00:00,CNTRY_RN,Resource Node,REAL_TIME_15_MIN,80.36
2025-10-12 18:15:00-05:00,2025-10-12 23:15:00+00:00,2025-10-12 18:30:00-05:00,2025-10-12 23:30:00+00:00,CBY_CBY_G1,Resource Node,REAL_TIME_15_MIN,113.49
2025-10-12 18:15:00-05:00,2025-10-12 23:15:00+00:00,2025-10-12 18:30:00-05:00,2025-10-12 23:30:00+00:00,CNTRY_RN,Resource Node,REAL_TIME_15_MIN,113.49
2025-10-12 18:30:00-05:00,2025-10-12 23:30:00+00:00,2025-10-12 18:45:00-05:00,2025-10-12 23:45:00+00:00,CBY_CBY_G1,Resource Node,REAL_TIME_15_MIN,204.88
2025-10-12 18:30:00-05:00,2025-10-12 23:30:00+00:00,2025-10-12 18:45:00-05:00,2025-10-12 23:45:00+00:00,CNTRY_RN,Resource Node,REAL_TIME_15_MIN,204.88
2025-10-12 18:45:00-05:00,2025-10-12 23:45:00+00:00,2025-10-12 19:00:00-05:00,2025-10-13 00:00:00+00:00,CBY_CBY_G1,Resource Node,REAL_TIME_15_MIN,196.61
2025-10-12 18:45:00-05:00,2025-10-12 23:45:00+00:00,2025-10-12 19:00:00-05:00,2025-10-13 00:00:00+00:00,CNTRY_RN,Resource Node,REAL_TIME_15_MIN,196.61
2025-10-12 19:00:00-05:00,2025-10-13 00:00:00+00:00,2025-10-12 19:15:00-05:00,2025-10-13 00:15:00+00:00,CBY_CBY_G1,Resource Node,REAL_TIME_15_MIN,174.88
2025-10-12 19:00:00-05:00,2025-10-13 00:00:00+00:00,2025-10-12 19:15:00-05:00,2025-10-13 00:15:00+00:00,CNTRY_RN,Resource Node,REAL_TIME_15_MIN,174.88
2025-10-12 19:15:00-05:00,2025-10-13 00:15:00+00:00,2025-10-12 19:30:00-05:00,2025-10-13 00:30:00+00:00,CBY_CBY_G1,Resource Node,REAL_TIME_15_MIN,159.13
2025-10-12 19:15:00-05:00,2025-10-13 00:15:00+00:00,2025-10-12 19:30:00-05:00,2025-10-13 00:30:00+00:00,CNTRY_RN,Resource Node,REAL_TIME_15_MIN,159.13
2025-10-12 19:30:00-05:00,2025-10-13 00:30:00+00:00,2025-10-12 19:45:00-05:00,2025-10-13 00:45:00+00:00,CBY_CBY_G1,Resource Node,REAL_TIME_15_MIN,132.74
2025-10-12 19:30:00-05:00,2025-10-13 00:30:00+00:00,2025-10-12 19:45:00-05:00,2025-10-13 00:45:00+00:00,CNTRY_RN,Resource Node,REAL_TIME_15_MIN,132.74
2025-10-12 19:45:00-05:00,2025-10-13 00:45:00+00:00,2025-10-12 20:00:00-05:00,2025-10-13 01:00:00+00:00,CBY_CBY_G1,Resource Node,REAL_TIME_15_MIN,126.25
2025-10-12 19:45:00-05:00,2025-10-13 00:45:00+00:00,2025-10-12 20:00:00-05:00,2025-10-13 01:00:00+00:00,CNTRY_RN,Resource Node,REAL_TIME_15_MIN,126.25
2025-10-12 20:00:00-05:00,2025-10-13 01:00:00+00:00,2025-10-12 20:15:00-05:00,2025-10-13 01:15:00+00:00,CBY_CBY_G1,Resource Node,REAL_TIME_15_MIN,290.02
2025-10-12 20:00:00-05:00,2025-10-13 01:00:00+00:00,2025-10-12 20:15:00-05:00,2025-10-13 01:15:00+00:00,CNTRY_RN,Resource Node,REAL_TIME_15_MIN,290.02
2025-10-12 20:15:00-05:00,2025-10-13 01:15:00+00:00,2025-10-12 20:30:00-05:00,2025-10-13 01:30:00+00:00,CBY_CBY_G1,Resource Node,REAL_TIME_15_MIN,139.34
2025-10-12 20:15:00-05:00,2025-10-13 01:15:00+00:00,2025-10-12 20:30:00-05:00,2025-10-13 01:30:00+00:00,CNTRY_RN,Resource Node,REAL_TIME_15_MIN,139.34
2025-10-12 20:30:00-05:00,2025-10-13 01:30:00+00:00,2025-10-12 20:45:00-05:00,2025-10-13 01:45:00+00:00,CBY_CBY_G1,Resource Node,REAL_TIME_15_MIN,72.08
2025-10-12 20:30:00-05:00,2025-10-13 01:30:00+00:00,2025-10-12 20:45:00-05:00,2025-10-13 01:45:00+00:00,CNTRY_RN,Resource Node,REAL_TIME_15_MIN,72.08
2025-10-12 20:45:00-05:00,2025-10-13 01:45:00+00:00,2025-10-12 21:00:00-05:00,2025-10-13 02:00:00+00:00,CBY_CBY_G1,Resource Node,REAL_TIME_15_MIN,76.5
2025-10-12 20:45:00-05:00,2025-10-13 01:45:00+00:00,2025-10-12 21:00:00-05:00,2025-10-13 02:00:00+00:00,CNTRY_RN,Resource Node,REAL_TIME_15_MIN,76.5
2025-10-12 21:00:00-05:00,2025-10-13 02:00:00+00:00,2025-10-12 21:15:00-05:00,2025-10-13 02:15:00+00:00,CBY_CBY_G1,Resource Node,REAL_TIME_15_MIN,82.38
2025-10-12 21:00:00-05:00,2025-10-13 02:00:00+00:00,2025-10-12 21:15:00-05:00,2025-10-13 02:15:00+00:00,CNTRY_RN,Resource Node,REAL_TIME_15_MIN,82.38
2025-10-12 21:15:00-05:00,2025-10-13 02:15:00+00:00,2025-10-12 21:30:00-05:00,2025-10-13 02:30:00+00:00,CBY_CBY_G1,Resource Node,REAL_TIME_15_MIN,74.14
2025-10-12 21:15:00-05:00,2025-10-13 02:15:00+00:00,2025-10-12 21:30:00-05:00,2025-10-13 02:30:00+00:00,CNTRY_RN,Resource Node,REAL_TIME_15_MIN,73.57
2025-10-12 21:30:00-05:00,2025-10-13 02:30:00+00:00,2025-10-12 21:45:00-05:00,2025-10-13 02:45:00+00:00,CBY_CBY_G1,Resource Node,REAL_TIME_15_MIN,49.69
2025-10-12 21:30:00-05:00,2025-10-13 02:30:00+00:00,2025-10-12 21:45:00-05:00,2025-10-13 02:45:00+00:00,CNTRY_RN,Resource Node,REAL_TIME_15_MIN,49.66
2025-10-12 21:45:00-05:00,2025-10-13 02:45:00+00:00,2025-10-12 22:00:00-05:00,2025-10-13 03:00:00+00:00,CBY_CBY_G1,Resource Node,REAL_TIME_15_MIN,45.55
2025-10-12 21:45:00-05:00,2025-10-13 02:45:00+00:00,2025-10-12 22:00:00-05:00,2025-10-13 03:00:00+00:00,CNTRY_RN,Resource Node,REAL_TIME_15_MIN,43.99
2025-10-12 22:00:00-05:00,2025-10-13 03:00:00+00:00,2025-10-12 22:15:00-05:00,2025-10-13 03:15:00+00:00,CBY_CBY_G1,Resource Node,REAL_TIME_15_MIN,38.59
2025-10-12 22:00:00-05:00,2025-10-13 03:00:00+00:00,2025-10-12 22:15:00-05:00,2025-10-13 03:15:00+00:00,CNTRY_RN,Resource Node,REAL_TIME_15_MIN,36.67
2025-10-12 22:15:00-05:00,2025-10-13 03:15:00+00:00,2025-10-12 22:30:00-05:00,2025-10-13 03:30:00+00:00,CBY_CBY_G1,Resource Node,REAL_TIME_15_MIN,35.75
2025-10-12 22:15:00-05:00,2025-10-13 03:15:00+00:00,2025-10-12 22:30:00-05:00,2025-10-13 03:30:00+00:00,CNTRY_RN,Resource Node,REAL_TIME_15_MIN,32.94
2025-10-12 22:30:00-05:00,2025-10-13 03:30:00+00:00,2025-10-12 22:45:00-05:00,2025-10-13 03:45:00+00:00,CBY_CBY_G1,Resource Node,REAL_TIME_15_MIN,34.18
2025-10-12 22:30:00-05:00,2025-10-13 03:30:00+00:00,2025-10-12 22:45:00-05:00,2025-10-13 03:45:00+00:00,CNTRY_RN,Resource Node,REAL_TIME_15_MIN,31.19
2025-10-12 22:45:00-05:00,2025-10-13 03:45:00+00:00,2025-10-12 23:00:00-05:00,2025-10-13 04:00:00+00:00,CBY_CBY_G1,Resource Node,REAL_TIME_15_MIN,32.51
2025-10-12 22:45:00-05:00,2025-10-13 03:45:00+00:00,2025-10-12 23:00:00-05:00,2025-10-13 04:00:00+00:00,CNTRY_RN,Resource Node,REAL_TIME_15_MIN,29.22
2025-10-12 23:00:00-05:00,2025-10-13 04:00:00+00:00,2025-10-12 23:15:00-05:00,2025-10-13 04:15:00+00:00,CBY_CBY_G1,Resource Node,REAL_TIME_15_MIN,35.2
2025-10-12 23:00:00-05:00,2025-10-13 04:00:00+00:00,2025-10-12 23:15:00-05:00,2025-10-13 04:15:00+00:00,CNTRY_RN,Resource Node,REAL_TIME_15_MIN,31.43
2025-10-12 23:15:00-05:00,2025-10-13 04:15:00+00:00,2025-10-12 23:30:00-05:00,2025-10-13 04:30:00+00:00,CBY_CBY_G1,Resource Node,REAL_TIME_15_MIN,38.02
2025-10-12 23:15:00-05:00,2025-10-13 04:15:00+00:00,2025-10-12 23:30:00-05:00,2025-10-13 04:30:00+00:00,CNTRY_RN,Resource Node,REAL_TIME_15_MIN,34.97
2025-10-12 23:30:00-05:00,2025-10-13 04:30:00+00:00,2025-10-12 23:45:00-05:00,2025-10-13 04:45:00+00:00,CBY_CBY_G1,Resource Node,REAL_TIME_15_MIN,35.37
2025-10-12 23:30:00-05:00,2025-10-13 04:30:00+00:00,2025-10-12 23:45:00-05:00,2025-10-13 04:45:00+00:00,CNTRY_RN,Resource Node,REAL_TIME_15_MIN,33.55
2025-10-12 23:45:00-05:00,2025-10-13 04:45:00+00:00,2025-10-13 00:00:00-05:00,2025-10-13 05:00:00+00:00,CBY_CBY_G1,Resource Node,REAL_TIME_15_MIN,30.35
2025-10-12 23:45:00-05:00,2025-10-13 04:45:00+00:00,2025-10-13 00:00:00-05:00,2025-10-13 05:00:00+00:00,CNTRY_RN,Resource Node,REAL_TIME_15_MIN,29.72
