interval_start_local,interval_start_utc,interval_end_local,interval_end_utc,location,location_type,market,spp
2025-09-28 00:00:00-05:00,2025-09-28 05:00:00+00:00,2025-09-28 00:15:00-05:00,2025-09-28 05:15:00+00:00,CR_RN,Resource Node,REAL_TIME_15_MIN,18.75
2025-09-28 00:00:00-05:00,2025-09-28 05:00:00+00:00,2025-09-28 00:15:00-05:00,2025-09-28 05:15:00+00:00,P2_DGR2_RN,Resource Node,REAL_TIME_15_MIN,18.84
2025-09-28 00:00:00-05:00,2025-09-28 05:00:00+00:00,2025-09-28 00:15:00-05:00,2025-09-28 05:15:00+00:00,PRCRK_RN,Resource Node,REAL_TIME_15_MIN,18.7
2025-09-28 00:15:00-05:00,2025-09-28 05:15:00+00:00,2025-09-28 00:30:00-05:00,2025-09-28 05:30:00+00:00,CR_RN,Resource Node,REAL_TIME_15_MIN,17.79
2025-09-28 00:15:00-05:00,2025-09-28 05:15:00+00:00,2025-09-28 00:30:00-05:00,2025-09-28 05:30:00+00:00,P2_DGR2_RN,Resource Node,REAL_TIME_15_MIN,18.05
2025-09-28 00:15:00-05:00,2025-09-28 05:15:00+00:00,2025-09-28 00:30:00-05:00,2025-09-28 05:30:00+00:00,PRCRK_RN,Resource Node,REAL_TIME_15_MIN,17.69
2025-09-28 00:30:00-05:00,2025-09-28 05:30:00+00:00,2025-09-28 00:45:00-05:00,2025-09-28 05:45:00+00:00,CR_RN,Resource Node,REAL_TIME_15_MIN,18.34
2025-09-28 00:30:00-05:00,2025-09-28 05:30:00+00:00,2025-09-28 00:45:00-05:00,2025-09-28 05:45:00+00:00,P2_DGR2_RN,Resource Node,REAL_TIME_15_MIN,19.09
2025-09-28 00:30:00-05:00,2025-09-28 05:30:00+00:00,2025-09-28 00:45:00-05:00,2025-09-28 05:45:00+00:00,PRCRK_RN,Resource Node,REAL_TIME_15_MIN,17.76
2025-09-28 00:45:00-05:00,2025-09-28 05:45:00+00:00,2025-09-28 01:00:00-05:00,2025-09-28 06:00:00+00:00,CR_RN,Resource Node,REAL_TIME_15_MIN,20.06
2025-09-28 00:45:00-05:00,2025-09-28 05:45:00+00:00,2025-09-28 01:00:00-05:00,2025-09-28 06:00:00+00:00,P2_DGR2_RN,Resource Node,REAL_TIME_15_MIN,22.74
2025-09-28 00:45:00-05:00,2025-09-28 05:45:00+00:00,2025-09-28 01:00:00-05:00,2025-09-28 06:00:00+00:00,PRCRK_RN,Resource Node,REAL_TIME_15_MIN,17.62
2025-09-28 01:00:00-05:00,2025-09-28 06:00:00+00:00,2025-09-28 01:15:00-05:00,2025-09-28 06:15:00+00:00,CR_RN,Resource Node,REAL_TIME_15_MIN,19.22
2025-09-28 01:00:00-05:00,2025-09-28 06:00:00+00:00,2025-09-28 01:15:00-05:00,2025-09-28 06:15:00+00:00,P2_DGR2_RN,Resource Node,REAL_TIME_15_MIN,22.05
2025-09-28 01:00:00-05:00,2025-09-28 06:00:00+00:00,2025-09-28 01:15:00-05:00,2025-09-28 06:15:00+00:00,PRCRK_RN,Resource Node,REAL_TIME_15_MIN,16.66
2025-09-28 01:15:00-05:00,2025-09-28 06:15:00+00:00,2025-09-28 01:30:00-05:00,2025-09-28 06:30:00+00:00,CR_RN,Resource Node,REAL_TIME_15_MIN,18.87
2025-09-28 01:15:00-05:00,2025-09-28 06:15:00+00:00,2025-09-28 01:30:00-05:00,2025-09-28 06:30:00+00:00,P2_DGR2_RN,Resource Node,REAL_TIME_15_MIN,19.71
2025-09-28 01:15:00-05:00,2025-09-28 06:15:00+00:00,2025-09-28 01:30:00-05:00,2025-09-28 06:30:00+00:00,PRCRK_RN,Resource Node,REAL_TIME_15_MIN,18.17
2025-09-28 01:30:00-05:00,2025-09-28 06:30:00+00:00,2025-09-28 01:45:00-05:00,2025-09-28 06:45:00+00:00,CR_RN,Resource Node,REAL_TIME_15_MIN,18.67
2025-09-28 01:30:00-05:00,2025-09-28 06:30:00+00:00,2025-09-28 01:45:00-05:00,2025-09-28 06:45:00+00:00,P2_DGR2_RN,Resource Node,REAL_TIME_15_MIN,18.87
2025-09-28 01:30:00-05:00,2025-09-28 06:30:00+00:00,2025-09-28 01:45:00-05:00,2025-09-28 06:45:00+00:00,PRCRK_RN,Resource Node,REAL_TIME_15_MIN,18.6
2025-09-28 01:45:00-05:00,2025-09-28 06:45:00+00:00,2025-09-28 02:00:00-05:00,2025-09-28 07:00:00+00:00,CR_RN,Resource Node,REAL_TIME_15_MIN,18.87
2025-09-28 01:45:00-05:00,2025-09-28 06:45:00+00:00,2025-09-28 02:00:00-05:00,2025-09-28 07:00:00+00:00,P2_DGR2_RN,Resource Node,REAL_TIME_15_MIN,19.28
2025-09-28 01:45:00-05:00,2025-09-28 06:45:00+00:00,2025-09-28 02:00:00-05:00,2025-09-28 07:00:00+00:00,PRCRK_RN,Resource Node,REAL_TIME_15_MIN,18.53
2025-09-28 02:00:00-05:00,2025-09-28 07:00:00+00:00,2025-09-28 02:15:00-05:00,2025-09-28 07:15:00+00:00,CR_RN,Resource Node,REAL_TIME_15_MIN,18.22
2025-09-28 02:00:00-05:00,2025-09-28 07:00:00+00:00,2025-09-28 02:15:00-05:00,2025-09-28 07:15:00+00:00,P2_DGR2_RN,Resource Node,REAL_TIME_15_MIN,18.19
2025-09-28 02:00:00-05:00,2025-09-28 07:00:00+00:00,2025-09-28 02:15:00-05:00,2025-09-28 07:15:00+00:00,PRCRK_RN,Resource Node,REAL_TIME_15_MIN,18.29
2025-09-28 02:15:00-05:00,2025-09-28 07:15:00+00:00,2025-09-28 02:30:00-05:00,2025-09-28 07:30:00+00:00,CR_RN,Resource Node,REAL_TIME_15_MIN,17.79
2025-09-28 02:15:00-05:00,2025-09-28 07:15:00+00:00,2025-09-28 02:30:00-05:00,2025-09-28 07:30:00+00:00,P2_DGR2_RN,Resource Node,REAL_TIME_15_MIN,18.06
2025-09-28 02:15:00-05:00,2025-09-28 07:15:00+00:00,2025-09-28 02:30:00-05:00,2025-09-28 07:30:00+00:00,PRCRK_RN,Resource Node,REAL_TIME_15_MIN,17.55
2025-09-28 02:30:00-05:00,2025-09-28 07:30:00+00:00,2025-09-28 02:45:00-05:00,2025-09-28 07:45:00+00:00,CR_RN,Resource Node,REAL_TIME_15_MIN,17.14
2025-09-28 02:30:00-05:00,2025-09-28 07:30:00+00:00,2025-09-28 02:45:00-05:00,2025-09-28 07:45:00+00:00,P2_DGR2_RN,Resource Node,REAL_TIME_15_MIN,18.94
2025-09-28 02:30:00-05:00,2025-09-28 07:30:00+00:00,2025-09-28 02:45:00-05:00,2025-09-28 07:45:00+00:00,PRCRK_RN,Resource Node,REAL_TIME_15_MIN,15.51
2025-09-28 02:45:00-05:00,2025-09-28 07:45:00+00:00,2025-09-28 03:00:00-05:00,2025-09-28 08:00:00+00:00,CR_RN,Resource Node,REAL_TIME_15_MIN,17.42
2025-09-28 02:45:00-05:00,2025-09-28 07:45:00+00:00,2025-09-28 03:00:00-05:00,2025-09-28 08:00:00+00:00,P2_DGR2_RN,Resource Node,REAL_TIME_15_MIN,19.55
2025-09-28 02:45:00-05:00,2025-09-28 07:45:00+00:00,2025-09-28 03:00:00-05:00,2025-09-28 08:00:00+00:00,PRCRK_RN,Resource Node,REAL_TIME_15_MIN,15.49
2025-09-28 03:00:00-05:00,2025-09-28 08:00:00+00:00,2025-09-28 03:15:00-05:00,2025-09-28 08:15:00+00:00,CR_RN,Resource Node,REAL_TIME_15_MIN,18.85
2025-09-28 03:00:00-05:00,2025-09-28 08:00:00+00:00,2025-09-28 03:15:00-05:00,2025-09-28 08:15:00+00:00,P2_DGR2_RN,Resource Node,REAL_TIME_15_MIN,20.58
2025-09-28 03:00:00-05:00,2025-09-28 08:00:00+00:00,2025-09-28 03:15:00-05:00,2025-09-28 08:15:00+00:00,PRCRK_RN,Resource Node,REAL_TIME_15_MIN,17.27
2025-09-28 03:15:00-05:00,2025-09-28 08:15:00+00:00,2025-09-28 03:30:00-05:00,2025-09-28 08:30:00+00:00,CR_RN,Resource Node,REAL_TIME_15_MIN,18.24
2025-09-28 03:15:00-05:00,2025-09-28 08:15:00+00:00,2025-09-28 03:30:00-05:00,2025-09-28 08:30:00+00:00,P2_DGR2_RN,Resource Node,REAL_TIME_15_MIN,18.4
2025-09-28 03:15:00-05:00,2025-09-28 08:15:00+00:00,2025-09-28 03:30:00-05:00,2025-09-28 08:30:00+00:00,PRCRK_RN,Resource Node,REAL_TIME_15_MIN,18.13
2025-09-28 03:30:00-05:00,2025-09-28 08:30:00+00:00,2025-09-28 03:45:00-05:00,2025-09-28 08:45:00+00:00,CR_RN,Resource Node,REAL_TIME_15_MIN,17.49
2025-09-28 03:30:00-05:00,2025-09-28 08:30:00+00:00,2025-09-28 03:45:00-05:00,2025-09-28 08:45:00+00:00,P2_DGR2_RN,Resource Node,REAL_TIME_15_MIN,18.05
2025-09-28 03:30:00-05:00,2025-09-28 08:30:00+00:00,2025-09-28 03:45:00-05:00,2025-09-28 08:45:00+00:00,PRCRK_RN,Resource Node,REAL_TIME_15_MIN,16.99
2025-09-28 03:45:00-05:00,2025-09-28 08:45:00+00:00,2025-09-28 04:00:00-05:00,2025-09-28 09:00:00+00:00,CR_RN,Resource Node,REAL_TIME_15_MIN,17.98
2025-09-28 03:45:00-05:00,2025-09-28 08:45:00+00:00,2025-09-28 04:00:00-05:00,2025-09-28 09:00:00+00:00,P2_DGR2_RN,Resource Node,REAL_TIME_15_MIN,18.0
2025-09-28 03:45:00-05:00,2025-09-28 08:45:00+00:00,2025-09-28 04:00:00-05:00,2025-09-28 09:00:00+00:00,PRCRK_RN,Resource Node,REAL_TIME_15_MIN,17.98
2025-09-28 04:00:00-05:00,2025-09-28 09:00:00+00:00,2025-09-28 04:15:00-05:00,2025-09-28 09:15:00+00:00,CR_RN,Resource Node,REAL_TIME_15_MIN,18.26
2025-09-28 04:00:00-05:00,2025-09-28 09:00:00+00:00,2025-09-28 04:15:00-05:00,2025-09-28 09:15:00+00:00,P2_DGR2_RN,Resource Node,REAL_TIME_15_MIN,18.26
2025-09-28 04:00:00-05:00,2025-09-28 09:00:00+00:00,2025-09-28 04:15:00-05:00,2025-09-28 09:15:00+00:00,PRCRK_RN,Resource Node,REAL_TIME_15_MIN,18.28
2025-09-28 04:15:00-05:00,2025-09-28 09:15:00+00:00,2025-09-28 04:30:00-05:00,2025-09-28 09:30:00+00:00,CR_RN,Resource Node,REAL_TIME_15_MIN,18.14
2025-09-28 04:15:00-05:00,2025-09-28 09:15:00+00:00,2025-09-28 04:30:00-05:00,2025-09-28 09:30:00+00:00,P2_DGR2_RN,Resource Node,REAL_TIME_15_MIN,18.17
2025-09-28 04:15:00-05:00,2025-09-28 09:15:00+00:00,2025-09-28 04:30:00-05:00,2025-09-28 09:30:00+00:00,PRCRK_RN,Resource Node,REAL_TIME_15_MIN,18.11
2025-09-28 04:30:00-05:00,2025-09-28 09:30:00+00:00,2025-09-28 04:45:00-05:00,2025-09-28 09:45:00+00:00,CR_RN,Resource Node,REAL_TIME_15_MIN,17.85
2025-09-28 04:30:00-05:00,2025-09-28 09:30:00+00:00,2025-09-28 04:45:00-05:00,2025-09-28 09:45:00+00:00,P2_DGR2_RN,Resource Node,REAL_TIME_15_MIN,17.91
2025-09-28 04:30:00-05:00,2025-09-28 09:30:00+00:00,2025-09-28 04:45:00-05:00,2025-09-28 09:45:00+00:00,PRCRK_RN,Resource Node,REAL_TIME_15_MIN,17.81
2025-09-28 04:45:00-05:00,2025-09-28 09:45:00+00:00,2025-09-28 05:00:00-05:00,2025-09-28 10:00:00+00:00,CR_RN,Resource Node,REAL_TIME_15_MIN,18.27
2025-09-28 04:45:00-05:00,2025-09-28 09:45:00+00:00,2025-09-28 05:00:00-05:00,2025-09-28 10:00:00+00:00,P2_DGR2_RN,Resource Node,REAL_TIME_15_MIN,18.37
2025-09-28 04:45:00-05:00,2025-09-28 09:45:00+00:00,2025-09-28 05:00:00-05:00,2025-09-28 10:00:00+00:00,PRCRK_RN,Resource Node,REAL_TIME_15_MIN,18.22
2025-09-28 05:00:00-05:00,2025-09-28 10:00:00+00:00,2025-09-28 05:15:00-05:00,2025-09-28 10:15:00+00:00,CR_RN,Resource Node,REAL_TIME_15_MIN,17.74
2025-09-28 05:00:00-05:00,2025-09-28 10:00:00+00:00,2025-09-28 05:15:00-05:00,2025-09-28 10:15:00+00:00,P2_DGR2_RN,Resource Node,REAL_TIME_15_MIN,17.93
2025-09-28 05:00:00-05:00,2025-09-28 10:00:00+00:00,2025-09-28 05:15:00-05:00,2025-09-28 10:15:00+00:00,PRCRK_RN,Resource Node,REAL_TIME_15_MIN,17.68
2025-09-28 05:15:00-05:00,2025-09-28 10:15:00+00:00,2025-09-28 05:30:00-05:00,2025-09-28 10:30:00+00:00,CR_RN,Resource Node,REAL_TIME_15_MIN,17.58
2025-09-28 05:15:00-05:00,2025-09-28 10:15:00+00:00,2025-09-28 05:30:00-05:00,2025-09-28 10:30:00+00:00,P2_DGR2_RN,Resource Node,REAL_TIME_15_MIN,17.81
2025-09-28 05:15:00-05:00,2025-09-28 10:15:00+00:00,2025-09-28 05:30:00-05:00,2025-09-28 10:30:00+00:00,PRCRK_RN,Resource Node,REAL_TIME_15_MIN,17.5
2025-09-28 05:30:00-05:00,2025-09-28 10:30:00+00:00,2025-09-28 05:45:00-05:00,2025-09-28 10:45:00+00:00,CR_RN,Resource Node,REAL_TIME_15_MIN,17.94
2025-09-28 05:30:00-05:00,2025-09-28 10:30:00+00:00,2025-09-28 05:45:00-05:00,2025-09-28 10:45:00+00:00,P2_DGR2_RN,Resource Node,REAL_TIME_15_MIN,18.19
2025-09-28 05:30:00-05:00,2025-09-28 10:30:00+00:00,2025-09-28 05:45:00-05:00,2025-09-28 10:45:00+00:00,PRCRK_RN,Resource Node,REAL_TIME_15_MIN,17.85
2025-09-28 05:45:00-05:00,2025-09-28 10:45:00+00:00,2025-09-28 06:00:00-05:00,2025-09-28 11:00:00+00:00,CR_RN,Resource Node,REAL_TIME_15_MIN,18.12
2025-09-28 05:45:00-05:00,2025-09-28 10:45:00+00:00,2025-09-28 06:00:00-05:00,2025-09-28 11:00:00+00:00,P2_DGR2_RN,Resource Node,REAL_TIME_15_MIN,18.31
2025-09-28 05:45:00-05:00,2025-09-28 10:45:00+00:00,2025-09-28 06:00:00-05:00,2025-09-28 11:00:00+00:00,PRCRK_RN,Resource Node,REAL_TIME_15_MIN,18.05
2025-09-28 06:00:00-05:00,2025-09-28 11:00:00+00:00,2025-09-28 06:15:00-05:00,2025-09-28 11:15:00+00:00,CR_RN,Resource Node,REAL_TIME_15_MIN,19.35
2025-09-28 06:00:00-05:00,2025-09-28 11:00:00+00:00,2025-09-28 06:15:00-05:00,2025-09-28 11:15:00+00:00,P2_DGR2_RN,Resource Node,REAL_TIME_15_MIN,19.46
2025-09-28 06:00:00-05:00,2025-09-28 11:00:00+00:00,2025-09-28 06:15:00-05:00,2025-09-28 11:15:00+00:00,PRCRK_RN,Resource Node,REAL_TIME_15_MIN,19.31
2025-09-28 06:15:00-05:00,2025-09-28 11:15:00+00:00,2025-09-28 06:30:00-05:00,2025-09-28 11:30:00+00:00,CR_RN,Resource Node,REAL_TIME_15_MIN,19.42
2025-09-28 06:15:00-05:00,2025-09-28 11:15:00+00:00,2025-09-28 06:30:00-05:00,2025-09-28 11:30:00+00:00,P2_DGR2_RN,Resource Node,REAL_TIME_15_MIN,19.48
2025-09-28 06:15:00-05:00,2025-09-28 11:15:00+00:00,2025-09-28 06:30:00-05:00,2025-09-28 11:30:00+00:00,PRCRK_RN,Resource Node,REAL_TIME_15_MIN,19.4
2025-09-28 06:30:00-05:00,2025-09-28 11:30:00+00:00,2025-09-28 06:45:00-05:00,2025-09-28 11:45:00+00:00,CR_RN,Resource Node,REAL_TIME_15_MIN,19.87
2025-09-28 06:30:00-05:00,2025-09-28 11:30:00+00:00,2025-09-28 06:45:00-05:00,2025-09-28 11:45:00+00:00,P2_DGR2_RN,Resource Node,REAL_TIME_15_MIN,19.92
2025-09-28 06:30:00-05:00,2025-09-28 11:30:00+00:00,2025-09-28 06:45:00-05:00,2025-09-28 11:45:00+00:00,PRCRK_RN,Resource Node,REAL_TIME_15_MIN,19.86
2025-09-28 06:45:00-05:00,2025-09-28 11:45:00+00:00,2025-09-28 07:00:00-05:00,2025-09-28 12:00:00+00:00,CR_RN,Resource Node,REAL_TIME_15_MIN,19.9
2025-09-28 06:45:00-05:00,2025-09-28 11:45:00+00:00,2025-09-28 07:00:00-05:00,2025-09-28 12:00:00+00:00,P2_DGR2_RN,Resource Node,REAL_TIME_15_MIN,19.96
2025-09-28 06:45:00-05:00,2025-09-28 11:45:00+00:00,2025-09-28 07:00:00-05:00,2025-09-28 12:00:00+00:00,PRCRK_RN,Resource Node,REAL_TIME_15_MIN,19.85
2025-09-28 07:00:00-05:00,2025-09-28 12:00:00+00:00,2025-09-28 07:15:00-05:00,2025-09-28 12:15:00+00:00,CR_RN,Resource Node,REAL_TIME_15_MIN,20.11
2025-09-28 07:00:00-05:00,2025-09-28 12:00:00+00:00,2025-09-28 07:15:00-05:00,2025-09-28 12:15:00+00:00,P2_DGR2_RN,Resource Node,REAL_TIME_15_MIN,20.25
2025-09-28 07:00:00-05:00,2025-09-28 12:00:00+00:00,2025-09-28 07:15:00-05:00,2025-09-28 12:15:00+00:00,PRCRK_RN,Resource Node,REAL_TIME_15_MIN,19.99
2025-09-28 07:15:00-05:00,2025-09-28 12:15:00+00:00,2025-09-28 07:30:00-05:00,2025-09-28 12:30:00+00:00,CR_RN,Resource Node,REAL_TIME_15_MIN,20.57
2025-09-28 07:15:00-05:00,2025-09-28 12:15:00+00:00,2025-09-28 07:30:00-05:00,2025-09-28 12:30:00+00:00,P2_DGR2_RN,Resource Node,REAL_TIME_15_MIN,22.56
2025-09-28 07:15:00-05:00,2025-09-28 12:15:00+00:00,2025-09-28 07:30:00-05:00,2025-09-28 12:30:00+00:00,PRCRK_RN,Resource Node,REAL_TIME_15_MIN,18.78
2025-09-28 07:30:00-05:00,2025-09-28 12:30:00+00:00,2025-09-28 07:45:00-05:00,2025-09-28 12:45:00+00:00,CR_RN,Resource Node,REAL_TIME_15_MIN,20.01
2025-09-28 07:30:00-05:00,2025-09-28 12:30:00+00:00,2025-09-28 07:45:00-05:00,2025-09-28 12:45:00+00:00,P2_DGR2_RN,Resource Node,REAL_TIME_15_MIN,21.77
2025-09-28 07:30:00-05:00,2025-09-28 12:30:00+00:00,2025-09-28 07:45:00-05:00,2025-09-28 12:45:00+00:00,PRCRK_RN,Resource Node,REAL_TIME_15_MIN,18.42
2025-09-28 07:45:00-05:00,2025-09-28 12:45:00+00:00,2025-09-28 08:00:00-05:00,2025-09-28 13:00:00+00:00,CR_RN,Resource Node,REAL_TIME_15_MIN,17.24
2025-09-28 07:45:00-05:00,2025-09-28 12:45:00+00:00,2025-09-28 08:00:00-05:00,2025-09-28 13:00:00+00:00,P2_DGR2_RN,Resource Node,REAL_TIME_15_MIN,18.92
2025-09-28 07:45:00-05:00,2025-09-28 12:45:00+00:00,2025-09-28 08:00:00-05:00,2025-09-28 13:00:00+00:00,PRCRK_RN,Resource Node,REAL_TIME_15_MIN,15.72
2025-09-28 08:00:00-05:00,2025-09-28 13:00:00+00:00,2025-09-28 08:15:00-05:00,2025-09-28 13:15:00+00:00,CR_RN,Resource Node,REAL_TIME_15_MIN,15.54
2025-09-28 08:00:00-05:00,2025-09-28 13:00:00+00:00,2025-09-28 08:15:00-05:00,2025-09-28 13:15:00+00:00,P2_DGR2_RN,Resource Node,REAL_TIME_15_MIN,17.56
2025-09-28 08:00:00-05:00,2025-09-28 13:00:00+00:00,2025-09-28 08:15:00-05:00,2025-09-28 13:15:00+00:00,PRCRK_RN,Resource Node,REAL_TIME_15_MIN,13.71
2025-09-28 08:15:00-05:00,2025-09-28 13:15:00+00:00,2025-09-28 08:30:00-05:00,2025-09-28 13:30:00+00:00,CR_RN,Resource Node,REAL_TIME_15_MIN,15.52
2025-09-28 08:15:00-05:00,2025-09-28 13:15:00+00:00,2025-09-28 08:30:00-05:00,2025-09-28 13:30:00+00:00,P2_DGR2_RN,Resource Node,REAL_TIME_15_MIN,15.45
2025-09-28 08:15:00-05:00,2025-09-28 13:15:00+00:00,2025-09-28 08:30:00-05:00,2025-09-28 13:30:00+00:00,PRCRK_RN,Resource Node,REAL_TIME_15_MIN,15.58
2025-09-28 08:30:00-05:00,2025-09-28 13:30:00+00:00,2025-09-28 08:45:00-05:00,2025-09-28 13:45:00+00:00,CR_RN,Resource Node,REAL_TIME_15_MIN,13.82
2025-09-28 08:30:00-05:00,2025-09-28 13:30:00+00:00,2025-09-28 08:45:00-05:00,2025-09-28 13:45:00+00:00,P2_DGR2_RN,Resource Node,REAL_TIME_15_MIN,13.79
2025-09-28 08:30:00-05:00,2025-09-28 13:30:00+00:00,2025-09-28 08:45:00-05:00,2025-09-28 13:45:00+00:00,PRCRK_RN,Resource Node,REAL_TIME_15_MIN,13.84
2025-09-28 08:45:00-05:00,2025-09-28 13:45:00+00:00,2025-09-28 09:00:00-05:00,2025-09-28 14:00:00+00:00,CR_RN,Resource Node,REAL_TIME_15_MIN,11.65
2025-09-28 08:45:00-05:00,2025-09-28 13:45:00+00:00,2025-09-28 09:00:00-05:00,2025-09-28 14:00:00+00:00,P2_DGR2_RN,Resource Node,REAL_TIME_15_MIN,11.63
2025-09-28 08:45:00-05:00,2025-09-28 13:45:00+00:00,2025-09-28 09:00:00-05:00,2025-09-28 14:00:00+00:00,PRCRK_RN,Resource Node,REAL_TIME_15_MIN,11.66
2025-09-28 09:00:00-05:00,2025-09-28 14:00:00+00:00,2025-09-28 09:15:00-05:00,2025-09-28 14:15:00+00:00,CR_RN,Resource Node,REAL_TIME_15_MIN,11.83
2025-09-28 09:00:00-05:00,2025-09-28 14:00:00+00:00,2025-09-28 09:15:00-05:00,2025-09-28 14:15:00+00:00,P2_DGR2_RN,Resource Node,REAL_TIME_15_MIN,11.98
2025-09-28 09:00:00-05:00,2025-09-28 14:00:00+00:00,2025-09-28 09:15:00-05:00,2025-09-28 14:15:00+00:00,PRCRK_RN,Resource Node,REAL_TIME_15_MIN,11.68
2025-09-28 09:15:00-05:00,2025-09-28 14:15:00+00:00,2025-09-28 09:30:00-05:00,2025-09-28 14:30:00+00:00,CR_RN,Resource Node,REAL_TIME_15_MIN,11.91
2025-09-28 09:15:00-05:00,2025-09-28 14:15:00+00:00,2025-09-28 09:30:00-05:00,2025-09-28 14:30:00+00:00,P2_DGR2_RN,Resource Node,REAL_TIME_15_MIN,11.69
2025-09-28 09:15:00-05:00,2025-09-28 14:15:00+00:00,2025-09-28 09:30:00-05:00,2025-09-28 14:30:00+00:00,PRCRK_RN,Resource Node,REAL_TIME_15_MIN,12.0
2025-09-28 09:30:00-05:00,2025-09-28 14:30:00+00:00,2025-09-28 09:45:00-05:00,2025-09-28 14:45:00+00:00,CR_RN,Resource Node,REAL_TIME_15_MIN,11.65
2025-09-28 09:30:00-05:00,2025-09-28 14:30:00+00:00,2025-09-28 09:45:00-05:00,2025-09-28 14:45:00+00:00,P2_DGR2_RN,Resource Node,REAL_TIME_15_MIN,11.43
2025-09-28 09:30:00-05:00,2025-09-28 14:30:00+00:00,2025-09-28 09:45:00-05:00,2025-09-28 14:45:00+00:00,PRCRK_RN,Resource Node,REAL_TIME_15_MIN,11.65
2025-09-28 09:45:00-05:00,2025-09-28 14:45:00+00:00,2025-09-28 10:00:00-05:00,2025-09-28 15:00:00+00:00,CR_RN,Resource Node,REAL_TIME_15_MIN,12.09
2025-09-28 09:45:00-05:00,2025-09-28 14:45:00+00:00,2025-09-28 10:00:00-05:00,2025-09-28 15:00:00+00:00,P2_DGR2_RN,Resource Node,REAL_TIME_15_MIN,12.06
2025-09-28 09:45:00-05:00,2025-09-28 14:45:00+00:00,2025-09-28 10:00:00-05:00,2025-09-28 15:00:00+00:00,PRCRK_RN,Resource Node,REAL_TIME_15_MIN,12.03
2025-09-28 10:00:00-05:00,2025-09-28 15:00:00+00:00,2025-09-28 10:15:00-05:00,2025-09-28 15:15:00+00:00,CR_RN,Resource Node,REAL_TIME_15_MIN,12.72
2025-09-28 10:00:00-05:00,2025-09-28 15:00:00+00:00,2025-09-28 10:15:00-05:00,2025-09-28 15:15:00+00:00,P2_DGR2_RN,Resource Node,REAL_TIME_15_MIN,12.74
2025-09-28 10:00:00-05:00,2025-09-28 15:00:00+00:00,2025-09-28 10:15:00-05:00,2025-09-28 15:15:00+00:00,PRCRK_RN,Resource Node,REAL_TIME_15_MIN,12.61
2025-09-28 10:15:00-05:00,2025-09-28 15:15:00+00:00,2025-09-28 10:30:00-05:00,2025-09-28 15:30:00+00:00,CR_RN,Resource Node,REAL_TIME_15_MIN,12.27
2025-09-28 10:15:00-05:00,2025-09-28 15:15:00+00:00,2025-09-28 10:30:00-05:00,2025-09-28 15:30:00+00:00,P2_DGR2_RN,Resource Node,REAL_TIME_15_MIN,12.31
2025-09-28 10:15:00-05:00,2025-09-28 15:15:00+00:00,2025-09-28 10:30:00-05:00,2025-09-28 15:30:00+00:00,PRCRK_RN,Resource Node,REAL_TIME_15_MIN,12.16
2025-09-28 10:30:00-05:00,2025-09-28 15:30:00+00:00,2025-09-28 10:45:00-05:00,2025-09-28 15:45:00+00:00,CR_RN,Resource Node,REAL_TIME_15_MIN,13.08
2025-09-28 10:30:00-05:00,2025-09-28 15:30:00+00:00,2025-09-28 10:45:00-05:00,2025-09-28 15:45:00+00:00,P2_DGR2_RN,Resource Node,REAL_TIME_15_MIN,13.12
2025-09-28 10:30:00-05:00,2025-09-28 15:30:00+00:00,2025-09-28 10:45:00-05:00,2025-09-28 15:45:00+00:00,PRCRK_RN,Resource Node,REAL_TIME_15_MIN,12.97
2025-09-28 10:45:00-05:00,2025-09-28 15:45:00+00:00,2025-09-28 11:00:00-05:00,2025-09-28 16:00:00+00:00,CR_RN,Resource Node,REAL_TIME_15_MIN,14.38
2025-09-28 10:45:00-05:00,2025-09-28 15:45:00+00:00,2025-09-28 11:00:00-05:00,2025-09-28 16:00:00+00:00,P2_DGR2_RN,Resource Node,REAL_TIME_15_MIN,14.42
2025-09-28 10:45:00-05:00,2025-09-28 15:45:00+00:00,2025-09-28 11:00:00-05:00,2025-09-28 16:00:00+00:00,PRCRK_RN,Resource Node,REAL_TIME_15_MIN,14.25
2025-09-28 11:00:00-05:00,2025-09-28 16:00:00+00:00,2025-09-28 11:15:00-05:00,2025-09-28 16:15:00+00:00,CR_RN,Resource Node,REAL_TIME_15_MIN,13.43
2025-09-28 11:00:00-05:00,2025-09-28 16:00:00+00:00,2025-09-28 11:15:00-05:00,2025-09-28 16:15:00+00:00,P2_DGR2_RN,Resource Node,REAL_TIME_15_MIN,13.46
2025-09-28 11:00:00-05:00,2025-09-28 16:00:00+00:00,2025-09-28 11:15:00-05:00,2025-09-28 16:15:00+00:00,PRCRK_RN,Resource Node,REAL_TIME_15_MIN,13.31
2025-09-28 11:15:00-05:00,2025-09-28 16:15:00+00:00,2025-09-28 11:30:00-05:00,2025-09-28 16:30:00+00:00,CR_RN,Resource Node,REAL_TIME_15_MIN,13.97
2025-09-28 11:15:00-05:00,2025-09-28 16:15:00+00:00,2025-09-28 11:30:00-05:00,2025-09-28 16:30:00+00:00,P2_DGR2_RN,Resource Node,REAL_TIME_15_MIN,14.12
2025-09-28 11:15:00-05:00,2025-09-28 16:15:00+00:00,2025-09-28 11:30:00-05:00,2025-09-28 16:30:00+00:00,PRCRK_RN,Resource Node,REAL_TIME_15_MIN,13.9
2025-09-28 11:30:00-05:00,2025-09-28 16:30:00+00:00,2025-09-28 11:45:00-05:00,2025-09-28 16:45:00+00:00,CR_RN,Resource Node,REAL_TIME_15_MIN,14.89
2025-09-28 11:30:00-05:00,2025-09-28 16:30:00+00:00,2025-09-28 11:45:00-05:00,2025-09-28 16:45:00+00:00,P2_DGR2_RN,Resource Node,REAL_TIME_15_MIN,15.09
2025-09-28 11:30:00-05:00,2025-09-28 16:30:00+00:00,2025-09-28 11:45:00-05:00,2025-09-28 16:45:00+00:00,PRCRK_RN,Resource Node,REAL_TIME_15_MIN,14.8
2025-09-28 11:45:00-05:00,2025-09-28 16:45:00+00:00,2025-09-28 12:00:00-05:00,2025-09-28 17:00:00+00:00,CR_RN,Resource Node,REAL_TIME_15_MIN,18.02
2025-09-28 11:45:00-05:00,2025-09-28 16:45:00+00:00,2025-09-28 12:00:00-05:00,2025-09-28 17:00:00+00:00,P2_DGR2_RN,Resource Node,REAL_TIME_15_MIN,17.44
2025-09-28 11:45:00-05:00,2025-09-28 16:45:00+00:00,2025-09-28 12:00:00-05:00,2025-09-28 17:00:00+00:00,PRCRK_RN,Resource Node,REAL_TIME_15_MIN,17.51
2025-09-28 12:00:00-05:00,2025-09-28 17:00:00+00:00,2025-09-28 12:15:00-05:00,2025-09-28 17:15:00+00:00,CR_RN,Resource Node,REAL_TIME_15_MIN,19.05
2025-09-28 12:00:00-05:00,2025-09-28 17:00:00+00:00,2025-09-28 12:15:00-05:00,2025-09-28 17:15:00+00:00,P2_DGR2_RN,Resource Node,REAL_TIME_15_MIN,18.05
2025-09-28 12:00:00-05:00,2025-09-28 17:00:00+00:00,2025-09-28 12:15:00-05:00,2025-09-28 17:15:00+00:00,PRCRK_RN,Resource Node,REAL_TIME_15_MIN,18.31
2025-09-28 12:15:00-05:00,2025-09-28 17:15:00+00:00,2025-09-28 12:30:00-05:00,2025-09-28 17:30:00+00:00,CR_RN,Resource Node,REAL_TIME_15_MIN,19.61
2025-09-28 12:15:00-05:00,2025-09-28 17:15:00+00:00,2025-09-28 12:30:00-05:00,2025-09-28 17:30:00+00:00,P2_DGR2_RN,Resource Node,REAL_TIME_15_MIN,18.27
2025-09-28 12:15:00-05:00,2025-09-28 17:15:00+00:00,2025-09-28 12:30:00-05:00,2025-09-28 17:30:00+00:00,PRCRK_RN,Resource Node,REAL_TIME_15_MIN,18.76
2025-09-28 12:30:00-05:00,2025-09-28 17:30:00+00:00,2025-09-28 12:45:00-05:00,2025-09-28 17:45:00+00:00,CR_RN,Resource Node,REAL_TIME_15_MIN,21.53
2025-09-28 12:30:00-05:00,2025-09-28 17:30:00+00:00,2025-09-28 12:45:00-05:00,2025-09-28 17:45:00+00:00,P2_DGR2_RN,Resource Node,REAL_TIME_15_MIN,18.97
2025-09-28 12:30:00-05:00,2025-09-28 17:30:00+00:00,2025-09-28 12:45:00-05:00,2025-09-28 17:45:00+00:00,PRCRK_RN,Resource Node,REAL_TIME_15_MIN,20.24
2025-09-28 12:45:00-05:00,2025-09-28 17:45:00+00:00,2025-09-28 13:00:00-05:00,2025-09-28 18:00:00+00:00,CR_RN,Resource Node,REAL_TIME_15_MIN,21.85
2025-09-28 12:45:00-05:00,2025-09-28 17:45:00+00:00,2025-09-28 13:00:00-05:00,2025-09-28 18:00:00+00:00,P2_DGR2_RN,Resource Node,REAL_TIME_15_MIN,19.15
2025-09-28 12:45:00-05:00,2025-09-28 17:45:00+00:00,2025-09-28 13:00:00-05:00,2025-09-28 18:00:00+00:00,PRCRK_RN,Resource Node,REAL_TIME_15_MIN,21.22
2025-09-28 13:00:00-05:00,2025-09-28 18:00:00+00:00,2025-09-28 13:15:00-05:00,2025-09-28 18:15:00+00:00,CR_RN,Resource Node,REAL_TIME_15_MIN,24.32
2025-09-28 13:00:00-05:00,2025-09-28 18:00:00+00:00,2025-09-28 13:15:00-05:00,2025-09-28 18:15:00+00:00,P2_DGR2_RN,Resource Node,REAL_TIME_15_MIN,20.08
2025-09-28 13:00:00-05:00,2025-09-28 18:00:00+00:00,2025-09-28 13:15:00-05:00,2025-09-28 18:15:00+00:00,PRCRK_RN,Resource Node,REAL_TIME_15_MIN,23.14
2025-09-28 13:15:00-05:00,2025-09-28 18:15:00+00:00,2025-09-28 13:30:00-05:00,2025-09-28 18:30:00+00:00,CR_RN,Resource Node,REAL_TIME_15_MIN,24.67
2025-09-28 13:15:00-05:00,2025-09-28 18:15:00+00:00,2025-09-28 13:30:00-05:00,2025-09-28 18:30:00+00:00,P2_DGR2_RN,Resource Node,REAL_TIME_15_MIN,20.56
2025-09-28 13:15:00-05:00,2025-09-28 18:15:00+00:00,2025-09-28 13:30:00-05:00,2025-09-28 18:30:00+00:00,PRCRK_RN,Resource Node,REAL_TIME_15_MIN,24.85
2025-09-28 13:30:00-05:00,2025-09-28 18:30:00+00:00,2025-09-28 13:45:00-05:00,2025-09-28 18:45:00+00:00,CR_RN,Resource Node,REAL_TIME_15_MIN,25.62
2025-09-28 13:30:00-05:00,2025-09-28 18:30:00+00:00,2025-09-28 13:45:00-05:00,2025-09-28 18:45:00+00:00,P2_DGR2_RN,Resource Node,REAL_TIME_15_MIN,21.3
2025-09-28 13:30:00-05:00,2025-09-28 18:30:00+00:00,2025-09-28 13:45:00-05:00,2025-09-28 18:45:00+00:00,PRCRK_RN,Resource Node,REAL_TIME_15_MIN,24.82
2025-09-28 13:45:00-05:00,2025-09-28 18:45:00+00:00,2025-09-28 14:00:00-05:00,2025-09-28 19:00:00+00:00,CR_RN,Resource Node,REAL_TIME_15_MIN,26.18
2025-09-28 13:45:00-05:00,2025-09-28 18:45:00+00:00,2025-09-28 14:00:00-05:00,2025-09-28 19:00:00+00:00,P2_DGR2_RN,Resource Node,REAL_TIME_15_MIN,22.3
2025-09-28 13:45:00-05:00,2025-09-28 18:45:00+00:00,2025-09-28 14:00:00-05:00,2025-09-28 19:00:00+00:00,PRCRK_RN,Resource Node,REAL_TIME_15_MIN,26.13
2025-09-28 14:00:00-05:00,2025-09-28 19:00:00+00:00,2025-09-28 14:15:00-05:00,2025-09-28 19:15:00+00:00,CR_RN,Resource Node,REAL_TIME_15_MIN,23.52
2025-09-28 14:00:00-05:00,2025-09-28 19:00:00+00:00,2025-09-28 14:15:00-05:00,2025-09-28 19:15:00+00:00,P2_DGR2_RN,Resource Node,REAL_TIME_15_MIN,21.09
2025-09-28 14:00:00-05:00,2025-09-28 19:00:00+00:00,2025-09-28 14:15:00-05:00,2025-09-28 19:15:00+00:00,PRCRK_RN,Resource Node,REAL_TIME_15_MIN,22.36
2025-09-28 14:15:00-05:00,2025-09-28 19:15:00+00:00,2025-09-28 14:30:00-05:00,2025-09-28 19:30:00+00:00,CR_RN,Resource Node,REAL_TIME_15_MIN,25.21
2025-09-28 14:15:00-05:00,2025-09-28 19:15:00+00:00,2025-09-28 14:30:00-05:00,2025-09-28 19:30:00+00:00,P2_DGR2_RN,Resource Node,REAL_TIME_15_MIN,22.43
2025-09-28 14:15:00-05:00,2025-09-28 19:15:00+00:00,2025-09-28 14:30:00-05:00,2025-09-28 19:30:00+00:00,PRCRK_RN,Resource Node,REAL_TIME_15_MIN,24.17
2025-09-28 14:30:00-05:00,2025-09-28 19:30:00+00:00,2025-09-28 14:45:00-05:00,2025-09-28 19:45:00+00:00,CR_RN,Resource Node,REAL_TIME_15_MIN,25.54
2025-09-28 14:30:00-05:00,2025-09-28 19:30:00+00:00,2025-09-28 14:45:00-05:00,2025-09-28 19:45:00+00:00,P2_DGR2_RN,Resource Node,REAL_TIME_15_MIN,22.74
2025-09-28 14:30:00-05:00,2025-09-28 19:30:00+00:00,2025-09-28 14:45:00-05:00,2025-09-28 19:45:00+00:00,PRCRK_RN,Resource Node,REAL_TIME_15_MIN,23.81
2025-09-28 14:45:00-05:00,2025-09-28 19:45:00+00:00,2025-09-28 15:00:00-05:00,2025-09-28 20:00:00+00:00,CR_RN,Resource Node,REAL_TIME_15_MIN,27.52
2025-09-28 14:45:00-05:00,2025-09-28 19:45:00+00:00,2025-09-28 15:00:00-05:00,2025-09-28 20:00:00+00:00,P2_DGR2_RN,Resource Node,REAL_TIME_15_MIN,24.15
2025-09-28 14:45:00-05:00,2025-09-28 19:45:00+00:00,2025-09-28 15:00:00-05:00,2025-09-28 20:00:00+00:00,PRCRK_RN,Resource Node,REAL_TIME_15_MIN,25.5
2025-09-28 15:00:00-05:00,2025-09-28 20:00:00+00:00,2025-09-28 15:15:00-05:00,2025-09-28 20:15:00+00:00,CR_RN,Resource Node,REAL_TIME_15_MIN,25.51
2025-09-28 15:00:00-05:00,2025-09-28 20:00:00+00:00,2025-09-28 15:15:00-05:00,2025-09-28 20:15:00+00:00,P2_DGR2_RN,Resource Node,REAL_TIME_15_MIN,22.6
2025-09-28 15:00:00-05:00,2025-09-28 20:00:00+00:00,2025-09-28 15:15:00-05:00,2025-09-28 20:15:00+00:00,PRCRK_RN,Resource Node,REAL_TIME_15_MIN,23.73
2025-09-28 15:15:00-05:00,2025-09-28 20:15:00+00:00,2025-09-28 15:30:00-05:00,2025-09-28 20:30:00+00:00,CR_RN,Resource Node,REAL_TIME_15_MIN,24.44
2025-09-28 15:15:00-05:00,2025-09-28 20:15:00+00:00,2025-09-28 15:30:00-05:00,2025-09-28 20:30:00+00:00,P2_DGR2_RN,Resource Node,REAL_TIME_15_MIN,22.0
2025-09-28 15:15:00-05:00,2025-09-28 20:15:00+00:00,2025-09-28 15:30:00-05:00,2025-09-28 20:30:00+00:00,PRCRK_RN,Resource Node,REAL_TIME_15_MIN,22.9
2025-09-28 15:30:00-05:00,2025-09-28 20:30:00+00:00,2025-09-28 15:45:00-05:00,2025-09-28 20:45:00+00:00,CR_RN,Resource Node,REAL_TIME_15_MIN,26.27
2025-09-28 15:30:00-05:00,2025-09-28 20:30:00+00:00,2025-09-28 15:45:00-05:00,2025-09-28 20:45:00+00:00,P2_DGR2_RN,Resource Node,REAL_TIME_15_MIN,22.85
2025-09-28 15:30:00-05:00,2025-09-28 20:30:00+00:00,2025-09-28 15:45:00-05:00,2025-09-28 20:45:00+00:00,PRCRK_RN,Resource Node,REAL_TIME_15_MIN,24.25
2025-09-28 15:45:00-05:00,2025-09-28 20:45:00+00:00,2025-09-28 16:00:00-05:00,2025-09-28 21:00:00+00:00,CR_RN,Resource Node,REAL_TIME_15_MIN,28.08
2025-09-28 15:45:00-05:00,2025-09-28 20:45:00+00:00,2025-09-28 16:00:00-05:00,2025-09-28 21:00:00+00:00,P2_DGR2_RN,Resource Node,REAL_TIME_15_MIN,24.07
2025-09-28 15:45:00-05:00,2025-09-28 20:45:00+00:00,2025-09-28 16:00:00-05:00,2025-09-28 21:00:00+00:00,PRCRK_RN,Resource Node,REAL_TIME_15_MIN,25.12
2025-09-28 16:00:00-05:00,2025-09-28 21:00:00+00:00,2025-09-28 16:15:00-05:00,2025-09-28 21:15:00+00:00,CR_RN,Resource Node,REAL_TIME_15_MIN,26.25
2025-09-28 16:00:00-05:00,2025-09-28 21:00:00+00:00,2025-09-28 16:15:00-05:00,2025-09-28 21:15:00+00:00,P2_DGR2_RN,Resource Node,REAL_TIME_15_MIN,27.58
2025-09-28 16:00:00-05:00,2025-09-28 21:00:00+00:00,2025-09-28 16:15:00-05:00,2025-09-28 21:15:00+00:00,PRCRK_RN,Resource Node,REAL_TIME_15_MIN,22.42
2025-09-28 16:15:00-05:00,2025-09-28 21:15:00+00:00,2025-09-28 16:30:00-05:00,2025-09-28 21:30:00+00:00,CR_RN,Resource Node,REAL_TIME_15_MIN,29.41
2025-09-28 16:15:00-05:00,2025-09-28 21:15:00+00:00,2025-09-28 16:30:00-05:00,2025-09-28 21:30:00+00:00,P2_DGR2_RN,Resource Node,REAL_TIME_15_MIN,29.0
2025-09-28 16:15:00-05:00,2025-09-28 21:15:00+00:00,2025-09-28 16:30:00-05:00,2025-09-28 21:30:00+00:00,PRCRK_RN,Resource Node,REAL_TIME_15_MIN,29.66
2025-09-28 16:30:00-05:00,2025-09-28 21:30:00+00:00,2025-09-28 16:45:00-05:00,2025-09-28 21:45:00+00:00,CR_RN,Resource Node,REAL_TIME_15_MIN,31.78
2025-09-28 16:30:00-05:00,2025-09-28 21:30:00+00:00,2025-09-28 16:45:00-05:00,2025-09-28 21:45:00+00:00,P2_DGR2_RN,Resource Node,REAL_TIME_15_MIN,35.24
2025-09-28 16:30:00-05:00,2025-09-28 21:30:00+00:00,2025-09-28 16:45:00-05:00,2025-09-28 21:45:00+00:00,PRCRK_RN,Resource Node,REAL_TIME_15_MIN,28.52
2025-09-28 16:45:00-05:00,2025-09-28 21:45:00+00:00,2025-09-28 17:00:00-05:00,2025-09-28 22:00:00+00:00,CR_RN,Resource Node,REAL_TIME_15_MIN,36.0
2025-09-28 16:45:00-05:00,2025-09-28 21:45:00+00:00,2025-09-28 17:00:00-05:00,2025-09-28 22:00:00+00:00,P2_DGR2_RN,Resource Node,REAL_TIME_15_MIN,39.28
2025-09-28 16:45:00-05:00,2025-09-28 21:45:00+00:00,2025-09-28 17:00:00-05:00,2025-09-28 22:00:00+00:00,PRCRK_RN,Resource Node,REAL_TIME_15_MIN,32.97
2025-09-28 17:00:00-05:00,2025-09-28 22:00:00+00:00,2025-09-28 17:15:00-05:00,2025-09-28 22:15:00+00:00,CR_RN,Resource Node,REAL_TIME_15_MIN,29.76
2025-09-28 17:00:00-05:00,2025-09-28 22:00:00+00:00,2025-09-28 17:15:00-05:00,2025-09-28 22:15:00+00:00,P2_DGR2_RN,Resource Node,REAL_TIME_15_MIN,30.3
2025-09-28 17:00:00-05:00,2025-09-28 22:00:00+00:00,2025-09-28 17:15:00-05:00,2025-09-28 22:15:00+00:00,PRCRK_RN,Resource Node,REAL_TIME_15_MIN,29.33
2025-09-28 17:15:00-05:00,2025-09-28 22:15:00+00:00,2025-09-28 17:30:00-05:00,2025-09-28 22:30:00+00:00,CR_RN,Resource Node,REAL_TIME_15_MIN,31.53
2025-09-28 17:15:00-05:00,2025-09-28 22:15:00+00:00,2025-09-28 17:30:00-05:00,2025-09-28 22:30:00+00:00,P2_DGR2_RN,Resource Node,REAL_TIME_15_MIN,33.22
2025-09-28 17:15:00-05:00,2025-09-28 22:15:00+00:00,2025-09-28 17:30:00-05:00,2025-09-28 22:30:00+00:00,PRCRK_RN,Resource Node,REAL_TIME_15_MIN,29.98
2025-09-28 17:30:00-05:00,2025-09-28 22:30:00+00:00,2025-09-28 17:45:00-05:00,2025-09-28 22:45:00+00:00,CR_RN,Resource Node,REAL_TIME_15_MIN,46.97
2025-09-28 17:30:00-05:00,2025-09-28 22:30:00+00:00,2025-09-28 17:45:00-05:00,2025-09-28 22:45:00+00:00,P2_DGR2_RN,Resource Node,REAL_TIME_15_MIN,48.71
2025-09-28 17:30:00-05:00,2025-09-28 22:30:00+00:00,2025-09-28 17:45:00-05:00,2025-09-28 22:45:00+00:00,PRCRK_RN,Resource Node,REAL_TIME_15_MIN,44.98
2025-09-28 17:45:00-05:00,2025-09-28 22:45:00+00:00,2025-09-28 18:00:00-05:00,2025-09-28 23:00:00+00:00,CR_RN,Resource Node,REAL_TIME_15_MIN,49.98
2025-09-28 17:45:00-05:00,2025-09-28 22:45:00+00:00,2025-09-28 18:00:00-05:00,2025-09-28 23:00:00+00:00,P2_DGR2_RN,Resource Node,REAL_TIME_15_MIN,48.26
2025-09-28 17:45:00-05:00,2025-09-28 22:45:00+00:00,2025-09-28 18:00:00-05:00,2025-09-28 23:00:00+00:00,PRCRK_RN,Resource Node,REAL_TIME_15_MIN,51.14
2025-09-28 18:00:00-05:00,2025-09-28 23:00:00+00:00,2025-09-28 18:15:00-05:00,2025-09-28 23:15:00+00:00,CR_RN,Resource Node,REAL_TIME_15_MIN,49.79
2025-09-28 18:00:00-05:00,2025-09-28 23:00:00+00:00,2025-09-28 18:15:00-05:00,2025-09-28 23:15:00+00:00,P2_DGR2_RN,Resource Node,REAL_TIME_15_MIN,48.75
2025-09-28 18:00:00-05:00,2025-09-28 23:00:00+00:00,2025-09-28 18:15:00-05:00,2025-09-28 23:15:00+00:00,PRCRK_RN,Resource Node,REAL_TIME_15_MIN,50.75
2025-09-28 18:15:00-05:00,2025-09-28 23:15:00+00:00,2025-09-28 18:30:00-05:00,2025-09-28 23:30:00+00:00,CR_RN,Resource Node,REAL_TIME_15_MIN,51.69
2025-09-28 18:15:00-05:00,2025-09-28 23:15:00+00:00,2025-09-28 18:30:00-05:00,2025-09-28 23:30:00+00:00,P2_DGR2_RN,Resource Node,REAL_TIME_15_MIN,52.13
2025-09-28 18:15:00-05:00,2025-09-28 23:15:00+00:00,2025-09-28 18:30:00-05:00,2025-09-28 23:30:00+00:00,PRCRK_RN,Resource Node,REAL_TIME_15_MIN,51.77
2025-09-28 18:30:00-05:00,2025-09-28 23:30:00+00:00,2025-09-28 18:45:00-05:00,2025-09-28 23:45:00+00:00,CR_RN,Resource Node,REAL_TIME_15_MIN,66.4
2025-09-28 18:30:00-05:00,2025-09-28 23:30:00+00:00,2025-09-28 18:45:00-05:00,2025-09-28 23:45:00+00:00,P2_DGR2_RN,Resource Node,REAL_TIME_15_MIN,67.45
2025-09-28 18:30:00-05:00,2025-09-28 23:30:00+00:00,2025-09-28 18:45:00-05:00,2025-09-28 23:45:00+00:00,PRCRK_RN,Resource Node,REAL_TIME_15_MIN,66.64
2025-09-28 18:45:00-05:00,2025-09-28 23:45:00+00:00,2025-09-28 19:00:00-05:00,2025-09-29 00:00:00+00:00,CR_RN,Resource Node,REAL_TIME_15_MIN,76.69
2025-09-28 18:45:00-05:00,2025-09-28 23:45:00+00:00,2025-09-28 19:00:00-05:00,2025-09-29 00:00:00+00:00,P2_DGR2_RN,Resource Node,REAL_TIME_15_MIN,76.69
2025-09-28 18:45:00-05:00,2025-09-28 23:45:00+00:00,2025-09-28 19:00:00-05:00,2025-09-29 00:00:00+00:00,PRCRK_RN,Resource Node,REAL_TIME_15_MIN,76.69
2025-09-28 19:00:00-05:00,2025-09-29 00:00:00+00:00,2025-09-28 19:15:00-05:00,2025-09-29 00:15:00+00:00,CR_RN,Resource Node,REAL_TIME_15_MIN,61.57
2025-09-28 19:00:00-05:00,2025-09-29 00:00:00+00:00,2025-09-28 19:15:00-05:00,2025-09-29 00:15:00+00:00,P2_DGR2_RN,Resource Node,REAL_TIME_15_MIN,61.57
2025-09-28 19:00:00-05:00,2025-09-29 00:00:00+00:00,2025-09-28 19:15:00-05:00,2025-09-29 00:15:00+00:00,PRCRK_RN,Resource Node,REAL_TIME_15_MIN,61.54
2025-09-28 19:15:00-05:00,2025-09-29 00:15:00+00:00,2025-09-28 19:30:00-05:00,2025-09-29 00:30:00+00:00,CR_RN,Resource Node,REAL_TIME_15_MIN,53.44
2025-09-28 19:15:00-05:00,2025-09-29 00:15:00+00:00,2025-09-28 19:30:00-05:00,2025-09-29 00:30:00+00:00,P2_DGR2_RN,Resource Node,REAL_TIME_15_MIN,53.49
2025-09-28 19:15:00-05:00,2025-09-29 00:15:00+00:00,2025-09-28 19:30:00-05:00,2025-09-29 00:30:00+00:00,PRCRK_RN,Resource Node,REAL_TIME_15_MIN,53.39
2025-09-28 19:30:00-05:00,2025-09-29 00:30:00+00:00,2025-09-28 19:45:00-05:00,2025-09-29 00:45:00+00:00,CR_RN,Resource Node,REAL_TIME_15_MIN,43.61
2025-09-28 19:30:00-05:00,2025-09-29 00:30:00+00:00,2025-09-28 19:45:00-05:00,2025-09-29 00:45:00+00:00,P2_DGR2_RN,Resource Node,REAL_TIME_15_MIN,43.94
2025-09-28 19:30:00-05:00,2025-09-29 00:30:00+00:00,2025-09-28 19:45:00-05:00,2025-09-29 00:45:00+00:00,PRCRK_RN,Resource Node,REAL_TIME_15_MIN,43.32
2025-09-28 19:45:00-05:00,2025-09-29 00:45:00+00:00,2025-09-28 20:00:00-05:00,2025-09-29 01:00:00+00:00,CR_RN,Resource Node,REAL_TIME_15_MIN,39.04
2025-09-28 19:45:00-05:00,2025-09-29 00:45:00+00:00,2025-09-28 20:00:00-05:00,2025-09-29 01:00:00+00:00,P2_DGR2_RN,Resource Node,REAL_TIME_15_MIN,40.19
2025-09-28 19:45:00-05:00,2025-09-29 00:45:00+00:00,2025-09-28 20:00:00-05:00,2025-09-29 01:00:00+00:00,PRCRK_RN,Resource Node,REAL_TIME_15_MIN,38.07
2025-09-28 20:00:00-05:00,2025-09-29 01:00:00+00:00,2025-09-28 20:15:00-05:00,2025-09-29 01:15:00+00:00,CR_RN,Resource Node,REAL_TIME_15_MIN,37.38
2025-09-28 20:00:00-05:00,2025-09-29 01:00:00+00:00,2025-09-28 20:15:00-05:00,2025-09-29 01:15:00+00:00,P2_DGR2_RN,Resource Node,REAL_TIME_15_MIN,38.91
2025-09-28 20:00:00-05:00,2025-09-29 01:00:00+00:00,2025-09-28 20:15:00-05:00,2025-09-29 01:15:00+00:00,PRCRK_RN,Resource Node,REAL_TIME_15_MIN,35.5
2025-09-28 20:15:00-05:00,2025-09-29 01:15:00+00:00,2025-09-28 20:30:00-05:00,2025-09-29 01:30:00+00:00,CR_RN,Resource Node,REAL_TIME_15_MIN,36.19
2025-09-28 20:15:00-05:00,2025-09-29 01:15:00+00:00,2025-09-28 20:30:00-05:00,2025-09-29 01:30:00+00:00,P2_DGR2_RN,Resource Node,REAL_TIME_15_MIN,38.42
2025-09-28 20:15:00-05:00,2025-09-29 01:15:00+00:00,2025-09-28 20:30:00-05:00,2025-09-29 01:30:00+00:00,PRCRK_RN,Resource Node,REAL_TIME_15_MIN,34.05
2025-09-28 20:30:00-05:00,2025-09-29 01:30:00+00:00,2025-09-28 20:45:00-05:00,2025-09-29 01:45:00+00:00,CR_RN,Resource Node,REAL_TIME_15_MIN,33.31
2025-09-28 20:30:00-05:00,2025-09-29 01:30:00+00:00,2025-09-28 20:45:00-05:00,2025-09-29 01:45:00+00:00,P2_DGR2_RN,Resource Node,REAL_TIME_15_MIN,36.1
2025-09-28 20:30:00-05:00,2025-09-29 01:30:00+00:00,2025-09-28 20:45:00-05:00,2025-09-29 01:45:00+00:00,PRCRK_RN,Resource Node,REAL_TIME_15_MIN,30.9
2025-09-28 20:45:00-05:00,2025-09-29 01:45:00+00:00,2025-09-28 21:00:00-05:00,2025-09-29 02:00:00+00:00,CR_RN,Resource Node,REAL_TIME_15_MIN,30.0
2025-09-28 20:45:00-05:00,2025-09-29 01:45:00+00:00,2025-09-28 21:00:00-05:00,2025-09-29 02:00:00+00:00,P2_DGR2_RN,Resource Node,REAL_TIME_15_MIN,34.12
2025-09-28 20:45:00-05:00,2025-09-29 01:45:00+00:00,2025-09-28 21:00:00-05:00,2025-09-29 02:00:00+00:00,PRCRK_RN,Resource Node,REAL_TIME_15_MIN,26.37
2025-09-28 21:00:00-05:00,2025-09-29 02:00:00+00:00,2025-09-28 21:15:00-05:00,2025-09-29 02:15:00+00:00,CR_RN,Resource Node,REAL_TIME_15_MIN,38.46
2025-09-28 21:00:00-05:00,2025-09-29 02:00:00+00:00,2025-09-28 21:15:00-05:00,2025-09-29 02:15:00+00:00,P2_DGR2_RN,Resource Node,REAL_TIME_15_MIN,44.03
2025-09-28 21:00:00-05:00,2025-09-29 02:00:00+00:00,2025-09-28 21:15:00-05:00,2025-09-29 02:15:00+00:00,PRCRK_RN,Resource Node,REAL_TIME_15_MIN,32.38
2025-09-28 21:15:00-05:00,2025-09-29 02:15:00+00:00,2025-09-28 21:30:00-05:00,2025-09-29 02:30:00+00:00,CR_RN,Resource Node,REAL_TIME_15_MIN,28.77
2025-09-28 21:15:00-05:00,2025-09-29 02:15:00+00:00,2025-09-28 21:30:00-05:00,2025-09-29 02:30:00+00:00,P2_DGR2_RN,Resource Node,REAL_TIME_15_MIN,33.4
2025-09-28 21:15:00-05:00,2025-09-29 02:15:00+00:00,2025-09-28 21:30:00-05:00,2025-09-29 02:30:00+00:00,PRCRK_RN,Resource Node,REAL_TIME_15_MIN,24.77
2025-09-28 21:30:00-05:00,2025-09-29 02:30:00+00:00,2025-09-28 21:45:00-05:00,2025-09-29 02:45:00+00:00,CR_RN,Resource Node,REAL_TIME_15_MIN,26.48
2025-09-28 21:30:00-05:00,2025-09-29 02:30:00+00:00,2025-09-28 21:45:00-05:00,2025-09-29 02:45:00+00:00,P2_DGR2_RN,Resource Node,REAL_TIME_15_MIN,30.98
2025-09-28 21:30:00-05:00,2025-09-29 02:30:00+00:00,2025-09-28 21:45:00-05:00,2025-09-29 02:45:00+00:00,PRCRK_RN,Resource Node,REAL_TIME_15_MIN,22.56
2025-09-28 21:45:00-05:00,2025-09-29 02:45:00+00:00,2025-09-28 22:00:00-05:00,2025-09-29 03:00:00+00:00,CR_RN,Resource Node,REAL_TIME_15_MIN,25.66
2025-09-28 21:45:00-05:00,2025-09-29 02:45:00+00:00,2025-09-28 22:00:00-05:00,2025-09-29 03:00:00+00:00,P2_DGR2_RN,Resource Node,REAL_TIME_15_MIN,30.17
2025-09-28 21:45:00-05:00,2025-09-29 02:45:00+00:00,2025-09-28 22:00:00-05:00,2025-09-29 03:00:00+00:00,PRCRK_RN,Resource Node,REAL_TIME_15_MIN,21.75
2025-09-28 22:00:00-05:00,2025-09-29 03:00:00+00:00,2025-09-28 22:15:00-05:00,2025-09-29 03:15:00+00:00,CR_RN,Resource Node,REAL_TIME_15_MIN,26.2
2025-09-28 22:00:00-05:00,2025-09-29 03:00:00+00:00,2025-09-28 22:15:00-05:00,2025-09-29 03:15:00+00:00,P2_DGR2_RN,Resource Node,REAL_TIME_15_MIN,30.82
2025-09-28 22:00:00-05:00,2025-09-29 03:00:00+00:00,2025-09-28 22:15:00-05:00,2025-09-29 03:15:00+00:00,PRCRK_RN,Resource Node,REAL_TIME_15_MIN,22.11
2025-09-28 22:15:00-05:00,2025-09-29 03:15:00+00:00,2025-09-28 22:30:00-05:00,2025-09-29 03:30:00+00:00,CR_RN,Resource Node,REAL_TIME_15_MIN,25.45
2025-09-28 22:15:00-05:00,2025-09-29 03:15:00+00:00,2025-09-28 22:30:00-05:00,2025-09-29 03:30:00+00:00,P2_DGR2_RN,Resource Node,REAL_TIME_15_MIN,29.87
2025-09-28 22:15:00-05:00,2025-09-29 03:15:00+00:00,2025-09-28 22:30:00-05:00,2025-09-29 03:30:00+00:00,PRCRK_RN,Resource Node,REAL_TIME_15_MIN,21.54
2025-09-28 22:30:00-05:00,2025-09-29 03:30:00+00:00,2025-09-28 22:45:00-05:00,2025-09-29 03:45:00+00:00,CR_RN,Resource Node,REAL_TIME_15_MIN,23.7
2025-09-28 22:30:00-05:00,2025-09-29 03:30:00+00:00,2025-09-28 22:45:00-05:00,2025-09-29 03:45:00+00:00,P2_DGR2_RN,Resource Node,REAL_TIME_15_MIN,28.01
2025-09-28 22:30:00-05:00,2025-09-29 03:30:00+00:00,2025-09-28 22:45:00-05:00,2025-09-29 03:45:00+00:00,PRCRK_RN,Resource Node,REAL_TIME_15_MIN,19.89
2025-09-28 22:45:00-05:00,2025-09-29 03:45:00+00:00,2025-09-28 23:00:00-05:00,2025-09-29 04:00:00+00:00,CR_RN,Resource Node,REAL_TIME_15_MIN,22.48
2025-09-28 22:45:00-05:00,2025-09-29 03:45:00+00:00,2025-09-28 23:00:00-05:00,2025-09-29 04:00:00+00:00,P2_DGR2_RN,Resource Node,REAL_TIME_15_MIN,26.68
2025-09-28 22:45:00-05:00,2025-09-29 03:45:00+00:00,2025-09-28 23:00:00-05:00,2025-09-29 04:00:00+00:00,PRCRK_RN,Resource Node,REAL_TIME_15_MIN,18.78
2025-09-28 23:00:00-05:00,2025-09-29 04:00:00+00:00,2025-09-28 23:15:00-05:00,2025-09-29 04:15:00+00:00,CR_RN,Resource Node,REAL_TIME_15_MIN,21.35
2025-09-28 23:00:00-05:00,2025-09-29 04:00:00+00:00,2025-09-28 23:15:00-05:00,2025-09-29 04:15:00+00:00,P2_DGR2_RN,Resource Node,REAL_TIME_15_MIN,25.42
2025-09-28 23:00:00-05:00,2025-09-29 04:00:00+00:00,2025-09-28 23:15:00-05:00,2025-09-29 04:15:00+00:00,PRCRK_RN,Resource Node,REAL_TIME_15_MIN,17.75
2025-09-28 23:15:00-05:00,2025-09-29 04:15:00+00:00,2025-09-28 23:30:00-05:00,2025-09-29 04:30:00+00:00,CR_RN,Resource Node,REAL_TIME_15_MIN,21.06
2025-09-28 23:15:00-05:00,2025-09-29 04:15:00+00:00,2025-09-28 23:30:00-05:00,2025-09-29 04:30:00+00:00,P2_DGR2_RN,Resource Node,REAL_TIME_15_MIN,23.39
2025-09-28 23:15:00-05:00,2025-09-29 04:15:00+00:00,2025-09-28 23:30:00-05:00,2025-09-29 04:30:00+00:00,PRCRK_RN,Resource Node,REAL_TIME_15_MIN,19.0
2025-09-28 23:30:00-05:00,2025-09-29 04:30:00+00:00,2025-09-28 23:45:00-05:00,2025-09-29 04:45:00+00:00,CR_RN,Resource Node,REAL_TIME_15_MIN,20.42
2025-09-28 23:30:00-05:00,2025-09-29 04:30:00+00:00,2025-09-28 23:45:00-05:00,2025-09-29 04:45:00+00:00,P2_DGR2_RN,Resource Node,REAL_TIME_15_MIN,21.25
2025-09-28 23:30:00-05:00,2025-09-29 04:30:00+00:00,2025-09-28 23:45:00-05:00,2025-09-29 04:45:00+00:00,PRCRK_RN,Resource Node,REAL_TIME_15_MIN,19.73
2025-09-28 23:45:00-05:00,2025-09-29 04:45:00+00:00,2025-09-29 00:00:00-05:00,2025-09-29 05:00:00+00:00,CR_RN,Resource Node,REAL_TIME_15_MIN,19.43
2025-09-28 23:45:00-05:00,2025-09-29 04:45:00+00:00,2025-09-29 00:00:00-05:00,2025-09-29 05:00:00+00:00,P2_DGR2_RN,Resource Node,REAL_TIME_15_MIN,20.1
2025-09-28 23:45:00-05:00,2025-09-29 04:45:00+00:00,2025-09-29 00:00:00-05:00,2025-09-29 05:00:00+00:00,PRCRK_RN,Resource Node,REAL_TIME_15_MIN,18.99
2025-09-28 00:00:00-05:00,2025-09-28 05:00:00+00:00,2025-09-28 00:15:00-05:00,2025-09-28 05:15:00+00:00,AUSTPL_ALL,Resource Node,REAL_TIME_15_MIN,18.74
2025-09-28 00:00:00-05:00,2025-09-28 05:00:00+00:00,2025-09-28 00:15:00-05:00,2025-09-28 05:15:00+00:00,HLSES_UNIT5,Resource Node,REAL_TIME_15_MIN,18.69
2025-09-28 00:00:00-05:00,2025-09-28 05:00:00+00:00,2025-09-28 00:15:00-05:00,2025-09-28 05:15:00+00:00,ODESW_RN,Resource Node,REAL_TIME_15_MIN,22.58
2025-09-28 00:15:00-05:00,2025-09-28 05:15:00+00:00,2025-09-28 00:30:00-05:00,2025-09-28 05:30:00+00:00,AUSTPL_ALL,Resource Node,REAL_TIME_15_MIN,17.75
2025-09-28 00:15:00-05:00,2025-09-28 05:15:00+00:00,2025-09-28 00:30:00-05:00,2025-09-28 05:30:00+00:00,HLSES_UNIT5,Resource Node,REAL_TIME_15_MIN,17.65
2025-09-28 00:15:00-05:00,2025-09-28 05:15:00+00:00,2025-09-28 00:30:00-05:00,2025-09-28 05:30:00+00:00,ODESW_RN,Resource Node,REAL_TIME_15_MIN,38.23
2025-09-28 00:30:00-05:00,2025-09-28 05:30:00+00:00,2025-09-28 00:45:00-05:00,2025-09-28 05:45:00+00:00,AUSTPL_ALL,Resource Node,REAL_TIME_15_MIN,18.61
2025-09-28 00:30:00-05:00,2025-09-28 05:30:00+00:00,2025-09-28 00:45:00-05:00,2025-09-28 05:45:00+00:00,HLSES_UNIT5,Resource Node,REAL_TIME_15_MIN,17.73
2025-09-28 00:30:00-05:00,2025-09-28 05:30:00+00:00,2025-09-28 00:45:00-05:00,2025-09-28 05:45:00+00:00,ODESW_RN,Resource Node,REAL_TIME_15_MIN,38.17
2025-09-28 00:45:00-05:00,2025-09-28 05:45:00+00:00,2025-09-28 01:00:00-05:00,2025-09-28 06:00:00+00:00,AUSTPL_ALL,Resource Node,REAL_TIME_15_MIN,21.48
2025-09-28 00:45:00-05:00,2025-09-28 05:45:00+00:00,2025-09-28 01:00:00-05:00,2025-09-28 06:00:00+00:00,HLSES_UNIT5,Resource Node,REAL_TIME_15_MIN,17.58
2025-09-28 00:45:00-05:00,2025-09-28 05:45:00+00:00,2025-09-28 01:00:00-05:00,2025-09-28 06:00:00+00:00,ODESW_RN,Resource Node,REAL_TIME_15_MIN,43.08
2025-09-28 01:00:00-05:00,2025-09-28 06:00:00+00:00,2025-09-28 01:15:00-05:00,2025-09-28 06:15:00+00:00,AUSTPL_ALL,Resource Node,REAL_TIME_15_MIN,20.71
2025-09-28 01:00:00-05:00,2025-09-28 06:00:00+00:00,2025-09-28 01:15:00-05:00,2025-09-28 06:15:00+00:00,HLSES_UNIT5,Resource Node,REAL_TIME_15_MIN,16.62
2025-09-28 01:00:00-05:00,2025-09-28 06:00:00+00:00,2025-09-28 01:15:00-05:00,2025-09-28 06:15:00+00:00,ODESW_RN,Resource Node,REAL_TIME_15_MIN,43.24
2025-09-28 01:15:00-05:00,2025-09-28 06:15:00+00:00,2025-09-28 01:30:00-05:00,2025-09-28 06:30:00+00:00,AUSTPL_ALL,Resource Node,REAL_TIME_15_MIN,19.22
2025-09-28 01:15:00-05:00,2025-09-28 06:15:00+00:00,2025-09-28 01:30:00-05:00,2025-09-28 06:30:00+00:00,HLSES_UNIT5,Resource Node,REAL_TIME_15_MIN,18.15
2025-09-28 01:15:00-05:00,2025-09-28 06:15:00+00:00,2025-09-28 01:30:00-05:00,2025-09-28 06:30:00+00:00,ODESW_RN,Resource Node,REAL_TIME_15_MIN,29.35
2025-09-28 01:30:00-05:00,2025-09-28 06:30:00+00:00,2025-09-28 01:45:00-05:00,2025-09-28 06:45:00+00:00,AUSTPL_ALL,Resource Node,REAL_TIME_15_MIN,18.59
2025-09-28 01:30:00-05:00,2025-09-28 06:30:00+00:00,2025-09-28 01:45:00-05:00,2025-09-28 06:45:00+00:00,HLSES_UNIT5,Resource Node,REAL_TIME_15_MIN,18.57
2025-09-28 01:30:00-05:00,2025-09-28 06:30:00+00:00,2025-09-28 01:45:00-05:00,2025-09-28 06:45:00+00:00,ODESW_RN,Resource Node,REAL_TIME_15_MIN,31.95
2025-09-28 01:45:00-05:00,2025-09-28 06:45:00+00:00,2025-09-28 02:00:00-05:00,2025-09-28 07:00:00+00:00,AUSTPL_ALL,Resource Node,REAL_TIME_15_MIN,19.04
2025-09-28 01:45:00-05:00,2025-09-28 06:45:00+00:00,2025-09-28 02:00:00-05:00,2025-09-28 07:00:00+00:00,HLSES_UNIT5,Resource Node,REAL_TIME_15_MIN,18.52
2025-09-28 01:45:00-05:00,2025-09-28 06:45:00+00:00,2025-09-28 02:00:00-05:00,2025-09-28 07:00:00+00:00,ODESW_RN,Resource Node,REAL_TIME_15_MIN,23.56
2025-09-28 02:00:00-05:00,2025-09-28 07:00:00+00:00,2025-09-28 02:15:00-05:00,2025-09-28 07:15:00+00:00,AUSTPL_ALL,Resource Node,REAL_TIME_15_MIN,18.13
2025-09-28 02:00:00-05:00,2025-09-28 07:00:00+00:00,2025-09-28 02:15:00-05:00,2025-09-28 07:15:00+00:00,HLSES_UNIT5,Resource Node,REAL_TIME_15_MIN,18.3
2025-09-28 02:00:00-05:00,2025-09-28 07:00:00+00:00,2025-09-28 02:15:00-05:00,2025-09-28 07:15:00+00:00,ODESW_RN,Resource Node,REAL_TIME_15_MIN,24.11
2025-09-28 02:15:00-05:00,2025-09-28 07:15:00+00:00,2025-09-28 02:30:00-05:00,2025-09-28 07:30:00+00:00,AUSTPL_ALL,Resource Node,REAL_TIME_15_MIN,17.92
2025-09-28 02:15:00-05:00,2025-09-28 07:15:00+00:00,2025-09-28 02:30:00-05:00,2025-09-28 07:30:00+00:00,HLSES_UNIT5,Resource Node,REAL_TIME_15_MIN,17.55
2025-09-28 02:15:00-05:00,2025-09-28 07:15:00+00:00,2025-09-28 02:30:00-05:00,2025-09-28 07:30:00+00:00,ODESW_RN,Resource Node,REAL_TIME_15_MIN,20.81
2025-09-28 02:30:00-05:00,2025-09-28 07:30:00+00:00,2025-09-28 02:45:00-05:00,2025-09-28 07:45:00+00:00,AUSTPL_ALL,Resource Node,REAL_TIME_15_MIN,18.09
2025-09-28 02:30:00-05:00,2025-09-28 07:30:00+00:00,2025-09-28 02:45:00-05:00,2025-09-28 07:45:00+00:00,HLSES_UNIT5,Resource Node,REAL_TIME_15_MIN,15.48
2025-09-28 02:30:00-05:00,2025-09-28 07:30:00+00:00,2025-09-28 02:45:00-05:00,2025-09-28 07:45:00+00:00,ODESW_RN,Resource Node,REAL_TIME_15_MIN,32.45
2025-09-28 02:45:00-05:00,2025-09-28 07:45:00+00:00,2025-09-28 03:00:00-05:00,2025-09-28 08:00:00+00:00,AUSTPL_ALL,Resource Node,REAL_TIME_15_MIN,18.55
2025-09-28 02:45:00-05:00,2025-09-28 07:45:00+00:00,2025-09-28 03:00:00-05:00,2025-09-28 08:00:00+00:00,HLSES_UNIT5,Resource Node,REAL_TIME_15_MIN,15.46
2025-09-28 02:45:00-05:00,2025-09-28 07:45:00+00:00,2025-09-28 03:00:00-05:00,2025-09-28 08:00:00+00:00,ODESW_RN,Resource Node,REAL_TIME_15_MIN,35.5
2025-09-28 03:00:00-05:00,2025-09-28 08:00:00+00:00,2025-09-28 03:15:00-05:00,2025-09-28 08:15:00+00:00,AUSTPL_ALL,Resource Node,REAL_TIME_15_MIN,19.76
2025-09-28 03:00:00-05:00,2025-09-28 08:00:00+00:00,2025-09-28 03:15:00-05:00,2025-09-28 08:15:00+00:00,HLSES_UNIT5,Resource Node,REAL_TIME_15_MIN,17.25
2025-09-28 03:00:00-05:00,2025-09-28 08:00:00+00:00,2025-09-28 03:15:00-05:00,2025-09-28 08:15:00+00:00,ODESW_RN,Resource Node,REAL_TIME_15_MIN,33.59
2025-09-28 03:15:00-05:00,2025-09-28 08:15:00+00:00,2025-09-28 03:30:00-05:00,2025-09-28 08:30:00+00:00,AUSTPL_ALL,Resource Node,REAL_TIME_15_MIN,18.28
2025-09-28 03:15:00-05:00,2025-09-28 08:15:00+00:00,2025-09-28 03:30:00-05:00,2025-09-28 08:30:00+00:00,HLSES_UNIT5,Resource Node,REAL_TIME_15_MIN,18.13
2025-09-28 03:15:00-05:00,2025-09-28 08:15:00+00:00,2025-09-28 03:30:00-05:00,2025-09-28 08:30:00+00:00,ODESW_RN,Resource Node,REAL_TIME_15_MIN,22.09
2025-09-28 03:30:00-05:00,2025-09-28 08:30:00+00:00,2025-09-28 03:45:00-05:00,2025-09-28 08:45:00+00:00,AUSTPL_ALL,Resource Node,REAL_TIME_15_MIN,17.78
2025-09-28 03:30:00-05:00,2025-09-28 08:30:00+00:00,2025-09-28 03:45:00-05:00,2025-09-28 08:45:00+00:00,HLSES_UNIT5,Resource Node,REAL_TIME_15_MIN,16.98
2025-09-28 03:30:00-05:00,2025-09-28 08:30:00+00:00,2025-09-28 03:45:00-05:00,2025-09-28 08:45:00+00:00,ODESW_RN,Resource Node,REAL_TIME_15_MIN,22.23
2025-09-28 03:45:00-05:00,2025-09-28 08:45:00+00:00,2025-09-28 04:00:00-05:00,2025-09-28 09:00:00+00:00,AUSTPL_ALL,Resource Node,REAL_TIME_15_MIN,17.96
2025-09-28 03:45:00-05:00,2025-09-28 08:45:00+00:00,2025-09-28 04:00:00-05:00,2025-09-28 09:00:00+00:00,HLSES_UNIT5,Resource Node,REAL_TIME_15_MIN,17.98
2025-09-28 03:45:00-05:00,2025-09-28 08:45:00+00:00,2025-09-28 04:00:00-05:00,2025-09-28 09:00:00+00:00,ODESW_RN,Resource Node,REAL_TIME_15_MIN,20.02
2025-09-28 04:00:00-05:00,2025-09-28 09:00:00+00:00,2025-09-28 04:15:00-05:00,2025-09-28 09:15:00+00:00,AUSTPL_ALL,Resource Node,REAL_TIME_15_MIN,18.23
2025-09-28 04:00:00-05:00,2025-09-28 09:00:00+00:00,2025-09-28 04:15:00-05:00,2025-09-28 09:15:00+00:00,HLSES_UNIT5,Resource Node,REAL_TIME_15_MIN,18.28
2025-09-28 04:00:00-05:00,2025-09-28 09:00:00+00:00,2025-09-28 04:15:00-05:00,2025-09-28 09:15:00+00:00,ODESW_RN,Resource Node,REAL_TIME_15_MIN,20.28
2025-09-28 04:15:00-05:00,2025-09-28 09:15:00+00:00,2025-09-28 04:30:00-05:00,2025-09-28 09:30:00+00:00,AUSTPL_ALL,Resource Node,REAL_TIME_15_MIN,18.14
2025-09-28 04:15:00-05:00,2025-09-28 09:15:00+00:00,2025-09-28 04:30:00-05:00,2025-09-28 09:30:00+00:00,HLSES_UNIT5,Resource Node,REAL_TIME_15_MIN,18.11
2025-09-28 04:15:00-05:00,2025-09-28 09:15:00+00:00,2025-09-28 04:30:00-05:00,2025-09-28 09:30:00+00:00,ODESW_RN,Resource Node,REAL_TIME_15_MIN,19.48
2025-09-28 04:30:00-05:00,2025-09-28 09:30:00+00:00,2025-09-28 04:45:00-05:00,2025-09-28 09:45:00+00:00,AUSTPL_ALL,Resource Node,REAL_TIME_15_MIN,17.87
2025-09-28 04:30:00-05:00,2025-09-28 09:30:00+00:00,2025-09-28 04:45:00-05:00,2025-09-28 09:45:00+00:00,HLSES_UNIT5,Resource Node,REAL_TIME_15_MIN,17.81
2025-09-28 04:30:00-05:00,2025-09-28 09:30:00+00:00,2025-09-28 04:45:00-05:00,2025-09-28 09:45:00+00:00,ODESW_RN,Resource Node,REAL_TIME_15_MIN,19.38
2025-09-28 04:45:00-05:00,2025-09-28 09:45:00+00:00,2025-09-28 05:00:00-05:00,2025-09-28 10:00:00+00:00,AUSTPL_ALL,Resource Node,REAL_TIME_15_MIN,18.27
2025-09-28 04:45:00-05:00,2025-09-28 09:45:00+00:00,2025-09-28 05:00:00-05:00,2025-09-28 10:00:00+00:00,HLSES_UNIT5,Resource Node,REAL_TIME_15_MIN,18.21
2025-09-28 04:45:00-05:00,2025-09-28 09:45:00+00:00,2025-09-28 05:00:00-05:00,2025-09-28 10:00:00+00:00,ODESW_RN,Resource Node,REAL_TIME_15_MIN,24.35
2025-09-28 05:00:00-05:00,2025-09-28 10:00:00+00:00,2025-09-28 05:15:00-05:00,2025-09-28 10:15:00+00:00,AUSTPL_ALL,Resource Node,REAL_TIME_15_MIN,17.7
2025-09-28 05:00:00-05:00,2025-09-28 10:00:00+00:00,2025-09-28 05:15:00-05:00,2025-09-28 10:15:00+00:00,HLSES_UNIT5,Resource Node,REAL_TIME_15_MIN,17.65
2025-09-28 05:00:00-05:00,2025-09-28 10:00:00+00:00,2025-09-28 05:15:00-05:00,2025-09-28 10:15:00+00:00,ODESW_RN,Resource Node,REAL_TIME_15_MIN,31.22
2025-09-28 05:15:00-05:00,2025-09-28 10:15:00+00:00,2025-09-28 05:30:00-05:00,2025-09-28 10:30:00+00:00,AUSTPL_ALL,Resource Node,REAL_TIME_15_MIN,17.5
2025-09-28 05:15:00-05:00,2025-09-28 10:15:00+00:00,2025-09-28 05:30:00-05:00,2025-09-28 10:30:00+00:00,HLSES_UNIT5,Resource Node,REAL_TIME_15_MIN,17.47
2025-09-28 05:15:00-05:00,2025-09-28 10:15:00+00:00,2025-09-28 05:30:00-05:00,2025-09-28 10:30:00+00:00,ODESW_RN,Resource Node,REAL_TIME_15_MIN,33.15
2025-09-28 05:30:00-05:00,2025-09-28 10:30:00+00:00,2025-09-28 05:45:00-05:00,2025-09-28 10:45:00+00:00,AUSTPL_ALL,Resource Node,REAL_TIME_15_MIN,17.86
2025-09-28 05:30:00-05:00,2025-09-28 10:30:00+00:00,2025-09-28 05:45:00-05:00,2025-09-28 10:45:00+00:00,HLSES_UNIT5,Resource Node,REAL_TIME_15_MIN,17.82
2025-09-28 05:30:00-05:00,2025-09-28 10:30:00+00:00,2025-09-28 05:45:00-05:00,2025-09-28 10:45:00+00:00,ODESW_RN,Resource Node,REAL_TIME_15_MIN,35.13
2025-09-28 05:45:00-05:00,2025-09-28 10:45:00+00:00,2025-09-28 06:00:00-05:00,2025-09-28 11:00:00+00:00,AUSTPL_ALL,Resource Node,REAL_TIME_15_MIN,18.07
2025-09-28 05:45:00-05:00,2025-09-28 10:45:00+00:00,2025-09-28 06:00:00-05:00,2025-09-28 11:00:00+00:00,HLSES_UNIT5,Resource Node,REAL_TIME_15_MIN,18.02
2025-09-28 05:45:00-05:00,2025-09-28 10:45:00+00:00,2025-09-28 06:00:00-05:00,2025-09-28 11:00:00+00:00,ODESW_RN,Resource Node,REAL_TIME_15_MIN,32.1
2025-09-28 06:00:00-05:00,2025-09-28 11:00:00+00:00,2025-09-28 06:15:00-05:00,2025-09-28 11:15:00+00:00,AUSTPL_ALL,Resource Node,REAL_TIME_15_MIN,19.32
2025-09-28 06:00:00-05:00,2025-09-28 11:00:00+00:00,2025-09-28 06:15:00-05:00,2025-09-28 11:15:00+00:00,HLSES_UNIT5,Resource Node,REAL_TIME_15_MIN,19.29
2025-09-28 06:00:00-05:00,2025-09-28 11:00:00+00:00,2025-09-28 06:15:00-05:00,2025-09-28 11:15:00+00:00,ODESW_RN,Resource Node,REAL_TIME_15_MIN,27.15
2025-09-28 06:15:00-05:00,2025-09-28 11:15:00+00:00,2025-09-28 06:30:00-05:00,2025-09-28 11:30:00+00:00,AUSTPL_ALL,Resource Node,REAL_TIME_15_MIN,19.4
2025-09-28 06:15:00-05:00,2025-09-28 11:15:00+00:00,2025-09-28 06:30:00-05:00,2025-09-28 11:30:00+00:00,HLSES_UNIT5,Resource Node,REAL_TIME_15_MIN,19.39
2025-09-28 06:15:00-05:00,2025-09-28 11:15:00+00:00,2025-09-28 06:30:00-05:00,2025-09-28 11:30:00+00:00,ODESW_RN,Resource Node,REAL_TIME_15_MIN,23.74
2025-09-28 06:30:00-05:00,2025-09-28 11:30:00+00:00,2025-09-28 06:45:00-05:00,2025-09-28 11:45:00+00:00,AUSTPL_ALL,Resource Node,REAL_TIME_15_MIN,19.86
2025-09-28 06:30:00-05:00,2025-09-28 11:30:00+00:00,2025-09-28 06:45:00-05:00,2025-09-28 11:45:00+00:00,HLSES_UNIT5,Resource Node,REAL_TIME_15_MIN,19.85
2025-09-28 06:30:00-05:00,2025-09-28 11:30:00+00:00,2025-09-28 06:45:00-05:00,2025-09-28 11:45:00+00:00,ODESW_RN,Resource Node,REAL_TIME_15_MIN,22.52
2025-09-28 06:45:00-05:00,2025-09-28 11:45:00+00:00,2025-09-28 07:00:00-05:00,2025-09-28 12:00:00+00:00,AUSTPL_ALL,Resource Node,REAL_TIME_15_MIN,19.92
2025-09-28 06:45:00-05:00,2025-09-28 11:45:00+00:00,2025-09-28 07:00:00-05:00,2025-09-28 12:00:00+00:00,HLSES_UNIT5,Resource Node,REAL_TIME_15_MIN,19.85
2025-09-28 06:45:00-05:00,2025-09-28 11:45:00+00:00,2025-09-28 07:00:00-05:00,2025-09-28 12:00:00+00:00,ODESW_RN,Resource Node,REAL_TIME_15_MIN,20.57
2025-09-28 07:00:00-05:00,2025-09-28 12:00:00+00:00,2025-09-28 07:15:00-05:00,2025-09-28 12:15:00+00:00,AUSTPL_ALL,Resource Node,REAL_TIME_15_MIN,20.18
2025-09-28 07:00:00-05:00,2025-09-28 12:00:00+00:00,2025-09-28 07:15:00-05:00,2025-09-28 12:15:00+00:00,HLSES_UNIT5,Resource Node,REAL_TIME_15_MIN,19.99
2025-09-28 07:00:00-05:00,2025-09-28 12:00:00+00:00,2025-09-28 07:15:00-05:00,2025-09-28 12:15:00+00:00,ODESW_RN,Resource Node,REAL_TIME_15_MIN,21.31
2025-09-28 07:15:00-05:00,2025-09-28 12:15:00+00:00,2025-09-28 07:30:00-05:00,2025-09-28 12:30:00+00:00,AUSTPL_ALL,Resource Node,REAL_TIME_15_MIN,21.62
2025-09-28 07:15:00-05:00,2025-09-28 12:15:00+00:00,2025-09-28 07:30:00-05:00,2025-09-28 12:30:00+00:00,HLSES_UNIT5,Resource Node,REAL_TIME_15_MIN,18.74
2025-09-28 07:15:00-05:00,2025-09-28 12:15:00+00:00,2025-09-28 07:30:00-05:00,2025-09-28 12:30:00+00:00,ODESW_RN,Resource Node,REAL_TIME_15_MIN,37.44
2025-09-28 07:30:00-05:00,2025-09-28 12:30:00+00:00,2025-09-28 07:45:00-05:00,2025-09-28 12:45:00+00:00,AUSTPL_ALL,Resource Node,REAL_TIME_15_MIN,20.94
2025-09-28 07:30:00-05:00,2025-09-28 12:30:00+00:00,2025-09-28 07:45:00-05:00,2025-09-28 12:45:00+00:00,HLSES_UNIT5,Resource Node,REAL_TIME_15_MIN,18.39
2025-09-28 07:30:00-05:00,2025-09-28 12:30:00+00:00,2025-09-28 07:45:00-05:00,2025-09-28 12:45:00+00:00,ODESW_RN,Resource Node,REAL_TIME_15_MIN,34.96
2025-09-28 07:45:00-05:00,2025-09-28 12:45:00+00:00,2025-09-28 08:00:00-05:00,2025-09-28 13:00:00+00:00,AUSTPL_ALL,Resource Node,REAL_TIME_15_MIN,18.13
2025-09-28 07:45:00-05:00,2025-09-28 12:45:00+00:00,2025-09-28 08:00:00-05:00,2025-09-28 13:00:00+00:00,HLSES_UNIT5,Resource Node,REAL_TIME_15_MIN,15.69
2025-09-28 07:45:00-05:00,2025-09-28 12:45:00+00:00,2025-09-28 08:00:00-05:00,2025-09-28 13:00:00+00:00,ODESW_RN,Resource Node,REAL_TIME_15_MIN,31.51
2025-09-28 08:00:00-05:00,2025-09-28 13:00:00+00:00,2025-09-28 08:15:00-05:00,2025-09-28 13:15:00+00:00,AUSTPL_ALL,Resource Node,REAL_TIME_15_MIN,16.61
2025-09-28 08:00:00-05:00,2025-09-28 13:00:00+00:00,2025-09-28 08:15:00-05:00,2025-09-28 13:15:00+00:00,HLSES_UNIT5,Resource Node,REAL_TIME_15_MIN,13.68
2025-09-28 08:00:00-05:00,2025-09-28 13:00:00+00:00,2025-09-28 08:15:00-05:00,2025-09-28 13:15:00+00:00,ODESW_RN,Resource Node,REAL_TIME_15_MIN,33.47
2025-09-28 08:15:00-05:00,2025-09-28 13:15:00+00:00,2025-09-28 08:30:00-05:00,2025-09-28 13:30:00+00:00,AUSTPL_ALL,Resource Node,REAL_TIME_15_MIN,15.48
2025-09-28 08:15:00-05:00,2025-09-28 13:15:00+00:00,2025-09-28 08:30:00-05:00,2025-09-28 13:30:00+00:00,HLSES_UNIT5,Resource Node,REAL_TIME_15_MIN,15.58
2025-09-28 08:15:00-05:00,2025-09-28 13:15:00+00:00,2025-09-28 08:30:00-05:00,2025-09-28 13:30:00+00:00,ODESW_RN,Resource Node,REAL_TIME_15_MIN,19.02
2025-09-28 08:30:00-05:00,2025-09-28 13:30:00+00:00,2025-09-28 08:45:00-05:00,2025-09-28 13:45:00+00:00,AUSTPL_ALL,Resource Node,REAL_TIME_15_MIN,13.81
2025-09-28 08:30:00-05:00,2025-09-28 13:30:00+00:00,2025-09-28 08:45:00-05:00,2025-09-28 13:45:00+00:00,HLSES_UNIT5,Resource Node,REAL_TIME_15_MIN,13.85
2025-09-28 08:30:00-05:00,2025-09-28 13:30:00+00:00,2025-09-28 08:45:00-05:00,2025-09-28 13:45:00+00:00,ODESW_RN,Resource Node,REAL_TIME_15_MIN,14.03
2025-09-28 08:45:00-05:00,2025-09-28 13:45:00+00:00,2025-09-28 09:00:00-05:00,2025-09-28 14:00:00+00:00,AUSTPL_ALL,Resource Node,REAL_TIME_15_MIN,11.64
2025-09-28 08:45:00-05:00,2025-09-28 13:45:00+00:00,2025-09-28 09:00:00-05:00,2025-09-28 14:00:00+00:00,HLSES_UNIT5,Resource Node,REAL_TIME_15_MIN,11.67
2025-09-28 08:45:00-05:00,2025-09-28 13:45:00+00:00,2025-09-28 09:00:00-05:00,2025-09-28 14:00:00+00:00,ODESW_RN,Resource Node,REAL_TIME_15_MIN,12.37
2025-09-28 09:00:00-05:00,2025-09-28 14:00:00+00:00,2025-09-28 09:15:00-05:00,2025-09-28 14:15:00+00:00,AUSTPL_ALL,Resource Node,REAL_TIME_15_MIN,11.92
2025-09-28 09:00:00-05:00,2025-09-28 14:00:00+00:00,2025-09-28 09:15:00-05:00,2025-09-28 14:15:00+00:00,HLSES_UNIT5,Resource Node,REAL_TIME_15_MIN,11.68
2025-09-28 09:00:00-05:00,2025-09-28 14:00:00+00:00,2025-09-28 09:15:00-05:00,2025-09-28 14:15:00+00:00,ODESW_RN,Resource Node,REAL_TIME_15_MIN,13.97
2025-09-28 09:15:00-05:00,2025-09-28 14:15:00+00:00,2025-09-28 09:30:00-05:00,2025-09-28 14:30:00+00:00,AUSTPL_ALL,Resource Node,REAL_TIME_15_MIN,11.81
2025-09-28 09:15:00-05:00,2025-09-28 14:15:00+00:00,2025-09-28 09:30:00-05:00,2025-09-28 14:30:00+00:00,HLSES_UNIT5,Resource Node,REAL_TIME_15_MIN,12.01
2025-09-28 09:15:00-05:00,2025-09-28 14:15:00+00:00,2025-09-28 09:30:00-05:00,2025-09-28 14:30:00+00:00,ODESW_RN,Resource Node,REAL_TIME_15_MIN,12.86
2025-09-28 09:30:00-05:00,2025-09-28 14:30:00+00:00,2025-09-28 09:45:00-05:00,2025-09-28 14:45:00+00:00,AUSTPL_ALL,Resource Node,REAL_TIME_15_MIN,11.54
2025-09-28 09:30:00-05:00,2025-09-28 14:30:00+00:00,2025-09-28 09:45:00-05:00,2025-09-28 14:45:00+00:00,HLSES_UNIT5,Resource Node,REAL_TIME_15_MIN,11.65
2025-09-28 09:30:00-05:00,2025-09-28 14:30:00+00:00,2025-09-28 09:45:00-05:00,2025-09-28 14:45:00+00:00,ODESW_RN,Resource Node,REAL_TIME_15_MIN,12.1
2025-09-28 09:45:00-05:00,2025-09-28 14:45:00+00:00,2025-09-28 10:00:00-05:00,2025-09-28 15:00:00+00:00,AUSTPL_ALL,Resource Node,REAL_TIME_15_MIN,12.04
2025-09-28 09:45:00-05:00,2025-09-28 14:45:00+00:00,2025-09-28 10:00:00-05:00,2025-09-28 15:00:00+00:00,HLSES_UNIT5,Resource Node,REAL_TIME_15_MIN,12.01
2025-09-28 09:45:00-05:00,2025-09-28 14:45:00+00:00,2025-09-28 10:00:00-05:00,2025-09-28 15:00:00+00:00,ODESW_RN,Resource Node,REAL_TIME_15_MIN,12.0
2025-09-28 10:00:00-05:00,2025-09-28 15:00:00+00:00,2025-09-28 10:15:00-05:00,2025-09-28 15:15:00+00:00,AUSTPL_ALL,Resource Node,REAL_TIME_15_MIN,12.67
2025-09-28 10:00:00-05:00,2025-09-28 15:00:00+00:00,2025-09-28 10:15:00-05:00,2025-09-28 15:15:00+00:00,HLSES_UNIT5,Resource Node,REAL_TIME_15_MIN,12.6
2025-09-28 10:00:00-05:00,2025-09-28 15:00:00+00:00,2025-09-28 10:15:00-05:00,2025-09-28 15:15:00+00:00,ODESW_RN,Resource Node,REAL_TIME_15_MIN,12.43
2025-09-28 10:15:00-05:00,2025-09-28 15:15:00+00:00,2025-09-28 10:30:00-05:00,2025-09-28 15:30:00+00:00,AUSTPL_ALL,Resource Node,REAL_TIME_15_MIN,12.23
2025-09-28 10:15:00-05:00,2025-09-28 15:15:00+00:00,2025-09-28 10:30:00-05:00,2025-09-28 15:30:00+00:00,HLSES_UNIT5,Resource Node,REAL_TIME_15_MIN,12.15
2025-09-28 10:15:00-05:00,2025-09-28 15:15:00+00:00,2025-09-28 10:30:00-05:00,2025-09-28 15:30:00+00:00,ODESW_RN,Resource Node,REAL_TIME_15_MIN,11.99
2025-09-28 10:30:00-05:00,2025-09-28 15:30:00+00:00,2025-09-28 10:45:00-05:00,2025-09-28 15:45:00+00:00,AUSTPL_ALL,Resource Node,REAL_TIME_15_MIN,13.03
2025-09-28 10:30:00-05:00,2025-09-28 15:30:00+00:00,2025-09-28 10:45:00-05:00,2025-09-28 15:45:00+00:00,HLSES_UNIT5,Resource Node,REAL_TIME_15_MIN,12.96
2025-09-28 10:30:00-05:00,2025-09-28 15:30:00+00:00,2025-09-28 10:45:00-05:00,2025-09-28 15:45:00+00:00,ODESW_RN,Resource Node,REAL_TIME_15_MIN,12.79
2025-09-28 10:45:00-05:00,2025-09-28 15:45:00+00:00,2025-09-28 11:00:00-05:00,2025-09-28 16:00:00+00:00,AUSTPL_ALL,Resource Node,REAL_TIME_15_MIN,14.32
2025-09-28 10:45:00-05:00,2025-09-28 15:45:00+00:00,2025-09-28 11:00:00-05:00,2025-09-28 16:00:00+00:00,HLSES_UNIT5,Resource Node,REAL_TIME_15_MIN,14.24
2025-09-28 10:45:00-05:00,2025-09-28 15:45:00+00:00,2025-09-28 11:00:00-05:00,2025-09-28 16:00:00+00:00,ODESW_RN,Resource Node,REAL_TIME_15_MIN,14.05
2025-09-28 11:00:00-05:00,2025-09-28 16:00:00+00:00,2025-09-28 11:15:00-05:00,2025-09-28 16:15:00+00:00,AUSTPL_ALL,Resource Node,REAL_TIME_15_MIN,13.38
2025-09-28 11:00:00-05:00,2025-09-28 16:00:00+00:00,2025-09-28 11:15:00-05:00,2025-09-28 16:15:00+00:00,HLSES_UNIT5,Resource Node,REAL_TIME_15_MIN,13.3
2025-09-28 11:00:00-05:00,2025-09-28 16:00:00+00:00,2025-09-28 11:15:00-05:00,2025-09-28 16:15:00+00:00,ODESW_RN,Resource Node,REAL_TIME_15_MIN,13.12
2025-09-28 11:15:00-05:00,2025-09-28 16:15:00+00:00,2025-09-28 11:30:00-05:00,2025-09-28 16:30:00+00:00,AUSTPL_ALL,Resource Node,REAL_TIME_15_MIN,13.97
2025-09-28 11:15:00-05:00,2025-09-28 16:15:00+00:00,2025-09-28 11:30:00-05:00,2025-09-28 16:30:00+00:00,HLSES_UNIT5,Resource Node,REAL_TIME_15_MIN,13.89
2025-09-28 11:15:00-05:00,2025-09-28 16:15:00+00:00,2025-09-28 11:30:00-05:00,2025-09-28 16:30:00+00:00,ODESW_RN,Resource Node,REAL_TIME_15_MIN,13.76
2025-09-28 11:30:00-05:00,2025-09-28 16:30:00+00:00,2025-09-28 11:45:00-05:00,2025-09-28 16:45:00+00:00,AUSTPL_ALL,Resource Node,REAL_TIME_15_MIN,14.89
2025-09-28 11:30:00-05:00,2025-09-28 16:30:00+00:00,2025-09-28 11:45:00-05:00,2025-09-28 16:45:00+00:00,HLSES_UNIT5,Resource Node,REAL_TIME_15_MIN,14.79
2025-09-28 11:30:00-05:00,2025-09-28 16:30:00+00:00,2025-09-28 11:45:00-05:00,2025-09-28 16:45:00+00:00,ODESW_RN,Resource Node,REAL_TIME_15_MIN,14.62
2025-09-28 11:45:00-05:00,2025-09-28 16:45:00+00:00,2025-09-28 12:00:00-05:00,2025-09-28 17:00:00+00:00,AUSTPL_ALL,Resource Node,REAL_TIME_15_MIN,17.34
2025-09-28 11:45:00-05:00,2025-09-28 16:45:00+00:00,2025-09-28 12:00:00-05:00,2025-09-28 17:00:00+00:00,HLSES_UNIT5,Resource Node,REAL_TIME_15_MIN,17.48
2025-09-28 11:45:00-05:00,2025-09-28 16:45:00+00:00,2025-09-28 12:00:00-05:00,2025-09-28 17:00:00+00:00,ODESW_RN,Resource Node,REAL_TIME_15_MIN,17.22
2025-09-28 12:00:00-05:00,2025-09-28 17:00:00+00:00,2025-09-28 12:15:00-05:00,2025-09-28 17:15:00+00:00,AUSTPL_ALL,Resource Node,REAL_TIME_15_MIN,18.02
2025-09-28 12:00:00-05:00,2025-09-28 17:00:00+00:00,2025-09-28 12:15:00-05:00,2025-09-28 17:15:00+00:00,HLSES_UNIT5,Resource Node,REAL_TIME_15_MIN,18.28
2025-09-28 12:00:00-05:00,2025-09-28 17:00:00+00:00,2025-09-28 12:15:00-05:00,2025-09-28 17:15:00+00:00,ODESW_RN,Resource Node,REAL_TIME_15_MIN,17.96
2025-09-28 12:15:00-05:00,2025-09-28 17:15:00+00:00,2025-09-28 12:30:00-05:00,2025-09-28 17:30:00+00:00,AUSTPL_ALL,Resource Node,REAL_TIME_15_MIN,18.31
2025-09-28 12:15:00-05:00,2025-09-28 17:15:00+00:00,2025-09-28 12:30:00-05:00,2025-09-28 17:30:00+00:00,HLSES_UNIT5,Resource Node,REAL_TIME_15_MIN,18.72
2025-09-28 12:15:00-05:00,2025-09-28 17:15:00+00:00,2025-09-28 12:30:00-05:00,2025-09-28 17:30:00+00:00,ODESW_RN,Resource Node,REAL_TIME_15_MIN,18.36
2025-09-28 12:30:00-05:00,2025-09-28 17:30:00+00:00,2025-09-28 12:45:00-05:00,2025-09-28 17:45:00+00:00,AUSTPL_ALL,Resource Node,REAL_TIME_15_MIN,19.22
2025-09-28 12:30:00-05:00,2025-09-28 17:30:00+00:00,2025-09-28 12:45:00-05:00,2025-09-28 17:45:00+00:00,HLSES_UNIT5,Resource Node,REAL_TIME_15_MIN,20.15
2025-09-28 12:30:00-05:00,2025-09-28 17:30:00+00:00,2025-09-28 12:45:00-05:00,2025-09-28 17:45:00+00:00,ODESW_RN,Resource Node,REAL_TIME_15_MIN,19.56
2025-09-28 12:45:00-05:00,2025-09-28 17:45:00+00:00,2025-09-28 13:00:00-05:00,2025-09-28 18:00:00+00:00,AUSTPL_ALL,Resource Node,REAL_TIME_15_MIN,19.32
2025-09-28 12:45:00-05:00,2025-09-28 17:45:00+00:00,2025-09-28 13:00:00-05:00,2025-09-28 18:00:00+00:00,HLSES_UNIT5,Resource Node,REAL_TIME_15_MIN,21.0
2025-09-28 12:45:00-05:00,2025-09-28 17:45:00+00:00,2025-09-28 13:00:00-05:00,2025-09-28 18:00:00+00:00,ODESW_RN,Resource Node,REAL_TIME_15_MIN,20.01
2025-09-28 13:00:00-05:00,2025-09-28 18:00:00+00:00,2025-09-28 13:15:00-05:00,2025-09-28 18:15:00+00:00,AUSTPL_ALL,Resource Node,REAL_TIME_15_MIN,20.78
2025-09-28 13:00:00-05:00,2025-09-28 18:00:00+00:00,2025-09-28 13:15:00-05:00,2025-09-28 18:15:00+00:00,HLSES_UNIT5,Resource Node,REAL_TIME_15_MIN,23.01
2025-09-28 13:00:00-05:00,2025-09-28 18:00:00+00:00,2025-09-28 13:15:00-05:00,2025-09-28 18:15:00+00:00,ODESW_RN,Resource Node,REAL_TIME_15_MIN,24.68
2025-09-28 13:15:00-05:00,2025-09-28 18:15:00+00:00,2025-09-28 13:30:00-05:00,2025-09-28 18:30:00+00:00,AUSTPL_ALL,Resource Node,REAL_TIME_15_MIN,20.79
2025-09-28 13:15:00-05:00,2025-09-28 18:15:00+00:00,2025-09-28 13:30:00-05:00,2025-09-28 18:30:00+00:00,HLSES_UNIT5,Resource Node,REAL_TIME_15_MIN,24.35
2025-09-28 13:15:00-05:00,2025-09-28 18:15:00+00:00,2025-09-28 13:30:00-05:00,2025-09-28 18:30:00+00:00,ODESW_RN,Resource Node,REAL_TIME_15_MIN,22.48
2025-09-28 13:30:00-05:00,2025-09-28 18:30:00+00:00,2025-09-28 13:45:00-05:00,2025-09-28 18:45:00+00:00,AUSTPL_ALL,Resource Node,REAL_TIME_15_MIN,21.66
2025-09-28 13:30:00-05:00,2025-09-28 18:30:00+00:00,2025-09-28 13:45:00-05:00,2025-09-28 18:45:00+00:00,HLSES_UNIT5,Resource Node,REAL_TIME_15_MIN,24.46
2025-09-28 13:30:00-05:00,2025-09-28 18:30:00+00:00,2025-09-28 13:45:00-05:00,2025-09-28 18:45:00+00:00,ODESW_RN,Resource Node,REAL_TIME_15_MIN,22.93
2025-09-28 13:45:00-05:00,2025-09-28 18:45:00+00:00,2025-09-28 14:00:00-05:00,2025-09-28 19:00:00+00:00,AUSTPL_ALL,Resource Node,REAL_TIME_15_MIN,22.45
2025-09-28 13:45:00-05:00,2025-09-28 18:45:00+00:00,2025-09-28 14:00:00-05:00,2025-09-28 19:00:00+00:00,HLSES_UNIT5,Resource Node,REAL_TIME_15_MIN,25.68
2025-09-28 13:45:00-05:00,2025-09-28 18:45:00+00:00,2025-09-28 14:00:00-05:00,2025-09-28 19:00:00+00:00,ODESW_RN,Resource Node,REAL_TIME_15_MIN,23.9
2025-09-28 14:00:00-05:00,2025-09-28 19:00:00+00:00,2025-09-28 14:15:00-05:00,2025-09-28 19:15:00+00:00,AUSTPL_ALL,Resource Node,REAL_TIME_15_MIN,21.23
2025-09-28 14:00:00-05:00,2025-09-28 19:00:00+00:00,2025-09-28 14:15:00-05:00,2025-09-28 19:15:00+00:00,HLSES_UNIT5,Resource Node,REAL_TIME_15_MIN,22.25
2025-09-28 14:00:00-05:00,2025-09-28 19:00:00+00:00,2025-09-28 14:15:00-05:00,2025-09-28 19:15:00+00:00,ODESW_RN,Resource Node,REAL_TIME_15_MIN,21.59
2025-09-28 14:15:00-05:00,2025-09-28 19:15:00+00:00,2025-09-28 14:30:00-05:00,2025-09-28 19:30:00+00:00,AUSTPL_ALL,Resource Node,REAL_TIME_15_MIN,22.54
2025-09-28 14:15:00-05:00,2025-09-28 19:15:00+00:00,2025-09-28 14:30:00-05:00,2025-09-28 19:30:00+00:00,HLSES_UNIT5,Resource Node,REAL_TIME_15_MIN,23.99
2025-09-28 14:15:00-05:00,2025-09-28 19:15:00+00:00,2025-09-28 14:30:00-05:00,2025-09-28 19:30:00+00:00,ODESW_RN,Resource Node,REAL_TIME_15_MIN,23.11
2025-09-28 14:30:00-05:00,2025-09-28 19:30:00+00:00,2025-09-28 14:45:00-05:00,2025-09-28 19:45:00+00:00,AUSTPL_ALL,Resource Node,REAL_TIME_15_MIN,22.94
2025-09-28 14:30:00-05:00,2025-09-28 19:30:00+00:00,2025-09-28 14:45:00-05:00,2025-09-28 19:45:00+00:00,HLSES_UNIT5,Resource Node,REAL_TIME_15_MIN,23.75
2025-09-28 14:30:00-05:00,2025-09-28 19:30:00+00:00,2025-09-28 14:45:00-05:00,2025-09-28 19:45:00+00:00,ODESW_RN,Resource Node,REAL_TIME_15_MIN,23.21
2025-09-28 14:45:00-05:00,2025-09-28 19:45:00+00:00,2025-09-28 15:00:00-05:00,2025-09-28 20:00:00+00:00,AUSTPL_ALL,Resource Node,REAL_TIME_15_MIN,24.41
2025-09-28 14:45:00-05:00,2025-09-28 19:45:00+00:00,2025-09-28 15:00:00-05:00,2025-09-28 20:00:00+00:00,HLSES_UNIT5,Resource Node,REAL_TIME_15_MIN,25.42
2025-09-28 14:45:00-05:00,2025-09-28 19:45:00+00:00,2025-09-28 15:00:00-05:00,2025-09-28 20:00:00+00:00,ODESW_RN,Resource Node,REAL_TIME_15_MIN,24.79
2025-09-28 15:00:00-05:00,2025-09-28 20:00:00+00:00,2025-09-28 15:15:00-05:00,2025-09-28 20:15:00+00:00,AUSTPL_ALL,Resource Node,REAL_TIME_15_MIN,22.82
2025-09-28 15:00:00-05:00,2025-09-28 20:00:00+00:00,2025-09-28 15:15:00-05:00,2025-09-28 20:15:00+00:00,HLSES_UNIT5,Resource Node,REAL_TIME_15_MIN,23.67
2025-09-28 15:00:00-05:00,2025-09-28 20:00:00+00:00,2025-09-28 15:15:00-05:00,2025-09-28 20:15:00+00:00,ODESW_RN,Resource Node,REAL_TIME_15_MIN,23.11
2025-09-28 15:15:00-05:00,2025-09-28 20:15:00+00:00,2025-09-28 15:30:00-05:00,2025-09-28 20:30:00+00:00,AUSTPL_ALL,Resource Node,REAL_TIME_15_MIN,22.13
2025-09-28 15:15:00-05:00,2025-09-28 20:15:00+00:00,2025-09-28 15:30:00-05:00,2025-09-28 20:30:00+00:00,HLSES_UNIT5,Resource Node,REAL_TIME_15_MIN,22.85
2025-09-28 15:15:00-05:00,2025-09-28 20:15:00+00:00,2025-09-28 15:30:00-05:00,2025-09-28 20:30:00+00:00,ODESW_RN,Resource Node,REAL_TIME_15_MIN,22.37
2025-09-28 15:30:00-05:00,2025-09-28 20:30:00+00:00,2025-09-28 15:45:00-05:00,2025-09-28 20:45:00+00:00,AUSTPL_ALL,Resource Node,REAL_TIME_15_MIN,23.12
2025-09-28 15:30:00-05:00,2025-09-28 20:30:00+00:00,2025-09-28 15:45:00-05:00,2025-09-28 20:45:00+00:00,HLSES_UNIT5,Resource Node,REAL_TIME_15_MIN,24.17
2025-09-28 15:30:00-05:00,2025-09-28 20:30:00+00:00,2025-09-28 15:45:00-05:00,2025-09-28 20:45:00+00:00,ODESW_RN,Resource Node,REAL_TIME_15_MIN,23.61
2025-09-28 15:45:00-05:00,2025-09-28 20:45:00+00:00,2025-09-28 16:00:00-05:00,2025-09-28 21:00:00+00:00,AUSTPL_ALL,Resource Node,REAL_TIME_15_MIN,24.35
2025-09-28 15:45:00-05:00,2025-09-28 20:45:00+00:00,2025-09-28 16:00:00-05:00,2025-09-28 21:00:00+00:00,HLSES_UNIT5,Resource Node,REAL_TIME_15_MIN,25.02
2025-09-28 15:45:00-05:00,2025-09-28 20:45:00+00:00,2025-09-28 16:00:00-05:00,2025-09-28 21:00:00+00:00,ODESW_RN,Resource Node,REAL_TIME_15_MIN,28.79
2025-09-28 16:00:00-05:00,2025-09-28 21:00:00+00:00,2025-09-28 16:15:00-05:00,2025-09-28 21:15:00+00:00,AUSTPL_ALL,Resource Node,REAL_TIME_15_MIN,26.74
2025-09-28 16:00:00-05:00,2025-09-28 21:00:00+00:00,2025-09-28 16:15:00-05:00,2025-09-28 21:15:00+00:00,HLSES_UNIT5,Resource Node,REAL_TIME_15_MIN,22.43
2025-09-28 16:00:00-05:00,2025-09-28 21:00:00+00:00,2025-09-28 16:15:00-05:00,2025-09-28 21:15:00+00:00,ODESW_RN,Resource Node,REAL_TIME_15_MIN,83.46
2025-09-28 16:15:00-05:00,2025-09-28 21:15:00+00:00,2025-09-28 16:30:00-05:00,2025-09-28 21:30:00+00:00,AUSTPL_ALL,Resource Node,REAL_TIME_15_MIN,29.94
2025-09-28 16:15:00-05:00,2025-09-28 21:15:00+00:00,2025-09-28 16:30:00-05:00,2025-09-28 21:30:00+00:00,HLSES_UNIT5,Resource Node,REAL_TIME_15_MIN,29.81
2025-09-28 16:15:00-05:00,2025-09-28 21:15:00+00:00,2025-09-28 16:30:00-05:00,2025-09-28 21:30:00+00:00,ODESW_RN,Resource Node,REAL_TIME_15_MIN,93.75
2025-09-28 16:30:00-05:00,2025-09-28 21:30:00+00:00,2025-09-28 16:45:00-05:00,2025-09-28 21:45:00+00:00,AUSTPL_ALL,Resource Node,REAL_TIME_15_MIN,34.37
2025-09-28 16:30:00-05:00,2025-09-28 21:30:00+00:00,2025-09-28 16:45:00-05:00,2025-09-28 21:45:00+00:00,HLSES_UNIT5,Resource Node,REAL_TIME_15_MIN,28.64
2025-09-28 16:30:00-05:00,2025-09-28 21:30:00+00:00,2025-09-28 16:45:00-05:00,2025-09-28 21:45:00+00:00,ODESW_RN,Resource Node,REAL_TIME_15_MIN,103.1
2025-09-28 16:45:00-05:00,2025-09-28 21:45:00+00:00,2025-09-28 17:00:00-05:00,2025-09-28 22:00:00+00:00,AUSTPL_ALL,Resource Node,REAL_TIME_15_MIN,38.56
2025-09-28 16:45:00-05:00,2025-09-28 21:45:00+00:00,2025-09-28 17:00:00-05:00,2025-09-28 22:00:00+00:00,HLSES_UNIT5,Resource Node,REAL_TIME_15_MIN,33.1
2025-09-28 16:45:00-05:00,2025-09-28 21:45:00+00:00,2025-09-28 17:00:00-05:00,2025-09-28 22:00:00+00:00,ODESW_RN,Resource Node,REAL_TIME_15_MIN,114.96
2025-09-28 17:00:00-05:00,2025-09-28 22:00:00+00:00,2025-09-28 17:15:00-05:00,2025-09-28 22:15:00+00:00,AUSTPL_ALL,Resource Node,REAL_TIME_15_MIN,30.9
2025-09-28 17:00:00-05:00,2025-09-28 22:00:00+00:00,2025-09-28 17:15:00-05:00,2025-09-28 22:15:00+00:00,HLSES_UNIT5,Resource Node,REAL_TIME_15_MIN,29.5
2025-09-28 17:00:00-05:00,2025-09-28 22:00:00+00:00,2025-09-28 17:15:00-05:00,2025-09-28 22:15:00+00:00,ODESW_RN,Resource Node,REAL_TIME_15_MIN,75.83
2025-09-28 17:15:00-05:00,2025-09-28 22:15:00+00:00,2025-09-28 17:30:00-05:00,2025-09-28 22:30:00+00:00,AUSTPL_ALL,Resource Node,REAL_TIME_15_MIN,33.43
2025-09-28 17:15:00-05:00,2025-09-28 22:15:00+00:00,2025-09-28 17:30:00-05:00,2025-09-28 22:30:00+00:00,HLSES_UNIT5,Resource Node,REAL_TIME_15_MIN,30.17
2025-09-28 17:15:00-05:00,2025-09-28 22:15:00+00:00,2025-09-28 17:30:00-05:00,2025-09-28 22:30:00+00:00,ODESW_RN,Resource Node,REAL_TIME_15_MIN,85.76
2025-09-28 17:30:00-05:00,2025-09-28 22:30:00+00:00,2025-09-28 17:45:00-05:00,2025-09-28 22:45:00+00:00,AUSTPL_ALL,Resource Node,REAL_TIME_15_MIN,49.5
2025-09-28 17:30:00-05:00,2025-09-28 22:30:00+00:00,2025-09-28 17:45:00-05:00,2025-09-28 22:45:00+00:00,HLSES_UNIT5,Resource Node,REAL_TIME_15_MIN,45.34
2025-09-28 17:30:00-05:00,2025-09-28 22:30:00+00:00,2025-09-28 17:45:00-05:00,2025-09-28 22:45:00+00:00,ODESW_RN,Resource Node,REAL_TIME_15_MIN,100.82
2025-09-28 17:45:00-05:00,2025-09-28 22:45:00+00:00,2025-09-28 18:00:00-05:00,2025-09-28 23:00:00+00:00,AUSTPL_ALL,Resource Node,REAL_TIME_15_MIN,50.27
2025-09-28 17:45:00-05:00,2025-09-28 22:45:00+00:00,2025-09-28 18:00:00-05:00,2025-09-28 23:00:00+00:00,HLSES_UNIT5,Resource Node,REAL_TIME_15_MIN,51.39
2025-09-28 17:45:00-05:00,2025-09-28 22:45:00+00:00,2025-09-28 18:00:00-05:00,2025-09-28 23:00:00+00:00,ODESW_RN,Resource Node,REAL_TIME_15_MIN,63.9
2025-09-28 18:00:00-05:00,2025-09-28 23:00:00+00:00,2025-09-28 18:15:00-05:00,2025-09-28 23:15:00+00:00,AUSTPL_ALL,Resource Node,REAL_TIME_15_MIN,49.67
2025-09-28 18:00:00-05:00,2025-09-28 23:00:00+00:00,2025-09-28 18:15:00-05:00,2025-09-28 23:15:00+00:00,HLSES_UNIT5,Resource Node,REAL_TIME_15_MIN,50.84
2025-09-28 18:00:00-05:00,2025-09-28 23:00:00+00:00,2025-09-28 18:15:00-05:00,2025-09-28 23:15:00+00:00,ODESW_RN,Resource Node,REAL_TIME_15_MIN,52.97
2025-09-28 18:15:00-05:00,2025-09-28 23:15:00+00:00,2025-09-28 18:30:00-05:00,2025-09-28 23:30:00+00:00,AUSTPL_ALL,Resource Node,REAL_TIME_15_MIN,51.91
2025-09-28 18:15:00-05:00,2025-09-28 23:15:00+00:00,2025-09-28 18:30:00-05:00,2025-09-28 23:30:00+00:00,HLSES_UNIT5,Resource Node,REAL_TIME_15_MIN,51.79
2025-09-28 18:15:00-05:00,2025-09-28 23:15:00+00:00,2025-09-28 18:30:00-05:00,2025-09-28 23:30:00+00:00,ODESW_RN,Resource Node,REAL_TIME_15_MIN,54.65
2025-09-28 18:30:00-05:00,2025-09-28 23:30:00+00:00,2025-09-28 18:45:00-05:00,2025-09-28 23:45:00+00:00,AUSTPL_ALL,Resource Node,REAL_TIME_15_MIN,66.92
2025-09-28 18:30:00-05:00,2025-09-28 23:30:00+00:00,2025-09-28 18:45:00-05:00,2025-09-28 23:45:00+00:00,HLSES_UNIT5,Resource Node,REAL_TIME_15_MIN,66.7
2025-09-28 18:30:00-05:00,2025-09-28 23:30:00+00:00,2025-09-28 18:45:00-05:00,2025-09-28 23:45:00+00:00,ODESW_RN,Resource Node,REAL_TIME_15_MIN,71.59
2025-09-28 18:45:00-05:00,2025-09-28 23:45:00+00:00,2025-09-28 19:00:00-05:00,2025-09-29 00:00:00+00:00,AUSTPL_ALL,Resource Node,REAL_TIME_15_MIN,76.69
2025-09-28 18:45:00-05:00,2025-09-28 23:45:00+00:00,2025-09-28 19:00:00-05:00,2025-09-29 00:00:00+00:00,HLSES_UNIT5,Resource Node,REAL_TIME_15_MIN,76.69
2025-09-28 18:45:00-05:00,2025-09-28 23:45:00+00:00,2025-09-28 19:00:00-05:00,2025-09-29 00:00:00+00:00,ODESW_RN,Resource Node,REAL_TIME_15_MIN,76.7
2025-09-28 19:00:00-05:00,2025-09-29 00:00:00+00:00,2025-09-28 19:15:00-05:00,2025-09-29 00:15:00+00:00,AUSTPL_ALL,Resource Node,REAL_TIME_15_MIN,61.57
2025-09-28 19:00:00-05:00,2025-09-29 00:00:00+00:00,2025-09-28 19:15:00-05:00,2025-09-29 00:15:00+00:00,HLSES_UNIT5,Resource Node,REAL_TIME_15_MIN,61.55
2025-09-28 19:00:00-05:00,2025-09-29 00:00:00+00:00,2025-09-28 19:15:00-05:00,2025-09-29 00:15:00+00:00,ODESW_RN,Resource Node,REAL_TIME_15_MIN,61.56
2025-09-28 19:15:00-05:00,2025-09-29 00:15:00+00:00,2025-09-28 19:30:00-05:00,2025-09-29 00:30:00+00:00,AUSTPL_ALL,Resource Node,REAL_TIME_15_MIN,53.47
2025-09-28 19:15:00-05:00,2025-09-29 00:15:00+00:00,2025-09-28 19:30:00-05:00,2025-09-29 00:30:00+00:00,HLSES_UNIT5,Resource Node,REAL_TIME_15_MIN,53.39
2025-09-28 19:15:00-05:00,2025-09-29 00:15:00+00:00,2025-09-28 19:30:00-05:00,2025-09-29 00:30:00+00:00,ODESW_RN,Resource Node,REAL_TIME_15_MIN,54.21
2025-09-28 19:30:00-05:00,2025-09-29 00:30:00+00:00,2025-09-28 19:45:00-05:00,2025-09-29 00:45:00+00:00,AUSTPL_ALL,Resource Node,REAL_TIME_15_MIN,43.78
2025-09-28 19:30:00-05:00,2025-09-29 00:30:00+00:00,2025-09-28 19:45:00-05:00,2025-09-29 00:45:00+00:00,HLSES_UNIT5,Resource Node,REAL_TIME_15_MIN,43.31
2025-09-28 19:30:00-05:00,2025-09-29 00:30:00+00:00,2025-09-28 19:45:00-05:00,2025-09-29 00:45:00+00:00,ODESW_RN,Resource Node,REAL_TIME_15_MIN,47.35
2025-09-28 19:45:00-05:00,2025-09-29 00:45:00+00:00,2025-09-28 20:00:00-05:00,2025-09-29 01:00:00+00:00,AUSTPL_ALL,Resource Node,REAL_TIME_15_MIN,39.63
2025-09-28 19:45:00-05:00,2025-09-29 00:45:00+00:00,2025-09-28 20:00:00-05:00,2025-09-29 01:00:00+00:00,HLSES_UNIT5,Resource Node,REAL_TIME_15_MIN,38.05
2025-09-28 19:45:00-05:00,2025-09-29 00:45:00+00:00,2025-09-28 20:00:00-05:00,2025-09-29 01:00:00+00:00,ODESW_RN,Resource Node,REAL_TIME_15_MIN,51.53
2025-09-28 20:00:00-05:00,2025-09-29 01:00:00+00:00,2025-09-28 20:15:00-05:00,2025-09-29 01:15:00+00:00,AUSTPL_ALL,Resource Node,REAL_TIME_15_MIN,38.2
2025-09-28 20:00:00-05:00,2025-09-29 01:00:00+00:00,2025-09-28 20:15:00-05:00,2025-09-29 01:15:00+00:00,HLSES_UNIT5,Resource Node,REAL_TIME_15_MIN,35.74
2025-09-28 20:00:00-05:00,2025-09-29 01:00:00+00:00,2025-09-28 20:15:00-05:00,2025-09-29 01:15:00+00:00,ODESW_RN,Resource Node,REAL_TIME_15_MIN,54.09
2025-09-28 20:15:00-05:00,2025-09-29 01:15:00+00:00,2025-09-28 20:30:00-05:00,2025-09-29 01:30:00+00:00,AUSTPL_ALL,Resource Node,REAL_TIME_15_MIN,37.34
2025-09-28 20:15:00-05:00,2025-09-29 01:15:00+00:00,2025-09-28 20:30:00-05:00,2025-09-29 01:30:00+00:00,HLSES_UNIT5,Resource Node,REAL_TIME_15_MIN,34.1
2025-09-28 20:15:00-05:00,2025-09-29 01:15:00+00:00,2025-09-28 20:30:00-05:00,2025-09-29 01:30:00+00:00,ODESW_RN,Resource Node,REAL_TIME_15_MIN,61.16
2025-09-28 20:30:00-05:00,2025-09-29 01:30:00+00:00,2025-09-28 20:45:00-05:00,2025-09-29 01:45:00+00:00,AUSTPL_ALL,Resource Node,REAL_TIME_15_MIN,34.72
2025-09-28 20:30:00-05:00,2025-09-29 01:30:00+00:00,2025-09-28 20:45:00-05:00,2025-09-29 01:45:00+00:00,HLSES_UNIT5,Resource Node,REAL_TIME_15_MIN,30.86
2025-09-28 20:30:00-05:00,2025-09-29 01:30:00+00:00,2025-09-28 20:45:00-05:00,2025-09-29 01:45:00+00:00,ODESW_RN,Resource Node,REAL_TIME_15_MIN,64.35
2025-09-28 20:45:00-05:00,2025-09-29 01:45:00+00:00,2025-09-28 21:00:00-05:00,2025-09-29 02:00:00+00:00,AUSTPL_ALL,Resource Node,REAL_TIME_15_MIN,32.09
2025-09-28 20:45:00-05:00,2025-09-29 01:45:00+00:00,2025-09-28 21:00:00-05:00,2025-09-29 02:00:00+00:00,HLSES_UNIT5,Resource Node,REAL_TIME_15_MIN,26.31
2025-09-28 20:45:00-05:00,2025-09-29 01:45:00+00:00,2025-09-28 21:00:00-05:00,2025-09-29 02:00:00+00:00,ODESW_RN,Resource Node,REAL_TIME_15_MIN,76.81
2025-09-28 21:00:00-05:00,2025-09-29 02:00:00+00:00,2025-09-28 21:15:00-05:00,2025-09-29 02:15:00+00:00,AUSTPL_ALL,Resource Node,REAL_TIME_15_MIN,41.32
2025-09-28 21:00:00-05:00,2025-09-29 02:00:00+00:00,2025-09-28 21:15:00-05:00,2025-09-29 02:15:00+00:00,HLSES_UNIT5,Resource Node,REAL_TIME_15_MIN,32.87
2025-09-28 21:00:00-05:00,2025-09-29 02:00:00+00:00,2025-09-28 21:15:00-05:00,2025-09-29 02:15:00+00:00,ODESW_RN,Resource Node,REAL_TIME_15_MIN,111.72
2025-09-28 21:15:00-05:00,2025-09-29 02:15:00+00:00,2025-09-28 21:30:00-05:00,2025-09-29 02:30:00+00:00,AUSTPL_ALL,Resource Node,REAL_TIME_15_MIN,31.08
2025-09-28 21:15:00-05:00,2025-09-29 02:15:00+00:00,2025-09-28 21:30:00-05:00,2025-09-29 02:30:00+00:00,HLSES_UNIT5,Resource Node,REAL_TIME_15_MIN,24.7
2025-09-28 21:15:00-05:00,2025-09-29 02:15:00+00:00,2025-09-28 21:30:00-05:00,2025-09-29 02:30:00+00:00,ODESW_RN,Resource Node,REAL_TIME_15_MIN,85.77
2025-09-28 21:30:00-05:00,2025-09-29 02:30:00+00:00,2025-09-28 21:45:00-05:00,2025-09-29 02:45:00+00:00,AUSTPL_ALL,Resource Node,REAL_TIME_15_MIN,28.71
2025-09-28 21:30:00-05:00,2025-09-29 02:30:00+00:00,2025-09-28 21:45:00-05:00,2025-09-29 02:45:00+00:00,HLSES_UNIT5,Resource Node,REAL_TIME_15_MIN,22.49
2025-09-28 21:30:00-05:00,2025-09-29 02:30:00+00:00,2025-09-28 21:45:00-05:00,2025-09-29 02:45:00+00:00,ODESW_RN,Resource Node,REAL_TIME_15_MIN,86.43
2025-09-28 21:45:00-05:00,2025-09-29 02:45:00+00:00,2025-09-28 22:00:00-05:00,2025-09-29 03:00:00+00:00,AUSTPL_ALL,Resource Node,REAL_TIME_15_MIN,27.9
2025-09-28 21:45:00-05:00,2025-09-29 02:45:00+00:00,2025-09-28 22:00:00-05:00,2025-09-29 03:00:00+00:00,HLSES_UNIT5,Resource Node,REAL_TIME_15_MIN,21.68
2025-09-28 21:45:00-05:00,2025-09-29 02:45:00+00:00,2025-09-28 22:00:00-05:00,2025-09-29 03:00:00+00:00,ODESW_RN,Resource Node,REAL_TIME_15_MIN,83.49
2025-09-28 22:00:00-05:00,2025-09-29 03:00:00+00:00,2025-09-28 22:15:00-05:00,2025-09-29 03:15:00+00:00,AUSTPL_ALL,Resource Node,REAL_TIME_15_MIN,28.51
2025-09-28 22:00:00-05:00,2025-09-29 03:00:00+00:00,2025-09-28 22:15:00-05:00,2025-09-29 03:15:00+00:00,HLSES_UNIT5,Resource Node,REAL_TIME_15_MIN,22.04
2025-09-28 22:00:00-05:00,2025-09-29 03:00:00+00:00,2025-09-28 22:15:00-05:00,2025-09-29 03:15:00+00:00,ODESW_RN,Resource Node,REAL_TIME_15_MIN,83.26
2025-09-28 22:15:00-05:00,2025-09-29 03:15:00+00:00,2025-09-28 22:30:00-05:00,2025-09-29 03:30:00+00:00,AUSTPL_ALL,Resource Node,REAL_TIME_15_MIN,27.66
2025-09-28 22:15:00-05:00,2025-09-29 03:15:00+00:00,2025-09-28 22:30:00-05:00,2025-09-29 03:30:00+00:00,HLSES_UNIT5,Resource Node,REAL_TIME_15_MIN,21.47
2025-09-28 22:15:00-05:00,2025-09-29 03:15:00+00:00,2025-09-28 22:30:00-05:00,2025-09-29 03:30:00+00:00,ODESW_RN,Resource Node,REAL_TIME_15_MIN,80.03
2025-09-28 22:30:00-05:00,2025-09-29 03:30:00+00:00,2025-09-28 22:45:00-05:00,2025-09-29 03:45:00+00:00,AUSTPL_ALL,Resource Node,REAL_TIME_15_MIN,25.85
2025-09-28 22:30:00-05:00,2025-09-29 03:30:00+00:00,2025-09-28 22:45:00-05:00,2025-09-29 03:45:00+00:00,HLSES_UNIT5,Resource Node,REAL_TIME_15_MIN,19.83
2025-09-28 22:30:00-05:00,2025-09-29 03:30:00+00:00,2025-09-28 22:45:00-05:00,2025-09-29 03:45:00+00:00,ODESW_RN,Resource Node,REAL_TIME_15_MIN,76.67
2025-09-28 22:45:00-05:00,2025-09-29 03:45:00+00:00,2025-09-28 23:00:00-05:00,2025-09-29 04:00:00+00:00,AUSTPL_ALL,Resource Node,REAL_TIME_15_MIN,24.59
2025-09-28 22:45:00-05:00,2025-09-29 03:45:00+00:00,2025-09-28 23:00:00-05:00,2025-09-29 04:00:00+00:00,HLSES_UNIT5,Resource Node,REAL_TIME_15_MIN,18.71
2025-09-28 22:45:00-05:00,2025-09-29 03:45:00+00:00,2025-09-28 23:00:00-05:00,2025-09-29 04:00:00+00:00,ODESW_RN,Resource Node,REAL_TIME_15_MIN,74.03
2025-09-28 23:00:00-05:00,2025-09-29 04:00:00+00:00,2025-09-28 23:15:00-05:00,2025-09-29 04:15:00+00:00,AUSTPL_ALL,Resource Node,REAL_TIME_15_MIN,23.38
2025-09-28 23:00:00-05:00,2025-09-29 04:00:00+00:00,2025-09-28 23:15:00-05:00,2025-09-29 04:15:00+00:00,HLSES_UNIT5,Resource Node,REAL_TIME_15_MIN,17.69
2025-09-28 23:00:00-05:00,2025-09-29 04:00:00+00:00,2025-09-28 23:15:00-05:00,2025-09-29 04:15:00+00:00,ODESW_RN,Resource Node,REAL_TIME_15_MIN,71.26
2025-09-28 23:15:00-05:00,2025-09-29 04:15:00+00:00,2025-09-28 23:30:00-05:00,2025-09-29 04:30:00+00:00,AUSTPL_ALL,Resource Node,REAL_TIME_15_MIN,22.21
2025-09-28 23:15:00-05:00,2025-09-29 04:15:00+00:00,2025-09-28 23:30:00-05:00,2025-09-29 04:30:00+00:00,HLSES_UNIT5,Resource Node,REAL_TIME_15_MIN,18.97
2025-09-28 23:15:00-05:00,2025-09-29 04:15:00+00:00,2025-09-28 23:30:00-05:00,2025-09-29 04:30:00+00:00,ODESW_RN,Resource Node,REAL_TIME_15_MIN,50.14
2025-09-28 23:30:00-05:00,2025-09-29 04:30:00+00:00,2025-09-28 23:45:00-05:00,2025-09-29 04:45:00+00:00,AUSTPL_ALL,Resource Node,REAL_TIME_15_MIN,20.77
2025-09-28 23:30:00-05:00,2025-09-29 04:30:00+00:00,2025-09-28 23:45:00-05:00,2025-09-29 04:45:00+00:00,HLSES_UNIT5,Resource Node,REAL_TIME_15_MIN,19.73
2025-09-28 23:30:00-05:00,2025-09-29 04:30:00+00:00,2025-09-28 23:45:00-05:00,2025-09-29 04:45:00+00:00,ODESW_RN,Resource Node,REAL_TIME_15_MIN,35.25
2025-09-28 23:45:00-05:00,2025-09-29 04:45:00+00:00,2025-09-29 00:00:00-05:00,2025-09-29 05:00:00+00:00,AUSTPL_ALL,Resource Node,REAL_TIME_15_MIN,19.56
2025-09-28 23:45:00-05:00,2025-09-29 04:45:00+00:00,2025-09-29 00:00:00-05:00,2025-09-29 05:00:00+00:00,HLSES_UNIT5,Resource Node,REAL_TIME_15_MIN,18.94
2025-09-28 23:45:00-05:00,2025-09-29 04:45:00+00:00,2025-09-29 00:00:00-05:00,2025-09-29 05:00:00+00:00,ODESW_RN,Resource Node,REAL_TIME_15_MIN,47.16
2025-09-28 00:00:00-05:00,2025-09-28 05:00:00+00:00,2025-09-28 00:15:00-05:00,2025-09-28 05:15:00+00:00,CBY_CBY_G1,Resource Node,REAL_TIME_15_MIN,18.75
2025-09-28 00:00:00-05:00,2025-09-28 05:00:00+00:00,2025-09-28 00:15:00-05:00,2025-09-28 05:15:00+00:00,CNTRY_RN,Resource Node,REAL_TIME_15_MIN,18.69
2025-09-28 00:15:00-05:00,2025-09-28 05:15:00+00:00,2025-09-28 00:30:00-05:00,2025-09-28 05:30:00+00:00,CBY_CBY_G1,Resource Node,REAL_TIME_15_MIN,17.79
2025-09-28 00:15:00-05:00,2025-09-28 05:15:00+00:00,2025-09-28 00:30:00-05:00,2025-09-28 05:30:00+00:00,CNTRY_RN,Resource Node,REAL_TIME_15_MIN,17.64
2025-09-28 00:30:00-05:00,2025-09-28 05:30:00+00:00,2025-09-28 00:45:00-05:00,2025-09-28 05:45:00+00:00,CBY_CBY_G1,Resource Node,REAL_TIME_15_MIN,18.33
2025-09-28 00:30:00-05:00,2025-09-28 05:30:00+00:00,2025-09-28 00:45:00-05:00,2025-09-28 05:45:00+00:00,CNTRY_RN,Resource Node,REAL_TIME_15_MIN,17.75
2025-09-28 00:45:00-05:00,2025-09-28 05:45:00+00:00,2025-09-28 01:00:00-05:00,2025-09-28 06:00:00+00:00,CBY_CBY_G1,Resource Node,REAL_TIME_15_MIN,20.02
2025-09-28 00:45:00-05:00,2025-09-28 05:45:00+00:00,2025-09-28 01:00:00-05:00,2025-09-28 06:00:00+00:00,CNTRY_RN,Resource Node,REAL_TIME_15_MIN,17.72
2025-09-28 01:00:00-05:00,2025-09-28 06:00:00+00:00,2025-09-28 01:15:00-05:00,2025-09-28 06:15:00+00:00,CBY_CBY_G1,Resource Node,REAL_TIME_15_MIN,19.18
2025-09-28 01:00:00-05:00,2025-09-28 06:00:00+00:00,2025-09-28 01:15:00-05:00,2025-09-28 06:15:00+00:00,CNTRY_RN,Resource Node,REAL_TIME_15_MIN,16.76
2025-09-28 01:15:00-05:00,2025-09-28 06:15:00+00:00,2025-09-28 01:30:00-05:00,2025-09-28 06:30:00+00:00,CBY_CBY_G1,Resource Node,REAL_TIME_15_MIN,18.86
2025-09-28 01:15:00-05:00,2025-09-28 06:15:00+00:00,2025-09-28 01:30:00-05:00,2025-09-28 06:30:00+00:00,CNTRY_RN,Resource Node,REAL_TIME_15_MIN,18.18
2025-09-28 01:30:00-05:00,2025-09-28 06:30:00+00:00,2025-09-28 01:45:00-05:00,2025-09-28 06:45:00+00:00,CBY_CBY_G1,Resource Node,REAL_TIME_15_MIN,18.66
2025-09-28 01:30:00-05:00,2025-09-28 06:30:00+00:00,2025-09-28 01:45:00-05:00,2025-09-28 06:45:00+00:00,CNTRY_RN,Resource Node,REAL_TIME_15_MIN,18.56
2025-09-28 01:45:00-05:00,2025-09-28 06:45:00+00:00,2025-09-28 02:00:00-05:00,2025-09-28 07:00:00+00:00,CBY_CBY_G1,Resource Node,REAL_TIME_15_MIN,18.87
2025-09-28 01:45:00-05:00,2025-09-28 06:45:00+00:00,2025-09-28 02:00:00-05:00,2025-09-28 07:00:00+00:00,CNTRY_RN,Resource Node,REAL_TIME_15_MIN,18.54
2025-09-28 02:00:00-05:00,2025-09-28 07:00:00+00:00,2025-09-28 02:15:00-05:00,2025-09-28 07:15:00+00:00,CBY_CBY_G1,Resource Node,REAL_TIME_15_MIN,18.22
2025-09-28 02:00:00-05:00,2025-09-28 07:00:00+00:00,2025-09-28 02:15:00-05:00,2025-09-28 07:15:00+00:00,CNTRY_RN,Resource Node,REAL_TIME_15_MIN,18.29
2025-09-28 02:15:00-05:00,2025-09-28 07:15:00+00:00,2025-09-28 02:30:00-05:00,2025-09-28 07:30:00+00:00,CBY_CBY_G1,Resource Node,REAL_TIME_15_MIN,17.79
2025-09-28 02:15:00-05:00,2025-09-28 07:15:00+00:00,2025-09-28 02:30:00-05:00,2025-09-28 07:30:00+00:00,CNTRY_RN,Resource Node,REAL_TIME_15_MIN,17.56
2025-09-28 02:30:00-05:00,2025-09-28 07:30:00+00:00,2025-09-28 02:45:00-05:00,2025-09-28 07:45:00+00:00,CBY_CBY_G1,Resource Node,REAL_TIME_15_MIN,17.11
2025-09-28 02:30:00-05:00,2025-09-28 07:30:00+00:00,2025-09-28 02:45:00-05:00,2025-09-28 07:45:00+00:00,CNTRY_RN,Resource Node,REAL_TIME_15_MIN,15.57
2025-09-28 02:45:00-05:00,2025-09-28 07:45:00+00:00,2025-09-28 03:00:00-05:00,2025-09-28 08:00:00+00:00,CBY_CBY_G1,Resource Node,REAL_TIME_15_MIN,17.39
2025-09-28 02:45:00-05:00,2025-09-28 07:45:00+00:00,2025-09-28 03:00:00-05:00,2025-09-28 08:00:00+00:00,CNTRY_RN,Resource Node,REAL_TIME_15_MIN,15.57
2025-09-28 03:00:00-05:00,2025-09-28 08:00:00+00:00,2025-09-28 03:15:00-05:00,2025-09-28 08:15:00+00:00,CBY_CBY_G1,Resource Node,REAL_TIME_15_MIN,18.82
2025-09-28 03:00:00-05:00,2025-09-28 08:00:00+00:00,2025-09-28 03:15:00-05:00,2025-09-28 08:15:00+00:00,CNTRY_RN,Resource Node,REAL_TIME_15_MIN,17.34
2025-09-28 03:15:00-05:00,2025-09-28 08:15:00+00:00,2025-09-28 03:30:00-05:00,2025-09-28 08:30:00+00:00,CBY_CBY_G1,Resource Node,REAL_TIME_15_MIN,18.24
2025-09-28 03:15:00-05:00,2025-09-28 08:15:00+00:00,2025-09-28 03:30:00-05:00,2025-09-28 08:30:00+00:00,CNTRY_RN,Resource Node,REAL_TIME_15_MIN,18.13
2025-09-28 03:30:00-05:00,2025-09-28 08:30:00+00:00,2025-09-28 03:45:00-05:00,2025-09-28 08:45:00+00:00,CBY_CBY_G1,Resource Node,REAL_TIME_15_MIN,17.48
2025-09-28 03:30:00-05:00,2025-09-28 08:30:00+00:00,2025-09-28 03:45:00-05:00,2025-09-28 08:45:00+00:00,CNTRY_RN,Resource Node,REAL_TIME_15_MIN,17.01
2025-09-28 03:45:00-05:00,2025-09-28 08:45:00+00:00,2025-09-28 04:00:00-05:00,2025-09-28 09:00:00+00:00,CBY_CBY_G1,Resource Node,REAL_TIME_15_MIN,17.98
2025-09-28 03:45:00-05:00,2025-09-28 08:45:00+00:00,2025-09-28 04:00:00-05:00,2025-09-28 09:00:00+00:00,CNTRY_RN,Resource Node,REAL_TIME_15_MIN,17.98
2025-09-28 04:00:00-05:00,2025-09-28 09:00:00+00:00,2025-09-28 04:15:00-05:00,2025-09-28 09:15:00+00:00,CBY_CBY_G1,Resource Node,REAL_TIME_15_MIN,18.26
2025-09-28 04:00:00-05:00,2025-09-28 09:00:00+00:00,2025-09-28 04:15:00-05:00,2025-09-28 09:15:00+00:00,CNTRY_RN,Resource Node,REAL_TIME_15_MIN,18.28
2025-09-28 04:15:00-05:00,2025-09-28 09:15:00+00:00,2025-09-28 04:30:00-05:00,2025-09-28 09:30:00+00:00,CBY_CBY_G1,Resource Node,REAL_TIME_15_MIN,18.14
2025-09-28 04:15:00-05:00,2025-09-28 09:15:00+00:00,2025-09-28 04:30:00-05:00,2025-09-28 09:30:00+00:00,CNTRY_RN,Resource Node,REAL_TIME_15_MIN,18.11
2025-09-28 04:30:00-05:00,2025-09-28 09:30:00+00:00,2025-09-28 04:45:00-05:00,2025-09-28 09:45:00+00:00,CBY_CBY_G1,Resource Node,REAL_TIME_15_MIN,17.85
2025-09-28 04:30:00-05:00,2025-09-28 09:30:00+00:00,2025-09-28 04:45:00-05:00,2025-09-28 09:45:00+00:00,CNTRY_RN,Resource Node,REAL_TIME_15_MIN,17.81
2025-09-28 04:45:00-05:00,2025-09-28 09:45:00+00:00,2025-09-28 05:00:00-05:00,2025-09-28 10:00:00+00:00,CBY_CBY_G1,Resource Node,REAL_TIME_15_MIN,18.27
2025-09-28 04:45:00-05:00,2025-09-28 09:45:00+00:00,2025-09-28 05:00:00-05:00,2025-09-28 10:00:00+00:00,CNTRY_RN,Resource Node,REAL_TIME_15_MIN,18.21
2025-09-28 05:00:00-05:00,2025-09-28 10:00:00+00:00,2025-09-28 05:15:00-05:00,2025-09-28 10:15:00+00:00,CBY_CBY_G1,Resource Node,REAL_TIME_15_MIN,17.74
2025-09-28 05:00:00-05:00,2025-09-28 10:00:00+00:00,2025-09-28 05:15:00-05:00,2025-09-28 10:15:00+00:00,CNTRY_RN,Resource Node,REAL_TIME_15_MIN,17.64
2025-09-28 05:15:00-05:00,2025-09-28 10:15:00+00:00,2025-09-28 05:30:00-05:00,2025-09-28 10:30:00+00:00,CBY_CBY_G1,Resource Node,REAL_TIME_15_MIN,17.58
2025-09-28 05:15:00-05:00,2025-09-28 10:15:00+00:00,2025-09-28 05:30:00-05:00,2025-09-28 10:30:00+00:00,CNTRY_RN,Resource Node,REAL_TIME_15_MIN,17.46
2025-09-28 05:30:00-05:00,2025-09-28 10:30:00+00:00,2025-09-28 05:45:00-05:00,2025-09-28 10:45:00+00:00,CBY_CBY_G1,Resource Node,REAL_TIME_15_MIN,17.94
2025-09-28 05:30:00-05:00,2025-09-28 10:30:00+00:00,2025-09-28 05:45:00-05:00,2025-09-28 10:45:00+00:00,CNTRY_RN,Resource Node,REAL_TIME_15_MIN,17.81
2025-09-28 05:45:00-05:00,2025-09-28 10:45:00+00:00,2025-09-28 06:00:00-05:00,2025-09-28 11:00:00+00:00,CBY_CBY_G1,Resource Node,REAL_TIME_15_MIN,18.12
2025-09-28 05:45:00-05:00,2025-09-28 10:45:00+00:00,2025-09-28 06:00:00-05:00,2025-09-28 11:00:00+00:00,CNTRY_RN,Resource Node,REAL_TIME_15_MIN,18.02
2025-09-28 06:00:00-05:00,2025-09-28 11:00:00+00:00,2025-09-28 06:15:00-05:00,2025-09-28 11:15:00+00:00,CBY_CBY_G1,Resource Node,REAL_TIME_15_MIN,19.35
2025-09-28 06:00:00-05:00,2025-09-28 11:00:00+00:00,2025-09-28 06:15:00-05:00,2025-09-28 11:15:00+00:00,CNTRY_RN,Resource Node,REAL_TIME_15_MIN,19.29
2025-09-28 06:15:00-05:00,2025-09-28 11:15:00+00:00,2025-09-28 06:30:00-05:00,2025-09-28 11:30:00+00:00,CBY_CBY_G1,Resource Node,REAL_TIME_15_MIN,19.42
2025-09-28 06:15:00-05:00,2025-09-28 11:15:00+00:00,2025-09-28 06:30:00-05:00,2025-09-28 11:30:00+00:00,CNTRY_RN,Resource Node,REAL_TIME_15_MIN,19.39
2025-09-28 06:30:00-05:00,2025-09-28 11:30:00+00:00,2025-09-28 06:45:00-05:00,2025-09-28 11:45:00+00:00,CBY_CBY_G1,Resource Node,REAL_TIME_15_MIN,19.87
2025-09-28 06:30:00-05:00,2025-09-28 11:30:00+00:00,2025-09-28 06:45:00-05:00,2025-09-28 11:45:00+00:00,CNTRY_RN,Resource Node,REAL_TIME_15_MIN,19.85
2025-09-28 06:45:00-05:00,2025-09-28 11:45:00+00:00,2025-09-28 07:00:00-05:00,2025-09-28 12:00:00+00:00,CBY_CBY_G1,Resource Node,REAL_TIME_15_MIN,19.9
2025-09-28 06:45:00-05:00,2025-09-28 11:45:00+00:00,2025-09-28 07:00:00-05:00,2025-09-28 12:00:00+00:00,CNTRY_RN,Resource Node,REAL_TIME_15_MIN,19.85
2025-09-28 07:00:00-05:00,2025-09-28 12:00:00+00:00,2025-09-28 07:15:00-05:00,2025-09-28 12:15:00+00:00,CBY_CBY_G1,Resource Node,REAL_TIME_15_MIN,20.11
2025-09-28 07:00:00-05:00,2025-09-28 12:00:00+00:00,2025-09-28 07:15:00-05:00,2025-09-28 12:15:00+00:00,CNTRY_RN,Resource Node,REAL_TIME_15_MIN,20.0
2025-09-28 07:15:00-05:00,2025-09-28 12:15:00+00:00,2025-09-28 07:30:00-05:00,2025-09-28 12:30:00+00:00,CBY_CBY_G1,Resource Node,REAL_TIME_15_MIN,20.54
2025-09-28 07:15:00-05:00,2025-09-28 12:15:00+00:00,2025-09-28 07:30:00-05:00,2025-09-28 12:30:00+00:00,CNTRY_RN,Resource Node,REAL_TIME_15_MIN,18.84
2025-09-28 07:30:00-05:00,2025-09-28 12:30:00+00:00,2025-09-28 07:45:00-05:00,2025-09-28 12:45:00+00:00,CBY_CBY_G1,Resource Node,REAL_TIME_15_MIN,19.99
2025-09-28 07:30:00-05:00,2025-09-28 12:30:00+00:00,2025-09-28 07:45:00-05:00,2025-09-28 12:45:00+00:00,CNTRY_RN,Resource Node,REAL_TIME_15_MIN,18.48
2025-09-28 07:45:00-05:00,2025-09-28 12:45:00+00:00,2025-09-28 08:00:00-05:00,2025-09-28 13:00:00+00:00,CBY_CBY_G1,Resource Node,REAL_TIME_15_MIN,17.22
2025-09-28 07:45:00-05:00,2025-09-28 12:45:00+00:00,2025-09-28 08:00:00-05:00,2025-09-28 13:00:00+00:00,CNTRY_RN,Resource Node,REAL_TIME_15_MIN,15.78
2025-09-28 08:00:00-05:00,2025-09-28 13:00:00+00:00,2025-09-28 08:15:00-05:00,2025-09-28 13:15:00+00:00,CBY_CBY_G1,Resource Node,REAL_TIME_15_MIN,15.51
2025-09-28 08:00:00-05:00,2025-09-28 13:00:00+00:00,2025-09-28 08:15:00-05:00,2025-09-28 13:15:00+00:00,CNTRY_RN,Resource Node,REAL_TIME_15_MIN,13.78
2025-09-28 08:15:00-05:00,2025-09-28 13:15:00+00:00,2025-09-28 08:30:00-05:00,2025-09-28 13:30:00+00:00,CBY_CBY_G1,Resource Node,REAL_TIME_15_MIN,15.52
2025-09-28 08:15:00-05:00,2025-09-28 13:15:00+00:00,2025-09-28 08:30:00-05:00,2025-09-28 13:30:00+00:00,CNTRY_RN,Resource Node,REAL_TIME_15_MIN,15.58
2025-09-28 08:30:00-05:00,2025-09-28 13:30:00+00:00,2025-09-28 08:45:00-05:00,2025-09-28 13:45:00+00:00,CBY_CBY_G1,Resource Node,REAL_TIME_15_MIN,13.82
2025-09-28 08:30:00-05:00,2025-09-28 13:30:00+00:00,2025-09-28 08:45:00-05:00,2025-09-28 13:45:00+00:00,CNTRY_RN,Resource Node,REAL_TIME_15_MIN,13.84
2025-09-28 08:45:00-05:00,2025-09-28 13:45:00+00:00,2025-09-28 09:00:00-05:00,2025-09-28 14:00:00+00:00,CBY_CBY_G1,Resource Node,REAL_TIME_15_MIN,11.65
2025-09-28 08:45:00-05:00,2025-09-28 13:45:00+00:00,2025-09-28 09:00:00-05:00,2025-09-28 14:00:00+00:00,CNTRY_RN,Resource Node,REAL_TIME_15_MIN,11.66
2025-09-28 09:00:00-05:00,2025-09-28 14:00:00+00:00,2025-09-28 09:15:00-05:00,2025-09-28 14:15:00+00:00,CBY_CBY_G1,Resource Node,REAL_TIME_15_MIN,11.82
2025-09-28 09:00:00-05:00,2025-09-28 14:00:00+00:00,2025-09-28 09:15:00-05:00,2025-09-28 14:15:00+00:00,CNTRY_RN,Resource Node,REAL_TIME_15_MIN,11.69
2025-09-28 09:15:00-05:00,2025-09-28 14:15:00+00:00,2025-09-28 09:30:00-05:00,2025-09-28 14:30:00+00:00,CBY_CBY_G1,Resource Node,REAL_TIME_15_MIN,11.91
2025-09-28 09:15:00-05:00,2025-09-28 14:15:00+00:00,2025-09-28 09:30:00-05:00,2025-09-28 14:30:00+00:00,CNTRY_RN,Resource Node,REAL_TIME_15_MIN,12.01
2025-09-28 09:30:00-05:00,2025-09-28 14:30:00+00:00,2025-09-28 09:45:00-05:00,2025-09-28 14:45:00+00:00,CBY_CBY_G1,Resource Node,REAL_TIME_15_MIN,11.65
2025-09-28 09:30:00-05:00,2025-09-28 14:30:00+00:00,2025-09-28 09:45:00-05:00,2025-09-28 14:45:00+00:00,CNTRY_RN,Resource Node,REAL_TIME_15_MIN,11.65
2025-09-28 09:45:00-05:00,2025-09-28 14:45:00+00:00,2025-09-28 10:00:00-05:00,2025-09-28 15:00:00+00:00,CBY_CBY_G1,Resource Node,REAL_TIME_15_MIN,12.09
2025-09-28 09:45:00-05:00,2025-09-28 14:45:00+00:00,2025-09-28 10:00:00-05:00,2025-09-28 15:00:00+00:00,CNTRY_RN,Resource Node,REAL_TIME_15_MIN,12.01
2025-09-28 10:00:00-05:00,2025-09-28 15:00:00+00:00,2025-09-28 10:15:00-05:00,2025-09-28 15:15:00+00:00,CBY_CBY_G1,Resource Node,REAL_TIME_15_MIN,12.72
2025-09-28 10:00:00-05:00,2025-09-28 15:00:00+00:00,2025-09-28 10:15:00-05:00,2025-09-28 15:15:00+00:00,CNTRY_RN,Resource Node,REAL_TIME_15_MIN,12.6
2025-09-28 10:15:00-05:00,2025-09-28 15:15:00+00:00,2025-09-28 10:30:00-05:00,2025-09-28 15:30:00+00:00,CBY_CBY_G1,Resource Node,REAL_TIME_15_MIN,12.27
2025-09-28 10:15:00-05:00,2025-09-28 15:15:00+00:00,2025-09-28 10:30:00-05:00,2025-09-28 15:30:00+00:00,CNTRY_RN,Resource Node,REAL_TIME_15_MIN,12.16
2025-09-28 10:30:00-05:00,2025-09-28 15:30:00+00:00,2025-09-28 10:45:00-05:00,2025-09-28 15:45:00+00:00,CBY_CBY_G1,Resource Node,REAL_TIME_15_MIN,13.08
2025-09-28 10:30:00-05:00,2025-09-28 15:30:00+00:00,2025-09-28 10:45:00-05:00,2025-09-28 15:45:00+00:00,CNTRY_RN,Resource Node,REAL_TIME_15_MIN,12.96
2025-09-28 10:45:00-05:00,2025-09-28 15:45:00+00:00,2025-09-28 11:00:00-05:00,2025-09-28 16:00:00+00:00,CBY_CBY_G1,Resource Node,REAL_TIME_15_MIN,14.37
2025-09-28 10:45:00-05:00,2025-09-28 15:45:00+00:00,2025-09-28 11:00:00-05:00,2025-09-28 16:00:00+00:00,CNTRY_RN,Resource Node,REAL_TIME_15_MIN,14.24
2025-09-28 11:00:00-05:00,2025-09-28 16:00:00+00:00,2025-09-28 11:15:00-05:00,2025-09-28 16:15:00+00:00,CBY_CBY_G1,Resource Node,REAL_TIME_15_MIN,13.43
2025-09-28 11:00:00-05:00,2025-09-28 16:00:00+00:00,2025-09-28 11:15:00-05:00,2025-09-28 16:15:00+00:00,CNTRY_RN,Resource Node,REAL_TIME_15_MIN,13.3
2025-09-28 11:15:00-05:00,2025-09-28 16:15:00+00:00,2025-09-28 11:30:00-05:00,2025-09-28 16:30:00+00:00,CBY_CBY_G1,Resource Node,REAL_TIME_15_MIN,13.97
2025-09-28 11:15:00-05:00,2025-09-28 16:15:00+00:00,2025-09-28 11:30:00-05:00,2025-09-28 16:30:00+00:00,CNTRY_RN,Resource Node,REAL_TIME_15_MIN,13.9
2025-09-28 11:30:00-05:00,2025-09-28 16:30:00+00:00,2025-09-28 11:45:00-05:00,2025-09-28 16:45:00+00:00,CBY_CBY_G1,Resource Node,REAL_TIME_15_MIN,14.89
2025-09-28 11:30:00-05:00,2025-09-28 16:30:00+00:00,2025-09-28 11:45:00-05:00,2025-09-28 16:45:00+00:00,CNTRY_RN,Resource Node,REAL_TIME_15_MIN,14.8
2025-09-28 11:45:00-05:00,2025-09-28 16:45:00+00:00,2025-09-28 12:00:00-05:00,2025-09-28 17:00:00+00:00,CBY_CBY_G1,Resource Node,REAL_TIME_15_MIN,17.9
2025-09-28 11:45:00-05:00,2025-09-28 16:45:00+00:00,2025-09-28 12:00:00-05:00,2025-09-28 17:00:00+00:00,CNTRY_RN,Resource Node,REAL_TIME_15_MIN,17.49
2025-09-28 12:00:00-05:00,2025-09-28 17:00:00+00:00,2025-09-28 12:15:00-05:00,2025-09-28 17:15:00+00:00,CBY_CBY_G1,Resource Node,REAL_TIME_15_MIN,18.86
2025-09-28 12:00:00-05:00,2025-09-28 17:00:00+00:00,2025-09-28 12:15:00-05:00,2025-09-28 17:15:00+00:00,CNTRY_RN,Resource Node,REAL_TIME_15_MIN,18.29
2025-09-28 12:15:00-05:00,2025-09-28 17:15:00+00:00,2025-09-28 12:30:00-05:00,2025-09-28 17:30:00+00:00,CBY_CBY_G1,Resource Node,REAL_TIME_15_MIN,19.41
2025-09-28 12:15:00-05:00,2025-09-28 17:15:00+00:00,2025-09-28 12:30:00-05:00,2025-09-28 17:30:00+00:00,CNTRY_RN,Resource Node,REAL_TIME_15_MIN,18.72
2025-09-28 12:30:00-05:00,2025-09-28 17:30:00+00:00,2025-09-28 12:45:00-05:00,2025-09-28 17:45:00+00:00,CBY_CBY_G1,Resource Node,REAL_TIME_15_MIN,21.27
2025-09-28 12:30:00-05:00,2025-09-28 17:30:00+00:00,2025-09-28 12:45:00-05:00,2025-09-28 17:45:00+00:00,CNTRY_RN,Resource Node,REAL_TIME_15_MIN,20.17
2025-09-28 12:45:00-05:00,2025-09-28 17:45:00+00:00,2025-09-28 13:00:00-05:00,2025-09-28 18:00:00+00:00,CBY_CBY_G1,Resource Node,REAL_TIME_15_MIN,21.57
2025-09-28 12:45:00-05:00,2025-09-28 17:45:00+00:00,2025-09-28 13:00:00-05:00,2025-09-28 18:00:00+00:00,CNTRY_RN,Resource Node,REAL_TIME_15_MIN,21.05
2025-09-28 13:00:00-05:00,2025-09-28 18:00:00+00:00,2025-09-28 13:15:00-05:00,2025-09-28 18:15:00+00:00,CBY_CBY_G1,Resource Node,REAL_TIME_15_MIN,23.95
2025-09-28 13:00:00-05:00,2025-09-28 18:00:00+00:00,2025-09-28 13:15:00-05:00,2025-09-28 18:15:00+00:00,CNTRY_RN,Resource Node,REAL_TIME_15_MIN,23.03
2025-09-28 13:15:00-05:00,2025-09-28 18:15:00+00:00,2025-09-28 13:30:00-05:00,2025-09-28 18:30:00+00:00,CBY_CBY_G1,Resource Node,REAL_TIME_15_MIN,24.29
2025-09-28 13:15:00-05:00,2025-09-28 18:15:00+00:00,2025-09-28 13:30:00-05:00,2025-09-28 18:30:00+00:00,CNTRY_RN,Resource Node,REAL_TIME_15_MIN,24.46
2025-09-28 13:30:00-05:00,2025-09-28 18:30:00+00:00,2025-09-28 13:45:00-05:00,2025-09-28 18:45:00+00:00,CBY_CBY_G1,Resource Node,REAL_TIME_15_MIN,25.21
2025-09-28 13:30:00-05:00,2025-09-28 18:30:00+00:00,2025-09-28 13:45:00-05:00,2025-09-28 18:45:00+00:00,CNTRY_RN,Resource Node,REAL_TIME_15_MIN,24.54
2025-09-28 13:45:00-05:00,2025-09-28 18:45:00+00:00,2025-09-28 14:00:00-05:00,2025-09-28 19:00:00+00:00,CBY_CBY_G1,Resource Node,REAL_TIME_15_MIN,25.72
2025-09-28 13:45:00-05:00,2025-09-28 18:45:00+00:00,2025-09-28 14:00:00-05:00,2025-09-28 19:00:00+00:00,CNTRY_RN,Resource Node,REAL_TIME_15_MIN,25.78
2025-09-28 14:00:00-05:00,2025-09-28 19:00:00+00:00,2025-09-28 14:15:00-05:00,2025-09-28 19:15:00+00:00,CBY_CBY_G1,Resource Node,REAL_TIME_15_MIN,23.15
2025-09-28 14:00:00-05:00,2025-09-28 19:00:00+00:00,2025-09-28 14:15:00-05:00,2025-09-28 19:15:00+00:00,CNTRY_RN,Resource Node,REAL_TIME_15_MIN,22.27
2025-09-28 14:15:00-05:00,2025-09-28 19:15:00+00:00,2025-09-28 14:30:00-05:00,2025-09-28 19:30:00+00:00,CBY_CBY_G1,Resource Node,REAL_TIME_15_MIN,24.76
2025-09-28 14:15:00-05:00,2025-09-28 19:15:00+00:00,2025-09-28 14:30:00-05:00,2025-09-28 19:30:00+00:00,CNTRY_RN,Resource Node,REAL_TIME_15_MIN,24.03
2025-09-28 14:30:00-05:00,2025-09-28 19:30:00+00:00,2025-09-28 14:45:00-05:00,2025-09-28 19:45:00+00:00,CBY_CBY_G1,Resource Node,REAL_TIME_15_MIN,25.07
2025-09-28 14:30:00-05:00,2025-09-28 19:30:00+00:00,2025-09-28 14:45:00-05:00,2025-09-28 19:45:00+00:00,CNTRY_RN,Resource Node,REAL_TIME_15_MIN,23.76
2025-09-28 14:45:00-05:00,2025-09-28 19:45:00+00:00,2025-09-28 15:00:00-05:00,2025-09-28 20:00:00+00:00,CBY_CBY_G1,Resource Node,REAL_TIME_15_MIN,26.96
2025-09-28 14:45:00-05:00,2025-09-28 19:45:00+00:00,2025-09-28 15:00:00-05:00,2025-09-28 20:00:00+00:00,CNTRY_RN,Resource Node,REAL_TIME_15_MIN,25.44
2025-09-28 15:00:00-05:00,2025-09-28 20:00:00+00:00,2025-09-28 15:15:00-05:00,2025-09-28 20:15:00+00:00,CBY_CBY_G1,Resource Node,REAL_TIME_15_MIN,25.04
2025-09-28 15:00:00-05:00,2025-09-28 20:00:00+00:00,2025-09-28 15:15:00-05:00,2025-09-28 20:15:00+00:00,CNTRY_RN,Resource Node,REAL_TIME_15_MIN,23.68
2025-09-28 15:15:00-05:00,2025-09-28 20:15:00+00:00,2025-09-28 15:30:00-05:00,2025-09-28 20:30:00+00:00,CBY_CBY_G1,Resource Node,REAL_TIME_15_MIN,24.02
2025-09-28 15:15:00-05:00,2025-09-28 20:15:00+00:00,2025-09-28 15:30:00-05:00,2025-09-28 20:30:00+00:00,CNTRY_RN,Resource Node,REAL_TIME_15_MIN,22.86
2025-09-28 15:30:00-05:00,2025-09-28 20:30:00+00:00,2025-09-28 15:45:00-05:00,2025-09-28 20:45:00+00:00,CBY_CBY_G1,Resource Node,REAL_TIME_15_MIN,25.79
2025-09-28 15:30:00-05:00,2025-09-28 20:30:00+00:00,2025-09-28 15:45:00-05:00,2025-09-28 20:45:00+00:00,CNTRY_RN,Resource Node,REAL_TIME_15_MIN,24.19
2025-09-28 15:45:00-05:00,2025-09-28 20:45:00+00:00,2025-09-28 16:00:00-05:00,2025-09-28 21:00:00+00:00,CBY_CBY_G1,Resource Node,REAL_TIME_15_MIN,27.58
2025-09-28 15:45:00-05:00,2025-09-28 20:45:00+00:00,2025-09-28 16:00:00-05:00,2025-09-28 21:00:00+00:00,CNTRY_RN,Resource Node,REAL_TIME_15_MIN,25.07
2025-09-28 16:00:00-05:00,2025-09-28 21:00:00+00:00,2025-09-28 16:15:00-05:00,2025-09-28 21:15:00+00:00,CBY_CBY_G1,Resource Node,REAL_TIME_15_MIN,25.94
2025-09-28 16:00:00-05:00,2025-09-28 21:00:00+00:00,2025-09-28 16:15:00-05:00,2025-09-28 21:15:00+00:00,CNTRY_RN,Resource Node,REAL_TIME_15_MIN,22.63
2025-09-28 16:15:00-05:00,2025-09-28 21:15:00+00:00,2025-09-28 16:30:00-05:00,2025-09-28 21:30:00+00:00,CBY_CBY_G1,Resource Node,REAL_TIME_15_MIN,29.41
2025-09-28 16:15:00-05:00,2025-09-28 21:15:00+00:00,2025-09-28 16:30:00-05:00,2025-09-28 21:30:00+00:00,CNTRY_RN,Resource Node,REAL_TIME_15_MIN,29.84
2025-09-28 16:30:00-05:00,2025-09-28 21:30:00+00:00,2025-09-28 16:45:00-05:00,2025-09-28 21:45:00+00:00,CBY_CBY_G1,Resource Node,REAL_TIME_15_MIN,31.73
2025-09-28 16:30:00-05:00,2025-09-28 21:30:00+00:00,2025-09-28 16:45:00-05:00,2025-09-28 21:45:00+00:00,CNTRY_RN,Resource Node,REAL_TIME_15_MIN,28.87
2025-09-28 16:45:00-05:00,2025-09-28 21:45:00+00:00,2025-09-28 17:00:00-05:00,2025-09-28 22:00:00+00:00,CBY_CBY_G1,Resource Node,REAL_TIME_15_MIN,35.96
2025-09-28 16:45:00-05:00,2025-09-28 21:45:00+00:00,2025-09-28 17:00:00-05:00,2025-09-28 22:00:00+00:00,CNTRY_RN,Resource Node,REAL_TIME_15_MIN,33.32
2025-09-28 17:00:00-05:00,2025-09-28 22:00:00+00:00,2025-09-28 17:15:00-05:00,2025-09-28 22:15:00+00:00,CBY_CBY_G1,Resource Node,REAL_TIME_15_MIN,29.76
2025-09-28 17:00:00-05:00,2025-09-28 22:00:00+00:00,2025-09-28 17:15:00-05:00,2025-09-28 22:15:00+00:00,CNTRY_RN,Resource Node,REAL_TIME_15_MIN,29.58
2025-09-28 17:15:00-05:00,2025-09-28 22:15:00+00:00,2025-09-28 17:30:00-05:00,2025-09-28 22:30:00+00:00,CBY_CBY_G1,Resource Node,REAL_TIME_15_MIN,31.51
2025-09-28 17:15:00-05:00,2025-09-28 22:15:00+00:00,2025-09-28 17:30:00-05:00,2025-09-28 22:30:00+00:00,CNTRY_RN,Resource Node,REAL_TIME_15_MIN,30.3
2025-09-28 17:30:00-05:00,2025-09-28 22:30:00+00:00,2025-09-28 17:45:00-05:00,2025-09-28 22:45:00+00:00,CBY_CBY_G1,Resource Node,REAL_TIME_15_MIN,46.95
2025-09-28 17:30:00-05:00,2025-09-28 22:30:00+00:00,2025-09-28 17:45:00-05:00,2025-09-28 22:45:00+00:00,CNTRY_RN,Resource Node,REAL_TIME_15_MIN,45.56
2025-09-28 17:45:00-05:00,2025-09-28 22:45:00+00:00,2025-09-28 18:00:00-05:00,2025-09-28 23:00:00+00:00,CBY_CBY_G1,Resource Node,REAL_TIME_15_MIN,50.01
2025-09-28 17:45:00-05:00,2025-09-28 22:45:00+00:00,2025-09-28 18:00:00-05:00,2025-09-28 23:00:00+00:00,CNTRY_RN,Resource Node,REAL_TIME_15_MIN,51.41
2025-09-28 18:00:00-05:00,2025-09-28 23:00:00+00:00,2025-09-28 18:15:00-05:00,2025-09-28 23:15:00+00:00,CBY_CBY_G1,Resource Node,REAL_TIME_15_MIN,49.8
2025-09-28 18:00:00-05:00,2025-09-28 23:00:00+00:00,2025-09-28 18:15:00-05:00,2025-09-28 23:15:00+00:00,CNTRY_RN,Resource Node,REAL_TIME_15_MIN,50.81
2025-09-28 18:15:00-05:00,2025-09-28 23:15:00+00:00,2025-09-28 18:30:00-05:00,2025-09-28 23:30:00+00:00,CBY_CBY_G1,Resource Node,REAL_TIME_15_MIN,51.7
2025-09-28 18:15:00-05:00,2025-09-28 23:15:00+00:00,2025-09-28 18:30:00-05:00,2025-09-28 23:30:00+00:00,CNTRY_RN,Resource Node,REAL_TIME_15_MIN,51.8
2025-09-28 18:30:00-05:00,2025-09-28 23:30:00+00:00,2025-09-28 18:45:00-05:00,2025-09-28 23:45:00+00:00,CBY_CBY_G1,Resource Node,REAL_TIME_15_MIN,66.41
2025-09-28 18:30:00-05:00,2025-09-28 23:30:00+00:00,2025-09-28 18:45:00-05:00,2025-09-28 23:45:00+00:00,CNTRY_RN,Resource Node,REAL_TIME_15_MIN,66.72
2025-09-28 18:45:00-05:00,2025-09-28 23:45:00+00:00,2025-09-28 19:00:00-05:00,2025-09-29 00:00:00+00:00,CBY_CBY_G1,Resource Node,REAL_TIME_15_MIN,76.69
2025-09-28 18:45:00-05:00,2025-09-28 23:45:00+00:00,2025-09-28 19:00:00-05:00,2025-09-29 00:00:00+00:00,CNTRY_RN,Resource Node,REAL_TIME_15_MIN,76.69
2025-09-28 19:00:00-05:00,2025-09-29 00:00:00+00:00,2025-09-28 19:15:00-05:00,2025-09-29 00:15:00+00:00,CBY_CBY_G1,Resource Node,REAL_TIME_15_MIN,61.57
2025-09-28 19:00:00-05:00,2025-09-29 00:00:00+00:00,2025-09-28 19:15:00-05:00,2025-09-29 00:15:00+00:00,CNTRY_RN,Resource Node,REAL_TIME_15_MIN,61.55
2025-09-28 19:15:00-05:00,2025-09-29 00:15:00+00:00,2025-09-28 19:30:00-05:00,2025-09-29 00:30:00+00:00,CBY_CBY_G1,Resource Node,REAL_TIME_15_MIN,53.44
2025-09-28 19:15:00-05:00,2025-09-29 00:15:00+00:00,2025-09-28 19:30:00-05:00,2025-09-29 00:30:00+00:00,CNTRY_RN,Resource Node,REAL_TIME_15_MIN,53.39
2025-09-28 19:30:00-05:00,2025-09-29 00:30:00+00:00,2025-09-28 19:45:00-05:00,2025-09-29 00:45:00+00:00,CBY_CBY_G1,Resource Node,REAL_TIME_15_MIN,43.61
2025-09-28 19:30:00-05:00,2025-09-29 00:30:00+00:00,2025-09-28 19:45:00-05:00,2025-09-29 00:45:00+00:00,CNTRY_RN,Resource Node,REAL_TIME_15_MIN,43.33
2025-09-28 19:45:00-05:00,2025-09-29 00:45:00+00:00,2025-09-28 20:00:00-05:00,2025-09-29 01:00:00+00:00,CBY_CBY_G1,Resource Node,REAL_TIME_15_MIN,39.02
2025-09-28 19:45:00-05:00,2025-09-29 00:45:00+00:00,2025-09-28 20:00:00-05:00,2025-09-29 01:00:00+00:00,CNTRY_RN,Resource Node,REAL_TIME_15_MIN,38.11
2025-09-28 20:00:00-05:00,2025-09-29 01:00:00+00:00,2025-09-28 20:15:00-05:00,2025-09-29 01:15:00+00:00,CBY_CBY_G1,Resource Node,REAL_TIME_15_MIN,37.36
2025-09-28 20:00:00-05:00,2025-09-29 01:00:00+00:00,2025-09-28 20:15:00-05:00,2025-09-29 01:15:00+00:00,CNTRY_RN,Resource Node,REAL_TIME_15_MIN,35.81
2025-09-28 20:15:00-05:00,2025-09-29 01:15:00+00:00,2025-09-28 20:30:00-05:00,2025-09-29 01:30:00+00:00,CBY_CBY_G1,Resource Node,REAL_TIME_15_MIN,36.16
2025-09-28 20:15:00-05:00,2025-09-29 01:15:00+00:00,2025-09-28 20:30:00-05:00,2025-09-29 01:30:00+00:00,CNTRY_RN,Resource Node,REAL_TIME_15_MIN,34.2
2025-09-28 20:30:00-05:00,2025-09-29 01:30:00+00:00,2025-09-28 20:45:00-05:00,2025-09-29 01:45:00+00:00,CBY_CBY_G1,Resource Node,REAL_TIME_15_MIN,33.27
2025-09-28 20:30:00-05:00,2025-09-29 01:30:00+00:00,2025-09-28 20:45:00-05:00,2025-09-29 01:45:00+00:00,CNTRY_RN,Resource Node,REAL_TIME_15_MIN,30.99
2025-09-28 20:45:00-05:00,2025-09-29 01:45:00+00:00,2025-09-28 21:00:00-05:00,2025-09-29 02:00:00+00:00,CBY_CBY_G1,Resource Node,REAL_TIME_15_MIN,29.95
2025-09-28 20:45:00-05:00,2025-09-29 01:45:00+00:00,2025-09-28 21:00:00-05:00,2025-09-29 02:00:00+00:00,CNTRY_RN,Resource Node,REAL_TIME_15_MIN,26.51
2025-09-28 21:00:00-05:00,2025-09-29 02:00:00+00:00,2025-09-28 21:15:00-05:00,2025-09-29 02:15:00+00:00,CBY_CBY_G1,Resource Node,REAL_TIME_15_MIN,38.38
2025-09-28 21:00:00-05:00,2025-09-29 02:00:00+00:00,2025-09-28 21:15:00-05:00,2025-09-29 02:15:00+00:00,CNTRY_RN,Resource Node,REAL_TIME_15_MIN,33.13
2025-09-28 21:15:00-05:00,2025-09-29 02:15:00+00:00,2025-09-28 21:30:00-05:00,2025-09-29 02:30:00+00:00,CBY_CBY_G1,Resource Node,REAL_TIME_15_MIN,28.71
2025-09-28 21:15:00-05:00,2025-09-29 02:15:00+00:00,2025-09-28 21:30:00-05:00,2025-09-29 02:30:00+00:00,CNTRY_RN,Resource Node,REAL_TIME_15_MIN,24.92
2025-09-28 21:30:00-05:00,2025-09-29 02:30:00+00:00,2025-09-28 21:45:00-05:00,2025-09-29 02:45:00+00:00,CBY_CBY_G1,Resource Node,REAL_TIME_15_MIN,26.41
2025-09-28 21:30:00-05:00,2025-09-29 02:30:00+00:00,2025-09-28 21:45:00-05:00,2025-09-29 02:45:00+00:00,CNTRY_RN,Resource Node,REAL_TIME_15_MIN,22.7
2025-09-28 21:45:00-05:00,2025-09-29 02:45:00+00:00,2025-09-28 22:00:00-05:00,2025-09-29 03:00:00+00:00,CBY_CBY_G1,Resource Node,REAL_TIME_15_MIN,25.6
2025-09-28 21:45:00-05:00,2025-09-29 02:45:00+00:00,2025-09-28 22:00:00-05:00,2025-09-29 03:00:00+00:00,CNTRY_RN,Resource Node,REAL_TIME_15_MIN,21.9
2025-09-28 22:00:00-05:00,2025-09-29 03:00:00+00:00,2025-09-28 22:15:00-05:00,2025-09-29 03:15:00+00:00,CBY_CBY_G1,Resource Node,REAL_TIME_15_MIN,26.13
2025-09-28 22:00:00-05:00,2025-09-29 03:00:00+00:00,2025-09-28 22:15:00-05:00,2025-09-29 03:15:00+00:00,CNTRY_RN,Resource Node,REAL_TIME_15_MIN,22.26
2025-09-28 22:15:00-05:00,2025-09-29 03:15:00+00:00,2025-09-28 22:30:00-05:00,2025-09-29 03:30:00+00:00,CBY_CBY_G1,Resource Node,REAL_TIME_15_MIN,25.39
2025-09-28 22:15:00-05:00,2025-09-29 03:15:00+00:00,2025-09-28 22:30:00-05:00,2025-09-29 03:30:00+00:00,CNTRY_RN,Resource Node,REAL_TIME_15_MIN,21.69
2025-09-28 22:30:00-05:00,2025-09-29 03:30:00+00:00,2025-09-28 22:45:00-05:00,2025-09-29 03:45:00+00:00,CBY_CBY_G1,Resource Node,REAL_TIME_15_MIN,23.64
2025-09-28 22:30:00-05:00,2025-09-29 03:30:00+00:00,2025-09-28 22:45:00-05:00,2025-09-29 03:45:00+00:00,CNTRY_RN,Resource Node,REAL_TIME_15_MIN,20.03
2025-09-28 22:45:00-05:00,2025-09-29 03:45:00+00:00,2025-09-28 23:00:00-05:00,2025-09-29 04:00:00+00:00,CBY_CBY_G1,Resource Node,REAL_TIME_15_MIN,22.43
2025-09-28 22:45:00-05:00,2025-09-29 03:45:00+00:00,2025-09-28 23:00:00-05:00,2025-09-29 04:00:00+00:00,CNTRY_RN,Resource Node,REAL_TIME_15_MIN,18.92
2025-09-28 23:00:00-05:00,2025-09-29 04:00:00+00:00,2025-09-28 23:15:00-05:00,2025-09-29 04:15:00+00:00,CBY_CBY_G1,Resource Node,REAL_TIME_15_MIN,21.29
2025-09-28 23:00:00-05:00,2025-09-29 04:00:00+00:00,2025-09-28 23:15:00-05:00,2025-09-29 04:15:00+00:00,CNTRY_RN,Resource Node,REAL_TIME_15_MIN,17.89
2025-09-28 23:15:00-05:00,2025-09-29 04:15:00+00:00,2025-09-28 23:30:00-05:00,2025-09-29 04:30:00+00:00,CBY_CBY_G1,Resource Node,REAL_TIME_15_MIN,21.02
2025-09-28 23:15:00-05:00,2025-09-29 04:15:00+00:00,2025-09-28 23:30:00-05:00,2025-09-29 04:30:00+00:00,CNTRY_RN,Resource Node,REAL_TIME_15_MIN,19.08
2025-09-28 23:30:00-05:00,2025-09-29 04:30:00+00:00,2025-09-28 23:45:00-05:00,2025-09-29 04:45:00+00:00,CBY_CBY_G1,Resource Node,REAL_TIME_15_MIN,20.41
2025-09-28 23:30:00-05:00,2025-09-29 04:30:00+00:00,2025-09-28 23:45:00-05:00,2025-09-29 04:45:00+00:00,CNTRY_RN,Resource Node,REAL_TIME_15_MIN,19.76
2025-09-28 23:45:00-05:00,2025-09-29 04:45:00+00:00,2025-09-29 00:00:00-05:00,2025-09-29 05:00:00+00:00,CBY_CBY_G1,Resource Node,REAL_TIME_15_MIN,19.42
2025-09-28 23:45:00-05:00,2025-09-29 04:45:00+00:00,2025-09-29 00:00:00-05:00,2025-09-29 05:00:00+00:00,CNTRY_RN,Resource Node,REAL_TIME_15_MIN,18.95
