interval_start_local,interval_start_utc,interval_end_local,interval_end_utc,location,location_type,market,spp
2025-10-05 00:00:00-05:00,2025-10-05 05:00:00+00:00,2025-10-05 00:15:00-05:00,2025-10-05 05:15:00+00:00,CR_RN,Resource Node,REAL_TIME_15_MIN,23.71
2025-10-05 00:00:00-05:00,2025-10-05 05:00:00+00:00,2025-10-05 00:15:00-05:00,2025-10-05 05:15:00+00:00,P2_DGR2_RN,Resource Node,REAL_TIME_15_MIN,24.31
2025-10-05 00:00:00-05:00,2025-10-05 05:00:00+00:00,2025-10-05 00:15:00-05:00,2025-10-05 05:15:00+00:00,PRCRK_RN,Resource Node,REAL_TIME_15_MIN,23.34
2025-10-05 00:15:00-05:00,2025-10-05 05:15:00+00:00,2025-10-05 00:30:00-05:00,2025-10-05 05:30:00+00:00,CR_RN,Resource Node,REAL_TIME_15_MIN,23.2
2025-10-05 00:15:00-05:00,2025-10-05 05:15:00+00:00,2025-10-05 00:30:00-05:00,2025-10-05 05:30:00+00:00,P2_DGR2_RN,Resource Node,REAL_TIME_15_MIN,23.92
2025-10-05 00:15:00-05:00,2025-10-05 05:15:00+00:00,2025-10-05 00:30:00-05:00,2025-10-05 05:30:00+00:00,PRCRK_RN,Resource Node,REAL_TIME_15_MIN,22.71
2025-10-05 00:30:00-05:00,2025-10-05 05:30:00+00:00,2025-10-05 00:45:00-05:00,2025-10-05 05:45:00+00:00,CR_RN,Resource Node,REAL_TIME_15_MIN,23.17
2025-10-05 00:30:00-05:00,2025-10-05 05:30:00+00:00,2025-10-05 00:45:00-05:00,2025-10-05 05:45:00+00:00,P2_DGR2_RN,Resource Node,REAL_TIME_15_MIN,23.79
2025-10-05 00:30:00-05:00,2025-10-05 05:30:00+00:00,2025-10-05 00:45:00-05:00,2025-10-05 05:45:00+00:00,PRCRK_RN,Resource Node,REAL_TIME_15_MIN,22.79
2025-10-05 00:45:00-05:00,2025-10-05 05:45:00+00:00,2025-10-05 01:00:00-05:00,2025-10-05 06:00:00+00:00,CR_RN,Resource Node,REAL_TIME_15_MIN,21.8
2025-10-05 00:45:00-05:00,2025-10-05 05:45:00+00:00,2025-10-05 01:00:00-05:00,2025-10-05 06:00:00+00:00,P2_DGR2_RN,Resource Node,REAL_TIME_15_MIN,22.34
2025-10-05 00:45:00-05:00,2025-10-05 05:45:00+00:00,2025-10-05 01:00:00-05:00,2025-10-05 06:00:00+00:00,PRCRK_RN,Resource Node,REAL_TIME_15_MIN,21.48
2025-10-05 01:00:00-05:00,2025-10-05 06:00:00+00:00,2025-10-05 01:15:00-05:00,2025-10-05 06:15:00+00:00,CR_RN,Resource Node,REAL_TIME_15_MIN,21.51
2025-10-05 01:00:00-05:00,2025-10-05 06:00:00+00:00,2025-10-05 01:15:00-05:00,2025-10-05 06:15:00+00:00,P2_DGR2_RN,Resource Node,REAL_TIME_15_MIN,21.88
2025-10-05 01:00:00-05:00,2025-10-05 06:00:00+00:00,2025-10-05 01:15:00-05:00,2025-10-05 06:15:00+00:00,PRCRK_RN,Resource Node,REAL_TIME_15_MIN,21.32
2025-10-05 01:15:00-05:00,2025-10-05 06:15:00+00:00,2025-10-05 01:30:00-05:00,2025-10-05 06:30:00+00:00,CR_RN,Resource Node,REAL_TIME_15_MIN,21.58
2025-10-05 01:15:00-05:00,2025-10-05 06:15:00+00:00,2025-10-05 01:30:00-05:00,2025-10-05 06:30:00+00:00,P2_DGR2_RN,Resource Node,REAL_TIME_15_MIN,21.84
2025-10-05 01:15:00-05:00,2025-10-05 06:15:00+00:00,2025-10-05 01:30:00-05:00,2025-10-05 06:30:00+00:00,PRCRK_RN,Resource Node,REAL_TIME_15_MIN,21.52
2025-10-05 01:30:00-05:00,2025-10-05 06:30:00+00:00,2025-10-05 01:45:00-05:00,2025-10-05 06:45:00+00:00,CR_RN,Resource Node,REAL_TIME_15_MIN,21.5
2025-10-05 01:30:00-05:00,2025-10-05 06:30:00+00:00,2025-10-05 01:45:00-05:00,2025-10-05 06:45:00+00:00,P2_DGR2_RN,Resource Node,REAL_TIME_15_MIN,21.76
2025-10-05 01:30:00-05:00,2025-10-05 06:30:00+00:00,2025-10-05 01:45:00-05:00,2025-10-05 06:45:00+00:00,PRCRK_RN,Resource Node,REAL_TIME_15_MIN,21.44
2025-10-05 01:45:00-05:00,2025-10-05 06:45:00+00:00,2025-10-05 02:00:00-05:00,2025-10-05 07:00:00+00:00,CR_RN,Resource Node,REAL_TIME_15_MIN,22.09
2025-10-05 01:45:00-05:00,2025-10-05 06:45:00+00:00,2025-10-05 02:00:00-05:00,2025-10-05 07:00:00+00:00,P2_DGR2_RN,Resource Node,REAL_TIME_15_MIN,24.18
2025-10-05 01:45:00-05:00,2025-10-05 06:45:00+00:00,2025-10-05 02:00:00-05:00,2025-10-05 07:00:00+00:00,PRCRK_RN,Resource Node,REAL_TIME_15_MIN,20.29
2025-10-05 02:00:00-05:00,2025-10-05 07:00:00+00:00,2025-10-05 02:15:00-05:00,2025-10-05 07:15:00+00:00,CR_RN,Resource Node,REAL_TIME_15_MIN,21.19
2025-10-05 02:00:00-05:00,2025-10-05 07:00:00+00:00,2025-10-05 02:15:00-05:00,2025-10-05 07:15:00+00:00,P2_DGR2_RN,Resource Node,REAL_TIME_15_MIN,24.05
2025-10-05 02:00:00-05:00,2025-10-05 07:00:00+00:00,2025-10-05 02:15:00-05:00,2025-10-05 07:15:00+00:00,PRCRK_RN,Resource Node,REAL_TIME_15_MIN,18.62
2025-10-05 02:15:00-05:00,2025-10-05 07:15:00+00:00,2025-10-05 02:30:00-05:00,2025-10-05 07:30:00+00:00,CR_RN,Resource Node,REAL_TIME_15_MIN,20.8
2025-10-05 02:15:00-05:00,2025-10-05 07:15:00+00:00,2025-10-05 02:30:00-05:00,2025-10-05 07:30:00+00:00,P2_DGR2_RN,Resource Node,REAL_TIME_15_MIN,23.68
2025-10-05 02:15:00-05:00,2025-10-05 07:15:00+00:00,2025-10-05 02:30:00-05:00,2025-10-05 07:30:00+00:00,PRCRK_RN,Resource Node,REAL_TIME_15_MIN,18.24
2025-10-05 02:30:00-05:00,2025-10-05 07:30:00+00:00,2025-10-05 02:45:00-05:00,2025-10-05 07:45:00+00:00,CR_RN,Resource Node,REAL_TIME_15_MIN,20.72
2025-10-05 02:30:00-05:00,2025-10-05 07:30:00+00:00,2025-10-05 02:45:00-05:00,2025-10-05 07:45:00+00:00,P2_DGR2_RN,Resource Node,REAL_TIME_15_MIN,24.36
2025-10-05 02:30:00-05:00,2025-10-05 07:30:00+00:00,2025-10-05 02:45:00-05:00,2025-10-05 07:45:00+00:00,PRCRK_RN,Resource Node,REAL_TIME_15_MIN,17.38
2025-10-05 02:45:00-05:00,2025-10-05 07:45:00+00:00,2025-10-05 03:00:00-05:00,2025-10-05 08:00:00+00:00,CR_RN,Resource Node,REAL_TIME_15_MIN,20.65
2025-10-05 02:45:00-05:00,2025-10-05 07:45:00+00:00,2025-10-05 03:00:00-05:00,2025-10-05 08:00:00+00:00,P2_DGR2_RN,Resource Node,REAL_TIME_15_MIN,24.8
2025-10-05 02:45:00-05:00,2025-10-05 07:45:00+00:00,2025-10-05 03:00:00-05:00,2025-10-05 08:00:00+00:00,PRCRK_RN,Resource Node,REAL_TIME_15_MIN,16.82
2025-10-05 03:00:00-05:00,2025-10-05 08:00:00+00:00,2025-10-05 03:15:00-05:00,2025-10-05 08:15:00+00:00,CR_RN,Resource Node,REAL_TIME_15_MIN,19.89
2025-10-05 03:00:00-05:00,2025-10-05 08:00:00+00:00,2025-10-05 03:15:00-05:00,2025-10-05 08:15:00+00:00,P2_DGR2_RN,Resource Node,REAL_TIME_15_MIN,23.97
2025-10-05 03:00:00-05:00,2025-10-05 08:00:00+00:00,2025-10-05 03:15:00-05:00,2025-10-05 08:15:00+00:00,PRCRK_RN,Resource Node,REAL_TIME_15_MIN,16.07
2025-10-05 03:15:00-05:00,2025-10-05 08:15:00+00:00,2025-10-05 03:30:00-05:00,2025-10-05 08:30:00+00:00,CR_RN,Resource Node,REAL_TIME_15_MIN,18.87
2025-10-05 03:15:00-05:00,2025-10-05 08:15:00+00:00,2025-10-05 03:30:00-05:00,2025-10-05 08:30:00+00:00,P2_DGR2_RN,Resource Node,REAL_TIME_15_MIN,22.38
2025-10-05 03:15:00-05:00,2025-10-05 08:15:00+00:00,2025-10-05 03:30:00-05:00,2025-10-05 08:30:00+00:00,PRCRK_RN,Resource Node,REAL_TIME_15_MIN,15.56
2025-10-05 03:30:00-05:00,2025-10-05 08:30:00+00:00,2025-10-05 03:45:00-05:00,2025-10-05 08:45:00+00:00,CR_RN,Resource Node,REAL_TIME_15_MIN,20.08
2025-10-05 03:30:00-05:00,2025-10-05 08:30:00+00:00,2025-10-05 03:45:00-05:00,2025-10-05 08:45:00+00:00,P2_DGR2_RN,Resource Node,REAL_TIME_15_MIN,25.4
2025-10-05 03:30:00-05:00,2025-10-05 08:30:00+00:00,2025-10-05 03:45:00-05:00,2025-10-05 08:45:00+00:00,PRCRK_RN,Resource Node,REAL_TIME_15_MIN,15.0
2025-10-05 03:45:00-05:00,2025-10-05 08:45:00+00:00,2025-10-05 04:00:00-05:00,2025-10-05 09:00:00+00:00,CR_RN,Resource Node,REAL_TIME_15_MIN,20.17
2025-10-05 03:45:00-05:00,2025-10-05 08:45:00+00:00,2025-10-05 04:00:00-05:00,2025-10-05 09:00:00+00:00,P2_DGR2_RN,Resource Node,REAL_TIME_15_MIN,27.41
2025-10-05 03:45:00-05:00,2025-10-05 08:45:00+00:00,2025-10-05 04:00:00-05:00,2025-10-05 09:00:00+00:00,PRCRK_RN,Resource Node,REAL_TIME_15_MIN,13.23
2025-10-05 04:00:00-05:00,2025-10-05 09:00:00+00:00,2025-10-05 04:15:00-05:00,2025-10-05 09:15:00+00:00,CR_RN,Resource Node,REAL_TIME_15_MIN,18.14
2025-10-05 04:00:00-05:00,2025-10-05 09:00:00+00:00,2025-10-05 04:15:00-05:00,2025-10-05 09:15:00+00:00,P2_DGR2_RN,Resource Node,REAL_TIME_15_MIN,23.23
2025-10-05 04:00:00-05:00,2025-10-05 09:00:00+00:00,2025-10-05 04:15:00-05:00,2025-10-05 09:15:00+00:00,PRCRK_RN,Resource Node,REAL_TIME_15_MIN,13.27
2025-10-05 04:15:00-05:00,2025-10-05 09:15:00+00:00,2025-10-05 04:30:00-05:00,2025-10-05 09:30:00+00:00,CR_RN,Resource Node,REAL_TIME_15_MIN,17.49
2025-10-05 04:15:00-05:00,2025-10-05 09:15:00+00:00,2025-10-05 04:30:00-05:00,2025-10-05 09:30:00+00:00,P2_DGR2_RN,Resource Node,REAL_TIME_15_MIN,21.83
2025-10-05 04:15:00-05:00,2025-10-05 09:15:00+00:00,2025-10-05 04:30:00-05:00,2025-10-05 09:30:00+00:00,PRCRK_RN,Resource Node,REAL_TIME_15_MIN,13.34
2025-10-05 04:30:00-05:00,2025-10-05 09:30:00+00:00,2025-10-05 04:45:00-05:00,2025-10-05 09:45:00+00:00,CR_RN,Resource Node,REAL_TIME_15_MIN,18.52
2025-10-05 04:30:00-05:00,2025-10-05 09:30:00+00:00,2025-10-05 04:45:00-05:00,2025-10-05 09:45:00+00:00,P2_DGR2_RN,Resource Node,REAL_TIME_15_MIN,24.45
2025-10-05 04:30:00-05:00,2025-10-05 09:30:00+00:00,2025-10-05 04:45:00-05:00,2025-10-05 09:45:00+00:00,PRCRK_RN,Resource Node,REAL_TIME_15_MIN,12.82
2025-10-05 04:45:00-05:00,2025-10-05 09:45:00+00:00,2025-10-05 05:00:00-05:00,2025-10-05 10:00:00+00:00,CR_RN,Resource Node,REAL_TIME_15_MIN,18.97
2025-10-05 04:45:00-05:00,2025-10-05 09:45:00+00:00,2025-10-05 05:00:00-05:00,2025-10-05 10:00:00+00:00,P2_DGR2_RN,Resource Node,REAL_TIME_15_MIN,24.79
2025-10-05 04:45:00-05:00,2025-10-05 09:45:00+00:00,2025-10-05 05:00:00-05:00,2025-10-05 10:00:00+00:00,PRCRK_RN,Resource Node,REAL_TIME_15_MIN,13.39
2025-10-05 05:00:00-05:00,2025-10-05 10:00:00+00:00,2025-10-05 05:15:00-05:00,2025-10-05 10:15:00+00:00,CR_RN,Resource Node,REAL_TIME_15_MIN,18.52
2025-10-05 05:00:00-05:00,2025-10-05 10:00:00+00:00,2025-10-05 05:15:00-05:00,2025-10-05 10:15:00+00:00,P2_DGR2_RN,Resource Node,REAL_TIME_15_MIN,24.98
2025-10-05 05:00:00-05:00,2025-10-05 10:00:00+00:00,2025-10-05 05:15:00-05:00,2025-10-05 10:15:00+00:00,PRCRK_RN,Resource Node,REAL_TIME_15_MIN,12.3
2025-10-05 05:15:00-05:00,2025-10-05 10:15:00+00:00,2025-10-05 05:30:00-05:00,2025-10-05 10:30:00+00:00,CR_RN,Resource Node,REAL_TIME_15_MIN,17.82
2025-10-05 05:15:00-05:00,2025-10-05 10:15:00+00:00,2025-10-05 05:30:00-05:00,2025-10-05 10:30:00+00:00,P2_DGR2_RN,Resource Node,REAL_TIME_15_MIN,24.61
2025-10-05 05:15:00-05:00,2025-10-05 10:15:00+00:00,2025-10-05 05:30:00-05:00,2025-10-05 10:30:00+00:00,PRCRK_RN,Resource Node,REAL_TIME_15_MIN,11.26
2025-10-05 05:30:00-05:00,2025-10-05 10:30:00+00:00,2025-10-05 05:45:00-05:00,2025-10-05 10:45:00+00:00,CR_RN,Resource Node,REAL_TIME_15_MIN,18.53
2025-10-05 05:30:00-05:00,2025-10-05 10:30:00+00:00,2025-10-05 05:45:00-05:00,2025-10-05 10:45:00+00:00,P2_DGR2_RN,Resource Node,REAL_TIME_15_MIN,24.94
2025-10-05 05:30:00-05:00,2025-10-05 10:30:00+00:00,2025-10-05 05:45:00-05:00,2025-10-05 10:45:00+00:00,PRCRK_RN,Resource Node,REAL_TIME_15_MIN,12.34
2025-10-05 05:45:00-05:00,2025-10-05 10:45:00+00:00,2025-10-05 06:00:00-05:00,2025-10-05 11:00:00+00:00,CR_RN,Resource Node,REAL_TIME_15_MIN,18.92
2025-10-05 05:45:00-05:00,2025-10-05 10:45:00+00:00,2025-10-05 06:00:00-05:00,2025-10-05 11:00:00+00:00,P2_DGR2_RN,Resource Node,REAL_TIME_15_MIN,24.76
2025-10-05 05:45:00-05:00,2025-10-05 10:45:00+00:00,2025-10-05 06:00:00-05:00,2025-10-05 11:00:00+00:00,PRCRK_RN,Resource Node,REAL_TIME_15_MIN,13.3
2025-10-05 06:00:00-05:00,2025-10-05 11:00:00+00:00,2025-10-05 06:15:00-05:00,2025-10-05 11:15:00+00:00,CR_RN,Resource Node,REAL_TIME_15_MIN,18.94
2025-10-05 06:00:00-05:00,2025-10-05 11:00:00+00:00,2025-10-05 06:15:00-05:00,2025-10-05 11:15:00+00:00,P2_DGR2_RN,Resource Node,REAL_TIME_15_MIN,23.89
2025-10-05 06:00:00-05:00,2025-10-05 11:00:00+00:00,2025-10-05 06:15:00-05:00,2025-10-05 11:15:00+00:00,PRCRK_RN,Resource Node,REAL_TIME_15_MIN,14.19
2025-10-05 06:15:00-05:00,2025-10-05 11:15:00+00:00,2025-10-05 06:30:00-05:00,2025-10-05 11:30:00+00:00,CR_RN,Resource Node,REAL_TIME_15_MIN,19.17
2025-10-05 06:15:00-05:00,2025-10-05 11:15:00+00:00,2025-10-05 06:30:00-05:00,2025-10-05 11:30:00+00:00,P2_DGR2_RN,Resource Node,REAL_TIME_15_MIN,23.68
2025-10-05 06:15:00-05:00,2025-10-05 11:15:00+00:00,2025-10-05 06:30:00-05:00,2025-10-05 11:30:00+00:00,PRCRK_RN,Resource Node,REAL_TIME_15_MIN,14.85
2025-10-05 06:30:00-05:00,2025-10-05 11:30:00+00:00,2025-10-05 06:45:00-05:00,2025-10-05 11:45:00+00:00,CR_RN,Resource Node,REAL_TIME_15_MIN,17.86
2025-10-05 06:30:00-05:00,2025-10-05 11:30:00+00:00,2025-10-05 06:45:00-05:00,2025-10-05 11:45:00+00:00,P2_DGR2_RN,Resource Node,REAL_TIME_15_MIN,21.55
2025-10-05 06:30:00-05:00,2025-10-05 11:30:00+00:00,2025-10-05 06:45:00-05:00,2025-10-05 11:45:00+00:00,PRCRK_RN,Resource Node,REAL_TIME_15_MIN,14.32
2025-10-05 06:45:00-05:00,2025-10-05 11:45:00+00:00,2025-10-05 07:00:00-05:00,2025-10-05 12:00:00+00:00,CR_RN,Resource Node,REAL_TIME_15_MIN,18.23
2025-10-05 06:45:00-05:00,2025-10-05 11:45:00+00:00,2025-10-05 07:00:00-05:00,2025-10-05 12:00:00+00:00,P2_DGR2_RN,Resource Node,REAL_TIME_15_MIN,22.39
2025-10-05 06:45:00-05:00,2025-10-05 11:45:00+00:00,2025-10-05 07:00:00-05:00,2025-10-05 12:00:00+00:00,PRCRK_RN,Resource Node,REAL_TIME_15_MIN,14.23
2025-10-05 07:00:00-05:00,2025-10-05 12:00:00+00:00,2025-10-05 07:15:00-05:00,2025-10-05 12:15:00+00:00,CR_RN,Resource Node,REAL_TIME_15_MIN,19.22
2025-10-05 07:00:00-05:00,2025-10-05 12:00:00+00:00,2025-10-05 07:15:00-05:00,2025-10-05 12:15:00+00:00,P2_DGR2_RN,Resource Node,REAL_TIME_15_MIN,23.35
2025-10-05 07:00:00-05:00,2025-10-05 12:00:00+00:00,2025-10-05 07:15:00-05:00,2025-10-05 12:15:00+00:00,PRCRK_RN,Resource Node,REAL_TIME_15_MIN,15.25
2025-10-05 07:15:00-05:00,2025-10-05 12:15:00+00:00,2025-10-05 07:30:00-05:00,2025-10-05 12:30:00+00:00,CR_RN,Resource Node,REAL_TIME_15_MIN,20.11
2025-10-05 07:15:00-05:00,2025-10-05 12:15:00+00:00,2025-10-05 07:30:00-05:00,2025-10-05 12:30:00+00:00,P2_DGR2_RN,Resource Node,REAL_TIME_15_MIN,23.83
2025-10-05 07:15:00-05:00,2025-10-05 12:15:00+00:00,2025-10-05 07:30:00-05:00,2025-10-05 12:30:00+00:00,PRCRK_RN,Resource Node,REAL_TIME_15_MIN,16.54
2025-10-05 07:30:00-05:00,2025-10-05 12:30:00+00:00,2025-10-05 07:45:00-05:00,2025-10-05 12:45:00+00:00,CR_RN,Resource Node,REAL_TIME_15_MIN,19.35
2025-10-05 07:30:00-05:00,2025-10-05 12:30:00+00:00,2025-10-05 07:45:00-05:00,2025-10-05 12:45:00+00:00,P2_DGR2_RN,Resource Node,REAL_TIME_15_MIN,21.71
2025-10-05 07:30:00-05:00,2025-10-05 12:30:00+00:00,2025-10-05 07:45:00-05:00,2025-10-05 12:45:00+00:00,PRCRK_RN,Resource Node,REAL_TIME_15_MIN,17.12
2025-10-05 07:45:00-05:00,2025-10-05 12:45:00+00:00,2025-10-05 08:00:00-05:00,2025-10-05 13:00:00+00:00,CR_RN,Resource Node,REAL_TIME_15_MIN,16.24
2025-10-05 07:45:00-05:00,2025-10-05 12:45:00+00:00,2025-10-05 08:00:00-05:00,2025-10-05 13:00:00+00:00,P2_DGR2_RN,Resource Node,REAL_TIME_15_MIN,17.74
2025-10-05 07:45:00-05:00,2025-10-05 12:45:00+00:00,2025-10-05 08:00:00-05:00,2025-10-05 13:00:00+00:00,PRCRK_RN,Resource Node,REAL_TIME_15_MIN,14.85
2025-10-05 08:00:00-05:00,2025-10-05 13:00:00+00:00,2025-10-05 08:15:00-05:00,2025-10-05 13:15:00+00:00,CR_RN,Resource Node,REAL_TIME_15_MIN,15.34
2025-10-05 08:00:00-05:00,2025-10-05 13:00:00+00:00,2025-10-05 08:15:00-05:00,2025-10-05 13:15:00+00:00,P2_DGR2_RN,Resource Node,REAL_TIME_15_MIN,16.4
2025-10-05 08:00:00-05:00,2025-10-05 13:00:00+00:00,2025-10-05 08:15:00-05:00,2025-10-05 13:15:00+00:00,PRCRK_RN,Resource Node,REAL_TIME_15_MIN,14.39
2025-10-05 08:15:00-05:00,2025-10-05 13:15:00+00:00,2025-10-05 08:30:00-05:00,2025-10-05 13:30:00+00:00,CR_RN,Resource Node,REAL_TIME_15_MIN,11.43
2025-10-05 08:15:00-05:00,2025-10-05 13:15:00+00:00,2025-10-05 08:30:00-05:00,2025-10-05 13:30:00+00:00,P2_DGR2_RN,Resource Node,REAL_TIME_15_MIN,12.94
2025-10-05 08:15:00-05:00,2025-10-05 13:15:00+00:00,2025-10-05 08:30:00-05:00,2025-10-05 13:30:00+00:00,PRCRK_RN,Resource Node,REAL_TIME_15_MIN,10.08
2025-10-05 08:30:00-05:00,2025-10-05 13:30:00+00:00,2025-10-05 08:45:00-05:00,2025-10-05 13:45:00+00:00,CR_RN,Resource Node,REAL_TIME_15_MIN,8.51
2025-10-05 08:30:00-05:00,2025-10-05 13:30:00+00:00,2025-10-05 08:45:00-05:00,2025-10-05 13:45:00+00:00,P2_DGR2_RN,Resource Node,REAL_TIME_15_MIN,11.75
2025-10-05 08:30:00-05:00,2025-10-05 13:30:00+00:00,2025-10-05 08:45:00-05:00,2025-10-05 13:45:00+00:00,PRCRK_RN,Resource Node,REAL_TIME_15_MIN,5.5
2025-10-05 08:45:00-05:00,2025-10-05 13:45:00+00:00,2025-10-05 09:00:00-05:00,2025-10-05 14:00:00+00:00,CR_RN,Resource Node,REAL_TIME_15_MIN,5.54
2025-10-05 08:45:00-05:00,2025-10-05 13:45:00+00:00,2025-10-05 09:00:00-05:00,2025-10-05 14:00:00+00:00,P2_DGR2_RN,Resource Node,REAL_TIME_15_MIN,9.92
2025-10-05 08:45:00-05:00,2025-10-05 13:45:00+00:00,2025-10-05 09:00:00-05:00,2025-10-05 14:00:00+00:00,PRCRK_RN,Resource Node,REAL_TIME_15_MIN,2.16
2025-10-05 09:00:00-05:00,2025-10-05 14:00:00+00:00,2025-10-05 09:15:00-05:00,2025-10-05 14:15:00+00:00,CR_RN,Resource Node,REAL_TIME_15_MIN,4.39
2025-10-05 09:00:00-05:00,2025-10-05 14:00:00+00:00,2025-10-05 09:15:00-05:00,2025-10-05 14:15:00+00:00,P2_DGR2_RN,Resource Node,REAL_TIME_15_MIN,13.88
2025-10-05 09:00:00-05:00,2025-10-05 14:00:00+00:00,2025-10-05 09:15:00-05:00,2025-10-05 14:15:00+00:00,PRCRK_RN,Resource Node,REAL_TIME_15_MIN,-0.69
2025-10-05 09:15:00-05:00,2025-10-05 14:15:00+00:00,2025-10-05 09:30:00-05:00,2025-10-05 14:30:00+00:00,CR_RN,Resource Node,REAL_TIME_15_MIN,3.74
2025-10-05 09:15:00-05:00,2025-10-05 14:15:00+00:00,2025-10-05 09:30:00-05:00,2025-10-05 14:30:00+00:00,P2_DGR2_RN,Resource Node,REAL_TIME_15_MIN,13.27
2025-10-05 09:15:00-05:00,2025-10-05 14:15:00+00:00,2025-10-05 09:30:00-05:00,2025-10-05 14:30:00+00:00,PRCRK_RN,Resource Node,REAL_TIME_15_MIN,-1.2
2025-10-05 09:30:00-05:00,2025-10-05 14:30:00+00:00,2025-10-05 09:45:00-05:00,2025-10-05 14:45:00+00:00,CR_RN,Resource Node,REAL_TIME_15_MIN,3.43
2025-10-05 09:30:00-05:00,2025-10-05 14:30:00+00:00,2025-10-05 09:45:00-05:00,2025-10-05 14:45:00+00:00,P2_DGR2_RN,Resource Node,REAL_TIME_15_MIN,12.65
2025-10-05 09:30:00-05:00,2025-10-05 14:30:00+00:00,2025-10-05 09:45:00-05:00,2025-10-05 14:45:00+00:00,PRCRK_RN,Resource Node,REAL_TIME_15_MIN,-1.52
2025-10-05 09:45:00-05:00,2025-10-05 14:45:00+00:00,2025-10-05 10:00:00-05:00,2025-10-05 15:00:00+00:00,CR_RN,Resource Node,REAL_TIME_15_MIN,3.06
2025-10-05 09:45:00-05:00,2025-10-05 14:45:00+00:00,2025-10-05 10:00:00-05:00,2025-10-05 15:00:00+00:00,P2_DGR2_RN,Resource Node,REAL_TIME_15_MIN,12.23
2025-10-05 09:45:00-05:00,2025-10-05 14:45:00+00:00,2025-10-05 10:00:00-05:00,2025-10-05 15:00:00+00:00,PRCRK_RN,Resource Node,REAL_TIME_15_MIN,-1.79
2025-10-05 10:00:00-05:00,2025-10-05 15:00:00+00:00,2025-10-05 10:15:00-05:00,2025-10-05 15:15:00+00:00,CR_RN,Resource Node,REAL_TIME_15_MIN,3.26
2025-10-05 10:00:00-05:00,2025-10-05 15:00:00+00:00,2025-10-05 10:15:00-05:00,2025-10-05 15:15:00+00:00,P2_DGR2_RN,Resource Node,REAL_TIME_15_MIN,12.72
2025-10-05 10:00:00-05:00,2025-10-05 15:00:00+00:00,2025-10-05 10:15:00-05:00,2025-10-05 15:15:00+00:00,PRCRK_RN,Resource Node,REAL_TIME_15_MIN,-2.21
2025-10-05 10:15:00-05:00,2025-10-05 15:15:00+00:00,2025-10-05 10:30:00-05:00,2025-10-05 15:30:00+00:00,CR_RN,Resource Node,REAL_TIME_15_MIN,4.75
2025-10-05 10:15:00-05:00,2025-10-05 15:15:00+00:00,2025-10-05 10:30:00-05:00,2025-10-05 15:30:00+00:00,P2_DGR2_RN,Resource Node,REAL_TIME_15_MIN,15.52
2025-10-05 10:15:00-05:00,2025-10-05 15:15:00+00:00,2025-10-05 10:30:00-05:00,2025-10-05 15:30:00+00:00,PRCRK_RN,Resource Node,REAL_TIME_15_MIN,-1.88
2025-10-05 10:30:00-05:00,2025-10-05 15:30:00+00:00,2025-10-05 10:45:00-05:00,2025-10-05 15:45:00+00:00,CR_RN,Resource Node,REAL_TIME_15_MIN,6.88
2025-10-05 10:30:00-05:00,2025-10-05 15:30:00+00:00,2025-10-05 10:45:00-05:00,2025-10-05 15:45:00+00:00,P2_DGR2_RN,Resource Node,REAL_TIME_15_MIN,16.07
2025-10-05 10:30:00-05:00,2025-10-05 15:30:00+00:00,2025-10-05 10:45:00-05:00,2025-10-05 15:45:00+00:00,PRCRK_RN,Resource Node,REAL_TIME_15_MIN,-0.82
2025-10-05 10:45:00-05:00,2025-10-05 15:45:00+00:00,2025-10-05 11:00:00-05:00,2025-10-05 16:00:00+00:00,CR_RN,Resource Node,REAL_TIME_15_MIN,5.87
2025-10-05 10:45:00-05:00,2025-10-05 15:45:00+00:00,2025-10-05 11:00:00-05:00,2025-10-05 16:00:00+00:00,P2_DGR2_RN,Resource Node,REAL_TIME_15_MIN,14.75
2025-10-05 10:45:00-05:00,2025-10-05 15:45:00+00:00,2025-10-05 11:00:00-05:00,2025-10-05 16:00:00+00:00,PRCRK_RN,Resource Node,REAL_TIME_15_MIN,-1.18
2025-10-05 11:00:00-05:00,2025-10-05 16:00:00+00:00,2025-10-05 11:15:00-05:00,2025-10-05 16:15:00+00:00,CR_RN,Resource Node,REAL_TIME_15_MIN,7.56
2025-10-05 11:00:00-05:00,2025-10-05 16:00:00+00:00,2025-10-05 11:15:00-05:00,2025-10-05 16:15:00+00:00,P2_DGR2_RN,Resource Node,REAL_TIME_15_MIN,18.7
2025-10-05 11:00:00-05:00,2025-10-05 16:00:00+00:00,2025-10-05 11:15:00-05:00,2025-10-05 16:15:00+00:00,PRCRK_RN,Resource Node,REAL_TIME_15_MIN,-0.65
2025-10-05 11:15:00-05:00,2025-10-05 16:15:00+00:00,2025-10-05 11:30:00-05:00,2025-10-05 16:30:00+00:00,CR_RN,Resource Node,REAL_TIME_15_MIN,8.74
2025-10-05 11:15:00-05:00,2025-10-05 16:15:00+00:00,2025-10-05 11:30:00-05:00,2025-10-05 16:30:00+00:00,P2_DGR2_RN,Resource Node,REAL_TIME_15_MIN,20.45
2025-10-05 11:15:00-05:00,2025-10-05 16:15:00+00:00,2025-10-05 11:30:00-05:00,2025-10-05 16:30:00+00:00,PRCRK_RN,Resource Node,REAL_TIME_15_MIN,1.01
2025-10-05 11:30:00-05:00,2025-10-05 16:30:00+00:00,2025-10-05 11:45:00-05:00,2025-10-05 16:45:00+00:00,CR_RN,Resource Node,REAL_TIME_15_MIN,12.15
2025-10-05 11:30:00-05:00,2025-10-05 16:30:00+00:00,2025-10-05 11:45:00-05:00,2025-10-05 16:45:00+00:00,P2_DGR2_RN,Resource Node,REAL_TIME_15_MIN,22.0
2025-10-05 11:30:00-05:00,2025-10-05 16:30:00+00:00,2025-10-05 11:45:00-05:00,2025-10-05 16:45:00+00:00,PRCRK_RN,Resource Node,REAL_TIME_15_MIN,6.05
2025-10-05 11:45:00-05:00,2025-10-05 16:45:00+00:00,2025-10-05 12:00:00-05:00,2025-10-05 17:00:00+00:00,CR_RN,Resource Node,REAL_TIME_15_MIN,16.69
2025-10-05 11:45:00-05:00,2025-10-05 16:45:00+00:00,2025-10-05 12:00:00-05:00,2025-10-05 17:00:00+00:00,P2_DGR2_RN,Resource Node,REAL_TIME_15_MIN,21.64
2025-10-05 11:45:00-05:00,2025-10-05 16:45:00+00:00,2025-10-05 12:00:00-05:00,2025-10-05 17:00:00+00:00,PRCRK_RN,Resource Node,REAL_TIME_15_MIN,15.47
2025-10-05 12:00:00-05:00,2025-10-05 17:00:00+00:00,2025-10-05 12:15:00-05:00,2025-10-05 17:15:00+00:00,CR_RN,Resource Node,REAL_TIME_15_MIN,18.99
2025-10-05 12:00:00-05:00,2025-10-05 17:00:00+00:00,2025-10-05 12:15:00-05:00,2025-10-05 17:15:00+00:00,P2_DGR2_RN,Resource Node,REAL_TIME_15_MIN,22.09
2025-10-05 12:00:00-05:00,2025-10-05 17:00:00+00:00,2025-10-05 12:15:00-05:00,2025-10-05 17:15:00+00:00,PRCRK_RN,Resource Node,REAL_TIME_15_MIN,19.66
2025-10-05 12:15:00-05:00,2025-10-05 17:15:00+00:00,2025-10-05 12:30:00-05:00,2025-10-05 17:30:00+00:00,CR_RN,Resource Node,REAL_TIME_15_MIN,19.61
2025-10-05 12:15:00-05:00,2025-10-05 17:15:00+00:00,2025-10-05 12:30:00-05:00,2025-10-05 17:30:00+00:00,P2_DGR2_RN,Resource Node,REAL_TIME_15_MIN,24.06
2025-10-05 12:15:00-05:00,2025-10-05 17:15:00+00:00,2025-10-05 12:30:00-05:00,2025-10-05 17:30:00+00:00,PRCRK_RN,Resource Node,REAL_TIME_15_MIN,18.95
2025-10-05 12:30:00-05:00,2025-10-05 17:30:00+00:00,2025-10-05 12:45:00-05:00,2025-10-05 17:45:00+00:00,CR_RN,Resource Node,REAL_TIME_15_MIN,20.09
2025-10-05 12:30:00-05:00,2025-10-05 17:30:00+00:00,2025-10-05 12:45:00-05:00,2025-10-05 17:45:00+00:00,P2_DGR2_RN,Resource Node,REAL_TIME_15_MIN,28.73
2025-10-05 12:30:00-05:00,2025-10-05 17:30:00+00:00,2025-10-05 12:45:00-05:00,2025-10-05 17:45:00+00:00,PRCRK_RN,Resource Node,REAL_TIME_15_MIN,17.52
2025-10-05 12:45:00-05:00,2025-10-05 17:45:00+00:00,2025-10-05 13:00:00-05:00,2025-10-05 18:00:00+00:00,CR_RN,Resource Node,REAL_TIME_15_MIN,19.92
2025-10-05 12:45:00-05:00,2025-10-05 17:45:00+00:00,2025-10-05 13:00:00-05:00,2025-10-05 18:00:00+00:00,P2_DGR2_RN,Resource Node,REAL_TIME_15_MIN,30.03
2025-10-05 12:45:00-05:00,2025-10-05 17:45:00+00:00,2025-10-05 13:00:00-05:00,2025-10-05 18:00:00+00:00,PRCRK_RN,Resource Node,REAL_TIME_15_MIN,17.85
2025-10-05 13:00:00-05:00,2025-10-05 18:00:00+00:00,2025-10-05 13:15:00-05:00,2025-10-05 18:15:00+00:00,CR_RN,Resource Node,REAL_TIME_15_MIN,21.07
2025-10-05 13:00:00-05:00,2025-10-05 18:00:00+00:00,2025-10-05 13:15:00-05:00,2025-10-05 18:15:00+00:00,P2_DGR2_RN,Resource Node,REAL_TIME_15_MIN,29.05
2025-10-05 13:00:00-05:00,2025-10-05 18:00:00+00:00,2025-10-05 13:15:00-05:00,2025-10-05 18:15:00+00:00,PRCRK_RN,Resource Node,REAL_TIME_15_MIN,18.14
2025-10-05 13:15:00-05:00,2025-10-05 18:15:00+00:00,2025-10-05 13:30:00-05:00,2025-10-05 18:30:00+00:00,CR_RN,Resource Node,REAL_TIME_15_MIN,21.29
2025-10-05 13:15:00-05:00,2025-10-05 18:15:00+00:00,2025-10-05 13:30:00-05:00,2025-10-05 18:30:00+00:00,P2_DGR2_RN,Resource Node,REAL_TIME_15_MIN,25.6
2025-10-05 13:15:00-05:00,2025-10-05 18:15:00+00:00,2025-10-05 13:30:00-05:00,2025-10-05 18:30:00+00:00,PRCRK_RN,Resource Node,REAL_TIME_15_MIN,20.7
2025-10-05 13:30:00-05:00,2025-10-05 18:30:00+00:00,2025-10-05 13:45:00-05:00,2025-10-05 18:45:00+00:00,CR_RN,Resource Node,REAL_TIME_15_MIN,22.69
2025-10-05 13:30:00-05:00,2025-10-05 18:30:00+00:00,2025-10-05 13:45:00-05:00,2025-10-05 18:45:00+00:00,P2_DGR2_RN,Resource Node,REAL_TIME_15_MIN,29.83
2025-10-05 13:30:00-05:00,2025-10-05 18:30:00+00:00,2025-10-05 13:45:00-05:00,2025-10-05 18:45:00+00:00,PRCRK_RN,Resource Node,REAL_TIME_15_MIN,20.63
2025-10-05 13:45:00-05:00,2025-10-05 18:45:00+00:00,2025-10-05 14:00:00-05:00,2025-10-05 19:00:00+00:00,CR_RN,Resource Node,REAL_TIME_15_MIN,22.09
2025-10-05 13:45:00-05:00,2025-10-05 18:45:00+00:00,2025-10-05 14:00:00-05:00,2025-10-05 19:00:00+00:00,P2_DGR2_RN,Resource Node,REAL_TIME_15_MIN,28.16
2025-10-05 13:45:00-05:00,2025-10-05 18:45:00+00:00,2025-10-05 14:00:00-05:00,2025-10-05 19:00:00+00:00,PRCRK_RN,Resource Node,REAL_TIME_15_MIN,20.48
2025-10-05 14:00:00-05:00,2025-10-05 19:00:00+00:00,2025-10-05 14:15:00-05:00,2025-10-05 19:15:00+00:00,CR_RN,Resource Node,REAL_TIME_15_MIN,23.49
2025-10-05 14:00:00-05:00,2025-10-05 19:00:00+00:00,2025-10-05 14:15:00-05:00,2025-10-05 19:15:00+00:00,P2_DGR2_RN,Resource Node,REAL_TIME_15_MIN,29.65
2025-10-05 14:00:00-05:00,2025-10-05 19:00:00+00:00,2025-10-05 14:15:00-05:00,2025-10-05 19:15:00+00:00,PRCRK_RN,Resource Node,REAL_TIME_15_MIN,21.36
2025-10-05 14:15:00-05:00,2025-10-05 19:15:00+00:00,2025-10-05 14:30:00-05:00,2025-10-05 19:30:00+00:00,CR_RN,Resource Node,REAL_TIME_15_MIN,25.16
2025-10-05 14:15:00-05:00,2025-10-05 19:15:00+00:00,2025-10-05 14:30:00-05:00,2025-10-05 19:30:00+00:00,P2_DGR2_RN,Resource Node,REAL_TIME_15_MIN,38.13
2025-10-05 14:15:00-05:00,2025-10-05 19:15:00+00:00,2025-10-05 14:30:00-05:00,2025-10-05 19:30:00+00:00,PRCRK_RN,Resource Node,REAL_TIME_15_MIN,19.89
2025-10-05 14:30:00-05:00,2025-10-05 19:30:00+00:00,2025-10-05 14:45:00-05:00,2025-10-05 19:45:00+00:00,CR_RN,Resource Node,REAL_TIME_15_MIN,27.25
2025-10-05 14:30:00-05:00,2025-10-05 19:30:00+00:00,2025-10-05 14:45:00-05:00,2025-10-05 19:45:00+00:00,P2_DGR2_RN,Resource Node,REAL_TIME_15_MIN,43.07
2025-10-05 14:30:00-05:00,2025-10-05 19:30:00+00:00,2025-10-05 14:45:00-05:00,2025-10-05 19:45:00+00:00,PRCRK_RN,Resource Node,REAL_TIME_15_MIN,21.03
2025-10-05 14:45:00-05:00,2025-10-05 19:45:00+00:00,2025-10-05 15:00:00-05:00,2025-10-05 20:00:00+00:00,CR_RN,Resource Node,REAL_TIME_15_MIN,27.49
2025-10-05 14:45:00-05:00,2025-10-05 19:45:00+00:00,2025-10-05 15:00:00-05:00,2025-10-05 20:00:00+00:00,P2_DGR2_RN,Resource Node,REAL_TIME_15_MIN,41.83
2025-10-05 14:45:00-05:00,2025-10-05 19:45:00+00:00,2025-10-05 15:00:00-05:00,2025-10-05 20:00:00+00:00,PRCRK_RN,Resource Node,REAL_TIME_15_MIN,21.9
2025-10-05 15:00:00-05:00,2025-10-05 20:00:00+00:00,2025-10-05 15:15:00-05:00,2025-10-05 20:15:00+00:00,CR_RN,Resource Node,REAL_TIME_15_MIN,26.43
2025-10-05 15:00:00-05:00,2025-10-05 20:00:00+00:00,2025-10-05 15:15:00-05:00,2025-10-05 20:15:00+00:00,P2_DGR2_RN,Resource Node,REAL_TIME_15_MIN,40.1
2025-10-05 15:00:00-05:00,2025-10-05 20:00:00+00:00,2025-10-05 15:15:00-05:00,2025-10-05 20:15:00+00:00,PRCRK_RN,Resource Node,REAL_TIME_15_MIN,19.86
2025-10-05 15:15:00-05:00,2025-10-05 20:15:00+00:00,2025-10-05 15:30:00-05:00,2025-10-05 20:30:00+00:00,CR_RN,Resource Node,REAL_TIME_15_MIN,28.75
2025-10-05 15:15:00-05:00,2025-10-05 20:15:00+00:00,2025-10-05 15:30:00-05:00,2025-10-05 20:30:00+00:00,P2_DGR2_RN,Resource Node,REAL_TIME_15_MIN,45.17
2025-10-05 15:15:00-05:00,2025-10-05 20:15:00+00:00,2025-10-05 15:30:00-05:00,2025-10-05 20:30:00+00:00,PRCRK_RN,Resource Node,REAL_TIME_15_MIN,20.73
2025-10-05 15:30:00-05:00,2025-10-05 20:30:00+00:00,2025-10-05 15:45:00-05:00,2025-10-05 20:45:00+00:00,CR_RN,Resource Node,REAL_TIME_15_MIN,29.25
2025-10-05 15:30:00-05:00,2025-10-05 20:30:00+00:00,2025-10-05 15:45:00-05:00,2025-10-05 20:45:00+00:00,P2_DGR2_RN,Resource Node,REAL_TIME_15_MIN,45.7
2025-10-05 15:30:00-05:00,2025-10-05 20:30:00+00:00,2025-10-05 15:45:00-05:00,2025-10-05 20:45:00+00:00,PRCRK_RN,Resource Node,REAL_TIME_15_MIN,21.23
2025-10-05 15:45:00-05:00,2025-10-05 20:45:00+00:00,2025-10-05 16:00:00-05:00,2025-10-05 21:00:00+00:00,CR_RN,Resource Node,REAL_TIME_15_MIN,28.85
2025-10-05 15:45:00-05:00,2025-10-05 20:45:00+00:00,2025-10-05 16:00:00-05:00,2025-10-05 21:00:00+00:00,P2_DGR2_RN,Resource Node,REAL_TIME_15_MIN,50.99
2025-10-05 15:45:00-05:00,2025-10-05 20:45:00+00:00,2025-10-05 16:00:00-05:00,2025-10-05 21:00:00+00:00,PRCRK_RN,Resource Node,REAL_TIME_15_MIN,18.15
2025-10-05 16:00:00-05:00,2025-10-05 21:00:00+00:00,2025-10-05 16:15:00-05:00,2025-10-05 21:15:00+00:00,CR_RN,Resource Node,REAL_TIME_15_MIN,26.28
2025-10-05 16:00:00-05:00,2025-10-05 21:00:00+00:00,2025-10-05 16:15:00-05:00,2025-10-05 21:15:00+00:00,P2_DGR2_RN,Resource Node,REAL_TIME_15_MIN,50.45
2025-10-05 16:00:00-05:00,2025-10-05 21:00:00+00:00,2025-10-05 16:15:00-05:00,2025-10-05 21:15:00+00:00,PRCRK_RN,Resource Node,REAL_TIME_15_MIN,14.52
2025-10-05 16:15:00-05:00,2025-10-05 21:15:00+00:00,2025-10-05 16:30:00-05:00,2025-10-05 21:30:00+00:00,CR_RN,Resource Node,REAL_TIME_15_MIN,25.72
2025-10-05 16:15:00-05:00,2025-10-05 21:15:00+00:00,2025-10-05 16:30:00-05:00,2025-10-05 21:30:00+00:00,P2_DGR2_RN,Resource Node,REAL_TIME_15_MIN,45.15
2025-10-05 16:15:00-05:00,2025-10-05 21:15:00+00:00,2025-10-05 16:30:00-05:00,2025-10-05 21:30:00+00:00,PRCRK_RN,Resource Node,REAL_TIME_15_MIN,16.18
2025-10-05 16:30:00-05:00,2025-10-05 21:30:00+00:00,2025-10-05 16:45:00-05:00,2025-10-05 21:45:00+00:00,CR_RN,Resource Node,REAL_TIME_15_MIN,24.96
2025-10-05 16:30:00-05:00,2025-10-05 21:30:00+00:00,2025-10-05 16:45:00-05:00,2025-10-05 21:45:00+00:00,P2_DGR2_RN,Resource Node,REAL_TIME_15_MIN,42.85
2025-10-05 16:30:00-05:00,2025-10-05 21:30:00+00:00,2025-10-05 16:45:00-05:00,2025-10-05 21:45:00+00:00,PRCRK_RN,Resource Node,REAL_TIME_15_MIN,15.67
2025-10-05 16:45:00-05:00,2025-10-05 21:45:00+00:00,2025-10-05 17:00:00-05:00,2025-10-05 22:00:00+00:00,CR_RN,Resource Node,REAL_TIME_15_MIN,26.87
2025-10-05 16:45:00-05:00,2025-10-05 21:45:00+00:00,2025-10-05 17:00:00-05:00,2025-10-05 22:00:00+00:00,P2_DGR2_RN,Resource Node,REAL_TIME_15_MIN,42.89
2025-10-05 16:45:00-05:00,2025-10-05 21:45:00+00:00,2025-10-05 17:00:00-05:00,2025-10-05 22:00:00+00:00,PRCRK_RN,Resource Node,REAL_TIME_15_MIN,18.8
2025-10-05 17:00:00-05:00,2025-10-05 22:00:00+00:00,2025-10-05 17:15:00-05:00,2025-10-05 22:15:00+00:00,CR_RN,Resource Node,REAL_TIME_15_MIN,26.98
2025-10-05 17:00:00-05:00,2025-10-05 22:00:00+00:00,2025-10-05 17:15:00-05:00,2025-10-05 22:15:00+00:00,P2_DGR2_RN,Resource Node,REAL_TIME_15_MIN,45.01
2025-10-05 17:00:00-05:00,2025-10-05 22:00:00+00:00,2025-10-05 17:15:00-05:00,2025-10-05 22:15:00+00:00,PRCRK_RN,Resource Node,REAL_TIME_15_MIN,18.23
2025-10-05 17:15:00-05:00,2025-10-05 22:15:00+00:00,2025-10-05 17:30:00-05:00,2025-10-05 22:30:00+00:00,CR_RN,Resource Node,REAL_TIME_15_MIN,34.21
2025-10-05 17:15:00-05:00,2025-10-05 22:15:00+00:00,2025-10-05 17:30:00-05:00,2025-10-05 22:30:00+00:00,P2_DGR2_RN,Resource Node,REAL_TIME_15_MIN,54.63
2025-10-05 17:15:00-05:00,2025-10-05 22:15:00+00:00,2025-10-05 17:30:00-05:00,2025-10-05 22:30:00+00:00,PRCRK_RN,Resource Node,REAL_TIME_15_MIN,24.34
2025-10-05 17:30:00-05:00,2025-10-05 22:30:00+00:00,2025-10-05 17:45:00-05:00,2025-10-05 22:45:00+00:00,CR_RN,Resource Node,REAL_TIME_15_MIN,42.01
2025-10-05 17:30:00-05:00,2025-10-05 22:30:00+00:00,2025-10-05 17:45:00-05:00,2025-10-05 22:45:00+00:00,P2_DGR2_RN,Resource Node,REAL_TIME_15_MIN,61.48
2025-10-05 17:30:00-05:00,2025-10-05 22:30:00+00:00,2025-10-05 17:45:00-05:00,2025-10-05 22:45:00+00:00,PRCRK_RN,Resource Node,REAL_TIME_15_MIN,32.65
2025-10-05 17:45:00-05:00,2025-10-05 22:45:00+00:00,2025-10-05 18:00:00-05:00,2025-10-05 23:00:00+00:00,CR_RN,Resource Node,REAL_TIME_15_MIN,49.53
2025-10-05 17:45:00-05:00,2025-10-05 22:45:00+00:00,2025-10-05 18:00:00-05:00,2025-10-05 23:00:00+00:00,P2_DGR2_RN,Resource Node,REAL_TIME_15_MIN,68.9
2025-10-05 17:45:00-05:00,2025-10-05 22:45:00+00:00,2025-10-05 18:00:00-05:00,2025-10-05 23:00:00+00:00,PRCRK_RN,Resource Node,REAL_TIME_15_MIN,39.27
2025-10-05 18:00:00-05:00,2025-10-05 23:00:00+00:00,2025-10-05 18:15:00-05:00,2025-10-05 23:15:00+00:00,CR_RN,Resource Node,REAL_TIME_15_MIN,36.59
2025-10-05 18:00:00-05:00,2025-10-05 23:00:00+00:00,2025-10-05 18:15:00-05:00,2025-10-05 23:15:00+00:00,P2_DGR2_RN,Resource Node,REAL_TIME_15_MIN,45.9
2025-10-05 18:00:00-05:00,2025-10-05 23:00:00+00:00,2025-10-05 18:15:00-05:00,2025-10-05 23:15:00+00:00,PRCRK_RN,Resource Node,REAL_TIME_15_MIN,30.9
2025-10-05 18:15:00-05:00,2025-10-05 23:15:00+00:00,2025-10-05 18:30:00-05:00,2025-10-05 23:30:00+00:00,CR_RN,Resource Node,REAL_TIME_15_MIN,42.33
2025-10-05 18:15:00-05:00,2025-10-05 23:15:00+00:00,2025-10-05 18:30:00-05:00,2025-10-05 23:30:00+00:00,P2_DGR2_RN,Resource Node,REAL_TIME_15_MIN,47.31
2025-10-05 18:15:00-05:00,2025-10-05 23:15:00+00:00,2025-10-05 18:30:00-05:00,2025-10-05 23:30:00+00:00,PRCRK_RN,Resource Node,REAL_TIME_15_MIN,38.78
2025-10-05 18:30:00-05:00,2025-10-05 23:30:00+00:00,2025-10-05 18:45:00-05:00,2025-10-05 23:45:00+00:00,CR_RN,Resource Node,REAL_TIME_15_MIN,46.98
2025-10-05 18:30:00-05:00,2025-10-05 23:30:00+00:00,2025-10-05 18:45:00-05:00,2025-10-05 23:45:00+00:00,P2_DGR2_RN,Resource Node,REAL_TIME_15_MIN,49.75
2025-10-05 18:30:00-05:00,2025-10-05 23:30:00+00:00,2025-10-05 18:45:00-05:00,2025-10-05 23:45:00+00:00,PRCRK_RN,Resource Node,REAL_TIME_15_MIN,44.17
2025-10-05 18:45:00-05:00,2025-10-05 23:45:00+00:00,2025-10-05 19:00:00-05:00,2025-10-06 00:00:00+00:00,CR_RN,Resource Node,REAL_TIME_15_MIN,50.09
2025-10-05 18:45:00-05:00,2025-10-05 23:45:00+00:00,2025-10-05 19:00:00-05:00,2025-10-06 00:00:00+00:00,P2_DGR2_RN,Resource Node,REAL_TIME_15_MIN,53.22
2025-10-05 18:45:00-05:00,2025-10-05 23:45:00+00:00,2025-10-05 19:00:00-05:00,2025-10-06 00:00:00+00:00,PRCRK_RN,Resource Node,REAL_TIME_15_MIN,46.91
2025-10-05 19:00:00-05:00,2025-10-06 00:00:00+00:00,2025-10-05 19:15:00-05:00,2025-10-06 00:15:00+00:00,CR_RN,Resource Node,REAL_TIME_15_MIN,56.49
2025-10-05 19:00:00-05:00,2025-10-06 00:00:00+00:00,2025-10-05 19:15:00-05:00,2025-10-06 00:15:00+00:00,P2_DGR2_RN,Resource Node,REAL_TIME_15_MIN,59.89
2025-10-05 19:00:00-05:00,2025-10-06 00:00:00+00:00,2025-10-05 19:15:00-05:00,2025-10-06 00:15:00+00:00,PRCRK_RN,Resource Node,REAL_TIME_15_MIN,52.89
2025-10-05 19:15:00-05:00,2025-10-06 00:15:00+00:00,2025-10-05 19:30:00-05:00,2025-10-06 00:30:00+00:00,CR_RN,Resource Node,REAL_TIME_15_MIN,45.76
2025-10-05 19:15:00-05:00,2025-10-06 00:15:00+00:00,2025-10-05 19:30:00-05:00,2025-10-06 00:30:00+00:00,P2_DGR2_RN,Resource Node,REAL_TIME_15_MIN,48.76
2025-10-05 19:15:00-05:00,2025-10-06 00:15:00+00:00,2025-10-05 19:30:00-05:00,2025-10-06 00:30:00+00:00,PRCRK_RN,Resource Node,REAL_TIME_15_MIN,42.51
2025-10-05 19:30:00-05:00,2025-10-06 00:30:00+00:00,2025-10-05 19:45:00-05:00,2025-10-06 00:45:00+00:00,CR_RN,Resource Node,REAL_TIME_15_MIN,41.58
2025-10-05 19:30:00-05:00,2025-10-06 00:30:00+00:00,2025-10-05 19:45:00-05:00,2025-10-06 00:45:00+00:00,P2_DGR2_RN,Resource Node,REAL_TIME_15_MIN,44.54
2025-10-05 19:30:00-05:00,2025-10-06 00:30:00+00:00,2025-10-05 19:45:00-05:00,2025-10-06 00:45:00+00:00,PRCRK_RN,Resource Node,REAL_TIME_15_MIN,38.34
2025-10-05 19:45:00-05:00,2025-10-06 00:45:00+00:00,2025-10-05 20:00:00-05:00,2025-10-06 01:00:00+00:00,CR_RN,Resource Node,REAL_TIME_15_MIN,38.01
2025-10-05 19:45:00-05:00,2025-10-06 00:45:00+00:00,2025-10-05 20:00:00-05:00,2025-10-06 01:00:00+00:00,P2_DGR2_RN,Resource Node,REAL_TIME_15_MIN,40.78
2025-10-05 19:45:00-05:00,2025-10-06 00:45:00+00:00,2025-10-05 20:00:00-05:00,2025-10-06 01:00:00+00:00,PRCRK_RN,Resource Node,REAL_TIME_15_MIN,34.94
2025-10-05 20:00:00-05:00,2025-10-06 01:00:00+00:00,2025-10-05 20:15:00-05:00,2025-10-06 01:15:00+00:00,CR_RN,Resource Node,REAL_TIME_15_MIN,37.9
2025-10-05 20:00:00-05:00,2025-10-06 01:00:00+00:00,2025-10-05 20:15:00-05:00,2025-10-06 01:15:00+00:00,P2_DGR2_RN,Resource Node,REAL_TIME_15_MIN,40.6
2025-10-05 20:00:00-05:00,2025-10-06 01:00:00+00:00,2025-10-05 20:15:00-05:00,2025-10-06 01:15:00+00:00,PRCRK_RN,Resource Node,REAL_TIME_15_MIN,34.92
2025-10-05 20:15:00-05:00,2025-10-06 01:15:00+00:00,2025-10-05 20:30:00-05:00,2025-10-06 01:30:00+00:00,CR_RN,Resource Node,REAL_TIME_15_MIN,34.82
2025-10-05 20:15:00-05:00,2025-10-06 01:15:00+00:00,2025-10-05 20:30:00-05:00,2025-10-06 01:30:00+00:00,P2_DGR2_RN,Resource Node,REAL_TIME_15_MIN,37.46
2025-10-05 20:15:00-05:00,2025-10-06 01:15:00+00:00,2025-10-05 20:30:00-05:00,2025-10-06 01:30:00+00:00,PRCRK_RN,Resource Node,REAL_TIME_15_MIN,31.87
2025-10-05 20:30:00-05:00,2025-10-06 01:30:00+00:00,2025-10-05 20:45:00-05:00,2025-10-06 01:45:00+00:00,CR_RN,Resource Node,REAL_TIME_15_MIN,31.25
2025-10-05 20:30:00-05:00,2025-10-06 01:30:00+00:00,2025-10-05 20:45:00-05:00,2025-10-06 01:45:00+00:00,P2_DGR2_RN,Resource Node,REAL_TIME_15_MIN,33.7
2025-10-05 20:30:00-05:00,2025-10-06 01:30:00+00:00,2025-10-05 20:45:00-05:00,2025-10-06 01:45:00+00:00,PRCRK_RN,Resource Node,REAL_TIME_15_MIN,28.52
2025-10-05 20:45:00-05:00,2025-10-06 01:45:00+00:00,2025-10-05 21:00:00-05:00,2025-10-06 02:00:00+00:00,CR_RN,Resource Node,REAL_TIME_15_MIN,27.96
2025-10-05 20:45:00-05:00,2025-10-06 01:45:00+00:00,2025-10-05 21:00:00-05:00,2025-10-06 02:00:00+00:00,P2_DGR2_RN,Resource Node,REAL_TIME_15_MIN,30.4
2025-10-05 20:45:00-05:00,2025-10-06 01:45:00+00:00,2025-10-05 21:00:00-05:00,2025-10-06 02:00:00+00:00,PRCRK_RN,Resource Node,REAL_TIME_15_MIN,25.25
2025-10-05 21:00:00-05:00,2025-10-06 02:00:00+00:00,2025-10-05 21:15:00-05:00,2025-10-06 02:15:00+00:00,CR_RN,Resource Node,REAL_TIME_15_MIN,28.56
2025-10-05 21:00:00-05:00,2025-10-06 02:00:00+00:00,2025-10-05 21:15:00-05:00,2025-10-06 02:15:00+00:00,P2_DGR2_RN,Resource Node,REAL_TIME_15_MIN,31.05
2025-10-05 21:00:00-05:00,2025-10-06 02:00:00+00:00,2025-10-05 21:15:00-05:00,2025-10-06 02:15:00+00:00,PRCRK_RN,Resource Node,REAL_TIME_15_MIN,25.81
2025-10-05 21:15:00-05:00,2025-10-06 02:15:00+00:00,2025-10-05 21:30:00-05:00,2025-10-06 02:30:00+00:00,CR_RN,Resource Node,REAL_TIME_15_MIN,26.94
2025-10-05 21:15:00-05:00,2025-10-06 02:15:00+00:00,2025-10-05 21:30:00-05:00,2025-10-06 02:30:00+00:00,P2_DGR2_RN,Resource Node,REAL_TIME_15_MIN,29.22
2025-10-05 21:15:00-05:00,2025-10-06 02:15:00+00:00,2025-10-05 21:30:00-05:00,2025-10-06 02:30:00+00:00,PRCRK_RN,Resource Node,REAL_TIME_15_MIN,24.42
2025-10-05 21:30:00-05:00,2025-10-06 02:30:00+00:00,2025-10-05 21:45:00-05:00,2025-10-06 02:45:00+00:00,CR_RN,Resource Node,REAL_TIME_15_MIN,25.43
2025-10-05 21:30:00-05:00,2025-10-06 02:30:00+00:00,2025-10-05 21:45:00-05:00,2025-10-06 02:45:00+00:00,P2_DGR2_RN,Resource Node,REAL_TIME_15_MIN,27.83
2025-10-05 21:30:00-05:00,2025-10-06 02:30:00+00:00,2025-10-05 21:45:00-05:00,2025-10-06 02:45:00+00:00,PRCRK_RN,Resource Node,REAL_TIME_15_MIN,22.91
2025-10-05 21:45:00-05:00,2025-10-06 02:45:00+00:00,2025-10-05 22:00:00-05:00,2025-10-06 03:00:00+00:00,CR_RN,Resource Node,REAL_TIME_15_MIN,24.76
2025-10-05 21:45:00-05:00,2025-10-06 02:45:00+00:00,2025-10-05 22:00:00-05:00,2025-10-06 03:00:00+00:00,P2_DGR2_RN,Resource Node,REAL_TIME_15_MIN,27.33
2025-10-05 21:45:00-05:00,2025-10-06 02:45:00+00:00,2025-10-05 22:00:00-05:00,2025-10-06 03:00:00+00:00,PRCRK_RN,Resource Node,REAL_TIME_15_MIN,22.13
2025-10-05 22:00:00-05:00,2025-10-06 03:00:00+00:00,2025-10-05 22:15:00-05:00,2025-10-06 03:15:00+00:00,CR_RN,Resource Node,REAL_TIME_15_MIN,25.17
2025-10-05 22:00:00-05:00,2025-10-06 03:00:00+00:00,2025-10-05 22:15:00-05:00,2025-10-06 03:15:00+00:00,P2_DGR2_RN,Resource Node,REAL_TIME_15_MIN,29.34
2025-10-05 22:00:00-05:00,2025-10-06 03:00:00+00:00,2025-10-05 22:15:00-05:00,2025-10-06 03:15:00+00:00,PRCRK_RN,Resource Node,REAL_TIME_15_MIN,21.09
2025-10-05 22:15:00-05:00,2025-10-06 03:15:00+00:00,2025-10-05 22:30:00-05:00,2025-10-06 03:30:00+00:00,CR_RN,Resource Node,REAL_TIME_15_MIN,24.4
2025-10-05 22:15:00-05:00,2025-10-06 03:15:00+00:00,2025-10-05 22:30:00-05:00,2025-10-06 03:30:00+00:00,P2_DGR2_RN,Resource Node,REAL_TIME_15_MIN,28.35
2025-10-05 22:15:00-05:00,2025-10-06 03:15:00+00:00,2025-10-05 22:30:00-05:00,2025-10-06 03:30:00+00:00,PRCRK_RN,Resource Node,REAL_TIME_15_MIN,20.39
2025-10-05 22:30:00-05:00,2025-10-06 03:30:00+00:00,2025-10-05 22:45:00-05:00,2025-10-06 03:45:00+00:00,CR_RN,Resource Node,REAL_TIME_15_MIN,22.91
2025-10-05 22:30:00-05:00,2025-10-06 03:30:00+00:00,2025-10-05 22:45:00-05:00,2025-10-06 03:45:00+00:00,P2_DGR2_RN,Resource Node,REAL_TIME_15_MIN,26.22
2025-10-05 22:30:00-05:00,2025-10-06 03:30:00+00:00,2025-10-05 22:45:00-05:00,2025-10-06 03:45:00+00:00,PRCRK_RN,Resource Node,REAL_TIME_15_MIN,19.58
2025-10-05 22:45:00-05:00,2025-10-06 03:45:00+00:00,2025-10-05 23:00:00-05:00,2025-10-06 04:00:00+00:00,CR_RN,Resource Node,REAL_TIME_15_MIN,21.6
2025-10-05 22:45:00-05:00,2025-10-06 03:45:00+00:00,2025-10-05 23:00:00-05:00,2025-10-06 04:00:00+00:00,P2_DGR2_RN,Resource Node,REAL_TIME_15_MIN,24.88
2025-10-05 22:45:00-05:00,2025-10-06 03:45:00+00:00,2025-10-05 23:00:00-05:00,2025-10-06 04:00:00+00:00,PRCRK_RN,Resource Node,REAL_TIME_15_MIN,18.57
2025-10-05 23:00:00-05:00,2025-10-06 04:00:00+00:00,2025-10-05 23:15:00-05:00,2025-10-06 04:15:00+00:00,CR_RN,Resource Node,REAL_TIME_15_MIN,21.49
2025-10-05 23:00:00-05:00,2025-10-06 04:00:00+00:00,2025-10-05 23:15:00-05:00,2025-10-06 04:15:00+00:00,P2_DGR2_RN,Resource Node,REAL_TIME_15_MIN,24.78
2025-10-05 23:00:00-05:00,2025-10-06 04:00:00+00:00,2025-10-05 23:15:00-05:00,2025-10-06 04:15:00+00:00,PRCRK_RN,Resource Node,REAL_TIME_15_MIN,18.45
2025-10-05 23:15:00-05:00,2025-10-06 04:15:00+00:00,2025-10-05 23:30:00-05:00,2025-10-06 04:30:00+00:00,CR_RN,Resource Node,REAL_TIME_15_MIN,21.08
2025-10-05 23:15:00-05:00,2025-10-06 04:15:00+00:00,2025-10-05 23:30:00-05:00,2025-10-06 04:30:00+00:00,P2_DGR2_RN,Resource Node,REAL_TIME_15_MIN,23.98
2025-10-05 23:15:00-05:00,2025-10-06 04:15:00+00:00,2025-10-05 23:30:00-05:00,2025-10-06 04:30:00+00:00,PRCRK_RN,Resource Node,REAL_TIME_15_MIN,18.51
2025-10-05 23:30:00-05:00,2025-10-06 04:30:00+00:00,2025-10-05 23:45:00-05:00,2025-10-06 04:45:00+00:00,CR_RN,Resource Node,REAL_TIME_15_MIN,20.39
2025-10-05 23:30:00-05:00,2025-10-06 04:30:00+00:00,2025-10-05 23:45:00-05:00,2025-10-06 04:45:00+00:00,P2_DGR2_RN,Resource Node,REAL_TIME_15_MIN,24.02
2025-10-05 23:30:00-05:00,2025-10-06 04:30:00+00:00,2025-10-05 23:45:00-05:00,2025-10-06 04:45:00+00:00,PRCRK_RN,Resource Node,REAL_TIME_15_MIN,17.83
2025-10-05 23:45:00-05:00,2025-10-06 04:45:00+00:00,2025-10-06 00:00:00-05:00,2025-10-06 05:00:00+00:00,CR_RN,Resource Node,REAL_TIME_15_MIN,20.6
2025-10-05 23:45:00-05:00,2025-10-06 04:45:00+00:00,2025-10-06 00:00:00-05:00,2025-10-06 05:00:00+00:00,P2_DGR2_RN,Resource Node,REAL_TIME_15_MIN,26.15
2025-10-05 23:45:00-05:00,2025-10-06 04:45:00+00:00,2025-10-06 00:00:00-05:00,2025-10-06 05:00:00+00:00,PRCRK_RN,Resource Node,REAL_TIME_15_MIN,16.72
2025-10-05 00:00:00-05:00,2025-10-05 05:00:00+00:00,2025-10-05 00:15:00-05:00,2025-10-05 05:15:00+00:00,AUSTPL_ALL,Resource Node,REAL_TIME_15_MIN,23.77
2025-10-05 00:00:00-05:00,2025-10-05 05:00:00+00:00,2025-10-05 00:15:00-05:00,2025-10-05 05:15:00+00:00,HLSES_UNIT5,Resource Node,REAL_TIME_15_MIN,23.35
2025-10-05 00:00:00-05:00,2025-10-05 05:00:00+00:00,2025-10-05 00:15:00-05:00,2025-10-05 05:15:00+00:00,ODESW_RN,Resource Node,REAL_TIME_15_MIN,21.51
2025-10-05 00:15:00-05:00,2025-10-05 05:15:00+00:00,2025-10-05 00:30:00-05:00,2025-10-05 05:30:00+00:00,AUSTPL_ALL,Resource Node,REAL_TIME_15_MIN,23.35
2025-10-05 00:15:00-05:00,2025-10-05 05:15:00+00:00,2025-10-05 00:30:00-05:00,2025-10-05 05:30:00+00:00,HLSES_UNIT5,Resource Node,REAL_TIME_15_MIN,22.71
2025-10-05 00:15:00-05:00,2025-10-05 05:15:00+00:00,2025-10-05 00:30:00-05:00,2025-10-05 05:30:00+00:00,ODESW_RN,Resource Node,REAL_TIME_15_MIN,20.2
2025-10-05 00:30:00-05:00,2025-10-05 05:30:00+00:00,2025-10-05 00:45:00-05:00,2025-10-05 05:45:00+00:00,AUSTPL_ALL,Resource Node,REAL_TIME_15_MIN,23.27
2025-10-05 00:30:00-05:00,2025-10-05 05:30:00+00:00,2025-10-05 00:45:00-05:00,2025-10-05 05:45:00+00:00,HLSES_UNIT5,Resource Node,REAL_TIME_15_MIN,22.78
2025-10-05 00:30:00-05:00,2025-10-05 05:30:00+00:00,2025-10-05 00:45:00-05:00,2025-10-05 05:45:00+00:00,ODESW_RN,Resource Node,REAL_TIME_15_MIN,18.48
2025-10-05 00:45:00-05:00,2025-10-05 05:45:00+00:00,2025-10-05 01:00:00-05:00,2025-10-05 06:00:00+00:00,AUSTPL_ALL,Resource Node,REAL_TIME_15_MIN,21.86
2025-10-05 00:45:00-05:00,2025-10-05 05:45:00+00:00,2025-10-05 01:00:00-05:00,2025-10-05 06:00:00+00:00,HLSES_UNIT5,Resource Node,REAL_TIME_15_MIN,21.46
2025-10-05 00:45:00-05:00,2025-10-05 05:45:00+00:00,2025-10-05 01:00:00-05:00,2025-10-05 06:00:00+00:00,ODESW_RN,Resource Node,REAL_TIME_15_MIN,15.75
2025-10-05 01:00:00-05:00,2025-10-05 06:00:00+00:00,2025-10-05 01:15:00-05:00,2025-10-05 06:15:00+00:00,AUSTPL_ALL,Resource Node,REAL_TIME_15_MIN,21.49
2025-10-05 01:00:00-05:00,2025-10-05 06:00:00+00:00,2025-10-05 01:15:00-05:00,2025-10-05 06:15:00+00:00,HLSES_UNIT5,Resource Node,REAL_TIME_15_MIN,21.31
2025-10-05 01:00:00-05:00,2025-10-05 06:00:00+00:00,2025-10-05 01:15:00-05:00,2025-10-05 06:15:00+00:00,ODESW_RN,Resource Node,REAL_TIME_15_MIN,13.29
2025-10-05 01:15:00-05:00,2025-10-05 06:15:00+00:00,2025-10-05 01:30:00-05:00,2025-10-05 06:30:00+00:00,AUSTPL_ALL,Resource Node,REAL_TIME_15_MIN,21.46
2025-10-05 01:15:00-05:00,2025-10-05 06:15:00+00:00,2025-10-05 01:30:00-05:00,2025-10-05 06:30:00+00:00,HLSES_UNIT5,Resource Node,REAL_TIME_15_MIN,21.52
2025-10-05 01:15:00-05:00,2025-10-05 06:15:00+00:00,2025-10-05 01:30:00-05:00,2025-10-05 06:30:00+00:00,ODESW_RN,Resource Node,REAL_TIME_15_MIN,11.03
2025-10-05 01:30:00-05:00,2025-10-05 06:30:00+00:00,2025-10-05 01:45:00-05:00,2025-10-05 06:45:00+00:00,AUSTPL_ALL,Resource Node,REAL_TIME_15_MIN,21.36
2025-10-05 01:30:00-05:00,2025-10-05 06:30:00+00:00,2025-10-05 01:45:00-05:00,2025-10-05 06:45:00+00:00,HLSES_UNIT5,Resource Node,REAL_TIME_15_MIN,21.44
2025-10-05 01:30:00-05:00,2025-10-05 06:30:00+00:00,2025-10-05 01:45:00-05:00,2025-10-05 06:45:00+00:00,ODESW_RN,Resource Node,REAL_TIME_15_MIN,12.39
2025-10-05 01:45:00-05:00,2025-10-05 06:45:00+00:00,2025-10-05 02:00:00-05:00,2025-10-05 07:00:00+00:00,AUSTPL_ALL,Resource Node,REAL_TIME_15_MIN,22.52
2025-10-05 01:45:00-05:00,2025-10-05 06:45:00+00:00,2025-10-05 02:00:00-05:00,2025-10-05 07:00:00+00:00,HLSES_UNIT5,Resource Node,REAL_TIME_15_MIN,20.16
2025-10-05 01:45:00-05:00,2025-10-05 06:45:00+00:00,2025-10-05 02:00:00-05:00,2025-10-05 07:00:00+00:00,ODESW_RN,Resource Node,REAL_TIME_15_MIN,14.19
2025-10-05 02:00:00-05:00,2025-10-05 07:00:00+00:00,2025-10-05 02:15:00-05:00,2025-10-05 07:15:00+00:00,AUSTPL_ALL,Resource Node,REAL_TIME_15_MIN,21.84
2025-10-05 02:00:00-05:00,2025-10-05 07:00:00+00:00,2025-10-05 02:15:00-05:00,2025-10-05 07:15:00+00:00,HLSES_UNIT5,Resource Node,REAL_TIME_15_MIN,18.44
2025-10-05 02:00:00-05:00,2025-10-05 07:00:00+00:00,2025-10-05 02:15:00-05:00,2025-10-05 07:15:00+00:00,ODESW_RN,Resource Node,REAL_TIME_15_MIN,14.06
2025-10-05 02:15:00-05:00,2025-10-05 07:15:00+00:00,2025-10-05 02:30:00-05:00,2025-10-05 07:30:00+00:00,AUSTPL_ALL,Resource Node,REAL_TIME_15_MIN,21.56
2025-10-05 02:15:00-05:00,2025-10-05 07:15:00+00:00,2025-10-05 02:30:00-05:00,2025-10-05 07:30:00+00:00,HLSES_UNIT5,Resource Node,REAL_TIME_15_MIN,18.04
2025-10-05 02:15:00-05:00,2025-10-05 07:15:00+00:00,2025-10-05 02:30:00-05:00,2025-10-05 07:30:00+00:00,ODESW_RN,Resource Node,REAL_TIME_15_MIN,13.69
2025-10-05 02:30:00-05:00,2025-10-05 07:30:00+00:00,2025-10-05 02:45:00-05:00,2025-10-05 07:45:00+00:00,AUSTPL_ALL,Resource Node,REAL_TIME_15_MIN,21.64
2025-10-05 02:30:00-05:00,2025-10-05 07:30:00+00:00,2025-10-05 02:45:00-05:00,2025-10-05 07:45:00+00:00,HLSES_UNIT5,Resource Node,REAL_TIME_15_MIN,17.15
2025-10-05 02:30:00-05:00,2025-10-05 07:30:00+00:00,2025-10-05 02:45:00-05:00,2025-10-05 07:45:00+00:00,ODESW_RN,Resource Node,REAL_TIME_15_MIN,12.69
2025-10-05 02:45:00-05:00,2025-10-05 07:45:00+00:00,2025-10-05 03:00:00-05:00,2025-10-05 08:00:00+00:00,AUSTPL_ALL,Resource Node,REAL_TIME_15_MIN,21.63
2025-10-05 02:45:00-05:00,2025-10-05 07:45:00+00:00,2025-10-05 03:00:00-05:00,2025-10-05 08:00:00+00:00,HLSES_UNIT5,Resource Node,REAL_TIME_15_MIN,16.55
2025-10-05 02:45:00-05:00,2025-10-05 07:45:00+00:00,2025-10-05 03:00:00-05:00,2025-10-05 08:00:00+00:00,ODESW_RN,Resource Node,REAL_TIME_15_MIN,12.7
2025-10-05 03:00:00-05:00,2025-10-05 08:00:00+00:00,2025-10-05 03:15:00-05:00,2025-10-05 08:15:00+00:00,AUSTPL_ALL,Resource Node,REAL_TIME_15_MIN,20.86
2025-10-05 03:00:00-05:00,2025-10-05 08:00:00+00:00,2025-10-05 03:15:00-05:00,2025-10-05 08:15:00+00:00,HLSES_UNIT5,Resource Node,REAL_TIME_15_MIN,15.82
2025-10-05 03:00:00-05:00,2025-10-05 08:00:00+00:00,2025-10-05 03:15:00-05:00,2025-10-05 08:15:00+00:00,ODESW_RN,Resource Node,REAL_TIME_15_MIN,8.39
2025-10-05 03:15:00-05:00,2025-10-05 08:15:00+00:00,2025-10-05 03:30:00-05:00,2025-10-05 08:30:00+00:00,AUSTPL_ALL,Resource Node,REAL_TIME_15_MIN,19.73
2025-10-05 03:15:00-05:00,2025-10-05 08:15:00+00:00,2025-10-05 03:30:00-05:00,2025-10-05 08:30:00+00:00,HLSES_UNIT5,Resource Node,REAL_TIME_15_MIN,15.35
2025-10-05 03:15:00-05:00,2025-10-05 08:15:00+00:00,2025-10-05 03:30:00-05:00,2025-10-05 08:30:00+00:00,ODESW_RN,Resource Node,REAL_TIME_15_MIN,6.28
2025-10-05 03:30:00-05:00,2025-10-05 08:30:00+00:00,2025-10-05 03:45:00-05:00,2025-10-05 08:45:00+00:00,AUSTPL_ALL,Resource Node,REAL_TIME_15_MIN,21.45
2025-10-05 03:30:00-05:00,2025-10-05 08:30:00+00:00,2025-10-05 03:45:00-05:00,2025-10-05 08:45:00+00:00,HLSES_UNIT5,Resource Node,REAL_TIME_15_MIN,14.67
2025-10-05 03:30:00-05:00,2025-10-05 08:30:00+00:00,2025-10-05 03:45:00-05:00,2025-10-05 08:45:00+00:00,ODESW_RN,Resource Node,REAL_TIME_15_MIN,6.37
2025-10-05 03:45:00-05:00,2025-10-05 08:45:00+00:00,2025-10-05 04:00:00-05:00,2025-10-05 09:00:00+00:00,AUSTPL_ALL,Resource Node,REAL_TIME_15_MIN,22.05
2025-10-05 03:45:00-05:00,2025-10-05 08:45:00+00:00,2025-10-05 04:00:00-05:00,2025-10-05 09:00:00+00:00,HLSES_UNIT5,Resource Node,REAL_TIME_15_MIN,12.77
2025-10-05 03:45:00-05:00,2025-10-05 08:45:00+00:00,2025-10-05 04:00:00-05:00,2025-10-05 09:00:00+00:00,ODESW_RN,Resource Node,REAL_TIME_15_MIN,7.76
2025-10-05 04:00:00-05:00,2025-10-05 09:00:00+00:00,2025-10-05 04:15:00-05:00,2025-10-05 09:15:00+00:00,AUSTPL_ALL,Resource Node,REAL_TIME_15_MIN,19.44
2025-10-05 04:00:00-05:00,2025-10-05 09:00:00+00:00,2025-10-05 04:15:00-05:00,2025-10-05 09:15:00+00:00,HLSES_UNIT5,Resource Node,REAL_TIME_15_MIN,12.95
2025-10-05 04:00:00-05:00,2025-10-05 09:00:00+00:00,2025-10-05 04:15:00-05:00,2025-10-05 09:15:00+00:00,ODESW_RN,Resource Node,REAL_TIME_15_MIN,5.8
2025-10-05 04:15:00-05:00,2025-10-05 09:15:00+00:00,2025-10-05 04:30:00-05:00,2025-10-05 09:30:00+00:00,AUSTPL_ALL,Resource Node,REAL_TIME_15_MIN,18.63
2025-10-05 04:15:00-05:00,2025-10-05 09:15:00+00:00,2025-10-05 04:30:00-05:00,2025-10-05 09:30:00+00:00,HLSES_UNIT5,Resource Node,REAL_TIME_15_MIN,13.08
2025-10-05 04:15:00-05:00,2025-10-05 09:15:00+00:00,2025-10-05 04:30:00-05:00,2025-10-05 09:30:00+00:00,ODESW_RN,Resource Node,REAL_TIME_15_MIN,4.07
2025-10-05 04:30:00-05:00,2025-10-05 09:30:00+00:00,2025-10-05 04:45:00-05:00,2025-10-05 09:45:00+00:00,AUSTPL_ALL,Resource Node,REAL_TIME_15_MIN,20.1
2025-10-05 04:30:00-05:00,2025-10-05 09:30:00+00:00,2025-10-05 04:45:00-05:00,2025-10-05 09:45:00+00:00,HLSES_UNIT5,Resource Node,REAL_TIME_15_MIN,12.44
2025-10-05 04:30:00-05:00,2025-10-05 09:30:00+00:00,2025-10-05 04:45:00-05:00,2025-10-05 09:45:00+00:00,ODESW_RN,Resource Node,REAL_TIME_15_MIN,3.86
2025-10-05 04:45:00-05:00,2025-10-05 09:45:00+00:00,2025-10-05 05:00:00-05:00,2025-10-05 10:00:00+00:00,AUSTPL_ALL,Resource Node,REAL_TIME_15_MIN,20.53
2025-10-05 04:45:00-05:00,2025-10-05 09:45:00+00:00,2025-10-05 05:00:00-05:00,2025-10-05 10:00:00+00:00,HLSES_UNIT5,Resource Node,REAL_TIME_15_MIN,12.98
2025-10-05 04:45:00-05:00,2025-10-05 09:45:00+00:00,2025-10-05 05:00:00-05:00,2025-10-05 10:00:00+00:00,ODESW_RN,Resource Node,REAL_TIME_15_MIN,3.64
2025-10-05 05:00:00-05:00,2025-10-05 10:00:00+00:00,2025-10-05 05:15:00-05:00,2025-10-05 10:15:00+00:00,AUSTPL_ALL,Resource Node,REAL_TIME_15_MIN,20.25
2025-10-05 05:00:00-05:00,2025-10-05 10:00:00+00:00,2025-10-05 05:15:00-05:00,2025-10-05 10:15:00+00:00,HLSES_UNIT5,Resource Node,REAL_TIME_15_MIN,11.85
2025-10-05 05:00:00-05:00,2025-10-05 10:00:00+00:00,2025-10-05 05:15:00-05:00,2025-10-05 10:15:00+00:00,ODESW_RN,Resource Node,REAL_TIME_15_MIN,3.1
2025-10-05 05:15:00-05:00,2025-10-05 10:15:00+00:00,2025-10-05 05:30:00-05:00,2025-10-05 10:30:00+00:00,AUSTPL_ALL,Resource Node,REAL_TIME_15_MIN,19.67
2025-10-05 05:15:00-05:00,2025-10-05 10:15:00+00:00,2025-10-05 05:30:00-05:00,2025-10-05 10:30:00+00:00,HLSES_UNIT5,Resource Node,REAL_TIME_15_MIN,10.78
2025-10-05 05:15:00-05:00,2025-10-05 10:15:00+00:00,2025-10-05 05:30:00-05:00,2025-10-05 10:30:00+00:00,ODESW_RN,Resource Node,REAL_TIME_15_MIN,2.55
2025-10-05 05:30:00-05:00,2025-10-05 10:30:00+00:00,2025-10-05 05:45:00-05:00,2025-10-05 10:45:00+00:00,AUSTPL_ALL,Resource Node,REAL_TIME_15_MIN,20.38
2025-10-05 05:30:00-05:00,2025-10-05 10:30:00+00:00,2025-10-05 05:45:00-05:00,2025-10-05 10:45:00+00:00,HLSES_UNIT5,Resource Node,REAL_TIME_15_MIN,11.9
2025-10-05 05:30:00-05:00,2025-10-05 10:30:00+00:00,2025-10-05 05:45:00-05:00,2025-10-05 10:45:00+00:00,ODESW_RN,Resource Node,REAL_TIME_15_MIN,2.19
2025-10-05 05:45:00-05:00,2025-10-05 10:45:00+00:00,2025-10-05 06:00:00-05:00,2025-10-05 11:00:00+00:00,AUSTPL_ALL,Resource Node,REAL_TIME_15_MIN,20.76
2025-10-05 05:45:00-05:00,2025-10-05 10:45:00+00:00,2025-10-05 06:00:00-05:00,2025-10-05 11:00:00+00:00,HLSES_UNIT5,Resource Node,REAL_TIME_15_MIN,12.9
2025-10-05 05:45:00-05:00,2025-10-05 10:45:00+00:00,2025-10-05 06:00:00-05:00,2025-10-05 11:00:00+00:00,ODESW_RN,Resource Node,REAL_TIME_15_MIN,5.39
2025-10-05 06:00:00-05:00,2025-10-05 11:00:00+00:00,2025-10-05 06:15:00-05:00,2025-10-05 11:15:00+00:00,AUSTPL_ALL,Resource Node,REAL_TIME_15_MIN,20.52
2025-10-05 06:00:00-05:00,2025-10-05 11:00:00+00:00,2025-10-05 06:15:00-05:00,2025-10-05 11:15:00+00:00,HLSES_UNIT5,Resource Node,REAL_TIME_15_MIN,13.85
2025-10-05 06:00:00-05:00,2025-10-05 11:00:00+00:00,2025-10-05 06:15:00-05:00,2025-10-05 11:15:00+00:00,ODESW_RN,Resource Node,REAL_TIME_15_MIN,5.01
2025-10-05 06:15:00-05:00,2025-10-05 11:15:00+00:00,2025-10-05 06:30:00-05:00,2025-10-05 11:30:00+00:00,AUSTPL_ALL,Resource Node,REAL_TIME_15_MIN,20.68
2025-10-05 06:15:00-05:00,2025-10-05 11:15:00+00:00,2025-10-05 06:30:00-05:00,2025-10-05 11:30:00+00:00,HLSES_UNIT5,Resource Node,REAL_TIME_15_MIN,14.54
2025-10-05 06:15:00-05:00,2025-10-05 11:15:00+00:00,2025-10-05 06:30:00-05:00,2025-10-05 11:30:00+00:00,ODESW_RN,Resource Node,REAL_TIME_15_MIN,7.74
2025-10-05 06:30:00-05:00,2025-10-05 11:30:00+00:00,2025-10-05 06:45:00-05:00,2025-10-05 11:45:00+00:00,AUSTPL_ALL,Resource Node,REAL_TIME_15_MIN,19.02
2025-10-05 06:30:00-05:00,2025-10-05 11:30:00+00:00,2025-10-05 06:45:00-05:00,2025-10-05 11:45:00+00:00,HLSES_UNIT5,Resource Node,REAL_TIME_15_MIN,14.06
2025-10-05 06:30:00-05:00,2025-10-05 11:30:00+00:00,2025-10-05 06:45:00-05:00,2025-10-05 11:45:00+00:00,ODESW_RN,Resource Node,REAL_TIME_15_MIN,4.61
2025-10-05 06:45:00-05:00,2025-10-05 11:45:00+00:00,2025-10-05 07:00:00-05:00,2025-10-05 12:00:00+00:00,AUSTPL_ALL,Resource Node,REAL_TIME_15_MIN,19.55
2025-10-05 06:45:00-05:00,2025-10-05 11:45:00+00:00,2025-10-05 07:00:00-05:00,2025-10-05 12:00:00+00:00,HLSES_UNIT5,Resource Node,REAL_TIME_15_MIN,13.94
2025-10-05 06:45:00-05:00,2025-10-05 11:45:00+00:00,2025-10-05 07:00:00-05:00,2025-10-05 12:00:00+00:00,ODESW_RN,Resource Node,REAL_TIME_15_MIN,6.68
2025-10-05 07:00:00-05:00,2025-10-05 12:00:00+00:00,2025-10-05 07:15:00-05:00,2025-10-05 12:15:00+00:00,AUSTPL_ALL,Resource Node,REAL_TIME_15_MIN,20.6
2025-10-05 07:00:00-05:00,2025-10-05 12:00:00+00:00,2025-10-05 07:15:00-05:00,2025-10-05 12:15:00+00:00,HLSES_UNIT5,Resource Node,REAL_TIME_15_MIN,14.97
2025-10-05 07:00:00-05:00,2025-10-05 12:00:00+00:00,2025-10-05 07:15:00-05:00,2025-10-05 12:15:00+00:00,ODESW_RN,Resource Node,REAL_TIME_15_MIN,10.06
2025-10-05 07:15:00-05:00,2025-10-05 12:15:00+00:00,2025-10-05 07:30:00-05:00,2025-10-05 12:30:00+00:00,AUSTPL_ALL,Resource Node,REAL_TIME_15_MIN,21.42
2025-10-05 07:15:00-05:00,2025-10-05 12:15:00+00:00,2025-10-05 07:30:00-05:00,2025-10-05 12:30:00+00:00,HLSES_UNIT5,Resource Node,REAL_TIME_15_MIN,16.28
2025-10-05 07:15:00-05:00,2025-10-05 12:15:00+00:00,2025-10-05 07:30:00-05:00,2025-10-05 12:30:00+00:00,ODESW_RN,Resource Node,REAL_TIME_15_MIN,12.25
2025-10-05 07:30:00-05:00,2025-10-05 12:30:00+00:00,2025-10-05 07:45:00-05:00,2025-10-05 12:45:00+00:00,AUSTPL_ALL,Resource Node,REAL_TIME_15_MIN,20.33
2025-10-05 07:30:00-05:00,2025-10-05 12:30:00+00:00,2025-10-05 07:45:00-05:00,2025-10-05 12:45:00+00:00,HLSES_UNIT5,Resource Node,REAL_TIME_15_MIN,16.96
2025-10-05 07:30:00-05:00,2025-10-05 12:30:00+00:00,2025-10-05 07:45:00-05:00,2025-10-05 12:45:00+00:00,ODESW_RN,Resource Node,REAL_TIME_15_MIN,14.47
2025-10-05 07:45:00-05:00,2025-10-05 12:45:00+00:00,2025-10-05 08:00:00-05:00,2025-10-05 13:00:00+00:00,AUSTPL_ALL,Resource Node,REAL_TIME_15_MIN,16.97
2025-10-05 07:45:00-05:00,2025-10-05 12:45:00+00:00,2025-10-05 08:00:00-05:00,2025-10-05 13:00:00+00:00,HLSES_UNIT5,Resource Node,REAL_TIME_15_MIN,14.75
2025-10-05 07:45:00-05:00,2025-10-05 12:45:00+00:00,2025-10-05 08:00:00-05:00,2025-10-05 13:00:00+00:00,ODESW_RN,Resource Node,REAL_TIME_15_MIN,13.15
2025-10-05 08:00:00-05:00,2025-10-05 13:00:00+00:00,2025-10-05 08:15:00-05:00,2025-10-05 13:15:00+00:00,AUSTPL_ALL,Resource Node,REAL_TIME_15_MIN,16.03
2025-10-05 08:00:00-05:00,2025-10-05 13:00:00+00:00,2025-10-05 08:15:00-05:00,2025-10-05 13:15:00+00:00,HLSES_UNIT5,Resource Node,REAL_TIME_15_MIN,14.32
2025-10-05 08:00:00-05:00,2025-10-05 13:00:00+00:00,2025-10-05 08:15:00-05:00,2025-10-05 13:15:00+00:00,ODESW_RN,Resource Node,REAL_TIME_15_MIN,13.29
2025-10-05 08:15:00-05:00,2025-10-05 13:15:00+00:00,2025-10-05 08:30:00-05:00,2025-10-05 13:30:00+00:00,AUSTPL_ALL,Resource Node,REAL_TIME_15_MIN,12.41
2025-10-05 08:15:00-05:00,2025-10-05 13:15:00+00:00,2025-10-05 08:30:00-05:00,2025-10-05 13:30:00+00:00,HLSES_UNIT5,Resource Node,REAL_TIME_15_MIN,9.98
2025-10-05 08:15:00-05:00,2025-10-05 13:15:00+00:00,2025-10-05 08:30:00-05:00,2025-10-05 13:30:00+00:00,ODESW_RN,Resource Node,REAL_TIME_15_MIN,8.52
2025-10-05 08:30:00-05:00,2025-10-05 13:30:00+00:00,2025-10-05 08:45:00-05:00,2025-10-05 13:45:00+00:00,AUSTPL_ALL,Resource Node,REAL_TIME_15_MIN,10.06
2025-10-05 08:30:00-05:00,2025-10-05 13:30:00+00:00,2025-10-05 08:45:00-05:00,2025-10-05 13:45:00+00:00,HLSES_UNIT5,Resource Node,REAL_TIME_15_MIN,5.28
2025-10-05 08:30:00-05:00,2025-10-05 13:30:00+00:00,2025-10-05 08:45:00-05:00,2025-10-05 13:45:00+00:00,ODESW_RN,Resource Node,REAL_TIME_15_MIN,1.8
2025-10-05 08:45:00-05:00,2025-10-05 13:45:00+00:00,2025-10-05 09:00:00-05:00,2025-10-05 14:00:00+00:00,AUSTPL_ALL,Resource Node,REAL_TIME_15_MIN,8.7
2025-10-05 08:45:00-05:00,2025-10-05 13:45:00+00:00,2025-10-05 09:00:00-05:00,2025-10-05 14:00:00+00:00,HLSES_UNIT5,Resource Node,REAL_TIME_15_MIN,2.01
2025-10-05 08:45:00-05:00,2025-10-05 13:45:00+00:00,2025-10-05 09:00:00-05:00,2025-10-05 14:00:00+00:00,ODESW_RN,Resource Node,REAL_TIME_15_MIN,-0.3
2025-10-05 09:00:00-05:00,2025-10-05 14:00:00+00:00,2025-10-05 09:15:00-05:00,2025-10-05 14:15:00+00:00,AUSTPL_ALL,Resource Node,REAL_TIME_15_MIN,14.58
2025-10-05 09:00:00-05:00,2025-10-05 14:00:00+00:00,2025-10-05 09:15:00-05:00,2025-10-05 14:15:00+00:00,HLSES_UNIT5,Resource Node,REAL_TIME_15_MIN,-0.66
2025-10-05 09:00:00-05:00,2025-10-05 14:00:00+00:00,2025-10-05 09:15:00-05:00,2025-10-05 14:15:00+00:00,ODESW_RN,Resource Node,REAL_TIME_15_MIN,0.5
2025-10-05 09:15:00-05:00,2025-10-05 14:15:00+00:00,2025-10-05 09:30:00-05:00,2025-10-05 14:30:00+00:00,AUSTPL_ALL,Resource Node,REAL_TIME_15_MIN,14.06
2025-10-05 09:15:00-05:00,2025-10-05 14:15:00+00:00,2025-10-05 09:30:00-05:00,2025-10-05 14:30:00+00:00,HLSES_UNIT5,Resource Node,REAL_TIME_15_MIN,-1.16
2025-10-05 09:15:00-05:00,2025-10-05 14:15:00+00:00,2025-10-05 09:30:00-05:00,2025-10-05 14:30:00+00:00,ODESW_RN,Resource Node,REAL_TIME_15_MIN,0.39
2025-10-05 09:30:00-05:00,2025-10-05 14:30:00+00:00,2025-10-05 09:45:00-05:00,2025-10-05 14:45:00+00:00,AUSTPL_ALL,Resource Node,REAL_TIME_15_MIN,13.12
2025-10-05 09:30:00-05:00,2025-10-05 14:30:00+00:00,2025-10-05 09:45:00-05:00,2025-10-05 14:45:00+00:00,HLSES_UNIT5,Resource Node,REAL_TIME_15_MIN,-1.5
2025-10-05 09:30:00-05:00,2025-10-05 14:30:00+00:00,2025-10-05 09:45:00-05:00,2025-10-05 14:45:00+00:00,ODESW_RN,Resource Node,REAL_TIME_15_MIN,-0.45
2025-10-05 09:45:00-05:00,2025-10-05 14:45:00+00:00,2025-10-05 10:00:00-05:00,2025-10-05 15:00:00+00:00,AUSTPL_ALL,Resource Node,REAL_TIME_15_MIN,12.57
2025-10-05 09:45:00-05:00,2025-10-05 14:45:00+00:00,2025-10-05 10:00:00-05:00,2025-10-05 15:00:00+00:00,HLSES_UNIT5,Resource Node,REAL_TIME_15_MIN,-1.78
2025-10-05 09:45:00-05:00,2025-10-05 14:45:00+00:00,2025-10-05 10:00:00-05:00,2025-10-05 15:00:00+00:00,ODESW_RN,Resource Node,REAL_TIME_15_MIN,-0.51
2025-10-05 10:00:00-05:00,2025-10-05 15:00:00+00:00,2025-10-05 10:15:00-05:00,2025-10-05 15:15:00+00:00,AUSTPL_ALL,Resource Node,REAL_TIME_15_MIN,13.46
2025-10-05 10:00:00-05:00,2025-10-05 15:00:00+00:00,2025-10-05 10:15:00-05:00,2025-10-05 15:15:00+00:00,HLSES_UNIT5,Resource Node,REAL_TIME_15_MIN,-2.2
2025-10-05 10:00:00-05:00,2025-10-05 15:00:00+00:00,2025-10-05 10:15:00-05:00,2025-10-05 15:15:00+00:00,ODESW_RN,Resource Node,REAL_TIME_15_MIN,-1.23
2025-10-05 10:15:00-05:00,2025-10-05 15:15:00+00:00,2025-10-05 10:30:00-05:00,2025-10-05 15:30:00+00:00,AUSTPL_ALL,Resource Node,REAL_TIME_15_MIN,16.31
2025-10-05 10:15:00-05:00,2025-10-05 15:15:00+00:00,2025-10-05 10:30:00-05:00,2025-10-05 15:30:00+00:00,HLSES_UNIT5,Resource Node,REAL_TIME_15_MIN,-1.91
2025-10-05 10:15:00-05:00,2025-10-05 15:15:00+00:00,2025-10-05 10:30:00-05:00,2025-10-05 15:30:00+00:00,ODESW_RN,Resource Node,REAL_TIME_15_MIN,-0.74
2025-10-05 10:30:00-05:00,2025-10-05 15:30:00+00:00,2025-10-05 10:45:00-05:00,2025-10-05 15:45:00+00:00,AUSTPL_ALL,Resource Node,REAL_TIME_15_MIN,19.5
2025-10-05 10:30:00-05:00,2025-10-05 15:30:00+00:00,2025-10-05 10:45:00-05:00,2025-10-05 15:45:00+00:00,HLSES_UNIT5,Resource Node,REAL_TIME_15_MIN,-1.01
2025-10-05 10:30:00-05:00,2025-10-05 15:30:00+00:00,2025-10-05 10:45:00-05:00,2025-10-05 15:45:00+00:00,ODESW_RN,Resource Node,REAL_TIME_15_MIN,0.05
2025-10-05 10:45:00-05:00,2025-10-05 15:45:00+00:00,2025-10-05 11:00:00-05:00,2025-10-05 16:00:00+00:00,AUSTPL_ALL,Resource Node,REAL_TIME_15_MIN,19.27
2025-10-05 10:45:00-05:00,2025-10-05 15:45:00+00:00,2025-10-05 11:00:00-05:00,2025-10-05 16:00:00+00:00,HLSES_UNIT5,Resource Node,REAL_TIME_15_MIN,-1.37
2025-10-05 10:45:00-05:00,2025-10-05 15:45:00+00:00,2025-10-05 11:00:00-05:00,2025-10-05 16:00:00+00:00,ODESW_RN,Resource Node,REAL_TIME_15_MIN,-0.36
2025-10-05 11:00:00-05:00,2025-10-05 16:00:00+00:00,2025-10-05 11:15:00-05:00,2025-10-05 16:15:00+00:00,AUSTPL_ALL,Resource Node,REAL_TIME_15_MIN,23.97
2025-10-05 11:00:00-05:00,2025-10-05 16:00:00+00:00,2025-10-05 11:15:00-05:00,2025-10-05 16:15:00+00:00,HLSES_UNIT5,Resource Node,REAL_TIME_15_MIN,-0.85
2025-10-05 11:00:00-05:00,2025-10-05 16:00:00+00:00,2025-10-05 11:15:00-05:00,2025-10-05 16:15:00+00:00,ODESW_RN,Resource Node,REAL_TIME_15_MIN,-0.71
2025-10-05 11:15:00-05:00,2025-10-05 16:15:00+00:00,2025-10-05 11:30:00-05:00,2025-10-05 16:30:00+00:00,AUSTPL_ALL,Resource Node,REAL_TIME_15_MIN,25.68
2025-10-05 11:15:00-05:00,2025-10-05 16:15:00+00:00,2025-10-05 11:30:00-05:00,2025-10-05 16:30:00+00:00,HLSES_UNIT5,Resource Node,REAL_TIME_15_MIN,0.84
2025-10-05 11:15:00-05:00,2025-10-05 16:15:00+00:00,2025-10-05 11:30:00-05:00,2025-10-05 16:30:00+00:00,ODESW_RN,Resource Node,REAL_TIME_15_MIN,-0.7
2025-10-05 11:30:00-05:00,2025-10-05 16:30:00+00:00,2025-10-05 11:45:00-05:00,2025-10-05 16:45:00+00:00,AUSTPL_ALL,Resource Node,REAL_TIME_15_MIN,28.07
2025-10-05 11:30:00-05:00,2025-10-05 16:30:00+00:00,2025-10-05 11:45:00-05:00,2025-10-05 16:45:00+00:00,HLSES_UNIT5,Resource Node,REAL_TIME_15_MIN,4.22
2025-10-05 11:30:00-05:00,2025-10-05 16:30:00+00:00,2025-10-05 11:45:00-05:00,2025-10-05 16:45:00+00:00,ODESW_RN,Resource Node,REAL_TIME_15_MIN,-0.67
2025-10-05 11:45:00-05:00,2025-10-05 16:45:00+00:00,2025-10-05 12:00:00-05:00,2025-10-05 17:00:00+00:00,AUSTPL_ALL,Resource Node,REAL_TIME_15_MIN,28.47
2025-10-05 11:45:00-05:00,2025-10-05 16:45:00+00:00,2025-10-05 12:00:00-05:00,2025-10-05 17:00:00+00:00,HLSES_UNIT5,Resource Node,REAL_TIME_15_MIN,11.29
2025-10-05 11:45:00-05:00,2025-10-05 16:45:00+00:00,2025-10-05 12:00:00-05:00,2025-10-05 17:00:00+00:00,ODESW_RN,Resource Node,REAL_TIME_15_MIN,0.6
2025-10-05 12:00:00-05:00,2025-10-05 17:00:00+00:00,2025-10-05 12:15:00-05:00,2025-10-05 17:15:00+00:00,AUSTPL_ALL,Resource Node,REAL_TIME_15_MIN,27.91
2025-10-05 12:00:00-05:00,2025-10-05 17:00:00+00:00,2025-10-05 12:15:00-05:00,2025-10-05 17:15:00+00:00,HLSES_UNIT5,Resource Node,REAL_TIME_15_MIN,13.62
2025-10-05 12:00:00-05:00,2025-10-05 17:00:00+00:00,2025-10-05 12:15:00-05:00,2025-10-05 17:15:00+00:00,ODESW_RN,Resource Node,REAL_TIME_15_MIN,1.07
2025-10-05 12:15:00-05:00,2025-10-05 17:15:00+00:00,2025-10-05 12:30:00-05:00,2025-10-05 17:30:00+00:00,AUSTPL_ALL,Resource Node,REAL_TIME_15_MIN,31.05
2025-10-05 12:15:00-05:00,2025-10-05 17:15:00+00:00,2025-10-05 12:30:00-05:00,2025-10-05 17:30:00+00:00,HLSES_UNIT5,Resource Node,REAL_TIME_15_MIN,14.15
2025-10-05 12:15:00-05:00,2025-10-05 17:15:00+00:00,2025-10-05 12:30:00-05:00,2025-10-05 17:30:00+00:00,ODESW_RN,Resource Node,REAL_TIME_15_MIN,1.22
2025-10-05 12:30:00-05:00,2025-10-05 17:30:00+00:00,2025-10-05 12:45:00-05:00,2025-10-05 17:45:00+00:00,AUSTPL_ALL,Resource Node,REAL_TIME_15_MIN,39.84
2025-10-05 12:30:00-05:00,2025-10-05 17:30:00+00:00,2025-10-05 12:45:00-05:00,2025-10-05 17:45:00+00:00,HLSES_UNIT5,Resource Node,REAL_TIME_15_MIN,13.1
2025-10-05 12:30:00-05:00,2025-10-05 17:30:00+00:00,2025-10-05 12:45:00-05:00,2025-10-05 17:45:00+00:00,ODESW_RN,Resource Node,REAL_TIME_15_MIN,2.13
2025-10-05 12:45:00-05:00,2025-10-05 17:45:00+00:00,2025-10-05 13:00:00-05:00,2025-10-05 18:00:00+00:00,AUSTPL_ALL,Resource Node,REAL_TIME_15_MIN,41.73
2025-10-05 12:45:00-05:00,2025-10-05 17:45:00+00:00,2025-10-05 13:00:00-05:00,2025-10-05 18:00:00+00:00,HLSES_UNIT5,Resource Node,REAL_TIME_15_MIN,13.85
2025-10-05 12:45:00-05:00,2025-10-05 17:45:00+00:00,2025-10-05 13:00:00-05:00,2025-10-05 18:00:00+00:00,ODESW_RN,Resource Node,REAL_TIME_15_MIN,2.91
2025-10-05 13:00:00-05:00,2025-10-05 18:00:00+00:00,2025-10-05 13:15:00-05:00,2025-10-05 18:15:00+00:00,AUSTPL_ALL,Resource Node,REAL_TIME_15_MIN,36.61
2025-10-05 13:00:00-05:00,2025-10-05 18:00:00+00:00,2025-10-05 13:15:00-05:00,2025-10-05 18:15:00+00:00,HLSES_UNIT5,Resource Node,REAL_TIME_15_MIN,15.31
2025-10-05 13:00:00-05:00,2025-10-05 18:00:00+00:00,2025-10-05 13:15:00-05:00,2025-10-05 18:15:00+00:00,ODESW_RN,Resource Node,REAL_TIME_15_MIN,12.78
2025-10-05 13:15:00-05:00,2025-10-05 18:15:00+00:00,2025-10-05 13:30:00-05:00,2025-10-05 18:30:00+00:00,AUSTPL_ALL,Resource Node,REAL_TIME_15_MIN,30.88
2025-10-05 13:15:00-05:00,2025-10-05 18:15:00+00:00,2025-10-05 13:30:00-05:00,2025-10-05 18:30:00+00:00,HLSES_UNIT5,Resource Node,REAL_TIME_15_MIN,18.66
2025-10-05 13:15:00-05:00,2025-10-05 18:15:00+00:00,2025-10-05 13:30:00-05:00,2025-10-05 18:30:00+00:00,ODESW_RN,Resource Node,REAL_TIME_15_MIN,15.91
2025-10-05 13:30:00-05:00,2025-10-05 18:30:00+00:00,2025-10-05 13:45:00-05:00,2025-10-05 18:45:00+00:00,AUSTPL_ALL,Resource Node,REAL_TIME_15_MIN,38.93
2025-10-05 13:30:00-05:00,2025-10-05 18:30:00+00:00,2025-10-05 13:45:00-05:00,2025-10-05 18:45:00+00:00,HLSES_UNIT5,Resource Node,REAL_TIME_15_MIN,18.9
2025-10-05 13:30:00-05:00,2025-10-05 18:30:00+00:00,2025-10-05 13:45:00-05:00,2025-10-05 18:45:00+00:00,ODESW_RN,Resource Node,REAL_TIME_15_MIN,20.36
2025-10-05 13:45:00-05:00,2025-10-05 18:45:00+00:00,2025-10-05 14:00:00-05:00,2025-10-05 19:00:00+00:00,AUSTPL_ALL,Resource Node,REAL_TIME_15_MIN,35.21
2025-10-05 13:45:00-05:00,2025-10-05 18:45:00+00:00,2025-10-05 14:00:00-05:00,2025-10-05 19:00:00+00:00,HLSES_UNIT5,Resource Node,REAL_TIME_15_MIN,18.62
2025-10-05 13:45:00-05:00,2025-10-05 18:45:00+00:00,2025-10-05 14:00:00-05:00,2025-10-05 19:00:00+00:00,ODESW_RN,Resource Node,REAL_TIME_15_MIN,17.12
2025-10-05 14:00:00-05:00,2025-10-05 19:00:00+00:00,2025-10-05 14:15:00-05:00,2025-10-05 19:15:00+00:00,AUSTPL_ALL,Resource Node,REAL_TIME_15_MIN,37.15
2025-10-05 14:00:00-05:00,2025-10-05 19:00:00+00:00,2025-10-05 14:15:00-05:00,2025-10-05 19:15:00+00:00,HLSES_UNIT5,Resource Node,REAL_TIME_15_MIN,20.2
2025-10-05 14:00:00-05:00,2025-10-05 19:00:00+00:00,2025-10-05 14:15:00-05:00,2025-10-05 19:15:00+00:00,ODESW_RN,Resource Node,REAL_TIME_15_MIN,19.79
2025-10-05 14:15:00-05:00,2025-10-05 19:15:00+00:00,2025-10-05 14:30:00-05:00,2025-10-05 19:30:00+00:00,AUSTPL_ALL,Resource Node,REAL_TIME_15_MIN,53.97
2025-10-05 14:15:00-05:00,2025-10-05 19:15:00+00:00,2025-10-05 14:30:00-05:00,2025-10-05 19:30:00+00:00,HLSES_UNIT5,Resource Node,REAL_TIME_15_MIN,18.61
2025-10-05 14:15:00-05:00,2025-10-05 19:15:00+00:00,2025-10-05 14:30:00-05:00,2025-10-05 19:30:00+00:00,ODESW_RN,Resource Node,REAL_TIME_15_MIN,20.18
2025-10-05 14:30:00-05:00,2025-10-05 19:30:00+00:00,2025-10-05 14:45:00-05:00,2025-10-05 19:45:00+00:00,AUSTPL_ALL,Resource Node,REAL_TIME_15_MIN,62.27
2025-10-05 14:30:00-05:00,2025-10-05 19:30:00+00:00,2025-10-05 14:45:00-05:00,2025-10-05 19:45:00+00:00,HLSES_UNIT5,Resource Node,REAL_TIME_15_MIN,19.11
2025-10-05 14:30:00-05:00,2025-10-05 19:30:00+00:00,2025-10-05 14:45:00-05:00,2025-10-05 19:45:00+00:00,ODESW_RN,Resource Node,REAL_TIME_15_MIN,20.24
2025-10-05 14:45:00-05:00,2025-10-05 19:45:00+00:00,2025-10-05 15:00:00-05:00,2025-10-05 20:00:00+00:00,AUSTPL_ALL,Resource Node,REAL_TIME_15_MIN,59.55
2025-10-05 14:45:00-05:00,2025-10-05 19:45:00+00:00,2025-10-05 15:00:00-05:00,2025-10-05 20:00:00+00:00,HLSES_UNIT5,Resource Node,REAL_TIME_15_MIN,20.25
2025-10-05 14:45:00-05:00,2025-10-05 19:45:00+00:00,2025-10-05 15:00:00-05:00,2025-10-05 20:00:00+00:00,ODESW_RN,Resource Node,REAL_TIME_15_MIN,23.31
2025-10-05 15:00:00-05:00,2025-10-05 20:00:00+00:00,2025-10-05 15:15:00-05:00,2025-10-05 20:15:00+00:00,AUSTPL_ALL,Resource Node,REAL_TIME_15_MIN,56.64
2025-10-05 15:00:00-05:00,2025-10-05 20:00:00+00:00,2025-10-05 15:15:00-05:00,2025-10-05 20:15:00+00:00,HLSES_UNIT5,Resource Node,REAL_TIME_15_MIN,19.8
2025-10-05 15:00:00-05:00,2025-10-05 20:00:00+00:00,2025-10-05 15:15:00-05:00,2025-10-05 20:15:00+00:00,ODESW_RN,Resource Node,REAL_TIME_15_MIN,21.51
2025-10-05 15:15:00-05:00,2025-10-05 20:15:00+00:00,2025-10-05 15:30:00-05:00,2025-10-05 20:30:00+00:00,AUSTPL_ALL,Resource Node,REAL_TIME_15_MIN,65.06
2025-10-05 15:15:00-05:00,2025-10-05 20:15:00+00:00,2025-10-05 15:30:00-05:00,2025-10-05 20:30:00+00:00,HLSES_UNIT5,Resource Node,REAL_TIME_15_MIN,20.84
2025-10-05 15:15:00-05:00,2025-10-05 20:15:00+00:00,2025-10-05 15:30:00-05:00,2025-10-05 20:30:00+00:00,ODESW_RN,Resource Node,REAL_TIME_15_MIN,23.26
2025-10-05 15:30:00-05:00,2025-10-05 20:30:00+00:00,2025-10-05 15:45:00-05:00,2025-10-05 20:45:00+00:00,AUSTPL_ALL,Resource Node,REAL_TIME_15_MIN,65.62
2025-10-05 15:30:00-05:00,2025-10-05 20:30:00+00:00,2025-10-05 15:45:00-05:00,2025-10-05 20:45:00+00:00,HLSES_UNIT5,Resource Node,REAL_TIME_15_MIN,21.33
2025-10-05 15:30:00-05:00,2025-10-05 20:30:00+00:00,2025-10-05 15:45:00-05:00,2025-10-05 20:45:00+00:00,ODESW_RN,Resource Node,REAL_TIME_15_MIN,23.76
2025-10-05 15:45:00-05:00,2025-10-05 20:45:00+00:00,2025-10-05 16:00:00-05:00,2025-10-05 21:00:00+00:00,AUSTPL_ALL,Resource Node,REAL_TIME_15_MIN,78.0
2025-10-05 15:45:00-05:00,2025-10-05 20:45:00+00:00,2025-10-05 16:00:00-05:00,2025-10-05 21:00:00+00:00,HLSES_UNIT5,Resource Node,REAL_TIME_15_MIN,18.29
2025-10-05 15:45:00-05:00,2025-10-05 20:45:00+00:00,2025-10-05 16:00:00-05:00,2025-10-05 21:00:00+00:00,ODESW_RN,Resource Node,REAL_TIME_15_MIN,23.38
2025-10-05 16:00:00-05:00,2025-10-05 21:00:00+00:00,2025-10-05 16:15:00-05:00,2025-10-05 21:15:00+00:00,AUSTPL_ALL,Resource Node,REAL_TIME_15_MIN,79.74
2025-10-05 16:00:00-05:00,2025-10-05 21:00:00+00:00,2025-10-05 16:15:00-05:00,2025-10-05 21:15:00+00:00,HLSES_UNIT5,Resource Node,REAL_TIME_15_MIN,14.68
2025-10-05 16:00:00-05:00,2025-10-05 21:00:00+00:00,2025-10-05 16:15:00-05:00,2025-10-05 21:15:00+00:00,ODESW_RN,Resource Node,REAL_TIME_15_MIN,19.2
2025-10-05 16:15:00-05:00,2025-10-05 21:15:00+00:00,2025-10-05 16:30:00-05:00,2025-10-05 21:30:00+00:00,AUSTPL_ALL,Resource Node,REAL_TIME_15_MIN,68.77
2025-10-05 16:15:00-05:00,2025-10-05 21:15:00+00:00,2025-10-05 16:30:00-05:00,2025-10-05 21:30:00+00:00,HLSES_UNIT5,Resource Node,REAL_TIME_15_MIN,16.31
2025-10-05 16:15:00-05:00,2025-10-05 21:15:00+00:00,2025-10-05 16:30:00-05:00,2025-10-05 21:30:00+00:00,ODESW_RN,Resource Node,REAL_TIME_15_MIN,19.52
2025-10-05 16:30:00-05:00,2025-10-05 21:30:00+00:00,2025-10-05 16:45:00-05:00,2025-10-05 21:45:00+00:00,AUSTPL_ALL,Resource Node,REAL_TIME_15_MIN,64.95
2025-10-05 16:30:00-05:00,2025-10-05 21:30:00+00:00,2025-10-05 16:45:00-05:00,2025-10-05 21:45:00+00:00,HLSES_UNIT5,Resource Node,REAL_TIME_15_MIN,15.79
2025-10-05 16:30:00-05:00,2025-10-05 21:30:00+00:00,2025-10-05 16:45:00-05:00,2025-10-05 21:45:00+00:00,ODESW_RN,Resource Node,REAL_TIME_15_MIN,17.5
2025-10-05 16:45:00-05:00,2025-10-05 21:45:00+00:00,2025-10-05 17:00:00-05:00,2025-10-05 22:00:00+00:00,AUSTPL_ALL,Resource Node,REAL_TIME_15_MIN,62.58
2025-10-05 16:45:00-05:00,2025-10-05 21:45:00+00:00,2025-10-05 17:00:00-05:00,2025-10-05 22:00:00+00:00,HLSES_UNIT5,Resource Node,REAL_TIME_15_MIN,18.9
2025-10-05 16:45:00-05:00,2025-10-05 21:45:00+00:00,2025-10-05 17:00:00-05:00,2025-10-05 22:00:00+00:00,ODESW_RN,Resource Node,REAL_TIME_15_MIN,21.26
2025-10-05 17:00:00-05:00,2025-10-05 22:00:00+00:00,2025-10-05 17:15:00-05:00,2025-10-05 22:15:00+00:00,AUSTPL_ALL,Resource Node,REAL_TIME_15_MIN,66.44
2025-10-05 17:00:00-05:00,2025-10-05 22:00:00+00:00,2025-10-05 17:15:00-05:00,2025-10-05 22:15:00+00:00,HLSES_UNIT5,Resource Node,REAL_TIME_15_MIN,18.33
2025-10-05 17:00:00-05:00,2025-10-05 22:00:00+00:00,2025-10-05 17:15:00-05:00,2025-10-05 22:15:00+00:00,ODESW_RN,Resource Node,REAL_TIME_15_MIN,19.95
2025-10-05 17:15:00-05:00,2025-10-05 22:15:00+00:00,2025-10-05 17:30:00-05:00,2025-10-05 22:30:00+00:00,AUSTPL_ALL,Resource Node,REAL_TIME_15_MIN,78.96
2025-10-05 17:15:00-05:00,2025-10-05 22:15:00+00:00,2025-10-05 17:30:00-05:00,2025-10-05 22:30:00+00:00,HLSES_UNIT5,Resource Node,REAL_TIME_15_MIN,24.46
2025-10-05 17:15:00-05:00,2025-10-05 22:15:00+00:00,2025-10-05 17:30:00-05:00,2025-10-05 22:30:00+00:00,ODESW_RN,Resource Node,REAL_TIME_15_MIN,26.59
2025-10-05 17:30:00-05:00,2025-10-05 22:30:00+00:00,2025-10-05 17:45:00-05:00,2025-10-05 22:45:00+00:00,AUSTPL_ALL,Resource Node,REAL_TIME_15_MIN,84.62
2025-10-05 17:30:00-05:00,2025-10-05 22:30:00+00:00,2025-10-05 17:45:00-05:00,2025-10-05 22:45:00+00:00,HLSES_UNIT5,Resource Node,REAL_TIME_15_MIN,32.75
2025-10-05 17:30:00-05:00,2025-10-05 22:30:00+00:00,2025-10-05 17:45:00-05:00,2025-10-05 22:45:00+00:00,ODESW_RN,Resource Node,REAL_TIME_15_MIN,34.48
2025-10-05 17:45:00-05:00,2025-10-05 22:45:00+00:00,2025-10-05 18:00:00-05:00,2025-10-05 23:00:00+00:00,AUSTPL_ALL,Resource Node,REAL_TIME_15_MIN,89.38
2025-10-05 17:45:00-05:00,2025-10-05 22:45:00+00:00,2025-10-05 18:00:00-05:00,2025-10-05 23:00:00+00:00,HLSES_UNIT5,Resource Node,REAL_TIME_15_MIN,39.5
2025-10-05 17:45:00-05:00,2025-10-05 22:45:00+00:00,2025-10-05 18:00:00-05:00,2025-10-05 23:00:00+00:00,ODESW_RN,Resource Node,REAL_TIME_15_MIN,55.32
2025-10-05 18:00:00-05:00,2025-10-05 23:00:00+00:00,2025-10-05 18:15:00-05:00,2025-10-05 23:15:00+00:00,AUSTPL_ALL,Resource Node,REAL_TIME_15_MIN,53.91
2025-10-05 18:00:00-05:00,2025-10-05 23:00:00+00:00,2025-10-05 18:15:00-05:00,2025-10-05 23:15:00+00:00,HLSES_UNIT5,Resource Node,REAL_TIME_15_MIN,31.08
2025-10-05 18:00:00-05:00,2025-10-05 23:00:00+00:00,2025-10-05 18:15:00-05:00,2025-10-05 23:15:00+00:00,ODESW_RN,Resource Node,REAL_TIME_15_MIN,43.66
2025-10-05 18:15:00-05:00,2025-10-05 23:15:00+00:00,2025-10-05 18:30:00-05:00,2025-10-05 23:30:00+00:00,AUSTPL_ALL,Resource Node,REAL_TIME_15_MIN,50.19
2025-10-05 18:15:00-05:00,2025-10-05 23:15:00+00:00,2025-10-05 18:30:00-05:00,2025-10-05 23:30:00+00:00,HLSES_UNIT5,Resource Node,REAL_TIME_15_MIN,38.94
2025-10-05 18:15:00-05:00,2025-10-05 23:15:00+00:00,2025-10-05 18:30:00-05:00,2025-10-05 23:30:00+00:00,ODESW_RN,Resource Node,REAL_TIME_15_MIN,52.6
2025-10-05 18:30:00-05:00,2025-10-05 23:30:00+00:00,2025-10-05 18:45:00-05:00,2025-10-05 23:45:00+00:00,AUSTPL_ALL,Resource Node,REAL_TIME_15_MIN,48.67
2025-10-05 18:30:00-05:00,2025-10-05 23:30:00+00:00,2025-10-05 18:45:00-05:00,2025-10-05 23:45:00+00:00,HLSES_UNIT5,Resource Node,REAL_TIME_15_MIN,44.14
2025-10-05 18:30:00-05:00,2025-10-05 23:30:00+00:00,2025-10-05 18:45:00-05:00,2025-10-05 23:45:00+00:00,ODESW_RN,Resource Node,REAL_TIME_15_MIN,62.67
2025-10-05 18:45:00-05:00,2025-10-05 23:45:00+00:00,2025-10-05 19:00:00-05:00,2025-10-06 00:00:00+00:00,AUSTPL_ALL,Resource Node,REAL_TIME_15_MIN,52.0
2025-10-05 18:45:00-05:00,2025-10-05 23:45:00+00:00,2025-10-05 19:00:00-05:00,2025-10-06 00:00:00+00:00,HLSES_UNIT5,Resource Node,REAL_TIME_15_MIN,46.86
2025-10-05 18:45:00-05:00,2025-10-05 23:45:00+00:00,2025-10-05 19:00:00-05:00,2025-10-06 00:00:00+00:00,ODESW_RN,Resource Node,REAL_TIME_15_MIN,67.87
2025-10-05 19:00:00-05:00,2025-10-06 00:00:00+00:00,2025-10-05 19:15:00-05:00,2025-10-06 00:15:00+00:00,AUSTPL_ALL,Resource Node,REAL_TIME_15_MIN,58.57
2025-10-05 19:00:00-05:00,2025-10-06 00:00:00+00:00,2025-10-05 19:15:00-05:00,2025-10-06 00:15:00+00:00,HLSES_UNIT5,Resource Node,REAL_TIME_15_MIN,53.13
2025-10-05 19:00:00-05:00,2025-10-06 00:00:00+00:00,2025-10-05 19:15:00-05:00,2025-10-06 00:15:00+00:00,ODESW_RN,Resource Node,REAL_TIME_15_MIN,75.55
2025-10-05 19:15:00-05:00,2025-10-06 00:15:00+00:00,2025-10-05 19:30:00-05:00,2025-10-06 00:30:00+00:00,AUSTPL_ALL,Resource Node,REAL_TIME_15_MIN,47.6
2025-10-05 19:15:00-05:00,2025-10-06 00:15:00+00:00,2025-10-05 19:30:00-05:00,2025-10-06 00:30:00+00:00,HLSES_UNIT5,Resource Node,REAL_TIME_15_MIN,42.73
2025-10-05 19:15:00-05:00,2025-10-06 00:15:00+00:00,2025-10-05 19:30:00-05:00,2025-10-06 00:30:00+00:00,ODESW_RN,Resource Node,REAL_TIME_15_MIN,62.84
2025-10-05 19:30:00-05:00,2025-10-06 00:30:00+00:00,2025-10-05 19:45:00-05:00,2025-10-06 00:45:00+00:00,AUSTPL_ALL,Resource Node,REAL_TIME_15_MIN,43.4
2025-10-05 19:30:00-05:00,2025-10-06 00:30:00+00:00,2025-10-05 19:45:00-05:00,2025-10-06 00:45:00+00:00,HLSES_UNIT5,Resource Node,REAL_TIME_15_MIN,38.55
2025-10-05 19:30:00-05:00,2025-10-06 00:30:00+00:00,2025-10-05 19:45:00-05:00,2025-10-06 00:45:00+00:00,ODESW_RN,Resource Node,REAL_TIME_15_MIN,58.55
2025-10-05 19:45:00-05:00,2025-10-06 00:45:00+00:00,2025-10-05 20:00:00-05:00,2025-10-06 01:00:00+00:00,AUSTPL_ALL,Resource Node,REAL_TIME_15_MIN,39.71
2025-10-05 19:45:00-05:00,2025-10-06 00:45:00+00:00,2025-10-05 20:00:00-05:00,2025-10-06 01:00:00+00:00,HLSES_UNIT5,Resource Node,REAL_TIME_15_MIN,35.15
2025-10-05 19:45:00-05:00,2025-10-06 00:45:00+00:00,2025-10-05 20:00:00-05:00,2025-10-06 01:00:00+00:00,ODESW_RN,Resource Node,REAL_TIME_15_MIN,53.98
2025-10-05 20:00:00-05:00,2025-10-06 01:00:00+00:00,2025-10-05 20:15:00-05:00,2025-10-06 01:15:00+00:00,AUSTPL_ALL,Resource Node,REAL_TIME_15_MIN,39.54
2025-10-05 20:00:00-05:00,2025-10-06 01:00:00+00:00,2025-10-05 20:15:00-05:00,2025-10-06 01:15:00+00:00,HLSES_UNIT5,Resource Node,REAL_TIME_15_MIN,35.13
2025-10-05 20:00:00-05:00,2025-10-06 01:00:00+00:00,2025-10-05 20:15:00-05:00,2025-10-06 01:15:00+00:00,ODESW_RN,Resource Node,REAL_TIME_15_MIN,53.66
2025-10-05 20:15:00-05:00,2025-10-06 01:15:00+00:00,2025-10-05 20:30:00-05:00,2025-10-06 01:30:00+00:00,AUSTPL_ALL,Resource Node,REAL_TIME_15_MIN,36.43
2025-10-05 20:15:00-05:00,2025-10-06 01:15:00+00:00,2025-10-05 20:30:00-05:00,2025-10-06 01:30:00+00:00,HLSES_UNIT5,Resource Node,REAL_TIME_15_MIN,32.07
2025-10-05 20:15:00-05:00,2025-10-06 01:15:00+00:00,2025-10-05 20:30:00-05:00,2025-10-06 01:30:00+00:00,ODESW_RN,Resource Node,REAL_TIME_15_MIN,50.29
2025-10-05 20:30:00-05:00,2025-10-06 01:30:00+00:00,2025-10-05 20:45:00-05:00,2025-10-06 01:45:00+00:00,AUSTPL_ALL,Resource Node,REAL_TIME_15_MIN,32.72
2025-10-05 20:30:00-05:00,2025-10-06 01:30:00+00:00,2025-10-05 20:45:00-05:00,2025-10-06 01:45:00+00:00,HLSES_UNIT5,Resource Node,REAL_TIME_15_MIN,28.7
2025-10-05 20:30:00-05:00,2025-10-06 01:30:00+00:00,2025-10-05 20:45:00-05:00,2025-10-06 01:45:00+00:00,ODESW_RN,Resource Node,REAL_TIME_15_MIN,46.65
2025-10-05 20:45:00-05:00,2025-10-06 01:45:00+00:00,2025-10-05 21:00:00-05:00,2025-10-06 02:00:00+00:00,AUSTPL_ALL,Resource Node,REAL_TIME_15_MIN,29.41
2025-10-05 20:45:00-05:00,2025-10-06 01:45:00+00:00,2025-10-05 21:00:00-05:00,2025-10-06 02:00:00+00:00,HLSES_UNIT5,Resource Node,REAL_TIME_15_MIN,25.42
2025-10-05 20:45:00-05:00,2025-10-06 01:45:00+00:00,2025-10-05 21:00:00-05:00,2025-10-06 02:00:00+00:00,ODESW_RN,Resource Node,REAL_TIME_15_MIN,44.44
2025-10-05 21:00:00-05:00,2025-10-06 02:00:00+00:00,2025-10-05 21:15:00-05:00,2025-10-06 02:15:00+00:00,AUSTPL_ALL,Resource Node,REAL_TIME_15_MIN,30.05
2025-10-05 21:00:00-05:00,2025-10-06 02:00:00+00:00,2025-10-05 21:15:00-05:00,2025-10-06 02:15:00+00:00,HLSES_UNIT5,Resource Node,REAL_TIME_15_MIN,25.98
2025-10-05 21:00:00-05:00,2025-10-06 02:00:00+00:00,2025-10-05 21:15:00-05:00,2025-10-06 02:15:00+00:00,ODESW_RN,Resource Node,REAL_TIME_15_MIN,46.72
2025-10-05 21:15:00-05:00,2025-10-06 02:15:00+00:00,2025-10-05 21:30:00-05:00,2025-10-06 02:30:00+00:00,AUSTPL_ALL,Resource Node,REAL_TIME_15_MIN,28.27
2025-10-05 21:15:00-05:00,2025-10-06 02:15:00+00:00,2025-10-05 21:30:00-05:00,2025-10-06 02:30:00+00:00,HLSES_UNIT5,Resource Node,REAL_TIME_15_MIN,24.57
2025-10-05 21:15:00-05:00,2025-10-06 02:15:00+00:00,2025-10-05 21:30:00-05:00,2025-10-06 02:30:00+00:00,ODESW_RN,Resource Node,REAL_TIME_15_MIN,47.33
2025-10-05 21:30:00-05:00,2025-10-06 02:30:00+00:00,2025-10-05 21:45:00-05:00,2025-10-06 02:45:00+00:00,AUSTPL_ALL,Resource Node,REAL_TIME_15_MIN,26.73
2025-10-05 21:30:00-05:00,2025-10-06 02:30:00+00:00,2025-10-05 21:45:00-05:00,2025-10-06 02:45:00+00:00,HLSES_UNIT5,Resource Node,REAL_TIME_15_MIN,23.04
2025-10-05 21:30:00-05:00,2025-10-06 02:30:00+00:00,2025-10-05 21:45:00-05:00,2025-10-06 02:45:00+00:00,ODESW_RN,Resource Node,REAL_TIME_15_MIN,57.3
2025-10-05 21:45:00-05:00,2025-10-06 02:45:00+00:00,2025-10-05 22:00:00-05:00,2025-10-06 03:00:00+00:00,AUSTPL_ALL,Resource Node,REAL_TIME_15_MIN,26.12
2025-10-05 21:45:00-05:00,2025-10-06 02:45:00+00:00,2025-10-05 22:00:00-05:00,2025-10-06 03:00:00+00:00,HLSES_UNIT5,Resource Node,REAL_TIME_15_MIN,22.24
2025-10-05 21:45:00-05:00,2025-10-06 02:45:00+00:00,2025-10-05 22:00:00-05:00,2025-10-06 03:00:00+00:00,ODESW_RN,Resource Node,REAL_TIME_15_MIN,66.61
2025-10-05 22:00:00-05:00,2025-10-06 03:00:00+00:00,2025-10-05 22:15:00-05:00,2025-10-06 03:15:00+00:00,AUSTPL_ALL,Resource Node,REAL_TIME_15_MIN,27.37
2025-10-05 22:00:00-05:00,2025-10-06 03:00:00+00:00,2025-10-05 22:15:00-05:00,2025-10-06 03:15:00+00:00,HLSES_UNIT5,Resource Node,REAL_TIME_15_MIN,21.25
2025-10-05 22:00:00-05:00,2025-10-06 03:00:00+00:00,2025-10-05 22:15:00-05:00,2025-10-06 03:15:00+00:00,ODESW_RN,Resource Node,REAL_TIME_15_MIN,78.38
2025-10-05 22:15:00-05:00,2025-10-06 03:15:00+00:00,2025-10-05 22:30:00-05:00,2025-10-06 03:30:00+00:00,AUSTPL_ALL,Resource Node,REAL_TIME_15_MIN,26.6
2025-10-05 22:15:00-05:00,2025-10-06 03:15:00+00:00,2025-10-05 22:30:00-05:00,2025-10-06 03:30:00+00:00,HLSES_UNIT5,Resource Node,REAL_TIME_15_MIN,20.58
2025-10-05 22:15:00-05:00,2025-10-06 03:15:00+00:00,2025-10-05 22:30:00-05:00,2025-10-06 03:30:00+00:00,ODESW_RN,Resource Node,REAL_TIME_15_MIN,62.89
2025-10-05 22:30:00-05:00,2025-10-06 03:30:00+00:00,2025-10-05 22:45:00-05:00,2025-10-06 03:45:00+00:00,AUSTPL_ALL,Resource Node,REAL_TIME_15_MIN,24.55
2025-10-05 22:30:00-05:00,2025-10-06 03:30:00+00:00,2025-10-05 22:45:00-05:00,2025-10-06 03:45:00+00:00,HLSES_UNIT5,Resource Node,REAL_TIME_15_MIN,19.68
2025-10-05 22:30:00-05:00,2025-10-06 03:30:00+00:00,2025-10-05 22:45:00-05:00,2025-10-06 03:45:00+00:00,ODESW_RN,Resource Node,REAL_TIME_15_MIN,60.51
2025-10-05 22:45:00-05:00,2025-10-06 03:45:00+00:00,2025-10-05 23:00:00-05:00,2025-10-06 04:00:00+00:00,AUSTPL_ALL,Resource Node,REAL_TIME_15_MIN,22.71
2025-10-05 22:45:00-05:00,2025-10-06 03:45:00+00:00,2025-10-05 23:00:00-05:00,2025-10-06 04:00:00+00:00,HLSES_UNIT5,Resource Node,REAL_TIME_15_MIN,18.64
2025-10-05 22:45:00-05:00,2025-10-06 03:45:00+00:00,2025-10-05 23:00:00-05:00,2025-10-06 04:00:00+00:00,ODESW_RN,Resource Node,REAL_TIME_15_MIN,46.02
2025-10-05 23:00:00-05:00,2025-10-06 04:00:00+00:00,2025-10-05 23:15:00-05:00,2025-10-06 04:15:00+00:00,AUSTPL_ALL,Resource Node,REAL_TIME_15_MIN,22.6
2025-10-05 23:00:00-05:00,2025-10-06 04:00:00+00:00,2025-10-05 23:15:00-05:00,2025-10-06 04:15:00+00:00,HLSES_UNIT5,Resource Node,REAL_TIME_15_MIN,18.53
2025-10-05 23:00:00-05:00,2025-10-06 04:00:00+00:00,2025-10-05 23:15:00-05:00,2025-10-06 04:15:00+00:00,ODESW_RN,Resource Node,REAL_TIME_15_MIN,45.08
2025-10-05 23:15:00-05:00,2025-10-06 04:15:00+00:00,2025-10-05 23:30:00-05:00,2025-10-06 04:30:00+00:00,AUSTPL_ALL,Resource Node,REAL_TIME_15_MIN,21.94
2025-10-05 23:15:00-05:00,2025-10-06 04:15:00+00:00,2025-10-05 23:30:00-05:00,2025-10-06 04:30:00+00:00,HLSES_UNIT5,Resource Node,REAL_TIME_15_MIN,18.54
2025-10-05 23:15:00-05:00,2025-10-06 04:15:00+00:00,2025-10-05 23:30:00-05:00,2025-10-06 04:30:00+00:00,ODESW_RN,Resource Node,REAL_TIME_15_MIN,43.64
2025-10-05 23:30:00-05:00,2025-10-06 04:30:00+00:00,2025-10-05 23:45:00-05:00,2025-10-06 04:45:00+00:00,AUSTPL_ALL,Resource Node,REAL_TIME_15_MIN,20.72
2025-10-05 23:30:00-05:00,2025-10-06 04:30:00+00:00,2025-10-05 23:45:00-05:00,2025-10-06 04:45:00+00:00,HLSES_UNIT5,Resource Node,REAL_TIME_15_MIN,17.67
2025-10-05 23:30:00-05:00,2025-10-06 04:30:00+00:00,2025-10-05 23:45:00-05:00,2025-10-06 04:45:00+00:00,ODESW_RN,Resource Node,REAL_TIME_15_MIN,39.24
2025-10-05 23:45:00-05:00,2025-10-06 04:45:00+00:00,2025-10-06 00:00:00-05:00,2025-10-06 05:00:00+00:00,AUSTPL_ALL,Resource Node,REAL_TIME_15_MIN,21.07
2025-10-05 23:45:00-05:00,2025-10-06 04:45:00+00:00,2025-10-06 00:00:00-05:00,2025-10-06 05:00:00+00:00,HLSES_UNIT5,Resource Node,REAL_TIME_15_MIN,16.46
2025-10-05 23:45:00-05:00,2025-10-06 04:45:00+00:00,2025-10-06 00:00:00-05:00,2025-10-06 05:00:00+00:00,ODESW_RN,Resource Node,REAL_TIME_15_MIN,37.41
2025-10-05 00:00:00-05:00,2025-10-05 05:00:00+00:00,2025-10-05 00:15:00-05:00,2025-10-05 05:15:00+00:00,CBY_CBY_G1,Resource Node,REAL_TIME_15_MIN,23.7
2025-10-05 00:00:00-05:00,2025-10-05 05:00:00+00:00,2025-10-05 00:15:00-05:00,2025-10-05 05:15:00+00:00,CNTRY_RN,Resource Node,REAL_TIME_15_MIN,23.38
2025-10-05 00:15:00-05:00,2025-10-05 05:15:00+00:00,2025-10-05 00:30:00-05:00,2025-10-05 05:30:00+00:00,CBY_CBY_G1,Resource Node,REAL_TIME_15_MIN,23.19
2025-10-05 00:15:00-05:00,2025-10-05 05:15:00+00:00,2025-10-05 00:30:00-05:00,2025-10-05 05:30:00+00:00,CNTRY_RN,Resource Node,REAL_TIME_15_MIN,22.74
2025-10-05 00:30:00-05:00,2025-10-05 05:30:00+00:00,2025-10-05 00:45:00-05:00,2025-10-05 05:45:00+00:00,CBY_CBY_G1,Resource Node,REAL_TIME_15_MIN,23.17
2025-10-05 00:30:00-05:00,2025-10-05 05:30:00+00:00,2025-10-05 00:45:00-05:00,2025-10-05 05:45:00+00:00,CNTRY_RN,Resource Node,REAL_TIME_15_MIN,22.81
2025-10-05 00:45:00-05:00,2025-10-05 05:45:00+00:00,2025-10-05 01:00:00-05:00,2025-10-05 06:00:00+00:00,CBY_CBY_G1,Resource Node,REAL_TIME_15_MIN,21.79
2025-10-05 00:45:00-05:00,2025-10-05 05:45:00+00:00,2025-10-05 01:00:00-05:00,2025-10-05 06:00:00+00:00,CNTRY_RN,Resource Node,REAL_TIME_15_MIN,21.49
2025-10-05 01:00:00-05:00,2025-10-05 06:00:00+00:00,2025-10-05 01:15:00-05:00,2025-10-05 06:15:00+00:00,CBY_CBY_G1,Resource Node,REAL_TIME_15_MIN,21.5
2025-10-05 01:00:00-05:00,2025-10-05 06:00:00+00:00,2025-10-05 01:15:00-05:00,2025-10-05 06:15:00+00:00,CNTRY_RN,Resource Node,REAL_TIME_15_MIN,21.33
2025-10-05 01:15:00-05:00,2025-10-05 06:15:00+00:00,2025-10-05 01:30:00-05:00,2025-10-05 06:30:00+00:00,CBY_CBY_G1,Resource Node,REAL_TIME_15_MIN,21.58
2025-10-05 01:15:00-05:00,2025-10-05 06:15:00+00:00,2025-10-05 01:30:00-05:00,2025-10-05 06:30:00+00:00,CNTRY_RN,Resource Node,REAL_TIME_15_MIN,21.53
2025-10-05 01:30:00-05:00,2025-10-05 06:30:00+00:00,2025-10-05 01:45:00-05:00,2025-10-05 06:45:00+00:00,CBY_CBY_G1,Resource Node,REAL_TIME_15_MIN,21.5
2025-10-05 01:30:00-05:00,2025-10-05 06:30:00+00:00,2025-10-05 01:45:00-05:00,2025-10-05 06:45:00+00:00,CNTRY_RN,Resource Node,REAL_TIME_15_MIN,21.45
2025-10-05 01:45:00-05:00,2025-10-05 06:45:00+00:00,2025-10-05 02:00:00-05:00,2025-10-05 07:00:00+00:00,CBY_CBY_G1,Resource Node,REAL_TIME_15_MIN,22.06
2025-10-05 01:45:00-05:00,2025-10-05 06:45:00+00:00,2025-10-05 02:00:00-05:00,2025-10-05 07:00:00+00:00,CNTRY_RN,Resource Node,REAL_TIME_15_MIN,20.23
2025-10-05 02:00:00-05:00,2025-10-05 07:00:00+00:00,2025-10-05 02:15:00-05:00,2025-10-05 07:15:00+00:00,CBY_CBY_G1,Resource Node,REAL_TIME_15_MIN,21.14
2025-10-05 02:00:00-05:00,2025-10-05 07:00:00+00:00,2025-10-05 02:15:00-05:00,2025-10-05 07:15:00+00:00,CNTRY_RN,Resource Node,REAL_TIME_15_MIN,18.53
2025-10-05 02:15:00-05:00,2025-10-05 07:15:00+00:00,2025-10-05 02:30:00-05:00,2025-10-05 07:30:00+00:00,CBY_CBY_G1,Resource Node,REAL_TIME_15_MIN,20.75
2025-10-05 02:15:00-05:00,2025-10-05 07:15:00+00:00,2025-10-05 02:30:00-05:00,2025-10-05 07:30:00+00:00,CNTRY_RN,Resource Node,REAL_TIME_15_MIN,18.12
2025-10-05 02:30:00-05:00,2025-10-05 07:30:00+00:00,2025-10-05 02:45:00-05:00,2025-10-05 07:45:00+00:00,CBY_CBY_G1,Resource Node,REAL_TIME_15_MIN,20.65
2025-10-05 02:30:00-05:00,2025-10-05 07:30:00+00:00,2025-10-05 02:45:00-05:00,2025-10-05 07:45:00+00:00,CNTRY_RN,Resource Node,REAL_TIME_15_MIN,17.26
2025-10-05 02:45:00-05:00,2025-10-05 07:45:00+00:00,2025-10-05 03:00:00-05:00,2025-10-05 08:00:00+00:00,CBY_CBY_G1,Resource Node,REAL_TIME_15_MIN,20.58
2025-10-05 02:45:00-05:00,2025-10-05 07:45:00+00:00,2025-10-05 03:00:00-05:00,2025-10-05 08:00:00+00:00,CNTRY_RN,Resource Node,REAL_TIME_15_MIN,16.68
2025-10-05 03:00:00-05:00,2025-10-05 08:00:00+00:00,2025-10-05 03:15:00-05:00,2025-10-05 08:15:00+00:00,CBY_CBY_G1,Resource Node,REAL_TIME_15_MIN,19.81
2025-10-05 03:00:00-05:00,2025-10-05 08:00:00+00:00,2025-10-05 03:15:00-05:00,2025-10-05 08:15:00+00:00,CNTRY_RN,Resource Node,REAL_TIME_15_MIN,15.95
2025-10-05 03:15:00-05:00,2025-10-05 08:15:00+00:00,2025-10-05 03:30:00-05:00,2025-10-05 08:30:00+00:00,CBY_CBY_G1,Resource Node,REAL_TIME_15_MIN,18.8
2025-10-05 03:15:00-05:00,2025-10-05 08:15:00+00:00,2025-10-05 03:30:00-05:00,2025-10-05 08:30:00+00:00,CNTRY_RN,Resource Node,REAL_TIME_15_MIN,15.46
2025-10-05 03:30:00-05:00,2025-10-05 08:30:00+00:00,2025-10-05 03:45:00-05:00,2025-10-05 08:45:00+00:00,CBY_CBY_G1,Resource Node,REAL_TIME_15_MIN,19.97
2025-10-05 03:30:00-05:00,2025-10-05 08:30:00+00:00,2025-10-05 03:45:00-05:00,2025-10-05 08:45:00+00:00,CNTRY_RN,Resource Node,REAL_TIME_15_MIN,14.84
2025-10-05 03:45:00-05:00,2025-10-05 08:45:00+00:00,2025-10-05 04:00:00-05:00,2025-10-05 09:00:00+00:00,CBY_CBY_G1,Resource Node,REAL_TIME_15_MIN,20.03
2025-10-05 03:45:00-05:00,2025-10-05 08:45:00+00:00,2025-10-05 04:00:00-05:00,2025-10-05 09:00:00+00:00,CNTRY_RN,Resource Node,REAL_TIME_15_MIN,13.0
2025-10-05 04:00:00-05:00,2025-10-05 09:00:00+00:00,2025-10-05 04:15:00-05:00,2025-10-05 09:15:00+00:00,CBY_CBY_G1,Resource Node,REAL_TIME_15_MIN,18.04
2025-10-05 04:00:00-05:00,2025-10-05 09:00:00+00:00,2025-10-05 04:15:00-05:00,2025-10-05 09:15:00+00:00,CNTRY_RN,Resource Node,REAL_TIME_15_MIN,13.11
2025-10-05 04:15:00-05:00,2025-10-05 09:15:00+00:00,2025-10-05 04:30:00-05:00,2025-10-05 09:30:00+00:00,CBY_CBY_G1,Resource Node,REAL_TIME_15_MIN,17.41
2025-10-05 04:15:00-05:00,2025-10-05 09:15:00+00:00,2025-10-05 04:30:00-05:00,2025-10-05 09:30:00+00:00,CNTRY_RN,Resource Node,REAL_TIME_15_MIN,13.22
2025-10-05 04:30:00-05:00,2025-10-05 09:30:00+00:00,2025-10-05 04:45:00-05:00,2025-10-05 09:45:00+00:00,CBY_CBY_G1,Resource Node,REAL_TIME_15_MIN,18.41
2025-10-05 04:30:00-05:00,2025-10-05 09:30:00+00:00,2025-10-05 04:45:00-05:00,2025-10-05 09:45:00+00:00,CNTRY_RN,Resource Node,REAL_TIME_15_MIN,12.63
2025-10-05 04:45:00-05:00,2025-10-05 09:45:00+00:00,2025-10-05 05:00:00-05:00,2025-10-05 10:00:00+00:00,CBY_CBY_G1,Resource Node,REAL_TIME_15_MIN,18.86
2025-10-05 04:45:00-05:00,2025-10-05 09:45:00+00:00,2025-10-05 05:00:00-05:00,2025-10-05 10:00:00+00:00,CNTRY_RN,Resource Node,REAL_TIME_15_MIN,13.16
2025-10-05 05:00:00-05:00,2025-10-05 10:00:00+00:00,2025-10-05 05:15:00-05:00,2025-10-05 10:15:00+00:00,CBY_CBY_G1,Resource Node,REAL_TIME_15_MIN,18.4
2025-10-05 05:00:00-05:00,2025-10-05 10:00:00+00:00,2025-10-05 05:15:00-05:00,2025-10-05 10:15:00+00:00,CNTRY_RN,Resource Node,REAL_TIME_15_MIN,12.05
2025-10-05 05:15:00-05:00,2025-10-05 10:15:00+00:00,2025-10-05 05:30:00-05:00,2025-10-05 10:30:00+00:00,CBY_CBY_G1,Resource Node,REAL_TIME_15_MIN,17.69
2025-10-05 05:15:00-05:00,2025-10-05 10:15:00+00:00,2025-10-05 05:30:00-05:00,2025-10-05 10:30:00+00:00,CNTRY_RN,Resource Node,REAL_TIME_15_MIN,11.0
2025-10-05 05:30:00-05:00,2025-10-05 10:30:00+00:00,2025-10-05 05:45:00-05:00,2025-10-05 10:45:00+00:00,CBY_CBY_G1,Resource Node,REAL_TIME_15_MIN,18.41
2025-10-05 05:30:00-05:00,2025-10-05 10:30:00+00:00,2025-10-05 05:45:00-05:00,2025-10-05 10:45:00+00:00,CNTRY_RN,Resource Node,REAL_TIME_15_MIN,12.1
2025-10-05 05:45:00-05:00,2025-10-05 10:45:00+00:00,2025-10-05 06:00:00-05:00,2025-10-05 11:00:00+00:00,CBY_CBY_G1,Resource Node,REAL_TIME_15_MIN,18.81
2025-10-05 05:45:00-05:00,2025-10-05 10:45:00+00:00,2025-10-05 06:00:00-05:00,2025-10-05 11:00:00+00:00,CNTRY_RN,Resource Node,REAL_TIME_15_MIN,13.08
2025-10-05 06:00:00-05:00,2025-10-05 11:00:00+00:00,2025-10-05 06:15:00-05:00,2025-10-05 11:15:00+00:00,CBY_CBY_G1,Resource Node,REAL_TIME_15_MIN,18.85
2025-10-05 06:00:00-05:00,2025-10-05 11:00:00+00:00,2025-10-05 06:15:00-05:00,2025-10-05 11:15:00+00:00,CNTRY_RN,Resource Node,REAL_TIME_15_MIN,14.01
2025-10-05 06:15:00-05:00,2025-10-05 11:15:00+00:00,2025-10-05 06:30:00-05:00,2025-10-05 11:30:00+00:00,CBY_CBY_G1,Resource Node,REAL_TIME_15_MIN,19.08
2025-10-05 06:15:00-05:00,2025-10-05 11:15:00+00:00,2025-10-05 06:30:00-05:00,2025-10-05 11:30:00+00:00,CNTRY_RN,Resource Node,REAL_TIME_15_MIN,14.68
2025-10-05 06:30:00-05:00,2025-10-05 11:30:00+00:00,2025-10-05 06:45:00-05:00,2025-10-05 11:45:00+00:00,CBY_CBY_G1,Resource Node,REAL_TIME_15_MIN,17.79
2025-10-05 06:30:00-05:00,2025-10-05 11:30:00+00:00,2025-10-05 06:45:00-05:00,2025-10-05 11:45:00+00:00,CNTRY_RN,Resource Node,REAL_TIME_15_MIN,14.18
2025-10-05 06:45:00-05:00,2025-10-05 11:45:00+00:00,2025-10-05 07:00:00-05:00,2025-10-05 12:00:00+00:00,CBY_CBY_G1,Resource Node,REAL_TIME_15_MIN,18.15
2025-10-05 06:45:00-05:00,2025-10-05 11:45:00+00:00,2025-10-05 07:00:00-05:00,2025-10-05 12:00:00+00:00,CNTRY_RN,Resource Node,REAL_TIME_15_MIN,14.07
2025-10-05 07:00:00-05:00,2025-10-05 12:00:00+00:00,2025-10-05 07:15:00-05:00,2025-10-05 12:15:00+00:00,CBY_CBY_G1,Resource Node,REAL_TIME_15_MIN,19.14
2025-10-05 07:00:00-05:00,2025-10-05 12:00:00+00:00,2025-10-05 07:15:00-05:00,2025-10-05 12:15:00+00:00,CNTRY_RN,Resource Node,REAL_TIME_15_MIN,15.1
2025-10-05 07:15:00-05:00,2025-10-05 12:15:00+00:00,2025-10-05 07:30:00-05:00,2025-10-05 12:30:00+00:00,CBY_CBY_G1,Resource Node,REAL_TIME_15_MIN,20.04
2025-10-05 07:15:00-05:00,2025-10-05 12:15:00+00:00,2025-10-05 07:30:00-05:00,2025-10-05 12:30:00+00:00,CNTRY_RN,Resource Node,REAL_TIME_15_MIN,16.4
2025-10-05 07:30:00-05:00,2025-10-05 12:30:00+00:00,2025-10-05 07:45:00-05:00,2025-10-05 12:45:00+00:00,CBY_CBY_G1,Resource Node,REAL_TIME_15_MIN,19.31
2025-10-05 07:30:00-05:00,2025-10-05 12:30:00+00:00,2025-10-05 07:45:00-05:00,2025-10-05 12:45:00+00:00,CNTRY_RN,Resource Node,REAL_TIME_15_MIN,17.04
2025-10-05 07:45:00-05:00,2025-10-05 12:45:00+00:00,2025-10-05 08:00:00-05:00,2025-10-05 13:00:00+00:00,CBY_CBY_G1,Resource Node,REAL_TIME_15_MIN,16.22
2025-10-05 07:45:00-05:00,2025-10-05 12:45:00+00:00,2025-10-05 08:00:00-05:00,2025-10-05 13:00:00+00:00,CNTRY_RN,Resource Node,REAL_TIME_15_MIN,14.8
2025-10-05 08:00:00-05:00,2025-10-05 13:00:00+00:00,2025-10-05 08:15:00-05:00,2025-10-05 13:15:00+00:00,CBY_CBY_G1,Resource Node,REAL_TIME_15_MIN,15.32
2025-10-05 08:00:00-05:00,2025-10-05 13:00:00+00:00,2025-10-05 08:15:00-05:00,2025-10-05 13:15:00+00:00,CNTRY_RN,Resource Node,REAL_TIME_15_MIN,14.35
2025-10-05 08:15:00-05:00,2025-10-05 13:15:00+00:00,2025-10-05 08:30:00-05:00,2025-10-05 13:30:00+00:00,CBY_CBY_G1,Resource Node,REAL_TIME_15_MIN,11.41
2025-10-05 08:15:00-05:00,2025-10-05 13:15:00+00:00,2025-10-05 08:30:00-05:00,2025-10-05 13:30:00+00:00,CNTRY_RN,Resource Node,REAL_TIME_15_MIN,10.03
2025-10-05 08:30:00-05:00,2025-10-05 13:30:00+00:00,2025-10-05 08:45:00-05:00,2025-10-05 13:45:00+00:00,CBY_CBY_G1,Resource Node,REAL_TIME_15_MIN,8.46
2025-10-05 08:30:00-05:00,2025-10-05 13:30:00+00:00,2025-10-05 08:45:00-05:00,2025-10-05 13:45:00+00:00,CNTRY_RN,Resource Node,REAL_TIME_15_MIN,5.39
2025-10-05 08:45:00-05:00,2025-10-05 13:45:00+00:00,2025-10-05 09:00:00-05:00,2025-10-05 14:00:00+00:00,CBY_CBY_G1,Resource Node,REAL_TIME_15_MIN,5.44
2025-10-05 08:45:00-05:00,2025-10-05 13:45:00+00:00,2025-10-05 09:00:00-05:00,2025-10-05 14:00:00+00:00,CNTRY_RN,Resource Node,REAL_TIME_15_MIN,2.08
2025-10-05 09:00:00-05:00,2025-10-05 14:00:00+00:00,2025-10-05 09:15:00-05:00,2025-10-05 14:15:00+00:00,CBY_CBY_G1,Resource Node,REAL_TIME_15_MIN,4.14
2025-10-05 09:00:00-05:00,2025-10-05 14:00:00+00:00,2025-10-05 09:15:00-05:00,2025-10-05 14:15:00+00:00,CNTRY_RN,Resource Node,REAL_TIME_15_MIN,-0.67
2025-10-05 09:15:00-05:00,2025-10-05 14:15:00+00:00,2025-10-05 09:30:00-05:00,2025-10-05 14:30:00+00:00,CBY_CBY_G1,Resource Node,REAL_TIME_15_MIN,3.49
2025-10-05 09:15:00-05:00,2025-10-05 14:15:00+00:00,2025-10-05 09:30:00-05:00,2025-10-05 14:30:00+00:00,CNTRY_RN,Resource Node,REAL_TIME_15_MIN,-1.17
2025-10-05 09:30:00-05:00,2025-10-05 14:30:00+00:00,2025-10-05 09:45:00-05:00,2025-10-05 14:45:00+00:00,CBY_CBY_G1,Resource Node,REAL_TIME_15_MIN,3.19
2025-10-05 09:30:00-05:00,2025-10-05 14:30:00+00:00,2025-10-05 09:45:00-05:00,2025-10-05 14:45:00+00:00,CNTRY_RN,Resource Node,REAL_TIME_15_MIN,-1.51
2025-10-05 09:45:00-05:00,2025-10-05 14:45:00+00:00,2025-10-05 10:00:00-05:00,2025-10-05 15:00:00+00:00,CBY_CBY_G1,Resource Node,REAL_TIME_15_MIN,2.83
2025-10-05 09:45:00-05:00,2025-10-05 14:45:00+00:00,2025-10-05 10:00:00-05:00,2025-10-05 15:00:00+00:00,CNTRY_RN,Resource Node,REAL_TIME_15_MIN,-1.79
2025-10-05 10:00:00-05:00,2025-10-05 15:00:00+00:00,2025-10-05 10:15:00-05:00,2025-10-05 15:15:00+00:00,CBY_CBY_G1,Resource Node,REAL_TIME_15_MIN,3.0
2025-10-05 10:00:00-05:00,2025-10-05 15:00:00+00:00,2025-10-05 10:15:00-05:00,2025-10-05 15:15:00+00:00,CNTRY_RN,Resource Node,REAL_TIME_15_MIN,-2.2
2025-10-05 10:15:00-05:00,2025-10-05 15:15:00+00:00,2025-10-05 10:30:00-05:00,2025-10-05 15:30:00+00:00,CBY_CBY_G1,Resource Node,REAL_TIME_15_MIN,4.46
2025-10-05 10:15:00-05:00,2025-10-05 15:15:00+00:00,2025-10-05 10:30:00-05:00,2025-10-05 15:30:00+00:00,CNTRY_RN,Resource Node,REAL_TIME_15_MIN,-1.89
2025-10-05 10:30:00-05:00,2025-10-05 15:30:00+00:00,2025-10-05 10:45:00-05:00,2025-10-05 15:45:00+00:00,CBY_CBY_G1,Resource Node,REAL_TIME_15_MIN,6.62
2025-10-05 10:30:00-05:00,2025-10-05 15:30:00+00:00,2025-10-05 10:45:00-05:00,2025-10-05 15:45:00+00:00,CNTRY_RN,Resource Node,REAL_TIME_15_MIN,-0.87
2025-10-05 10:45:00-05:00,2025-10-05 15:45:00+00:00,2025-10-05 11:00:00-05:00,2025-10-05 16:00:00+00:00,CBY_CBY_G1,Resource Node,REAL_TIME_15_MIN,5.64
2025-10-05 10:45:00-05:00,2025-10-05 15:45:00+00:00,2025-10-05 11:00:00-05:00,2025-10-05 16:00:00+00:00,CNTRY_RN,Resource Node,REAL_TIME_15_MIN,-1.24
2025-10-05 11:00:00-05:00,2025-10-05 16:00:00+00:00,2025-10-05 11:15:00-05:00,2025-10-05 16:15:00+00:00,CBY_CBY_G1,Resource Node,REAL_TIME_15_MIN,7.27
2025-10-05 11:00:00-05:00,2025-10-05 16:00:00+00:00,2025-10-05 11:15:00-05:00,2025-10-05 16:15:00+00:00,CNTRY_RN,Resource Node,REAL_TIME_15_MIN,-0.72
2025-10-05 11:15:00-05:00,2025-10-05 16:15:00+00:00,2025-10-05 11:30:00-05:00,2025-10-05 16:30:00+00:00,CBY_CBY_G1,Resource Node,REAL_TIME_15_MIN,8.46
2025-10-05 11:15:00-05:00,2025-10-05 16:15:00+00:00,2025-10-05 11:30:00-05:00,2025-10-05 16:30:00+00:00,CNTRY_RN,Resource Node,REAL_TIME_15_MIN,0.93
2025-10-05 11:30:00-05:00,2025-10-05 16:30:00+00:00,2025-10-05 11:45:00-05:00,2025-10-05 16:45:00+00:00,CBY_CBY_G1,Resource Node,REAL_TIME_15_MIN,11.93
2025-10-05 11:30:00-05:00,2025-10-05 16:30:00+00:00,2025-10-05 11:45:00-05:00,2025-10-05 16:45:00+00:00,CNTRY_RN,Resource Node,REAL_TIME_15_MIN,4.44
2025-10-05 11:45:00-05:00,2025-10-05 16:45:00+00:00,2025-10-05 12:00:00-05:00,2025-10-05 17:00:00+00:00,CBY_CBY_G1,Resource Node,REAL_TIME_15_MIN,16.58
2025-10-05 11:45:00-05:00,2025-10-05 16:45:00+00:00,2025-10-05 12:00:00-05:00,2025-10-05 17:00:00+00:00,CNTRY_RN,Resource Node,REAL_TIME_15_MIN,11.6
2025-10-05 12:00:00-05:00,2025-10-05 17:00:00+00:00,2025-10-05 12:15:00-05:00,2025-10-05 17:15:00+00:00,CBY_CBY_G1,Resource Node,REAL_TIME_15_MIN,18.91
2025-10-05 12:00:00-05:00,2025-10-05 17:00:00+00:00,2025-10-05 12:15:00-05:00,2025-10-05 17:15:00+00:00,CNTRY_RN,Resource Node,REAL_TIME_15_MIN,14.04
2025-10-05 12:15:00-05:00,2025-10-05 17:15:00+00:00,2025-10-05 12:30:00-05:00,2025-10-05 17:30:00+00:00,CBY_CBY_G1,Resource Node,REAL_TIME_15_MIN,19.98
2025-10-05 12:15:00-05:00,2025-10-05 17:15:00+00:00,2025-10-05 12:30:00-05:00,2025-10-05 17:30:00+00:00,CNTRY_RN,Resource Node,REAL_TIME_15_MIN,14.51
2025-10-05 12:30:00-05:00,2025-10-05 17:30:00+00:00,2025-10-05 12:45:00-05:00,2025-10-05 17:45:00+00:00,CBY_CBY_G1,Resource Node,REAL_TIME_15_MIN,19.99
2025-10-05 12:30:00-05:00,2025-10-05 17:30:00+00:00,2025-10-05 12:45:00-05:00,2025-10-05 17:45:00+00:00,CNTRY_RN,Resource Node,REAL_TIME_15_MIN,13.42
2025-10-05 12:45:00-05:00,2025-10-05 17:45:00+00:00,2025-10-05 13:00:00-05:00,2025-10-05 18:00:00+00:00,CBY_CBY_G1,Resource Node,REAL_TIME_15_MIN,19.7
2025-10-05 12:45:00-05:00,2025-10-05 17:45:00+00:00,2025-10-05 13:00:00-05:00,2025-10-05 18:00:00+00:00,CNTRY_RN,Resource Node,REAL_TIME_15_MIN,14.09
2025-10-05 13:00:00-05:00,2025-10-05 18:00:00+00:00,2025-10-05 13:15:00-05:00,2025-10-05 18:15:00+00:00,CBY_CBY_G1,Resource Node,REAL_TIME_15_MIN,20.9
2025-10-05 13:00:00-05:00,2025-10-05 18:00:00+00:00,2025-10-05 13:15:00-05:00,2025-10-05 18:15:00+00:00,CNTRY_RN,Resource Node,REAL_TIME_15_MIN,15.57
2025-10-05 13:15:00-05:00,2025-10-05 18:15:00+00:00,2025-10-05 13:30:00-05:00,2025-10-05 18:30:00+00:00,CBY_CBY_G1,Resource Node,REAL_TIME_15_MIN,21.2
2025-10-05 13:15:00-05:00,2025-10-05 18:15:00+00:00,2025-10-05 13:30:00-05:00,2025-10-05 18:30:00+00:00,CNTRY_RN,Resource Node,REAL_TIME_15_MIN,18.81
2025-10-05 13:30:00-05:00,2025-10-05 18:30:00+00:00,2025-10-05 13:45:00-05:00,2025-10-05 18:45:00+00:00,CBY_CBY_G1,Resource Node,REAL_TIME_15_MIN,22.53
2025-10-05 13:30:00-05:00,2025-10-05 18:30:00+00:00,2025-10-05 13:45:00-05:00,2025-10-05 18:45:00+00:00,CNTRY_RN,Resource Node,REAL_TIME_15_MIN,18.98
2025-10-05 13:45:00-05:00,2025-10-05 18:45:00+00:00,2025-10-05 14:00:00-05:00,2025-10-05 19:00:00+00:00,CBY_CBY_G1,Resource Node,REAL_TIME_15_MIN,21.96
2025-10-05 13:45:00-05:00,2025-10-05 18:45:00+00:00,2025-10-05 14:00:00-05:00,2025-10-05 19:00:00+00:00,CNTRY_RN,Resource Node,REAL_TIME_15_MIN,18.73
2025-10-05 14:00:00-05:00,2025-10-05 19:00:00+00:00,2025-10-05 14:15:00-05:00,2025-10-05 19:15:00+00:00,CBY_CBY_G1,Resource Node,REAL_TIME_15_MIN,23.35
2025-10-05 14:00:00-05:00,2025-10-05 19:00:00+00:00,2025-10-05 14:15:00-05:00,2025-10-05 19:15:00+00:00,CNTRY_RN,Resource Node,REAL_TIME_15_MIN,20.27
2025-10-05 14:15:00-05:00,2025-10-05 19:15:00+00:00,2025-10-05 14:30:00-05:00,2025-10-05 19:30:00+00:00,CBY_CBY_G1,Resource Node,REAL_TIME_15_MIN,24.88
2025-10-05 14:15:00-05:00,2025-10-05 19:15:00+00:00,2025-10-05 14:30:00-05:00,2025-10-05 19:30:00+00:00,CNTRY_RN,Resource Node,REAL_TIME_15_MIN,18.66
2025-10-05 14:30:00-05:00,2025-10-05 19:30:00+00:00,2025-10-05 14:45:00-05:00,2025-10-05 19:45:00+00:00,CBY_CBY_G1,Resource Node,REAL_TIME_15_MIN,26.9
2025-10-05 14:30:00-05:00,2025-10-05 19:30:00+00:00,2025-10-05 14:45:00-05:00,2025-10-05 19:45:00+00:00,CNTRY_RN,Resource Node,REAL_TIME_15_MIN,19.21
2025-10-05 14:45:00-05:00,2025-10-05 19:45:00+00:00,2025-10-05 15:00:00-05:00,2025-10-05 20:00:00+00:00,CBY_CBY_G1,Resource Node,REAL_TIME_15_MIN,27.17
2025-10-05 14:45:00-05:00,2025-10-05 19:45:00+00:00,2025-10-05 15:00:00-05:00,2025-10-05 20:00:00+00:00,CNTRY_RN,Resource Node,REAL_TIME_15_MIN,20.32
2025-10-05 15:00:00-05:00,2025-10-05 20:00:00+00:00,2025-10-05 15:15:00-05:00,2025-10-05 20:15:00+00:00,CBY_CBY_G1,Resource Node,REAL_TIME_15_MIN,26.13
2025-10-05 15:00:00-05:00,2025-10-05 20:00:00+00:00,2025-10-05 15:15:00-05:00,2025-10-05 20:15:00+00:00,CNTRY_RN,Resource Node,REAL_TIME_15_MIN,19.8
2025-10-05 15:15:00-05:00,2025-10-05 20:15:00+00:00,2025-10-05 15:30:00-05:00,2025-10-05 20:30:00+00:00,CBY_CBY_G1,Resource Node,REAL_TIME_15_MIN,28.38
2025-10-05 15:15:00-05:00,2025-10-05 20:15:00+00:00,2025-10-05 15:30:00-05:00,2025-10-05 20:30:00+00:00,CNTRY_RN,Resource Node,REAL_TIME_15_MIN,20.81
2025-10-05 15:30:00-05:00,2025-10-05 20:30:00+00:00,2025-10-05 15:45:00-05:00,2025-10-05 20:45:00+00:00,CBY_CBY_G1,Resource Node,REAL_TIME_15_MIN,28.89
2025-10-05 15:30:00-05:00,2025-10-05 20:30:00+00:00,2025-10-05 15:45:00-05:00,2025-10-05 20:45:00+00:00,CNTRY_RN,Resource Node,REAL_TIME_15_MIN,21.3
2025-10-05 15:45:00-05:00,2025-10-05 20:45:00+00:00,2025-10-05 16:00:00-05:00,2025-10-05 21:00:00+00:00,CBY_CBY_G1,Resource Node,REAL_TIME_15_MIN,28.37
2025-10-05 15:45:00-05:00,2025-10-05 20:45:00+00:00,2025-10-05 16:00:00-05:00,2025-10-05 21:00:00+00:00,CNTRY_RN,Resource Node,REAL_TIME_15_MIN,18.25
2025-10-05 16:00:00-05:00,2025-10-05 21:00:00+00:00,2025-10-05 16:15:00-05:00,2025-10-05 21:15:00+00:00,CBY_CBY_G1,Resource Node,REAL_TIME_15_MIN,25.75
2025-10-05 16:00:00-05:00,2025-10-05 21:00:00+00:00,2025-10-05 16:15:00-05:00,2025-10-05 21:15:00+00:00,CNTRY_RN,Resource Node,REAL_TIME_15_MIN,14.62
2025-10-05 16:15:00-05:00,2025-10-05 21:15:00+00:00,2025-10-05 16:30:00-05:00,2025-10-05 21:30:00+00:00,CBY_CBY_G1,Resource Node,REAL_TIME_15_MIN,25.35
2025-10-05 16:15:00-05:00,2025-10-05 21:15:00+00:00,2025-10-05 16:30:00-05:00,2025-10-05 21:30:00+00:00,CNTRY_RN,Resource Node,REAL_TIME_15_MIN,16.27
2025-10-05 16:30:00-05:00,2025-10-05 21:30:00+00:00,2025-10-05 16:45:00-05:00,2025-10-05 21:45:00+00:00,CBY_CBY_G1,Resource Node,REAL_TIME_15_MIN,25.0
2025-10-05 16:30:00-05:00,2025-10-05 21:30:00+00:00,2025-10-05 16:45:00-05:00,2025-10-05 21:45:00+00:00,CNTRY_RN,Resource Node,REAL_TIME_15_MIN,15.75
2025-10-05 16:45:00-05:00,2025-10-05 21:45:00+00:00,2025-10-05 17:00:00-05:00,2025-10-05 22:00:00+00:00,CBY_CBY_G1,Resource Node,REAL_TIME_15_MIN,26.78
2025-10-05 16:45:00-05:00,2025-10-05 21:45:00+00:00,2025-10-05 17:00:00-05:00,2025-10-05 22:00:00+00:00,CNTRY_RN,Resource Node,REAL_TIME_15_MIN,18.87
2025-10-05 17:00:00-05:00,2025-10-05 22:00:00+00:00,2025-10-05 17:15:00-05:00,2025-10-05 22:15:00+00:00,CBY_CBY_G1,Resource Node,REAL_TIME_15_MIN,26.58
2025-10-05 17:00:00-05:00,2025-10-05 22:00:00+00:00,2025-10-05 17:15:00-05:00,2025-10-05 22:15:00+00:00,CNTRY_RN,Resource Node,REAL_TIME_15_MIN,18.31
2025-10-05 17:15:00-05:00,2025-10-05 22:15:00+00:00,2025-10-05 17:30:00-05:00,2025-10-05 22:30:00+00:00,CBY_CBY_G1,Resource Node,REAL_TIME_15_MIN,33.77
2025-10-05 17:15:00-05:00,2025-10-05 22:15:00+00:00,2025-10-05 17:30:00-05:00,2025-10-05 22:30:00+00:00,CNTRY_RN,Resource Node,REAL_TIME_15_MIN,24.42
2025-10-05 17:30:00-05:00,2025-10-05 22:30:00+00:00,2025-10-05 17:45:00-05:00,2025-10-05 22:45:00+00:00,CBY_CBY_G1,Resource Node,REAL_TIME_15_MIN,41.59
2025-10-05 17:30:00-05:00,2025-10-05 22:30:00+00:00,2025-10-05 17:45:00-05:00,2025-10-05 22:45:00+00:00,CNTRY_RN,Resource Node,REAL_TIME_15_MIN,32.71
2025-10-05 17:45:00-05:00,2025-10-05 22:45:00+00:00,2025-10-05 18:00:00-05:00,2025-10-05 23:00:00+00:00,CBY_CBY_G1,Resource Node,REAL_TIME_15_MIN,49.13
2025-10-05 17:45:00-05:00,2025-10-05 22:45:00+00:00,2025-10-05 18:00:00-05:00,2025-10-05 23:00:00+00:00,CNTRY_RN,Resource Node,REAL_TIME_15_MIN,39.61
2025-10-05 18:00:00-05:00,2025-10-05 23:00:00+00:00,2025-10-05 18:15:00-05:00,2025-10-05 23:15:00+00:00,CBY_CBY_G1,Resource Node,REAL_TIME_15_MIN,36.4
2025-10-05 18:00:00-05:00,2025-10-05 23:00:00+00:00,2025-10-05 18:15:00-05:00,2025-10-05 23:15:00+00:00,CNTRY_RN,Resource Node,REAL_TIME_15_MIN,31.23
2025-10-05 18:15:00-05:00,2025-10-05 23:15:00+00:00,2025-10-05 18:30:00-05:00,2025-10-05 23:30:00+00:00,CBY_CBY_G1,Resource Node,REAL_TIME_15_MIN,42.24
2025-10-05 18:15:00-05:00,2025-10-05 23:15:00+00:00,2025-10-05 18:30:00-05:00,2025-10-05 23:30:00+00:00,CNTRY_RN,Resource Node,REAL_TIME_15_MIN,39.1
2025-10-05 18:30:00-05:00,2025-10-05 23:30:00+00:00,2025-10-05 18:45:00-05:00,2025-10-05 23:45:00+00:00,CBY_CBY_G1,Resource Node,REAL_TIME_15_MIN,46.94
2025-10-05 18:30:00-05:00,2025-10-05 23:30:00+00:00,2025-10-05 18:45:00-05:00,2025-10-05 23:45:00+00:00,CNTRY_RN,Resource Node,REAL_TIME_15_MIN,44.41
2025-10-05 18:45:00-05:00,2025-10-05 23:45:00+00:00,2025-10-05 19:00:00-05:00,2025-10-06 00:00:00+00:00,CBY_CBY_G1,Resource Node,REAL_TIME_15_MIN,50.04
2025-10-05 18:45:00-05:00,2025-10-05 23:45:00+00:00,2025-10-05 19:00:00-05:00,2025-10-06 00:00:00+00:00,CNTRY_RN,Resource Node,REAL_TIME_15_MIN,47.17
2025-10-05 19:00:00-05:00,2025-10-06 00:00:00+00:00,2025-10-05 19:15:00-05:00,2025-10-06 00:15:00+00:00,CBY_CBY_G1,Resource Node,REAL_TIME_15_MIN,56.44
2025-10-05 19:00:00-05:00,2025-10-06 00:00:00+00:00,2025-10-05 19:15:00-05:00,2025-10-06 00:15:00+00:00,CNTRY_RN,Resource Node,REAL_TIME_15_MIN,53.41
2025-10-05 19:15:00-05:00,2025-10-06 00:15:00+00:00,2025-10-05 19:30:00-05:00,2025-10-06 00:30:00+00:00,CBY_CBY_G1,Resource Node,REAL_TIME_15_MIN,45.71
2025-10-05 19:15:00-05:00,2025-10-06 00:15:00+00:00,2025-10-05 19:30:00-05:00,2025-10-06 00:30:00+00:00,CNTRY_RN,Resource Node,REAL_TIME_15_MIN,42.98
2025-10-05 19:30:00-05:00,2025-10-06 00:30:00+00:00,2025-10-05 19:45:00-05:00,2025-10-06 00:45:00+00:00,CBY_CBY_G1,Resource Node,REAL_TIME_15_MIN,41.54
2025-10-05 19:30:00-05:00,2025-10-06 00:30:00+00:00,2025-10-05 19:45:00-05:00,2025-10-06 00:45:00+00:00,CNTRY_RN,Resource Node,REAL_TIME_15_MIN,38.81
2025-10-05 19:45:00-05:00,2025-10-06 00:45:00+00:00,2025-10-05 20:00:00-05:00,2025-10-06 01:00:00+00:00,CBY_CBY_G1,Resource Node,REAL_TIME_15_MIN,37.97
2025-10-05 19:45:00-05:00,2025-10-06 00:45:00+00:00,2025-10-05 20:00:00-05:00,2025-10-06 01:00:00+00:00,CNTRY_RN,Resource Node,REAL_TIME_15_MIN,35.39
2025-10-05 20:00:00-05:00,2025-10-06 01:00:00+00:00,2025-10-05 20:15:00-05:00,2025-10-06 01:15:00+00:00,CBY_CBY_G1,Resource Node,REAL_TIME_15_MIN,37.86
2025-10-05 20:00:00-05:00,2025-10-06 01:00:00+00:00,2025-10-05 20:15:00-05:00,2025-10-06 01:15:00+00:00,CNTRY_RN,Resource Node,REAL_TIME_15_MIN,35.36
2025-10-05 20:15:00-05:00,2025-10-06 01:15:00+00:00,2025-10-05 20:30:00-05:00,2025-10-06 01:30:00+00:00,CBY_CBY_G1,Resource Node,REAL_TIME_15_MIN,34.78
2025-10-05 20:15:00-05:00,2025-10-06 01:15:00+00:00,2025-10-05 20:30:00-05:00,2025-10-06 01:30:00+00:00,CNTRY_RN,Resource Node,REAL_TIME_15_MIN,32.3
2025-10-05 20:30:00-05:00,2025-10-06 01:30:00+00:00,2025-10-05 20:45:00-05:00,2025-10-06 01:45:00+00:00,CBY_CBY_G1,Resource Node,REAL_TIME_15_MIN,31.21
2025-10-05 20:30:00-05:00,2025-10-06 01:30:00+00:00,2025-10-05 20:45:00-05:00,2025-10-06 01:45:00+00:00,CNTRY_RN,Resource Node,REAL_TIME_15_MIN,28.91
2025-10-05 20:45:00-05:00,2025-10-06 01:45:00+00:00,2025-10-05 21:00:00-05:00,2025-10-06 02:00:00+00:00,CBY_CBY_G1,Resource Node,REAL_TIME_15_MIN,27.92
2025-10-05 20:45:00-05:00,2025-10-06 01:45:00+00:00,2025-10-05 21:00:00-05:00,2025-10-06 02:00:00+00:00,CNTRY_RN,Resource Node,REAL_TIME_15_MIN,25.63
2025-10-05 21:00:00-05:00,2025-10-06 02:00:00+00:00,2025-10-05 21:15:00-05:00,2025-10-06 02:15:00+00:00,CBY_CBY_G1,Resource Node,REAL_TIME_15_MIN,28.52
2025-10-05 21:00:00-05:00,2025-10-06 02:00:00+00:00,2025-10-05 21:15:00-05:00,2025-10-06 02:15:00+00:00,CNTRY_RN,Resource Node,REAL_TIME_15_MIN,26.19
2025-10-05 21:15:00-05:00,2025-10-06 02:15:00+00:00,2025-10-05 21:30:00-05:00,2025-10-06 02:30:00+00:00,CBY_CBY_G1,Resource Node,REAL_TIME_15_MIN,26.9
2025-10-05 21:15:00-05:00,2025-10-06 02:15:00+00:00,2025-10-05 21:30:00-05:00,2025-10-06 02:30:00+00:00,CNTRY_RN,Resource Node,REAL_TIME_15_MIN,24.76
2025-10-05 21:30:00-05:00,2025-10-06 02:30:00+00:00,2025-10-05 21:45:00-05:00,2025-10-06 02:45:00+00:00,CBY_CBY_G1,Resource Node,REAL_TIME_15_MIN,25.4
2025-10-05 21:30:00-05:00,2025-10-06 02:30:00+00:00,2025-10-05 21:45:00-05:00,2025-10-06 02:45:00+00:00,CNTRY_RN,Resource Node,REAL_TIME_15_MIN,23.22
2025-10-05 21:45:00-05:00,2025-10-06 02:45:00+00:00,2025-10-05 22:00:00-05:00,2025-10-06 03:00:00+00:00,CBY_CBY_G1,Resource Node,REAL_TIME_15_MIN,24.73
2025-10-05 21:45:00-05:00,2025-10-06 02:45:00+00:00,2025-10-05 22:00:00-05:00,2025-10-06 03:00:00+00:00,CNTRY_RN,Resource Node,REAL_TIME_15_MIN,22.42
2025-10-05 22:00:00-05:00,2025-10-06 03:00:00+00:00,2025-10-05 22:15:00-05:00,2025-10-06 03:15:00+00:00,CBY_CBY_G1,Resource Node,REAL_TIME_15_MIN,25.11
2025-10-05 22:00:00-05:00,2025-10-06 03:00:00+00:00,2025-10-05 22:15:00-05:00,2025-10-06 03:15:00+00:00,CNTRY_RN,Resource Node,REAL_TIME_15_MIN,21.51
2025-10-05 22:15:00-05:00,2025-10-06 03:15:00+00:00,2025-10-05 22:30:00-05:00,2025-10-06 03:30:00+00:00,CBY_CBY_G1,Resource Node,REAL_TIME_15_MIN,24.34
2025-10-05 22:15:00-05:00,2025-10-06 03:15:00+00:00,2025-10-05 22:30:00-05:00,2025-10-06 03:30:00+00:00,CNTRY_RN,Resource Node,REAL_TIME_15_MIN,20.85
2025-10-05 22:30:00-05:00,2025-10-06 03:30:00+00:00,2025-10-05 22:45:00-05:00,2025-10-06 03:45:00+00:00,CBY_CBY_G1,Resource Node,REAL_TIME_15_MIN,22.86
2025-10-05 22:30:00-05:00,2025-10-06 03:30:00+00:00,2025-10-05 22:45:00-05:00,2025-10-06 03:45:00+00:00,CNTRY_RN,Resource Node,REAL_TIME_15_MIN,19.89
2025-10-05 22:45:00-05:00,2025-10-06 03:45:00+00:00,2025-10-05 23:00:00-05:00,2025-10-06 04:00:00+00:00,CBY_CBY_G1,Resource Node,REAL_TIME_15_MIN,21.55
2025-10-05 22:45:00-05:00,2025-10-06 03:45:00+00:00,2025-10-05 23:00:00-05:00,2025-10-06 04:00:00+00:00,CNTRY_RN,Resource Node,REAL_TIME_15_MIN,18.83
2025-10-05 23:00:00-05:00,2025-10-06 04:00:00+00:00,2025-10-05 23:15:00-05:00,2025-10-06 04:15:00+00:00,CBY_CBY_G1,Resource Node,REAL_TIME_15_MIN,21.44
2025-10-05 23:00:00-05:00,2025-10-06 04:00:00+00:00,2025-10-05 23:15:00-05:00,2025-10-06 04:15:00+00:00,CNTRY_RN,Resource Node,REAL_TIME_15_MIN,18.71
2025-10-05 23:15:00-05:00,2025-10-06 04:15:00+00:00,2025-10-05 23:30:00-05:00,2025-10-06 04:30:00+00:00,CBY_CBY_G1,Resource Node,REAL_TIME_15_MIN,21.04
2025-10-05 23:15:00-05:00,2025-10-06 04:15:00+00:00,2025-10-05 23:30:00-05:00,2025-10-06 04:30:00+00:00,CNTRY_RN,Resource Node,REAL_TIME_15_MIN,18.69
2025-10-05 23:30:00-05:00,2025-10-06 04:30:00+00:00,2025-10-05 23:45:00-05:00,2025-10-06 04:45:00+00:00,CBY_CBY_G1,Resource Node,REAL_TIME_15_MIN,20.34
2025-10-05 23:30:00-05:00,2025-10-06 04:30:00+00:00,2025-10-05 23:45:00-05:00,2025-10-06 04:45:00+00:00,CNTRY_RN,Resource Node,REAL_TIME_15_MIN,17.76
2025-10-05 23:45:00-05:00,2025-10-06 04:45:00+00:00,2025-10-06 00:00:00-05:00,2025-10-06 05:00:00+00:00,CBY_CBY_G1,Resource Node,REAL_TIME_15_MIN,20.53
2025-10-05 23:45:00-05:00,2025-10-06 04:45:00+00:00,2025-10-06 00:00:00-05:00,2025-10-06 05:00:00+00:00,CNTRY_RN,Resource Node,REAL_TIME_15_MIN,16.58
